# Blender 4.0.2
# www.blender.org
mtllib 30%.mtl
o Text
v 8.906723 0.100000 -3.441176
v 9.093277 0.100000 -3.312605
v 6.778992 0.100000 -0.007563
v 6.592437 0.100000 -0.136134
v 7.086555 0.100000 -3.063025
v 7.126392 0.100000 -3.061843
v 7.165231 0.100000 -3.058298
v 7.203073 0.100000 -3.052390
v 7.239916 0.100000 -3.044118
v 7.275762 0.100000 -3.033482
v 7.310610 0.100000 -3.020483
v 7.344459 0.100000 -3.005121
v 7.377311 0.100000 -2.987395
v 7.409164 0.100000 -2.967306
v 7.440021 0.100000 -2.944853
v 7.469879 0.100000 -2.920037
v 7.498740 0.100000 -2.892857
v 7.525919 0.100000 -2.863997
v 7.550736 0.100000 -2.834139
v 7.573189 0.100000 -2.803282
v 7.593278 0.100000 -2.771429
v 7.611003 0.100000 -2.738577
v 7.626366 0.100000 -2.704727
v 7.639365 0.100000 -2.669879
v 7.650000 0.100000 -2.634034
v 7.658272 0.100000 -2.597190
v 7.664181 0.100000 -2.559349
v 7.667726 0.100000 -2.520509
v 7.668908 0.100000 -2.480672
v 7.667726 0.100000 -2.440835
v 7.664181 0.100000 -2.401996
v 7.658273 0.100000 -2.364154
v 7.650001 0.100000 -2.327311
v 7.639365 0.100000 -2.291465
v 7.626367 0.100000 -2.256618
v 7.611004 0.100000 -2.222768
v 7.593278 0.100000 -2.189916
v 7.573189 0.100000 -2.158062
v 7.550736 0.100000 -2.127206
v 7.525919 0.100000 -2.097348
v 7.498740 0.100000 -2.068487
v 7.469879 0.100000 -2.041308
v 7.440021 0.100000 -2.016491
v 7.409164 0.100000 -1.994039
v 7.377311 0.100000 -1.973950
v 7.344459 0.100000 -1.956224
v 7.310610 0.100000 -1.940861
v 7.275762 0.100000 -1.927862
v 7.239916 0.100000 -1.917227
v 7.203073 0.100000 -1.908955
v 7.165231 0.100000 -1.903046
v 7.126392 0.100000 -1.899501
v 7.086555 0.100000 -1.898319
v 7.046718 0.100000 -1.899501
v 7.007878 0.100000 -1.903046
v 6.970037 0.100000 -1.908955
v 6.933193 0.100000 -1.917227
v 6.897347 0.100000 -1.927862
v 6.862500 0.100000 -1.940861
v 6.828650 0.100000 -1.956224
v 6.795798 0.100000 -1.973950
v 6.763945 0.100000 -1.994039
v 6.733088 0.100000 -2.016491
v 6.703230 0.100000 -2.041308
v 6.674370 0.100000 -2.068487
v 6.647190 0.100000 -2.097348
v 6.622374 0.100000 -2.127206
v 6.599921 0.100000 -2.158062
v 6.579832 0.100000 -2.189916
v 6.562107 0.100000 -2.222768
v 6.546744 0.100000 -2.256618
v 6.533745 0.100000 -2.291465
v 6.523110 0.100000 -2.327311
v 6.514838 0.100000 -2.364154
v 6.508929 0.100000 -2.401996
v 6.505384 0.100000 -2.440835
v 6.504202 0.100000 -2.480672
v 6.505383 0.100000 -2.520509
v 6.508929 0.100000 -2.559349
v 6.514837 0.100000 -2.597190
v 6.523109 0.100000 -2.634034
v 6.533745 0.100000 -2.669879
v 6.546743 0.100000 -2.704727
v 6.562106 0.100000 -2.738577
v 6.579832 0.100000 -2.771429
v 6.599921 0.100000 -2.803282
v 6.622374 0.100000 -2.834139
v 6.647191 0.100000 -2.863997
v 6.674370 0.100000 -2.892857
v 6.703230 0.100000 -2.920037
v 6.733088 0.100000 -2.944853
v 6.763945 0.100000 -2.967306
v 6.795798 0.100000 -2.987395
v 6.828650 0.100000 -3.005121
v 6.862500 0.100000 -3.020483
v 6.897347 0.100000 -3.033482
v 6.933193 0.100000 -3.044117
v 6.970037 0.100000 -3.052389
v 7.007878 0.100000 -3.058298
v 7.046718 0.100000 -3.061843
v 7.342437 0.100000 -2.737815
v 7.324291 0.100000 -2.754727
v 7.305567 0.100000 -2.770168
v 7.286266 0.100000 -2.784139
v 7.266387 0.100000 -2.796639
v 7.245930 0.100000 -2.807668
v 7.224895 0.100000 -2.817227
v 7.203282 0.100000 -2.825315
v 7.181092 0.100000 -2.831933
v 7.158324 0.100000 -2.837080
v 7.134979 0.100000 -2.840756
v 7.111056 0.100000 -2.842962
v 7.086555 0.100000 -2.843698
v 7.061660 0.100000 -2.842962
v 7.037395 0.100000 -2.840756
v 7.013761 0.100000 -2.837080
v 6.990757 0.100000 -2.831933
v 6.968383 0.100000 -2.825315
v 6.946639 0.100000 -2.817227
v 6.925525 0.100000 -2.807668
v 6.905042 0.100000 -2.796639
v 6.885189 0.100000 -2.784139
v 6.865967 0.100000 -2.770168
v 6.847374 0.100000 -2.754727
v 6.829412 0.100000 -2.737815
v 6.812500 0.100000 -2.719853
v 6.797060 0.100000 -2.701260
v 6.783089 0.100000 -2.682038
v 6.770589 0.100000 -2.662185
v 6.759560 0.100000 -2.641702
v 6.750001 0.100000 -2.620588
v 6.741913 0.100000 -2.598845
v 6.735296 0.100000 -2.576471
v 6.730149 0.100000 -2.553466
v 6.726472 0.100000 -2.529832
v 6.724267 0.100000 -2.505567
v 6.723529 0.100000 -2.480672
v 6.724264 0.100000 -2.455777
v 6.726470 0.100000 -2.431513
v 6.730146 0.100000 -2.407878
v 6.735293 0.100000 -2.384874
v 6.741911 0.100000 -2.362500
v 6.749999 0.100000 -2.340756
v 6.759558 0.100000 -2.319643
v 6.770587 0.100000 -2.299160
v 6.783087 0.100000 -2.279307
v 6.797057 0.100000 -2.260084
v 6.812498 0.100000 -2.241492
v 6.829412 0.100000 -2.223529
v 6.847374 0.100000 -2.206618
v 6.865967 0.100000 -2.191177
v 6.885189 0.100000 -2.177206
v 6.905042 0.100000 -2.164706
v 6.925525 0.100000 -2.153677
v 6.946639 0.100000 -2.144118
v 6.968383 0.100000 -2.136029
v 6.990757 0.100000 -2.129412
v 7.013761 0.100000 -2.124265
v 7.037395 0.100000 -2.120588
v 7.061660 0.100000 -2.118382
v 7.086555 0.100000 -2.117647
v 7.111056 0.100000 -2.118382
v 7.134979 0.100000 -2.120588
v 7.158324 0.100000 -2.124265
v 7.181092 0.100000 -2.129412
v 7.203282 0.100000 -2.136029
v 7.224895 0.100000 -2.144118
v 7.245930 0.100000 -2.153677
v 7.266387 0.100000 -2.164706
v 7.286266 0.100000 -2.177206
v 7.305567 0.100000 -2.191176
v 7.324291 0.100000 -2.206618
v 7.342437 0.100000 -2.223529
v 7.359550 0.100000 -2.241492
v 7.375175 0.100000 -2.260084
v 7.389312 0.100000 -2.279307
v 7.401960 0.100000 -2.299160
v 7.413121 0.100000 -2.319643
v 7.422794 0.100000 -2.340756
v 7.430979 0.100000 -2.362500
v 7.437675 0.100000 -2.384874
v 7.442883 0.100000 -2.407878
v 7.446603 0.100000 -2.431513
v 7.448835 0.100000 -2.455777
v 7.449580 0.100000 -2.480672
v 7.448836 0.100000 -2.505567
v 7.446604 0.100000 -2.529832
v 7.442884 0.100000 -2.553466
v 7.437675 0.100000 -2.576471
v 7.430979 0.100000 -2.598845
v 7.422794 0.100000 -2.620588
v 7.413122 0.100000 -2.641702
v 7.401961 0.100000 -2.662185
v 7.389313 0.100000 -2.682038
v 7.375175 0.100000 -2.701261
v 7.359551 0.100000 -2.719853
v 8.599159 0.100000 -1.550420
v 8.638997 0.100000 -1.549238
v 8.677835 0.100000 -1.545693
v 8.715677 0.100000 -1.539785
v 8.752521 0.100000 -1.531512
v 8.788366 0.100000 -1.520877
v 8.823215 0.100000 -1.507878
v 8.857064 0.100000 -1.492516
v 8.889915 0.100000 -1.474790
v 8.921770 0.100000 -1.454701
v 8.952625 0.100000 -1.432248
v 8.982484 0.100000 -1.407432
v 9.011345 0.100000 -1.380252
v 9.038525 0.100000 -1.351392
v 9.063340 0.100000 -1.321534
v 9.085793 0.100000 -1.290678
v 9.105883 0.100000 -1.258824
v 9.123608 0.100000 -1.225972
v 9.138969 0.100000 -1.192122
v 9.151969 0.100000 -1.157274
v 9.162604 0.100000 -1.121429
v 9.170876 0.100000 -1.084585
v 9.176785 0.100000 -1.046744
v 9.180329 0.100000 -1.007905
v 9.181513 0.100000 -0.968067
v 9.180331 0.100000 -0.928230
v 9.176785 0.100000 -0.889391
v 9.170877 0.100000 -0.851549
v 9.162605 0.100000 -0.814706
v 9.151970 0.100000 -0.778860
v 9.138970 0.100000 -0.744013
v 9.123609 0.100000 -0.710163
v 9.105883 0.100000 -0.677311
v 9.085793 0.100000 -0.645457
v 9.063340 0.100000 -0.614601
v 9.038524 0.100000 -0.584743
v 9.011345 0.100000 -0.555882
v 8.982484 0.100000 -0.528703
v 8.952625 0.100000 -0.503887
v 8.921770 0.100000 -0.481434
v 8.889915 0.100000 -0.461345
v 8.857064 0.100000 -0.443619
v 8.823215 0.100000 -0.428256
v 8.788366 0.100000 -0.415257
v 8.752521 0.100000 -0.404622
v 8.715677 0.100000 -0.396350
v 8.677835 0.100000 -0.390441
v 8.638997 0.100000 -0.386896
v 8.599159 0.100000 -0.385714
v 8.559322 0.100000 -0.386896
v 8.520483 0.100000 -0.390441
v 8.482642 0.100000 -0.396350
v 8.445799 0.100000 -0.404622
v 8.409952 0.100000 -0.415257
v 8.375105 0.100000 -0.428256
v 8.341255 0.100000 -0.443619
v 8.308403 0.100000 -0.461345
v 8.276549 0.100000 -0.481434
v 8.245693 0.100000 -0.503887
v 8.215836 0.100000 -0.528703
v 8.186975 0.100000 -0.555882
v 8.159795 0.100000 -0.584743
v 8.134978 0.100000 -0.614601
v 8.112526 0.100000 -0.645457
v 8.092436 0.100000 -0.677311
v 8.074711 0.100000 -0.710163
v 8.059349 0.100000 -0.744013
v 8.046350 0.100000 -0.778860
v 8.035714 0.100000 -0.814706
v 8.027443 0.100000 -0.851549
v 8.021534 0.100000 -0.889391
v 8.017989 0.100000 -0.928230
v 8.016807 0.100000 -0.968067
v 8.017988 0.100000 -1.007904
v 8.021533 0.100000 -1.046744
v 8.027442 0.100000 -1.084585
v 8.035713 0.100000 -1.121428
v 8.046349 0.100000 -1.157274
v 8.059348 0.100000 -1.192122
v 8.074710 0.100000 -1.225972
v 8.092436 0.100000 -1.258823
v 8.112526 0.100000 -1.290677
v 8.134978 0.100000 -1.321534
v 8.159795 0.100000 -1.351392
v 8.186975 0.100000 -1.380252
v 8.215836 0.100000 -1.407432
v 8.245693 0.100000 -1.432248
v 8.276549 0.100000 -1.454701
v 8.308403 0.100000 -1.474790
v 8.341255 0.100000 -1.492516
v 8.375105 0.100000 -1.507878
v 8.409952 0.100000 -1.520877
v 8.445799 0.100000 -1.531513
v 8.482642 0.100000 -1.539785
v 8.520483 0.100000 -1.545694
v 8.559322 0.100000 -1.549239
v 8.855042 0.100000 -1.225210
v 8.836896 0.100000 -1.242122
v 8.818172 0.100000 -1.257563
v 8.798871 0.100000 -1.271534
v 8.778992 0.100000 -1.284034
v 8.758534 0.100000 -1.295063
v 8.737499 0.100000 -1.304622
v 8.715887 0.100000 -1.312710
v 8.693697 0.100000 -1.319328
v 8.670929 0.100000 -1.324475
v 8.647583 0.100000 -1.328151
v 8.623660 0.100000 -1.330357
v 8.599159 0.100000 -1.331092
v 8.574265 0.100000 -1.330357
v 8.550000 0.100000 -1.328151
v 8.526366 0.100000 -1.324475
v 8.503363 0.100000 -1.319328
v 8.480989 0.100000 -1.312710
v 8.459245 0.100000 -1.304622
v 8.438131 0.100000 -1.295063
v 8.417647 0.100000 -1.284034
v 8.397795 0.100000 -1.271534
v 8.378572 0.100000 -1.257563
v 8.359980 0.100000 -1.242122
v 8.342017 0.100000 -1.225210
v 8.325106 0.100000 -1.207248
v 8.309665 0.100000 -1.188655
v 8.295694 0.100000 -1.169433
v 8.283195 0.100000 -1.149580
v 8.272165 0.100000 -1.129097
v 8.262607 0.100000 -1.107983
v 8.254519 0.100000 -1.086239
v 8.247901 0.100000 -1.063866
v 8.242754 0.100000 -1.040861
v 8.239078 0.100000 -1.017227
v 8.236872 0.100000 -0.992962
v 8.236134 0.100000 -0.968067
v 8.236870 0.100000 -0.943172
v 8.239075 0.100000 -0.918908
v 8.242752 0.100000 -0.895273
v 8.247898 0.100000 -0.872269
v 8.254517 0.100000 -0.849895
v 8.262604 0.100000 -0.828151
v 8.272163 0.100000 -0.807038
v 8.283192 0.100000 -0.786555
v 8.295692 0.100000 -0.766702
v 8.309662 0.100000 -0.747479
v 8.325104 0.100000 -0.728887
v 8.342017 0.100000 -0.710924
v 8.359980 0.100000 -0.694013
v 8.378572 0.100000 -0.678571
v 8.397794 0.100000 -0.664601
v 8.417646 0.100000 -0.652101
v 8.438130 0.100000 -0.641071
v 8.459244 0.100000 -0.631513
v 8.480988 0.100000 -0.623424
v 8.503362 0.100000 -0.616807
v 8.526365 0.100000 -0.611660
v 8.549999 0.100000 -0.607983
v 8.574265 0.100000 -0.605777
v 8.599159 0.100000 -0.605042
v 8.623660 0.100000 -0.605777
v 8.647583 0.100000 -0.607983
v 8.670929 0.100000 -0.611660
v 8.693697 0.100000 -0.616807
v 8.715887 0.100000 -0.623424
v 8.737499 0.100000 -0.631513
v 8.758534 0.100000 -0.641071
v 8.778992 0.100000 -0.652101
v 8.798871 0.100000 -0.664601
v 8.818172 0.100000 -0.678571
v 8.836896 0.100000 -0.694013
v 8.855042 0.100000 -0.710924
v 8.872155 0.100000 -0.728887
v 8.887780 0.100000 -0.747479
v 8.901917 0.100000 -0.766702
v 8.914566 0.100000 -0.786555
v 8.925726 0.100000 -0.807038
v 8.935399 0.100000 -0.828151
v 8.943583 0.100000 -0.849895
v 8.950279 0.100000 -0.872269
v 8.955488 0.100000 -0.895273
v 8.959208 0.100000 -0.918907
v 8.961441 0.100000 -0.943172
v 8.962185 0.100000 -0.968067
v 8.961441 0.100000 -0.992962
v 8.959209 0.100000 -1.017227
v 8.955489 0.100000 -1.040861
v 8.950280 0.100000 -1.063866
v 8.943584 0.100000 -1.086239
v 8.935400 0.100000 -1.107983
v 8.925727 0.100000 -1.129097
v 8.914566 0.100000 -1.149580
v 8.901917 0.100000 -1.169433
v 8.887781 0.100000 -1.188655
v 8.872156 0.100000 -1.207248
v 5.871428 0.100000 -1.313445
v 5.871428 0.100000 -2.649580
v 5.869100 0.100000 -2.727600
v 5.862115 0.100000 -2.803676
v 5.850472 0.100000 -2.877810
v 5.834174 0.100000 -2.950000
v 5.813218 0.100000 -3.020247
v 5.787605 0.100000 -3.088550
v 5.757336 0.100000 -3.154911
v 5.722409 0.100000 -3.219327
v 5.682826 0.100000 -3.281801
v 5.638586 0.100000 -3.342331
v 5.589688 0.100000 -3.400918
v 5.536135 0.100000 -3.457563
v 5.479289 0.100000 -3.510916
v 5.420518 0.100000 -3.559629
v 5.359821 0.100000 -3.603703
v 5.297199 0.100000 -3.643137
v 5.232650 0.100000 -3.677933
v 5.166176 0.100000 -3.708088
v 5.097776 0.100000 -3.733605
v 5.027451 0.100000 -3.754482
v 4.955199 0.100000 -3.770720
v 4.881022 0.100000 -3.782318
v 4.804919 0.100000 -3.789277
v 4.726891 0.100000 -3.791597
v 4.648862 0.100000 -3.789277
v 4.572759 0.100000 -3.782318
v 4.498582 0.100000 -3.770720
v 4.426331 0.100000 -3.754482
v 4.356005 0.100000 -3.733605
v 4.287605 0.100000 -3.708088
v 4.221131 0.100000 -3.677933
v 4.156583 0.100000 -3.643137
v 4.093960 0.100000 -3.603703
v 4.033263 0.100000 -3.559629
v 3.974492 0.100000 -3.510916
v 3.917647 0.100000 -3.457563
v 3.864093 0.100000 -3.400919
v 3.815196 0.100000 -3.342332
v 3.770956 0.100000 -3.281801
v 3.731373 0.100000 -3.219328
v 3.696447 0.100000 -3.154911
v 3.666177 0.100000 -3.088551
v 3.640564 0.100000 -3.020247
v 3.619608 0.100000 -2.950000
v 3.603310 0.100000 -2.877810
v 3.591667 0.100000 -2.803676
v 3.584682 0.100000 -2.727600
v 3.582353 0.100000 -2.649580
v 3.582353 0.100000 -1.313445
v 3.584682 0.100000 -1.235425
v 3.591667 0.100000 -1.159349
v 3.603309 0.100000 -1.085215
v 3.619608 0.100000 -1.013025
v 3.640564 0.100000 -0.942778
v 3.666176 0.100000 -0.874475
v 3.696446 0.100000 -0.808115
v 3.731372 0.100000 -0.743698
v 3.770956 0.100000 -0.681224
v 3.815196 0.100000 -0.620693
v 3.864093 0.100000 -0.562106
v 3.917647 0.100000 -0.505462
v 3.974492 0.100000 -0.452110
v 4.033263 0.100000 -0.403396
v 4.093960 0.100000 -0.359322
v 4.156582 0.100000 -0.319888
v 4.221131 0.100000 -0.285093
v 4.287605 0.100000 -0.254937
v 4.356005 0.100000 -0.229421
v 4.426331 0.100000 -0.208543
v 4.498582 0.100000 -0.192306
v 4.572759 0.100000 -0.180707
v 4.648861 0.100000 -0.173748
v 4.726891 0.100000 -0.171429
v 4.804919 0.100000 -0.173748
v 4.881022 0.100000 -0.180707
v 4.955199 0.100000 -0.192306
v 5.027451 0.100000 -0.208543
v 5.097776 0.100000 -0.229421
v 5.166176 0.100000 -0.254937
v 5.232650 0.100000 -0.285093
v 5.297199 0.100000 -0.319888
v 5.359821 0.100000 -0.359322
v 5.420518 0.100000 -0.403396
v 5.479289 0.100000 -0.452110
v 5.536135 0.100000 -0.505462
v 5.589688 0.100000 -0.562106
v 5.638586 0.100000 -0.620693
v 5.682826 0.100000 -0.681224
v 5.722409 0.100000 -0.743698
v 5.757336 0.100000 -0.808115
v 5.787605 0.100000 -0.874475
v 5.813218 0.100000 -0.942778
v 5.834174 0.100000 -1.013025
v 5.850472 0.100000 -1.085215
v 5.862115 0.100000 -1.159349
v 5.869100 0.100000 -1.235425
v 6.110925 0.100000 -2.649580
v 6.110925 0.100000 -1.313445
v 6.108115 0.100000 -1.219223
v 6.099686 0.100000 -1.127311
v 6.085637 0.100000 -1.037710
v 6.065968 0.100000 -0.950420
v 6.040679 0.100000 -0.865441
v 6.009771 0.100000 -0.782773
v 5.973243 0.100000 -0.702416
v 5.931094 0.100000 -0.624370
v 5.883327 0.100000 -0.548634
v 5.829939 0.100000 -0.475210
v 5.770931 0.100000 -0.404097
v 5.706303 0.100000 -0.335294
v 5.637684 0.100000 -0.270466
v 5.566702 0.100000 -0.211275
v 5.493356 0.100000 -0.157721
v 5.417647 0.100000 -0.109804
v 5.339574 0.100000 -0.067525
v 5.259139 0.100000 -0.030882
v 5.176339 0.100000 0.000123
v 5.091176 0.100000 0.025490
v 5.003650 0.100000 0.045221
v 4.913760 0.100000 0.059314
v 4.821507 0.100000 0.067770
v 4.726891 0.100000 0.070588
v 4.632668 0.100000 0.067770
v 4.540756 0.100000 0.059314
v 4.451155 0.100000 0.045221
v 4.363865 0.100000 0.025490
v 4.278887 0.100000 0.000123
v 4.196218 0.100000 -0.030882
v 4.115861 0.100000 -0.067525
v 4.037815 0.100000 -0.109804
v 3.962080 0.100000 -0.157721
v 3.888656 0.100000 -0.211275
v 3.817542 0.100000 -0.270466
v 3.748739 0.100000 -0.335294
v 3.683911 0.100000 -0.404097
v 3.624720 0.100000 -0.475210
v 3.571166 0.100000 -0.548634
v 3.523249 0.100000 -0.624370
v 3.480970 0.100000 -0.702416
v 3.444328 0.100000 -0.782773
v 3.413323 0.100000 -0.865441
v 3.387955 0.100000 -0.950420
v 3.368225 0.100000 -1.037710
v 3.354132 0.100000 -1.127311
v 3.345676 0.100000 -1.219223
v 3.342857 0.100000 -1.313445
v 3.342857 0.100000 -2.649580
v 3.345675 0.100000 -2.743803
v 3.354131 0.100000 -2.835714
v 3.368224 0.100000 -2.925315
v 3.387955 0.100000 -3.012605
v 3.413322 0.100000 -3.097584
v 3.444327 0.100000 -3.180252
v 3.480969 0.100000 -3.260609
v 3.523249 0.100000 -3.338655
v 3.571166 0.100000 -3.414391
v 3.624720 0.100000 -3.487815
v 3.683911 0.100000 -3.558928
v 3.748739 0.100000 -3.627731
v 3.817542 0.100000 -3.692560
v 3.888656 0.100000 -3.751751
v 3.962080 0.100000 -3.805305
v 4.037815 0.100000 -3.853222
v 4.115861 0.100000 -3.895501
v 4.196218 0.100000 -3.932143
v 4.278887 0.100000 -3.963148
v 4.363865 0.100000 -3.988516
v 4.451155 0.100000 -4.008246
v 4.540756 0.100000 -4.022339
v 4.632668 0.100000 -4.030795
v 4.726891 0.100000 -4.033614
v 4.821507 0.100000 -4.030795
v 4.913760 0.100000 -4.022339
v 5.003650 0.100000 -4.008246
v 5.091176 0.100000 -3.988516
v 5.176339 0.100000 -3.963148
v 5.259138 0.100000 -3.932143
v 5.339574 0.100000 -3.895501
v 5.417646 0.100000 -3.853222
v 5.493355 0.100000 -3.805305
v 5.566701 0.100000 -3.751751
v 5.637683 0.100000 -3.692560
v 5.706303 0.100000 -3.627731
v 5.770930 0.100000 -3.558928
v 5.829937 0.100000 -3.487815
v 5.883325 0.100000 -3.414391
v 5.931093 0.100000 -3.338656
v 5.973241 0.100000 -3.260610
v 6.009769 0.100000 -3.180252
v 6.040678 0.100000 -3.097584
v 6.065967 0.100000 -3.012605
v 6.085635 0.100000 -2.925315
v 6.099685 0.100000 -2.835715
v 6.108114 0.100000 -2.743803
v 2.258824 0.100000 -1.847899
v 2.211117 0.100000 -1.896534
v 2.159594 0.100000 -1.942437
v 2.104254 0.100000 -1.985609
v 2.045098 0.100000 -2.026051
v 1.982125 0.100000 -2.063761
v 1.915336 0.100000 -2.098740
v 1.844730 0.100000 -2.130988
v 1.770308 0.100000 -2.160504
v 1.692069 0.100000 -2.187290
v 1.610014 0.100000 -2.211344
v 1.524142 0.100000 -2.232668
v 1.434454 0.100000 -2.251261
v 1.245378 0.100000 -2.256302
v 1.245378 0.100000 -2.483193
v 1.283867 0.100000 -2.483999
v 1.321183 0.100000 -2.485574
v 1.357327 0.100000 -2.487920
v 1.392297 0.100000 -2.491036
v 1.426094 0.100000 -2.494923
v 1.458718 0.100000 -2.499580
v 1.490170 0.100000 -2.505007
v 1.520448 0.100000 -2.511205
v 1.549553 0.100000 -2.518173
v 1.577486 0.100000 -2.525910
v 1.604245 0.100000 -2.534419
v 1.629832 0.100000 -2.543697
v 1.655007 0.100000 -2.554254
v 1.680532 0.100000 -2.566597
v 1.706407 0.100000 -2.580725
v 1.732633 0.100000 -2.596638
v 1.759209 0.100000 -2.614338
v 1.786134 0.100000 -2.633823
v 1.813410 0.100000 -2.655094
v 1.841036 0.100000 -2.678151
v 1.869013 0.100000 -2.702994
v 1.897339 0.100000 -2.729622
v 1.926015 0.100000 -2.758036
v 1.955042 0.100000 -2.788235
v 1.983027 0.100000 -2.819818
v 2.008579 0.100000 -2.852381
v 2.031696 0.100000 -2.885924
v 2.052381 0.100000 -2.920448
v 2.070632 0.100000 -2.955952
v 2.086449 0.100000 -2.992437
v 2.099833 0.100000 -3.029902
v 2.110784 0.100000 -3.068347
v 2.119301 0.100000 -3.107773
v 2.125385 0.100000 -3.148179
v 2.129035 0.100000 -3.189566
v 2.130252 0.100000 -3.231933
v 2.128992 0.100000 -3.274659
v 2.125210 0.100000 -3.316281
v 2.118907 0.100000 -3.356802
v 2.110084 0.100000 -3.396218
v 2.098740 0.100000 -3.434533
v 2.084874 0.100000 -3.471744
v 2.068487 0.100000 -3.507852
v 2.049580 0.100000 -3.542857
v 2.028151 0.100000 -3.576760
v 2.004202 0.100000 -3.609559
v 1.977731 0.100000 -3.641256
v 1.948740 0.100000 -3.671849
v 1.917962 0.100000 -3.700639
v 1.886134 0.100000 -3.726926
v 1.853256 0.100000 -3.750709
v 1.819328 0.100000 -3.771989
v 1.784349 0.100000 -3.790765
v 1.748319 0.100000 -3.807038
v 1.711240 0.100000 -3.820807
v 1.673109 0.100000 -3.832073
v 1.633929 0.100000 -3.840835
v 1.593697 0.100000 -3.847094
v 1.552416 0.100000 -3.850849
v 1.510084 0.100000 -3.852101
v 1.468137 0.100000 -3.850858
v 1.427171 0.100000 -3.847129
v 1.387185 0.100000 -3.840914
v 1.348179 0.100000 -3.832213
v 1.310154 0.100000 -3.821026
v 1.273109 0.100000 -3.807353
v 1.237045 0.100000 -3.791194
v 1.201961 0.100000 -3.772549
v 1.167857 0.100000 -3.751418
v 1.134734 0.100000 -3.727801
v 1.102591 0.100000 -3.701698
v 1.071429 0.100000 -3.673109
v 1.054990 0.100000 -3.655707
v 1.039286 0.100000 -3.637956
v 1.024317 0.100000 -3.619853
v 1.010084 0.100000 -3.601401
v 0.996586 0.100000 -3.582598
v 0.983824 0.100000 -3.563445
v 0.971796 0.100000 -3.543942
v 0.960504 0.100000 -3.524089
v 0.949947 0.100000 -3.503886
v 0.940126 0.100000 -3.483333
v 0.931040 0.100000 -3.462430
v 0.922689 0.100000 -3.441176
v 0.705882 0.100000 -3.526891
v 0.715704 0.100000 -3.556005
v 0.726681 0.100000 -3.584524
v 0.738813 0.100000 -3.612447
v 0.752101 0.100000 -3.639776
v 0.766544 0.100000 -3.666509
v 0.782143 0.100000 -3.692647
v 0.798897 0.100000 -3.718190
v 0.816807 0.100000 -3.743137
v 0.835872 0.100000 -3.767489
v 0.856093 0.100000 -3.791246
v 0.877469 0.100000 -3.814408
v 0.900000 0.100000 -3.836975
v 0.943137 0.100000 -3.877241
v 0.987675 0.100000 -3.914006
v 1.033613 0.100000 -3.947269
v 1.080952 0.100000 -3.977031
v 1.129692 0.100000 -4.003291
v 1.179832 0.100000 -4.026051
v 1.231373 0.100000 -4.045308
v 1.284314 0.100000 -4.061064
v 1.338655 0.100000 -4.073319
v 1.394398 0.100000 -4.082073
v 1.451541 0.100000 -4.087325
v 1.510084 0.100000 -4.089076
v 1.569407 0.100000 -4.087316
v 1.627206 0.100000 -4.082038
v 1.683482 0.100000 -4.073240
v 1.738235 0.100000 -4.060925
v 1.791465 0.100000 -4.045090
v 1.843172 0.100000 -4.025735
v 1.893356 0.100000 -4.002862
v 1.942017 0.100000 -3.976471
v 1.989154 0.100000 -3.946560
v 2.034769 0.100000 -3.913131
v 2.078860 0.100000 -3.876182
v 2.121429 0.100000 -3.835714
v 2.161493 0.100000 -3.792813
v 2.198074 0.100000 -3.748564
v 2.231171 0.100000 -3.702968
v 2.260784 0.100000 -3.656023
v 2.286913 0.100000 -3.607729
v 2.309559 0.100000 -3.558088
v 2.328720 0.100000 -3.507099
v 2.344398 0.100000 -3.454762
v 2.356591 0.100000 -3.401077
v 2.365301 0.100000 -3.346044
v 2.370527 0.100000 -3.289662
v 2.372269 0.100000 -3.231933
v 2.370938 0.100000 -3.173328
v 2.366947 0.100000 -3.116842
v 2.360294 0.100000 -3.062474
v 2.350980 0.100000 -3.010224
v 2.339005 0.100000 -2.960093
v 2.324370 0.100000 -2.912080
v 2.307073 0.100000 -2.866185
v 2.287115 0.100000 -2.822409
v 2.264496 0.100000 -2.780751
v 2.239216 0.100000 -2.741211
v 2.211274 0.100000 -2.703790
v 2.180672 0.100000 -2.668487
v 2.148915 0.100000 -2.635198
v 2.117507 0.100000 -2.603817
v 2.086449 0.100000 -2.574343
v 2.055742 0.100000 -2.546779
v 2.025385 0.100000 -2.521122
v 1.995378 0.100000 -2.497374
v 1.965721 0.100000 -2.475534
v 1.936414 0.100000 -2.455602
v 1.907458 0.100000 -2.437579
v 1.878851 0.100000 -2.421463
v 1.850595 0.100000 -2.407257
v 1.822689 0.100000 -2.394958
v 1.882335 0.100000 -2.373845
v 1.940266 0.100000 -2.350840
v 1.996481 0.100000 -2.325945
v 2.050981 0.100000 -2.299160
v 2.103764 0.100000 -2.270483
v 2.154832 0.100000 -2.239916
v 2.204184 0.100000 -2.207458
v 2.251821 0.100000 -2.173109
v 2.297742 0.100000 -2.136870
v 2.341947 0.100000 -2.098740
v 2.384436 0.100000 -2.058718
v 2.425210 0.100000 -2.016807
v 2.480375 0.100000 -1.954167
v 2.530742 0.100000 -1.889776
v 2.576313 0.100000 -1.823634
v 2.617087 0.100000 -1.755742
v 2.653064 0.100000 -1.686100
v 2.684244 0.100000 -1.614706
v 2.710627 0.100000 -1.541562
v 2.732213 0.100000 -1.466667
v 2.749002 0.100000 -1.390021
v 2.760994 0.100000 -1.311625
v 2.768190 0.100000 -1.231478
v 2.770588 0.100000 -1.149580
v 2.768146 0.100000 -1.067402
v 2.760819 0.100000 -0.987255
v 2.748608 0.100000 -0.909139
v 2.731513 0.100000 -0.833053
v 2.709532 0.100000 -0.758999
v 2.682668 0.100000 -0.686975
v 2.650919 0.100000 -0.616982
v 2.614286 0.100000 -0.549020
v 2.572768 0.100000 -0.483088
v 2.526366 0.100000 -0.419188
v 2.475079 0.100000 -0.357318
v 2.418908 0.100000 -0.297479
v 2.359270 0.100000 -0.241106
v 2.297584 0.100000 -0.189636
v 2.233850 0.100000 -0.143067
v 2.168067 0.100000 -0.101401
v 2.100236 0.100000 -0.064636
v 2.030357 0.100000 -0.032773
v 1.958429 0.100000 -0.005812
v 1.884454 0.100000 0.016246
v 1.808429 0.100000 0.033403
v 1.730357 0.100000 0.045658
v 1.650236 0.100000 0.053011
v 1.568067 0.100000 0.055462
v 1.486292 0.100000 0.052994
v 1.406513 0.100000 0.045588
v 1.328729 0.100000 0.033246
v 1.252941 0.100000 0.015966
v 1.179149 0.100000 -0.006250
v 1.107353 0.100000 -0.033403
v 1.037553 0.100000 -0.065494
v 0.969748 0.100000 -0.102521
v 0.903939 0.100000 -0.144485
v 0.840126 0.100000 -0.191387
v 0.778309 0.100000 -0.243225
v 0.718487 0.100000 -0.300000
v 0.673389 0.100000 -0.347724
v 0.631373 0.100000 -0.396779
v 0.592437 0.100000 -0.447164
v 0.556583 0.100000 -0.498880
v 0.523810 0.100000 -0.551926
v 0.494118 0.100000 -0.606302
v 0.467507 0.100000 -0.662010
v 0.443978 0.100000 -0.719048
v 0.423529 0.100000 -0.777416
v 0.406163 0.100000 -0.837115
v 0.391877 0.100000 -0.898144
v 0.380672 0.100000 -0.960504
v 0.610084 0.100000 -1.043697
v 0.617402 0.100000 -0.988463
v 0.627591 0.100000 -0.934524
v 0.640651 0.100000 -0.881880
v 0.656583 0.100000 -0.830532
v 0.675385 0.100000 -0.780480
v 0.697059 0.100000 -0.731723
v 0.721604 0.100000 -0.684261
v 0.749020 0.100000 -0.638095
v 0.779307 0.100000 -0.593225
v 0.812465 0.100000 -0.549650
v 0.848494 0.100000 -0.507371
v 0.887395 0.100000 -0.466387
v 0.935644 0.100000 -0.421289
v 0.985434 0.100000 -0.380112
v 1.036765 0.100000 -0.342857
v 1.089636 0.100000 -0.309524
v 1.144048 0.100000 -0.280112
v 1.200000 0.100000 -0.254622
v 1.257493 0.100000 -0.233053
v 1.316527 0.100000 -0.215406
v 1.377101 0.100000 -0.201681
v 1.439216 0.100000 -0.191877
v 1.502871 0.100000 -0.185994
v 1.568067 0.100000 -0.184034
v 1.634051 0.100000 -0.185994
v 1.698389 0.100000 -0.191877
v 1.761082 0.100000 -0.201681
v 1.822129 0.100000 -0.215406
v 1.881530 0.100000 -0.233053
v 1.939286 0.100000 -0.254622
v 1.995396 0.100000 -0.280112
v 2.049860 0.100000 -0.309524
v 2.102679 0.100000 -0.342857
v 2.153852 0.100000 -0.380112
v 2.203379 0.100000 -0.421289
v 2.251261 0.100000 -0.466387
v 2.296359 0.100000 -0.514268
v 2.337535 0.100000 -0.563796
v 2.374790 0.100000 -0.614968
v 2.408123 0.100000 -0.667787
v 2.437535 0.100000 -0.722251
v 2.463025 0.100000 -0.778361
v 2.484594 0.100000 -0.836117
v 2.502241 0.100000 -0.895518
v 2.515966 0.100000 -0.956565
v 2.525770 0.100000 -1.019258
v 2.531653 0.100000 -1.083596
v 2.533613 0.100000 -1.149580
v 2.531705 0.100000 -1.215284
v 2.525980 0.100000 -1.279622
v 2.516439 0.100000 -1.342595
v 2.503081 0.100000 -1.404202
v 2.485907 0.100000 -1.464443
v 2.464916 0.100000 -1.523319
v 2.440109 0.100000 -1.580830
v 2.411484 0.100000 -1.636975
v 2.379044 0.100000 -1.691754
v 2.342787 0.100000 -1.745168
v 2.302714 0.100000 -1.797217
v 8.906723 -0.100000 -3.441176
v 9.093277 -0.100000 -3.312605
v 6.778992 -0.100000 -0.007563
v 6.592437 -0.100000 -0.136134
v 7.086555 -0.100000 -3.063025
v 7.126392 -0.100000 -3.061843
v 7.165231 -0.100000 -3.058298
v 7.203073 -0.100000 -3.052390
v 7.239916 -0.100000 -3.044118
v 7.275762 -0.100000 -3.033482
v 7.310610 -0.100000 -3.020483
v 7.344459 -0.100000 -3.005121
v 7.377311 -0.100000 -2.987395
v 7.409164 -0.100000 -2.967306
v 7.440021 -0.100000 -2.944853
v 7.469879 -0.100000 -2.920037
v 7.498740 -0.100000 -2.892857
v 7.525919 -0.100000 -2.863997
v 7.550736 -0.100000 -2.834139
v 7.573189 -0.100000 -2.803282
v 7.593278 -0.100000 -2.771429
v 7.611003 -0.100000 -2.738577
v 7.626366 -0.100000 -2.704727
v 7.639365 -0.100000 -2.669879
v 7.650000 -0.100000 -2.634034
v 7.658272 -0.100000 -2.597190
v 7.664181 -0.100000 -2.559349
v 7.667726 -0.100000 -2.520509
v 7.668908 -0.100000 -2.480672
v 7.667726 -0.100000 -2.440835
v 7.664181 -0.100000 -2.401996
v 7.658273 -0.100000 -2.364154
v 7.650001 -0.100000 -2.327311
v 7.639365 -0.100000 -2.291465
v 7.626367 -0.100000 -2.256618
v 7.611004 -0.100000 -2.222768
v 7.593278 -0.100000 -2.189916
v 7.573189 -0.100000 -2.158062
v 7.550736 -0.100000 -2.127206
v 7.525919 -0.100000 -2.097348
v 7.498740 -0.100000 -2.068487
v 7.469879 -0.100000 -2.041308
v 7.440021 -0.100000 -2.016491
v 7.409164 -0.100000 -1.994039
v 7.377311 -0.100000 -1.973950
v 7.344459 -0.100000 -1.956224
v 7.310610 -0.100000 -1.940861
v 7.275762 -0.100000 -1.927862
v 7.239916 -0.100000 -1.917227
v 7.203073 -0.100000 -1.908955
v 7.165231 -0.100000 -1.903046
v 7.126392 -0.100000 -1.899501
v 7.086555 -0.100000 -1.898319
v 7.046718 -0.100000 -1.899501
v 7.007878 -0.100000 -1.903046
v 6.970037 -0.100000 -1.908955
v 6.933193 -0.100000 -1.917227
v 6.897347 -0.100000 -1.927862
v 6.862500 -0.100000 -1.940861
v 6.828650 -0.100000 -1.956224
v 6.795798 -0.100000 -1.973950
v 6.763945 -0.100000 -1.994039
v 6.733088 -0.100000 -2.016491
v 6.703230 -0.100000 -2.041308
v 6.674370 -0.100000 -2.068487
v 6.647190 -0.100000 -2.097348
v 6.622374 -0.100000 -2.127206
v 6.599921 -0.100000 -2.158062
v 6.579832 -0.100000 -2.189916
v 6.562107 -0.100000 -2.222768
v 6.546744 -0.100000 -2.256618
v 6.533745 -0.100000 -2.291465
v 6.523110 -0.100000 -2.327311
v 6.514838 -0.100000 -2.364154
v 6.508929 -0.100000 -2.401996
v 6.505384 -0.100000 -2.440835
v 6.504202 -0.100000 -2.480672
v 6.505383 -0.100000 -2.520509
v 6.508929 -0.100000 -2.559349
v 6.514837 -0.100000 -2.597190
v 6.523109 -0.100000 -2.634034
v 6.533745 -0.100000 -2.669879
v 6.546743 -0.100000 -2.704727
v 6.562106 -0.100000 -2.738577
v 6.579832 -0.100000 -2.771429
v 6.599921 -0.100000 -2.803282
v 6.622374 -0.100000 -2.834139
v 6.647191 -0.100000 -2.863997
v 6.674370 -0.100000 -2.892857
v 6.703230 -0.100000 -2.920037
v 6.733088 -0.100000 -2.944853
v 6.763945 -0.100000 -2.967306
v 6.795798 -0.100000 -2.987395
v 6.828650 -0.100000 -3.005121
v 6.862500 -0.100000 -3.020483
v 6.897347 -0.100000 -3.033482
v 6.933193 -0.100000 -3.044117
v 6.970037 -0.100000 -3.052389
v 7.007878 -0.100000 -3.058298
v 7.046718 -0.100000 -3.061843
v 7.342437 -0.100000 -2.737815
v 7.324291 -0.100000 -2.754727
v 7.305567 -0.100000 -2.770168
v 7.286266 -0.100000 -2.784139
v 7.266387 -0.100000 -2.796639
v 7.245930 -0.100000 -2.807668
v 7.224895 -0.100000 -2.817227
v 7.203282 -0.100000 -2.825315
v 7.181092 -0.100000 -2.831933
v 7.158324 -0.100000 -2.837080
v 7.134979 -0.100000 -2.840756
v 7.111056 -0.100000 -2.842962
v 7.086555 -0.100000 -2.843698
v 7.061660 -0.100000 -2.842962
v 7.037395 -0.100000 -2.840756
v 7.013761 -0.100000 -2.837080
v 6.990757 -0.100000 -2.831933
v 6.968383 -0.100000 -2.825315
v 6.946639 -0.100000 -2.817227
v 6.925525 -0.100000 -2.807668
v 6.905042 -0.100000 -2.796639
v 6.885189 -0.100000 -2.784139
v 6.865967 -0.100000 -2.770168
v 6.847374 -0.100000 -2.754727
v 6.829412 -0.100000 -2.737815
v 6.812500 -0.100000 -2.719853
v 6.797060 -0.100000 -2.701260
v 6.783089 -0.100000 -2.682038
v 6.770589 -0.100000 -2.662185
v 6.759560 -0.100000 -2.641702
v 6.750001 -0.100000 -2.620588
v 6.741913 -0.100000 -2.598845
v 6.735296 -0.100000 -2.576471
v 6.730149 -0.100000 -2.553466
v 6.726472 -0.100000 -2.529832
v 6.724267 -0.100000 -2.505567
v 6.723529 -0.100000 -2.480672
v 6.724264 -0.100000 -2.455777
v 6.726470 -0.100000 -2.431513
v 6.730146 -0.100000 -2.407878
v 6.735293 -0.100000 -2.384874
v 6.741911 -0.100000 -2.362500
v 6.749999 -0.100000 -2.340756
v 6.759558 -0.100000 -2.319643
v 6.770587 -0.100000 -2.299160
v 6.783087 -0.100000 -2.279307
v 6.797057 -0.100000 -2.260084
v 6.812498 -0.100000 -2.241492
v 6.829412 -0.100000 -2.223529
v 6.847374 -0.100000 -2.206618
v 6.865967 -0.100000 -2.191177
v 6.885189 -0.100000 -2.177206
v 6.905042 -0.100000 -2.164706
v 6.925525 -0.100000 -2.153677
v 6.946639 -0.100000 -2.144118
v 6.968383 -0.100000 -2.136029
v 6.990757 -0.100000 -2.129412
v 7.013761 -0.100000 -2.124265
v 7.037395 -0.100000 -2.120588
v 7.061660 -0.100000 -2.118382
v 7.086555 -0.100000 -2.117647
v 7.111056 -0.100000 -2.118382
v 7.134979 -0.100000 -2.120588
v 7.158324 -0.100000 -2.124265
v 7.181092 -0.100000 -2.129412
v 7.203282 -0.100000 -2.136029
v 7.224895 -0.100000 -2.144118
v 7.245930 -0.100000 -2.153677
v 7.266387 -0.100000 -2.164706
v 7.286266 -0.100000 -2.177206
v 7.305567 -0.100000 -2.191176
v 7.324291 -0.100000 -2.206618
v 7.342437 -0.100000 -2.223529
v 7.359550 -0.100000 -2.241492
v 7.375175 -0.100000 -2.260084
v 7.389312 -0.100000 -2.279307
v 7.401960 -0.100000 -2.299160
v 7.413121 -0.100000 -2.319643
v 7.422794 -0.100000 -2.340756
v 7.430979 -0.100000 -2.362500
v 7.437675 -0.100000 -2.384874
v 7.442883 -0.100000 -2.407878
v 7.446603 -0.100000 -2.431513
v 7.448835 -0.100000 -2.455777
v 7.449580 -0.100000 -2.480672
v 7.448836 -0.100000 -2.505567
v 7.446604 -0.100000 -2.529832
v 7.442884 -0.100000 -2.553466
v 7.437675 -0.100000 -2.576471
v 7.430979 -0.100000 -2.598845
v 7.422794 -0.100000 -2.620588
v 7.413122 -0.100000 -2.641702
v 7.401961 -0.100000 -2.662185
v 7.389313 -0.100000 -2.682038
v 7.375175 -0.100000 -2.701261
v 7.359551 -0.100000 -2.719853
v 8.599159 -0.100000 -1.550420
v 8.638997 -0.100000 -1.549238
v 8.677835 -0.100000 -1.545693
v 8.715677 -0.100000 -1.539785
v 8.752521 -0.100000 -1.531512
v 8.788366 -0.100000 -1.520877
v 8.823215 -0.100000 -1.507878
v 8.857064 -0.100000 -1.492516
v 8.889915 -0.100000 -1.474790
v 8.921770 -0.100000 -1.454701
v 8.952625 -0.100000 -1.432248
v 8.982484 -0.100000 -1.407432
v 9.011345 -0.100000 -1.380252
v 9.038525 -0.100000 -1.351392
v 9.063340 -0.100000 -1.321534
v 9.085793 -0.100000 -1.290678
v 9.105883 -0.100000 -1.258824
v 9.123608 -0.100000 -1.225972
v 9.138969 -0.100000 -1.192122
v 9.151969 -0.100000 -1.157274
v 9.162604 -0.100000 -1.121429
v 9.170876 -0.100000 -1.084585
v 9.176785 -0.100000 -1.046744
v 9.180329 -0.100000 -1.007905
v 9.181513 -0.100000 -0.968067
v 9.180331 -0.100000 -0.928230
v 9.176785 -0.100000 -0.889391
v 9.170877 -0.100000 -0.851549
v 9.162605 -0.100000 -0.814706
v 9.151970 -0.100000 -0.778860
v 9.138970 -0.100000 -0.744013
v 9.123609 -0.100000 -0.710163
v 9.105883 -0.100000 -0.677311
v 9.085793 -0.100000 -0.645457
v 9.063340 -0.100000 -0.614601
v 9.038524 -0.100000 -0.584743
v 9.011345 -0.100000 -0.555882
v 8.982484 -0.100000 -0.528703
v 8.952625 -0.100000 -0.503887
v 8.921770 -0.100000 -0.481434
v 8.889915 -0.100000 -0.461345
v 8.857064 -0.100000 -0.443619
v 8.823215 -0.100000 -0.428256
v 8.788366 -0.100000 -0.415257
v 8.752521 -0.100000 -0.404622
v 8.715677 -0.100000 -0.396350
v 8.677835 -0.100000 -0.390441
v 8.638997 -0.100000 -0.386896
v 8.599159 -0.100000 -0.385714
v 8.559322 -0.100000 -0.386896
v 8.520483 -0.100000 -0.390441
v 8.482642 -0.100000 -0.396350
v 8.445799 -0.100000 -0.404622
v 8.409952 -0.100000 -0.415257
v 8.375105 -0.100000 -0.428256
v 8.341255 -0.100000 -0.443619
v 8.308403 -0.100000 -0.461345
v 8.276549 -0.100000 -0.481434
v 8.245693 -0.100000 -0.503887
v 8.215836 -0.100000 -0.528703
v 8.186975 -0.100000 -0.555882
v 8.159795 -0.100000 -0.584743
v 8.134978 -0.100000 -0.614601
v 8.112526 -0.100000 -0.645457
v 8.092436 -0.100000 -0.677311
v 8.074711 -0.100000 -0.710163
v 8.059349 -0.100000 -0.744013
v 8.046350 -0.100000 -0.778860
v 8.035714 -0.100000 -0.814706
v 8.027443 -0.100000 -0.851549
v 8.021534 -0.100000 -0.889391
v 8.017989 -0.100000 -0.928230
v 8.016807 -0.100000 -0.968067
v 8.017988 -0.100000 -1.007904
v 8.021533 -0.100000 -1.046744
v 8.027442 -0.100000 -1.084585
v 8.035713 -0.100000 -1.121428
v 8.046349 -0.100000 -1.157274
v 8.059348 -0.100000 -1.192122
v 8.074710 -0.100000 -1.225972
v 8.092436 -0.100000 -1.258823
v 8.112526 -0.100000 -1.290677
v 8.134978 -0.100000 -1.321534
v 8.159795 -0.100000 -1.351392
v 8.186975 -0.100000 -1.380252
v 8.215836 -0.100000 -1.407432
v 8.245693 -0.100000 -1.432248
v 8.276549 -0.100000 -1.454701
v 8.308403 -0.100000 -1.474790
v 8.341255 -0.100000 -1.492516
v 8.375105 -0.100000 -1.507878
v 8.409952 -0.100000 -1.520877
v 8.445799 -0.100000 -1.531513
v 8.482642 -0.100000 -1.539785
v 8.520483 -0.100000 -1.545694
v 8.559322 -0.100000 -1.549239
v 8.855042 -0.100000 -1.225210
v 8.836896 -0.100000 -1.242122
v 8.818172 -0.100000 -1.257563
v 8.798871 -0.100000 -1.271534
v 8.778992 -0.100000 -1.284034
v 8.758534 -0.100000 -1.295063
v 8.737499 -0.100000 -1.304622
v 8.715887 -0.100000 -1.312710
v 8.693697 -0.100000 -1.319328
v 8.670929 -0.100000 -1.324475
v 8.647583 -0.100000 -1.328151
v 8.623660 -0.100000 -1.330357
v 8.599159 -0.100000 -1.331092
v 8.574265 -0.100000 -1.330357
v 8.550000 -0.100000 -1.328151
v 8.526366 -0.100000 -1.324475
v 8.503363 -0.100000 -1.319328
v 8.480989 -0.100000 -1.312710
v 8.459245 -0.100000 -1.304622
v 8.438131 -0.100000 -1.295063
v 8.417647 -0.100000 -1.284034
v 8.397795 -0.100000 -1.271534
v 8.378572 -0.100000 -1.257563
v 8.359980 -0.100000 -1.242122
v 8.342017 -0.100000 -1.225210
v 8.325106 -0.100000 -1.207248
v 8.309665 -0.100000 -1.188655
v 8.295694 -0.100000 -1.169433
v 8.283195 -0.100000 -1.149580
v 8.272165 -0.100000 -1.129097
v 8.262607 -0.100000 -1.107983
v 8.254519 -0.100000 -1.086239
v 8.247901 -0.100000 -1.063866
v 8.242754 -0.100000 -1.040861
v 8.239078 -0.100000 -1.017227
v 8.236872 -0.100000 -0.992962
v 8.236134 -0.100000 -0.968067
v 8.236870 -0.100000 -0.943172
v 8.239075 -0.100000 -0.918908
v 8.242752 -0.100000 -0.895273
v 8.247898 -0.100000 -0.872269
v 8.254517 -0.100000 -0.849895
v 8.262604 -0.100000 -0.828151
v 8.272163 -0.100000 -0.807038
v 8.283192 -0.100000 -0.786555
v 8.295692 -0.100000 -0.766702
v 8.309662 -0.100000 -0.747479
v 8.325104 -0.100000 -0.728887
v 8.342017 -0.100000 -0.710924
v 8.359980 -0.100000 -0.694013
v 8.378572 -0.100000 -0.678571
v 8.397794 -0.100000 -0.664601
v 8.417646 -0.100000 -0.652101
v 8.438130 -0.100000 -0.641071
v 8.459244 -0.100000 -0.631513
v 8.480988 -0.100000 -0.623424
v 8.503362 -0.100000 -0.616807
v 8.526365 -0.100000 -0.611660
v 8.549999 -0.100000 -0.607983
v 8.574265 -0.100000 -0.605777
v 8.599159 -0.100000 -0.605042
v 8.623660 -0.100000 -0.605777
v 8.647583 -0.100000 -0.607983
v 8.670929 -0.100000 -0.611660
v 8.693697 -0.100000 -0.616807
v 8.715887 -0.100000 -0.623424
v 8.737499 -0.100000 -0.631513
v 8.758534 -0.100000 -0.641071
v 8.778992 -0.100000 -0.652101
v 8.798871 -0.100000 -0.664601
v 8.818172 -0.100000 -0.678571
v 8.836896 -0.100000 -0.694013
v 8.855042 -0.100000 -0.710924
v 8.872155 -0.100000 -0.728887
v 8.887780 -0.100000 -0.747479
v 8.901917 -0.100000 -0.766702
v 8.914566 -0.100000 -0.786555
v 8.925726 -0.100000 -0.807038
v 8.935399 -0.100000 -0.828151
v 8.943583 -0.100000 -0.849895
v 8.950279 -0.100000 -0.872269
v 8.955488 -0.100000 -0.895273
v 8.959208 -0.100000 -0.918907
v 8.961441 -0.100000 -0.943172
v 8.962185 -0.100000 -0.968067
v 8.961441 -0.100000 -0.992962
v 8.959209 -0.100000 -1.017227
v 8.955489 -0.100000 -1.040861
v 8.950280 -0.100000 -1.063866
v 8.943584 -0.100000 -1.086239
v 8.935400 -0.100000 -1.107983
v 8.925727 -0.100000 -1.129097
v 8.914566 -0.100000 -1.149580
v 8.901917 -0.100000 -1.169433
v 8.887781 -0.100000 -1.188655
v 8.872156 -0.100000 -1.207248
v 5.871428 -0.100000 -1.313445
v 5.871428 -0.100000 -2.649580
v 5.869100 -0.100000 -2.727600
v 5.862115 -0.100000 -2.803676
v 5.850472 -0.100000 -2.877810
v 5.834174 -0.100000 -2.950000
v 5.813218 -0.100000 -3.020247
v 5.787605 -0.100000 -3.088550
v 5.757336 -0.100000 -3.154911
v 5.722409 -0.100000 -3.219327
v 5.682826 -0.100000 -3.281801
v 5.638586 -0.100000 -3.342331
v 5.589688 -0.100000 -3.400918
v 5.536135 -0.100000 -3.457563
v 5.479289 -0.100000 -3.510916
v 5.420518 -0.100000 -3.559629
v 5.359821 -0.100000 -3.603703
v 5.297199 -0.100000 -3.643137
v 5.232650 -0.100000 -3.677933
v 5.166176 -0.100000 -3.708088
v 5.097776 -0.100000 -3.733605
v 5.027451 -0.100000 -3.754482
v 4.955199 -0.100000 -3.770720
v 4.881022 -0.100000 -3.782318
v 4.804919 -0.100000 -3.789277
v 4.726891 -0.100000 -3.791597
v 4.648862 -0.100000 -3.789277
v 4.572759 -0.100000 -3.782318
v 4.498582 -0.100000 -3.770720
v 4.426331 -0.100000 -3.754482
v 4.356005 -0.100000 -3.733605
v 4.287605 -0.100000 -3.708088
v 4.221131 -0.100000 -3.677933
v 4.156583 -0.100000 -3.643137
v 4.093960 -0.100000 -3.603703
v 4.033263 -0.100000 -3.559629
v 3.974492 -0.100000 -3.510916
v 3.917647 -0.100000 -3.457563
v 3.864093 -0.100000 -3.400919
v 3.815196 -0.100000 -3.342332
v 3.770956 -0.100000 -3.281801
v 3.731373 -0.100000 -3.219328
v 3.696447 -0.100000 -3.154911
v 3.666177 -0.100000 -3.088551
v 3.640564 -0.100000 -3.020247
v 3.619608 -0.100000 -2.950000
v 3.603310 -0.100000 -2.877810
v 3.591667 -0.100000 -2.803676
v 3.584682 -0.100000 -2.727600
v 3.582353 -0.100000 -2.649580
v 3.582353 -0.100000 -1.313445
v 3.584682 -0.100000 -1.235425
v 3.591667 -0.100000 -1.159349
v 3.603309 -0.100000 -1.085215
v 3.619608 -0.100000 -1.013025
v 3.640564 -0.100000 -0.942778
v 3.666176 -0.100000 -0.874475
v 3.696446 -0.100000 -0.808115
v 3.731372 -0.100000 -0.743698
v 3.770956 -0.100000 -0.681224
v 3.815196 -0.100000 -0.620693
v 3.864093 -0.100000 -0.562106
v 3.917647 -0.100000 -0.505462
v 3.974492 -0.100000 -0.452110
v 4.033263 -0.100000 -0.403396
v 4.093960 -0.100000 -0.359322
v 4.156582 -0.100000 -0.319888
v 4.221131 -0.100000 -0.285093
v 4.287605 -0.100000 -0.254937
v 4.356005 -0.100000 -0.229421
v 4.426331 -0.100000 -0.208543
v 4.498582 -0.100000 -0.192306
v 4.572759 -0.100000 -0.180707
v 4.648861 -0.100000 -0.173748
v 4.726891 -0.100000 -0.171429
v 4.804919 -0.100000 -0.173748
v 4.881022 -0.100000 -0.180707
v 4.955199 -0.100000 -0.192306
v 5.027451 -0.100000 -0.208543
v 5.097776 -0.100000 -0.229421
v 5.166176 -0.100000 -0.254937
v 5.232650 -0.100000 -0.285093
v 5.297199 -0.100000 -0.319888
v 5.359821 -0.100000 -0.359322
v 5.420518 -0.100000 -0.403396
v 5.479289 -0.100000 -0.452110
v 5.536135 -0.100000 -0.505462
v 5.589688 -0.100000 -0.562106
v 5.638586 -0.100000 -0.620693
v 5.682826 -0.100000 -0.681224
v 5.722409 -0.100000 -0.743698
v 5.757336 -0.100000 -0.808115
v 5.787605 -0.100000 -0.874475
v 5.813218 -0.100000 -0.942778
v 5.834174 -0.100000 -1.013025
v 5.850472 -0.100000 -1.085215
v 5.862115 -0.100000 -1.159349
v 5.869100 -0.100000 -1.235425
v 6.110925 -0.100000 -2.649580
v 6.110925 -0.100000 -1.313445
v 6.108115 -0.100000 -1.219223
v 6.099686 -0.100000 -1.127311
v 6.085637 -0.100000 -1.037710
v 6.065968 -0.100000 -0.950420
v 6.040679 -0.100000 -0.865441
v 6.009771 -0.100000 -0.782773
v 5.973243 -0.100000 -0.702416
v 5.931094 -0.100000 -0.624370
v 5.883327 -0.100000 -0.548634
v 5.829939 -0.100000 -0.475210
v 5.770931 -0.100000 -0.404097
v 5.706303 -0.100000 -0.335294
v 5.637684 -0.100000 -0.270466
v 5.566702 -0.100000 -0.211275
v 5.493356 -0.100000 -0.157721
v 5.417647 -0.100000 -0.109804
v 5.339574 -0.100000 -0.067525
v 5.259139 -0.100000 -0.030882
v 5.176339 -0.100000 0.000123
v 5.091176 -0.100000 0.025490
v 5.003650 -0.100000 0.045221
v 4.913760 -0.100000 0.059314
v 4.821507 -0.100000 0.067770
v 4.726891 -0.100000 0.070588
v 4.632668 -0.100000 0.067770
v 4.540756 -0.100000 0.059314
v 4.451155 -0.100000 0.045221
v 4.363865 -0.100000 0.025490
v 4.278887 -0.100000 0.000123
v 4.196218 -0.100000 -0.030882
v 4.115861 -0.100000 -0.067525
v 4.037815 -0.100000 -0.109804
v 3.962080 -0.100000 -0.157721
v 3.888656 -0.100000 -0.211275
v 3.817542 -0.100000 -0.270466
v 3.748739 -0.100000 -0.335294
v 3.683911 -0.100000 -0.404097
v 3.624720 -0.100000 -0.475210
v 3.571166 -0.100000 -0.548634
v 3.523249 -0.100000 -0.624370
v 3.480970 -0.100000 -0.702416
v 3.444328 -0.100000 -0.782773
v 3.413323 -0.100000 -0.865441
v 3.387955 -0.100000 -0.950420
v 3.368225 -0.100000 -1.037710
v 3.354132 -0.100000 -1.127311
v 3.345676 -0.100000 -1.219223
v 3.342857 -0.100000 -1.313445
v 3.342857 -0.100000 -2.649580
v 3.345675 -0.100000 -2.743803
v 3.354131 -0.100000 -2.835714
v 3.368224 -0.100000 -2.925315
v 3.387955 -0.100000 -3.012605
v 3.413322 -0.100000 -3.097584
v 3.444327 -0.100000 -3.180252
v 3.480969 -0.100000 -3.260609
v 3.523249 -0.100000 -3.338655
v 3.571166 -0.100000 -3.414391
v 3.624720 -0.100000 -3.487815
v 3.683911 -0.100000 -3.558928
v 3.748739 -0.100000 -3.627731
v 3.817542 -0.100000 -3.692560
v 3.888656 -0.100000 -3.751751
v 3.962080 -0.100000 -3.805305
v 4.037815 -0.100000 -3.853222
v 4.115861 -0.100000 -3.895501
v 4.196218 -0.100000 -3.932143
v 4.278887 -0.100000 -3.963148
v 4.363865 -0.100000 -3.988516
v 4.451155 -0.100000 -4.008246
v 4.540756 -0.100000 -4.022339
v 4.632668 -0.100000 -4.030795
v 4.726891 -0.100000 -4.033614
v 4.821507 -0.100000 -4.030795
v 4.913760 -0.100000 -4.022339
v 5.003650 -0.100000 -4.008246
v 5.091176 -0.100000 -3.988516
v 5.176339 -0.100000 -3.963148
v 5.259138 -0.100000 -3.932143
v 5.339574 -0.100000 -3.895501
v 5.417646 -0.100000 -3.853222
v 5.493355 -0.100000 -3.805305
v 5.566701 -0.100000 -3.751751
v 5.637683 -0.100000 -3.692560
v 5.706303 -0.100000 -3.627731
v 5.770930 -0.100000 -3.558928
v 5.829937 -0.100000 -3.487815
v 5.883325 -0.100000 -3.414391
v 5.931093 -0.100000 -3.338656
v 5.973241 -0.100000 -3.260610
v 6.009769 -0.100000 -3.180252
v 6.040678 -0.100000 -3.097584
v 6.065967 -0.100000 -3.012605
v 6.085635 -0.100000 -2.925315
v 6.099685 -0.100000 -2.835715
v 6.108114 -0.100000 -2.743803
v 2.258824 -0.100000 -1.847899
v 2.211117 -0.100000 -1.896534
v 2.159594 -0.100000 -1.942437
v 2.104254 -0.100000 -1.985609
v 2.045098 -0.100000 -2.026051
v 1.982125 -0.100000 -2.063761
v 1.915336 -0.100000 -2.098740
v 1.844730 -0.100000 -2.130988
v 1.770308 -0.100000 -2.160504
v 1.692069 -0.100000 -2.187290
v 1.610014 -0.100000 -2.211344
v 1.524142 -0.100000 -2.232668
v 1.434454 -0.100000 -2.251261
v 1.245378 -0.100000 -2.256302
v 1.245378 -0.100000 -2.483193
v 1.283867 -0.100000 -2.483999
v 1.321183 -0.100000 -2.485574
v 1.357327 -0.100000 -2.487920
v 1.392297 -0.100000 -2.491036
v 1.426094 -0.100000 -2.494923
v 1.458718 -0.100000 -2.499580
v 1.490170 -0.100000 -2.505007
v 1.520448 -0.100000 -2.511205
v 1.549553 -0.100000 -2.518173
v 1.577486 -0.100000 -2.525910
v 1.604245 -0.100000 -2.534419
v 1.629832 -0.100000 -2.543697
v 1.655007 -0.100000 -2.554254
v 1.680532 -0.100000 -2.566597
v 1.706407 -0.100000 -2.580725
v 1.732633 -0.100000 -2.596638
v 1.759209 -0.100000 -2.614338
v 1.786134 -0.100000 -2.633823
v 1.813410 -0.100000 -2.655094
v 1.841036 -0.100000 -2.678151
v 1.869013 -0.100000 -2.702994
v 1.897339 -0.100000 -2.729622
v 1.926015 -0.100000 -2.758036
v 1.955042 -0.100000 -2.788235
v 1.983027 -0.100000 -2.819818
v 2.008579 -0.100000 -2.852381
v 2.031696 -0.100000 -2.885924
v 2.052381 -0.100000 -2.920448
v 2.070632 -0.100000 -2.955952
v 2.086449 -0.100000 -2.992437
v 2.099833 -0.100000 -3.029902
v 2.110784 -0.100000 -3.068347
v 2.119301 -0.100000 -3.107773
v 2.125385 -0.100000 -3.148179
v 2.129035 -0.100000 -3.189566
v 2.130252 -0.100000 -3.231933
v 2.128992 -0.100000 -3.274659
v 2.125210 -0.100000 -3.316281
v 2.118907 -0.100000 -3.356802
v 2.110084 -0.100000 -3.396218
v 2.098740 -0.100000 -3.434533
v 2.084874 -0.100000 -3.471744
v 2.068487 -0.100000 -3.507852
v 2.049580 -0.100000 -3.542857
v 2.028151 -0.100000 -3.576760
v 2.004202 -0.100000 -3.609559
v 1.977731 -0.100000 -3.641256
v 1.948740 -0.100000 -3.671849
v 1.917962 -0.100000 -3.700639
v 1.886134 -0.100000 -3.726926
v 1.853256 -0.100000 -3.750709
v 1.819328 -0.100000 -3.771989
v 1.784349 -0.100000 -3.790765
v 1.748319 -0.100000 -3.807038
v 1.711240 -0.100000 -3.820807
v 1.673109 -0.100000 -3.832073
v 1.633929 -0.100000 -3.840835
v 1.593697 -0.100000 -3.847094
v 1.552416 -0.100000 -3.850849
v 1.510084 -0.100000 -3.852101
v 1.468137 -0.100000 -3.850858
v 1.427171 -0.100000 -3.847129
v 1.387185 -0.100000 -3.840914
v 1.348179 -0.100000 -3.832213
v 1.310154 -0.100000 -3.821026
v 1.273109 -0.100000 -3.807353
v 1.237045 -0.100000 -3.791194
v 1.201961 -0.100000 -3.772549
v 1.167857 -0.100000 -3.751418
v 1.134734 -0.100000 -3.727801
v 1.102591 -0.100000 -3.701698
v 1.071429 -0.100000 -3.673109
v 1.054990 -0.100000 -3.655707
v 1.039286 -0.100000 -3.637956
v 1.024317 -0.100000 -3.619853
v 1.010084 -0.100000 -3.601401
v 0.996586 -0.100000 -3.582598
v 0.983824 -0.100000 -3.563445
v 0.971796 -0.100000 -3.543942
v 0.960504 -0.100000 -3.524089
v 0.949947 -0.100000 -3.503886
v 0.940126 -0.100000 -3.483333
v 0.931040 -0.100000 -3.462430
v 0.922689 -0.100000 -3.441176
v 0.705882 -0.100000 -3.526891
v 0.715704 -0.100000 -3.556005
v 0.726681 -0.100000 -3.584524
v 0.738813 -0.100000 -3.612447
v 0.752101 -0.100000 -3.639776
v 0.766544 -0.100000 -3.666509
v 0.782143 -0.100000 -3.692647
v 0.798897 -0.100000 -3.718190
v 0.816807 -0.100000 -3.743137
v 0.835872 -0.100000 -3.767489
v 0.856093 -0.100000 -3.791246
v 0.877469 -0.100000 -3.814408
v 0.900000 -0.100000 -3.836975
v 0.943137 -0.100000 -3.877241
v 0.987675 -0.100000 -3.914006
v 1.033613 -0.100000 -3.947269
v 1.080952 -0.100000 -3.977031
v 1.129692 -0.100000 -4.003291
v 1.179832 -0.100000 -4.026051
v 1.231373 -0.100000 -4.045308
v 1.284314 -0.100000 -4.061064
v 1.338655 -0.100000 -4.073319
v 1.394398 -0.100000 -4.082073
v 1.451541 -0.100000 -4.087325
v 1.510084 -0.100000 -4.089076
v 1.569407 -0.100000 -4.087316
v 1.627206 -0.100000 -4.082038
v 1.683482 -0.100000 -4.073240
v 1.738235 -0.100000 -4.060925
v 1.791465 -0.100000 -4.045090
v 1.843172 -0.100000 -4.025735
v 1.893356 -0.100000 -4.002862
v 1.942017 -0.100000 -3.976471
v 1.989154 -0.100000 -3.946560
v 2.034769 -0.100000 -3.913131
v 2.078860 -0.100000 -3.876182
v 2.121429 -0.100000 -3.835714
v 2.161493 -0.100000 -3.792813
v 2.198074 -0.100000 -3.748564
v 2.231171 -0.100000 -3.702968
v 2.260784 -0.100000 -3.656023
v 2.286913 -0.100000 -3.607729
v 2.309559 -0.100000 -3.558088
v 2.328720 -0.100000 -3.507099
v 2.344398 -0.100000 -3.454762
v 2.356591 -0.100000 -3.401077
v 2.365301 -0.100000 -3.346044
v 2.370527 -0.100000 -3.289662
v 2.372269 -0.100000 -3.231933
v 2.370938 -0.100000 -3.173328
v 2.366947 -0.100000 -3.116842
v 2.360294 -0.100000 -3.062474
v 2.350980 -0.100000 -3.010224
v 2.339005 -0.100000 -2.960093
v 2.324370 -0.100000 -2.912080
v 2.307073 -0.100000 -2.866185
v 2.287115 -0.100000 -2.822409
v 2.264496 -0.100000 -2.780751
v 2.239216 -0.100000 -2.741211
v 2.211274 -0.100000 -2.703790
v 2.180672 -0.100000 -2.668487
v 2.148915 -0.100000 -2.635198
v 2.117507 -0.100000 -2.603817
v 2.086449 -0.100000 -2.574343
v 2.055742 -0.100000 -2.546779
v 2.025385 -0.100000 -2.521122
v 1.995378 -0.100000 -2.497374
v 1.965721 -0.100000 -2.475534
v 1.936414 -0.100000 -2.455602
v 1.907458 -0.100000 -2.437579
v 1.878851 -0.100000 -2.421463
v 1.850595 -0.100000 -2.407257
v 1.822689 -0.100000 -2.394958
v 1.882335 -0.100000 -2.373845
v 1.940266 -0.100000 -2.350840
v 1.996481 -0.100000 -2.325945
v 2.050981 -0.100000 -2.299160
v 2.103764 -0.100000 -2.270483
v 2.154832 -0.100000 -2.239916
v 2.204184 -0.100000 -2.207458
v 2.251821 -0.100000 -2.173109
v 2.297742 -0.100000 -2.136870
v 2.341947 -0.100000 -2.098740
v 2.384436 -0.100000 -2.058718
v 2.425210 -0.100000 -2.016807
v 2.480375 -0.100000 -1.954167
v 2.530742 -0.100000 -1.889776
v 2.576313 -0.100000 -1.823634
v 2.617087 -0.100000 -1.755742
v 2.653064 -0.100000 -1.686100
v 2.684244 -0.100000 -1.614706
v 2.710627 -0.100000 -1.541562
v 2.732213 -0.100000 -1.466667
v 2.749002 -0.100000 -1.390021
v 2.760994 -0.100000 -1.311625
v 2.768190 -0.100000 -1.231478
v 2.770588 -0.100000 -1.149580
v 2.768146 -0.100000 -1.067402
v 2.760819 -0.100000 -0.987255
v 2.748608 -0.100000 -0.909139
v 2.731513 -0.100000 -0.833053
v 2.709532 -0.100000 -0.758999
v 2.682668 -0.100000 -0.686975
v 2.650919 -0.100000 -0.616982
v 2.614286 -0.100000 -0.549020
v 2.572768 -0.100000 -0.483088
v 2.526366 -0.100000 -0.419188
v 2.475079 -0.100000 -0.357318
v 2.418908 -0.100000 -0.297479
v 2.359270 -0.100000 -0.241106
v 2.297584 -0.100000 -0.189636
v 2.233850 -0.100000 -0.143067
v 2.168067 -0.100000 -0.101401
v 2.100236 -0.100000 -0.064636
v 2.030357 -0.100000 -0.032773
v 1.958429 -0.100000 -0.005812
v 1.884454 -0.100000 0.016246
v 1.808429 -0.100000 0.033403
v 1.730357 -0.100000 0.045658
v 1.650236 -0.100000 0.053011
v 1.568067 -0.100000 0.055462
v 1.486292 -0.100000 0.052994
v 1.406513 -0.100000 0.045588
v 1.328729 -0.100000 0.033246
v 1.252941 -0.100000 0.015966
v 1.179149 -0.100000 -0.006250
v 1.107353 -0.100000 -0.033403
v 1.037553 -0.100000 -0.065494
v 0.969748 -0.100000 -0.102521
v 0.903939 -0.100000 -0.144485
v 0.840126 -0.100000 -0.191387
v 0.778309 -0.100000 -0.243225
v 0.718487 -0.100000 -0.300000
v 0.673389 -0.100000 -0.347724
v 0.631373 -0.100000 -0.396779
v 0.592437 -0.100000 -0.447164
v 0.556583 -0.100000 -0.498880
v 0.523810 -0.100000 -0.551926
v 0.494118 -0.100000 -0.606302
v 0.467507 -0.100000 -0.662010
v 0.443978 -0.100000 -0.719048
v 0.423529 -0.100000 -0.777416
v 0.406163 -0.100000 -0.837115
v 0.391877 -0.100000 -0.898144
v 0.380672 -0.100000 -0.960504
v 0.610084 -0.100000 -1.043697
v 0.617402 -0.100000 -0.988463
v 0.627591 -0.100000 -0.934524
v 0.640651 -0.100000 -0.881880
v 0.656583 -0.100000 -0.830532
v 0.675385 -0.100000 -0.780480
v 0.697059 -0.100000 -0.731723
v 0.721604 -0.100000 -0.684261
v 0.749020 -0.100000 -0.638095
v 0.779307 -0.100000 -0.593225
v 0.812465 -0.100000 -0.549650
v 0.848494 -0.100000 -0.507371
v 0.887395 -0.100000 -0.466387
v 0.935644 -0.100000 -0.421289
v 0.985434 -0.100000 -0.380112
v 1.036765 -0.100000 -0.342857
v 1.089636 -0.100000 -0.309524
v 1.144048 -0.100000 -0.280112
v 1.200000 -0.100000 -0.254622
v 1.257493 -0.100000 -0.233053
v 1.316527 -0.100000 -0.215406
v 1.377101 -0.100000 -0.201681
v 1.439216 -0.100000 -0.191877
v 1.502871 -0.100000 -0.185994
v 1.568067 -0.100000 -0.184034
v 1.634051 -0.100000 -0.185994
v 1.698389 -0.100000 -0.191877
v 1.761082 -0.100000 -0.201681
v 1.822129 -0.100000 -0.215406
v 1.881530 -0.100000 -0.233053
v 1.939286 -0.100000 -0.254622
v 1.995396 -0.100000 -0.280112
v 2.049860 -0.100000 -0.309524
v 2.102679 -0.100000 -0.342857
v 2.153852 -0.100000 -0.380112
v 2.203379 -0.100000 -0.421289
v 2.251261 -0.100000 -0.466387
v 2.296359 -0.100000 -0.514268
v 2.337535 -0.100000 -0.563796
v 2.374790 -0.100000 -0.614968
v 2.408123 -0.100000 -0.667787
v 2.437535 -0.100000 -0.722251
v 2.463025 -0.100000 -0.778361
v 2.484594 -0.100000 -0.836117
v 2.502241 -0.100000 -0.895518
v 2.515966 -0.100000 -0.956565
v 2.525770 -0.100000 -1.019258
v 2.531653 -0.100000 -1.083596
v 2.533613 -0.100000 -1.149580
v 2.531705 -0.100000 -1.215284
v 2.525980 -0.100000 -1.279622
v 2.516439 -0.100000 -1.342595
v 2.503081 -0.100000 -1.404202
v 2.485907 -0.100000 -1.464443
v 2.464916 -0.100000 -1.523319
v 2.440109 -0.100000 -1.580830
v 2.411484 -0.100000 -1.636975
v 2.379044 -0.100000 -1.691754
v 2.342787 -0.100000 -1.745168
v 2.302714 -0.100000 -1.797217
v 2.258824 -0.100000 -1.847899
v 2.258824 0.100000 -1.847899
v 2.211117 -0.100000 -1.896534
v 2.211117 0.100000 -1.896534
v 2.159594 -0.100000 -1.942437
v 2.159594 0.100000 -1.942437
v 2.104254 -0.100000 -1.985609
v 2.104254 0.100000 -1.985609
v 2.045098 -0.100000 -2.026051
v 2.045098 0.100000 -2.026051
v 1.982125 -0.100000 -2.063761
v 1.982125 0.100000 -2.063761
v 1.915336 -0.100000 -2.098740
v 1.915336 0.100000 -2.098740
v 1.844730 -0.100000 -2.130988
v 1.844730 0.100000 -2.130988
v 1.770308 -0.100000 -2.160504
v 1.770308 0.100000 -2.160504
v 1.692069 -0.100000 -2.187290
v 1.692069 0.100000 -2.187290
v 1.610014 -0.100000 -2.211344
v 1.610014 0.100000 -2.211344
v 1.524142 -0.100000 -2.232668
v 1.524142 0.100000 -2.232668
v 1.434454 -0.100000 -2.251261
v 1.434454 0.100000 -2.251261
v 1.245378 -0.100000 -2.256302
v 1.245378 0.100000 -2.256302
v 1.245378 -0.100000 -2.483193
v 1.245378 0.100000 -2.483193
v 1.283867 -0.100000 -2.483999
v 1.283867 0.100000 -2.483999
v 1.321183 -0.100000 -2.485574
v 1.321183 0.100000 -2.485574
v 1.357327 -0.100000 -2.487920
v 1.357327 0.100000 -2.487920
v 1.392297 -0.100000 -2.491036
v 1.392297 0.100000 -2.491036
v 1.426094 -0.100000 -2.494923
v 1.426094 0.100000 -2.494923
v 1.458718 -0.100000 -2.499580
v 1.458718 0.100000 -2.499580
v 1.490170 -0.100000 -2.505007
v 1.490170 0.100000 -2.505007
v 1.520448 -0.100000 -2.511205
v 1.520448 0.100000 -2.511205
v 1.549553 -0.100000 -2.518173
v 1.549553 0.100000 -2.518173
v 1.577486 -0.100000 -2.525910
v 1.577486 0.100000 -2.525910
v 1.604245 -0.100000 -2.534419
v 1.604245 0.100000 -2.534419
v 1.629832 -0.100000 -2.543697
v 1.629832 0.100000 -2.543697
v 1.655007 -0.100000 -2.554254
v 1.655007 0.100000 -2.554254
v 1.680532 -0.100000 -2.566597
v 1.680532 0.100000 -2.566597
v 1.706407 -0.100000 -2.580725
v 1.706407 0.100000 -2.580725
v 1.732633 -0.100000 -2.596638
v 1.732633 0.100000 -2.596638
v 1.759209 -0.100000 -2.614338
v 1.759209 0.100000 -2.614338
v 1.786134 -0.100000 -2.633823
v 1.786134 0.100000 -2.633823
v 1.813410 -0.100000 -2.655094
v 1.813410 0.100000 -2.655094
v 1.841036 -0.100000 -2.678151
v 1.841036 0.100000 -2.678151
v 1.869013 -0.100000 -2.702994
v 1.869013 0.100000 -2.702994
v 1.897339 -0.100000 -2.729622
v 1.897339 0.100000 -2.729622
v 1.926015 -0.100000 -2.758036
v 1.926015 0.100000 -2.758036
v 1.955042 -0.100000 -2.788235
v 1.955042 0.100000 -2.788235
v 1.983027 -0.100000 -2.819818
v 1.983027 0.100000 -2.819818
v 2.008579 -0.100000 -2.852381
v 2.008579 0.100000 -2.852381
v 2.031696 -0.100000 -2.885924
v 2.031696 0.100000 -2.885924
v 2.052381 -0.100000 -2.920448
v 2.052381 0.100000 -2.920448
v 2.070632 -0.100000 -2.955952
v 2.070632 0.100000 -2.955952
v 2.086449 -0.100000 -2.992437
v 2.086449 0.100000 -2.992437
v 2.099833 -0.100000 -3.029902
v 2.099833 0.100000 -3.029902
v 2.110784 -0.100000 -3.068347
v 2.110784 0.100000 -3.068347
v 2.119301 -0.100000 -3.107773
v 2.119301 0.100000 -3.107773
v 2.125385 -0.100000 -3.148179
v 2.125385 0.100000 -3.148179
v 2.129035 -0.100000 -3.189566
v 2.129035 0.100000 -3.189566
v 2.130252 -0.100000 -3.231933
v 2.130252 0.100000 -3.231933
v 2.128992 -0.100000 -3.274659
v 2.128992 0.100000 -3.274659
v 2.125210 -0.100000 -3.316281
v 2.125210 0.100000 -3.316281
v 2.118907 -0.100000 -3.356802
v 2.118907 0.100000 -3.356802
v 2.110084 -0.100000 -3.396218
v 2.110084 0.100000 -3.396218
v 2.098740 -0.100000 -3.434533
v 2.098740 0.100000 -3.434533
v 2.084874 -0.100000 -3.471744
v 2.084874 0.100000 -3.471744
v 2.068487 -0.100000 -3.507852
v 2.068487 0.100000 -3.507852
v 2.049580 -0.100000 -3.542857
v 2.049580 0.100000 -3.542857
v 2.028151 -0.100000 -3.576760
v 2.028151 0.100000 -3.576760
v 2.004202 -0.100000 -3.609559
v 2.004202 0.100000 -3.609559
v 1.977731 -0.100000 -3.641256
v 1.977731 0.100000 -3.641256
v 1.948740 -0.100000 -3.671849
v 1.948740 0.100000 -3.671849
v 1.917962 -0.100000 -3.700639
v 1.917962 0.100000 -3.700639
v 1.886134 -0.100000 -3.726926
v 1.886134 0.100000 -3.726926
v 1.853256 -0.100000 -3.750709
v 1.853256 0.100000 -3.750709
v 1.819328 -0.100000 -3.771989
v 1.819328 0.100000 -3.771989
v 1.784349 -0.100000 -3.790765
v 1.784349 0.100000 -3.790765
v 1.748319 -0.100000 -3.807038
v 1.748319 0.100000 -3.807038
v 1.711240 -0.100000 -3.820807
v 1.711240 0.100000 -3.820807
v 1.673109 -0.100000 -3.832073
v 1.673109 0.100000 -3.832073
v 1.633929 -0.100000 -3.840835
v 1.633929 0.100000 -3.840835
v 1.593697 -0.100000 -3.847094
v 1.593697 0.100000 -3.847094
v 1.552416 -0.100000 -3.850849
v 1.552416 0.100000 -3.850849
v 1.510084 -0.100000 -3.852101
v 1.510084 0.100000 -3.852101
v 1.468137 -0.100000 -3.850858
v 1.468137 0.100000 -3.850858
v 1.427171 -0.100000 -3.847129
v 1.427171 0.100000 -3.847129
v 1.387185 -0.100000 -3.840914
v 1.387185 0.100000 -3.840914
v 1.348179 -0.100000 -3.832213
v 1.348179 0.100000 -3.832213
v 1.310154 -0.100000 -3.821026
v 1.310154 0.100000 -3.821026
v 1.273109 -0.100000 -3.807353
v 1.273109 0.100000 -3.807353
v 1.237045 -0.100000 -3.791194
v 1.237045 0.100000 -3.791194
v 1.201961 -0.100000 -3.772549
v 1.201961 0.100000 -3.772549
v 1.167857 -0.100000 -3.751418
v 1.167857 0.100000 -3.751418
v 1.134734 -0.100000 -3.727801
v 1.134734 0.100000 -3.727801
v 1.102591 -0.100000 -3.701698
v 1.102591 0.100000 -3.701698
v 1.071429 -0.100000 -3.673109
v 1.071429 0.100000 -3.673109
v 1.054990 -0.100000 -3.655707
v 1.054990 0.100000 -3.655707
v 1.039286 -0.100000 -3.637956
v 1.039286 0.100000 -3.637956
v 1.024317 -0.100000 -3.619853
v 1.024317 0.100000 -3.619853
v 1.010084 -0.100000 -3.601401
v 1.010084 0.100000 -3.601401
v 0.996586 -0.100000 -3.582598
v 0.996586 0.100000 -3.582598
v 0.983824 -0.100000 -3.563445
v 0.983824 0.100000 -3.563445
v 0.971796 -0.100000 -3.543942
v 0.971796 0.100000 -3.543942
v 0.960504 -0.100000 -3.524089
v 0.960504 0.100000 -3.524089
v 0.949947 -0.100000 -3.503886
v 0.949947 0.100000 -3.503886
v 0.940126 -0.100000 -3.483333
v 0.940126 0.100000 -3.483333
v 0.931040 -0.100000 -3.462430
v 0.931040 0.100000 -3.462430
v 0.922689 -0.100000 -3.441176
v 0.922689 0.100000 -3.441176
v 0.705882 -0.100000 -3.526891
v 0.705882 0.100000 -3.526891
v 0.715704 -0.100000 -3.556005
v 0.715704 0.100000 -3.556005
v 0.726681 -0.100000 -3.584524
v 0.726681 0.100000 -3.584524
v 0.738813 -0.100000 -3.612447
v 0.738813 0.100000 -3.612447
v 0.752101 -0.100000 -3.639776
v 0.752101 0.100000 -3.639776
v 0.766544 -0.100000 -3.666509
v 0.766544 0.100000 -3.666509
v 0.782143 -0.100000 -3.692647
v 0.782143 0.100000 -3.692647
v 0.798897 -0.100000 -3.718190
v 0.798897 0.100000 -3.718190
v 0.816807 -0.100000 -3.743137
v 0.816807 0.100000 -3.743137
v 0.835872 -0.100000 -3.767489
v 0.835872 0.100000 -3.767489
v 0.856093 -0.100000 -3.791246
v 0.856093 0.100000 -3.791246
v 0.877469 -0.100000 -3.814408
v 0.877469 0.100000 -3.814408
v 0.900000 -0.100000 -3.836975
v 0.900000 0.100000 -3.836975
v 0.943137 -0.100000 -3.877241
v 0.943137 0.100000 -3.877241
v 0.987675 -0.100000 -3.914006
v 0.987675 0.100000 -3.914006
v 1.033613 -0.100000 -3.947269
v 1.033613 0.100000 -3.947269
v 1.080952 -0.100000 -3.977031
v 1.080952 0.100000 -3.977031
v 1.129692 -0.100000 -4.003291
v 1.129692 0.100000 -4.003291
v 1.179832 -0.100000 -4.026051
v 1.179832 0.100000 -4.026051
v 1.231373 -0.100000 -4.045308
v 1.231373 0.100000 -4.045308
v 1.284314 -0.100000 -4.061064
v 1.284314 0.100000 -4.061064
v 1.338655 -0.100000 -4.073319
v 1.338655 0.100000 -4.073319
v 1.394398 -0.100000 -4.082073
v 1.394398 0.100000 -4.082073
v 1.451541 -0.100000 -4.087325
v 1.451541 0.100000 -4.087325
v 1.510084 -0.100000 -4.089076
v 1.510084 0.100000 -4.089076
v 1.569407 -0.100000 -4.087316
v 1.569407 0.100000 -4.087316
v 1.627206 -0.100000 -4.082038
v 1.627206 0.100000 -4.082038
v 1.683482 -0.100000 -4.073240
v 1.683482 0.100000 -4.073240
v 1.738235 -0.100000 -4.060925
v 1.738235 0.100000 -4.060925
v 1.791465 -0.100000 -4.045090
v 1.791465 0.100000 -4.045090
v 1.843172 -0.100000 -4.025735
v 1.843172 0.100000 -4.025735
v 1.893356 -0.100000 -4.002862
v 1.893356 0.100000 -4.002862
v 1.942017 -0.100000 -3.976471
v 1.942017 0.100000 -3.976471
v 1.989154 -0.100000 -3.946560
v 1.989154 0.100000 -3.946560
v 2.034769 -0.100000 -3.913131
v 2.034769 0.100000 -3.913131
v 2.078860 -0.100000 -3.876182
v 2.078860 0.100000 -3.876182
v 2.121429 -0.100000 -3.835714
v 2.121429 0.100000 -3.835714
v 2.161493 -0.100000 -3.792813
v 2.161493 0.100000 -3.792813
v 2.198074 -0.100000 -3.748564
v 2.198074 0.100000 -3.748564
v 2.231171 -0.100000 -3.702968
v 2.231171 0.100000 -3.702968
v 2.260784 -0.100000 -3.656023
v 2.260784 0.100000 -3.656023
v 2.286913 -0.100000 -3.607729
v 2.286913 0.100000 -3.607729
v 2.309559 -0.100000 -3.558088
v 2.309559 0.100000 -3.558088
v 2.328720 -0.100000 -3.507099
v 2.328720 0.100000 -3.507099
v 2.344398 -0.100000 -3.454762
v 2.344398 0.100000 -3.454762
v 2.356591 -0.100000 -3.401077
v 2.356591 0.100000 -3.401077
v 2.365301 -0.100000 -3.346044
v 2.365301 0.100000 -3.346044
v 2.370527 -0.100000 -3.289662
v 2.370527 0.100000 -3.289662
v 2.372269 -0.100000 -3.231933
v 2.372269 0.100000 -3.231933
v 2.370938 -0.100000 -3.173328
v 2.370938 0.100000 -3.173328
v 2.366947 -0.100000 -3.116842
v 2.366947 0.100000 -3.116842
v 2.360294 -0.100000 -3.062474
v 2.360294 0.100000 -3.062474
v 2.350980 -0.100000 -3.010224
v 2.350980 0.100000 -3.010224
v 2.339005 -0.100000 -2.960093
v 2.339005 0.100000 -2.960093
v 2.324370 -0.100000 -2.912080
v 2.324370 0.100000 -2.912080
v 2.307073 -0.100000 -2.866185
v 2.307073 0.100000 -2.866185
v 2.287115 -0.100000 -2.822409
v 2.287115 0.100000 -2.822409
v 2.264496 -0.100000 -2.780751
v 2.264496 0.100000 -2.780751
v 2.239216 -0.100000 -2.741211
v 2.239216 0.100000 -2.741211
v 2.211274 -0.100000 -2.703790
v 2.211274 0.100000 -2.703790
v 2.180672 -0.100000 -2.668487
v 2.180672 0.100000 -2.668487
v 2.148915 -0.100000 -2.635198
v 2.148915 0.100000 -2.635198
v 2.117507 -0.100000 -2.603817
v 2.117507 0.100000 -2.603817
v 2.086449 -0.100000 -2.574343
v 2.086449 0.100000 -2.574343
v 2.055742 -0.100000 -2.546779
v 2.055742 0.100000 -2.546779
v 2.025385 -0.100000 -2.521122
v 2.025385 0.100000 -2.521122
v 1.995378 -0.100000 -2.497374
v 1.995378 0.100000 -2.497374
v 1.965721 -0.100000 -2.475534
v 1.965721 0.100000 -2.475534
v 1.936414 -0.100000 -2.455602
v 1.936414 0.100000 -2.455602
v 1.907458 -0.100000 -2.437579
v 1.907458 0.100000 -2.437579
v 1.878851 -0.100000 -2.421463
v 1.878851 0.100000 -2.421463
v 1.850595 -0.100000 -2.407257
v 1.850595 0.100000 -2.407257
v 1.822689 -0.100000 -2.394958
v 1.822689 0.100000 -2.394958
v 1.882335 -0.100000 -2.373845
v 1.882335 0.100000 -2.373845
v 1.940266 -0.100000 -2.350840
v 1.940266 0.100000 -2.350840
v 1.996481 -0.100000 -2.325945
v 1.996481 0.100000 -2.325945
v 2.050981 -0.100000 -2.299160
v 2.050981 0.100000 -2.299160
v 2.103764 -0.100000 -2.270483
v 2.103764 0.100000 -2.270483
v 2.154832 -0.100000 -2.239916
v 2.154832 0.100000 -2.239916
v 2.204184 -0.100000 -2.207458
v 2.204184 0.100000 -2.207458
v 2.251821 -0.100000 -2.173109
v 2.251821 0.100000 -2.173109
v 2.297742 -0.100000 -2.136870
v 2.297742 0.100000 -2.136870
v 2.341947 -0.100000 -2.098740
v 2.341947 0.100000 -2.098740
v 2.384436 -0.100000 -2.058718
v 2.384436 0.100000 -2.058718
v 2.425210 -0.100000 -2.016807
v 2.425210 0.100000 -2.016807
v 2.480375 -0.100000 -1.954167
v 2.480375 0.100000 -1.954167
v 2.530742 -0.100000 -1.889776
v 2.530742 0.100000 -1.889776
v 2.576313 -0.100000 -1.823634
v 2.576313 0.100000 -1.823634
v 2.617087 -0.100000 -1.755742
v 2.617087 0.100000 -1.755742
v 2.653064 -0.100000 -1.686100
v 2.653064 0.100000 -1.686100
v 2.684244 -0.100000 -1.614706
v 2.684244 0.100000 -1.614706
v 2.710627 -0.100000 -1.541562
v 2.710627 0.100000 -1.541562
v 2.732213 -0.100000 -1.466667
v 2.732213 0.100000 -1.466667
v 2.749002 -0.100000 -1.390021
v 2.749002 0.100000 -1.390021
v 2.760994 -0.100000 -1.311625
v 2.760994 0.100000 -1.311625
v 2.768190 -0.100000 -1.231478
v 2.768190 0.100000 -1.231478
v 2.770588 -0.100000 -1.149580
v 2.770588 0.100000 -1.149580
v 2.768146 -0.100000 -1.067402
v 2.768146 0.100000 -1.067402
v 2.760819 -0.100000 -0.987255
v 2.760819 0.100000 -0.987255
v 2.748608 -0.100000 -0.909139
v 2.748608 0.100000 -0.909139
v 2.731513 -0.100000 -0.833053
v 2.731513 0.100000 -0.833053
v 2.709532 -0.100000 -0.758999
v 2.709532 0.100000 -0.758999
v 2.682668 -0.100000 -0.686975
v 2.682668 0.100000 -0.686975
v 2.650919 -0.100000 -0.616982
v 2.650919 0.100000 -0.616982
v 2.614286 -0.100000 -0.549020
v 2.614286 0.100000 -0.549020
v 2.572768 -0.100000 -0.483088
v 2.572768 0.100000 -0.483088
v 2.526366 -0.100000 -0.419188
v 2.526366 0.100000 -0.419188
v 2.475079 -0.100000 -0.357318
v 2.475079 0.100000 -0.357318
v 2.418908 -0.100000 -0.297479
v 2.418908 0.100000 -0.297479
v 2.359270 -0.100000 -0.241106
v 2.359270 0.100000 -0.241106
v 2.297584 -0.100000 -0.189636
v 2.297584 0.100000 -0.189636
v 2.233850 -0.100000 -0.143067
v 2.233850 0.100000 -0.143067
v 2.168067 -0.100000 -0.101401
v 2.168067 0.100000 -0.101401
v 2.100236 -0.100000 -0.064636
v 2.100236 0.100000 -0.064636
v 2.030357 -0.100000 -0.032773
v 2.030357 0.100000 -0.032773
v 1.958429 -0.100000 -0.005812
v 1.958429 0.100000 -0.005812
v 1.884454 -0.100000 0.016246
v 1.884454 0.100000 0.016246
v 1.808429 -0.100000 0.033403
v 1.808429 0.100000 0.033403
v 1.730357 -0.100000 0.045658
v 1.730357 0.100000 0.045658
v 1.650236 -0.100000 0.053011
v 1.650236 0.100000 0.053011
v 1.568067 -0.100000 0.055462
v 1.568067 0.100000 0.055462
v 1.486292 -0.100000 0.052994
v 1.486292 0.100000 0.052994
v 1.406513 -0.100000 0.045588
v 1.406513 0.100000 0.045588
v 1.328729 -0.100000 0.033246
v 1.328729 0.100000 0.033246
v 1.252941 -0.100000 0.015966
v 1.252941 0.100000 0.015966
v 1.179149 -0.100000 -0.006250
v 1.179149 0.100000 -0.006250
v 1.107353 -0.100000 -0.033403
v 1.107353 0.100000 -0.033403
v 1.037553 -0.100000 -0.065494
v 1.037553 0.100000 -0.065494
v 0.969748 -0.100000 -0.102521
v 0.969748 0.100000 -0.102521
v 0.903939 -0.100000 -0.144485
v 0.903939 0.100000 -0.144485
v 0.840126 -0.100000 -0.191387
v 0.840126 0.100000 -0.191387
v 0.778309 -0.100000 -0.243225
v 0.778309 0.100000 -0.243225
v 0.718487 -0.100000 -0.300000
v 0.718487 0.100000 -0.300000
v 0.673389 -0.100000 -0.347724
v 0.673389 0.100000 -0.347724
v 0.631373 -0.100000 -0.396779
v 0.631373 0.100000 -0.396779
v 0.592437 -0.100000 -0.447164
v 0.592437 0.100000 -0.447164
v 0.556583 -0.100000 -0.498880
v 0.556583 0.100000 -0.498880
v 0.523810 -0.100000 -0.551926
v 0.523810 0.100000 -0.551926
v 0.494118 -0.100000 -0.606302
v 0.494118 0.100000 -0.606302
v 0.467507 -0.100000 -0.662010
v 0.467507 0.100000 -0.662010
v 0.443978 -0.100000 -0.719048
v 0.443978 0.100000 -0.719048
v 0.423529 -0.100000 -0.777416
v 0.423529 0.100000 -0.777416
v 0.406163 -0.100000 -0.837115
v 0.406163 0.100000 -0.837115
v 0.391877 -0.100000 -0.898144
v 0.391877 0.100000 -0.898144
v 0.380672 -0.100000 -0.960504
v 0.380672 0.100000 -0.960504
v 0.610084 -0.100000 -1.043697
v 0.610084 0.100000 -1.043697
v 0.617402 -0.100000 -0.988463
v 0.617402 0.100000 -0.988463
v 0.627591 -0.100000 -0.934524
v 0.627591 0.100000 -0.934524
v 0.640651 -0.100000 -0.881880
v 0.640651 0.100000 -0.881880
v 0.656583 -0.100000 -0.830532
v 0.656583 0.100000 -0.830532
v 0.675385 -0.100000 -0.780480
v 0.675385 0.100000 -0.780480
v 0.697059 -0.100000 -0.731723
v 0.697059 0.100000 -0.731723
v 0.721604 -0.100000 -0.684261
v 0.721604 0.100000 -0.684261
v 0.749020 -0.100000 -0.638095
v 0.749020 0.100000 -0.638095
v 0.779307 -0.100000 -0.593225
v 0.779307 0.100000 -0.593225
v 0.812465 -0.100000 -0.549650
v 0.812465 0.100000 -0.549650
v 0.848494 -0.100000 -0.507371
v 0.848494 0.100000 -0.507371
v 0.887395 -0.100000 -0.466387
v 0.887395 0.100000 -0.466387
v 0.935644 -0.100000 -0.421289
v 0.935644 0.100000 -0.421289
v 0.985434 -0.100000 -0.380112
v 0.985434 0.100000 -0.380112
v 1.036765 -0.100000 -0.342857
v 1.036765 0.100000 -0.342857
v 1.089636 -0.100000 -0.309524
v 1.089636 0.100000 -0.309524
v 1.144048 -0.100000 -0.280112
v 1.144048 0.100000 -0.280112
v 1.200000 -0.100000 -0.254622
v 1.200000 0.100000 -0.254622
v 1.257493 -0.100000 -0.233053
v 1.257493 0.100000 -0.233053
v 1.316527 -0.100000 -0.215406
v 1.316527 0.100000 -0.215406
v 1.377101 -0.100000 -0.201681
v 1.377101 0.100000 -0.201681
v 1.439216 -0.100000 -0.191877
v 1.439216 0.100000 -0.191877
v 1.502871 -0.100000 -0.185994
v 1.502871 0.100000 -0.185994
v 1.568067 -0.100000 -0.184034
v 1.568067 0.100000 -0.184034
v 1.634051 -0.100000 -0.185994
v 1.634051 0.100000 -0.185994
v 1.698389 -0.100000 -0.191877
v 1.698389 0.100000 -0.191877
v 1.761082 -0.100000 -0.201681
v 1.761082 0.100000 -0.201681
v 1.822129 -0.100000 -0.215406
v 1.822129 0.100000 -0.215406
v 1.881530 -0.100000 -0.233053
v 1.881530 0.100000 -0.233053
v 1.939286 -0.100000 -0.254622
v 1.939286 0.100000 -0.254622
v 1.995396 -0.100000 -0.280112
v 1.995396 0.100000 -0.280112
v 2.049860 -0.100000 -0.309524
v 2.049860 0.100000 -0.309524
v 2.102679 -0.100000 -0.342857
v 2.102679 0.100000 -0.342857
v 2.153852 -0.100000 -0.380112
v 2.153852 0.100000 -0.380112
v 2.203379 -0.100000 -0.421289
v 2.203379 0.100000 -0.421289
v 2.251261 -0.100000 -0.466387
v 2.251261 0.100000 -0.466387
v 2.296359 -0.100000 -0.514268
v 2.296359 0.100000 -0.514268
v 2.337535 -0.100000 -0.563796
v 2.337535 0.100000 -0.563796
v 2.374790 -0.100000 -0.614968
v 2.374790 0.100000 -0.614968
v 2.408123 -0.100000 -0.667787
v 2.408123 0.100000 -0.667787
v 2.437535 -0.100000 -0.722251
v 2.437535 0.100000 -0.722251
v 2.463025 -0.100000 -0.778361
v 2.463025 0.100000 -0.778361
v 2.484594 -0.100000 -0.836117
v 2.484594 0.100000 -0.836117
v 2.502241 -0.100000 -0.895518
v 2.502241 0.100000 -0.895518
v 2.515966 -0.100000 -0.956565
v 2.515966 0.100000 -0.956565
v 2.525770 -0.100000 -1.019258
v 2.525770 0.100000 -1.019258
v 2.531653 -0.100000 -1.083596
v 2.531653 0.100000 -1.083596
v 2.533613 -0.100000 -1.149580
v 2.533613 0.100000 -1.149580
v 2.531705 -0.100000 -1.215284
v 2.531705 0.100000 -1.215284
v 2.525980 -0.100000 -1.279622
v 2.525980 0.100000 -1.279622
v 2.516439 -0.100000 -1.342595
v 2.516439 0.100000 -1.342595
v 2.503081 -0.100000 -1.404202
v 2.503081 0.100000 -1.404202
v 2.485907 -0.100000 -1.464443
v 2.485907 0.100000 -1.464443
v 2.464916 -0.100000 -1.523319
v 2.464916 0.100000 -1.523319
v 2.440109 -0.100000 -1.580830
v 2.440109 0.100000 -1.580830
v 2.411484 -0.100000 -1.636975
v 2.411484 0.100000 -1.636975
v 2.379044 -0.100000 -1.691754
v 2.379044 0.100000 -1.691754
v 2.342787 -0.100000 -1.745168
v 2.342787 0.100000 -1.745168
v 2.302714 -0.100000 -1.797217
v 2.302714 0.100000 -1.797217
v 5.871428 -0.100000 -1.313445
v 5.871428 0.100000 -1.313445
v 5.871428 -0.100000 -2.649580
v 5.871428 0.100000 -2.649580
v 5.869100 -0.100000 -2.727600
v 5.869100 0.100000 -2.727600
v 5.862115 -0.100000 -2.803676
v 5.862115 0.100000 -2.803676
v 5.850472 -0.100000 -2.877810
v 5.850472 0.100000 -2.877810
v 5.834174 -0.100000 -2.950000
v 5.834174 0.100000 -2.950000
v 5.813218 -0.100000 -3.020247
v 5.813218 0.100000 -3.020247
v 5.787605 -0.100000 -3.088550
v 5.787605 0.100000 -3.088550
v 5.757336 -0.100000 -3.154911
v 5.757336 0.100000 -3.154911
v 5.722409 -0.100000 -3.219327
v 5.722409 0.100000 -3.219327
v 5.682826 -0.100000 -3.281801
v 5.682826 0.100000 -3.281801
v 5.638586 -0.100000 -3.342331
v 5.638586 0.100000 -3.342331
v 5.589688 -0.100000 -3.400918
v 5.589688 0.100000 -3.400918
v 5.536135 -0.100000 -3.457563
v 5.536135 0.100000 -3.457563
v 5.479289 -0.100000 -3.510916
v 5.479289 0.100000 -3.510916
v 5.420518 -0.100000 -3.559629
v 5.420518 0.100000 -3.559629
v 5.359821 -0.100000 -3.603703
v 5.359821 0.100000 -3.603703
v 5.297199 -0.100000 -3.643137
v 5.297199 0.100000 -3.643137
v 5.232650 -0.100000 -3.677933
v 5.232650 0.100000 -3.677933
v 5.166176 -0.100000 -3.708088
v 5.166176 0.100000 -3.708088
v 5.097776 -0.100000 -3.733605
v 5.097776 0.100000 -3.733605
v 5.027451 -0.100000 -3.754482
v 5.027451 0.100000 -3.754482
v 4.955199 -0.100000 -3.770720
v 4.955199 0.100000 -3.770720
v 4.881022 -0.100000 -3.782318
v 4.881022 0.100000 -3.782318
v 4.804919 -0.100000 -3.789277
v 4.804919 0.100000 -3.789277
v 4.726891 -0.100000 -3.791597
v 4.726891 0.100000 -3.791597
v 4.648862 -0.100000 -3.789277
v 4.648862 0.100000 -3.789277
v 4.572759 -0.100000 -3.782318
v 4.572759 0.100000 -3.782318
v 4.498582 -0.100000 -3.770720
v 4.498582 0.100000 -3.770720
v 4.426331 -0.100000 -3.754482
v 4.426331 0.100000 -3.754482
v 4.356005 -0.100000 -3.733605
v 4.356005 0.100000 -3.733605
v 4.287605 -0.100000 -3.708088
v 4.287605 0.100000 -3.708088
v 4.221131 -0.100000 -3.677933
v 4.221131 0.100000 -3.677933
v 4.156583 -0.100000 -3.643137
v 4.156583 0.100000 -3.643137
v 4.093960 -0.100000 -3.603703
v 4.093960 0.100000 -3.603703
v 4.033263 -0.100000 -3.559629
v 4.033263 0.100000 -3.559629
v 3.974492 -0.100000 -3.510916
v 3.974492 0.100000 -3.510916
v 3.917647 -0.100000 -3.457563
v 3.917647 0.100000 -3.457563
v 3.864093 -0.100000 -3.400919
v 3.864093 0.100000 -3.400919
v 3.815196 -0.100000 -3.342332
v 3.815196 0.100000 -3.342332
v 3.770956 -0.100000 -3.281801
v 3.770956 0.100000 -3.281801
v 3.731373 -0.100000 -3.219328
v 3.731373 0.100000 -3.219328
v 3.696447 -0.100000 -3.154911
v 3.696447 0.100000 -3.154911
v 3.666177 -0.100000 -3.088551
v 3.666177 0.100000 -3.088551
v 3.640564 -0.100000 -3.020247
v 3.640564 0.100000 -3.020247
v 3.619608 -0.100000 -2.950000
v 3.619608 0.100000 -2.950000
v 3.603310 -0.100000 -2.877810
v 3.603310 0.100000 -2.877810
v 3.591667 -0.100000 -2.803676
v 3.591667 0.100000 -2.803676
v 3.584682 -0.100000 -2.727600
v 3.584682 0.100000 -2.727600
v 3.582353 -0.100000 -2.649580
v 3.582353 0.100000 -2.649580
v 3.582353 -0.100000 -1.313445
v 3.582353 0.100000 -1.313445
v 3.584682 -0.100000 -1.235425
v 3.584682 0.100000 -1.235425
v 3.591667 -0.100000 -1.159349
v 3.591667 0.100000 -1.159349
v 3.603309 -0.100000 -1.085215
v 3.603309 0.100000 -1.085215
v 3.619608 -0.100000 -1.013025
v 3.619608 0.100000 -1.013025
v 3.640564 -0.100000 -0.942778
v 3.640564 0.100000 -0.942778
v 3.666176 -0.100000 -0.874475
v 3.666176 0.100000 -0.874475
v 3.696446 -0.100000 -0.808115
v 3.696446 0.100000 -0.808115
v 3.731372 -0.100000 -0.743698
v 3.731372 0.100000 -0.743698
v 3.770956 -0.100000 -0.681224
v 3.770956 0.100000 -0.681224
v 3.815196 -0.100000 -0.620693
v 3.815196 0.100000 -0.620693
v 3.864093 -0.100000 -0.562106
v 3.864093 0.100000 -0.562106
v 3.917647 -0.100000 -0.505462
v 3.917647 0.100000 -0.505462
v 3.974492 -0.100000 -0.452110
v 3.974492 0.100000 -0.452110
v 4.033263 -0.100000 -0.403396
v 4.033263 0.100000 -0.403396
v 4.093960 -0.100000 -0.359322
v 4.093960 0.100000 -0.359322
v 4.156582 -0.100000 -0.319888
v 4.156582 0.100000 -0.319888
v 4.221131 -0.100000 -0.285093
v 4.221131 0.100000 -0.285093
v 4.287605 -0.100000 -0.254937
v 4.287605 0.100000 -0.254937
v 4.356005 -0.100000 -0.229421
v 4.356005 0.100000 -0.229421
v 4.426331 -0.100000 -0.208543
v 4.426331 0.100000 -0.208543
v 4.498582 -0.100000 -0.192306
v 4.498582 0.100000 -0.192306
v 4.572759 -0.100000 -0.180707
v 4.572759 0.100000 -0.180707
v 4.648861 -0.100000 -0.173748
v 4.648861 0.100000 -0.173748
v 4.726891 -0.100000 -0.171429
v 4.726891 0.100000 -0.171429
v 4.804919 -0.100000 -0.173748
v 4.804919 0.100000 -0.173748
v 4.881022 -0.100000 -0.180707
v 4.881022 0.100000 -0.180707
v 4.955199 -0.100000 -0.192306
v 4.955199 0.100000 -0.192306
v 5.027451 -0.100000 -0.208543
v 5.027451 0.100000 -0.208543
v 5.097776 -0.100000 -0.229421
v 5.097776 0.100000 -0.229421
v 5.166176 -0.100000 -0.254937
v 5.166176 0.100000 -0.254937
v 5.232650 -0.100000 -0.285093
v 5.232650 0.100000 -0.285093
v 5.297199 -0.100000 -0.319888
v 5.297199 0.100000 -0.319888
v 5.359821 -0.100000 -0.359322
v 5.359821 0.100000 -0.359322
v 5.420518 -0.100000 -0.403396
v 5.420518 0.100000 -0.403396
v 5.479289 -0.100000 -0.452110
v 5.479289 0.100000 -0.452110
v 5.536135 -0.100000 -0.505462
v 5.536135 0.100000 -0.505462
v 5.589688 -0.100000 -0.562106
v 5.589688 0.100000 -0.562106
v 5.638586 -0.100000 -0.620693
v 5.638586 0.100000 -0.620693
v 5.682826 -0.100000 -0.681224
v 5.682826 0.100000 -0.681224
v 5.722409 -0.100000 -0.743698
v 5.722409 0.100000 -0.743698
v 5.757336 -0.100000 -0.808115
v 5.757336 0.100000 -0.808115
v 5.787605 -0.100000 -0.874475
v 5.787605 0.100000 -0.874475
v 5.813218 -0.100000 -0.942778
v 5.813218 0.100000 -0.942778
v 5.834174 -0.100000 -1.013025
v 5.834174 0.100000 -1.013025
v 5.850472 -0.100000 -1.085215
v 5.850472 0.100000 -1.085215
v 5.862115 -0.100000 -1.159349
v 5.862115 0.100000 -1.159349
v 5.869100 -0.100000 -1.235425
v 5.869100 0.100000 -1.235425
v 6.110925 -0.100000 -2.649580
v 6.110925 0.100000 -2.649580
v 6.110925 -0.100000 -1.313445
v 6.110925 0.100000 -1.313445
v 6.108115 -0.100000 -1.219223
v 6.108115 0.100000 -1.219223
v 6.099686 -0.100000 -1.127311
v 6.099686 0.100000 -1.127311
v 6.085637 -0.100000 -1.037710
v 6.085637 0.100000 -1.037710
v 6.065968 -0.100000 -0.950420
v 6.065968 0.100000 -0.950420
v 6.040679 -0.100000 -0.865441
v 6.040679 0.100000 -0.865441
v 6.009771 -0.100000 -0.782773
v 6.009771 0.100000 -0.782773
v 5.973243 -0.100000 -0.702416
v 5.973243 0.100000 -0.702416
v 5.931094 -0.100000 -0.624370
v 5.931094 0.100000 -0.624370
v 5.883327 -0.100000 -0.548634
v 5.883327 0.100000 -0.548634
v 5.829939 -0.100000 -0.475210
v 5.829939 0.100000 -0.475210
v 5.770931 -0.100000 -0.404097
v 5.770931 0.100000 -0.404097
v 5.706303 -0.100000 -0.335294
v 5.706303 0.100000 -0.335294
v 5.637684 -0.100000 -0.270466
v 5.637684 0.100000 -0.270466
v 5.566702 -0.100000 -0.211275
v 5.566702 0.100000 -0.211275
v 5.493356 -0.100000 -0.157721
v 5.493356 0.100000 -0.157721
v 5.417647 -0.100000 -0.109804
v 5.417647 0.100000 -0.109804
v 5.339574 -0.100000 -0.067525
v 5.339574 0.100000 -0.067525
v 5.259139 -0.100000 -0.030882
v 5.259139 0.100000 -0.030882
v 5.176339 -0.100000 0.000123
v 5.176339 0.100000 0.000123
v 5.091176 -0.100000 0.025490
v 5.091176 0.100000 0.025490
v 5.003650 -0.100000 0.045221
v 5.003650 0.100000 0.045221
v 4.913760 -0.100000 0.059314
v 4.913760 0.100000 0.059314
v 4.821507 -0.100000 0.067770
v 4.821507 0.100000 0.067770
v 4.726891 -0.100000 0.070588
v 4.726891 0.100000 0.070588
v 4.632668 -0.100000 0.067770
v 4.632668 0.100000 0.067770
v 4.540756 -0.100000 0.059314
v 4.540756 0.100000 0.059314
v 4.451155 -0.100000 0.045221
v 4.451155 0.100000 0.045221
v 4.363865 -0.100000 0.025490
v 4.363865 0.100000 0.025490
v 4.278887 -0.100000 0.000123
v 4.278887 0.100000 0.000123
v 4.196218 -0.100000 -0.030882
v 4.196218 0.100000 -0.030882
v 4.115861 -0.100000 -0.067525
v 4.115861 0.100000 -0.067525
v 4.037815 -0.100000 -0.109804
v 4.037815 0.100000 -0.109804
v 3.962080 -0.100000 -0.157721
v 3.962080 0.100000 -0.157721
v 3.888656 -0.100000 -0.211275
v 3.888656 0.100000 -0.211275
v 3.817542 -0.100000 -0.270466
v 3.817542 0.100000 -0.270466
v 3.748739 -0.100000 -0.335294
v 3.748739 0.100000 -0.335294
v 3.683911 -0.100000 -0.404097
v 3.683911 0.100000 -0.404097
v 3.624720 -0.100000 -0.475210
v 3.624720 0.100000 -0.475210
v 3.571166 -0.100000 -0.548634
v 3.571166 0.100000 -0.548634
v 3.523249 -0.100000 -0.624370
v 3.523249 0.100000 -0.624370
v 3.480970 -0.100000 -0.702416
v 3.480970 0.100000 -0.702416
v 3.444328 -0.100000 -0.782773
v 3.444328 0.100000 -0.782773
v 3.413323 -0.100000 -0.865441
v 3.413323 0.100000 -0.865441
v 3.387955 -0.100000 -0.950420
v 3.387955 0.100000 -0.950420
v 3.368225 -0.100000 -1.037710
v 3.368225 0.100000 -1.037710
v 3.354132 -0.100000 -1.127311
v 3.354132 0.100000 -1.127311
v 3.345676 -0.100000 -1.219223
v 3.345676 0.100000 -1.219223
v 3.342857 -0.100000 -1.313445
v 3.342857 0.100000 -1.313445
v 3.342857 -0.100000 -2.649580
v 3.342857 0.100000 -2.649580
v 3.345675 -0.100000 -2.743803
v 3.345675 0.100000 -2.743803
v 3.354131 -0.100000 -2.835714
v 3.354131 0.100000 -2.835714
v 3.368224 -0.100000 -2.925315
v 3.368224 0.100000 -2.925315
v 3.387955 -0.100000 -3.012605
v 3.387955 0.100000 -3.012605
v 3.413322 -0.100000 -3.097584
v 3.413322 0.100000 -3.097584
v 3.444327 -0.100000 -3.180252
v 3.444327 0.100000 -3.180252
v 3.480969 -0.100000 -3.260609
v 3.480969 0.100000 -3.260609
v 3.523249 -0.100000 -3.338655
v 3.523249 0.100000 -3.338655
v 3.571166 -0.100000 -3.414391
v 3.571166 0.100000 -3.414391
v 3.624720 -0.100000 -3.487815
v 3.624720 0.100000 -3.487815
v 3.683911 -0.100000 -3.558928
v 3.683911 0.100000 -3.558928
v 3.748739 -0.100000 -3.627731
v 3.748739 0.100000 -3.627731
v 3.817542 -0.100000 -3.692560
v 3.817542 0.100000 -3.692560
v 3.888656 -0.100000 -3.751751
v 3.888656 0.100000 -3.751751
v 3.962080 -0.100000 -3.805305
v 3.962080 0.100000 -3.805305
v 4.037815 -0.100000 -3.853222
v 4.037815 0.100000 -3.853222
v 4.115861 -0.100000 -3.895501
v 4.115861 0.100000 -3.895501
v 4.196218 -0.100000 -3.932143
v 4.196218 0.100000 -3.932143
v 4.278887 -0.100000 -3.963148
v 4.278887 0.100000 -3.963148
v 4.363865 -0.100000 -3.988516
v 4.363865 0.100000 -3.988516
v 4.451155 -0.100000 -4.008246
v 4.451155 0.100000 -4.008246
v 4.540756 -0.100000 -4.022339
v 4.540756 0.100000 -4.022339
v 4.632668 -0.100000 -4.030795
v 4.632668 0.100000 -4.030795
v 4.726891 -0.100000 -4.033614
v 4.726891 0.100000 -4.033614
v 4.821507 -0.100000 -4.030795
v 4.821507 0.100000 -4.030795
v 4.913760 -0.100000 -4.022339
v 4.913760 0.100000 -4.022339
v 5.003650 -0.100000 -4.008246
v 5.003650 0.100000 -4.008246
v 5.091176 -0.100000 -3.988516
v 5.091176 0.100000 -3.988516
v 5.176339 -0.100000 -3.963148
v 5.176339 0.100000 -3.963148
v 5.259138 -0.100000 -3.932143
v 5.259138 0.100000 -3.932143
v 5.339574 -0.100000 -3.895501
v 5.339574 0.100000 -3.895501
v 5.417646 -0.100000 -3.853222
v 5.417646 0.100000 -3.853222
v 5.493355 -0.100000 -3.805305
v 5.493355 0.100000 -3.805305
v 5.566701 -0.100000 -3.751751
v 5.566701 0.100000 -3.751751
v 5.637683 -0.100000 -3.692560
v 5.637683 0.100000 -3.692560
v 5.706303 -0.100000 -3.627731
v 5.706303 0.100000 -3.627731
v 5.770930 -0.100000 -3.558928
v 5.770930 0.100000 -3.558928
v 5.829937 -0.100000 -3.487815
v 5.829937 0.100000 -3.487815
v 5.883325 -0.100000 -3.414391
v 5.883325 0.100000 -3.414391
v 5.931093 -0.100000 -3.338656
v 5.931093 0.100000 -3.338656
v 5.973241 -0.100000 -3.260610
v 5.973241 0.100000 -3.260610
v 6.009769 -0.100000 -3.180252
v 6.009769 0.100000 -3.180252
v 6.040678 -0.100000 -3.097584
v 6.040678 0.100000 -3.097584
v 6.065967 -0.100000 -3.012605
v 6.065967 0.100000 -3.012605
v 6.085635 -0.100000 -2.925315
v 6.085635 0.100000 -2.925315
v 6.099685 -0.100000 -2.835715
v 6.099685 0.100000 -2.835715
v 6.108114 -0.100000 -2.743803
v 6.108114 0.100000 -2.743803
v 8.906723 -0.100000 -3.441176
v 8.906723 0.100000 -3.441176
v 9.093277 -0.100000 -3.312605
v 9.093277 0.100000 -3.312605
v 6.778992 -0.100000 -0.007563
v 6.778992 0.100000 -0.007563
v 6.592437 -0.100000 -0.136134
v 6.592437 0.100000 -0.136134
v 7.086555 -0.100000 -3.063025
v 7.086555 0.100000 -3.063025
v 7.126392 -0.100000 -3.061843
v 7.126392 0.100000 -3.061843
v 7.165231 -0.100000 -3.058298
v 7.165231 0.100000 -3.058298
v 7.203073 -0.100000 -3.052390
v 7.203073 0.100000 -3.052390
v 7.239916 -0.100000 -3.044118
v 7.239916 0.100000 -3.044118
v 7.275762 -0.100000 -3.033482
v 7.275762 0.100000 -3.033482
v 7.310610 -0.100000 -3.020483
v 7.310610 0.100000 -3.020483
v 7.344459 -0.100000 -3.005121
v 7.344459 0.100000 -3.005121
v 7.377311 -0.100000 -2.987395
v 7.377311 0.100000 -2.987395
v 7.409164 -0.100000 -2.967306
v 7.409164 0.100000 -2.967306
v 7.440021 -0.100000 -2.944853
v 7.440021 0.100000 -2.944853
v 7.469879 -0.100000 -2.920037
v 7.469879 0.100000 -2.920037
v 7.498740 -0.100000 -2.892857
v 7.498740 0.100000 -2.892857
v 7.525919 -0.100000 -2.863997
v 7.525919 0.100000 -2.863997
v 7.550736 -0.100000 -2.834139
v 7.550736 0.100000 -2.834139
v 7.573189 -0.100000 -2.803282
v 7.573189 0.100000 -2.803282
v 7.593278 -0.100000 -2.771429
v 7.593278 0.100000 -2.771429
v 7.611003 -0.100000 -2.738577
v 7.611003 0.100000 -2.738577
v 7.626366 -0.100000 -2.704727
v 7.626366 0.100000 -2.704727
v 7.639365 -0.100000 -2.669879
v 7.639365 0.100000 -2.669879
v 7.650000 -0.100000 -2.634034
v 7.650000 0.100000 -2.634034
v 7.658272 -0.100000 -2.597190
v 7.658272 0.100000 -2.597190
v 7.664181 -0.100000 -2.559349
v 7.664181 0.100000 -2.559349
v 7.667726 -0.100000 -2.520509
v 7.667726 0.100000 -2.520509
v 7.668908 -0.100000 -2.480672
v 7.668908 0.100000 -2.480672
v 7.667726 -0.100000 -2.440835
v 7.667726 0.100000 -2.440835
v 7.664181 -0.100000 -2.401996
v 7.664181 0.100000 -2.401996
v 7.658273 -0.100000 -2.364154
v 7.658273 0.100000 -2.364154
v 7.650001 -0.100000 -2.327311
v 7.650001 0.100000 -2.327311
v 7.639365 -0.100000 -2.291465
v 7.639365 0.100000 -2.291465
v 7.626367 -0.100000 -2.256618
v 7.626367 0.100000 -2.256618
v 7.611004 -0.100000 -2.222768
v 7.611004 0.100000 -2.222768
v 7.593278 -0.100000 -2.189916
v 7.593278 0.100000 -2.189916
v 7.573189 -0.100000 -2.158062
v 7.573189 0.100000 -2.158062
v 7.550736 -0.100000 -2.127206
v 7.550736 0.100000 -2.127206
v 7.525919 -0.100000 -2.097348
v 7.525919 0.100000 -2.097348
v 7.498740 -0.100000 -2.068487
v 7.498740 0.100000 -2.068487
v 7.469879 -0.100000 -2.041308
v 7.469879 0.100000 -2.041308
v 7.440021 -0.100000 -2.016491
v 7.440021 0.100000 -2.016491
v 7.409164 -0.100000 -1.994039
v 7.409164 0.100000 -1.994039
v 7.377311 -0.100000 -1.973950
v 7.377311 0.100000 -1.973950
v 7.344459 -0.100000 -1.956224
v 7.344459 0.100000 -1.956224
v 7.310610 -0.100000 -1.940861
v 7.310610 0.100000 -1.940861
v 7.275762 -0.100000 -1.927862
v 7.275762 0.100000 -1.927862
v 7.239916 -0.100000 -1.917227
v 7.239916 0.100000 -1.917227
v 7.203073 -0.100000 -1.908955
v 7.203073 0.100000 -1.908955
v 7.165231 -0.100000 -1.903046
v 7.165231 0.100000 -1.903046
v 7.126392 -0.100000 -1.899501
v 7.126392 0.100000 -1.899501
v 7.086555 -0.100000 -1.898319
v 7.086555 0.100000 -1.898319
v 7.046718 -0.100000 -1.899501
v 7.046718 0.100000 -1.899501
v 7.007878 -0.100000 -1.903046
v 7.007878 0.100000 -1.903046
v 6.970037 -0.100000 -1.908955
v 6.970037 0.100000 -1.908955
v 6.933193 -0.100000 -1.917227
v 6.933193 0.100000 -1.917227
v 6.897347 -0.100000 -1.927862
v 6.897347 0.100000 -1.927862
v 6.862500 -0.100000 -1.940861
v 6.862500 0.100000 -1.940861
v 6.828650 -0.100000 -1.956224
v 6.828650 0.100000 -1.956224
v 6.795798 -0.100000 -1.973950
v 6.795798 0.100000 -1.973950
v 6.763945 -0.100000 -1.994039
v 6.763945 0.100000 -1.994039
v 6.733088 -0.100000 -2.016491
v 6.733088 0.100000 -2.016491
v 6.703230 -0.100000 -2.041308
v 6.703230 0.100000 -2.041308
v 6.674370 -0.100000 -2.068487
v 6.674370 0.100000 -2.068487
v 6.647190 -0.100000 -2.097348
v 6.647190 0.100000 -2.097348
v 6.622374 -0.100000 -2.127206
v 6.622374 0.100000 -2.127206
v 6.599921 -0.100000 -2.158062
v 6.599921 0.100000 -2.158062
v 6.579832 -0.100000 -2.189916
v 6.579832 0.100000 -2.189916
v 6.562107 -0.100000 -2.222768
v 6.562107 0.100000 -2.222768
v 6.546744 -0.100000 -2.256618
v 6.546744 0.100000 -2.256618
v 6.533745 -0.100000 -2.291465
v 6.533745 0.100000 -2.291465
v 6.523110 -0.100000 -2.327311
v 6.523110 0.100000 -2.327311
v 6.514838 -0.100000 -2.364154
v 6.514838 0.100000 -2.364154
v 6.508929 -0.100000 -2.401996
v 6.508929 0.100000 -2.401996
v 6.505384 -0.100000 -2.440835
v 6.505384 0.100000 -2.440835
v 6.504202 -0.100000 -2.480672
v 6.504202 0.100000 -2.480672
v 6.505383 -0.100000 -2.520509
v 6.505383 0.100000 -2.520509
v 6.508929 -0.100000 -2.559349
v 6.508929 0.100000 -2.559349
v 6.514837 -0.100000 -2.597190
v 6.514837 0.100000 -2.597190
v 6.523109 -0.100000 -2.634034
v 6.523109 0.100000 -2.634034
v 6.533745 -0.100000 -2.669879
v 6.533745 0.100000 -2.669879
v 6.546743 -0.100000 -2.704727
v 6.546743 0.100000 -2.704727
v 6.562106 -0.100000 -2.738577
v 6.562106 0.100000 -2.738577
v 6.579832 -0.100000 -2.771429
v 6.579832 0.100000 -2.771429
v 6.599921 -0.100000 -2.803282
v 6.599921 0.100000 -2.803282
v 6.622374 -0.100000 -2.834139
v 6.622374 0.100000 -2.834139
v 6.647191 -0.100000 -2.863997
v 6.647191 0.100000 -2.863997
v 6.674370 -0.100000 -2.892857
v 6.674370 0.100000 -2.892857
v 6.703230 -0.100000 -2.920037
v 6.703230 0.100000 -2.920037
v 6.733088 -0.100000 -2.944853
v 6.733088 0.100000 -2.944853
v 6.763945 -0.100000 -2.967306
v 6.763945 0.100000 -2.967306
v 6.795798 -0.100000 -2.987395
v 6.795798 0.100000 -2.987395
v 6.828650 -0.100000 -3.005121
v 6.828650 0.100000 -3.005121
v 6.862500 -0.100000 -3.020483
v 6.862500 0.100000 -3.020483
v 6.897347 -0.100000 -3.033482
v 6.897347 0.100000 -3.033482
v 6.933193 -0.100000 -3.044117
v 6.933193 0.100000 -3.044117
v 6.970037 -0.100000 -3.052389
v 6.970037 0.100000 -3.052389
v 7.007878 -0.100000 -3.058298
v 7.007878 0.100000 -3.058298
v 7.046718 -0.100000 -3.061843
v 7.046718 0.100000 -3.061843
v 7.342437 -0.100000 -2.737815
v 7.342437 0.100000 -2.737815
v 7.324291 -0.100000 -2.754727
v 7.324291 0.100000 -2.754727
v 7.305567 -0.100000 -2.770168
v 7.305567 0.100000 -2.770168
v 7.286266 -0.100000 -2.784139
v 7.286266 0.100000 -2.784139
v 7.266387 -0.100000 -2.796639
v 7.266387 0.100000 -2.796639
v 7.245930 -0.100000 -2.807668
v 7.245930 0.100000 -2.807668
v 7.224895 -0.100000 -2.817227
v 7.224895 0.100000 -2.817227
v 7.203282 -0.100000 -2.825315
v 7.203282 0.100000 -2.825315
v 7.181092 -0.100000 -2.831933
v 7.181092 0.100000 -2.831933
v 7.158324 -0.100000 -2.837080
v 7.158324 0.100000 -2.837080
v 7.134979 -0.100000 -2.840756
v 7.134979 0.100000 -2.840756
v 7.111056 -0.100000 -2.842962
v 7.111056 0.100000 -2.842962
v 7.086555 -0.100000 -2.843698
v 7.086555 0.100000 -2.843698
v 7.061660 -0.100000 -2.842962
v 7.061660 0.100000 -2.842962
v 7.037395 -0.100000 -2.840756
v 7.037395 0.100000 -2.840756
v 7.013761 -0.100000 -2.837080
v 7.013761 0.100000 -2.837080
v 6.990757 -0.100000 -2.831933
v 6.990757 0.100000 -2.831933
v 6.968383 -0.100000 -2.825315
v 6.968383 0.100000 -2.825315
v 6.946639 -0.100000 -2.817227
v 6.946639 0.100000 -2.817227
v 6.925525 -0.100000 -2.807668
v 6.925525 0.100000 -2.807668
v 6.905042 -0.100000 -2.796639
v 6.905042 0.100000 -2.796639
v 6.885189 -0.100000 -2.784139
v 6.885189 0.100000 -2.784139
v 6.865967 -0.100000 -2.770168
v 6.865967 0.100000 -2.770168
v 6.847374 -0.100000 -2.754727
v 6.847374 0.100000 -2.754727
v 6.829412 -0.100000 -2.737815
v 6.829412 0.100000 -2.737815
v 6.812500 -0.100000 -2.719853
v 6.812500 0.100000 -2.719853
v 6.797060 -0.100000 -2.701260
v 6.797060 0.100000 -2.701260
v 6.783089 -0.100000 -2.682038
v 6.783089 0.100000 -2.682038
v 6.770589 -0.100000 -2.662185
v 6.770589 0.100000 -2.662185
v 6.759560 -0.100000 -2.641702
v 6.759560 0.100000 -2.641702
v 6.750001 -0.100000 -2.620588
v 6.750001 0.100000 -2.620588
v 6.741913 -0.100000 -2.598845
v 6.741913 0.100000 -2.598845
v 6.735296 -0.100000 -2.576471
v 6.735296 0.100000 -2.576471
v 6.730149 -0.100000 -2.553466
v 6.730149 0.100000 -2.553466
v 6.726472 -0.100000 -2.529832
v 6.726472 0.100000 -2.529832
v 6.724267 -0.100000 -2.505567
v 6.724267 0.100000 -2.505567
v 6.723529 -0.100000 -2.480672
v 6.723529 0.100000 -2.480672
v 6.724264 -0.100000 -2.455777
v 6.724264 0.100000 -2.455777
v 6.726470 -0.100000 -2.431513
v 6.726470 0.100000 -2.431513
v 6.730146 -0.100000 -2.407878
v 6.730146 0.100000 -2.407878
v 6.735293 -0.100000 -2.384874
v 6.735293 0.100000 -2.384874
v 6.741911 -0.100000 -2.362500
v 6.741911 0.100000 -2.362500
v 6.749999 -0.100000 -2.340756
v 6.749999 0.100000 -2.340756
v 6.759558 -0.100000 -2.319643
v 6.759558 0.100000 -2.319643
v 6.770587 -0.100000 -2.299160
v 6.770587 0.100000 -2.299160
v 6.783087 -0.100000 -2.279307
v 6.783087 0.100000 -2.279307
v 6.797057 -0.100000 -2.260084
v 6.797057 0.100000 -2.260084
v 6.812498 -0.100000 -2.241492
v 6.812498 0.100000 -2.241492
v 6.829412 -0.100000 -2.223529
v 6.829412 0.100000 -2.223529
v 6.847374 -0.100000 -2.206618
v 6.847374 0.100000 -2.206618
v 6.865967 -0.100000 -2.191177
v 6.865967 0.100000 -2.191177
v 6.885189 -0.100000 -2.177206
v 6.885189 0.100000 -2.177206
v 6.905042 -0.100000 -2.164706
v 6.905042 0.100000 -2.164706
v 6.925525 -0.100000 -2.153677
v 6.925525 0.100000 -2.153677
v 6.946639 -0.100000 -2.144118
v 6.946639 0.100000 -2.144118
v 6.968383 -0.100000 -2.136029
v 6.968383 0.100000 -2.136029
v 6.990757 -0.100000 -2.129412
v 6.990757 0.100000 -2.129412
v 7.013761 -0.100000 -2.124265
v 7.013761 0.100000 -2.124265
v 7.037395 -0.100000 -2.120588
v 7.037395 0.100000 -2.120588
v 7.061660 -0.100000 -2.118382
v 7.061660 0.100000 -2.118382
v 7.086555 -0.100000 -2.117647
v 7.086555 0.100000 -2.117647
v 7.111056 -0.100000 -2.118382
v 7.111056 0.100000 -2.118382
v 7.134979 -0.100000 -2.120588
v 7.134979 0.100000 -2.120588
v 7.158324 -0.100000 -2.124265
v 7.158324 0.100000 -2.124265
v 7.181092 -0.100000 -2.129412
v 7.181092 0.100000 -2.129412
v 7.203282 -0.100000 -2.136029
v 7.203282 0.100000 -2.136029
v 7.224895 -0.100000 -2.144118
v 7.224895 0.100000 -2.144118
v 7.245930 -0.100000 -2.153677
v 7.245930 0.100000 -2.153677
v 7.266387 -0.100000 -2.164706
v 7.266387 0.100000 -2.164706
v 7.286266 -0.100000 -2.177206
v 7.286266 0.100000 -2.177206
v 7.305567 -0.100000 -2.191176
v 7.305567 0.100000 -2.191176
v 7.324291 -0.100000 -2.206618
v 7.324291 0.100000 -2.206618
v 7.342437 -0.100000 -2.223529
v 7.342437 0.100000 -2.223529
v 7.359550 -0.100000 -2.241492
v 7.359550 0.100000 -2.241492
v 7.375175 -0.100000 -2.260084
v 7.375175 0.100000 -2.260084
v 7.389312 -0.100000 -2.279307
v 7.389312 0.100000 -2.279307
v 7.401960 -0.100000 -2.299160
v 7.401960 0.100000 -2.299160
v 7.413121 -0.100000 -2.319643
v 7.413121 0.100000 -2.319643
v 7.422794 -0.100000 -2.340756
v 7.422794 0.100000 -2.340756
v 7.430979 -0.100000 -2.362500
v 7.430979 0.100000 -2.362500
v 7.437675 -0.100000 -2.384874
v 7.437675 0.100000 -2.384874
v 7.442883 -0.100000 -2.407878
v 7.442883 0.100000 -2.407878
v 7.446603 -0.100000 -2.431513
v 7.446603 0.100000 -2.431513
v 7.448835 -0.100000 -2.455777
v 7.448835 0.100000 -2.455777
v 7.449580 -0.100000 -2.480672
v 7.449580 0.100000 -2.480672
v 7.448836 -0.100000 -2.505567
v 7.448836 0.100000 -2.505567
v 7.446604 -0.100000 -2.529832
v 7.446604 0.100000 -2.529832
v 7.442884 -0.100000 -2.553466
v 7.442884 0.100000 -2.553466
v 7.437675 -0.100000 -2.576471
v 7.437675 0.100000 -2.576471
v 7.430979 -0.100000 -2.598845
v 7.430979 0.100000 -2.598845
v 7.422794 -0.100000 -2.620588
v 7.422794 0.100000 -2.620588
v 7.413122 -0.100000 -2.641702
v 7.413122 0.100000 -2.641702
v 7.401961 -0.100000 -2.662185
v 7.401961 0.100000 -2.662185
v 7.389313 -0.100000 -2.682038
v 7.389313 0.100000 -2.682038
v 7.375175 -0.100000 -2.701261
v 7.375175 0.100000 -2.701261
v 7.359551 -0.100000 -2.719853
v 7.359551 0.100000 -2.719853
v 8.599159 -0.100000 -1.550420
v 8.599159 0.100000 -1.550420
v 8.638997 -0.100000 -1.549238
v 8.638997 0.100000 -1.549238
v 8.677835 -0.100000 -1.545693
v 8.677835 0.100000 -1.545693
v 8.715677 -0.100000 -1.539785
v 8.715677 0.100000 -1.539785
v 8.752521 -0.100000 -1.531512
v 8.752521 0.100000 -1.531512
v 8.788366 -0.100000 -1.520877
v 8.788366 0.100000 -1.520877
v 8.823215 -0.100000 -1.507878
v 8.823215 0.100000 -1.507878
v 8.857064 -0.100000 -1.492516
v 8.857064 0.100000 -1.492516
v 8.889915 -0.100000 -1.474790
v 8.889915 0.100000 -1.474790
v 8.921770 -0.100000 -1.454701
v 8.921770 0.100000 -1.454701
v 8.952625 -0.100000 -1.432248
v 8.952625 0.100000 -1.432248
v 8.982484 -0.100000 -1.407432
v 8.982484 0.100000 -1.407432
v 9.011345 -0.100000 -1.380252
v 9.011345 0.100000 -1.380252
v 9.038525 -0.100000 -1.351392
v 9.038525 0.100000 -1.351392
v 9.063340 -0.100000 -1.321534
v 9.063340 0.100000 -1.321534
v 9.085793 -0.100000 -1.290678
v 9.085793 0.100000 -1.290678
v 9.105883 -0.100000 -1.258824
v 9.105883 0.100000 -1.258824
v 9.123608 -0.100000 -1.225972
v 9.123608 0.100000 -1.225972
v 9.138969 -0.100000 -1.192122
v 9.138969 0.100000 -1.192122
v 9.151969 -0.100000 -1.157274
v 9.151969 0.100000 -1.157274
v 9.162604 -0.100000 -1.121429
v 9.162604 0.100000 -1.121429
v 9.170876 -0.100000 -1.084585
v 9.170876 0.100000 -1.084585
v 9.176785 -0.100000 -1.046744
v 9.176785 0.100000 -1.046744
v 9.180329 -0.100000 -1.007905
v 9.180329 0.100000 -1.007905
v 9.181513 -0.100000 -0.968067
v 9.181513 0.100000 -0.968067
v 9.180331 -0.100000 -0.928230
v 9.180331 0.100000 -0.928230
v 9.176785 -0.100000 -0.889391
v 9.176785 0.100000 -0.889391
v 9.170877 -0.100000 -0.851549
v 9.170877 0.100000 -0.851549
v 9.162605 -0.100000 -0.814706
v 9.162605 0.100000 -0.814706
v 9.151970 -0.100000 -0.778860
v 9.151970 0.100000 -0.778860
v 9.138970 -0.100000 -0.744013
v 9.138970 0.100000 -0.744013
v 9.123609 -0.100000 -0.710163
v 9.123609 0.100000 -0.710163
v 9.105883 -0.100000 -0.677311
v 9.105883 0.100000 -0.677311
v 9.085793 -0.100000 -0.645457
v 9.085793 0.100000 -0.645457
v 9.063340 -0.100000 -0.614601
v 9.063340 0.100000 -0.614601
v 9.038524 -0.100000 -0.584743
v 9.038524 0.100000 -0.584743
v 9.011345 -0.100000 -0.555882
v 9.011345 0.100000 -0.555882
v 8.982484 -0.100000 -0.528703
v 8.982484 0.100000 -0.528703
v 8.952625 -0.100000 -0.503887
v 8.952625 0.100000 -0.503887
v 8.921770 -0.100000 -0.481434
v 8.921770 0.100000 -0.481434
v 8.889915 -0.100000 -0.461345
v 8.889915 0.100000 -0.461345
v 8.857064 -0.100000 -0.443619
v 8.857064 0.100000 -0.443619
v 8.823215 -0.100000 -0.428256
v 8.823215 0.100000 -0.428256
v 8.788366 -0.100000 -0.415257
v 8.788366 0.100000 -0.415257
v 8.752521 -0.100000 -0.404622
v 8.752521 0.100000 -0.404622
v 8.715677 -0.100000 -0.396350
v 8.715677 0.100000 -0.396350
v 8.677835 -0.100000 -0.390441
v 8.677835 0.100000 -0.390441
v 8.638997 -0.100000 -0.386896
v 8.638997 0.100000 -0.386896
v 8.599159 -0.100000 -0.385714
v 8.599159 0.100000 -0.385714
v 8.559322 -0.100000 -0.386896
v 8.559322 0.100000 -0.386896
v 8.520483 -0.100000 -0.390441
v 8.520483 0.100000 -0.390441
v 8.482642 -0.100000 -0.396350
v 8.482642 0.100000 -0.396350
v 8.445799 -0.100000 -0.404622
v 8.445799 0.100000 -0.404622
v 8.409952 -0.100000 -0.415257
v 8.409952 0.100000 -0.415257
v 8.375105 -0.100000 -0.428256
v 8.375105 0.100000 -0.428256
v 8.341255 -0.100000 -0.443619
v 8.341255 0.100000 -0.443619
v 8.308403 -0.100000 -0.461345
v 8.308403 0.100000 -0.461345
v 8.276549 -0.100000 -0.481434
v 8.276549 0.100000 -0.481434
v 8.245693 -0.100000 -0.503887
v 8.245693 0.100000 -0.503887
v 8.215836 -0.100000 -0.528703
v 8.215836 0.100000 -0.528703
v 8.186975 -0.100000 -0.555882
v 8.186975 0.100000 -0.555882
v 8.159795 -0.100000 -0.584743
v 8.159795 0.100000 -0.584743
v 8.134978 -0.100000 -0.614601
v 8.134978 0.100000 -0.614601
v 8.112526 -0.100000 -0.645457
v 8.112526 0.100000 -0.645457
v 8.092436 -0.100000 -0.677311
v 8.092436 0.100000 -0.677311
v 8.074711 -0.100000 -0.710163
v 8.074711 0.100000 -0.710163
v 8.059349 -0.100000 -0.744013
v 8.059349 0.100000 -0.744013
v 8.046350 -0.100000 -0.778860
v 8.046350 0.100000 -0.778860
v 8.035714 -0.100000 -0.814706
v 8.035714 0.100000 -0.814706
v 8.027443 -0.100000 -0.851549
v 8.027443 0.100000 -0.851549
v 8.021534 -0.100000 -0.889391
v 8.021534 0.100000 -0.889391
v 8.017989 -0.100000 -0.928230
v 8.017989 0.100000 -0.928230
v 8.016807 -0.100000 -0.968067
v 8.016807 0.100000 -0.968067
v 8.017988 -0.100000 -1.007904
v 8.017988 0.100000 -1.007904
v 8.021533 -0.100000 -1.046744
v 8.021533 0.100000 -1.046744
v 8.027442 -0.100000 -1.084585
v 8.027442 0.100000 -1.084585
v 8.035713 -0.100000 -1.121428
v 8.035713 0.100000 -1.121428
v 8.046349 -0.100000 -1.157274
v 8.046349 0.100000 -1.157274
v 8.059348 -0.100000 -1.192122
v 8.059348 0.100000 -1.192122
v 8.074710 -0.100000 -1.225972
v 8.074710 0.100000 -1.225972
v 8.092436 -0.100000 -1.258823
v 8.092436 0.100000 -1.258823
v 8.112526 -0.100000 -1.290677
v 8.112526 0.100000 -1.290677
v 8.134978 -0.100000 -1.321534
v 8.134978 0.100000 -1.321534
v 8.159795 -0.100000 -1.351392
v 8.159795 0.100000 -1.351392
v 8.186975 -0.100000 -1.380252
v 8.186975 0.100000 -1.380252
v 8.215836 -0.100000 -1.407432
v 8.215836 0.100000 -1.407432
v 8.245693 -0.100000 -1.432248
v 8.245693 0.100000 -1.432248
v 8.276549 -0.100000 -1.454701
v 8.276549 0.100000 -1.454701
v 8.308403 -0.100000 -1.474790
v 8.308403 0.100000 -1.474790
v 8.341255 -0.100000 -1.492516
v 8.341255 0.100000 -1.492516
v 8.375105 -0.100000 -1.507878
v 8.375105 0.100000 -1.507878
v 8.409952 -0.100000 -1.520877
v 8.409952 0.100000 -1.520877
v 8.445799 -0.100000 -1.531513
v 8.445799 0.100000 -1.531513
v 8.482642 -0.100000 -1.539785
v 8.482642 0.100000 -1.539785
v 8.520483 -0.100000 -1.545694
v 8.520483 0.100000 -1.545694
v 8.559322 -0.100000 -1.549239
v 8.559322 0.100000 -1.549239
v 8.855042 -0.100000 -1.225210
v 8.855042 0.100000 -1.225210
v 8.836896 -0.100000 -1.242122
v 8.836896 0.100000 -1.242122
v 8.818172 -0.100000 -1.257563
v 8.818172 0.100000 -1.257563
v 8.798871 -0.100000 -1.271534
v 8.798871 0.100000 -1.271534
v 8.778992 -0.100000 -1.284034
v 8.778992 0.100000 -1.284034
v 8.758534 -0.100000 -1.295063
v 8.758534 0.100000 -1.295063
v 8.737499 -0.100000 -1.304622
v 8.737499 0.100000 -1.304622
v 8.715887 -0.100000 -1.312710
v 8.715887 0.100000 -1.312710
v 8.693697 -0.100000 -1.319328
v 8.693697 0.100000 -1.319328
v 8.670929 -0.100000 -1.324475
v 8.670929 0.100000 -1.324475
v 8.647583 -0.100000 -1.328151
v 8.647583 0.100000 -1.328151
v 8.623660 -0.100000 -1.330357
v 8.623660 0.100000 -1.330357
v 8.599159 -0.100000 -1.331092
v 8.599159 0.100000 -1.331092
v 8.574265 -0.100000 -1.330357
v 8.574265 0.100000 -1.330357
v 8.550000 -0.100000 -1.328151
v 8.550000 0.100000 -1.328151
v 8.526366 -0.100000 -1.324475
v 8.526366 0.100000 -1.324475
v 8.503363 -0.100000 -1.319328
v 8.503363 0.100000 -1.319328
v 8.480989 -0.100000 -1.312710
v 8.480989 0.100000 -1.312710
v 8.459245 -0.100000 -1.304622
v 8.459245 0.100000 -1.304622
v 8.438131 -0.100000 -1.295063
v 8.438131 0.100000 -1.295063
v 8.417647 -0.100000 -1.284034
v 8.417647 0.100000 -1.284034
v 8.397795 -0.100000 -1.271534
v 8.397795 0.100000 -1.271534
v 8.378572 -0.100000 -1.257563
v 8.378572 0.100000 -1.257563
v 8.359980 -0.100000 -1.242122
v 8.359980 0.100000 -1.242122
v 8.342017 -0.100000 -1.225210
v 8.342017 0.100000 -1.225210
v 8.325106 -0.100000 -1.207248
v 8.325106 0.100000 -1.207248
v 8.309665 -0.100000 -1.188655
v 8.309665 0.100000 -1.188655
v 8.295694 -0.100000 -1.169433
v 8.295694 0.100000 -1.169433
v 8.283195 -0.100000 -1.149580
v 8.283195 0.100000 -1.149580
v 8.272165 -0.100000 -1.129097
v 8.272165 0.100000 -1.129097
v 8.262607 -0.100000 -1.107983
v 8.262607 0.100000 -1.107983
v 8.254519 -0.100000 -1.086239
v 8.254519 0.100000 -1.086239
v 8.247901 -0.100000 -1.063866
v 8.247901 0.100000 -1.063866
v 8.242754 -0.100000 -1.040861
v 8.242754 0.100000 -1.040861
v 8.239078 -0.100000 -1.017227
v 8.239078 0.100000 -1.017227
v 8.236872 -0.100000 -0.992962
v 8.236872 0.100000 -0.992962
v 8.236134 -0.100000 -0.968067
v 8.236134 0.100000 -0.968067
v 8.236870 -0.100000 -0.943172
v 8.236870 0.100000 -0.943172
v 8.239075 -0.100000 -0.918908
v 8.239075 0.100000 -0.918908
v 8.242752 -0.100000 -0.895273
v 8.242752 0.100000 -0.895273
v 8.247898 -0.100000 -0.872269
v 8.247898 0.100000 -0.872269
v 8.254517 -0.100000 -0.849895
v 8.254517 0.100000 -0.849895
v 8.262604 -0.100000 -0.828151
v 8.262604 0.100000 -0.828151
v 8.272163 -0.100000 -0.807038
v 8.272163 0.100000 -0.807038
v 8.283192 -0.100000 -0.786555
v 8.283192 0.100000 -0.786555
v 8.295692 -0.100000 -0.766702
v 8.295692 0.100000 -0.766702
v 8.309662 -0.100000 -0.747479
v 8.309662 0.100000 -0.747479
v 8.325104 -0.100000 -0.728887
v 8.325104 0.100000 -0.728887
v 8.342017 -0.100000 -0.710924
v 8.342017 0.100000 -0.710924
v 8.359980 -0.100000 -0.694013
v 8.359980 0.100000 -0.694013
v 8.378572 -0.100000 -0.678571
v 8.378572 0.100000 -0.678571
v 8.397794 -0.100000 -0.664601
v 8.397794 0.100000 -0.664601
v 8.417646 -0.100000 -0.652101
v 8.417646 0.100000 -0.652101
v 8.438130 -0.100000 -0.641071
v 8.438130 0.100000 -0.641071
v 8.459244 -0.100000 -0.631513
v 8.459244 0.100000 -0.631513
v 8.480988 -0.100000 -0.623424
v 8.480988 0.100000 -0.623424
v 8.503362 -0.100000 -0.616807
v 8.503362 0.100000 -0.616807
v 8.526365 -0.100000 -0.611660
v 8.526365 0.100000 -0.611660
v 8.549999 -0.100000 -0.607983
v 8.549999 0.100000 -0.607983
v 8.574265 -0.100000 -0.605777
v 8.574265 0.100000 -0.605777
v 8.599159 -0.100000 -0.605042
v 8.599159 0.100000 -0.605042
v 8.623660 -0.100000 -0.605777
v 8.623660 0.100000 -0.605777
v 8.647583 -0.100000 -0.607983
v 8.647583 0.100000 -0.607983
v 8.670929 -0.100000 -0.611660
v 8.670929 0.100000 -0.611660
v 8.693697 -0.100000 -0.616807
v 8.693697 0.100000 -0.616807
v 8.715887 -0.100000 -0.623424
v 8.715887 0.100000 -0.623424
v 8.737499 -0.100000 -0.631513
v 8.737499 0.100000 -0.631513
v 8.758534 -0.100000 -0.641071
v 8.758534 0.100000 -0.641071
v 8.778992 -0.100000 -0.652101
v 8.778992 0.100000 -0.652101
v 8.798871 -0.100000 -0.664601
v 8.798871 0.100000 -0.664601
v 8.818172 -0.100000 -0.678571
v 8.818172 0.100000 -0.678571
v 8.836896 -0.100000 -0.694013
v 8.836896 0.100000 -0.694013
v 8.855042 -0.100000 -0.710924
v 8.855042 0.100000 -0.710924
v 8.872155 -0.100000 -0.728887
v 8.872155 0.100000 -0.728887
v 8.887780 -0.100000 -0.747479
v 8.887780 0.100000 -0.747479
v 8.901917 -0.100000 -0.766702
v 8.901917 0.100000 -0.766702
v 8.914566 -0.100000 -0.786555
v 8.914566 0.100000 -0.786555
v 8.925726 -0.100000 -0.807038
v 8.925726 0.100000 -0.807038
v 8.935399 -0.100000 -0.828151
v 8.935399 0.100000 -0.828151
v 8.943583 -0.100000 -0.849895
v 8.943583 0.100000 -0.849895
v 8.950279 -0.100000 -0.872269
v 8.950279 0.100000 -0.872269
v 8.955488 -0.100000 -0.895273
v 8.955488 0.100000 -0.895273
v 8.959208 -0.100000 -0.918907
v 8.959208 0.100000 -0.918907
v 8.961441 -0.100000 -0.943172
v 8.961441 0.100000 -0.943172
v 8.962185 -0.100000 -0.968067
v 8.962185 0.100000 -0.968067
v 8.961441 -0.100000 -0.992962
v 8.961441 0.100000 -0.992962
v 8.959209 -0.100000 -1.017227
v 8.959209 0.100000 -1.017227
v 8.955489 -0.100000 -1.040861
v 8.955489 0.100000 -1.040861
v 8.950280 -0.100000 -1.063866
v 8.950280 0.100000 -1.063866
v 8.943584 -0.100000 -1.086239
v 8.943584 0.100000 -1.086239
v 8.935400 -0.100000 -1.107983
v 8.935400 0.100000 -1.107983
v 8.925727 -0.100000 -1.129097
v 8.925727 0.100000 -1.129097
v 8.914566 -0.100000 -1.149580
v 8.914566 0.100000 -1.149580
v 8.901917 -0.100000 -1.169433
v 8.901917 0.100000 -1.169433
v 8.887781 -0.100000 -1.188655
v 8.887781 0.100000 -1.188655
v 8.872156 -0.100000 -1.207248
v 8.872156 0.100000 -1.207248
vn -0.0000 1.0000 -0.0000
vn -0.0000 -1.0000 -0.0000
vn -0.7353 -0.0000 0.6778
vn -0.6899 -0.0000 0.7239
vn -0.6405 -0.0000 0.7680
vn -0.5900 -0.0000 0.8074
vn -0.5393 -0.0000 0.8421
vn -0.4891 -0.0000 0.8723
vn -0.4399 -0.0000 0.8981
vn -0.3922 -0.0000 0.9199
vn -0.3464 -0.0000 0.9381
vn -0.3027 -0.0000 0.9531
vn -0.2612 -0.0000 0.9653
vn -0.2220 -0.0000 0.9750
vn -0.1153 -0.0000 0.9933
vn -0.7165 -0.0000 0.6976
vn -0.7145 -0.0000 -0.6997
vn -0.0316 -0.0000 -0.9995
vn -0.0535 -0.0000 -0.9986
vn -0.0768 -0.0000 -0.9970
vn -0.1015 -0.0000 -0.9948
vn -0.1278 -0.0000 -0.9918
vn -0.1557 -0.0000 -0.9878
vn -0.1853 -0.0000 -0.9827
vn -0.2167 -0.0000 -0.9762
vn -0.2499 -0.0000 -0.9683
vn -0.2850 -0.0000 -0.9585
vn -0.3220 -0.0000 -0.9467
vn -0.3639 -0.0000 -0.9314
vn -0.4112 -0.0000 -0.9116
vn -0.4574 -0.0000 -0.8893
vn -0.4991 -0.0000 -0.8665
vn -0.5367 -0.0000 -0.8438
vn -0.5704 -0.0000 -0.8214
vn -0.6007 -0.0000 -0.7995
vn -0.6279 -0.0000 -0.7783
vn -0.6524 -0.0000 -0.7578
vn -0.6745 -0.0000 -0.7383
vn -0.6944 -0.0000 -0.7195
vn -0.7125 -0.0000 -0.7017
vn -0.7349 -0.0000 -0.6782
vn -0.7679 -0.0000 -0.6405
vn -0.8054 -0.0000 -0.5927
vn -0.8410 -0.0000 -0.5410
vn -0.8741 -0.0000 -0.4858
vn -0.9039 -0.0000 -0.4277
vn -0.9301 -0.0000 -0.3673
vn -0.9522 -0.0000 -0.3053
vn -0.9701 -0.0000 -0.2427
vn -0.9836 -0.0000 -0.1801
vn -0.9930 -0.0000 -0.1184
vn -0.9983 -0.0000 -0.0583
vn -1.0000 -0.0000 0.0004
vn -0.9982 -0.0000 0.0600
vn -0.9925 -0.0000 0.1221
vn -0.9825 -0.0000 0.1862
vn -0.9679 -0.0000 0.2513
vn -0.9485 -0.0000 0.3167
vn -0.9244 -0.0000 0.3814
vn -0.8958 -0.0000 0.4445
vn -0.8631 -0.0000 0.5051
vn -0.8269 -0.0000 0.5623
vn -0.7880 -0.0000 0.6157
vn -0.7471 -0.0000 0.6648
vn -0.7048 -0.0000 0.7094
vn -0.6603 -0.0000 0.7510
vn -0.6118 -0.0000 0.7910
vn -0.5590 -0.0000 0.8292
vn -0.5024 -0.0000 0.8646
vn -0.4425 -0.0000 0.8967
vn -0.3801 -0.0000 0.9249
vn -0.3159 -0.0000 0.9488
vn -0.2509 -0.0000 0.9680
vn -0.1861 -0.0000 0.9825
vn -0.1222 -0.0000 0.9925
vn -0.0601 -0.0000 0.9982
vn -0.0000 -0.0000 1.0000
vn 0.0602 -0.0000 0.9982
vn 0.1222 -0.0000 0.9925
vn 0.1858 -0.0000 0.9826
vn 0.2501 -0.0000 0.9682
vn 0.3144 -0.0000 0.9493
vn 0.3778 -0.0000 0.9259
vn 0.4393 -0.0000 0.8983
vn 0.4983 -0.0000 0.8670
vn 0.5539 -0.0000 0.8326
vn 0.6058 -0.0000 0.7956
vn 0.6535 -0.0000 0.7569
vn 0.7019 -0.0000 0.7122
vn 0.7381 -0.0000 0.6747
vn 0.7599 -0.0000 0.6500
vn 0.7814 -0.0000 0.6241
vn 0.8022 -0.0000 0.5971
vn 0.8224 -0.0000 0.5689
vn 0.8418 -0.0000 0.5398
vn 0.8603 -0.0000 0.5097
vn 0.8779 -0.0000 0.4788
vn 0.8944 -0.0000 0.4472
vn 0.9098 -0.0000 0.4150
vn 0.9241 -0.0000 0.3822
vn 0.3986 -0.0000 0.9171
vn -0.9071 -0.0000 0.4209
vn -0.9406 -0.0000 -0.3395
vn -0.9254 -0.0000 -0.3789
vn -0.9085 -0.0000 -0.4180
vn -0.8898 -0.0000 -0.4564
vn -0.8695 -0.0000 -0.4940
vn -0.8476 -0.0000 -0.5306
vn -0.8244 -0.0000 -0.5659
vn -0.8000 -0.0000 -0.5999
vn -0.7746 -0.0000 -0.6324
vn -0.7483 -0.0000 -0.6633
vn -0.7214 -0.0000 -0.6925
vn -0.6951 -0.0000 -0.7189
vn -0.6598 -0.0000 -0.7515
vn -0.6118 -0.0000 -0.7910
vn -0.5597 -0.0000 -0.8287
vn -0.5036 -0.0000 -0.8640
vn -0.4441 -0.0000 -0.8960
vn -0.3819 -0.0000 -0.9242
vn -0.3178 -0.0000 -0.9482
vn -0.2528 -0.0000 -0.9675
vn -0.1877 -0.0000 -0.9822
vn -0.1234 -0.0000 -0.9924
vn -0.0607 -0.0000 -0.9982
vn -0.0001 -0.0000 -1.0000
vn 0.0603 -0.0000 -0.9982
vn 0.1228 -0.0000 -0.9924
vn 0.1871 -0.0000 -0.9823
vn 0.2524 -0.0000 -0.9676
vn 0.3180 -0.0000 -0.9481
vn 0.3829 -0.0000 -0.9238
vn 0.4460 -0.0000 -0.8950
vn 0.5066 -0.0000 -0.8622
vn 0.5638 -0.0000 -0.8259
vn 0.6170 -0.0000 -0.7869
vn 0.6660 -0.0000 -0.7460
vn 0.7102 -0.0000 -0.7040
vn 0.7511 -0.0000 -0.6602
vn 0.7904 -0.0000 -0.6126
vn 0.8280 -0.0000 -0.5608
vn 0.8631 -0.0000 -0.5050
vn 0.8952 -0.0000 -0.4457
vn 0.9235 -0.0000 -0.3836
vn 0.9476 -0.0000 -0.3196
vn 0.9671 -0.0000 -0.2544
vn 0.9820 -0.0000 -0.1890
vn 0.9922 -0.0000 -0.1244
vn 0.9981 -0.0000 -0.0613
vn 1.0000 -0.0000 -0.0037
vn 0.9989 -0.0000 0.0466
vn 0.9954 -0.0000 0.0960
vn 0.9889 -0.0000 0.1485
vn 0.9790 -0.0000 0.2040
vn 0.9650 -0.0000 0.2621
vn 0.9466 -0.0000 0.3223
vn 0.9233 -0.0000 0.3840
vn 0.8949 -0.0000 0.4463
vn 0.8612 -0.0000 0.5082
vn 0.7790 -0.0000 0.6271
vn 0.7398 -0.0000 0.6728
vn 0.7152 -0.0000 0.6989
vn 0.6976 -0.0000 0.7164
vn 0.6782 -0.0000 0.7348
vn 0.6568 -0.0000 0.7540
vn 0.6331 -0.0000 0.7740
vn 0.6069 -0.0000 0.7948
vn 0.5778 -0.0000 0.8162
vn 0.5455 -0.0000 0.8381
vn 0.5097 -0.0000 0.8603
vn 0.4701 -0.0000 0.8826
vn 0.4264 -0.0000 0.9045
vn 0.9993 -0.0000 -0.0374
vn 0.3514 -0.0000 -0.9362
vn 0.3871 -0.0000 -0.9221
vn 0.4231 -0.0000 -0.9061
vn 0.4593 -0.0000 -0.8883
vn 0.4956 -0.0000 -0.8686
vn 0.5317 -0.0000 -0.8470
vn 0.5673 -0.0000 -0.8235
vn 0.6023 -0.0000 -0.7983
vn 0.6365 -0.0000 -0.7713
vn 0.6696 -0.0000 -0.7428
vn 0.7014 -0.0000 -0.7128
vn 0.7338 -0.0000 -0.6793
vn 0.7694 -0.0000 -0.6388
vn 0.8059 -0.0000 -0.5920
vn 0.8408 -0.0000 -0.5414
vn 0.8733 -0.0000 -0.4872
vn 0.9029 -0.0000 -0.4298
vn 0.9290 -0.0000 -0.3700
vn 0.9513 -0.0000 -0.3083
vn 0.9694 -0.0000 -0.2456
vn 0.9832 -0.0000 -0.1827
vn 0.9927 -0.0000 -0.1204
vn 0.9982 -0.0000 -0.0594
vn 1.0000 -0.0000 0.0002
vn 0.9982 -0.0000 0.0604
vn 0.9924 -0.0000 0.1228
vn 0.9824 -0.0000 0.1869
vn 0.9677 -0.0000 0.2520
vn 0.9484 -0.0000 0.3172
vn 0.9244 -0.0000 0.3815
vn 0.8960 -0.0000 0.4440
vn 0.8637 -0.0000 0.5040
vn 0.8281 -0.0000 0.5605
vn 0.7899 -0.0000 0.6132
vn 0.7498 -0.0000 0.6616
vn 0.7083 -0.0000 0.7059
vn 0.6641 -0.0000 0.7476
vn 0.6156 -0.0000 0.7880
vn 0.5628 -0.0000 0.8266
vn 0.5061 -0.0000 0.8625
vn 0.4460 -0.0000 0.8951
vn 0.3832 -0.0000 0.9237
vn 0.3186 -0.0000 0.9479
vn 0.2531 -0.0000 0.9674
vn 0.1877 -0.0000 0.9822
vn 0.1233 -0.0000 0.9924
vn 0.0606 -0.0000 0.9982
vn -0.0002 -0.0000 1.0000
vn -0.0613 -0.0000 0.9981
vn -0.1246 -0.0000 0.9922
vn -0.1896 -0.0000 0.9819
vn -0.2554 -0.0000 0.9668
vn -0.3212 -0.0000 0.9470
vn -0.3860 -0.0000 0.9225
vn -0.4488 -0.0000 0.8937
vn -0.5088 -0.0000 0.8609
vn -0.5653 -0.0000 0.8249
vn -0.6177 -0.0000 0.7864
vn -0.6658 -0.0000 0.7461
vn -0.7079 -0.0000 0.7063
vn -0.7434 -0.0000 0.6689
vn -0.7756 -0.0000 0.6312
vn -0.8068 -0.0000 0.5908
vn -0.8366 -0.0000 0.5479
vn -0.8645 -0.0000 0.5026
vn -0.8903 -0.0000 0.4553
vn -0.9137 -0.0000 0.4063
vn -0.9344 -0.0000 0.3561
vn -0.9523 -0.0000 0.3051
vn -0.9673 -0.0000 0.2537
vn -0.9793 -0.0000 0.2024
vn -0.8665 -0.0000 -0.4991
vn 0.5189 -0.0000 -0.8548
vn 0.9874 -0.0000 -0.1585
vn 0.9770 -0.0000 -0.2133
vn 0.9632 -0.0000 -0.2687
vn 0.9460 -0.0000 -0.3241
vn 0.9254 -0.0000 -0.3791
vn 0.9014 -0.0000 -0.4330
vn 0.8744 -0.0000 -0.4852
vn 0.8447 -0.0000 -0.5353
vn 0.8127 -0.0000 -0.5827
vn 0.7788 -0.0000 -0.6273
vn 0.7435 -0.0000 -0.6688
vn 0.7044 -0.0000 -0.7098
vn 0.6604 -0.0000 -0.7509
vn 0.6126 -0.0000 -0.7904
vn 0.5606 -0.0000 -0.8281
vn 0.5047 -0.0000 -0.8633
vn 0.4453 -0.0000 -0.8954
vn 0.3831 -0.0000 -0.9237
vn 0.3190 -0.0000 -0.9477
vn 0.2538 -0.0000 -0.9672
vn 0.1886 -0.0000 -0.9821
vn 0.1240 -0.0000 -0.9923
vn 0.0611 -0.0000 -0.9981
vn 0.0002 -0.0000 -1.0000
vn -0.0604 -0.0000 -0.9982
vn -0.1228 -0.0000 -0.9924
vn -0.1870 -0.0000 -0.9824
vn -0.2522 -0.0000 -0.9677
vn -0.3175 -0.0000 -0.9483
vn -0.3820 -0.0000 -0.9242
vn -0.4446 -0.0000 -0.8957
vn -0.5047 -0.0000 -0.8633
vn -0.5614 -0.0000 -0.8275
vn -0.6143 -0.0000 -0.7891
vn -0.6628 -0.0000 -0.7488
vn -0.7071 -0.0000 -0.7071
vn -0.7488 -0.0000 -0.6628
vn -0.7891 -0.0000 -0.6143
vn -0.8275 -0.0000 -0.5614
vn -0.8633 -0.0000 -0.5047
vn -0.8957 -0.0000 -0.4446
vn -0.9242 -0.0000 -0.3820
vn -0.9483 -0.0000 -0.3175
vn -0.9677 -0.0000 -0.2522
vn -0.9824 -0.0000 -0.1870
vn -0.9924 -0.0000 -0.1228
vn -0.9982 -0.0000 -0.0604
vn -1.0000 -0.0000 -0.0003
vn -0.9983 -0.0000 0.0589
vn -0.9929 -0.0000 0.1193
vn -0.9835 -0.0000 0.1809
vn -0.9700 -0.0000 0.2432
vn -0.9523 -0.0000 0.3052
vn -0.9306 -0.0000 0.3661
vn -0.9050 -0.0000 0.4254
vn -0.8761 -0.0000 0.4821
vn -0.8443 -0.0000 0.5358
vn -0.8102 -0.0000 0.5861
vn -0.7745 -0.0000 0.6326
vn -0.9999 -0.0000 -0.0149
vn -0.9999 -0.0000 0.0149
vn -0.9982 -0.0000 0.0607
vn -0.9924 -0.0000 0.1234
vn -0.9822 -0.0000 0.1878
vn -0.9674 -0.0000 0.2532
vn -0.9479 -0.0000 0.3187
vn -0.9236 -0.0000 0.3833
vn -0.8950 -0.0000 0.4461
vn -0.8624 -0.0000 0.5062
vn -0.8265 -0.0000 0.5630
vn -0.7476 -0.0000 0.6642
vn -0.7058 -0.0000 0.7084
vn -0.6616 -0.0000 0.7499
vn -0.6132 -0.0000 0.7899
vn -0.5605 -0.0000 0.8281
vn -0.5040 -0.0000 0.8637
vn -0.4441 -0.0000 0.8960
vn -0.3815 -0.0000 0.9243
vn -0.3172 -0.0000 0.9483
vn -0.2521 -0.0000 0.9677
vn -0.1870 -0.0000 0.9824
vn -0.1228 -0.0000 0.9924
vn -0.0604 -0.0000 0.9982
vn 0.0604 -0.0000 0.9982
vn 0.1228 -0.0000 0.9924
vn 0.1870 -0.0000 0.9824
vn 0.2521 -0.0000 0.9677
vn 0.3172 -0.0000 0.9483
vn 0.3815 -0.0000 0.9243
vn 0.4441 -0.0000 0.8960
vn 0.5040 -0.0000 0.8637
vn 0.5605 -0.0000 0.8281
vn 0.6132 -0.0000 0.7899
vn 0.6616 -0.0000 0.7499
vn 0.7058 -0.0000 0.7084
vn 0.7476 -0.0000 0.6642
vn 0.7880 -0.0000 0.6157
vn 0.8265 -0.0000 0.5630
vn 0.8624 -0.0000 0.5062
vn 0.8950 -0.0000 0.4461
vn 0.9236 -0.0000 0.3833
vn 0.9479 -0.0000 0.3187
vn 0.9674 -0.0000 0.2532
vn 0.9822 -0.0000 0.1878
vn 0.9924 -0.0000 0.1234
vn 0.9982 -0.0000 0.0607
vn 0.9999 -0.0000 0.0149
vn 0.9999 -0.0000 -0.0149
vn 0.9982 -0.0000 -0.0607
vn 0.9924 -0.0000 -0.1234
vn 0.9822 -0.0000 -0.1878
vn 0.9674 -0.0000 -0.2532
vn 0.9479 -0.0000 -0.3187
vn 0.9236 -0.0000 -0.3833
vn 0.8950 -0.0000 -0.4461
vn 0.8624 -0.0000 -0.5062
vn 0.8265 -0.0000 -0.5630
vn 0.7880 -0.0000 -0.6157
vn 0.7476 -0.0000 -0.6642
vn 0.7058 -0.0000 -0.7084
vn 0.6616 -0.0000 -0.7499
vn 0.6132 -0.0000 -0.7899
vn 0.5605 -0.0000 -0.8281
vn 0.5040 -0.0000 -0.8637
vn 0.4441 -0.0000 -0.8960
vn 0.3815 -0.0000 -0.9243
vn 0.3172 -0.0000 -0.9483
vn 0.2521 -0.0000 -0.9677
vn 0.1870 -0.0000 -0.9824
vn 0.0604 -0.0000 -0.9982
vn -0.0000 -0.0000 -1.0000
vn -0.2521 -0.0000 -0.9677
vn -0.3172 -0.0000 -0.9483
vn -0.3815 -0.0000 -0.9243
vn -0.5040 -0.0000 -0.8637
vn -0.5605 -0.0000 -0.8281
vn -0.6132 -0.0000 -0.7899
vn -0.6616 -0.0000 -0.7499
vn -0.7058 -0.0000 -0.7084
vn -0.7476 -0.0000 -0.6642
vn -0.7880 -0.0000 -0.6157
vn -0.8265 -0.0000 -0.5630
vn -0.8624 -0.0000 -0.5062
vn -0.8950 -0.0000 -0.4461
vn -0.9236 -0.0000 -0.3833
vn -0.9479 -0.0000 -0.3187
vn -0.9674 -0.0000 -0.2532
vn -0.9822 -0.0000 -0.1878
vn -0.9924 -0.0000 -0.1234
vn -0.9982 -0.0000 -0.0607
vn 0.9982 -0.0000 0.0606
vn 0.9924 -0.0000 0.1232
vn 0.9823 -0.0000 0.1875
vn 0.9676 -0.0000 0.2527
vn 0.9481 -0.0000 0.3179
vn 0.8956 -0.0000 0.4448
vn 0.8633 -0.0000 0.5046
vn 0.8278 -0.0000 0.5611
vn 0.7896 -0.0000 0.6136
vn 0.7496 -0.0000 0.6619
vn 0.7081 -0.0000 0.7061
vn 0.6639 -0.0000 0.7478
vn 0.6154 -0.0000 0.7882
vn 0.5626 -0.0000 0.8268
vn 0.5058 -0.0000 0.8627
vn 0.4456 -0.0000 0.8952
vn 0.3828 -0.0000 0.9238
vn 0.3183 -0.0000 0.9480
vn 0.2528 -0.0000 0.9675
vn 0.1875 -0.0000 0.9823
vn 0.1231 -0.0000 0.9924
vn -0.0001 -0.0000 1.0000
vn -0.0608 -0.0000 0.9982
vn -0.1236 -0.0000 0.9923
vn -0.1880 -0.0000 0.9822
vn -0.2534 -0.0000 0.9674
vn -0.3188 -0.0000 0.9478
vn -0.3833 -0.0000 0.9236
vn -0.4459 -0.0000 0.8951
vn -0.5058 -0.0000 0.8627
vn -0.5623 -0.0000 0.8269
vn -0.6148 -0.0000 0.7887
vn -0.6631 -0.0000 0.7486
vn -0.7071 -0.0000 0.7071
vn -0.7486 -0.0000 0.6631
vn -0.7887 -0.0000 0.6148
vn -0.8627 -0.0000 0.5058
vn -0.8951 -0.0000 0.4459
vn -0.9478 -0.0000 0.3188
vn -0.9674 -0.0000 0.2534
vn -0.9822 -0.0000 0.1880
vn -0.9923 -0.0000 0.1236
vn -0.9982 -0.0000 0.0608
vn -0.9999 -0.0000 0.0150
vn -0.9999 -0.0000 -0.0150
vn -0.9982 -0.0000 -0.0608
vn -0.9923 -0.0000 -0.1236
vn -0.9822 -0.0000 -0.1880
vn -0.9674 -0.0000 -0.2534
vn -0.9478 -0.0000 -0.3188
vn -0.8951 -0.0000 -0.4459
vn -0.8627 -0.0000 -0.5058
vn -0.8269 -0.0000 -0.5623
vn -0.7887 -0.0000 -0.6148
vn -0.7486 -0.0000 -0.6631
vn -0.6631 -0.0000 -0.7486
vn -0.6148 -0.0000 -0.7887
vn -0.5623 -0.0000 -0.8269
vn -0.5058 -0.0000 -0.8627
vn -0.4459 -0.0000 -0.8951
vn -0.3833 -0.0000 -0.9236
vn -0.3188 -0.0000 -0.9478
vn -0.2534 -0.0000 -0.9674
vn -0.1880 -0.0000 -0.9822
vn -0.1236 -0.0000 -0.9923
vn -0.0608 -0.0000 -0.9982
vn 0.0606 -0.0000 -0.9982
vn 0.1231 -0.0000 -0.9924
vn 0.1875 -0.0000 -0.9823
vn 0.2528 -0.0000 -0.9675
vn 0.3183 -0.0000 -0.9480
vn 0.3828 -0.0000 -0.9238
vn 0.4456 -0.0000 -0.8952
vn 0.5058 -0.0000 -0.8627
vn 0.5626 -0.0000 -0.8268
vn 0.6154 -0.0000 -0.7882
vn 0.6639 -0.0000 -0.7478
vn 0.7081 -0.0000 -0.7061
vn 0.7496 -0.0000 -0.6619
vn 0.7896 -0.0000 -0.6136
vn 0.8278 -0.0000 -0.5611
vn 0.8633 -0.0000 -0.5046
vn 0.8956 -0.0000 -0.4448
vn 0.9241 -0.0000 -0.3822
vn 0.9481 -0.0000 -0.3179
vn 0.9676 -0.0000 -0.2527
vn 0.9823 -0.0000 -0.1875
vn 0.9924 -0.0000 -0.1232
vn 0.9982 -0.0000 -0.0606
vn -0.1773 -0.0000 -0.9842
vn 0.9842 -0.0000 -0.1773
vn 0.1773 -0.0000 0.9842
vn -0.9842 -0.0000 0.1773
vn 0.1227 -0.0000 -0.9924
vn 0.1868 -0.0000 -0.9824
vn 0.2519 -0.0000 -0.9678
vn 0.3172 -0.0000 -0.9484
vn 0.3816 -0.0000 -0.9243
vn 0.4443 -0.0000 -0.8959
vn 0.5044 -0.0000 -0.8634
vn 0.5612 -0.0000 -0.8277
vn 0.6141 -0.0000 -0.7892
vn 0.6627 -0.0000 -0.7489
vn 0.7071 -0.0000 -0.7071
vn 0.7489 -0.0000 -0.6627
vn 0.7892 -0.0000 -0.6141
vn 0.8277 -0.0000 -0.5612
vn 0.8634 -0.0000 -0.5044
vn 0.8959 -0.0000 -0.4443
vn 0.9243 -0.0000 -0.3816
vn 0.9484 -0.0000 -0.3172
vn 0.9678 -0.0000 -0.2519
vn 0.9824 -0.0000 -0.1868
vn 0.9924 -0.0000 -0.1227
vn 0.9982 -0.0000 -0.0603
vn 1.0000 -0.0000 -0.0000
vn 0.9982 -0.0000 0.0603
vn 0.9924 -0.0000 0.1227
vn 0.9824 -0.0000 0.1868
vn 0.9678 -0.0000 0.2519
vn 0.9243 -0.0000 0.3816
vn 0.8959 -0.0000 0.4443
vn 0.8634 -0.0000 0.5044
vn 0.8277 -0.0000 0.5612
vn 0.7892 -0.0000 0.6141
vn 0.7489 -0.0000 0.6627
vn 0.7071 -0.0000 0.7071
vn 0.6627 -0.0000 0.7489
vn 0.6141 -0.0000 0.7892
vn 0.5612 -0.0000 0.8277
vn 0.5044 -0.0000 0.8634
vn 0.4443 -0.0000 0.8959
vn 0.3816 -0.0000 0.9243
vn 0.3172 -0.0000 0.9484
vn 0.2519 -0.0000 0.9678
vn 0.1868 -0.0000 0.9824
vn 0.1226 -0.0000 0.9925
vn 0.0603 -0.0000 0.9982
vn -0.0603 -0.0000 0.9982
vn -0.1226 -0.0000 0.9925
vn -0.1868 -0.0000 0.9824
vn -0.2519 -0.0000 0.9678
vn -0.3172 -0.0000 0.9484
vn -0.3816 -0.0000 0.9243
vn -0.4443 -0.0000 0.8959
vn -0.5044 -0.0000 0.8634
vn -0.5612 -0.0000 0.8277
vn -0.6141 -0.0000 0.7892
vn -0.6627 -0.0000 0.7489
vn -0.7489 -0.0000 0.6627
vn -0.7892 -0.0000 0.6141
vn -0.8277 -0.0000 0.5612
vn -0.8634 -0.0000 0.5044
vn -0.8959 -0.0000 0.4443
vn -0.9243 -0.0000 0.3816
vn -0.9484 -0.0000 0.3172
vn -0.9678 -0.0000 0.2519
vn -0.9824 -0.0000 0.1868
vn -0.9925 -0.0000 0.1227
vn -0.9982 -0.0000 0.0603
vn -1.0000 -0.0000 -0.0000
vn -0.9982 -0.0000 -0.0603
vn -0.9924 -0.0000 -0.1227
vn -0.9824 -0.0000 -0.1868
vn -0.9678 -0.0000 -0.2519
vn -0.9484 -0.0000 -0.3172
vn -0.9243 -0.0000 -0.3816
vn -0.8959 -0.0000 -0.4443
vn -0.8634 -0.0000 -0.5044
vn -0.8277 -0.0000 -0.5612
vn -0.7892 -0.0000 -0.6141
vn -0.7489 -0.0000 -0.6627
vn -0.6627 -0.0000 -0.7489
vn -0.6141 -0.0000 -0.7892
vn -0.5612 -0.0000 -0.8277
vn -0.5044 -0.0000 -0.8634
vn -0.4443 -0.0000 -0.8959
vn -0.3816 -0.0000 -0.9243
vn -0.3172 -0.0000 -0.9484
vn -0.2519 -0.0000 -0.9678
vn -0.1868 -0.0000 -0.9824
vn -0.1227 -0.0000 -0.9924
vn -0.0603 -0.0000 -0.9982
vn -0.7032 -0.0000 0.7110
vn -0.6593 -0.0000 0.7519
vn -0.6116 -0.0000 0.7912
vn -0.5596 -0.0000 0.8287
vn -0.5037 -0.0000 0.8639
vn -0.4444 -0.0000 0.8958
vn -0.3823 -0.0000 0.9240
vn -0.3183 -0.0000 0.9480
vn -0.2533 -0.0000 0.9674
vn -0.1881 -0.0000 0.9821
vn -0.1238 -0.0000 0.9923
vn -0.0609 -0.0000 0.9981
vn 0.0601 -0.0000 0.9982
vn 0.1861 -0.0000 0.9825
vn 0.2511 -0.0000 0.9680
vn 0.3163 -0.0000 0.9487
vn 0.3808 -0.0000 0.9247
vn 0.4435 -0.0000 0.8963
vn 0.5037 -0.0000 0.8639
vn 0.5607 -0.0000 0.8280
vn 0.6137 -0.0000 0.7895
vn 0.6625 -0.0000 0.7490
vn 0.7491 -0.0000 0.6625
vn 0.7895 -0.0000 0.6137
vn 0.8280 -0.0000 0.5607
vn 0.8639 -0.0000 0.5037
vn 0.8963 -0.0000 0.4435
vn 0.9247 -0.0000 0.3808
vn 0.9487 -0.0000 0.3163
vn 0.9680 -0.0000 0.2511
vn 0.9825 -0.0000 0.1861
vn 0.9925 -0.0000 0.1222
vn 0.9982 -0.0000 0.0601
vn 0.9982 -0.0000 -0.0601
vn 0.9925 -0.0000 -0.1222
vn 0.9825 -0.0000 -0.1861
vn 0.9680 -0.0000 -0.2511
vn 0.9487 -0.0000 -0.3163
vn 0.9247 -0.0000 -0.3808
vn 0.8963 -0.0000 -0.4435
vn 0.8639 -0.0000 -0.5037
vn 0.8280 -0.0000 -0.5607
vn 0.7895 -0.0000 -0.6137
vn 0.7490 -0.0000 -0.6625
vn 0.6625 -0.0000 -0.7490
vn 0.6137 -0.0000 -0.7895
vn 0.5607 -0.0000 -0.8280
vn 0.5037 -0.0000 -0.8639
vn 0.4435 -0.0000 -0.8963
vn 0.3808 -0.0000 -0.9247
vn 0.3163 -0.0000 -0.9487
vn 0.2511 -0.0000 -0.9680
vn 0.1861 -0.0000 -0.9825
vn 0.1222 -0.0000 -0.9925
vn 0.0601 -0.0000 -0.9982
vn -0.0002 -0.0000 -1.0000
vn -0.0609 -0.0000 -0.9981
vn -0.1238 -0.0000 -0.9923
vn -0.1881 -0.0000 -0.9821
vn -0.2533 -0.0000 -0.9674
vn -0.3183 -0.0000 -0.9480
vn -0.3823 -0.0000 -0.9240
vn -0.4444 -0.0000 -0.8958
vn -0.5037 -0.0000 -0.8639
vn -0.5596 -0.0000 -0.8287
vn -0.6116 -0.0000 -0.7912
vn -0.6593 -0.0000 -0.7519
vn -0.7032 -0.0000 -0.7110
vn -0.7451 -0.0000 -0.6669
vn -0.7860 -0.0000 -0.6182
vn -0.8249 -0.0000 -0.5652
vn -0.8612 -0.0000 -0.5082
vn -0.8942 -0.0000 -0.4477
vn -0.9231 -0.0000 -0.3846
vn -0.9475 -0.0000 -0.3197
vn -0.9672 -0.0000 -0.2539
vn -0.9821 -0.0000 -0.1883
vn -0.9821 -0.0000 0.1883
vn -0.9672 -0.0000 0.2539
vn -0.9475 -0.0000 0.3197
vn -0.9231 -0.0000 0.3846
vn -0.8942 -0.0000 0.4478
vn -0.8612 -0.0000 0.5082
vn -0.8249 -0.0000 0.5652
vn -0.7860 -0.0000 0.6182
vn -0.7451 -0.0000 0.6669
vn 0.1226 -0.0000 -0.9925
vn 0.9925 -0.0000 -0.1227
vn -0.9925 -0.0000 -0.1227
vn -0.5596 -0.0000 0.8288
vn 0.5038 -0.0000 0.8638
vn 0.6625 -0.0000 0.7491
vn 0.5037 -0.0000 -0.8638
vn -0.5596 -0.0000 -0.8288
vn -0.8942 -0.0000 -0.4478
vn -0.8942 -0.0000 0.4477
vt 0.007752 0.000000
vt 0.002584 0.000000
vt 0.000000 0.000000
vt 0.005168 0.000000
vt 0.255814 0.000000
vt 0.012920 0.000000
vt 0.010336 0.000000
vt 0.015504 0.000000
vt 0.253230 0.000000
vt 0.018088 0.000000
vt 0.250646 0.000000
vt 0.020672 0.000000
vt 0.248062 0.000000
vt 0.023256 0.000000
vt 0.245478 0.000000
vt 0.025840 0.000000
vt 0.242894 0.000000
vt 0.028424 0.000000
vt 0.240310 0.000000
vt 0.031008 0.000000
vt 0.237726 0.000000
vt 0.033592 0.000000
vt 0.235142 0.000000
vt 0.036176 0.000000
vt 0.232558 0.000000
vt 0.038760 0.000000
vt 0.229974 0.000000
vt 0.041344 0.000000
vt 0.227390 0.000000
vt 0.224806 0.000000
vt 0.043928 0.000000
vt 0.222222 0.000000
vt 0.289406 0.000000
vt 0.046512 0.000000
vt 0.291990 0.000000
vt 0.286822 0.000000
vt 0.294574 0.000000
vt 0.284238 0.000000
vt 0.297158 0.000000
vt 0.281654 0.000000
vt 0.299742 0.000000
vt 0.279070 0.000000
vt 0.219638 0.000000
vt 0.049096 0.000000
vt 0.302326 0.000000
vt 0.276486 0.000000
vt 0.304910 0.000000
vt 0.273902 0.000000
vt 0.307494 0.000000
vt 0.271318 0.000000
vt 0.310078 0.000000
vt 0.268734 0.000000
vt 0.217054 0.000000
vt 0.051680 0.000000
vt 0.312661 0.000000
vt 0.266150 0.000000
vt 0.315245 0.000000
vt 0.263566 0.000000
vt 0.214470 0.000000
vt 0.054264 0.000000
vt 0.317829 0.000000
vt 0.260982 0.000000
vt 0.320413 0.000000
vt 0.258398 0.000000
vt 0.211886 0.000000
vt 0.056848 0.000000
vt 0.322997 0.000000
vt 0.503876 0.000000
vt 0.501292 0.000000
vt 0.325581 0.000000
vt 0.209302 0.000000
vt 0.059432 0.000000
vt 0.498708 0.000000
vt 0.328165 0.000000
vt 0.496124 0.000000
vt 0.330749 0.000000
vt 0.206718 0.000000
vt 0.062016 0.000000
vt 0.493540 0.000000
vt 0.333333 0.000000
vt 0.490956 0.000000
vt 0.335917 0.000000
vt 0.204134 0.000000
vt 0.064599 0.000000
vt 0.488372 0.000000
vt 0.338501 0.000000
vt 0.341085 0.000000
vt 0.485788 0.000000
vt 0.201550 0.000000
vt 0.067183 0.000000
vt 0.343669 0.000000
vt 0.483204 0.000000
vt 0.198966 0.000000
vt 0.069767 0.000000
vt 0.346253 0.000000
vt 0.480620 0.000000
vt 0.348837 0.000000
vt 0.478036 0.000000
vt 0.196382 0.000000
vt 0.072351 0.000000
vt 0.351421 0.000000
vt 0.475452 0.000000
vt 0.193798 0.000000
vt 0.354005 0.000000
vt 0.472868 0.000000
vt 0.074935 0.000000
vt 0.356589 0.000000
vt 0.470284 0.000000
vt 0.191214 0.000000
vt 0.077519 0.000000
vt 0.359173 0.000000
vt 0.467700 0.000000
vt 0.361757 0.000000
vt 0.465116 0.000000
vt 0.188630 0.000000
vt 0.080103 0.000000
vt 0.364341 0.000000
vt 0.462532 0.000000
vt 0.186047 0.000000
vt 0.082687 0.000000
vt 0.366925 0.000000
vt 0.459948 0.000000
vt 0.369509 0.000000
vt 0.457364 0.000000
vt 0.183463 0.000000
vt 0.085271 0.000000
vt 0.372093 0.000000
vt 0.454780 0.000000
vt 0.374677 0.000000
vt 0.452196 0.000000
vt 0.180879 0.000000
vt 0.087855 0.000000
vt 0.377261 0.000000
vt 0.449612 0.000000
vt 0.379845 0.000000
vt 0.447028 0.000000
vt 0.178295 0.000000
vt 0.090439 0.000000
vt 0.382429 0.000000
vt 0.444444 0.000000
vt 0.385013 0.000000
vt 0.441860 0.000000
vt 0.175711 0.000000
vt 0.093023 0.000000
vt 0.387597 0.000000
vt 0.439276 0.000000
vt 0.390181 0.000000
vt 0.436693 0.000000
vt 0.173127 0.000000
vt 0.095607 0.000000
vt 0.392765 0.000000
vt 0.434109 0.000000
vt 0.395349 0.000000
vt 0.431525 0.000000
vt 0.170543 0.000000
vt 0.098191 0.000000
vt 0.397933 0.000000
vt 0.428941 0.000000
vt 0.400517 0.000000
vt 0.426357 0.000000
vt 0.403101 0.000000
vt 0.423773 0.000000
vt 0.405685 0.000000
vt 0.421189 0.000000
vt 0.167959 0.000000
vt 0.100775 0.000000
vt 0.408269 0.000000
vt 0.418605 0.000000
vt 0.410853 0.000000
vt 0.416021 0.000000
vt 0.413437 0.000000
vt 0.165375 0.000000
vt 0.103359 0.000000
vt 0.162791 0.000000
vt 0.105943 0.000000
vt 0.160207 0.000000
vt 0.108527 0.000000
vt 0.157623 0.000000
vt 0.111111 0.000000
vt 0.155039 0.000000
vt 0.113695 0.000000
vt 0.152455 0.000000
vt 0.116279 0.000000
vt 0.149871 0.000000
vt 0.118863 0.000000
vt 0.147287 0.000000
vt 0.121447 0.000000
vt 0.144703 0.000000
vt 0.124031 0.000000
vt 0.142119 0.000000
vt 0.126615 0.000000
vt 0.139535 0.000000
vt 0.129199 0.000000
vt 0.136951 0.000000
vt 0.131783 0.000000
vt 0.134367 0.000000
vt 0.751938 0.000000
vt 0.509044 0.000000
vt 0.506460 0.000000
vt 0.749354 0.000000
vt 0.511628 0.000000
vt 0.746770 0.000000
vt 0.514212 0.000000
vt 0.744186 0.000000
vt 0.516796 0.000000
vt 0.741602 0.000000
vt 0.519380 0.000000
vt 0.739018 0.000000
vt 0.521964 0.000000
vt 0.736434 0.000000
vt 0.524548 0.000000
vt 0.733850 0.000000
vt 0.527132 0.000000
vt 0.731266 0.000000
vt 0.529716 0.000000
vt 0.728682 0.000000
vt 0.532300 0.000000
vt 0.726098 0.000000
vt 0.534884 0.000000
vt 0.723514 0.000000
vt 0.537468 0.000000
vt 0.720930 0.000000
vt 0.540052 0.000000
vt 0.542636 0.000000
vt 0.718346 0.000000
vt 0.785530 0.000000
vt 0.788114 0.000000
vt 0.782946 0.000000
vt 0.790698 0.000000
vt 0.780362 0.000000
vt 0.793282 0.000000
vt 0.777778 0.000000
vt 0.795866 0.000000
vt 0.775194 0.000000
vt 0.545220 0.000000
vt 0.715762 0.000000
vt 0.798450 0.000000
vt 0.772610 0.000000
vt 0.801034 0.000000
vt 0.770026 0.000000
vt 0.803618 0.000000
vt 0.767442 0.000000
vt 0.806202 0.000000
vt 0.764858 0.000000
vt 0.547804 0.000000
vt 0.713178 0.000000
vt 0.808786 0.000000
vt 0.762274 0.000000
vt 0.811370 0.000000
vt 0.759690 0.000000
vt 0.550388 0.000000
vt 0.710594 0.000000
vt 0.813953 0.000000
vt 0.757106 0.000000
vt 0.816537 0.000000
vt 0.754522 0.000000
vt 0.552972 0.000000
vt 0.708010 0.000000
vt 0.819121 0.000000
vt 1.000000 0.000000
vt 0.821705 0.000000
vt 0.997416 0.000000
vt 0.555556 0.000000
vt 0.705426 0.000000
vt 0.824289 0.000000
vt 0.994832 0.000000
vt 0.826873 0.000000
vt 0.992248 0.000000
vt 0.558140 0.000000
vt 0.702842 0.000000
vt 0.829457 0.000000
vt 0.989664 0.000000
vt 0.832041 0.000000
vt 0.987080 0.000000
vt 0.560724 0.000000
vt 0.700258 0.000000
vt 0.834625 0.000000
vt 0.984496 0.000000
vt 0.837209 0.000000
vt 0.981912 0.000000
vt 0.563307 0.000000
vt 0.697674 0.000000
vt 0.839793 0.000000
vt 0.979328 0.000000
vt 0.565891 0.000000
vt 0.695090 0.000000
vt 0.842377 0.000000
vt 0.976744 0.000000
vt 0.844961 0.000000
vt 0.974160 0.000000
vt 0.568475 0.000000
vt 0.692506 0.000000
vt 0.847545 0.000000
vt 0.971576 0.000000
vt 0.689922 0.000000
vt 0.850129 0.000000
vt 0.968992 0.000000
vt 0.571059 0.000000
vt 0.852713 0.000000
vt 0.966408 0.000000
vt 0.573643 0.000000
vt 0.687339 0.000000
vt 0.855297 0.000000
vt 0.963824 0.000000
vt 0.857881 0.000000
vt 0.961240 0.000000
vt 0.576227 0.000000
vt 0.684755 0.000000
vt 0.860465 0.000000
vt 0.958656 0.000000
vt 0.578811 0.000000
vt 0.682171 0.000000
vt 0.863049 0.000000
vt 0.956072 0.000000
vt 0.865633 0.000000
vt 0.953488 0.000000
vt 0.581395 0.000000
vt 0.679587 0.000000
vt 0.868217 0.000000
vt 0.950904 0.000000
vt 0.870801 0.000000
vt 0.948320 0.000000
vt 0.583979 0.000000
vt 0.677003 0.000000
vt 0.873385 0.000000
vt 0.945736 0.000000
vt 0.875969 0.000000
vt 0.943152 0.000000
vt 0.586563 0.000000
vt 0.674419 0.000000
vt 0.878553 0.000000
vt 0.940568 0.000000
vt 0.881137 0.000000
vt 0.937984 0.000000
vt 0.589147 0.000000
vt 0.671835 0.000000
vt 0.883721 0.000000
vt 0.935401 0.000000
vt 0.886305 0.000000
vt 0.932817 0.000000
vt 0.591731 0.000000
vt 0.669251 0.000000
vt 0.888889 0.000000
vt 0.930233 0.000000
vt 0.891473 0.000000
vt 0.927649 0.000000
vt 0.594315 0.000000
vt 0.666667 0.000000
vt 0.894057 0.000000
vt 0.925065 0.000000
vt 0.896641 0.000000
vt 0.922481 0.000000
vt 0.899225 0.000000
vt 0.919897 0.000000
vt 0.901809 0.000000
vt 0.917313 0.000000
vt 0.596899 0.000000
vt 0.664083 0.000000
vt 0.904393 0.000000
vt 0.914729 0.000000
vt 0.906977 0.000000
vt 0.912145 0.000000
vt 0.909561 0.000000
vt 0.599483 0.000000
vt 0.661499 0.000000
vt 0.658915 0.000000
vt 0.602067 0.000000
vt 0.656331 0.000000
vt 0.604651 0.000000
vt 0.653747 0.000000
vt 0.607235 0.000000
vt 0.651163 0.000000
vt 0.609819 0.000000
vt 0.648579 0.000000
vt 0.612403 0.000000
vt 0.645995 0.000000
vt 0.614987 0.000000
vt 0.643411 0.000000
vt 0.617571 0.000000
vt 0.640827 0.000000
vt 0.620155 0.000000
vt 0.638243 0.000000
vt 0.622739 0.000000
vt 0.635659 0.000000
vt 0.625323 0.000000
vt 0.633075 0.000000
vt 0.627907 0.000000
vt 0.630491 0.000000
vt 0.876923 0.000000
vt 0.887179 0.000000
vt 0.882051 0.000000
vt 0.871795 0.000000
vt 0.892308 0.000000
vt 0.866667 0.000000
vt 0.897436 0.000000
vt 0.861538 0.000000
vt 0.902564 0.000000
vt 0.856410 0.000000
vt 0.907692 0.000000
vt 0.851282 0.000000
vt 0.912821 0.000000
vt 0.846154 0.000000
vt 0.917949 0.000000
vt 0.841026 0.000000
vt 0.923077 0.000000
vt 0.835897 0.000000
vt 0.928205 0.000000
vt 0.830769 0.000000
vt 0.133333 0.000000
vt 0.128205 0.000000
vt 0.123077 0.000000
vt 0.933333 0.000000
vt 0.138462 0.000000
vt 0.117949 0.000000
vt 0.143590 0.000000
vt 0.112821 0.000000
vt 0.148718 0.000000
vt 0.107692 0.000000
vt 0.153846 0.000000
vt 0.102564 0.000000
vt 0.825641 0.000000
vt 0.938462 0.000000
vt 0.158974 0.000000
vt 0.097436 0.000000
vt 0.164103 0.000000
vt 0.092308 0.000000
vt 0.820513 0.000000
vt 0.943590 0.000000
vt 0.169231 0.000000
vt 0.087179 0.000000
vt 0.174359 0.000000
vt 0.082051 0.000000
vt 0.815385 0.000000
vt 0.948718 0.000000
vt 0.179487 0.000000
vt 0.076923 0.000000
vt 0.184615 0.000000
vt 0.071795 0.000000
vt 0.953846 0.000000
vt 0.810256 0.000000
vt 0.189744 0.000000
vt 0.066667 0.000000
vt 0.958974 0.000000
vt 0.805128 0.000000
vt 0.194872 0.000000
vt 0.061538 0.000000
vt 0.964103 0.000000
vt 0.800000 0.000000
vt 0.200000 0.000000
vt 0.056410 0.000000
vt 0.205128 0.000000
vt 0.051282 0.000000
vt 0.969231 0.000000
vt 0.794872 0.000000
vt 0.210256 0.000000
vt 0.046154 0.000000
vt 0.974359 0.000000
vt 0.789744 0.000000
vt 0.215385 0.000000
vt 0.041026 0.000000
vt 0.979487 0.000000
vt 0.784615 0.000000
vt 0.220513 0.000000
vt 0.035897 0.000000
vt 0.984615 0.000000
vt 0.779487 0.000000
vt 0.225641 0.000000
vt 0.030769 0.000000
vt 0.230769 0.000000
vt 0.025641 0.000000
vt 0.989744 0.000000
vt 0.774359 0.000000
vt 0.235897 0.000000
vt 0.020513 0.000000
vt 0.994872 0.000000
vt 0.769231 0.000000
vt 0.241026 0.000000
vt 0.015385 0.000000
vt 0.764103 0.000000
vt 0.246154 0.000000
vt 0.010256 0.000000
vt 0.502564 0.000000
vt 0.758974 0.000000
vt 0.251282 0.000000
vt 0.005128 0.000000
vt 0.753846 0.000000
vt 0.256410 0.000000
vt 0.507692 0.000000
vt 0.748718 0.000000
vt 0.261538 0.000000
vt 0.497436 0.000000
vt 0.512821 0.000000
vt 0.266667 0.000000
vt 0.492308 0.000000
vt 0.517949 0.000000
vt 0.743590 0.000000
vt 0.271795 0.000000
vt 0.487179 0.000000
vt 0.738462 0.000000
vt 0.523077 0.000000
vt 0.276923 0.000000
vt 0.482051 0.000000
vt 0.733333 0.000000
vt 0.528205 0.000000
vt 0.282051 0.000000
vt 0.476923 0.000000
vt 0.728205 0.000000
vt 0.533333 0.000000
vt 0.287179 0.000000
vt 0.471795 0.000000
vt 0.292308 0.000000
vt 0.466667 0.000000
vt 0.723077 0.000000
vt 0.538462 0.000000
vt 0.297436 0.000000
vt 0.461538 0.000000
vt 0.717949 0.000000
vt 0.543590 0.000000
vt 0.302564 0.000000
vt 0.456410 0.000000
vt 0.712821 0.000000
vt 0.548718 0.000000
vt 0.307692 0.000000
vt 0.451282 0.000000
vt 0.707692 0.000000
vt 0.553846 0.000000
vt 0.312821 0.000000
vt 0.446154 0.000000
vt 0.317949 0.000000
vt 0.441026 0.000000
vt 0.702564 0.000000
vt 0.558974 0.000000
vt 0.323077 0.000000
vt 0.435897 0.000000
vt 0.697436 0.000000
vt 0.564103 0.000000
vt 0.328205 0.000000
vt 0.430769 0.000000
vt 0.692308 0.000000
vt 0.569231 0.000000
vt 0.425641 0.000000
vt 0.338462 0.000000
vt 0.420513 0.000000
vt 0.687180 0.000000
vt 0.574359 0.000000
vt 0.343590 0.000000
vt 0.415385 0.000000
vt 0.348718 0.000000
vt 0.410256 0.000000
vt 0.579487 0.000000
vt 0.682051 0.000000
vt 0.353846 0.000000
vt 0.405128 0.000000
vt 0.358974 0.000000
vt 0.400000 0.000000
vt 0.584615 0.000000
vt 0.676923 0.000000
vt 0.364103 0.000000
vt 0.394872 0.000000
vt 0.369231 0.000000
vt 0.389744 0.000000
vt 0.374359 0.000000
vt 0.384615 0.000000
vt 0.379487 0.000000
vt 0.589744 0.000000
vt 0.671795 0.000000
vt 0.594872 0.000000
vt 0.600000 0.000000
vt 0.661538 0.000000
vt 0.605128 0.000000
vt 0.656410 0.000000
vt 0.651282 0.000000
vt 0.610256 0.000000
vt 0.646154 0.000000
vt 0.615385 0.000000
vt 0.641026 0.000000
vt 0.620513 0.000000
vt 0.635897 0.000000
vt 0.625641 0.000000
vt 0.630769 0.000000
vt 0.402640 0.000000
vt 0.409241 0.000000
vt 0.405941 0.000000
vt 0.399340 0.000000
vt 0.412541 0.000000
vt 0.396040 0.000000
vt 0.415842 0.000000
vt 0.392739 0.000000
vt 0.419142 0.000000
vt 0.389439 0.000000
vt 0.422442 0.000000
vt 0.386139 0.000000
vt 0.425743 0.000000
vt 0.382838 0.000000
vt 0.429043 0.000000
vt 0.379538 0.000000
vt 0.432343 0.000000
vt 0.376238 0.000000
vt 0.435644 0.000000
vt 0.372937 0.000000
vt 0.438944 0.000000
vt 0.369637 0.000000
vt 0.442244 0.000000
vt 0.366337 0.000000
vt 0.244224 0.000000
vt 0.445545 0.000000
vt 0.247525 0.000000
vt 0.240924 0.000000
vt 0.250825 0.000000
vt 0.237624 0.000000
vt 0.254125 0.000000
vt 0.234323 0.000000
vt 0.257426 0.000000
vt 0.231023 0.000000
vt 0.363036 0.000000
vt 0.448845 0.000000
vt 0.260726 0.000000
vt 0.227723 0.000000
vt 0.264026 0.000000
vt 0.224422 0.000000
vt 0.359736 0.000000
vt 0.267327 0.000000
vt 0.221122 0.000000
vt 0.452145 0.000000
vt 0.356436 0.000000
vt 0.270627 0.000000
vt 0.217822 0.000000
vt 0.273927 0.000000
vt 0.214521 0.000000
vt 0.353135 0.000000
vt 0.277228 0.000000
vt 0.211221 0.000000
vt 0.455446 0.000000
vt 0.349835 0.000000
vt 0.280528 0.000000
vt 0.207921 0.000000
vt 0.346535 0.000000
vt 0.458746 0.000000
vt 0.283828 0.000000
vt 0.204620 0.000000
vt 0.343234 0.000000
vt 0.287129 0.000000
vt 0.201320 0.000000
vt 0.339934 0.000000
vt 0.462046 0.000000
vt 0.290429 0.000000
vt 0.198020 0.000000
vt 0.336634 0.000000
vt 0.293729 0.000000
vt 0.297030 0.000000
vt 0.194719 0.000000
vt 0.465347 0.000000
vt 0.300330 0.000000
vt 0.330033 0.000000
vt 0.303630 0.000000
vt 0.191419 0.000000
vt 0.306931 0.000000
vt 0.468647 0.000000
vt 0.326733 0.000000
vt 0.310231 0.000000
vt 0.188119 0.000000
vt 0.323432 0.000000
vt 0.320132 0.000000
vt 0.316832 0.000000
vt 0.313531 0.000000
vt 0.184818 0.000000
vt 0.471947 0.000000
vt 0.181518 0.000000
vt 0.475248 0.000000
vt 0.178218 0.000000
vt 0.478548 0.000000
vt 0.174917 0.000000
vt 0.171617 0.000000
vt 0.481848 0.000000
vt 0.168317 0.000000
vt 0.485149 0.000000
vt 0.165017 0.000000
vt 0.161716 0.000000
vt 0.488449 0.000000
vt 0.158416 0.000000
vt 0.491749 0.000000
vt 0.155116 0.000000
vt 0.495050 0.000000
vt 0.151815 0.000000
vt 0.148515 0.000000
vt 0.498350 0.000000
vt 0.145215 0.000000
vt 0.501650 0.000000
vt 0.141914 0.000000
vt 0.504951 0.000000
vt 0.138614 0.000000
vt 0.135314 0.000000
vt 0.508251 0.000000
vt 0.132013 0.000000
vt 0.511551 0.000000
vt 0.128713 0.000000
vt 0.514852 0.000000
vt 0.125413 0.000000
vt 0.122112 0.000000
vt 0.518152 0.000000
vt 0.118812 0.000000
vt 0.521452 0.000000
vt 0.115512 0.000000
vt 0.524752 0.000000
vt 0.112211 0.000000
vt 0.108911 0.000000
vt 0.528053 0.000000
vt 0.105611 0.000000
vt 0.531353 0.000000
vt 0.102310 0.000000
vt 0.099010 0.000000
vt 0.534653 0.000000
vt 0.095710 0.000000
vt 0.092409 0.000000
vt 0.537954 0.000000
vt 0.089109 0.000000
vt 0.085809 0.000000
vt 0.541254 0.000000
vt 0.082508 0.000000
vt 0.079208 0.000000
vt 0.075908 0.000000
vt 0.544554 0.000000
vt 0.072607 0.000000
vt 0.069307 0.000000
vt 0.066007 0.000000
vt 0.062706 0.000000
vt 0.547855 0.000000
vt 0.059406 0.000000
vt 0.056106 0.000000
vt 0.052805 0.000000
vt 0.049505 0.000000
vt 0.046205 0.000000
vt 0.042904 0.000000
vt 0.551155 0.000000
vt 0.554455 0.000000
vt 0.557756 0.000000
vt 0.561056 0.000000
vt 0.564356 0.000000
vt 0.567657 0.000000
vt 0.570957 0.000000
vt 0.574257 0.000000
vt 0.577558 0.000000
vt 0.580858 0.000000
vt 0.584158 0.000000
vt 0.039604 0.000000
vt 0.036304 0.000000
vt 0.587459 0.000000
vt 0.033003 0.000000
vt 0.029703 0.000000
vt 0.590759 0.000000
vt 0.026403 0.000000
vt 0.594059 0.000000
vt 0.023102 0.000000
vt 0.597360 0.000000
vt 0.019802 0.000000
vt 0.016502 0.000000
vt 0.600660 0.000000
vt 0.013201 0.000000
vt 0.603960 0.000000
vt 0.009901 0.000000
vt 0.607261 0.000000
vt 0.006601 0.000000
vt 0.610561 0.000000
vt 0.003300 0.000000
vt 0.613861 0.000000
vt 0.617162 0.000000
vt 0.996700 0.000000
vt 0.620462 0.000000
vt 0.993399 0.000000
vt 0.990099 0.000000
vt 0.623762 0.000000
vt 0.986799 0.000000
vt 0.627063 0.000000
vt 0.983498 0.000000
vt 0.630363 0.000000
vt 0.980198 0.000000
vt 0.633663 0.000000
vt 0.976898 0.000000
vt 0.973597 0.000000
vt 0.636964 0.000000
vt 0.970297 0.000000
vt 0.640264 0.000000
vt 0.966997 0.000000
vt 0.643564 0.000000
vt 0.963696 0.000000
vt 0.960396 0.000000
vt 0.646865 0.000000
vt 0.957096 0.000000
vt 0.650165 0.000000
vt 0.801980 0.000000
vt 0.808581 0.000000
vt 0.805281 0.000000
vt 0.953795 0.000000
vt 0.811881 0.000000
vt 0.653465 0.000000
vt 0.798680 0.000000
vt 0.950495 0.000000
vt 0.815181 0.000000
vt 0.656766 0.000000
vt 0.795380 0.000000
vt 0.947195 0.000000
vt 0.818482 0.000000
vt 0.792079 0.000000
vt 0.943894 0.000000
vt 0.660066 0.000000
vt 0.821782 0.000000
vt 0.825082 0.000000
vt 0.940594 0.000000
vt 0.788779 0.000000
vt 0.663366 0.000000
vt 0.828383 0.000000
vt 0.937294 0.000000
vt 0.785479 0.000000
vt 0.831683 0.000000
vt 0.933993 0.000000
vt 0.782178 0.000000
vt 0.834984 0.000000
vt 0.669967 0.000000
vt 0.930693 0.000000
vt 0.778878 0.000000
vt 0.838284 0.000000
vt 0.927393 0.000000
vt 0.775578 0.000000
vt 0.841584 0.000000
vt 0.673267 0.000000
vt 0.924092 0.000000
vt 0.844885 0.000000
vt 0.772277 0.000000
vt 0.676568 0.000000
vt 0.848185 0.000000
vt 0.920792 0.000000
vt 0.768977 0.000000
vt 0.851485 0.000000
vt 0.917492 0.000000
vt 0.679868 0.000000
vt 0.765677 0.000000
vt 0.854786 0.000000
vt 0.914191 0.000000
vt 0.683168 0.000000
vt 0.762376 0.000000
vt 0.858086 0.000000
vt 0.910891 0.000000
vt 0.861386 0.000000
vt 0.907591 0.000000
vt 0.759076 0.000000
vt 0.686469 0.000000
vt 0.864686 0.000000
vt 0.904290 0.000000
vt 0.867987 0.000000
vt 0.900990 0.000000
vt 0.755776 0.000000
vt 0.689769 0.000000
vt 0.871287 0.000000
vt 0.897690 0.000000
vt 0.874587 0.000000
vt 0.894389 0.000000
vt 0.877888 0.000000
vt 0.891089 0.000000
vt 0.881188 0.000000
vt 0.887789 0.000000
vt 0.752475 0.000000
vt 0.693069 0.000000
vt 0.884488 0.000000
vt 0.749175 0.000000
vt 0.696370 0.000000
vt 0.745875 0.000000
vt 0.699670 0.000000
vt 0.742574 0.000000
vt 0.702970 0.000000
vt 0.739274 0.000000
vt 0.706271 0.000000
vt 0.735974 0.000000
vt 0.709571 0.000000
vt 0.732673 0.000000
vt 0.712871 0.000000
vt 0.729373 0.000000
vt 0.716172 0.000000
vt 0.726073 0.000000
vt 0.719472 0.000000
vt 0.722772 0.000000
vt 0.000000 1.000000
vt 0.003289 1.000000
vt 0.003289 0.000000
vt 0.006579 1.000000
vt 0.006579 0.000000
vt 0.009868 1.000000
vt 0.009868 0.000000
vt 0.013158 1.000000
vt 0.013158 0.000000
vt 0.016447 1.000000
vt 0.016447 0.000000
vt 0.019737 1.000000
vt 0.019737 0.000000
vt 0.023026 1.000000
vt 0.023026 0.000000
vt 0.026316 1.000000
vt 0.026316 0.000000
vt 0.029605 1.000000
vt 0.029605 0.000000
vt 0.032895 1.000000
vt 0.032895 0.000000
vt 0.036184 1.000000
vt 0.036184 0.000000
vt 0.039474 1.000000
vt 0.039474 0.000000
vt 0.042763 1.000000
vt 0.042763 0.000000
vt 0.046053 1.000000
vt 0.046053 0.000000
vt 0.049342 1.000000
vt 0.049342 0.000000
vt 0.052632 1.000000
vt 0.052632 0.000000
vt 0.055921 1.000000
vt 0.055921 0.000000
vt 0.059211 1.000000
vt 0.059211 0.000000
vt 0.062500 1.000000
vt 0.062500 0.000000
vt 0.065789 1.000000
vt 0.065789 0.000000
vt 0.069079 1.000000
vt 0.069079 0.000000
vt 0.072368 1.000000
vt 0.072368 0.000000
vt 0.075658 1.000000
vt 0.075658 0.000000
vt 0.078947 1.000000
vt 0.078947 0.000000
vt 0.082237 1.000000
vt 0.082237 0.000000
vt 0.085526 1.000000
vt 0.085526 0.000000
vt 0.088816 1.000000
vt 0.088816 0.000000
vt 0.092105 1.000000
vt 0.092105 0.000000
vt 0.095395 1.000000
vt 0.095395 0.000000
vt 0.098684 1.000000
vt 0.098684 0.000000
vt 0.101974 1.000000
vt 0.101974 0.000000
vt 0.105263 1.000000
vt 0.105263 0.000000
vt 0.108553 1.000000
vt 0.108553 0.000000
vt 0.111842 1.000000
vt 0.111842 0.000000
vt 0.115132 1.000000
vt 0.115132 0.000000
vt 0.118421 1.000000
vt 0.118421 0.000000
vt 0.121711 1.000000
vt 0.121711 0.000000
vt 0.125000 1.000000
vt 0.125000 0.000000
vt 0.128289 1.000000
vt 0.128289 0.000000
vt 0.131579 1.000000
vt 0.131579 0.000000
vt 0.134868 1.000000
vt 0.134868 0.000000
vt 0.138158 1.000000
vt 0.138158 0.000000
vt 0.141447 1.000000
vt 0.141447 0.000000
vt 0.144737 1.000000
vt 0.144737 0.000000
vt 0.148026 1.000000
vt 0.148026 0.000000
vt 0.151316 1.000000
vt 0.151316 0.000000
vt 0.154605 1.000000
vt 0.154605 0.000000
vt 0.157895 1.000000
vt 0.157895 0.000000
vt 0.161184 1.000000
vt 0.161184 0.000000
vt 0.164474 1.000000
vt 0.164474 0.000000
vt 0.167763 1.000000
vt 0.167763 0.000000
vt 0.171053 1.000000
vt 0.171053 0.000000
vt 0.174342 1.000000
vt 0.174342 0.000000
vt 0.177632 1.000000
vt 0.177632 0.000000
vt 0.180921 1.000000
vt 0.180921 0.000000
vt 0.184211 1.000000
vt 0.184211 0.000000
vt 0.187500 1.000000
vt 0.187500 0.000000
vt 0.190789 1.000000
vt 0.190789 0.000000
vt 0.194079 1.000000
vt 0.194079 0.000000
vt 0.197368 1.000000
vt 0.197368 0.000000
vt 0.200658 1.000000
vt 0.200658 0.000000
vt 0.203947 1.000000
vt 0.203947 0.000000
vt 0.207237 1.000000
vt 0.207237 0.000000
vt 0.210526 1.000000
vt 0.210526 0.000000
vt 0.213816 1.000000
vt 0.213816 0.000000
vt 0.217105 1.000000
vt 0.217105 0.000000
vt 0.220395 1.000000
vt 0.220395 0.000000
vt 0.223684 1.000000
vt 0.223684 0.000000
vt 0.226974 1.000000
vt 0.226974 0.000000
vt 0.230263 1.000000
vt 0.230263 0.000000
vt 0.233553 1.000000
vt 0.233553 0.000000
vt 0.236842 1.000000
vt 0.236842 0.000000
vt 0.240132 1.000000
vt 0.240132 0.000000
vt 0.243421 1.000000
vt 0.243421 0.000000
vt 0.246711 1.000000
vt 0.246711 0.000000
vt 0.250000 1.000000
vt 0.250000 0.000000
vt 0.253289 1.000000
vt 0.253289 0.000000
vt 0.256579 1.000000
vt 0.256579 0.000000
vt 0.259868 1.000000
vt 0.259868 0.000000
vt 0.263158 1.000000
vt 0.263158 0.000000
vt 0.266447 1.000000
vt 0.266447 0.000000
vt 0.269737 1.000000
vt 0.269737 0.000000
vt 0.273026 1.000000
vt 0.273026 0.000000
vt 0.276316 1.000000
vt 0.276316 0.000000
vt 0.279605 1.000000
vt 0.279605 0.000000
vt 0.282895 1.000000
vt 0.282895 0.000000
vt 0.286184 1.000000
vt 0.286184 0.000000
vt 0.289474 1.000000
vt 0.289474 0.000000
vt 0.292763 1.000000
vt 0.292763 0.000000
vt 0.296053 1.000000
vt 0.296053 0.000000
vt 0.299342 1.000000
vt 0.299342 0.000000
vt 0.302632 1.000000
vt 0.302632 0.000000
vt 0.305921 1.000000
vt 0.305921 0.000000
vt 0.309211 1.000000
vt 0.309211 0.000000
vt 0.312500 1.000000
vt 0.312500 0.000000
vt 0.315789 1.000000
vt 0.315789 0.000000
vt 0.319079 1.000000
vt 0.319079 0.000000
vt 0.322368 1.000000
vt 0.322368 0.000000
vt 0.325658 1.000000
vt 0.325658 0.000000
vt 0.328947 1.000000
vt 0.328947 0.000000
vt 0.332237 1.000000
vt 0.332237 0.000000
vt 0.335526 1.000000
vt 0.335526 0.000000
vt 0.338816 1.000000
vt 0.338816 0.000000
vt 0.342105 1.000000
vt 0.342105 0.000000
vt 0.345395 1.000000
vt 0.345395 0.000000
vt 0.348684 1.000000
vt 0.348684 0.000000
vt 0.351974 1.000000
vt 0.351974 0.000000
vt 0.355263 1.000000
vt 0.355263 0.000000
vt 0.358553 1.000000
vt 0.358553 0.000000
vt 0.361842 1.000000
vt 0.361842 0.000000
vt 0.365132 1.000000
vt 0.365132 0.000000
vt 0.368421 1.000000
vt 0.368421 0.000000
vt 0.371711 1.000000
vt 0.371711 0.000000
vt 0.375000 1.000000
vt 0.375000 0.000000
vt 0.378289 1.000000
vt 0.378289 0.000000
vt 0.381579 1.000000
vt 0.381579 0.000000
vt 0.384868 1.000000
vt 0.384868 0.000000
vt 0.388158 1.000000
vt 0.388158 0.000000
vt 0.391447 1.000000
vt 0.391447 0.000000
vt 0.394737 1.000000
vt 0.394737 0.000000
vt 0.398026 1.000000
vt 0.398026 0.000000
vt 0.401316 1.000000
vt 0.401316 0.000000
vt 0.404605 1.000000
vt 0.404605 0.000000
vt 0.407895 1.000000
vt 0.407895 0.000000
vt 0.411184 1.000000
vt 0.411184 0.000000
vt 0.414474 1.000000
vt 0.414474 0.000000
vt 0.417763 1.000000
vt 0.417763 0.000000
vt 0.421053 1.000000
vt 0.421053 0.000000
vt 0.424342 1.000000
vt 0.424342 0.000000
vt 0.427632 1.000000
vt 0.427632 0.000000
vt 0.430921 1.000000
vt 0.430921 0.000000
vt 0.434211 1.000000
vt 0.434211 0.000000
vt 0.437500 1.000000
vt 0.437500 0.000000
vt 0.440789 1.000000
vt 0.440789 0.000000
vt 0.444079 1.000000
vt 0.444079 0.000000
vt 0.447368 1.000000
vt 0.447368 0.000000
vt 0.450658 1.000000
vt 0.450658 0.000000
vt 0.453947 1.000000
vt 0.453947 0.000000
vt 0.457237 1.000000
vt 0.457237 0.000000
vt 0.460526 1.000000
vt 0.460526 0.000000
vt 0.463816 1.000000
vt 0.463816 0.000000
vt 0.467105 1.000000
vt 0.467105 0.000000
vt 0.470395 1.000000
vt 0.470395 0.000000
vt 0.473684 1.000000
vt 0.473684 0.000000
vt 0.476974 1.000000
vt 0.476974 0.000000
vt 0.480263 1.000000
vt 0.480263 0.000000
vt 0.483553 1.000000
vt 0.483553 0.000000
vt 0.486842 1.000000
vt 0.486842 0.000000
vt 0.490132 1.000000
vt 0.490132 0.000000
vt 0.493421 1.000000
vt 0.493421 0.000000
vt 0.496711 1.000000
vt 0.496711 0.000000
vt 0.500000 1.000000
vt 0.500000 0.000000
vt 0.503289 1.000000
vt 0.503289 0.000000
vt 0.506579 1.000000
vt 0.506579 0.000000
vt 0.509868 1.000000
vt 0.509868 0.000000
vt 0.513158 1.000000
vt 0.513158 0.000000
vt 0.516447 1.000000
vt 0.516447 0.000000
vt 0.519737 1.000000
vt 0.519737 0.000000
vt 0.523026 1.000000
vt 0.523026 0.000000
vt 0.526316 1.000000
vt 0.526316 0.000000
vt 0.529605 1.000000
vt 0.529605 0.000000
vt 0.532895 1.000000
vt 0.532895 0.000000
vt 0.536184 1.000000
vt 0.536184 0.000000
vt 0.539474 1.000000
vt 0.539474 0.000000
vt 0.542763 1.000000
vt 0.542763 0.000000
vt 0.546053 1.000000
vt 0.546053 0.000000
vt 0.549342 1.000000
vt 0.549342 0.000000
vt 0.552632 1.000000
vt 0.552632 0.000000
vt 0.555921 1.000000
vt 0.555921 0.000000
vt 0.559211 1.000000
vt 0.559211 0.000000
vt 0.562500 1.000000
vt 0.562500 0.000000
vt 0.565789 1.000000
vt 0.565789 0.000000
vt 0.569079 1.000000
vt 0.569079 0.000000
vt 0.572368 1.000000
vt 0.572368 0.000000
vt 0.575658 1.000000
vt 0.575658 0.000000
vt 0.578947 1.000000
vt 0.578947 0.000000
vt 0.582237 1.000000
vt 0.582237 0.000000
vt 0.585526 1.000000
vt 0.585526 0.000000
vt 0.588816 1.000000
vt 0.588816 0.000000
vt 0.592105 1.000000
vt 0.592105 0.000000
vt 0.595395 1.000000
vt 0.595395 0.000000
vt 0.598684 1.000000
vt 0.598684 0.000000
vt 0.601974 1.000000
vt 0.601974 0.000000
vt 0.605263 1.000000
vt 0.605263 0.000000
vt 0.608553 1.000000
vt 0.608553 0.000000
vt 0.611842 1.000000
vt 0.611842 0.000000
vt 0.615132 1.000000
vt 0.615132 0.000000
vt 0.618421 1.000000
vt 0.618421 0.000000
vt 0.621711 1.000000
vt 0.621711 0.000000
vt 0.625000 1.000000
vt 0.625000 0.000000
vt 0.628289 1.000000
vt 0.628289 0.000000
vt 0.631579 1.000000
vt 0.631579 0.000000
vt 0.634868 1.000000
vt 0.634868 0.000000
vt 0.638158 1.000000
vt 0.638158 0.000000
vt 0.641447 1.000000
vt 0.641447 0.000000
vt 0.644737 1.000000
vt 0.644737 0.000000
vt 0.648026 1.000000
vt 0.648026 0.000000
vt 0.651316 1.000000
vt 0.651316 0.000000
vt 0.654605 1.000000
vt 0.654605 0.000000
vt 0.657895 1.000000
vt 0.657895 0.000000
vt 0.661184 1.000000
vt 0.661184 0.000000
vt 0.664474 1.000000
vt 0.664474 0.000000
vt 0.667763 1.000000
vt 0.667763 0.000000
vt 0.671053 1.000000
vt 0.671053 0.000000
vt 0.674342 1.000000
vt 0.674342 0.000000
vt 0.677632 1.000000
vt 0.677632 0.000000
vt 0.680921 1.000000
vt 0.680921 0.000000
vt 0.684211 1.000000
vt 0.684211 0.000000
vt 0.687500 1.000000
vt 0.687500 0.000000
vt 0.690789 1.000000
vt 0.690789 0.000000
vt 0.694079 1.000000
vt 0.694079 0.000000
vt 0.697368 1.000000
vt 0.697368 0.000000
vt 0.700658 1.000000
vt 0.700658 0.000000
vt 0.703947 1.000000
vt 0.703947 0.000000
vt 0.707237 1.000000
vt 0.707237 0.000000
vt 0.710526 1.000000
vt 0.710526 0.000000
vt 0.713816 1.000000
vt 0.713816 0.000000
vt 0.717105 1.000000
vt 0.717105 0.000000
vt 0.720395 1.000000
vt 0.720395 0.000000
vt 0.723684 1.000000
vt 0.723684 0.000000
vt 0.726974 1.000000
vt 0.726974 0.000000
vt 0.730263 1.000000
vt 0.730263 0.000000
vt 0.733553 1.000000
vt 0.733553 0.000000
vt 0.736842 1.000000
vt 0.736842 0.000000
vt 0.740132 1.000000
vt 0.740132 0.000000
vt 0.743421 1.000000
vt 0.743421 0.000000
vt 0.746711 1.000000
vt 0.746711 0.000000
vt 0.750000 1.000000
vt 0.750000 0.000000
vt 0.753289 1.000000
vt 0.753289 0.000000
vt 0.756579 1.000000
vt 0.756579 0.000000
vt 0.759868 1.000000
vt 0.759868 0.000000
vt 0.763158 1.000000
vt 0.763158 0.000000
vt 0.766447 1.000000
vt 0.766447 0.000000
vt 0.769737 1.000000
vt 0.769737 0.000000
vt 0.773026 1.000000
vt 0.773026 0.000000
vt 0.776316 1.000000
vt 0.776316 0.000000
vt 0.779605 1.000000
vt 0.779605 0.000000
vt 0.782895 1.000000
vt 0.782895 0.000000
vt 0.786184 1.000000
vt 0.786184 0.000000
vt 0.789474 1.000000
vt 0.789474 0.000000
vt 0.792763 1.000000
vt 0.792763 0.000000
vt 0.796053 1.000000
vt 0.796053 0.000000
vt 0.799342 1.000000
vt 0.799342 0.000000
vt 0.802632 1.000000
vt 0.802632 0.000000
vt 0.805921 1.000000
vt 0.805921 0.000000
vt 0.809211 1.000000
vt 0.809211 0.000000
vt 0.812500 1.000000
vt 0.812500 0.000000
vt 0.815789 1.000000
vt 0.815789 0.000000
vt 0.819079 1.000000
vt 0.819079 0.000000
vt 0.822368 1.000000
vt 0.822368 0.000000
vt 0.825658 1.000000
vt 0.825658 0.000000
vt 0.828947 1.000000
vt 0.828947 0.000000
vt 0.832237 1.000000
vt 0.832237 0.000000
vt 0.835526 1.000000
vt 0.835526 0.000000
vt 0.838816 1.000000
vt 0.838816 0.000000
vt 0.842105 1.000000
vt 0.842105 0.000000
vt 0.845395 1.000000
vt 0.845395 0.000000
vt 0.848684 1.000000
vt 0.848684 0.000000
vt 0.851974 1.000000
vt 0.851974 0.000000
vt 0.855263 1.000000
vt 0.855263 0.000000
vt 0.858553 1.000000
vt 0.858553 0.000000
vt 0.861842 1.000000
vt 0.861842 0.000000
vt 0.865132 1.000000
vt 0.865132 0.000000
vt 0.868421 1.000000
vt 0.868421 0.000000
vt 0.871711 1.000000
vt 0.871711 0.000000
vt 0.875000 1.000000
vt 0.875000 0.000000
vt 0.878289 1.000000
vt 0.878289 0.000000
vt 0.881579 1.000000
vt 0.881579 0.000000
vt 0.884868 1.000000
vt 0.884868 0.000000
vt 0.888158 1.000000
vt 0.888158 0.000000
vt 0.891447 1.000000
vt 0.891447 0.000000
vt 0.894737 1.000000
vt 0.894737 0.000000
vt 0.898026 1.000000
vt 0.898026 0.000000
vt 0.901316 1.000000
vt 0.901316 0.000000
vt 0.904605 1.000000
vt 0.904605 0.000000
vt 0.907895 1.000000
vt 0.907895 0.000000
vt 0.911184 1.000000
vt 0.911184 0.000000
vt 0.914474 1.000000
vt 0.914474 0.000000
vt 0.917763 1.000000
vt 0.917763 0.000000
vt 0.921053 1.000000
vt 0.921053 0.000000
vt 0.924342 1.000000
vt 0.924342 0.000000
vt 0.927632 1.000000
vt 0.927632 0.000000
vt 0.930921 1.000000
vt 0.930921 0.000000
vt 0.934211 1.000000
vt 0.934211 0.000000
vt 0.937500 1.000000
vt 0.937500 0.000000
vt 0.940789 1.000000
vt 0.940789 0.000000
vt 0.944079 1.000000
vt 0.944079 0.000000
vt 0.947368 1.000000
vt 0.947368 0.000000
vt 0.950658 1.000000
vt 0.950658 0.000000
vt 0.953947 1.000000
vt 0.953947 0.000000
vt 0.957237 1.000000
vt 0.957237 0.000000
vt 0.960526 1.000000
vt 0.960526 0.000000
vt 0.963816 1.000000
vt 0.963816 0.000000
vt 0.967105 1.000000
vt 0.967105 0.000000
vt 0.970395 1.000000
vt 0.970395 0.000000
vt 0.973684 1.000000
vt 0.973684 0.000000
vt 0.976974 1.000000
vt 0.976974 0.000000
vt 0.980263 1.000000
vt 0.980263 0.000000
vt 0.983553 1.000000
vt 0.983553 0.000000
vt 0.986842 1.000000
vt 0.986842 0.000000
vt 0.990132 1.000000
vt 0.990132 0.000000
vt 0.993421 1.000000
vt 0.993421 0.000000
vt 0.996711 1.000000
vt 0.996711 0.000000
vt 1.000000 1.000000
vt 0.010204 1.000000
vt 0.010204 0.000000
vt 0.020408 1.000000
vt 0.020408 0.000000
vt 0.030612 1.000000
vt 0.030612 0.000000
vt 0.040816 1.000000
vt 0.040816 0.000000
vt 0.051020 1.000000
vt 0.051020 0.000000
vt 0.061224 1.000000
vt 0.061224 0.000000
vt 0.071429 1.000000
vt 0.071429 0.000000
vt 0.081633 1.000000
vt 0.081633 0.000000
vt 0.091837 1.000000
vt 0.091837 0.000000
vt 0.102041 1.000000
vt 0.102041 0.000000
vt 0.112245 1.000000
vt 0.112245 0.000000
vt 0.122449 1.000000
vt 0.122449 0.000000
vt 0.132653 1.000000
vt 0.132653 0.000000
vt 0.142857 1.000000
vt 0.142857 0.000000
vt 0.153061 1.000000
vt 0.153061 0.000000
vt 0.163265 1.000000
vt 0.163265 0.000000
vt 0.173469 1.000000
vt 0.173469 0.000000
vt 0.183673 1.000000
vt 0.183673 0.000000
vt 0.193878 1.000000
vt 0.193878 0.000000
vt 0.204082 1.000000
vt 0.204082 0.000000
vt 0.214286 1.000000
vt 0.214286 0.000000
vt 0.224490 1.000000
vt 0.224490 0.000000
vt 0.234694 1.000000
vt 0.234694 0.000000
vt 0.244898 1.000000
vt 0.244898 0.000000
vt 0.255102 1.000000
vt 0.255102 0.000000
vt 0.265306 1.000000
vt 0.265306 0.000000
vt 0.275510 1.000000
vt 0.275510 0.000000
vt 0.285714 1.000000
vt 0.285714 0.000000
vt 0.295918 1.000000
vt 0.295918 0.000000
vt 0.306122 1.000000
vt 0.306122 0.000000
vt 0.316327 1.000000
vt 0.316327 0.000000
vt 0.326531 1.000000
vt 0.326531 0.000000
vt 0.336735 1.000000
vt 0.336735 0.000000
vt 0.346939 1.000000
vt 0.346939 0.000000
vt 0.357143 1.000000
vt 0.357143 0.000000
vt 0.367347 1.000000
vt 0.367347 0.000000
vt 0.377551 1.000000
vt 0.377551 0.000000
vt 0.387755 1.000000
vt 0.387755 0.000000
vt 0.397959 1.000000
vt 0.397959 0.000000
vt 0.408163 1.000000
vt 0.408163 0.000000
vt 0.418367 1.000000
vt 0.418367 0.000000
vt 0.428571 1.000000
vt 0.428571 0.000000
vt 0.438776 1.000000
vt 0.438776 0.000000
vt 0.448980 1.000000
vt 0.448980 0.000000
vt 0.459184 1.000000
vt 0.459184 0.000000
vt 0.469388 1.000000
vt 0.469388 0.000000
vt 0.479592 1.000000
vt 0.479592 0.000000
vt 0.489796 1.000000
vt 0.489796 0.000000
vt 0.510204 1.000000
vt 0.510204 0.000000
vt 0.520408 1.000000
vt 0.520408 0.000000
vt 0.530612 1.000000
vt 0.530612 0.000000
vt 0.540816 1.000000
vt 0.540816 0.000000
vt 0.551020 1.000000
vt 0.551020 0.000000
vt 0.561224 1.000000
vt 0.561224 0.000000
vt 0.571429 1.000000
vt 0.571429 0.000000
vt 0.581633 1.000000
vt 0.581633 0.000000
vt 0.591837 1.000000
vt 0.591837 0.000000
vt 0.602041 1.000000
vt 0.602041 0.000000
vt 0.612245 1.000000
vt 0.612245 0.000000
vt 0.622449 1.000000
vt 0.622449 0.000000
vt 0.632653 1.000000
vt 0.632653 0.000000
vt 0.642857 1.000000
vt 0.642857 0.000000
vt 0.653061 1.000000
vt 0.653061 0.000000
vt 0.663265 1.000000
vt 0.663265 0.000000
vt 0.673469 1.000000
vt 0.673469 0.000000
vt 0.683673 1.000000
vt 0.683673 0.000000
vt 0.693878 1.000000
vt 0.693878 0.000000
vt 0.704082 1.000000
vt 0.704082 0.000000
vt 0.714286 1.000000
vt 0.714286 0.000000
vt 0.724490 1.000000
vt 0.724490 0.000000
vt 0.734694 1.000000
vt 0.734694 0.000000
vt 0.744898 1.000000
vt 0.744898 0.000000
vt 0.755102 1.000000
vt 0.755102 0.000000
vt 0.765306 1.000000
vt 0.765306 0.000000
vt 0.775510 1.000000
vt 0.775510 0.000000
vt 0.785714 1.000000
vt 0.785714 0.000000
vt 0.795918 1.000000
vt 0.795918 0.000000
vt 0.806122 1.000000
vt 0.806122 0.000000
vt 0.816327 1.000000
vt 0.816327 0.000000
vt 0.826531 1.000000
vt 0.826531 0.000000
vt 0.836735 1.000000
vt 0.836735 0.000000
vt 0.846939 1.000000
vt 0.846939 0.000000
vt 0.857143 1.000000
vt 0.857143 0.000000
vt 0.867347 1.000000
vt 0.867347 0.000000
vt 0.877551 1.000000
vt 0.877551 0.000000
vt 0.887755 1.000000
vt 0.887755 0.000000
vt 0.897959 1.000000
vt 0.897959 0.000000
vt 0.908163 1.000000
vt 0.908163 0.000000
vt 0.918367 1.000000
vt 0.918367 0.000000
vt 0.928571 1.000000
vt 0.928571 0.000000
vt 0.938776 1.000000
vt 0.938776 0.000000
vt 0.948980 1.000000
vt 0.948980 0.000000
vt 0.959184 1.000000
vt 0.959184 0.000000
vt 0.969388 1.000000
vt 0.969388 0.000000
vt 0.979592 1.000000
vt 0.979592 0.000000
vt 0.989796 1.000000
vt 0.989796 0.000000
vt 0.010417 1.000000
vt 0.010417 0.000000
vt 0.020833 1.000000
vt 0.020833 0.000000
vt 0.031250 1.000000
vt 0.031250 0.000000
vt 0.041667 1.000000
vt 0.041667 0.000000
vt 0.052083 1.000000
vt 0.052083 0.000000
vt 0.072917 1.000000
vt 0.072917 0.000000
vt 0.083333 1.000000
vt 0.083333 0.000000
vt 0.093750 1.000000
vt 0.093750 0.000000
vt 0.104167 1.000000
vt 0.104167 0.000000
vt 0.114583 1.000000
vt 0.114583 0.000000
vt 0.135417 1.000000
vt 0.135417 0.000000
vt 0.145833 1.000000
vt 0.145833 0.000000
vt 0.156250 1.000000
vt 0.156250 0.000000
vt 0.166667 1.000000
vt 0.166667 0.000000
vt 0.177083 1.000000
vt 0.177083 0.000000
vt 0.197917 1.000000
vt 0.197917 0.000000
vt 0.208333 1.000000
vt 0.208333 0.000000
vt 0.218750 1.000000
vt 0.218750 0.000000
vt 0.229167 1.000000
vt 0.229167 0.000000
vt 0.239583 1.000000
vt 0.239583 0.000000
vt 0.260417 1.000000
vt 0.260417 0.000000
vt 0.270833 1.000000
vt 0.270833 0.000000
vt 0.281250 1.000000
vt 0.281250 0.000000
vt 0.291667 1.000000
vt 0.291667 0.000000
vt 0.302083 1.000000
vt 0.302083 0.000000
vt 0.322917 1.000000
vt 0.322917 0.000000
vt 0.333333 1.000000
vt 0.343750 1.000000
vt 0.343750 0.000000
vt 0.354167 1.000000
vt 0.354167 0.000000
vt 0.364583 1.000000
vt 0.364583 0.000000
vt 0.385417 1.000000
vt 0.385417 0.000000
vt 0.395833 1.000000
vt 0.395833 0.000000
vt 0.406250 1.000000
vt 0.406250 0.000000
vt 0.416667 1.000000
vt 0.416667 0.000000
vt 0.427083 1.000000
vt 0.427083 0.000000
vt 0.447917 1.000000
vt 0.447917 0.000000
vt 0.458333 1.000000
vt 0.458333 0.000000
vt 0.468750 1.000000
vt 0.468750 0.000000
vt 0.479167 1.000000
vt 0.479167 0.000000
vt 0.489583 1.000000
vt 0.489583 0.000000
vt 0.510417 1.000000
vt 0.510417 0.000000
vt 0.520833 1.000000
vt 0.520833 0.000000
vt 0.531250 1.000000
vt 0.531250 0.000000
vt 0.541667 1.000000
vt 0.541667 0.000000
vt 0.552083 1.000000
vt 0.552083 0.000000
vt 0.572917 1.000000
vt 0.572917 0.000000
vt 0.583333 1.000000
vt 0.583333 0.000000
vt 0.593750 1.000000
vt 0.593750 0.000000
vt 0.604167 1.000000
vt 0.604167 0.000000
vt 0.614583 1.000000
vt 0.614583 0.000000
vt 0.635417 1.000000
vt 0.635417 0.000000
vt 0.645833 1.000000
vt 0.645833 0.000000
vt 0.656250 1.000000
vt 0.656250 0.000000
vt 0.666667 1.000000
vt 0.677083 1.000000
vt 0.677083 0.000000
vt 0.697917 1.000000
vt 0.697917 0.000000
vt 0.708333 1.000000
vt 0.708333 0.000000
vt 0.718750 1.000000
vt 0.718750 0.000000
vt 0.729167 1.000000
vt 0.729167 0.000000
vt 0.739583 1.000000
vt 0.739583 0.000000
vt 0.760417 1.000000
vt 0.760417 0.000000
vt 0.770833 1.000000
vt 0.770833 0.000000
vt 0.781250 1.000000
vt 0.781250 0.000000
vt 0.791667 1.000000
vt 0.791667 0.000000
vt 0.802083 1.000000
vt 0.802083 0.000000
vt 0.822917 1.000000
vt 0.822917 0.000000
vt 0.833333 1.000000
vt 0.833333 0.000000
vt 0.843750 1.000000
vt 0.843750 0.000000
vt 0.854167 1.000000
vt 0.854167 0.000000
vt 0.864583 1.000000
vt 0.864583 0.000000
vt 0.885417 1.000000
vt 0.885417 0.000000
vt 0.895833 1.000000
vt 0.895833 0.000000
vt 0.906250 1.000000
vt 0.906250 0.000000
vt 0.916667 1.000000
vt 0.916667 0.000000
vt 0.927083 1.000000
vt 0.927083 0.000000
vt 0.947917 1.000000
vt 0.947917 0.000000
vt 0.958333 1.000000
vt 0.958333 0.000000
vt 0.968750 1.000000
vt 0.968750 0.000000
vt 0.979167 1.000000
vt 0.979167 0.000000
vt 0.989583 1.000000
vt 0.989583 0.000000
s 0
f 4/1/1 2/2/1 1/3/1
f 4/1/1 3/4/1 2/2/1
f 100/5/1 6/6/1 5/7/1
f 100/5/1 7/8/1 6/6/1
f 99/9/1 7/8/1 100/5/1
f 99/9/1 8/10/1 7/8/1
f 98/11/1 8/10/1 99/9/1
f 98/11/1 9/12/1 8/10/1
f 97/13/1 9/12/1 98/11/1
f 97/13/1 10/14/1 9/12/1
f 96/15/1 10/14/1 97/13/1
f 96/15/1 11/16/1 10/14/1
f 95/17/1 11/16/1 96/15/1
f 95/17/1 12/18/1 11/16/1
f 94/19/1 12/18/1 95/17/1
f 94/19/1 13/20/1 12/18/1
f 93/21/1 13/20/1 94/19/1
f 93/21/1 14/22/1 13/20/1
f 92/23/1 14/22/1 93/21/1
f 92/23/1 15/24/1 14/22/1
f 91/25/1 15/24/1 92/23/1
f 91/25/1 16/26/1 15/24/1
f 90/27/1 16/26/1 91/25/1
f 90/27/1 17/28/1 16/26/1
f 89/29/1 17/28/1 90/27/1
f 88/30/1 17/28/1 89/29/1
f 88/30/1 18/31/1 17/28/1
f 87/32/1 18/31/1 88/30/1
f 87/32/1 113/33/1 18/31/1
f 113/33/1 19/34/1 18/31/1
f 87/32/1 114/35/1 113/33/1
f 112/36/1 19/34/1 113/33/1
f 87/32/1 115/37/1 114/35/1
f 111/38/1 19/34/1 112/36/1
f 87/32/1 116/39/1 115/37/1
f 110/40/1 19/34/1 111/38/1
f 87/32/1 117/41/1 116/39/1
f 109/42/1 19/34/1 110/40/1
f 86/43/1 117/41/1 87/32/1
f 109/42/1 20/44/1 19/34/1
f 86/43/1 118/45/1 117/41/1
f 108/46/1 20/44/1 109/42/1
f 86/43/1 119/47/1 118/45/1
f 107/48/1 20/44/1 108/46/1
f 86/43/1 120/49/1 119/47/1
f 106/50/1 20/44/1 107/48/1
f 86/43/1 121/51/1 120/49/1
f 105/52/1 20/44/1 106/50/1
f 85/53/1 121/51/1 86/43/1
f 105/52/1 21/54/1 20/44/1
f 85/53/1 122/55/1 121/51/1
f 104/56/1 21/54/1 105/52/1
f 85/53/1 123/57/1 122/55/1
f 103/58/1 21/54/1 104/56/1
f 84/59/1 123/57/1 85/53/1
f 103/58/1 22/60/1 21/54/1
f 84/59/1 124/61/1 123/57/1
f 102/62/1 22/60/1 103/58/1
f 84/59/1 125/63/1 124/61/1
f 101/64/1 22/60/1 102/62/1
f 83/65/1 125/63/1 84/59/1
f 101/64/1 23/66/1 22/60/1
f 83/65/1 126/67/1 125/63/1
f 196/68/1 23/66/1 101/64/1
f 195/69/1 23/66/1 196/68/1
f 83/65/1 127/70/1 126/67/1
f 82/71/1 127/70/1 83/65/1
f 195/69/1 24/72/1 23/66/1
f 194/73/1 24/72/1 195/69/1
f 82/71/1 128/74/1 127/70/1
f 193/75/1 24/72/1 194/73/1
f 82/71/1 129/76/1 128/74/1
f 81/77/1 129/76/1 82/71/1
f 193/75/1 25/78/1 24/72/1
f 192/79/1 25/78/1 193/75/1
f 81/77/1 130/80/1 129/76/1
f 191/81/1 25/78/1 192/79/1
f 81/77/1 131/82/1 130/80/1
f 80/83/1 131/82/1 81/77/1
f 191/81/1 26/84/1 25/78/1
f 190/85/1 26/84/1 191/81/1
f 80/83/1 132/86/1 131/82/1
f 80/83/1 133/87/1 132/86/1
f 189/88/1 26/84/1 190/85/1
f 79/89/1 133/87/1 80/83/1
f 189/88/1 27/90/1 26/84/1
f 79/89/1 134/91/1 133/87/1
f 188/92/1 27/90/1 189/88/1
f 78/93/1 134/91/1 79/89/1
f 188/92/1 28/94/1 27/90/1
f 78/93/1 135/95/1 134/91/1
f 187/96/1 28/94/1 188/92/1
f 78/93/1 136/97/1 135/95/1
f 186/98/1 28/94/1 187/96/1
f 77/99/1 136/97/1 78/93/1
f 186/98/1 29/100/1 28/94/1
f 77/99/1 137/101/1 136/97/1
f 185/102/1 29/100/1 186/98/1
f 76/103/1 137/101/1 77/99/1
f 76/103/1 138/104/1 137/101/1
f 184/105/1 29/100/1 185/102/1
f 184/105/1 30/106/1 29/100/1
f 76/103/1 139/107/1 138/104/1
f 183/108/1 30/106/1 184/105/1
f 75/109/1 139/107/1 76/103/1
f 183/108/1 31/110/1 30/106/1
f 75/109/1 140/111/1 139/107/1
f 182/112/1 31/110/1 183/108/1
f 75/109/1 141/113/1 140/111/1
f 181/114/1 31/110/1 182/112/1
f 74/115/1 141/113/1 75/109/1
f 181/114/1 32/116/1 31/110/1
f 74/115/1 142/117/1 141/113/1
f 180/118/1 32/116/1 181/114/1
f 73/119/1 142/117/1 74/115/1
f 180/118/1 33/120/1 32/116/1
f 73/119/1 143/121/1 142/117/1
f 179/122/1 33/120/1 180/118/1
f 73/119/1 144/123/1 143/121/1
f 178/124/1 33/120/1 179/122/1
f 72/125/1 144/123/1 73/119/1
f 178/124/1 34/126/1 33/120/1
f 72/125/1 145/127/1 144/123/1
f 177/128/1 34/126/1 178/124/1
f 72/125/1 146/129/1 145/127/1
f 176/130/1 34/126/1 177/128/1
f 71/131/1 146/129/1 72/125/1
f 176/130/1 35/132/1 34/126/1
f 71/131/1 147/133/1 146/129/1
f 175/134/1 35/132/1 176/130/1
f 71/131/1 148/135/1 147/133/1
f 174/136/1 35/132/1 175/134/1
f 70/137/1 148/135/1 71/131/1
f 174/136/1 36/138/1 35/132/1
f 70/137/1 149/139/1 148/135/1
f 173/140/1 36/138/1 174/136/1
f 70/137/1 150/141/1 149/139/1
f 172/142/1 36/138/1 173/140/1
f 69/143/1 150/141/1 70/137/1
f 172/142/1 37/144/1 36/138/1
f 69/143/1 151/145/1 150/141/1
f 171/146/1 37/144/1 172/142/1
f 69/143/1 152/147/1 151/145/1
f 170/148/1 37/144/1 171/146/1
f 68/149/1 152/147/1 69/143/1
f 170/148/1 38/150/1 37/144/1
f 68/149/1 153/151/1 152/147/1
f 169/152/1 38/150/1 170/148/1
f 68/149/1 154/153/1 153/151/1
f 168/154/1 38/150/1 169/152/1
f 67/155/1 154/153/1 68/149/1
f 168/154/1 39/156/1 38/150/1
f 67/155/1 155/157/1 154/153/1
f 167/158/1 39/156/1 168/154/1
f 67/155/1 156/159/1 155/157/1
f 166/160/1 39/156/1 167/158/1
f 67/155/1 157/161/1 156/159/1
f 165/162/1 39/156/1 166/160/1
f 67/155/1 158/163/1 157/161/1
f 164/164/1 39/156/1 165/162/1
f 66/165/1 158/163/1 67/155/1
f 164/164/1 40/166/1 39/156/1
f 66/165/1 159/167/1 158/163/1
f 163/168/1 40/166/1 164/164/1
f 66/165/1 160/169/1 159/167/1
f 162/170/1 40/166/1 163/168/1
f 66/165/1 161/171/1 160/169/1
f 161/171/1 40/166/1 162/170/1
f 66/165/1 40/166/1 161/171/1
f 65/172/1 40/166/1 66/165/1
f 65/172/1 41/173/1 40/166/1
f 64/174/1 41/173/1 65/172/1
f 64/174/1 42/175/1 41/173/1
f 63/176/1 42/175/1 64/174/1
f 63/176/1 43/177/1 42/175/1
f 62/178/1 43/177/1 63/176/1
f 62/178/1 44/179/1 43/177/1
f 61/180/1 44/179/1 62/178/1
f 61/180/1 45/181/1 44/179/1
f 60/182/1 45/181/1 61/180/1
f 60/182/1 46/183/1 45/181/1
f 59/184/1 46/183/1 60/182/1
f 59/184/1 47/185/1 46/183/1
f 58/186/1 47/185/1 59/184/1
f 58/186/1 48/187/1 47/185/1
f 57/188/1 48/187/1 58/186/1
f 57/188/1 49/189/1 48/187/1
f 56/190/1 49/189/1 57/188/1
f 56/190/1 50/191/1 49/189/1
f 55/192/1 50/191/1 56/190/1
f 55/192/1 51/193/1 50/191/1
f 54/194/1 51/193/1 55/192/1
f 54/194/1 52/195/1 51/193/1
f 53/196/1 52/195/1 54/194/1
f 292/197/1 198/198/1 197/199/1
f 291/200/1 198/198/1 292/197/1
f 291/200/1 199/201/1 198/198/1
f 290/202/1 199/201/1 291/200/1
f 290/202/1 200/203/1 199/201/1
f 289/204/1 200/203/1 290/202/1
f 289/204/1 201/205/1 200/203/1
f 288/206/1 201/205/1 289/204/1
f 288/206/1 202/207/1 201/205/1
f 287/208/1 202/207/1 288/206/1
f 287/208/1 203/209/1 202/207/1
f 286/210/1 203/209/1 287/208/1
f 286/210/1 204/211/1 203/209/1
f 285/212/1 204/211/1 286/210/1
f 285/212/1 205/213/1 204/211/1
f 284/214/1 205/213/1 285/212/1
f 284/214/1 206/215/1 205/213/1
f 283/216/1 206/215/1 284/214/1
f 283/216/1 207/217/1 206/215/1
f 282/218/1 207/217/1 283/216/1
f 282/218/1 208/219/1 207/217/1
f 281/220/1 208/219/1 282/218/1
f 281/220/1 209/221/1 208/219/1
f 280/222/1 209/221/1 281/220/1
f 280/222/1 210/223/1 209/221/1
f 280/222/1 211/224/1 210/223/1
f 279/225/1 305/226/1 280/222/1
f 305/226/1 211/224/1 280/222/1
f 279/225/1 306/227/1 305/226/1
f 304/228/1 211/224/1 305/226/1
f 279/225/1 307/229/1 306/227/1
f 303/230/1 211/224/1 304/228/1
f 279/225/1 308/231/1 307/229/1
f 302/232/1 211/224/1 303/230/1
f 279/225/1 309/233/1 308/231/1
f 301/234/1 211/224/1 302/232/1
f 301/234/1 212/235/1 211/224/1
f 278/236/1 309/233/1 279/225/1
f 278/236/1 310/237/1 309/233/1
f 300/238/1 212/235/1 301/234/1
f 278/236/1 311/239/1 310/237/1
f 299/240/1 212/235/1 300/238/1
f 278/236/1 312/241/1 311/239/1
f 298/242/1 212/235/1 299/240/1
f 278/236/1 313/243/1 312/241/1
f 297/244/1 212/235/1 298/242/1
f 297/244/1 213/245/1 212/235/1
f 277/246/1 313/243/1 278/236/1
f 277/246/1 314/247/1 313/243/1
f 296/248/1 213/245/1 297/244/1
f 277/246/1 315/249/1 314/247/1
f 295/250/1 213/245/1 296/248/1
f 295/250/1 214/251/1 213/245/1
f 276/252/1 315/249/1 277/246/1
f 276/252/1 316/253/1 315/249/1
f 294/254/1 214/251/1 295/250/1
f 276/252/1 317/255/1 316/253/1
f 293/256/1 214/251/1 294/254/1
f 293/256/1 215/257/1 214/251/1
f 275/258/1 317/255/1 276/252/1
f 275/258/1 318/259/1 317/255/1
f 388/260/1 215/257/1 293/256/1
f 275/258/1 319/261/1 318/259/1
f 387/262/1 215/257/1 388/260/1
f 387/262/1 216/263/1 215/257/1
f 274/264/1 319/261/1 275/258/1
f 274/264/1 320/265/1 319/261/1
f 386/266/1 216/263/1 387/262/1
f 274/264/1 321/267/1 320/265/1
f 385/268/1 216/263/1 386/266/1
f 385/268/1 217/269/1 216/263/1
f 273/270/1 321/267/1 274/264/1
f 273/270/1 322/271/1 321/267/1
f 384/272/1 217/269/1 385/268/1
f 273/270/1 323/273/1 322/271/1
f 383/274/1 217/269/1 384/272/1
f 383/274/1 218/275/1 217/269/1
f 272/276/1 323/273/1 273/270/1
f 272/276/1 324/277/1 323/273/1
f 382/278/1 218/275/1 383/274/1
f 272/276/1 325/279/1 324/277/1
f 381/280/1 218/275/1 382/278/1
f 381/280/1 219/281/1 218/275/1
f 271/282/1 325/279/1 272/276/1
f 271/282/1 326/283/1 325/279/1
f 380/284/1 219/281/1 381/280/1
f 380/284/1 220/285/1 219/281/1
f 270/286/1 326/283/1 271/282/1
f 270/286/1 327/287/1 326/283/1
f 379/288/1 220/285/1 380/284/1
f 270/286/1 328/289/1 327/287/1
f 378/290/1 220/285/1 379/288/1
f 378/290/1 221/291/1 220/285/1
f 269/292/1 328/289/1 270/286/1
f 269/292/1 329/293/1 328/289/1
f 377/294/1 221/291/1 378/290/1
f 268/295/1 329/293/1 269/292/1
f 268/295/1 330/296/1 329/293/1
f 376/297/1 221/291/1 377/294/1
f 376/297/1 222/298/1 221/291/1
f 268/295/1 331/299/1 330/296/1
f 375/300/1 222/298/1 376/297/1
f 375/300/1 223/301/1 222/298/1
f 267/302/1 331/299/1 268/295/1
f 267/302/1 332/303/1 331/299/1
f 374/304/1 223/301/1 375/300/1
f 267/302/1 333/305/1 332/303/1
f 373/306/1 223/301/1 374/304/1
f 373/306/1 224/307/1 223/301/1
f 266/308/1 333/305/1 267/302/1
f 266/308/1 334/309/1 333/305/1
f 372/310/1 224/307/1 373/306/1
f 372/310/1 225/311/1 224/307/1
f 265/312/1 334/309/1 266/308/1
f 265/312/1 335/313/1 334/309/1
f 371/314/1 225/311/1 372/310/1
f 265/312/1 336/315/1 335/313/1
f 370/316/1 225/311/1 371/314/1
f 370/316/1 226/317/1 225/311/1
f 264/318/1 336/315/1 265/312/1
f 264/318/1 337/319/1 336/315/1
f 369/320/1 226/317/1 370/316/1
f 264/318/1 338/321/1 337/319/1
f 368/322/1 226/317/1 369/320/1
f 368/322/1 227/323/1 226/317/1
f 263/324/1 338/321/1 264/318/1
f 263/324/1 339/325/1 338/321/1
f 367/326/1 227/323/1 368/322/1
f 263/324/1 340/327/1 339/325/1
f 366/328/1 227/323/1 367/326/1
f 366/328/1 228/329/1 227/323/1
f 262/330/1 340/327/1 263/324/1
f 262/330/1 341/331/1 340/327/1
f 365/332/1 228/329/1 366/328/1
f 262/330/1 342/333/1 341/331/1
f 364/334/1 228/329/1 365/332/1
f 364/334/1 229/335/1 228/329/1
f 261/336/1 342/333/1 262/330/1
f 261/336/1 343/337/1 342/333/1
f 363/338/1 229/335/1 364/334/1
f 261/336/1 344/339/1 343/337/1
f 362/340/1 229/335/1 363/338/1
f 362/340/1 230/341/1 229/335/1
f 260/342/1 344/339/1 261/336/1
f 260/342/1 345/343/1 344/339/1
f 361/344/1 230/341/1 362/340/1
f 260/342/1 346/345/1 345/343/1
f 360/346/1 230/341/1 361/344/1
f 360/346/1 231/347/1 230/341/1
f 259/348/1 346/345/1 260/342/1
f 259/348/1 347/349/1 346/345/1
f 359/350/1 231/347/1 360/346/1
f 259/348/1 348/351/1 347/349/1
f 358/352/1 231/347/1 359/350/1
f 259/348/1 349/353/1 348/351/1
f 357/354/1 231/347/1 358/352/1
f 259/348/1 350/355/1 349/353/1
f 356/356/1 231/347/1 357/354/1
f 356/356/1 232/357/1 231/347/1
f 258/358/1 350/355/1 259/348/1
f 258/358/1 351/359/1 350/355/1
f 355/360/1 232/357/1 356/356/1
f 258/358/1 352/361/1 351/359/1
f 354/362/1 232/357/1 355/360/1
f 258/358/1 353/363/1 352/361/1
f 353/363/1 232/357/1 354/362/1
f 258/358/1 232/357/1 353/363/1
f 258/358/1 233/364/1 232/357/1
f 257/365/1 233/364/1 258/358/1
f 256/366/1 233/364/1 257/365/1
f 256/366/1 234/367/1 233/364/1
f 255/368/1 234/367/1 256/366/1
f 255/368/1 235/369/1 234/367/1
f 254/370/1 235/369/1 255/368/1
f 254/370/1 236/371/1 235/369/1
f 253/372/1 236/371/1 254/370/1
f 253/372/1 237/373/1 236/371/1
f 252/374/1 237/373/1 253/372/1
f 252/374/1 238/375/1 237/373/1
f 251/376/1 238/375/1 252/374/1
f 251/376/1 239/377/1 238/375/1
f 250/378/1 239/377/1 251/376/1
f 250/378/1 240/379/1 239/377/1
f 249/380/1 240/379/1 250/378/1
f 249/380/1 241/381/1 240/379/1
f 248/382/1 241/381/1 249/380/1
f 248/382/1 242/383/1 241/381/1
f 247/384/1 242/383/1 248/382/1
f 247/384/1 243/385/1 242/383/1
f 246/386/1 243/385/1 247/384/1
f 246/386/1 244/387/1 243/385/1
f 245/388/1 244/387/1 246/386/1
f 560/389/1 562/390/1 561/391/1
f 559/392/1 562/390/1 560/389/1
f 559/392/1 563/393/1 562/390/1
f 558/394/1 563/393/1 559/392/1
f 558/394/1 564/395/1 563/393/1
f 557/396/1 564/395/1 558/394/1
f 557/396/1 565/397/1 564/395/1
f 556/398/1 565/397/1 557/396/1
f 556/398/1 566/399/1 565/397/1
f 555/400/1 566/399/1 556/398/1
f 555/400/1 567/401/1 566/399/1
f 554/402/1 567/401/1 555/400/1
f 554/402/1 568/403/1 567/401/1
f 553/404/1 568/403/1 554/402/1
f 553/404/1 569/405/1 568/403/1
f 552/406/1 569/405/1 553/404/1
f 552/406/1 570/407/1 569/405/1
f 551/408/1 415/409/1 552/406/1
f 415/409/1 414/410/1 552/406/1
f 414/410/1 570/407/1 552/406/1
f 414/410/1 413/411/1 570/407/1
f 413/411/1 571/412/1 570/407/1
f 551/408/1 416/413/1 415/409/1
f 412/414/1 571/412/1 413/411/1
f 551/408/1 417/415/1 416/413/1
f 411/416/1 571/412/1 412/414/1
f 551/408/1 418/417/1 417/415/1
f 410/418/1 571/412/1 411/416/1
f 551/408/1 419/419/1 418/417/1
f 409/420/1 571/412/1 410/418/1
f 550/421/1 419/419/1 551/408/1
f 409/420/1 572/422/1 571/412/1
f 550/421/1 420/423/1 419/419/1
f 408/424/1 572/422/1 409/420/1
f 550/421/1 421/425/1 420/423/1
f 407/426/1 572/422/1 408/424/1
f 549/427/1 421/425/1 550/421/1
f 407/426/1 573/428/1 572/422/1
f 549/427/1 422/429/1 421/425/1
f 406/430/1 573/428/1 407/426/1
f 549/427/1 423/431/1 422/429/1
f 405/432/1 573/428/1 406/430/1
f 548/433/1 423/431/1 549/427/1
f 405/432/1 574/434/1 573/428/1
f 548/433/1 424/435/1 423/431/1
f 404/436/1 574/434/1 405/432/1
f 548/433/1 425/437/1 424/435/1
f 403/438/1 574/434/1 404/436/1
f 403/438/1 575/439/1 574/434/1
f 547/440/1 425/437/1 548/433/1
f 547/440/1 426/441/1 425/437/1
f 402/442/1 575/439/1 403/438/1
f 402/442/1 576/443/1 575/439/1
f 546/444/1 426/441/1 547/440/1
f 546/444/1 427/445/1 426/441/1
f 401/446/1 576/443/1 402/442/1
f 401/446/1 577/447/1 576/443/1
f 545/448/1 427/445/1 546/444/1
f 545/448/1 428/449/1 427/445/1
f 400/450/1 577/447/1 401/446/1
f 545/448/1 429/451/1 428/449/1
f 399/452/1 577/447/1 400/450/1
f 399/452/1 578/453/1 577/447/1
f 544/454/1 429/451/1 545/448/1
f 544/454/1 430/455/1 429/451/1
f 398/456/1 578/453/1 399/452/1
f 398/456/1 579/457/1 578/453/1
f 543/458/1 430/455/1 544/454/1
f 543/458/1 431/459/1 430/455/1
f 397/460/1 579/457/1 398/456/1
f 397/460/1 580/461/1 579/457/1
f 542/462/1 431/459/1 543/458/1
f 542/462/1 432/463/1 431/459/1
f 396/464/1 580/461/1 397/460/1
f 396/464/1 581/465/1 580/461/1
f 541/466/1 432/463/1 542/462/1
f 541/466/1 433/467/1 432/463/1
f 395/468/1 581/465/1 396/464/1
f 541/466/1 434/469/1 433/467/1
f 394/470/1 581/465/1 395/468/1
f 394/470/1 582/471/1 581/465/1
f 540/472/1 434/469/1 541/466/1
f 540/472/1 435/473/1 434/469/1
f 393/474/1 582/471/1 394/470/1
f 393/474/1 583/475/1 582/471/1
f 539/476/1 435/473/1 540/472/1
f 539/476/1 436/477/1 435/473/1
f 392/478/1 583/475/1 393/474/1
f 392/478/1 584/260/1 583/475/1
f 538/479/1 436/477/1 539/476/1
f 538/479/1 437/480/1 436/477/1
f 391/481/1 584/260/1 392/478/1
f 391/481/1 487/482/1 584/260/1
f 537/483/1 437/480/1 538/479/1
f 537/483/1 438/484/1 437/480/1
f 390/485/1 487/482/1 391/481/1
f 536/486/1 438/484/1 537/483/1
f 536/486/1 439/487/1 438/484/1
f 389/3/1 487/482/1 390/485/1
f 389/3/1 488/488/1 487/482/1
f 535/489/1 439/487/1 536/486/1
f 535/489/1 440/490/1 439/487/1
f 486/491/1 488/488/1 389/3/1
f 486/491/1 489/492/1 488/488/1
f 535/489/1 441/493/1 440/490/1
f 485/494/1 489/492/1 486/491/1
f 485/494/1 490/495/1 489/492/1
f 534/496/1 441/493/1 535/489/1
f 534/496/1 442/497/1 441/493/1
f 484/498/1 490/495/1 485/494/1
f 533/499/1 442/497/1 534/496/1
f 484/498/1 491/500/1 490/495/1
f 533/499/1 443/501/1 442/497/1
f 483/502/1 491/500/1 484/498/1
f 532/503/1 443/501/1 533/499/1
f 483/502/1 492/504/1 491/500/1
f 532/503/1 444/505/1 443/501/1
f 482/506/1 492/504/1 483/502/1
f 531/507/1 444/505/1 532/503/1
f 482/506/1 493/508/1 492/504/1
f 531/507/1 445/509/1 444/505/1
f 481/510/1 493/508/1 482/506/1
f 531/507/1 446/511/1 445/509/1
f 480/512/1 493/508/1 481/510/1
f 530/513/1 446/511/1 531/507/1
f 480/512/1 494/514/1 493/508/1
f 530/513/1 447/515/1 446/511/1
f 479/516/1 494/514/1 480/512/1
f 529/517/1 447/515/1 530/513/1
f 479/516/1 495/518/1 494/514/1
f 529/517/1 448/519/1 447/515/1
f 478/520/1 495/518/1 479/516/1
f 528/521/1 448/519/1 529/517/1
f 478/520/1 496/522/1 495/518/1
f 528/521/1 449/523/1 448/519/1
f 477/524/1 496/522/1 478/520/1
f 527/525/1 449/523/1 528/521/1
f 477/524/1 497/526/1 496/522/1
f 527/525/1 450/527/1 449/523/1
f 476/528/1 497/526/1 477/524/1
f 527/525/1 451/529/1 450/527/1
f 475/530/1 497/526/1 476/528/1
f 526/531/1 451/529/1 527/525/1
f 475/530/1 498/532/1 497/526/1
f 526/531/1 452/533/1 451/529/1
f 474/534/1 498/532/1 475/530/1
f 525/535/1 452/533/1 526/531/1
f 474/534/1 499/536/1 498/532/1
f 525/535/1 453/537/1 452/533/1
f 473/538/1 499/536/1 474/534/1
f 524/539/1 453/537/1 525/535/1
f 473/538/1 500/540/1 499/536/1
f 524/539/1 454/80/1 453/537/1
f 472/541/1 500/540/1 473/538/1
f 524/539/1 455/542/1 454/80/1
f 471/543/1 500/540/1 472/541/1
f 523/544/1 455/542/1 524/539/1
f 471/543/1 501/545/1 500/540/1
f 523/544/1 456/546/1 455/542/1
f 470/547/1 501/545/1 471/543/1
f 523/544/1 457/548/1 456/546/1
f 469/549/1 501/545/1 470/547/1
f 469/549/1 502/550/1 501/545/1
f 522/551/1 457/548/1 523/544/1
f 522/551/1 458/552/1 457/548/1
f 468/553/1 502/550/1 469/549/1
f 522/551/1 459/554/1 458/552/1
f 467/555/1 502/550/1 468/553/1
f 467/555/1 503/556/1 502/550/1
f 521/557/1 459/554/1 522/551/1
f 521/557/1 460/558/1 459/554/1
f 466/559/1 503/556/1 467/555/1
f 521/557/1 461/560/1 460/558/1
f 465/561/1 503/556/1 466/559/1
f 521/557/1 462/562/1 461/560/1
f 464/563/1 503/556/1 465/561/1
f 521/557/1 463/564/1 462/562/1
f 463/564/1 503/556/1 464/563/1
f 521/557/1 503/556/1 463/564/1
f 521/557/1 504/565/1 503/556/1
f 520/566/1 504/565/1 521/557/1
f 520/566/1 505/567/1 504/565/1
f 519/348/1 505/567/1 520/566/1
f 519/348/1 506/568/1 505/567/1
f 518/569/1 506/568/1 519/348/1
f 518/569/1 507/570/1 506/568/1
f 517/571/1 507/570/1 518/569/1
f 516/572/1 507/570/1 517/571/1
f 516/572/1 508/573/1 507/570/1
f 515/574/1 508/573/1 516/572/1
f 515/574/1 509/575/1 508/573/1
f 514/576/1 509/575/1 515/574/1
f 514/576/1 510/577/1 509/575/1
f 513/578/1 510/577/1 514/576/1
f 513/578/1 511/579/1 510/577/1
f 512/580/1 511/579/1 513/578/1
f 707/581/1 709/582/1 708/583/1
f 706/584/1 709/582/1 707/581/1
f 706/584/1 710/585/1 709/582/1
f 705/586/1 710/585/1 706/584/1
f 705/586/1 711/587/1 710/585/1
f 704/588/1 711/587/1 705/586/1
f 704/588/1 712/589/1 711/587/1
f 703/590/1 712/589/1 704/588/1
f 703/590/1 713/591/1 712/589/1
f 702/592/1 713/591/1 703/590/1
f 702/592/1 714/593/1 713/591/1
f 701/594/1 714/593/1 702/592/1
f 701/594/1 715/595/1 714/593/1
f 700/596/1 715/595/1 701/594/1
f 700/596/1 716/597/1 715/595/1
f 699/598/1 716/597/1 700/596/1
f 699/598/1 717/599/1 716/597/1
f 698/600/1 717/599/1 699/598/1
f 698/600/1 718/601/1 717/599/1
f 697/602/1 718/601/1 698/600/1
f 697/602/1 719/603/1 718/601/1
f 696/604/1 719/603/1 697/602/1
f 696/604/1 659/605/1 719/603/1
f 659/605/1 720/606/1 719/603/1
f 696/604/1 660/607/1 659/605/1
f 658/608/1 720/606/1 659/605/1
f 696/604/1 661/609/1 660/607/1
f 657/610/1 720/606/1 658/608/1
f 696/604/1 662/611/1 661/609/1
f 656/612/1 720/606/1 657/610/1
f 696/604/1 663/613/1 662/611/1
f 655/614/1 720/606/1 656/612/1
f 695/615/1 663/613/1 696/604/1
f 655/614/1 721/616/1 720/606/1
f 695/615/1 664/617/1 663/613/1
f 654/618/1 721/616/1 655/614/1
f 695/615/1 665/619/1 664/617/1
f 653/620/1 721/616/1 654/618/1
f 694/621/1 665/619/1 695/615/1
f 694/621/1 666/622/1 665/619/1
f 652/623/1 721/616/1 653/620/1
f 652/623/1 722/624/1 721/616/1
f 693/625/1 666/622/1 694/621/1
f 693/625/1 667/626/1 666/622/1
f 651/627/1 722/624/1 652/623/1
f 693/625/1 668/628/1 667/626/1
f 650/629/1 722/624/1 651/627/1
f 692/630/1 668/628/1 693/625/1
f 692/630/1 669/631/1 668/628/1
f 649/632/1 722/624/1 650/629/1
f 649/632/1 723/633/1 722/624/1
f 691/634/1 669/631/1 692/630/1
f 691/634/1 670/635/1 669/631/1
f 648/636/1 723/633/1 649/632/1
f 690/637/1 670/635/1 691/634/1
f 648/636/1 724/638/1 723/633/1
f 690/637/1 671/639/1 670/635/1
f 647/640/1 724/638/1 648/636/1
f 689/641/1 671/639/1 690/637/1
f 689/641/1 672/642/1 671/639/1
f 646/643/1 724/638/1 647/640/1
f 688/644/1 672/642/1 689/641/1
f 646/643/1 725/645/1 724/638/1
f 688/644/1 673/646/1 672/642/1
f 645/647/1 725/645/1 646/643/1
f 687/648/1 673/646/1 688/644/1
f 687/648/1 674/649/1 673/646/1
f 687/648/1 675/650/1 674/649/1
f 686/80/1 675/650/1 687/648/1
f 644/651/1 725/645/1 645/647/1
f 644/651/1 726/652/1 725/645/1
f 686/80/1 676/653/1 675/650/1
f 685/654/1 676/653/1 686/80/1
f 685/654/1 677/655/1 676/653/1
f 643/656/1 726/652/1 644/651/1
f 685/654/1 678/657/1 677/655/1
f 643/656/1 727/658/1 726/652/1
f 684/659/1 678/657/1 685/654/1
f 684/659/1 679/660/1 678/657/1
f 642/661/1 727/658/1 643/656/1
f 683/662/1 682/663/1 684/659/1
f 682/663/1 681/664/1 684/659/1
f 681/664/1 680/665/1 684/659/1
f 680/665/1 679/660/1 684/659/1
f 641/666/1 727/658/1 642/661/1
f 641/666/1 728/667/1 727/658/1
f 640/668/1 728/667/1 641/666/1
f 640/668/1 729/669/1 728/667/1
f 639/670/1 729/669/1 640/668/1
f 639/670/1 730/671/1 729/669/1
f 638/672/1 730/671/1 639/670/1
f 637/673/1 730/671/1 638/672/1
f 637/673/1 731/674/1 730/671/1
f 636/675/1 731/674/1 637/673/1
f 636/675/1 732/676/1 731/674/1
f 635/677/1 732/676/1 636/675/1
f 634/678/1 732/676/1 635/677/1
f 634/678/1 733/679/1 732/676/1
f 633/680/1 733/679/1 634/678/1
f 633/680/1 734/681/1 733/679/1
f 632/682/1 734/681/1 633/680/1
f 632/682/1 735/683/1 734/681/1
f 631/684/1 735/683/1 632/682/1
f 630/685/1 735/683/1 631/684/1
f 630/685/1 736/686/1 735/683/1
f 629/687/1 736/686/1 630/685/1
f 629/687/1 737/688/1 736/686/1
f 628/689/1 737/688/1 629/687/1
f 628/689/1 738/690/1 737/688/1
f 627/691/1 738/690/1 628/689/1
f 626/692/1 738/690/1 627/691/1
f 626/692/1 739/693/1 738/690/1
f 625/694/1 739/693/1 626/692/1
f 625/694/1 740/695/1 739/693/1
f 624/696/1 740/695/1 625/694/1
f 624/696/1 741/697/1 740/695/1
f 623/698/1 741/697/1 624/696/1
f 622/699/1 741/697/1 623/698/1
f 622/699/1 742/700/1 741/697/1
f 621/701/1 742/700/1 622/699/1
f 621/701/1 743/702/1 742/700/1
f 620/703/1 743/702/1 621/701/1
f 620/703/1 744/704/1 743/702/1
f 619/705/1 744/704/1 620/703/1
f 618/706/1 744/704/1 619/705/1
f 618/706/1 745/707/1 744/704/1
f 617/708/1 745/707/1 618/706/1
f 617/708/1 746/709/1 745/707/1
f 616/710/1 746/709/1 617/708/1
f 615/711/1 746/709/1 616/710/1
f 615/711/1 747/712/1 746/709/1
f 614/713/1 747/712/1 615/711/1
f 613/714/1 747/712/1 614/713/1
f 613/714/1 748/715/1 747/712/1
f 612/716/1 748/715/1 613/714/1
f 611/717/1 748/715/1 612/716/1
f 611/717/1 749/718/1 748/715/1
f 610/719/1 749/718/1 611/717/1
f 609/720/1 749/718/1 610/719/1
f 608/721/1 749/718/1 609/720/1
f 608/721/1 750/722/1 749/718/1
f 607/723/1 750/722/1 608/721/1
f 606/724/1 750/722/1 607/723/1
f 605/725/1 750/722/1 606/724/1
f 604/726/1 750/722/1 605/725/1
f 604/726/1 751/727/1 750/722/1
f 603/728/1 751/727/1 604/726/1
f 602/729/1 751/727/1 603/728/1
f 601/730/1 751/727/1 602/729/1
f 600/731/1 751/727/1 601/730/1
f 599/732/1 751/727/1 600/731/1
f 598/733/1 751/727/1 599/732/1
f 598/733/1 752/734/1 751/727/1
f 598/733/1 753/735/1 752/734/1
f 598/733/1 754/736/1 753/735/1
f 598/733/1 755/737/1 754/736/1
f 598/733/1 756/738/1 755/737/1
f 598/733/1 757/739/1 756/738/1
f 598/733/1 758/740/1 757/739/1
f 598/733/1 759/741/1 758/740/1
f 598/733/1 760/742/1 759/741/1
f 598/733/1 761/743/1 760/742/1
f 598/733/1 762/744/1 761/743/1
f 597/745/1 762/744/1 598/733/1
f 596/746/1 762/744/1 597/745/1
f 596/746/1 763/747/1 762/744/1
f 595/748/1 763/747/1 596/746/1
f 594/749/1 763/747/1 595/748/1
f 594/749/1 764/750/1 763/747/1
f 593/751/1 764/750/1 594/749/1
f 593/751/1 765/752/1 764/750/1
f 592/753/1 765/752/1 593/751/1
f 592/753/1 766/754/1 765/752/1
f 591/755/1 766/754/1 592/753/1
f 590/756/1 766/754/1 591/755/1
f 590/756/1 767/757/1 766/754/1
f 589/758/1 767/757/1 590/756/1
f 589/758/1 768/759/1 767/757/1
f 588/760/1 768/759/1 589/758/1
f 588/760/1 769/761/1 768/759/1
f 587/762/1 769/761/1 588/760/1
f 587/762/1 770/763/1 769/761/1
f 586/764/1 770/763/1 587/762/1
f 585/3/1 770/763/1 586/764/1
f 585/3/1 771/765/1 770/763/1
f 888/260/1 771/765/1 585/3/1
f 888/260/1 772/766/1 771/765/1
f 887/767/1 772/766/1 888/260/1
f 887/767/1 773/768/1 772/766/1
f 886/769/1 773/768/1 887/767/1
f 885/770/1 773/768/1 886/769/1
f 885/770/1 774/771/1 773/768/1
f 884/772/1 774/771/1 885/770/1
f 884/772/1 775/773/1 774/771/1
f 883/774/1 775/773/1 884/772/1
f 883/774/1 776/775/1 775/773/1
f 882/776/1 776/775/1 883/774/1
f 882/776/1 777/777/1 776/775/1
f 881/778/1 777/777/1 882/776/1
f 880/779/1 777/777/1 881/778/1
f 880/779/1 778/780/1 777/777/1
f 879/781/1 778/780/1 880/779/1
f 879/781/1 779/782/1 778/780/1
f 878/783/1 779/782/1 879/781/1
f 878/783/1 780/784/1 779/782/1
f 877/785/1 780/784/1 878/783/1
f 876/786/1 780/784/1 877/785/1
f 876/786/1 781/787/1 780/784/1
f 875/788/1 781/787/1 876/786/1
f 875/788/1 782/789/1 781/787/1
f 828/790/1 830/791/1 829/792/1
f 874/793/1 782/789/1 875/788/1
f 828/790/1 831/794/1 830/791/1
f 874/793/1 783/795/1 782/789/1
f 827/796/1 831/794/1 828/790/1
f 873/797/1 783/795/1 874/793/1
f 827/796/1 832/798/1 831/794/1
f 873/797/1 784/799/1 783/795/1
f 826/800/1 832/798/1 827/796/1
f 872/801/1 784/799/1 873/797/1
f 826/800/1 833/802/1 832/798/1
f 825/803/1 833/802/1 826/800/1
f 871/804/1 784/799/1 872/801/1
f 871/804/1 785/805/1 784/799/1
f 825/803/1 834/806/1 833/802/1
f 825/803/1 835/807/1 834/806/1
f 870/808/1 785/805/1 871/804/1
f 824/809/1 835/807/1 825/803/1
f 870/808/1 786/810/1 785/805/1
f 824/809/1 836/811/1 835/807/1
f 869/812/1 786/810/1 870/808/1
f 823/813/1 836/811/1 824/809/1
f 869/812/1 787/348/1 786/810/1
f 823/813/1 837/814/1 836/811/1
f 868/815/1 787/348/1 869/812/1
f 822/816/1 837/814/1 823/813/1
f 822/816/1 838/817/1 837/814/1
f 868/815/1 788/818/1 787/348/1
f 867/819/1 788/818/1 868/815/1
f 821/820/1 838/817/1 822/816/1
f 821/820/1 839/821/1 838/817/1
f 866/822/1 788/818/1 867/819/1
f 820/823/1 839/821/1 821/820/1
f 820/823/1 840/824/1 839/821/1
f 866/822/1 789/825/1 788/818/1
f 865/826/1 789/825/1 866/822/1
f 820/823/1 841/827/1 840/824/1
f 819/828/1 841/827/1 820/823/1
f 865/826/1 790/829/1 789/825/1
f 819/828/1 842/830/1 841/827/1
f 864/831/1 790/829/1 865/826/1
f 818/832/1 842/830/1 819/828/1
f 818/832/1 843/833/1 842/830/1
f 863/834/1 790/829/1 864/831/1
f 863/834/1 791/835/1 790/829/1
f 817/836/1 843/833/1 818/832/1
f 817/836/1 844/837/1 843/833/1
f 862/838/1 791/835/1 863/834/1
f 862/838/1 792/839/1 791/835/1
f 816/840/1 844/837/1 817/836/1
f 816/840/1 845/841/1 844/837/1
f 861/842/1 792/839/1 862/838/1
f 816/840/1 846/843/1 845/841/1
f 860/844/1 792/839/1 861/842/1
f 815/845/1 846/843/1 816/840/1
f 860/844/1 793/846/1 792/839/1
f 815/845/1 847/847/1 846/843/1
f 859/848/1 793/846/1 860/844/1
f 815/845/1 848/849/1 847/847/1
f 858/850/1 793/846/1 859/848/1
f 814/851/1 848/849/1 815/845/1
f 858/850/1 794/852/1 793/846/1
f 814/851/1 849/853/1 848/849/1
f 857/854/1 794/852/1 858/850/1
f 814/851/1 850/855/1 849/853/1
f 856/856/1 794/852/1 857/854/1
f 814/851/1 851/857/1 850/855/1
f 855/858/1 794/852/1 856/856/1
f 814/851/1 852/859/1 851/857/1
f 854/860/1 794/852/1 855/858/1
f 813/861/1 852/859/1 814/851/1
f 854/860/1 795/862/1 794/852/1
f 813/861/1 853/863/1 852/859/1
f 853/863/1 795/862/1 854/860/1
f 813/861/1 795/862/1 853/863/1
f 812/864/1 795/862/1 813/861/1
f 812/864/1 796/865/1 795/862/1
f 811/866/1 796/865/1 812/864/1
f 811/866/1 797/867/1 796/865/1
f 810/868/1 797/867/1 811/866/1
f 810/868/1 798/869/1 797/867/1
f 809/870/1 798/869/1 810/868/1
f 809/870/1 799/871/1 798/869/1
f 808/872/1 799/871/1 809/870/1
f 808/872/1 800/873/1 799/871/1
f 807/874/1 800/873/1 808/872/1
f 807/874/1 801/875/1 800/873/1
f 806/876/1 801/875/1 807/874/1
f 806/876/1 802/877/1 801/875/1
f 805/878/1 802/877/1 806/876/1
f 805/878/1 803/879/1 802/877/1
f 804/880/1 803/879/1 805/878/1
f 892/1/2 889/3/2 890/2/2
f 892/1/2 890/2/2 891/4/2
f 988/5/2 893/7/2 894/6/2
f 988/5/2 894/6/2 895/8/2
f 987/9/2 988/5/2 895/8/2
f 987/9/2 895/8/2 896/10/2
f 986/11/2 987/9/2 896/10/2
f 986/11/2 896/10/2 897/12/2
f 985/13/2 986/11/2 897/12/2
f 985/13/2 897/12/2 898/14/2
f 984/15/2 985/13/2 898/14/2
f 984/15/2 898/14/2 899/16/2
f 983/17/2 984/15/2 899/16/2
f 983/17/2 899/16/2 900/18/2
f 982/19/2 983/17/2 900/18/2
f 982/19/2 900/18/2 901/20/2
f 981/21/2 982/19/2 901/20/2
f 981/21/2 901/20/2 902/22/2
f 980/23/2 981/21/2 902/22/2
f 980/23/2 902/22/2 903/24/2
f 979/25/2 980/23/2 903/24/2
f 979/25/2 903/24/2 904/26/2
f 978/27/2 979/25/2 904/26/2
f 978/27/2 904/26/2 905/28/2
f 977/29/2 978/27/2 905/28/2
f 976/30/2 977/29/2 905/28/2
f 976/30/2 905/28/2 906/31/2
f 975/32/2 976/30/2 906/31/2
f 975/32/2 906/31/2 1001/33/2
f 1001/33/2 906/31/2 907/34/2
f 975/32/2 1001/33/2 1002/35/2
f 1000/36/2 1001/33/2 907/34/2
f 975/32/2 1002/35/2 1003/37/2
f 999/38/2 1000/36/2 907/34/2
f 975/32/2 1003/37/2 1004/39/2
f 998/40/2 999/38/2 907/34/2
f 975/32/2 1004/39/2 1005/41/2
f 997/42/2 998/40/2 907/34/2
f 974/43/2 975/32/2 1005/41/2
f 997/42/2 907/34/2 908/44/2
f 974/43/2 1005/41/2 1006/45/2
f 996/46/2 997/42/2 908/44/2
f 974/43/2 1006/45/2 1007/47/2
f 995/48/2 996/46/2 908/44/2
f 974/43/2 1007/47/2 1008/49/2
f 994/50/2 995/48/2 908/44/2
f 974/43/2 1008/49/2 1009/51/2
f 993/52/2 994/50/2 908/44/2
f 973/53/2 974/43/2 1009/51/2
f 993/52/2 908/44/2 909/54/2
f 973/53/2 1009/51/2 1010/55/2
f 992/56/2 993/52/2 909/54/2
f 973/53/2 1010/55/2 1011/57/2
f 991/58/2 992/56/2 909/54/2
f 972/59/2 973/53/2 1011/57/2
f 991/58/2 909/54/2 910/60/2
f 972/59/2 1011/57/2 1012/61/2
f 990/62/2 991/58/2 910/60/2
f 972/59/2 1012/61/2 1013/63/2
f 989/64/2 990/62/2 910/60/2
f 971/65/2 972/59/2 1013/63/2
f 989/64/2 910/60/2 911/66/2
f 971/65/2 1013/63/2 1014/67/2
f 1084/68/2 989/64/2 911/66/2
f 1083/69/2 1084/68/2 911/66/2
f 971/65/2 1014/67/2 1015/70/2
f 970/71/2 971/65/2 1015/70/2
f 1083/69/2 911/66/2 912/72/2
f 1082/73/2 1083/69/2 912/72/2
f 970/71/2 1015/70/2 1016/74/2
f 1081/75/2 1082/73/2 912/72/2
f 970/71/2 1016/74/2 1017/76/2
f 969/77/2 970/71/2 1017/76/2
f 1081/75/2 912/72/2 913/78/2
f 1080/79/2 1081/75/2 913/78/2
f 969/77/2 1017/76/2 1018/80/2
f 1079/81/2 1080/79/2 913/78/2
f 969/77/2 1018/80/2 1019/82/2
f 968/83/2 969/77/2 1019/82/2
f 1079/81/2 913/78/2 914/84/2
f 1078/85/2 1079/81/2 914/84/2
f 968/83/2 1019/82/2 1020/86/2
f 968/83/2 1020/86/2 1021/87/2
f 1077/88/2 1078/85/2 914/84/2
f 967/89/2 968/83/2 1021/87/2
f 1077/88/2 914/84/2 915/90/2
f 967/89/2 1021/87/2 1022/91/2
f 1076/92/2 1077/88/2 915/90/2
f 966/93/2 967/89/2 1022/91/2
f 1076/92/2 915/90/2 916/94/2
f 966/93/2 1022/91/2 1023/95/2
f 1075/96/2 1076/92/2 916/94/2
f 966/93/2 1023/95/2 1024/97/2
f 1074/98/2 1075/96/2 916/94/2
f 965/99/2 966/93/2 1024/97/2
f 1074/98/2 916/94/2 917/100/2
f 965/99/2 1024/97/2 1025/101/2
f 1073/102/2 1074/98/2 917/100/2
f 964/103/2 965/99/2 1025/101/2
f 964/103/2 1025/101/2 1026/104/2
f 1072/105/2 1073/102/2 917/100/2
f 1072/105/2 917/100/2 918/106/2
f 964/103/2 1026/104/2 1027/107/2
f 1071/108/2 1072/105/2 918/106/2
f 963/109/2 964/103/2 1027/107/2
f 1071/108/2 918/106/2 919/110/2
f 963/109/2 1027/107/2 1028/111/2
f 1070/112/2 1071/108/2 919/110/2
f 963/109/2 1028/111/2 1029/113/2
f 1069/114/2 1070/112/2 919/110/2
f 962/115/2 963/109/2 1029/113/2
f 1069/114/2 919/110/2 920/116/2
f 962/115/2 1029/113/2 1030/117/2
f 1068/118/2 1069/114/2 920/116/2
f 961/119/2 962/115/2 1030/117/2
f 1068/118/2 920/116/2 921/120/2
f 961/119/2 1030/117/2 1031/121/2
f 1067/122/2 1068/118/2 921/120/2
f 961/119/2 1031/121/2 1032/123/2
f 1066/124/2 1067/122/2 921/120/2
f 960/125/2 961/119/2 1032/123/2
f 1066/124/2 921/120/2 922/126/2
f 960/125/2 1032/123/2 1033/127/2
f 1065/128/2 1066/124/2 922/126/2
f 960/125/2 1033/127/2 1034/129/2
f 1064/130/2 1065/128/2 922/126/2
f 959/131/2 960/125/2 1034/129/2
f 1064/130/2 922/126/2 923/132/2
f 959/131/2 1034/129/2 1035/133/2
f 1063/134/2 1064/130/2 923/132/2
f 959/131/2 1035/133/2 1036/135/2
f 1062/136/2 1063/134/2 923/132/2
f 958/137/2 959/131/2 1036/135/2
f 1062/136/2 923/132/2 924/138/2
f 958/137/2 1036/135/2 1037/139/2
f 1061/140/2 1062/136/2 924/138/2
f 958/137/2 1037/139/2 1038/141/2
f 1060/142/2 1061/140/2 924/138/2
f 957/143/2 958/137/2 1038/141/2
f 1060/142/2 924/138/2 925/144/2
f 957/143/2 1038/141/2 1039/145/2
f 1059/146/2 1060/142/2 925/144/2
f 957/143/2 1039/145/2 1040/147/2
f 1058/148/2 1059/146/2 925/144/2
f 956/149/2 957/143/2 1040/147/2
f 1058/148/2 925/144/2 926/150/2
f 956/149/2 1040/147/2 1041/151/2
f 1057/152/2 1058/148/2 926/150/2
f 956/149/2 1041/151/2 1042/153/2
f 1056/154/2 1057/152/2 926/150/2
f 955/155/2 956/149/2 1042/153/2
f 1056/154/2 926/150/2 927/156/2
f 955/155/2 1042/153/2 1043/157/2
f 1055/158/2 1056/154/2 927/156/2
f 955/155/2 1043/157/2 1044/159/2
f 1054/160/2 1055/158/2 927/156/2
f 955/155/2 1044/159/2 1045/161/2
f 1053/162/2 1054/160/2 927/156/2
f 955/155/2 1045/161/2 1046/163/2
f 1052/164/2 1053/162/2 927/156/2
f 954/165/2 955/155/2 1046/163/2
f 1052/164/2 927/156/2 928/166/2
f 954/165/2 1046/163/2 1047/167/2
f 1051/168/2 1052/164/2 928/166/2
f 954/165/2 1047/167/2 1048/169/2
f 1050/170/2 1051/168/2 928/166/2
f 954/165/2 1048/169/2 1049/171/2
f 1049/171/2 1050/170/2 928/166/2
f 954/165/2 1049/171/2 928/166/2
f 953/172/2 954/165/2 928/166/2
f 953/172/2 928/166/2 929/173/2
f 952/174/2 953/172/2 929/173/2
f 952/174/2 929/173/2 930/175/2
f 951/176/2 952/174/2 930/175/2
f 951/176/2 930/175/2 931/177/2
f 950/178/2 951/176/2 931/177/2
f 950/178/2 931/177/2 932/179/2
f 949/180/2 950/178/2 932/179/2
f 949/180/2 932/179/2 933/181/2
f 948/182/2 949/180/2 933/181/2
f 948/182/2 933/181/2 934/183/2
f 947/184/2 948/182/2 934/183/2
f 947/184/2 934/183/2 935/185/2
f 946/186/2 947/184/2 935/185/2
f 946/186/2 935/185/2 936/187/2
f 945/188/2 946/186/2 936/187/2
f 945/188/2 936/187/2 937/189/2
f 944/190/2 945/188/2 937/189/2
f 944/190/2 937/189/2 938/191/2
f 943/192/2 944/190/2 938/191/2
f 943/192/2 938/191/2 939/193/2
f 942/194/2 943/192/2 939/193/2
f 942/194/2 939/193/2 940/195/2
f 941/196/2 942/194/2 940/195/2
f 1180/197/2 1085/199/2 1086/198/2
f 1179/200/2 1180/197/2 1086/198/2
f 1179/200/2 1086/198/2 1087/201/2
f 1178/202/2 1179/200/2 1087/201/2
f 1178/202/2 1087/201/2 1088/203/2
f 1177/204/2 1178/202/2 1088/203/2
f 1177/204/2 1088/203/2 1089/205/2
f 1176/206/2 1177/204/2 1089/205/2
f 1176/206/2 1089/205/2 1090/207/2
f 1175/208/2 1176/206/2 1090/207/2
f 1175/208/2 1090/207/2 1091/209/2
f 1174/210/2 1175/208/2 1091/209/2
f 1174/210/2 1091/209/2 1092/211/2
f 1173/212/2 1174/210/2 1092/211/2
f 1173/212/2 1092/211/2 1093/213/2
f 1172/214/2 1173/212/2 1093/213/2
f 1172/214/2 1093/213/2 1094/215/2
f 1171/216/2 1172/214/2 1094/215/2
f 1171/216/2 1094/215/2 1095/217/2
f 1170/218/2 1171/216/2 1095/217/2
f 1170/218/2 1095/217/2 1096/219/2
f 1169/220/2 1170/218/2 1096/219/2
f 1169/220/2 1096/219/2 1097/221/2
f 1168/222/2 1169/220/2 1097/221/2
f 1168/222/2 1097/221/2 1098/223/2
f 1168/222/2 1098/223/2 1099/224/2
f 1167/225/2 1168/222/2 1193/226/2
f 1193/226/2 1168/222/2 1099/224/2
f 1167/225/2 1193/226/2 1194/227/2
f 1192/228/2 1193/226/2 1099/224/2
f 1167/225/2 1194/227/2 1195/229/2
f 1191/230/2 1192/228/2 1099/224/2
f 1167/225/2 1195/229/2 1196/231/2
f 1190/232/2 1191/230/2 1099/224/2
f 1167/225/2 1196/231/2 1197/233/2
f 1189/234/2 1190/232/2 1099/224/2
f 1189/234/2 1099/224/2 1100/235/2
f 1166/236/2 1167/225/2 1197/233/2
f 1166/236/2 1197/233/2 1198/237/2
f 1188/238/2 1189/234/2 1100/235/2
f 1166/236/2 1198/237/2 1199/239/2
f 1187/240/2 1188/238/2 1100/235/2
f 1166/236/2 1199/239/2 1200/241/2
f 1186/242/2 1187/240/2 1100/235/2
f 1166/236/2 1200/241/2 1201/243/2
f 1185/244/2 1186/242/2 1100/235/2
f 1185/244/2 1100/235/2 1101/245/2
f 1165/246/2 1166/236/2 1201/243/2
f 1165/246/2 1201/243/2 1202/247/2
f 1184/248/2 1185/244/2 1101/245/2
f 1165/246/2 1202/247/2 1203/249/2
f 1183/250/2 1184/248/2 1101/245/2
f 1183/250/2 1101/245/2 1102/251/2
f 1164/252/2 1165/246/2 1203/249/2
f 1164/252/2 1203/249/2 1204/253/2
f 1182/254/2 1183/250/2 1102/251/2
f 1164/252/2 1204/253/2 1205/255/2
f 1181/256/2 1182/254/2 1102/251/2
f 1181/256/2 1102/251/2 1103/257/2
f 1163/258/2 1164/252/2 1205/255/2
f 1163/258/2 1205/255/2 1206/259/2
f 1276/260/2 1181/256/2 1103/257/2
f 1163/258/2 1206/259/2 1207/261/2
f 1275/262/2 1276/260/2 1103/257/2
f 1275/262/2 1103/257/2 1104/263/2
f 1162/264/2 1163/258/2 1207/261/2
f 1162/264/2 1207/261/2 1208/265/2
f 1274/266/2 1275/262/2 1104/263/2
f 1162/264/2 1208/265/2 1209/267/2
f 1273/268/2 1274/266/2 1104/263/2
f 1273/268/2 1104/263/2 1105/269/2
f 1161/270/2 1162/264/2 1209/267/2
f 1161/270/2 1209/267/2 1210/271/2
f 1272/272/2 1273/268/2 1105/269/2
f 1161/270/2 1210/271/2 1211/273/2
f 1271/274/2 1272/272/2 1105/269/2
f 1271/274/2 1105/269/2 1106/275/2
f 1160/276/2 1161/270/2 1211/273/2
f 1160/276/2 1211/273/2 1212/277/2
f 1270/278/2 1271/274/2 1106/275/2
f 1160/276/2 1212/277/2 1213/279/2
f 1269/280/2 1270/278/2 1106/275/2
f 1269/280/2 1106/275/2 1107/281/2
f 1159/282/2 1160/276/2 1213/279/2
f 1159/282/2 1213/279/2 1214/283/2
f 1268/284/2 1269/280/2 1107/281/2
f 1268/284/2 1107/281/2 1108/285/2
f 1158/286/2 1159/282/2 1214/283/2
f 1158/286/2 1214/283/2 1215/287/2
f 1267/288/2 1268/284/2 1108/285/2
f 1158/286/2 1215/287/2 1216/289/2
f 1266/290/2 1267/288/2 1108/285/2
f 1266/290/2 1108/285/2 1109/291/2
f 1157/292/2 1158/286/2 1216/289/2
f 1157/292/2 1216/289/2 1217/293/2
f 1265/294/2 1266/290/2 1109/291/2
f 1156/295/2 1157/292/2 1217/293/2
f 1156/295/2 1217/293/2 1218/296/2
f 1264/297/2 1265/294/2 1109/291/2
f 1264/297/2 1109/291/2 1110/298/2
f 1156/295/2 1218/296/2 1219/299/2
f 1263/300/2 1264/297/2 1110/298/2
f 1263/300/2 1110/298/2 1111/301/2
f 1155/302/2 1156/295/2 1219/299/2
f 1155/302/2 1219/299/2 1220/303/2
f 1262/304/2 1263/300/2 1111/301/2
f 1155/302/2 1220/303/2 1221/305/2
f 1261/306/2 1262/304/2 1111/301/2
f 1261/306/2 1111/301/2 1112/307/2
f 1154/308/2 1155/302/2 1221/305/2
f 1154/308/2 1221/305/2 1222/309/2
f 1260/310/2 1261/306/2 1112/307/2
f 1260/310/2 1112/307/2 1113/311/2
f 1153/312/2 1154/308/2 1222/309/2
f 1153/312/2 1222/309/2 1223/313/2
f 1259/314/2 1260/310/2 1113/311/2
f 1153/312/2 1223/313/2 1224/315/2
f 1258/316/2 1259/314/2 1113/311/2
f 1258/316/2 1113/311/2 1114/317/2
f 1152/318/2 1153/312/2 1224/315/2
f 1152/318/2 1224/315/2 1225/319/2
f 1257/320/2 1258/316/2 1114/317/2
f 1152/318/2 1225/319/2 1226/321/2
f 1256/322/2 1257/320/2 1114/317/2
f 1256/322/2 1114/317/2 1115/323/2
f 1151/324/2 1152/318/2 1226/321/2
f 1151/324/2 1226/321/2 1227/325/2
f 1255/326/2 1256/322/2 1115/323/2
f 1151/324/2 1227/325/2 1228/327/2
f 1254/328/2 1255/326/2 1115/323/2
f 1254/328/2 1115/323/2 1116/329/2
f 1150/330/2 1151/324/2 1228/327/2
f 1150/330/2 1228/327/2 1229/331/2
f 1253/332/2 1254/328/2 1116/329/2
f 1150/330/2 1229/331/2 1230/333/2
f 1252/334/2 1253/332/2 1116/329/2
f 1252/334/2 1116/329/2 1117/335/2
f 1149/336/2 1150/330/2 1230/333/2
f 1149/336/2 1230/333/2 1231/337/2
f 1251/338/2 1252/334/2 1117/335/2
f 1149/336/2 1231/337/2 1232/339/2
f 1250/340/2 1251/338/2 1117/335/2
f 1250/340/2 1117/335/2 1118/341/2
f 1148/342/2 1149/336/2 1232/339/2
f 1148/342/2 1232/339/2 1233/343/2
f 1249/344/2 1250/340/2 1118/341/2
f 1148/342/2 1233/343/2 1234/345/2
f 1248/346/2 1249/344/2 1118/341/2
f 1248/346/2 1118/341/2 1119/347/2
f 1147/348/2 1148/342/2 1234/345/2
f 1147/348/2 1234/345/2 1235/349/2
f 1247/350/2 1248/346/2 1119/347/2
f 1147/348/2 1235/349/2 1236/351/2
f 1246/352/2 1247/350/2 1119/347/2
f 1147/348/2 1236/351/2 1237/353/2
f 1245/354/2 1246/352/2 1119/347/2
f 1147/348/2 1237/353/2 1238/355/2
f 1244/356/2 1245/354/2 1119/347/2
f 1244/356/2 1119/347/2 1120/357/2
f 1146/358/2 1147/348/2 1238/355/2
f 1146/358/2 1238/355/2 1239/359/2
f 1243/360/2 1244/356/2 1120/357/2
f 1146/358/2 1239/359/2 1240/361/2
f 1242/362/2 1243/360/2 1120/357/2
f 1146/358/2 1240/361/2 1241/363/2
f 1241/363/2 1242/362/2 1120/357/2
f 1146/358/2 1241/363/2 1120/357/2
f 1146/358/2 1120/357/2 1121/364/2
f 1145/365/2 1146/358/2 1121/364/2
f 1144/366/2 1145/365/2 1121/364/2
f 1144/366/2 1121/364/2 1122/367/2
f 1143/368/2 1144/366/2 1122/367/2
f 1143/368/2 1122/367/2 1123/369/2
f 1142/370/2 1143/368/2 1123/369/2
f 1142/370/2 1123/369/2 1124/371/2
f 1141/372/2 1142/370/2 1124/371/2
f 1141/372/2 1124/371/2 1125/373/2
f 1140/374/2 1141/372/2 1125/373/2
f 1140/374/2 1125/373/2 1126/375/2
f 1139/376/2 1140/374/2 1126/375/2
f 1139/376/2 1126/375/2 1127/377/2
f 1138/378/2 1139/376/2 1127/377/2
f 1138/378/2 1127/377/2 1128/379/2
f 1137/380/2 1138/378/2 1128/379/2
f 1137/380/2 1128/379/2 1129/381/2
f 1136/382/2 1137/380/2 1129/381/2
f 1136/382/2 1129/381/2 1130/383/2
f 1135/384/2 1136/382/2 1130/383/2
f 1135/384/2 1130/383/2 1131/385/2
f 1134/386/2 1135/384/2 1131/385/2
f 1134/386/2 1131/385/2 1132/387/2
f 1133/388/2 1134/386/2 1132/387/2
f 1448/389/2 1449/391/2 1450/390/2
f 1447/392/2 1448/389/2 1450/390/2
f 1447/392/2 1450/390/2 1451/393/2
f 1446/394/2 1447/392/2 1451/393/2
f 1446/394/2 1451/393/2 1452/395/2
f 1445/396/2 1446/394/2 1452/395/2
f 1445/396/2 1452/395/2 1453/397/2
f 1444/398/2 1445/396/2 1453/397/2
f 1444/398/2 1453/397/2 1454/399/2
f 1443/400/2 1444/398/2 1454/399/2
f 1443/400/2 1454/399/2 1455/401/2
f 1442/402/2 1443/400/2 1455/401/2
f 1442/402/2 1455/401/2 1456/403/2
f 1441/404/2 1442/402/2 1456/403/2
f 1441/404/2 1456/403/2 1457/405/2
f 1440/406/2 1441/404/2 1457/405/2
f 1440/406/2 1457/405/2 1458/407/2
f 1439/408/2 1440/406/2 1303/409/2
f 1303/409/2 1440/406/2 1302/410/2
f 1302/410/2 1440/406/2 1458/407/2
f 1302/410/2 1458/407/2 1301/411/2
f 1301/411/2 1458/407/2 1459/412/2
f 1439/408/2 1303/409/2 1304/413/2
f 1300/414/2 1301/411/2 1459/412/2
f 1439/408/2 1304/413/2 1305/415/2
f 1299/416/2 1300/414/2 1459/412/2
f 1439/408/2 1305/415/2 1306/417/2
f 1298/418/2 1299/416/2 1459/412/2
f 1439/408/2 1306/417/2 1307/419/2
f 1297/420/2 1298/418/2 1459/412/2
f 1438/421/2 1439/408/2 1307/419/2
f 1297/420/2 1459/412/2 1460/422/2
f 1438/421/2 1307/419/2 1308/423/2
f 1296/424/2 1297/420/2 1460/422/2
f 1438/421/2 1308/423/2 1309/425/2
f 1295/426/2 1296/424/2 1460/422/2
f 1437/427/2 1438/421/2 1309/425/2
f 1295/426/2 1460/422/2 1461/428/2
f 1437/427/2 1309/425/2 1310/429/2
f 1294/430/2 1295/426/2 1461/428/2
f 1437/427/2 1310/429/2 1311/431/2
f 1293/432/2 1294/430/2 1461/428/2
f 1436/433/2 1437/427/2 1311/431/2
f 1293/432/2 1461/428/2 1462/434/2
f 1436/433/2 1311/431/2 1312/435/2
f 1292/436/2 1293/432/2 1462/434/2
f 1436/433/2 1312/435/2 1313/437/2
f 1291/438/2 1292/436/2 1462/434/2
f 1291/438/2 1462/434/2 1463/439/2
f 1435/440/2 1436/433/2 1313/437/2
f 1435/440/2 1313/437/2 1314/441/2
f 1290/442/2 1291/438/2 1463/439/2
f 1290/442/2 1463/439/2 1464/443/2
f 1434/444/2 1435/440/2 1314/441/2
f 1434/444/2 1314/441/2 1315/445/2
f 1289/446/2 1290/442/2 1464/443/2
f 1289/446/2 1464/443/2 1465/447/2
f 1433/448/2 1434/444/2 1315/445/2
f 1433/448/2 1315/445/2 1316/449/2
f 1288/450/2 1289/446/2 1465/447/2
f 1433/448/2 1316/449/2 1317/451/2
f 1287/452/2 1288/450/2 1465/447/2
f 1287/452/2 1465/447/2 1466/453/2
f 1432/454/2 1433/448/2 1317/451/2
f 1432/454/2 1317/451/2 1318/455/2
f 1286/456/2 1287/452/2 1466/453/2
f 1286/456/2 1466/453/2 1467/457/2
f 1431/458/2 1432/454/2 1318/455/2
f 1431/458/2 1318/455/2 1319/459/2
f 1285/460/2 1286/456/2 1467/457/2
f 1285/460/2 1467/457/2 1468/461/2
f 1430/462/2 1431/458/2 1319/459/2
f 1430/462/2 1319/459/2 1320/463/2
f 1284/464/2 1285/460/2 1468/461/2
f 1284/464/2 1468/461/2 1469/465/2
f 1429/466/2 1430/462/2 1320/463/2
f 1429/466/2 1320/463/2 1321/467/2
f 1283/468/2 1284/464/2 1469/465/2
f 1429/466/2 1321/467/2 1322/469/2
f 1282/470/2 1283/468/2 1469/465/2
f 1282/470/2 1469/465/2 1470/471/2
f 1428/472/2 1429/466/2 1322/469/2
f 1428/472/2 1322/469/2 1323/473/2
f 1281/474/2 1282/470/2 1470/471/2
f 1281/474/2 1470/471/2 1471/475/2
f 1427/476/2 1428/472/2 1323/473/2
f 1427/476/2 1323/473/2 1324/477/2
f 1280/478/2 1281/474/2 1471/475/2
f 1280/478/2 1471/475/2 1472/260/2
f 1426/479/2 1427/476/2 1324/477/2
f 1426/479/2 1324/477/2 1325/480/2
f 1279/481/2 1280/478/2 1472/260/2
f 1279/481/2 1472/260/2 1375/482/2
f 1425/483/2 1426/479/2 1325/480/2
f 1425/483/2 1325/480/2 1326/484/2
f 1278/485/2 1279/481/2 1375/482/2
f 1424/486/2 1425/483/2 1326/484/2
f 1424/486/2 1326/484/2 1327/487/2
f 1277/3/2 1278/485/2 1375/482/2
f 1277/3/2 1375/482/2 1376/488/2
f 1423/489/2 1424/486/2 1327/487/2
f 1423/489/2 1327/487/2 1328/490/2
f 1374/491/2 1277/3/2 1376/488/2
f 1374/491/2 1376/488/2 1377/492/2
f 1423/489/2 1328/490/2 1329/493/2
f 1373/494/2 1374/491/2 1377/492/2
f 1373/494/2 1377/492/2 1378/495/2
f 1422/496/2 1423/489/2 1329/493/2
f 1422/496/2 1329/493/2 1330/497/2
f 1372/498/2 1373/494/2 1378/495/2
f 1421/499/2 1422/496/2 1330/497/2
f 1372/498/2 1378/495/2 1379/500/2
f 1421/499/2 1330/497/2 1331/501/2
f 1371/502/2 1372/498/2 1379/500/2
f 1420/503/2 1421/499/2 1331/501/2
f 1371/502/2 1379/500/2 1380/504/2
f 1420/503/2 1331/501/2 1332/505/2
f 1370/506/2 1371/502/2 1380/504/2
f 1419/507/2 1420/503/2 1332/505/2
f 1370/506/2 1380/504/2 1381/508/2
f 1419/507/2 1332/505/2 1333/509/2
f 1369/510/2 1370/506/2 1381/508/2
f 1419/507/2 1333/509/2 1334/511/2
f 1368/512/2 1369/510/2 1381/508/2
f 1418/513/2 1419/507/2 1334/511/2
f 1368/512/2 1381/508/2 1382/514/2
f 1418/513/2 1334/511/2 1335/515/2
f 1367/516/2 1368/512/2 1382/514/2
f 1417/517/2 1418/513/2 1335/515/2
f 1367/516/2 1382/514/2 1383/518/2
f 1417/517/2 1335/515/2 1336/519/2
f 1366/520/2 1367/516/2 1383/518/2
f 1416/521/2 1417/517/2 1336/519/2
f 1366/520/2 1383/518/2 1384/522/2
f 1416/521/2 1336/519/2 1337/523/2
f 1365/524/2 1366/520/2 1384/522/2
f 1415/525/2 1416/521/2 1337/523/2
f 1365/524/2 1384/522/2 1385/526/2
f 1415/525/2 1337/523/2 1338/527/2
f 1364/528/2 1365/524/2 1385/526/2
f 1415/525/2 1338/527/2 1339/529/2
f 1363/530/2 1364/528/2 1385/526/2
f 1414/531/2 1415/525/2 1339/529/2
f 1363/530/2 1385/526/2 1386/532/2
f 1414/531/2 1339/529/2 1340/533/2
f 1362/534/2 1363/530/2 1386/532/2
f 1413/535/2 1414/531/2 1340/533/2
f 1362/534/2 1386/532/2 1387/536/2
f 1413/535/2 1340/533/2 1341/537/2
f 1361/538/2 1362/534/2 1387/536/2
f 1412/539/2 1413/535/2 1341/537/2
f 1361/538/2 1387/536/2 1388/540/2
f 1412/539/2 1341/537/2 1342/80/2
f 1360/541/2 1361/538/2 1388/540/2
f 1412/539/2 1342/80/2 1343/542/2
f 1359/543/2 1360/541/2 1388/540/2
f 1411/544/2 1412/539/2 1343/542/2
f 1359/543/2 1388/540/2 1389/545/2
f 1411/544/2 1343/542/2 1344/546/2
f 1358/547/2 1359/543/2 1389/545/2
f 1411/544/2 1344/546/2 1345/548/2
f 1357/549/2 1358/547/2 1389/545/2
f 1357/549/2 1389/545/2 1390/550/2
f 1410/551/2 1411/544/2 1345/548/2
f 1410/551/2 1345/548/2 1346/552/2
f 1356/553/2 1357/549/2 1390/550/2
f 1410/551/2 1346/552/2 1347/554/2
f 1355/555/2 1356/553/2 1390/550/2
f 1355/555/2 1390/550/2 1391/556/2
f 1409/557/2 1410/551/2 1347/554/2
f 1409/557/2 1347/554/2 1348/558/2
f 1354/559/2 1355/555/2 1391/556/2
f 1409/557/2 1348/558/2 1349/560/2
f 1353/561/2 1354/559/2 1391/556/2
f 1409/557/2 1349/560/2 1350/562/2
f 1352/563/2 1353/561/2 1391/556/2
f 1409/557/2 1350/562/2 1351/564/2
f 1351/564/2 1352/563/2 1391/556/2
f 1409/557/2 1351/564/2 1391/556/2
f 1409/557/2 1391/556/2 1392/565/2
f 1408/566/2 1409/557/2 1392/565/2
f 1408/566/2 1392/565/2 1393/567/2
f 1407/348/2 1408/566/2 1393/567/2
f 1407/348/2 1393/567/2 1394/568/2
f 1406/569/2 1407/348/2 1394/568/2
f 1406/569/2 1394/568/2 1395/570/2
f 1405/571/2 1406/569/2 1395/570/2
f 1404/572/2 1405/571/2 1395/570/2
f 1404/572/2 1395/570/2 1396/573/2
f 1403/574/2 1404/572/2 1396/573/2
f 1403/574/2 1396/573/2 1397/575/2
f 1402/576/2 1403/574/2 1397/575/2
f 1402/576/2 1397/575/2 1398/577/2
f 1401/578/2 1402/576/2 1398/577/2
f 1401/578/2 1398/577/2 1399/579/2
f 1400/580/2 1401/578/2 1399/579/2
f 1595/581/2 1596/583/2 1597/582/2
f 1594/584/2 1595/581/2 1597/582/2
f 1594/584/2 1597/582/2 1598/585/2
f 1593/586/2 1594/584/2 1598/585/2
f 1593/586/2 1598/585/2 1599/587/2
f 1592/588/2 1593/586/2 1599/587/2
f 1592/588/2 1599/587/2 1600/589/2
f 1591/590/2 1592/588/2 1600/589/2
f 1591/590/2 1600/589/2 1601/591/2
f 1590/592/2 1591/590/2 1601/591/2
f 1590/592/2 1601/591/2 1602/593/2
f 1589/594/2 1590/592/2 1602/593/2
f 1589/594/2 1602/593/2 1603/595/2
f 1588/596/2 1589/594/2 1603/595/2
f 1588/596/2 1603/595/2 1604/597/2
f 1587/598/2 1588/596/2 1604/597/2
f 1587/598/2 1604/597/2 1605/599/2
f 1586/600/2 1587/598/2 1605/599/2
f 1586/600/2 1605/599/2 1606/601/2
f 1585/602/2 1586/600/2 1606/601/2
f 1585/602/2 1606/601/2 1607/603/2
f 1584/604/2 1585/602/2 1607/603/2
f 1584/604/2 1607/603/2 1547/605/2
f 1547/605/2 1607/603/2 1608/606/2
f 1584/604/2 1547/605/2 1548/607/2
f 1546/608/2 1547/605/2 1608/606/2
f 1584/604/2 1548/607/2 1549/609/2
f 1545/610/2 1546/608/2 1608/606/2
f 1584/604/2 1549/609/2 1550/611/2
f 1544/612/2 1545/610/2 1608/606/2
f 1584/604/2 1550/611/2 1551/613/2
f 1543/614/2 1544/612/2 1608/606/2
f 1583/615/2 1584/604/2 1551/613/2
f 1543/614/2 1608/606/2 1609/616/2
f 1583/615/2 1551/613/2 1552/617/2
f 1542/618/2 1543/614/2 1609/616/2
f 1583/615/2 1552/617/2 1553/619/2
f 1541/620/2 1542/618/2 1609/616/2
f 1582/621/2 1583/615/2 1553/619/2
f 1582/621/2 1553/619/2 1554/622/2
f 1540/623/2 1541/620/2 1609/616/2
f 1540/623/2 1609/616/2 1610/624/2
f 1581/625/2 1582/621/2 1554/622/2
f 1581/625/2 1554/622/2 1555/626/2
f 1539/627/2 1540/623/2 1610/624/2
f 1581/625/2 1555/626/2 1556/628/2
f 1538/629/2 1539/627/2 1610/624/2
f 1580/630/2 1581/625/2 1556/628/2
f 1580/630/2 1556/628/2 1557/631/2
f 1537/632/2 1538/629/2 1610/624/2
f 1537/632/2 1610/624/2 1611/633/2
f 1579/634/2 1580/630/2 1557/631/2
f 1579/634/2 1557/631/2 1558/635/2
f 1536/636/2 1537/632/2 1611/633/2
f 1578/637/2 1579/634/2 1558/635/2
f 1536/636/2 1611/633/2 1612/638/2
f 1578/637/2 1558/635/2 1559/639/2
f 1535/640/2 1536/636/2 1612/638/2
f 1577/641/2 1578/637/2 1559/639/2
f 1577/641/2 1559/639/2 1560/642/2
f 1534/643/2 1535/640/2 1612/638/2
f 1576/644/2 1577/641/2 1560/642/2
f 1534/643/2 1612/638/2 1613/645/2
f 1576/644/2 1560/642/2 1561/646/2
f 1533/647/2 1534/643/2 1613/645/2
f 1575/648/2 1576/644/2 1561/646/2
f 1575/648/2 1561/646/2 1562/649/2
f 1575/648/2 1562/649/2 1563/650/2
f 1574/80/2 1575/648/2 1563/650/2
f 1532/651/2 1533/647/2 1613/645/2
f 1532/651/2 1613/645/2 1614/652/2
f 1574/80/2 1563/650/2 1564/653/2
f 1573/654/2 1574/80/2 1564/653/2
f 1573/654/2 1564/653/2 1565/655/2
f 1531/656/2 1532/651/2 1614/652/2
f 1573/654/2 1565/655/2 1566/657/2
f 1531/656/2 1614/652/2 1615/658/2
f 1572/659/2 1573/654/2 1566/657/2
f 1572/659/2 1566/657/2 1567/660/2
f 1530/661/2 1531/656/2 1615/658/2
f 1571/662/2 1572/659/2 1570/663/2
f 1570/663/2 1572/659/2 1569/664/2
f 1569/664/2 1572/659/2 1568/665/2
f 1568/665/2 1572/659/2 1567/660/2
f 1529/666/2 1530/661/2 1615/658/2
f 1529/666/2 1615/658/2 1616/667/2
f 1528/668/2 1529/666/2 1616/667/2
f 1528/668/2 1616/667/2 1617/669/2
f 1527/670/2 1528/668/2 1617/669/2
f 1527/670/2 1617/669/2 1618/671/2
f 1526/672/2 1527/670/2 1618/671/2
f 1525/673/2 1526/672/2 1618/671/2
f 1525/673/2 1618/671/2 1619/674/2
f 1524/675/2 1525/673/2 1619/674/2
f 1524/675/2 1619/674/2 1620/676/2
f 1523/677/2 1524/675/2 1620/676/2
f 1522/678/2 1523/677/2 1620/676/2
f 1522/678/2 1620/676/2 1621/679/2
f 1521/680/2 1522/678/2 1621/679/2
f 1521/680/2 1621/679/2 1622/681/2
f 1520/682/2 1521/680/2 1622/681/2
f 1520/682/2 1622/681/2 1623/683/2
f 1519/684/2 1520/682/2 1623/683/2
f 1518/685/2 1519/684/2 1623/683/2
f 1518/685/2 1623/683/2 1624/686/2
f 1517/687/2 1518/685/2 1624/686/2
f 1517/687/2 1624/686/2 1625/688/2
f 1516/689/2 1517/687/2 1625/688/2
f 1516/689/2 1625/688/2 1626/690/2
f 1515/691/2 1516/689/2 1626/690/2
f 1514/692/2 1515/691/2 1626/690/2
f 1514/692/2 1626/690/2 1627/693/2
f 1513/694/2 1514/692/2 1627/693/2
f 1513/694/2 1627/693/2 1628/695/2
f 1512/696/2 1513/694/2 1628/695/2
f 1512/696/2 1628/695/2 1629/697/2
f 1511/698/2 1512/696/2 1629/697/2
f 1510/699/2 1511/698/2 1629/697/2
f 1510/699/2 1629/697/2 1630/700/2
f 1509/701/2 1510/699/2 1630/700/2
f 1509/701/2 1630/700/2 1631/702/2
f 1508/703/2 1509/701/2 1631/702/2
f 1508/703/2 1631/702/2 1632/704/2
f 1507/705/2 1508/703/2 1632/704/2
f 1506/706/2 1507/705/2 1632/704/2
f 1506/706/2 1632/704/2 1633/707/2
f 1505/708/2 1506/706/2 1633/707/2
f 1505/708/2 1633/707/2 1634/709/2
f 1504/710/2 1505/708/2 1634/709/2
f 1503/711/2 1504/710/2 1634/709/2
f 1503/711/2 1634/709/2 1635/712/2
f 1502/713/2 1503/711/2 1635/712/2
f 1501/714/2 1502/713/2 1635/712/2
f 1501/714/2 1635/712/2 1636/715/2
f 1500/716/2 1501/714/2 1636/715/2
f 1499/717/2 1500/716/2 1636/715/2
f 1499/717/2 1636/715/2 1637/718/2
f 1498/719/2 1499/717/2 1637/718/2
f 1497/720/2 1498/719/2 1637/718/2
f 1496/721/2 1497/720/2 1637/718/2
f 1496/721/2 1637/718/2 1638/722/2
f 1495/723/2 1496/721/2 1638/722/2
f 1494/724/2 1495/723/2 1638/722/2
f 1493/725/2 1494/724/2 1638/722/2
f 1492/726/2 1493/725/2 1638/722/2
f 1492/726/2 1638/722/2 1639/727/2
f 1491/728/2 1492/726/2 1639/727/2
f 1490/729/2 1491/728/2 1639/727/2
f 1489/730/2 1490/729/2 1639/727/2
f 1488/731/2 1489/730/2 1639/727/2
f 1487/732/2 1488/731/2 1639/727/2
f 1486/733/2 1487/732/2 1639/727/2
f 1486/733/2 1639/727/2 1640/734/2
f 1486/733/2 1640/734/2 1641/735/2
f 1486/733/2 1641/735/2 1642/736/2
f 1486/733/2 1642/736/2 1643/737/2
f 1486/733/2 1643/737/2 1644/738/2
f 1486/733/2 1644/738/2 1645/739/2
f 1486/733/2 1645/739/2 1646/740/2
f 1486/733/2 1646/740/2 1647/741/2
f 1486/733/2 1647/741/2 1648/742/2
f 1486/733/2 1648/742/2 1649/743/2
f 1486/733/2 1649/743/2 1650/744/2
f 1485/745/2 1486/733/2 1650/744/2
f 1484/746/2 1485/745/2 1650/744/2
f 1484/746/2 1650/744/2 1651/747/2
f 1483/748/2 1484/746/2 1651/747/2
f 1482/749/2 1483/748/2 1651/747/2
f 1482/749/2 1651/747/2 1652/750/2
f 1481/751/2 1482/749/2 1652/750/2
f 1481/751/2 1652/750/2 1653/752/2
f 1480/753/2 1481/751/2 1653/752/2
f 1480/753/2 1653/752/2 1654/754/2
f 1479/755/2 1480/753/2 1654/754/2
f 1478/756/2 1479/755/2 1654/754/2
f 1478/756/2 1654/754/2 1655/757/2
f 1477/758/2 1478/756/2 1655/757/2
f 1477/758/2 1655/757/2 1656/759/2
f 1476/760/2 1477/758/2 1656/759/2
f 1476/760/2 1656/759/2 1657/761/2
f 1475/762/2 1476/760/2 1657/761/2
f 1475/762/2 1657/761/2 1658/763/2
f 1474/764/2 1475/762/2 1658/763/2
f 1473/3/2 1474/764/2 1658/763/2
f 1473/3/2 1658/763/2 1659/765/2
f 1776/260/2 1473/3/2 1659/765/2
f 1776/260/2 1659/765/2 1660/766/2
f 1775/767/2 1776/260/2 1660/766/2
f 1775/767/2 1660/766/2 1661/768/2
f 1774/769/2 1775/767/2 1661/768/2
f 1773/770/2 1774/769/2 1661/768/2
f 1773/770/2 1661/768/2 1662/771/2
f 1772/772/2 1773/770/2 1662/771/2
f 1772/772/2 1662/771/2 1663/773/2
f 1771/774/2 1772/772/2 1663/773/2
f 1771/774/2 1663/773/2 1664/775/2
f 1770/776/2 1771/774/2 1664/775/2
f 1770/776/2 1664/775/2 1665/777/2
f 1769/778/2 1770/776/2 1665/777/2
f 1768/779/2 1769/778/2 1665/777/2
f 1768/779/2 1665/777/2 1666/780/2
f 1767/781/2 1768/779/2 1666/780/2
f 1767/781/2 1666/780/2 1667/782/2
f 1766/783/2 1767/781/2 1667/782/2
f 1766/783/2 1667/782/2 1668/784/2
f 1765/785/2 1766/783/2 1668/784/2
f 1764/786/2 1765/785/2 1668/784/2
f 1764/786/2 1668/784/2 1669/787/2
f 1763/788/2 1764/786/2 1669/787/2
f 1763/788/2 1669/787/2 1670/789/2
f 1716/790/2 1717/792/2 1718/791/2
f 1762/793/2 1763/788/2 1670/789/2
f 1716/790/2 1718/791/2 1719/794/2
f 1762/793/2 1670/789/2 1671/795/2
f 1715/796/2 1716/790/2 1719/794/2
f 1761/797/2 1762/793/2 1671/795/2
f 1715/796/2 1719/794/2 1720/798/2
f 1761/797/2 1671/795/2 1672/799/2
f 1714/800/2 1715/796/2 1720/798/2
f 1760/801/2 1761/797/2 1672/799/2
f 1714/800/2 1720/798/2 1721/802/2
f 1713/803/2 1714/800/2 1721/802/2
f 1759/804/2 1760/801/2 1672/799/2
f 1759/804/2 1672/799/2 1673/805/2
f 1713/803/2 1721/802/2 1722/806/2
f 1713/803/2 1722/806/2 1723/807/2
f 1758/808/2 1759/804/2 1673/805/2
f 1712/809/2 1713/803/2 1723/807/2
f 1758/808/2 1673/805/2 1674/810/2
f 1712/809/2 1723/807/2 1724/811/2
f 1757/812/2 1758/808/2 1674/810/2
f 1711/813/2 1712/809/2 1724/811/2
f 1757/812/2 1674/810/2 1675/348/2
f 1711/813/2 1724/811/2 1725/814/2
f 1756/815/2 1757/812/2 1675/348/2
f 1710/816/2 1711/813/2 1725/814/2
f 1710/816/2 1725/814/2 1726/817/2
f 1756/815/2 1675/348/2 1676/818/2
f 1755/819/2 1756/815/2 1676/818/2
f 1709/820/2 1710/816/2 1726/817/2
f 1709/820/2 1726/817/2 1727/821/2
f 1754/822/2 1755/819/2 1676/818/2
f 1708/823/2 1709/820/2 1727/821/2
f 1708/823/2 1727/821/2 1728/824/2
f 1754/822/2 1676/818/2 1677/825/2
f 1753/826/2 1754/822/2 1677/825/2
f 1708/823/2 1728/824/2 1729/827/2
f 1707/828/2 1708/823/2 1729/827/2
f 1753/826/2 1677/825/2 1678/829/2
f 1707/828/2 1729/827/2 1730/830/2
f 1752/831/2 1753/826/2 1678/829/2
f 1706/832/2 1707/828/2 1730/830/2
f 1706/832/2 1730/830/2 1731/833/2
f 1751/834/2 1752/831/2 1678/829/2
f 1751/834/2 1678/829/2 1679/835/2
f 1705/836/2 1706/832/2 1731/833/2
f 1705/836/2 1731/833/2 1732/837/2
f 1750/838/2 1751/834/2 1679/835/2
f 1750/838/2 1679/835/2 1680/839/2
f 1704/840/2 1705/836/2 1732/837/2
f 1704/840/2 1732/837/2 1733/841/2
f 1749/842/2 1750/838/2 1680/839/2
f 1704/840/2 1733/841/2 1734/843/2
f 1748/844/2 1749/842/2 1680/839/2
f 1703/845/2 1704/840/2 1734/843/2
f 1748/844/2 1680/839/2 1681/846/2
f 1703/845/2 1734/843/2 1735/847/2
f 1747/848/2 1748/844/2 1681/846/2
f 1703/845/2 1735/847/2 1736/849/2
f 1746/850/2 1747/848/2 1681/846/2
f 1702/851/2 1703/845/2 1736/849/2
f 1746/850/2 1681/846/2 1682/852/2
f 1702/851/2 1736/849/2 1737/853/2
f 1745/854/2 1746/850/2 1682/852/2
f 1702/851/2 1737/853/2 1738/855/2
f 1744/856/2 1745/854/2 1682/852/2
f 1702/851/2 1738/855/2 1739/857/2
f 1743/858/2 1744/856/2 1682/852/2
f 1702/851/2 1739/857/2 1740/859/2
f 1742/860/2 1743/858/2 1682/852/2
f 1701/861/2 1702/851/2 1740/859/2
f 1742/860/2 1682/852/2 1683/862/2
f 1701/861/2 1740/859/2 1741/863/2
f 1741/863/2 1742/860/2 1683/862/2
f 1701/861/2 1741/863/2 1683/862/2
f 1700/864/2 1701/861/2 1683/862/2
f 1700/864/2 1683/862/2 1684/865/2
f 1699/866/2 1700/864/2 1684/865/2
f 1699/866/2 1684/865/2 1685/867/2
f 1698/868/2 1699/866/2 1685/867/2
f 1698/868/2 1685/867/2 1686/869/2
f 1697/870/2 1698/868/2 1686/869/2
f 1697/870/2 1686/869/2 1687/871/2
f 1696/872/2 1697/870/2 1687/871/2
f 1696/872/2 1687/871/2 1688/873/2
f 1695/874/2 1696/872/2 1688/873/2
f 1695/874/2 1688/873/2 1689/875/2
f 1694/876/2 1695/874/2 1689/875/2
f 1694/876/2 1689/875/2 1690/877/2
f 1693/878/2 1694/876/2 1690/877/2
f 1693/878/2 1690/877/2 1691/879/2
f 1692/880/2 1693/878/2 1691/879/2
s 1
f 1778/881/3 1780/882/4 1779/883/4 1777/3/3
f 1780/882/4 1782/884/5 1781/885/5 1779/883/4
f 1782/884/5 1784/886/6 1783/887/6 1781/885/5
f 1784/886/6 1786/888/7 1785/889/7 1783/887/6
f 1786/888/7 1788/890/8 1787/891/8 1785/889/7
f 1788/890/8 1790/892/9 1789/893/9 1787/891/8
f 1790/892/9 1792/894/10 1791/895/10 1789/893/9
f 1792/894/10 1794/896/11 1793/897/11 1791/895/10
f 1794/896/11 1796/898/12 1795/899/12 1793/897/11
f 1796/898/12 1798/900/13 1797/901/13 1795/899/12
f 1798/900/13 1800/902/14 1799/903/14 1797/901/13
f 1800/902/14 1802/904/15 1801/905/15 1799/903/14
f 1802/904/15 1804/906/16 1803/907/16 1801/905/15
f 1804/906/16 1806/908/17 1805/909/17 1803/907/16
f 1806/908/17 1808/910/18 1807/911/18 1805/909/17
f 1808/910/18 1810/912/19 1809/913/19 1807/911/18
f 1810/912/19 1812/914/20 1811/915/20 1809/913/19
f 1812/914/20 1814/916/21 1813/917/21 1811/915/20
f 1814/916/21 1816/918/22 1815/919/22 1813/917/21
f 1816/918/22 1818/920/23 1817/921/23 1815/919/22
f 1818/920/23 1820/922/24 1819/923/24 1817/921/23
f 1820/922/24 1822/924/25 1821/925/25 1819/923/24
f 1822/924/25 1824/926/26 1823/927/26 1821/925/25
f 1824/926/26 1826/928/27 1825/929/27 1823/927/26
f 1826/928/27 1828/930/28 1827/931/28 1825/929/27
f 1828/930/28 1830/932/29 1829/933/29 1827/931/28
f 1830/932/29 1832/934/30 1831/935/30 1829/933/29
f 1832/934/30 1834/936/31 1833/937/31 1831/935/30
f 1834/936/31 1836/938/32 1835/939/32 1833/937/31
f 1836/938/32 1838/940/33 1837/941/33 1835/939/32
f 1838/940/33 1840/942/34 1839/943/34 1837/941/33
f 1840/942/34 1842/944/35 1841/945/35 1839/943/34
f 1842/944/35 1844/946/36 1843/947/36 1841/945/35
f 1844/946/36 1846/948/37 1845/949/37 1843/947/36
f 1846/948/37 1848/950/38 1847/951/38 1845/949/37
f 1848/950/38 1850/952/39 1849/953/39 1847/951/38
f 1850/952/39 1852/954/40 1851/955/40 1849/953/39
f 1852/954/40 1854/956/41 1853/957/41 1851/955/40
f 1854/956/41 1856/958/42 1855/959/42 1853/957/41
f 1856/958/42 1858/960/43 1857/961/43 1855/959/42
f 1858/960/43 1860/962/44 1859/963/44 1857/961/43
f 1860/962/44 1862/964/45 1861/965/45 1859/963/44
f 1862/964/45 1864/966/46 1863/967/46 1861/965/45
f 1864/966/46 1866/968/47 1865/969/47 1863/967/46
f 1866/968/47 1868/970/48 1867/971/48 1865/969/47
f 1868/970/48 1870/972/49 1869/973/49 1867/971/48
f 1870/972/49 1872/974/50 1871/975/50 1869/973/49
f 1872/974/50 1874/976/51 1873/977/51 1871/975/50
f 1874/976/51 1876/978/52 1875/979/52 1873/977/51
f 1876/978/52 1878/980/53 1877/981/53 1875/979/52
f 1878/980/53 1880/982/54 1879/983/54 1877/981/53
f 1880/982/54 1882/984/55 1881/985/55 1879/983/54
f 1882/984/55 1884/986/56 1883/987/56 1881/985/55
f 1884/986/56 1886/988/57 1885/989/57 1883/987/56
f 1886/988/57 1888/990/58 1887/991/58 1885/989/57
f 1888/990/58 1890/992/59 1889/993/59 1887/991/58
f 1890/992/59 1892/994/60 1891/995/60 1889/993/59
f 1892/994/60 1894/996/61 1893/997/61 1891/995/60
f 1894/996/61 1896/998/62 1895/999/62 1893/997/61
f 1896/998/62 1898/1000/63 1897/1001/63 1895/999/62
f 1898/1000/63 1900/1002/64 1899/1003/64 1897/1001/63
f 1900/1002/64 1902/1004/65 1901/1005/65 1899/1003/64
f 1902/1004/65 1904/1006/66 1903/1007/66 1901/1005/65
f 1904/1006/66 1906/1008/67 1905/1009/67 1903/1007/66
f 1906/1008/67 1908/1010/68 1907/1011/68 1905/1009/67
f 1908/1010/68 1910/1012/69 1909/1013/69 1907/1011/68
f 1910/1012/69 1912/1014/70 1911/1015/70 1909/1013/69
f 1912/1014/70 1914/1016/71 1913/1017/71 1911/1015/70
f 1914/1016/71 1916/1018/72 1915/1019/72 1913/1017/71
f 1916/1018/72 1918/1020/73 1917/1021/73 1915/1019/72
f 1918/1020/73 1920/1022/74 1919/1023/74 1917/1021/73
f 1920/1022/74 1922/1024/75 1921/1025/75 1919/1023/74
f 1922/1024/75 1924/1026/76 1923/1027/76 1921/1025/75
f 1924/1026/76 1926/1028/77 1925/1029/77 1923/1027/76
f 1926/1028/77 1928/1030/78 1927/1031/78 1925/1029/77
f 1928/1030/78 1930/1032/79 1929/1033/79 1927/1031/78
f 1930/1032/79 1932/1034/80 1931/1035/80 1929/1033/79
f 1932/1034/80 1934/1036/81 1933/1037/81 1931/1035/80
f 1934/1036/81 1936/1038/82 1935/1039/82 1933/1037/81
f 1936/1038/82 1938/1040/83 1937/1041/83 1935/1039/82
f 1938/1040/83 1940/1042/84 1939/1043/84 1937/1041/83
f 1940/1042/84 1942/1044/85 1941/1045/85 1939/1043/84
f 1942/1044/85 1944/1046/86 1943/1047/86 1941/1045/85
f 1944/1046/86 1946/1048/87 1945/1049/87 1943/1047/86
f 1946/1048/87 1948/1050/88 1947/1051/88 1945/1049/87
f 1948/1050/88 1950/1052/89 1949/1053/89 1947/1051/88
f 1950/1052/89 1952/1054/90 1951/1055/90 1949/1053/89
f 1952/1054/90 1954/1056/91 1953/1057/91 1951/1055/90
f 1954/1056/91 1956/1058/92 1955/1059/92 1953/1057/91
f 1956/1058/92 1958/1060/93 1957/1061/93 1955/1059/92
f 1958/1060/93 1960/1062/94 1959/1063/94 1957/1061/93
f 1960/1062/94 1962/1064/95 1961/1065/95 1959/1063/94
f 1962/1064/95 1964/1066/96 1963/1067/96 1961/1065/95
f 1964/1066/96 1966/1068/97 1965/1069/97 1963/1067/96
f 1966/1068/97 1968/1070/98 1967/1071/98 1965/1069/97
f 1968/1070/98 1970/1072/99 1969/1073/99 1967/1071/98
f 1970/1072/99 1972/1074/100 1971/1075/100 1969/1073/99
f 1972/1074/100 1974/1076/101 1973/1077/101 1971/1075/100
f 1974/1076/101 1976/1078/102 1975/1079/102 1973/1077/101
f 1976/1078/102 1978/1080/103 1977/1081/103 1975/1079/102
f 1978/1080/103 1980/1082/104 1979/1083/104 1977/1081/103
f 1980/1082/104 1982/1084/105 1981/1085/105 1979/1083/104
f 1982/1084/105 1984/1086/106 1983/1087/106 1981/1085/105
f 1984/1086/106 1986/1088/107 1985/1089/107 1983/1087/106
f 1986/1088/107 1988/1090/108 1987/1091/108 1985/1089/107
f 1988/1090/108 1990/1092/109 1989/1093/109 1987/1091/108
f 1990/1092/109 1992/1094/110 1991/1095/110 1989/1093/109
f 1992/1094/110 1994/1096/111 1993/1097/111 1991/1095/110
f 1994/1096/111 1996/1098/112 1995/1099/112 1993/1097/111
f 1996/1098/112 1998/1100/113 1997/1101/113 1995/1099/112
f 1998/1100/113 2000/1102/114 1999/1103/114 1997/1101/113
f 2000/1102/114 2002/1104/115 2001/1105/115 1999/1103/114
f 2002/1104/115 2004/1106/116 2003/1107/116 2001/1105/115
f 2004/1106/116 2006/1108/117 2005/1109/117 2003/1107/116
f 2006/1108/117 2008/1110/118 2007/1111/118 2005/1109/117
f 2008/1110/118 2010/1112/119 2009/1113/119 2007/1111/118
f 2010/1112/119 2012/1114/120 2011/1115/120 2009/1113/119
f 2012/1114/120 2014/1116/121 2013/1117/121 2011/1115/120
f 2014/1116/121 2016/1118/122 2015/1119/122 2013/1117/121
f 2016/1118/122 2018/1120/123 2017/1121/123 2015/1119/122
f 2018/1120/123 2020/1122/124 2019/1123/124 2017/1121/123
f 2020/1122/124 2022/1124/125 2021/1125/125 2019/1123/124
f 2022/1124/125 2024/1126/126 2023/1127/126 2021/1125/125
f 2024/1126/126 2026/1128/127 2025/1129/127 2023/1127/126
f 2026/1128/127 2028/1130/128 2027/1131/128 2025/1129/127
f 2028/1130/128 2030/1132/129 2029/1133/129 2027/1131/128
f 2030/1132/129 2032/1134/130 2031/1135/130 2029/1133/129
f 2032/1134/130 2034/1136/131 2033/1137/131 2031/1135/130
f 2034/1136/131 2036/1138/132 2035/1139/132 2033/1137/131
f 2036/1138/132 2038/1140/133 2037/1141/133 2035/1139/132
f 2038/1140/133 2040/1142/134 2039/1143/134 2037/1141/133
f 2040/1142/134 2042/1144/135 2041/1145/135 2039/1143/134
f 2042/1144/135 2044/1146/136 2043/1147/136 2041/1145/135
f 2044/1146/136 2046/1148/137 2045/1149/137 2043/1147/136
f 2046/1148/137 2048/1150/138 2047/1151/138 2045/1149/137
f 2048/1150/138 2050/1152/139 2049/1153/139 2047/1151/138
f 2050/1152/139 2052/1154/140 2051/1155/140 2049/1153/139
f 2052/1154/140 2054/1156/141 2053/1157/141 2051/1155/140
f 2054/1156/141 2056/1158/142 2055/1159/142 2053/1157/141
f 2056/1158/142 2058/1160/143 2057/1161/143 2055/1159/142
f 2058/1160/143 2060/1162/144 2059/1163/144 2057/1161/143
f 2060/1162/144 2062/1164/145 2061/1165/145 2059/1163/144
f 2062/1164/145 2064/1166/146 2063/1167/146 2061/1165/145
f 2064/1166/146 2066/1168/147 2065/1169/147 2063/1167/146
f 2066/1168/147 2068/1170/148 2067/1171/148 2065/1169/147
f 2068/1170/148 2070/1172/149 2069/1173/149 2067/1171/148
f 2070/1172/149 2072/1174/150 2071/1175/150 2069/1173/149
f 2072/1174/150 2074/1176/151 2073/1177/151 2071/1175/150
f 2074/1176/151 2076/1178/152 2075/1179/152 2073/1177/151
f 2076/1178/152 2078/1180/153 2077/1181/153 2075/1179/152
f 2078/1180/153 2080/1182/154 2079/1183/154 2077/1181/153
f 2080/1182/154 2082/1184/155 2081/1185/155 2079/1183/154
f 2082/1184/155 2084/1186/156 2083/1187/156 2081/1185/155
f 2084/1186/156 2086/1188/157 2085/1189/157 2083/1187/156
f 2086/1188/157 2088/1190/158 2087/1191/158 2085/1189/157
f 2088/1190/158 2090/1192/159 2089/1193/159 2087/1191/158
f 2090/1192/159 2092/1194/94 2091/1195/94 2089/1193/159
f 2092/1194/94 2094/1196/160 2093/1197/160 2091/1195/94
f 2094/1196/160 2096/1198/161 2095/1199/161 2093/1197/160
f 2096/1198/161 2098/1200/162 2097/1201/162 2095/1199/161
f 2098/1200/162 2100/1202/163 2099/1203/163 2097/1201/162
f 2100/1202/163 2102/1204/164 2101/1205/164 2099/1203/163
f 2102/1204/164 2104/1206/165 2103/1207/165 2101/1205/164
f 2104/1206/165 2106/1208/166 2105/1209/166 2103/1207/165
f 2106/1208/166 2108/1210/167 2107/1211/167 2105/1209/166
f 2108/1210/167 2110/1212/168 2109/1213/168 2107/1211/167
f 2110/1212/168 2112/1214/169 2111/1215/169 2109/1213/168
f 2112/1214/169 2114/1216/170 2113/1217/170 2111/1215/169
f 2114/1216/170 2116/1218/171 2115/1219/171 2113/1217/170
f 2116/1218/171 2118/1220/172 2117/1221/172 2115/1219/171
f 2118/1220/172 2120/1222/173 2119/1223/173 2117/1221/172
f 2120/1222/173 2122/1224/174 2121/1225/174 2119/1223/173
f 2122/1224/174 2124/1226/175 2123/1227/175 2121/1225/174
f 2124/1226/175 2126/1228/176 2125/1229/176 2123/1227/175
f 2126/1228/176 2128/1230/177 2127/1231/177 2125/1229/176
f 2128/1230/177 2130/1232/178 2129/1233/178 2127/1231/177
f 2130/1232/178 2132/1234/179 2131/1235/179 2129/1233/178
f 2132/1234/179 2134/1236/180 2133/1237/180 2131/1235/179
f 2134/1236/180 2136/1238/181 2135/1239/181 2133/1237/180
f 2136/1238/181 2138/1240/182 2137/1241/182 2135/1239/181
f 2138/1240/182 2140/1242/183 2139/1243/183 2137/1241/182
f 2140/1242/183 2142/1244/184 2141/1245/184 2139/1243/183
f 2142/1244/184 2144/1246/185 2143/1247/185 2141/1245/184
f 2144/1246/185 2146/1248/186 2145/1249/186 2143/1247/185
f 2146/1248/186 2148/1250/187 2147/1251/187 2145/1249/186
f 2148/1250/187 2150/1252/188 2149/1253/188 2147/1251/187
f 2150/1252/188 2152/1254/189 2151/1255/189 2149/1253/188
f 2152/1254/189 2154/1256/190 2153/1257/190 2151/1255/189
f 2154/1256/190 2156/1258/191 2155/1259/191 2153/1257/190
f 2156/1258/191 2158/1260/192 2157/1261/192 2155/1259/191
f 2158/1260/192 2160/1262/193 2159/1263/193 2157/1261/192
f 2160/1262/193 2162/1264/194 2161/1265/194 2159/1263/193
f 2162/1264/194 2164/1266/195 2163/1267/195 2161/1265/194
f 2164/1266/195 2166/1268/196 2165/1269/196 2163/1267/195
f 2166/1268/196 2168/1270/197 2167/1271/197 2165/1269/196
f 2168/1270/197 2170/1272/198 2169/1273/198 2167/1271/197
f 2170/1272/198 2172/1274/199 2171/1275/199 2169/1273/198
f 2172/1274/199 2174/1276/200 2173/1277/200 2171/1275/199
f 2174/1276/200 2176/1278/201 2175/1279/201 2173/1277/200
f 2176/1278/201 2178/1280/202 2177/1281/202 2175/1279/201
f 2178/1280/202 2180/1282/203 2179/1283/203 2177/1281/202
f 2180/1282/203 2182/1284/204 2181/1285/204 2179/1283/203
f 2182/1284/204 2184/1286/205 2183/1287/205 2181/1285/204
f 2184/1286/205 2186/1288/206 2185/1289/206 2183/1287/205
f 2186/1288/206 2188/1290/207 2187/1291/207 2185/1289/206
f 2188/1290/207 2190/1292/208 2189/1293/208 2187/1291/207
f 2190/1292/208 2192/1294/209 2191/1295/209 2189/1293/208
f 2192/1294/209 2194/1296/210 2193/1297/210 2191/1295/209
f 2194/1296/210 2196/1298/211 2195/1299/211 2193/1297/210
f 2196/1298/211 2198/1300/212 2197/1301/212 2195/1299/211
f 2198/1300/212 2200/1302/213 2199/1303/213 2197/1301/212
f 2200/1302/213 2202/1304/214 2201/1305/214 2199/1303/213
f 2202/1304/214 2204/1306/215 2203/1307/215 2201/1305/214
f 2204/1306/215 2206/1308/216 2205/1309/216 2203/1307/215
f 2206/1308/216 2208/1310/217 2207/1311/217 2205/1309/216
f 2208/1310/217 2210/1312/218 2209/1313/218 2207/1311/217
f 2210/1312/218 2212/1314/219 2211/1315/219 2209/1313/218
f 2212/1314/219 2214/1316/220 2213/1317/220 2211/1315/219
f 2214/1316/220 2216/1318/221 2215/1319/221 2213/1317/220
f 2216/1318/221 2218/1320/222 2217/1321/222 2215/1319/221
f 2218/1320/222 2220/1322/223 2219/1323/223 2217/1321/222
f 2220/1322/223 2222/1324/224 2221/1325/224 2219/1323/223
f 2222/1324/224 2224/1326/225 2223/1327/225 2221/1325/224
f 2224/1326/225 2226/1328/226 2225/1329/226 2223/1327/225
f 2226/1328/226 2228/1330/227 2227/1331/227 2225/1329/226
f 2228/1330/227 2230/1332/228 2229/1333/228 2227/1331/227
f 2230/1332/228 2232/1334/229 2231/1335/229 2229/1333/228
f 2232/1334/229 2234/1336/230 2233/1337/230 2231/1335/229
f 2234/1336/230 2236/1338/231 2235/1339/231 2233/1337/230
f 2236/1338/231 2238/1340/232 2237/1341/232 2235/1339/231
f 2238/1340/232 2240/1342/233 2239/1343/233 2237/1341/232
f 2240/1342/233 2242/1344/234 2241/1345/234 2239/1343/233
f 2242/1344/234 2244/1346/235 2243/1347/235 2241/1345/234
f 2244/1346/235 2246/1348/236 2245/1349/236 2243/1347/235
f 2246/1348/236 2248/1350/237 2247/1351/237 2245/1349/236
f 2248/1350/237 2250/1352/238 2249/1353/238 2247/1351/237
f 2250/1352/238 2252/1354/239 2251/1355/239 2249/1353/238
f 2252/1354/239 2254/1356/240 2253/1357/240 2251/1355/239
f 2254/1356/240 2256/1358/241 2255/1359/241 2253/1357/240
f 2256/1358/241 2258/1360/242 2257/1361/242 2255/1359/241
f 2258/1360/242 2260/1362/243 2259/1363/243 2257/1361/242
f 2260/1362/243 2262/1364/244 2261/1365/244 2259/1363/243
f 2262/1364/244 2264/1366/245 2263/1367/245 2261/1365/244
f 2264/1366/245 2266/1368/246 2265/1369/246 2263/1367/245
f 2266/1368/246 2268/1370/247 2267/1371/247 2265/1369/246
f 2268/1370/247 2270/1372/248 2269/1373/248 2267/1371/247
f 2270/1372/248 2272/1374/249 2271/1375/249 2269/1373/248
f 2272/1374/249 2274/1376/250 2273/1377/250 2271/1375/249
f 2274/1376/250 2276/1378/251 2275/1379/251 2273/1377/250
f 2276/1378/251 2278/1380/252 2277/1381/252 2275/1379/251
f 2278/1380/252 2280/1382/253 2279/1383/253 2277/1381/252
f 2280/1382/253 2282/1384/254 2281/1385/254 2279/1383/253
f 2282/1384/254 2284/1386/255 2283/1387/255 2281/1385/254
f 2284/1386/255 2286/1388/256 2285/1389/256 2283/1387/255
f 2286/1388/256 2288/1390/257 2287/1391/257 2285/1389/256
f 2288/1390/257 2290/1392/258 2289/1393/258 2287/1391/257
f 2290/1392/258 2292/1394/259 2291/1395/259 2289/1393/258
f 2292/1394/259 2294/1396/260 2293/1397/260 2291/1395/259
f 2294/1396/260 2296/1398/261 2295/1399/261 2293/1397/260
f 2296/1398/261 2298/1400/262 2297/1401/262 2295/1399/261
f 2298/1400/262 2300/1402/263 2299/1403/263 2297/1401/262
f 2300/1402/263 2302/1404/264 2301/1405/264 2299/1403/263
f 2302/1404/264 2304/1406/265 2303/1407/265 2301/1405/264
f 2304/1406/265 2306/1408/266 2305/1409/266 2303/1407/265
f 2306/1408/266 2308/1410/267 2307/1411/267 2305/1409/266
f 2308/1410/267 2310/1412/268 2309/1413/268 2307/1411/267
f 2310/1412/268 2312/1414/269 2311/1415/269 2309/1413/268
f 2312/1414/269 2314/1416/270 2313/1417/270 2311/1415/269
f 2314/1416/270 2316/1418/271 2315/1419/271 2313/1417/270
f 2316/1418/271 2318/1420/272 2317/1421/272 2315/1419/271
f 2318/1420/272 2320/1422/273 2319/1423/273 2317/1421/272
f 2320/1422/273 2322/1424/274 2321/1425/274 2319/1423/273
f 2322/1424/274 2324/1426/275 2323/1427/275 2321/1425/274
f 2324/1426/275 2326/1428/276 2325/1429/276 2323/1427/275
f 2326/1428/276 2328/1430/277 2327/1431/277 2325/1429/276
f 2328/1430/277 2330/1432/278 2329/1433/278 2327/1431/277
f 2330/1432/278 2332/1434/279 2331/1435/279 2329/1433/278
f 2332/1434/279 2334/1436/280 2333/1437/280 2331/1435/279
f 2334/1436/280 2336/1438/281 2335/1439/281 2333/1437/280
f 2336/1438/281 2338/1440/282 2337/1441/282 2335/1439/281
f 2338/1440/282 2340/1442/283 2339/1443/283 2337/1441/282
f 2340/1442/283 2342/1444/284 2341/1445/284 2339/1443/283
f 2342/1444/284 2344/1446/285 2343/1447/285 2341/1445/284
f 2344/1446/285 2346/1448/286 2345/1449/286 2343/1447/285
f 2346/1448/286 2348/1450/287 2347/1451/287 2345/1449/286
f 2348/1450/287 2350/1452/288 2349/1453/288 2347/1451/287
f 2350/1452/288 2352/1454/289 2351/1455/289 2349/1453/288
f 2352/1454/289 2354/1456/290 2353/1457/290 2351/1455/289
f 2354/1456/290 2356/1458/291 2355/1459/291 2353/1457/290
f 2356/1458/291 2358/1460/292 2357/1461/292 2355/1459/291
f 2358/1460/292 2360/1462/293 2359/1463/293 2357/1461/292
f 2360/1462/293 2362/1464/294 2361/1465/294 2359/1463/293
f 2362/1464/294 2364/1466/295 2363/1467/295 2361/1465/294
f 2364/1466/295 2366/1468/296 2365/1469/296 2363/1467/295
f 2366/1468/296 2368/1470/297 2367/1471/297 2365/1469/296
f 2368/1470/297 2370/1472/298 2369/1473/298 2367/1471/297
f 2370/1472/298 2372/1474/299 2371/1475/299 2369/1473/298
f 2372/1474/299 2374/1476/300 2373/1477/300 2371/1475/299
f 2374/1476/300 2376/1478/301 2375/1479/301 2373/1477/300
f 2376/1478/301 2378/1480/302 2377/1481/302 2375/1479/301
f 2378/1480/302 2380/1482/303 2379/1483/303 2377/1481/302
f 2380/1482/303 2382/1484/304 2381/1485/304 2379/1483/303
f 2382/1484/304 2384/1486/305 2383/1487/305 2381/1485/304
f 2384/1486/305 1778/1488/3 1777/260/3 2383/1487/305
f 2386/881/306 2388/1489/307 2387/1490/307 2385/3/306
f 2388/1489/307 2390/1491/308 2389/1492/308 2387/1490/307
f 2390/1491/308 2392/1493/309 2391/1494/309 2389/1492/308
f 2392/1493/309 2394/1495/310 2393/1496/310 2391/1494/309
f 2394/1495/310 2396/1497/311 2395/1498/311 2393/1496/310
f 2396/1497/311 2398/1499/312 2397/1500/312 2395/1498/311
f 2398/1499/312 2400/1501/313 2399/1502/313 2397/1500/312
f 2400/1501/313 2402/1503/314 2401/1504/314 2399/1502/313
f 2402/1503/314 2404/1505/315 2403/1506/315 2401/1504/314
f 2404/1505/315 2406/1507/316 2405/1508/316 2403/1506/315
f 2406/1507/316 2408/1509/63 2407/1510/63 2405/1508/316
f 2408/1509/63 2410/1511/317 2409/1512/317 2407/1510/63
f 2410/1511/317 2412/1513/318 2411/1514/318 2409/1512/317
f 2412/1513/318 2414/1515/319 2413/1516/319 2411/1514/318
f 2414/1515/319 2416/1517/320 2415/1518/320 2413/1516/319
f 2416/1517/320 2418/1519/321 2417/1520/321 2415/1518/320
f 2418/1519/321 2420/1521/322 2419/1522/322 2417/1520/321
f 2420/1521/322 2422/1523/323 2421/1524/323 2419/1522/322
f 2422/1523/323 2424/1525/324 2423/1526/324 2421/1524/323
f 2424/1525/324 2426/1527/325 2425/1528/325 2423/1526/324
f 2426/1527/325 2428/1529/326 2427/1530/326 2425/1528/325
f 2428/1529/326 2430/1531/327 2429/1532/327 2427/1530/326
f 2430/1531/327 2432/1533/328 2431/1534/328 2429/1532/327
f 2432/1533/328 2434/1535/329 2433/1536/329 2431/1534/328
f 2434/1535/329 2436/1537/77 2435/1538/77 2433/1536/329
f 2436/1537/77 2438/1539/330 2437/1540/330 2435/1538/77
f 2438/1539/330 2440/1541/331 2439/1542/331 2437/1540/330
f 2440/1541/331 2442/1543/332 2441/1544/332 2439/1542/331
f 2442/1543/332 2444/1545/333 2443/1546/333 2441/1544/332
f 2444/1545/333 2446/1547/334 2445/1548/334 2443/1546/333
f 2446/1547/334 2448/1549/335 2447/1550/335 2445/1548/334
f 2448/1549/335 2450/1551/336 2449/1552/336 2447/1550/335
f 2450/1551/336 2452/1553/337 2451/1554/337 2449/1552/336
f 2452/1553/337 2454/1555/338 2453/1556/338 2451/1554/337
f 2454/1555/338 2456/1557/339 2455/1558/339 2453/1556/338
f 2456/1557/339 2458/1559/340 2457/1560/340 2455/1558/339
f 2458/1559/340 2460/1561/341 2459/1562/341 2457/1560/340
f 2460/1561/341 2462/1563/342 2461/1564/342 2459/1562/341
f 2462/1563/342 2464/1565/343 2463/1566/343 2461/1564/342
f 2464/1565/343 2466/1567/344 2465/1568/344 2463/1566/343
f 2466/1567/344 2468/1569/345 2467/1570/345 2465/1568/344
f 2468/1569/345 2470/1571/346 2469/1572/346 2467/1570/345
f 2470/1571/346 2472/1573/347 2471/1574/347 2469/1572/346
f 2472/1573/347 2474/1575/348 2473/1576/348 2471/1574/347
f 2474/1575/348 2476/1577/349 2475/1578/349 2473/1576/348
f 2476/1577/349 2478/1579/350 2477/1580/350 2475/1578/349
f 2478/1579/350 2480/1581/351 2479/1582/351 2477/1580/350
f 2480/1581/351 2482/1583/352 2481/1584/352 2479/1582/351
f 2482/1583/352 2484/1184/353 2483/1185/353 2481/1584/352
f 2484/1184/353 2486/1585/354 2485/1586/354 2483/1185/353
f 2486/1585/354 2488/1587/355 2487/1588/355 2485/1586/354
f 2488/1587/355 2490/1589/356 2489/1590/356 2487/1588/355
f 2490/1589/356 2492/1591/357 2491/1592/357 2489/1590/356
f 2492/1591/357 2494/1593/358 2493/1594/358 2491/1592/357
f 2494/1593/358 2496/1595/359 2495/1596/359 2493/1594/358
f 2496/1595/359 2498/1597/360 2497/1598/360 2495/1596/359
f 2498/1597/360 2500/1599/361 2499/1600/361 2497/1598/360
f 2500/1599/361 2502/1601/362 2501/1602/362 2499/1600/361
f 2502/1601/362 2504/1603/363 2503/1604/363 2501/1602/362
f 2504/1603/363 2506/1605/364 2505/1606/364 2503/1604/363
f 2506/1605/364 2508/1607/365 2507/1608/365 2505/1606/364
f 2508/1607/365 2510/1609/366 2509/1610/366 2507/1608/365
f 2510/1609/366 2512/1611/367 2511/1612/367 2509/1610/366
f 2512/1611/367 2514/1613/368 2513/1614/368 2511/1612/367
f 2514/1613/368 2516/1615/369 2515/1616/369 2513/1614/368
f 2516/1615/369 2518/1617/370 2517/1618/370 2515/1616/369
f 2518/1617/370 2520/1619/371 2519/1620/371 2517/1618/370
f 2520/1619/371 2522/1621/372 2521/1622/372 2519/1620/371
f 2522/1621/372 2524/1623/373 2523/1624/373 2521/1622/372
f 2524/1623/373 2526/1625/374 2525/1626/374 2523/1624/373
f 2526/1625/374 2528/1627/375 2527/1628/375 2525/1626/374
f 2528/1627/375 2530/1629/128 2529/1630/128 2527/1628/375
f 2530/1629/128 2532/1631/376 2531/1632/376 2529/1630/128
f 2532/1631/376 2534/1633/377 2533/1634/377 2531/1632/376
f 2534/1633/377 2536/1635/271 2535/1636/271 2533/1634/377
f 2536/1635/271 2538/1637/272 2537/1638/272 2535/1636/271
f 2538/1637/272 2540/1639/273 2539/1640/273 2537/1638/272
f 2540/1639/273 2542/1641/378 2541/1642/378 2539/1640/273
f 2542/1641/378 2544/1643/379 2543/1644/379 2541/1642/378
f 2544/1643/379 2546/1645/380 2545/1646/380 2543/1644/379
f 2546/1645/380 2548/1647/119 2547/1648/119 2545/1646/380
f 2548/1647/119 2550/1649/381 2549/1650/381 2547/1648/119
f 2550/1649/381 2552/1651/382 2551/1652/382 2549/1650/381
f 2552/1651/382 2554/1653/383 2553/1654/383 2551/1652/382
f 2554/1653/383 2556/1655/384 2555/1656/384 2553/1654/383
f 2556/1655/384 2558/1657/385 2557/1658/385 2555/1656/384
f 2558/1657/385 2560/1659/386 2559/1660/386 2557/1658/385
f 2560/1659/386 2562/1661/387 2561/1662/387 2559/1660/386
f 2562/1661/387 2564/1663/388 2563/1664/388 2561/1662/387
f 2564/1663/388 2566/1665/389 2565/1666/389 2563/1664/388
f 2566/1665/389 2568/1667/390 2567/1668/390 2565/1666/389
f 2568/1667/390 2570/1669/391 2569/1670/391 2567/1668/390
f 2570/1669/391 2572/1671/392 2571/1672/392 2569/1670/391
f 2572/1671/392 2574/1673/393 2573/1674/393 2571/1672/392
f 2574/1673/393 2576/1675/394 2575/1676/394 2573/1674/393
f 2576/1675/394 2578/1677/395 2577/1678/395 2575/1676/394
f 2578/1677/395 2580/1679/396 2579/1680/396 2577/1678/395
f 2580/1679/396 2386/1488/306 2385/260/306 2579/1680/396
f 2582/881/354 2584/1489/353 2583/1490/353 2581/3/354
f 2584/1489/353 2586/1491/397 2585/1492/397 2583/1490/353
f 2586/1491/397 2588/1493/398 2587/1494/398 2585/1492/397
f 2588/1493/398 2590/1495/399 2589/1496/399 2587/1494/398
f 2590/1495/399 2592/1497/400 2591/1498/400 2589/1496/399
f 2592/1497/400 2594/1499/401 2593/1500/401 2591/1498/400
f 2594/1499/401 2596/1501/100 2595/1502/100 2593/1500/401
f 2596/1501/100 2598/1503/402 2597/1504/402 2595/1502/100
f 2598/1503/402 2600/1505/403 2599/1506/403 2597/1504/402
f 2600/1505/403 2602/1507/404 2601/1508/404 2599/1506/403
f 2602/1507/404 2604/1509/405 2603/1510/405 2601/1508/404
f 2604/1509/405 2606/1511/406 2605/1512/406 2603/1510/405
f 2606/1511/406 2608/1513/407 2607/1514/407 2605/1512/406
f 2608/1513/407 2610/1515/408 2609/1516/408 2607/1514/407
f 2610/1515/408 2612/1517/409 2611/1518/409 2609/1516/408
f 2612/1517/409 2614/1519/410 2613/1520/410 2611/1518/409
f 2614/1519/410 2616/1521/411 2615/1522/411 2613/1520/410
f 2616/1521/411 2618/1523/412 2617/1524/412 2615/1522/411
f 2618/1523/412 2620/1525/413 2619/1526/413 2617/1524/412
f 2620/1525/413 2622/1527/414 2621/1528/414 2619/1526/413
f 2622/1527/414 2624/1529/415 2623/1530/415 2621/1528/414
f 2624/1529/415 2626/1531/416 2625/1532/416 2623/1530/415
f 2626/1531/416 2628/1533/417 2627/1534/417 2625/1532/416
f 2628/1533/417 2630/1535/220 2629/1536/220 2627/1534/417
f 2630/1535/220 2632/1537/418 2631/1538/418 2629/1536/220
f 2632/1537/418 2634/1539/419 2633/1540/419 2631/1538/418
f 2634/1539/419 2636/1541/420 2635/1542/420 2633/1540/419
f 2636/1541/420 2638/1543/421 2637/1544/421 2635/1542/420
f 2638/1543/421 2640/1545/422 2639/1546/422 2637/1544/421
f 2640/1545/422 2642/1547/423 2641/1548/423 2639/1546/422
f 2642/1547/423 2644/1549/424 2643/1550/424 2641/1548/423
f 2644/1549/424 2646/1551/425 2645/1552/425 2643/1550/424
f 2646/1551/425 2648/1553/426 2647/1554/426 2645/1552/425
f 2648/1553/426 2650/1555/427 2649/1556/427 2647/1554/426
f 2650/1555/427 2652/1557/428 2651/1558/428 2649/1556/427
f 2652/1557/428 2654/1559/429 2653/1560/429 2651/1558/428
f 2654/1559/429 2656/1561/430 2655/1562/430 2653/1560/429
f 2656/1561/430 2658/1563/431 2657/1564/431 2655/1562/430
f 2658/1563/431 2660/1565/432 2659/1566/432 2657/1564/431
f 2660/1565/432 2662/1567/62 2661/1568/62 2659/1566/432
f 2662/1567/62 2664/1569/433 2663/1570/433 2661/1568/62
f 2664/1569/433 2666/1571/434 2665/1572/434 2663/1570/433
f 2666/1571/434 2668/1573/313 2667/1574/313 2665/1572/434
f 2668/1573/313 2670/1575/435 2669/1576/435 2667/1574/313
f 2670/1575/435 2672/1577/436 2671/1578/436 2669/1576/435
f 2672/1577/436 2674/1579/437 2673/1580/437 2671/1578/436
f 2674/1579/437 2676/1581/438 2675/1582/438 2673/1580/437
f 2676/1581/438 2678/1583/439 2677/1584/439 2675/1582/438
f 2678/1583/439 2680/1184/440 2679/1185/440 2677/1584/439
f 2680/1184/440 2682/1585/441 2681/1586/441 2679/1185/440
f 2682/1585/441 2684/1587/442 2683/1588/442 2681/1586/441
f 2684/1587/442 2686/1589/443 2685/1590/443 2683/1588/442
f 2686/1589/443 2688/1591/444 2687/1592/444 2685/1590/443
f 2688/1591/444 2690/1593/445 2689/1594/445 2687/1592/444
f 2690/1593/445 2692/1595/446 2691/1596/446 2689/1594/445
f 2692/1595/446 2694/1597/391 2693/1598/391 2691/1596/446
f 2694/1597/391 2696/1599/447 2695/1600/447 2693/1598/391
f 2696/1599/447 2698/1601/448 2697/1602/448 2695/1600/447
f 2698/1601/448 2700/1603/449 2699/1604/449 2697/1602/448
f 2700/1603/449 2702/1605/450 2701/1606/450 2699/1604/449
f 2702/1605/450 2704/1607/451 2703/1608/451 2701/1606/450
f 2704/1607/451 2706/1609/282 2705/1610/282 2703/1608/451
f 2706/1609/282 2708/1611/452 2707/1612/452 2705/1610/282
f 2708/1611/452 2710/1613/453 2709/1614/453 2707/1612/452
f 2710/1613/453 2712/1615/454 2711/1616/454 2709/1614/453
f 2712/1615/454 2714/1617/455 2713/1618/455 2711/1616/454
f 2714/1617/455 2716/1619/456 2715/1620/456 2713/1618/455
f 2716/1619/456 2718/1621/457 2717/1622/457 2715/1620/456
f 2718/1621/457 2720/1623/458 2719/1624/458 2717/1622/457
f 2720/1623/458 2722/1625/459 2721/1626/459 2719/1624/458
f 2722/1625/459 2724/1627/460 2723/1628/460 2721/1626/459
f 2724/1627/460 2726/1629/461 2725/1630/461 2723/1628/460
f 2726/1629/461 2728/1631/462 2727/1632/462 2725/1630/461
f 2728/1631/462 2730/1633/126 2729/1634/126 2727/1632/462
f 2730/1633/126 2732/1635/463 2731/1636/463 2729/1634/126
f 2732/1635/463 2734/1637/464 2733/1638/464 2731/1636/463
f 2734/1637/464 2736/1639/465 2735/1640/465 2733/1638/464
f 2736/1639/465 2738/1641/466 2737/1642/466 2735/1640/465
f 2738/1641/466 2740/1643/467 2739/1644/467 2737/1642/466
f 2740/1643/467 2742/1645/468 2741/1646/468 2739/1644/467
f 2742/1645/468 2744/1647/469 2743/1648/469 2741/1646/468
f 2744/1647/469 2746/1649/470 2745/1650/470 2743/1648/469
f 2746/1649/470 2748/1651/471 2747/1652/471 2745/1650/470
f 2748/1651/471 2750/1653/472 2749/1654/472 2747/1652/471
f 2750/1653/472 2752/1655/473 2751/1656/473 2749/1654/472
f 2752/1655/473 2754/1657/474 2753/1658/474 2751/1656/473
f 2754/1657/474 2756/1659/475 2755/1660/475 2753/1658/474
f 2756/1659/475 2758/1661/476 2757/1662/476 2755/1660/475
f 2758/1661/476 2760/1663/477 2759/1664/477 2757/1662/476
f 2760/1663/477 2762/1665/478 2761/1666/478 2759/1664/477
f 2762/1665/478 2764/1667/479 2763/1668/479 2761/1666/478
f 2764/1667/479 2766/1669/480 2765/1670/480 2763/1668/479
f 2766/1669/480 2768/1671/481 2767/1672/481 2765/1670/480
f 2768/1671/481 2770/1673/482 2769/1674/482 2767/1672/481
f 2770/1673/482 2772/1675/483 2771/1676/483 2769/1674/482
f 2772/1675/483 2774/1677/484 2773/1678/484 2771/1676/483
f 2774/1677/484 2776/1679/485 2775/1680/485 2773/1678/484
f 2776/1679/485 2582/1488/354 2581/260/354 2775/1680/485
f 2778/881/486 2780/1032/487 2779/1033/487 2777/3/486
f 2780/1032/487 2782/1184/488 2781/1185/488 2779/1033/487
f 2782/1184/488 2784/1336/489 2783/1337/489 2781/1185/488
f 2784/1336/489 2778/1488/486 2777/260/486 2783/1337/489
f 2786/881/377 2788/1681/127 2787/1682/127 2785/3/377
f 2788/1681/127 2790/1683/490 2789/1684/490 2787/1682/127
f 2790/1683/490 2792/1685/491 2791/1686/491 2789/1684/490
f 2792/1685/491 2794/1687/492 2793/1688/492 2791/1686/491
f 2794/1687/492 2796/1689/493 2795/1690/493 2793/1688/492
f 2796/1689/493 2798/918/494 2797/919/494 2795/1690/493
f 2798/918/494 2800/1691/495 2799/1692/495 2797/919/494
f 2800/1691/495 2802/1693/496 2801/1694/496 2799/1692/495
f 2802/1693/496 2804/1695/497 2803/1696/497 2801/1694/496
f 2804/1695/497 2806/1697/498 2805/1698/498 2803/1696/497
f 2806/1697/498 2808/1699/499 2807/1700/499 2805/1698/498
f 2808/1699/499 2810/956/500 2809/957/500 2807/1700/499
f 2810/956/500 2812/1701/501 2811/1702/501 2809/957/500
f 2812/1701/501 2814/1703/502 2813/1704/502 2811/1702/501
f 2814/1703/502 2816/1705/503 2815/1706/503 2813/1704/502
f 2816/1705/503 2818/1707/504 2817/1708/504 2815/1706/503
f 2818/1707/504 2820/1709/505 2819/1710/505 2817/1708/504
f 2820/1709/505 2822/994/506 2821/995/506 2819/1710/505
f 2822/994/506 2824/1711/507 2823/1712/507 2821/995/506
f 2824/1711/507 2826/1713/508 2825/1714/508 2823/1712/507
f 2826/1713/508 2828/1715/509 2827/1716/509 2825/1714/508
f 2828/1715/509 2830/1717/510 2829/1718/510 2827/1716/509
f 2830/1717/510 2832/1719/511 2831/1720/511 2829/1718/510
f 2832/1719/511 2834/1032/512 2833/1033/512 2831/1720/511
f 2834/1032/512 2836/1721/513 2835/1722/513 2833/1033/512
f 2836/1721/513 2838/1723/514 2837/1724/514 2835/1722/513
f 2838/1723/514 2840/1725/515 2839/1726/515 2837/1724/514
f 2840/1725/515 2842/1727/516 2841/1728/516 2839/1726/515
f 2842/1727/516 2844/1729/202 2843/1730/202 2841/1728/516
f 2844/1729/202 2846/1070/517 2845/1071/517 2843/1730/202
f 2846/1070/517 2848/1731/518 2847/1732/518 2845/1071/517
f 2848/1731/518 2850/1733/519 2849/80/519 2847/1732/518
f 2850/1733/519 2852/1734/520 2851/1735/520 2849/80/519
f 2852/1734/520 2854/1736/521 2853/1737/521 2851/1735/520
f 2854/1736/521 2856/1738/522 2855/1739/522 2853/1737/521
f 2856/1738/522 2858/1108/523 2857/1109/523 2855/1739/522
f 2858/1108/523 2860/1740/524 2859/1741/524 2857/1109/523
f 2860/1740/524 2862/1742/525 2861/1743/525 2859/1741/524
f 2862/1742/525 2864/1744/526 2863/1745/526 2861/1743/525
f 2864/1744/526 2866/1746/527 2865/1747/527 2863/1745/526
f 2866/1746/527 2868/1748/528 2867/1749/528 2865/1747/527
f 2868/1748/528 2870/1146/529 2869/1147/529 2867/1749/528
f 2870/1146/529 2872/1750/530 2871/1751/530 2869/1147/529
f 2872/1750/530 2874/1752/531 2873/1753/531 2871/1751/530
f 2874/1752/531 2876/1754/532 2875/1755/532 2873/1753/531
f 2876/1754/532 2878/1756/533 2877/1757/533 2875/1755/532
f 2878/1756/533 2880/1758/534 2879/1759/534 2877/1757/533
f 2880/1758/534 2882/1184/77 2881/1185/77 2879/1759/534
f 2882/1184/77 2884/1760/535 2883/1761/535 2881/1185/77
f 2884/1760/535 2886/1762/536 2885/1763/536 2883/1761/535
f 2886/1762/536 2888/1764/537 2887/1765/537 2885/1763/536
f 2888/1764/537 2890/1766/538 2889/1767/538 2887/1765/537
f 2890/1766/538 2892/1768/539 2891/1769/539 2889/1767/538
f 2892/1768/539 2894/1222/540 2893/1223/540 2891/1769/539
f 2894/1222/540 2896/1770/541 2895/1771/541 2893/1223/540
f 2896/1770/541 2898/1772/542 2897/1773/542 2895/1771/541
f 2898/1772/542 2900/1774/543 2899/1775/543 2897/1773/542
f 2900/1774/543 2902/1776/544 2901/1777/544 2899/1775/543
f 2902/1776/544 2904/1778/545 2903/1779/545 2901/1777/544
f 2904/1778/545 2906/1260/430 2905/1261/430 2903/1779/545
f 2906/1260/430 2908/1780/546 2907/1781/546 2905/1261/430
f 2908/1780/546 2910/1782/547 2909/1783/547 2907/1781/546
f 2910/1782/547 2912/1784/548 2911/1785/548 2909/1783/547
f 2912/1784/548 2914/1786/549 2913/348/549 2911/1785/548
f 2914/1786/549 2916/1787/550 2915/1788/550 2913/348/549
f 2916/1787/550 2918/1298/551 2917/1299/551 2915/1788/550
f 2918/1298/551 2920/1789/552 2919/1790/552 2917/1299/551
f 2920/1789/552 2922/1791/553 2921/1792/553 2919/1790/552
f 2922/1791/553 2924/1793/554 2923/1794/554 2921/1792/553
f 2924/1793/554 2926/1795/555 2925/1796/555 2923/1794/554
f 2926/1795/555 2928/1797/556 2927/1798/556 2925/1796/555
f 2928/1797/556 2930/1336/557 2929/1337/557 2927/1798/556
f 2930/1336/557 2932/1799/558 2931/1800/558 2929/1337/557
f 2932/1799/558 2934/1801/559 2933/1802/559 2931/1800/558
f 2934/1801/559 2936/1803/560 2935/1804/560 2933/1802/559
f 2936/1803/560 2938/1805/561 2937/1806/561 2935/1804/560
f 2938/1805/561 2940/1807/562 2939/1808/562 2937/1806/561
f 2940/1807/562 2942/1374/563 2941/1375/563 2939/1808/562
f 2942/1374/563 2944/1809/564 2943/1810/564 2941/1375/563
f 2944/1809/564 2946/1811/565 2945/1812/565 2943/1810/564
f 2946/1811/565 2948/1813/566 2947/1814/566 2945/1812/565
f 2948/1813/566 2950/1815/567 2949/1816/567 2947/1814/566
f 2950/1815/567 2952/1817/568 2951/1818/568 2949/1816/567
f 2952/1817/568 2954/1412/282 2953/1413/282 2951/1818/568
f 2954/1412/282 2956/1819/569 2955/1820/569 2953/1413/282
f 2956/1819/569 2958/1821/570 2957/1822/570 2955/1820/569
f 2958/1821/570 2960/1823/571 2959/1824/571 2957/1822/570
f 2960/1823/571 2962/1825/572 2961/1826/572 2959/1824/571
f 2962/1825/572 2964/1827/573 2963/1828/573 2961/1826/572
f 2964/1827/573 2966/1450/574 2965/1451/574 2963/1828/573
f 2966/1450/574 2968/1829/575 2967/1830/575 2965/1451/574
f 2968/1829/575 2970/1831/576 2969/1832/576 2967/1830/575
f 2970/1831/576 2972/1833/577 2971/1834/577 2969/1832/576
f 2972/1833/577 2974/1835/578 2973/1836/578 2971/1834/577
f 2974/1835/578 2976/1837/579 2975/1838/579 2973/1836/578
f 2976/1837/579 2786/1488/377 2785/260/377 2975/1838/579
f 2978/881/580 2980/1681/581 2979/1682/581 2977/3/580
f 2980/1681/581 2982/1683/582 2981/1684/582 2979/1682/581
f 2982/1683/582 2984/1685/583 2983/1686/583 2981/1684/582
f 2984/1685/583 2986/1687/584 2985/1688/584 2983/1686/583
f 2986/1687/584 2988/1689/585 2987/1690/585 2985/1688/584
f 2988/1689/585 2990/918/586 2989/919/586 2987/1690/585
f 2990/918/586 2992/1691/587 2991/1692/587 2989/919/586
f 2992/1691/587 2994/1693/588 2993/1694/588 2991/1692/587
f 2994/1693/588 2996/1695/589 2995/1696/589 2993/1694/588
f 2996/1695/589 2998/1697/590 2997/1698/590 2995/1696/589
f 2998/1697/590 3000/1699/591 2999/1700/591 2997/1698/590
f 3000/1699/591 3002/956/221 3001/957/221 2999/1700/591
f 3002/956/221 3004/1701/592 3003/1702/592 3001/957/221
f 3004/1701/592 3006/1703/79 3005/1704/79 3003/1702/592
f 3006/1703/79 3008/1705/593 3007/1706/593 3005/1704/79
f 3008/1705/593 3010/1707/594 3009/1708/594 3007/1706/593
f 3010/1707/594 3012/1709/595 3011/1710/595 3009/1708/594
f 3012/1709/595 3014/994/596 3013/995/596 3011/1710/595
f 3014/994/596 3016/1711/597 3015/1712/597 3013/995/596
f 3016/1711/597 3018/1713/598 3017/1714/598 3015/1712/597
f 3018/1713/598 3020/1715/599 3019/1716/599 3017/1714/598
f 3020/1715/599 3022/1717/600 3021/1718/600 3019/1716/599
f 3022/1717/600 3024/1719/601 3023/1720/601 3021/1718/600
f 3024/1719/601 3026/1032/523 3025/1033/523 3023/1720/601
f 3026/1032/523 3028/1721/602 3027/1722/602 3025/1033/523
f 3028/1721/602 3030/1723/603 3029/1724/603 3027/1722/602
f 3030/1723/603 3032/1725/604 3031/1726/604 3029/1724/603
f 3032/1725/604 3034/1727/605 3033/1728/605 3031/1726/604
f 3034/1727/605 3036/1729/606 3035/1730/606 3033/1728/605
f 3036/1729/606 3038/1070/607 3037/1071/607 3035/1730/606
f 3038/1070/607 3040/1731/608 3039/1732/608 3037/1071/607
f 3040/1731/608 3042/1733/609 3041/80/609 3039/1732/608
f 3042/1733/609 3044/1734/610 3043/1735/610 3041/80/609
f 3044/1734/610 3046/1736/611 3045/1737/611 3043/1735/610
f 3046/1736/611 3048/1738/612 3047/1739/612 3045/1737/611
f 3048/1738/612 3050/1108/512 3049/1109/512 3047/1739/612
f 3050/1108/512 3052/1740/613 3051/1741/613 3049/1109/512
f 3052/1740/613 3054/1742/614 3053/1743/614 3051/1741/613
f 3054/1742/614 3056/1744/615 3055/1745/615 3053/1743/614
f 3056/1744/615 3058/1746/616 3057/1747/616 3055/1745/615
f 3058/1746/616 3060/1748/617 3059/1749/617 3057/1747/616
f 3060/1748/617 3062/1146/618 3061/1147/618 3059/1749/617
f 3062/1146/618 3064/1750/619 3063/1751/619 3061/1147/618
f 3064/1750/619 3066/1752/620 3065/1753/620 3063/1751/619
f 3066/1752/620 3068/1754/621 3067/1755/621 3065/1753/620
f 3068/1754/621 3070/1756/622 3069/1757/622 3067/1755/621
f 3070/1756/622 3072/1758/623 3071/1759/623 3069/1757/622
f 3072/1758/623 3074/1184/500 3073/1185/500 3071/1759/623
f 3074/1184/500 3076/1760/624 3075/1761/624 3073/1185/500
f 3076/1760/624 3078/1762/625 3077/1763/625 3075/1761/624
f 3078/1762/625 3080/1764/626 3079/1765/626 3077/1763/625
f 3080/1764/626 3082/1766/627 3081/1767/627 3079/1765/626
f 3082/1766/627 3084/1768/628 3083/1769/628 3081/1767/627
f 3084/1768/628 3086/1222/629 3085/1223/629 3083/1769/628
f 3086/1222/629 3088/1770/630 3087/1771/630 3085/1223/629
f 3088/1770/630 3090/1772/631 3089/1773/631 3087/1771/630
f 3090/1772/631 3092/1774/632 3091/1775/632 3089/1773/631
f 3092/1774/632 3094/1776/633 3093/1777/633 3091/1775/632
f 3094/1776/633 3096/1778/634 3095/1779/634 3093/1777/633
f 3096/1778/634 3098/1260/635 3097/1261/635 3095/1779/634
f 3098/1260/635 3100/1780/636 3099/1781/636 3097/1261/635
f 3100/1780/636 3102/1782/637 3101/1783/637 3099/1781/636
f 3102/1782/637 3104/1784/638 3103/1785/638 3101/1783/637
f 3104/1784/638 3106/1786/639 3105/348/639 3103/1785/638
f 3106/1786/639 3108/1787/640 3107/1788/640 3105/348/639
f 3108/1787/640 3110/1298/641 3109/1299/641 3107/1788/640
f 3110/1298/641 3112/1789/642 3111/1790/642 3109/1299/641
f 3112/1789/642 3114/1791/643 3113/1792/643 3111/1790/642
f 3114/1791/643 3116/1793/644 3115/1794/644 3113/1792/643
f 3116/1793/644 3118/1795/645 3117/1796/645 3115/1794/644
f 3118/1795/645 3120/1797/646 3119/1798/646 3117/1796/645
f 3120/1797/646 3122/1336/647 3121/1337/647 3119/1798/646
f 3122/1336/647 3124/1799/648 3123/1800/648 3121/1337/647
f 3124/1799/648 3126/1801/649 3125/1802/649 3123/1800/648
f 3126/1801/649 3128/1803/650 3127/1804/650 3125/1802/649
f 3128/1803/650 3130/1805/651 3129/1806/651 3127/1804/650
f 3130/1805/651 3132/1807/652 3131/1808/652 3129/1806/651
f 3132/1807/652 3134/1374/653 3133/1375/653 3131/1808/652
f 3134/1374/653 3136/1809/654 3135/1810/654 3133/1375/653
f 3136/1809/654 3138/1811/655 3137/1812/655 3135/1810/654
f 3138/1811/655 3140/1813/656 3139/1814/656 3137/1812/655
f 3140/1813/656 3142/1815/443 3141/1816/443 3139/1814/656
f 3142/1815/443 3144/1817/442 3143/1818/442 3141/1816/443
f 3144/1817/442 3146/1412/557 3145/1413/557 3143/1818/442
f 3146/1412/557 3148/1819/439 3147/1820/439 3145/1413/557
f 3148/1819/439 3150/1821/438 3149/1822/438 3147/1820/439
f 3150/1821/438 3152/1823/657 3151/1824/657 3149/1822/438
f 3152/1823/657 3154/1825/658 3153/1826/658 3151/1824/657
f 3154/1825/658 3156/1827/659 3155/1828/659 3153/1826/658
f 3156/1827/659 3158/1450/660 3157/1451/660 3155/1828/659
f 3158/1450/660 3160/1829/661 3159/1830/661 3157/1451/660
f 3160/1829/661 3162/1831/662 3161/1832/662 3159/1830/661
f 3162/1831/662 3164/1833/663 3163/1834/663 3161/1832/662
f 3164/1833/663 3166/1835/664 3165/1836/664 3163/1834/663
f 3166/1835/664 3168/1837/665 3167/1838/665 3165/1836/664
f 3168/1837/665 2978/1488/580 2977/260/580 3167/1838/665
f 3170/881/377 3172/1681/127 3171/1682/127 3169/3/377
f 3172/1681/127 3174/1683/666 3173/1684/666 3171/1682/127
f 3174/1683/666 3176/1685/491 3175/1686/491 3173/1684/666
f 3176/1685/491 3178/1687/492 3177/1688/492 3175/1686/491
f 3178/1687/492 3180/1689/493 3179/1690/493 3177/1688/492
f 3180/1689/493 3182/918/494 3181/919/494 3179/1690/493
f 3182/918/494 3184/1691/495 3183/1692/495 3181/919/494
f 3184/1691/495 3186/1693/496 3185/1694/496 3183/1692/495
f 3186/1693/496 3188/1695/497 3187/1696/497 3185/1694/496
f 3188/1695/497 3190/1697/498 3189/1698/498 3187/1696/497
f 3190/1697/498 3192/1699/499 3191/1700/499 3189/1698/498
f 3192/1699/499 3194/956/500 3193/957/500 3191/1700/499
f 3194/956/500 3196/1701/501 3195/1702/501 3193/957/500
f 3196/1701/501 3198/1703/502 3197/1704/502 3195/1702/501
f 3198/1703/502 3200/1705/503 3199/1706/503 3197/1704/502
f 3200/1705/503 3202/1707/504 3201/1708/504 3199/1706/503
f 3202/1707/504 3204/1709/505 3203/1710/505 3201/1708/504
f 3204/1709/505 3206/994/506 3205/995/506 3203/1710/505
f 3206/994/506 3208/1711/507 3207/1712/507 3205/995/506
f 3208/1711/507 3210/1713/508 3209/1714/508 3207/1712/507
f 3210/1713/508 3212/1715/509 3211/1716/509 3209/1714/508
f 3212/1715/509 3214/1717/667 3213/1718/667 3211/1716/509
f 3214/1717/667 3216/1719/511 3215/1720/511 3213/1718/667
f 3216/1719/511 3218/1032/512 3217/1033/512 3215/1720/511
f 3218/1032/512 3220/1721/513 3219/1722/513 3217/1033/512
f 3220/1721/513 3222/1723/514 3221/1724/514 3219/1722/513
f 3222/1723/514 3224/1725/515 3223/1726/515 3221/1724/514
f 3224/1725/515 3226/1727/516 3225/1728/516 3223/1726/515
f 3226/1727/516 3228/1729/202 3227/1730/202 3225/1728/516
f 3228/1729/202 3230/1070/517 3229/1071/517 3227/1730/202
f 3230/1070/517 3232/1731/518 3231/1732/518 3229/1071/517
f 3232/1731/518 3234/1733/519 3233/80/519 3231/1732/518
f 3234/1733/519 3236/1734/520 3235/1735/520 3233/80/519
f 3236/1734/520 3238/1736/521 3237/1737/521 3235/1735/520
f 3238/1736/521 3240/1738/522 3239/1739/522 3237/1737/521
f 3240/1738/522 3242/1108/523 3241/1109/523 3239/1739/522
f 3242/1108/523 3244/1740/524 3243/1741/524 3241/1109/523
f 3244/1740/524 3246/1742/525 3245/1743/525 3243/1741/524
f 3246/1742/525 3248/1744/526 3247/1745/526 3245/1743/525
f 3248/1744/526 3250/1746/527 3249/1747/527 3247/1745/526
f 3250/1746/527 3252/1748/528 3251/1749/528 3249/1747/527
f 3252/1748/528 3254/1146/529 3253/1147/529 3251/1749/528
f 3254/1146/529 3256/1750/530 3255/1751/530 3253/1147/529
f 3256/1750/530 3258/1752/531 3257/1753/531 3255/1751/530
f 3258/1752/531 3260/1754/532 3259/1755/532 3257/1753/531
f 3260/1754/532 3262/1756/533 3261/1757/533 3259/1755/532
f 3262/1756/533 3264/1758/534 3263/1759/534 3261/1757/533
f 3264/1758/534 3266/1184/77 3265/1185/77 3263/1759/534
f 3266/1184/77 3268/1760/535 3267/1761/535 3265/1185/77
f 3268/1760/535 3270/1762/536 3269/1763/536 3267/1761/535
f 3270/1762/536 3272/1764/537 3271/1765/537 3269/1763/536
f 3272/1764/537 3274/1766/538 3273/1767/538 3271/1765/537
f 3274/1766/538 3276/1768/539 3275/1769/539 3273/1767/538
f 3276/1768/539 3278/1222/540 3277/1223/540 3275/1769/539
f 3278/1222/540 3280/1770/541 3279/1771/541 3277/1223/540
f 3280/1770/541 3282/1772/542 3281/1773/542 3279/1771/541
f 3282/1772/542 3284/1774/543 3283/1775/543 3281/1773/542
f 3284/1774/543 3286/1776/544 3285/1777/544 3283/1775/543
f 3286/1776/544 3288/1778/545 3287/1779/545 3285/1777/544
f 3288/1778/545 3290/1260/430 3289/1261/430 3287/1779/545
f 3290/1260/430 3292/1780/546 3291/1781/546 3289/1261/430
f 3292/1780/546 3294/1782/547 3293/1783/547 3291/1781/546
f 3294/1782/547 3296/1784/548 3295/1785/548 3293/1783/547
f 3296/1784/548 3298/1786/549 3297/348/549 3295/1785/548
f 3298/1786/549 3300/1787/550 3299/1788/550 3297/348/549
f 3300/1787/550 3302/1298/551 3301/1299/551 3299/1788/550
f 3302/1298/551 3304/1789/552 3303/1790/552 3301/1299/551
f 3304/1789/552 3306/1791/553 3305/1792/553 3303/1790/552
f 3306/1791/553 3308/1793/554 3307/1794/554 3305/1792/553
f 3308/1793/554 3310/1795/555 3309/1796/555 3307/1794/554
f 3310/1795/555 3312/1797/556 3311/1798/556 3309/1796/555
f 3312/1797/556 3314/1336/557 3313/1337/557 3311/1798/556
f 3314/1336/557 3316/1799/558 3315/1800/558 3313/1337/557
f 3316/1799/558 3318/1801/668 3317/1802/668 3315/1800/558
f 3318/1801/668 3320/1803/560 3319/1804/560 3317/1802/668
f 3320/1803/560 3322/1805/561 3321/1806/561 3319/1804/560
f 3322/1805/561 3324/1807/562 3323/1808/562 3321/1806/561
f 3324/1807/562 3326/1374/563 3325/1375/563 3323/1808/562
f 3326/1374/563 3328/1809/564 3327/1810/564 3325/1375/563
f 3328/1809/564 3330/1811/565 3329/1812/565 3327/1810/564
f 3330/1811/565 3332/1813/566 3331/1814/566 3329/1812/565
f 3332/1813/566 3334/1815/567 3333/1816/567 3331/1814/566
f 3334/1815/567 3336/1817/568 3335/1818/568 3333/1816/567
f 3336/1817/568 3338/1412/282 3337/1413/282 3335/1818/568
f 3338/1412/282 3340/1819/569 3339/1820/569 3337/1413/282
f 3340/1819/569 3342/1821/570 3341/1822/570 3339/1820/569
f 3342/1821/570 3344/1823/571 3343/1824/571 3341/1822/570
f 3344/1823/571 3346/1825/572 3345/1826/572 3343/1824/571
f 3346/1825/572 3348/1827/573 3347/1828/573 3345/1826/572
f 3348/1827/573 3350/1450/574 3349/1451/574 3347/1828/573
f 3350/1450/574 3352/1829/575 3351/1830/575 3349/1451/574
f 3352/1829/575 3354/1831/576 3353/1832/576 3351/1830/575
f 3354/1831/576 3356/1833/577 3355/1834/577 3353/1832/576
f 3356/1833/577 3358/1835/578 3357/1836/578 3355/1834/577
f 3358/1835/578 3360/1837/579 3359/1838/579 3357/1836/578
f 3360/1837/579 3170/1488/377 3169/260/377 3359/1838/579
f 3362/881/580 3364/1681/581 3363/1682/581 3361/3/580
f 3364/1681/581 3366/1683/582 3365/1684/582 3363/1682/581
f 3366/1683/582 3368/1685/669 3367/1686/669 3365/1684/582
f 3368/1685/669 3370/1687/584 3369/1688/584 3367/1686/669
f 3370/1687/584 3372/1689/585 3371/1690/585 3369/1688/584
f 3372/1689/585 3374/918/586 3373/919/586 3371/1690/585
f 3374/918/586 3376/1691/587 3375/1692/587 3373/919/586
f 3376/1691/587 3378/1693/588 3377/1694/588 3375/1692/587
f 3378/1693/588 3380/1695/589 3379/1696/589 3377/1694/588
f 3380/1695/589 3382/1697/590 3381/1698/590 3379/1696/589
f 3382/1697/590 3384/1699/591 3383/1700/591 3381/1698/590
f 3384/1699/591 3386/956/221 3385/957/221 3383/1700/591
f 3386/956/221 3388/1701/592 3387/1702/592 3385/957/221
f 3388/1701/592 3390/1703/79 3389/1704/79 3387/1702/592
f 3390/1703/79 3392/1705/593 3391/1706/593 3389/1704/79
f 3392/1705/593 3394/1707/594 3393/1708/594 3391/1706/593
f 3394/1707/594 3396/1709/595 3395/1710/595 3393/1708/594
f 3396/1709/595 3398/994/596 3397/995/596 3395/1710/595
f 3398/994/596 3400/1711/597 3399/1712/597 3397/995/596
f 3400/1711/597 3402/1713/670 3401/1714/670 3399/1712/597
f 3402/1713/670 3404/1715/599 3403/1716/599 3401/1714/670
f 3404/1715/599 3406/1717/600 3405/1718/600 3403/1716/599
f 3406/1717/600 3408/1719/671 3407/1720/671 3405/1718/600
f 3408/1719/671 3410/1032/523 3409/1033/523 3407/1720/671
f 3410/1032/523 3412/1721/602 3411/1722/602 3409/1033/523
f 3412/1721/602 3414/1723/603 3413/1724/603 3411/1722/602
f 3414/1723/603 3416/1725/604 3415/1726/604 3413/1724/603
f 3416/1725/604 3418/1727/605 3417/1728/605 3415/1726/604
f 3418/1727/605 3420/1729/606 3419/1730/606 3417/1728/605
f 3420/1729/606 3422/1070/607 3421/1071/607 3419/1730/606
f 3422/1070/607 3424/1731/608 3423/1732/608 3421/1071/607
f 3424/1731/608 3426/1733/609 3425/80/609 3423/1732/608
f 3426/1733/609 3428/1734/610 3427/1735/610 3425/80/609
f 3428/1734/610 3430/1736/611 3429/1737/611 3427/1735/610
f 3430/1736/611 3432/1738/612 3431/1739/612 3429/1737/611
f 3432/1738/612 3434/1108/512 3433/1109/512 3431/1739/612
f 3434/1108/512 3436/1740/613 3435/1741/613 3433/1109/512
f 3436/1740/613 3438/1742/614 3437/1743/614 3435/1741/613
f 3438/1742/614 3440/1744/615 3439/1745/615 3437/1743/614
f 3440/1744/615 3442/1746/616 3441/1747/616 3439/1745/615
f 3442/1746/616 3444/1748/617 3443/1749/617 3441/1747/616
f 3444/1748/617 3446/1146/618 3445/1147/618 3443/1749/617
f 3446/1146/618 3448/1750/619 3447/1751/619 3445/1147/618
f 3448/1750/619 3450/1752/620 3449/1753/620 3447/1751/619
f 3450/1752/620 3452/1754/621 3451/1755/621 3449/1753/620
f 3452/1754/621 3454/1756/622 3453/1757/622 3451/1755/621
f 3454/1756/622 3456/1758/623 3455/1759/623 3453/1757/622
f 3456/1758/623 3458/1184/500 3457/1185/500 3455/1759/623
f 3458/1184/500 3460/1760/624 3459/1761/624 3457/1185/500
f 3460/1760/624 3462/1762/625 3461/1763/625 3459/1761/624
f 3462/1762/625 3464/1764/626 3463/1765/626 3461/1763/625
f 3464/1764/626 3466/1766/672 3465/1767/672 3463/1765/626
f 3466/1766/672 3468/1768/628 3467/1769/628 3465/1767/672
f 3468/1768/628 3470/1222/629 3469/1223/629 3467/1769/628
f 3470/1222/629 3472/1770/630 3471/1771/630 3469/1223/629
f 3472/1770/630 3474/1772/631 3473/1773/631 3471/1771/630
f 3474/1772/631 3476/1774/632 3475/1775/632 3473/1773/631
f 3476/1774/632 3478/1776/633 3477/1777/633 3475/1775/632
f 3478/1776/633 3480/1778/634 3479/1779/634 3477/1777/633
f 3480/1778/634 3482/1260/635 3481/1261/635 3479/1779/634
f 3482/1260/635 3484/1780/636 3483/1781/636 3481/1261/635
f 3484/1780/636 3486/1782/637 3485/1783/637 3483/1781/636
f 3486/1782/637 3488/1784/638 3487/1785/638 3485/1783/637
f 3488/1784/638 3490/1786/639 3489/348/639 3487/1785/638
f 3490/1786/639 3492/1787/640 3491/1788/640 3489/348/639
f 3492/1787/640 3494/1298/641 3493/1299/641 3491/1788/640
f 3494/1298/641 3496/1789/642 3495/1790/642 3493/1299/641
f 3496/1789/642 3498/1791/643 3497/1792/643 3495/1790/642
f 3498/1791/643 3500/1793/673 3499/1794/673 3497/1792/643
f 3500/1793/673 3502/1795/645 3501/1796/645 3499/1794/673
f 3502/1795/645 3504/1797/646 3503/1798/646 3501/1796/645
f 3504/1797/646 3506/1336/647 3505/1337/647 3503/1798/646
f 3506/1336/647 3508/1799/648 3507/1800/648 3505/1337/647
f 3508/1799/648 3510/1801/649 3509/1802/649 3507/1800/648
f 3510/1801/649 3512/1803/650 3511/1804/650 3509/1802/649
f 3512/1803/650 3514/1805/651 3513/1806/651 3511/1804/650
f 3514/1805/651 3516/1807/674 3515/1808/674 3513/1806/651
f 3516/1807/674 3518/1374/653 3517/1375/653 3515/1808/674
f 3518/1374/653 3520/1809/654 3519/1810/654 3517/1375/653
f 3520/1809/654 3522/1811/655 3521/1812/655 3519/1810/654
f 3522/1811/655 3524/1813/656 3523/1814/656 3521/1812/655
f 3524/1813/656 3526/1815/443 3525/1816/443 3523/1814/656
f 3526/1815/443 3528/1817/442 3527/1818/442 3525/1816/443
f 3528/1817/442 3530/1412/557 3529/1413/557 3527/1818/442
f 3530/1412/557 3532/1819/439 3531/1820/439 3529/1413/557
f 3532/1819/439 3534/1821/438 3533/1822/438 3531/1820/439
f 3534/1821/438 3536/1823/657 3535/1824/657 3533/1822/438
f 3536/1823/657 3538/1825/658 3537/1826/658 3535/1824/657
f 3538/1825/658 3540/1827/659 3539/1828/659 3537/1826/658
f 3540/1827/659 3542/1450/660 3541/1451/660 3539/1828/659
f 3542/1450/660 3544/1829/675 3543/1830/675 3541/1451/660
f 3544/1829/675 3546/1831/662 3545/1832/662 3543/1830/675
f 3546/1831/662 3548/1833/663 3547/1834/663 3545/1832/662
f 3548/1833/663 3550/1835/664 3549/1836/664 3547/1834/663
f 3550/1835/664 3552/1837/665 3551/1838/665 3549/1836/664
f 3552/1837/665 3362/1488/580 3361/260/580 3551/1838/665
