# exported by gszh.xyz
mtllib gszh_xyz.mtl
g SM_Env_Bush_Cluster_06
v -93.49498228340235 408.10106792853003 643.9777607989054
v -138.27232603340235 354.7105344812644 663.7375264239054
v -30.11998228340235 379.29641094610815 795.2883076739054
v -139.46373228340235 331.83605328009253 575.7033467364054
v -138.27232603340235 354.7105344812644 663.7375264239054
v -93.49498228340235 408.10106792853003 643.9777607989054
v -138.27232603340235 354.7105344812644 663.7375264239054
v -139.46373228340235 331.83605328009253 575.7033467364054
v -33.13170103340235 276.9652952234519 537.7511982989054
v -33.13170103340235 276.9652952234519 537.7511982989054
v -85.62779478340235 281.58010235235815 690.7443623614054
v -138.27232603340235 354.7105344812644 663.7375264239054
v -139.46373228340235 331.83605328009253 575.7033467364054
v -58.91685728340235 418.0335325281394 540.3234639239054
v -33.13170103340235 276.9652952234519 537.7511982989054
v -138.27232603340235 354.7105344812644 663.7375264239054
v -85.62779478340235 281.58010235235815 690.7443623614054
v 14.06751771659765 281.84987774298315 743.5353779864054
v -30.11998228340235 379.29641094610815 795.2883076739054
v -138.27232603340235 354.7105344812644 663.7375264239054
v 14.06751771659765 281.84987774298315 743.5353779864054
v -93.49498228340235 408.10106792853003 643.9777607989054
v -30.11998228340235 379.29641094610815 795.2883076739054
v -5.682482283402351 436.68728008673315 697.0431904864054
v -93.49498228340235 408.10106792853003 643.9777607989054
v -58.91685728340235 418.0335325281394 540.3234639239054
v -139.46373228340235 331.83605328009253 575.7033467364054
v -58.91685728340235 418.0335325281394 540.3234639239054
v -93.49498228340235 408.10106792853003 643.9777607989054
v -5.682482283402351 436.68728008673315 697.0431904864054
v 14.06751771659765 281.84987774298315 743.5353779864054
v -85.62779478340235 281.58010235235815 690.7443623614054
v -13.53795103340235 278.5226377527488 645.6594014239054
v -13.53795103340235 278.5226377527488 645.6594014239054
v -85.62779478340235 281.58010235235815 690.7443623614054
v -33.13170103340235 276.9652952234519 537.7511982989054
v 50.27845521659765 391.7199338953269 796.4816670489054
v -5.682482283402351 436.68728008673315 697.0431904864054
v -30.11998228340235 379.29641094610815 795.2883076739054
v -30.11998228340235 379.29641094610815 795.2883076739054
v 14.06751771659765 281.84987774298315 743.5353779864054
v 50.27845521659765 391.7199338953269 796.4816670489054
v 29.23939271659765 439.5132688562644 606.5568623614054
v -58.91685728340235 418.0335325281394 540.3234639239054
v -5.682482283402351 436.68728008673315 697.0431904864054
v -58.91685728340235 418.0335325281394 540.3234639239054
v 11.34876771659765 289.5587705652488 472.56662798640536
v -33.13170103340235 276.9652952234519 537.7511982989054
v 50.27845521659765 391.7199338953269 796.4816670489054
v 159.64564271659765 401.5471738855613 752.2922139239054
v 155.27845521659765 414.1516965906394 661.8215107989054
v 50.27845521659765 391.7199338953269 796.4816670489054
v 155.27845521659765 414.1516965906394 661.8215107989054
v -5.682482283402351 436.68728008673315 697.0431904864054
v 44.30970521659765 258.50573101446753 636.9816670489054
v -13.53795103340235 278.5226377527488 645.6594014239054
v -33.13170103340235 276.9652952234519 537.7511982989054
v 25.68079896659765 417.64150371954565 511.20041704890536
v 11.34876771659765 289.5587705652488 472.56662798640536
v -58.91685728340235 418.0335325281394 540.3234639239054
v 25.68079896659765 417.64150371954565 511.20041704890536
v -58.91685728340235 418.0335325281394 540.3234639239054
v 29.23939271659765 439.5132688562644 606.5568623614054
v 29.23939271659765 439.5132688562644 606.5568623614054
v -5.682482283402351 436.68728008673315 697.0431904864054
v 115.96986146659765 415.4811643640769 593.1066670489054
v 130.55579896659765 334.22252788946753 753.4601826739054
v 159.64564271659765 401.5471738855613 752.2922139239054
v 50.27845521659765 391.7199338953269 796.4816670489054
v 130.55579896659765 334.22252788946753 753.4601826739054
v 50.27845521659765 391.7199338953269 796.4816670489054
v 14.06751771659765 281.84987774298315 743.5353779864054
v 44.30970521659765 258.50573101446753 636.9816670489054
v -33.13170103340235 276.9652952234519 537.7511982989054
v 11.34876771659765 289.5587705652488 472.56662798640536
v 44.30970521659765 258.50573101446753 636.9816670489054
v 11.34876771659765 289.5587705652488 472.56662798640536
v 59.31751771659765 279.2389768640769 441.28244829890536
v 14.06751771659765 281.84987774298315 743.5353779864054
v -13.53795103340235 278.5226377527488 645.6594014239054
v 44.30970521659765 258.50573101446753 636.9816670489054
v 25.68079896659765 417.64150371954565 511.20041704890536
v 29.23939271659765 439.5132688562644 606.5568623614054
v 115.96986146659765 415.4811643640769 593.1066670489054
v 59.31751771659765 279.2389768640769 441.28244829890536
v 11.34876771659765 289.5587705652488 472.56662798640536
v 123.13783021659765 370.4560178797019 495.98654986140536
v 140.81751771659765 262.97426739142065 549.2345967364054
v 44.30970521659765 258.50573101446753 636.9816670489054
v 59.31751771659765 279.2389768640769 441.28244829890536
v 115.96986146659765 415.4811643640769 593.1066670489054
v -5.682482283402351 436.68728008673315 697.0431904864054
v 155.27845521659765 414.1516965906394 661.8215107989054
v 11.34876771659765 289.5587705652488 472.56662798640536
v 25.68079896659765 417.64150371954565 511.20041704890536
v 123.13783021659765 370.4560178797019 495.98654986140536
v 14.06751771659765 281.84987774298315 743.5353779864054
v 44.30970521659765 258.50573101446753 636.9816670489054
v 130.55579896659765 334.22252788946753 753.4601826739054
v 97.86439271659765 505.94692364142065 513.0158467364054
v 84.64564271659765 465.6490110437644 633.7199482989054
v 106.03626771659765 535.5409177820457 755.9709248614054
v 84.64564271659765 465.6490110437644 633.7199482989054
v 124.77454896659765 446.91884746954565 771.5353779864054
v 106.03626771659765 535.5409177820457 755.9709248614054
v 84.64564271659765 465.6490110437644 633.7199482989054
v 159.64564271659765 401.5471738855613 752.2922139239054
v 124.77454896659765 446.91884746954565 771.5353779864054
v 44.30970521659765 258.50573101446753 636.9816670489054
v 159.92689271659765 343.32152691290503 585.3361592364054
v 130.55579896659765 334.22252788946753 753.4601826739054
v 44.30970521659765 258.50573101446753 636.9816670489054
v 140.81751771659765 262.97426739142065 549.2345967364054
v 159.92689271659765 343.32152691290503 585.3361592364054
v 84.64564271659765 465.6490110437644 633.7199482989054
v 97.86439271659765 505.94692364142065 513.0158467364054
v 115.96986146659765 415.4811643640769 593.1066670489054
v 25.68079896659765 417.64150371954565 511.20041704890536
v 115.96986146659765 415.4811643640769 593.1066670489054
v 123.13783021659765 370.4560178797019 495.98654986140536
v 159.64564271659765 401.5471738855613 752.2922139239054
v 130.55579896659765 334.22252788946753 753.4601826739054
v 144.00501771659765 368.3765501062644 819.9777607989054
v 140.81751771659765 262.97426739142065 549.2345967364054
v 59.31751771659765 279.2389768640769 441.28244829890536
v 123.13783021659765 370.4560178797019 495.98654986140536
v 106.03626771659765 535.5409177820457 755.9709248614054
v 177.53236146659765 567.0161985437644 785.0353779864054
v 97.86439271659765 505.94692364142065 513.0158467364054
v 115.96986146659765 415.4811643640769 593.1066670489054
v 97.86439271659765 505.94692364142065 513.0158467364054
v 127.13392396659765 420.72890606329565 511.86545611140536
v 115.96986146659765 415.4811643640769 593.1066670489054
v 155.27845521659765 414.1516965906394 661.8215107989054
v 84.64564271659765 465.6490110437644 633.7199482989054
v 155.27845521659765 414.1516965906394 661.8215107989054
v 159.64564271659765 401.5471738855613 752.2922139239054
v 84.64564271659765 465.6490110437644 633.7199482989054
v 123.13783021659765 370.4560178797019 495.98654986140536
v 159.92689271659765 343.32152691290503 585.3361592364054
v 140.81751771659765 262.97426739142065 549.2345967364054
v 97.86439271659765 505.94692364142065 513.0158467364054
v 177.53236146659765 567.0161985437644 785.0353779864054
v 155.45033021659765 558.3327878992332 554.7658467364054
v 191.03626771659765 353.49242535040503 432.97190142390536
v 127.13392396659765 420.72890606329565 511.86545611140536
v 232.28626771659765 517.1552366297019 470.52463579890536
v 115.96986146659765 415.4811643640769 593.1066670489054
v 159.92689271659765 343.32152691290503 585.3361592364054
v 123.13783021659765 370.4560178797019 495.98654986140536
v 130.55579896659765 334.22252788946753 753.4601826739054
v 217.11048646659765 304.1278928797019 836.2726826739054
v 144.00501771659765 368.3765501062644 819.9777607989054
v 124.77454896659765 446.91884746954565 771.5353779864054
v 262.95814271659765 453.4484495203269 892.2687764239054
v 106.03626771659765 535.5409177820457 755.9709248614054
v 127.13392396659765 420.72890606329565 511.86545611140536
v 97.86439271659765 505.94692364142065 513.0158467364054
v 232.28626771659765 517.1552366297019 470.52463579890536
v 159.64564271659765 401.5471738855613 752.2922139239054
v 144.00501771659765 368.3765501062644 819.9777607989054
v 124.77454896659765 446.91884746954565 771.5353779864054
v 159.92689271659765 343.32152691290503 585.3361592364054
v 245.57923646659765 353.07323589728003 587.8390889239054
v 130.55579896659765 334.22252788946753 753.4601826739054
v 217.11048646659765 304.1278928797019 836.2726826739054
v 130.55579896659765 334.22252788946753 753.4601826739054
v 245.57923646659765 353.07323589728003 587.8390889239054
v 127.13392396659765 420.72890606329565 511.86545611140536
v 191.03626771659765 353.49242535040503 432.97190142390536
v 115.96986146659765 415.4811643640769 593.1066670489054
v 262.95814271659765 453.4484495203269 892.2687764239054
v 177.53236146659765 567.0161985437644 785.0353779864054
v 106.03626771659765 535.5409177820457 755.9709248614054
v 144.00501771659765 368.3765501062644 819.9777607989054
v 262.95814271659765 453.4484495203269 892.2687764239054
v 124.77454896659765 446.91884746954565 771.5353779864054
v 262.95814271659765 453.4484495203269 892.2687764239054
v 144.00501771659765 368.3765501062644 819.9777607989054
v 292.66126771659765 362.17589703009253 866.6310811114054
v 217.11048646659765 304.1278928797019 836.2726826739054
v 292.66126771659765 362.17589703009253 866.6310811114054
v 144.00501771659765 368.3765501062644 819.9777607989054
v 245.76673646659765 595.4848264734519 683.5959248614054
v 155.45033021659765 558.3327878992332 554.7658467364054
v 177.53236146659765 567.0161985437644 785.0353779864054
v 115.96986146659765 415.4811643640769 593.1066670489054
v 246.42298646659765 359.0794309656394 486.51291704890536
v 159.92689271659765 343.32152691290503 585.3361592364054
v 97.86439271659765 505.94692364142065 513.0158467364054
v 155.45033021659765 558.3327878992332 554.7658467364054
v 232.28626771659765 517.1552366297019 470.52463579890536
v 287.72767396659765 581.0343259851707 743.2160420489054
v 177.53236146659765 567.0161985437644 785.0353779864054
v 262.95814271659765 453.4484495203269 892.2687764239054
v 246.42298646659765 359.0794309656394 486.51291704890536
v 115.96986146659765 415.4811643640769 593.1066670489054
v 191.03626771659765 353.49242535040503 432.97190142390536
v 246.42298646659765 359.0794309656394 486.51291704890536
v 245.57923646659765 353.07323589728003 587.8390889239054
v 159.92689271659765 343.32152691290503 585.3361592364054
v 217.11048646659765 304.1278928797019 836.2726826739054
v 245.57923646659765 353.07323589728003 587.8390889239054
v 345.14954896659765 287.3243040125144 785.0324482989054
v 262.95814271659765 453.4484495203269 892.2687764239054
v 362.66126771659765 434.82741680548315 872.4582295489054
v 287.72767396659765 581.0343259851707 743.2160420489054
v 155.45033021659765 558.3327878992332 554.7658467364054
v 245.76673646659765 595.4848264734519 683.5959248614054
v 277.02454896659765 602.6897825281394 563.0383076739054
v 362.66126771659765 434.82741680548315 872.4582295489054
v 376.05970521659765 506.3363889734519 825.9855732989054
v 287.72767396659765 581.0343259851707 743.2160420489054
v 243.52845521659765 416.1171506922019 347.83420611140536
v 191.03626771659765 353.49242535040503 432.97190142390536
v 339.41517396659765 432.6837705652488 400.29026079890536
v 292.66126771659765 362.17589703009253 866.6310811114054
v 217.11048646659765 304.1278928797019 836.2726826739054
v 345.14954896659765 287.3243040125144 785.0324482989054
v 287.72767396659765 581.0343259851707 743.2160420489054
v 245.76673646659765 595.4848264734519 683.5959248614054
v 177.53236146659765 567.0161985437644 785.0353779864054
v 262.95814271659765 453.4484495203269 892.2687764239054
v 292.66126771659765 362.17589703009253 866.6310811114054
v 362.66126771659765 434.82741680548315 872.4582295489054
v 329.75501771659765 355.2019895593894 547.2844014239054
v 245.57923646659765 353.07323589728003 587.8390889239054
v 246.42298646659765 359.0794309656394 486.51291704890536
v 372.06751771659765 314.4403928797019 686.2765889239054
v 345.14954896659765 287.3243040125144 785.0324482989054
v 245.57923646659765 353.07323589728003 587.8390889239054
v 339.41517396659765 432.6837705652488 400.29026079890536
v 191.03626771659765 353.49242535040503 432.97190142390536
v 232.28626771659765 517.1552366297019 470.52463579890536
v 362.66126771659765 434.82741680548315 872.4582295489054
v 292.66126771659765 362.17589703009253 866.6310811114054
v 379.53236146659765 370.02065411017065 786.0090107989054
v 232.28626771659765 517.1552366297019 470.52463579890536
v 155.45033021659765 558.3327878992332 554.7658467364054
v 277.02454896659765 602.6897825281394 563.0383076739054
v 232.28626771659765 517.1552366297019 470.52463579890536
v 277.02454896659765 602.6897825281394 563.0383076739054
v 323.68079896659765 516.6109251062644 378.68479204890536
v 292.66126771659765 362.17589703009253 866.6310811114054
v 345.14954896659765 287.3243040125144 785.0324482989054
v 379.53236146659765 370.02065411017065 786.0090107989054
v 390.96595521659765 615.0036253015769 613.2707295489054
v 245.76673646659765 595.4848264734519 683.5959248614054
v 287.72767396659765 581.0343259851707 743.2160420489054
v 348.26673646659765 362.36388531134253 497.68967486140536
v 246.42298646659765 359.0794309656394 486.51291704890536
v 191.03626771659765 353.49242535040503 432.97190142390536
v 372.06751771659765 314.4403928797019 686.2765889239054
v 245.57923646659765 353.07323589728003 587.8390889239054
v 329.75501771659765 355.2019895593894 547.2844014239054
v 339.41517396659765 432.6837705652488 400.29026079890536
v 232.28626771659765 517.1552366297019 470.52463579890536
v 323.68079896659765 516.6109251062644 378.68479204890536
v 348.26673646659765 362.36388531134253 497.68967486140536
v 191.03626771659765 353.49242535040503 432.97190142390536
v 243.52845521659765 416.1171506922019 347.83420611140536
v 329.75501771659765 355.2019895593894 547.2844014239054
v 246.42298646659765 359.0794309656394 486.51291704890536
v 348.26673646659765 362.36388531134253 497.68967486140536
v 339.41517396659765 432.6837705652488 400.29026079890536
v 348.26673646659765 362.36388531134253 497.68967486140536
v 243.52845521659765 416.1171506922019 347.83420611140536
v 379.53236146659765 370.02065411017065 786.0090107989054
v 345.14954896659765 287.3243040125144 785.0324482989054
v 421.61829896659765 343.6895078699363 722.3722920489054
v 345.14954896659765 287.3243040125144 785.0324482989054
v 372.06751771659765 314.4403928797019 686.2765889239054
v 421.61829896659765 343.6895078699363 722.3722920489054
v 376.05970521659765 506.3363889734519 825.9855732989054
v 417.20814271659765 550.0987180750144 693.5685811114054
v 287.72767396659765 581.0343259851707 743.2160420489054
v 245.76673646659765 595.4848264734519 683.5959248614054
v 390.96595521659765 615.0036253015769 613.2707295489054
v 277.02454896659765 602.6897825281394 563.0383076739054
v 489.38392396659765 371.25771465704565 800.8908467364054
v 362.66126771659765 434.82741680548315 872.4582295489054
v 379.53236146659765 370.02065411017065 786.0090107989054
v 433.21595521659765 363.37612286017065 603.0285420489054
v 372.06751771659765 314.4403928797019 686.2765889239054
v 329.75501771659765 355.2019895593894 547.2844014239054
v 390.96595521659765 615.0036253015769 613.2707295489054
v 287.72767396659765 581.0343259851707 743.2160420489054
v 417.20814271659765 550.0987180750144 693.5685811114054
v 277.02454896659765 602.6897825281394 563.0383076739054
v 390.96595521659765 615.0036253015769 613.2707295489054
v 400.02064271659765 575.6597532312644 532.9123311114054
v 277.02454896659765 602.6897825281394 563.0383076739054
v 417.39564271659765 533.0600217859519 461.28635454890536
v 323.68079896659765 516.6109251062644 378.68479204890536
v 448.04017396659765 398.31969585821753 503.13498736140536
v 348.26673646659765 362.36388531134253 497.68967486140536
v 339.41517396659765 432.6837705652488 400.29026079890536
v 448.04017396659765 398.31969585821753 503.13498736140536
v 329.75501771659765 355.2019895593894 547.2844014239054
v 348.26673646659765 362.36388531134253 497.68967486140536
v 277.02454896659765 602.6897825281394 563.0383076739054
v 400.02064271659765 575.6597532312644 532.9123311114054
v 417.39564271659765 533.0600217859519 461.28635454890536
v 520.3253302165976 480.70058575079565 716.0812764239054
v 362.66126771659765 434.82741680548315 872.4582295489054
v 489.38392396659765 371.25771465704565 800.8908467364054
v 448.04017396659765 398.31969585821753 503.13498736140536
v 339.41517396659765 432.6837705652488 400.29026079890536
v 475.42298646659765 449.5592893640769 473.40744829890536
v 421.61829896659765 343.6895078699363 722.3722920489054
v 372.06751771659765 314.4403928797019 686.2765889239054
v 433.21595521659765 363.37612286017065 603.0285420489054
v 520.3253302165976 480.70058575079565 716.0812764239054
v 417.20814271659765 550.0987180750144 693.5685811114054
v 376.05970521659765 506.3363889734519 825.9855732989054
v 417.20814271659765 550.0987180750144 693.5685811114054
v 400.02064271659765 575.6597532312644 532.9123311114054
v 390.96595521659765 615.0036253015769 613.2707295489054
v 362.66126771659765 434.82741680548315 872.4582295489054
v 520.3253302165976 480.70058575079565 716.0812764239054
v 376.05970521659765 506.3363889734519 825.9855732989054
v 339.41517396659765 432.6837705652488 400.29026079890536
v 323.68079896659765 516.6109251062644 378.68479204890536
v 475.42298646659765 449.5592893640769 473.40744829890536
v 527.8956427165976 399.1224912683738 630.4152607989054
v 329.75501771659765 355.2019895593894 547.2844014239054
v 448.04017396659765 398.31969585821753 503.13498736140536
v 433.21595521659765 363.37612286017065 603.0285420489054
v 329.75501771659765 355.2019895593894 547.2844014239054
v 527.8956427165976 399.1224912683738 630.4152607989054
v 379.53236146659765 370.02065411017065 786.0090107989054
v 552.0206427165976 358.00942364142065 694.5627217364054
v 489.38392396659765 371.25771465704565 800.8908467364054
v 421.61829896659765 343.6895078699363 722.3722920489054
v 433.21595521659765 363.37612286017065 603.0285420489054
v 552.0206427165976 358.00942364142065 694.5627217364054
v 417.20814271659765 550.0987180750144 693.5685811114054
v 492.68079896659765 550.2562498132957 669.3586201739054
v 400.02064271659765 575.6597532312644 532.9123311114054
v 527.8956427165976 399.1224912683738 630.4152607989054
v 552.0206427165976 358.00942364142065 694.5627217364054
v 433.21595521659765 363.37612286017065 603.0285420489054
v 379.53236146659765 370.02065411017065 786.0090107989054
v 421.61829896659765 343.6895078699363 722.3722920489054
v 552.0206427165976 358.00942364142065 694.5627217364054
v 492.68079896659765 550.2562498132957 669.3586201739054
v 551.3956427165976 490.7282346765769 593.3654561114054
v 400.02064271659765 575.6597532312644 532.9123311114054
v 417.20814271659765 550.0987180750144 693.5685811114054
v 520.3253302165976 480.70058575079565 716.0812764239054
v 492.68079896659765 550.2562498132957 669.3586201739054
v 475.42298646659765 449.5592893640769 473.40744829890536
v 323.68079896659765 516.6109251062644 378.68479204890536
v 417.39564271659765 533.0600217859519 461.28635454890536
v 528.0323614665976 425.71767559454565 540.4269795489054
v 527.8956427165976 399.1224912683738 630.4152607989054
v 448.04017396659765 398.31969585821753 503.13498736140536
v 489.38392396659765 371.25771465704565 800.8908467364054
v 527.8956427165976 399.1224912683738 630.4152607989054
v 520.3253302165976 480.70058575079565 716.0812764239054
v 527.8956427165976 399.1224912683738 630.4152607989054
v 492.68079896659765 550.2562498132957 669.3586201739054
v 520.3253302165976 480.70058575079565 716.0812764239054
v 475.42298646659765 449.5592893640769 473.40744829890536
v 528.0323614665976 425.71767559454565 540.4269795489054
v 448.04017396659765 398.31969585821753 503.13498736140536
v 400.02064271659765 575.6597532312644 532.9123311114054
v 551.3956427165976 490.7282346765769 593.3654561114054
v 417.39564271659765 533.0600217859519 461.28635454890536
v 551.3956427165976 490.7282346765769 593.3654561114054
v 528.0323614665976 425.71767559454565 540.4269795489054
v 475.42298646659765 449.5592893640769 473.40744829890536
v 551.3956427165976 490.7282346765769 593.3654561114054
v 475.42298646659765 449.5592893640769 473.40744829890536
v 417.39564271659765 533.0600217859519 461.28635454890536
v 527.8956427165976 399.1224912683738 630.4152607989054
v 489.38392396659765 371.25771465704565 800.8908467364054
v 552.0206427165976 358.00942364142065 694.5627217364054
v 492.68079896659765 550.2562498132957 669.3586201739054
v 527.8956427165976 399.1224912683738 630.4152607989054
v 551.3956427165976 490.7282346765769 593.3654561114054
v 527.8956427165976 399.1224912683738 630.4152607989054
v 528.0323614665976 425.71767559454565 540.4269795489054
v 551.3956427165976 490.7282346765769 593.3654561114054
v 177.06361146659765 1006.0805906336082 236.30490923640536
v 137.86048646659765 859.7524045984519 191.45432329890536
v 94.46595521659765 875.8341917078269 242.95237017390536
v 170.80189271659765 747.8976682703269 158.13303423640536
v 137.86048646659765 859.7524045984519 191.45432329890536
v 267.41126771659765 737.5202878992332 169.37326861140536
v 177.06361146659765 1006.0805906336082 236.30490923640536
v 227.76673646659765 882.0326780359519 160.19358111140536
v 137.86048646659765 859.7524045984519 191.45432329890536
v 137.86048646659765 859.7524045984519 191.45432329890536
v 227.76673646659765 882.0326780359519 160.19358111140536
v 267.41126771659765 737.5202878992332 169.37326861140536
v 121.37611146659765 712.6427244226707 267.20529986140536
v 94.46595521659765 875.8341917078269 242.95237017390536
v 137.86048646659765 859.7524045984519 191.45432329890536
v 137.86048646659765 859.7524045984519 191.45432329890536
v 170.80189271659765 747.8976682703269 158.13303423640536
v 121.37611146659765 712.6427244226707 267.20529986140536
v 94.46595521659765 875.8341917078269 242.95237017390536
v 84.88392396659765 921.7289060632957 311.75119829890536
v 177.06361146659765 1006.0805906336082 236.30490923640536
v 121.37611146659765 712.6427244226707 267.20529986140536
v 84.88392396659765 921.7289060632957 311.75119829890536
v 94.46595521659765 875.8341917078269 242.95237017390536
v 170.80189271659765 747.8976682703269 158.13303423640536
v 267.41126771659765 737.5202878992332 169.37326861140536
v 234.13392396659765 680.2921995203269 197.13596392390536
v 245.84876771659765 965.3482297937644 196.61350298640536
v 227.76673646659765 882.0326780359519 160.19358111140536
v 177.06361146659765 1006.0805906336082 236.30490923640536
v 234.13392396659765 680.2921995203269 197.13596392390536
v 121.37611146659765 712.6427244226707 267.20529986140536
v 170.80189271659765 747.8976682703269 158.13303423640536
v 187.13001771659765 1039.969933895327 247.64572954890536
v 245.84876771659765 965.3482297937644 196.61350298640536
v 177.06361146659765 1006.0805906336082 236.30490923640536
v 177.06361146659765 1006.0805906336082 236.30490923640536
v 84.88392396659765 921.7289060632957 311.75119829890536
v 134.03626771659765 1030.8812498132957 312.67990923640536
v 84.88392396659765 921.7289060632957 311.75119829890536
v 121.37611146659765 712.6427244226707 267.20529986140536
v 118.87220521659765 730.0418943445457 327.03244829890536
v 278.21986146659765 754.4109739343894 248.07737017390536
v 267.41126771659765 737.5202878992332 169.37326861140536
v 227.76673646659765 882.0326780359519 160.19358111140536
v 319.28236146659765 848.8338254968894 218.51487017390536
v 227.76673646659765 882.0326780359519 160.19358111140536
v 245.84876771659765 965.3482297937644 196.61350298640536
v 267.41126771659765 737.5202878992332 169.37326861140536
v 278.21986146659765 754.4109739343894 248.07737017390536
v 234.13392396659765 680.2921995203269 197.13596392390536
v 278.21986146659765 754.4109739343894 248.07737017390536
v 227.76673646659765 882.0326780359519 160.19358111140536
v 319.28236146659765 848.8338254968894 218.51487017390536
v 234.13392396659765 680.2921995203269 197.13596392390536
v 237.25501771659765 729.3233274500144 305.70920611140536
v 121.37611146659765 712.6427244226707 267.20529986140536
v 134.03626771659765 1030.8812498132957 312.67990923640536
v 187.13001771659765 1039.969933895327 247.64572954890536
v 177.06361146659765 1006.0805906336082 236.30490923640536
v 187.13001771659765 1039.969933895327 247.64572954890536
v 308.36439271659765 1011.3189329187644 249.78049517390536
v 245.84876771659765 965.3482297937644 196.61350298640536
v 319.28236146659765 848.8338254968894 218.51487017390536
v 245.84876771659765 965.3482297937644 196.61350298640536
v 308.36439271659765 1011.3189329187644 249.78049517390536
v 130.08704896659765 941.4652341882957 373.08811236140536
v 84.88392396659765 921.7289060632957 311.75119829890536
v 113.19251771659765 795.2077878992332 403.90061236140536
v 84.88392396659765 921.7289060632957 311.75119829890536
v 118.87220521659765 730.0418943445457 327.03244829890536
v 113.19251771659765 795.2077878992332 403.90061236140536
v 278.21986146659765 754.4109739343894 248.07737017390536
v 237.25501771659765 729.3233274500144 305.70920611140536
v 234.13392396659765 680.2921995203269 197.13596392390536
v 237.25501771659765 729.3233274500144 305.70920611140536
v 118.87220521659765 730.0418943445457 327.03244829890536
v 121.37611146659765 712.6427244226707 267.20529986140536
v 308.36439271659765 1011.3189329187644 249.78049517390536
v 187.13001771659765 1039.969933895327 247.64572954890536
v 134.03626771659765 1030.8812498132957 312.67990923640536
v 84.88392396659765 921.7289060632957 311.75119829890536
v 130.08704896659765 941.4652341882957 373.08811236140536
v 134.03626771659765 1030.8812498132957 312.67990923640536
v 228.84486146659765 1024.7175535242332 350.81760454890536
v 308.36439271659765 1011.3189329187644 249.78049517390536
v 134.03626771659765 1030.8812498132957 312.67990923640536
v 210.61048646659765 930.4031003992332 428.53244829890536
v 130.08704896659765 941.4652341882957 373.08811236140536
v 113.19251771659765 795.2077878992332 403.90061236140536
v 130.08704896659765 941.4652341882957 373.08811236140536
v 207.93861146659765 960.6599668543113 383.12522173640536
v 134.03626771659765 1030.8812498132957 312.67990923640536
v 343.35267396659765 947.2366880457175 313.96506548640536
v 319.28236146659765 848.8338254968894 218.51487017390536
v 308.36439271659765 1011.3189329187644 249.78049517390536
v 134.03626771659765 1030.8812498132957 312.67990923640536
v 207.93861146659765 960.6599668543113 383.12522173640536
v 228.84486146659765 1024.7175535242332 350.81760454890536
v 210.61048646659765 930.4031003992332 428.53244829890536
v 207.93861146659765 960.6599668543113 383.12522173640536
v 130.08704896659765 941.4652341882957 373.08811236140536
v 363.20814271659765 836.2805418054832 310.93772173640536
v 278.21986146659765 754.4109739343894 248.07737017390536
v 319.28236146659765 848.8338254968894 218.51487017390536
v 118.87220521659765 730.0418943445457 327.03244829890536
v 237.25501771659765 729.3233274500144 305.70920611140536
v 224.30970521659765 695.7708372156394 398.06955767390536
v 363.20814271659765 836.2805418054832 310.93772173640536
v 282.25111146659765 749.4373411218894 329.27658892390536
v 278.21986146659765 754.4109739343894 248.07737017390536
v 278.21986146659765 754.4109739343894 248.07737017390536
v 282.25111146659765 749.4373411218894 329.27658892390536
v 237.25501771659765 729.3233274500144 305.70920611140536
v 282.25111146659765 749.4373411218894 329.27658892390536
v 224.30970521659765 695.7708372156394 398.06955767390536
v 237.25501771659765 729.3233274500144 305.70920611140536
v 118.87220521659765 730.0418943445457 327.03244829890536
v 224.30970521659765 695.7708372156394 398.06955767390536
v 113.19251771659765 795.2077878992332 403.90061236140536
v 228.84486146659765 1024.7175535242332 350.81760454890536
v 343.35267396659765 947.2366880457175 313.96506548640536
v 308.36439271659765 1011.3189329187644 249.78049517390536
v 315.57533021659765 912.7755979578269 392.57737017390536
v 228.84486146659765 1024.7175535242332 350.81760454890536
v 207.93861146659765 960.6599668543113 383.12522173640536
v 214.95033021659765 821.7386716882957 447.06565142390536
v 210.61048646659765 930.4031003992332 428.53244829890536
v 113.19251771659765 795.2077878992332 403.90061236140536
v 113.19251771659765 795.2077878992332 403.90061236140536
v 224.30970521659765 695.7708372156394 398.06955767390536
v 214.95033021659765 821.7386716882957 447.06565142390536
v 315.57533021659765 912.7755979578269 392.57737017390536
v 343.35267396659765 947.2366880457175 313.96506548640536
v 228.84486146659765 1024.7175535242332 350.81760454890536
v 207.93861146659765 960.6599668543113 383.12522173640536
v 210.61048646659765 930.4031003992332 428.53244829890536
v 315.57533021659765 912.7755979578269 392.57737017390536
v 343.35267396659765 947.2366880457175 313.96506548640536
v 363.20814271659765 836.2805418054832 310.93772173640536
v 319.28236146659765 848.8338254968894 218.51487017390536
v 282.25111146659765 749.4373411218894 329.27658892390536
v 363.20814271659765 836.2805418054832 310.93772173640536
v 296.45814271659765 790.3770383875144 388.46604204890536
v 224.30970521659765 695.7708372156394 398.06955767390536
v 296.45814271659765 790.3770383875144 388.46604204890536
v 214.95033021659765 821.7386716882957 447.06565142390536
v 296.45814271659765 790.3770383875144 388.46604204890536
v 224.30970521659765 695.7708372156394 398.06955767390536
v 282.25111146659765 749.4373411218894 329.27658892390536
v 363.20814271659765 836.2805418054832 310.93772173640536
v 343.35267396659765 947.2366880457175 313.96506548640536
v 315.57533021659765 912.7755979578269 392.57737017390536
v 296.45814271659765 790.3770383875144 388.46604204890536
v 315.57533021659765 912.7755979578269 392.57737017390536
v 214.95033021659765 821.7386716882957 447.06565142390536
v 315.57533021659765 912.7755979578269 392.57737017390536
v 210.61048646659765 930.4031003992332 428.53244829890536
v 214.95033021659765 821.7386716882957 447.06565142390536
v 363.20814271659765 836.2805418054832 310.93772173640536
v 315.57533021659765 912.7755979578269 392.57737017390536
v 296.45814271659765 790.3770383875144 388.46604204890536
v 327.77845521659765 389.42153301642065 -139.99001263859464
v 431.14954896659765 379.7587522547019 -82.29665326359464
v 279.66126771659765 300.20864239142065 -77.23220013859464
v 279.66126771659765 300.20864239142065 -77.23220013859464
v 431.14954896659765 379.7587522547019 -82.29665326359464
v 348.84095521659765 325.38405743048315 34.141823298905365
v 262.49720521659765 300.84426250860815 33.865456111405365
v 279.66126771659765 300.20864239142065 -77.23220013859464
v 348.84095521659765 325.38405743048315 34.141823298905365
v 279.66126771659765 300.20864239142065 -77.23220013859464
v 262.49720521659765 300.84426250860815 33.865456111405365
v 196.64564271659765 398.39504375860815 -46.658957951094635
v 431.14954896659765 379.7587522547019 -82.29665326359464
v 443.80970521659765 473.76430645392065 -49.360129826094635
v 348.84095521659765 325.38405743048315 34.141823298905365
v 327.77845521659765 389.42153301642065 -139.99001263859464
v 346.38783021659765 481.3628782312644 -100.60817670109464
v 431.14954896659765 379.7587522547019 -82.29665326359464
v 327.77845521659765 389.42153301642065 -139.99001263859464
v 279.66126771659765 300.20864239142065 -77.23220013859464
v 230.47376771659765 422.1272825281394 -103.46559857609464
v 230.47376771659765 422.1272825281394 -103.46559857609464
v 346.38783021659765 481.3628782312644 -100.60817670109464
v 327.77845521659765 389.42153301642065 -139.99001263859464
v 279.66126771659765 300.20864239142065 -77.23220013859464
v 196.64564271659765 398.39504375860815 -46.658957951094635
v 230.47376771659765 422.1272825281394 -103.46559857609464
v 431.14954896659765 379.7587522547019 -82.29665326359464
v 346.38783021659765 481.3628782312644 -100.60817670109464
v 443.80970521659765 473.76430645392065 -49.360129826094635
v 209.90736146659765 476.4367307703269 -34.407981388594635
v 346.38783021659765 481.3628782312644 -100.60817670109464
v 230.47376771659765 422.1272825281394 -103.46559857609464
v 196.64564271659765 398.39504375860815 -46.658957951094635
v 262.49720521659765 300.84426250860815 33.865456111405365
v 210.28626771659765 329.0519651453269 56.815651423905365
v 284.92689271659765 536.3736204187644 13.839088923905365
v 443.80970521659765 473.76430645392065 -49.360129826094635
v 346.38783021659765 481.3628782312644 -100.60817670109464
v 196.64564271659765 398.39504375860815 -46.658957951094635
v 209.90736146659765 476.4367307703269 -34.407981388594635
v 230.47376771659765 422.1272825281394 -103.46559857609464
v 348.84095521659765 325.38405743048315 34.141823298905365
v 443.80970521659765 473.76430645392065 -49.360129826094635
v 417.90345521659765 478.43679180548315 84.10080767390536
v 343.52454896659765 341.1492551843894 99.48166704890536
v 262.49720521659765 300.84426250860815 33.865456111405365
v 348.84095521659765 325.38405743048315 34.141823298905365
v 209.90736146659765 476.4367307703269 -34.407981388594635
v 196.64564271659765 398.39504375860815 -46.658957951094635
v 210.28626771659765 329.0519651453269 56.815651423905365
v 321.21595521659765 435.20522442267065 138.63889361140536
v 343.52454896659765 341.1492551843894 99.48166704890536
v 348.84095521659765 325.38405743048315 34.141823298905365
v 209.90736146659765 476.4367307703269 -34.407981388594635
v 284.92689271659765 536.3736204187644 13.839088923905365
v 346.38783021659765 481.3628782312644 -100.60817670109464
v 343.52454896659765 341.1492551843894 99.48166704890536
v 210.28626771659765 329.0519651453269 56.815651423905365
v 262.49720521659765 300.84426250860815 33.865456111405365
v 417.90345521659765 478.43679180548315 84.10080767390536
v 321.21595521659765 435.20522442267065 138.63889361140536
v 348.84095521659765 325.38405743048315 34.141823298905365
v 443.80970521659765 473.76430645392065 -49.360129826094635
v 402.84876771659765 561.0755247156394 51.426979548905365
v 417.90345521659765 478.43679180548315 84.10080767390536
v 284.92689271659765 536.3736204187644 13.839088923905365
v 402.84876771659765 561.0755247156394 51.426979548905365
v 443.80970521659765 473.76430645392065 -49.360129826094635
v 210.46986146659765 481.93129864142065 71.97385454890536
v 210.28626771659765 329.0519651453269 56.815651423905365
v 343.52454896659765 341.1492551843894 99.48166704890536
v 210.28626771659765 329.0519651453269 56.815651423905365
v 210.46986146659765 481.93129864142065 71.97385454890536
v 209.90736146659765 476.4367307703269 -34.407981388594635
v 226.92689271659765 587.3689207117332 -36.225364201094635
v 400.62220521659765 687.7890867273582 -72.21266888859464
v 293.20033021659765 572.6675046961082 -53.354270451094635
v 293.20033021659765 572.6675046961082 -53.354270451094635
v 400.62220521659765 687.7890867273582 -72.21266888859464
v 437.19251771659765 658.5633176843894 -6.851340763594635
v 293.20033021659765 572.6675046961082 -53.354270451094635
v 437.19251771659765 658.5633176843894 -6.851340763594635
v 402.84876771659765 561.0755247156394 51.426979548905365
v 343.52454896659765 341.1492551843894 99.48166704890536
v 321.21595521659765 435.20522442267065 138.63889361140536
v 210.46986146659765 481.93129864142065 71.97385454890536
v 209.90736146659765 476.4367307703269 -34.407981388594635
v 210.46986146659765 481.93129864142065 71.97385454890536
v 284.92689271659765 536.3736204187644 13.839088923905365
v 400.62220521659765 687.7890867273582 -72.21266888859464
v 226.92689271659765 587.3689207117332 -36.225364201094635
v 383.21595521659765 765.0297483484519 -43.270286076094635
v 226.92689271659765 587.3689207117332 -36.225364201094635
v 293.20033021659765 572.6675046961082 -53.354270451094635
v 284.92689271659765 536.3736204187644 13.839088923905365
v 284.92689271659765 536.3736204187644 13.839088923905365
v 293.20033021659765 572.6675046961082 -53.354270451094635
v 402.84876771659765 561.0755247156394 51.426979548905365
v 301.44251771659765 529.4422849695457 168.68869829890536
v 321.21595521659765 435.20522442267065 138.63889361140536
v 417.90345521659765 478.43679180548315 84.10080767390536
v 226.92689271659765 587.3689207117332 -36.225364201094635
v 213.98939271659765 700.8376707117332 -65.63845013859464
v 383.21595521659765 765.0297483484519 -43.270286076094635
v 284.92689271659765 536.3736204187644 13.839088923905365
v 210.46986146659765 481.93129864142065 71.97385454890536
v 301.44251771659765 529.4422849695457 168.68869829890536
v 321.21595521659765 435.20522442267065 138.63889361140536
v 301.44251771659765 529.4422849695457 168.68869829890536
v 210.46986146659765 481.93129864142065 71.97385454890536
v 437.19251771659765 658.5633176843894 -6.851340763594635
v 400.62220521659765 687.7890867273582 -72.21266888859464
v 495.18079896659765 687.3063596765769 67.58811236140536
v 140.61048646659765 521.0382322351707 56.407448298905365
v 226.92689271659765 587.3689207117332 -36.225364201094635
v 284.92689271659765 536.3736204187644 13.839088923905365
v 480.18861146659765 529.9685911218894 153.45139361140536
v 301.44251771659765 529.4422849695457 168.68869829890536
v 417.90345521659765 478.43679180548315 84.10080767390536
v 495.18079896659765 687.3063596765769 67.58811236140536
v 400.62220521659765 687.7890867273582 -72.21266888859464
v 383.21595521659765 765.0297483484519 -43.270286076094635
v 402.84876771659765 561.0755247156394 51.426979548905365
v 437.19251771659765 658.5633176843894 -6.851340763594635
v 495.18079896659765 687.3063596765769 67.58811236140536
v 495.18079896659765 687.3063596765769 67.58811236140536
v 497.95814271659765 609.3110593836082 166.10471392390536
v 402.84876771659765 561.0755247156394 51.426979548905365
v 201.44251771659765 562.4553464929832 145.97092486140536
v 140.61048646659765 521.0382322351707 56.407448298905365
v 284.92689271659765 536.3736204187644 13.839088923905365
v 417.90345521659765 478.43679180548315 84.10080767390536
v 402.84876771659765 561.0755247156394 51.426979548905365
v 497.95814271659765 609.3110593836082 166.10471392390536
v 480.18861146659765 529.9685911218894 153.45139361140536
v 417.90345521659765 478.43679180548315 84.10080767390536
v 497.95814271659765 609.3110593836082 166.10471392390536
v 351.05970521659765 807.1984495203269 -18.110129826094635
v 383.21595521659765 765.0297483484519 -43.270286076094635
v 213.98939271659765 700.8376707117332 -65.63845013859464
v 226.92689271659765 587.3689207117332 -36.225364201094635
v 140.61048646659765 521.0382322351707 56.407448298905365
v 157.27454896659765 689.7033933679832 24.874245173905365
v 284.92689271659765 536.3736204187644 13.839088923905365
v 301.44251771659765 529.4422849695457 168.68869829890536
v 201.44251771659765 562.4553464929832 145.97092486140536
v 226.92689271659765 587.3689207117332 -36.225364201094635
v 157.27454896659765 689.7033933679832 24.874245173905365
v 213.98939271659765 700.8376707117332 -65.63845013859464
v 351.05970521659765 807.1984495203269 -18.110129826094635
v 495.18079896659765 687.3063596765769 67.58811236140536
v 383.21595521659765 765.0297483484519 -43.270286076094635
v 201.44251771659765 562.4553464929832 145.97092486140536
v 94.34095521659765 588.5847410242332 128.87815142390536
v 140.61048646659765 521.0382322351707 56.407448298905365
v 480.18861146659765 529.9685911218894 153.45139361140536
v 441.45033021659765 577.1327756922019 229.60276079890536
v 301.44251771659765 529.4422849695457 168.68869829890536
v 213.98939271659765 700.8376707117332 -65.63845013859464
v 209.85658021659765 823.6574949304832 -8.680442326094635
v 351.05970521659765 807.1984495203269 -18.110129826094635
v 495.18079896659765 687.3063596765769 67.58811236140536
v 351.05970521659765 807.1984495203269 -18.110129826094635
v 434.30579896659765 787.2361082117332 95.64865923640536
v 94.34095521659765 588.5847410242332 128.87815142390536
v 126.57533021659765 661.370355037905 162.38694048640536
v 140.61048646659765 521.0382322351707 56.407448298905365
v 497.95814271659765 609.3110593836082 166.10471392390536
v 441.45033021659765 577.1327756922019 229.60276079890536
v 480.18861146659765 529.9685911218894 153.45139361140536
v 495.18079896659765 687.3063596765769 67.58811236140536
v 485.29798646659765 718.7930234949363 144.73166704890536
v 497.95814271659765 609.3110593836082 166.10471392390536
v 252.70814271659765 594.4807981531394 216.09787798640536
v 201.44251771659765 562.4553464929832 145.97092486140536
v 301.44251771659765 529.4422849695457 168.68869829890536
v 295.52845521659765 659.7363523523582 267.85178423640536
v 301.44251771659765 529.4422849695457 168.68869829890536
v 441.45033021659765 577.1327756922019 229.60276079890536
v 126.57533021659765 661.370355037905 162.38694048640536
v 157.27454896659765 689.7033933679832 24.874245173905365
v 140.61048646659765 521.0382322351707 56.407448298905365
v 157.27454896659765 689.7033933679832 24.874245173905365
v 209.85658021659765 823.6574949304832 -8.680442326094635
v 213.98939271659765 700.8376707117332 -65.63845013859464
v 157.27454896659765 689.7033933679832 24.874245173905365
v 90.77454896659765 731.8473753015769 84.36545611140536
v 194.82923646659765 813.7945798914207 45.264870173905365
v 497.95814271659765 609.3110593836082 166.10471392390536
v 397.35267396659765 682.6006101648582 285.44358111140536
v 441.45033021659765 577.1327756922019 229.60276079890536
v 295.52845521659765 659.7363523523582 267.85178423640536
v 252.70814271659765 594.4807981531394 216.09787798640536
v 301.44251771659765 529.4422849695457 168.68869829890536
v 126.57533021659765 661.370355037905 162.38694048640536
v 90.77454896659765 731.8473753015769 84.36545611140536
v 157.27454896659765 689.7033933679832 24.874245173905365
v 497.95814271659765 609.3110593836082 166.10471392390536
v 485.29798646659765 718.7930234949363 144.73166704890536
v 397.35267396659765 682.6006101648582 285.44358111140536
v 252.70814271659765 594.4807981531394 216.09787798640536
v 94.34095521659765 588.5847410242332 128.87815142390536
v 201.44251771659765 562.4553464929832 145.97092486140536
v 434.30579896659765 787.2361082117332 95.64865923640536
v 485.29798646659765 718.7930234949363 144.73166704890536
v 495.18079896659765 687.3063596765769 67.58811236140536
v 126.57533021659765 661.370355037905 162.38694048640536
v 94.34095521659765 588.5847410242332 128.87815142390536
v 252.70814271659765 594.4807981531394 216.09787798640536
v 441.45033021659765 577.1327756922019 229.60276079890536
v 397.35267396659765 682.6006101648582 285.44358111140536
v 295.52845521659765 659.7363523523582 267.85178423640536
v 194.82923646659765 813.7945798914207 45.264870173905365
v 209.85658021659765 823.6574949304832 -8.680442326094635
v 157.27454896659765 689.7033933679832 24.874245173905365
v 368.73158021659765 817.7649168054832 85.26487017390536
v 351.05970521659765 807.1984495203269 -18.110129826094635
v 303.05970521659765 873.485589412905 134.38303423640536
v 434.30579896659765 787.2361082117332 95.64865923640536
v 351.05970521659765 807.1984495203269 -18.110129826094635
v 368.73158021659765 817.7649168054832 85.26487017390536
v 402.23548646659765 762.1941770593894 284.33420611140536
v 397.35267396659765 682.6006101648582 285.44358111140536
v 485.29798646659765 718.7930234949363 144.73166704890536
v 351.05970521659765 807.1984495203269 -18.110129826094635
v 283.13001771659765 878.9006589929832 64.49045611140536
v 303.05970521659765 873.485589412905 134.38303423640536
v 209.85658021659765 823.6574949304832 -8.680442326094635
v 283.13001771659765 878.9006589929832 64.49045611140536
v 351.05970521659765 807.1984495203269 -18.110129826094635
v 194.82923646659765 813.7945798914207 45.264870173905365
v 90.77454896659765 731.8473753015769 84.36545611140536
v 149.05579896659765 801.6659177820457 121.38010454890536
v 210.17298646659765 694.281976131655 251.21115923640536
v 126.57533021659765 661.370355037905 162.38694048640536
v 252.70814271659765 594.4807981531394 216.09787798640536
v 357.02845521659765 824.9912962000144 209.01389361140536
v 402.23548646659765 762.1941770593894 284.33420611140536
v 485.29798646659765 718.7930234949363 144.73166704890536
v 210.17298646659765 694.281976131655 251.21115923640536
v 177.02064271659765 752.2904905359519 225.98752642390536
v 126.57533021659765 661.370355037905 162.38694048640536
v 357.02845521659765 824.9912962000144 209.01389361140536
v 434.30579896659765 787.2361082117332 95.64865923640536
v 368.73158021659765 817.7649168054832 85.26487017390536
v 283.13001771659765 878.9006589929832 64.49045611140536
v 209.85658021659765 823.6574949304832 -8.680442326094635
v 194.82923646659765 813.7945798914207 45.264870173905365
v 485.29798646659765 718.7930234949363 144.73166704890536
v 434.30579896659765 787.2361082117332 95.64865923640536
v 357.02845521659765 824.9912962000144 209.01389361140536
v 126.57533021659765 661.370355037905 162.38694048640536
v 177.02064271659765 752.2904905359519 225.98752642390536
v 90.77454896659765 731.8473753015769 84.36545611140536
v 307.09095521659765 742.5328001062644 289.93381548640536
v 210.17298646659765 694.281976131655 251.21115923640536
v 252.70814271659765 594.4807981531394 216.09787798640536
v 295.52845521659765 659.7363523523582 267.85178423640536
v 307.09095521659765 742.5328001062644 289.93381548640536
v 252.70814271659765 594.4807981531394 216.09787798640536
v 397.35267396659765 682.6006101648582 285.44358111140536
v 402.23548646659765 762.1941770593894 284.33420611140536
v 307.09095521659765 742.5328001062644 289.93381548640536
v 397.35267396659765 682.6006101648582 285.44358111140536
v 307.09095521659765 742.5328001062644 289.93381548640536
v 295.52845521659765 659.7363523523582 267.85178423640536
v 283.13001771659765 878.9006589929832 64.49045611140536
v 194.82923646659765 813.7945798914207 45.264870173905365
v 303.05970521659765 873.485589412905 134.38303423640536
v 357.02845521659765 824.9912962000144 209.01389361140536
v 368.73158021659765 817.7649168054832 85.26487017390536
v 303.05970521659765 873.485589412905 134.38303423640536
v 303.05970521659765 873.485589412905 134.38303423640536
v 194.82923646659765 813.7945798914207 45.264870173905365
v 258.33314271659765 838.9447874109519 224.75412798640536
v 177.02064271659765 752.2904905359519 225.98752642390536
v 149.05579896659765 801.6659177820457 121.38010454890536
v 90.77454896659765 731.8473753015769 84.36545611140536
v 310.57142396659765 805.3895505945457 266.39182329890536
v 210.17298646659765 694.281976131655 251.21115923640536
v 307.09095521659765 742.5328001062644 289.93381548640536
v 402.23548646659765 762.1941770593894 284.33420611140536
v 357.02845521659765 824.9912962000144 209.01389361140536
v 310.57142396659765 805.3895505945457 266.39182329890536
v 310.57142396659765 805.3895505945457 266.39182329890536
v 357.02845521659765 824.9912962000144 209.01389361140536
v 303.05970521659765 873.485589412905 134.38303423640536
v 177.02064271659765 752.2904905359519 225.98752642390536
v 210.17298646659765 694.281976131655 251.21115923640536
v 310.57142396659765 805.3895505945457 266.39182329890536
v 194.82923646659765 813.7945798914207 45.264870173905365
v 149.05579896659765 801.6659177820457 121.38010454890536
v 258.33314271659765 838.9447874109519 224.75412798640536
v 258.33314271659765 838.9447874109519 224.75412798640536
v 149.05579896659765 801.6659177820457 121.38010454890536
v 177.02064271659765 752.2904905359519 225.98752642390536
v 258.33314271659765 838.9447874109519 224.75412798640536
v 177.02064271659765 752.2904905359519 225.98752642390536
v 310.57142396659765 805.3895505945457 266.39182329890536
v 402.23548646659765 762.1941770593894 284.33420611140536
v 310.57142396659765 805.3895505945457 266.39182329890536
v 307.09095521659765 742.5328001062644 289.93381548640536
v 303.05970521659765 873.485589412905 134.38303423640536
v 258.33314271659765 838.9447874109519 224.75412798640536
v 310.57142396659765 805.3895505945457 266.39182329890536
v 624.2901739665976 614.3492368738425 296.21408892390536
v 638.2550177165976 512.4468320886863 235.41037798640536
v 619.2667364665976 489.0118955652488 156.40744829890536
v 641.2511114665976 443.4602903406394 346.11252642390536
v 638.2550177165976 512.4468320886863 235.41037798640536
v 516.7940802165976 432.44518413946753 406.10373736140536
v 641.2511114665976 443.4602903406394 346.11252642390536
v 516.7940802165976 432.44518413946753 406.10373736140536
v 535.5597052165976 383.3403867761863 347.48264361140536
v 624.2901739665976 614.3492368738425 296.21408892390536
v 571.8722052165976 559.1675352136863 386.88498736140536
v 638.2550177165976 512.4468320886863 235.41037798640536
v 638.2550177165976 512.4468320886863 235.41037798640536
v 571.8722052165976 559.1675352136863 386.88498736140536
v 516.7940802165976 432.44518413946753 406.10373736140536
v 624.2901739665976 614.3492368738425 296.21408892390536
v 619.2667364665976 489.0118955652488 156.40744829890536
v 576.1065802165976 668.6442197839988 258.17307329890536
v 576.1065802165976 668.6442197839988 258.17307329890536
v 571.8722052165976 559.1675352136863 386.88498736140536
v 624.2901739665976 614.3492368738425 296.21408892390536
v 638.2550177165976 512.4468320886863 235.41037798640536
v 641.2511114665976 443.4602903406394 346.11252642390536
v 617.2901739665976 409.28762188360815 178.82444048640536
v 619.2667364665976 489.0118955652488 156.40744829890536
v 629.2120489665976 595.1375059168113 98.24924517390536
v 576.1065802165976 668.6442197839988 258.17307329890536
v 522.9464239665976 632.3473447839988 357.84983111140536
v 571.8722052165976 559.1675352136863 386.88498736140536
v 576.1065802165976 668.6442197839988 258.17307329890536
v 638.2550177165976 512.4468320886863 235.41037798640536
v 617.2901739665976 409.28762188360815 178.82444048640536
v 619.2667364665976 489.0118955652488 156.40744829890536
v 535.5597052165976 383.3403867761863 347.48264361140536
v 617.2901739665976 409.28762188360815 178.82444048640536
v 641.2511114665976 443.4602903406394 346.11252642390536
v 577.7979864665976 428.4613889734519 105.23557329890536
v 619.2667364665976 489.0118955652488 156.40744829890536
v 617.2901739665976 409.28762188360815 178.82444048640536
v 529.8331427165976 744.4291318933738 236.30393267390536
v 522.9464239665976 632.3473447839988 357.84983111140536
v 576.1065802165976 668.6442197839988 258.17307329890536
v 576.1065802165976 668.6442197839988 258.17307329890536
v 629.2120489665976 595.1375059168113 98.24924517390536
v 567.7237677165976 690.7728208582175 134.41819048640536
v 629.2120489665976 595.1375059168113 98.24924517390536
v 619.2667364665976 489.0118955652488 156.40744829890536
v 577.7979864665976 428.4613889734519 105.23557329890536
v 444.26673646659765 448.85265484259253 320.31174517390536
v 516.7940802165976 432.44518413946753 406.10373736140536
v 571.8722052165976 559.1675352136863 386.88498736140536
v 485.68861146659765 568.6097349207175 389.73362017390536
v 571.8722052165976 559.1675352136863 386.88498736140536
v 522.9464239665976 632.3473447839988 357.84983111140536
v 516.7940802165976 432.44518413946753 406.10373736140536
v 444.26673646659765 448.85265484259253 320.31174517390536
v 535.5597052165976 383.3403867761863 347.48264361140536
v 535.5597052165976 383.3403867761863 347.48264361140536
v 450.39564271659765 426.9394163172019 220.08518267390536
v 617.2901739665976 409.28762188360815 178.82444048640536
v 567.7237677165976 690.7728208582175 134.41819048640536
v 529.8331427165976 744.4291318933738 236.30393267390536
v 576.1065802165976 668.6442197839988 258.17307329890536
v 529.8331427165976 744.4291318933738 236.30393267390536
v 408.27845521659765 674.2298521082175 339.07053423640536
v 522.9464239665976 632.3473447839988 357.84983111140536
v 485.68861146659765 568.6097349207175 389.73362017390536
v 522.9464239665976 632.3473447839988 357.84983111140536
v 408.27845521659765 674.2298521082175 339.07053423640536
v 528.3800177165976 611.1314024011863 57.847877986405365
v 629.2120489665976 595.1375059168113 98.24924517390536
v 525.5987677165976 483.7150205652488 8.621315486405365
v 629.2120489665976 595.1375059168113 98.24924517390536
v 577.7979864665976 428.4613889734519 105.23557329890536
v 525.5987677165976 483.7150205652488 8.621315486405365
v 444.26673646659765 448.85265484259253 320.31174517390536
v 450.39564271659765 426.9394163172019 220.08518267390536
v 535.5597052165976 383.3403867761863 347.48264361140536
v 450.39564271659765 426.9394163172019 220.08518267390536
v 577.7979864665976 428.4613889734519 105.23557329890536
v 617.2901739665976 409.28762188360815 178.82444048640536
v 408.27845521659765 674.2298521082175 339.07053423640536
v 529.8331427165976 744.4291318933738 236.30393267390536
v 567.7237677165976 690.7728208582175 134.41819048640536
v 629.2120489665976 595.1375059168113 98.24924517390536
v 528.3800177165976 611.1314024011863 57.847877986405365
v 567.7237677165976 690.7728208582175 134.41819048640536
v 399.54798646659765 584.9058774988425 396.56467486140536
v 485.68861146659765 568.6097349207175 389.73362017390536
v 408.27845521659765 674.2298521082175 339.07053423640536
v 571.8722052165976 559.1675352136863 386.88498736140536
v 485.68861146659765 568.6097349207175 389.73362017390536
v 444.26673646659765 448.85265484259253 320.31174517390536
v 426.81751771659765 686.1904844324363 160.16428423640536
v 408.27845521659765 674.2298521082175 339.07053423640536
v 567.7237677165976 690.7728208582175 134.41819048640536
v 390.24720521659765 601.6818174402488 52.430885798905365
v 528.3800177165976 611.1314024011863 57.847877986405365
v 525.5987677165976 483.7150205652488 8.621315486405365
v 450.39564271659765 426.9394163172019 220.08518267390536
v 501.71595521659765 423.22023907110815 103.49631548640536
v 577.7979864665976 428.4613889734519 105.23557329890536
v 528.3800177165976 611.1314024011863 57.847877986405365
v 427.23939271659765 628.054925350405 104.26389361140536
v 567.7237677165976 690.7728208582175 134.41819048640536
v 316.36439271659765 617.4839414636863 288.99338579890536
v 399.54798646659765 584.9058774988425 396.56467486140536
v 408.27845521659765 674.2298521082175 339.07053423640536
v 501.71595521659765 423.22023907110815 103.49631548640536
v 525.5987677165976 483.7150205652488 8.621315486405365
v 577.7979864665976 428.4613889734519 105.23557329890536
v 567.7237677165976 690.7728208582175 134.41819048640536
v 427.23939271659765 628.054925350405 104.26389361140536
v 426.81751771659765 686.1904844324363 160.16428423640536
v 390.24720521659765 601.6818174402488 52.430885798905365
v 427.23939271659765 628.054925350405 104.26389361140536
v 528.3800177165976 611.1314024011863 57.847877986405365
v 341.26283021659765 497.4951719324363 349.18869829890536
v 444.26673646659765 448.85265484259253 320.31174517390536
v 485.68861146659765 568.6097349207175 389.73362017390536
v 501.71595521659765 423.22023907110815 103.49631548640536
v 450.39564271659765 426.9394163172019 220.08518267390536
v 396.71204896659765 397.32128277228003 99.90842486140536
v 485.68861146659765 568.6097349207175 389.73362017390536
v 399.54798646659765 584.9058774988425 396.56467486140536
v 341.26283021659765 497.4951719324363 349.18869829890536
v 341.26283021659765 497.4951719324363 349.18869829890536
v 378.33314271659765 445.11046734259253 226.12522173640536
v 444.26673646659765 448.85265484259253 320.31174517390536
v 444.26673646659765 448.85265484259253 320.31174517390536
v 378.33314271659765 445.11046734259253 226.12522173640536
v 450.39564271659765 426.9394163172019 220.08518267390536
v 378.33314271659765 445.11046734259253 226.12522173640536
v 396.71204896659765 397.32128277228003 99.90842486140536
v 450.39564271659765 426.9394163172019 220.08518267390536
v 501.71595521659765 423.22023907110815 103.49631548640536
v 396.71204896659765 397.32128277228003 99.90842486140536
v 525.5987677165976 483.7150205652488 8.621315486405365
v 426.81751771659765 686.1904844324363 160.16428423640536
v 316.36439271659765 617.4839414636863 288.99338579890536
v 408.27845521659765 674.2298521082175 339.07053423640536
v 291.42689271659765 587.0642637293113 174.29319048640536
v 426.81751771659765 686.1904844324363 160.16428423640536
v 427.23939271659765 628.054925350405 104.26389361140536
v 369.55970521659765 505.83776226446753 34.788307673905365
v 390.24720521659765 601.6818174402488 52.430885798905365
v 525.5987677165976 483.7150205652488 8.621315486405365
v 341.26283021659765 497.4951719324363 349.18869829890536
v 294.81751771659765 519.19188824103 308.15647173640536
v 378.33314271659765 445.11046734259253 226.12522173640536
v 525.5987677165976 483.7150205652488 8.621315486405365
v 396.71204896659765 397.32128277228003 99.90842486140536
v 369.55970521659765 505.83776226446753 34.788307673905365
v 291.42689271659765 587.0642637293113 174.29319048640536
v 316.36439271659765 617.4839414636863 288.99338579890536
v 426.81751771659765 686.1904844324363 160.16428423640536
v 427.23939271659765 628.054925350405 104.26389361140536
v 390.24720521659765 601.6818174402488 52.430885798905365
v 291.42689271659765 587.0642637293113 174.29319048640536
v 316.36439271659765 617.4839414636863 288.99338579890536
v 294.81751771659765 519.19188824103 308.15647173640536
v 399.54798646659765 584.9058774988425 396.56467486140536
v 399.54798646659765 584.9058774988425 396.56467486140536
v 294.81751771659765 519.19188824103 308.15647173640536
v 341.26283021659765 497.4951719324363 349.18869829890536
v 378.33314271659765 445.11046734259253 226.12522173640536
v 294.81751771659765 519.19188824103 308.15647173640536
v 316.62611146659765 482.40380230353003 163.34104204890536
v 396.71204896659765 397.32128277228003 99.90842486140536
v 316.62611146659765 482.40380230353003 163.34104204890536
v 369.55970521659765 505.83776226446753 34.788307673905365
v 316.62611146659765 482.40380230353003 163.34104204890536
v 396.71204896659765 397.32128277228003 99.90842486140536
v 378.33314271659765 445.11046734259253 226.12522173640536
v 294.81751771659765 519.19188824103 308.15647173640536
v 316.36439271659765 617.4839414636863 288.99338579890536
v 291.42689271659765 587.0642637293113 174.29319048640536
v 316.62611146659765 482.40380230353003 163.34104204890536
v 291.42689271659765 587.0642637293113 174.29319048640536
v 369.55970521659765 505.83776226446753 34.788307673905365
v 291.42689271659765 587.0642637293113 174.29319048640536
v 390.24720521659765 601.6818174402488 52.430885798905365
v 369.55970521659765 505.83776226446753 34.788307673905365
v 294.81751771659765 519.19188824103 308.15647173640536
v 291.42689271659765 587.0642637293113 174.29319048640536
v 316.62611146659765 482.40380230353003 163.34104204890536
v 149.24720521659765 526.8472837488425 603.7472920489054
v 186.92298646659765 604.6700376550925 547.5480732989054
v 32.18861146659765 527.8751157800925 522.7453389239054
v 119.63783021659765 730.0020689050925 498.88010454890536
v 118.66517396659765 643.124749569155 550.0529561114054
v 235.96595521659765 657.6546567957175 600.9084248614054
v 32.18861146659765 527.8751157800925 522.7453389239054
v 186.92298646659765 604.6700376550925 547.5480732989054
v 20.43861146659765 567.2116025964988 440.13498736140536
v 221.82923646659765 734.34569683478 576.3976826739054
v 119.63783021659765 730.0020689050925 498.88010454890536
v 235.96595521659765 657.6546567957175 600.9084248614054
v 119.63783021659765 730.0020689050925 498.88010454890536
v 21.89173646659765 670.8187803308738 405.96604204890536
v 118.66517396659765 643.124749569155 550.0529561114054
v 118.66517396659765 643.124749569155 550.0529561114054
v 21.89173646659765 670.8187803308738 405.96604204890536
v 20.43861146659765 567.2116025964988 440.13498736140536
v 20.43861146659765 567.2116025964988 440.13498736140536
v 186.92298646659765 604.6700376550925 547.5480732989054
v 118.66517396659765 643.124749569155 550.0529561114054
v 32.18861146659765 527.8751157800925 522.7453389239054
v 20.43861146659765 567.2116025964988 440.13498736140536
v 10.33314271659765 492.3015684168113 343.47873736140536
v 119.63783021659765 730.0020689050925 498.88010454890536
v 221.82923646659765 734.34569683478 576.3976826739054
v 152.57923646659765 774.6612485925925 481.05979204890536
v 235.96595521659765 657.6546567957175 600.9084248614054
v 118.66517396659765 643.124749569155 550.0529561114054
v 186.92298646659765 604.6700376550925 547.5480732989054
v 152.57923646659765 774.6612485925925 481.05979204890536
v 21.89173646659765 670.8187803308738 405.96604204890536
v 119.63783021659765 730.0020689050925 498.88010454890536
v 294.25501771659765 567.3928770105613 553.8254170489054
v 235.96595521659765 657.6546567957175 600.9084248614054
v 186.92298646659765 604.6700376550925 547.5480732989054
v 149.24720521659765 526.8472837488425 603.7472920489054
v 32.18861146659765 527.8751157800925 522.7453389239054
v 260.30189271659765 468.52794781134253 555.4865498614054
v 221.82923646659765 734.34569683478 576.3976826739054
v 373.80579896659765 705.5970396082175 574.2472920489054
v 152.57923646659765 774.6612485925925 481.05979204890536
v 235.96595521659765 657.6546567957175 600.9084248614054
v 373.80579896659765 705.5970396082175 574.2472920489054
v 221.82923646659765 734.34569683478 576.3976826739054
v 294.25501771659765 567.3928770105613 553.8254170489054
v 373.80579896659765 705.5970396082175 574.2472920489054
v 235.96595521659765 657.6546567957175 600.9084248614054
v 186.92298646659765 604.6700376550925 547.5480732989054
v 149.24720521659765 526.8472837488425 603.7472920489054
v 294.25501771659765 567.3928770105613 553.8254170489054
v 10.33314271659765 492.3015684168113 343.47873736140536
v 70.69251771659765 431.6957334558738 397.23069048640536
v 32.18861146659765 527.8751157800925 522.7453389239054
v 87.86048646659765 732.0306333582175 344.25510454890536
v 21.89173646659765 670.8187803308738 405.96604204890536
v 152.57923646659765 774.6612485925925 481.05979204890536
v 149.24720521659765 526.8472837488425 603.7472920489054
v 260.30189271659765 468.52794781134253 555.4865498614054
v 294.25501771659765 567.3928770105613 553.8254170489054
v 70.69251771659765 431.6957334558738 397.23069048640536
v 260.30189271659765 468.52794781134253 555.4865498614054
v 32.18861146659765 527.8751157800925 522.7453389239054
v 20.43861146659765 567.2116025964988 440.13498736140536
v 21.89173646659765 670.8187803308738 405.96604204890536
v 59.97767396659765 605.2990049402488 355.93381548640536
v 20.43861146659765 567.2116025964988 440.13498736140536
v 59.97767396659765 605.2990049402488 355.93381548640536
v 10.33314271659765 492.3015684168113 343.47873736140536
v 345.06361146659765 527.6282896082175 509.52756548640536
v 294.25501771659765 567.3928770105613 553.8254170489054
v 260.30189271659765 468.52794781134253 555.4865498614054
v 166.01283021659765 782.9857725183738 355.50510454890536
v 87.86048646659765 732.0306333582175 344.25510454890536
v 152.57923646659765 774.6612485925925 481.05979204890536
v 152.57923646659765 774.6612485925925 481.05979204890536
v 373.80579896659765 705.5970396082175 574.2472920489054
v 346.93470521659765 782.0960630457175 475.79026079890536
v 373.80579896659765 705.5970396082175 574.2472920489054
v 294.25501771659765 567.3928770105613 553.8254170489054
v 345.06361146659765 527.6282896082175 509.52756548640536
v 153.48939271659765 500.8184446375144 280.06076861140536
v 10.33314271659765 492.3015684168113 343.47873736140536
v 59.97767396659765 605.2990049402488 355.93381548640536
v 60.30970521659765 683.6885313074363 292.29612017390536
v 21.89173646659765 670.8187803308738 405.96604204890536
v 87.86048646659765 732.0306333582175 344.25510454890536
v 60.30970521659765 683.6885313074363 292.29612017390536
v 86.29408021659765 610.79784527228 215.04221392390536
v 21.89173646659765 670.8187803308738 405.96604204890536
v 260.30189271659765 468.52794781134253 555.4865498614054
v 380.68470521659765 508.3571104089988 412.53928423640536
v 345.06361146659765 527.6282896082175 509.52756548640536
v 10.33314271659765 492.3015684168113 343.47873736140536
v 153.48939271659765 500.8184446375144 280.06076861140536
v 70.69251771659765 431.6957334558738 397.23069048640536
v 21.89173646659765 670.8187803308738 405.96604204890536
v 86.29408021659765 610.79784527228 215.04221392390536
v 59.97767396659765 605.2990049402488 355.93381548640536
v 70.69251771659765 431.6957334558738 397.23069048640536
v 281.39564271659765 465.72240581915503 325.96018267390536
v 260.30189271659765 468.52794781134253 555.4865498614054
v 346.93470521659765 782.0960630457175 475.79026079890536
v 166.01283021659765 782.9857725183738 355.50510454890536
v 152.57923646659765 774.6612485925925 481.05979204890536
v 166.01283021659765 782.9857725183738 355.50510454890536
v 170.92689271659765 758.4424985925925 241.44651079890536
v 87.86048646659765 732.0306333582175 344.25510454890536
v 60.30970521659765 683.6885313074363 292.29612017390536
v 87.86048646659765 732.0306333582175 344.25510454890536
v 170.92689271659765 758.4424985925925 241.44651079890536
v 60.30970521659765 683.6885313074363 292.29612017390536
v 89.22376771659765 695.1742490808738 178.69748736140536
v 86.29408021659765 610.79784527228 215.04221392390536
v 440.38392396659765 717.1675352136863 493.92112017390536
v 373.80579896659765 705.5970396082175 574.2472920489054
v 492.15736146659765 579.12304058478 469.99924517390536
v 373.80579896659765 705.5970396082175 574.2472920489054
v 345.06361146659765 527.6282896082175 509.52756548640536
v 492.15736146659765 579.12304058478 469.99924517390536
v 153.48939271659765 500.8184446375144 280.06076861140536
v 281.39564271659765 465.72240581915503 325.96018267390536
v 70.69251771659765 431.6957334558738 397.23069048640536
v 281.39564271659765 465.72240581915503 325.96018267390536
v 380.68470521659765 508.3571104089988 412.53928423640536
v 260.30189271659765 468.52794781134253 555.4865498614054
v 170.92689271659765 758.4424985925925 241.44651079890536
v 166.01283021659765 782.9857725183738 355.50510454890536
v 346.93470521659765 782.0960630457175 475.79026079890536
v 373.80579896659765 705.5970396082175 574.2472920489054
v 440.38392396659765 717.1675352136863 493.92112017390536
v 346.93470521659765 782.0960630457175 475.79026079890536
v 89.22376771659765 695.1742490808738 178.69748736140536
v 60.30970521659765 683.6885313074363 292.29612017390536
v 170.92689271659765 758.4424985925925 241.44651079890536
v 59.97767396659765 605.2990049402488 355.93381548640536
v 86.29408021659765 610.79784527228 215.04221392390536
v 153.48939271659765 500.8184446375144 280.06076861140536
v 345.52845521659765 768.368401912905 286.16916704890536
v 170.92689271659765 758.4424985925925 241.44651079890536
v 346.93470521659765 782.0960630457175 475.79026079890536
v 549.9425177165976 627.64257183478 274.52072954890536
v 440.38392396659765 717.1675352136863 493.92112017390536
v 492.15736146659765 579.12304058478 469.99924517390536
v 440.38392396659765 717.1675352136863 493.92112017390536
v 462.42689271659765 740.1588071863425 358.70041704890536
v 346.93470521659765 782.0960630457175 475.79026079890536
v 326.36439271659765 668.6917051355613 86.44846392390536
v 89.22376771659765 695.1742490808738 178.69748736140536
v 170.92689271659765 758.4424985925925 241.44651079890536
v 380.68470521659765 508.3571104089988 412.53928423640536
v 492.15736146659765 579.12304058478 469.99924517390536
v 345.06361146659765 527.6282896082175 509.52756548640536
v 346.93470521659765 782.0960630457175 475.79026079890536
v 462.42689271659765 740.1588071863425 358.70041704890536
v 345.52845521659765 768.368401912905 286.16916704890536
v 549.9425177165976 627.64257183478 274.52072954890536
v 462.42689271659765 740.1588071863425 358.70041704890536
v 440.38392396659765 717.1675352136863 493.92112017390536
v 165.68079896659765 549.075433162905 132.47483111140536
v 153.48939271659765 500.8184446375144 280.06076861140536
v 86.29408021659765 610.79784527228 215.04221392390536
v 380.68470521659765 508.3571104089988 412.53928423640536
v 281.39564271659765 465.72240581915503 325.96018267390536
v 449.20033021659765 484.3465208093894 239.99143267390536
v 86.29408021659765 610.79784527228 215.04221392390536
v 89.22376771659765 695.1742490808738 178.69748736140536
v 165.68079896659765 549.075433162905 132.47483111140536
v 165.68079896659765 549.075433162905 132.47483111140536
v 305.19642396659765 475.9731992761863 231.38108111140536
v 153.48939271659765 500.8184446375144 280.06076861140536
v 153.48939271659765 500.8184446375144 280.06076861140536
v 305.19642396659765 475.9731992761863 231.38108111140536
v 281.39564271659765 465.72240581915503 325.96018267390536
v 305.19642396659765 475.9731992761863 231.38108111140536
v 449.20033021659765 484.3465208093894 239.99143267390536
v 281.39564271659765 465.72240581915503 325.96018267390536
v 380.68470521659765 508.3571104089988 412.53928423640536
v 449.20033021659765 484.3465208093894 239.99143267390536
v 492.15736146659765 579.12304058478 469.99924517390536
v 345.52845521659765 768.368401912905 286.16916704890536
v 326.36439271659765 668.6917051355613 86.44846392390536
v 170.92689271659765 758.4424985925925 241.44651079890536
v 414.47767396659765 620.8013853113425 92.04904986140536
v 345.52845521659765 768.368401912905 286.16916704890536
v 462.42689271659765 740.1588071863425 358.70041704890536
v 509.88392396659765 543.061273006655 314.25608111140536
v 549.9425177165976 627.64257183478 274.52072954890536
v 492.15736146659765 579.12304058478 469.99924517390536
v 165.68079896659765 549.075433162905 132.47483111140536
v 265.52454896659765 567.2125181238425 67.77756548640536
v 305.19642396659765 475.9731992761863 231.38108111140536
v 492.15736146659765 579.12304058478 469.99924517390536
v 449.20033021659765 484.3465208093894 239.99143267390536
v 509.88392396659765 543.061273006655 314.25608111140536
v 414.47767396659765 620.8013853113425 92.04904986140536
v 326.36439271659765 668.6917051355613 86.44846392390536
v 345.52845521659765 768.368401912905 286.16916704890536
v 462.42689271659765 740.1588071863425 358.70041704890536
v 549.9425177165976 627.64257183478 274.52072954890536
v 414.47767396659765 620.8013853113425 92.04904986140536
v 326.36439271659765 668.6917051355613 86.44846392390536
v 265.52454896659765 567.2125181238425 67.77756548640536
v 89.22376771659765 695.1742490808738 178.69748736140536
v 89.22376771659765 695.1742490808738 178.69748736140536
v 265.52454896659765 567.2125181238425 67.77756548640536
v 165.68079896659765 549.075433162905 132.47483111140536
v 305.19642396659765 475.9731992761863 231.38108111140536
v 265.52454896659765 567.2125181238425 67.77756548640536
v 499.61829896659765 506.32961407110815 202.17502642390536
v 449.20033021659765 484.3465208093894 239.99143267390536
v 499.61829896659765 506.32961407110815 202.17502642390536
v 509.88392396659765 543.061273006655 314.25608111140536
v 499.61829896659765 506.32961407110815 202.17502642390536
v 449.20033021659765 484.3465208093894 239.99143267390536
v 305.19642396659765 475.9731992761863 231.38108111140536
v 265.52454896659765 567.2125181238425 67.77756548640536
v 326.36439271659765 668.6917051355613 86.44846392390536
v 414.47767396659765 620.8013853113425 92.04904986140536
v 499.61829896659765 506.32961407110815 202.17502642390536
v 414.47767396659765 620.8013853113425 92.04904986140536
v 509.88392396659765 543.061273006655 314.25608111140536
v 414.47767396659765 620.8013853113425 92.04904986140536
v 549.9425177165976 627.64257183478 274.52072954890536
v 509.88392396659765 543.061273006655 314.25608111140536
v 265.52454896659765 567.2125181238425 67.77756548640536
v 414.47767396659765 620.8013853113425 92.04904986140536
v 499.61829896659765 506.32961407110815 202.17502642390536
v 46.85267396659765 520.4022153894675 102.81467486140536
v 203.05970521659765 524.18114605353 193.69846392390536
v 103.37611146659765 534.49462261603 255.01975298640536
v 203.05970521659765 524.18114605353 193.69846392390536
v 46.85267396659765 520.4022153894675 102.81467486140536
v 192.56751771659765 519.62059917853 89.60373736140536
v 203.05970521659765 524.18114605353 193.69846392390536
v 167.45814271659765 582.767815975405 318.60862017390536
v 103.37611146659765 534.49462261603 255.01975298640536
v 192.56751771659765 519.62059917853 89.60373736140536
v -1.7918572834023507 569.6931699793113 34.175026423905365
v 75.88783021659765 646.894769100405 11.550026423905365
v 192.56751771659765 519.62059917853 89.60373736140536
v 46.85267396659765 520.4022153894675 102.81467486140536
v -1.7918572834023507 569.6931699793113 34.175026423905365
v 203.05970521659765 524.18114605353 193.69846392390536
v 192.56751771659765 519.62059917853 89.60373736140536
v 258.64564271659765 583.5714048425925 80.78635454890536
v 203.05970521659765 524.18114605353 193.69846392390536
v 258.64564271659765 583.5714048425925 80.78635454890536
v 274.72376771659765 598.104730037905 248.07932329890536
v 258.64564271659765 583.5714048425925 80.78635454890536
v 192.56751771659765 519.62059917853 89.60373736140536
v 75.88783021659765 646.894769100405 11.550026423905365
v 167.45814271659765 582.767815975405 318.60862017390536
v 203.05970521659765 524.18114605353 193.69846392390536
v 274.72376771659765 598.104730037905 248.07932329890536
v 46.85267396659765 520.4022153894675 102.81467486140536
v -23.46373228340235 636.6700986902488 183.47092486140536
v -1.7918572834023507 569.6931699793113 34.175026423905365
v 46.85267396659765 520.4022153894675 102.81467486140536
v 103.37611146659765 534.49462261603 255.01975298640536
v -23.46373228340235 636.6700986902488 183.47092486140536
v -1.7918572834023507 569.6931699793113 34.175026423905365
v -23.46373228340235 636.6700986902488 183.47092486140536
v 75.88783021659765 646.894769100405 11.550026423905365
v 103.37611146659765 534.49462261603 255.01975298640536
v 167.45814271659765 582.767815975405 318.60862017390536
v -23.46373228340235 636.6700986902488 183.47092486140536
v 258.64564271659765 583.5714048425925 80.78635454890536
v 75.88783021659765 646.894769100405 11.550026423905365
v 131.76283021659765 690.3170103113425 131.24924517390536
v -23.46373228340235 636.6700986902488 183.47092486140536
v 167.45814271659765 582.767815975405 318.60862017390536
v 90.77064271659765 687.007073787905 224.12912798640536
v 274.72376771659765 598.104730037905 248.07932329890536
v 258.64564271659765 583.5714048425925 80.78635454890536
v 131.76283021659765 690.3170103113425 131.24924517390536
v 75.88783021659765 646.894769100405 11.550026423905365
v -23.46373228340235 636.6700986902488 183.47092486140536
v 131.76283021659765 690.3170103113425 131.24924517390536
v 167.45814271659765 582.767815975405 318.60862017390536
v 274.72376771659765 598.104730037905 248.07932329890536
v 90.77064271659765 687.007073787905 224.12912798640536
v -23.46373228340235 636.6700986902488 183.47092486140536
v 90.77064271659765 687.007073787905 224.12912798640536
v 131.76283021659765 690.3170103113425 131.24924517390536
v 90.77064271659765 687.007073787905 224.12912798640536
v 274.72376771659765 598.104730037905 248.07932329890536
v 131.76283021659765 690.3170103113425 131.24924517390536
v -27.23716978340235 488.65139141485815 35.645729548905365
v 98.28626771659765 542.3660520593894 71.54514361140536
v 126.27845521659765 471.9705442468894 51.195534236405365
v 166.05970521659765 412.91384258673315 96.17990923640536
v -27.23716978340235 488.65139141485815 35.645729548905365
v 126.27845521659765 471.9705442468894 51.195534236405365
v 192.54798646659765 492.9364866297019 150.33322954890536
v 126.27845521659765 471.9705442468894 51.195534236405365
v 98.28626771659765 542.3660520593894 71.54514361140536
v 195.15345521659765 412.68728008673315 121.75510454890536
v 166.05970521659765 412.91384258673315 96.17990923640536
v 126.27845521659765 471.9705442468894 51.195534236405365
v 195.15345521659765 412.68728008673315 121.75510454890536
v 126.27845521659765 471.9705442468894 51.195534236405365
v 267.63001771659765 472.1697629968894 237.28830767390536
v 192.54798646659765 492.9364866297019 150.33322954890536
v 267.63001771659765 472.1697629968894 237.28830767390536
v 126.27845521659765 471.9705442468894 51.195534236405365
v -42.17857603340235 430.8515256922019 94.92209673640536
v -27.23716978340235 488.65139141485815 35.645729548905365
v 166.05970521659765 412.91384258673315 96.17990923640536
v -42.17857603340235 430.8515256922019 94.92209673640536
v 166.05970521659765 412.91384258673315 96.17990923640536
v 22.98939271659765 384.6519102136863 130.21701861140536
v 54.45423646659765 565.7762693445457 123.38694048640536
v 111.56361146659765 551.6853879968894 196.82737017390536
v 98.28626771659765 542.3660520593894 71.54514361140536
v 98.28626771659765 542.3660520593894 71.54514361140536
v 111.56361146659765 551.6853879968894 196.82737017390536
v 192.54798646659765 492.9364866297019 150.33322954890536
v 98.28626771659765 542.3660520593894 71.54514361140536
v -27.23716978340235 488.65139141485815 35.645729548905365
v 54.45423646659765 565.7762693445457 123.38694048640536
v 267.63001771659765 472.1697629968894 237.28830767390536
v 191.29408021659765 354.5126279871238 227.21604204890536
v 195.15345521659765 412.68728008673315 121.75510454890536
v 166.05970521659765 412.91384258673315 96.17990923640536
v 195.15345521659765 412.68728008673315 121.75510454890536
v 191.29408021659765 354.5126279871238 227.21604204890536
v -42.17857603340235 430.8515256922019 94.92209673640536
v 22.98939271659765 384.6519102136863 130.21701861140536
v -62.47935728340235 399.4197324793113 41.702370173905365
v -62.47935728340235 399.4197324793113 41.702370173905365
v 22.98939271659765 384.6519102136863 130.21701861140536
v -86.83091978340235 308.13295879767065 63.592995173905365
v 166.05970521659765 412.91384258673315 96.17990923640536
v 191.29408021659765 354.5126279871238 227.21604204890536
v 35.46595521659765 353.41518536017065 180.21994829890536
v 35.46595521659765 353.41518536017065 180.21994829890536
v -86.83091978340235 308.13295879767065 63.592995173905365
v 22.98939271659765 384.6519102136863 130.21701861140536
v 267.63001771659765 472.1697629968894 237.28830767390536
v 273.19642396659765 474.8918088953269 339.79221392390536
v 191.29408021659765 354.5126279871238 227.21604204890536
v 35.46595521659765 353.41518536017065 180.21994829890536
v 22.98939271659765 384.6519102136863 130.21701861140536
v 166.05970521659765 412.91384258673315 96.17990923640536
v -62.47935728340235 399.4197324793113 41.702370173905365
v -86.83091978340235 308.13295879767065 63.592995173905365
v -178.38170103340235 408.5111936609519 95.20041704890536
v 192.54798646659765 492.9364866297019 150.33322954890536
v 111.56361146659765 551.6853879968894 196.82737017390536
v 267.63001771659765 472.1697629968894 237.28830767390536
v -62.47935728340235 399.4197324793113 41.702370173905365
v -178.38170103340235 408.5111936609519 95.20041704890536
v -42.17857603340235 430.8515256922019 94.92209673640536
v -27.23716978340235 488.65139141485815 35.645729548905365
v -26.26060728340235 559.6943601648582 186.32053423640536
v 54.45423646659765 565.7762693445457 123.38694048640536
v -27.23716978340235 488.65139141485815 35.645729548905365
v -175.80748228340235 485.9972776453269 166.14377642390536
v -26.26060728340235 559.6943601648582 186.32053423640536
v -42.17857603340235 430.8515256922019 94.92209673640536
v -175.80748228340235 485.9972776453269 166.14377642390536
v -27.23716978340235 488.65139141485815 35.645729548905365
v 35.46595521659765 353.41518536017065 180.21994829890536
v 191.29408021659765 354.5126279871238 227.21604204890536
v 78.95033021659765 274.0139707605613 200.71408892390536
v 191.29408021659765 354.5126279871238 227.21604204890536
v 128.80189271659765 324.1459287683738 280.29319048640536
v 78.95033021659765 274.0139707605613 200.71408892390536
v 111.56361146659765 551.6853879968894 196.82737017390536
v 143.52454896659765 552.7146848718894 302.62815142390536
v 267.63001771659765 472.1697629968894 237.28830767390536
v 267.63001771659765 472.1697629968894 237.28830767390536
v 191.88783021659765 477.49709453985815 458.37229204890536
v 273.19642396659765 474.8918088953269 339.79221392390536
v -175.80748228340235 485.9972776453269 166.14377642390536
v -42.17857603340235 430.8515256922019 94.92209673640536
v -178.38170103340235 408.5111936609519 95.20041704890536
v 273.19642396659765 474.8918088953269 339.79221392390536
v 254.70033021659765 417.21581402228003 411.79123736140536
v 191.29408021659765 354.5126279871238 227.21604204890536
v -86.83091978340235 308.13295879767065 63.592995173905365
v 35.46595521659765 353.41518536017065 180.21994829890536
v -50.18248228340235 291.1042112390769 157.02072954890536
v -178.38170103340235 408.5111936609519 95.20041704890536
v -86.83091978340235 308.13295879767065 63.592995173905365
v -135.65904478340235 289.1798643152488 155.97092486140536
v -50.18248228340235 291.1042112390769 157.02072954890536
v 35.46595521659765 353.41518536017065 180.21994829890536
v 78.95033021659765 274.0139707605613 200.71408892390536
v 59.83704896659765 574.3979124109519 305.40842486140536
v 111.56361146659765 551.6853879968894 196.82737017390536
v 54.45423646659765 565.7762693445457 123.38694048640536
v 125.03236146659765 341.8789915125144 405.32541704890536
v 128.80189271659765 324.1459287683738 280.29319048640536
v 191.29408021659765 354.5126279871238 227.21604204890536
v 128.80189271659765 324.1459287683738 280.29319048640536
v 17.23939271659765 298.0764707605613 345.98069048640536
v 78.95033021659765 274.0139707605613 200.71408892390536
v 254.70033021659765 417.21581402228003 411.79123736140536
v 125.03236146659765 341.8789915125144 405.32541704890536
v 191.29408021659765 354.5126279871238 227.21604204890536
v -135.65904478340235 289.1798643152488 155.97092486140536
v -86.83091978340235 308.13295879767065 63.592995173905365
v -50.18248228340235 291.1042112390769 157.02072954890536
v 143.52454896659765 552.7146848718894 302.62815142390536
v 191.88783021659765 477.49709453985815 458.37229204890536
v 267.63001771659765 472.1697629968894 237.28830767390536
v -50.18248228340235 291.1042112390769 157.02072954890536
v -40.96373228340235 306.0657590906394 263.22385454890536
v -135.65904478340235 289.1798643152488 155.97092486140536
v 143.52454896659765 552.7146848718894 302.62815142390536
v 111.56361146659765 551.6853879968894 196.82737017390536
v 59.83704896659765 574.3979124109519 305.40842486140536
v 78.95033021659765 274.0139707605613 200.71408892390536
v -40.96373228340235 306.0657590906394 263.22385454890536
v -50.18248228340235 291.1042112390769 157.02072954890536
v -26.26060728340235 559.6943601648582 186.32053423640536
v 59.83704896659765 574.3979124109519 305.40842486140536
v 54.45423646659765 565.7762693445457 123.38694048640536
v -26.26060728340235 559.6943601648582 186.32053423640536
v -175.80748228340235 485.9972776453269 166.14377642390536
v -202.24107603340235 536.9325193445457 208.99240923640536
v -135.65904478340235 289.1798643152488 155.97092486140536
v -216.92466978340235 359.42189922735815 148.59787798640536
v -178.38170103340235 408.5111936609519 95.20041704890536
v 17.23939271659765 298.0764707605613 345.98069048640536
v -40.96373228340235 306.0657590906394 263.22385454890536
v 78.95033021659765 274.0139707605613 200.71408892390536
v 126.07142396659765 510.56728496954565 431.22873736140536
v 191.88783021659765 477.49709453985815 458.37229204890536
v 143.52454896659765 552.7146848718894 302.62815142390536
v 273.19642396659765 474.8918088953269 339.79221392390536
v 191.88783021659765 477.49709453985815 458.37229204890536
v 254.70033021659765 417.21581402228003 411.79123736140536
v -175.80748228340235 485.9972776453269 166.14377642390536
v -178.38170103340235 408.5111936609519 95.20041704890536
v -216.92466978340235 359.42189922735815 148.59787798640536
v -40.96373228340235 306.0657590906394 263.22385454890536
v -89.26060728340235 342.35570660040503 264.55783892390536
v -135.65904478340235 289.1798643152488 155.97092486140536
v 59.83704896659765 574.3979124109519 305.40842486140536
v 126.07142396659765 510.56728496954565 431.22873736140536
v 143.52454896659765 552.7146848718894 302.62815142390536
v -216.92466978340235 359.42189922735815 148.59787798640536
v -172.99498228340235 383.3451780359519 243.54123736140536
v -175.80748228340235 485.9972776453269 166.14377642390536
v -172.99498228340235 383.3451780359519 243.54123736140536
v -216.92466978340235 359.42189922735815 148.59787798640536
v -135.65904478340235 289.1798643152488 155.97092486140536
v -89.26060728340235 342.35570660040503 264.55783892390536
v -172.99498228340235 383.3451780359519 243.54123736140536
v -135.65904478340235 289.1798643152488 155.97092486140536
v -81.64732603340235 579.0605100672019 310.54709673640536
v 59.83704896659765 574.3979124109519 305.40842486140536
v -26.26060728340235 559.6943601648582 186.32053423640536
v 129.55970521659765 407.4593137781394 521.9533467364054
v 125.03236146659765 341.8789915125144 405.32541704890536
v 254.70033021659765 417.21581402228003 411.79123736140536
v 128.80189271659765 324.1459287683738 280.29319048640536
v 125.03236146659765 341.8789915125144 405.32541704890536
v 17.23939271659765 298.0764707605613 345.98069048640536
v -26.26060728340235 559.6943601648582 186.32053423640536
v -191.99498228340235 509.8252805750144 326.15451861140536
v -81.64732603340235 579.0605100672019 310.54709673640536
v -202.24107603340235 536.9325193445457 208.99240923640536
v -191.99498228340235 509.8252805750144 326.15451861140536
v -26.26060728340235 559.6943601648582 186.32053423640536
v 254.70033021659765 417.21581402228003 411.79123736140536
v 191.88783021659765 477.49709453985815 458.37229204890536
v 129.55970521659765 407.4593137781394 521.9533467364054
v 59.83704896659765 574.3979124109519 305.40842486140536
v -64.68248228340235 553.0531858484519 441.92307329890536
v 63.84876771659765 561.2737669031394 390.11447954890536
v 63.84876771659765 561.2737669031394 390.11447954890536
v 126.07142396659765 510.56728496954565 431.22873736140536
v 59.83704896659765 574.3979124109519 305.40842486140536
v -175.80748228340235 485.9972776453269 166.14377642390536
v -172.99498228340235 383.3451780359519 243.54123736140536
v -227.98326353340235 442.15856304571753 338.76096392390536
v -81.64732603340235 579.0605100672019 310.54709673640536
v -64.68248228340235 553.0531858484519 441.92307329890536
v 59.83704896659765 574.3979124109519 305.40842486140536
v 126.07142396659765 510.56728496954565 431.22873736140536
v 129.55970521659765 407.4593137781394 521.9533467364054
v 191.88783021659765 477.49709453985815 458.37229204890536
v 125.03236146659765 341.8789915125144 405.32541704890536
v -61.40123228340235 328.1282590906394 407.27756548640536
v 17.23939271659765 298.0764707605613 345.98069048640536
v -61.40123228340235 328.1282590906394 407.27756548640536
v -40.96373228340235 306.0657590906394 263.22385454890536
v 17.23939271659765 298.0764707605613 345.98069048640536
v -175.80748228340235 485.9972776453269 166.14377642390536
v -227.98326353340235 442.15856304571753 338.76096392390536
v -202.24107603340235 536.9325193445457 208.99240923640536
v -40.96373228340235 306.0657590906394 263.22385454890536
v -132.65123228340235 357.79995098517065 390.16916704890536
v -89.26060728340235 342.35570660040503 264.55783892390536
v 52.91126771659765 577.3029417078269 566.6926045489054
v 126.07142396659765 510.56728496954565 431.22873736140536
v 63.84876771659765 561.2737669031394 390.11447954890536
v -81.64732603340235 579.0605100672019 310.54709673640536
v -191.99498228340235 509.8252805750144 326.15451861140536
v -64.68248228340235 553.0531858484519 441.92307329890536
v -89.26060728340235 342.35570660040503 264.55783892390536
v -184.79576353340235 432.02407207892065 429.30686236140536
v -172.99498228340235 383.3451780359519 243.54123736140536
v 129.55970521659765 407.4593137781394 521.9533467364054
v 22.40345521659765 331.40697613165503 458.57639361140536
v 125.03236146659765 341.8789915125144 405.32541704890536
v -61.40123228340235 328.1282590906394 407.27756548640536
v -132.65123228340235 357.79995098517065 390.16916704890536
v -40.96373228340235 306.0657590906394 263.22385454890536
v 22.40345521659765 331.40697613165503 458.57639361140536
v -61.40123228340235 328.1282590906394 407.27756548640536
v 125.03236146659765 341.8789915125144 405.32541704890536
v -13.06138853340235 602.9227537195457 444.89768267390536
v 52.91126771659765 577.3029417078269 566.6926045489054
v 63.84876771659765 561.2737669031394 390.11447954890536
v -227.98326353340235 442.15856304571753 338.76096392390536
v -191.99498228340235 509.8252805750144 326.15451861140536
v -202.24107603340235 536.9325193445457 208.99240923640536
v -13.06138853340235 602.9227537195457 444.89768267390536
v 63.84876771659765 561.2737669031394 390.11447954890536
v -64.68248228340235 553.0531858484519 441.92307329890536
v -184.79576353340235 432.02407207892065 429.30686236140536
v -227.98326353340235 442.15856304571753 338.76096392390536
v -172.99498228340235 383.3451780359519 243.54123736140536
v -89.26060728340235 342.35570660040503 264.55783892390536
v -132.65123228340235 357.79995098517065 390.16916704890536
v -184.79576353340235 432.02407207892065 429.30686236140536
v 126.07142396659765 510.56728496954565 431.22873736140536
v 52.91126771659765 577.3029417078269 566.6926045489054
v 129.55970521659765 407.4593137781394 521.9533467364054
v -184.79576353340235 432.02407207892065 429.30686236140536
v -132.65123228340235 357.79995098517065 390.16916704890536
v -61.40123228340235 328.1282590906394 407.27756548640536
v -184.79576353340235 432.02407207892065 429.30686236140536
v -191.99498228340235 509.8252805750144 326.15451861140536
v -227.98326353340235 442.15856304571753 338.76096392390536
v 129.55970521659765 407.4593137781394 521.9533467364054
v -19.50670103340235 457.6639036218894 544.9816670489054
v 22.40345521659765 331.40697613165503 458.57639361140536
v -184.79576353340235 432.02407207892065 429.30686236140536
v -61.40123228340235 328.1282590906394 407.27756548640536
v 22.40345521659765 331.40697613165503 458.57639361140536
v -184.79576353340235 432.02407207892065 429.30686236140536
v -91.20591978340235 446.4333128015769 511.35959673640536
v -191.99498228340235 509.8252805750144 326.15451861140536
v -39.48716978340235 577.8097166101707 553.0695576739054
v 52.91126771659765 577.3029417078269 566.6926045489054
v -13.06138853340235 602.9227537195457 444.89768267390536
v -64.68248228340235 553.0531858484519 441.92307329890536
v -39.48716978340235 577.8097166101707 553.0695576739054
v -13.06138853340235 602.9227537195457 444.89768267390536
v -91.20591978340235 446.4333128015769 511.35959673640536
v -184.79576353340235 432.02407207892065 429.30686236140536
v 22.40345521659765 331.40697613165503 458.57639361140536
v 52.91126771659765 577.3029417078269 566.6926045489054
v -19.50670103340235 457.6639036218894 544.9816670489054
v 129.55970521659765 407.4593137781394 521.9533467364054
v -19.50670103340235 457.6639036218894 544.9816670489054
v -64.68248228340235 553.0531858484519 441.92307329890536
v -191.99498228340235 509.8252805750144 326.15451861140536
v -19.50670103340235 457.6639036218894 544.9816670489054
v -191.99498228340235 509.8252805750144 326.15451861140536
v -91.20591978340235 446.4333128015769 511.35959673640536
v -19.50670103340235 457.6639036218894 544.9816670489054
v -91.20591978340235 446.4333128015769 511.35959673640536
v 22.40345521659765 331.40697613165503 458.57639361140536
v -19.50670103340235 457.6639036218894 544.9816670489054
v 52.91126771659765 577.3029417078269 566.6926045489054
v -39.48716978340235 577.8097166101707 553.0695576739054
v -39.48716978340235 577.8097166101707 553.0695576739054
v -64.68248228340235 553.0531858484519 441.92307329890536
v -19.50670103340235 457.6639036218894 544.9816670489054
v 462.53236146659765 501.7476133386863 401.55295611140536
v 386.96986146659765 407.2189268152488 379.59592486140536
v 375.39173646659765 417.60778179571753 467.80393267390536
v 399.86439271659765 334.9601682703269 319.05979204890536
v 386.96986146659765 407.2189268152488 379.59592486140536
v 515.3370489665976 328.25621929571753 262.72190142390536
v 462.53236146659765 501.7476133386863 401.55295611140536
v 464.69642396659765 421.6120237390769 280.75901079890536
v 386.96986146659765 407.2189268152488 379.59592486140536
v 386.96986146659765 407.2189268152488 379.59592486140536
v 464.69642396659765 421.6120237390769 280.75901079890536
v 515.3370489665976 328.25621929571753 262.72190142390536
v 422.60658021659765 312.18529644415503 475.60569048640536
v 375.39173646659765 417.60778179571753 467.80393267390536
v 386.96986146659765 407.2189268152488 379.59592486140536
v 386.96986146659765 407.2189268152488 379.59592486140536
v 399.86439271659765 334.9601682703269 319.05979204890536
v 422.60658021659765 312.18529644415503 475.60569048640536
v 375.39173646659765 417.60778179571753 467.80393267390536
v 413.75892396659765 447.25600567267065 551.1603779864054
v 462.53236146659765 501.7476133386863 401.55295611140536
v 422.60658021659765 312.18529644415503 475.60569048640536
v 413.75892396659765 447.25600567267065 551.1603779864054
v 375.39173646659765 417.60778179571753 467.80393267390536
v 399.86439271659765 334.9601682703269 319.05979204890536
v 515.3370489665976 328.25621929571753 262.72190142390536
v 498.10658021659765 291.2866758386863 317.31565142390536
v 510.76283021659765 475.43431988165503 308.38596392390536
v 464.69642396659765 421.6120237390769 280.75901079890536
v 462.53236146659765 501.7476133386863 401.55295611140536
v 498.10658021659765 291.2866758386863 317.31565142390536
v 422.60658021659765 312.18529644415503 475.60569048640536
v 399.86439271659765 334.9601682703269 319.05979204890536
v 504.49720521659765 557.9654478113425 421.32346392390536
v 510.76283021659765 475.43431988165503 308.38596392390536
v 462.53236146659765 501.7476133386863 401.55295611140536
v 462.53236146659765 501.7476133386863 401.55295611140536
v 413.75892396659765 447.25600567267065 551.1603779864054
v 469.09095521659765 517.7689146082175 517.1740498614054
v 413.75892396659765 447.25600567267065 551.1603779864054
v 422.60658021659765 312.18529644415503 475.60569048640536
v 462.45033021659765 323.42531719610815 543.9416279864054
v 583.4425177165976 339.1678098718894 342.56467486140536
v 515.3370489665976 328.25621929571753 262.72190142390536
v 464.69642396659765 421.6120237390769 280.75901079890536
v 608.0557989665976 400.1653684656394 280.42209673640536
v 464.69642396659765 421.6120237390769 280.75901079890536
v 510.76283021659765 475.43431988165503 308.38596392390536
v 515.3370489665976 328.25621929571753 262.72190142390536
v 583.4425177165976 339.1678098718894 342.56467486140536
v 498.10658021659765 291.2866758386863 317.31565142390536
v 583.4425177165976 339.1678098718894 342.56467486140536
v 464.69642396659765 421.6120237390769 280.75901079890536
v 608.0557989665976 400.1653684656394 280.42209673640536
v 498.10658021659765 291.2866758386863 317.31565142390536
v 578.9425177165976 322.9611448328269 435.86643267390536
v 422.60658021659765 312.18529644415503 475.60569048640536
v 469.09095521659765 517.7689146082175 517.1740498614054
v 504.49720521659765 557.9654478113425 421.32346392390536
v 462.53236146659765 501.7476133386863 401.55295611140536
v 504.49720521659765 557.9654478113425 421.32346392390536
v 618.1886114665976 505.1315549890769 322.97873736140536
v 510.76283021659765 475.43431988165503 308.38596392390536
v 608.0557989665976 400.1653684656394 280.42209673640536
v 510.76283021659765 475.43431988165503 308.38596392390536
v 618.1886114665976 505.1315549890769 322.97873736140536
v 507.74329896659765 460.0057004968894 587.1818623614054
v 413.75892396659765 447.25600567267065 551.1603779864054
v 510.91126771659765 365.52272930548315 633.4943623614054
v 413.75892396659765 447.25600567267065 551.1603779864054
v 462.45033021659765 323.42531719610815 543.9416279864054
v 510.91126771659765 365.52272930548315 633.4943623614054
v 583.4425177165976 339.1678098718894 342.56467486140536
v 578.9425177165976 322.9611448328269 435.86643267390536
v 498.10658021659765 291.2866758386863 317.31565142390536
v 578.9425177165976 322.9611448328269 435.86643267390536
v 462.45033021659765 323.42531719610815 543.9416279864054
v 422.60658021659765 312.18529644415503 475.60569048640536
v 618.1886114665976 505.1315549890769 322.97873736140536
v 504.49720521659765 557.9654478113425 421.32346392390536
v 469.09095521659765 517.7689146082175 517.1740498614054
v 413.75892396659765 447.25600567267065 551.1603779864054
v 507.74329896659765 460.0057004968894 587.1818623614054
v 469.09095521659765 517.7689146082175 517.1740498614054
v 601.7354864665976 513.7870420496238 492.03244829890536
v 618.1886114665976 505.1315549890769 322.97873736140536
v 469.09095521659765 517.7689146082175 517.1740498614054
v 636.8253302165976 452.8595518152488 591.4748311114054
v 507.74329896659765 460.0057004968894 587.1818623614054
v 510.91126771659765 365.52272930548315 633.4943623614054
v 507.74329896659765 460.0057004968894 587.1818623614054
v 601.5011114665976 472.4056943933738 542.8664326739054
v 469.09095521659765 517.7689146082175 517.1740498614054
v 702.8487677165976 463.7339719812644 369.44260454890536
v 608.0557989665976 400.1653684656394 280.42209673640536
v 618.1886114665976 505.1315549890769 322.97873736140536
v 469.09095521659765 517.7689146082175 517.1740498614054
v 601.5011114665976 472.4056943933738 542.8664326739054
v 601.7354864665976 513.7870420496238 492.03244829890536
v 636.8253302165976 452.8595518152488 591.4748311114054
v 601.5011114665976 472.4056943933738 542.8664326739054
v 507.74329896659765 460.0057004968894 587.1818623614054
v 722.7784552165976 392.05605450079565 351.92502642390536
v 583.4425177165976 339.1678098718894 342.56467486140536
v 608.0557989665976 400.1653684656394 280.42209673640536
v 462.45033021659765 323.42531719610815 543.9416279864054
v 578.9425177165976 322.9611448328269 435.86643267390536
v 630.3604864665976 301.28603496954565 547.8254170489054
v 722.7784552165976 392.05605450079565 351.92502642390536
v 645.7862677165976 335.9547971765769 430.01682329890536
v 583.4425177165976 339.1678098718894 342.56467486140536
v 583.4425177165976 339.1678098718894 342.56467486140536
v 645.7862677165976 335.9547971765769 430.01682329890536
v 578.9425177165976 322.9611448328269 435.86643267390536
v 645.7862677165976 335.9547971765769 430.01682329890536
v 630.3604864665976 301.28603496954565 547.8254170489054
v 578.9425177165976 322.9611448328269 435.86643267390536
v 462.45033021659765 323.42531719610815 543.9416279864054
v 630.3604864665976 301.28603496954565 547.8254170489054
v 510.91126771659765 365.52272930548315 633.4943623614054
v 601.7354864665976 513.7870420496238 492.03244829890536
v 702.8487677165976 463.7339719812644 369.44260454890536
v 618.1886114665976 505.1315549890769 322.97873736140536
v 727.9620489665976 441.4721006433738 476.68479204890536
v 601.7354864665976 513.7870420496238 492.03244829890536
v 601.5011114665976 472.4056943933738 542.8664326739054
v 654.8565802165976 382.6619199793113 608.9972920489054
v 636.8253302165976 452.8595518152488 591.4748311114054
v 510.91126771659765 365.52272930548315 633.4943623614054
v 510.91126771659765 365.52272930548315 633.4943623614054
v 630.3604864665976 301.28603496954565 547.8254170489054
v 654.8565802165976 382.6619199793113 608.9972920489054
v 727.9620489665976 441.4721006433738 476.68479204890536
v 702.8487677165976 463.7339719812644 369.44260454890536
v 601.7354864665976 513.7870420496238 492.03244829890536
v 601.5011114665976 472.4056943933738 542.8664326739054
v 636.8253302165976 452.8595518152488 591.4748311114054
v 727.9620489665976 441.4721006433738 476.68479204890536
v 702.8487677165976 463.7339719812644 369.44260454890536
v 722.7784552165976 392.05605450079565 351.92502642390536
v 608.0557989665976 400.1653684656394 280.42209673640536
v 645.7862677165976 335.9547971765769 430.01682329890536
v 722.7784552165976 392.05605450079565 351.92502642390536
v 703.7706427165976 362.40212383673315 485.73459673640536
v 630.3604864665976 301.28603496954565 547.8254170489054
v 703.7706427165976 362.40212383673315 485.73459673640536
v 654.8565802165976 382.6619199793113 608.9972920489054
v 703.7706427165976 362.40212383673315 485.73459673640536
v 630.3604864665976 301.28603496954565 547.8254170489054
v 645.7862677165976 335.9547971765769 430.01682329890536
v 722.7784552165976 392.05605450079565 351.92502642390536
v 702.8487677165976 463.7339719812644 369.44260454890536
v 727.9620489665976 441.4721006433738 476.68479204890536
v 703.7706427165976 362.40212383673315 485.73459673640536
v 727.9620489665976 441.4721006433738 476.68479204890536
v 654.8565802165976 382.6619199793113 608.9972920489054
v 727.9620489665976 441.4721006433738 476.68479204890536
v 636.8253302165976 452.8595518152488 591.4748311114054
v 654.8565802165976 382.6619199793113 608.9972920489054
v 722.7784552165976 392.05605450079565 351.92502642390536
v 727.9620489665976 441.4721006433738 476.68479204890536
v 703.7706427165976 362.40212383673315 485.73459673640536
vn -0.6286653280258179 0.6720888018608093 0.3912498950958252
vn -0.6286653280258179 0.6720888614654541 0.3912498950958252
vn -0.6286653280258179 0.6720888614654541 0.3912498950958252
vn -0.7839035987854004 0.6034328937530518 -0.14616410434246063
vn -0.7839035987854004 0.6034328937530518 -0.14616410434246063
vn -0.7839035987854004 0.603432834148407 -0.14616408944129944
vn -0.37707090377807617 -0.8951687812805176 0.23767715692520142
vn -0.37707093358039856 -0.8951687812805176 0.23767714202404022
vn -0.37707093358039856 -0.8951687216758728 0.2376771718263626
vn -0.7449028491973877 -0.6237415075302124 -0.23678310215473175
vn -0.7449028491973877 -0.6237415075302124 -0.23678308725357056
vn -0.7449029088020325 -0.6237415075302124 -0.23678310215473175
vn -0.3578208088874817 -0.04839358478784561 -0.9325354099273682
vn -0.3578207790851593 -0.04839358106255531 -0.9325354099273682
vn -0.3578207790851593 -0.04839358106255531 -0.9325354099273682
vn -0.46790096163749695 -0.010585310868918896 0.8837175369262695
vn -0.46790099143981934 -0.010585309937596321 0.8837174773216248
vn -0.46790096163749695 -0.010585309937596321 0.8837174773216248
vn -0.5783061385154724 -0.5714446306228638 0.582248330116272
vn -0.5783060789108276 -0.5714446306228638 0.582248330116272
vn -0.5783061385154724 -0.5714446306228638 0.582248330116272
vn -0.4754248261451721 0.8060222864151001 0.35256102681159973
vn -0.4754248261451721 0.8060222864151001 0.35256099700927734
vn -0.4754248261451721 0.8060223460197449 0.35256099700927734
vn -0.7551385760307312 0.6268700957298279 -0.19183237850666046
vn -0.7551385760307312 0.6268700957298279 -0.19183237850666046
vn -0.7551385760307312 0.6268700957298279 -0.19183239340782166
vn -0.30399736762046814 0.9526190757751465 -0.01012659166008234
vn -0.3039973974227905 0.9526190161705017 -0.01012659166008234
vn -0.30399736762046814 0.9526190757751465 -0.010126589797437191
vn -0.017964381724596024 -0.9990764856338501 0.03903160244226456
vn -0.017964383587241173 -0.9990764856338501 0.039031606167554855
vn -0.017964381724596024 -0.9990764856338501 0.03903159871697426
vn -0.02996431104838848 -0.9993535876274109 0.019864290952682495
vn -0.02996431291103363 -0.9993535876274109 0.019864290952682495
vn -0.029964309185743332 -0.9993535876274109 0.019864287227392197
vn -0.14142747223377228 0.869697630405426 0.4728893041610718
vn -0.14142745733261108 0.869697630405426 0.4728893041610718
vn -0.14142747223377228 0.869697630405426 0.4728892743587494
vn 0.05602766573429108 -0.44838839769363403 0.8920811414718628
vn 0.05602766200900078 -0.44838836789131165 0.8920811414718628
vn 0.05602766200900078 -0.4483884274959564 0.8920811414718628
vn -0.20254924893379211 0.9781134128570557 -0.04762323573231697
vn -0.20254921913146973 0.9781134128570557 -0.047623228281736374
vn -0.20254924893379211 0.9781134128570557 -0.047623228281736374
vn -0.8057531118392944 -0.1367684304714203 -0.5762432217597961
vn -0.8057531118392944 -0.1367684304714203 -0.5762432217597961
vn -0.8057531714439392 -0.1367684304714203 -0.5762432217597961
vn 0.11947672069072723 0.9600385427474976 0.25308358669281006
vn 0.11947672814130783 0.9600385427474976 0.25308361649513245
vn 0.11947672814130783 0.9600385427474976 0.25308364629745483
vn 0.11947672069072723 0.9600385427474976 0.25308358669281006
vn 0.11947672814130783 0.9600385427474976 0.25308364629745483
vn 0.11947672069072723 0.9600385427474976 0.25308355689048767
vn -0.3166169226169586 -0.9458819031715393 0.07114136964082718
vn -0.31661689281463623 -0.9458819627761841 0.07114136219024658
vn -0.3166169226169586 -0.9458819627761841 0.07114136964082718
vn -0.3085809051990509 0.30615752935409546 -0.9005805850028992
vn -0.3085809051990509 0.30615752935409546 -0.9005805850028992
vn -0.3085809051990509 0.30615749955177307 -0.9005805850028992
vn -0.07139131426811218 0.9727792739868164 -0.22046269476413727
vn -0.07139132171869278 0.9727792739868164 -0.22046270966529846
vn -0.07139131426811218 0.9727792739868164 -0.22046267986297607
vn 0.2844356298446655 0.9485070705413818 0.13939392566680908
vn 0.2844356298446655 0.9485070705413818 0.13939392566680908
vn 0.2844356298446655 0.9485070705413818 0.1393939107656479
vn 0.23425699770450592 -0.3512153625488281 0.9065160751342773
vn 0.23425701260566711 -0.3512153923511505 0.9065160751342773
vn 0.23425699770450592 -0.35121530294418335 0.9065161347389221
vn 0.23425699770450592 -0.3512153625488281 0.9065160751342773
vn 0.23425699770450592 -0.35121530294418335 0.9065161347389221
vn 0.23425699770450592 -0.35121533274650574 0.9065161347389221
vn 0.0048151202499866486 -0.9824403524398804 -0.1865147352218628
vn 0.004815120715647936 -0.9824403524398804 -0.1865147352218628
vn 0.0048151202499866486 -0.9824403524398804 -0.1865147352218628
vn -0.28448250889778137 -0.9508161544799805 -0.12254912406206131
vn -0.28448253870010376 -0.9508161544799805 -0.12254911661148071
vn -0.28448250889778137 -0.9508162140846252 -0.12254912406206131
vn -0.30865246057510376 -0.9436854720115662 0.11912771314382553
vn -0.30865246057510376 -0.9436854720115662 0.11912772059440613
vn -0.30865246057510376 -0.9436854720115662 0.11912771314382553
vn 0.2274460792541504 0.9472646117210388 -0.2257390022277832
vn 0.2274460792541504 0.9472646117210388 -0.2257390022277832
vn 0.2274460792541504 0.947264552116394 -0.225738987326622
vn -0.3176378905773163 0.641207754611969 -0.698540449142456
vn -0.31763792037963867 0.6412078142166138 -0.698540449142456
vn -0.31763792037963867 0.6412078142166138 -0.698540449142456
vn -0.05337168276309967 -0.9925805330276489 -0.10924924165010452
vn -0.05337167903780937 -0.9925805330276489 -0.10924924165010452
vn -0.05337167903780937 -0.9925805330276489 -0.10924924165010452
vn 0.12697799503803253 0.990463137626648 -0.05347280204296112
vn 0.12697799503803253 0.990463137626648 -0.05347280576825142
vn 0.12697799503803253 0.990463137626648 -0.05347279831767082
vn -0.00915516633540392 0.28971055150032043 -0.957070529460907
vn -0.009155165404081345 0.28971055150032043 -0.957070529460907
vn -0.009155165404081345 0.28971052169799805 -0.957070529460907
vn 0.3702007234096527 -0.8799124360084534 0.2978346645832062
vn 0.3702007532119751 -0.8799124360084534 0.29783472418785095
vn 0.3702007532119751 -0.8799124360084534 0.29783469438552856
vn -0.9539779424667358 0.29984429478645325 -0.004418151453137398
vn -0.9539778828620911 0.299844354391098 -0.004418151918798685
vn -0.9539779424667358 0.29984429478645325 -0.0044181509874761105
vn -0.9537834525108337 -0.1566454917192459 0.2564358115196228
vn -0.9537834525108337 -0.1566455066204071 0.2564358413219452
vn -0.9537834525108337 -0.1566454917192459 0.2564358115196228
vn -0.7575371265411377 -0.6389448046684265 0.13374246656894684
vn -0.7575371265411377 -0.6389448046684265 0.13374246656894684
vn -0.7575371265411377 -0.6389448046684265 0.13374246656894684
vn 0.6086363196372986 -0.7909026741981506 0.06351988017559052
vn 0.6086362600326538 -0.7909027338027954 0.06351987272500992
vn 0.608636200428009 -0.7909027338027954 0.06351987272500992
vn 0.6151208281517029 -0.44020360708236694 0.6541002988815308
vn 0.6151207685470581 -0.44020363688468933 0.654100239276886
vn 0.6151207685470581 -0.44020363688468933 0.6541002988815308
vn -0.8977979421615601 -0.3787512481212616 -0.2247362583875656
vn -0.8977979421615601 -0.3787512481212616 -0.2247362583875656
vn -0.8977979421615601 -0.3787511885166168 -0.22473624348640442
vn 0.357118159532547 0.8571935296058655 -0.37106043100357056
vn 0.357118159532547 0.8571935296058655 -0.37106046080589294
vn 0.357118159532547 0.8571935296058655 -0.37106046080589294
vn -0.9179159998893738 0.39637109637260437 -0.017892781645059586
vn -0.9179159998893738 0.39637109637260437 -0.017892779782414436
vn -0.9179159998893738 0.39637109637260437 -0.017892781645059586
vn 0.7729213237762451 -0.17501769959926605 -0.6098864078521729
vn 0.7729213833808899 -0.17501766979694366 -0.6098862886428833
vn 0.7729213833808899 -0.17501769959926605 -0.6098863482475281
vn -0.36644816398620605 0.9250106811523438 -0.10035403072834015
vn -0.36644819378852844 0.9250106811523438 -0.10035403817892075
vn -0.36644816398620605 0.9250107407569885 -0.10035403072834015
vn -0.9358206391334534 -0.31932827830314636 -0.14922849833965302
vn -0.9358206391334534 -0.31932827830314636 -0.14922849833965302
vn -0.9358206391334534 -0.31932827830314636 -0.1492285132408142
vn -0.6388840079307556 -0.6839304566383362 0.352230429649353
vn -0.6388840675354004 -0.683930516242981 0.35223039984703064
vn -0.6388840675354004 -0.6839304566383362 0.3522304594516754
vn -0.5640171766281128 -0.8211479783058167 -0.08718132972717285
vn -0.5640171766281128 -0.8211479783058167 -0.08718133717775345
vn -0.5640172362327576 -0.8211479783058167 -0.08718133717775345
vn 0.919204831123352 -0.04270131140947342 -0.3914576470851898
vn 0.919204831123352 -0.04270130768418312 -0.39145761728286743
vn 0.919204831123352 -0.04270131513476372 -0.3914576470851898
vn -0.6876251697540283 0.7250393033027649 0.03859652206301689
vn -0.6876251697540283 0.7250393033027649 0.03859652206301689
vn -0.6876251697540283 0.7250392436981201 0.03859652206301689
vn -0.5852952003479004 0.3185962438583374 -0.745604395866394
vn -0.5852952599525452 0.3185962736606598 -0.745604395866394
vn -0.5852952599525452 0.3185963034629822 -0.745604395866394
vn 0.8308414816856384 0.5257615447044373 -0.18242043256759644
vn 0.8308414816856384 0.5257615447044373 -0.18242041766643524
vn 0.8308414816856384 0.525761604309082 -0.18242041766643524
vn -0.6443543434143066 -0.6195086240768433 0.4483487606048584
vn -0.6443543434143066 -0.6195086240768433 0.4483487606048584
vn -0.6443543434143066 -0.6195086240768433 0.448348730802536
vn -0.6577639579772949 -0.006721431389451027 0.7531941533088684
vn -0.6577638983726501 -0.00672143092378974 0.7531941533088684
vn -0.6577638983726501 -0.00672143092378974 0.7531941533088684
vn -0.2935653030872345 -0.08795245736837387 -0.9518843293190002
vn -0.2935653328895569 -0.08795246481895447 -0.9518843293190002
vn -0.2935653626918793 -0.08795246481895447 -0.9518843293190002
vn -0.8002974390983582 -0.44429507851600647 -0.4026486575603485
vn -0.8002974390983582 -0.44429510831832886 -0.40264856815338135
vn -0.8002974390983582 -0.44429507851600647 -0.40264859795570374
vn 0.11402515321969986 -0.9929023385047913 -0.033812265843153
vn 0.11402513831853867 -0.9929023385047913 -0.0338122621178627
vn 0.11402514576911926 -0.9929023385047913 -0.0338122621178627
vn -0.13895012438297272 -0.9684802293777466 -0.2067338079214096
vn -0.1389501392841339 -0.9684802293777466 -0.2067338079214096
vn -0.13895012438297272 -0.9684802293777466 -0.2067338079214096
vn -0.7974280714988708 -0.5851420760154724 -0.1473677158355713
vn -0.7974280714988708 -0.5851420760154724 -0.1473677158355713
vn -0.7974280714988708 -0.5851420760154724 -0.1473677158355713
vn -0.48654693365097046 0.3778170347213745 0.7877349257469177
vn -0.48654696345329285 0.3778170347213745 0.7877349257469177
vn -0.48654693365097046 0.3778170347213745 0.7877349853515625
vn -0.6383119225502014 0.2847491204738617 0.7151753902435303
vn -0.6383119225502014 0.2847491502761841 0.7151753902435303
vn -0.6383119225502014 0.2847491204738617 0.7151753902435303
vn -0.29405805468559265 -0.345949649810791 0.8909818530082703
vn -0.29405802488327026 -0.3459496796131134 0.8909818530082703
vn -0.29405802488327026 -0.3459496796131134 0.8909818530082703
vn -0.30174943804740906 -0.102970652282238 0.9478102922439575
vn -0.30174943804740906 -0.102970652282238 0.9478102922439575
vn -0.30174943804740906 -0.102970652282238 0.9478102922439575
vn -0.38269543647766113 0.923872709274292 0.0018598224269226193
vn -0.38269543647766113 0.923872709274292 0.0018598224269226193
vn -0.3826954662799835 0.923872709274292 0.001859822659753263
vn -0.6788060069084167 -0.34368446469306946 -0.6489247679710388
vn -0.6788060069084167 -0.34368446469306946 -0.6489247679710388
vn -0.6788060665130615 -0.34368449449539185 -0.6489247679710388
vn -0.2532866597175598 0.7577224969863892 -0.601417064666748
vn -0.2532866895198822 0.7577224969863892 -0.601417064666748
vn -0.2532866895198822 0.7577224969863892 -0.601417064666748
vn 0.15558291971683502 0.7375001907348633 0.657181441783905
vn 0.15558290481567383 0.7375001907348633 0.657181441783905
vn 0.15558291971683502 0.7375001907348633 0.6571813821792603
vn -0.1773713082075119 -0.9429104328155518 0.2818853259086609
vn -0.1773713082075119 -0.9429104328155518 0.2818853259086609
vn -0.1773713082075119 -0.9429104328155518 0.2818853557109833
vn 0.11460462957620621 -0.991726279258728 -0.05783405154943466
vn 0.11460462957620621 -0.991726279258728 -0.05783405154943466
vn 0.11460462957620621 -0.991726279258728 -0.05783405154943466
vn -0.21012753248214722 -0.9543896317481995 -0.2121010273694992
vn -0.21012753248214722 -0.9543896317481995 -0.2121010422706604
vn -0.21012753248214722 -0.9543896317481995 -0.212101012468338
vn 0.26241469383239746 0.7110878229141235 0.6522979736328125
vn 0.26241469383239746 0.7110878229141235 0.6522979140281677
vn 0.26241469383239746 0.7110878825187683 0.6522979140281677
vn -0.34063920378685 0.9396438002586365 -0.03216402232646942
vn -0.34063920378685 0.9396437406539917 -0.03216402605175972
vn -0.3406391739845276 0.9396438002586365 -0.03216402605175972
vn -0.26280713081359863 0.5599751472473145 0.7857227325439453
vn -0.262807160615921 0.5599751472473145 0.7857227325439453
vn -0.26280713081359863 0.5599750876426697 0.7857227921485901
vn -0.3626902401447296 0.8432767987251282 0.39666104316711426
vn -0.3626902401447296 0.843276858329773 0.39666104316711426
vn -0.3626902401447296 0.843276858329773 0.39666101336479187
vn 0.206823468208313 -0.6510507464408875 0.7303128838539124
vn 0.20682348310947418 -0.6510507464408875 0.7303128838539124
vn 0.20682348310947418 -0.6510506868362427 0.7303129434585571
vn -0.026887714862823486 0.9670140147209167 0.25330018997192383
vn -0.026887714862823486 0.9670140147209167 0.25330018997192383
vn -0.026887714862823486 0.9670140147209167 0.25330016016960144
vn 0.15003839135169983 -0.22181670367717743 0.9634758830070496
vn 0.15003837645053864 -0.22181668877601624 0.9634759426116943
vn 0.15003837645053864 -0.22181670367717743 0.9634758830070496
vn -0.003276295494288206 -0.9982410669326782 -0.05919535830616951
vn -0.0032762957271188498 -0.9982410669326782 -0.05919536203145981
vn -0.003276295494288206 -0.9982410669326782 -0.05919535830616951
vn -0.07239700853824615 -0.9565644860267639 -0.28238821029663086
vn -0.07239700853824615 -0.9565644860267639 -0.28238818049430847
vn -0.07239700853824615 -0.9565644860267639 -0.28238821029663086
vn -0.3520452678203583 0.29271456599235535 -0.8890344500541687
vn -0.35204529762268066 0.29271459579467773 -0.8890344500541687
vn -0.3520452678203583 0.29271456599235535 -0.8890345096588135
vn 0.5736919641494751 -0.5977097153663635 0.5600184202194214
vn 0.5736919641494751 -0.5977097153663635 0.5600183606147766
vn 0.5736919641494751 -0.5977097153663635 0.5600184202194214
vn -0.23974832892417908 0.7678865194320679 -0.5940295457839966
vn -0.23974834382534027 0.7678865194320679 -0.5940294861793518
vn -0.23974832892417908 0.7678865194320679 -0.5940294861793518
vn -0.4661908745765686 0.7505244612693787 -0.4683791995048523
vn -0.4661908745765686 0.7505245208740234 -0.4683791995048523
vn -0.4661908745765686 0.7505245208740234 -0.4683791399002075
vn 0.6657314300537109 -0.2850055396556854 0.6896183490753174
vn 0.6657314300537109 -0.2850055694580078 0.6896183490753174
vn 0.6657314300537109 -0.2850055694580078 0.6896183490753174
vn -0.012322613969445229 0.969768762588501 0.24371443688869476
vn -0.012322613969445229 0.969768762588501 0.24371443688869476
vn -0.012322613969445229 0.969768762588501 0.24371443688869476
vn 0.023375660181045532 -0.996536910533905 0.07979840040206909
vn 0.023375660181045532 -0.996536910533905 0.0797983929514885
vn 0.02337566204369068 -0.996536910533905 0.0797983929514885
vn -0.09739384800195694 -0.9626366496086121 -0.25267601013183594
vn -0.09739385545253754 -0.9626366496086121 -0.25267598032951355
vn -0.09739385545253754 -0.9626366496086121 -0.25267601013183594
vn -0.6770700216293335 -0.2999430298805237 -0.6720196008682251
vn -0.6770700216293335 -0.2999430000782013 -0.6720196008682251
vn -0.6770700216293335 -0.2999430298805237 -0.6720196008682251
vn 0.24260355532169342 -0.8468196392059326 -0.4733286201953888
vn 0.24260351061820984 -0.8468196988105774 -0.473328560590744
vn 0.24260352551937103 -0.8468196988105774 -0.4733286201953888
vn 0.04579135403037071 -0.9909709095954895 -0.12601517140865326
vn 0.04579135403037071 -0.9909709095954895 -0.12601517140865326
vn 0.045791350305080414 -0.9909709095954895 -0.12601517140865326
vn 0.4267779588699341 -0.7143930792808533 -0.5545296669006348
vn 0.42677798867225647 -0.7143930792808533 -0.55452960729599
vn 0.42677798867225647 -0.7143930196762085 -0.5545297265052795
vn 0.7288186550140381 -0.31028440594673157 0.6103662848472595
vn 0.7288185954093933 -0.3102843761444092 0.6103662848472595
vn 0.7288185954093933 -0.3102843761444092 0.6103662848472595
vn 0.548742413520813 -0.8322567939758301 -0.07893278449773788
vn 0.5487424731254578 -0.8322567343711853 -0.07893277704715729
vn 0.5487424731254578 -0.8322567343711853 -0.07893277704715729
vn 0.35292190313339233 0.8501989245414734 0.3906506299972534
vn 0.3529219329357147 0.8501989245414734 0.3906506597995758
vn 0.35292190313339233 0.8501989245414734 0.3906506299972534
vn -0.11970997601747513 0.9924063086509705 0.02826993726193905
vn -0.11970998346805573 0.9924063086509705 0.02826993353664875
vn -0.11970998346805573 0.9924063086509705 0.0282699353992939
vn -0.07080160081386566 -0.8046848773956299 0.5894653797149658
vn -0.07080160081386566 -0.8046848177909851 0.5894653797149658
vn -0.07080159336328506 -0.8046848773956299 0.589465320110321
vn 0.25621381402015686 -0.9037117958068848 -0.343015193939209
vn 0.25621384382247925 -0.9037117958068848 -0.343015193939209
vn 0.25621384382247925 -0.9037117958068848 -0.343015193939209
vn 0.37868496775627136 0.7763821482658386 0.5038139224052429
vn 0.378684937953949 0.7763821482658386 0.5038139820098877
vn 0.37868496775627136 0.7763821482658386 0.5038139820098877
vn 0.09224013239145279 0.898367166519165 -0.42945098876953125
vn 0.09224013239145279 0.8983672261238098 -0.42945095896720886
vn 0.09224013239145279 0.8983672261238098 -0.42945095896720886
vn 0.17529869079589844 0.9083160758018494 -0.379779189825058
vn 0.17529869079589844 0.9083160758018494 -0.3797791600227356
vn 0.17529867589473724 0.9083161354064941 -0.379779189825058
vn 0.30487707257270813 -0.758806049823761 -0.5755548477172852
vn 0.30487707257270813 -0.7588059902191162 -0.5755548477172852
vn 0.30487707257270813 -0.758806049823761 -0.5755548477172852
vn 0.3394971191883087 -0.9405628442764282 -0.009122289717197418
vn 0.3394971489906311 -0.9405628442764282 -0.009122289717197418
vn 0.3394971489906311 -0.9405628442764282 -0.009122289717197418
vn 0.06808855384588242 0.8646463751792908 -0.4977455139160156
vn 0.06808855384588242 0.8646463751792908 -0.497745543718338
vn 0.06808855384588242 0.8646463751792908 -0.49774548411369324
vn 0.5923082828521729 0.3821965157985687 0.7092931270599365
vn 0.5923082828521729 0.3821965157985687 0.7092931270599365
vn 0.5923082828521729 0.3821965456008911 0.7092931270599365
vn 0.4314848482608795 -0.6140199899673462 -0.6609086394309998
vn 0.43148481845855713 -0.614020049571991 -0.6609086990356445
vn 0.4314848482608795 -0.614020049571991 -0.6609086394309998
vn 0.5508841276168823 -0.8304012417793274 -0.08342896401882172
vn 0.5508841276168823 -0.8304012417793274 -0.08342896401882172
vn 0.5508841872215271 -0.8304012417793274 -0.08342895656824112
vn 0.4487946033477783 0.7975713014602661 0.40306752920150757
vn 0.44879457354545593 0.7975713014602661 0.4030674695968628
vn 0.4487946033477783 0.7975713610649109 0.4030674695968628
vn 0.9459879994392395 0.32028523087501526 -0.050239864736795425
vn 0.9459879994392395 0.32028526067733765 -0.05023987218737602
vn 0.9459879994392395 0.32028523087501526 -0.050239868462085724
vn 0.6061840653419495 0.350411981344223 0.7139694094657898
vn 0.6061841249465942 0.350411981344223 0.7139694094657898
vn 0.6061840653419495 0.35041192173957825 0.7139694094657898
vn 0.4820394515991211 -0.13253919780254364 -0.866066575050354
vn 0.4820394515991211 -0.13253918290138245 -0.866066575050354
vn 0.4820394814014435 -0.13253918290138245 -0.866066575050354
vn 0.28079426288604736 -0.9445537328720093 -0.17021414637565613
vn 0.28079426288604736 -0.9445537328720093 -0.17021413147449493
vn 0.28079429268836975 -0.9445537328720093 -0.17021413147449493
vn 0.4209482669830322 -0.5817508101463318 -0.6959659457206726
vn 0.4209482967853546 -0.5817508101463318 -0.6959659457206726
vn 0.4209482669830322 -0.5817508101463318 -0.6959659457206726
vn -0.005165296606719494 -0.9926815032958984 0.12065154314041138
vn -0.0051652961410582066 -0.9926815032958984 0.12065155804157257
vn -0.005165296606719494 -0.9926815032958984 0.12065155059099197
vn 0.07507958263158798 -0.9850253462791443 -0.15520359575748444
vn 0.07507957518100739 -0.9850253462791443 -0.15520359575748444
vn 0.07507957518100739 -0.9850253462791443 -0.15520359575748444
vn 0.04672199487686157 0.9872629642486572 0.15208205580711365
vn 0.04672199860215187 0.9872629642486572 0.15208205580711365
vn 0.04672199860215187 0.9872629046440125 0.15208207070827484
vn 0.4287177622318268 -0.6787509322166443 -0.5962367057800293
vn 0.42871779203414917 -0.6787508726119995 -0.5962367653846741
vn 0.4287177622318268 -0.6787509322166443 -0.5962367653846741
vn 0.19670520722866058 -0.8531871438026428 0.48309293389320374
vn 0.1967051923274994 -0.853187084197998 0.4830929636955261
vn 0.1967051923274994 -0.853187084197998 0.4830929934978485
vn 0.5421367287635803 0.8117809891700745 -0.21702399849891663
vn 0.5421366691589355 0.8117809891700745 -0.21702398359775543
vn 0.5421367287635803 0.8117809891700745 -0.21702398359775543
vn 0.24194130301475525 0.6054867506027222 0.7581887245178223
vn 0.24194128811359406 0.6054867506027222 0.7581887245178223
vn 0.24194130301475525 0.6054867506027222 0.758188784122467
vn 0.5980277061462402 0.30819377303123474 -0.7398509383201599
vn 0.598027765750885 0.30819377303123474 -0.7398509383201599
vn 0.5980277061462402 0.30819377303123474 -0.7398509979248047
vn 0.4181425869464874 -0.8713136315345764 -0.2568449378013611
vn 0.4181425869464874 -0.8713136315345764 -0.2568449378013611
vn 0.41814255714416504 -0.8713136911392212 -0.2568449079990387
vn 0.9724116921424866 -0.11992520838975906 0.2000836730003357
vn 0.9724116921424866 -0.11992520093917847 0.2000836730003357
vn 0.9724116921424866 -0.11992519348859787 0.2000836580991745
vn 0.9496180415153503 0.2645677924156189 -0.16801609098911285
vn 0.9496181011199951 0.2645677924156189 -0.16801609098911285
vn 0.9496181011199951 0.2645677924156189 -0.16801607608795166
vn 0.4959578216075897 -0.6186336874961853 -0.6093588471412659
vn 0.4959578514099121 -0.6186336874961853 -0.6093588471412659
vn 0.4959578812122345 -0.6186336278915405 -0.6093588471412659
vn 0.5575895309448242 0.7658624649047852 -0.32023200392723083
vn 0.5575895309448242 0.7658625245094299 -0.32023200392723083
vn 0.5575895309448242 0.7658625245094299 -0.32023200392723083
vn 0.7406389713287354 0.33326083421707153 -0.5834304690361023
vn 0.7406389713287354 0.3332608938217163 -0.5834304690361023
vn 0.7406389713287354 0.33326083421707153 -0.5834305286407471
vn 0.7406389713287354 0.33326083421707153 -0.5834304690361023
vn 0.7406389713287354 0.33326083421707153 -0.5834305286407471
vn 0.7406389117240906 0.3332608640193939 -0.5834305286407471
vn 0.6001421809196472 0.7567132115364075 0.2592574656009674
vn 0.6001421809196472 0.7567132115364075 0.2592574954032898
vn 0.600142240524292 0.7567132115364075 0.2592574656009674
vn 0.8036268949508667 0.03414558991789818 0.594153106212616
vn 0.8036268949508667 0.03414559364318848 0.5941530466079712
vn 0.8036268949508667 0.03414559364318848 0.594153106212616
vn 0.9571174383163452 -0.27821415662765503 -0.08076585829257965
vn 0.9571174383163452 -0.2782141864299774 -0.08076586574316025
vn 0.9571174383163452 -0.2782141864299774 -0.08076585829257965
vn -0.6471124291419983 0.37656620144844055 -0.6629053354263306
vn -0.6471123695373535 0.37656617164611816 -0.6629053354263306
vn -0.6471123695373535 0.37656620144844055 -0.6629052758216858
vn 0.14337711036205292 0.32110080122947693 -0.9361288547515869
vn 0.14337711036205292 0.32110080122947693 -0.9361288547515869
vn 0.14337711036205292 0.32110077142715454 -0.9361289143562317
vn -0.3850199580192566 0.36320874094963074 -0.848433256149292
vn -0.3850199580192566 0.3632088005542755 -0.848433256149292
vn -0.385019987821579 0.3632088005542755 -0.848433256149292
vn -0.2938677668571472 -0.14068244397640228 -0.9454364776611328
vn -0.29386773705482483 -0.14068244397640228 -0.9454365372657776
vn -0.2938677668571472 -0.14068245887756348 -0.9454364776611328
vn -0.7788639068603516 -0.21595992147922516 -0.5888397693634033
vn -0.7788638472557068 -0.21595993638038635 -0.5888398289680481
vn -0.7788639068603516 -0.21595990657806396 -0.5888397693634033
vn -0.8868796825408936 -0.1290723979473114 -0.44360432028770447
vn -0.8868796229362488 -0.1290724128484726 -0.44360432028770447
vn -0.8868796825408936 -0.1290723979473114 -0.44360432028770447
vn -0.775367259979248 0.47014155983924866 -0.4216307997703552
vn -0.775367259979248 0.47014158964157104 -0.4216307997703552
vn -0.775367259979248 0.47014155983924866 -0.42163076996803284
vn -0.9857047200202942 -0.16642415523529053 -0.02625354938209057
vn -0.9857047200202942 -0.16642415523529053 -0.02625354565680027
vn -0.9857047200202942 -0.16642417013645172 -0.02625354751944542
vn 0.05357399582862854 -0.4608645439147949 -0.8858519792556763
vn 0.05357399582862854 -0.4608645439147949 -0.8858519792556763
vn 0.05357399582862854 -0.4608645737171173 -0.8858519196510315
vn -0.24466265738010406 0.4324995279312134 -0.8678043484687805
vn -0.24466264247894287 0.4324995279312134 -0.8678043484687805
vn -0.24466264247894287 0.4324995279312134 -0.8678042888641357
vn -0.49798086285591125 -0.7334144115447998 -0.46272921562194824
vn -0.49798092246055603 -0.7334144115447998 -0.46272918581962585
vn -0.49798089265823364 -0.7334144115447998 -0.46272921562194824
vn -0.28379514813423157 0.3790094256401062 -0.8808019757270813
vn -0.28379520773887634 0.3790094554424286 -0.8808019757270813
vn -0.28379514813423157 0.3790093958377838 -0.8808020353317261
vn -0.7636932134628296 0.34852632880210876 -0.5434169769287109
vn -0.7636932730674744 0.34852632880210876 -0.5434169173240662
vn -0.7636932134628296 0.34852635860443115 -0.5434169769287109
vn -0.9847326874732971 -0.17382203042507172 0.009349031373858452
vn -0.9847326874732971 -0.17382203042507172 0.009349032305181026
vn -0.9847326874732971 -0.17382201552391052 0.009349031373858452
vn 0.950807511806488 0.2491859644651413 -0.18404197692871094
vn 0.950807511806488 0.2491859495639801 -0.18404194712638855
vn 0.950807511806488 0.2491859346628189 -0.18404194712638855
vn 0.5794582962989807 0.21752364933490753 -0.7854371666908264
vn 0.5794582366943359 0.21752366423606873 -0.7854372262954712
vn 0.5794582962989807 0.21752364933490753 -0.7854371666908264
vn 0.8623071312904358 -0.5062909126281738 -0.009793494828045368
vn 0.8623071312904358 -0.5062909126281738 -0.009793494828045368
vn 0.8623071312904358 -0.5062909722328186 -0.009793494828045368
vn 0.37377607822418213 -0.4212491810321808 -0.8263416886329651
vn 0.37377607822418213 -0.4212492108345032 -0.8263416290283203
vn 0.37377607822418213 -0.4212492108345032 -0.8263416886329651
vn -0.005622220691293478 -0.9112934470176697 0.41171911358833313
vn -0.005622220691293478 -0.9112934470176697 0.41171911358833313
vn -0.005622220691293478 -0.9112934470176697 0.41171911358833313
vn -0.736279308795929 0.401012122631073 -0.5450522899627686
vn -0.736279308795929 0.401012122631073 -0.5450522899627686
vn -0.736279308795929 0.401012122631073 -0.5450522899627686
vn 0.16487747430801392 0.6418666243553162 -0.7488809823989868
vn 0.16487747430801392 0.6418666839599609 -0.748880922794342
vn 0.16487747430801392 0.6418666839599609 -0.748880922794342
vn 0.5492509603500366 0.19335417449474335 -0.8129806518554688
vn 0.5492509007453918 0.19335415959358215 -0.8129807114601135
vn 0.5492509007453918 0.19335415959358215 -0.8129807114601135
vn -0.8181836009025574 0.20750866830348969 0.5362049341201782
vn -0.8181836009025574 0.2075086385011673 0.5362049341201782
vn -0.8181836605072021 0.2075086534023285 0.5362048745155334
vn -0.9831472039222717 -0.16872255504131317 0.07038623839616776
vn -0.9831472039222717 -0.16872256994247437 0.07038623094558716
vn -0.9831472039222717 -0.16872255504131317 0.07038623839616776
vn 0.7419803142547607 -0.6187597513198853 0.2580728232860565
vn 0.741980254650116 -0.61875981092453 0.2580728530883789
vn 0.7419803142547607 -0.6187597513198853 0.2580728530883789
vn 0.04473605006933212 -0.9587563276290894 0.280686616897583
vn 0.04473605006933212 -0.9587563276290894 0.2806866466999054
vn 0.04473605006933212 -0.9587563276290894 0.280686616897583
vn 0.21399888396263123 0.928184449672699 0.30443084239959717
vn 0.21399888396263123 0.928184449672699 0.30443087220191956
vn 0.21399888396263123 0.928184449672699 0.30443087220191956
vn -0.8030343651771545 0.35754695534706116 0.47675564885139465
vn -0.8030344247817993 0.35754692554473877 0.4767555892467499
vn -0.8030344247817993 0.35754695534706116 0.47675561904907227
vn 0.0893605574965477 0.9940991997718811 -0.06149326264858246
vn 0.0893605500459671 0.9940991997718811 -0.06149325892329216
vn 0.0893605649471283 0.9940991997718811 -0.06149326264858246
vn -0.529586911201477 0.23299913108348846 0.8156280517578125
vn -0.529586911201477 0.23299916088581085 0.8156280517578125
vn -0.529586911201477 0.23299914598464966 0.8156280517578125
vn -0.23891009390354156 0.5508173108100891 0.7997013330459595
vn -0.23891012370586395 0.5508173704147339 0.7997013330459595
vn -0.23891012370586395 0.5508172512054443 0.7997013926506042
vn 0.9199362993240356 0.1327844262123108 -0.3688976466655731
vn 0.9199362993240356 0.1327844262123108 -0.3688977062702179
vn 0.9199362993240356 0.1327844113111496 -0.3688976466655731
vn -0.29361388087272644 0.5051512718200684 0.8115497827529907
vn -0.29361391067504883 0.5051513314247131 0.811549723148346
vn -0.29361391067504883 0.5051513314247131 0.8115497827529907
vn -0.266266793012619 0.7948499917984009 0.5452663898468018
vn -0.2662668228149414 0.7948499917984009 0.5452664494514465
vn -0.2662668228149414 0.7948499917984009 0.5452664494514465
vn 0.7708179950714111 -0.46988245844841003 -0.4301745593547821
vn 0.7708179950714111 -0.46988242864608765 -0.4301745295524597
vn 0.7708179950714111 -0.46988242864608765 -0.4301745593547821
vn -0.06854946911334991 -0.9345701932907104 -0.34911254048347473
vn -0.06854946911334991 -0.9345701932907104 -0.34911254048347473
vn -0.06854946911334991 -0.9345701932907104 -0.34911254048347473
vn 0.7209463119506836 -0.688590943813324 -0.07796762138605118
vn 0.7209463119506836 -0.6885908842086792 -0.07796762138605118
vn 0.7209463119506836 -0.688590943813324 -0.07796762138605118
vn 0.4400932192802429 -0.8946744799613953 -0.07665234804153442
vn 0.4400932192802429 -0.8946744203567505 -0.07665234804153442
vn 0.4400932192802429 -0.8946744203567505 -0.07665234059095383
vn 0.4963490664958954 -0.8359513282775879 -0.23414312303066254
vn 0.496349036693573 -0.8359513282775879 -0.23414313793182373
vn 0.4963490068912506 -0.8359513282775879 -0.23414312303066254
vn -0.5575482249259949 -0.6530922651290894 0.5124553442001343
vn -0.5575482845306396 -0.6530922651290894 0.5124553442001343
vn -0.5575482249259949 -0.6530922651290894 0.5124553442001343
vn 0.599220335483551 0.7057255506515503 0.3780032992362976
vn 0.5992202758789062 0.7057255506515503 0.37800323963165283
vn 0.599220335483551 0.7057254910469055 0.37800323963165283
vn 0.10749036818742752 0.41950923204421997 0.9013644456863403
vn 0.10749036818742752 0.41950923204421997 0.9013644456863403
vn 0.10749036073684692 0.41950923204421997 0.9013644456863403
vn -0.41684991121292114 0.13663586974143982 0.8986471891403198
vn -0.4168500006198883 0.13663586974143982 0.8986471891403198
vn -0.41684994101524353 0.13663585484027863 0.8986471891403198
vn -0.28091371059417725 -0.36597928404808044 0.887212872505188
vn -0.28091374039649963 -0.36597928404808044 0.887212872505188
vn -0.28091374039649963 -0.36597928404808044 0.887212872505188
vn 0.5911926627159119 0.6407867074012756 0.48977911472320557
vn 0.5911927223205566 0.6407867074012756 0.4897790849208832
vn 0.5911927223205566 0.6407867670059204 0.4897790551185608
vn 0.31047797203063965 0.799356997013092 0.5144237875938416
vn 0.31047797203063965 0.799356997013092 0.5144237279891968
vn 0.31047794222831726 0.799356997013092 0.5144237279891968
vn 0.8985959887504578 0.17184913158416748 -0.4037240743637085
vn 0.8985959887504578 0.17184913158416748 -0.4037240445613861
vn 0.8985959887504578 0.17184913158416748 -0.4037240445613861
vn 0.7332043051719666 -0.6287741661071777 0.2589489817619324
vn 0.7332042455673218 -0.6287741661071777 0.2589489221572876
vn 0.7332042455673218 -0.6287741661071777 0.25894895195961
vn 0.4845474362373352 -0.2856094241142273 0.8268258571624756
vn 0.4845474362373352 -0.2856094241142273 0.8268258571624756
vn 0.4845474064350128 -0.2856094241142273 0.8268259167671204
vn 0.7873704433441162 -0.5790708065032959 0.21148234605789185
vn 0.7873704433441162 -0.5790708065032959 0.21148234605789185
vn 0.7873704433441162 -0.5790708065032959 0.21148234605789185
vn 0.9090707898139954 0.15206749737262726 0.387899249792099
vn 0.9090707898139954 0.15206751227378845 0.3878992199897766
vn 0.9090707898139954 0.15206752717494965 0.387899249792099
vn 0.5507059097290039 -0.11380132287740707 0.8269052505493164
vn 0.5507059097290039 -0.11380132287740707 0.8269051909446716
vn 0.5507059693336487 -0.11380132287740707 0.8269051909446716
vn 0.34489014744758606 0.17122827470302582 0.9228931069374084
vn 0.34489011764526367 0.17122825980186462 0.9228931069374084
vn 0.34489011764526367 0.17122825980186462 0.9228931069374084
vn 0.7903918623924255 -0.1434885859489441 0.5955600142478943
vn 0.7903918623924255 -0.14348860085010529 0.5955600142478943
vn 0.7903918623924255 -0.1434885859489441 0.5955600738525391
vn 0.3208562731742859 -0.6545909643173218 -0.6845157742500305
vn 0.3208562731742859 -0.6545909643173218 -0.6845157742500305
vn 0.3208562731742859 -0.6545909643173218 -0.6845157742500305
vn 0.46088308095932007 -0.8832216858863831 -0.08663852512836456
vn 0.46088311076164246 -0.8832216858863831 -0.08663853257894516
vn 0.46088311076164246 -0.8832216858863831 -0.08663854002952576
vn 0.2729450464248657 -0.9608480334281921 0.04766666889190674
vn 0.2729450464248657 -0.9608480334281921 0.04766666889190674
vn 0.27294501662254333 -0.9608480334281921 0.04766666889190674
vn -0.7760089635848999 -0.6198984384536743 -0.11634412407875061
vn -0.7760089635848999 -0.6198984980583191 -0.11634413152933121
vn -0.7760089635848999 -0.6198984980583191 -0.1163441389799118
vn 0.8408972024917603 -0.2762332856655121 0.4653891324996948
vn 0.8408972024917603 -0.2762332558631897 0.4653891623020172
vn 0.8408972024917603 -0.2762332558631897 0.4653891623020172
vn 0.48914024233818054 0.257904976606369 -0.8332027792930603
vn 0.48914027214050293 0.257904976606369 -0.8332027196884155
vn 0.48914027214050293 0.257904976606369 -0.8332027196884155
vn -0.4303933382034302 -0.35244667530059814 -0.8309891223907471
vn -0.43039336800575256 -0.35244667530059814 -0.8309890627861023
vn -0.43039336800575256 -0.35244664549827576 -0.8309891223907471
vn -0.1922665685415268 0.4190347492694855 -0.8873801231384277
vn -0.1922665536403656 0.41903477907180786 -0.8873801231384277
vn -0.1922665685415268 0.4190347492694855 -0.8873801231384277
vn -0.6991157531738281 -0.4083443880081177 -0.5869343876838684
vn -0.6991157531738281 -0.4083443880081177 -0.5869343876838684
vn -0.6991157531738281 -0.4083443880081177 -0.5869343876838684
vn 0.46675997972488403 0.23580925166606903 -0.8523667454719543
vn 0.4667600095272064 0.23580925166606903 -0.8523667454719543
vn 0.46675994992256165 0.23580925166606903 -0.8523668050765991
vn -0.33629050850868225 0.6889875531196594 -0.6420317888259888
vn -0.33629053831100464 0.6889875531196594 -0.6420318484306335
vn -0.33629050850868225 0.6889875531196594 -0.6420318484306335
vn -0.5661006569862366 -0.71735680103302 -0.4061148166656494
vn -0.5661006569862366 -0.7173568606376648 -0.4061148166656494
vn -0.5661006569862366 -0.71735680103302 -0.406114786863327
vn 0.23712076246738434 0.9191703200340271 -0.3144832253456116
vn 0.23712074756622314 0.9191703200340271 -0.3144832253456116
vn 0.23712076246738434 0.9191703200340271 -0.31448325514793396
vn -0.8759020566940308 0.21657083928585052 -0.4311527609825134
vn -0.8759020566940308 0.21657085418701172 -0.4311527609825134
vn -0.8759020566940308 0.21657083928585052 -0.4311527609825134
vn 0.8716924786567688 -0.45375537872314453 0.1850900799036026
vn 0.8716924786567688 -0.45375531911849976 0.1850900799036026
vn 0.8716924786567688 -0.45375531911849976 0.1850900799036026
vn 0.2642448842525482 -0.9324224591255188 0.24650143086910248
vn 0.2642449140548706 -0.9324224591255188 0.24650146067142487
vn 0.2642448842525482 -0.9324224591255188 0.24650147557258606
vn -0.9677920937538147 0.13071970641613007 0.2151530236005783
vn -0.9677920937538147 0.13071970641613007 0.2151530236005783
vn -0.9677920937538147 0.13071970641613007 0.2151530236005783
vn 0.9750431776046753 0.22046831250190735 0.026163475587964058
vn 0.9750431776046753 0.22046832740306854 0.026163475587964058
vn 0.9750431776046753 0.22046832740306854 0.026163475587964058
vn -0.288752943277359 0.7931159734725952 -0.5362730026245117
vn -0.288752943277359 0.79311603307724 -0.5362729430198669
vn -0.2887529730796814 0.79311603307724 -0.5362730026245117
vn -0.13353131711483002 -0.7624076008796692 0.6331698298454285
vn -0.13353131711483002 -0.762407660484314 0.6331697106361389
vn -0.13353131711483002 -0.762407660484314 0.6331697702407837
vn 0.5838597416877747 -0.47773751616477966 0.6564104557037354
vn 0.5838597416877747 -0.47773754596710205 0.6564104557037354
vn 0.5838597416877747 -0.47773751616477966 0.6564104557037354
vn 0.9536677598953247 0.24358423054218292 0.17659148573875427
vn 0.9536677598953247 0.24358421564102173 0.17659148573875427
vn 0.9536677598953247 0.24358421564102173 0.17659147083759308
vn 0.04509074240922928 0.7640526294708252 -0.6435762643814087
vn 0.04509074240922928 0.7640525698661804 -0.6435763239860535
vn 0.04509074613451958 0.7640526294708252 -0.6435762643814087
vn -0.2958733141422272 -0.09389488399028778 0.9506012201309204
vn -0.2958733141422272 -0.09389488399028778 0.9506012201309204
vn -0.2958733141422272 -0.09389489144086838 0.9506012201309204
vn -0.9999859929084778 0.0006489302031695843 0.005252370610833168
vn -0.9999859929084778 0.0006489301449619234 0.005252370145171881
vn -0.9999859929084778 0.0006489302613772452 0.005252370610833168
vn -0.23679891228675842 0.062132980674505234 -0.9695698618888855
vn -0.23679889738559723 0.062132976949214935 -0.9695698618888855
vn -0.23679889738559723 0.062132976949214935 -0.9695698618888855
vn 0.5477259755134583 -0.6056128144264221 -0.5772603154182434
vn 0.5477259755134583 -0.6056128144264221 -0.5772602558135986
vn 0.5477259755134583 -0.6056128144264221 -0.5772603154182434
vn 0.5385860204696655 -0.5639697313308716 -0.6259897351264954
vn 0.5385860800743103 -0.5639697313308716 -0.6259897351264954
vn 0.5385860204696655 -0.5639697313308716 -0.6259897351264954
vn -0.5916821956634521 -0.425458163022995 0.6847609281539917
vn -0.5916821956634521 -0.425458163022995 0.6847609281539917
vn -0.5916822552680969 -0.425458163022995 0.6847609281539917
vn -0.6088141798973083 0.7924161553382874 -0.03770773485302925
vn -0.6088141798973083 0.7924161553382874 -0.03770773485302925
vn -0.6088141798973083 0.7924161553382874 -0.03770773485302925
vn -0.33880510926246643 0.26222240924835205 -0.9035764932632446
vn -0.3388051390647888 0.26222243905067444 -0.9035764932632446
vn -0.33880510926246643 0.26222240924835205 -0.9035764932632446
vn -0.30656948685646057 -0.8211852312088013 -0.4813211262226105
vn -0.3065694570541382 -0.8211851716041565 -0.4813211262226105
vn -0.30656948685646057 -0.8211851716041565 -0.48132115602493286
vn 0.31263259053230286 -0.8513138890266418 -0.4213378429412842
vn 0.31263259053230286 -0.8513138890266418 -0.4213378429412842
vn 0.31263259053230286 -0.8513138890266418 -0.4213378429412842
vn 0.5363089442253113 -0.15218691527843475 0.8301878571510315
vn 0.5363089442253113 -0.15218693017959595 0.8301878571510315
vn 0.536309003829956 -0.15218693017959595 0.8301877975463867
vn 0.21031758189201355 -0.22277340292930603 -0.951913058757782
vn 0.21031758189201355 -0.22277341783046722 -0.951913058757782
vn 0.21031758189201355 -0.22277340292930603 -0.9519131183624268
vn -0.5382630825042725 0.8374173641204834 0.0948949009180069
vn -0.5382630825042725 0.8374173045158386 0.0948949009180069
vn -0.5382630825042725 0.8374173641204834 0.0948948860168457
vn -0.587537944316864 -0.3550969064235687 0.7271212935447693
vn -0.587537944316864 -0.3550969064235687 0.7271212935447693
vn -0.587537944316864 -0.3550969064235687 0.7271212935447693
vn 0.8089168667793274 -0.21329030394554138 -0.5478692650794983
vn 0.8089168667793274 -0.21329030394554138 -0.5478693246841431
vn 0.8089168667793274 -0.2132902890443802 -0.5478692650794983
vn -0.10956761240959167 -0.7570046186447144 -0.6441575288772583
vn -0.10956761240959167 -0.7570046186447144 -0.6441575884819031
vn -0.10956761240959167 -0.7570046186447144 -0.6441575288772583
vn 0.05066429078578949 -0.8228689432144165 0.5659680366516113
vn 0.05066429451107979 -0.8228689432144165 0.5659680366516113
vn 0.05066429451107979 -0.8228689432144165 0.5659680366516113
vn 0.770602285861969 0.36854350566864014 -0.519949734210968
vn 0.7706023454666138 0.36854347586631775 -0.519949734210968
vn 0.7706023454666138 0.36854350566864014 -0.519949734210968
vn 0.7636977434158325 -0.5075393319129944 -0.3989606201648712
vn 0.7636977434158325 -0.5075393319129944 -0.39896059036254883
vn 0.7636977434158325 -0.5075393319129944 -0.3989606201648712
vn 0.7579334378242493 -0.500878095626831 -0.41792115569114685
vn 0.7579334378242493 -0.5008780360221863 -0.41792112588882446
vn 0.7579334378242493 -0.5008780360221863 -0.41792112588882446
vn 0.18880651891231537 -0.9338894486427307 0.3036487400531769
vn 0.18880653381347656 -0.9338894486427307 0.3036487400531769
vn 0.18880653381347656 -0.9338894486427307 0.3036487400531769
vn 0.7859124541282654 -0.09819462150335312 -0.6104910969734192
vn 0.7859124541282654 -0.09819460660219193 -0.6104910969734192
vn 0.7859124541282654 -0.09819461405277252 -0.6104910969734192
vn 0.7675561308860779 -0.07033886760473251 -0.637110710144043
vn 0.7675561904907227 -0.07033887505531311 -0.6371106505393982
vn 0.7675561308860779 -0.07033886015415192 -0.6371106505393982
vn -0.06408778578042984 0.4748268723487854 -0.8777427077293396
vn -0.06408778578042984 0.4748268127441406 -0.8777427077293396
vn -0.06408778578042984 0.4748268127441406 -0.8777427077293396
vn -0.7078255414962769 -0.061643294990062714 -0.7036924362182617
vn -0.7078255414962769 -0.061643294990062714 -0.7036924362182617
vn -0.7078254818916321 -0.061643294990062714 -0.7036924958229065
vn -0.3115600049495697 -0.9501809477806091 -0.009300727397203445
vn -0.3115600347518921 -0.9501809477806091 -0.009300727397203445
vn -0.3115600347518921 -0.9501809477806091 -0.00930072832852602
vn -0.8112590909004211 -0.23166301846504211 -0.5368341207504272
vn -0.8112590909004211 -0.23166301846504211 -0.536834180355072
vn -0.8112590909004211 -0.23166301846504211 -0.536834180355072
vn 0.7003517746925354 0.6741032004356384 -0.23471727967262268
vn 0.7003517150878906 0.6741032600402832 -0.23471729457378387
vn 0.7003517150878906 0.6741032600402832 -0.23471729457378387
vn -0.27972087264060974 -0.7848771214485168 0.552923321723938
vn -0.27972084283828735 -0.7848771214485168 0.5529232621192932
vn -0.27972087264060974 -0.7848771214485168 0.552923321723938
vn 0.0488247387111187 -0.8378283381462097 0.5437460541725159
vn 0.048824746161699295 -0.8378283381462097 0.5437461137771606
vn 0.0488247387111187 -0.8378282785415649 0.5437461733818054
vn -0.01159413531422615 0.4203563928604126 -0.9072850346565247
vn -0.011594136245548725 0.4203563928604126 -0.9072850346565247
vn -0.011594136245548725 0.4203563928604126 -0.9072850346565247
vn 0.714751124382019 0.5549204349517822 -0.42566898465156555
vn 0.714751124382019 0.554920494556427 -0.42566898465156555
vn 0.7147510647773743 0.5549205541610718 -0.42566901445388794
vn -0.4063454568386078 0.5243863463401794 -0.7482662200927734
vn -0.4063454568386078 0.5243864059448242 -0.7482661604881287
vn -0.4063454568386078 0.5243864059448242 -0.7482662200927734
vn 0.7830936908721924 -0.26512399315834045 0.5625598430633545
vn 0.7830936312675476 -0.26512399315834045 0.5625598430633545
vn 0.7830936908721924 -0.26512399315834045 0.5625598430633545
vn 0.9889004230499268 0.12877896428108215 0.07410764694213867
vn 0.9889004230499268 0.12877896428108215 0.07410764694213867
vn 0.9889004230499268 0.12877894937992096 0.07410763949155807
vn -0.3705892860889435 -0.7122232913970947 0.5961556434631348
vn -0.37058931589126587 -0.7122232913970947 0.5961556434631348
vn -0.37058934569358826 -0.7122232913970947 0.5961556434631348
vn -0.13599443435668945 -0.6038956046104431 0.7853761315345764
vn -0.13599440455436707 -0.6038955450057983 0.7853761315345764
vn -0.13599443435668945 -0.6038956046104431 0.7853761315345764
vn -0.9768034815788269 0.058038122951984406 -0.20612266659736633
vn -0.9768034815788269 0.058038130402565 -0.20612269639968872
vn -0.9768034815788269 0.05803811922669411 -0.20612268149852753
vn -0.8406165242195129 0.20437844097614288 -0.5015907883644104
vn -0.8406165242195129 0.20437844097614288 -0.5015907883644104
vn -0.8406165242195129 0.20437844097614288 -0.5015907883644104
vn -0.5288049578666687 0.29104337096214294 -0.797282338142395
vn -0.5288049578666687 0.29104337096214294 -0.797282338142395
vn -0.5288048982620239 0.29104334115982056 -0.797282338142395
vn 0.7545399069786072 -0.03149236738681793 0.6554980874061584
vn 0.7545399069786072 -0.03149237111210823 0.6554981470108032
vn 0.7545399069786072 -0.03149237111210823 0.6554981470108032
vn -0.03625732287764549 -0.6062864065170288 0.7944194078445435
vn -0.03625732287764549 -0.6062864065170288 0.7944194078445435
vn -0.03625732287764549 -0.6062864065170288 0.7944194078445435
vn -0.683964192867279 -0.6691585779190063 -0.29055094718933105
vn -0.6839641332626343 -0.6691585779190063 -0.29055091738700867
vn -0.6839641332626343 -0.6691585779190063 -0.29055094718933105
vn 0.8063936829566956 0.2017654925584793 0.5558956265449524
vn 0.8063936829566956 0.2017654925584793 0.5558955669403076
vn 0.8063936829566956 0.20176547765731812 0.5558956265449524
vn -0.27963897585868835 -0.7795462012290955 0.5604549050331116
vn -0.27963900566101074 -0.7795461416244507 0.5604550242424011
vn -0.27963900566101074 -0.7795462012290955 0.5604549646377563
vn 0.8340067267417908 0.5399461984634399 -0.11353809386491776
vn 0.8340067267417908 0.5399461984634399 -0.11353808641433716
vn 0.8340067267417908 0.5399461984634399 -0.11353807896375656
vn -0.46820035576820374 -0.18994058668613434 0.8629664182662964
vn -0.46820029616355896 -0.18994055688381195 0.8629664182662964
vn -0.46820035576820374 -0.18994057178497314 0.8629664182662964
vn -0.04310791566967964 -0.48150837421417236 0.8753806948661804
vn -0.04310792312026024 -0.48150837421417236 0.8753806948661804
vn -0.04310791566967964 -0.48150837421417236 0.8753806948661804
vn -0.9279414415359497 0.3138165771961212 -0.20110653340816498
vn -0.9279414415359497 0.31381654739379883 -0.20110651850700378
vn -0.9279414415359497 0.31381654739379883 -0.20110653340816498
vn 0.5558061003684998 0.8120291233062744 -0.17801207304000854
vn 0.5558061003684998 0.8120291233062744 -0.17801207304000854
vn 0.555806040763855 0.8120291233062744 -0.17801204323768616
vn 0.43760889768600464 0.883869469165802 -0.16514606773853302
vn 0.43760886788368225 0.883869469165802 -0.16514605283737183
vn 0.43760883808135986 0.883869469165802 -0.16514606773853302
vn 0.8523040413856506 -0.04498397186398506 0.5211087465286255
vn 0.8523040413856506 -0.04498397558927536 0.5211086869239807
vn 0.8523040413856506 -0.04498397558927536 0.5211086869239807
vn 0.6441741585731506 0.7545580267906189 -0.12522739171981812
vn 0.6441741585731506 0.7545580267906189 -0.12522739171981812
vn 0.6441740989685059 0.7545580267906189 -0.12522739171981812
vn 0.04796168953180313 0.7734875082969666 -0.6319942474365234
vn 0.04796168953180313 0.7734875082969666 -0.6319942474365234
vn 0.04796169325709343 0.7734875082969666 -0.6319942474365234
vn -0.6567747592926025 0.6987059116363525 -0.28364938497543335
vn -0.6567747592926025 0.6987059116363525 -0.28364938497543335
vn -0.6567746996879578 0.6987059116363525 -0.28364938497543335
vn -0.5458948016166687 -0.4754207730293274 0.6899086236953735
vn -0.5458948016166687 -0.4754207730293274 0.6899086236953735
vn -0.5458948016166687 -0.475420743227005 0.6899086833000183
vn 0.6798695921897888 0.7099215984344482 0.1838168352842331
vn 0.6798695921897888 0.7099215984344482 0.1838168501853943
vn 0.6798695921897888 0.7099215984344482 0.1838168352842331
vn -0.7061468362808228 -0.09867347031831741 0.7011563777923584
vn -0.7061468362808228 -0.09867347031831741 0.7011563181877136
vn -0.7061468958854675 -0.09867348521947861 0.7011563181877136
vn 0.4236663579940796 0.9057276248931885 -0.012819070369005203
vn 0.4236663579940796 0.9057276248931885 -0.012819069437682629
vn 0.423666387796402 0.9057275652885437 -0.012819070369005203
vn -0.5909634232521057 0.8065159320831299 -0.017156198620796204
vn -0.5909634232521057 0.8065159320831299 -0.017156198620796204
vn -0.5909634232521057 0.8065159320831299 -0.017156200483441353
vn 0.6877247095108032 0.6849164962768555 0.24067413806915283
vn 0.6877247095108032 0.6849165558815002 0.24067415297031403
vn 0.6877247095108032 0.6849164962768555 0.24067412316799164
vn -0.8554097414016724 0.12255502492189407 0.5032439231872559
vn -0.8554097414016724 0.12255503237247467 0.5032439231872559
vn -0.8554096817970276 0.12255502492189407 0.5032439827919006
vn -0.16759541630744934 -0.38998129963874817 0.9054426550865173
vn -0.16759543120861053 -0.38998132944107056 0.9054425954818726
vn -0.16759541630744934 -0.38998129963874817 0.9054426550865173
vn -0.7110534906387329 -0.08675651997327805 0.6977651715278625
vn -0.7110534906387329 -0.08675652742385864 0.6977651715278625
vn -0.7110534906387329 -0.08675653487443924 0.6977651715278625
vn 0.05659737065434456 0.010448232293128967 0.9983423948287964
vn 0.05659736692905426 0.010448233224451542 0.9983423948287964
vn 0.05659737437963486 0.010448233224451542 0.9983423948287964
vn -0.11232428252696991 -0.24139466881752014 0.9639045000076294
vn -0.11232426762580872 -0.24139466881752014 0.9639045000076294
vn -0.11232428252696991 -0.24139466881752014 0.9639045000076294
vn -0.6094294786453247 0.7579835653305054 0.23250092566013336
vn -0.6094294786453247 0.7579835653305054 0.23250092566013336
vn -0.6094294786453247 0.7579835653305054 0.23250092566013336
vn 0.6545979976654053 0.7557682991027832 0.017768442630767822
vn 0.65459805727005 0.7557682991027832 0.01776844449341297
vn 0.65459805727005 0.7557682991027832 0.017768442630767822
vn -0.5230252146720886 0.8497606515884399 0.06596580892801285
vn -0.5230252146720886 0.8497606515884399 0.06596580892801285
vn -0.5230251550674438 0.8497606515884399 0.06596580147743225
vn -0.793800950050354 0.43996453285217285 0.41989439725875854
vn -0.7938008904457092 0.43996456265449524 0.41989436745643616
vn -0.7938008904457092 0.4399645924568176 0.41989439725875854
vn -0.4872632622718811 0.3298581540584564 0.8085592985153198
vn -0.4872632920742035 0.3298581540584564 0.808559238910675
vn -0.4872632920742035 0.32985812425613403 0.8085592985153198
vn 0.28392457962036133 0.813358724117279 0.5077739953994751
vn 0.2839246094226837 0.813358724117279 0.5077739953994751
vn 0.28392457962036133 0.813358724117279 0.5077739357948303
vn 0.1766965687274933 0.8787797093391418 0.4433109164237976
vn 0.17669659852981567 0.8787797093391418 0.4433109164237976
vn 0.17669659852981567 0.8787797093391418 0.4433109164237976
vn -0.354300320148468 0.19515012204647064 0.9145423769950867
vn -0.354300320148468 0.19515015184879303 0.9145423769950867
vn -0.354300320148468 0.19515015184879303 0.9145423173904419
vn -0.2990373373031616 0.9538350105285645 -0.027847597375512123
vn -0.2990373373031616 0.9538350105285645 -0.027847595512866974
vn -0.2990373373031616 0.9538350105285645 -0.027847597375512123
vn -0.5682860612869263 0.542059600353241 0.619049608707428
vn -0.5682860016822815 0.542059600353241 0.619049608707428
vn -0.5682860016822815 0.5420595407485962 0.619049608707428
vn -0.5682860612869263 0.542059600353241 0.619049608707428
vn -0.5682860016822815 0.5420595407485962 0.619049608707428
vn -0.5682860612869263 0.5420595407485962 0.6190495491027832
vn -0.017529377713799477 0.35152265429496765 0.936015248298645
vn -0.017529381439089775 0.35152268409729004 0.936015248298645
vn -0.017529377713799477 0.35152265429496765 0.936015248298645
vn 0.2114916294813156 0.8734955191612244 0.43849390745162964
vn 0.2114916443824768 0.8734955191612244 0.43849390745162964
vn 0.2114916443824768 0.8734955191612244 0.43849390745162964
vn 0.9006708264350891 0.30695265531539917 -0.3075259029865265
vn 0.9006708264350891 0.3069526255130768 -0.3075258731842041
vn 0.9006708264350891 0.30695265531539917 -0.3075258731842041
vn 0.17520169913768768 0.8376988172531128 0.5172668695449829
vn 0.17520171403884888 0.8376988768577576 0.5172668695449829
vn 0.17520169913768768 0.8376988172531128 0.5172668695449829
vn 0.37674635648727417 -0.6471701860427856 0.6627465486526489
vn 0.3767463266849518 -0.6471701264381409 0.6627465486526489
vn 0.37674638628959656 -0.6471701860427856 0.6627465486526489
vn 0.8913049697875977 -0.13597795367240906 0.43253380060195923
vn 0.8913049697875977 -0.13597796857357025 0.43253380060195923
vn 0.8913049697875977 -0.13597795367240906 0.43253380060195923
vn 0.8384102582931519 -0.2948792278766632 0.4583824872970581
vn 0.8384102582931519 -0.2948792278766632 0.4583824574947357
vn 0.8384102582931519 -0.2948792278766632 0.4583824872970581
vn 0.8054713606834412 0.42659759521484375 -0.4113762080669403
vn 0.8054713606834412 0.42659756541252136 -0.4113761782646179
vn 0.8054713606834412 0.42659756541252136 -0.4113762080669403
vn 0.3181317448616028 0.7170181274414062 0.6202235221862793
vn 0.318131685256958 0.717018187046051 0.6202234625816345
vn 0.3181317448616028 0.717018187046051 0.6202234625816345
vn 0.983971118927002 -0.13818682730197906 -0.11271773278713226
vn 0.983971118927002 -0.13818682730197906 -0.11271774023771286
vn 0.983971118927002 -0.13818682730197906 -0.11271774023771286
vn 0.9557427167892456 0.06731628626585007 0.2863989472389221
vn 0.9557427167892456 0.06731628626585007 0.2863989472389221
vn 0.9557427167892456 0.06731627136468887 0.28639891743659973
vn 0.5889885425567627 0.6058889031410217 0.5347813367843628
vn 0.5889886021614075 0.6058889627456665 0.5347813367843628
vn 0.5889885425567627 0.6058889031410217 0.5347813963890076
vn 0.9742604494094849 -0.08316639810800552 -0.20952308177947998
vn 0.9742604494094849 -0.08316639065742493 -0.20952309668064117
vn 0.9742604494094849 -0.08316639065742493 -0.2095230668783188
vn 0.49270099401474 -0.8637341260910034 0.10587288439273834
vn 0.4927010238170624 -0.8637341260910034 0.10587289929389954
vn 0.4927009344100952 -0.8637341856956482 0.10587287694215775
vn 0.8514518141746521 -0.16137593984603882 -0.4989866018295288
vn 0.8514518141746521 -0.16137591004371643 -0.4989865720272064
vn 0.8514518141746521 -0.16137591004371643 -0.4989865720272064
vn 0.6398159265518188 0.5466070771217346 0.5402371883392334
vn 0.6398159265518188 0.5466070771217346 0.5402371883392334
vn 0.6398159861564636 0.5466070771217346 0.5402371883392334
vn 0.8469026684761047 0.5304266214370728 0.03746339678764343
vn 0.8469026684761047 0.530426561832428 0.03746339678764343
vn 0.8469026684761047 0.530426561832428 0.037463393062353134
vn 0.8816555142402649 -0.2876170575618744 -0.3741123080253601
vn 0.8816555142402649 -0.2876170575618744 -0.3741123080253601
vn 0.8816554546356201 -0.2876170575618744 -0.3741123378276825
vn -0.6666020154953003 0.3864002823829651 0.6374453902244568
vn -0.6666020154953003 0.3864002227783203 0.6374453902244568
vn -0.6666020154953003 0.3864002823829651 0.6374453902244568
vn 0.07504912465810776 0.4107297360897064 0.9086631536483765
vn 0.07504912465810776 0.41072970628738403 0.9086631536483765
vn 0.07504913210868835 0.4107297360897064 0.9086631536483765
vn -0.6110019087791443 -0.6921647787094116 0.384167343378067
vn -0.6110019683837891 -0.6921647787094116 0.3841673731803894
vn -0.6110019087791443 -0.6921647787094116 0.38416731357574463
vn -0.1571371704339981 -0.9618110060691833 -0.22411487996578217
vn -0.1571371704339981 -0.9618110060691833 -0.22411487996578217
vn -0.1571371853351593 -0.9618110060691833 -0.22411485016345978
vn 0.8481109142303467 0.5285210013389587 0.03705983608961105
vn 0.8481109142303467 0.5285210013389587 0.03705983608961105
vn 0.8481109142303467 0.5285210013389587 0.037059832364320755
vn 0.153265580534935 0.7221013903617859 0.6745955944061279
vn 0.153265580534935 0.7221013903617859 0.6745955944061279
vn 0.153265580534935 0.7221013903617859 0.6745955944061279
vn 0.013990000821650028 0.44079890847206116 0.8974968194961548
vn 0.013990002684295177 0.44079890847206116 0.8974968791007996
vn 0.013990000821650028 0.44079890847206116 0.8974968194961548
vn 0.3957008123397827 0.323411226272583 -0.859549880027771
vn 0.3957008123397827 0.3234112560749054 -0.859549880027771
vn 0.3957007825374603 0.323411226272583 -0.8595499396324158
vn 0.7775053977966309 -0.26371124386787415 -0.5709130764007568
vn 0.7775053977966309 -0.26371124386787415 -0.5709130764007568
vn 0.7775053977966309 -0.26371124386787415 -0.5709130764007568
vn -0.6038962006568909 -0.7855752110481262 0.13483677804470062
vn -0.6038962006568909 -0.7855752110481262 0.13483679294586182
vn -0.6038961410522461 -0.785575270652771 0.13483676314353943
vn -0.14628246426582336 -0.9736096262931824 -0.17517341673374176
vn -0.14628247916698456 -0.9736096262931824 -0.17517343163490295
vn -0.14628246426582336 -0.9736096262931824 -0.17517340183258057
vn -0.7115880846977234 0.47701966762542725 -0.5158435702323914
vn -0.7115881443023682 0.47701960802078247 -0.5158436298370361
vn -0.7115881443023682 0.47701963782310486 -0.5158435702323914
vn 0.38619574904441833 0.5329888463020325 -0.7528451085090637
vn 0.38619574904441833 0.5329888463020325 -0.7528451085090637
vn 0.38619574904441833 0.5329888463020325 -0.7528451085090637
vn 0.16517290472984314 0.5223402976989746 0.8365874290466309
vn 0.16517290472984314 0.5223403573036194 0.8365874290466309
vn 0.16517290472984314 0.5223403573036194 0.8365874290466309
vn -0.025503233075141907 -0.49473845958709717 0.8686676025390625
vn -0.025503234937787056 -0.49473848938941956 0.8686676025390625
vn -0.025503233075141907 -0.49473845958709717 0.8686676025390625
vn -0.02064969390630722 0.9977002143859863 0.0645592138171196
vn -0.02064969390630722 0.9977002143859863 0.064559206366539
vn -0.020649690181016922 0.9977002143859863 0.0645591989159584
vn 0.01194289606064558 0.3601313829421997 -0.9328251481056213
vn 0.01194289606064558 0.3601314127445221 -0.9328251481056213
vn 0.011942896991968155 0.3601313829421997 -0.9328251481056213
vn 0.06720366328954697 -0.9958512187004089 0.0613517202436924
vn 0.06720367074012756 -0.9958512187004089 0.0613517239689827
vn 0.06720367074012756 -0.9958512187004089 0.0613517202436924
vn -0.1823093742132187 0.7267694473266602 -0.6622457504272461
vn -0.18230938911437988 0.7267695069313049 -0.6622457504272461
vn -0.1823093742132187 0.7267694473266602 -0.6622457504272461
vn -0.627263605594635 0.4639023542404175 0.6255677342414856
vn -0.627263605594635 0.46390238404273987 0.6255676746368408
vn -0.627263605594635 0.46390238404273987 0.6255677342414856
vn 0.0704551488161087 -0.8490431904792786 -0.5236045718193054
vn 0.0704551562666893 -0.8490431904792786 -0.5236045718193054
vn 0.0704551488161087 -0.8490432500839233 -0.5236045122146606
vn -0.1525299847126007 0.6844237446784973 -0.7129507064819336
vn -0.1525299847126007 0.6844237446784973 -0.7129507660865784
vn -0.15252996981143951 0.6844237446784973 -0.7129507064819336
vn -0.045015089213848114 0.9029778838157654 -0.42732253670692444
vn -0.045015089213848114 0.9029778838157654 -0.42732250690460205
vn -0.04501509293913841 0.9029778838157654 -0.42732253670692444
vn 0.004894167650490999 -0.5027740597724915 0.864404022693634
vn 0.004894167650490999 -0.5027740597724915 0.864404022693634
vn 0.004894167650490999 -0.5027740597724915 0.864404022693634
vn 0.23302607238292694 -0.9632914662361145 0.1332983523607254
vn 0.23302605748176575 -0.9632914662361145 0.1332983374595642
vn 0.23302605748176575 -0.9632914662361145 0.1332983374595642
vn -0.01824549399316311 -0.4670064449310303 0.8840656280517578
vn -0.01824549213051796 -0.46700650453567505 0.8840656280517578
vn -0.01824549399316311 -0.4670064449310303 0.8840656280517578
vn -0.34553155303001404 -0.8964354395866394 0.2775093913078308
vn -0.34553155303001404 -0.8964354395866394 0.2775093913078308
vn -0.34553155303001404 -0.8964354395866394 0.2775094211101532
vn -0.2244146168231964 -0.9547784328460693 0.1950288712978363
vn -0.2244146317243576 -0.9547784328460693 0.1950288861989975
vn -0.2244146466255188 -0.9547784328460693 0.1950288861989975
vn -0.20632749795913696 -0.9246611595153809 0.3200480341911316
vn -0.20632749795913696 -0.9246611595153809 0.3200480341911316
vn -0.20632749795913696 -0.9246611595153809 0.3200480341911316
vn 0.22522351145744324 -0.8462382555007935 -0.4828614592552185
vn 0.22522351145744324 -0.8462382555007935 -0.4828614592552185
vn 0.22522352635860443 -0.8462382555007935 -0.4828614592552185
vn -0.5262458920478821 0.8503292798995972 0.0023169643245637417
vn -0.5262458920478821 0.8503292798995972 0.0023169645573943853
vn -0.5262459516525269 0.8503292202949524 0.0023169643245637417
vn -0.5025587677955627 0.5973321795463562 -0.6250032186508179
vn -0.5025587677955627 0.5973321795463562 -0.6250031590461731
vn -0.5025587677955627 0.5973321795463562 -0.6250032186508179
vn -0.13315267860889435 0.20714908838272095 -0.9692056775093079
vn -0.13315267860889435 0.20714907348155975 -0.9692056775093079
vn -0.13315267860889435 0.20714908838272095 -0.9692056775093079
vn -0.5448228120803833 -0.8180891871452332 0.1841147392988205
vn -0.5448228120803833 -0.8180891275405884 0.1841147243976593
vn -0.5448228120803833 -0.8180891275405884 0.1841147094964981
vn -0.21315830945968628 -0.541358470916748 -0.8133231401443481
vn -0.21315830945968628 -0.541358470916748 -0.8133231401443481
vn -0.21315829455852509 -0.541358470916748 -0.8133231401443481
vn -0.5943366289138794 0.7999285459518433 -0.08293579518795013
vn -0.5943365693092346 0.7999285459518433 -0.08293579518795013
vn -0.5943366289138794 0.7999285459518433 -0.08293579518795013
vn -0.3739834725856781 0.9068120121955872 -0.19449518620967865
vn -0.3739834129810333 0.9068120121955872 -0.19449514150619507
vn -0.3739834427833557 0.9068120121955872 -0.19449515640735626
vn -0.7159372568130493 0.28151389956474304 0.638892650604248
vn -0.7159371972084045 0.28151389956474304 0.638892650604248
vn -0.7159371972084045 0.28151392936706543 0.6388927102088928
vn -0.654689371585846 0.02716936357319355 0.7554095983505249
vn -0.654689371585846 0.02716936357319355 0.7554095983505249
vn -0.6546894311904907 0.0271693617105484 0.7554095387458801
vn -0.5952815413475037 -0.7956067323684692 0.11247110366821289
vn -0.5952816009521484 -0.7956067323684692 0.1124710887670517
vn -0.5952816009521484 -0.7956067323684692 0.11247110366821289
vn -0.7966578602790833 -0.44491392374038696 -0.40913063287734985
vn -0.7966578602790833 -0.44491392374038696 -0.40913063287734985
vn -0.7966578602790833 -0.44491392374038696 -0.40913063287734985
vn -0.6412478685379028 -0.743866503238678 0.1883184313774109
vn -0.6412478685379028 -0.7438664436340332 0.18831844627857208
vn -0.6412478685379028 -0.743866503238678 0.18831844627857208
vn -0.9601045250892639 0.23886723816394806 0.14540202915668488
vn -0.9601045250892639 0.23886722326278687 0.14540202915668488
vn -0.9601045250892639 0.23886720836162567 0.14540201425552368
vn -0.8989136219024658 -0.17439080774784088 -0.4019230306148529
vn -0.8989136219024658 -0.1743907928466797 -0.4019230008125305
vn -0.8989136219024658 -0.1743907928466797 -0.4019230604171753
vn -0.7630305290222168 0.27261075377464294 -0.5860612392425537
vn -0.7630305290222168 0.27261075377464294 -0.5860612392425537
vn -0.7630305290222168 0.27261075377464294 -0.5860612988471985
vn -0.9704188108444214 -0.22436212003231049 -0.08915723115205765
vn -0.9704188108444214 -0.2243621051311493 -0.08915723860263824
vn -0.9704188108444214 -0.22436213493347168 -0.08915723860263824
vn -0.4255213439464569 0.6561015248298645 0.6232674717903137
vn -0.4255213439464569 0.6561015844345093 0.623267412185669
vn -0.4255213737487793 0.6561015248298645 0.6232674717903137
vn -0.39963364601135254 0.4685199558734894 0.7878971695899963
vn -0.39963361620903015 0.46852001547813416 0.7878971695899963
vn -0.39963364601135254 0.46851998567581177 0.7878971695899963
vn -0.4553072452545166 0.7769788503646851 0.4347403645515442
vn -0.4553072154521942 0.7769788503646851 0.4347403347492218
vn -0.4553072154521942 0.7769788503646851 0.4347403645515442
vn -0.602168619632721 0.14018096029758453 0.7859658002853394
vn -0.6021686792373657 0.14018096029758453 0.7859658002853394
vn -0.6021686792373657 0.14018096029758453 0.7859658002853394
vn -0.747901439666748 0.3431057333946228 0.5682621598243713
vn -0.747901439666748 0.3431057333946228 0.5682621598243713
vn -0.747901439666748 0.3431057333946228 0.5682621598243713
vn -0.7951672673225403 0.19989900290966034 0.5724940299987793
vn -0.7951672673225403 0.19989900290966034 0.5724940299987793
vn -0.7951672673225403 0.19989900290966034 0.5724940299987793
vn -0.32258084416389465 -0.6191698312759399 0.7159401178359985
vn -0.32258084416389465 -0.6191698908805847 0.7159401178359985
vn -0.32258087396621704 -0.6191698312759399 0.7159401178359985
vn -0.9914754033088684 -0.029970653355121613 0.1268003135919571
vn -0.9914754033088684 -0.029970651492476463 0.1268003284931183
vn -0.9914754033088684 -0.029970651492476463 0.1268003284931183
vn -0.49458596110343933 0.6113654971122742 0.6177515387535095
vn -0.49458596110343933 0.6113654375076294 0.6177515387535095
vn -0.49458596110343933 0.6113654971122742 0.6177515387535095
vn -0.2766147553920746 -0.5426355600357056 0.7931146621704102
vn -0.2766147553920746 -0.5426355600357056 0.7931147217750549
vn -0.2766147553920746 -0.5426355600357056 0.7931147217750549
vn -0.6955353617668152 0.641865611076355 0.32286083698272705
vn -0.6955353617668152 0.641865611076355 0.32286083698272705
vn -0.6955353617668152 0.641865611076355 0.32286083698272705
vn -0.2430604249238968 -0.5673776268959045 0.7867681980133057
vn -0.2430604249238968 -0.5673776268959045 0.7867681980133057
vn -0.2430604249238968 -0.5673776268959045 0.7867682576179504
vn -0.2840920686721802 -0.8716034889221191 0.3994985520839691
vn -0.2840920388698578 -0.8716034889221191 0.3994985818862915
vn -0.2840920388698578 -0.8716034889221191 0.3994985520839691
vn 0.18275292217731476 0.9461139440536499 0.26733824610710144
vn 0.18275292217731476 0.9461139440536499 0.26733824610710144
vn 0.18275292217731476 0.9461139440536499 0.26733827590942383
vn 0.07314319163560867 0.3158360421657562 0.9459903240203857
vn 0.07314319163560867 0.31583601236343384 0.9459903240203857
vn 0.07314318418502808 0.3158360421657562 0.9459903240203857
vn 0.27957186102867126 -0.29589295387268066 0.9133930802345276
vn 0.27957186102867126 -0.29589295387268066 0.9133930802345276
vn 0.27957186102867126 -0.29589295387268066 0.9133930802345276
vn 0.13720013201236725 0.5354152321815491 0.8333706855773926
vn 0.13720013201236725 0.5354152321815491 0.8333706855773926
vn 0.13720013201236725 0.5354152321815491 0.8333706855773926
vn -0.7799891233444214 -0.5888092517852783 0.2119448482990265
vn -0.7799891233444214 -0.5888092517852783 0.2119448333978653
vn -0.7799891233444214 -0.5888092517852783 0.21194486320018768
vn -0.644097089767456 0.7619805335998535 0.06726484000682831
vn -0.6440971493721008 0.7619805335998535 0.0672648549079895
vn -0.6440971493721008 0.7619805335998535 0.0672648474574089
vn 0.3497292399406433 -0.10445495694875717 0.9310094714164734
vn 0.3497292399406433 -0.10445495694875717 0.9310094714164734
vn 0.3497292399406433 -0.10445496439933777 0.9310094714164734
vn -0.284040242433548 -0.8011447191238403 0.5267715454101562
vn -0.28404027223587036 -0.8011447191238403 0.5267715454101562
vn -0.28404027223587036 -0.8011446595191956 0.526771605014801
vn -0.8691279292106628 -0.14385204017162323 -0.47320523858070374
vn -0.8691279292106628 -0.14385204017162323 -0.47320523858070374
vn -0.8691279292106628 -0.14385205507278442 -0.47320520877838135
vn -0.8820528388023376 0.4125540256500244 -0.22755660116672516
vn -0.8820527791976929 0.4125540554523468 -0.22755657136440277
vn -0.8820527791976929 0.4125540852546692 -0.22755658626556396
vn 0.5627785325050354 -0.17973339557647705 0.8068309426307678
vn 0.5627785325050354 -0.17973339557647705 0.8068310022354126
vn 0.5627784729003906 -0.17973338067531586 0.8068310022354126
vn -0.5458903312683105 0.8378518223762512 -0.0028531982097774744
vn -0.5458903908729553 0.8378517627716064 -0.0028531982097774744
vn -0.5458903312683105 0.8378518223762512 -0.0028531982097774744
vn -0.013441957533359528 0.787810742855072 0.615770697593689
vn -0.013441956602036953 0.7878106832504272 0.6157707571983337
vn -0.013441957533359528 0.787810742855072 0.615770697593689
vn 0.4296720027923584 -0.3690474033355713 0.8241274356842041
vn 0.4296720027923584 -0.3690474033355713 0.8241273760795593
vn 0.4296720027923584 -0.3690474033355713 0.8241274356842041
vn -0.40314632654190063 0.27339330315589905 -0.8733436465263367
vn -0.403146356344223 0.27339330315589905 -0.8733436465263367
vn -0.403146356344223 0.27339330315589905 -0.8733436465263367
vn -0.7555711269378662 0.6286363005638123 -0.18419726192951202
vn -0.7555710673332214 0.6286364197731018 -0.18419726192951202
vn -0.7555710673332214 0.628636360168457 -0.18419724702835083
vn -0.9474039077758789 0.0015314106130972505 -0.32003670930862427
vn -0.9474039077758789 0.0015314106130972505 -0.3200366795063019
vn -0.9474039077758789 0.0015314104966819286 -0.32003670930862427
vn 0.6580953598022461 -0.6547392010688782 0.37178897857666016
vn 0.6580954194068909 -0.6547392010688782 0.37178900837898254
vn 0.6580954194068909 -0.6547392010688782 0.37178897857666016
vn -0.2238772213459015 -0.7619513273239136 -0.6077080965042114
vn -0.22387723624706268 -0.7619513273239136 -0.6077080965042114
vn -0.22387723624706268 -0.7619513273239136 -0.6077081561088562
vn -0.9042672514915466 -0.3853161931037903 -0.18393537402153015
vn -0.9042671918869019 -0.3853161931037903 -0.18393538892269135
vn -0.9042671918869019 -0.3853161931037903 -0.18393537402153015
vn 0.16843274235725403 -0.9853287935256958 0.027523232623934746
vn 0.16843275725841522 -0.9853287935256958 0.027523232623934746
vn 0.16843274235725403 -0.9853287935256958 0.027523234486579895
vn -0.03646478429436684 0.9973958134651184 0.06222499534487724
vn -0.03646478429436684 0.9973958134651184 0.06222499907016754
vn -0.03646478429436684 0.9973958134651184 0.06222499907016754
vn -0.5144610404968262 0.8334972858428955 -0.2015245407819748
vn -0.5144610404968262 0.8334972858428955 -0.20152457058429718
vn -0.5144610404968262 0.8334972858428955 -0.20152457058429718
vn -0.627536952495575 0.7073612809181213 -0.325326532125473
vn -0.6275370121002197 0.7073612809181213 -0.3253265619277954
vn -0.6275370121002197 0.7073612809181213 -0.3253265619277954
vn -0.9644801616668701 -0.07553721219301224 -0.25312483310699463
vn -0.9644801616668701 -0.07553720474243164 -0.25312483310699463
vn -0.9644801616668701 -0.07553719729185104 -0.25312483310699463
vn 0.746819257736206 0.16862203180789948 0.6432943344116211
vn 0.746819257736206 0.16862204670906067 0.6432943344116211
vn 0.7468193173408508 0.16862203180789948 0.6432942748069763
vn 0.3596438467502594 -0.3696601986885071 0.8567424416542053
vn 0.3596438467502594 -0.36966022849082947 0.8567424416542053
vn 0.3596438765525818 -0.36966022849082947 0.8567424416542053
vn -0.04236334562301636 -0.8471317291259766 -0.5296915769577026
vn -0.042363353073596954 -0.8471317291259766 -0.5296915769577026
vn -0.042363349348306656 -0.8471317291259766 -0.5296915769577026
vn 0.3611006438732147 -0.9314610958099365 0.04457077011466026
vn 0.36110061407089233 -0.9314610958099365 0.044570762664079666
vn 0.3611006438732147 -0.9314610958099365 0.04457077011466026
vn 0.13943466544151306 0.9692933559417725 -0.20255468785762787
vn 0.13943465054035187 0.9692933559417725 -0.20255470275878906
vn 0.13943465054035187 0.9692933559417725 -0.20255467295646667
vn 0.4387185275554657 0.7636765837669373 0.4736287295818329
vn 0.4387184977531433 0.7636765837669373 0.4736287593841553
vn 0.4387185573577881 0.7636765241622925 0.4736287295818329
vn -0.5791575908660889 0.8126002550125122 -0.06524837762117386
vn -0.5791575908660889 0.8126002550125122 -0.06524837762117386
vn -0.5791575312614441 0.8126002550125122 -0.06524836272001266
vn -0.792616069316864 -0.5852827429771423 -0.17089122533798218
vn -0.7926161289215088 -0.5852827429771423 -0.17089121043682098
vn -0.7926161289215088 -0.5852827429771423 -0.17089121043682098
vn -0.03825206309556961 0.9966801404953003 -0.07187152653932571
vn -0.03825206309556961 0.9966801404953003 -0.07187152653932571
vn -0.03825206309556961 0.9966801404953003 -0.07187151908874512
vn 0.899736762046814 0.27936384081840515 0.33530521392822266
vn 0.8997368216514587 0.27936381101608276 0.3353051543235779
vn 0.899736762046814 0.27936384081840515 0.33530518412590027
vn 0.5260934829711914 0.8200680017471313 0.22519806027412415
vn 0.5260934829711914 0.8200680017471313 0.22519806027412415
vn 0.5260934829711914 0.8200680017471313 0.22519806027412415
vn -0.14625708758831024 0.7854098677635193 -0.6014484763145447
vn -0.14625710248947144 0.7854098677635193 -0.6014484763145447
vn -0.14625708758831024 0.7854098677635193 -0.6014484763145447
vn 0.38783887028694153 -0.8663812875747681 0.31458622217178345
vn 0.38783887028694153 -0.8663812875747681 0.31458622217178345
vn 0.38783884048461914 -0.8663812875747681 0.31458625197410583
vn 0.2756580412387848 0.9585971236228943 -0.0714435875415802
vn 0.2756580412387848 0.9585971236228943 -0.0714435875415802
vn 0.2756580114364624 0.9585971236228943 -0.0714435875415802
vn 0.8430153727531433 0.4904727339744568 0.2208203375339508
vn 0.8430153727531433 0.4904727339744568 0.2208203226327896
vn 0.8430153131484985 0.4904727339744568 0.2208203375339508
vn -0.747133195400238 -0.6110585927963257 -0.2615327537059784
vn -0.7471331357955933 -0.6110586524009705 -0.2615327835083008
vn -0.747133195400238 -0.6110585927963257 -0.2615327835083008
vn 0.21765807271003723 -0.9511865973472595 0.2187899351119995
vn 0.21765807271003723 -0.9511865973472595 0.2187899351119995
vn 0.21765807271003723 -0.9511865973472595 0.2187899649143219
vn -0.7807981967926025 -0.22414791584014893 -0.5831910967826843
vn -0.7807981967926025 -0.22414793074131012 -0.5831911563873291
vn -0.7807981967926025 -0.22414793074131012 -0.5831910967826843
vn -0.2521098852157593 -0.9134373664855957 -0.3194882571697235
vn -0.2521098852157593 -0.9134373664855957 -0.3194882273674011
vn -0.2521098852157593 -0.9134373664855957 -0.3194882571697235
vn -0.2085016518831253 -0.9653231501579285 -0.15709327161312103
vn -0.2085016965866089 -0.9653231501579285 -0.15709325671195984
vn -0.2085016667842865 -0.9653231501579285 -0.15709325671195984
vn 0.06326954066753387 -0.9937669634819031 -0.09178329259157181
vn 0.06326953321695328 -0.9937669634819031 -0.09178329259157181
vn 0.06326953321695328 -0.9937669634819031 -0.091783307492733
vn 0.40622755885124207 -0.8690904378890991 0.2822427749633789
vn 0.4062275290489197 -0.8690904378890991 0.2822427749633789
vn 0.4062274992465973 -0.8690904378890991 0.2822427749633789
vn 0.06479641050100327 0.8903763294219971 -0.4505901336669922
vn 0.06479641050100327 0.8903763294219971 -0.4505901336669922
vn 0.06479640305042267 0.8903763294219971 -0.4505901336669922
vn 0.4552864730358124 0.7792448997497559 -0.43068739771842957
vn 0.45528644323349 0.7792448997497559 -0.43068739771842957
vn 0.4552864730358124 0.7792448997497559 -0.4306873679161072
vn 0.9189299941062927 -0.3482290506362915 0.1852138340473175
vn 0.9189299941062927 -0.3482290804386139 0.1852138638496399
vn 0.9189299941062927 -0.3482291102409363 0.1852138638496399
vn -0.13650406897068024 -0.878903865814209 -0.4570499658584595
vn -0.13650408387184143 -0.878903865814209 -0.4570499360561371
vn -0.13650409877300262 -0.878903865814209 -0.4570499658584595
vn 0.4985933005809784 -0.8303045034408569 0.24899639189243317
vn 0.4985933005809784 -0.8303045034408569 0.24899639189243317
vn 0.4985933005809784 -0.8303045034408569 0.24899637699127197
vn 0.45157238841056824 0.780267596244812 -0.43274107575416565
vn 0.4515724778175354 0.780267596244812 -0.43274107575416565
vn 0.4515724182128906 0.780267596244812 -0.43274104595184326
vn 0.5336331725120544 0.7319772243499756 -0.4236094355583191
vn 0.5336331725120544 0.7319772243499756 -0.4236094355583191
vn 0.5336331129074097 0.7319772839546204 -0.4236094653606415
vn -0.30617469549179077 0.3466853201389313 -0.886603832244873
vn -0.3061746656894684 0.3466852903366089 -0.886603832244873
vn -0.306174635887146 0.3466852903366089 -0.886603832244873
vn -0.5414904356002808 -0.017456403002142906 -0.8405256271362305
vn -0.5414904952049255 -0.017456401139497757 -0.8405256271362305
vn -0.5414904356002808 -0.017456403002142906 -0.8405256271362305
vn 0.06042513996362686 -0.8654674887657166 -0.49730759859085083
vn 0.06042514368891716 -0.8654674887657166 -0.4973076283931732
vn 0.06042514368891716 -0.8654674887657166 -0.49730759859085083
vn 0.5245217680931091 -0.8221093416213989 0.22138898074626923
vn 0.5245218276977539 -0.8221093416213989 0.22138899564743042
vn 0.5245218276977539 -0.8221093416213989 0.22138899564743042
vn 0.07773122936487198 -0.9034647941589355 -0.4215557277202606
vn 0.07773123681545258 -0.9034647941589355 -0.421555757522583
vn 0.07773123681545258 -0.9034647941589355 -0.4215557277202606
vn 0.12172100692987442 0.10856170207262039 -0.9866095185279846
vn 0.12172101438045502 0.1085616946220398 -0.9866095185279846
vn 0.12172101438045502 0.10856170207262039 -0.9866095185279846
vn 0.8725230097770691 0.43498989939689636 -0.22245755791664124
vn 0.8725230097770691 0.434989869594574 -0.22245755791664124
vn 0.8725230097770691 0.43498992919921875 -0.22245757281780243
vn 0.6803890466690063 -0.5498434901237488 -0.4845027029514313
vn 0.6803890466690063 -0.5498435497283936 -0.4845027029514313
vn 0.6803890466690063 -0.5498434901237488 -0.4845026731491089
vn 0.31736457347869873 -0.5241999626159668 -0.7902494072914124
vn 0.31736457347869873 -0.524199903011322 -0.7902494668960571
vn 0.31736451387405396 -0.5241999626159668 -0.7902494072914124
vn -0.037619344890117645 -0.993657112121582 0.10597314685583115
vn -0.037619344890117645 -0.993657112121582 0.10597313195466995
vn -0.03761934116482735 -0.993657112121582 0.10597314685583115
vn -0.001378335407935083 -0.9990345239639282 0.04391024261713028
vn -0.0013783351751044393 -0.9990345239639282 0.04391023516654968
vn -0.001378335291519761 -0.9990345239639282 0.04391023516654968
vn 0.1942613273859024 -0.8656691908836365 0.46138858795166016
vn 0.19426129758358002 -0.8656691908836365 0.46138858795166016
vn 0.1942613124847412 -0.8656691312789917 0.46138861775398254
vn 0.14954324066638947 -0.41365906596183777 -0.8980662822723389
vn 0.14954324066638947 -0.41365906596183777 -0.8980662822723389
vn 0.14954324066638947 -0.4136590361595154 -0.8980662822723389
vn -0.054890576750040054 -0.8290637731552124 -0.556453287601471
vn -0.054890573024749756 -0.8290637731552124 -0.556453287601471
vn -0.054890573024749756 -0.8290637731552124 -0.556453287601471
vn 0.6923065781593323 -0.7205911874771118 -0.03820868209004402
vn 0.692306637763977 -0.7205911874771118 -0.03820868581533432
vn 0.6923065781593323 -0.7205912470817566 -0.03820868954062462
vn 0.7213162779808044 -0.6925452351570129 -0.009161564521491528
vn 0.7213162183761597 -0.6925452351570129 -0.009161563590168953
vn 0.7213162779808044 -0.6925452351570129 -0.009161563590168953
vn 0.22148844599723816 -0.3541468679904938 -0.908582866191864
vn 0.22148846089839935 -0.3541468679904938 -0.908582866191864
vn 0.22148847579956055 -0.354146808385849 -0.9085829257965088
vn 0.42576414346694946 -0.7664846181869507 0.4808599054813385
vn 0.42576414346694946 -0.7664846181869507 0.4808599054813385
vn 0.4257641136646271 -0.7664846181869507 0.4808599352836609
vn -0.7983399033546448 -0.5841861367225647 0.14621908962726593
vn -0.79833984375 -0.5841861367225647 0.14621908962726593
vn -0.79833984375 -0.5841861367225647 0.14621907472610474
vn -0.6970751285552979 -0.6424469947814941 0.318352073431015
vn -0.6970751285552979 -0.6424469947814941 0.318352073431015
vn -0.6970751881599426 -0.6424469947814941 0.3183521032333374
vn -0.7065314650535583 0.601707398891449 -0.3725070655345917
vn -0.7065314650535583 0.601707398891449 -0.3725070655345917
vn -0.7065314650535583 0.601707398891449 -0.3725070357322693
vn -0.6037195324897766 -0.2111896127462387 0.7687143087387085
vn -0.6037195920944214 -0.21118959784507751 0.7687142491340637
vn -0.6037195920944214 -0.21118959784507751 0.7687142491340637
vn 0.44419655203819275 0.755579948425293 -0.48144403100013733
vn 0.44419652223587036 0.755579948425293 -0.48144403100013733
vn 0.44419652223587036 0.755579948425293 -0.48144403100013733
vn -0.45635077357292175 0.3894054591655731 0.800067126750946
vn -0.45635077357292175 0.3894054591655731 0.800067126750946
vn -0.45635077357292175 0.3894054591655731 0.8000670671463013
vn 0.608644425868988 0.7832872867584229 -0.12654227018356323
vn 0.608644425868988 0.7832872867584229 -0.12654225528240204
vn 0.608644425868988 0.7832872867584229 -0.12654225528240204
vn -0.3699288070201874 0.9152935743331909 -0.15934349596500397
vn -0.36992883682250977 0.9152935743331909 -0.15934349596500397
vn -0.36992883682250977 0.9152935743331909 -0.15934351086616516
vn 0.28493788838386536 0.7503167986869812 0.5965191721916199
vn 0.28493788838386536 0.7503167390823364 0.5965191721916199
vn 0.28493791818618774 0.7503167986869812 0.5965191721916199
vn -0.36183100938796997 0.9235821962356567 -0.12678435444831848
vn -0.36183100938796997 0.9235821962356567 -0.12678436934947968
vn -0.36183100938796997 0.9235821962356567 -0.12678436934947968
vn 0.4032037854194641 0.8907607197761536 0.20969504117965698
vn 0.4032038152217865 0.8907607197761536 0.20969504117965698
vn 0.4032038152217865 0.8907607197761536 0.2096950262784958
vn 0.13003216683864594 0.32272863388061523 -0.9375168681144714
vn 0.13003215193748474 0.32272857427597046 -0.9375168681144714
vn 0.13003215193748474 0.32272860407829285 -0.9375168681144714
vn 0.015994826331734657 -0.5990139245986938 -0.8005788326263428
vn 0.015994824469089508 -0.5990139842033386 -0.800578773021698
vn 0.015994824469089508 -0.5990139245986938 -0.8005788326263428
vn 0.7004013657569885 0.4407356381416321 -0.5614178776741028
vn 0.7004013657569885 0.4407356381416321 -0.561417818069458
vn 0.7004014253616333 0.44073566794395447 -0.561417818069458
vn 0.7692878246307373 0.1564757376909256 -0.6194446086883545
vn 0.7692878246307373 0.1564757227897644 -0.6194445490837097
vn 0.7692878246307373 0.1564757078886032 -0.6194445490837097
vn 0.7692878246307373 0.1564757376909256 -0.6194446086883545
vn 0.7692878246307373 0.1564757078886032 -0.6194445490837097
vn 0.7692877650260925 0.1564757078886032 -0.6194446086883545
vn 0.7526456713676453 0.3260238766670227 -0.5720428228378296
vn 0.7526456713676453 0.3260238766670227 -0.5720427632331848
vn 0.7526456713676453 0.3260238766670227 -0.5720428228378296
vn -0.054718613624572754 -0.6861048936843872 -0.7254418730735779
vn -0.054718613624572754 -0.6861048936843872 -0.7254418730735779
vn -0.05471861734986305 -0.686104953289032 -0.7254418730735779
vn -0.054718613624572754 -0.6861048936843872 -0.7254418730735779
vn -0.05471861734986305 -0.686104953289032 -0.7254418730735779
vn -0.05471861734986305 -0.6861048936843872 -0.7254419326782227
vn 0.36636918783187866 0.92423015832901 -0.10757418721914291
vn 0.36636921763420105 0.92423015832901 -0.10757419466972351
vn 0.36636924743652344 0.92423015832901 -0.10757419466972351
vn 0.5373397469520569 0.8349202275276184 -0.11905552446842194
vn 0.5373398065567017 0.8349201679229736 -0.11905552446842194
vn 0.5373398065567017 0.8349201679229736 -0.11905552446842194
vn -0.1973099410533905 0.8201019763946533 -0.5371233224868774
vn -0.1973099261522293 0.8201019763946533 -0.5371233820915222
vn -0.1973099410533905 0.8201019763946533 -0.5371233820915222
vn 0.8215360641479492 -0.5114160180091858 -0.2520558536052704
vn 0.8215360045433044 -0.5114160776138306 -0.2520558536052704
vn 0.8215360045433044 -0.5114160776138306 -0.2520558834075928
vn 0.37746289372444153 -0.816616952419281 -0.436644583940506
vn 0.3774629235267639 -0.8166168928146362 -0.43664464354515076
vn 0.3774629235267639 -0.816616952419281 -0.43664464354515076
vn 0.6600466370582581 0.5091136693954468 -0.5523963570594788
vn 0.6600465774536133 0.5091137290000916 -0.5523964166641235
vn 0.6600465774536133 0.5091136693954468 -0.5523963570594788
vn 0.6486868858337402 -0.33669379353523254 -0.6825266480445862
vn 0.648686945438385 -0.33669376373291016 -0.6825265884399414
vn 0.6486868858337402 -0.33669379353523254 -0.6825266480445862
vn 0.13443830609321594 -0.8952158093452454 -0.4248706102371216
vn 0.13443830609321594 -0.8952158093452454 -0.4248705804347992
vn 0.13443830609321594 -0.8952158093452454 -0.4248705804347992
vn 0.6782917380332947 -0.5351467132568359 -0.5035258531570435
vn 0.6782917380332947 -0.5351466536521912 -0.5035259127616882
vn 0.6782917380332947 -0.5351467132568359 -0.5035259127616882
vn 0.8397316932678223 -0.5421043038368225 -0.031203795224428177
vn 0.8397316932678223 -0.5421042442321777 -0.031203793361783028
vn 0.8397316336631775 -0.5421043038368225 -0.031203797087073326
vn 0.038949768990278244 -0.843072772026062 -0.5363871455192566
vn 0.03894977271556854 -0.843072772026062 -0.5363871455192566
vn 0.038949768990278244 -0.843072772026062 -0.5363871455192566
vn -0.4235096871852875 -0.10288269817829132 -0.9000303745269775
vn -0.42350971698760986 -0.10288269817829132 -0.9000303745269775
vn -0.4235096871852875 -0.10288269817829132 -0.9000303745269775
vn 0.48742955923080444 0.8452490568161011 -0.2190125435590744
vn 0.48742958903312683 0.8452489972114563 -0.2190125435590744
vn 0.48742952942848206 0.8452490568161011 -0.2190125435590744
vn -0.14449705183506012 0.8751556277275085 -0.4617610573768616
vn -0.14449705183506012 0.8751556277275085 -0.4617609977722168
vn -0.14449705183506012 0.8751556277275085 -0.4617610573768616
vn -0.37067994475364685 0.8409876823425293 -0.3941270709037781
vn -0.37067994475364685 0.8409876823425293 -0.3941270411014557
vn -0.37067991495132446 0.8409876823425293 -0.3941270112991333
vn -0.36249661445617676 0.8438840508460999 -0.39554503560066223
vn -0.36249661445617676 0.8438840508460999 -0.39554503560066223
vn -0.36249661445617676 0.8438840508460999 -0.3955450654029846
vn -0.5588806867599487 -0.5188965201377869 -0.6468374729156494
vn -0.5588807463645935 -0.5188964605331421 -0.6468375325202942
vn -0.5588807463645935 -0.5188965201377869 -0.6468375325202942
vn 0.28819212317466736 -0.08828180283308029 -0.9534944295883179
vn 0.28819209337234497 -0.0882817879319191 -0.9534944295883179
vn 0.28819212317466736 -0.08828180283308029 -0.9534944295883179
vn 0.5460646748542786 -0.8194465041160583 0.17412863671779633
vn 0.5460646748542786 -0.8194465041160583 0.17412865161895752
vn 0.5460646152496338 -0.8194465637207031 0.17412865161895752
vn 0.4798702597618103 0.8638303875923157 -0.15336741507053375
vn 0.47987034916877747 0.8638303875923157 -0.15336738526821136
vn 0.4798702895641327 0.8638303875923157 -0.15336740016937256
vn -0.0061934697441756725 0.9996373057365417 -0.026208162307739258
vn -0.0061934697441756725 0.9996373057365417 -0.026208164170384407
vn -0.006193469278514385 0.9996373057365417 -0.026208162307739258
vn -0.11189290881156921 0.6730638742446899 -0.7310711741447449
vn -0.11189289391040802 0.6730638146400452 -0.7310711741447449
vn -0.11189289391040802 0.6730638742446899 -0.7310711741447449
vn 0.8756392002105713 -0.4609234929084778 -0.14424102008342743
vn 0.8756392002105713 -0.46092355251312256 -0.14424102008342743
vn 0.8756392002105713 -0.46092355251312256 -0.14424102008342743
vn 0.6101999878883362 -0.701956570148468 -0.3673049509525299
vn 0.6101999282836914 -0.7019566297531128 -0.3673049211502075
vn 0.610200047492981 -0.701956570148468 -0.3673049211502075
vn -0.7174911499023438 -0.5025308728218079 -0.4823578894138336
vn -0.7174911499023438 -0.5025308728218079 -0.4823578894138336
vn -0.7174911499023438 -0.5025308728218079 -0.4823578894138336
vn 0.3107704222202301 -0.07437965273857117 -0.947570264339447
vn 0.3107704520225525 -0.07437965273857117 -0.947570264339447
vn 0.3107704520225525 -0.07437964528799057 -0.947570264339447
vn 0.30416184663772583 0.951086163520813 -0.05404317378997803
vn 0.30416184663772583 0.951086163520813 -0.05404317006468773
vn 0.30416184663772583 0.951086163520813 -0.05404317378997803
vn 0.5235909819602966 -0.8411879539489746 0.13511228561401367
vn 0.5235910415649414 -0.8411878943443298 0.13511227071285248
vn 0.5235909819602966 -0.8411879539489746 0.13511228561401367
vn 0.38445165753364563 -0.8704280853271484 0.30749282240867615
vn 0.38445162773132324 -0.8704281449317932 0.30749279260635376
vn 0.38445165753364563 -0.8704281449317932 0.30749276280403137
vn 0.49397656321525574 -0.8607713580131531 0.12271840125322342
vn 0.4939766228199005 -0.8607713580131531 0.12271841615438461
vn 0.4939766228199005 -0.8607713580131531 0.12271840870380402
vn 0.02441791072487831 -0.9817649126052856 -0.1885242611169815
vn 0.024417908862233162 -0.9817649126052856 -0.1885242611169815
vn 0.02441791072487831 -0.9817649126052856 -0.1885242611169815
vn 0.6023461818695068 0.7758615016937256 0.1876646727323532
vn 0.6023461818695068 0.7758615016937256 0.1876646876335144
vn 0.6023462414741516 0.7758614420890808 0.1876646727323532
vn 0.02060098573565483 -0.9902575612068176 0.1377154290676117
vn 0.02060098573565483 -0.9902575612068176 0.1377154290676117
vn 0.02060098573565483 -0.9902575612068176 0.1377154290676117
vn 0.24730676412582397 0.9652807116508484 -0.08409826457500458
vn 0.24730679392814636 0.9652807116508484 -0.08409826457500458
vn 0.24730679392814636 0.9652807116508484 -0.08409826457500458
vn -0.18021972477436066 -0.9717264771461487 0.15254002809524536
vn -0.18021970987319946 -0.9717264771461487 0.15254002809524536
vn -0.18021972477436066 -0.9717264771461487 0.15254002809524536
vn -0.1089894101023674 0.9930768609046936 -0.0438137911260128
vn -0.1089894101023674 0.9930768609046936 -0.0438137911260128
vn -0.1089894101023674 0.9930768609046936 -0.0438137948513031
vn -0.17738576233386993 0.5780162215232849 -0.7965120673179626
vn -0.17738574743270874 0.5780162215232849 -0.7965121269226074
vn -0.17738574743270874 0.5780162215232849 -0.7965121269226074
vn -0.3844764828681946 -0.5244898200035095 -0.7596632242202759
vn -0.38447654247283936 -0.5244898796081543 -0.7596632242202759
vn -0.3844764828681946 -0.5244898200035095 -0.7596632242202759
vn -0.22589680552482605 -0.9719776511192322 0.06503867357969284
vn -0.22589682042598724 -0.9719776511192322 0.06503868103027344
vn -0.22589683532714844 -0.9719776511192322 0.06503867357969284
vn 0.30967140197753906 0.890321671962738 0.3338126838207245
vn 0.30967143177986145 0.890321671962738 0.3338126838207245
vn 0.30967140197753906 0.890321671962738 0.3338127136230469
vn 0.7611706256866455 0.3965226113796234 0.5132145285606384
vn 0.7611705660820007 0.3965226113796234 0.5132145285606384
vn 0.7611706256866455 0.396522581577301 0.5132145285606384
vn -0.8828983902931213 0.3326655924320221 -0.33139708638191223
vn -0.8828984498977661 0.3326655626296997 -0.33139702677726746
vn -0.8828983902931213 0.3326655924320221 -0.33139702677726746
vn -0.4946148991584778 -0.6782121658325195 0.5434927940368652
vn -0.4946148693561554 -0.6782121658325195 0.5434927344322205
vn -0.4946148991584778 -0.6782121062278748 0.5434927940368652
vn 0.24692261219024658 0.9104178547859192 0.3319164216518402
vn 0.24692264199256897 0.9104178547859192 0.3319164216518402
vn 0.24692262709140778 0.9104178547859192 0.3319164216518402
vn -0.9021466970443726 0.24370911717414856 0.35600170493125916
vn -0.9021466970443726 0.24370911717414856 0.35600170493125916
vn -0.9021466970443726 0.24370911717414856 0.35600167512893677
vn -0.6079141497612 -0.6564459800720215 0.44667550921440125
vn -0.6079141497612 -0.6564459800720215 0.44667550921440125
vn -0.6079141497612 -0.6564460396766663 0.44667553901672363
vn -0.4752468466758728 -0.6928353309631348 0.5423279404640198
vn -0.4752468168735504 -0.6928353309631348 0.5423280000686646
vn -0.4752468466758728 -0.6928353309631348 0.5423279404640198
vn 0.027450507506728172 0.9894843101501465 -0.1420116424560547
vn 0.027450507506728172 0.9894843101501465 -0.1420116275548935
vn 0.027450507506728172 0.9894843101501465 -0.1420116424560547
vn 0.43808186054229736 -0.7907185554504395 0.42760783433914185
vn 0.43808192014694214 -0.7907184958457947 0.42760783433914185
vn 0.43808189034461975 -0.7907184958457947 0.42760786414146423
vn 0.3041449785232544 -0.9418694376945496 0.1427508294582367
vn 0.304144948720932 -0.9418694376945496 0.1427508294582367
vn 0.3041449785232544 -0.9418694376945496 0.1427508145570755
vn -0.532185971736908 0.767695426940918 -0.3569619059562683
vn -0.532185971736908 0.767695426940918 -0.3569619357585907
vn -0.5321860313415527 0.767695426940918 -0.3569619357585907
vn -0.09527355432510376 0.9679712057113647 0.2322816103696823
vn -0.09527357667684555 0.96797114610672 0.2322816252708435
vn -0.09527356922626495 0.96797114610672 0.2322816401720047
vn 0.6530067920684814 0.10031788796186447 0.7506786584854126
vn 0.6530068516731262 0.10031788796186447 0.7506786584854126
vn 0.6530067920684814 0.10031789541244507 0.7506786584854126
vn -0.0014611893566325307 0.9881981015205383 0.15317420661449432
vn -0.0014611892402172089 0.9881981015205383 0.15317419171333313
vn -0.0014611893566325307 0.9881981015205383 0.15317420661449432
vn 0.5897209644317627 0.8018465638160706 0.09628741443157196
vn 0.5897209644317627 0.8018465638160706 0.09628740698099136
vn 0.5897209048271179 0.8018466234207153 0.09628741443157196
vn -0.8958659172058105 -0.28289517760276794 -0.34262892603874207
vn -0.8958659172058105 -0.28289514780044556 -0.34262892603874207
vn -0.8958659172058105 -0.28289517760276794 -0.34262895584106445
vn 0.03920914977788925 0.9811598062515259 0.1891774833202362
vn 0.03920914977788925 0.9811598062515259 0.1891774982213974
vn 0.03920914977788925 0.9811598062515259 0.1891774833202362
vn 0.022660551592707634 0.6608250141143799 0.7501978874206543
vn 0.022660551592707634 0.6608250141143799 0.7501978278160095
vn 0.022660553455352783 0.6608250141143799 0.7501978874206543
vn 0.06861849129199982 -0.8581688404083252 0.5087610483169556
vn 0.06861848384141922 -0.8581688404083252 0.5087609887123108
vn 0.06861848384141922 -0.8581688404083252 0.5087609887123108
vn -0.281732976436615 -0.9536105394363403 0.1060822531580925
vn -0.281732976436615 -0.9536105394363403 0.1060822531580925
vn -0.2817329466342926 -0.9536105394363403 0.1060822382569313
vn -0.9223372340202332 -0.20118221640586853 -0.32987838983535767
vn -0.9223372340202332 -0.20118220150470734 -0.3298783600330353
vn -0.9223372340202332 -0.20118220150470734 -0.32987838983535767
vn -0.5990016460418701 -0.7932403087615967 -0.10939332097768784
vn -0.5990016460418701 -0.7932403087615967 -0.10939332842826843
vn -0.5990016460418701 -0.7932403087615967 -0.10939331352710724
vn 0.643161416053772 0.7651572823524475 -0.02962513081729412
vn 0.643161416053772 0.7651573419570923 -0.02962513267993927
vn 0.643161416053772 0.7651572823524475 -0.02962513267993927
vn -0.49372339248657227 0.8387108445167542 0.22978541254997253
vn -0.49372342228889465 0.8387108445167542 0.22978539764881134
vn -0.4937233626842499 0.8387108445167542 0.22978538274765015
vn -0.4703506529331207 -0.8605251312255859 0.1956188827753067
vn -0.4703507125377655 -0.8605251312255859 0.1956188827753067
vn -0.4703507125377655 -0.8605250716209412 0.1956188976764679
vn 0.3207397162914276 -0.8308544754981995 0.45476022362709045
vn 0.3207397162914276 -0.8308544754981995 0.45476019382476807
vn 0.32073974609375 -0.8308544754981995 0.45476028323173523
vn -0.40005263686180115 -0.9127227663993835 0.08303667604923248
vn -0.40005260705947876 -0.9127227663993835 0.08303666114807129
vn -0.40005263686180115 -0.9127227663993835 0.08303666859865189
vn 0.07286703586578369 -0.9958019852638245 -0.05539649352431297
vn 0.07286704331636429 -0.9958019852638245 -0.05539649724960327
vn 0.07286703586578369 -0.9958019852638245 -0.055396489799022675
vn 0.44579842686653137 0.8935328722000122 -0.05350455269217491
vn 0.44579845666885376 0.8935328722000122 -0.05350455641746521
vn 0.445798397064209 0.8935328722000122 -0.05350455269217491
vn -0.8523667454719543 0.488174170255661 0.18750187754631042
vn -0.8523666858673096 0.488174170255661 0.18750189244747162
vn -0.8523666858673096 0.488174170255661 0.18750187754631042
vn -0.3617737591266632 0.42404821515083313 -0.8302426338195801
vn -0.3617737591266632 0.42404821515083313 -0.8302426338195801
vn -0.3617737889289856 0.42404821515083313 -0.8302426338195801
vn -0.5600181221961975 -0.8094566464424133 0.17652110755443573
vn -0.5600181221961975 -0.8094565868377686 0.17652110755443573
vn -0.5600181221961975 -0.8094566464424133 0.17652109265327454
vn -0.8493174314498901 -0.47254931926727295 -0.23528072237968445
vn -0.8493174314498901 -0.47254928946495056 -0.23528072237968445
vn -0.8493174314498901 -0.47254931926727295 -0.23528073728084564
vn 0.89106285572052 0.3164692521095276 0.32535243034362793
vn 0.89106285572052 0.31646928191185 0.3253524601459503
vn 0.89106285572052 0.31646928191185 0.3253524601459503
vn -0.42033877968788147 -0.636343240737915 0.6468249559402466
vn -0.42033883929252625 -0.636343240737915 0.6468250155448914
vn -0.42033877968788147 -0.6363431811332703 0.6468250155448914
vn -0.7664949893951416 0.48590096831321716 0.4199828803539276
vn -0.7664950489997864 0.48590096831321716 0.4199828803539276
vn -0.7664950489997864 0.4859009385108948 0.4199828803539276
vn -0.06952172517776489 -0.5790136456489563 0.8123483657836914
vn -0.06952173262834549 -0.5790136456489563 0.8123484253883362
vn -0.06952172517776489 -0.5790136456489563 0.8123484253883362
vn -0.3945913314819336 -0.6136815547943115 0.6838805675506592
vn -0.394591361284256 -0.6136815547943115 0.6838805079460144
vn -0.3945913314819336 -0.6136816143989563 0.6838805675506592
vn -0.5584359169006348 0.6430779695510864 0.5240229368209839
vn -0.5584359169006348 0.6430780291557312 0.5240229368209839
vn -0.5584359169006348 0.6430780291557312 0.5240229368209839
vn -0.02704780548810959 0.9751805067062378 0.21975307166576385
vn -0.027047807350754738 0.9751805067062378 0.21975308656692505
vn -0.027047809213399887 0.9751805067062378 0.21975308656692505
vn -0.6947765350341797 0.7192204594612122 -0.0027286093682050705
vn -0.6947765350341797 0.7192204594612122 -0.0027286093682050705
vn -0.6947765350341797 0.7192204594612122 -0.002728609135374427
vn -0.4172547161579132 -0.6857637763023376 0.5963443517684937
vn -0.4172547161579132 -0.6857637763023376 0.5963442921638489
vn -0.4172547161579132 -0.6857637763023376 0.5963443517684937
vn 0.07538805156946182 -0.22205515205860138 0.9721152782440186
vn 0.07538805902004242 -0.22205516695976257 0.9721152782440186
vn 0.07538805156946182 -0.22205516695976257 0.9721152782440186
vn -0.6922643780708313 0.35251688957214355 0.6296839714050293
vn -0.6922643780708313 0.35251685976982117 0.6296840310096741
vn -0.6922643184661865 0.3525168299674988 0.6296840310096741
vn -0.3464376926422119 0.8135548830032349 0.46702179312705994
vn -0.3464376926422119 0.8135548830032349 0.46702176332473755
vn -0.3464376926422119 0.8135548830032349 0.46702176332473755
vn -0.25946879386901855 -0.6026206612586975 0.7546683549880981
vn -0.25946882367134094 -0.6026206612586975 0.7546683549880981
vn -0.25946879386901855 -0.6026206612586975 0.7546683549880981
vn -0.1457393914461136 -0.09054584056138992 0.9851707816123962
vn -0.14573940634727478 -0.09054584801197052 0.9851707816123962
vn -0.1457393914461136 -0.09054584056138992 0.9851707816123962
vn -0.95102459192276 -0.17526580393314362 0.2546254098415375
vn -0.95102459192276 -0.175265833735466 0.25462543964385986
vn -0.95102459192276 -0.1752658188343048 0.2546254098415375
vn -0.7491859793663025 0.6392000913619995 -0.1736193597316742
vn -0.7491859197616577 0.6392001509666443 -0.173619344830513
vn -0.7491859197616577 0.6392000913619995 -0.1736193597316742
vn -0.3333830237388611 0.5697650909423828 -0.7511481046676636
vn -0.3333830237388611 0.5697651505470276 -0.7511481046676636
vn -0.33338305354118347 0.5697650909423828 -0.7511481046676636
vn -0.6562066674232483 0.6233250498771667 -0.42527487874031067
vn -0.6562066674232483 0.6233250498771667 -0.4252748489379883
vn -0.6562067270278931 0.623324990272522 -0.4252748489379883
vn -0.7346702814102173 -0.27902621030807495 -0.6183881759643555
vn -0.7346702814102173 -0.27902618050575256 -0.6183881759643555
vn -0.7346702814102173 -0.27902621030807495 -0.6183881759643555
vn -0.9084252715110779 -0.41202470660209656 -0.07070481777191162
vn -0.9084252715110779 -0.41202476620674133 -0.07070482522249222
vn -0.9084252715110779 -0.41202476620674133 -0.07070482522249222
vn -0.9609516859054565 -0.25715234875679016 0.10219839215278625
vn -0.9609516859054565 -0.25715234875679016 0.10219839215278625
vn -0.9609516859054565 -0.25715234875679016 0.10219839960336685
vn -0.6744926571846008 0.7366911768913269 0.048432357609272
vn -0.6744926571846008 0.7366912364959717 0.0484323613345623
vn -0.6744926571846008 0.7366912364959717 0.0484323613345623
vn -0.8092475533485413 -0.3262808918952942 0.4885275065898895
vn -0.8092475533485413 -0.3262809216976166 0.4885275065898895
vn -0.8092475533485413 -0.3262809216976166 0.4885275065898895
vn -0.3342572748661041 -0.7280696630477905 -0.5984870195388794
vn -0.33425724506378174 -0.7280696034431458 -0.5984870195388794
vn -0.3342573046684265 -0.7280696034431458 -0.5984870195388794
vn -0.5337905883789062 0.7002043724060059 -0.4741111993789673
vn -0.5337905883789062 0.7002043724060059 -0.4741112291812897
vn -0.5337905883789062 0.7002043128013611 -0.47411125898361206
vn -0.40622246265411377 -0.9108133912086487 -0.073499895632267
vn -0.40622249245643616 -0.9108133912086487 -0.073499895632267
vn -0.40622249245643616 -0.9108133912086487 -0.073499895632267
vn -0.6066144108772278 0.6255173683166504 -0.4906597435474396
vn -0.6066144704818726 0.6255173683166504 -0.4906597137451172
vn -0.6066144108772278 0.6255174279212952 -0.4906596839427948
vn -0.7950772643089294 0.6052681803703308 -0.038762908428907394
vn -0.7950772643089294 0.6052681803703308 -0.03876291215419769
vn -0.7950772643089294 0.6052682399749756 -0.03876291215419769
vn -0.7871955633163452 -0.33952561020851135 0.514825701713562
vn -0.7871955633163452 -0.33952566981315613 0.514825701713562
vn -0.7871955633163452 -0.33952566981315613 0.514825701713562
vn 0.6409039497375488 0.46556195616722107 -0.6103230118751526
vn 0.6409039497375488 0.46556195616722107 -0.6103230714797974
vn 0.6409039497375488 0.46556195616722107 -0.6103230118751526
vn 0.0599028505384922 0.41478225588798523 -0.907946765422821
vn 0.0599028505384922 0.41478225588798523 -0.907946765422821
vn 0.0599028505384922 0.41478225588798523 -0.907946765422821
vn 0.5350788831710815 -0.7682418823242188 -0.35141852498054504
vn 0.5350788831710815 -0.7682419419288635 -0.35141852498054504
vn 0.5350788235664368 -0.7682419419288635 -0.35141852498054504
vn -0.1047087237238884 -0.6886827945709229 -0.7174623012542725
vn -0.104708731174469 -0.6886827945709229 -0.7174623012542725
vn -0.1047087237238884 -0.6886827945709229 -0.7174623012542725
vn 0.11387483775615692 -0.9764525294303894 0.18322935700416565
vn 0.11387483775615692 -0.9764525294303894 0.18322935700416565
vn 0.11387483775615692 -0.9764525294303894 0.18322935700416565
vn -0.794086217880249 0.6065530776977539 -0.038992684334516525
vn -0.794086217880249 0.6065530776977539 -0.038992684334516525
vn -0.794086217880249 0.6065531373023987 -0.038992684334516525
vn -0.13993193209171295 0.7957143187522888 -0.5892858505249023
vn -0.13993193209171295 0.7957143187522888 -0.5892858505249023
vn -0.13993193209171295 0.7957143187522888 -0.5892858505249023
vn 0.02264259196817875 0.37372952699661255 -0.9272612929344177
vn 0.02264259196817875 0.37372952699661255 -0.9272612929344177
vn 0.0226425938308239 0.37372949719429016 -0.9272613525390625
vn -0.3749067187309265 0.39790427684783936 0.8373273611068726
vn -0.3749067485332489 0.39790427684783936 0.8373273611068726
vn -0.3749067187309265 0.39790424704551697 0.8373273611068726
vn -0.7563827037811279 -0.3303416073322296 0.5645880103111267
vn -0.7563827037811279 -0.3303416073322296 0.5645880103111267
vn -0.7563827037811279 -0.3303416073322296 0.5645880103111267
vn 0.5130211114883423 -0.8495429158210754 -0.12282577157020569
vn 0.5130211114883423 -0.8495429158210754 -0.12282576411962509
vn 0.5130211114883423 -0.8495429158210754 -0.12282577157020569
vn 0.09544550627470016 -0.9896532297134399 0.10712927579879761
vn 0.09544550627470016 -0.9896532297134399 0.1071292832493782
vn 0.09544550627470016 -0.9896532297134399 0.10712927579879761
vn 0.6763002872467041 0.5561284422874451 0.4830518364906311
vn 0.6763003468513489 0.5561284422874451 0.48305177688598633
vn 0.6763002872467041 0.5561285018920898 0.48305177688598633
vn -0.3533303439617157 0.6164379119873047 0.7036774754524231
vn -0.3533303141593933 0.6164378523826599 0.7036774754524231
vn -0.3533303439617157 0.6164378523826599 0.7036774754524231
vn 0.02066621370613575 0.9985793232917786 -0.04911499843001366
vn 0.0206662118434906 0.9985793232917786 -0.04911499470472336
vn 0.02066621370613575 0.9985793232917786 -0.04911499843001366
vn -0.005504826083779335 0.4399804174900055 0.8979904651641846
vn -0.005504826549440622 0.4399804472923279 0.8979904651641846
vn -0.005504826549440622 0.4399804174900055 0.8979905247688293
vn 0.1642235964536667 0.8034372925758362 0.5722928047180176
vn 0.16422361135482788 0.8034372925758362 0.5722928643226624
vn 0.16422361135482788 0.8034372925758362 0.5722928643226624
vn 0.560125470161438 0.26420632004737854 -0.7851461172103882
vn 0.560125470161438 0.26420632004737854 -0.785146176815033
vn 0.560125470161438 0.26420632004737854 -0.785146176815033
vn 0.14157091081142426 0.7674083709716797 0.6253335475921631
vn 0.14157092571258545 0.7674083709716797 0.6253336071968079
vn 0.14157092571258545 0.7674083709716797 0.6253336071968079
vn 0.04030921682715416 0.9368377923965454 0.3474336564540863
vn 0.04030921682715416 0.9368377923965454 0.3474336862564087
vn 0.04030921310186386 0.9368377923965454 0.3474336564540863
vn 0.31957894563674927 -0.7364398837089539 -0.5962597131729126
vn 0.31957897543907166 -0.7364398837089539 -0.5962597131729126
vn 0.31957894563674927 -0.7364398241043091 -0.5962597727775574
vn -0.1265687793493271 -0.9831089973449707 -0.1322007030248642
vn -0.1265687644481659 -0.9831089973449707 -0.1322007030248642
vn -0.1265687793493271 -0.9831089973449707 -0.1322007179260254
vn 0.3567288815975189 -0.8890395760536194 -0.28697237372398376
vn 0.35672885179519653 -0.8890395760536194 -0.2869723439216614
vn 0.35672882199287415 -0.8890395760536194 -0.2869723439216614
vn 0.1748027503490448 -0.9714653491973877 -0.16030915081501007
vn 0.174802765250206 -0.9714653491973877 -0.16030916571617126
vn 0.174802765250206 -0.9714653491973877 -0.16030916571617126
vn 0.162418395280838 -0.9521480798721313 -0.2589097321033478
vn 0.162418395280838 -0.9521480798721313 -0.2589097321033478
vn 0.162418395280838 -0.9521480798721313 -0.2589097321033478
vn -0.1257147192955017 -0.8698938488960266 0.47694912552833557
vn -0.12571468949317932 -0.8698938488960266 0.47694915533065796
vn -0.12571470439434052 -0.8698938488960266 0.47694912552833557
vn 0.44063520431518555 0.8976809978485107 -0.003075542626902461
vn 0.44063514471054077 0.8976809978485107 -0.0030755423940718174
vn 0.44063517451286316 0.8976809978485107 -0.003075542626902461
vn 0.4617398977279663 0.6868596076965332 0.5612665414810181
vn 0.4617398977279663 0.686859667301178 0.5612664818763733
vn 0.4617399275302887 0.686859667301178 0.5612664818763733
vn 0.12997493147850037 0.27143120765686035 0.9536412358283997
vn 0.12997494637966156 0.27143123745918274 0.9536412358283997
vn 0.12997494637966156 0.27143123745918274 0.9536412358283997
vn 0.20267267525196075 -0.6266366839408875 0.7524960041046143
vn 0.20267267525196075 -0.6266367435455322 0.7524959444999695
vn 0.20267270505428314 -0.6266367435455322 0.7524960041046143
vn 0.5018072128295898 0.8627831339836121 0.06160194054245949
vn 0.5018072724342346 0.8627830743789673 0.06160192936658859
vn 0.5018072128295898 0.8627831339836121 0.06160194054245949
vn 0.309413880109787 0.938611626625061 0.15254925191402435
vn 0.3094138503074646 0.938611626625061 0.15254925191402435
vn 0.3094138503074646 0.938611626625061 0.15254925191402435
vn 0.5151668787002563 0.336019366979599 -0.788475751876831
vn 0.5151669383049011 0.3360193967819214 -0.788475751876831
vn 0.5151669383049011 0.336019366979599 -0.788475751876831
vn 0.5037662982940674 -0.8557317852973938 -0.11807892471551895
vn 0.5037661790847778 -0.8557318449020386 -0.11807893216609955
vn 0.5037662386894226 -0.8557317852973938 -0.11807892471551895
vn 0.7609639763832092 -0.5203583240509033 0.3875061571598053
vn 0.760964035987854 -0.5203582644462585 0.3875061869621277
vn 0.7609639763832092 -0.5203583240509033 0.3875062167644501
vn 0.5405592918395996 -0.8236201405525208 -0.1715969294309616
vn 0.5405593514442444 -0.8236201405525208 -0.171596959233284
vn 0.5405593514442444 -0.823620080947876 -0.1715969443321228
vn 0.9406875371932983 0.3002513647079468 -0.15797501802444458
vn 0.9406875371932983 0.3002513349056244 -0.15797501802444458
vn 0.9406875371932983 0.3002513349056244 -0.15797501802444458
vn 0.8915846943855286 -0.22797776758670807 0.39128369092941284
vn 0.8915846943855286 -0.22797776758670807 0.39128369092941284
vn 0.8915846347808838 -0.22797773778438568 0.39128369092941284
vn 0.7538748383522034 0.33478161692619324 0.5653263926506042
vn 0.7538748979568481 0.33478161692619324 0.5653263926506042
vn 0.7538748979568481 0.33478158712387085 0.5653263926506042
vn 0.9560093283653259 -0.2841513454914093 0.07282961159944534
vn 0.9560093283653259 -0.2841513454914093 0.07282961905002594
vn 0.9560093283653259 -0.2841513454914093 0.07282961159944534
vt 0.4397546947002411 0.15795312821865082
vt 0.4397546947002411 0.15795312821865082
vt 0.4397546947002411 0.15795312821865082
vt 0.4397546947002411 0.15795312821865082
vt 0.4397546947002411 0.15795312821865082
vt 0.4397546947002411 0.15795312821865082
vt 0.4397546947002411 0.15795312821865082
vt 0.4397546947002411 0.15795312821865082
vt 0.4397546947002411 0.15795312821865082
vt 0.4397546947002411 0.15795312821865082
vt 0.4397546947002411 0.15795312821865082
vt 0.4397546947002411 0.15795312821865082
vt 0.4397546947002411 0.15795312821865082
vt 0.4397546947002411 0.15795312821865082
vt 0.4397546947002411 0.15795312821865082
vt 0.4397546947002411 0.15795312821865082
vt 0.4397546947002411 0.15795312821865082
vt 0.4397546947002411 0.15795312821865082
vt 0.4397546947002411 0.15795312821865082
vt 0.4397546947002411 0.15795312821865082
vt 0.4397546947002411 0.15795312821865082
vt 0.4397546947002411 0.15795312821865082
vt 0.4397546947002411 0.15795312821865082
vt 0.4397546947002411 0.15795312821865082
vt 0.4397546947002411 0.15795312821865082
vt 0.4397546947002411 0.15795312821865082
vt 0.4397546947002411 0.15795312821865082
vt 0.4397546947002411 0.15795312821865082
vt 0.4397546947002411 0.15795312821865082
vt 0.4397546947002411 0.15795312821865082
vt 0.4397546947002411 0.15795312821865082
vt 0.4397546947002411 0.15795312821865082
vt 0.4397546947002411 0.15795312821865082
vt 0.4397546947002411 0.15795312821865082
vt 0.4397546947002411 0.15795312821865082
vt 0.4397546947002411 0.15795312821865082
vt 0.4397546947002411 0.15795312821865082
vt 0.4397546947002411 0.15795312821865082
vt 0.4397546947002411 0.15795312821865082
vt 0.4397546947002411 0.15795312821865082
vt 0.4397546947002411 0.15795312821865082
vt 0.4397546947002411 0.15795312821865082
vt 0.4397546947002411 0.15795312821865082
vt 0.4397546947002411 0.15795312821865082
vt 0.4397546947002411 0.15795312821865082
vt 0.4397546947002411 0.15795312821865082
vt 0.4397546947002411 0.15795312821865082
vt 0.4397546947002411 0.15795312821865082
vt 0.4397546947002411 0.15795312821865082
vt 0.4397546947002411 0.15795312821865082
vt 0.4397546947002411 0.15795312821865082
vt 0.4397546947002411 0.15795312821865082
vt 0.4397546947002411 0.15795312821865082
vt 0.4397546947002411 0.15795312821865082
vt 0.4397546947002411 0.15795312821865082
vt 0.4397546947002411 0.15795312821865082
vt 0.4397546947002411 0.15795312821865082
vt 0.4397546947002411 0.15795312821865082
vt 0.4397546947002411 0.15795312821865082
vt 0.4397546947002411 0.15795312821865082
vt 0.4397546947002411 0.15795312821865082
vt 0.4397546947002411 0.15795312821865082
vt 0.4397546947002411 0.15795312821865082
vt 0.4397546947002411 0.15795312821865082
vt 0.4397546947002411 0.15795312821865082
vt 0.4397546947002411 0.15795312821865082
vt 0.4397546947002411 0.15795312821865082
vt 0.4397546947002411 0.15795312821865082
vt 0.4397546947002411 0.15795312821865082
vt 0.4397546947002411 0.15795312821865082
vt 0.4397546947002411 0.15795312821865082
vt 0.4397546947002411 0.15795312821865082
vt 0.4397546947002411 0.15795312821865082
vt 0.4397546947002411 0.15795312821865082
vt 0.4397546947002411 0.15795312821865082
vt 0.4397546947002411 0.15795312821865082
vt 0.4397546947002411 0.15795312821865082
vt 0.4397546947002411 0.15795312821865082
vt 0.4397546947002411 0.15795312821865082
vt 0.4397546947002411 0.15795312821865082
vt 0.4397546947002411 0.15795312821865082
vt 0.4397546947002411 0.15795312821865082
vt 0.4397546947002411 0.15795312821865082
vt 0.4397546947002411 0.15795312821865082
vt 0.4397546947002411 0.15795312821865082
vt 0.4397546947002411 0.15795312821865082
vt 0.4397546947002411 0.15795312821865082
vt 0.4397546947002411 0.15795312821865082
vt 0.4397546947002411 0.15795312821865082
vt 0.4397546947002411 0.15795312821865082
vt 0.4397546947002411 0.15795312821865082
vt 0.4397546947002411 0.15795312821865082
vt 0.4397546947002411 0.15795312821865082
vt 0.4397546947002411 0.15795312821865082
vt 0.4397546947002411 0.15795312821865082
vt 0.4397546947002411 0.15795312821865082
vt 0.4397546947002411 0.15795312821865082
vt 0.4397546947002411 0.15795312821865082
vt 0.4397546947002411 0.15795312821865082
vt 0.4397546947002411 0.15795312821865082
vt 0.4397546947002411 0.15795312821865082
vt 0.4397546947002411 0.15795312821865082
vt 0.4397546947002411 0.15795312821865082
vt 0.4397546947002411 0.15795312821865082
vt 0.4397546947002411 0.15795312821865082
vt 0.4397546947002411 0.15795312821865082
vt 0.4397546947002411 0.15795312821865082
vt 0.4397546947002411 0.15795312821865082
vt 0.4397546947002411 0.15795312821865082
vt 0.4397546947002411 0.15795312821865082
vt 0.4397546947002411 0.15795312821865082
vt 0.4397546947002411 0.15795312821865082
vt 0.4397546947002411 0.15795312821865082
vt 0.4397546947002411 0.15795312821865082
vt 0.4397546947002411 0.15795312821865082
vt 0.4397546947002411 0.15795312821865082
vt 0.4397546947002411 0.15795312821865082
vt 0.4397546947002411 0.15795312821865082
vt 0.4397546947002411 0.15795312821865082
vt 0.4397546947002411 0.15795312821865082
vt 0.4397546947002411 0.15795312821865082
vt 0.4397546947002411 0.15795312821865082
vt 0.4397546947002411 0.15795312821865082
vt 0.4397546947002411 0.15795312821865082
vt 0.4397546947002411 0.15795312821865082
vt 0.4397546947002411 0.15795312821865082
vt 0.4397546947002411 0.15795312821865082
vt 0.4397546947002411 0.15795312821865082
vt 0.4397546947002411 0.15795312821865082
vt 0.4397546947002411 0.15795312821865082
vt 0.4397546947002411 0.15795312821865082
vt 0.4397546947002411 0.15795312821865082
vt 0.4397546947002411 0.15795312821865082
vt 0.4397546947002411 0.15795312821865082
vt 0.4397546947002411 0.15795312821865082
vt 0.4397546947002411 0.15795312821865082
vt 0.4397546947002411 0.15795312821865082
vt 0.4397546947002411 0.15795312821865082
vt 0.4397546947002411 0.15795312821865082
vt 0.4397546947002411 0.15795312821865082
vt 0.4397546947002411 0.15795312821865082
vt 0.4397546947002411 0.15795312821865082
vt 0.4397546947002411 0.15795312821865082
vt 0.4397546947002411 0.15795312821865082
vt 0.4397546947002411 0.15795312821865082
vt 0.4397546947002411 0.15795312821865082
vt 0.4397546947002411 0.15795312821865082
vt 0.4397546947002411 0.15795312821865082
vt 0.4397546947002411 0.15795312821865082
vt 0.4397546947002411 0.15795312821865082
vt 0.4397546947002411 0.15795312821865082
vt 0.4397546947002411 0.15795312821865082
vt 0.4397546947002411 0.15795312821865082
vt 0.4397546947002411 0.15795312821865082
vt 0.4397546947002411 0.15795312821865082
vt 0.4397546947002411 0.15795312821865082
vt 0.4397546947002411 0.15795312821865082
vt 0.4397546947002411 0.15795312821865082
vt 0.4397546947002411 0.15795312821865082
vt 0.4397546947002411 0.15795312821865082
vt 0.4397546947002411 0.15795312821865082
vt 0.4397546947002411 0.15795312821865082
vt 0.4397546947002411 0.15795312821865082
vt 0.4397546947002411 0.15795312821865082
vt 0.4397546947002411 0.15795312821865082
vt 0.4397546947002411 0.15795312821865082
vt 0.4397546947002411 0.15795312821865082
vt 0.4397546947002411 0.15795312821865082
vt 0.4397546947002411 0.15795312821865082
vt 0.4397546947002411 0.15795312821865082
vt 0.4397546947002411 0.15795312821865082
vt 0.4397546947002411 0.15795312821865082
vt 0.4397546947002411 0.15795312821865082
vt 0.4397546947002411 0.15795312821865082
vt 0.4397546947002411 0.15795312821865082
vt 0.4397546947002411 0.15795312821865082
vt 0.4397546947002411 0.15795312821865082
vt 0.4397546947002411 0.15795312821865082
vt 0.4397546947002411 0.15795312821865082
vt 0.4397546947002411 0.15795312821865082
vt 0.4397546947002411 0.15795312821865082
vt 0.4397546947002411 0.15795312821865082
vt 0.4397546947002411 0.15795312821865082
vt 0.4397546947002411 0.15795312821865082
vt 0.4397546947002411 0.15795312821865082
vt 0.4397546947002411 0.15795312821865082
vt 0.4397546947002411 0.15795312821865082
vt 0.4397546947002411 0.15795312821865082
vt 0.4397546947002411 0.15795312821865082
vt 0.4397546947002411 0.15795312821865082
vt 0.4397546947002411 0.15795312821865082
vt 0.4397546947002411 0.15795312821865082
vt 0.4397546947002411 0.15795312821865082
vt 0.4397546947002411 0.15795312821865082
vt 0.4397546947002411 0.15795312821865082
vt 0.4397546947002411 0.15795312821865082
vt 0.4397546947002411 0.15795312821865082
vt 0.4397546947002411 0.15795312821865082
vt 0.4397546947002411 0.15795312821865082
vt 0.4397546947002411 0.15795312821865082
vt 0.4397546947002411 0.15795312821865082
vt 0.4397546947002411 0.15795312821865082
vt 0.4397546947002411 0.15795312821865082
vt 0.4397546947002411 0.15795312821865082
vt 0.4397546947002411 0.15795312821865082
vt 0.4397546947002411 0.15795312821865082
vt 0.4397546947002411 0.15795312821865082
vt 0.4397546947002411 0.15795312821865082
vt 0.4397546947002411 0.15795312821865082
vt 0.4397546947002411 0.15795312821865082
vt 0.4397546947002411 0.15795312821865082
vt 0.4397546947002411 0.15795312821865082
vt 0.4397546947002411 0.15795312821865082
vt 0.4397546947002411 0.15795312821865082
vt 0.4397546947002411 0.15795312821865082
vt 0.4397546947002411 0.15795312821865082
vt 0.4397546947002411 0.15795312821865082
vt 0.4397546947002411 0.15795312821865082
vt 0.4397546947002411 0.15795312821865082
vt 0.4397546947002411 0.15795312821865082
vt 0.4397546947002411 0.15795312821865082
vt 0.4397546947002411 0.15795312821865082
vt 0.4397546947002411 0.15795312821865082
vt 0.4397546947002411 0.15795312821865082
vt 0.4397546947002411 0.15795312821865082
vt 0.4397546947002411 0.15795312821865082
vt 0.4397546947002411 0.15795312821865082
vt 0.4397546947002411 0.15795312821865082
vt 0.4397546947002411 0.15795312821865082
vt 0.4397546947002411 0.15795312821865082
vt 0.4397546947002411 0.15795312821865082
vt 0.4397546947002411 0.15795312821865082
vt 0.4397546947002411 0.15795312821865082
vt 0.4397546947002411 0.15795312821865082
vt 0.4397546947002411 0.15795312821865082
vt 0.4397546947002411 0.15795312821865082
vt 0.4397546947002411 0.15795312821865082
vt 0.4397546947002411 0.15795312821865082
vt 0.4397546947002411 0.15795312821865082
vt 0.4397546947002411 0.15795312821865082
vt 0.4397546947002411 0.15795312821865082
vt 0.4397546947002411 0.15795312821865082
vt 0.4397546947002411 0.15795312821865082
vt 0.4397546947002411 0.15795312821865082
vt 0.4397546947002411 0.15795312821865082
vt 0.4397546947002411 0.15795312821865082
vt 0.4397546947002411 0.15795312821865082
vt 0.4397546947002411 0.15795312821865082
vt 0.4397546947002411 0.15795312821865082
vt 0.4397546947002411 0.15795312821865082
vt 0.4397546947002411 0.15795312821865082
vt 0.4397546947002411 0.15795312821865082
vt 0.4397546947002411 0.15795312821865082
vt 0.4397546947002411 0.15795312821865082
vt 0.4397546947002411 0.15795312821865082
vt 0.4397546947002411 0.15795312821865082
vt 0.4397546947002411 0.15795312821865082
vt 0.4397546947002411 0.15795312821865082
vt 0.4397546947002411 0.15795312821865082
vt 0.4397546947002411 0.15795312821865082
vt 0.4397546947002411 0.15795312821865082
vt 0.4397546947002411 0.15795312821865082
vt 0.4397546947002411 0.15795312821865082
vt 0.4397546947002411 0.15795312821865082
vt 0.4397546947002411 0.15795312821865082
vt 0.4397546947002411 0.15795312821865082
vt 0.4397546947002411 0.15795312821865082
vt 0.4397546947002411 0.15795312821865082
vt 0.4397546947002411 0.15795312821865082
vt 0.4397546947002411 0.15795312821865082
vt 0.4397546947002411 0.15795312821865082
vt 0.4397546947002411 0.15795312821865082
vt 0.4397546947002411 0.15795312821865082
vt 0.4397546947002411 0.15795312821865082
vt 0.4397546947002411 0.15795312821865082
vt 0.4397546947002411 0.15795312821865082
vt 0.4397546947002411 0.15795312821865082
vt 0.4397546947002411 0.15795312821865082
vt 0.4397546947002411 0.15795312821865082
vt 0.4397546947002411 0.15795312821865082
vt 0.4397546947002411 0.15795312821865082
vt 0.4397546947002411 0.15795312821865082
vt 0.4397546947002411 0.15795312821865082
vt 0.4397546947002411 0.15795312821865082
vt 0.4397546947002411 0.15795312821865082
vt 0.4397546947002411 0.15795312821865082
vt 0.4397546947002411 0.15795312821865082
vt 0.4397546947002411 0.15795312821865082
vt 0.4397546947002411 0.15795312821865082
vt 0.4397546947002411 0.15795312821865082
vt 0.4397546947002411 0.15795312821865082
vt 0.4397546947002411 0.15795312821865082
vt 0.4397546947002411 0.15795312821865082
vt 0.4397546947002411 0.15795312821865082
vt 0.4397546947002411 0.15795312821865082
vt 0.4397546947002411 0.15795312821865082
vt 0.4397546947002411 0.15795312821865082
vt 0.4397546947002411 0.15795312821865082
vt 0.4397546947002411 0.15795312821865082
vt 0.4397546947002411 0.15795312821865082
vt 0.4397546947002411 0.15795312821865082
vt 0.4397546947002411 0.15795312821865082
vt 0.4397546947002411 0.15795312821865082
vt 0.4397546947002411 0.15795312821865082
vt 0.4397546947002411 0.15795312821865082
vt 0.4397546947002411 0.15795312821865082
vt 0.4397546947002411 0.15795312821865082
vt 0.4397546947002411 0.15795312821865082
vt 0.4397546947002411 0.15795312821865082
vt 0.4397546947002411 0.15795312821865082
vt 0.4397546947002411 0.15795312821865082
vt 0.4397546947002411 0.15795312821865082
vt 0.4397546947002411 0.15795312821865082
vt 0.4397546947002411 0.15795312821865082
vt 0.4397546947002411 0.15795312821865082
vt 0.4397546947002411 0.15795312821865082
vt 0.4397546947002411 0.15795312821865082
vt 0.4397546947002411 0.15795312821865082
vt 0.4397546947002411 0.15795312821865082
vt 0.4397546947002411 0.15795312821865082
vt 0.4397546947002411 0.15795312821865082
vt 0.4397546947002411 0.15795312821865082
vt 0.4397546947002411 0.15795312821865082
vt 0.4397546947002411 0.15795312821865082
vt 0.4397546947002411 0.15795312821865082
vt 0.4397546947002411 0.15795312821865082
vt 0.4397546947002411 0.15795312821865082
vt 0.4397546947002411 0.15795312821865082
vt 0.4397546947002411 0.15795312821865082
vt 0.4397546947002411 0.15795312821865082
vt 0.4397546947002411 0.15795312821865082
vt 0.4397546947002411 0.15795312821865082
vt 0.4397546947002411 0.15795312821865082
vt 0.4397546947002411 0.15795312821865082
vt 0.4397546947002411 0.15795312821865082
vt 0.4397546947002411 0.15795312821865082
vt 0.4397546947002411 0.15795312821865082
vt 0.4397546947002411 0.15795312821865082
vt 0.4397546947002411 0.15795312821865082
vt 0.4397546947002411 0.15795312821865082
vt 0.4397546947002411 0.15795312821865082
vt 0.4397546947002411 0.15795312821865082
vt 0.4397546947002411 0.15795312821865082
vt 0.4397546947002411 0.15795312821865082
vt 0.4397546947002411 0.15795312821865082
vt 0.4397546947002411 0.15795312821865082
vt 0.4397546947002411 0.15795312821865082
vt 0.4397546947002411 0.15795312821865082
vt 0.4397546947002411 0.15795312821865082
vt 0.4397546947002411 0.15795312821865082
vt 0.4397546947002411 0.15795312821865082
vt 0.4397546947002411 0.15795312821865082
vt 0.4397546947002411 0.15795312821865082
vt 0.4397546947002411 0.15795312821865082
vt 0.4397546947002411 0.15795312821865082
vt 0.4397546947002411 0.15795312821865082
vt 0.4397546947002411 0.15795312821865082
vt 0.4397546947002411 0.15795312821865082
vt 0.4397546947002411 0.15795312821865082
vt 0.4397546947002411 0.15795312821865082
vt 0.4397546947002411 0.15795312821865082
vt 0.4397546947002411 0.15795312821865082
vt 0.4397546947002411 0.15795312821865082
vt 0.4397546947002411 0.15795312821865082
vt 0.4397546947002411 0.15795312821865082
vt 0.4397546947002411 0.15795312821865082
vt 0.4397546947002411 0.15795312821865082
vt 0.4397546947002411 0.15795312821865082
vt 0.4397546947002411 0.15795312821865082
vt 0.4397546947002411 0.15795312821865082
vt 0.4397546947002411 0.15795312821865082
vt 0.4397546947002411 0.15795312821865082
vt 0.4397546947002411 0.15795312821865082
vt 0.4397546947002411 0.15795312821865082
vt 0.4397546947002411 0.15795312821865082
vt 0.4397546947002411 0.15795312821865082
vt 0.4397546947002411 0.15795312821865082
vt 0.4397546947002411 0.15795312821865082
vt 0.4397546947002411 0.15795312821865082
vt 0.4397546947002411 0.15795312821865082
vt 0.4397546947002411 0.15795312821865082
vt 0.4397546947002411 0.15795312821865082
vt 0.4397546947002411 0.15795312821865082
vt 0.4397546947002411 0.15795312821865082
vt 0.44941189885139465 0.15441590547561646
vt 0.44941189885139465 0.15441590547561646
vt 0.44941189885139465 0.15441590547561646
vt 0.44941189885139465 0.15441590547561646
vt 0.44941189885139465 0.15441590547561646
vt 0.44941189885139465 0.15441590547561646
vt 0.44941189885139465 0.15441590547561646
vt 0.44941189885139465 0.15441590547561646
vt 0.44941189885139465 0.15441590547561646
vt 0.44941189885139465 0.15441590547561646
vt 0.44941189885139465 0.15441590547561646
vt 0.44941189885139465 0.15441590547561646
vt 0.44941189885139465 0.15441590547561646
vt 0.44941189885139465 0.15441590547561646
vt 0.44941189885139465 0.15441590547561646
vt 0.44941189885139465 0.15441590547561646
vt 0.44941189885139465 0.15441590547561646
vt 0.44941189885139465 0.15441590547561646
vt 0.44941189885139465 0.15441590547561646
vt 0.44941189885139465 0.15441590547561646
vt 0.44941189885139465 0.15441590547561646
vt 0.44941189885139465 0.15441590547561646
vt 0.44941189885139465 0.15441590547561646
vt 0.44941189885139465 0.15441590547561646
vt 0.44941189885139465 0.15441590547561646
vt 0.44941189885139465 0.15441590547561646
vt 0.44941189885139465 0.15441590547561646
vt 0.44941189885139465 0.15441590547561646
vt 0.44941189885139465 0.15441590547561646
vt 0.44941189885139465 0.15441590547561646
vt 0.44941189885139465 0.15441590547561646
vt 0.44941189885139465 0.15441590547561646
vt 0.44941189885139465 0.15441590547561646
vt 0.44941189885139465 0.15441590547561646
vt 0.44941189885139465 0.15441590547561646
vt 0.44941189885139465 0.15441590547561646
vt 0.44941189885139465 0.15441590547561646
vt 0.44941189885139465 0.15441590547561646
vt 0.44941189885139465 0.15441590547561646
vt 0.44941189885139465 0.15441590547561646
vt 0.44941189885139465 0.15441590547561646
vt 0.44941189885139465 0.15441590547561646
vt 0.44941189885139465 0.15441590547561646
vt 0.44941189885139465 0.15441590547561646
vt 0.44941189885139465 0.15441590547561646
vt 0.44941189885139465 0.15441590547561646
vt 0.44941189885139465 0.15441590547561646
vt 0.44941189885139465 0.15441590547561646
vt 0.44941189885139465 0.15441590547561646
vt 0.44941189885139465 0.15441590547561646
vt 0.44941189885139465 0.15441590547561646
vt 0.44941189885139465 0.15441590547561646
vt 0.44941189885139465 0.15441590547561646
vt 0.44941189885139465 0.15441590547561646
vt 0.44941189885139465 0.15441590547561646
vt 0.44941189885139465 0.15441590547561646
vt 0.44941189885139465 0.15441590547561646
vt 0.44941189885139465 0.15441590547561646
vt 0.44941189885139465 0.15441590547561646
vt 0.44941189885139465 0.15441590547561646
vt 0.44941189885139465 0.15441590547561646
vt 0.44941189885139465 0.15441590547561646
vt 0.44941189885139465 0.15441590547561646
vt 0.44941189885139465 0.15441590547561646
vt 0.44941189885139465 0.15441590547561646
vt 0.44941189885139465 0.15441590547561646
vt 0.44941189885139465 0.15441590547561646
vt 0.44941189885139465 0.15441590547561646
vt 0.44941189885139465 0.15441590547561646
vt 0.44941189885139465 0.15441590547561646
vt 0.44941189885139465 0.15441590547561646
vt 0.44941189885139465 0.15441590547561646
vt 0.44941189885139465 0.15441590547561646
vt 0.44941189885139465 0.15441590547561646
vt 0.44941189885139465 0.15441590547561646
vt 0.44941189885139465 0.15441590547561646
vt 0.44941189885139465 0.15441590547561646
vt 0.44941189885139465 0.15441590547561646
vt 0.44941189885139465 0.15441590547561646
vt 0.44941189885139465 0.15441590547561646
vt 0.44941189885139465 0.15441590547561646
vt 0.44941189885139465 0.15441590547561646
vt 0.44941189885139465 0.15441590547561646
vt 0.44941189885139465 0.15441590547561646
vt 0.44941189885139465 0.15441590547561646
vt 0.44941189885139465 0.15441590547561646
vt 0.44941189885139465 0.15441590547561646
vt 0.44941189885139465 0.15441590547561646
vt 0.44941189885139465 0.15441590547561646
vt 0.44941189885139465 0.15441590547561646
vt 0.44941189885139465 0.15441590547561646
vt 0.44941189885139465 0.15441590547561646
vt 0.44941189885139465 0.15441590547561646
vt 0.44941189885139465 0.15441590547561646
vt 0.44941189885139465 0.15441590547561646
vt 0.44941189885139465 0.15441590547561646
vt 0.44941189885139465 0.15441590547561646
vt 0.44941189885139465 0.15441590547561646
vt 0.44941189885139465 0.15441590547561646
vt 0.44941189885139465 0.15441590547561646
vt 0.44941189885139465 0.15441590547561646
vt 0.44941189885139465 0.15441590547561646
vt 0.44941189885139465 0.15441590547561646
vt 0.44941189885139465 0.15441590547561646
vt 0.44941189885139465 0.15441590547561646
vt 0.44941189885139465 0.15441590547561646
vt 0.44941189885139465 0.15441590547561646
vt 0.44941189885139465 0.15441590547561646
vt 0.44941189885139465 0.15441590547561646
vt 0.44941189885139465 0.15441590547561646
vt 0.44941189885139465 0.15441590547561646
vt 0.44941189885139465 0.15441590547561646
vt 0.44941189885139465 0.15441590547561646
vt 0.44941189885139465 0.15441590547561646
vt 0.44941189885139465 0.15441590547561646
vt 0.44941189885139465 0.15441590547561646
vt 0.44941189885139465 0.15441590547561646
vt 0.44941189885139465 0.15441590547561646
vt 0.44941189885139465 0.15441590547561646
vt 0.44941189885139465 0.15441590547561646
vt 0.44941189885139465 0.15441590547561646
vt 0.44941189885139465 0.15441590547561646
vt 0.44941189885139465 0.15441590547561646
vt 0.44941189885139465 0.15441590547561646
vt 0.44941189885139465 0.15441590547561646
vt 0.44941189885139465 0.15441590547561646
vt 0.44941189885139465 0.15441590547561646
vt 0.44941189885139465 0.15441590547561646
vt 0.44941189885139465 0.15441590547561646
vt 0.44941189885139465 0.15441590547561646
vt 0.44941189885139465 0.15441590547561646
vt 0.44941189885139465 0.15441590547561646
vt 0.44941189885139465 0.15441590547561646
vt 0.44941189885139465 0.15441590547561646
vt 0.44941189885139465 0.15441590547561646
vt 0.44941189885139465 0.15441590547561646
vt 0.44941189885139465 0.15441590547561646
vt 0.44941189885139465 0.15441590547561646
vt 0.44941189885139465 0.15441590547561646
vt 0.44941189885139465 0.15441590547561646
vt 0.44941189885139465 0.15441590547561646
vt 0.44941189885139465 0.15441590547561646
vt 0.44941189885139465 0.15441590547561646
vt 0.44941189885139465 0.15441590547561646
vt 0.44941189885139465 0.15441590547561646
vt 0.44941189885139465 0.15441590547561646
vt 0.44941189885139465 0.15441590547561646
vt 0.44941189885139465 0.15441590547561646
vt 0.44941189885139465 0.15441590547561646
vt 0.44941189885139465 0.15441590547561646
vt 0.44941189885139465 0.15441590547561646
vt 0.44941189885139465 0.15441590547561646
vt 0.44941189885139465 0.15441590547561646
vt 0.44941189885139465 0.15441590547561646
vt 0.44941189885139465 0.15441590547561646
vt 0.44941189885139465 0.15441590547561646
vt 0.44941189885139465 0.15441590547561646
vt 0.44941189885139465 0.15441590547561646
vt 0.44941189885139465 0.15441590547561646
vt 0.44941189885139465 0.15441590547561646
vt 0.44941189885139465 0.15441590547561646
vt 0.44941189885139465 0.15441590547561646
vt 0.4489166736602783 0.18036390841007233
vt 0.4489166736602783 0.18036390841007233
vt 0.4489166736602783 0.18036390841007233
vt 0.4489166736602783 0.18036390841007233
vt 0.4489166736602783 0.18036390841007233
vt 0.4489166736602783 0.18036390841007233
vt 0.4489166736602783 0.18036390841007233
vt 0.4489166736602783 0.18036390841007233
vt 0.4489166736602783 0.18036390841007233
vt 0.4489166736602783 0.18036390841007233
vt 0.4489166736602783 0.18036390841007233
vt 0.4489166736602783 0.18036390841007233
vt 0.4489166736602783 0.18036390841007233
vt 0.4489166736602783 0.18036390841007233
vt 0.4489166736602783 0.18036390841007233
vt 0.4489166736602783 0.18036390841007233
vt 0.4489166736602783 0.18036390841007233
vt 0.4489166736602783 0.18036390841007233
vt 0.4489166736602783 0.18036390841007233
vt 0.4489166736602783 0.18036390841007233
vt 0.4489166736602783 0.18036390841007233
vt 0.4489166736602783 0.18036390841007233
vt 0.4489166736602783 0.18036390841007233
vt 0.4489166736602783 0.18036390841007233
vt 0.4489166736602783 0.18036390841007233
vt 0.4489166736602783 0.18036390841007233
vt 0.4489166736602783 0.18036390841007233
vt 0.4489166736602783 0.18036390841007233
vt 0.4489166736602783 0.18036390841007233
vt 0.4489166736602783 0.18036390841007233
vt 0.4489166736602783 0.18036390841007233
vt 0.4489166736602783 0.18036390841007233
vt 0.4489166736602783 0.18036390841007233
vt 0.4489166736602783 0.18036390841007233
vt 0.4489166736602783 0.18036390841007233
vt 0.4489166736602783 0.18036390841007233
vt 0.4489166736602783 0.18036390841007233
vt 0.4489166736602783 0.18036390841007233
vt 0.4489166736602783 0.18036390841007233
vt 0.4489166736602783 0.18036390841007233
vt 0.4489166736602783 0.18036390841007233
vt 0.4489166736602783 0.18036390841007233
vt 0.4489166736602783 0.18036390841007233
vt 0.4489166736602783 0.18036390841007233
vt 0.4489166736602783 0.18036390841007233
vt 0.4489166736602783 0.18036390841007233
vt 0.4489166736602783 0.18036390841007233
vt 0.4489166736602783 0.18036390841007233
vt 0.4489166736602783 0.18036390841007233
vt 0.4489166736602783 0.18036390841007233
vt 0.4489166736602783 0.18036390841007233
vt 0.4489166736602783 0.18036390841007233
vt 0.4489166736602783 0.18036390841007233
vt 0.4489166736602783 0.18036390841007233
vt 0.4489166736602783 0.18036390841007233
vt 0.4489166736602783 0.18036390841007233
vt 0.4489166736602783 0.18036390841007233
vt 0.4489166736602783 0.18036390841007233
vt 0.4489166736602783 0.18036390841007233
vt 0.4489166736602783 0.18036390841007233
vt 0.4489166736602783 0.18036390841007233
vt 0.4489166736602783 0.18036390841007233
vt 0.4489166736602783 0.18036390841007233
vt 0.4489166736602783 0.18036390841007233
vt 0.4489166736602783 0.18036390841007233
vt 0.4489166736602783 0.18036390841007233
vt 0.4489166736602783 0.18036390841007233
vt 0.4489166736602783 0.18036390841007233
vt 0.4489166736602783 0.18036390841007233
vt 0.4489166736602783 0.18036390841007233
vt 0.4489166736602783 0.18036390841007233
vt 0.4489166736602783 0.18036390841007233
vt 0.4489166736602783 0.18036390841007233
vt 0.4489166736602783 0.18036390841007233
vt 0.4489166736602783 0.18036390841007233
vt 0.4489166736602783 0.18036390841007233
vt 0.4489166736602783 0.18036390841007233
vt 0.4489166736602783 0.18036390841007233
vt 0.4489166736602783 0.18036390841007233
vt 0.4489166736602783 0.18036390841007233
vt 0.4489166736602783 0.18036390841007233
vt 0.4489166736602783 0.18036390841007233
vt 0.4489166736602783 0.18036390841007233
vt 0.4489166736602783 0.18036390841007233
vt 0.4489166736602783 0.18036390841007233
vt 0.4489166736602783 0.18036390841007233
vt 0.4489166736602783 0.18036390841007233
vt 0.4489166736602783 0.18036390841007233
vt 0.4489166736602783 0.18036390841007233
vt 0.4489166736602783 0.18036390841007233
vt 0.4489166736602783 0.18036390841007233
vt 0.4489166736602783 0.18036390841007233
vt 0.4489166736602783 0.18036390841007233
vt 0.4489166736602783 0.18036390841007233
vt 0.4489166736602783 0.18036390841007233
vt 0.4489166736602783 0.18036390841007233
vt 0.4489166736602783 0.18036390841007233
vt 0.4489166736602783 0.18036390841007233
vt 0.4489166736602783 0.18036390841007233
vt 0.4489166736602783 0.18036390841007233
vt 0.4489166736602783 0.18036390841007233
vt 0.4489166736602783 0.18036390841007233
vt 0.4489166736602783 0.18036390841007233
vt 0.4489166736602783 0.18036390841007233
vt 0.4489166736602783 0.18036390841007233
vt 0.4489166736602783 0.18036390841007233
vt 0.4489166736602783 0.18036390841007233
vt 0.4489166736602783 0.18036390841007233
vt 0.4489166736602783 0.18036390841007233
vt 0.4489166736602783 0.18036390841007233
vt 0.4489166736602783 0.18036390841007233
vt 0.4489166736602783 0.18036390841007233
vt 0.4489166736602783 0.18036390841007233
vt 0.4489166736602783 0.18036390841007233
vt 0.4489166736602783 0.18036390841007233
vt 0.4489166736602783 0.18036390841007233
vt 0.4489166736602783 0.18036390841007233
vt 0.4489166736602783 0.18036390841007233
vt 0.4489166736602783 0.18036390841007233
vt 0.4489166736602783 0.18036390841007233
vt 0.4489166736602783 0.18036390841007233
vt 0.4489166736602783 0.18036390841007233
vt 0.4489166736602783 0.18036390841007233
vt 0.4489166736602783 0.18036390841007233
vt 0.4489166736602783 0.18036390841007233
vt 0.4489166736602783 0.18036390841007233
vt 0.4489166736602783 0.18036390841007233
vt 0.4489166736602783 0.18036390841007233
vt 0.4489166736602783 0.18036390841007233
vt 0.4489166736602783 0.18036390841007233
vt 0.4489166736602783 0.18036390841007233
vt 0.4489166736602783 0.18036390841007233
vt 0.4489166736602783 0.18036390841007233
vt 0.4489166736602783 0.18036390841007233
vt 0.4489166736602783 0.18036390841007233
vt 0.4489166736602783 0.18036390841007233
vt 0.4489166736602783 0.18036390841007233
vt 0.4489166736602783 0.18036390841007233
vt 0.4489166736602783 0.18036390841007233
vt 0.4489166736602783 0.18036390841007233
vt 0.4489166736602783 0.18036390841007233
vt 0.4489166736602783 0.18036390841007233
vt 0.4489166736602783 0.18036390841007233
vt 0.4489166736602783 0.18036390841007233
vt 0.4489166736602783 0.18036390841007233
vt 0.4489166736602783 0.18036390841007233
vt 0.4489166736602783 0.18036390841007233
vt 0.4489166736602783 0.18036390841007233
vt 0.4489166736602783 0.18036390841007233
vt 0.4489166736602783 0.18036390841007233
vt 0.4489166736602783 0.18036390841007233
vt 0.4489166736602783 0.18036390841007233
vt 0.4489166736602783 0.18036390841007233
vt 0.4489166736602783 0.18036390841007233
vt 0.4489166736602783 0.18036390841007233
vt 0.4489166736602783 0.18036390841007233
vt 0.4489166736602783 0.18036390841007233
vt 0.4489166736602783 0.18036390841007233
vt 0.4489166736602783 0.18036390841007233
vt 0.4489166736602783 0.18036390841007233
vt 0.4489166736602783 0.18036390841007233
vt 0.4489166736602783 0.18036390841007233
vt 0.4489166736602783 0.18036390841007233
vt 0.4489166736602783 0.18036390841007233
vt 0.4489166736602783 0.18036390841007233
vt 0.4489166736602783 0.18036390841007233
vt 0.4489166736602783 0.18036390841007233
vt 0.4489166736602783 0.18036390841007233
vt 0.4489166736602783 0.18036390841007233
vt 0.4489166736602783 0.18036390841007233
vt 0.4489166736602783 0.18036390841007233
vt 0.4489166736602783 0.18036390841007233
vt 0.4489166736602783 0.18036390841007233
vt 0.4489166736602783 0.18036390841007233
vt 0.4489166736602783 0.18036390841007233
vt 0.4489166736602783 0.18036390841007233
vt 0.4489166736602783 0.18036390841007233
vt 0.4489166736602783 0.18036390841007233
vt 0.4489166736602783 0.18036390841007233
vt 0.4489166736602783 0.18036390841007233
vt 0.4489166736602783 0.18036390841007233
vt 0.4489166736602783 0.18036390841007233
vt 0.4489166736602783 0.18036390841007233
vt 0.4489166736602783 0.18036390841007233
vt 0.4489166736602783 0.18036390841007233
vt 0.4489166736602783 0.18036390841007233
vt 0.4489166736602783 0.18036390841007233
vt 0.4489166736602783 0.18036390841007233
vt 0.4489166736602783 0.18036390841007233
vt 0.4489166736602783 0.18036390841007233
vt 0.4489166736602783 0.18036390841007233
vt 0.4489166736602783 0.18036390841007233
vt 0.4489166736602783 0.18036390841007233
vt 0.4489166736602783 0.18036390841007233
vt 0.4489166736602783 0.18036390841007233
vt 0.4489166736602783 0.18036390841007233
vt 0.4489166736602783 0.18036390841007233
vt 0.4489166736602783 0.18036390841007233
vt 0.4489166736602783 0.18036390841007233
vt 0.4489166736602783 0.18036390841007233
vt 0.4489166736602783 0.18036390841007233
vt 0.4489166736602783 0.18036390841007233
vt 0.4489166736602783 0.18036390841007233
vt 0.4489166736602783 0.18036390841007233
vt 0.4489166736602783 0.18036390841007233
vt 0.4489166736602783 0.18036390841007233
vt 0.4489166736602783 0.18036390841007233
vt 0.4489166736602783 0.18036390841007233
vt 0.4489166736602783 0.18036390841007233
vt 0.4489166736602783 0.18036390841007233
vt 0.4489166736602783 0.18036390841007233
vt 0.4489166736602783 0.18036390841007233
vt 0.4489166736602783 0.18036390841007233
vt 0.4489166736602783 0.18036390841007233
vt 0.4489166736602783 0.18036390841007233
vt 0.4489166736602783 0.18036390841007233
vt 0.4489166736602783 0.18036390841007233
vt 0.4489166736602783 0.18036390841007233
vt 0.4489166736602783 0.18036390841007233
vt 0.4489166736602783 0.18036390841007233
vt 0.4489166736602783 0.18036390841007233
vt 0.4489166736602783 0.18036390841007233
vt 0.4489166736602783 0.18036390841007233
vt 0.4489166736602783 0.18036390841007233
vt 0.4489166736602783 0.18036390841007233
vt 0.4489166736602783 0.18036390841007233
vt 0.4489166736602783 0.18036390841007233
vt 0.4489166736602783 0.18036390841007233
vt 0.4489166736602783 0.18036390841007233
vt 0.4489166736602783 0.18036390841007233
vt 0.4489166736602783 0.18036390841007233
vt 0.4489166736602783 0.18036390841007233
vt 0.4489166736602783 0.18036390841007233
vt 0.4489166736602783 0.18036390841007233
vt 0.4489166736602783 0.18036390841007233
vt 0.4489166736602783 0.18036390841007233
vt 0.4489166736602783 0.18036390841007233
vt 0.4489166736602783 0.18036390841007233
vt 0.4489166736602783 0.18036390841007233
vt 0.4489166736602783 0.18036390841007233
vt 0.4489166736602783 0.18036390841007233
vt 0.4489166736602783 0.18036390841007233
vt 0.4489166736602783 0.18036390841007233
vt 0.4489166736602783 0.18036390841007233
vt 0.4489166736602783 0.18036390841007233
vt 0.4489166736602783 0.18036390841007233
vt 0.4489166736602783 0.18036390841007233
vt 0.4489166736602783 0.18036390841007233
vt 0.4489166736602783 0.18036390841007233
vt 0.4489166736602783 0.18036390841007233
vt 0.4489166736602783 0.18036390841007233
vt 0.4489166736602783 0.18036390841007233
vt 0.4489166736602783 0.18036390841007233
vt 0.4489166736602783 0.18036390841007233
vt 0.4489166736602783 0.18036390841007233
vt 0.4489166736602783 0.18036390841007233
vt 0.4489166736602783 0.18036390841007233
vt 0.4489166736602783 0.18036390841007233
vt 0.4489166736602783 0.18036390841007233
vt 0.4489166736602783 0.18036390841007233
vt 0.4489166736602783 0.18036390841007233
vt 0.4489166736602783 0.18036390841007233
vt 0.4489166736602783 0.18036390841007233
vt 0.4489166736602783 0.18036390841007233
vt 0.4489166736602783 0.18036390841007233
vt 0.4489166736602783 0.18036390841007233
vt 0.4489166736602783 0.18036390841007233
vt 0.4489166736602783 0.18036390841007233
vt 0.4489166736602783 0.18036390841007233
vt 0.4489166736602783 0.18036390841007233
vt 0.4489166736602783 0.18036390841007233
vt 0.4489166736602783 0.18036390841007233
vt 0.4489166736602783 0.18036390841007233
vt 0.4489166736602783 0.18036390841007233
vt 0.4489166736602783 0.18036390841007233
vt 0.4489166736602783 0.18036390841007233
vt 0.4489166736602783 0.18036390841007233
vt 0.4489166736602783 0.18036390841007233
vt 0.4489166736602783 0.18036390841007233
vt 0.4489166736602783 0.18036390841007233
vt 0.4489166736602783 0.18036390841007233
vt 0.4489166736602783 0.18036390841007233
vt 0.4489166736602783 0.18036390841007233
vt 0.4489166736602783 0.18036390841007233
vt 0.4489166736602783 0.18036390841007233
vt 0.4489166736602783 0.18036390841007233
vt 0.4489166736602783 0.18036390841007233
vt 0.4489166736602783 0.18036390841007233
vt 0.4489166736602783 0.18036390841007233
vt 0.4489166736602783 0.18036390841007233
vt 0.4489166736602783 0.18036390841007233
vt 0.4489166736602783 0.18036390841007233
vt 0.4489166736602783 0.18036390841007233
vt 0.4489166736602783 0.18036390841007233
vt 0.4489166736602783 0.18036390841007233
vt 0.4489166736602783 0.18036390841007233
vt 0.4489166736602783 0.18036390841007233
vt 0.4489166736602783 0.18036390841007233
vt 0.4489166736602783 0.18036390841007233
vt 0.4489166736602783 0.18036390841007233
vt 0.4489166736602783 0.18036390841007233
vt 0.4489166736602783 0.18036390841007233
vt 0.4489166736602783 0.18036390841007233
vt 0.4489166736602783 0.18036390841007233
vt 0.4489166736602783 0.18036390841007233
vt 0.4489166736602783 0.18036390841007233
vt 0.44855302572250366 0.1819850355386734
vt 0.44855302572250366 0.1819850355386734
vt 0.44855302572250366 0.1819850355386734
vt 0.44855302572250366 0.1819850355386734
vt 0.44855302572250366 0.1819850355386734
vt 0.44855302572250366 0.1819850355386734
vt 0.44855302572250366 0.1819850355386734
vt 0.44855302572250366 0.1819850355386734
vt 0.44855302572250366 0.1819850355386734
vt 0.44855302572250366 0.1819850355386734
vt 0.44855302572250366 0.1819850355386734
vt 0.44855302572250366 0.1819850355386734
vt 0.44855302572250366 0.1819850355386734
vt 0.44855302572250366 0.1819850355386734
vt 0.44855302572250366 0.1819850355386734
vt 0.44855302572250366 0.1819850355386734
vt 0.44855302572250366 0.1819850355386734
vt 0.44855302572250366 0.1819850355386734
vt 0.44855302572250366 0.1819850355386734
vt 0.44855302572250366 0.1819850355386734
vt 0.44855302572250366 0.1819850355386734
vt 0.44855302572250366 0.1819850355386734
vt 0.44855302572250366 0.1819850355386734
vt 0.44855302572250366 0.1819850355386734
vt 0.44855302572250366 0.1819850355386734
vt 0.44855302572250366 0.1819850355386734
vt 0.44855302572250366 0.1819850355386734
vt 0.44855302572250366 0.1819850355386734
vt 0.44855302572250366 0.1819850355386734
vt 0.44855302572250366 0.1819850355386734
vt 0.44855302572250366 0.1819850355386734
vt 0.44855302572250366 0.1819850355386734
vt 0.44855302572250366 0.1819850355386734
vt 0.44855302572250366 0.1819850355386734
vt 0.44855302572250366 0.1819850355386734
vt 0.44855302572250366 0.1819850355386734
vt 0.44855302572250366 0.1819850355386734
vt 0.44855302572250366 0.1819850355386734
vt 0.44855302572250366 0.1819850355386734
vt 0.44855302572250366 0.1819850355386734
vt 0.44855302572250366 0.1819850355386734
vt 0.44855302572250366 0.1819850355386734
vt 0.44855302572250366 0.1819850355386734
vt 0.44855302572250366 0.1819850355386734
vt 0.44855302572250366 0.1819850355386734
vt 0.44855302572250366 0.1819850355386734
vt 0.44855302572250366 0.1819850355386734
vt 0.44855302572250366 0.1819850355386734
vt 0.44855302572250366 0.1819850355386734
vt 0.44855302572250366 0.1819850355386734
vt 0.44855302572250366 0.1819850355386734
vt 0.44855302572250366 0.1819850355386734
vt 0.44855302572250366 0.1819850355386734
vt 0.44855302572250366 0.1819850355386734
vt 0.44855302572250366 0.1819850355386734
vt 0.44855302572250366 0.1819850355386734
vt 0.44855302572250366 0.1819850355386734
vt 0.44855302572250366 0.1819850355386734
vt 0.44855302572250366 0.1819850355386734
vt 0.44855302572250366 0.1819850355386734
vt 0.44855302572250366 0.1819850355386734
vt 0.44855302572250366 0.1819850355386734
vt 0.44855302572250366 0.1819850355386734
vt 0.44855302572250366 0.1819850355386734
vt 0.44855302572250366 0.1819850355386734
vt 0.44855302572250366 0.1819850355386734
vt 0.44855302572250366 0.1819850355386734
vt 0.44855302572250366 0.1819850355386734
vt 0.44855302572250366 0.1819850355386734
vt 0.44855302572250366 0.1819850355386734
vt 0.44855302572250366 0.1819850355386734
vt 0.44855302572250366 0.1819850355386734
vt 0.44855302572250366 0.1819850355386734
vt 0.44855302572250366 0.1819850355386734
vt 0.44855302572250366 0.1819850355386734
vt 0.44855302572250366 0.1819850355386734
vt 0.44855302572250366 0.1819850355386734
vt 0.44855302572250366 0.1819850355386734
vt 0.44855302572250366 0.1819850355386734
vt 0.44855302572250366 0.1819850355386734
vt 0.44855302572250366 0.1819850355386734
vt 0.44855302572250366 0.1819850355386734
vt 0.44855302572250366 0.1819850355386734
vt 0.44855302572250366 0.1819850355386734
vt 0.44855302572250366 0.1819850355386734
vt 0.44855302572250366 0.1819850355386734
vt 0.44855302572250366 0.1819850355386734
vt 0.44855302572250366 0.1819850355386734
vt 0.44855302572250366 0.1819850355386734
vt 0.44855302572250366 0.1819850355386734
vt 0.44855302572250366 0.1819850355386734
vt 0.44855302572250366 0.1819850355386734
vt 0.44855302572250366 0.1819850355386734
vt 0.44855302572250366 0.1819850355386734
vt 0.44855302572250366 0.1819850355386734
vt 0.44855302572250366 0.1819850355386734
vt 0.44855302572250366 0.1819850355386734
vt 0.44855302572250366 0.1819850355386734
vt 0.44855302572250366 0.1819850355386734
vt 0.44855302572250366 0.1819850355386734
vt 0.44855302572250366 0.1819850355386734
vt 0.44855302572250366 0.1819850355386734
vt 0.44855302572250366 0.1819850355386734
vt 0.44855302572250366 0.1819850355386734
vt 0.44855302572250366 0.1819850355386734
vt 0.44855302572250366 0.1819850355386734
vt 0.44855302572250366 0.1819850355386734
vt 0.44855302572250366 0.1819850355386734
vt 0.44855302572250366 0.1819850355386734
vt 0.44855302572250366 0.1819850355386734
vt 0.44855302572250366 0.1819850355386734
vt 0.44855302572250366 0.1819850355386734
vt 0.44855302572250366 0.1819850355386734
vt 0.44855302572250366 0.1819850355386734
vt 0.44855302572250366 0.1819850355386734
vt 0.44855302572250366 0.1819850355386734
vt 0.44855302572250366 0.1819850355386734
vt 0.44855302572250366 0.1819850355386734
vt 0.44855302572250366 0.1819850355386734
vt 0.44855302572250366 0.1819850355386734
vt 0.44855302572250366 0.1819850355386734
vt 0.44855302572250366 0.1819850355386734
vt 0.44855302572250366 0.1819850355386734
vt 0.44855302572250366 0.1819850355386734
vt 0.44855302572250366 0.1819850355386734
vt 0.44855302572250366 0.1819850355386734
vt 0.44855302572250366 0.1819850355386734
vt 0.44855302572250366 0.1819850355386734
vt 0.44855302572250366 0.1819850355386734
vt 0.44855302572250366 0.1819850355386734
vt 0.44855302572250366 0.1819850355386734
vt 0.44855302572250366 0.1819850355386734
vt 0.44855302572250366 0.1819850355386734
vt 0.44855302572250366 0.1819850355386734
vt 0.44855302572250366 0.1819850355386734
vt 0.44855302572250366 0.1819850355386734
vt 0.44855302572250366 0.1819850355386734
vt 0.44855302572250366 0.1819850355386734
vt 0.44855302572250366 0.1819850355386734
vt 0.44855302572250366 0.1819850355386734
vt 0.44855302572250366 0.1819850355386734
vt 0.44855302572250366 0.1819850355386734
vt 0.44855302572250366 0.1819850355386734
vt 0.44855302572250366 0.1819850355386734
vt 0.44855302572250366 0.1819850355386734
vt 0.44855302572250366 0.1819850355386734
vt 0.44855302572250366 0.1819850355386734
vt 0.44855302572250366 0.1819850355386734
vt 0.44855302572250366 0.1819850355386734
vt 0.44855302572250366 0.1819850355386734
vt 0.44855302572250366 0.1819850355386734
vt 0.44855302572250366 0.1819850355386734
vt 0.44855302572250366 0.1819850355386734
vt 0.44855302572250366 0.1819850355386734
vt 0.44855302572250366 0.1819850355386734
vt 0.44855302572250366 0.1819850355386734
vt 0.44855302572250366 0.1819850355386734
vt 0.44855302572250366 0.1819850355386734
vt 0.44855302572250366 0.1819850355386734
vt 0.44855302572250366 0.1819850355386734
vt 0.44855302572250366 0.1819850355386734
vt 0.44855302572250366 0.1819850355386734
vt 0.44855302572250366 0.1819850355386734
vt 0.44855302572250366 0.1819850355386734
vt 0.44855302572250366 0.1819850355386734
vt 0.44855302572250366 0.1819850355386734
vt 0.44855302572250366 0.1819850355386734
vt 0.44855302572250366 0.1819850355386734
vt 0.44855302572250366 0.1819850355386734
vt 0.44855302572250366 0.1819850355386734
vt 0.44855302572250366 0.1819850355386734
vt 0.44855302572250366 0.1819850355386734
vt 0.44855302572250366 0.1819850355386734
vt 0.44855302572250366 0.1819850355386734
vt 0.44855302572250366 0.1819850355386734
vt 0.44855302572250366 0.1819850355386734
vt 0.44855302572250366 0.1819850355386734
vt 0.44855302572250366 0.1819850355386734
vt 0.44855302572250366 0.1819850355386734
vt 0.44855302572250366 0.1819850355386734
vt 0.44855302572250366 0.1819850355386734
vt 0.44855302572250366 0.1819850355386734
vt 0.44855302572250366 0.1819850355386734
vt 0.44855302572250366 0.1819850355386734
vt 0.44855302572250366 0.1819850355386734
vt 0.44855302572250366 0.1819850355386734
vt 0.4488506317138672 0.15679489076137543
vt 0.4488506317138672 0.15679489076137543
vt 0.4488506317138672 0.15679489076137543
vt 0.4488506317138672 0.15679489076137543
vt 0.4488506317138672 0.15679489076137543
vt 0.4488506317138672 0.15679489076137543
vt 0.4488506317138672 0.15679489076137543
vt 0.4488506317138672 0.15679489076137543
vt 0.4488506317138672 0.15679489076137543
vt 0.4488506317138672 0.15679489076137543
vt 0.4488506317138672 0.15679489076137543
vt 0.4488506317138672 0.15679489076137543
vt 0.4488506317138672 0.15679489076137543
vt 0.4488506317138672 0.15679489076137543
vt 0.4488506317138672 0.15679489076137543
vt 0.4488506317138672 0.15679489076137543
vt 0.4488506317138672 0.15679489076137543
vt 0.4488506317138672 0.15679489076137543
vt 0.4488506317138672 0.15679489076137543
vt 0.4488506317138672 0.15679489076137543
vt 0.4488506317138672 0.15679489076137543
vt 0.4488506317138672 0.15679489076137543
vt 0.4488506317138672 0.15679489076137543
vt 0.4488506317138672 0.15679489076137543
vt 0.4488506317138672 0.15679489076137543
vt 0.4488506317138672 0.15679489076137543
vt 0.4488506317138672 0.15679489076137543
vt 0.4488506317138672 0.15679489076137543
vt 0.4488506317138672 0.15679489076137543
vt 0.4488506317138672 0.15679489076137543
vt 0.4488506317138672 0.15679489076137543
vt 0.4488506317138672 0.15679489076137543
vt 0.4488506317138672 0.15679489076137543
vt 0.4488506317138672 0.15679489076137543
vt 0.4488506317138672 0.15679489076137543
vt 0.4488506317138672 0.15679489076137543
vt 0.4488506317138672 0.15679489076137543
vt 0.4488506317138672 0.15679489076137543
vt 0.4488506317138672 0.15679489076137543
vt 0.4488506317138672 0.15679489076137543
vt 0.4488506317138672 0.15679489076137543
vt 0.4488506317138672 0.15679489076137543
vt 0.4488506317138672 0.15679489076137543
vt 0.4488506317138672 0.15679489076137543
vt 0.4488506317138672 0.15679489076137543
vt 0.4488506317138672 0.15679489076137543
vt 0.4488506317138672 0.15679489076137543
vt 0.4488506317138672 0.15679489076137543
vt 0.4488506317138672 0.15679489076137543
vt 0.4488506317138672 0.15679489076137543
vt 0.4488506317138672 0.15679489076137543
vt 0.4488506317138672 0.15679489076137543
vt 0.4488506317138672 0.15679489076137543
vt 0.4488506317138672 0.15679489076137543
vt 0.4488506317138672 0.15679489076137543
vt 0.4488506317138672 0.15679489076137543
vt 0.4488506317138672 0.15679489076137543
vt 0.4488506317138672 0.15679489076137543
vt 0.4488506317138672 0.15679489076137543
vt 0.4488506317138672 0.15679489076137543
vt 0.4488506317138672 0.15679489076137543
vt 0.4488506317138672 0.15679489076137543
vt 0.4488506317138672 0.15679489076137543
vt 0.4488506317138672 0.15679489076137543
vt 0.4488506317138672 0.15679489076137543
vt 0.4488506317138672 0.15679489076137543
vt 0.4488506317138672 0.15679489076137543
vt 0.4488506317138672 0.15679489076137543
vt 0.4488506317138672 0.15679489076137543
vt 0.4488506317138672 0.15679489076137543
vt 0.4488506317138672 0.15679489076137543
vt 0.4488506317138672 0.15679489076137543
vt 0.4488506317138672 0.15679489076137543
vt 0.4488506317138672 0.15679489076137543
vt 0.4488506317138672 0.15679489076137543
vt 0.4488506317138672 0.15679489076137543
vt 0.4488506317138672 0.15679489076137543
vt 0.4488506317138672 0.15679489076137543
vt 0.4488506317138672 0.15679489076137543
vt 0.4488506317138672 0.15679489076137543
vt 0.4488506317138672 0.15679489076137543
vt 0.4488506317138672 0.15679489076137543
vt 0.4488506317138672 0.15679489076137543
vt 0.4488506317138672 0.15679489076137543
vt 0.4488506317138672 0.15679489076137543
vt 0.4488506317138672 0.15679489076137543
vt 0.4488506317138672 0.15679489076137543
vt 0.4488506317138672 0.15679489076137543
vt 0.4488506317138672 0.15679489076137543
vt 0.4488506317138672 0.15679489076137543
vt 0.4488506317138672 0.15679489076137543
vt 0.4488506317138672 0.15679489076137543
vt 0.4488506317138672 0.15679489076137543
vt 0.4488506317138672 0.15679489076137543
vt 0.4488506317138672 0.15679489076137543
vt 0.4488506317138672 0.15679489076137543
vt 0.4488506317138672 0.15679489076137543
vt 0.4488506317138672 0.15679489076137543
vt 0.4488506317138672 0.15679489076137543
vt 0.4488506317138672 0.15679489076137543
vt 0.4488506317138672 0.15679489076137543
vt 0.4488506317138672 0.15679489076137543
vt 0.4488506317138672 0.15679489076137543
vt 0.4488506317138672 0.15679489076137543
vt 0.4488506317138672 0.15679489076137543
vt 0.4488506317138672 0.15679489076137543
vt 0.4488506317138672 0.15679489076137543
vt 0.4488506317138672 0.15679489076137543
vt 0.4488506317138672 0.15679489076137543
vt 0.4488506317138672 0.15679489076137543
vt 0.4488506317138672 0.15679489076137543
vt 0.4488506317138672 0.15679489076137543
vt 0.4488506317138672 0.15679489076137543
vt 0.4488506317138672 0.15679489076137543
vt 0.4488506317138672 0.15679489076137543
vt 0.4488506317138672 0.15679489076137543
vt 0.4488506317138672 0.15679489076137543
vt 0.4488506317138672 0.15679489076137543
vt 0.4488506317138672 0.15679489076137543
vt 0.4488506317138672 0.15679489076137543
vt 0.4488506317138672 0.15679489076137543
vt 0.4488506317138672 0.15679489076137543
vt 0.4488506317138672 0.15679489076137543
vt 0.4488506317138672 0.15679489076137543
vt 0.4488506317138672 0.15679489076137543
vt 0.4488506317138672 0.15679489076137543
vt 0.4488506317138672 0.15679489076137543
vt 0.4488506317138672 0.15679489076137543
vt 0.4488506317138672 0.15679489076137543
vt 0.4488506317138672 0.15679489076137543
vt 0.4488506317138672 0.15679489076137543
vt 0.4488506317138672 0.15679489076137543
vt 0.4488506317138672 0.15679489076137543
vt 0.4488506317138672 0.15679489076137543
vt 0.4488506317138672 0.15679489076137543
vt 0.4488506317138672 0.15679489076137543
vt 0.4488506317138672 0.15679489076137543
vt 0.4488506317138672 0.15679489076137543
vt 0.4488506317138672 0.15679489076137543
vt 0.4488506317138672 0.15679489076137543
vt 0.4488506317138672 0.15679489076137543
vt 0.4488506317138672 0.15679489076137543
vt 0.4488506317138672 0.15679489076137543
vt 0.4488506317138672 0.15679489076137543
vt 0.4488506317138672 0.15679489076137543
vt 0.4488506317138672 0.15679489076137543
vt 0.4488506317138672 0.15679489076137543
vt 0.4488506317138672 0.15679489076137543
vt 0.4488506317138672 0.15679489076137543
vt 0.4488506317138672 0.15679489076137543
vt 0.4488506317138672 0.15679489076137543
vt 0.4488506317138672 0.15679489076137543
vt 0.4488506317138672 0.15679489076137543
vt 0.4488506317138672 0.15679489076137543
vt 0.4488506317138672 0.15679489076137543
vt 0.4488506317138672 0.15679489076137543
vt 0.4488506317138672 0.15679489076137543
vt 0.4488506317138672 0.15679489076137543
vt 0.4488506317138672 0.15679489076137543
vt 0.4488506317138672 0.15679489076137543
vt 0.4488506317138672 0.15679489076137543
vt 0.4488506317138672 0.15679489076137543
vt 0.4488506317138672 0.15679489076137543
vt 0.4488506317138672 0.15679489076137543
vt 0.4488506317138672 0.15679489076137543
vt 0.4488506317138672 0.15679489076137543
vt 0.4488506317138672 0.15679489076137543
vt 0.4488506317138672 0.15679489076137543
vt 0.4488506317138672 0.15679489076137543
vt 0.4488506317138672 0.15679489076137543
vt 0.4488506317138672 0.15679489076137543
vt 0.4488506317138672 0.15679489076137543
vt 0.4488506317138672 0.15679489076137543
vt 0.4488506317138672 0.15679489076137543
vt 0.4488506317138672 0.15679489076137543
vt 0.4488506317138672 0.15679489076137543
vt 0.4488506317138672 0.15679489076137543
vt 0.4488506317138672 0.15679489076137543
vt 0.4488506317138672 0.15679489076137543
vt 0.4488506317138672 0.15679489076137543
vt 0.4488506317138672 0.15679489076137543
vt 0.4488506317138672 0.15679489076137543
vt 0.4488506317138672 0.15679489076137543
vt 0.4488506317138672 0.15679489076137543
vt 0.4488506317138672 0.15679489076137543
vt 0.4488506317138672 0.15679489076137543
vt 0.4488506317138672 0.15679489076137543
vt 0.4488506317138672 0.15679489076137543
vt 0.4488506317138672 0.15679489076137543
vt 0.4488506317138672 0.15679489076137543
vt 0.4488506317138672 0.15679489076137543
vt 0.4488506317138672 0.15679489076137543
vt 0.4488506317138672 0.15679489076137543
vt 0.4488506317138672 0.15679489076137543
vt 0.4488506317138672 0.15679489076137543
vt 0.4488506317138672 0.15679489076137543
vt 0.4488506317138672 0.15679489076137543
vt 0.4488506317138672 0.15679489076137543
vt 0.4488506317138672 0.15679489076137543
vt 0.4488506317138672 0.15679489076137543
vt 0.4488506317138672 0.15679489076137543
vt 0.4488506317138672 0.15679489076137543
vt 0.4488506317138672 0.15679489076137543
vt 0.4488506317138672 0.15679489076137543
vt 0.4488506317138672 0.15679489076137543
vt 0.4488506317138672 0.15679489076137543
vt 0.4488506317138672 0.15679489076137543
vt 0.4488506317138672 0.15679489076137543
vt 0.4488506317138672 0.15679489076137543
vt 0.4488506317138672 0.15679489076137543
vt 0.4488506317138672 0.15679489076137543
vt 0.4488506317138672 0.15679489076137543
vt 0.4488506317138672 0.15679489076137543
vt 0.4488506317138672 0.15679489076137543
vt 0.4488506317138672 0.15679489076137543
vt 0.4488506317138672 0.15679489076137543
vt 0.4488506317138672 0.15679489076137543
vt 0.4488506317138672 0.15679489076137543
vt 0.4488506317138672 0.15679489076137543
vt 0.4488506317138672 0.15679489076137543
vt 0.4488506317138672 0.15679489076137543
vt 0.4488506317138672 0.15679489076137543
vt 0.4488506317138672 0.15679489076137543
vt 0.4488506317138672 0.15679489076137543
vt 0.4488506317138672 0.15679489076137543
vt 0.4488506317138672 0.15679489076137543
vt 0.4488506317138672 0.15679489076137543
vt 0.4488506317138672 0.15679489076137543
vt 0.44855302572250366 0.1819850355386734
vt 0.44855302572250366 0.1819850355386734
vt 0.44855302572250366 0.1819850355386734
vt 0.44855302572250366 0.1819850355386734
vt 0.44855302572250366 0.1819850355386734
vt 0.44855302572250366 0.1819850355386734
vt 0.44855302572250366 0.1819850355386734
vt 0.44855302572250366 0.1819850355386734
vt 0.44855302572250366 0.1819850355386734
vt 0.44855302572250366 0.1819850355386734
vt 0.44855302572250366 0.1819850355386734
vt 0.44855302572250366 0.1819850355386734
vt 0.44855302572250366 0.1819850355386734
vt 0.44855302572250366 0.1819850355386734
vt 0.44855302572250366 0.1819850355386734
vt 0.44855302572250366 0.1819850355386734
vt 0.44855302572250366 0.1819850355386734
vt 0.44855302572250366 0.1819850355386734
vt 0.44855302572250366 0.1819850355386734
vt 0.44855302572250366 0.1819850355386734
vt 0.44855302572250366 0.1819850355386734
vt 0.44855302572250366 0.1819850355386734
vt 0.44855302572250366 0.1819850355386734
vt 0.44855302572250366 0.1819850355386734
vt 0.44855302572250366 0.1819850355386734
vt 0.44855302572250366 0.1819850355386734
vt 0.44855302572250366 0.1819850355386734
vt 0.44855302572250366 0.1819850355386734
vt 0.44855302572250366 0.1819850355386734
vt 0.44855302572250366 0.1819850355386734
vt 0.44855302572250366 0.1819850355386734
vt 0.44855302572250366 0.1819850355386734
vt 0.44855302572250366 0.1819850355386734
vt 0.44855302572250366 0.1819850355386734
vt 0.44855302572250366 0.1819850355386734
vt 0.44855302572250366 0.1819850355386734
vt 0.44855302572250366 0.1819850355386734
vt 0.44855302572250366 0.1819850355386734
vt 0.44855302572250366 0.1819850355386734
vt 0.44855302572250366 0.1819850355386734
vt 0.44855302572250366 0.1819850355386734
vt 0.44855302572250366 0.1819850355386734
vt 0.44855302572250366 0.1819850355386734
vt 0.44855302572250366 0.1819850355386734
vt 0.44855302572250366 0.1819850355386734
vt 0.44855302572250366 0.1819850355386734
vt 0.44855302572250366 0.1819850355386734
vt 0.44855302572250366 0.1819850355386734
vt 0.44855302572250366 0.1819850355386734
vt 0.44855302572250366 0.1819850355386734
vt 0.44855302572250366 0.1819850355386734
vt 0.44855302572250366 0.1819850355386734
vt 0.44855302572250366 0.1819850355386734
vt 0.44855302572250366 0.1819850355386734
vt 0.44855302572250366 0.1819850355386734
vt 0.44855302572250366 0.1819850355386734
vt 0.44855302572250366 0.1819850355386734
vt 0.44855302572250366 0.1819850355386734
vt 0.44855302572250366 0.1819850355386734
vt 0.44855302572250366 0.1819850355386734
vt 0.44888418912887573 0.19977504014968872
vt 0.44888418912887573 0.19977504014968872
vt 0.44888418912887573 0.19977504014968872
vt 0.44888418912887573 0.19977504014968872
vt 0.44888418912887573 0.19977504014968872
vt 0.44888418912887573 0.19977504014968872
vt 0.44888418912887573 0.19977504014968872
vt 0.44888418912887573 0.19977504014968872
vt 0.44888418912887573 0.19977504014968872
vt 0.44888418912887573 0.19977504014968872
vt 0.44888418912887573 0.19977504014968872
vt 0.44888418912887573 0.19977504014968872
vt 0.44888418912887573 0.19977504014968872
vt 0.44888418912887573 0.19977504014968872
vt 0.44888418912887573 0.19977504014968872
vt 0.44888418912887573 0.19977504014968872
vt 0.44888418912887573 0.19977504014968872
vt 0.44888418912887573 0.19977504014968872
vt 0.44888418912887573 0.19977504014968872
vt 0.44888418912887573 0.19977504014968872
vt 0.44888418912887573 0.19977504014968872
vt 0.44888418912887573 0.19977504014968872
vt 0.44888418912887573 0.19977504014968872
vt 0.44888418912887573 0.19977504014968872
vt 0.44888418912887573 0.19977504014968872
vt 0.44888418912887573 0.19977504014968872
vt 0.44888418912887573 0.19977504014968872
vt 0.44888418912887573 0.19977504014968872
vt 0.44888418912887573 0.19977504014968872
vt 0.44888418912887573 0.19977504014968872
vt 0.44888418912887573 0.19977504014968872
vt 0.44888418912887573 0.19977504014968872
vt 0.44888418912887573 0.19977504014968872
vt 0.44888418912887573 0.19977504014968872
vt 0.44888418912887573 0.19977504014968872
vt 0.44888418912887573 0.19977504014968872
vt 0.44888418912887573 0.19977504014968872
vt 0.44888418912887573 0.19977504014968872
vt 0.44888418912887573 0.19977504014968872
vt 0.44888418912887573 0.19977504014968872
vt 0.44888418912887573 0.19977504014968872
vt 0.44888418912887573 0.19977504014968872
vt 0.44888418912887573 0.19977504014968872
vt 0.44888418912887573 0.19977504014968872
vt 0.44888418912887573 0.19977504014968872
vt 0.44888418912887573 0.19977504014968872
vt 0.44888418912887573 0.19977504014968872
vt 0.44888418912887573 0.19977504014968872
vt 0.44888418912887573 0.19977504014968872
vt 0.44888418912887573 0.19977504014968872
vt 0.44888418912887573 0.19977504014968872
vt 0.44888418912887573 0.19977504014968872
vt 0.44888418912887573 0.19977504014968872
vt 0.44888418912887573 0.19977504014968872
vt 0.44888418912887573 0.19977504014968872
vt 0.44888418912887573 0.19977504014968872
vt 0.44888418912887573 0.19977504014968872
vt 0.44888418912887573 0.19977504014968872
vt 0.44888418912887573 0.19977504014968872
vt 0.44888418912887573 0.19977504014968872
vt 0.44888418912887573 0.19977504014968872
vt 0.44888418912887573 0.19977504014968872
vt 0.44888418912887573 0.19977504014968872
vt 0.44888418912887573 0.19977504014968872
vt 0.44888418912887573 0.19977504014968872
vt 0.44888418912887573 0.19977504014968872
vt 0.44888418912887573 0.19977504014968872
vt 0.44888418912887573 0.19977504014968872
vt 0.44888418912887573 0.19977504014968872
vt 0.44888418912887573 0.19977504014968872
vt 0.44888418912887573 0.19977504014968872
vt 0.44888418912887573 0.19977504014968872
vt 0.44888418912887573 0.19977504014968872
vt 0.44888418912887573 0.19977504014968872
vt 0.44888418912887573 0.19977504014968872
vt 0.44888418912887573 0.19977504014968872
vt 0.44888418912887573 0.19977504014968872
vt 0.44888418912887573 0.19977504014968872
vt 0.44888418912887573 0.19977504014968872
vt 0.44888418912887573 0.19977504014968872
vt 0.44888418912887573 0.19977504014968872
vt 0.44888418912887573 0.19977504014968872
vt 0.44888418912887573 0.19977504014968872
vt 0.44888418912887573 0.19977504014968872
vt 0.44888418912887573 0.19977504014968872
vt 0.44888418912887573 0.19977504014968872
vt 0.44888418912887573 0.19977504014968872
vt 0.44888418912887573 0.19977504014968872
vt 0.44888418912887573 0.19977504014968872
vt 0.44888418912887573 0.19977504014968872
vt 0.44888418912887573 0.19977504014968872
vt 0.44888418912887573 0.19977504014968872
vt 0.44888418912887573 0.19977504014968872
vt 0.44888418912887573 0.19977504014968872
vt 0.44888418912887573 0.19977504014968872
vt 0.44888418912887573 0.19977504014968872
vt 0.44888418912887573 0.19977504014968872
vt 0.44888418912887573 0.19977504014968872
vt 0.44888418912887573 0.19977504014968872
vt 0.44888418912887573 0.19977504014968872
vt 0.44888418912887573 0.19977504014968872
vt 0.44888418912887573 0.19977504014968872
vt 0.44888418912887573 0.19977504014968872
vt 0.44888418912887573 0.19977504014968872
vt 0.44888418912887573 0.19977504014968872
vt 0.44888418912887573 0.19977504014968872
vt 0.44888418912887573 0.19977504014968872
vt 0.44888418912887573 0.19977504014968872
vt 0.44888418912887573 0.19977504014968872
vt 0.44888418912887573 0.19977504014968872
vt 0.44888418912887573 0.19977504014968872
vt 0.44888418912887573 0.19977504014968872
vt 0.44888418912887573 0.19977504014968872
vt 0.44888418912887573 0.19977504014968872
vt 0.44888418912887573 0.19977504014968872
vt 0.44888418912887573 0.19977504014968872
vt 0.44888418912887573 0.19977504014968872
vt 0.44888418912887573 0.19977504014968872
vt 0.44888418912887573 0.19977504014968872
vt 0.44888418912887573 0.19977504014968872
vt 0.44888418912887573 0.19977504014968872
vt 0.44888418912887573 0.19977504014968872
vt 0.44888418912887573 0.19977504014968872
vt 0.44888418912887573 0.19977504014968872
vt 0.44888418912887573 0.19977504014968872
vt 0.44888418912887573 0.19977504014968872
vt 0.44888418912887573 0.19977504014968872
vt 0.44888418912887573 0.19977504014968872
vt 0.44888418912887573 0.19977504014968872
vt 0.44888418912887573 0.19977504014968872
vt 0.44888418912887573 0.19977504014968872
vt 0.44888418912887573 0.19977504014968872
vt 0.44888418912887573 0.19977504014968872
vt 0.44888418912887573 0.19977504014968872
vt 0.44888418912887573 0.19977504014968872
vt 0.44888418912887573 0.19977504014968872
vt 0.44888418912887573 0.19977504014968872
vt 0.44888418912887573 0.19977504014968872
vt 0.44888418912887573 0.19977504014968872
vt 0.44888418912887573 0.19977504014968872
vt 0.44888418912887573 0.19977504014968872
vt 0.44888418912887573 0.19977504014968872
vt 0.44888418912887573 0.19977504014968872
vt 0.44888418912887573 0.19977504014968872
vt 0.44888418912887573 0.19977504014968872
vt 0.44888418912887573 0.19977504014968872
vt 0.44888418912887573 0.19977504014968872
vt 0.44888418912887573 0.19977504014968872
vt 0.44888418912887573 0.19977504014968872
vt 0.44888418912887573 0.19977504014968872
vt 0.44888418912887573 0.19977504014968872
vt 0.44888418912887573 0.19977504014968872
vt 0.44888418912887573 0.19977504014968872
vt 0.44888418912887573 0.19977504014968872
vt 0.44888418912887573 0.19977504014968872
vt 0.44888418912887573 0.19977504014968872
vt 0.44888418912887573 0.19977504014968872
vt 0.44888418912887573 0.19977504014968872
vt 0.44888418912887573 0.19977504014968872
vt 0.44888418912887573 0.19977504014968872
vt 0.44888418912887573 0.19977504014968872
vt 0.44888418912887573 0.19977504014968872
vt 0.44888418912887573 0.19977504014968872
vt 0.44888418912887573 0.19977504014968872
vt 0.44888418912887573 0.19977504014968872
vt 0.44888418912887573 0.19977504014968872
vt 0.44888418912887573 0.19977504014968872
vt 0.44888418912887573 0.19977504014968872
vt 0.44888418912887573 0.19977504014968872
vt 0.44888418912887573 0.19977504014968872
vt 0.44888418912887573 0.19977504014968872
vt 0.44888418912887573 0.19977504014968872
vt 0.44888418912887573 0.19977504014968872
vt 0.44888418912887573 0.19977504014968872
vt 0.44888418912887573 0.19977504014968872
vt 0.44888418912887573 0.19977504014968872
vt 0.44888418912887573 0.19977504014968872
vt 0.44888418912887573 0.19977504014968872
vt 0.44888418912887573 0.19977504014968872
vt 0.44888418912887573 0.19977504014968872
vt 0.44888418912887573 0.19977504014968872
vt 0.44888418912887573 0.19977504014968872
vt 0.44888418912887573 0.19977504014968872
vt 0.44888418912887573 0.19977504014968872
vt 0.44888418912887573 0.19977504014968872
vt 0.44888418912887573 0.19977504014968872
vt 0.44888418912887573 0.19977504014968872
vt 0.44888418912887573 0.19977504014968872
vt 0.44888418912887573 0.19977504014968872
vt 0.44888418912887573 0.19977504014968872
vt 0.44888418912887573 0.19977504014968872
vt 0.44888418912887573 0.19977504014968872
vt 0.44888418912887573 0.19977504014968872
vt 0.44888418912887573 0.19977504014968872
vt 0.44888418912887573 0.19977504014968872
vt 0.44888418912887573 0.19977504014968872
vt 0.44888418912887573 0.19977504014968872
vt 0.44888418912887573 0.19977504014968872
vt 0.44888418912887573 0.19977504014968872
vt 0.44888418912887573 0.19977504014968872
vt 0.44888418912887573 0.19977504014968872
vt 0.44888418912887573 0.19977504014968872
vt 0.44888418912887573 0.19977504014968872
vt 0.44888418912887573 0.19977504014968872
vt 0.44888418912887573 0.19977504014968872
vt 0.44888418912887573 0.19977504014968872
vt 0.44888418912887573 0.19977504014968872
vt 0.44888418912887573 0.19977504014968872
vt 0.44888418912887573 0.19977504014968872
vt 0.44888418912887573 0.19977504014968872
vt 0.44888418912887573 0.19977504014968872
vt 0.44888418912887573 0.19977504014968872
vt 0.44888418912887573 0.19977504014968872
vt 0.44888418912887573 0.19977504014968872
vt 0.44888418912887573 0.19977504014968872
vt 0.44888418912887573 0.19977504014968872
vt 0.44888418912887573 0.19977504014968872
vt 0.44888418912887573 0.19977504014968872
vt 0.44888418912887573 0.19977504014968872
vt 0.44888418912887573 0.19977504014968872
vt 0.44888418912887573 0.19977504014968872
vt 0.44888418912887573 0.19977504014968872
vt 0.44888418912887573 0.19977504014968872
vt 0.44888418912887573 0.19977504014968872
vt 0.44888418912887573 0.19977504014968872
vt 0.44888418912887573 0.19977504014968872
vt 0.44888418912887573 0.19977504014968872
vt 0.44888418912887573 0.19977504014968872
vt 0.44888418912887573 0.19977504014968872
vt 0.44888418912887573 0.19977504014968872
vt 0.44888418912887573 0.19977504014968872
vt 0.44888418912887573 0.19977504014968872
vt 0.44888418912887573 0.19977504014968872
vt 0.44888418912887573 0.19977504014968872
vt 0.44888418912887573 0.19977504014968872
vt 0.44888418912887573 0.19977504014968872
vt 0.44888418912887573 0.19977504014968872
vt 0.44888418912887573 0.19977504014968872
vt 0.44888418912887573 0.19977504014968872
vt 0.44888418912887573 0.19977504014968872
vt 0.44888418912887573 0.19977504014968872
vt 0.44888418912887573 0.19977504014968872
vt 0.44888418912887573 0.19977504014968872
vt 0.44888418912887573 0.19977504014968872
vt 0.44888418912887573 0.19977504014968872
vt 0.44888418912887573 0.19977504014968872
vt 0.44888418912887573 0.19977504014968872
vt 0.44888418912887573 0.19977504014968872
vt 0.44888418912887573 0.19977504014968872
vt 0.44888418912887573 0.19977504014968872
vt 0.44888418912887573 0.19977504014968872
vt 0.44888418912887573 0.19977504014968872
vt 0.44888418912887573 0.19977504014968872
vt 0.44888418912887573 0.19977504014968872
vt 0.44888418912887573 0.19977504014968872
vt 0.44888418912887573 0.19977504014968872
vt 0.44888418912887573 0.19977504014968872
vt 0.44888418912887573 0.19977504014968872
vt 0.44888418912887573 0.19977504014968872
vt 0.44888418912887573 0.19977504014968872
vt 0.44888418912887573 0.19977504014968872
vt 0.44888418912887573 0.19977504014968872
vt 0.44888418912887573 0.19977504014968872
vt 0.44888418912887573 0.19977504014968872
vt 0.44888418912887573 0.19977504014968872
vt 0.44888418912887573 0.19977504014968872
vt 0.44888418912887573 0.19977504014968872
vt 0.44888418912887573 0.19977504014968872
vt 0.44888418912887573 0.19977504014968872
vt 0.44888418912887573 0.19977504014968872
vt 0.44888418912887573 0.19977504014968872
vt 0.44888418912887573 0.19977504014968872
vt 0.44888418912887573 0.19977504014968872
vt 0.44888418912887573 0.19977504014968872
vt 0.44888418912887573 0.19977504014968872
vt 0.44888418912887573 0.19977504014968872
vt 0.44888418912887573 0.19977504014968872
vt 0.44888418912887573 0.19977504014968872
vt 0.44888418912887573 0.19977504014968872
vt 0.44888418912887573 0.19977504014968872
vt 0.44888418912887573 0.19977504014968872
vt 0.44888418912887573 0.19977504014968872
vt 0.44888418912887573 0.19977504014968872
vt 0.44888418912887573 0.19977504014968872
vt 0.44888418912887573 0.19977504014968872
vt 0.44888418912887573 0.19977504014968872
vt 0.44888418912887573 0.19977504014968872
vt 0.44888418912887573 0.19977504014968872
vt 0.44941189885139465 0.15441590547561646
vt 0.44941189885139465 0.15441590547561646
vt 0.44941189885139465 0.15441590547561646
vt 0.44941189885139465 0.15441590547561646
vt 0.44941189885139465 0.15441590547561646
vt 0.44941189885139465 0.15441590547561646
vt 0.44941189885139465 0.15441590547561646
vt 0.44941189885139465 0.15441590547561646
vt 0.44941189885139465 0.15441590547561646
vt 0.44941189885139465 0.15441590547561646
vt 0.44941189885139465 0.15441590547561646
vt 0.44941189885139465 0.15441590547561646
vt 0.44941189885139465 0.15441590547561646
vt 0.44941189885139465 0.15441590547561646
vt 0.44941189885139465 0.15441590547561646
vt 0.44941189885139465 0.15441590547561646
vt 0.44941189885139465 0.15441590547561646
vt 0.44941189885139465 0.15441590547561646
vt 0.44941189885139465 0.15441590547561646
vt 0.44941189885139465 0.15441590547561646
vt 0.44941189885139465 0.15441590547561646
vt 0.44941189885139465 0.15441590547561646
vt 0.44941189885139465 0.15441590547561646
vt 0.44941189885139465 0.15441590547561646
vt 0.44941189885139465 0.15441590547561646
vt 0.44941189885139465 0.15441590547561646
vt 0.44941189885139465 0.15441590547561646
vt 0.44941189885139465 0.15441590547561646
vt 0.44941189885139465 0.15441590547561646
vt 0.44941189885139465 0.15441590547561646
vt 0.44941189885139465 0.15441590547561646
vt 0.44941189885139465 0.15441590547561646
vt 0.44941189885139465 0.15441590547561646
vt 0.44941189885139465 0.15441590547561646
vt 0.44941189885139465 0.15441590547561646
vt 0.44941189885139465 0.15441590547561646
vt 0.44941189885139465 0.15441590547561646
vt 0.44941189885139465 0.15441590547561646
vt 0.44941189885139465 0.15441590547561646
vt 0.44941189885139465 0.15441590547561646
vt 0.44941189885139465 0.15441590547561646
vt 0.44941189885139465 0.15441590547561646
vt 0.44941189885139465 0.15441590547561646
vt 0.44941189885139465 0.15441590547561646
vt 0.44941189885139465 0.15441590547561646
vt 0.44941189885139465 0.15441590547561646
vt 0.44941189885139465 0.15441590547561646
vt 0.44941189885139465 0.15441590547561646
vt 0.44941189885139465 0.15441590547561646
vt 0.44941189885139465 0.15441590547561646
vt 0.44941189885139465 0.15441590547561646
vt 0.44941189885139465 0.15441590547561646
vt 0.44941189885139465 0.15441590547561646
vt 0.44941189885139465 0.15441590547561646
vt 0.44941189885139465 0.15441590547561646
vt 0.44941189885139465 0.15441590547561646
vt 0.44941189885139465 0.15441590547561646
vt 0.44941189885139465 0.15441590547561646
vt 0.44941189885139465 0.15441590547561646
vt 0.44941189885139465 0.15441590547561646
vt 0.44941189885139465 0.15441590547561646
vt 0.44941189885139465 0.15441590547561646
vt 0.44941189885139465 0.15441590547561646
vt 0.44941189885139465 0.15441590547561646
vt 0.44941189885139465 0.15441590547561646
vt 0.44941189885139465 0.15441590547561646
vt 0.44941189885139465 0.15441590547561646
vt 0.44941189885139465 0.15441590547561646
vt 0.44941189885139465 0.15441590547561646
vt 0.44941189885139465 0.15441590547561646
vt 0.44941189885139465 0.15441590547561646
vt 0.44941189885139465 0.15441590547561646
vt 0.44941189885139465 0.15441590547561646
vt 0.44941189885139465 0.15441590547561646
vt 0.44941189885139465 0.15441590547561646
vt 0.44941189885139465 0.15441590547561646
vt 0.44941189885139465 0.15441590547561646
vt 0.44941189885139465 0.15441590547561646
vt 0.44941189885139465 0.15441590547561646
vt 0.44941189885139465 0.15441590547561646
vt 0.44941189885139465 0.15441590547561646
vt 0.44941189885139465 0.15441590547561646
vt 0.44941189885139465 0.15441590547561646
vt 0.44941189885139465 0.15441590547561646
vt 0.44941189885139465 0.15441590547561646
vt 0.44941189885139465 0.15441590547561646
vt 0.44941189885139465 0.15441590547561646
vt 0.44941189885139465 0.15441590547561646
vt 0.44941189885139465 0.15441590547561646
vt 0.44941189885139465 0.15441590547561646
vt 0.44941189885139465 0.15441590547561646
vt 0.44941189885139465 0.15441590547561646
vt 0.44941189885139465 0.15441590547561646
vt 0.44941189885139465 0.15441590547561646
vt 0.44941189885139465 0.15441590547561646
vt 0.44941189885139465 0.15441590547561646
vt 0.44941189885139465 0.15441590547561646
vt 0.44941189885139465 0.15441590547561646
vt 0.44941189885139465 0.15441590547561646
vt 0.44941189885139465 0.15441590547561646
vt 0.44941189885139465 0.15441590547561646
vt 0.44941189885139465 0.15441590547561646
vt 0.44941189885139465 0.15441590547561646
vt 0.44941189885139465 0.15441590547561646
vt 0.44941189885139465 0.15441590547561646
vt 0.44941189885139465 0.15441590547561646
vt 0.44941189885139465 0.15441590547561646
vt 0.44941189885139465 0.15441590547561646
vt 0.44941189885139465 0.15441590547561646
vt 0.44941189885139465 0.15441590547561646
vt 0.44941189885139465 0.15441590547561646
vt 0.44941189885139465 0.15441590547561646
vt 0.44941189885139465 0.15441590547561646
vt 0.44941189885139465 0.15441590547561646
vt 0.44941189885139465 0.15441590547561646
vt 0.44941189885139465 0.15441590547561646
vt 0.44941189885139465 0.15441590547561646
vt 0.44941189885139465 0.15441590547561646
vt 0.44941189885139465 0.15441590547561646
vt 0.44941189885139465 0.15441590547561646
vt 0.44941189885139465 0.15441590547561646
vt 0.44941189885139465 0.15441590547561646
vt 0.44941189885139465 0.15441590547561646
vt 0.44941189885139465 0.15441590547561646
vt 0.44941189885139465 0.15441590547561646
vt 0.44941189885139465 0.15441590547561646
vt 0.44941189885139465 0.15441590547561646
vt 0.44941189885139465 0.15441590547561646
vt 0.44941189885139465 0.15441590547561646
vt 0.44941189885139465 0.15441590547561646
vt 0.44941189885139465 0.15441590547561646
vt 0.44941189885139465 0.15441590547561646
vt 0.44941189885139465 0.15441590547561646
vt 0.44941189885139465 0.15441590547561646
vt 0.44941189885139465 0.15441590547561646
vt 0.44941189885139465 0.15441590547561646
vt 0.44941189885139465 0.15441590547561646
vt 0.44941189885139465 0.15441590547561646
vt 0.44941189885139465 0.15441590547561646
vt 0.44941189885139465 0.15441590547561646
vt 0.44941189885139465 0.15441590547561646
vt 0.44941189885139465 0.15441590547561646
vt 0.44941189885139465 0.15441590547561646
vt 0.44941189885139465 0.15441590547561646
vt 0.44941189885139465 0.15441590547561646
vt 0.44941189885139465 0.15441590547561646
vt 0.44941189885139465 0.15441590547561646
vt 0.44941189885139465 0.15441590547561646
vt 0.44941189885139465 0.15441590547561646
vt 0.44941189885139465 0.15441590547561646
vt 0.44941189885139465 0.15441590547561646
vt 0.44941189885139465 0.15441590547561646
vt 0.44941189885139465 0.15441590547561646
vt 0.44941189885139465 0.15441590547561646
vt 0.44941189885139465 0.15441590547561646
vt 0.44941189885139465 0.15441590547561646
vt 0.44941189885139465 0.15441590547561646
vt 0.44941189885139465 0.15441590547561646
vt 0.44941189885139465 0.15441590547561646
vt 0.44941189885139465 0.15441590547561646
vt 0.44941189885139465 0.15441590547561646
vt 0.44941189885139465 0.15441590547561646
usemtl lambert696
f 1/1/1 2/2/2 3/3/3
f 4/4/4 5/5/5 6/6/6
f 7/7/7 8/8/8 9/9/9
f 10/10/10 11/11/11 12/12/12
f 13/13/13 14/14/14 15/15/15
f 16/16/16 17/17/17 18/18/18
f 19/19/19 20/20/20 21/21/21
f 22/22/22 23/23/23 24/24/24
f 25/25/25 26/26/26 27/27/27
f 28/28/28 29/29/29 30/30/30
f 31/31/31 32/32/32 33/33/33
f 34/34/34 35/35/35 36/36/36
f 37/37/37 38/38/38 39/39/39
f 40/40/40 41/41/41 42/42/42
f 43/43/43 44/44/44 45/45/45
f 46/46/46 47/47/47 48/48/48
f 49/49/49 50/50/50 51/51/51
f 52/52/52 53/53/53 54/54/54
f 55/55/55 56/56/56 57/57/57
f 58/58/58 59/59/59 60/60/60
f 61/61/61 62/62/62 63/63/63
f 64/64/64 65/65/65 66/66/66
f 67/67/67 68/68/68 69/69/69
f 70/70/70 71/71/71 72/72/72
f 73/73/73 74/74/74 75/75/75
f 76/76/76 77/77/77 78/78/78
f 79/79/79 80/80/80 81/81/81
f 82/82/82 83/83/83 84/84/84
f 85/85/85 86/86/86 87/87/87
f 88/88/88 89/89/89 90/90/90
f 91/91/91 92/92/92 93/93/93
f 94/94/94 95/95/95 96/96/96
f 97/97/97 98/98/98 99/99/99
f 100/100/100 101/101/101 102/102/102
f 103/103/103 104/104/104 105/105/105
f 106/106/106 107/107/107 108/108/108
f 109/109/109 110/110/110 111/111/111
f 112/112/112 113/113/113 114/114/114
f 115/115/115 116/116/116 117/117/117
f 118/118/118 119/119/119 120/120/120
f 121/121/121 122/122/122 123/123/123
f 124/124/124 125/125/125 126/126/126
f 127/127/127 128/128/128 129/129/129
f 130/130/130 131/131/131 132/132/132
f 133/133/133 134/134/134 135/135/135
f 136/136/136 137/137/137 138/138/138
f 139/139/139 140/140/140 141/141/141
f 142/142/142 143/143/143 144/144/144
f 145/145/145 146/146/146 147/147/147
f 148/148/148 149/149/149 150/150/150
f 151/151/151 152/152/152 153/153/153
f 154/154/154 155/155/155 156/156/156
f 157/157/157 158/158/158 159/159/159
f 160/160/160 161/161/161 162/162/162
f 163/163/163 164/164/164 165/165/165
f 166/166/166 167/167/167 168/168/168
f 169/169/169 170/170/170 171/171/171
f 172/172/172 173/173/173 174/174/174
f 175/175/175 176/176/176 177/177/177
f 178/178/178 179/179/179 180/180/180
f 181/181/181 182/182/182 183/183/183
f 184/184/184 185/185/185 186/186/186
f 187/187/187 188/188/188 189/189/189
f 190/190/190 191/191/191 192/192/192
f 193/193/193 194/194/194 195/195/195
f 196/196/196 197/197/197 198/198/198
f 199/199/199 200/200/200 201/201/201
f 202/202/202 203/203/203 204/204/204
f 205/205/205 206/206/206 207/207/207
f 208/208/208 209/209/209 210/210/210
f 211/211/211 212/212/212 213/213/213
f 214/214/214 215/215/215 216/216/216
f 217/217/217 218/218/218 219/219/219
f 220/220/220 221/221/221 222/222/222
f 223/223/223 224/224/224 225/225/225
f 226/226/226 227/227/227 228/228/228
f 229/229/229 230/230/230 231/231/231
f 232/232/232 233/233/233 234/234/234
f 235/235/235 236/236/236 237/237/237
f 238/238/238 239/239/239 240/240/240
f 241/241/241 242/242/242 243/243/243
f 244/244/244 245/245/245 246/246/246
f 247/247/247 248/248/248 249/249/249
f 250/250/250 251/251/251 252/252/252
f 253/253/253 254/254/254 255/255/255
f 256/256/256 257/257/257 258/258/258
f 259/259/259 260/260/260 261/261/261
f 262/262/262 263/263/263 264/264/264
f 265/265/265 266/266/266 267/267/267
f 268/268/268 269/269/269 270/270/270
f 271/271/271 272/272/272 273/273/273
f 274/274/274 275/275/275 276/276/276
f 277/277/277 278/278/278 279/279/279
f 280/280/280 281/281/281 282/282/282
f 283/283/283 284/284/284 285/285/285
f 286/286/286 287/287/287 288/288/288
f 289/289/289 290/290/290 291/291/291
f 292/292/292 293/293/293 294/294/294
f 295/295/295 296/296/296 297/297/297
f 298/298/298 299/299/299 300/300/300
f 301/301/301 302/302/302 303/303/303
f 304/304/304 305/305/305 306/306/306
f 307/307/307 308/308/308 309/309/309
f 310/310/310 311/311/311 312/312/312
f 313/313/313 314/314/314 315/315/315
f 316/316/316 317/317/317 318/318/318
f 319/319/319 320/320/320 321/321/321
f 322/322/322 323/323/323 324/324/324
f 325/325/325 326/326/326 327/327/327
f 328/328/328 329/329/329 330/330/330
f 331/331/331 332/332/332 333/333/333
f 334/334/334 335/335/335 336/336/336
f 337/337/337 338/338/338 339/339/339
f 340/340/340 341/341/341 342/342/342
f 343/343/343 344/344/344 345/345/345
f 346/346/346 347/347/347 348/348/348
f 349/349/349 350/350/350 351/351/351
f 352/352/352 353/353/353 354/354/354
f 355/355/355 356/356/356 357/357/357
f 358/358/358 359/359/359 360/360/360
f 361/361/361 362/362/362 363/363/363
f 364/364/364 365/365/365 366/366/366
f 367/367/367 368/368/368 369/369/369
f 370/370/370 371/371/371 372/372/372
f 373/373/373 374/374/374 375/375/375
f 376/376/376 377/377/377 378/378/378
f 379/379/379 380/380/380 381/381/381
f 382/382/382 383/383/383 384/384/384
f 385/385/385 386/386/386 387/387/387
f 388/388/388 389/389/389 390/390/390
f 391/391/391 392/392/392 393/393/393
f 394/394/394 395/395/395 396/396/396
f 397/397/397 398/398/398 399/399/399
f 400/400/400 401/401/401 402/402/402
f 403/403/403 404/404/404 405/405/405
f 406/406/406 407/407/407 408/408/408
f 409/409/409 410/410/410 411/411/411
f 412/412/412 413/413/413 414/414/414
f 415/415/415 416/416/416 417/417/417
f 418/418/418 419/419/419 420/420/420
f 421/421/421 422/422/422 423/423/423
f 424/424/424 425/425/425 426/426/426
f 427/427/427 428/428/428 429/429/429
f 430/430/430 431/431/431 432/432/432
f 433/433/433 434/434/434 435/435/435
f 436/436/436 437/437/437 438/438/438
f 439/439/439 440/440/440 441/441/441
f 442/442/442 443/443/443 444/444/444
f 445/445/445 446/446/446 447/447/447
f 448/448/448 449/449/449 450/450/450
f 451/451/451 452/452/452 453/453/453
f 454/454/454 455/455/455 456/456/456
f 457/457/457 458/458/458 459/459/459
f 460/460/460 461/461/461 462/462/462
f 463/463/463 464/464/464 465/465/465
f 466/466/466 467/467/467 468/468/468
f 469/469/469 470/470/470 471/471/471
f 472/472/472 473/473/473 474/474/474
f 475/475/475 476/476/476 477/477/477
f 478/478/478 479/479/479 480/480/480
f 481/481/481 482/482/482 483/483/483
f 484/484/484 485/485/485 486/486/486
f 487/487/487 488/488/488 489/489/489
f 490/490/490 491/491/491 492/492/492
f 493/493/493 494/494/494 495/495/495
f 496/496/496 497/497/497 498/498/498
f 499/499/499 500/500/500 501/501/501
f 502/502/502 503/503/503 504/504/504
f 505/505/505 506/506/506 507/507/507
f 508/508/508 509/509/509 510/510/510
f 511/511/511 512/512/512 513/513/513
f 514/514/514 515/515/515 516/516/516
f 517/517/517 518/518/518 519/519/519
f 520/520/520 521/521/521 522/522/522
f 523/523/523 524/524/524 525/525/525
f 526/526/526 527/527/527 528/528/528
f 529/529/529 530/530/530 531/531/531
f 532/532/532 533/533/533 534/534/534
f 535/535/535 536/536/536 537/537/537
f 538/538/538 539/539/539 540/540/540
f 541/541/541 542/542/542 543/543/543
f 544/544/544 545/545/545 546/546/546
f 547/547/547 548/548/548 549/549/549
f 550/550/550 551/551/551 552/552/552
f 553/553/553 554/554/554 555/555/555
f 556/556/556 557/557/557 558/558/558
f 559/559/559 560/560/560 561/561/561
f 562/562/562 563/563/563 564/564/564
f 565/565/565 566/566/566 567/567/567
f 568/568/568 569/569/569 570/570/570
f 571/571/571 572/572/572 573/573/573
f 574/574/574 575/575/575 576/576/576
f 577/577/577 578/578/578 579/579/579
f 580/580/580 581/581/581 582/582/582
f 583/583/583 584/584/584 585/585/585
f 586/586/586 587/587/587 588/588/588
f 589/589/589 590/590/590 591/591/591
f 592/592/592 593/593/593 594/594/594
f 595/595/595 596/596/596 597/597/597
f 598/598/598 599/599/599 600/600/600
f 601/601/601 602/602/602 603/603/603
f 604/604/604 605/605/605 606/606/606
f 607/607/607 608/608/608 609/609/609
f 610/610/610 611/611/611 612/612/612
f 613/613/613 614/614/614 615/615/615
f 616/616/616 617/617/617 618/618/618
f 619/619/619 620/620/620 621/621/621
f 622/622/622 623/623/623 624/624/624
f 625/625/625 626/626/626 627/627/627
f 628/628/628 629/629/629 630/630/630
f 631/631/631 632/632/632 633/633/633
f 634/634/634 635/635/635 636/636/636
f 637/637/637 638/638/638 639/639/639
f 640/640/640 641/641/641 642/642/642
f 643/643/643 644/644/644 645/645/645
f 646/646/646 647/647/647 648/648/648
f 649/649/649 650/650/650 651/651/651
f 652/652/652 653/653/653 654/654/654
f 655/655/655 656/656/656 657/657/657
f 658/658/658 659/659/659 660/660/660
f 661/661/661 662/662/662 663/663/663
f 664/664/664 665/665/665 666/666/666
f 667/667/667 668/668/668 669/669/669
f 670/670/670 671/671/671 672/672/672
f 673/673/673 674/674/674 675/675/675
f 676/676/676 677/677/677 678/678/678
f 679/679/679 680/680/680 681/681/681
f 682/682/682 683/683/683 684/684/684
f 685/685/685 686/686/686 687/687/687
f 688/688/688 689/689/689 690/690/690
f 691/691/691 692/692/692 693/693/693
f 694/694/694 695/695/695 696/696/696
f 697/697/697 698/698/698 699/699/699
f 700/700/700 701/701/701 702/702/702
f 703/703/703 704/704/704 705/705/705
f 706/706/706 707/707/707 708/708/708
f 709/709/709 710/710/710 711/711/711
f 712/712/712 713/713/713 714/714/714
f 715/715/715 716/716/716 717/717/717
f 718/718/718 719/719/719 720/720/720
f 721/721/721 722/722/722 723/723/723
f 724/724/724 725/725/725 726/726/726
f 727/727/727 728/728/728 729/729/729
f 730/730/730 731/731/731 732/732/732
f 733/733/733 734/734/734 735/735/735
f 736/736/736 737/737/737 738/738/738
f 739/739/739 740/740/740 741/741/741
f 742/742/742 743/743/743 744/744/744
f 745/745/745 746/746/746 747/747/747
f 748/748/748 749/749/749 750/750/750
f 751/751/751 752/752/752 753/753/753
f 754/754/754 755/755/755 756/756/756
f 757/757/757 758/758/758 759/759/759
f 760/760/760 761/761/761 762/762/762
f 763/763/763 764/764/764 765/765/765
f 766/766/766 767/767/767 768/768/768
f 769/769/769 770/770/770 771/771/771
f 772/772/772 773/773/773 774/774/774
f 775/775/775 776/776/776 777/777/777
f 778/778/778 779/779/779 780/780/780
f 781/781/781 782/782/782 783/783/783
f 784/784/784 785/785/785 786/786/786
f 787/787/787 788/788/788 789/789/789
f 790/790/790 791/791/791 792/792/792
f 793/793/793 794/794/794 795/795/795
f 796/796/796 797/797/797 798/798/798
f 799/799/799 800/800/800 801/801/801
f 802/802/802 803/803/803 804/804/804
f 805/805/805 806/806/806 807/807/807
f 808/808/808 809/809/809 810/810/810
f 811/811/811 812/812/812 813/813/813
f 814/814/814 815/815/815 816/816/816
f 817/817/817 818/818/818 819/819/819
f 820/820/820 821/821/821 822/822/822
f 823/823/823 824/824/824 825/825/825
f 826/826/826 827/827/827 828/828/828
f 829/829/829 830/830/830 831/831/831
f 832/832/832 833/833/833 834/834/834
f 835/835/835 836/836/836 837/837/837
f 838/838/838 839/839/839 840/840/840
f 841/841/841 842/842/842 843/843/843
f 844/844/844 845/845/845 846/846/846
f 847/847/847 848/848/848 849/849/849
f 850/850/850 851/851/851 852/852/852
f 853/853/853 854/854/854 855/855/855
f 856/856/856 857/857/857 858/858/858
f 859/859/859 860/860/860 861/861/861
f 862/862/862 863/863/863 864/864/864
f 865/865/865 866/866/866 867/867/867
f 868/868/868 869/869/869 870/870/870
f 871/871/871 872/872/872 873/873/873
f 874/874/874 875/875/875 876/876/876
f 877/877/877 878/878/878 879/879/879
f 880/880/880 881/881/881 882/882/882
f 883/883/883 884/884/884 885/885/885
f 886/886/886 887/887/887 888/888/888
f 889/889/889 890/890/890 891/891/891
f 892/892/892 893/893/893 894/894/894
f 895/895/895 896/896/896 897/897/897
f 898/898/898 899/899/899 900/900/900
f 901/901/901 902/902/902 903/903/903
f 904/904/904 905/905/905 906/906/906
f 907/907/907 908/908/908 909/909/909
f 910/910/910 911/911/911 912/912/912
f 913/913/913 914/914/914 915/915/915
f 916/916/916 917/917/917 918/918/918
f 919/919/919 920/920/920 921/921/921
f 922/922/922 923/923/923 924/924/924
f 925/925/925 926/926/926 927/927/927
f 928/928/928 929/929/929 930/930/930
f 931/931/931 932/932/932 933/933/933
f 934/934/934 935/935/935 936/936/936
f 937/937/937 938/938/938 939/939/939
f 940/940/940 941/941/941 942/942/942
f 943/943/943 944/944/944 945/945/945
f 946/946/946 947/947/947 948/948/948
f 949/949/949 950/950/950 951/951/951
f 952/952/952 953/953/953 954/954/954
f 955/955/955 956/956/956 957/957/957
f 958/958/958 959/959/959 960/960/960
f 961/961/961 962/962/962 963/963/963
f 964/964/964 965/965/965 966/966/966
f 967/967/967 968/968/968 969/969/969
f 970/970/970 971/971/971 972/972/972
f 973/973/973 974/974/974 975/975/975
f 976/976/976 977/977/977 978/978/978
f 979/979/979 980/980/980 981/981/981
f 982/982/982 983/983/983 984/984/984
f 985/985/985 986/986/986 987/987/987
f 988/988/988 989/989/989 990/990/990
f 991/991/991 992/992/992 993/993/993
f 994/994/994 995/995/995 996/996/996
f 997/997/997 998/998/998 999/999/999
f 1000/1000/1000 1001/1001/1001 1002/1002/1002
f 1003/1003/1003 1004/1004/1004 1005/1005/1005
f 1006/1006/1006 1007/1007/1007 1008/1008/1008
f 1009/1009/1009 1010/1010/1010 1011/1011/1011
f 1012/1012/1012 1013/1013/1013 1014/1014/1014
f 1015/1015/1015 1016/1016/1016 1017/1017/1017
f 1018/1018/1018 1019/1019/1019 1020/1020/1020
f 1021/1021/1021 1022/1022/1022 1023/1023/1023
f 1024/1024/1024 1025/1025/1025 1026/1026/1026
f 1027/1027/1027 1028/1028/1028 1029/1029/1029
f 1030/1030/1030 1031/1031/1031 1032/1032/1032
f 1033/1033/1033 1034/1034/1034 1035/1035/1035
f 1036/1036/1036 1037/1037/1037 1038/1038/1038
f 1039/1039/1039 1040/1040/1040 1041/1041/1041
f 1042/1042/1042 1043/1043/1043 1044/1044/1044
f 1045/1045/1045 1046/1046/1046 1047/1047/1047
f 1048/1048/1048 1049/1049/1049 1050/1050/1050
f 1051/1051/1051 1052/1052/1052 1053/1053/1053
f 1054/1054/1054 1055/1055/1055 1056/1056/1056
f 1057/1057/1057 1058/1058/1058 1059/1059/1059
f 1060/1060/1060 1061/1061/1061 1062/1062/1062
f 1063/1063/1063 1064/1064/1064 1065/1065/1065
f 1066/1066/1066 1067/1067/1067 1068/1068/1068
f 1069/1069/1069 1070/1070/1070 1071/1071/1071
f 1072/1072/1072 1073/1073/1073 1074/1074/1074
f 1075/1075/1075 1076/1076/1076 1077/1077/1077
f 1078/1078/1078 1079/1079/1079 1080/1080/1080
f 1081/1081/1081 1082/1082/1082 1083/1083/1083
f 1084/1084/1084 1085/1085/1085 1086/1086/1086
f 1087/1087/1087 1088/1088/1088 1089/1089/1089
f 1090/1090/1090 1091/1091/1091 1092/1092/1092
f 1093/1093/1093 1094/1094/1094 1095/1095/1095
f 1096/1096/1096 1097/1097/1097 1098/1098/1098
f 1099/1099/1099 1100/1100/1100 1101/1101/1101
f 1102/1102/1102 1103/1103/1103 1104/1104/1104
f 1105/1105/1105 1106/1106/1106 1107/1107/1107
f 1108/1108/1108 1109/1109/1109 1110/1110/1110
f 1111/1111/1111 1112/1112/1112 1113/1113/1113
f 1114/1114/1114 1115/1115/1115 1116/1116/1116
f 1117/1117/1117 1118/1118/1118 1119/1119/1119
f 1120/1120/1120 1121/1121/1121 1122/1122/1122
f 1123/1123/1123 1124/1124/1124 1125/1125/1125
f 1126/1126/1126 1127/1127/1127 1128/1128/1128
f 1129/1129/1129 1130/1130/1130 1131/1131/1131
f 1132/1132/1132 1133/1133/1133 1134/1134/1134
f 1135/1135/1135 1136/1136/1136 1137/1137/1137
f 1138/1138/1138 1139/1139/1139 1140/1140/1140
f 1141/1141/1141 1142/1142/1142 1143/1143/1143
f 1144/1144/1144 1145/1145/1145 1146/1146/1146
f 1147/1147/1147 1148/1148/1148 1149/1149/1149
f 1150/1150/1150 1151/1151/1151 1152/1152/1152
f 1153/1153/1153 1154/1154/1154 1155/1155/1155
f 1156/1156/1156 1157/1157/1157 1158/1158/1158
f 1159/1159/1159 1160/1160/1160 1161/1161/1161
f 1162/1162/1162 1163/1163/1163 1164/1164/1164
f 1165/1165/1165 1166/1166/1166 1167/1167/1167
f 1168/1168/1168 1169/1169/1169 1170/1170/1170
f 1171/1171/1171 1172/1172/1172 1173/1173/1173
f 1174/1174/1174 1175/1175/1175 1176/1176/1176
f 1177/1177/1177 1178/1178/1178 1179/1179/1179
f 1180/1180/1180 1181/1181/1181 1182/1182/1182
f 1183/1183/1183 1184/1184/1184 1185/1185/1185
f 1186/1186/1186 1187/1187/1187 1188/1188/1188
f 1189/1189/1189 1190/1190/1190 1191/1191/1191
f 1192/1192/1192 1193/1193/1193 1194/1194/1194
f 1195/1195/1195 1196/1196/1196 1197/1197/1197
f 1198/1198/1198 1199/1199/1199 1200/1200/1200
f 1201/1201/1201 1202/1202/1202 1203/1203/1203
f 1204/1204/1204 1205/1205/1205 1206/1206/1206
f 1207/1207/1207 1208/1208/1208 1209/1209/1209
f 1210/1210/1210 1211/1211/1211 1212/1212/1212
f 1213/1213/1213 1214/1214/1214 1215/1215/1215
f 1216/1216/1216 1217/1217/1217 1218/1218/1218
f 1219/1219/1219 1220/1220/1220 1221/1221/1221
f 1222/1222/1222 1223/1223/1223 1224/1224/1224
f 1225/1225/1225 1226/1226/1226 1227/1227/1227
f 1228/1228/1228 1229/1229/1229 1230/1230/1230
f 1231/1231/1231 1232/1232/1232 1233/1233/1233
f 1234/1234/1234 1235/1235/1235 1236/1236/1236
f 1237/1237/1237 1238/1238/1238 1239/1239/1239
f 1240/1240/1240 1241/1241/1241 1242/1242/1242
f 1243/1243/1243 1244/1244/1244 1245/1245/1245
f 1246/1246/1246 1247/1247/1247 1248/1248/1248
f 1249/1249/1249 1250/1250/1250 1251/1251/1251
f 1252/1252/1252 1253/1253/1253 1254/1254/1254
f 1255/1255/1255 1256/1256/1256 1257/1257/1257
f 1258/1258/1258 1259/1259/1259 1260/1260/1260
f 1261/1261/1261 1262/1262/1262 1263/1263/1263
f 1264/1264/1264 1265/1265/1265 1266/1266/1266
f 1267/1267/1267 1268/1268/1268 1269/1269/1269
f 1270/1270/1270 1271/1271/1271 1272/1272/1272
f 1273/1273/1273 1274/1274/1274 1275/1275/1275
f 1276/1276/1276 1277/1277/1277 1278/1278/1278
f 1279/1279/1279 1280/1280/1280 1281/1281/1281
f 1282/1282/1282 1283/1283/1283 1284/1284/1284
f 1285/1285/1285 1286/1286/1286 1287/1287/1287
f 1288/1288/1288 1289/1289/1289 1290/1290/1290
f 1291/1291/1291 1292/1292/1292 1293/1293/1293
f 1294/1294/1294 1295/1295/1295 1296/1296/1296
f 1297/1297/1297 1298/1298/1298 1299/1299/1299
f 1300/1300/1300 1301/1301/1301 1302/1302/1302
f 1303/1303/1303 1304/1304/1304 1305/1305/1305
f 1306/1306/1306 1307/1307/1307 1308/1308/1308
f 1309/1309/1309 1310/1310/1310 1311/1311/1311
f 1312/1312/1312 1313/1313/1313 1314/1314/1314
f 1315/1315/1315 1316/1316/1316 1317/1317/1317
f 1318/1318/1318 1319/1319/1319 1320/1320/1320
f 1321/1321/1321 1322/1322/1322 1323/1323/1323
f 1324/1324/1324 1325/1325/1325 1326/1326/1326
f 1327/1327/1327 1328/1328/1328 1329/1329/1329
f 1330/1330/1330 1331/1331/1331 1332/1332/1332
f 1333/1333/1333 1334/1334/1334 1335/1335/1335
f 1336/1336/1336 1337/1337/1337 1338/1338/1338
f 1339/1339/1339 1340/1340/1340 1341/1341/1341
f 1342/1342/1342 1343/1343/1343 1344/1344/1344
f 1345/1345/1345 1346/1346/1346 1347/1347/1347
f 1348/1348/1348 1349/1349/1349 1350/1350/1350
f 1351/1351/1351 1352/1352/1352 1353/1353/1353
f 1354/1354/1354 1355/1355/1355 1356/1356/1356
f 1357/1357/1357 1358/1358/1358 1359/1359/1359
f 1360/1360/1360 1361/1361/1361 1362/1362/1362
f 1363/1363/1363 1364/1364/1364 1365/1365/1365
f 1366/1366/1366 1367/1367/1367 1368/1368/1368
f 1369/1369/1369 1370/1370/1370 1371/1371/1371
f 1372/1372/1372 1373/1373/1373 1374/1374/1374
f 1375/1375/1375 1376/1376/1376 1377/1377/1377
f 1378/1378/1378 1379/1379/1379 1380/1380/1380
f 1381/1381/1381 1382/1382/1382 1383/1383/1383
f 1384/1384/1384 1385/1385/1385 1386/1386/1386
f 1387/1387/1387 1388/1388/1388 1389/1389/1389
f 1390/1390/1390 1391/1391/1391 1392/1392/1392
f 1393/1393/1393 1394/1394/1394 1395/1395/1395
f 1396/1396/1396 1397/1397/1397 1398/1398/1398
f 1399/1399/1399 1400/1400/1400 1401/1401/1401
f 1402/1402/1402 1403/1403/1403 1404/1404/1404
f 1405/1405/1405 1406/1406/1406 1407/1407/1407
f 1408/1408/1408 1409/1409/1409 1410/1410/1410
f 1411/1411/1411 1412/1412/1412 1413/1413/1413
f 1414/1414/1414 1415/1415/1415 1416/1416/1416
f 1417/1417/1417 1418/1418/1418 1419/1419/1419
f 1420/1420/1420 1421/1421/1421 1422/1422/1422
f 1423/1423/1423 1424/1424/1424 1425/1425/1425
f 1426/1426/1426 1427/1427/1427 1428/1428/1428
f 1429/1429/1429 1430/1430/1430 1431/1431/1431
f 1432/1432/1432 1433/1433/1433 1434/1434/1434
f 1435/1435/1435 1436/1436/1436 1437/1437/1437
f 1438/1438/1438 1439/1439/1439 1440/1440/1440
f 1441/1441/1441 1442/1442/1442 1443/1443/1443
f 1444/1444/1444 1445/1445/1445 1446/1446/1446
f 1447/1447/1447 1448/1448/1448 1449/1449/1449
f 1450/1450/1450 1451/1451/1451 1452/1452/1452
f 1453/1453/1453 1454/1454/1454 1455/1455/1455
f 1456/1456/1456 1457/1457/1457 1458/1458/1458
f 1459/1459/1459 1460/1460/1460 1461/1461/1461
f 1462/1462/1462 1463/1463/1463 1464/1464/1464
f 1465/1465/1465 1466/1466/1466 1467/1467/1467
f 1468/1468/1468 1469/1469/1469 1470/1470/1470
f 1471/1471/1471 1472/1472/1472 1473/1473/1473
f 1474/1474/1474 1475/1475/1475 1476/1476/1476
f 1477/1477/1477 1478/1478/1478 1479/1479/1479
f 1480/1480/1480 1481/1481/1481 1482/1482/1482
f 1483/1483/1483 1484/1484/1484 1485/1485/1485
f 1486/1486/1486 1487/1487/1487 1488/1488/1488
f 1489/1489/1489 1490/1490/1490 1491/1491/1491
f 1492/1492/1492 1493/1493/1493 1494/1494/1494
f 1495/1495/1495 1496/1496/1496 1497/1497/1497
f 1498/1498/1498 1499/1499/1499 1500/1500/1500
f 1501/1501/1501 1502/1502/1502 1503/1503/1503
f 1504/1504/1504 1505/1505/1505 1506/1506/1506
f 1507/1507/1507 1508/1508/1508 1509/1509/1509
f 1510/1510/1510 1511/1511/1511 1512/1512/1512
f 1513/1513/1513 1514/1514/1514 1515/1515/1515
f 1516/1516/1516 1517/1517/1517 1518/1518/1518
f 1519/1519/1519 1520/1520/1520 1521/1521/1521
f 1522/1522/1522 1523/1523/1523 1524/1524/1524
f 1525/1525/1525 1526/1526/1526 1527/1527/1527
f 1528/1528/1528 1529/1529/1529 1530/1530/1530
f 1531/1531/1531 1532/1532/1532 1533/1533/1533
f 1534/1534/1534 1535/1535/1535 1536/1536/1536
f 1537/1537/1537 1538/1538/1538 1539/1539/1539
f 1540/1540/1540 1541/1541/1541 1542/1542/1542
f 1543/1543/1543 1544/1544/1544 1545/1545/1545
f 1546/1546/1546 1547/1547/1547 1548/1548/1548
f 1549/1549/1549 1550/1550/1550 1551/1551/1551
f 1552/1552/1552 1553/1553/1553 1554/1554/1554
f 1555/1555/1555 1556/1556/1556 1557/1557/1557
f 1558/1558/1558 1559/1559/1559 1560/1560/1560
f 1561/1561/1561 1562/1562/1562 1563/1563/1563
f 1564/1564/1564 1565/1565/1565 1566/1566/1566
f 1567/1567/1567 1568/1568/1568 1569/1569/1569
f 1570/1570/1570 1571/1571/1571 1572/1572/1572
f 1573/1573/1573 1574/1574/1574 1575/1575/1575
f 1576/1576/1576 1577/1577/1577 1578/1578/1578
f 1579/1579/1579 1580/1580/1580 1581/1581/1581
f 1582/1582/1582 1583/1583/1583 1584/1584/1584
f 1585/1585/1585 1586/1586/1586 1587/1587/1587
f 1588/1588/1588 1589/1589/1589 1590/1590/1590
f 1591/1591/1591 1592/1592/1592 1593/1593/1593
f 1594/1594/1594 1595/1595/1595 1596/1596/1596
f 1597/1597/1597 1598/1598/1598 1599/1599/1599
f 1600/1600/1600 1601/1601/1601 1602/1602/1602
f 1603/1603/1603 1604/1604/1604 1605/1605/1605
f 1606/1606/1606 1607/1607/1607 1608/1608/1608
f 1609/1609/1609 1610/1610/1610 1611/1611/1611
f 1612/1612/1612 1613/1613/1613 1614/1614/1614
f 1615/1615/1615 1616/1616/1616 1617/1617/1617
f 1618/1618/1618 1619/1619/1619 1620/1620/1620
f 1621/1621/1621 1622/1622/1622 1623/1623/1623
f 1624/1624/1624 1625/1625/1625 1626/1626/1626
f 1627/1627/1627 1628/1628/1628 1629/1629/1629
f 1630/1630/1630 1631/1631/1631 1632/1632/1632
f 1633/1633/1633 1634/1634/1634 1635/1635/1635
f 1636/1636/1636 1637/1637/1637 1638/1638/1638
f 1639/1639/1639 1640/1640/1640 1641/1641/1641
f 1642/1642/1642 1643/1643/1643 1644/1644/1644
f 1645/1645/1645 1646/1646/1646 1647/1647/1647
f 1648/1648/1648 1649/1649/1649 1650/1650/1650
f 1651/1651/1651 1652/1652/1652 1653/1653/1653
f 1654/1654/1654 1655/1655/1655 1656/1656/1656
f 1657/1657/1657 1658/1658/1658 1659/1659/1659
f 1660/1660/1660 1661/1661/1661 1662/1662/1662
f 1663/1663/1663 1664/1664/1664 1665/1665/1665
f 1666/1666/1666 1667/1667/1667 1668/1668/1668
f 1669/1669/1669 1670/1670/1670 1671/1671/1671
f 1672/1672/1672 1673/1673/1673 1674/1674/1674
f 1675/1675/1675 1676/1676/1676 1677/1677/1677
f 1678/1678/1678 1679/1679/1679 1680/1680/1680
f 1681/1681/1681 1682/1682/1682 1683/1683/1683
f 1684/1684/1684 1685/1685/1685 1686/1686/1686
f 1687/1687/1687 1688/1688/1688 1689/1689/1689
f 1690/1690/1690 1691/1691/1691 1692/1692/1692
f 1693/1693/1693 1694/1694/1694 1695/1695/1695
f 1696/1696/1696 1697/1697/1697 1698/1698/1698
f 1699/1699/1699 1700/1700/1700 1701/1701/1701
f 1702/1702/1702 1703/1703/1703 1704/1704/1704
f 1705/1705/1705 1706/1706/1706 1707/1707/1707
f 1708/1708/1708 1709/1709/1709 1710/1710/1710
f 1711/1711/1711 1712/1712/1712 1713/1713/1713
f 1714/1714/1714 1715/1715/1715 1716/1716/1716
f 1717/1717/1717 1718/1718/1718 1719/1719/1719
f 1720/1720/1720 1721/1721/1721 1722/1722/1722
f 1723/1723/1723 1724/1724/1724 1725/1725/1725
f 1726/1726/1726 1727/1727/1727 1728/1728/1728
f 1729/1729/1729 1730/1730/1730 1731/1731/1731
f 1732/1732/1732 1733/1733/1733 1734/1734/1734
f 1735/1735/1735 1736/1736/1736 1737/1737/1737
f 1738/1738/1738 1739/1739/1739 1740/1740/1740
f 1741/1741/1741 1742/1742/1742 1743/1743/1743
f 1744/1744/1744 1745/1745/1745 1746/1746/1746
f 1747/1747/1747 1748/1748/1748 1749/1749/1749
f 1750/1750/1750 1751/1751/1751 1752/1752/1752
f 1753/1753/1753 1754/1754/1754 1755/1755/1755
f 1756/1756/1756 1757/1757/1757 1758/1758/1758
f 1759/1759/1759 1760/1760/1760 1761/1761/1761
f 1762/1762/1762 1763/1763/1763 1764/1764/1764
f 1765/1765/1765 1766/1766/1766 1767/1767/1767
f 1768/1768/1768 1769/1769/1769 1770/1770/1770
f 1771/1771/1771 1772/1772/1772 1773/1773/1773
f 1774/1774/1774 1775/1775/1775 1776/1776/1776
