g BushPlant02
v 0.1349891 2.926518 -0.1125805
v -0.0462877 3.000654 -0.02562067
v -0.2472638 2.929729 -0.04793106
v 0.3119265 2.833929 0.2197296
v 0.2048602 2.957626 0.09459634
v 0.1349891 2.926518 -0.1125805
v 0.03902338 2.779916 0.489764
v 0.1617573 2.891784 0.3651225
v 0.3119265 2.833929 0.2197296
v -0.306577 2.839125 0.3243354
v -0.116026 2.894118 0.4121032
v 0.03902338 2.779916 0.489764
v -0.2472638 2.929729 -0.04793106
v -0.2446064 2.961402 0.1706134
v -0.306577 2.839125 0.3243354
v 0.1349891 2.926518 -0.1125805
v 0.2048602 2.957626 0.09459634
v -0.0462877 3.000654 -0.02562067
v 0.3119265 2.833929 0.2197296
v 0.1617573 2.891784 0.3651225
v 0.2048602 2.957626 0.09459634
v 0.03902338 2.779916 0.489764
v -0.116026 2.894118 0.4121032
v 0.1617573 2.891784 0.3651225
v -0.306577 2.839125 0.3243354
v -0.2446064 2.961402 0.1706134
v -0.116026 2.894118 0.4121032
v -0.2472638 2.929729 -0.04793106
v -0.0462877 3.000654 -0.02562067
v -0.2446064 2.961402 0.1706134
v 0.2048602 2.957626 0.09459634
v -0.005497693 2.991432 0.216017
v -0.0462877 3.000654 -0.02562067
v 0.1617573 2.891784 0.3651225
v -0.005497693 2.991432 0.216017
v 0.2048602 2.957626 0.09459634
v -0.116026 2.894118 0.4121032
v -0.005497693 2.991432 0.216017
v 0.1617573 2.891784 0.3651225
v -0.2446064 2.961402 0.1706134
v -0.005497693 2.991432 0.216017
v -0.116026 2.894118 0.4121032
v -0.0462877 3.000654 -0.02562067
v -0.005497693 2.991432 0.216017
v -0.2446064 2.961402 0.1706134
v 0.8564354 2.374451 -0.1192945
v 0.7426545 2.540337 -0.04543501
v 0.5310513 2.573749 -0.05064572
v 1.002348 2.262099 0.221874
v 0.9543271 2.400366 0.07696444
v 0.8564354 2.374451 -0.1192945
v 0.7671404 2.391961 0.5013827
v 0.9142206 2.408232 0.3557242
v 1.002348 2.262099 0.221874
v 0.4758613 2.584573 0.3329509
v 0.6777638 2.553061 0.4056112
v 0.7671404 2.391961 0.5013827
v 0.5310513 2.573749 -0.05064572
v 0.5717289 2.634708 0.157684
v 0.4758613 2.584573 0.3329509
v 0.8564354 2.374451 -0.1192945
v 0.9543271 2.400366 0.07696444
v 0.7426545 2.540337 -0.04543501
v 1.002348 2.262099 0.221874
v 0.9142206 2.408232 0.3557242
v 0.9543271 2.400366 0.07696444
v 0.7671404 2.391961 0.5013827
v 0.6777638 2.553061 0.4056112
v 0.9142206 2.408232 0.3557242
v 0.4758613 2.584573 0.3329509
v 0.5717289 2.634708 0.157684
v 0.6777638 2.553061 0.4056112
v 0.5310513 2.573749 -0.05064572
v 0.7426545 2.540337 -0.04543501
v 0.5717289 2.634708 0.157684
v 0.9543271 2.400366 0.07696444
v 0.7996491 2.551319 0.1928266
v 0.7426545 2.540337 -0.04543501
v 0.9142206 2.408232 0.3557242
v 0.7996491 2.551319 0.1928266
v 0.9543271 2.400366 0.07696444
v 0.6777638 2.553061 0.4056112
v 0.7996491 2.551319 0.1928266
v 0.9142206 2.408232 0.3557242
v 0.5717289 2.634708 0.157684
v 0.7996491 2.551319 0.1928266
v 0.6777638 2.553061 0.4056112
v 0.7426545 2.540337 -0.04543501
v 0.7996491 2.551319 0.1928266
v 0.5717289 2.634708 0.157684
v -0.4021027 2.374451 0.7655234
v -0.395826 2.540337 0.6300172
v -0.2682887 2.573749 0.4610875
v -0.7643888 2.262099 0.6853029
v -0.6186411 2.400366 0.7307167
v -0.4021027 2.374451 0.7655234
v -0.8544831 2.391961 0.3312818
v -0.8218138 2.408232 0.5356875
v -0.7643888 2.262099 0.6853029
v -0.5478712 2.584573 0.192711
v -0.724571 2.553061 0.3144538
v -0.8544831 2.391961 0.3312818
v -0.2682887 2.573749 0.4610875
v -0.4612977 2.634708 0.3727501
v -0.5478712 2.584573 0.192711
v -0.4021027 2.374451 0.7655234
v -0.6186411 2.400366 0.7307167
v -0.395826 2.540337 0.6300172
v -0.7643888 2.262099 0.6853029
v -0.8218138 2.408232 0.5356875
v -0.6186411 2.400366 0.7307167
v -0.8544831 2.391961 0.3312818
v -0.724571 2.553061 0.3144538
v -0.8218138 2.408232 0.5356875
v -0.5478712 2.584573 0.192711
v -0.4612977 2.634708 0.3727501
v -0.724571 2.553061 0.3144538
v -0.2682887 2.573749 0.4610875
v -0.395826 2.540337 0.6300172
v -0.4612977 2.634708 0.3727501
v -0.6186411 2.400366 0.7307167
v -0.6226682 2.551319 0.537499
v -0.395826 2.540337 0.6300172
v -0.8218138 2.408232 0.5356875
v -0.6226682 2.551319 0.537499
v -0.6186411 2.400366 0.7307167
v -0.724571 2.553061 0.3144538
v -0.6226682 2.551319 0.537499
v -0.8218138 2.408232 0.5356875
v -0.4612977 2.634708 0.3727501
v -0.6226682 2.551319 0.537499
v -0.724571 2.553061 0.3144538
v -0.395826 2.540337 0.6300172
v -0.6226682 2.551319 0.537499
v -0.4612977 2.634708 0.3727501
v -1.315618 1.569313 0.06221929
v -1.224173 1.735198 -0.0379754
v -1.01811 1.768611 -0.08636063
v -1.542945 1.456961 -0.2310542
v -1.459891 1.595228 -0.1029645
v -1.315618 1.569313 0.06221929
v -1.38593 1.586823 -0.5608939
v -1.491468 1.603093 -0.3828189
v -1.542945 1.456961 -0.2310542
v -1.061561 1.779434 -0.4714636
v -1.275268 1.747923 -0.4907919
v -1.38593 1.586823 -0.5608939
v -1.01811 1.768611 -0.08636063
v -1.11007 1.829569 -0.27767
v -1.061561 1.779434 -0.4714636
v -1.315618 1.569313 0.06221929
v -1.459891 1.595228 -0.1029645
v -1.224173 1.735198 -0.0379754
v -1.542945 1.456961 -0.2310542
v -1.491468 1.603093 -0.3828189
v -1.459891 1.595228 -0.1029645
v -1.38593 1.586823 -0.5608939
v -1.275268 1.747923 -0.4907919
v -1.491468 1.603093 -0.3828189
v -1.061561 1.779434 -0.4714636
v -1.11007 1.829569 -0.27767
v -1.275268 1.747923 -0.4907919
v -1.01811 1.768611 -0.08636063
v -1.224173 1.735198 -0.0379754
v -1.11007 1.829569 -0.27767
v -1.459891 1.595228 -0.1029645
v -1.339479 1.746181 -0.254127
v -1.224173 1.735198 -0.0379754
v -1.491468 1.603093 -0.3828189
v -1.339479 1.746181 -0.254127
v -1.459891 1.595228 -0.1029645
v -1.275268 1.747923 -0.4907919
v -1.339479 1.746181 -0.254127
v -1.491468 1.603093 -0.3828189
v -1.11007 1.829569 -0.27767
v -1.339479 1.746181 -0.254127
v -1.275268 1.747923 -0.4907919
v -1.224173 1.735198 -0.0379754
v -1.339479 1.746181 -0.254127
v -1.11007 1.829569 -0.27767
v -0.812561 2.374451 -0.295732
v -0.6774383 2.540337 -0.307697
v -0.4929211 2.573749 -0.2039838
v -0.7816849 2.262099 -0.6655065
v -0.8071287 2.400366 -0.5149826
v -0.812561 2.374451 -0.295732
v -0.442957 2.391961 -0.8022956
v -0.6411294 2.408232 -0.7424905
v -0.7816849 2.262099 -0.6655065
v -0.2644923 2.584573 -0.5170534
v -0.408847 2.553061 -0.675817
v -0.442957 2.391961 -0.8022956
v -0.4929211 2.573749 -0.2039838
v -0.4312847 2.634708 -0.4071017
v -0.2644923 2.584573 -0.5170534
v -0.812561 2.374451 -0.295732
v -0.8071287 2.400366 -0.5149826
v -0.6774383 2.540337 -0.307697
v -0.7816849 2.262099 -0.6655065
v -0.6411294 2.408232 -0.7424905
v -0.8071287 2.400366 -0.5149826
v -0.442957 2.391961 -0.8022956
v -0.408847 2.553061 -0.675817
v -0.6411294 2.408232 -0.7424905
v -0.2644923 2.584573 -0.5170534
v -0.4312847 2.634708 -0.4071017
v -0.408847 2.553061 -0.675817
v -0.4929211 2.573749 -0.2039838
v -0.6774383 2.540337 -0.307697
v -0.4312847 2.634708 -0.4071017
v -0.8071287 2.400366 -0.5149826
v -0.6161991 2.551319 -0.5449033
v -0.6774383 2.540337 -0.307697
v -0.6411294 2.408232 -0.7424905
v -0.6161991 2.551319 -0.5449033
v -0.8071287 2.400366 -0.5149826
v -0.408847 2.553061 -0.675817
v -0.6161991 2.551319 -0.5449033
v -0.6411294 2.408232 -0.7424905
v -0.4312847 2.634708 -0.4071017
v -0.6161991 2.551319 -0.5449033
v -0.408847 2.553061 -0.675817
v -0.6774383 2.540337 -0.307697
v -0.6161991 2.551319 -0.5449033
v -0.4312847 2.634708 -0.4071017
v 0.006611824 0.4064161 -1.59393
v 0.1094521 0.5674294 -1.496884
v 0.1611926 0.5914496 -1.290328
v 0.2955505 0.3020503 -1.830429
v 0.1697991 0.4374519 -1.739459
v 0.006611824 0.4064161 -1.59393
v 0.6287121 0.4225833 -1.67299
v 0.4491986 0.4447142 -1.774964
v 0.2955505 0.3020503 -1.830429
v 0.5456695 0.6014432 -1.339186
v 0.5615324 0.5791782 -1.554336
v 0.6287121 0.4225833 -1.67299
v 0.1611926 0.5914496 -1.290328
v 0.3515606 0.6550209 -1.382472
v 0.5456695 0.6014432 -1.339186
v 0.006611824 0.4064161 -1.59393
v 0.1697991 0.4374519 -1.739459
v 0.1094521 0.5674294 -1.496884
v 0.2955505 0.3020503 -1.830429
v 0.4491986 0.4447142 -1.774964
v 0.1697991 0.4374519 -1.739459
v 0.6287121 0.4225833 -1.67299
v 0.5615324 0.5791782 -1.554336
v 0.4491986 0.4447142 -1.774964
v 0.5456695 0.6014432 -1.339186
v 0.3515606 0.6550209 -1.382472
v 0.5615324 0.5791782 -1.554336
v 0.1611926 0.5914496 -1.290328
v 0.1094521 0.5674294 -1.496884
v 0.3515606 0.6550209 -1.382472
v 0.1697991 0.4374519 -1.739459
v 0.3239208 0.5819197 -1.614913
v 0.1094521 0.5674294 -1.496884
v 0.4491986 0.4447142 -1.774964
v 0.3239208 0.5819197 -1.614913
v 0.1697991 0.4374519 -1.739459
v 0.5615324 0.5791782 -1.554336
v 0.3239208 0.5819197 -1.614913
v 0.4491986 0.4447142 -1.774964
v 0.3515606 0.6550209 -1.382472
v 0.3239208 0.5819197 -1.614913
v 0.5615324 0.5791782 -1.554336
v 0.1094521 0.5674294 -1.496884
v 0.3239208 0.5819197 -1.614913
v 0.3515606 0.6550209 -1.382472
v -1.256855 0.5985514 -0.9802918
v -1.117175 0.7595646 -1.002278
v -0.9221243 0.7835848 -0.9168509
v -1.267187 0.4941854 -1.353535
v -1.272151 0.6295871 -1.198408
v -1.256855 0.5985514 -0.9802918
v -0.9388366 0.6147186 -1.520776
v -1.129319 0.6368495 -1.441151
v -1.267187 0.4941854 -1.353535
v -0.7255763 0.7935785 -1.250885
v -0.8860702 0.7713134 -1.395048
v -0.9388366 0.6147186 -1.520776
v -0.9221243 0.7835848 -0.9168509
v -0.878562 0.8471562 -1.123812
v -0.7255763 0.7935785 -1.250885
v -1.256855 0.5985514 -0.9802918
v -1.272151 0.6295871 -1.198408
v -1.117175 0.7595646 -1.002278
v -1.267187 0.4941854 -1.353535
v -1.129319 0.6368495 -1.441151
v -1.272151 0.6295871 -1.198408
v -0.9388366 0.6147186 -1.520776
v -0.8860702 0.7713134 -1.395048
v -1.129319 0.6368495 -1.441151
v -0.7255763 0.7935785 -1.250885
v -0.878562 0.8471562 -1.123812
v -0.8860702 0.7713134 -1.395048
v -0.9221243 0.7835848 -0.9168509
v -1.117175 0.7595646 -1.002278
v -0.878562 0.8471562 -1.123812
v -1.272151 0.6295871 -1.198408
v -1.079345 0.7740549 -1.244139
v -1.117175 0.7595646 -1.002278
v -1.129319 0.6368495 -1.441151
v -1.079345 0.7740549 -1.244139
v -1.272151 0.6295871 -1.198408
v -0.8860702 0.7713134 -1.395048
v -1.079345 0.7740549 -1.244139
v -1.129319 0.6368495 -1.441151
v -0.878562 0.8471562 -1.123812
v -1.079345 0.7740549 -1.244139
v -0.8860702 0.7713134 -1.395048
v -1.117175 0.7595646 -1.002278
v -1.079345 0.7740549 -1.244139
v -0.878562 0.8471562 -1.123812
v 0.4670976 0.8132335 1.250411
v 0.348803 0.9855893 1.203302
v 0.2620103 1.044568 1.016465
v 0.2236541 0.65873 1.50959
v 0.3315732 0.8122984 1.424779
v 0.4670976 0.8132335 1.250411
v -0.1318966 0.7945774 1.435825
v 0.06255072 0.8039212 1.508051
v 0.2236541 0.65873 1.50959
v -0.108187 1.03304 1.131054
v -0.08648627 0.972032 1.338042
v -0.1318966 0.7945774 1.435825
v 0.2620103 1.044568 1.016465
v 0.09042421 1.08431 1.149697
v -0.108187 1.03304 1.131054
v 0.4670976 0.8132335 1.250411
v 0.3315732 0.8122984 1.424779
v 0.348803 0.9855893 1.203302
v 0.2236541 0.65873 1.50959
v 0.06255072 0.8039212 1.508051
v 0.3315732 0.8122984 1.424779
v -0.1318966 0.7945774 1.435825
v -0.08648627 0.972032 1.338042
v 0.06255072 0.8039212 1.508051
v -0.108187 1.03304 1.131054
v 0.09042421 1.08431 1.149697
v -0.08648627 0.972032 1.338042
v 0.2620103 1.044568 1.016465
v 0.348803 0.9855893 1.203302
v 0.09042421 1.08431 1.149697
v 0.3315732 0.8122984 1.424779
v 0.1580257 0.9716404 1.356752
v 0.348803 0.9855893 1.203302
v 0.06255072 0.8039212 1.508051
v 0.1580257 0.9716404 1.356752
v 0.3315732 0.8122984 1.424779
v -0.08648627 0.972032 1.338042
v 0.1580257 0.9716404 1.356752
v 0.06255072 0.8039212 1.508051
v 0.09042421 1.08431 1.149697
v 0.1580257 0.9716404 1.356752
v -0.08648627 0.972032 1.338042
v 0.348803 0.9855893 1.203302
v 0.1580257 0.9716404 1.356752
v 0.09042421 1.08431 1.149697
v 0.7738348 1.858706 0.8240461
v 0.6479834 2.031062 0.8046981
v 0.5214592 2.09004 0.642117
v 0.5947948 1.704202 1.131264
v 0.6809179 1.857771 1.02439
v 0.7738348 1.858706 0.8240461
v 0.2317597 1.84005 1.139208
v 0.4374587 1.849393 1.165934
v 0.5947948 1.704202 1.131264
v 0.1864392 2.078512 0.8368942
v 0.2540574 2.017504 1.033726
v 0.2317597 1.84005 1.139208
v 0.5214592 2.09004 0.642117
v 0.3841658 2.129782 0.8104709
v 0.1864392 2.078512 0.8368942
v 0.7738348 1.858706 0.8240461
v 0.6809179 1.857771 1.02439
v 0.6479834 2.031062 0.8046981
v 0.5947948 1.704202 1.131264
v 0.4374587 1.849393 1.165934
v 0.6809179 1.857771 1.02439
v 0.2317597 1.84005 1.139208
v 0.2540574 2.017504 1.033726
v 0.4374587 1.849393 1.165934
v 0.1864392 2.078512 0.8368942
v 0.3841658 2.129782 0.8104709
v 0.2540574 2.017504 1.033726
v 0.5214592 2.09004 0.642117
v 0.6479834 2.031062 0.8046981
v 0.3841658 2.129782 0.8104709
v 0.6809179 1.857771 1.02439
v 0.496528 2.017113 0.997063
v 0.6479834 2.031062 0.8046981
v 0.4374587 1.849393 1.165934
v 0.496528 2.017113 0.997063
v 0.6809179 1.857771 1.02439
v 0.2540574 2.017504 1.033726
v 0.496528 2.017113 0.997063
v 0.4374587 1.849393 1.165934
v 0.3841658 2.129782 0.8104709
v 0.496528 2.017113 0.997063
v 0.2540574 2.017504 1.033726
v 0.6479834 2.031062 0.8046981
v 0.496528 2.017113 0.997063
v 0.3841658 2.129782 0.8104709
v 0.2805208 1.858706 -1.095071
v 0.3316834 2.031062 -0.9784721
v 0.2623136 2.09004 -0.7844907
v 0.6358404 1.704202 -1.108714
v 0.4994477 1.857771 -1.124089
v 0.2805208 1.858706 -1.095071
v 0.837238 1.84005 -0.8065605
v 0.7494811 1.849394 -0.9945102
v 0.6358404 1.704202 -1.108714
v 0.6063804 2.078512 -0.6061801
v 0.7362499 2.017504 -0.7688116
v 0.837238 1.84005 -0.8065605
v 0.2623136 2.09004 -0.7844907
v 0.4780391 2.129782 -0.7588973
v 0.6063804 2.078512 -0.6061801
v 0.2805208 1.858706 -1.095071
v 0.4994477 1.857771 -1.124089
v 0.3316834 2.031062 -0.9784721
v 0.6358404 1.704202 -1.108714
v 0.7494811 1.849394 -0.9945102
v 0.4994477 1.857771 -1.124089
v 0.837238 1.84005 -0.8065605
v 0.7362499 2.017504 -0.7688116
v 0.7494811 1.849394 -0.9945102
v 0.6063804 2.078512 -0.6061801
v 0.4780391 2.129782 -0.7588973
v 0.7362499 2.017504 -0.7688116
v 0.2623136 2.09004 -0.7844907
v 0.3316834 2.031062 -0.9784721
v 0.4780391 2.129782 -0.7588973
v 0.4994477 1.857771 -1.124089
v 0.5752701 2.017113 -0.9538025
v 0.3316834 2.031062 -0.9784721
v 0.7494811 1.849394 -0.9945102
v 0.5752701 2.017113 -0.9538025
v 0.4994477 1.857771 -1.124089
v 0.7362499 2.017504 -0.7688116
v 0.5752701 2.017113 -0.9538025
v 0.7494811 1.849394 -0.9945102
v 0.4780391 2.129782 -0.7588973
v 0.5752701 2.017113 -0.9538025
v 0.7362499 2.017504 -0.7688116
v 0.3316834 2.031062 -0.9784721
v 0.5752701 2.017113 -0.9538025
v 0.4780391 2.129782 -0.7588973
v -1.518139 0.2013217 0.4857076
v -1.457575 0.362335 0.3579339
v -1.277076 0.3863552 0.2449626
v -1.832276 0.09695578 0.2838778
v -1.706932 0.2323575 0.3754091
v -1.518139 0.2013217 0.4857076
v -1.785361 0.2174889 -0.08161201
v -1.826946 0.2396199 0.1206121
v -1.832276 0.09695578 0.2838778
v -1.442224 0.3963488 -0.1056593
v -1.651765 0.3740838 -0.05433741
v -1.785361 0.2174889 -0.08161201
v -1.277076 0.3863552 0.2449626
v -1.423481 0.4499265 0.09233242
v -1.442224 0.3963488 -0.1056593
v -1.518139 0.2013217 0.4857076
v -1.706932 0.2323575 0.3754091
v -1.457575 0.362335 0.3579339
v -1.832276 0.09695578 0.2838778
v -1.826946 0.2396199 0.1206121
v -1.706932 0.2323575 0.3754091
v -1.785361 0.2174889 -0.08161201
v -1.651765 0.3740838 -0.05433741
v -1.826946 0.2396199 0.1206121
v -1.442224 0.3963488 -0.1056593
v -1.423481 0.4499265 0.09233242
v -1.651765 0.3740838 -0.05433741
v -1.277076 0.3863552 0.2449626
v -1.457575 0.362335 0.3579339
v -1.423481 0.4499265 0.09233242
v -1.706932 0.2323575 0.3754091
v -1.63604 0.3768253 0.1903697
v -1.457575 0.362335 0.3579339
v -1.826946 0.2396199 0.1206121
v -1.63604 0.3768253 0.1903697
v -1.706932 0.2323575 0.3754091
v -1.651765 0.3740838 -0.05433741
v -1.63604 0.3768253 0.1903697
v -1.826946 0.2396199 0.1206121
v -1.423481 0.4499265 0.09233242
v -1.63604 0.3768253 0.1903697
v -1.651765 0.3740838 -0.05433741
v -1.457575 0.362335 0.3579339
v -1.63604 0.3768253 0.1903697
v -1.423481 0.4499265 0.09233242
v 1.378292 0.2345729 0.7915019
v 1.240275 0.3936468 0.8310764
v 1.034772 0.4134098 0.7736524
v 1.442749 0.1355133 1.160747
v 1.423508 0.2688355 1.004935
v 1.378292 0.2345729 0.7915019
v 1.139061 0.2531294 1.371109
v 1.316062 0.2771711 1.265248
v 1.442749 0.1355133 1.160747
v 0.8869175 0.42488 1.131866
v 1.066426 0.4071319 1.252277
v 1.139061 0.2531294 1.371109
v 1.034772 0.4134098 0.7736524
v 1.019585 0.4791185 0.9839466
v 0.8869175 0.42488 1.131866
v 1.378292 0.2345729 0.7915019
v 1.423508 0.2688355 1.004935
v 1.240275 0.3936468 0.8310764
v 1.442749 0.1355133 1.160747
v 1.316062 0.2771711 1.265248
v 1.423508 0.2688355 1.004935
v 1.139061 0.2531294 1.371109
v 1.066426 0.4071319 1.252277
v 1.316062 0.2771711 1.265248
v 0.8869175 0.42488 1.131866
v 1.019585 0.4791185 0.9839466
v 1.066426 0.4071319 1.252277
v 1.034772 0.4134098 0.7736524
v 1.240275 0.3936468 0.8310764
v 1.019585 0.4791185 0.9839466
v 1.423508 0.2688355 1.004935
v 1.236524 0.4108545 1.075673
v 1.240275 0.3936468 0.8310764
v 1.316062 0.2771711 1.265248
v 1.236524 0.4108545 1.075673
v 1.423508 0.2688355 1.004935
v 1.066426 0.4071319 1.252277
v 1.236524 0.4108545 1.075673
v 1.316062 0.2771711 1.265248
v 1.019585 0.4791185 0.9839466
v 1.236524 0.4108545 1.075673
v 1.066426 0.4071319 1.252277
v 1.240275 0.3936468 0.8310764
v 1.236524 0.4108545 1.075673
v 1.019585 0.4791185 0.9839466
v 1.081026 0.2345729 -1.165138
v 1.088568 0.3936468 -1.021758
v 0.9864264 0.4134098 -0.8344189
v 1.455311 0.1355133 -1.144958
v 1.29916 0.2688355 -1.161228
v 1.081026 0.2345729 -1.165138
v 1.592037 0.2531294 -0.80176
v 1.528666 0.2771711 -0.9980245
v 1.455311 0.1355133 -1.144958
v 1.302245 0.42488 -0.6098375
v 1.45992 0.4071319 -0.7576907
v 1.592037 0.2531294 -0.80176
v 0.9864264 0.4134098 -0.8344189
v 1.187927 0.4791185 -0.772356
v 1.302245 0.42488 -0.6098375
v 1.081026 0.2345729 -1.165138
v 1.29916 0.2688355 -1.161228
v 1.088568 0.3936468 -1.021758
v 1.455311 0.1355133 -1.144958
v 1.528666 0.2771711 -0.9980245
v 1.29916 0.2688355 -1.161228
v 1.592037 0.2531294 -0.80176
v 1.45992 0.4071319 -0.7576907
v 1.528666 0.2771711 -0.9980245
v 1.302245 0.42488 -0.6098375
v 1.187927 0.4791185 -0.772356
v 1.45992 0.4071319 -0.7576907
v 0.9864264 0.4134098 -0.8344189
v 1.088568 0.3936468 -1.021758
v 1.187927 0.4791185 -0.772356
v 1.29916 0.2688355 -1.161228
v 1.326064 0.4108545 -0.9631293
v 1.088568 0.3936468 -1.021758
v 1.528666 0.2771711 -0.9980245
v 1.326064 0.4108545 -0.9631293
v 1.29916 0.2688355 -1.161228
v 1.45992 0.4071319 -0.7576907
v 1.326064 0.4108545 -0.9631293
v 1.528666 0.2771711 -0.9980245
v 1.187927 0.4791185 -0.772356
v 1.326064 0.4108545 -0.9631293
v 1.45992 0.4071319 -0.7576907
v 1.088568 0.3936468 -1.021758
v 1.326064 0.4108545 -0.9631293
v 1.187927 0.4791185 -0.772356
v 1.274287 0.9801129 0.1533087
v 1.184454 1.152469 0.2435471
v 0.9785393 1.211447 0.249874
v 1.41685 0.8256095 0.4790599
v 1.381312 0.9791778 0.346484
v 1.274287 0.9801129 0.1533087
v 1.209209 0.9614569 0.776957
v 1.352082 0.9708006 0.6265785
v 1.41685 0.8256095 0.4790599
v 0.9383165 1.199919 0.6353072
v 1.137162 1.138911 0.6967524
v 1.209209 0.9614569 0.776957
v 0.9785393 1.211447 0.249874
v 1.033561 1.251189 0.4600289
v 0.9383165 1.199919 0.6353072
v 1.274287 0.9801129 0.1533087
v 1.381312 0.9791778 0.346484
v 1.184454 1.152469 0.2435471
v 1.41685 0.8256095 0.4790599
v 1.352082 0.9708006 0.6265785
v 1.381312 0.9791778 0.346484
v 1.209209 0.9614569 0.776957
v 1.137162 1.138911 0.6967524
v 1.352082 0.9708006 0.6265785
v 0.9383165 1.199919 0.6353072
v 1.033561 1.251189 0.4600289
v 1.137162 1.138911 0.6967524
v 0.9785393 1.211447 0.249874
v 1.184454 1.152469 0.2435471
v 1.033561 1.251189 0.4600289
v 1.381312 0.9791778 0.346484
v 1.250519 1.13852 0.479298
v 1.184454 1.152469 0.2435471
v 1.352082 0.9708006 0.6265785
v 1.250519 1.13852 0.479298
v 1.381312 0.9791778 0.346484
v 1.137162 1.138911 0.6967524
v 1.250519 1.13852 0.479298
v 1.352082 0.9708006 0.6265785
v 1.033561 1.251189 0.4600289
v 1.250519 1.13852 0.479298
v 1.137162 1.138911 0.6967524
v 1.184454 1.152469 0.2435471
v 1.250519 1.13852 0.479298
v 1.033561 1.251189 0.4600289
v -0.849686 1.228455 -1.020115
v -0.7242911 1.400811 -0.9980005
v -0.6013772 1.459789 -0.8326731
v -0.6639252 1.073951 -1.323316
v -0.7523805 1.22752 -1.218364
v -0.849686 1.228455 -1.020115
v -0.3008032 1.209799 -1.323265
v -0.5058638 1.219142 -1.354514
v -0.6639252 1.073951 -1.323316
v -0.2621498 1.448261 -1.020027
v -0.3254179 1.387253 -1.2183
v -0.3008032 1.209799 -1.323265
v -0.6013772 1.459789 -0.8326731
v -0.4604103 1.499531 -0.9979633
v -0.2621498 1.448261 -1.020027
v -0.849686 1.228455 -1.020115
v -0.7523805 1.22752 -1.218364
v -0.7242911 1.400811 -0.9980005
v -0.6639252 1.073951 -1.323316
v -0.5058638 1.219142 -1.354514
v -0.7523805 1.22752 -1.218364
v -0.3008032 1.209799 -1.323265
v -0.3254179 1.387253 -1.2183
v -0.5058638 1.219142 -1.354514
v -0.2621498 1.448261 -1.020027
v -0.4604103 1.499531 -0.9979633
v -0.3254179 1.387253 -1.2183
v -0.6013772 1.459789 -0.8326731
v -0.7242911 1.400811 -0.9980005
v -0.4604103 1.499531 -0.9979633
v -0.7523805 1.22752 -1.218364
v -0.568637 1.386862 -1.186984
v -0.7242911 1.400811 -0.9980005
v -0.5058638 1.219142 -1.354514
v -0.568637 1.386862 -1.186984
v -0.7523805 1.22752 -1.218364
v -0.3254179 1.387253 -1.2183
v -0.568637 1.386862 -1.186984
v -0.5058638 1.219142 -1.354514
v -0.4604103 1.499531 -0.9979633
v -0.568637 1.386862 -1.186984
v -0.3254179 1.387253 -1.2183
v -0.7242911 1.400811 -0.9980005
v -0.568637 1.386862 -1.186984
v -0.4604103 1.499531 -0.9979633
v -0.1759968 1.228455 1.315912
v -0.2445769 1.400811 1.208629
v -0.2060426 1.459789 1.006253
v -0.5249313 1.073951 1.384344
v -0.3878018 1.22752 1.37844
v -0.1759968 1.228455 1.315912
v -0.7706362 1.209799 1.116974
v -0.6548672 1.219142 1.289091
v -0.5249313 1.073951 1.384344
v -0.5735468 1.448261 0.8833009
v -0.6767015 1.387253 1.064061
v -0.7706362 1.209799 1.116974
v -0.2060426 1.459789 1.006253
v -0.4231308 1.499531 1.014332
v -0.5735468 1.448261 0.8833009
v -0.1759968 1.228455 1.315912
v -0.3878018 1.22752 1.37844
v -0.2445769 1.400811 1.208629
v -0.5249313 1.073951 1.384344
v -0.6548672 1.219142 1.289091
v -0.3878018 1.22752 1.37844
v -0.7706362 1.209799 1.116974
v -0.6767015 1.387253 1.064061
v -0.6548672 1.219142 1.289091
v -0.5735468 1.448261 0.8833009
v -0.4231308 1.499531 1.014332
v -0.6767015 1.387253 1.064061
v -0.2060426 1.459789 1.006253
v -0.2445769 1.400811 1.208629
v -0.4231308 1.499531 1.014332
v -0.3878018 1.22752 1.37844
v -0.489048 1.386862 1.221929
v -0.2445769 1.400811 1.208629
v -0.6548672 1.219142 1.289091
v -0.489048 1.386862 1.221929
v -0.3878018 1.22752 1.37844
v -0.6767015 1.387253 1.064061
v -0.489048 1.386862 1.221929
v -0.6548672 1.219142 1.289091
v -0.4231308 1.499531 1.014332
v -0.489048 1.386862 1.221929
v -0.6767015 1.387253 1.064061
v -0.2445769 1.400811 1.208629
v -0.489048 1.386862 1.221929
v -0.4231308 1.499531 1.014332
v 1.332199 0.3564971 0.4169575
v 0.8835653 0.5122926 -0.4685336
v 2.199405 -0.07500517 -1.166248
v 0.8835653 0.5122926 -0.4685336
v 0.3816784 0.3564971 -1.342732
v 2.199405 -0.07500517 -1.166248
v 0.002941701 0.6205168 -0.001589001
v -0.1811314 0.6205168 -0.3423617
v 0.3816784 0.3564971 -1.342732
v 0.8835653 0.5122926 -0.4685336
v 0.1870148 0.6205168 0.3391837
v 0.002941701 0.6205168 -0.001589001
v 0.8835653 0.5122926 -0.4685336
v 1.332199 0.3564971 0.4169575
v 0.01512206 0.3564971 1.395844
v 0.7186385 0.5122926 0.6955358
v 1.788821 -0.07500517 1.731368
v 0.7186385 0.5122926 0.6955358
v 1.39496 0.3564971 -0.05192947
v 1.788821 -0.07500517 1.731368
v 0.002420265 0.6205168 0.002306696
v 0.2696326 0.6205168 -0.2780617
v 1.39496 0.3564971 -0.05192947
v 0.7186385 0.5122926 0.6955358
v -0.2647921 0.6205168 0.2826751
v 0.002420265 0.6205168 0.002306696
v 0.7186385 0.5122926 0.6955358
v 0.01512206 0.3564971 1.395844
v -1.322854 0.3564971 0.4457215
v -0.4394223 0.5122926 0.8983984
v -1.093852 -0.07500517 2.236293
v -0.4394223 0.5122926 0.8983984
v 0.4804541 0.3564971 1.310638
v -1.093852 -0.07500517 2.236293
v -0.001445895 0.6205168 0.003014617
v 0.3477736 0.6205168 0.1705101
v 0.4804541 0.3564971 1.310638
v -0.4394223 0.5122926 0.8983984
v -0.3506653 0.6205168 -0.1644808
v -0.001445895 0.6205168 0.003014617
v -0.4394223 0.5122926 0.8983984
v -1.322854 0.3564971 0.4457215
v -0.8326899 0.3564971 -1.120373
v -0.9902165 0.5122926 -0.1402956
v -2.464859 -0.07500517 -0.3492643
v -0.9902165 0.5122926 -0.1402956
v -1.098023 0.3564971 0.861948
v -2.464859 -0.07500517 -0.3492643
v -0.003313877 0.6205168 -0.0004435615
v -0.05469694 0.6205168 0.3834428
v -1.098023 0.3564971 0.861948
v -0.9902165 0.5122926 -0.1402956
v 0.04806919 0.6205168 -0.3843299
v -0.003313877 0.6205168 -0.0004435615
v -0.9902165 0.5122926 -0.1402956
v -0.8326899 0.3564971 -1.120373
v 0.8082236 0.3564971 -1.138149
v -0.1725642 0.5122926 -0.9851056
v -0.429512 -0.07500517 -2.452149
v -0.1725642 0.5122926 -0.9851056
v -1.159069 0.3564971 -0.7779261
v -0.429512 -0.07500517 -2.452149
v -0.0006021906 0.6205168 -0.003288753
v -0.3815781 0.6205168 0.06647024
v -1.159069 0.3564971 -0.7779261
v -0.1725642 0.5122926 -0.9851056
v 0.3803737 0.6205168 -0.07304775
v -0.0006021906 0.6205168 -0.003288753
v -0.1725642 0.5122926 -0.9851056
v 0.8082236 0.3564971 -1.138149
v -0.5951183 2.698281 0.2067805
v -0.1944954 2.839857 0.4073214
v -0.484157 2.306163 1.013904
v -0.1944954 2.839857 0.4073214
v 0.2224037 2.698281 0.5894579
v -0.484157 2.306163 1.013904
v -0.0006397277 2.938203 0.001366664
v 0.1576775 2.938203 0.07547403
v 0.2224037 2.698281 0.5894579
v -0.1944954 2.839857 0.4073214
v -0.1589569 2.938203 -0.0727407
v -0.0006397277 2.938203 0.001366664
v -0.1944954 2.839857 0.4073214
v -0.5951183 2.698281 0.2067805
v 0.01275739 2.698281 0.6298896
v 0.3272827 2.839857 0.3108456
v 0.8146661 2.306163 0.7737751
v 0.3272827 2.839857 0.3108456
v 0.6293341 2.698281 -0.02936506
v 0.8146661 2.306163 0.7737751
v 0.001102086 2.938203 0.001030741
v 0.1205052 2.938203 -0.1266372
v 0.6293341 2.698281 -0.02936506
v 0.3272827 2.839857 0.3108456
v -0.118301 2.938203 0.1286987
v 0.001102086 2.938203 0.001030741
v 0.3272827 2.839857 0.3108456
v 0.01275739 2.698281 0.6298896
v 0.6030034 2.698281 0.1825128
v 0.3967676 2.839857 -0.2152084
v 0.9876492 2.306163 -0.5356855
v 0.3967676 2.839857 -0.2152084
v 0.1665463 2.698281 -0.6076071
v 0.9876492 2.306163 -0.5356855
v 0.001320856 2.938203 -0.0007296321
v -0.08320122 2.938203 -0.1537403
v 0.1665463 2.698281 -0.6076071
v 0.3967676 2.839857 -0.2152084
v 0.08584294 2.938203 0.152281
v 0.001320856 2.938203 -0.0007296321
v 0.3967676 2.839857 -0.2152084
v 0.6030034 2.698281 0.1825128
v 0.3599178 2.698281 -0.5170906
v -0.08206767 2.839857 -0.4438511
v -0.2042673 2.306163 -1.104845
v -0.08206767 2.839857 -0.4438511
v -0.5264029 2.698281 -0.3461553
v -0.2042673 2.306163 -1.104845
v -0.0002857552 2.938203 -0.001481676
v -0.1719261 2.938203 0.03162079
v -0.5264029 2.698281 -0.3461553
v -0.08206767 2.839857 -0.4438511
v 0.1713546 2.938203 -0.03458415
v -0.0002857552 2.938203 -0.001481676
v -0.08206767 2.839857 -0.4438511
v 0.3599178 2.698281 -0.5170906
v -0.3805622 2.698281 -0.5020918
v -0.447488 2.839857 -0.05910624
v -1.113893 2.306163 -0.1471455
v -0.447488 2.839857 -0.05910624
v -0.4918806 2.698281 0.3936715
v -1.113893 2.306163 -0.1471455
v -0.001497461 2.938203 -0.0001860927
v -0.02305482 2.938203 0.1732829
v -0.4918806 2.698281 0.3936715
v -0.447488 2.839857 -0.05910624
v 0.02005989 2.938203 -0.1736551
v -0.001497461 2.938203 -0.0001860927
v -0.447488 2.839857 -0.05910624
v -0.3805622 2.698281 -0.5020918
v -0.6148508 2.565255 -0.3461839
v -0.4861078 2.723817 0.1387843
v -1.210034 2.12609 0.3454458
v -0.4861078 2.723817 0.1387843
v -0.3298481 2.565255 0.6237668
v -1.210034 2.12609 0.3454458
v -0.001621482 2.833963 0.0004764435
v 0.05357071 2.833963 0.1883122
v -0.3298481 2.565255 0.6237668
v -0.4861078 2.723817 0.1387843
v -0.05681368 2.833963 -0.1873593
v -0.001621482 2.833963 0.0004764435
v -0.4861078 2.723817 0.1387843
v -0.6148508 2.565255 -0.3461839
v 0.1392418 2.565255 -0.6917343
v -0.2822068 2.723817 -0.4194294
v -0.7024581 2.12609 -1.044062
v -0.2822068 2.723817 -0.4194294
v -0.6951659 2.565255 -0.1209503
v -0.7024581 2.12609 -1.044062
v -0.0009541885 2.833963 -0.001394892
v -0.1625414 2.833963 0.1091403
v -0.6951659 2.565255 -0.1209503
v -0.2822068 2.723817 -0.4194294
v 0.160633 2.833963 -0.11193
v -0.0009541885 2.833963 -0.001394892
v -0.2822068 2.723817 -0.4194294
v 0.1392418 2.565255 -0.6917343
v 0.7009068 2.565255 -0.08133051
v 0.3116947 2.723817 -0.3980054
v 0.7758914 2.12609 -0.9907103
v 0.3116947 2.723817 -0.3980054
v -0.09978724 2.565255 -0.698518
v 0.7758914 2.12609 -0.9907103
v 0.001031762 2.833963 -0.001338533
v -0.1540266 2.833963 -0.12086
v -0.09978724 2.565255 -0.698518
v 0.3116947 2.723817 -0.3980054
v 0.1560901 2.833963 0.1181829
v 0.001031762 2.833963 -0.001338533
v 0.3116947 2.723817 -0.3980054
v 0.7009068 2.565255 -0.08133051
v 0.2939414 2.565255 0.6414697
v 0.4748444 2.723817 0.1734493
v 1.181985 2.12609 0.4317713
v 0.4748444 2.723817 0.1734493
v 0.6334944 2.565255 -0.3107566
v 1.181985 2.12609 0.4317713
v 0.001591851 2.833963 0.0005676362
v 0.06734798 2.833963 -0.1838357
v 0.6334944 2.565255 -0.3107566
v 0.4748444 2.723817 0.1734493
v -0.06416428 2.833963 0.184971
v 0.001591851 2.833963 0.0005676362
v 0.4748444 2.723817 0.1734493
v 0.2939414 2.565255 0.6414697
v -0.5192407 2.565255 0.4777805
v -0.01822463 2.723817 0.5052028
v -0.04538447 2.12609 1.257559
v -0.01822463 2.723817 0.5052028
v 0.4913082 2.565255 0.5064596
v -0.04538447 2.12609 1.257559
v -4.794333E-05 2.833963 0.00168935
v 0.1956499 2.833963 0.007243205
v 0.4913082 2.565255 0.5064596
v -0.01822463 2.723817 0.5052028
v -0.1957457 2.833963 -0.003864504
v -4.794333E-05 2.833963 0.00168935
v -0.01822463 2.723817 0.5052028
v -0.5192407 2.565255 0.4777805
v -0.3449312 2.469124 0.6983181
v 0.1819324 2.644147 0.5275212
v 0.4528491 1.984367 1.313122
v 0.1819324 2.644147 0.5275212
v 0.7071721 2.469124 0.3263944
v 0.4528491 1.984367 1.313122
v 0.0006217507 2.765728 0.001758817
v 0.2043668 2.765728 -0.07026605
v 0.7071721 2.469124 0.3263944
v 0.1819324 2.644147 0.5275212
v -0.2031233 2.765728 0.07378369
v 0.0006217507 2.765728 0.001758817
v 0.1819324 2.644147 0.5275212
v -0.3449312 2.469124 0.6983181
v 0.5575498 2.469124 0.5438416
v 0.5579225 2.644147 -0.01001441
v 1.388791 1.984367 -0.02490663
v 0.5579225 2.644147 -0.01001441
v 0.5289481 2.469124 -0.5716985
v 1.388791 1.984367 -0.02490663
v 0.001864866 2.765728 -4.781379E-05
v -0.003673982 2.765728 -0.2160777
v 0.5289481 2.469124 -0.5716985
v 0.5579225 2.644147 -0.01001441
v 0.007403714 2.765728 0.215982
v 0.001864866 2.765728 -4.781379E-05
v 0.5579225 2.644147 -0.01001441
v 0.5575498 2.469124 0.5438416
v 0.6895162 2.469124 -0.3622058
v 0.1628828 2.644147 -0.5337108
v 0.4054713 1.984367 -1.328516
v 0.1628828 2.644147 -0.5337108
v -0.3802645 2.469124 -0.6797239
v 0.4054713 1.984367 -1.328516
v 0.0005307999 2.765728 -0.001788369
v -0.2066375 2.765728 -0.06327733
v -0.3802645 2.469124 -0.6797239
v 0.1628828 2.644147 -0.5337108
v 0.2076991 2.765728 0.05970059
v 0.0005307999 2.765728 -0.001788369
v 0.1628828 2.644147 -0.5337108
v 0.6895162 2.469124 -0.3622058
v -0.1314067 2.469124 -0.7676961
v -0.4572557 2.644147 -0.3198358
v -1.138197 1.984367 -0.7961587
v -0.4572557 2.644147 -0.3198358
v -0.7639636 2.469124 0.1516074
v -1.138197 1.984367 -0.7961587
v -0.001536814 2.765728 -0.001057455
v -0.1240346 2.765728 0.1769702
v -0.7639636 2.469124 0.1516074
v -0.4572557 2.644147 -0.3198358
v 0.120961 2.765728 -0.1790852
v -0.001536814 2.765728 -0.001057455
v -0.4572557 2.644147 -0.3198358
v -0.1314067 2.469124 -0.7676961
v -0.7707297 2.469124 -0.1122556
v -0.4454817 2.644147 0.3360416
v -1.108914 1.984367 0.8364637
v -0.4454817 2.644147 0.3360416
v -0.09189013 2.469124 0.7734221
v -1.108914 1.984367 0.8364637
v -0.001480601 2.765728 0.001134826
v 0.12998 2.765728 0.1726507
v -0.09189013 2.469124 0.7734221
v -0.4454817 2.644147 0.3360416
v -0.1329412 2.765728 -0.170381
v -0.001480601 2.765728 0.001134826
v -0.4454817 2.644147 0.3360416
v -0.7707297 2.469124 -0.1122556
v -0.8186314 2.180204 0.2901889
v -0.2646164 2.37538 0.5631972
v -0.6587095 1.639631 1.40191
v -0.2646164 2.37538 0.5631972
v 0.3116778 2.180204 0.8106935
v -0.6587095 1.639631 1.40191
v -0.0008701354 2.51096 0.001889555
v 0.2180198 2.51096 0.1026878
v 0.3116778 2.180204 0.8106935
v -0.2646164 2.37538 0.5631972
v -0.2197601 2.51096 -0.09890872
v -0.0008701354 2.51096 0.001889555
v -0.2646164 2.37538 0.5631972
v -0.8186314 2.180204 0.2901889
v -0.5289569 2.180204 -0.6888915
v -0.6174033 2.37538 -0.07762776
v -1.536848 1.639631 -0.1932561
v -0.6174033 2.37538 -0.07762776
v -0.6747017 2.180204 0.5469411
v -1.536848 1.639631 -0.1932561
v -0.00206596 2.51096 -0.0002436438
v -0.03029015 2.51096 0.2390814
v -0.6747017 2.180204 0.5469411
v -0.6174033 2.37538 -0.07762776
v 0.02615823 2.51096 -0.2395687
v -0.00206596 2.51096 -0.0002436438
v -0.6174033 2.37538 -0.07762776
v -0.5289569 2.180204 -0.6888915
v 0.4917187 2.180204 -0.7159469
v -0.1169593 2.37538 -0.6111739
v -0.2911136 1.639631 -1.52135
v -0.1169593 2.37538 -0.6111739
v -0.7286659 2.180204 -0.472666
v -0.2911136 1.639631 -1.52135
v -0.0004066964 2.51096 -0.002040136
v -0.2367402 2.51096 0.04507241
v -0.7286659 2.180204 -0.472666
v -0.1169593 2.37538 -0.6111739
v 0.2359268 2.51096 -0.04915268
v -0.0004066964 2.51096 -0.002040136
v -0.1169593 2.37538 -0.6111739
v 0.4917187 2.180204 -0.7159469
v 0.8328549 2.180204 0.2464133
v 0.5451187 2.37538 -0.3000974
v 1.356931 1.639631 -0.7469869
v 0.5451187 2.37538 -0.3000974
v 0.2243626 2.180204 -0.8390639
v 1.356931 1.639631 -0.7469869
v 0.001814609 2.51096 -0.001017226
v -0.1160229 2.51096 -0.2112252
v 0.2243626 2.180204 -0.8390639
v 0.5451187 2.37538 -0.3000974
v 0.1196521 2.51096 0.2091908
v 0.001814609 2.51096 -0.001017226
v 0.5451187 2.37538 -0.3000974
v 0.8328549 2.180204 0.2464133
v 0.02301377 2.180204 0.8682383
v 0.4538609 2.37538 0.4257035
v 1.129742 1.639631 1.059686
v 0.4538609 2.37538 0.4257035
v 0.8673294 2.180204 -0.04590383
v 1.129742 1.639631 1.059686
v 0.001528186 2.51096 0.001411456
v 0.1650341 2.51096 -0.1756167
v 0.8673294 2.180204 -0.04590383
v 0.4538609 2.37538 0.4257035
v -0.1619777 2.51096 0.1784396
v 0.001528186 2.51096 0.001411456
v 0.4538609 2.37538 0.4257035
v 0.02301377 2.180204 0.8682383
v 0.4092172 1.997477 0.886893
v 0.657936 2.216969 0.2383762
v 1.637737 1.389558 0.5933955
v 0.657936 2.216969 0.2383762
v 0.8757922 1.997477 -0.4324649
v 1.637737 1.389558 0.5933955
v 0.002205591 2.36944 0.0007799807
v 0.09256016 2.36944 -0.2547202
v 0.8757922 1.997477 -0.4324649
v 0.657936 2.216969 0.2383762
v -0.08814897 2.36944 0.2562802
v 0.002205591 2.36944 0.0007799807
v 0.657936 2.216969 0.2383762
v 0.4092172 1.997477 0.886893
v 0.9699401 1.997477 -0.1151237
v 0.4300224 2.216969 -0.5520719
v 1.070441 1.389558 -1.374211
v 0.4300224 2.216969 -0.5520719
v -0.1406639 1.997477 -0.9665666
v 1.070441 1.389558 -1.374211
v 0.00142337 2.36944 -0.001856614
v -0.2136506 2.36944 -0.1667427
v -0.1406639 1.997477 -0.9665666
v 0.4300224 2.216969 -0.5520719
v 0.2164973 2.36944 0.1630295
v 0.00142337 2.36944 -0.001856614
v 0.4300224 2.216969 -0.5520719
v 0.9699401 1.997477 -0.1151237
v 0.190238 1.997477 -0.9580435
v -0.392168 2.216969 -0.5795751
v -0.9761693 1.389558 -1.442704
v -0.392168 2.216969 -0.5795751
v -0.9627274 1.997477 -0.1649054
v -0.9761693 1.389558 -1.442704
v -0.001325901 2.36944 -0.00192743
v -0.2246034 2.36944 0.1516677
v -0.9627274 1.997477 -0.1649054
v -0.392168 2.216969 -0.5795751
v 0.2219515 2.36944 -0.1555226
v -0.001325901 2.36944 -0.00192743
v -0.392168 2.216969 -0.5795751
v 0.190238 1.997477 -0.9580435
v -0.8523667 1.997477 -0.4769783
v -0.6723949 2.216969 0.1938757
v -1.673745 1.389558 0.482573
v -0.6723949 2.216969 0.1938757
v -0.4543329 1.997477 0.8646497
v -1.673745 1.389558 0.482573
v -0.00224282 2.36944 0.0006653994
v 0.07483841 2.36944 0.2604783
v -0.4543329 1.997477 0.8646497
v -0.6723949 2.216969 0.1938757
v -0.07932405 2.36944 -0.2591475
v -0.00224282 2.36944 0.0006653994
v -0.6723949 2.216969 0.1938757
v -0.8523667 1.997477 -0.4769783
v -0.717029 1.997477 0.6632547
v -0.02339462 2.216969 0.6993965
v -0.05826116 1.389558 1.740949
v -0.02339462 2.216969 0.6993965
v 0.6819342 1.997477 0.6992876
v -0.05826116 1.389558 1.740949
v -6.02367E-05 2.36944 0.002338668
v 0.2708559 2.36944 0.009316611
v 0.6819342 1.997477 0.6992876
v -0.02339462 2.216969 0.6993965
v -0.2709764 2.36944 -0.004639274
v -6.02367E-05 2.36944 0.002338668
v -0.02339462 2.216969 0.6993965
v -0.717029 1.997477 0.6632547
v -0.4925579 1.586527 0.9712574
v 0.2465875 1.831247 0.7402291
v 0.6137816 0.9087338 1.842601
v 0.2465875 1.831247 0.7402291
v 0.9839098 1.586527 0.4667715
v 0.6137816 0.9087338 1.842601
v 0.0008433569 2.001243 0.002468234
v 0.2867686 2.001243 -0.09522796
v 0.9839098 1.586527 0.4667715
v 0.2465875 1.831247 0.7402291
v -0.2850819 2.001243 0.1001644
v 0.0008433569 2.001243 0.002468234
v 0.2465875 1.831247 0.7402291
v -0.4925579 1.586527 0.9712574
v -1.07593 1.586527 -0.1683154
v -0.6278 1.831247 0.463262
v -1.562749 0.9087338 1.153136
v -0.6278 1.831247 0.463262
v -0.1398813 1.586527 1.079994
v -1.562749 0.9087338 1.153136
v -0.002086818 2.001243 0.001564806
v 0.1791836 2.001243 0.2433061
v -0.1398813 1.586527 1.079994
v -0.6278 1.831247 0.463262
v -0.1833572 2.001243 -0.2401765
v -0.002086818 2.001243 0.001564806
v -0.6278 1.831247 0.463262
v -1.07593 1.586527 -0.1683154
v -0.1724026 1.586527 -1.075282
v -0.6345892 1.831247 -0.453918
v -1.579613 0.9087338 -1.129925
v -0.6345892 1.831247 -0.453918
v -1.070362 1.586527 0.2007011
v -1.579613 0.9087338 -1.129925
v -0.002133081 2.001243 -0.001501132
v -0.1760273 2.001243 0.2455994
v -1.070362 1.586527 0.2007011
v -0.6345892 1.831247 -0.453918
v 0.1717611 2.001243 -0.2486017
v -0.002133081 2.001243 -0.001501132
v -0.6345892 1.831247 -0.453918
v -0.1724026 1.586527 -1.075282
v 0.9693792 1.586527 -0.4962443
v 0.2356033 1.831247 -0.7437982
v 0.5864964 0.9087338 -1.851467
v 0.2356033 1.831247 -0.7437982
v -0.5216372 1.586527 -0.9559546
v 0.5864964 0.9087338 -1.851467
v 0.0007685047 2.001243 -0.002492555
v -0.2879742 2.001243 -0.09151771
v -0.5216372 1.586527 -0.9559546
v 0.2356033 1.831247 -0.7437982
v 0.2895112 2.001243 0.0865326
v 0.0007685047 2.001243 -0.002492555
v 0.2356033 1.831247 -0.7437982
v 0.9693792 1.586527 -0.4962443
v 0.7715111 1.586527 0.7685866
v 0.7801996 1.831247 -0.005774248
v 1.942087 0.9087338 -0.01434341
v 0.7801996 1.831247 -0.005774248
v 0.7479722 1.586527 -0.7915127
v 1.942087 0.9087338 -0.01434341
v 0.002608042 2.001243 -3.935044E-05
v -0.001950393 2.001243 -0.3021603
v 0.7479722 1.586527 -0.7915127
v 0.7801996 1.831247 -0.005774248
v 0.007166477 2.001243 0.3020816
v 0.002608042 2.001243 -3.935044E-05
v 0.7801996 1.831247 -0.005774248
v 0.7715111 1.586527 0.7685866
v 1.129897 1.304442 0.3451118
v 0.7450468 1.569928 -0.4016808
v 1.854599 0.5691326 -0.9998425
v 0.7450468 1.569928 -0.4016808
v 0.3151929 1.304442 -1.138606
v 1.854599 0.5691326 -0.9998425
v 0.002480354 1.75435 -0.001361954
v -0.1552912 1.75435 -0.2886913
v 0.3151929 1.304442 -1.138606
v 0.7450468 1.569928 -0.4016808
v 0.1602519 1.75435 0.2859674
v 0.002480354 1.75435 -0.001361954
v 0.7450468 1.569928 -0.4016808
v 1.129897 1.304442 0.3451118
v 0.6773782 1.304442 -0.9679508
v -0.151789 1.569928 -0.8327077
v -0.377804 0.5691326 -2.072797
v -0.151789 1.569928 -0.8327077
v -0.9854786 1.304442 -0.6516148
v -0.377804 0.5691326 -2.072797
v -0.0005288239 1.75435 -0.002779823
v -0.3225493 1.75435 0.05848022
v -0.9854786 1.304442 -0.6516148
v -0.151789 1.569928 -0.8327077
v 0.3214917 1.75435 -0.06403986
v -0.0005288239 1.75435 -0.002779823
v -0.151789 1.569928 -0.8327077
v 0.6773782 1.304442 -0.9679508
v -0.7112554 1.304442 -0.9433377
v -0.8388577 1.569928 -0.1129603
v -2.088095 0.5691326 -0.2812149
v -0.8388577 1.569928 -0.1129603
v -0.9242517 1.304442 0.7358866
v -2.088095 0.5691326 -0.2812149
v -0.002807186 1.75435 -0.0003560692
v -0.04405498 1.75435 0.324834
v -0.9242517 1.304442 0.7358866
v -0.8388577 1.569928 -0.1129603
v 0.03844061 1.75435 -0.3255462
v -0.002807186 1.75435 -0.0003560692
v -0.8388577 1.569928 -0.1129603
v -0.7112554 1.304442 -0.9433377
v -1.116957 1.304442 0.3849368
v -0.3666526 1.569928 0.7628943
v -0.9127075 0.5691326 1.898996
v -0.3666526 1.569928 0.7628943
v 0.4142605 1.304442 1.106417
v -0.9127075 0.5691326 1.898996
v -0.001206109 1.75435 0.00255976
v 0.2953218 1.75435 0.1422779
v 0.4142605 1.304442 1.106417
v -0.3666526 1.569928 0.7628943
v -0.297734 1.75435 -0.1371584
v -0.001206109 1.75435 0.00255976
v -0.3666526 1.569928 0.7628943
v -1.116957 1.304442 0.3849368
v 0.02093816 1.304442 1.181242
v 0.612254 1.569928 0.5844547
v 1.524011 0.5691326 1.454859
v 0.612254 1.569928 0.5844547
v 1.180279 1.304442 -0.05208379
v 1.524011 0.5691326 1.454859
v 0.002061769 1.75435 0.001938087
v 0.2265738 1.75435 -0.2369015
v 1.180279 1.304442 -0.05208379
v 0.612254 1.569928 0.5844547
v -0.2224503 1.75435 0.2407777
v 0.002061769 1.75435 0.001938087
v 0.612254 1.569928 0.5844547
v 0.02093816 1.304442 1.181242
v 0.4812346 1.062123 1.078973
v 0.7920616 1.327609 0.2984634
v 1.971603 0.3268133 0.742971
v 0.7920616 1.327609 0.2984634
v 1.065906 1.062123 -0.509523
v 1.971603 0.3268133 0.742971
v 0.002655514 1.512031 0.0009774049
v 0.1158801 1.512031 -0.3066428
v 1.065906 1.062123 -0.509523
v 0.7920616 1.327609 0.2984634
v -0.1105691 1.512031 0.3085976
v 0.002655514 1.512031 0.0009774049
v 0.7920616 1.327609 0.2984634
v 0.4812346 1.062123 1.078973
v -0.8774549 1.062123 0.7911023
v -0.03909517 1.327609 0.8455256
v -0.09734888 0.3268133 2.104696
v -0.03909517 1.327609 0.8455256
v 0.8139682 1.062123 0.856286
v -0.09734888 0.3268133 2.104696
v -0.0001089685 1.512031 0.002827578
v 0.3274435 1.512031 0.01545072
v 0.8139682 1.062123 0.856286
v -0.03909517 1.327609 0.8455256
v -0.3276614 1.512031 -0.009795559
v -0.0001089685 1.512031 0.002827578
v -0.03909517 1.327609 0.8455256
v -0.8774549 1.062123 0.7911023
v -1.023532 1.062123 -0.5900454
v -0.8162239 1.327609 0.2240999
v -2.031768 0.3268133 0.5578023
v -0.8162239 1.327609 0.2240999
v -0.5628466 1.062123 1.038737
v -2.031768 0.3268133 0.5578023
v -0.00272286 1.512031 0.0007701342
v 0.08649106 1.512031 0.3161919
v -0.5628466 1.062123 1.038737
v -0.8162239 1.327609 0.2240999
v -0.09193678 1.512031 -0.3146516
v -0.00272286 1.512031 0.0007701342
v -0.8162239 1.327609 0.2240999
v -1.023532 1.062123 -0.5900454
v 0.2448788 1.062123 -1.15577
v -0.4653582 1.327609 -0.7070246
v -1.158351 0.3268133 -1.759956
v -0.4653582 1.327609 -0.7070246
v -1.161826 1.062123 -0.2143124
v -1.158351 0.3268133 -1.759956
v -0.001573849 1.512031 -0.00235161
v -0.2739892 1.512031 0.1799663
v -1.161826 1.062123 -0.2143124
v -0.4653582 1.327609 -0.7070246
v 0.2708415 1.512031 -0.1846695
v -0.001573849 1.512031 -0.00235161
v -0.4653582 1.327609 -0.7070246
v 0.2448788 1.062123 -1.15577
v 1.174875 1.062123 -0.1242591
v 0.5286168 1.327609 -0.6610646
v 1.315868 0.3268133 -1.645514
v 0.5286168 1.327609 -0.6610646
v -0.1552008 1.062123 -1.171189
v 1.315868 0.3268133 -1.645514
v 0.001750169 1.512031 -0.002223508
v -0.2558255 1.512031 -0.2049666
v -0.1552008 1.062123 -1.171189
v 0.5286168 1.327609 -0.6610646
v 0.2593258 1.512031 0.2005196
v 0.001750169 1.512031 -0.002223508
v 0.5286168 1.327609 -0.6610646
v 1.174875 1.062123 -0.1242591
v 1.252029 0.7177922 -0.6172786
v 0.3163517 1.03148 -0.9487534
v 0.7875049 -0.1510193 -2.361642
v 0.3163517 1.03148 -0.9487534
v -0.6500837 0.7177922 -1.235314
v 0.7875049 -0.1510193 -2.361642
v 0.001033179 1.249385 -0.003179791
v -0.3673203 1.249385 -0.1228653
v -0.6500837 0.7177922 -1.235314
v 0.3163517 1.03148 -0.9487534
v 0.3693867 1.249385 0.1165057
v 0.001033179 1.249385 -0.003179791
v 0.3163517 1.03148 -0.9487534
v 1.252029 0.7177922 -0.6172786
v -0.200169 0.7177922 -1.3815
v -0.8045602 1.03148 -0.5940491
v -2.002703 -0.1510193 -1.478749
v -0.8045602 1.03148 -0.5940491
v -1.37574 0.7177922 0.2365337
v -2.002703 -0.1510193 -1.478749
v -0.002704891 1.249385 -0.00196522
v -0.23036 1.249385 0.3113749
v -1.37574 0.7177922 0.2365337
v -0.8045602 1.03148 -0.5940491
v 0.2249502 1.249385 -0.3153054
v -0.002704891 1.249385 -0.00196522
v -0.8045602 1.03148 -0.5940491
v -0.200169 0.7177922 -1.3815
v -1.37574 0.7177922 -0.2365344
v -0.8135969 1.03148 0.5816112
v -2.025242 -0.1510193 1.447726
v -0.8135969 1.03148 0.5816112
v -0.2001697 0.7177922 1.3815
v -2.025242 -0.1510193 1.447726
v -0.002704892 1.249385 0.001965219
v 0.2249501 1.249385 0.3153055
v -0.2001697 0.7177922 1.3815
v -0.8135969 1.03148 0.5816112
v -0.2303599 1.249385 -0.3113751
v -0.002704892 1.249385 0.001965219
v -0.8135969 1.03148 0.5816112
v -1.37574 0.7177922 -0.2365344
v -0.6500845 0.7177922 1.235313
v 0.3017299 1.03148 0.9535043
v 0.7510349 -0.1510193 2.373492
v 0.3017299 1.03148 0.9535043
v 1.252028 0.7177922 0.6172795
v 0.7510349 -0.1510193 2.373492
v 0.001033177 1.249385 0.003179792
v 0.3693868 1.249385 -0.1165055
v 1.252028 0.7177922 0.6172795
v 0.3017299 1.03148 0.9535043
v -0.3673204 1.249385 0.1228651
v 0.001033177 1.249385 0.003179792
v 0.3017299 1.03148 0.9535043
v -0.6500845 0.7177922 1.235313
v 0.9739656 0.7177922 0.9999999
v 1.000076 1.03148 0.007686837
v 2.489407 -0.1510193 0.01917261
v 1.000076 1.03148 0.007686837
v 0.9739656 0.7177922 -0.9999999
v 2.489407 -0.1510193 0.01917261
v 0.003343431 1.249385 -5.537295E-11
v 0.003343424 1.249385 -0.3873098
v 0.9739656 0.7177922 -0.9999999
v 1.000076 1.03148 0.007686837
v 0.003343437 1.249385 0.3873098
v 0.003343431 1.249385 -5.537295E-11
v 1.000076 1.03148 0.007686837
v 0.9739656 0.7177922 0.9999999
vt 0.1055803 0.263465
vt 0.1055803 0.263465
vt 0.1055803 0.263465
vt 0.09973597 0.2637907
vt 0.09973597 0.2637907
vt 0.1055803 0.263465
vt 0.1055803 0.263465
vt 0.09973597 0.2637907
vt 0.09973597 0.2637907
vt 0.09973597 0.2637907
vt 0.09973597 0.2637907
vt 0.1055803 0.263465
vt 0.1055803 0.263465
vt 0.09973597 0.2637907
vt 0.09973597 0.2637907
vt 0.1055803 0.263465
vt 0.09973597 0.2637907
vt 0.1055803 0.263465
vt 0.09973597 0.2637907
vt 0.09973597 0.2637907
vt 0.09973597 0.2637907
vt 0.1055803 0.263465
vt 0.09973597 0.2637907
vt 0.09973597 0.2637907
vt 0.09973597 0.2637907
vt 0.09973597 0.2637907
vt 0.09973597 0.2637907
vt 0.1055803 0.263465
vt 0.1055803 0.263465
vt 0.09973597 0.2637907
vt 0.09973597 0.2637907
vt 0.09973597 0.2637907
vt 0.1055803 0.263465
vt 0.09973597 0.2637907
vt 0.09973597 0.2637907
vt 0.09973597 0.2637907
vt 0.09973597 0.2637907
vt 0.09973597 0.2637907
vt 0.09973597 0.2637907
vt 0.09973597 0.2637907
vt 0.09973597 0.2637907
vt 0.09973597 0.2637907
vt 0.1055803 0.263465
vt 0.09973597 0.2637907
vt 0.09973597 0.2637907
vt 0.1055803 0.263465
vt 0.09973597 0.2637907
vt 0.09973597 0.2637907
vt 0.09973597 0.2637907
vt 0.1055803 0.263465
vt 0.1055803 0.263465
vt 0.1055803 0.263465
vt 0.09973597 0.2637907
vt 0.09973597 0.2637907
vt 0.09973597 0.2637907
vt 0.09973597 0.2637907
vt 0.1055803 0.263465
vt 0.09973597 0.2637907
vt 0.1055803 0.263465
vt 0.09973597 0.2637907
vt 0.1055803 0.263465
vt 0.1055803 0.263465
vt 0.09973597 0.2637907
vt 0.09973597 0.2637907
vt 0.09973597 0.2637907
vt 0.1055803 0.263465
vt 0.1055803 0.263465
vt 0.09973597 0.2637907
vt 0.09973597 0.2637907
vt 0.09973597 0.2637907
vt 0.1055803 0.263465
vt 0.09973597 0.2637907
vt 0.09973597 0.2637907
vt 0.09973597 0.2637907
vt 0.1055803 0.263465
vt 0.1055803 0.263465
vt 0.09973597 0.2637907
vt 0.09973597 0.2637907
vt 0.09973597 0.2637907
vt 0.09973597 0.2637907
vt 0.1055803 0.263465
vt 0.09973597 0.2637907
vt 0.09973597 0.2637907
vt 0.09973597 0.2637907
vt 0.1055803 0.263465
vt 0.09973597 0.2637907
vt 0.09973597 0.2637907
vt 0.09973597 0.2637907
vt 0.09973597 0.2637907
vt 0.1055803 0.263465
vt 0.09973597 0.2637907
vt 0.1055803 0.263465
vt 0.09973597 0.2637907
vt 0.1055803 0.263465
vt 0.1055803 0.263465
vt 0.09973597 0.2637907
vt 0.1055803 0.263465
vt 0.09973597 0.2637907
vt 0.1055803 0.263465
vt 0.09973597 0.2637907
vt 0.1055803 0.263465
vt 0.1055803 0.263465
vt 0.09973597 0.2637907
vt 0.09973597 0.2637907
vt 0.09973597 0.2637907
vt 0.09973597 0.2637907
vt 0.1055803 0.263465
vt 0.1055803 0.263465
vt 0.1055803 0.263465
vt 0.09973597 0.2637907
vt 0.1055803 0.263465
vt 0.1055803 0.263465
vt 0.1055803 0.263465
vt 0.09973597 0.2637907
vt 0.09973597 0.2637907
vt 0.09973597 0.2637907
vt 0.1055803 0.263465
vt 0.09973597 0.2637907
vt 0.1055803 0.263465
vt 0.09973597 0.2637907
vt 0.1055803 0.263465
vt 0.09973597 0.2637907
vt 0.1055803 0.263465
vt 0.09973597 0.2637907
vt 0.09973597 0.2637907
vt 0.1055803 0.263465
vt 0.1055803 0.263465
vt 0.09973597 0.2637907
vt 0.09973597 0.2637907
vt 0.09973597 0.2637907
vt 0.09973597 0.2637907
vt 0.1055803 0.263465
vt 0.1055803 0.263465
vt 0.09973597 0.2637907
vt 0.09973597 0.2637907
vt 0.09973597 0.2637907
vt 0.09973597 0.2637907
vt 0.1055803 0.263465
vt 0.1055803 0.263465
vt 0.09973597 0.2637907
vt 0.09973597 0.2637907
vt 0.1055803 0.263465
vt 0.09973597 0.2637907
vt 0.1055803 0.263465
vt 0.09973597 0.2637907
vt 0.09973597 0.2637907
vt 0.1055803 0.263465
vt 0.1055803 0.263465
vt 0.1055803 0.263465
vt 0.09973597 0.2637907
vt 0.09973597 0.2637907
vt 0.09973597 0.2637907
vt 0.09973597 0.2637907
vt 0.1055803 0.263465
vt 0.09973597 0.2637907
vt 0.09973597 0.2637907
vt 0.1055803 0.263465
vt 0.09973597 0.2637907
vt 0.09973597 0.2637907
vt 0.09973597 0.2637907
vt 0.1055803 0.263465
vt 0.09973597 0.2637907
vt 0.1055803 0.263465
vt 0.09973597 0.2637907
vt 0.1055803 0.263465
vt 0.09973597 0.2637907
vt 0.09973597 0.2637907
vt 0.09973597 0.2637907
vt 0.09973597 0.2637907
vt 0.09973597 0.2637907
vt 0.09973597 0.2637907
vt 0.09973597 0.2637907
vt 0.09973597 0.2637907
vt 0.09973597 0.2637907
vt 0.1055803 0.263465
vt 0.09973597 0.2637907
vt 0.09973597 0.2637907
vt 0.09973597 0.2637907
vt 0.09973597 0.2637907
vt 0.1055803 0.263465
vt 0.09973597 0.2637907
vt 0.1055803 0.263465
vt 0.09973597 0.2637907
vt 0.09973597 0.2637907
vt 0.09973597 0.2637907
vt 0.09973597 0.2637907
vt 0.09973597 0.2637907
vt 0.09973597 0.2637907
vt 0.09973597 0.2637907
vt 0.09973597 0.2637907
vt 0.1055803 0.263465
vt 0.09973597 0.2637907
vt 0.09973597 0.2637907
vt 0.1055803 0.263465
vt 0.09973597 0.2637907
vt 0.09973597 0.2637907
vt 0.09973597 0.2637907
vt 0.1055803 0.263465
vt 0.09973597 0.2637907
vt 0.09973597 0.2637907
vt 0.09973597 0.2637907
vt 0.09973597 0.2637907
vt 0.1055803 0.263465
vt 0.09973597 0.2637907
vt 0.09973597 0.2637907
vt 0.1055803 0.263465
vt 0.1055803 0.263465
vt 0.09973597 0.2637907
vt 0.1055803 0.263465
vt 0.1055803 0.263465
vt 0.09973597 0.2637907
vt 0.09973597 0.2637907
vt 0.1055803 0.263465
vt 0.09973597 0.2637907
vt 0.09973597 0.2637907
vt 0.09973597 0.2637907
vt 0.1055803 0.263465
vt 0.09973597 0.2637907
vt 0.09973597 0.2637907
vt 0.1055803 0.263465
vt 0.09973597 0.2637907
vt 0.1055803 0.263465
vt 0.1055803 0.263465
vt 0.09973597 0.2637907
vt 0.1055803 0.263465
vt 0.09973597 0.2637907
vt 0.09973597 0.2637907
vt 0.09973597 0.2637907
vt 0.1055803 0.263465
vt 0.09973597 0.2637907
vt 0.09973597 0.2637907
vt 0.09973597 0.2637907
vt 0.09973597 0.2637907
vt 0.1055803 0.263465
vt 0.09973597 0.2637907
vt 0.09973597 0.2637907
vt 0.09973597 0.2637907
vt 0.09973597 0.2637907
vt 0.1055803 0.263465
vt 0.09973597 0.2637907
vt 0.09973597 0.2637907
vt 0.09973597 0.2637907
vt 0.09973597 0.2637907
vt 0.1055803 0.263465
vt 0.09973597 0.2637907
vt 0.09973597 0.2637907
vt 0.09973597 0.2637907
vt 0.09973597 0.2637907
vt 0.09973597 0.2637907
vt 0.09973597 0.2637907
vt 0.1055803 0.263465
vt 0.09973597 0.2637907
vt 0.09973597 0.2637907
vt 0.09973597 0.2637907
vt 0.1055803 0.263465
vt 0.09973597 0.2637907
vt 0.09973597 0.2637907
vt 0.09973597 0.2637907
vt 0.09973597 0.2637907
vt 0.09973597 0.2637907
vt 0.09973597 0.2637907
vt 0.09973597 0.2637907
vt 0.09973597 0.2637907
vt 0.09973597 0.2637907
vt 0.1055803 0.263465
vt 0.09973597 0.2637907
vt 0.09973597 0.2637907
vt 0.09973597 0.2637907
vt 0.09973597 0.2637907
vt 0.1055803 0.263465
vt 0.09973597 0.2637907
vt 0.09973597 0.2637907
vt 0.09973597 0.2637907
vt 0.09973597 0.2637907
vt 0.09973597 0.2637907
vt 0.09973597 0.2637907
vt 0.09973597 0.2637907
vt 0.09973597 0.2637907
vt 0.09973597 0.2637907
vt 0.09973597 0.2637907
vt 0.1055803 0.263465
vt 0.09973597 0.2637907
vt 0.09973597 0.2637907
vt 0.09973597 0.2637907
vt 0.09973597 0.2637907
vt 0.09973597 0.2637907
vt 0.09973597 0.2637907
vt 0.09973597 0.2637907
vt 0.09973597 0.2637907
vt 0.09973597 0.2637907
vt 0.09973597 0.2637907
vt 0.09973597 0.2637907
vt 0.1055803 0.263465
vt 0.09973597 0.2637907
vt 0.09973597 0.2637907
vt 0.09973597 0.2637907
vt 0.1055803 0.263465
vt 0.09973597 0.2637907
vt 0.09973597 0.2637907
vt 0.09973597 0.2637907
vt 0.09973597 0.2637907
vt 0.09973597 0.2637907
vt 0.09973597 0.2637907
vt 0.09973597 0.2637907
vt 0.09973597 0.2637907
vt 0.09973597 0.2637907
vt 0.1055803 0.263465
vt 0.09973597 0.2637907
vt 0.09973597 0.2637907
vt 0.09973597 0.2637907
vt 0.09973597 0.2637907
vt 0.1055803 0.263465
vt 0.09973597 0.2637907
vt 0.09973597 0.2637907
vt 0.09973597 0.2637907
vt 0.1055803 0.263465
vt 0.09973597 0.2637907
vt 0.09973597 0.2637907
vt 0.09973597 0.2637907
vt 0.1055803 0.263465
vt 0.1055803 0.263465
vt 0.09973597 0.2637907
vt 0.1055803 0.263465
vt 0.09973597 0.2637907
vt 0.09973597 0.2637907
vt 0.1055803 0.263465
vt 0.09973597 0.2637907
vt 0.09973597 0.2637907
vt 0.1055803 0.263465
vt 0.09973597 0.2637907
vt 0.1055803 0.263465
vt 0.1055803 0.263465
vt 0.09973597 0.2637907
vt 0.09973597 0.2637907
vt 0.1055803 0.263465
vt 0.1055803 0.263465
vt 0.09973597 0.2637907
vt 0.1055803 0.263465
vt 0.1055803 0.263465
vt 0.09973597 0.2637907
vt 0.1055803 0.263465
vt 0.1055803 0.263465
vt 0.09973597 0.2637907
vt 0.09973597 0.2637907
vt 0.1055803 0.263465
vt 0.1055803 0.263465
vt 0.09973597 0.2637907
vt 0.09973597 0.2637907
vt 0.1055803 0.263465
vt 0.09973597 0.2637907
vt 0.1055803 0.263465
vt 0.1055803 0.263465
vt 0.09973597 0.2637907
vt 0.1055803 0.263465
vt 0.1055803 0.263465
vt 0.09973597 0.2637907
vt 0.1055803 0.263465
vt 0.09973597 0.2637907
vt 0.09973597 0.2637907
vt 0.1055803 0.263465
vt 0.09973597 0.2637907
vt 0.1055803 0.263465
vt 0.1055803 0.263465
vt 0.09973597 0.2637907
vt 0.09973597 0.2637907
vt 0.09973597 0.2637907
vt 0.09973597 0.2637907
vt 0.09973597 0.2637907
vt 0.09973597 0.2637907
vt 0.1055803 0.263465
vt 0.1055803 0.263465
vt 0.09973597 0.2637907
vt 0.1055803 0.263465
vt 0.1055803 0.263465
vt 0.1055803 0.263465
vt 0.09973597 0.2637907
vt 0.09973597 0.2637907
vt 0.1055803 0.263465
vt 0.09973597 0.2637907
vt 0.09973597 0.2637907
vt 0.09973597 0.2637907
vt 0.09973597 0.2637907
vt 0.1055803 0.263465
vt 0.09973597 0.2637907
vt 0.1055803 0.263465
vt 0.1055803 0.263465
vt 0.1055803 0.263465
vt 0.1055803 0.263465
vt 0.1055803 0.263465
vt 0.1055803 0.263465
vt 0.09973597 0.2637907
vt 0.09973597 0.2637907
vt 0.1055803 0.263465
vt 0.09973597 0.2637907
vt 0.09973597 0.2637907
vt 0.09973597 0.2637907
vt 0.1055803 0.263465
vt 0.09973597 0.2637907
vt 0.09973597 0.2637907
vt 0.1055803 0.263465
vt 0.09973597 0.2637907
vt 0.1055803 0.263465
vt 0.1055803 0.263465
vt 0.09973597 0.2637907
vt 0.1055803 0.263465
vt 0.1055803 0.263465
vt 0.09973597 0.2637907
vt 0.09973597 0.2637907
vt 0.1055803 0.263465
vt 0.1055803 0.263465
vt 0.1055803 0.263465
vt 0.09973597 0.2637907
vt 0.09973597 0.2637907
vt 0.1055803 0.263465
vt 0.09973597 0.2637907
vt 0.09973597 0.2637907
vt 0.09973597 0.2637907
vt 0.09973597 0.2637907
vt 0.09973597 0.2637907
vt 0.09973597 0.2637907
vt 0.1055803 0.263465
vt 0.1055803 0.263465
vt 0.09973597 0.2637907
vt 0.1055803 0.263465
vt 0.09973597 0.2637907
vt 0.1055803 0.263465
vt 0.09973597 0.2637907
vt 0.09973597 0.2637907
vt 0.09973597 0.2637907
vt 0.09973597 0.2637907
vt 0.09973597 0.2637907
vt 0.09973597 0.2637907
vt 0.09973597 0.2637907
vt 0.09973597 0.2637907
vt 0.09973597 0.2637907
vt 0.1055803 0.263465
vt 0.09973597 0.2637907
vt 0.09973597 0.2637907
vt 0.09973597 0.2637907
vt 0.09973597 0.2637907
vt 0.1055803 0.263465
vt 0.09973597 0.2637907
vt 0.09973597 0.2637907
vt 0.09973597 0.2637907
vt 0.09973597 0.2637907
vt 0.09973597 0.2637907
vt 0.09973597 0.2637907
vt 0.09973597 0.2637907
vt 0.09973597 0.2637907
vt 0.09973597 0.2637907
vt 0.09973597 0.2637907
vt 0.09973597 0.2637907
vt 0.09973597 0.2637907
vt 0.1055803 0.263465
vt 0.09973597 0.2637907
vt 0.09973597 0.2637907
vt 0.1055803 0.263465
vt 0.1055803 0.263465
vt 0.1055803 0.263465
vt 0.09973597 0.2637907
vt 0.1055803 0.263465
vt 0.1055803 0.263465
vt 0.09973597 0.2637907
vt 0.09973597 0.2637907
vt 0.09973597 0.2637907
vt 0.09973597 0.2637907
vt 0.09973597 0.2637907
vt 0.09973597 0.2637907
vt 0.1055803 0.263465
vt 0.1055803 0.263465
vt 0.09973597 0.2637907
vt 0.1055803 0.263465
vt 0.1055803 0.263465
vt 0.1055803 0.263465
vt 0.09973597 0.2637907
vt 0.09973597 0.2637907
vt 0.1055803 0.263465
vt 0.09973597 0.2637907
vt 0.09973597 0.2637907
vt 0.09973597 0.2637907
vt 0.09973597 0.2637907
vt 0.09973597 0.2637907
vt 0.09973597 0.2637907
vt 0.1055803 0.263465
vt 0.09973597 0.2637907
vt 0.09973597 0.2637907
vt 0.1055803 0.263465
vt 0.09973597 0.2637907
vt 0.1055803 0.263465
vt 0.09973597 0.2637907
vt 0.09973597 0.2637907
vt 0.1055803 0.263465
vt 0.09973597 0.2637907
vt 0.09973597 0.2637907
vt 0.09973597 0.2637907
vt 0.09973597 0.2637907
vt 0.09973597 0.2637907
vt 0.1055803 0.263465
vt 0.1055803 0.263465
vt 0.09973597 0.2637907
vt 0.09973597 0.2637907
vt 0.1055803 0.263465
vt 0.1055803 0.263465
vt 0.1055803 0.263465
vt 0.09973597 0.2637907
vt 0.09973597 0.2637907
vt 0.1055803 0.263465
vt 0.1055803 0.263465
vt 0.09973597 0.2637907
vt 0.09973597 0.2637907
vt 0.09973597 0.2637907
vt 0.09973597 0.2637907
vt 0.09973597 0.2637907
vt 0.1055803 0.263465
vt 0.1055803 0.263465
vt 0.09973597 0.2637907
vt 0.1055803 0.263465
vt 0.09973597 0.2637907
vt 0.1055803 0.263465
vt 0.09973597 0.2637907
vt 0.09973597 0.2637907
vt 0.09973597 0.2637907
vt 0.1055803 0.263465
vt 0.09973597 0.2637907
vt 0.09973597 0.2637907
vt 0.09973597 0.2637907
vt 0.09973597 0.2637907
vt 0.09973597 0.2637907
vt 0.1055803 0.263465
vt 0.09973597 0.2637907
vt 0.09973597 0.2637907
vt 0.09973597 0.2637907
vt 0.09973597 0.2637907
vt 0.1055803 0.263465
vt 0.09973597 0.2637907
vt 0.09973597 0.2637907
vt 0.09973597 0.2637907
vt 0.09973597 0.2637907
vt 0.09973597 0.2637907
vt 0.09973597 0.2637907
vt 0.09973597 0.2637907
vt 0.09973597 0.2637907
vt 0.09973597 0.2637907
vt 0.1055803 0.263465
vt 0.09973597 0.2637907
vt 0.09973597 0.2637907
vt 0.1055803 0.263465
vt 0.09973597 0.2637907
vt 0.1055803 0.263465
vt 0.09973597 0.2637907
vt 0.1055803 0.263465
vt 0.1055803 0.263465
vt 0.09973597 0.2637907
vt 0.1055803 0.263465
vt 0.09973597 0.2637907
vt 0.09973597 0.2637907
vt 0.09973597 0.2637907
vt 0.09973597 0.2637907
vt 0.1055803 0.263465
vt 0.09973597 0.2637907
vt 0.09973597 0.2637907
vt 0.1055803 0.263465
vt 0.1055803 0.263465
vt 0.09973597 0.2637907
vt 0.09973597 0.2637907
vt 0.1055803 0.263465
vt 0.1055803 0.263465
vt 0.09973597 0.2637907
vt 0.09973597 0.2637907
vt 0.1055803 0.263465
vt 0.09973597 0.2637907
vt 0.09973597 0.2637907
vt 0.09973597 0.2637907
vt 0.09973597 0.2637907
vt 0.09973597 0.2637907
vt 0.09973597 0.2637907
vt 0.1055803 0.263465
vt 0.09973597 0.2637907
vt 0.09973597 0.2637907
vt 0.1055803 0.263465
vt 0.09973597 0.2637907
vt 0.1055803 0.263465
vt 0.09973597 0.2637907
vt 0.09973597 0.2637907
vt 0.1055803 0.263465
vt 0.09973597 0.2637907
vt 0.1055803 0.263465
vt 0.09973597 0.2637907
vt 0.09973597 0.2637907
vt 0.1055803 0.263465
vt 0.09973597 0.2637907
vt 0.1055803 0.263465
vt 0.1055803 0.263465
vt 0.09973597 0.2637907
vt 0.1055803 0.263465
vt 0.09973597 0.2637907
vt 0.1055803 0.263465
vt 0.09973597 0.2637907
vt 0.09973597 0.2637907
vt 0.1055803 0.263465
vt 0.09973597 0.2637907
vt 0.1055803 0.263465
vt 0.1055803 0.263465
vt 0.09973597 0.2637907
vt 0.1055803 0.263465
vt 0.1055803 0.263465
vt 0.1055803 0.263465
vt 0.09973597 0.2637907
vt 0.1055803 0.263465
vt 0.1055803 0.263465
vt 0.09973597 0.2637907
vt 0.09973597 0.2637907
vt 0.09973597 0.2637907
vt 0.1055803 0.263465
vt 0.09973597 0.2637907
vt 0.1055803 0.263465
vt 0.1055803 0.263465
vt 0.1055803 0.263465
vt 0.1055803 0.263465
vt 0.1055803 0.263465
vt 0.1055803 0.263465
vt 0.09973597 0.2637907
vt 0.1055803 0.263465
vt 0.1055803 0.263465
vt 0.09973597 0.2637907
vt 0.1055803 0.263465
vt 0.09973597 0.2637907
vt 0.1055803 0.263465
vt 0.1055803 0.263465
vt 0.09973597 0.2637907
vt 0.09973597 0.2637907
vt 0.1055803 0.263465
vt 0.1055803 0.263465
vt 0.09973597 0.2637907
vt 0.1055803 0.263465
vt 0.09973597 0.2637907
vt 0.09973597 0.2637907
vt 0.1055803 0.263465
vt 0.09973597 0.2637907
vt 0.09973597 0.2637907
vt 0.1055803 0.263465
vt 0.09973597 0.2637907
vt 0.1055803 0.263465
vt 0.09973597 0.2637907
vt 0.09973597 0.2637907
vt 0.09973597 0.2637907
vt 0.1055803 0.263465
vt 0.1055803 0.263465
vt 0.09973597 0.2637907
vt 0.1055803 0.263465
vt 0.1055803 0.263465
vt 0.09973597 0.2637907
vt 0.1055803 0.263465
vt 0.1055803 0.263465
vt 0.09973597 0.2637907
vt 0.09973597 0.2637907
vt 0.1055803 0.263465
vt 0.1055803 0.263465
vt 0.1055803 0.263465
vt 0.09973597 0.2637907
vt 0.1055803 0.263465
vt 0.09973597 0.2637907
vt 0.1055803 0.263465
vt 0.1055803 0.263465
vt 0.09973597 0.2637907
vt 0.1055803 0.263465
vt 0.1055803 0.263465
vt 0.09973597 0.2637907
vt 0.1055803 0.263465
vt 0.09973597 0.2637907
vt 0.09973597 0.2637907
vt 0.1055803 0.263465
vt 0.1055803 0.263465
vt 0.09973597 0.2637907
vt 0.09973597 0.2637907
vt 0.09973597 0.2637907
vt 0.09973597 0.2637907
vt 0.09973597 0.2637907
vt 0.09973597 0.2637907
vt 0.09973597 0.2637907
vt 0.09973597 0.2637907
vt 0.09973597 0.2637907
vt 0.1055803 0.263465
vt 0.09973597 0.2637907
vt 0.09973597 0.2637907
vt 0.09973597 0.2637907
vt 0.09973597 0.2637907
vt 0.09973597 0.2637907
vt 0.09973597 0.2637907
vt 0.09973597 0.2637907
vt 0.09973597 0.2637907
vt 0.09973597 0.2637907
vt 0.09973597 0.2637907
vt 0.09973597 0.2637907
vt 0.1055803 0.263465
vt 0.09973597 0.2637907
vt 0.09973597 0.2637907
vt 0.09973597 0.2637907
vt 0.1055803 0.263465
vt 0.09973597 0.2637907
vt 0.09973597 0.2637907
vt 0.09973597 0.2637907
vt 0.09973597 0.2637907
vt 0.09973597 0.2637907
vt 0.09973597 0.2637907
vt 0.09973597 0.2637907
vt 0.1055803 0.263465
vt 0.09973597 0.2637907
vt 0.1055803 0.263465
vt 0.1055803 0.263465
vt 0.09973597 0.2637907
vt 0.09973597 0.2637907
vt 0.1055803 0.263465
vt 0.1055803 0.263465
vt 0.09973597 0.2637907
vt 0.1055803 0.263465
vt 0.09973597 0.2637907
vt 0.09973597 0.2637907
vt 0.1055803 0.263465
vt 0.09973597 0.2637907
vt 0.6218749 0.5026686
vt 0.6312499 0.4945436
vt 0.6218749 0.5026686
vt 0.6312499 0.4945436
vt 0.6218749 0.5026686
vt 0.6218749 0.5026686
vt 0.6312499 0.4945436
vt 0.6218749 0.5026686
vt 0.6218749 0.5026686
vt 0.6312499 0.4945436
vt 0.6218749 0.5026686
vt 0.6312499 0.4945436
vt 0.6312499 0.4945436
vt 0.6218749 0.5026686
vt 0.6218749 0.5026686
vt 0.6312499 0.4945436
vt 0.6218749 0.5026686
vt 0.6312499 0.4945436
vt 0.6218749 0.5026686
vt 0.6218749 0.5026686
vt 0.6312499 0.4945436
vt 0.6218749 0.5026686
vt 0.6218749 0.5026686
vt 0.6312499 0.4945436
vt 0.6218749 0.5026686
vt 0.6312499 0.4945436
vt 0.6312499 0.4945436
vt 0.6218749 0.5026686
vt 0.6218749 0.5026686
vt 0.6312499 0.4945436
vt 0.6218749 0.5026686
vt 0.6312499 0.4945436
vt 0.6218749 0.5026686
vt 0.6218749 0.5026686
vt 0.6312499 0.4945436
vt 0.6218749 0.5026686
vt 0.6218749 0.5026686
vt 0.6312499 0.4945436
vt 0.6218749 0.5026686
vt 0.6312499 0.4945436
vt 0.6312499 0.4945436
vt 0.6218749 0.5026686
vt 0.6218749 0.5026686
vt 0.6312499 0.4945436
vt 0.6218749 0.5026686
vt 0.6312499 0.4945436
vt 0.6218749 0.5026686
vt 0.6218749 0.5026686
vt 0.6312499 0.4945436
vt 0.6218749 0.5026686
vt 0.6218749 0.5026686
vt 0.6312499 0.4945436
vt 0.6218749 0.5026686
vt 0.6312499 0.4945436
vt 0.6312499 0.4945436
vt 0.6218749 0.5026686
vt 0.6218749 0.5026686
vt 0.6312499 0.4945436
vt 0.6218749 0.5026686
vt 0.6312499 0.4945436
vt 0.6218749 0.5026686
vt 0.6218749 0.5026686
vt 0.6312499 0.4945436
vt 0.6218749 0.5026686
vt 0.6218749 0.5026686
vt 0.6312499 0.4945436
vt 0.6218749 0.5026686
vt 0.6312499 0.4945436
vt 0.6312499 0.4945436
vt 0.6218749 0.5026686
vt 0.6218749 0.5026686
vt 0.6312499 0.4945436
vt 0.6218749 0.5026686
vt 0.6312499 0.4945436
vt 0.6218749 0.5026686
vt 0.6218749 0.5026686
vt 0.6312499 0.4945436
vt 0.6218749 0.5026686
vt 0.6218749 0.5026686
vt 0.6312499 0.4945436
vt 0.6218749 0.5026686
vt 0.6312499 0.4945436
vt 0.6312499 0.4945436
vt 0.6218749 0.5026686
vt 0.6218749 0.5026686
vt 0.6312499 0.4945436
vt 0.6218749 0.5026686
vt 0.6312499 0.4945436
vt 0.6218749 0.5026686
vt 0.6218749 0.5026686
vt 0.6312499 0.4945436
vt 0.6218749 0.5026686
vt 0.6218749 0.5026686
vt 0.6312499 0.4945436
vt 0.6218749 0.5026686
vt 0.6312499 0.4945436
vt 0.6312499 0.4945436
vt 0.6218749 0.5026686
vt 0.6218749 0.5026686
vt 0.6312499 0.4945436
vt 0.6218749 0.5026686
vt 0.6312499 0.4945436
vt 0.6218749 0.5026686
vt 0.6218749 0.5026686
vt 0.6312499 0.4945436
vt 0.6218749 0.5026686
vt 0.6218749 0.5026686
vt 0.6312499 0.4945436
vt 0.6218749 0.5026686
vt 0.6312499 0.4945436
vt 0.6312499 0.4945436
vt 0.6218749 0.5026686
vt 0.6218749 0.5026686
vt 0.6312499 0.4945436
vt 0.6218749 0.5026686
vt 0.6312499 0.4945436
vt 0.6218749 0.5026686
vt 0.6218749 0.5026686
vt 0.6312499 0.4945436
vt 0.6218749 0.5026686
vt 0.6218749 0.5026686
vt 0.6312499 0.4945436
vt 0.6218749 0.5026686
vt 0.6312499 0.4945436
vt 0.6312499 0.4945436
vt 0.6218749 0.5026686
vt 0.6218749 0.5026686
vt 0.6312499 0.4945436
vt 0.6218749 0.5026686
vt 0.6312499 0.4945436
vt 0.6218749 0.5026686
vt 0.6218749 0.5026686
vt 0.6312499 0.4945436
vt 0.6218749 0.5026686
vt 0.6218749 0.5026686
vt 0.6312499 0.4945436
vt 0.6218749 0.5026686
vt 0.6312499 0.4945436
vt 0.6312499 0.4945436
vt 0.6218749 0.5026686
vt 0.6218749 0.5026686
vt 0.6312499 0.4945436
vt 0.6218749 0.5026686
vt 0.6312499 0.4945436
vt 0.6218749 0.5026686
vt 0.6218749 0.5026686
vt 0.6312499 0.4945436
vt 0.6218749 0.5026686
vt 0.6218749 0.5026686
vt 0.6312499 0.4945436
vt 0.6218749 0.5026686
vt 0.6312499 0.4945436
vt 0.6312499 0.4945436
vt 0.6218749 0.5026686
vt 0.6218749 0.5026686
vt 0.6312499 0.4945436
vt 0.6218749 0.5026686
vt 0.6312499 0.4945436
vt 0.6218749 0.5026686
vt 0.6218749 0.5026686
vt 0.6312499 0.4945436
vt 0.6218749 0.5026686
vt 0.6218749 0.5026686
vt 0.6312499 0.4945436
vt 0.6218749 0.5026686
vt 0.6312499 0.4945436
vt 0.6312499 0.4945436
vt 0.6218749 0.5026686
vt 0.6218749 0.5026686
vt 0.6312499 0.4945436
vt 0.6218749 0.5026686
vt 0.6312499 0.4945436
vt 0.6218749 0.5026686
vt 0.6218749 0.5026686
vt 0.6312499 0.4945436
vt 0.6218749 0.5026686
vt 0.6218749 0.5026686
vt 0.6312499 0.4945436
vt 0.6218749 0.5026686
vt 0.6312499 0.4945436
vt 0.6312499 0.4945436
vt 0.6218749 0.5026686
vt 0.6218749 0.5026686
vt 0.6312499 0.4945436
vt 0.6218749 0.5026686
vt 0.6312499 0.4945436
vt 0.6218749 0.5026686
vt 0.6218749 0.5026686
vt 0.6312499 0.4945436
vt 0.6218749 0.5026686
vt 0.6218749 0.5026686
vt 0.6312499 0.4945436
vt 0.6218749 0.5026686
vt 0.6312499 0.4945436
vt 0.6312499 0.4945436
vt 0.6218749 0.5026686
vt 0.6218749 0.5026686
vt 0.6312499 0.4945436
vt 0.6218749 0.5026686
vt 0.6312499 0.4945436
vt 0.6218749 0.5026686
vt 0.6218749 0.5026686
vt 0.6312499 0.4945436
vt 0.6218749 0.5026686
vt 0.6218749 0.5026686
vt 0.6312499 0.4945436
vt 0.6218749 0.5026686
vt 0.6312499 0.4945436
vt 0.6312499 0.4945436
vt 0.6218749 0.5026686
vt 0.6218749 0.5026686
vt 0.6312499 0.4945436
vt 0.6218749 0.5026686
vt 0.6312499 0.4945436
vt 0.6218749 0.5026686
vt 0.6218749 0.5026686
vt 0.6312499 0.4945436
vt 0.6218749 0.5026686
vt 0.6218749 0.5026686
vt 0.6312499 0.4945436
vt 0.6218749 0.5026686
vt 0.6312499 0.4945436
vt 0.6312499 0.4945436
vt 0.6218749 0.5026686
vt 0.6218749 0.5026686
vt 0.6312499 0.4945436
vt 0.6218749 0.5026686
vt 0.6312499 0.4945436
vt 0.6218749 0.5026686
vt 0.6218749 0.5026686
vt 0.6312499 0.4945436
vt 0.6218749 0.5026686
vt 0.6218749 0.5026686
vt 0.6312499 0.4945436
vt 0.6218749 0.5026686
vt 0.6312499 0.4945436
vt 0.6312499 0.4945436
vt 0.6218749 0.5026686
vt 0.6218749 0.5026686
vt 0.6312499 0.4945436
vt 0.6218749 0.5026686
vt 0.6312499 0.4945436
vt 0.6218749 0.5026686
vt 0.6218749 0.5026686
vt 0.6312499 0.4945436
vt 0.6218749 0.5026686
vt 0.6218749 0.5026686
vt 0.6312499 0.4945436
vt 0.6218749 0.5026686
vt 0.6312499 0.4945436
vt 0.6312499 0.4945436
vt 0.6218749 0.5026686
vt 0.6218749 0.5026686
vt 0.6312499 0.4945436
vt 0.6218749 0.5026686
vt 0.6312499 0.4945436
vt 0.6218749 0.5026686
vt 0.6218749 0.5026686
vt 0.6312499 0.4945436
vt 0.6218749 0.5026686
vt 0.6218749 0.5026686
vt 0.6312499 0.4945436
vt 0.6218749 0.5026686
vt 0.6312499 0.4945436
vt 0.6312499 0.4945436
vt 0.6218749 0.5026686
vt 0.6218749 0.5026686
vt 0.6312499 0.4945436
vt 0.6218749 0.5026686
vt 0.6312499 0.4945436
vt 0.6218749 0.5026686
vt 0.6218749 0.5026686
vt 0.6312499 0.4945436
vt 0.6218749 0.5026686
vt 0.6218749 0.5026686
vt 0.6312499 0.4945436
vt 0.6218749 0.5026686
vt 0.6312499 0.4945436
vt 0.6312499 0.4945436
vt 0.6218749 0.5026686
vt 0.6218749 0.5026686
vt 0.6312499 0.4945436
vt 0.6218749 0.5026686
vt 0.6312499 0.4945436
vt 0.6218749 0.5026686
vt 0.6218749 0.5026686
vt 0.6312499 0.4945436
vt 0.6218749 0.5026686
vt 0.6218749 0.5026686
vt 0.6312499 0.4945436
vt 0.6218749 0.5026686
vt 0.6312499 0.4945436
vt 0.6312499 0.4945436
vt 0.6218749 0.5026686
vt 0.6218749 0.5026686
vt 0.6312499 0.4945436
vt 0.6218749 0.5026686
vt 0.6312499 0.4945436
vt 0.6218749 0.5026686
vt 0.6218749 0.5026686
vt 0.6312499 0.4945436
vt 0.6218749 0.5026686
vt 0.6218749 0.5026686
vt 0.6312499 0.4945436
vt 0.6218749 0.5026686
vt 0.6312499 0.4945436
vt 0.6312499 0.4945436
vt 0.6218749 0.5026686
vt 0.6218749 0.5026686
vt 0.6312499 0.4945436
vt 0.6218749 0.5026686
vt 0.6312499 0.4945436
vt 0.6218749 0.5026686
vt 0.6218749 0.5026686
vt 0.6312499 0.4945436
vt 0.6218749 0.5026686
vt 0.6218749 0.5026686
vt 0.6312499 0.4945436
vt 0.6218749 0.5026686
vt 0.6312499 0.4945436
vt 0.6312499 0.4945436
vt 0.6218749 0.5026686
vt 0.6218749 0.5026686
vt 0.6312499 0.4945436
vt 0.6218749 0.5026686
vt 0.6312499 0.4945436
vt 0.6218749 0.5026686
vt 0.6218749 0.5026686
vt 0.6312499 0.4945436
vt 0.6218749 0.5026686
vt 0.6218749 0.5026686
vt 0.6312499 0.4945436
vt 0.6218749 0.5026686
vt 0.6312499 0.4945436
vt 0.6312499 0.4945436
vt 0.6218749 0.5026686
vt 0.6218749 0.5026686
vt 0.6312499 0.4945436
vt 0.6218749 0.5026686
vt 0.6312499 0.4945436
vt 0.6218749 0.5026686
vt 0.6218749 0.5026686
vt 0.6312499 0.4945436
vt 0.6218749 0.5026686
vt 0.6218749 0.5026686
vt 0.6312499 0.4945436
vt 0.6218749 0.5026686
vt 0.6312499 0.4945436
vt 0.6312499 0.4945436
vt 0.6218749 0.5026686
vt 0.6218749 0.5026686
vt 0.6312499 0.4945436
vt 0.6218749 0.5026686
vt 0.6312499 0.4945436
vt 0.6218749 0.5026686
vt 0.6218749 0.5026686
vt 0.6312499 0.4945436
vt 0.6218749 0.5026686
vt 0.6218749 0.5026686
vt 0.6312499 0.4945436
vt 0.6218749 0.5026686
vt 0.6312499 0.4945436
vt 0.6312499 0.4945436
vt 0.6218749 0.5026686
vt 0.6218749 0.5026686
vt 0.6312499 0.4945436
vt 0.6218749 0.5026686
vt 0.6312499 0.4945436
vt 0.6218749 0.5026686
vt 0.6218749 0.5026686
vt 0.6312499 0.4945436
vt 0.6218749 0.5026686
vt 0.6218749 0.5026686
vt 0.6312499 0.4945436
vt 0.6218749 0.5026686
vt 0.6312499 0.4945436
vt 0.6312499 0.4945436
vt 0.6218749 0.5026686
vt 0.6218749 0.5026686
vt 0.6312499 0.4945436
vt 0.6218749 0.5026686
vt 0.6312499 0.4945436
vt 0.6218749 0.5026686
vt 0.6218749 0.5026686
vt 0.6312499 0.4945436
vt 0.6218749 0.5026686
vt 0.6218749 0.5026686
vt 0.6312499 0.4945436
vt 0.6218749 0.5026686
vt 0.6312499 0.4945436
vt 0.6312499 0.4945436
vt 0.6218749 0.5026686
vt 0.6218749 0.5026686
vt 0.6312499 0.4945436
vt 0.6218749 0.5026686
vt 0.6312499 0.4945436
vt 0.6218749 0.5026686
vt 0.6218749 0.5026686
vt 0.6312499 0.4945436
vt 0.6218749 0.5026686
vt 0.6218749 0.5026686
vt 0.6312499 0.4945436
vt 0.6218749 0.5026686
vt 0.6312499 0.4945436
vt 0.6312499 0.4945436
vt 0.6218749 0.5026686
vt 0.6218749 0.5026686
vt 0.6312499 0.4945436
vt 0.6218749 0.5026686
vt 0.6312499 0.4945436
vt 0.6218749 0.5026686
vt 0.6218749 0.5026686
vt 0.6312499 0.4945436
vt 0.6218749 0.5026686
vt 0.6218749 0.5026686
vt 0.6312499 0.4945436
vt 0.6218749 0.5026686
vt 0.6312499 0.4945436
vt 0.6312499 0.4945436
vt 0.6218749 0.5026686
vt 0.6218749 0.5026686
vt 0.6312499 0.4945436
vt 0.6218749 0.5026686
vt 0.6312499 0.4945436
vt 0.6218749 0.5026686
vt 0.6218749 0.5026686
vt 0.6312499 0.4945436
vt 0.6218749 0.5026686
vt 0.6218749 0.5026686
vt 0.6312499 0.4945436
vt 0.6218749 0.5026686
vt 0.6312499 0.4945436
vt 0.6312499 0.4945436
vt 0.6218749 0.5026686
vt 0.6218749 0.5026686
vt 0.6312499 0.4945436
vt 0.6218749 0.5026686
vt 0.6312499 0.4945436
vt 0.6218749 0.5026686
vt 0.6218749 0.5026686
vt 0.6312499 0.4945436
vt 0.6218749 0.5026686
vt 0.6218749 0.5026686
vt 0.6312499 0.4945436
vt 0.6218749 0.5026686
vt 0.6312499 0.4945436
vt 0.6312499 0.4945436
vt 0.6218749 0.5026686
vt 0.6218749 0.5026686
vt 0.6312499 0.4945436
vt 0.6218749 0.5026686
vt 0.6312499 0.4945436
vt 0.6218749 0.5026686
vt 0.6218749 0.5026686
vt 0.6312499 0.4945436
vt 0.6218749 0.5026686
vt 0.6218749 0.5026686
vt 0.6312499 0.4945436
vt 0.6218749 0.5026686
vt 0.6312499 0.4945436
vt 0.6312499 0.4945436
vt 0.6218749 0.5026686
vt 0.6218749 0.5026686
vt 0.6312499 0.4945436
vt 0.6218749 0.5026686
vt 0.6312499 0.4945436
vt 0.6218749 0.5026686
vt 0.6218749 0.5026686
vt 0.6312499 0.4945436
vt 0.6218749 0.5026686
vt 0.6218749 0.5026686
vt 0.6312499 0.4945436
vt 0.6218749 0.5026686
vt 0.6312499 0.4945436
vt 0.6312499 0.4945436
vt 0.6218749 0.5026686
vt 0.6218749 0.5026686
vt 0.6312499 0.4945436
vt 0.6218749 0.5026686
vt 0.6312499 0.4945436
vt 0.6218749 0.5026686
vt 0.6218749 0.5026686
vt 0.6312499 0.4945436
vt 0.6218749 0.5026686
vt 0.6218749 0.5026686
vt 0.6312499 0.4945436
vt 0.6218749 0.5026686
vt 0.6312499 0.4945436
vt 0.6312499 0.4945436
vt 0.6218749 0.5026686
vt 0.6218749 0.5026686
vt 0.6312499 0.4945436
vt 0.6218749 0.5026686
vt 0.6312499 0.4945436
vt 0.6218749 0.5026686
vt 0.6218749 0.5026686
vt 0.6312499 0.4945436
vt 0.6218749 0.5026686
vt 0.6218749 0.5026686
vt 0.6312499 0.4945436
vt 0.6218749 0.5026686
vt 0.6312499 0.4945436
vt 0.6312499 0.4945436
vt 0.6218749 0.5026686
vt 0.6218749 0.5026686
vt 0.6312499 0.4945436
vt 0.6218749 0.5026686
vt 0.6312499 0.4945436
vt 0.6218749 0.5026686
vt 0.6218749 0.5026686
vt 0.6312499 0.4945436
vt 0.6218749 0.5026686
vt 0.6218749 0.5026686
vt 0.6312499 0.4945436
vt 0.6218749 0.5026686
vt 0.6312499 0.4945436
vt 0.6312499 0.4945436
vt 0.6218749 0.5026686
vt 0.6218749 0.5026686
vt 0.6312499 0.4945436
vt 0.6218749 0.5026686
vt 0.6312499 0.4945436
vt 0.6218749 0.5026686
vt 0.6218749 0.5026686
vt 0.6312499 0.4945436
vt 0.6218749 0.5026686
vt 0.6218749 0.5026686
vt 0.6312499 0.4945436
vt 0.6218749 0.5026686
vt 0.6312499 0.4945436
vt 0.6312499 0.4945436
vt 0.6218749 0.5026686
vt 0.6218749 0.5026686
vt 0.6312499 0.4945436
vt 0.6218749 0.5026686
vt 0.6312499 0.4945436
vt 0.6218749 0.5026686
vt 0.6218749 0.5026686
vt 0.6312499 0.4945436
vt 0.6218749 0.5026686
vt 0.6218749 0.5026686
vt 0.6312499 0.4945436
vt 0.6218749 0.5026686
vt 0.6312499 0.4945436
vt 0.6312499 0.4945436
vt 0.6218749 0.5026686
vt 0.6218749 0.5026686
vt 0.6312499 0.4945436
vt 0.6218749 0.5026686
vt 0.6312499 0.4945436
vt 0.6218749 0.5026686
vt 0.6218749 0.5026686
vt 0.6312499 0.4945436
vt 0.6218749 0.5026686
vt 0.6218749 0.5026686
vt 0.6312499 0.4945436
vt 0.6218749 0.5026686
vt 0.6312499 0.4945436
vt 0.6312499 0.4945436
vt 0.6218749 0.5026686
vt 0.6218749 0.5026686
vt 0.6312499 0.4945436
vt 0.6218749 0.5026686
vt 0.6312499 0.4945436
vt 0.6218749 0.5026686
vt 0.6218749 0.5026686
vt 0.6312499 0.4945436
vt 0.6218749 0.5026686
vt 0.6218749 0.5026686
vt 0.6312499 0.4945436
vt 0.6218749 0.5026686
vt 0.6312499 0.4945436
vt 0.6312499 0.4945436
vt 0.6218749 0.5026686
vt 0.6218749 0.5026686
vt 0.6312499 0.4945436
vt 0.6218749 0.5026686
vt 0.6312499 0.4945436
vt 0.6218749 0.5026686
vt 0.6218749 0.5026686
vt 0.6312499 0.4945436
vt 0.6218749 0.5026686
vt 0.6218749 0.5026686
vt 0.6312499 0.4945436
vt 0.6218749 0.5026686
vt 0.6312499 0.4945436
vt 0.6312499 0.4945436
vt 0.6218749 0.5026686
vt 0.6218749 0.5026686
vt 0.6312499 0.4945436
vt 0.6218749 0.5026686
vt 0.6312499 0.4945436
vt 0.6218749 0.5026686
vt 0.6218749 0.5026686
vt 0.6312499 0.4945436
vt 0.6218749 0.5026686
vt 0.6218749 0.5026686
vt 0.6312499 0.4945436
vt 0.6218749 0.5026686
vt 0.6312499 0.4945436
vt 0.6312499 0.4945436
vt 0.6218749 0.5026686
vt 0.6218749 0.5026686
vt 0.6312499 0.4945436
vt 0.6218749 0.5026686
vt 0.6312499 0.4945436
vt 0.6218749 0.5026686
vt 0.6218749 0.5026686
vt 0.6312499 0.4945436
vt 0.6218749 0.5026686
vt 0.6218749 0.5026686
vt 0.6312499 0.4945436
vt 0.6218749 0.5026686
vt 0.6312499 0.4945436
vt 0.6312499 0.4945436
vt 0.6218749 0.5026686
vt 0.6218749 0.5026686
vt 0.6312499 0.4945436
vt 0.6218749 0.5026686
vt 0.6312499 0.4945436
vt 0.6218749 0.5026686
vt 0.6218749 0.5026686
vt 0.6312499 0.4945436
vt 0.6218749 0.5026686
vt 0.6218749 0.5026686
vt 0.6312499 0.4945436
vt 0.6218749 0.5026686
vt 0.6312499 0.4945436
vt 0.6312499 0.4945436
vt 0.6218749 0.5026686
vt 0.6218749 0.5026686
vt 0.6312499 0.4945436
vt 0.6218749 0.5026686
vt 0.6312499 0.4945436
vt 0.6218749 0.5026686
vt 0.6218749 0.5026686
vt 0.6312499 0.4945436
vt 0.6218749 0.5026686
vt 0.6218749 0.5026686
vt 0.6312499 0.4945436
vt 0.6218749 0.5026686
vt 0.6312499 0.4945436
vt 0.6312499 0.4945436
vt 0.6218749 0.5026686
vt 0.6218749 0.5026686
vt 0.6312499 0.4945436
vt 0.6218749 0.5026686
vt 0.6312499 0.4945436
vt 0.6218749 0.5026686
vt 0.6218749 0.5026686
vt 0.6312499 0.4945436
vt 0.6218749 0.5026686
vt 0.6218749 0.5026686
vt 0.6312499 0.4945436
vt 0.6218749 0.5026686
vt 0.6312499 0.4945436
vt 0.6312499 0.4945436
vt 0.6218749 0.5026686
vt 0.6218749 0.5026686
vt 0.6312499 0.4945436
vt 0.6218749 0.5026686
vt 0.6312499 0.4945436
vt 0.6218749 0.5026686
vt 0.6218749 0.5026686
vt 0.6312499 0.4945436
vt 0.6218749 0.5026686
vt 0.6218749 0.5026686
vt 0.6312499 0.4945436
vt 0.6218749 0.5026686
vt 0.6312499 0.4945436
vt 0.6312499 0.4945436
vt 0.6218749 0.5026686
vt 0.6218749 0.5026686
vt 0.6312499 0.4945436
vt 0.6218749 0.5026686
vt 0.6312499 0.4945436
vt 0.6218749 0.5026686
vt 0.6218749 0.5026686
vt 0.6312499 0.4945436
vt 0.6218749 0.5026686
vt 0.6218749 0.5026686
vt 0.6312499 0.4945436
vt 0.6218749 0.5026686
vt 0.6312499 0.4945436
vt 0.6312499 0.4945436
vt 0.6218749 0.5026686
vt 0.6218749 0.5026686
vt 0.6312499 0.4945436
vt 0.6218749 0.5026686
vt 0.6312499 0.4945436
vt 0.6218749 0.5026686
vt 0.6218749 0.5026686
vt 0.6312499 0.4945436
vt 0.6218749 0.5026686
vt 0.6218749 0.5026686
vt 0.6312499 0.4945436
vt 0.6218749 0.5026686
vt 0.6312499 0.4945436
vt 0.6312499 0.4945436
vt 0.6218749 0.5026686
vn -0.1274613 0.6077508 -0.7838321
vn -0.1274613 0.6077508 -0.7838321
vn -0.1274613 0.6077508 -0.7838321
vn 0.8538109 0.388683 -0.3463127
vn 0.8538109 0.388683 -0.3463127
vn 0.8538109 0.388683 -0.3463127
vn 0.700515 0.0260411 0.7131624
vn 0.700515 0.0260411 0.7131624
vn 0.700515 0.0260411 0.7131624
vn -0.4265273 0.03550874 0.9037774
vn -0.4265273 0.03550874 0.9037774
vn -0.4265273 0.03550874 0.9037774
vn -0.9137388 0.4035309 -0.04737211
vn -0.9137388 0.4035309 -0.04737211
vn -0.9137388 0.4035309 -0.04737211
vn 0.2709607 0.9342961 -0.2316703
vn 0.2709607 0.9342961 -0.2316703
vn 0.2709607 0.9342961 -0.2316703
vn 0.5683087 0.774088 0.27895
vn 0.5683087 0.774088 0.27895
vn 0.5683087 0.774088 0.27895
vn 0.1290558 0.671451 0.7297247
vn 0.1290558 0.671451 0.7297247
vn 0.1290558 0.671451 0.7297247
vn -0.4322564 0.7824931 0.4481729
vn -0.4322564 0.7824931 0.4481729
vn -0.4322564 0.7824931 0.4481729
vn -0.3167703 0.9392346 -0.1322685
vn -0.3167703 0.9392346 -0.1322685
vn -0.3167703 0.9392346 -0.1322685
vn 0.1642402 0.9863705 0.009917722
vn 0.1642402 0.9863705 0.009917722
vn 0.1642402 0.9863705 0.009917722
vn 0.3030766 0.9137177 0.270674
vn 0.3030766 0.9137177 0.270674
vn 0.3030766 0.9137177 0.270674
vn 0.08893522 0.8713367 0.4825587
vn 0.08893522 0.8713367 0.4825587
vn 0.08893522 0.8713367 0.4825587
vn -0.1822521 0.9177948 0.3527561
vn -0.1822521 0.9177948 0.3527561
vn -0.1822521 0.9177948 0.3527561
vn -0.135712 0.9888903 0.06064772
vn -0.135712 0.9888903 0.06064772
vn -0.135712 0.9888903 0.06064772
vn 0.09409936 0.4580954 -0.8839083
vn 0.09409936 0.4580954 -0.8839083
vn 0.09409936 0.4580954 -0.8839083
vn 0.8934789 -0.1376983 -0.4274747
vn 0.8934789 -0.1376983 -0.4274747
vn 0.8934789 -0.1376983 -0.4274747
vn 0.7001302 -0.2044039 0.684132
vn 0.7001302 -0.2044039 0.684132
vn 0.7001302 -0.2044039 0.684132
vn -0.2592373 0.3832096 0.8865362
vn -0.2592373 0.3832096 0.8865362
vn -0.2592373 0.3832096 0.8865362
vn -0.611111 0.7838587 -0.1100407
vn -0.611111 0.7838587 -0.1100407
vn -0.611111 0.7838587 -0.1100407
vn 0.6561473 0.6329811 -0.4108598
vn 0.6561473 0.6329811 -0.4108598
vn 0.6561473 0.6329811 -0.4108598
vn 0.8940662 0.4325391 0.1164282
vn 0.8940662 0.4325391 0.1164282
vn 0.8940662 0.4325391 0.1164282
vn 0.5097425 0.6306698 0.5851651
vn 0.5097425 0.6306698 0.5851651
vn 0.5097425 0.6306698 0.5851651
vn 0.04235784 0.9542108 0.2961211
vn 0.04235784 0.9542108 0.2961211
vn 0.04235784 0.9542108 0.2961211
vn 0.1558528 0.9394125 -0.3053098
vn 0.1558528 0.9394125 -0.3053098
vn 0.1558528 0.9394125 -0.3053098
vn 0.6134679 0.7684221 -0.1821664
vn 0.6134679 0.7684221 -0.1821664
vn 0.6134679 0.7684221 -0.1821664
vn 0.7279574 0.6802652 0.08554019
vn 0.7279574 0.6802652 0.08554019
vn 0.7279574 0.6802652 0.08554019
vn 0.5433937 0.7821666 0.3048584
vn 0.5433937 0.7821666 0.3048584
vn 0.5433937 0.7821666 0.3048584
vn 0.3148376 0.9333016 0.1727004
vn 0.3148376 0.9333016 0.1727004
vn 0.3148376 0.9333016 0.1727004
vn 0.3581391 0.9248113 -0.1282984
vn 0.3581391 0.9248113 -0.1282984
vn 0.3581391 0.9248113 -0.1282984
vn 0.6635041 0.4580958 0.5915324
vn 0.6635041 0.4580958 0.5915324
vn 0.6635041 0.4580958 0.5915324
vn -0.1732361 -0.1376984 0.9752069
vn -0.1732361 -0.1376984 0.9752069
vn -0.1732361 -0.1376984 0.9752069
vn -0.9639527 -0.2044047 0.1703348
vn -0.9639527 -0.2044047 0.1703348
vn -0.9639527 -0.2044047 0.1703348
vn -0.5694122 0.3832102 -0.7272687
vn -0.5694122 0.3832102 -0.7272687
vn -0.5694122 0.3832102 -0.7272687
vn 0.4455247 0.7838611 -0.4325152
vn 0.4455247 0.7838611 -0.4325152
vn 0.4455247 0.7838611 -0.4325152
vn -0.04844359 0.6329823 0.7726491
vn -0.04844359 0.6329823 0.7726491
vn -0.04844359 0.6329823 0.7726491
vn -0.6155981 0.4325385 0.6587483
vn -0.6155981 0.4325385 0.6587483
vn -0.6155981 0.4325385 0.6587483
vn -0.7725837 0.6306701 0.07327745
vn -0.7725837 0.6306701 0.07327745
vn -0.7725837 0.6306701 0.07327745
vn -0.2653348 0.9542106 -0.1381286
vn -0.2653348 0.9542106 -0.1381286
vn -0.2653348 0.9542106 -0.1381286
vn 0.1573053 0.9394127 0.3045636
vn 0.1573053 0.9394127 0.3045636
vn 0.1573053 0.9394127 0.3045636
vn -0.2094295 0.7684222 0.6047037
vn -0.2094295 0.7684222 0.6047037
vn -0.2094295 0.7684222 0.6047037
vn -0.4937026 0.6802644 0.5417545
vn -0.4937026 0.6802644 0.5417545
vn -0.4937026 0.6802644 0.5417545
vn -0.5643921 0.7821665 0.2639642
vn -0.5643921 0.7821665 0.2639642
vn -0.5643921 0.7821665 0.2639642
vn -0.3238107 0.933301 0.155228
vn -0.3238107 0.933301 0.155228
vn -0.3238107 0.933301 0.155228
vn -0.1044247 0.9248109 0.3658145
vn -0.1044247 0.9248109 0.3658145
vn -0.1044247 0.9248109 0.3658145
vn 0.1321244 0.4580965 0.8790283
vn 0.1321244 0.4580965 0.8790283
vn 0.1321244 0.4580965 0.8790283
vn -0.7565973 -0.1376996 0.6392178
vn -0.7565973 -0.1376996 0.6392178
vn -0.7565973 -0.1376996 0.6392178
vn -0.850181 -0.204405 -0.4851916
vn -0.850181 -0.204405 -0.4851916
vn -0.850181 -0.204405 -0.4851916
vn 0.02699875 0.3832098 -0.9232666
vn 0.02699875 0.3832098 -0.9232666
vn 0.02699875 0.3832098 -0.9232666
vn 0.6190901 0.7838627 -0.04782105
vn 0.6190901 0.7838627 -0.04782105
vn 0.6190901 0.7838627 -0.04782105
vn -0.5311497 0.6329818 0.5632176
vn -0.5311497 0.6329818 0.5632176
vn -0.5311497 0.6329818 0.5632176
vn -0.8944958 0.4325382 0.1130834
vn -0.8944958 0.4325382 0.1130834
vn -0.8944958 0.4325382 0.1130834
vn -0.6409739 0.6306694 -0.4375028
vn -0.6409739 0.6306694 -0.4375028
vn -0.6409739 0.6306694 -0.4375028
vn -0.1157529 0.9542109 -0.275831
vn -0.1157529 0.9542109 -0.275831
vn -0.1157529 0.9542109 -0.275831
vn -0.07371457 0.939413 0.3347678
vn -0.07371457 0.939413 0.3347678
vn -0.07371457 0.939413 0.3347678
vn -0.5475945 0.7684235 0.331158
vn -0.5475945 0.7684235 0.331158
vn -0.5475945 0.7684235 0.331158
vn -0.7259706 0.6802641 0.1010317
vn -0.7259706 0.6802641 0.1010317
vn -0.7259706 0.6802641 0.1010317
vn -0.6027625 0.7821652 -0.1577814
vn -0.6027625 0.7821652 -0.1577814
vn -0.6027625 0.7821652 -0.1577814
vn -0.3482389 0.9333026 -0.08761247
vn -0.3482389 0.9333026 -0.08761247
vn -0.3482389 0.9333026 -0.08761247
vn -0.3141424 0.9248109 0.2145678
vn -0.3141424 0.9248109 0.2145678
vn -0.3141424 0.9248109 0.2145678
vn -0.4971393 0.4580958 0.7368858
vn -0.4971393 0.4580958 0.7368858
vn -0.4971393 0.4580958 0.7368858
vn -0.9896336 -0.1376991 -0.04079559
vn -0.9896336 -0.1376991 -0.04079559
vn -0.9896336 -0.1376991 -0.04079559
vn -0.2981569 -0.2044043 -0.9323741
vn -0.2981569 -0.2044043 -0.9323741
vn -0.2981569 -0.2044043 -0.9323741
vn 0.6442745 0.3832094 -0.6618617
vn 0.6442745 0.3832094 -0.6618617
vn 0.6442745 0.3832094 -0.6618617
vn 0.4883927 0.7838603 0.3834523
vn 0.4883927 0.7838603 0.3834523
vn 0.4883927 0.7838603 0.3834523
vn -0.772161 0.6329823 0.05568444
vn -0.772161 0.6329823 0.05568444
vn -0.772161 0.6329823 0.05568444
vn -0.7354027 0.432538 -0.5216261
vn -0.7354027 0.432538 -0.5216261
vn -0.7354027 0.432538 -0.5216261
vn -0.176296 0.6306701 -0.7557612
vn -0.176296 0.6306701 -0.7557612
vn -0.176296 0.6306701 -0.7557612
vn 0.1012736 0.9542105 -0.2814712
vn 0.1012736 0.9542105 -0.2814712
vn 0.1012736 0.9542105 -0.2814712
vn -0.2806978 0.9394128 0.1967544
vn -0.2806978 0.9394128 0.1967544
vn -0.2806978 0.9394128 0.1967544
vn -0.6273395 0.7684222 -0.1263823
vn -0.6273395 0.7684222 -0.1263823
vn -0.6273395 0.7684222 -0.1263823
vn -0.6031088 0.6802644 -0.4165333
vn -0.6031088 0.6802644 -0.4165333
vn -0.6031088 0.6802644 -0.4165333
vn -0.3373179 0.7821655 -0.5238642
vn -0.3373179 0.7821655 -0.5238642
vn -0.3373179 0.7821655 -0.5238642
vn -0.1972795 0.933302 -0.3000471
vn -0.1972795 0.933302 -0.3000471
vn -0.1972795 0.933302 -0.3000471
vn -0.376519 0.9248109 -0.05438832
vn -0.376519 0.9248109 -0.05438832
vn -0.376519 0.9248109 -0.05438832
vn -0.8733708 0.4580744 0.165503
vn -0.8733708 0.4580744 0.165503
vn -0.8733708 0.4580744 0.165503
vn -0.6515862 -0.0999377 -0.7519627
vn -0.6515862 -0.0999377 -0.7519627
vn -0.6515862 -0.0999377 -0.7519627
vn 0.4707351 -0.1704297 -0.8656571
vn 0.4707351 -0.1704297 -0.8656571
vn 0.4707351 -0.1704297 -0.8656571
vn 0.9265038 0.3751281 0.02949006
vn 0.9265038 0.3751281 0.02949006
vn 0.9265038 0.3751281 0.02949006
vn 0.0632 0.7556615 0.651906
vn 0.0632 0.7556615 0.651906
vn 0.0632 0.7556615 0.651906
vn -0.5662436 0.6595817 -0.4942875
vn -0.5662436 0.6595817 -0.4942875
vn -0.5662436 0.6595817 -0.4942875
vn -0.1231974 0.4720539 -0.872919
vn -0.1231974 0.4720539 -0.872919
vn -0.1231974 0.4720539 -0.872919
vn 0.43266 0.6550081 -0.6194915
vn 0.43266 0.6550081 -0.6194915
vn 0.43266 0.6550081 -0.6194915
vn 0.2814247 0.9563897 -0.07822356
vn 0.2814247 0.9563897 -0.07822356
vn 0.2814247 0.9563897 -0.07822356
vn -0.3285676 0.9440805 -0.02748283
vn -0.3285676 0.9440805 -0.02748283
vn -0.3285676 0.9440805 -0.02748283
vn -0.3334174 0.7939699 -0.5083745
vn -0.3334174 0.7939699 -0.5083745
vn -0.3334174 0.7939699 -0.5083745
vn -0.1066931 0.712079 -0.6939453
vn -0.1066931 0.712079 -0.6939453
vn -0.1066931 0.712079 -0.6939453
vn 0.1547261 0.8066583 -0.5704052
vn 0.1547261 0.8066583 -0.5704052
vn 0.1547261 0.8066583 -0.5704052
vn 0.08957032 0.9470047 -0.3084787
vn 0.08957032 0.9470047 -0.3084787
vn 0.08957032 0.9470047 -0.3084787
vn -0.2121198 0.9391646 -0.2701388
vn -0.2121198 0.9391646 -0.2701388
vn -0.2121198 0.9391646 -0.2701388
vn -0.4033476 0.4580764 0.7921342
vn -0.4033476 0.4580764 0.7921342
vn -0.4033476 0.4580764 0.7921342
vn -0.9934475 -0.09993885 0.05544498
vn -0.9934475 -0.09993885 0.05544498
vn -0.9934475 -0.09993885 0.05544498
vn -0.3968248 -0.1704271 -0.9019338
vn -0.3968248 -0.1704271 -0.9019338
vn -0.3968248 -0.1704271 -0.9019338
vn 0.5901009 0.3751287 -0.7148842
vn 0.5901009 0.3751287 -0.7148842
vn 0.5901009 0.3751287 -0.7148842
vn 0.5543604 0.7556618 0.3487978
vn 0.5543604 0.7556618 0.3487978
vn 0.5543604 0.7556618 0.3487978
vn -0.7374033 0.6595816 0.1455625
vn -0.7374033 0.6595816 0.1455625
vn -0.7374033 0.6595816 0.1455625
vn -0.7658978 0.4720552 -0.436537
vn -0.7658978 0.4720552 -0.436537
vn -0.7658978 0.4720552 -0.436537
vn -0.2253842 0.6550077 -0.7212259
vn -0.2253842 0.6550077 -0.7212259
vn -0.2253842 0.6550077 -0.7212259
vn 0.1102766 0.9563895 -0.2704778
vn 0.1102766 0.9563895 -0.2704778
vn 0.1102766 0.9563895 -0.2704778
vn -0.2227371 0.9440804 0.243106
vn -0.2227371 0.9440804 0.243106
vn -0.2227371 0.9440804 0.243106
vn -0.6061191 0.7939701 -0.04723471
vn -0.6061191 0.7939701 -0.04723471
vn -0.6061191 0.7939701 -0.04723471
vn -0.6142235 0.7120775 -0.3401106
vn -0.6142235 0.7120775 -0.3401106
vn -0.6142235 0.7120775 -0.3401106
vn -0.356575 0.8066593 -0.4713332
vn -0.356575 0.8066593 -0.4713332
vn -0.356575 0.8066593 -0.4713332
vn -0.1892335 0.9470047 -0.2595625
vn -0.1892335 0.9470047 -0.2595625
vn -0.1892335 0.9470047 -0.2595625
vn -0.3434577 0.9391646 0.002546063
vn -0.3434577 0.9391646 0.002546063
vn -0.3434577 0.9391646 0.002546063
vn 0.8309209 0.5086808 -0.22542
vn 0.8309209 0.5086808 -0.22542
vn 0.8309209 0.5086808 -0.22542
vn 0.7721941 -0.2118273 0.5990371
vn 0.7721941 -0.2118273 0.5990371
vn 0.7721941 -0.2118273 0.5990371
vn -0.3133431 -0.3382778 0.8873467
vn -0.3133431 -0.3382778 0.8873467
vn -0.3133431 -0.3382778 0.8873467
vn -0.9180257 0.3437916 0.1975759
vn -0.9180257 0.3437916 0.1975759
vn -0.9180257 0.3437916 0.1975759
vn -0.1761361 0.8578699 -0.4827372
vn -0.1761361 0.8578699 -0.4827372
vn -0.1761361 0.8578699 -0.4827372
vn 0.642587 0.5783902 0.5025404
vn 0.642587 0.5783902 0.5025404
vn 0.642587 0.5783902 0.5025404
vn 0.2721057 0.3115761 0.9104278
vn 0.2721057 0.3115761 0.9104278
vn 0.2721057 0.3115761 0.9104278
vn -0.3194821 0.5187234 0.7930051
vn -0.3194821 0.5187234 0.7930051
vn -0.3194821 0.5187234 0.7930051
vn -0.2647199 0.9171053 0.2980627
vn -0.2647199 0.9171053 0.2980627
vn -0.2647199 0.9171053 0.2980627
vn 0.3272537 0.9340786 0.1428364
vn 0.3272537 0.9340786 0.1428364
vn 0.3272537 0.9340786 0.1428364
vn 0.4155712 0.7003744 0.5803243
vn 0.4155712 0.7003744 0.5803243
vn 0.4155712 0.7003744 0.5803243
vn 0.2245451 0.5791405 0.7836937
vn 0.2245451 0.5791405 0.7836937
vn 0.2245451 0.5791405 0.7836937
vn -0.05444174 0.6857386 0.7258089
vn -0.05444174 0.6857386 0.7258089
vn -0.05444174 0.6857386 0.7258089
vn -0.03584219 0.8728532 0.4866647
vn -0.03584219 0.8728532 0.4866647
vn -0.03584219 0.8728532 0.4866647
vn 0.2546405 0.8819008 0.3967483
vn 0.2546405 0.8819008 0.3967483
vn 0.2546405 0.8819008 0.3967483
vn 0.7590991 0.5086804 -0.4062177
vn 0.7590991 0.5086804 -0.4062177
vn 0.7590991 0.5086804 -0.4062177
vn 0.8869721 -0.2118255 0.4103784
vn 0.8869721 -0.2118255 0.4103784
vn 0.8869721 -0.2118255 0.4103784
vn -0.1061237 -0.3382784 0.935043
vn -0.1061237 -0.3382784 0.935043
vn -0.1061237 -0.3382784 0.935043
vn -0.8502308 0.3437923 0.3986407
vn -0.8502308 0.3437923 0.3986407
vn -0.8502308 0.3437923 0.3986407
vn -0.2800194 0.8578707 -0.4308679
vn -0.2800194 0.8578707 -0.4308679
vn -0.2800194 0.8578707 -0.4308679
vn 0.7390088 0.5783902 0.3454431
vn 0.7390088 0.5783902 0.3454431
vn 0.7390088 0.5783902 0.3454431
vn 0.4695608 0.3115763 0.826095
vn 0.4695608 0.3115763 0.826095
vn 0.4695608 0.3115763 0.826095
vn -0.1332866 0.5187241 0.844488
vn -0.1332866 0.5187241 0.844488
vn -0.1332866 0.5187241 0.844488
vn -0.1910455 0.917105 0.3498859
vn -0.1910455 0.917105 0.3498859
vn -0.1910455 0.917105 0.3498859
vn 0.3509696 0.9340779 0.06571717
vn 0.3509696 0.9340779 0.06571717
vn 0.3509696 0.9340779 0.06571717
vn 0.5352531 0.7003738 0.4722082
vn 0.5352531 0.7003738 0.4722082
vn 0.5352531 0.7003738 0.4722082
vn 0.3947624 0.5791407 0.7132733
vn 0.3947624 0.5791407 0.7132733
vn 0.3947624 0.5791407 0.7132733
vn 0.1099006 0.685738 0.7195035
vn 0.1099006 0.685738 0.7195035
vn 0.1099006 0.685738 0.7195035
vn 0.07433447 0.8728533 0.4822877
vn 0.07433447 0.8728533 0.4822877
vn 0.07433447 0.8728533 0.4822877
vn 0.3372145 0.881901 0.3294494
vn 0.3372145 0.881901 0.3294494
vn 0.3372145 0.881901 0.3294494
vn -0.7499585 0.5086816 -0.4228539
vn -0.7499585 0.5086816 -0.4228539
vn -0.7499585 0.5086816 -0.4228539
vn -0.1293034 -0.2118282 -0.9687154
vn -0.1293034 -0.2118282 -0.9687154
vn -0.1293034 -0.2118282 -0.9687154
vn 0.8461201 -0.3382782 -0.4118844
vn 0.8461201 -0.3382782 -0.4118844
vn 0.8461201 -0.3382782 -0.4118844
vn 0.792438 0.3437923 0.5038342
vn 0.792438 0.3437923 0.5038342
vn 0.792438 0.3437923 0.5038342
vn -0.2134946 0.8578702 0.4674172
vn -0.2134946 0.8578702 0.4674172
vn -0.2134946 0.8578702 0.4674172
vn -0.1047596 0.5783902 -0.8090057
vn -0.1047596 0.5783902 -0.8090057
vn -0.1047596 0.5783902 -0.8090057
vn 0.4454285 0.3115783 -0.8393524
vn 0.4454285 0.3115783 -0.8393524
vn 0.4454285 0.3115783 -0.8393524
vn 0.7842559 0.5187245 -0.3403933
vn 0.7842559 0.5187245 -0.3403933
vn 0.7842559 0.5187245 -0.3403933
vn 0.3977713 0.9171048 -0.02639474
vn 0.3977713 0.9171048 -0.02639474
vn 0.3977713 0.9171048 -0.02639474
vn -0.1327554 0.9340778 -0.3314736
vn -0.1327554 0.9340778 -0.3314736
vn -0.1327554 0.9340778 -0.3314736
vn 0.1115072 0.700374 -0.7050124
vn 0.1115072 0.700374 -0.7050124
vn 0.1115072 0.700374 -0.7050124
vn 0.390319 0.57914 -0.7157151
vn 0.390319 0.57914 -0.7157151
vn 0.390319 0.57914 -0.7157151
vn 0.5483463 0.6857377 -0.4786232
vn 0.5483463 0.6857377 -0.4786232
vn 0.5483463 0.6857377 -0.4786232
vn 0.3672011 0.8728536 -0.3213876
vn 0.3672011 0.8728536 -0.3213876
vn 0.3672011 0.8728536 -0.3213876
vn 0.09722102 0.8819007 -0.4613016
vn 0.09722102 0.8819007 -0.4613016
vn 0.09722102 0.8819007 -0.4613016
vn 0.4270035 0.4580743 0.7796384
vn 0.4270035 0.4580743 0.7796384
vn 0.4270035 0.4580743 0.7796384
vn -0.5141191 -0.09993804 0.8518767
vn -0.5141191 -0.09993804 0.8518767
vn -0.5141191 -0.09993804 0.8518767
vn -0.9686882 -0.1704273 -0.1805479
vn -0.9686882 -0.1704273 -0.1805479
vn -0.9686882 -0.1704273 -0.1805479
vn -0.2579329 0.3751279 -0.8903649
vn -0.2579329 0.3751279 -0.8903649
vn -0.2579329 0.3751279 -0.8903649
vn 0.6005648 0.7556618 -0.261337
vn 0.6005648 0.7556618 -0.261337
vn 0.6005648 0.7556618 -0.261337
vn -0.2953692 0.6595817 0.691165
vn -0.2953692 0.6595817 0.691165
vn -0.2953692 0.6595817 0.691165
vn -0.792266 0.4720562 0.3866232
vn -0.792266 0.4720562 0.3866232
vn -0.792266 0.4720562 0.3866232
vn -0.7227902 0.6550079 -0.2203155
vn -0.7227902 0.6550079 -0.2203155
vn -0.7227902 0.6550079 -0.2203155
vn -0.161271 0.9563895 -0.2435383
vn -0.161271 0.9563895 -0.2435383
vn -0.161271 0.9563895 -0.2435383
vn 0.07527771 0.9440805 0.3210066
vn 0.07527771 0.9440805 0.3210066
vn 0.07527771 0.9440805 0.3210066
vn -0.3806341 0.7939703 0.4740558
vn -0.3806341 0.7939703 0.4740558
vn -0.3806341 0.7939703 0.4740558
vn -0.6271281 0.7120776 0.315683
vn -0.6271281 0.7120776 0.315683
vn -0.6271281 0.7120776 0.315683
vn -0.5903109 0.8066586 0.02889535
vn -0.5903109 0.8066586 0.02889535
vn -0.5903109 0.8066586 0.02889535
vn -0.3210632 0.9470047 0.01002146
vn -0.3210632 0.9470047 0.01002146
vn -0.3210632 0.9470047 0.01002146
vn -0.1914731 0.9391647 0.285145
vn -0.1914731 0.9391647 0.285145
vn -0.1914731 0.9391647 0.285145
vn 0.2800452 0.4534774 -0.8461282
vn 0.2800452 0.4534774 -0.8461282
vn 0.2800452 0.4534774 -0.8461282
vn 0.9774272 -0.08498944 -0.1934239
vn 0.9774272 -0.08498944 -0.1934239
vn 0.9774272 -0.08498944 -0.1934239
vn 0.5224401 -0.151751 0.8390637
vn 0.5224401 -0.151751 0.8390637
vn 0.5224401 -0.151751 0.8390637
vn -0.4903994 0.3755365 0.7864354
vn -0.4903994 0.3755365 0.7864354
vn -0.4903994 0.3755365 0.7864354
vn -0.6110199 0.7419572 -0.2759605
vn -0.6110199 0.7419572 -0.2759605
vn -0.6110199 0.7419572 -0.2759605
vn 0.697969 0.6690851 -0.2552731
vn 0.697969 0.6690851 -0.2552731
vn 0.697969 0.6690851 -0.2552731
vn 0.8111849 0.4900357 0.3191303
vn 0.8111849 0.4900357 0.3191303
vn 0.8111849 0.4900357 0.3191303
vn 0.3128598 0.6683173 0.6748856
vn 0.3128598 0.6683173 0.6748856
vn 0.3128598 0.6683173 0.6748856
vn -0.08799484 0.9581493 0.2724092
vn -0.08799484 0.9581493 0.2724092
vn -0.08799484 0.9581493 0.2724092
vn 0.1697892 0.9440559 -0.2827191
vn 0.1697892 0.9440559 -0.2827191
vn 0.1697892 0.9440559 -0.2827191
vn 0.5927104 0.8040153 -0.04747389
vn 0.5927104 0.8040153 -0.04747389
vn 0.5927104 0.8040153 -0.04747389
vn 0.643285 0.7262872 0.2422628
vn 0.643285 0.7262872 0.2422628
vn 0.643285 0.7262872 0.2422628
vn 0.4049886 0.8185789 0.407324
vn 0.4049886 0.8185789 0.407324
vn 0.4049886 0.8185789 0.407324
vn 0.2071366 0.9533465 0.2196015
vn 0.2071366 0.9533465 0.2196015
vn 0.2071366 0.9533465 0.2196015
vn 0.3231522 0.9443478 -0.06148019
vn 0.3231522 0.9443478 -0.06148019
vn 0.3231522 0.9443478 -0.06148019
vn -0.7615399 0.4534763 -0.4630508
vn -0.7615399 0.4534763 -0.4630508
vn -0.7615399 0.4534763 -0.4630508
vn 0.03120305 -0.08499115 -0.995893
vn 0.03120305 -0.08499115 -0.995893
vn 0.03120305 -0.08499115 -0.995893
vn 0.9350166 -0.1517521 -0.3204921
vn 0.9350166 -0.1517521 -0.3204921
vn 0.9350166 -0.1517521 -0.3204921
vn 0.6560979 0.3755351 0.654606
vn 0.6560979 0.3755351 0.654606
vn 0.6560979 0.3755351 0.654606
vn -0.4062284 0.7419574 0.5333645
vn -0.4062284 0.7419574 0.5333645
vn -0.4062284 0.7419574 0.5333645
vn -0.0918728 0.6690858 -0.7374846
vn -0.0918728 0.6690858 -0.7374846
vn -0.0918728 0.6690858 -0.7374846
vn 0.4932808 0.4900352 -0.7187069
vn 0.4932808 0.4900352 -0.7187069
vn 0.4932808 0.4900352 -0.7187069
vn 0.7279354 0.6683171 -0.1531738
vn 0.7279354 0.6683171 -0.1531738
vn 0.7279354 0.6683171 -0.1531738
vn 0.2456627 0.9581494 0.1469681
vn 0.2456627 0.9581494 0.1469681
vn 0.2456627 0.9581494 0.1469681
vn -0.2373251 0.944056 -0.2289873
vn -0.2373251 0.944056 -0.2289873
vn -0.2373251 0.944056 -0.2289873
vn 0.08695307 0.8040152 -0.5882165
vn 0.08695307 0.8040152 -0.5882165
vn 0.08695307 0.8040152 -0.5882165
vn 0.3806448 0.7262871 -0.572378
vn 0.3806448 0.7262871 -0.572378
vn 0.3806448 0.7262871 -0.572378
vn 0.4879248 0.8185789 -0.3030809
vn 0.4879248 0.8185789 -0.3030809
vn 0.4879248 0.8185789 -0.3030809
vn 0.2605375 0.9533465 -0.1524818
vn 0.2605375 0.9533465 -0.1524818
vn 0.2605375 0.9533465 -0.1524818
vn 0.01272136 0.9443479 -0.3287024
vn 0.01272136 0.9443479 -0.3287024
vn 0.01272136 0.9443479 -0.3287024
vn 0.1194994 0.5086804 -0.8526219
vn 0.1194994 0.5086804 -0.8526219
vn 0.1194994 0.5086804 -0.8526219
vn 0.8544376 -0.211827 -0.4744108
vn 0.8544376 -0.211827 -0.4744108
vn 0.8544376 -0.211827 -0.4744108
vn 0.6926324 -0.3382793 0.6370459
vn 0.6926324 -0.3382793 0.6370459
vn 0.6926324 -0.3382793 0.6370459
vn -0.1793527 0.3437914 0.9217593
vn -0.1793527 0.3437914 0.9217593
vn -0.1793527 0.3437914 0.9217593
vn -0.5131081 0.8578708 -0.02788888
vn -0.5131081 0.8578708 -0.02788888
vn -0.5131081 0.8578708 -0.02788888
vn 0.7147483 0.5783896 -0.3931926
vn 0.7147483 0.5783896 -0.3931926
vn 0.7147483 0.5783896 -0.3931926
vn 0.9440821 0.3115759 0.1078396
vn 0.9440821 0.3115759 0.1078396
vn 0.9440821 0.3115759 0.1078396
vn 0.6034794 0.5187245 0.6055885
vn 0.6034794 0.5187245 0.6055885
vn 0.6034794 0.5187245 0.6055885
vn 0.1699471 0.9171054 0.3606047
vn 0.1699471 0.9171054 0.3606047
vn 0.1699471 0.9171054 0.3606047
vn 0.2600201 0.9340784 -0.2447185
vn 0.2600201 0.9340784 -0.2447185
vn 0.2600201 0.9340784 -0.2447185
vn 0.6969918 0.7003741 -0.1538786
vn 0.6969918 0.7003741 -0.1538786
vn 0.6969918 0.7003741 -0.1538786
vn 0.8088552 0.5791408 0.101731
vn 0.8088552 0.5791408 0.101731
vn 0.8088552 0.5791408 0.101731
vn 0.6459231 0.6857389 0.3354781
vn 0.6459231 0.6857389 0.3354781
vn 0.6459231 0.6857389 0.3354781
vn 0.4333611 0.8728529 0.2243344
vn 0.4333611 0.8728529 0.2243344
vn 0.4333611 0.8728529 0.2243344
vn 0.4649208 0.8819004 -0.07810453
vn 0.4649208 0.8819004 -0.07810453
vn 0.4649208 0.8819004 -0.07810453
vn -0.7678589 0.5086814 0.3894047
vn -0.7678589 0.5086814 0.3894047
vn -0.7678589 0.5086814 0.3894047
vn -0.8777215 -0.2118267 -0.4298075
vn -0.8777215 -0.2118267 -0.4298075
vn -0.8777215 -0.2118267 -0.4298075
vn 0.1266848 -0.3382802 -0.9324792
vn 0.1266848 -0.3382802 -0.9324792
vn 0.1266848 -0.3382802 -0.9324792
vn 0.8588022 0.3437918 -0.3798236
vn 0.8588022 0.3437918 -0.3798236
vn 0.8588022 0.3437918 -0.3798236
vn 0.2704665 0.8578702 0.4369286
vn 0.2704665 0.8578702 0.4369286
vn 0.2704665 0.8578702 0.4369286
vn -0.7312244 0.57839 -0.3616295
vn -0.7312244 0.57839 -0.3616295
vn -0.7312244 0.57839 -0.3616295
vn -0.4512586 0.3115787 -0.8362323
vn -0.4512586 0.3115787 -0.8362323
vn -0.4512586 0.3115787 -0.8362323
vn 0.1518486 0.5187246 -0.8413483
vn 0.1518486 0.5187246 -0.8413483
vn 0.1518486 0.5187246 -0.8413483
vn 0.1987001 0.9171053 -0.3455953
vn 0.1987001 0.9171053 -0.3455953
vn 0.1987001 0.9171053 -0.3455953
vn -0.349437 0.9340781 -0.07342917
vn -0.349437 0.9340781 -0.07342917
vn -0.349437 0.9340781 -0.07342917
vn -0.5247254 0.7003741 -0.4838794
vn -0.5247254 0.7003741 -0.4838794
vn -0.5247254 0.7003741 -0.4838794
vn -0.3789624 0.5791397 -0.7217927
vn -0.3789624 0.5791397 -0.7217927
vn -0.3789624 0.5791397 -0.7217927
vn -0.09403216 0.6857382 -0.7217486
vn -0.09403216 0.6857382 -0.7217486
vn -0.09403216 0.6857382 -0.7217486
vn -0.06369731 0.872853 -0.483808
vn -0.06369731 0.872853 -0.483808
vn -0.06369731 0.872853 -0.483808
vn -0.32988 0.8819005 -0.3367946
vn -0.32988 0.8819005 -0.3367946
vn -0.32988 0.8819005 -0.3367946
vn 0.8063333 0.5086812 0.3017782
vn 0.8063333 0.5086812 0.3017782
vn 0.8063333 0.5086812 0.3017782
vn 0.2775677 -0.2118274 0.9370621
vn 0.2775677 -0.2118274 0.9370621
vn 0.2775677 -0.2118274 0.9370621
vn -0.7722378 -0.3382778 0.5377889
vn -0.7722378 -0.3382778 0.5377889
vn -0.7722378 -0.3382778 0.5377889
vn -0.8608257 0.3437918 -0.3752151
vn -0.8608257 0.3437918 -0.3752151
vn -0.8608257 0.3437918 -0.3752151
vn 0.1386345 0.8578704 -0.494812
vn 0.1386345 0.8578704 -0.494812
vn 0.1386345 0.8578704 -0.494812
vn 0.2286183 0.5783902 0.7830699
vn 0.2286183 0.5783902 0.7830699
vn 0.2286183 0.5783902 0.7830699
vn -0.3102563 0.3115764 0.8981432
vn -0.3102563 0.3115764 0.8981432
vn -0.3102563 0.3115764 0.8981432
vn -0.7221746 0.5187243 0.4575903
vn -0.7221746 0.5187243 0.4575903
vn -0.7221746 0.5187243 0.4575903
vn -0.3889023 0.9171053 0.08759493
vn -0.3889023 0.9171053 0.08759493
vn -0.3889023 0.9171053 0.08759493
vn 0.182423 0.9340781 0.3069529
vn 0.182423 0.9340781 0.3069529
vn 0.182423 0.9340781 0.3069529
vn -0.001129695 0.7003742 0.7137749
vn -0.001129695 0.7003742 0.7137749
vn -0.001129695 0.7003742 0.7137749
vn -0.2749313 0.5791404 0.7674694
vn -0.2749313 0.5791404 0.7674694
vn -0.2749313 0.5791404 0.7674694
vn -0.4677243 0.6857382 0.5576711
vn -0.4677243 0.6857382 0.5576711
vn -0.4677243 0.6857382 0.5576711
vn -0.313078 0.8728532 0.3743119
vn -0.313078 0.8728532 0.3743119
vn -0.313078 0.8728532 0.3743119
vn -0.02470761 0.8819007 0.4707873
vn -0.02470761 0.8819007 0.4707873
vn -0.02470761 0.8819007 0.4707873
vn 0.3911556 0.9196051 -0.03638144
vn 0.3911556 0.9196051 -0.03638144
vn 0.3911556 0.9196051 -0.03638144
vn 0.2479138 0.919141 -0.3061348
vn 0.2479138 0.919141 -0.3061348
vn 0.2479138 0.919141 -0.3061348
vn 0.07957817 0.9820764 -0.1708604
vn 0.07957817 0.9820764 -0.1708604
vn 0.07957817 0.9820764 -0.1708604
vn 0.07957817 0.9820764 -0.1708604
vn 0.186001 0.9821271 0.02880849
vn 0.186001 0.9821271 0.02880849
vn 0.186001 0.9821271 0.02880849
vn 0.186001 0.9821271 0.02880849
vn 0.1554746 0.9196051 0.3607688
vn 0.1554746 0.9196051 0.3607688
vn 0.1554746 0.9196051 0.3607688
vn 0.367761 0.9191411 0.1411792
vn 0.367761 0.9191411 0.1411792
vn 0.367761 0.9191411 0.1411792
vn 0.1870889 0.9820763 0.02288463
vn 0.1870889 0.9820763 0.02288463
vn 0.1870889 0.9820763 0.02288463
vn 0.1870889 0.9820763 0.02288463
vn 0.03007887 0.9821271 0.1857997
vn 0.03007887 0.9821271 0.1857997
vn 0.03007887 0.9821271 0.1857997
vn 0.03007887 0.9821271 0.1857997
vn -0.2950671 0.9196051 0.2593488
vn -0.2950671 0.9196051 0.2593488
vn -0.2950671 0.9196051 0.2593488
vn -0.02062493 0.9191411 0.3933882
vn -0.02062493 0.9191411 0.3933882
vn -0.02062493 0.9191411 0.3933882
vn 0.03604907 0.9820763 0.1850038
vn 0.03604907 0.9820763 0.1850038
vn 0.03604907 0.9820763 0.1850038
vn 0.03604907 0.9820763 0.1850038
vn -0.1674112 0.9821271 0.08602203
vn -0.1674112 0.9821271 0.08602203
vn -0.1674112 0.9821271 0.08602203
vn -0.1674112 0.9821271 0.08602203
vn -0.337836 0.9196051 -0.2004824
vn -0.337836 0.9196051 -0.2004824
vn -0.337836 0.9196051 -0.2004824
vn -0.380508 0.9191411 0.101948
vn -0.380508 0.9191411 0.101948
vn -0.380508 0.9191411 0.101948
vn -0.1648094 0.9820763 0.09145398
vn -0.1648094 0.9820763 0.09145398
vn -0.1648094 0.9820763 0.09145398
vn -0.1648094 0.9820763 0.09145398
vn -0.1335447 0.9821271 -0.1326353
vn -0.1335447 0.9821271 -0.1326353
vn -0.1335447 0.9821271 -0.1326353
vn -0.1335447 0.9821271 -0.1326353
vn 0.08627332 0.9196052 -0.3832535
vn 0.08627332 0.9196052 -0.3832535
vn 0.08627332 0.9196052 -0.3832535
vn -0.2145416 0.919141 -0.3303811
vn -0.2145416 0.919141 -0.3303811
vn -0.2145416 0.919141 -0.3303811
vn -0.1379067 0.9820763 -0.1284823
vn -0.1379067 0.9820763 -0.1284823
vn -0.1379067 0.9820763 -0.1284823
vn -0.1379067 0.9820763 -0.1284823
vn 0.08487609 0.9821271 -0.167995
vn 0.08487609 0.9821271 -0.167995
vn 0.08487609 0.9821271 -0.167995
vn 0.08487609 0.9821271 -0.167995
vn -0.485714 0.7581388 0.4350948
vn -0.485714 0.7581388 0.4350948
vn -0.485714 0.7581388 0.4350948
vn -0.02805864 0.7570858 0.6527127
vn -0.02805864 0.7570858 0.6527127
vn -0.02805864 0.7570858 0.6527127
vn 0.07226855 0.9327776 0.3531335
vn 0.07226855 0.9327776 0.3531335
vn 0.07226855 0.9327776 0.3531335
vn 0.07226855 0.9327776 0.3531335
vn -0.3186345 0.9329539 0.1675381
vn -0.3186345 0.9329539 0.1675381
vn -0.3186345 0.9329539 0.1675381
vn -0.3186345 0.9329539 0.1675381
vn 0.2637051 0.7581384 0.5963941
vn 0.2637051 0.7581384 0.5963941
vn 0.2637051 0.7581384 0.5963941
vn 0.6120958 0.7570856 0.228386
vn 0.6120958 0.7570856 0.228386
vn 0.6120958 0.7570856 0.228386
vn 0.3581823 0.9327775 0.04039266
vn 0.3581823 0.9327775 0.04039266
vn 0.3581823 0.9327775 0.04039266
vn 0.3581823 0.9327775 0.04039266
vn 0.06087428 0.9329538 0.354812
vn 0.06087428 0.9329538 0.354812
vn 0.06087428 0.9329538 0.354812
vn 0.06087428 0.9329538 0.354812
vn 0.6486937 0.7581384 -0.06650312
vn 0.6486937 0.7581384 -0.06650312
vn 0.6486937 0.7581384 -0.06650312
vn 0.4063551 0.7570857 -0.5115631
vn 0.4063551 0.7570857 -0.5115631
vn 0.4063551 0.7570857 -0.5115631
vn 0.1490992 0.9327776 -0.3281698
vn 0.1490992 0.9327776 -0.3281698
vn 0.1490992 0.9327776 -0.3281698
vn 0.1490992 0.9327776 -0.3281698
vn 0.3562572 0.9329539 0.05174762
vn 0.3562572 0.9329539 0.05174762
vn 0.3562572 0.9329539 0.05174762
vn 0.3562572 0.9329539 0.05174762
vn 0.1372083 0.7581384 -0.6374952
vn 0.1372083 0.7581384 -0.6374952
vn 0.1372083 0.7581384 -0.6374952
vn -0.3609547 0.7570857 -0.5445483
vn -0.3609547 0.7570857 -0.5445483
vn -0.3609547 0.7570857 -0.5445483
vn -0.2660344 0.9327773 -0.2432121
vn -0.2660344 0.9327773 -0.2432121
vn -0.2660344 0.9327773 -0.2432121
vn -0.2660344 0.9327773 -0.2432121
vn 0.1593042 0.9329538 -0.3228303
vn 0.1593042 0.9329538 -0.3228303
vn 0.1593042 0.9329538 -0.3228303
vn 0.1593042 0.9329538 -0.3228303
vn -0.5638946 0.7581382 -0.3274896
vn -0.5638946 0.7581382 -0.3274896
vn -0.5638946 0.7581382 -0.3274896
vn -0.6294373 0.7570856 0.1750145
vn -0.6294373 0.7570856 0.1750145
vn -0.6294373 0.7570856 0.1750145
vn -0.313517 0.9327776 0.1778569
vn -0.313517 0.9327776 0.1778569
vn -0.313517 0.9327776 0.1778569
vn -0.313517 0.9327776 0.1778569
vn -0.2578019 0.9329539 -0.2512673
vn -0.2578019 0.9329539 -0.2512673
vn -0.2578019 0.9329539 -0.2512673
vn -0.2578019 0.9329539 -0.2512673
vn -0.6476562 0.7581384 -0.07594486
vn -0.6476562 0.7581384 -0.07594486
vn -0.6476562 0.7581384 -0.07594486
vn -0.5077435 0.7570857 0.4111177
vn -0.5077435 0.7570857 0.4111177
vn -0.5077435 0.7570857 0.4111177
vn -0.2168033 0.9327774 0.2879628
vn -0.2168033 0.9327774 0.2879628
vn -0.2168033 0.9327774 0.2879628
vn -0.2168033 0.9327774 0.2879628
vn -0.3365201 0.9329538 -0.1278728
vn -0.3365201 0.9329538 -0.1278728
vn -0.3365201 0.9329538 -0.1278728
vn -0.3365201 0.9329538 -0.1278728
vn -0.1279073 0.7581386 -0.6394259
vn -0.1279073 0.7581386 -0.6394259
vn -0.1279073 0.7581386 -0.6394259
vn -0.5478978 0.7570855 -0.3558506
vn -0.5478978 0.7570855 -0.3558506
vn -0.5478978 0.7570855 -0.3558506
vn -0.3408645 0.9327775 -0.1172069
vn -0.3408645 0.9327775 -0.1172069
vn -0.3408645 0.9327775 -0.1172069
vn -0.3408645 0.9327775 -0.1172069
vn 0.01762405 0.9329538 -0.3595645
vn 0.01762405 0.9329538 -0.3595645
vn 0.01762405 0.9329538 -0.3595645
vn 0.01762405 0.9329538 -0.3595645
vn 0.5686049 0.7581384 -0.3192408
vn 0.5686049 0.7581384 -0.3192408
vn 0.5686049 0.7581384 -0.3192408
vn 0.1691243 0.7570859 -0.6310452
vn 0.1691243 0.7570859 -0.6310452
vn 0.1691243 0.7570859 -0.6310452
vn 0.006137584 0.9327775 -0.3604004
vn 0.006137584 0.9327775 -0.3604004
vn 0.006137584 0.9327775 -0.3604004
vn 0.006137584 0.9327775 -0.3604004
vn 0.3474118 0.932954 -0.09434973
vn 0.3474118 0.932954 -0.09434973
vn 0.3474118 0.932954 -0.09434973
vn 0.3474118 0.932954 -0.09434973
vn 0.4793242 0.7581387 0.4421245
vn 0.4793242 0.7581387 0.4421245
vn 0.4793242 0.7581387 0.4421245
vn 0.6524223 0.7570856 -0.03415579
vn 0.6524223 0.7570856 -0.03415579
vn 0.6524223 0.7570856 -0.03415579
vn 0.3446581 0.9327774 -0.1055323
vn 0.3446581 0.9327774 -0.1055323
vn 0.3446581 0.9327774 -0.1055323
vn 0.3446581 0.9327774 -0.1055323
vn 0.1970877 0.9329539 0.3012532
vn 0.1970877 0.9329539 0.3012532
vn 0.1970877 0.9329539 0.3012532
vn 0.1970877 0.9329539 0.3012532
vn -0.2723662 0.7581385 0.5924886
vn -0.2723662 0.7581385 0.5924886
vn -0.2723662 0.7581385 0.5924886
vn 0.2340951 0.7570857 0.6099351
vn 0.2340951 0.7570857 0.6099351
vn 0.2340951 0.7570857 0.6099351
vn 0.2068722 0.9327776 0.2951776
vn 0.2068722 0.9327776 0.2951776
vn 0.2068722 0.9327776 0.2951776
vn 0.2068722 0.9327776 0.2951776
vn -0.2256051 0.9329538 0.2805342
vn -0.2256051 0.9329538 0.2805342
vn -0.2256051 0.9329538 0.2805342
vn -0.2256051 0.9329538 0.2805342
vn -0.0408745 0.7581387 0.6508111
vn -0.0408745 0.7581387 0.6508111
vn -0.0408745 0.7581387 0.6508111
vn 0.4379254 0.757086 0.4848115
vn 0.4379254 0.757086 0.4848115
vn 0.4379254 0.757086 0.4848115
vn 0.299245 0.9327778 0.2009428
vn 0.299245 0.9327778 0.2009428
vn 0.299245 0.9327778 0.2009428
vn 0.299245 0.9327778 0.2009428
vn -0.1095209 0.932954 0.3429315
vn -0.1095209 0.932954 0.3429315
vn -0.1095209 0.932954 0.3429315
vn -0.1095209 0.932954 0.3429315
vn 0.6063271 0.7581387 0.2399861
vn 0.6063271 0.7581387 0.2399861
vn 0.6063271 0.7581387 0.2399861
vn 0.5964099 0.7570858 -0.2666766
vn 0.5964099 0.7570858 -0.2666766
vn 0.5964099 0.7570858 -0.2666766
vn 0.2835801 0.9327776 -0.2225046
vn 0.2835801 0.9327776 -0.2225046
vn 0.2835801 0.9327776 -0.2225046
vn 0.2835801 0.9327776 -0.2225046
vn 0.2923029 0.932954 0.210133
vn 0.2923029 0.932954 0.210133
vn 0.2923029 0.932954 0.210133
vn 0.2923029 0.932954 0.210133
vn 0.4156055 0.7581385 -0.5024919
vn 0.4156055 0.7581385 -0.5024919
vn 0.4156055 0.7581385 -0.5024919
vn -0.06932443 0.7570859 -0.649627
vn -0.06932443 0.7570859 -0.649627
vn -0.06932443 0.7570859 -0.649627
vn -0.1239834 0.9327776 -0.3384584
vn -0.1239834 0.9327776 -0.3384584
vn -0.1239834 0.9327776 -0.3384584
vn -0.1239834 0.9327776 -0.3384584
vn 0.2901749 0.9329539 -0.2130624
vn 0.2901749 0.9329539 -0.2130624
vn 0.2901749 0.9329539 -0.2130624
vn 0.2901749 0.9329539 -0.2130624
vn -0.3494696 0.7581385 -0.5505424
vn -0.3494696 0.7581385 -0.5505424
vn -0.3494696 0.7581385 -0.5505424
vn -0.6392546 0.7570858 -0.1348137
vn -0.6392546 0.7570858 -0.1348137
vn -0.6392546 0.7570858 -0.1348137
vn -0.3602063 0.9327775 0.01332636
vn -0.3602063 0.9327775 0.01332636
vn -0.3602063 0.9327775 0.01332636
vn -0.3602063 0.9327775 0.01332636
vn -0.1129661 0.9329538 -0.3418125
vn -0.1129661 0.9329538 -0.3418125
vn -0.1129661 0.9329538 -0.3418125
vn -0.1129661 0.9329538 -0.3418125
vn -0.6315886 0.7581388 0.1622388
vn -0.6315886 0.7581388 0.1622388
vn -0.6315886 0.7581388 0.1622388
vn -0.3257554 0.7570857 0.5663079
vn -0.3257554 0.7570857 0.5663079
vn -0.3257554 0.7570857 0.5663079
vn -0.09863549 0.9327776 0.3466944
vn -0.09863549 0.9327776 0.3466944
vn -0.09863549 0.9327776 0.3466944
vn -0.09863549 0.9327776 0.3466944
vn -0.3599917 0.9329538 0.001811228
vn -0.3599917 0.9329538 0.001811228
vn -0.3599917 0.9329538 0.001811228
vn -0.3599917 0.9329538 0.001811228
vn -0.4829859 0.7581384 0.438122
vn -0.4829859 0.7581384 0.438122
vn -0.4829859 0.7581384 0.438122
vn -0.02397918 0.7570858 0.6528753
vn -0.02397918 0.7570858 0.6528753
vn -0.02397918 0.7570858 0.6528753
vn 0.07447495 0.9327774 0.3526751
vn 0.07447495 0.9327774 0.3526751
vn 0.07447495 0.9327774 0.3526751
vn 0.07447495 0.9327774 0.3526751
vn -0.3175816 0.9329538 0.1695263
vn -0.3175816 0.9329538 0.1695263
vn -0.3175816 0.9329538 0.1695263
vn -0.3175816 0.9329538 0.1695263
vn -0.5659294 0.7581385 -0.3239599
vn -0.5659294 0.7581385 -0.3239599
vn -0.5659294 0.7581385 -0.3239599
vn -0.6283315 0.7570857 0.1789435
vn -0.6283315 0.7570857 0.1789435
vn -0.6283315 0.7570857 0.1789435
vn -0.3124001 0.9327774 0.1798121
vn -0.3124001 0.9327774 0.1798121
vn -0.3124001 0.9327774 0.1798121
vn -0.3124001 0.9327774 0.1798121
vn -0.2593674 0.9329537 -0.2496515
vn -0.2593674 0.9329537 -0.2496515
vn -0.2593674 0.9329537 -0.2496515
vn -0.2593674 0.9329537 -0.2496515
vn 0.1332233 0.7581386 -0.6383396
vn 0.1332233 0.7581386 -0.6383396
vn 0.1332233 0.7581386 -0.6383396
vn -0.3643505 0.7570856 -0.5422823
vn -0.3643505 0.7570856 -0.5422823
vn -0.3643505 0.7570856 -0.5422823
vn -0.2675481 0.9327775 -0.2415453
vn -0.2675481 0.9327775 -0.2415453
vn -0.2675481 0.9327775 -0.2415453
vn -0.2675481 0.9327775 -0.2415453
vn 0.1572843 0.9329538 -0.3238193
vn 0.1572843 0.9329538 -0.3238193
vn 0.1572843 0.9329538 -0.3238193
vn 0.1572843 0.9329538 -0.3238193
vn 0.6482658 0.7581382 -0.07055477
vn 0.6482658 0.7581382 -0.07055477
vn 0.6482658 0.7581382 -0.07055477
vn 0.4031513 0.7570856 -0.514092
vn 0.4031513 0.7570856 -0.514092
vn 0.4031513 0.7570856 -0.514092
vn 0.1470461 0.9327775 -0.329095
vn 0.1470461 0.9327775 -0.329095
vn 0.1470461 0.9327775 -0.329095
vn 0.1470461 0.9327775 -0.329095
vn 0.3565738 0.9329538 0.04952078
vn 0.3565738 0.9329538 0.04952078
vn 0.3565738 0.9329538 0.04952078
vn 0.3565738 0.9329538 0.04952078
vn 0.2674267 0.7581385 0.5947343
vn 0.2674267 0.7581385 0.5947343
vn 0.2674267 0.7581385 0.5947343
vn 0.613511 0.7570857 0.2245563
vn 0.613511 0.7570857 0.2245563
vn 0.613511 0.7570857 0.2245563
vn 0.3584279 0.9327774 0.03815354
vn 0.3584279 0.9327774 0.03815354
vn 0.3584279 0.9327774 0.03815354
vn 0.3584279 0.9327774 0.03815354
vn 0.06309004 0.9329538 0.3544246
vn 0.06309004 0.9329538 0.3544246
vn 0.06309004 0.9329538 0.3544246
vn 0.06309004 0.9329538 0.3544246
vn 0.4804813 0.7581385 0.440867
vn 0.4804813 0.7581385 0.440867
vn 0.4804813 0.7581385 0.440867
vn 0.6523302 0.7570859 -0.03586497
vn 0.6523302 0.7570859 -0.03586497
vn 0.6523302 0.7570859 -0.03586497
vn 0.3443803 0.9327775 -0.1064349
vn 0.3443803 0.9327775 -0.1064349
vn 0.3443803 0.9327775 -0.1064349
vn 0.3443803 0.9327775 -0.1064349
vn 0.1978767 0.9329538 0.3007356
vn 0.1978767 0.9329538 0.3007356
vn 0.1978767 0.9329538 0.3007356
vn 0.1978767 0.9329538 0.3007356
vn 0.5677663 0.7581385 -0.3207295
vn 0.5677663 0.7581385 -0.3207295
vn 0.5677663 0.7581385 -0.3207295
vn 0.1674715 0.7570859 -0.6314858
vn 0.1674715 0.7570859 -0.6314858
vn 0.1674715 0.7570859 -0.6314858
vn 0.005193899 0.9327775 -0.3604153
vn 0.005193899 0.9327775 -0.3604153
vn 0.005193899 0.9327775 -0.3604153
vn 0.005193899 0.9327775 -0.3604153
vn 0.3471638 0.9329538 -0.09525952
vn 0.3471638 0.9329538 -0.09525952
vn 0.3471638 0.9329538 -0.09525952
vn 0.3471638 0.9329538 -0.09525952
vn -0.129583 0.7581386 -0.6390885
vn -0.129583 0.7581386 -0.6390885
vn -0.129583 0.7581386 -0.6390885
vn -0.5488276 0.7570858 -0.354414
vn -0.5488276 0.7570858 -0.354414
vn -0.5488276 0.7570858 -0.354414
vn -0.3411703 0.9327776 -0.1163136
vn -0.3411703 0.9327776 -0.1163136
vn -0.3411703 0.9327776 -0.1163136
vn -0.3411703 0.9327776 -0.1163136
vn 0.01668211 0.9329538 -0.3596093
vn 0.01668211 0.9329538 -0.3596093
vn 0.01668211 0.9329538 -0.3596093
vn 0.01668211 0.9329538 -0.3596093
vn -0.6478527 0.7581386 -0.07424813
vn -0.6478527 0.7581386 -0.07424813
vn -0.6478527 0.7581386 -0.07424813
vn -0.5066649 0.7570857 0.4124463
vn -0.5066649 0.7570857 0.4124463
vn -0.5066649 0.7570857 0.4124463
vn -0.2160485 0.9327774 0.2885296
vn -0.2160485 0.9327774 0.2885296
vn -0.2160485 0.9327774 0.2885296
vn -0.2160485 0.9327774 0.2885296
vn -0.3368537 0.9329538 -0.1269908
vn -0.3368537 0.9329538 -0.1269908
vn -0.3368537 0.9329538 -0.1269908
vn -0.3368537 0.9329538 -0.1269908
vn -0.2708114 0.7581386 0.5932007
vn -0.2708114 0.7581386 0.5932007
vn -0.2708114 0.7581386 0.5932007
vn 0.2356916 0.7570857 0.6093199
vn 0.2356916 0.7570857 0.6093199
vn 0.2356916 0.7570857 0.6093199
vn 0.2076457 0.9327774 0.2946345
vn 0.2076457 0.9327774 0.2946345
vn 0.2076457 0.9327774 0.2946345
vn 0.2076457 0.9327774 0.2946345
vn -0.2248694 0.9329537 0.2811248
vn -0.2248694 0.9329537 0.2811248
vn -0.2248694 0.9329537 0.2811248
vn -0.2248694 0.9329537 0.2811248
vn -0.04773574 0.7581385 0.6503441
vn -0.04773574 0.7581385 0.6503441
vn -0.04773574 0.7581385 0.6503441
vn 0.4327887 0.7570857 0.4894029
vn 0.4327887 0.7570857 0.4894029
vn 0.4327887 0.7570857 0.4894029
vn 0.2971101 0.9327775 0.2040878
vn 0.2971101 0.9327775 0.2040878
vn 0.2971101 0.9327775 0.2040878
vn 0.2971101 0.9327775 0.2040878
vn -0.1131319 0.9329538 0.3417577
vn -0.1131319 0.9329538 0.3417577
vn -0.1131319 0.9329538 0.3417577
vn -0.1131319 0.9329538 0.3417577
vn -0.6332648 0.7581387 0.1555683
vn -0.6332648 0.7581387 0.1555683
vn -0.6332648 0.7581387 0.1555683
vn -0.3317108 0.7570858 0.5628402
vn -0.3317108 0.7570858 0.5628402
vn -0.3317108 0.7570858 0.5628402
vn -0.1022867 0.9327775 0.3456349
vn -0.1022867 0.9327775 0.3456349
vn -0.1022867 0.9327775 0.3456349
vn -0.1022867 0.9327775 0.3456349
vn -0.3599907 0.9329538 -0.001985775
vn -0.3599907 0.9329538 -0.001985775
vn -0.3599907 0.9329538 -0.001985775
vn -0.3599907 0.9329538 -0.001985775
vn -0.3436435 0.7581385 -0.5541977
vn -0.3436435 0.7581385 -0.5541977
vn -0.3436435 0.7581385 -0.5541977
vn -0.6377968 0.757086 -0.1415488
vn -0.6377968 0.757086 -0.1415488
vn -0.6377968 0.757086 -0.1415488
vn -0.3603267 0.9327775 0.009526214
vn -0.3603267 0.9327775 0.009526214
vn -0.3603267 0.9327775 0.009526214
vn -0.3603267 0.9327775 0.009526214
vn -0.1093542 0.9329539 -0.342985
vn -0.1093542 0.9329539 -0.342985
vn -0.1093542 0.9329539 -0.342985
vn -0.1093542 0.9329539 -0.342985
vn 0.4208823 0.7581385 -0.4980804
vn 0.4208823 0.7581385 -0.4980804
vn 0.4208823 0.7581385 -0.4980804
vn -0.06246885 0.7570856 -0.6503222
vn -0.06246885 0.7570856 -0.6503222
vn -0.06246885 0.7570856 -0.6503222
vn -0.1204073 0.9327775 -0.3397473
vn -0.1204073 0.9327775 -0.3397473
vn -0.1204073 0.9327775 -0.3397473
vn -0.1204073 0.9327775 -0.3397473
vn 0.2924064 0.9329537 -0.2099902
vn 0.2924064 0.9329537 -0.2099902
vn 0.2924064 0.9329537 -0.2099902
vn 0.2924064 0.9329537 -0.2099902
vn 0.6037623 0.7581386 0.2463673
vn 0.6037623 0.7581386 0.2463673
vn 0.6037623 0.7581386 0.2463673
vn 0.5991892 0.7570858 -0.2603717
vn 0.5991892 0.7570858 -0.2603717
vn 0.5991892 0.7570858 -0.2603717
vn 0.2859112 0.9327776 -0.2195013
vn 0.2859112 0.9327776 -0.2195013
vn 0.2859112 0.9327776 -0.2195013
vn 0.2859112 0.9327776 -0.2195013
vn 0.2900709 0.9329538 0.213204
vn 0.2900709 0.9329538 0.213204
vn 0.2900709 0.9329538 0.213204
vn 0.2900709 0.9329538 0.213204
vn 0.6488597 0.7581385 -0.06486226
vn 0.6488597 0.7581385 -0.06486226
vn 0.6488597 0.7581385 -0.06486226
vn 0.4076478 0.7570858 -0.5105333
vn 0.4076478 0.7570858 -0.5105333
vn 0.4076478 0.7570858 -0.5105333
vn 0.1499297 0.9327775 -0.3277915
vn 0.1499297 0.9327775 -0.3277915
vn 0.1499297 0.9327775 -0.3277915
vn 0.1499297 0.9327775 -0.3277915
vn 0.3561256 0.9329538 0.05264832
vn 0.3561256 0.9329538 0.05264832
vn 0.3561256 0.9329538 0.05264832
vn 0.3561256 0.9329538 0.05264832
vn 0.1388209 0.7581385 -0.6371457
vn 0.1388209 0.7581385 -0.6371457
vn 0.1388209 0.7581385 -0.6371457
vn -0.3595759 0.7570857 -0.5454599
vn -0.3595759 0.7570857 -0.5454599
vn -0.3595759 0.7570857 -0.5454599
vn -0.2654177 0.9327774 -0.2438847
vn -0.2654177 0.9327774 -0.2438847
vn -0.2654177 0.9327774 -0.2438847
vn -0.2654177 0.9327774 -0.2438847
vn 0.1601203 0.9329538 -0.3224263
vn 0.1601203 0.9329538 -0.3224263
vn 0.1601203 0.9329538 -0.3224263
vn 0.1601203 0.9329538 -0.3224263
vn -0.5630637 0.7581386 -0.3289151
vn -0.5630637 0.7581386 -0.3289151
vn -0.5630637 0.7581386 -0.3289151
vn -0.629878 0.7570857 0.1734212
vn -0.629878 0.7570857 0.1734212
vn -0.629878 0.7570857 0.1734212
vn -0.3139664 0.9327775 0.1770628
vn -0.3139664 0.9327775 0.1770628
vn -0.3139664 0.9327775 0.1770628
vn -0.3139664 0.9327775 0.1770628
vn -0.2571659 0.9329538 -0.2519185
vn -0.2571659 0.9329538 -0.2519185
vn -0.2571659 0.9329538 -0.2519185
vn -0.2571659 0.9329538 -0.2519185
vn -0.4868129 0.7581385 0.4338655
vn -0.4868129 0.7581385 0.4338655
vn -0.4868129 0.7581385 0.4338655
vn -0.02970957 0.7570857 0.6526397
vn -0.02970957 0.7570857 0.6526397
vn -0.02970957 0.7570857 0.6526397
vn 0.07137594 0.9327775 0.3533153
vn 0.07137594 0.9327775 0.3533153
vn 0.07137594 0.9327775 0.3533153
vn 0.07137594 0.9327775 0.3533153
vn -0.3190575 0.9329537 0.1667322
vn -0.3190575 0.9329537 0.1667322
vn -0.3190575 0.9329537 0.1667322
vn -0.3190575 0.9329537 0.1667322
vn 0.262197 0.7581386 0.5970582
vn 0.262197 0.7581386 0.5970582
vn 0.262197 0.7581386 0.5970582
vn 0.6115165 0.7570857 0.2299321
vn 0.6115165 0.7570857 0.2299321
vn 0.6115165 0.7570857 0.2299321
vn 0.3580791 0.9327775 0.04129785
vn 0.3580791 0.9327775 0.04129785
vn 0.3580791 0.9327775 0.04129785
vn 0.3580791 0.9327775 0.04129785
vn 0.05997795 0.9329538 0.3549646
vn 0.05997795 0.9329538 0.3549646
vn 0.05997795 0.9329538 0.3549646
vn 0.05997795 0.9329538 0.3549646
vn 0.4748141 0.7581385 0.4469649
vn 0.4748141 0.7581385 0.4469649
vn 0.4748141 0.7581385 0.4469649
vn 0.6527351 0.7570857 -0.02753502
vn 0.6527351 0.7570857 -0.02753502
vn 0.6527351 0.7570857 -0.02753502
vn 0.3457108 0.9327775 -0.1020302
vn 0.3457108 0.9327775 -0.1020302
vn 0.3457108 0.9327775 -0.1020302
vn 0.3457108 0.9327775 -0.1020302
vn 0.1940218 0.9329538 0.3032373
vn 0.1940218 0.9329538 0.3032373
vn 0.1940218 0.9329538 0.3032373
vn 0.1940218 0.9329538 0.3032373
vn -0.2783631 0.7581386 0.5896947
vn -0.2783631 0.7581386 0.5896947
vn -0.2783631 0.7581386 0.5896947
vn 0.2278934 0.7570858 0.6122792
vn 0.2278934 0.7570858 0.6122792
vn 0.2278934 0.7570858 0.6122792
vn 0.203867 0.9327774 0.2972616
vn 0.203867 0.9327774 0.2972616
vn 0.203867 0.9327774 0.2972616
vn 0.203867 0.9327774 0.2972616
vn -0.2284399 0.9329538 0.278231
vn -0.2284399 0.9329538 0.278231
vn -0.2284399 0.9329538 0.278231
vn -0.2284399 0.9329538 0.278231
vn -0.646852 0.7581385 -0.08251365
vn -0.646852 0.7581385 -0.08251365
vn -0.646852 0.7581385 -0.08251365
vn -0.5118892 0.7570856 0.4059443
vn -0.5118892 0.7570856 0.4059443
vn -0.5118892 0.7570856 0.4059443
vn -0.2197143 0.9327775 0.2857478
vn -0.2197143 0.9327775 0.2857478
vn -0.2197143 0.9327775 0.2857478
vn -0.2197143 0.9327775 0.2857478
vn -0.335205 0.9329538 -0.1312812
vn -0.335205 0.9329538 -0.1312812
vn -0.335205 0.9329538 -0.1312812
vn -0.335205 0.9329538 -0.1312812
vn -0.1214128 0.7581385 -0.640691
vn -0.1214128 0.7581385 -0.640691
vn -0.1214128 0.7581385 -0.640691
vn -0.5442579 0.7570858 -0.3613923
vn -0.5442579 0.7570858 -0.3613923
vn -0.5442579 0.7570858 -0.3613923
vn -0.3396577 0.9327775 -0.12066
vn -0.3396577 0.9327775 -0.12066
vn -0.3396577 0.9327775 -0.12066
vn -0.3396577 0.9327775 -0.12066
vn 0.02127215 0.9329538 -0.3593671
vn 0.02127215 0.9329538 -0.3593671
vn 0.02127215 0.9329538 -0.3593671
vn 0.02127215 0.9329538 -0.3593671
vn 0.5718147 0.7581385 -0.3134546
vn 0.5718147 0.7581385 -0.3134546
vn 0.5718147 0.7581385 -0.3134546
vn 0.1755197 0.7570857 -0.6292964
vn 0.1755197 0.7570857 -0.6292964
vn 0.1755197 0.7570857 -0.6292964
vn 0.009794646 0.9327775 -0.3603196
vn 0.009794646 0.9327775 -0.3603196
vn 0.009794646 0.9327775 -0.3603196
vn 0.009794646 0.9327775 -0.3603196
vn 0.3483517 0.9329538 -0.09081966
vn 0.3483517 0.9329538 -0.09081966
vn 0.3483517 0.9329538 -0.09081966
vn 0.3483517 0.9329538 -0.09081966
vn 0.4283488 0.7581385 -0.491674
vn 0.4283488 0.7581385 -0.491674
vn 0.4283488 0.7581385 -0.491674
vn -0.05265026 0.7570858 -0.6511905
vn -0.05265026 0.7570858 -0.6511905
vn -0.05265026 0.7570858 -0.6511905
vn -0.1152673 0.9327775 -0.3415253
vn -0.1152673 0.9327775 -0.3415253
vn -0.1152673 0.9327775 -0.3415253
vn -0.1152673 0.9327775 -0.3415253
vn 0.2955408 0.9329538 -0.2055548
vn 0.2955408 0.9329538 -0.2055548
vn 0.2955408 0.9329538 -0.2055548
vn 0.2955408 0.9329538 -0.2055548
vn -0.3352427 0.7581385 -0.5593194
vn -0.3352427 0.7581385 -0.5593194
vn -0.3352427 0.7581385 -0.5593194
vn -0.6355889 0.7570858 -0.1511555
vn -0.6355889 0.7570858 -0.1511555
vn -0.6355889 0.7570858 -0.1511555
vn -0.3604294 0.9327775 0.004088651
vn -0.3604294 0.9327775 0.004088651
vn -0.3604294 0.9327775 0.004088651
vn -0.3604294 0.9327775 0.004088651
vn -0.1041671 0.9329538 -0.3445959
vn -0.1041671 0.9329538 -0.3445959
vn -0.1041671 0.9329538 -0.3445959
vn -0.1041671 0.9329538 -0.3445959
vn -0.6355401 0.7581385 0.1459958
vn -0.6355401 0.7581385 0.1459958
vn -0.6355401 0.7581385 0.1459958
vn -0.340165 0.7570858 0.5577714
vn -0.340165 0.7570858 0.5577714
vn -0.340165 0.7570858 0.5577714
vn -0.1074903 0.9327775 0.3440523
vn -0.1074903 0.9327775 0.3440523
vn -0.1074903 0.9327775 0.3440523
vn -0.1074903 0.9327775 0.3440523
vn -0.3599196 0.9329538 -0.007417035
vn -0.3599196 0.9329538 -0.007417035
vn -0.3599196 0.9329538 -0.007417035
vn -0.3599196 0.9329538 -0.007417035
vn -0.05754241 0.7581386 0.6495497
vn -0.05754241 0.7581386 0.6495497
vn -0.05754241 0.7581386 0.6495497
vn 0.4253554 0.7570858 0.495877
vn 0.4253554 0.7570858 0.495877
vn 0.4253554 0.7570858 0.495877
vn 0.2939969 0.9327775 0.2085472
vn 0.2939969 0.9327775 0.2085472
vn 0.2939969 0.9327775 0.2085472
vn 0.2939969 0.9327775 0.2085472
vn -0.1182752 0.9329538 0.3400118
vn -0.1182752 0.9329538 0.3400118
vn -0.1182752 0.9329538 0.3400118
vn -0.1182752 0.9329538 0.3400118
vn 0.599977 0.7581385 0.255448
vn 0.599977 0.7581385 0.255448
vn 0.599977 0.7581385 0.255448
vn 0.6030491 0.7570857 -0.2513027
vn 0.6030491 0.7570857 -0.2513027
vn 0.6030491 0.7570857 -0.2513027
vn 0.2891902 0.9327775 -0.215163
vn 0.2891902 0.9327775 -0.215163
vn 0.2891902 0.9327775 -0.215163
vn 0.2891902 0.9327775 -0.215163
vn 0.2868214 0.9329538 0.2175559
vn 0.2868214 0.9329538 0.2175559
vn 0.2868214 0.9329538 0.2175559
vn 0.2868214 0.9329538 0.2175559
g BushPlant02_0
f 3/3/3 2/2/2 1/1/1
f 6/6/6 5/5/5 4/4/4
f 9/9/9 8/8/8 7/7/7
f 12/12/12 11/11/11 10/10/10
f 15/15/15 14/14/14 13/13/13
f 18/18/18 17/17/17 16/16/16
f 21/21/21 20/20/20 19/19/19
f 24/24/24 23/23/23 22/22/22
f 27/27/27 26/26/26 25/25/25
f 30/30/30 29/29/29 28/28/28
f 33/33/33 32/32/32 31/31/31
f 36/36/36 35/35/35 34/34/34
f 39/39/39 38/38/38 37/37/37
f 42/42/42 41/41/41 40/40/40
f 45/45/45 44/44/44 43/43/43
f 48/48/48 47/47/47 46/46/46
f 51/51/51 50/50/50 49/49/49
f 54/54/54 53/53/53 52/52/52
f 57/57/57 56/56/56 55/55/55
f 60/60/60 59/59/59 58/58/58
f 63/63/63 62/62/62 61/61/61
f 66/66/66 65/65/65 64/64/64
f 69/69/69 68/68/68 67/67/67
f 72/72/72 71/71/71 70/70/70
f 75/75/75 74/74/74 73/73/73
f 78/78/78 77/77/77 76/76/76
f 81/81/81 80/80/80 79/79/79
f 84/84/84 83/83/83 82/82/82
f 87/87/87 86/86/86 85/85/85
f 90/90/90 89/89/89 88/88/88
f 93/93/93 92/92/92 91/91/91
f 96/96/96 95/95/95 94/94/94
f 99/99/99 98/98/98 97/97/97
f 102/102/102 101/101/101 100/100/100
f 105/105/105 104/104/104 103/103/103
f 108/108/108 107/107/107 106/106/106
f 111/111/111 110/110/110 109/109/109
f 114/114/114 113/113/113 112/112/112
f 117/117/117 116/116/116 115/115/115
f 120/120/120 119/119/119 118/118/118
f 123/123/123 122/122/122 121/121/121
f 126/126/126 125/125/125 124/124/124
f 129/129/129 128/128/128 127/127/127
f 132/132/132 131/131/131 130/130/130
f 135/135/135 134/134/134 133/133/133
f 138/138/138 137/137/137 136/136/136
f 141/141/141 140/140/140 139/139/139
f 144/144/144 143/143/143 142/142/142
f 147/147/147 146/146/146 145/145/145
f 150/150/150 149/149/149 148/148/148
f 153/153/153 152/152/152 151/151/151
f 156/156/156 155/155/155 154/154/154
f 159/159/159 158/158/158 157/157/157
f 162/162/162 161/161/161 160/160/160
f 165/165/165 164/164/164 163/163/163
f 168/168/168 167/167/167 166/166/166
f 171/171/171 170/170/170 169/169/169
f 174/174/174 173/173/173 172/172/172
f 177/177/177 176/176/176 175/175/175
f 180/180/180 179/179/179 178/178/178
f 183/183/183 182/182/182 181/181/181
f 186/186/186 185/185/185 184/184/184
f 189/189/189 188/188/188 187/187/187
f 192/192/192 191/191/191 190/190/190
f 195/195/195 194/194/194 193/193/193
f 198/198/198 197/197/197 196/196/196
f 201/201/201 200/200/200 199/199/199
f 204/204/204 203/203/203 202/202/202
f 207/207/207 206/206/206 205/205/205
f 210/210/210 209/209/209 208/208/208
f 213/213/213 212/212/212 211/211/211
f 216/216/216 215/215/215 214/214/214
f 219/219/219 218/218/218 217/217/217
f 222/222/222 221/221/221 220/220/220
f 225/225/225 224/224/224 223/223/223
f 228/228/228 227/227/227 226/226/226
f 231/231/231 230/230/230 229/229/229
f 234/234/234 233/233/233 232/232/232
f 237/237/237 236/236/236 235/235/235
f 240/240/240 239/239/239 238/238/238
f 243/243/243 242/242/242 241/241/241
f 246/246/246 245/245/245 244/244/244
f 249/249/249 248/248/248 247/247/247
f 252/252/252 251/251/251 250/250/250
f 255/255/255 254/254/254 253/253/253
f 258/258/258 257/257/257 256/256/256
f 261/261/261 260/260/260 259/259/259
f 264/264/264 263/263/263 262/262/262
f 267/267/267 266/266/266 265/265/265
f 270/270/270 269/269/269 268/268/268
f 273/273/273 272/272/272 271/271/271
f 276/276/276 275/275/275 274/274/274
f 279/279/279 278/278/278 277/277/277
f 282/282/282 281/281/281 280/280/280
f 285/285/285 284/284/284 283/283/283
f 288/288/288 287/287/287 286/286/286
f 291/291/291 290/290/290 289/289/289
f 294/294/294 293/293/293 292/292/292
f 297/297/297 296/296/296 295/295/295
f 300/300/300 299/299/299 298/298/298
f 303/303/303 302/302/302 301/301/301
f 306/306/306 305/305/305 304/304/304
f 309/309/309 308/308/308 307/307/307
f 312/312/312 311/311/311 310/310/310
f 315/315/315 314/314/314 313/313/313
f 318/318/318 317/317/317 316/316/316
f 321/321/321 320/320/320 319/319/319
f 324/324/324 323/323/323 322/322/322
f 327/327/327 326/326/326 325/325/325
f 330/330/330 329/329/329 328/328/328
f 333/333/333 332/332/332 331/331/331
f 336/336/336 335/335/335 334/334/334
f 339/339/339 338/338/338 337/337/337
f 342/342/342 341/341/341 340/340/340
f 345/345/345 344/344/344 343/343/343
f 348/348/348 347/347/347 346/346/346
f 351/351/351 350/350/350 349/349/349
f 354/354/354 353/353/353 352/352/352
f 357/357/357 356/356/356 355/355/355
f 360/360/360 359/359/359 358/358/358
f 363/363/363 362/362/362 361/361/361
f 366/366/366 365/365/365 364/364/364
f 369/369/369 368/368/368 367/367/367
f 372/372/372 371/371/371 370/370/370
f 375/375/375 374/374/374 373/373/373
f 378/378/378 377/377/377 376/376/376
f 381/381/381 380/380/380 379/379/379
f 384/384/384 383/383/383 382/382/382
f 387/387/387 386/386/386 385/385/385
f 390/390/390 389/389/389 388/388/388
f 393/393/393 392/392/392 391/391/391
f 396/396/396 395/395/395 394/394/394
f 399/399/399 398/398/398 397/397/397
f 402/402/402 401/401/401 400/400/400
f 405/405/405 404/404/404 403/403/403
f 408/408/408 407/407/407 406/406/406
f 411/411/411 410/410/410 409/409/409
f 414/414/414 413/413/413 412/412/412
f 417/417/417 416/416/416 415/415/415
f 420/420/420 419/419/419 418/418/418
f 423/423/423 422/422/422 421/421/421
f 426/426/426 425/425/425 424/424/424
f 429/429/429 428/428/428 427/427/427
f 432/432/432 431/431/431 430/430/430
f 435/435/435 434/434/434 433/433/433
f 438/438/438 437/437/437 436/436/436
f 441/441/441 440/440/440 439/439/439
f 444/444/444 443/443/443 442/442/442
f 447/447/447 446/446/446 445/445/445
f 450/450/450 449/449/449 448/448/448
f 453/453/453 452/452/452 451/451/451
f 456/456/456 455/455/455 454/454/454
f 459/459/459 458/458/458 457/457/457
f 462/462/462 461/461/461 460/460/460
f 465/465/465 464/464/464 463/463/463
f 468/468/468 467/467/467 466/466/466
f 471/471/471 470/470/470 469/469/469
f 474/474/474 473/473/473 472/472/472
f 477/477/477 476/476/476 475/475/475
f 480/480/480 479/479/479 478/478/478
f 483/483/483 482/482/482 481/481/481
f 486/486/486 485/485/485 484/484/484
f 489/489/489 488/488/488 487/487/487
f 492/492/492 491/491/491 490/490/490
f 495/495/495 494/494/494 493/493/493
f 498/498/498 497/497/497 496/496/496
f 501/501/501 500/500/500 499/499/499
f 504/504/504 503/503/503 502/502/502
f 507/507/507 506/506/506 505/505/505
f 510/510/510 509/509/509 508/508/508
f 513/513/513 512/512/512 511/511/511
f 516/516/516 515/515/515 514/514/514
f 519/519/519 518/518/518 517/517/517
f 522/522/522 521/521/521 520/520/520
f 525/525/525 524/524/524 523/523/523
f 528/528/528 527/527/527 526/526/526
f 531/531/531 530/530/530 529/529/529
f 534/534/534 533/533/533 532/532/532
f 537/537/537 536/536/536 535/535/535
f 540/540/540 539/539/539 538/538/538
f 543/543/543 542/542/542 541/541/541
f 546/546/546 545/545/545 544/544/544
f 549/549/549 548/548/548 547/547/547
f 552/552/552 551/551/551 550/550/550
f 555/555/555 554/554/554 553/553/553
f 558/558/558 557/557/557 556/556/556
f 561/561/561 560/560/560 559/559/559
f 564/564/564 563/563/563 562/562/562
f 567/567/567 566/566/566 565/565/565
f 570/570/570 569/569/569 568/568/568
f 573/573/573 572/572/572 571/571/571
f 576/576/576 575/575/575 574/574/574
f 579/579/579 578/578/578 577/577/577
f 582/582/582 581/581/581 580/580/580
f 585/585/585 584/584/584 583/583/583
f 588/588/588 587/587/587 586/586/586
f 591/591/591 590/590/590 589/589/589
f 594/594/594 593/593/593 592/592/592
f 597/597/597 596/596/596 595/595/595
f 600/600/600 599/599/599 598/598/598
f 603/603/603 602/602/602 601/601/601
f 606/606/606 605/605/605 604/604/604
f 609/609/609 608/608/608 607/607/607
f 612/612/612 611/611/611 610/610/610
f 615/615/615 614/614/614 613/613/613
f 618/618/618 617/617/617 616/616/616
f 621/621/621 620/620/620 619/619/619
f 624/624/624 623/623/623 622/622/622
f 627/627/627 626/626/626 625/625/625
f 630/630/630 629/629/629 628/628/628
f 633/633/633 632/632/632 631/631/631
f 636/636/636 635/635/635 634/634/634
f 639/639/639 638/638/638 637/637/637
f 642/642/642 641/641/641 640/640/640
f 645/645/645 644/644/644 643/643/643
f 648/648/648 647/647/647 646/646/646
f 651/651/651 650/650/650 649/649/649
f 654/654/654 653/653/653 652/652/652
f 657/657/657 656/656/656 655/655/655
f 660/660/660 659/659/659 658/658/658
f 663/663/663 662/662/662 661/661/661
f 666/666/666 665/665/665 664/664/664
f 669/669/669 668/668/668 667/667/667
f 672/672/672 671/671/671 670/670/670
f 675/675/675 674/674/674 673/673/673
f 678/678/678 677/677/677 676/676/676
f 681/681/681 680/680/680 679/679/679
f 684/684/684 683/683/683 682/682/682
f 687/687/687 686/686/686 685/685/685
f 690/690/690 689/689/689 688/688/688
f 693/693/693 692/692/692 691/691/691
f 696/696/696 695/695/695 694/694/694
f 699/699/699 698/698/698 697/697/697
f 702/702/702 701/701/701 700/700/700
f 705/705/705 704/704/704 703/703/703
f 708/708/708 707/707/707 706/706/706
f 711/711/711 710/710/710 709/709/709
f 714/714/714 713/713/713 712/712/712
f 717/717/717 716/716/716 715/715/715
f 720/720/720 719/719/719 718/718/718
f 723/723/723 722/722/722 721/721/721
f 726/726/726 725/725/725 724/724/724
f 729/729/729 728/728/728 727/727/727
f 730/730/730 729/729/729 727/727/727
f 733/733/733 732/732/732 731/731/731
f 734/734/734 733/733/733 731/731/731
f 737/737/737 736/736/736 735/735/735
f 740/740/740 739/739/739 738/738/738
f 743/743/743 742/742/742 741/741/741
f 744/744/744 743/743/743 741/741/741
f 747/747/747 746/746/746 745/745/745
f 748/748/748 747/747/747 745/745/745
f 751/751/751 750/750/750 749/749/749
f 754/754/754 753/753/753 752/752/752
f 757/757/757 756/756/756 755/755/755
f 758/758/758 757/757/757 755/755/755
f 761/761/761 760/760/760 759/759/759
f 762/762/762 761/761/761 759/759/759
f 765/765/765 764/764/764 763/763/763
f 768/768/768 767/767/767 766/766/766
f 771/771/771 770/770/770 769/769/769
f 772/772/772 771/771/771 769/769/769
f 775/775/775 774/774/774 773/773/773
f 776/776/776 775/775/775 773/773/773
f 779/779/779 778/778/778 777/777/777
f 782/782/782 781/781/781 780/780/780
f 785/785/785 784/784/784 783/783/783
f 786/786/786 785/785/785 783/783/783
f 789/789/789 788/788/788 787/787/787
f 790/790/790 789/789/789 787/787/787
f 793/793/793 792/792/792 791/791/791
f 796/796/796 795/795/795 794/794/794
f 799/799/799 798/798/798 797/797/797
f 800/800/800 799/799/799 797/797/797
f 803/803/803 802/802/802 801/801/801
f 804/804/804 803/803/803 801/801/801
f 807/807/807 806/806/806 805/805/805
f 810/810/810 809/809/809 808/808/808
f 813/813/813 812/812/812 811/811/811
f 814/814/814 813/813/813 811/811/811
f 817/817/817 816/816/816 815/815/815
f 818/818/818 817/817/817 815/815/815
f 821/821/821 820/820/820 819/819/819
f 824/824/824 823/823/823 822/822/822
f 827/827/827 826/826/826 825/825/825
f 828/828/828 827/827/827 825/825/825
f 831/831/831 830/830/830 829/829/829
f 832/832/832 831/831/831 829/829/829
f 835/835/835 834/834/834 833/833/833
f 838/838/838 837/837/837 836/836/836
f 841/841/841 840/840/840 839/839/839
f 842/842/842 841/841/841 839/839/839
f 845/845/845 844/844/844 843/843/843
f 846/846/846 845/845/845 843/843/843
f 849/849/849 848/848/848 847/847/847
f 852/852/852 851/851/851 850/850/850
f 855/855/855 854/854/854 853/853/853
f 856/856/856 855/855/855 853/853/853
f 859/859/859 858/858/858 857/857/857
f 860/860/860 859/859/859 857/857/857
f 863/863/863 862/862/862 861/861/861
f 866/866/866 865/865/865 864/864/864
f 869/869/869 868/868/868 867/867/867
f 870/870/870 869/869/869 867/867/867
f 873/873/873 872/872/872 871/871/871
f 874/874/874 873/873/873 871/871/871
f 877/877/877 876/876/876 875/875/875
f 880/880/880 879/879/879 878/878/878
f 883/883/883 882/882/882 881/881/881
f 884/884/884 883/883/883 881/881/881
f 887/887/887 886/886/886 885/885/885
f 888/888/888 887/887/887 885/885/885
f 891/891/891 890/890/890 889/889/889
f 894/894/894 893/893/893 892/892/892
f 897/897/897 896/896/896 895/895/895
f 898/898/898 897/897/897 895/895/895
f 901/901/901 900/900/900 899/899/899
f 902/902/902 901/901/901 899/899/899
f 905/905/905 904/904/904 903/903/903
f 908/908/908 907/907/907 906/906/906
f 911/911/911 910/910/910 909/909/909
f 912/912/912 911/911/911 909/909/909
f 915/915/915 914/914/914 913/913/913
f 916/916/916 915/915/915 913/913/913
f 919/919/919 918/918/918 917/917/917
f 922/922/922 921/921/921 920/920/920
f 925/925/925 924/924/924 923/923/923
f 926/926/926 925/925/925 923/923/923
f 929/929/929 928/928/928 927/927/927
f 930/930/930 929/929/929 927/927/927
f 933/933/933 932/932/932 931/931/931
f 936/936/936 935/935/935 934/934/934
f 939/939/939 938/938/938 937/937/937
f 940/940/940 939/939/939 937/937/937
f 943/943/943 942/942/942 941/941/941
f 944/944/944 943/943/943 941/941/941
f 947/947/947 946/946/946 945/945/945
f 950/950/950 949/949/949 948/948/948
f 953/953/953 952/952/952 951/951/951
f 954/954/954 953/953/953 951/951/951
f 957/957/957 956/956/956 955/955/955
f 958/958/958 957/957/957 955/955/955
f 961/961/961 960/960/960 959/959/959
f 964/964/964 963/963/963 962/962/962
f 967/967/967 966/966/966 965/965/965
f 968/968/968 967/967/967 965/965/965
f 971/971/971 970/970/970 969/969/969
f 972/972/972 971/971/971 969/969/969
f 975/975/975 974/974/974 973/973/973
f 978/978/978 977/977/977 976/976/976
f 981/981/981 980/980/980 979/979/979
f 982/982/982 981/981/981 979/979/979
f 985/985/985 984/984/984 983/983/983
f 986/986/986 985/985/985 983/983/983
f 989/989/989 988/988/988 987/987/987
f 992/992/992 991/991/991 990/990/990
f 995/995/995 994/994/994 993/993/993
f 996/996/996 995/995/995 993/993/993
f 999/999/999 998/998/998 997/997/997
f 1000/1000/1000 999/999/999 997/997/997
f 1003/1003/1003 1002/1002/1002 1001/1001/1001
f 1006/1006/1006 1005/1005/1005 1004/1004/1004
f 1009/1009/1009 1008/1008/1008 1007/1007/1007
f 1010/1010/1010 1009/1009/1009 1007/1007/1007
f 1013/1013/1013 1012/1012/1012 1011/1011/1011
f 1014/1014/1014 1013/1013/1013 1011/1011/1011
f 1017/1017/1017 1016/1016/1016 1015/1015/1015
f 1020/1020/1020 1019/1019/1019 1018/1018/1018
f 1023/1023/1023 1022/1022/1022 1021/1021/1021
f 1024/1024/1024 1023/1023/1023 1021/1021/1021
f 1027/1027/1027 1026/1026/1026 1025/1025/1025
f 1028/1028/1028 1027/1027/1027 1025/1025/1025
f 1031/1031/1031 1030/1030/1030 1029/1029/1029
f 1034/1034/1034 1033/1033/1033 1032/1032/1032
f 1037/1037/1037 1036/1036/1036 1035/1035/1035
f 1038/1038/1038 1037/1037/1037 1035/1035/1035
f 1041/1041/1041 1040/1040/1040 1039/1039/1039
f 1042/1042/1042 1041/1041/1041 1039/1039/1039
f 1045/1045/1045 1044/1044/1044 1043/1043/1043
f 1048/1048/1048 1047/1047/1047 1046/1046/1046
f 1051/1051/1051 1050/1050/1050 1049/1049/1049
f 1052/1052/1052 1051/1051/1051 1049/1049/1049
f 1055/1055/1055 1054/1054/1054 1053/1053/1053
f 1056/1056/1056 1055/1055/1055 1053/1053/1053
f 1059/1059/1059 1058/1058/1058 1057/1057/1057
f 1062/1062/1062 1061/1061/1061 1060/1060/1060
f 1065/1065/1065 1064/1064/1064 1063/1063/1063
f 1066/1066/1066 1065/1065/1065 1063/1063/1063
f 1069/1069/1069 1068/1068/1068 1067/1067/1067
f 1070/1070/1070 1069/1069/1069 1067/1067/1067
f 1073/1073/1073 1072/1072/1072 1071/1071/1071
f 1076/1076/1076 1075/1075/1075 1074/1074/1074
f 1079/1079/1079 1078/1078/1078 1077/1077/1077
f 1080/1080/1080 1079/1079/1079 1077/1077/1077
f 1083/1083/1083 1082/1082/1082 1081/1081/1081
f 1084/1084/1084 1083/1083/1083 1081/1081/1081
f 1087/1087/1087 1086/1086/1086 1085/1085/1085
f 1090/1090/1090 1089/1089/1089 1088/1088/1088
f 1093/1093/1093 1092/1092/1092 1091/1091/1091
f 1094/1094/1094 1093/1093/1093 1091/1091/1091
f 1097/1097/1097 1096/1096/1096 1095/1095/1095
f 1098/1098/1098 1097/1097/1097 1095/1095/1095
f 1101/1101/1101 1100/1100/1100 1099/1099/1099
f 1104/1104/1104 1103/1103/1103 1102/1102/1102
f 1107/1107/1107 1106/1106/1106 1105/1105/1105
f 1108/1108/1108 1107/1107/1107 1105/1105/1105
f 1111/1111/1111 1110/1110/1110 1109/1109/1109
f 1112/1112/1112 1111/1111/1111 1109/1109/1109
f 1115/1115/1115 1114/1114/1114 1113/1113/1113
f 1118/1118/1118 1117/1117/1117 1116/1116/1116
f 1121/1121/1121 1120/1120/1120 1119/1119/1119
f 1122/1122/1122 1121/1121/1121 1119/1119/1119
f 1125/1125/1125 1124/1124/1124 1123/1123/1123
f 1126/1126/1126 1125/1125/1125 1123/1123/1123
f 1129/1129/1129 1128/1128/1128 1127/1127/1127
f 1132/1132/1132 1131/1131/1131 1130/1130/1130
f 1135/1135/1135 1134/1134/1134 1133/1133/1133
f 1136/1136/1136 1135/1135/1135 1133/1133/1133
f 1139/1139/1139 1138/1138/1138 1137/1137/1137
f 1140/1140/1140 1139/1139/1139 1137/1137/1137
f 1143/1143/1143 1142/1142/1142 1141/1141/1141
f 1146/1146/1146 1145/1145/1145 1144/1144/1144
f 1149/1149/1149 1148/1148/1148 1147/1147/1147
f 1150/1150/1150 1149/1149/1149 1147/1147/1147
f 1153/1153/1153 1152/1152/1152 1151/1151/1151
f 1154/1154/1154 1153/1153/1153 1151/1151/1151
f 1157/1157/1157 1156/1156/1156 1155/1155/1155
f 1160/1160/1160 1159/1159/1159 1158/1158/1158
f 1163/1163/1163 1162/1162/1162 1161/1161/1161
f 1164/1164/1164 1163/1163/1163 1161/1161/1161
f 1167/1167/1167 1166/1166/1166 1165/1165/1165
f 1168/1168/1168 1167/1167/1167 1165/1165/1165
f 1171/1171/1171 1170/1170/1170 1169/1169/1169
f 1174/1174/1174 1173/1173/1173 1172/1172/1172
f 1177/1177/1177 1176/1176/1176 1175/1175/1175
f 1178/1178/1178 1177/1177/1177 1175/1175/1175
f 1181/1181/1181 1180/1180/1180 1179/1179/1179
f 1182/1182/1182 1181/1181/1181 1179/1179/1179
f 1185/1185/1185 1184/1184/1184 1183/1183/1183
f 1188/1188/1188 1187/1187/1187 1186/1186/1186
f 1191/1191/1191 1190/1190/1190 1189/1189/1189
f 1192/1192/1192 1191/1191/1191 1189/1189/1189
f 1195/1195/1195 1194/1194/1194 1193/1193/1193
f 1196/1196/1196 1195/1195/1195 1193/1193/1193
f 1199/1199/1199 1198/1198/1198 1197/1197/1197
f 1202/1202/1202 1201/1201/1201 1200/1200/1200
f 1205/1205/1205 1204/1204/1204 1203/1203/1203
f 1206/1206/1206 1205/1205/1205 1203/1203/1203
f 1209/1209/1209 1208/1208/1208 1207/1207/1207
f 1210/1210/1210 1209/1209/1209 1207/1207/1207
f 1213/1213/1213 1212/1212/1212 1211/1211/1211
f 1216/1216/1216 1215/1215/1215 1214/1214/1214
f 1219/1219/1219 1218/1218/1218 1217/1217/1217
f 1220/1220/1220 1219/1219/1219 1217/1217/1217
f 1223/1223/1223 1222/1222/1222 1221/1221/1221
f 1224/1224/1224 1223/1223/1223 1221/1221/1221
f 1227/1227/1227 1226/1226/1226 1225/1225/1225
f 1230/1230/1230 1229/1229/1229 1228/1228/1228
f 1233/1233/1233 1232/1232/1232 1231/1231/1231
f 1234/1234/1234 1233/1233/1233 1231/1231/1231
f 1237/1237/1237 1236/1236/1236 1235/1235/1235
f 1238/1238/1238 1237/1237/1237 1235/1235/1235
f 1241/1241/1241 1240/1240/1240 1239/1239/1239
f 1244/1244/1244 1243/1243/1243 1242/1242/1242
f 1247/1247/1247 1246/1246/1246 1245/1245/1245
f 1248/1248/1248 1247/1247/1247 1245/1245/1245
f 1251/1251/1251 1250/1250/1250 1249/1249/1249
f 1252/1252/1252 1251/1251/1251 1249/1249/1249
f 1255/1255/1255 1254/1254/1254 1253/1253/1253
f 1258/1258/1258 1257/1257/1257 1256/1256/1256
f 1261/1261/1261 1260/1260/1260 1259/1259/1259
f 1262/1262/1262 1261/1261/1261 1259/1259/1259
f 1265/1265/1265 1264/1264/1264 1263/1263/1263
f 1266/1266/1266 1265/1265/1265 1263/1263/1263
f 1269/1269/1269 1268/1268/1268 1267/1267/1267
f 1272/1272/1272 1271/1271/1271 1270/1270/1270
f 1275/1275/1275 1274/1274/1274 1273/1273/1273
f 1276/1276/1276 1275/1275/1275 1273/1273/1273
f 1279/1279/1279 1278/1278/1278 1277/1277/1277
f 1280/1280/1280 1279/1279/1279 1277/1277/1277
f 1283/1283/1283 1282/1282/1282 1281/1281/1281
f 1286/1286/1286 1285/1285/1285 1284/1284/1284
f 1289/1289/1289 1288/1288/1288 1287/1287/1287
f 1290/1290/1290 1289/1289/1289 1287/1287/1287
f 1293/1293/1293 1292/1292/1292 1291/1291/1291
f 1294/1294/1294 1293/1293/1293 1291/1291/1291
f 1297/1297/1297 1296/1296/1296 1295/1295/1295
f 1300/1300/1300 1299/1299/1299 1298/1298/1298
f 1303/1303/1303 1302/1302/1302 1301/1301/1301
f 1304/1304/1304 1303/1303/1303 1301/1301/1301
f 1307/1307/1307 1306/1306/1306 1305/1305/1305
f 1308/1308/1308 1307/1307/1307 1305/1305/1305
f 1311/1311/1311 1310/1310/1310 1309/1309/1309
f 1314/1314/1314 1313/1313/1313 1312/1312/1312
f 1317/1317/1317 1316/1316/1316 1315/1315/1315
f 1318/1318/1318 1317/1317/1317 1315/1315/1315
f 1321/1321/1321 1320/1320/1320 1319/1319/1319
f 1322/1322/1322 1321/1321/1321 1319/1319/1319
f 1325/1325/1325 1324/1324/1324 1323/1323/1323
f 1328/1328/1328 1327/1327/1327 1326/1326/1326
f 1331/1331/1331 1330/1330/1330 1329/1329/1329
f 1332/1332/1332 1331/1331/1331 1329/1329/1329
f 1335/1335/1335 1334/1334/1334 1333/1333/1333
f 1336/1336/1336 1335/1335/1335 1333/1333/1333
f 1339/1339/1339 1338/1338/1338 1337/1337/1337
f 1342/1342/1342 1341/1341/1341 1340/1340/1340
f 1345/1345/1345 1344/1344/1344 1343/1343/1343
f 1346/1346/1346 1345/1345/1345 1343/1343/1343
f 1349/1349/1349 1348/1348/1348 1347/1347/1347
f 1350/1350/1350 1349/1349/1349 1347/1347/1347
f 1353/1353/1353 1352/1352/1352 1351/1351/1351
f 1356/1356/1356 1355/1355/1355 1354/1354/1354
f 1359/1359/1359 1358/1358/1358 1357/1357/1357
f 1360/1360/1360 1359/1359/1359 1357/1357/1357
f 1363/1363/1363 1362/1362/1362 1361/1361/1361
f 1364/1364/1364 1363/1363/1363 1361/1361/1361
f 1367/1367/1367 1366/1366/1366 1365/1365/1365
f 1370/1370/1370 1369/1369/1369 1368/1368/1368
f 1373/1373/1373 1372/1372/1372 1371/1371/1371
f 1374/1374/1374 1373/1373/1373 1371/1371/1371
f 1377/1377/1377 1376/1376/1376 1375/1375/1375
f 1378/1378/1378 1377/1377/1377 1375/1375/1375
f 1381/1381/1381 1380/1380/1380 1379/1379/1379
f 1384/1384/1384 1383/1383/1383 1382/1382/1382
f 1387/1387/1387 1386/1386/1386 1385/1385/1385
f 1388/1388/1388 1387/1387/1387 1385/1385/1385
f 1391/1391/1391 1390/1390/1390 1389/1389/1389
f 1392/1392/1392 1391/1391/1391 1389/1389/1389
f 1395/1395/1395 1394/1394/1394 1393/1393/1393
f 1398/1398/1398 1397/1397/1397 1396/1396/1396
f 1401/1401/1401 1400/1400/1400 1399/1399/1399
f 1402/1402/1402 1401/1401/1401 1399/1399/1399
f 1405/1405/1405 1404/1404/1404 1403/1403/1403
f 1406/1406/1406 1405/1405/1405 1403/1403/1403
f 1409/1409/1409 1408/1408/1408 1407/1407/1407
f 1412/1412/1412 1411/1411/1411 1410/1410/1410
f 1415/1415/1415 1414/1414/1414 1413/1413/1413
f 1416/1416/1416 1415/1415/1415 1413/1413/1413
f 1419/1419/1419 1418/1418/1418 1417/1417/1417
f 1420/1420/1420 1419/1419/1419 1417/1417/1417
