# File generated by FabConvert.com - Free Image and 3D model conversion tools

mtllib SM_Bld_Base_Large_01.mtl

# SM_Bld_Base_Large_01_0
o obj1
v 8.88338852 10.00232506 8.8833847
v -8.8833847 10.00232506 8.8833847
v -9.02799225 9.83028984 9.02799225
v 9.02799606 9.83028984 9.02799225
v 8.88338852 10.00232506 -8.8833847
v -8.8833847 10.00232506 -8.8833847
v 9.02799606 9.83028984 -9.02799225
v -9.02799225 9.83028984 -9.02799225
v -9.15605927 7.79053879 -9.88938141
v -9.52693939 8.45625973 -9.52693939
v -9.02799225 9.37271404 -9.02799225
v 9.02799606 9.37271404 -9.02799225
v 0.74018097 8.65159988 -9.42058945
v 10.8003273 6.11735249 10.80032349
v 10.35891724 6.9281168 9.66195679
v 9.97419357 6.78884411 10.43473816
v 10.86631393 5.99614716 10.86631012
v -9.8519516 7.85929585 -9.41672516
v -9.02799225 9.37271404 9.02799225
v -10.12773132 7.3527441 10.12773132
v -10.87197876 5.98573303 9.90228271
v -10.04179382 5.81227493 10.96641541
v -11.05768585 5.64463282 11.05769348
v -11.10420227 4.65142918 11.59842682
v -11.57118225 4.70145798 11.14156342
v -11.65424347 4.54889679 11.6542511
v -11.28211212 5.23240995 11.28211975
v -4.59140778 4.79778004 11.51873779
v -4.87272644 6.06447124 10.82910919
v -4.95366669 5.23532963 10.98497772
v 13.4485321 1.25320053 -13.44852829
v 14.13081741 0 -12.77854919
v 13.09437561 0 -14.1308136
v 9.56789017 8.38105297 9.56788635
v 12.94578552 2.17663097 12.94578552
v 12.72002029 1.5755558 13.27302551
v 13.20120621 1.7074852 12.46495056
v 13.31669235 1.49536133 13.31668854
v 10.09434891 5.54551506 -11.11164856
v 11.26819992 5.25797319 -9.60761261
v 11.58415222 4.67764044 -11.58414841
v 10.65439224 6.385396 -10.65438843
v 9.62570572 8.27485752 -0.63442993
v 9.02799606 9.37271404 9.02799225
v -12.17562866 0 14.1308136
v -14.1308136 0 12.56000519
v -14.1308136 0 -13.28513336
v -12.94458771 0 -14.13081741
v 14.13081741 0 14.1308136
v -10.23175049 7.16168118 -10.23175049
v -11.03314209 5.68971252 -11.03314209
v -11.33860016 3.81554985 -12.05349731
v -12.06938171 3.78637028 -11.22068787
v -12.35140991 3.26836252 -12.3514061
v -11.72257996 4.42336273 4.34567261
v -11.25624084 5.27991581 3.1235199
v -11.42430115 4.38039923 3.12591171
v -11.76679993 4.34214878 -5.88291931
v -10.08493042 7.43136501 -5.00416565
v -13.57037354 1.02939701 13.57038116
v -12.42490387 3.13337135 2.7124176
v 4.58061981 1.09795094 13.53305054
v -5.40110779 3.91512012 11.99929047
v 3.08209991 2.81987858 12.59558105
v 12.23460388 3.48291397 1.42752075
v 10.84421921 6.03672981 -0.62258148
v 10.54153824 6.12419605 0.61957169
v 0.17160034 4.74459839 -11.54769516
v 1.36621094 6.56340885 -10.55747223
v -13.81365204 0.58255291 -13.81365204
v -6.05620575 5.07042503 11.37030792
v 3.54375458 3.2835598 12.34312439
v 4.5903244 2.62515688 12.70158386
v 3.72338104 2.40574646 12.48014069
v -11.93978882 4.02441597 -5.40349579
v -11.75912476 4.35625315 2.70569611
v -11.69425964 4.47537565 -4.60338974
v -11.17343903 5.11611509 -5.03071976
v 0.15939331 6.70415163 -10.48085022
v 0.98184967 6.67004919 -10.25643921
v 10.74847794 6.21258545 1.40639496
v 7.82753754 8.97244835 9.3531723
v 7.5890274 8.98147106 9.33660126
v 7.58168793 8.85523129 9.39093018
v 7.83241272 8.8517704 9.39678192
v 7.90636444 8.97199726 9.20214844
v 7.51049042 8.98125267 9.1870575
v 7.91189575 8.77359867 9.27664948
v 7.50170898 8.77476692 9.27203369
v 8.02536774 8.74863434 9.44807434
v 7.76929474 8.74100685 9.44803619
v 7.76908875 8.60736465 9.49933624
v 8.02098846 8.62215614 9.49964905
v 8.10712433 8.73910427 9.29911041
v 7.69347382 8.73311996 9.29872894
v 8.10030365 8.53365326 9.38262177
v 7.69241333 8.51812935 9.38220978
v 8.90726471 8.70955467 9.45626068
v 8.64591217 8.73832989 9.44921112
v 8.64590454 8.60276699 9.50104523
v 8.90725708 8.59044075 9.50457764
v 8.98646545 8.70774555 9.3067627
v 8.568573 8.73523712 9.29967499
v 8.98647308 8.51030731 9.38524628
v 8.56858063 8.51862431 9.38311005
v 1.99229431 7.65291357 10.09239197
v 1.75580597 7.66137981 10.07463074
v 1.75579834 7.52632475 10.12802887
v 2.00640869 7.52205658 10.13395691
v 2.07502747 7.64807796 9.94045258
v 1.68097687 7.65659714 9.92459106
v 2.09165192 7.43740559 10.01281738
v 1.6809845 7.4399848 10.00801849
v 8.96864319 7.17774773 10.35565186
v 8.71866608 7.17774773 10.35565186
v 8.73350525 7.04227352 10.40782166
v 8.96867371 7.04227352 10.40782166
v 9.04374695 7.17082453 10.20734406
v 8.633461 7.17082453 10.20734406
v 9.04374695 6.95420647 10.29076385
v 8.65098572 6.95420647 10.29076385
v 9.17871857 6.93364096 10.49603271
v 8.91674042 6.93976974 10.49025726
v 8.92179871 6.81153297 10.53247833
v 9.16471863 6.79851389 10.54924774
v 9.25242615 6.92518711 10.35017395
v 8.82847595 6.92910099 10.34555817
v 9.2359314 6.70857525 10.43360901
v 8.83705902 6.72137642 10.41851807
v 6.34933472 8.04650497 9.87454987
v 6.10890198 8.01291943 9.86118317
v 6.09700012 7.89683151 9.92189789
v 6.34942627 7.91018581 9.92450714
v 6.42429352 8.04385567 9.72619629
v 6.02539062 8.01401806 9.71556091
v 6.42428589 7.82724285 9.80962372
v 6.01246643 7.81772518 9.80638123
v 5.00335693 6.92568779 10.49104309
v 4.75702667 6.90803862 10.48754883
v 4.74848938 6.78270817 10.54206848
v 5.00335693 6.78992081 10.54237366
v 5.07932281 6.92141294 10.34237671
v 4.67582703 6.90477848 10.33982849
v 5.07931519 6.70479679 10.42578888
v 4.66577148 6.69976139 10.42501831
v 1.71872711 7.41888142 10.22286987
v 1.48352814 7.38810635 10.21669769
v 1.46868134 7.27033901 10.27304077
v 1.71875 7.2828474 10.27349091
v 1.79302216 7.41616344 10.07401276
v 1.40019226 7.38720798 10.06958008
v 1.79302216 7.19955111 10.15744019
v 1.38272858 7.19078588 10.15609741
v -7.99593353 8.79567528 9.44842529
v -8.23444366 8.80469894 9.43186188
v -8.24178314 8.67845917 9.48618317
v -7.99105835 8.67499733 9.49204254
v -7.91710663 8.79522514 9.29740906
v -8.31298065 8.8044796 9.28231812
v -7.91157532 8.5968256 9.3719101
v -8.32176208 8.59799385 9.36728668
v -7.79810333 8.57186222 9.54332733
v -8.05417633 8.56423378 9.54329681
v -8.05438232 8.43059158 9.59459686
v -7.8024826 8.44538403 9.59490204
v -7.71634674 8.56233215 9.3943634
v -8.12999725 8.55634689 9.39398193
v -7.72316742 8.3568821 9.47787476
v -8.13105774 8.34135723 9.47746277
v -5.03510284 8.5327816 9.55151367
v -5.29645538 8.56155682 9.54447174
v -5.29645538 8.42599392 9.59629822
v -5.03510284 8.41366863 9.59983826
v -4.9559021 8.53097248 9.40201569
v -5.37379456 8.55846405 9.39493561
v -4.95589447 8.33353424 9.4805069
v -5.37378693 8.34185219 9.47837067
v -3.52256775 7.71992302 10.05628967
v -3.75904846 7.72838926 10.03852844
v -3.75906372 7.5933342 10.09191895
v -3.50844574 7.58906651 10.09785461
v -3.43982697 7.71508694 9.90434265
v -3.83388519 7.72360611 9.88848877
v -3.42321014 7.50441551 9.97671509
v -3.83387756 7.50699425 9.97190857
v -2.35032654 7.24475718 10.31954956
v -2.60030365 7.24475718 10.31954956
v -2.58545685 7.10928249 10.37171936
v -2.35028839 7.10928249 10.37171936
v -2.27522278 7.23783398 10.17123413
v -2.68550873 7.23783398 10.17123413
v -2.27522278 7.02121544 10.25466156
v -2.66797638 7.02121544 10.25466156
v -2.14025116 7.00065041 10.45993042
v -2.40222168 7.00677872 10.45415497
v -2.39717102 6.87854242 10.49637604
v -2.1542511 6.86552334 10.51314545
v -2.06654358 6.99219656 10.31407166
v -2.49049377 6.99610996 10.30945587
v -2.08303833 6.77558422 10.39749908
v -2.48191071 6.78838539 10.38240814
v -7.79720306 8.11351395 9.83844757
v -8.0376358 8.0799284 9.82508087
v -8.04953766 7.96384048 9.88579559
v -7.79711151 7.97719479 9.88840485
v -7.72224426 8.11086464 9.69009399
v -8.12114716 8.08102703 9.67945099
v -7.72225189 7.8942523 9.77351379
v -8.13407135 7.88473511 9.77027893
v -7.5357132 5.8820858 11.0533905
v -7.78204346 5.8644371 11.04989624
v -7.79058075 5.73910475 11.10442352
v -7.5357132 5.74631691 11.10472107
v -7.45974731 5.87781096 10.90473175
v -7.8632431 5.86117649 10.90218353
v -7.45975494 5.6611948 10.98815155
v -7.87329865 5.6561594 10.98736572
v -9.28936768 7.48589039 10.18676758
v -9.52456665 7.45511532 10.18058777
v -9.53941345 7.33734846 10.23693848
v -9.28934479 7.34985685 10.23738861
v -9.21507263 7.48317242 10.03791046
v -9.60790253 7.45421696 10.03347778
v -9.21507263 7.26656055 10.12133789
v -9.62536621 7.25779533 10.11998749
v 2.25660706 6.67516899 10.59107208
v 2.01808929 6.6841898 10.57450104
v 2.01076508 6.55795193 10.62882996
v 2.26148224 6.55449009 10.63468933
v 2.33544159 6.6747179 10.44005585
v 1.93955994 6.68397141 10.42497253
v 2.34096527 6.47631884 10.51455688
v 1.9307785 6.47748756 10.50993347
v 2.45443726 6.45135307 10.68598175
v 2.19837189 6.44372702 10.68593597
v 2.19815826 6.31008434 10.73724365
v 2.45005798 6.32487488 10.73754883
v 2.53620148 6.44182491 10.53701782
v 2.12254333 6.43584061 10.53663635
v 2.52937317 6.2363739 10.62052155
v 2.12148285 6.22084999 10.62011719
v 5.23060608 6.4702816 10.66290283
v 4.96925354 6.49905682 10.6558609
v 4.96924591 6.36349583 10.70769501
v 5.23059845 6.35117054 10.71122742
v 5.30980682 6.46847248 10.51340485
v 4.89191437 6.49596405 10.50632477
v 5.30981445 6.27103424 10.59189606
v 4.891922 6.27935171 10.58975983
v 1.2835083 6.17005634 10.89144897
v 1.04701996 6.17852306 10.87367249
v 1.04701233 6.04346609 10.92707825
v 1.29763031 6.03919792 10.93299866
v 1.36624146 6.16521931 10.73949432
v 0.97219086 6.17374039 10.72364044
v 1.38286591 5.95454884 10.81186676
v 0.97219849 5.95712757 10.80706024
v 6.39950562 1.84109783 13.2313385
v 6.1495285 1.84109783 13.2313385
v 6.16437149 1.70562172 13.28351593
v 6.39953995 1.70562172 13.28351593
v 6.47460938 1.83417511 13.0830307
v 6.06432343 1.83417511 13.0830307
v 6.47460556 1.61755657 13.1664505
v 6.08185196 1.61755657 13.1664505
v 6.60958099 1.59698963 13.37172699
v 6.34760666 1.60311985 13.36594391
v 6.35265732 1.47488117 13.40816498
v 6.59558105 1.46186638 13.42493439
v 6.68328476 1.58853531 13.22586823
v 6.25933838 1.5924511 13.22124481
v 6.66679382 1.37192535 13.30928802
v 6.26792145 1.38472652 13.29420471
v -3.38411713 4.53198671 11.76837158
v -3.62454987 4.49840164 11.75500488
v -3.63645172 4.38231373 11.8157196
v -3.38402557 4.39566803 11.81832886
v -3.30915833 4.52933788 11.62001801
v -3.70806122 4.4994998 11.60938263
v -3.30916595 4.31272554 11.70344543
v -3.72098541 4.30320787 11.70020294
v 1.14186859 4.11751604 12.00424194
v 0.89553833 4.09986496 12.00074005
v 0.88700104 3.97453499 12.05527496
v 1.14186859 3.98174715 12.05556488
v 1.21783447 4.11323929 11.85558319
v 0.81433868 4.09660482 11.85303497
v 1.21782684 3.89662313 11.93899536
v 0.80428314 3.89158964 11.93821716
v -3.18204498 4.2792592 11.91468048
v -3.41724396 4.24848461 11.90850067
v -3.43209076 4.13071728 11.96485138
v -3.18202209 4.14322567 11.96529388
v -3.10774994 4.27654171 11.76582336
v -3.50057983 4.24758625 11.76139069
v -3.10774994 4.05992937 11.84924316
v -3.51804352 4.05116415 11.84790039
v 9.94787979 3.7731266 12.15485382
v 9.70936966 3.78214931 12.13829041
v 9.70203018 3.65590954 12.19261169
v 9.95275497 3.65244818 12.19847107
v 10.0267067 3.77267551 12.00383759
v 9.63083267 3.78192902 11.98875427
v 10.03223801 3.57427645 12.07834625
v 9.62205124 3.57544518 12.07371521
v 10.14570999 3.54931068 12.24976349
v 9.88963699 3.54168463 12.24971771
v 9.889431 3.40804243 12.30103302
v 10.14133072 3.42283487 12.30133057
v 10.22746658 3.53978252 12.10079956
v 9.81381607 3.53379822 12.10041809
v 10.2206459 3.33433294 12.18430328
v 9.81275558 3.3188076 12.18389893
v 8.70104599 3.51023245 12.25794983
v 8.43969345 3.53900814 12.25090027
v 8.43968582 3.40344715 12.30272675
v 8.70103836 3.39112139 12.30626678
v 8.78024673 3.5084219 12.10845184
v 8.36235428 3.5359149 12.10136414
v 8.78025436 3.31098557 12.18693542
v 8.36236191 3.31930256 12.18479156
v 11.62020493 2.21312857 13.02365875
v 11.38371658 2.22159481 13.00588989
v 11.38370895 2.08653975 13.05929565
v 11.63431931 2.08227158 13.06522369
v 11.70293808 2.20829296 12.8717041
v 11.30888748 2.21681166 12.85585022
v 11.71956253 1.99762058 12.94407654
v 11.30889511 2.00019932 12.93927765
v 12.43328476 1.0672884 13.64831543
v 12.18330765 1.0672884 13.64831543
v 12.19815063 0.93181419 13.70048523
v 12.43331909 0.93181419 13.70048523
v 12.50838852 1.06036568 13.5
v 12.09810257 1.06036568 13.5
v 12.5083847 0.84374714 13.58342743
v 12.11562729 0.84374714 13.58342743
v 12.64336014 0.82318211 13.78869629
v 12.3813858 0.82931042 13.78292084
v 12.38643646 0.70107365 13.82514191
v 12.6293602 0.68805504 13.84191132
v 12.7170639 0.81472778 13.64283752
v 12.29311752 0.81864166 13.63822174
v 12.70057297 0.59811592 13.72626495
v 12.30170059 0.61091709 13.71117401
v 7.05208969 1.93604565 13.16721344
v 6.81165695 1.9024601 13.15384674
v 6.7997551 1.78637218 13.21456146
v 7.05218124 1.79972649 13.21717072
v 7.12704849 1.93339634 13.01885986
v 6.7281456 1.90355873 13.00821686
v 7.12704086 1.71678448 13.10227966
v 6.71522141 1.70726681 13.0990448
v 3.83049774 0.81522846 13.78370667
v 3.58416748 0.79757977 13.78020477
v 3.57563019 0.67224884 13.83472443
v 3.83049774 0.67946148 13.8350296
v 3.90646362 0.81095409 13.63503265
v 3.50296783 0.79431915 13.63249207
v 3.90645599 0.59433746 13.71845245
v 3.49291229 0.58930206 13.71768188
v 9.73484421 1.30842209 13.51553345
v 9.49964523 1.27764702 13.50935364
v 9.48479843 1.15988064 13.56570435
v 9.7348671 1.17238808 13.56615448
v 9.80913925 1.30570412 13.36667633
v 9.41630936 1.27674866 13.36224365
v 9.80913925 1.08909225 13.45010376
v 9.39884567 1.08032703 13.44875336
v -7.95236206 3.80067158 12.14001465
v -8.19087219 3.80969477 12.1234436
v -8.19821167 3.68345499 12.17777252
v -7.94748688 3.67999315 12.18362427
v -7.87353516 3.80022097 11.98899841
v -8.26940918 3.80947447 11.9739151
v -7.86800385 3.6018219 12.06349182
v -8.27819061 3.60299063 12.05887604
v -7.75453186 3.57685614 12.23492432
v -8.01060486 3.56923008 12.23487854
v -8.01081085 3.43558788 12.28617859
v -7.75891113 3.45037985 12.28649139
v -7.67277527 3.56732798 12.08595276
v -8.08642578 3.56134367 12.08557129
v -7.67959595 3.3618784 12.16946411
v -8.08748627 3.34635305 12.16905212
v -4.35734558 2.58518982 12.75640869
v -4.61869812 2.61396503 12.74936676
v -4.61870575 2.47840214 12.80119324
v -4.35735321 2.46607637 12.80473328
v -4.27814484 2.5833807 12.60691833
v -4.69603729 2.61087227 12.59983063
v -4.27813721 2.38594246 12.68540192
v -4.69602966 2.39425993 12.68326569
v -2.87512207 1.77233028 13.26118469
v -3.11161041 1.780797 13.24342346
v -3.11161804 1.64574242 13.29681396
v -2.86100006 1.64147377 13.30274963
v -2.79238129 1.76749516 13.10923767
v -3.18643951 1.77601433 13.09338379
v -2.77576447 1.55682278 13.18161011
v -3.18643951 1.55940151 13.17680359
v -7.64046478 1.29716492 13.52444458
v -7.89044189 1.29716492 13.52444458
v -7.87560272 1.16169071 13.57661438
v -7.64043427 1.16169071 13.57661438
v -7.56536102 1.29024124 13.37612915
v -7.97564697 1.29024124 13.37612915
v -7.56536102 1.07362366 13.45955658
v -7.95812225 1.07362366 13.45955658
v -7.4303894 1.05305862 13.66482544
v -7.69236755 1.05918694 13.65904999
v -7.68730927 0.93095016 13.70127106
v -7.44438934 0.91793156 13.71804047
v -7.35668182 1.0446043 13.51896667
v -7.78063202 1.04851818 13.51435089
v -7.37317657 0.82799244 13.6023941
v -7.77204895 0.84079361 13.58731079
v -11.27196503 2.16592169 13.04334259
v -11.51239777 2.13233662 13.02997589
v -11.52429962 2.0162487 13.09069061
v -11.27187347 2.029603 13.09329987
v -11.19700623 2.16327238 12.89498901
v -11.59590912 2.13343477 12.88435364
v -11.19701385 1.94666004 12.97841644
v -11.60883331 1.93714237 12.97517395
v -11.80935669 1.04510498 13.65983582
v -12.05568695 1.02745628 13.65633392
v -12.06422424 0.90212536 13.71085358
v -11.80935669 0.909338 13.71115875
v -11.73339081 1.04082966 13.5111618
v -12.1368866 1.02419567 13.50862122
v -11.73339844 0.82421398 13.5945816
v -12.14694214 0.81917858 13.59381104
v -9.21880341 1.53829861 13.3916626
v -9.45400238 1.50752354 13.38548279
v -9.46884918 1.3897562 13.4418335
v -9.21878052 1.4022646 13.44228363
v -9.14450836 1.53558064 13.24280548
v -9.53733826 1.50662518 13.2383728
v -9.14450836 1.31896877 13.32623291
v -9.55480194 1.31020355 13.32488251
v -9.3531723 8.97244835 7.82754517
v -9.33660126 8.98147106 7.58903503
v -9.39093781 8.85523129 7.58169556
v -9.39678192 8.8517704 7.83242035
v -9.20215607 8.97199726 7.90637207
v -9.18706512 8.98125267 7.51049805
v -9.27664948 8.77359867 7.91190338
v -9.27204132 8.77476692 7.50171661
v -9.44808197 8.74863434 8.02537537
v -9.44803619 8.74100685 7.76930237
v -9.49933624 8.60736465 7.76909637
v -9.49965668 8.62215614 8.02099609
v -9.29911041 8.73910427 8.10713196
v -9.29872894 8.73311996 7.69348145
v -9.38262177 8.53365326 8.10031128
v -9.38220978 8.51812935 7.69242096
v -9.45626068 8.70955467 8.90727234
v -9.44921112 8.73832989 8.6459198
v -9.50104523 8.60276699 8.64591217
v -9.50458527 8.59044075 8.90726471
v -9.30677032 8.70774555 8.98647308
v -9.29967499 8.73523712 8.56858063
v -9.38524628 8.51030731 8.98648071
v -9.38311005 8.51862431 8.56858826
v -10.0923996 7.65291357 1.99230194
v -10.07463837 7.66137981 1.7558136
v -10.12802887 7.52632475 1.75580597
v -10.13396454 7.52205658 2.00641632
v -9.94045258 7.64807796 2.0750351
v -9.92459869 7.65659714 1.6809845
v -10.01282501 7.43740559 2.09165955
v -10.00801849 7.4399848 1.68099213
v -10.35565948 7.17774773 8.96865082
v -10.35565948 7.17774773 8.71867371
v -10.40782928 7.04227352 8.73351288
v -10.40782928 7.04227352 8.96868134
v -10.20734406 7.17082453 9.04375458
v -10.20734406 7.17082453 8.63346863
v -10.29076385 6.95420647 9.04375458
v -10.29076385 6.95420647 8.65099335
v -10.49604034 6.93364096 9.1787262
v -10.49025726 6.93976974 8.91674805
v -10.53247833 6.81153297 8.92180634
v -10.54924774 6.79851389 9.16472626
v -10.35018158 6.92518711 9.25243378
v -10.34555817 6.92910099 8.82848358
v -10.43361664 6.70857525 9.23593903
v -10.4185257 6.72137642 8.83706665
v -9.87454987 8.04650497 6.34934235
v -9.86118317 8.01291943 6.10890961
v -9.92189789 7.89683151 6.09700775
v -9.92450714 7.91018581 6.3494339
v -9.72620392 8.04385567 6.42430115
v -9.71556854 8.01401806 6.02539825
v -9.80962372 7.82724285 6.42429352
v -9.80638885 7.81772518 6.01247406
v -10.49105072 6.92568779 5.00336456
v -10.48755646 6.90803862 4.7570343
v -10.54207611 6.78270817 4.74849701
v -10.54238129 6.78992081 5.00336456
v -10.34238434 6.92141294 5.07933044
v -10.33983612 6.90477848 4.67583466
v -10.42578888 6.70479679 5.07932281
v -10.42502594 6.69976139 4.66577911
v -10.2228775 7.41888142 1.71873474
v -10.21669769 7.38810635 1.48353577
v -10.2730484 7.27033901 1.46868896
v -10.27349091 7.2828474 1.71875763
v -10.07401276 7.41616344 1.79302979
v -10.06958771 7.38720798 1.40019989
v -10.15744781 7.19955111 1.79302979
v -10.15610504 7.19078588 1.38273621
v -9.44843292 8.79567528 -7.9959259
v -9.43186188 8.80469894 -8.23443604
v -9.48618317 8.67845917 -8.24177551
v -9.49204254 8.67499733 -7.99105072
v -9.29741669 8.79522514 -7.917099
v -9.28232574 8.8044796 -8.31297302
v -9.3719101 8.5968256 -7.91156769
v -9.36728668 8.59799385 -8.32175446
v -9.54332733 8.57186222 -7.7980957
v -9.54329681 8.56423378 -8.0541687
v -9.59459686 8.43059158 -8.05437469
v -9.59490204 8.44538403 -7.80247498
v -9.39437103 8.56233215 -7.71633911
v -9.39398956 8.55634689 -8.12998962
v -9.47788239 8.3568821 -7.72315979
v -9.4774704 8.34135723 -8.13105011
v -9.5515213 8.5327816 -5.03509521
v -9.54447174 8.56155682 -5.29644775
v -9.59630585 8.42599392 -5.29644775
v -9.59984589 8.41366863 -5.03509521
v -9.40201569 8.53097248 -4.95589447
v -9.39493561 8.55846405 -5.37378693
v -9.4805069 8.33353424 -4.95588684
v -9.47837067 8.34185219 -5.3737793
v -10.0562973 7.71992302 -3.52256012
v -10.03853607 7.72838926 -3.75904083
v -10.09192657 7.5933342 -3.75905609
v -10.09786224 7.58906651 -3.50843811
v -9.90435028 7.71508694 -3.43981934
v -9.8884964 7.72360611 -3.83387756
v -9.97672272 7.50441551 -3.42320251
v -9.9719162 7.50699425 -3.83386993
v -10.31955719 7.24475718 -2.35031891
v -10.31955719 7.24475718 -2.60029602
v -10.37172699 7.10928249 -2.58544922
v -10.37172699 7.10928249 -2.35028076
v -10.17124176 7.23783398 -2.27521515
v -10.17124176 7.23783398 -2.6855011
v -10.25466156 7.02121544 -2.27521515
v -10.25466156 7.02121544 -2.66796875
v -10.45993805 7.00065041 -2.14024353
v -10.45415497 7.00677872 -2.40221405
v -10.49637604 6.87854242 -2.39716339
v -10.51314545 6.86552334 -2.15424347
v -10.31407928 6.99219656 -2.06653595
v -10.30945587 6.99610996 -2.49048615
v -10.39749908 6.77558422 -2.0830307
v -10.38240814 6.78838539 -2.48190308
v -9.83844757 8.11351395 -7.79719543
v -9.82508087 8.0799284 -8.03762817
v -9.88579559 7.96384048 -8.04953003
v -9.88840485 7.97719479 -7.79710388
v -9.69010162 8.11086464 -7.72223663
v -9.67945099 8.08102703 -8.12113953
v -9.77352142 7.8942523 -7.72224426
v -9.77028656 7.88473511 -8.13406372
v -11.05339813 5.8820858 -7.53570557
v -11.04990387 5.8644371 -7.78203583
v -11.10442352 5.73910475 -7.79057312
v -11.1047287 5.74631691 -7.53570557
v -10.90473175 5.87781096 -7.45973969
v -10.90218353 5.86117649 -7.86323547
v -10.98815155 5.6611948 -7.45974731
v -10.98737335 5.6561594 -7.87329102
v -10.18677521 7.48589039 -9.28936005
v -10.1805954 7.45511532 -9.52455902
v -10.23694611 7.33734846 -9.53940582
v -10.23738861 7.34985685 -9.28933716
v -10.03791046 7.48317242 -9.215065
v -10.03348541 7.45421696 -9.6078949
v -10.12134552 7.26656055 -9.215065
v -10.11998749 7.25779533 -9.62535858
v -10.59107208 6.67516899 2.25661469
v -10.57450104 6.6841898 2.01809692
v -10.62883759 6.55795193 2.01077271
v -10.63469696 6.55449009 2.26148987
v -10.44005585 6.6747179 2.33544922
v -10.42498016 6.68397141 1.93956757
v -10.51456451 6.47631884 2.3409729
v -10.5099411 6.47748756 1.93078613
v -10.68598175 6.45135307 2.45444489
v -10.68593597 6.44372702 2.19837952
v -10.73725128 6.31008434 2.19816589
v -10.73755646 6.32487488 2.45006561
v -10.53702545 6.44182491 2.53620911
v -10.53664398 6.43584061 2.12255096
v -10.62052155 6.2363739 2.5293808
v -10.62012482 6.22084999 2.12149048
v -10.66291046 6.4702816 5.23061371
v -10.6558609 6.49905682 4.96926117
v -10.70769501 6.36349583 4.96925354
v -10.71123505 6.35117054 5.23060608
v -10.51340485 6.46847248 5.30981445
v -10.50632477 6.49596405 4.891922
v -10.59189606 6.27103424 5.30982208
v -10.58975983 6.27935171 4.89192963
v -10.8914566 6.17005634 1.28351593
v -10.87368011 6.17852306 1.04702759
v -10.92708588 6.04346609 1.04701996
v -10.93300629 6.03919792 1.29763794
v -10.73949432 6.16521931 1.36624908
v -10.72364044 6.17374039 0.97219849
v -10.81186676 5.95454884 1.38287354
v -10.80706024 5.95712757 0.97220612
v -13.23134613 1.84109783 6.39951324
v -13.23134613 1.84109783 6.14953613
v -13.28351593 1.70562172 6.16438293
v -13.28351593 1.70562172 6.39955139
v -13.0830307 1.83417511 6.474617
v -13.0830307 1.83417511 6.06433105
v -13.1664505 1.61755657 6.47460938
v -13.1664505 1.61755657 6.0818634
v -13.37172699 1.59698963 6.60958862
v -13.36594391 1.60311985 6.34761047
v -13.40816498 1.47488117 6.35266113
v -13.42493439 1.46186638 6.59558868
v -13.22586823 1.58853531 6.68328857
v -13.22124481 1.5924511 6.25934601
v -13.30928802 1.37192535 6.66680145
v -13.29421234 1.38472652 6.26792908
v -11.76837921 4.53198671 -3.3841095
v -11.75501251 4.49840164 -3.62454224
v -11.81572723 4.38231373 -3.63644409
v -11.81833649 4.39566803 -3.38401794
v -11.62001801 4.52933788 -3.3091507
v -11.60938263 4.4994998 -3.70805359
v -11.70345306 4.31272554 -3.30915833
v -11.70020294 4.30320787 -3.72097778
v -12.00424957 4.11751604 1.14187622
v -12.00074005 4.09986496 0.89554596
v -12.05527496 3.97453499 0.88700867
v -12.05556488 3.98174715 1.14187622
v -11.85558319 4.11323929 1.2178421
v -11.85303497 4.09660482 0.81434631
v -11.93900299 3.89662313 1.21783447
v -11.93822479 3.89158964 0.80429077
v -11.91468048 4.2792592 -3.18203735
v -11.90850067 4.24848461 -3.41723633
v -11.96485138 4.13071728 -3.43208313
v -11.96529388 4.14322567 -3.18201447
v -11.76583099 4.27654171 -3.10774231
v -11.76139069 4.24758625 -3.5005722
v -11.84925079 4.05992937 -3.10774231
v -11.84790802 4.05116415 -3.51803589
v -12.15485382 3.7731266 9.94789124
v -12.13829803 3.78214931 9.7093811
v -12.19261932 3.65590954 9.70204163
v -12.1984787 3.65244818 9.95275879
v -12.00383759 3.77267551 10.02671814
v -11.9887619 3.78192902 9.63084412
v -12.07834625 3.57427645 10.03224182
v -12.07372284 3.57544518 9.62205505
v -12.24976349 3.54931068 10.14572144
v -12.24971771 3.54168463 9.88964844
v -12.30103302 3.40804243 9.88943481
v -12.3013382 3.42283487 10.14134216
v -12.10080719 3.53978252 10.22747803
v -12.10042572 3.53379822 9.81382751
v -12.18430328 3.33433294 10.22065735
v -12.18390656 3.3188076 9.8127594
v -12.25795746 3.51023245 8.7010498
v -12.2509079 3.53900814 8.43969727
v -12.30272675 3.40344715 8.43969727
v -12.30626678 3.39112139 8.7010498
v -12.10845184 3.5084219 8.78025818
v -12.10137177 3.5359149 8.36236572
v -12.18694305 3.31098557 8.78025818
v -12.18479156 3.31930256 8.36236572
v -13.02365875 2.21312857 11.62020874
v -13.00589752 2.22159481 11.38372803
v -13.05930328 2.08653975 11.38371277
v -13.06522369 2.08227158 11.63432312
v -12.87171173 2.20829296 11.70294189
v -12.85585785 2.21681166 11.30889893
v -12.94408417 1.99762058 11.71957397
v -12.93927765 2.00019932 11.30889893
v -13.64832306 1.0672884 12.43328857
v -13.64832306 1.0672884 12.18331909
v -13.70049286 0.93181419 12.19815826
v -13.70049286 0.93181419 12.43332672
v -13.50000763 1.06036568 12.50839233
v -13.50000763 1.06036568 12.09811401
v -13.58342743 0.84374714 12.50839233
v -13.58342743 0.84374714 12.1156311
v -13.78870392 0.82318211 12.64337158
v -13.78292084 0.82931042 12.38139343
v -13.82514191 0.70107365 12.38644409
v -13.84191132 0.68805504 12.62936401
v -13.64284515 0.81472778 12.71707153
v -13.63822174 0.81864166 12.29312134
v -13.72626495 0.59811592 12.70057678
v -13.71117401 0.61091709 12.30171204
v -13.16721344 1.93604565 7.05209351
v -13.15384674 1.9024601 6.81166077
v -13.21456146 1.78637218 6.79975891
v -13.21717072 1.79972649 7.05218506
v -13.01886749 1.93339634 7.12705994
v -13.00821686 1.90355873 6.72814941
v -13.10228729 1.71678448 7.12704468
v -13.09905243 1.70726681 6.71522522
v -13.78371429 0.81522846 3.83050537
v -13.78020477 0.79757977 3.58417511
v -13.83472443 0.67224884 3.57563782
v -13.8350296 0.67946148 3.83050537
v -13.63503265 0.81095409 3.90647125
v -13.63249969 0.79431915 3.50297546
v -13.71845245 0.59433746 3.90646362
v -13.71768951 0.58930206 3.49291992
v -13.51554108 1.30842209 9.73484802
v -13.50936127 1.27764702 9.49964905
v -13.56571198 1.15988064 9.48480225
v -13.56615448 1.17238808 9.73487854
v -13.36667633 1.30570412 9.80914307
v -13.36225128 1.27674866 9.4163208
v -13.45011139 1.08909225 9.80914307
v -13.44875336 1.08032703 9.39884949
v -12.14002228 3.80067158 -7.95235443
v -12.12345123 3.80969477 -8.19086456
v -12.17777252 3.68345499 -8.19820404
v -12.1836319 3.67999315 -7.94747925
v -11.98900604 3.80022097 -7.87352753
v -11.9739151 3.80947447 -8.26940155
v -12.06349945 3.6018219 -7.86799622
v -12.05887604 3.60299063 -8.27818298
v -12.23493195 3.57685614 -7.75452423
v -12.23488617 3.56923008 -8.01059723
v -12.28618622 3.43558788 -8.01080322
v -12.28649139 3.45037985 -7.7589035
v -12.08596039 3.56732798 -7.67276764
v -12.08557892 3.56134367 -8.08641815
v -12.16947174 3.3618784 -7.67958832
v -12.16905975 3.34635305 -8.08747864
v -12.75641632 2.58518982 -4.35733795
v -12.74936676 2.61396503 -4.61869049
v -12.80120087 2.47840214 -4.61869812
v -12.80474091 2.46607637 -4.35734558
v -12.60692596 2.5833807 -4.27813721
v -12.59983063 2.61087227 -4.69602966
v -12.68540192 2.38594246 -4.27812958
v -12.68326569 2.39425993 -4.69602203
v -13.26119232 1.77233028 -2.87511444
v -13.24343109 1.780797 -3.11160278
v -13.29682159 1.64574242 -3.11161041
v -13.30275726 1.64147377 -2.86099243
v -13.1092453 1.76749516 -2.79237366
v -13.09339142 1.77601433 -3.18643188
v -13.18161774 1.55682278 -2.77575684
v -13.17681122 1.55940151 -3.18643188
v -13.52445221 1.29716492 -7.64045715
v -13.52445221 1.29716492 -7.89043427
v -13.57662201 1.16169071 -7.87559509
v -13.57662201 1.16169071 -7.64042664
v -13.37613678 1.29024124 -7.56535339
v -13.37613678 1.29024124 -7.97563934
v -13.45955658 1.07362366 -7.56535339
v -13.45955658 1.07362366 -7.95811462
v -13.66483307 1.05305862 -7.43038177
v -13.65904999 1.05918694 -7.69235992
v -13.70127106 0.93095016 -7.68730164
v -13.71804047 0.91793156 -7.44438171
v -13.5189743 1.0446043 -7.35667419
v -13.51435089 1.04851818 -7.78062439
v -13.6023941 0.82799244 -7.37316895
v -13.58731842 0.84079361 -7.77204132
v -13.04334259 2.16592169 -11.2719574
v -13.02997589 2.13233662 -11.51239014
v -13.09069061 2.0162487 -11.52429199
v -13.09329987 2.029603 -11.27186584
v -12.89499664 2.16327238 -11.1969986
v -12.88436127 2.13343477 -11.59590149
v -12.97841644 1.94666004 -11.19700623
v -12.97518158 1.93714237 -11.60882568
v -13.65984344 1.04510498 -11.80934906
v -13.65633392 1.02745628 -12.05567932
v -13.71085358 0.90212536 -12.06421661
v -13.71115875 0.909338 -11.80934906
v -13.5111618 1.04082966 -11.73338318
v -13.50862885 1.02419567 -12.13687897
v -13.5945816 0.82421398 -11.73339081
v -13.59381866 0.81917858 -12.14693451
v -13.39167023 1.53829861 -9.21879578
v -13.38549042 1.50752354 -9.45399475
v -13.44184113 1.3897562 -9.46884155
v -13.44228363 1.4022646 -9.21877289
v -13.24280548 1.53558064 -9.14450073
v -13.23838043 1.50662518 -9.53733063
v -13.32624054 1.31896877 -9.14450073
v -13.32488251 1.31020355 -9.55479431
v -7.82753754 8.97244835 -9.3531723
v -7.5890274 8.98147106 -9.33660126
v -7.58168793 8.85523129 -9.39093018
v -7.83241272 8.8517704 -9.39678192
v -7.90636444 8.97199726 -9.20214844
v -7.51049042 8.98125267 -9.1870575
v -7.91189575 8.77359867 -9.27664948
v -7.50170898 8.77476692 -9.27203369
v -8.02536774 8.74863434 -9.44807434
v -7.76929474 8.74100685 -9.44803619
v -7.76908875 8.60736465 -9.49933624
v -8.02098846 8.62215614 -9.49964905
v -8.10712433 8.73910427 -9.29911041
v -7.69347382 8.73311996 -9.29872894
v -8.10030365 8.53365326 -9.38262177
v -7.69241333 8.51812935 -9.38220978
v -8.90726471 8.70955467 -9.45626068
v -8.64591217 8.73832989 -9.44921112
v -8.64590454 8.60276699 -9.50104523
v -8.90725708 8.59044075 -9.50457764
v -8.98646545 8.70774555 -9.3067627
v -8.568573 8.73523712 -9.29967499
v -8.98647308 8.51030731 -9.38524628
v -8.56858063 8.51862431 -9.38311005
v -1.99229431 7.65291357 -10.09239197
v -1.75580597 7.66137981 -10.07463074
v -1.75579834 7.52632475 -10.12802887
v -2.00640869 7.52205658 -10.13395691
v -2.07502747 7.64807796 -9.94045258
v -1.68097687 7.65659714 -9.92459106
v -2.09165192 7.43740559 -10.01281738
v -1.6809845 7.4399848 -10.00801849
v -8.96864319 7.17774773 -10.35565186
v -8.71866608 7.17774773 -10.35565186
v -8.73350525 7.04227352 -10.40782166
v -8.96867371 7.04227352 -10.40782166
v -9.04374695 7.17082453 -10.20734406
v -8.633461 7.17082453 -10.20734406
v -9.04374695 6.95420647 -10.29076385
v -8.65098572 6.95420647 -10.29076385
v -9.17871857 6.93364096 -10.49603271
v -8.91674042 6.93976974 -10.49025726
v -8.92179871 6.81153297 -10.53247833
v -9.16471863 6.79851389 -10.54924774
v -9.25242615 6.92518711 -10.35017395
v -8.82847595 6.92910099 -10.34555817
v -9.2359314 6.70857525 -10.43360901
v -8.83705902 6.72137642 -10.41851807
v -6.34933472 8.04650497 -9.87454987
v -6.10890198 8.01291943 -9.86118317
v -6.09700012 7.89683151 -9.92189789
v -6.34942627 7.91018581 -9.92450714
v -6.42429352 8.04385567 -9.72619629
v -6.02539062 8.01401806 -9.71556091
v -6.42428589 7.82724285 -9.80962372
v -6.01246643 7.81772518 -9.80638123
v -5.00335693 6.92568779 -10.49104309
v -4.75702667 6.90803862 -10.48754883
v -4.74848938 6.78270817 -10.54206848
v -5.00335693 6.78992081 -10.54237366
v -5.07932281 6.92141294 -10.34237671
v -4.67582703 6.90477848 -10.33982849
v -5.07931519 6.70479679 -10.42578888
v -4.66577148 6.69976139 -10.42501831
v -1.71872711 7.41888142 -10.22286987
v -1.48352814 7.38810635 -10.21669769
v -1.46868134 7.27033901 -10.27304077
v -1.71875 7.2828474 -10.27349091
v -1.79302216 7.41616344 -10.07401276
v -1.40019226 7.38720798 -10.06958008
v -1.79302216 7.19955111 -10.15744019
v -1.38272858 7.19078588 -10.15609741
v 7.99593353 8.79567528 -9.44842529
v 8.23444366 8.80469894 -9.43186188
v 8.24178314 8.67845917 -9.48618317
v 7.99105835 8.67499733 -9.49204254
v 7.91710663 8.79522514 -9.29740906
v 8.31298065 8.8044796 -9.28231812
v 7.91157532 8.5968256 -9.3719101
v 8.32176208 8.59799385 -9.36728668
v 7.79810333 8.57186222 -9.54332733
v 8.05417633 8.56423378 -9.54329681
v 8.05438232 8.43059158 -9.59459686
v 7.8024826 8.44538403 -9.59490204
v 7.71634674 8.56233215 -9.3943634
v 8.12999725 8.55634689 -9.39398193
v 7.72316742 8.3568821 -9.47787476
v 8.13105774 8.34135723 -9.47746277
v 5.03510284 8.5327816 -9.55151367
v 5.29645538 8.56155682 -9.54447174
v 5.29645538 8.42599392 -9.59629822
v 5.03510284 8.41366863 -9.59983826
v 4.9559021 8.53097248 -9.40201569
v 5.37379456 8.55846405 -9.39493561
v 4.95589447 8.33353424 -9.4805069
v 5.37378693 8.34185219 -9.47837067
v 3.52256775 7.71992302 -10.05628967
v 3.75904846 7.72838926 -10.03852844
v 3.75906372 7.5933342 -10.09191895
v 3.50844574 7.58906651 -10.09785461
v 3.43982697 7.71508694 -9.90434265
v 3.83388519 7.72360611 -9.88848877
v 3.42321014 7.50441551 -9.97671509
v 3.83387756 7.50699425 -9.97190857
v 2.35032654 7.24475718 -10.31954956
v 2.60030365 7.24475718 -10.31954956
v 2.58545685 7.10928249 -10.37171936
v 2.35028839 7.10928249 -10.37171936
v 2.27522278 7.23783398 -10.17123413
v 2.68550873 7.23783398 -10.17123413
v 2.27522278 7.02121544 -10.25466156
v 2.66797638 7.02121544 -10.25466156
v 2.14025116 7.00065041 -10.45993042
v 2.40222168 7.00677872 -10.45415497
v 2.39717102 6.87854242 -10.49637604
v 2.1542511 6.86552334 -10.51314545
v 2.06654358 6.99219656 -10.31407166
v 2.49049377 6.99610996 -10.30945587
v 2.08303833 6.77558422 -10.39749908
v 2.48191071 6.78838539 -10.38240814
v 7.79720306 8.11351395 -9.83844757
v 8.0376358 8.0799284 -9.82508087
v 8.04953766 7.96384048 -9.88579559
v 7.79711151 7.97719479 -9.88840485
v 7.72224426 8.11086464 -9.69009399
v 8.12114716 8.08102703 -9.67945099
v 7.72225189 7.8942523 -9.77351379
v 8.13407135 7.88473511 -9.77027893
v 7.5357132 5.8820858 -11.0533905
v 7.78204346 5.8644371 -11.04989624
v 7.79058075 5.73910475 -11.10442352
v 7.5357132 5.74631691 -11.10472107
v 7.45974731 5.87781096 -10.90473175
v 7.8632431 5.86117649 -10.90218353
v 7.45975494 5.6611948 -10.98815155
v 7.87329865 5.6561594 -10.98736572
v 9.28936768 7.48589039 -10.18676758
v 9.52456665 7.45511532 -10.18058777
v 9.53941345 7.33734846 -10.23693848
v 9.28934479 7.34985685 -10.23738861
v 9.21507263 7.48317242 -10.03791046
v 9.60790253 7.45421696 -10.03347778
v 9.21507263 7.26656055 -10.12133789
v 9.62536621 7.25779533 -10.11998749
v -2.25660706 6.67516899 -10.59107208
v -2.01808929 6.6841898 -10.57450104
v -2.01076508 6.55795193 -10.62882996
v -2.26148224 6.55449009 -10.63468933
v -2.33544159 6.6747179 -10.44005585
v -1.93955994 6.68397141 -10.42497253
v -2.34096527 6.47631884 -10.51455688
v -1.9307785 6.47748756 -10.50993347
v -2.45443726 6.45135307 -10.68598175
v -2.19837189 6.44372702 -10.68593597
v -2.19815826 6.31008434 -10.73724365
v -2.45005798 6.32487488 -10.73754883
v -2.53620148 6.44182491 -10.53701782
v -2.12254333 6.43584061 -10.53663635
v -2.52937317 6.2363739 -10.62052155
v -2.12148285 6.22084999 -10.62011719
v -5.23060608 6.4702816 -10.66290283
v -4.96925354 6.49905682 -10.6558609
v -4.96924591 6.36349583 -10.70769501
v -5.23059845 6.35117054 -10.71122742
v -5.30980682 6.46847248 -10.51340485
v -4.89191437 6.49596405 -10.50632477
v -5.30981445 6.27103424 -10.59189606
v -4.891922 6.27935171 -10.58975983
v -1.2835083 6.17005634 -10.89144897
v -1.04701996 6.17852306 -10.87367249
v -1.04701233 6.04346609 -10.92707825
v -1.29763031 6.03919792 -10.93299866
v -1.36624146 6.16521931 -10.73949432
v -0.97219086 6.17374039 -10.72364044
v -1.38286591 5.95454884 -10.81186676
v -0.97219849 5.95712757 -10.80706024
v -6.39950562 1.84109783 -13.2313385
v -6.1495285 1.84109783 -13.2313385
v -6.16437531 1.70562172 -13.28351593
v -6.39954376 1.70562172 -13.28351593
v -6.47460938 1.83417511 -13.0830307
v -6.06432343 1.83417511 -13.0830307
v -6.47460175 1.61755657 -13.1664505
v -6.08185577 1.61755657 -13.1664505
v -6.60958099 1.59698963 -13.37172699
v -6.34760284 1.60311985 -13.36594391
v -6.3526535 1.47488117 -13.40816498
v -6.59558105 1.46186638 -13.42493439
v -6.68328094 1.58853531 -13.22586823
v -6.25933838 1.5924511 -13.22124481
v -6.66679382 1.37192535 -13.30928802
v -6.26792145 1.38472652 -13.29420471
v 3.38411713 4.53198671 -11.76837158
v 3.62454987 4.49840164 -11.75500488
v 3.63645172 4.38231373 -11.8157196
v 3.38402557 4.39566803 -11.81832886
v 3.30915833 4.52933788 -11.62001801
v 3.70806122 4.4994998 -11.60938263
v 3.30916595 4.31272554 -11.70344543
v 3.72098541 4.30320787 -11.70020294
v -1.14186859 4.11751604 -12.00424194
v -0.89553833 4.09986496 -12.00074005
v -0.88700104 3.97453499 -12.05527496
v -1.14186859 3.98174715 -12.05556488
v -1.21783447 4.11323929 -11.85558319
v -0.81433868 4.09660482 -11.85303497
v -1.21782684 3.89662313 -11.93899536
v -0.80428314 3.89158964 -11.93821716
v 3.18204498 4.2792592 -11.91468048
v 3.41724396 4.24848461 -11.90850067
v 3.43209076 4.13071728 -11.96485138
v 3.18202209 4.14322567 -11.96529388
v 3.10774994 4.27654171 -11.76582336
v 3.50057983 4.24758625 -11.76139069
v 3.10774994 4.05992937 -11.84924316
v 3.51804352 4.05116415 -11.84790039
v -9.94788361 3.7731266 -12.15485382
v -9.70937347 3.78214931 -12.13829041
v -9.702034 3.65590954 -12.19261169
v -9.95275116 3.65244818 -12.19847107
v -10.02671051 3.77267551 -12.00383759
v -9.63083649 3.78192902 -11.98875427
v -10.03223419 3.57427645 -12.07834625
v -9.62204742 3.57544518 -12.07371521
v -10.14571381 3.54931068 -12.24976349
v -9.88964081 3.54168463 -12.24971771
v -9.88942719 3.40804243 -12.30103302
v -10.14133453 3.42283487 -12.30133057
v -10.2274704 3.53978252 -12.10079956
v -9.81381989 3.53379822 -12.10041809
v -10.22064972 3.33433294 -12.18430328
v -9.81275177 3.3188076 -12.18389893
v -8.70104218 3.51023245 -12.25794983
v -8.43968964 3.53900814 -12.25090027
v -8.43968964 3.40344715 -12.30272675
v -8.70104218 3.39112139 -12.30626678
v -8.78025055 3.5084219 -12.10845184
v -8.36235809 3.5359149 -12.10136414
v -8.78025055 3.31098557 -12.18693542
v -8.36235809 3.31930256 -12.18479156
v -11.62020111 2.21312857 -13.02365875
v -11.3837204 2.22159481 -13.00588989
v -11.38370514 2.08653975 -13.05929565
v -11.63431549 2.08227158 -13.06522369
v -11.70293427 2.20829296 -12.8717041
v -11.3088913 2.21681166 -12.85585022
v -11.71956635 1.99762058 -12.94407654
v -11.3088913 2.00019932 -12.93927765
v -12.43328094 1.0672884 -13.64831543
v -12.18331146 1.0672884 -13.64831543
v -12.19815063 0.93181419 -13.70048523
v -12.43331909 0.93181419 -13.70048523
v -12.5083847 1.06036568 -13.5
v -12.09810638 1.06036568 -13.5
v -12.5083847 0.84374714 -13.58342743
v -12.11562347 0.84374714 -13.58342743
v -12.64336395 0.82318211 -13.78869629
v -12.3813858 0.82931042 -13.78292084
v -12.38643646 0.70107365 -13.82514191
v -12.62935638 0.68805504 -13.84191132
v -12.7170639 0.81472778 -13.64283752
v -12.29311371 0.81864166 -13.63822174
v -12.70056915 0.59811592 -13.72626495
v -12.30170441 0.61091709 -13.71117401
v -7.05208588 1.93604565 -13.16721344
v -6.81165314 1.9024601 -13.15384674
v -6.79975128 1.78637218 -13.21456146
v -7.05217743 1.79972649 -13.21717072
v -7.12705231 1.93339634 -13.01885986
v -6.72814178 1.90355873 -13.00821686
v -7.12703705 1.71678448 -13.10227966
v -6.71521759 1.70726681 -13.0990448
v -3.83049774 0.81522846 -13.78370667
v -3.58416748 0.79757977 -13.78020477
v -3.57563019 0.67224884 -13.83472443
v -3.83049774 0.67946148 -13.8350296
v -3.90646362 0.81095409 -13.63503265
v -3.50296783 0.79431915 -13.63249207
v -3.90645599 0.59433746 -13.71845245
v -3.49291229 0.58930206 -13.71768188
v -9.73484039 1.30842209 -13.51553345
v -9.49964142 1.27764702 -13.50935364
v -9.48479462 1.15988064 -13.56570435
v -9.73487091 1.17238808 -13.56615448
v -9.80913544 1.30570412 -13.36667633
v -9.41631317 1.27674866 -13.36224365
v -9.80913544 1.08909225 -13.45010376
v -9.39884186 1.08032703 -13.44875336
v 7.95236206 3.80067158 -12.14001465
v 8.19087219 3.80969477 -12.1234436
v 8.19821167 3.68345499 -12.17777252
v 7.94748688 3.67999315 -12.18362427
v 7.87353516 3.80022097 -11.98899841
v 8.26940918 3.80947447 -11.9739151
v 7.86800385 3.6018219 -12.06349182
v 8.27819061 3.60299063 -12.05887604
v 7.75453186 3.57685614 -12.23492432
v 8.01060486 3.56923008 -12.23487854
v 8.01081085 3.43558788 -12.28617859
v 7.75891113 3.45037985 -12.28649139
v 7.67277527 3.56732798 -12.08595276
v 8.08642578 3.56134367 -12.08557129
v 7.67959595 3.3618784 -12.16946411
v 8.08748627 3.34635305 -12.16905212
v 4.35734558 2.58518982 -12.75640869
v 4.61869812 2.61396503 -12.74936676
v 4.61870575 2.47840214 -12.80119324
v 4.35735321 2.46607637 -12.80473328
v 4.27814484 2.5833807 -12.60691833
v 4.69603729 2.61087227 -12.59983063
v 4.27813721 2.38594246 -12.68540192
v 4.69602966 2.39425993 -12.68326569
v 2.87512207 1.77233028 -13.26118469
v 3.11161041 1.780797 -13.24342346
v 3.11161804 1.64574242 -13.29681396
v 2.86100006 1.64147377 -13.30274963
v 2.79238129 1.76749516 -13.10923767
v 3.18643951 1.77601433 -13.09338379
v 2.77576447 1.55682278 -13.18161011
v 3.18643951 1.55940151 -13.17680359
v 7.64046478 1.29716492 -13.52444458
v 7.89044189 1.29716492 -13.52444458
v 7.87560272 1.16169071 -13.57661438
v 7.64043427 1.16169071 -13.57661438
v 7.56536102 1.29024124 -13.37612915
v 7.97564697 1.29024124 -13.37612915
v 7.56536102 1.07362366 -13.45955658
v 7.95812225 1.07362366 -13.45955658
v 7.4303894 1.05305862 -13.66482544
v 7.69236755 1.05918694 -13.65904999
v 7.68730927 0.93095016 -13.70127106
v 7.44438934 0.91793156 -13.71804047
v 7.35668182 1.0446043 -13.51896667
v 7.78063202 1.04851818 -13.51435089
v 7.37317657 0.82799244 -13.6023941
v 7.77204895 0.84079361 -13.58731079
v 11.27196503 2.16592169 -13.04334259
v 11.51239777 2.13233662 -13.02997589
v 11.52429962 2.0162487 -13.09069061
v 11.27187347 2.029603 -13.09329987
v 11.19700623 2.16327238 -12.89498901
v 11.59590912 2.13343477 -12.88435364
v 11.19701385 1.94666004 -12.97841644
v 11.60883331 1.93714237 -12.97517395
v 11.80935669 1.04510498 -13.65983582
v 12.05568695 1.02745628 -13.65633392
v 12.06422424 0.90212536 -13.71085358
v 11.80935669 0.909338 -13.71115875
v 11.73339081 1.04082966 -13.5111618
v 12.1368866 1.02419567 -13.50862122
v 11.73339844 0.82421398 -13.5945816
v 12.14694214 0.81917858 -13.59381104
v 9.21880341 1.53829861 -13.3916626
v 9.45400238 1.50752354 -13.38548279
v 9.46884918 1.3897562 -13.4418335
v 9.21878052 1.4022646 -13.44228363
v 9.14450836 1.53558064 -13.24280548
v 9.53733826 1.50662518 -13.2383728
v 9.14450836 1.31896877 -13.32623291
v 9.55480194 1.31020355 -13.32488251
v 9.35316467 8.97244835 -7.82754135
v 9.33659363 8.98147106 -7.58903122
v 9.39092255 8.85523129 -7.58169174
v 9.39677429 8.8517704 -7.83241653
v 9.20214081 8.97199726 -7.90636826
v 9.18704987 8.98125267 -7.51049423
v 9.27664185 8.77359867 -7.91189957
v 9.27202606 8.77476692 -7.5017128
v 9.44806671 8.74863434 -8.02537155
v 9.44802856 8.74100685 -7.76929855
v 9.49932861 8.60736465 -7.76909256
v 9.49964142 8.62215614 -8.02099228
v 9.29910278 8.73910427 -8.10712814
v 9.29872131 8.73311996 -7.69347763
v 9.38261414 8.53365326 -8.10030746
v 9.38220215 8.51812935 -7.69241714
v 9.45625305 8.70955467 -8.90726852
v 9.44920349 8.73832989 -8.64591599
v 9.5010376 8.60276699 -8.64590836
v 9.50457001 8.59044075 -8.90726089
v 9.30675507 8.70774555 -8.98646927
v 9.29966736 8.73523712 -8.56857681
v 9.38523865 8.51030731 -8.9864769
v 9.38310242 8.51862431 -8.56858444
v 10.09238434 7.65291357 -1.99229813
v 10.07462311 7.66137981 -1.75580978
v 10.12802124 7.52632475 -1.75580215
v 10.13394928 7.52205658 -2.00641251
v 9.94044495 7.64807796 -2.07503128
v 9.92458344 7.65659714 -1.68098068
v 10.01280975 7.43740559 -2.09165573
v 10.00801086 7.4399848 -1.68098831
v 10.35564423 7.17774773 -8.968647
v 10.35564423 7.17774773 -8.71866989
v 10.40781403 7.04227352 -8.73350906
v 10.40781403 7.04227352 -8.96867752
v 10.20733643 7.17082453 -9.04375076
v 10.20733643 7.17082453 -8.63346481
v 10.29075623 6.95420647 -9.04375076
v 10.29075623 6.95420647 -8.65098953
v 10.49602509 6.93364096 -9.17872238
v 10.49024963 6.93976974 -8.91674423
v 10.5324707 6.81153297 -8.92180252
v 10.54924011 6.79851389 -9.16472244
v 10.35016632 6.92518711 -9.25242996
v 10.34555054 6.92910099 -8.82847977
v 10.43360138 6.70857525 -9.23593521
v 10.41851044 6.72137642 -8.83706284
v 9.87454224 8.04650497 -6.34933853
v 9.86117554 8.01291943 -6.10890579
v 9.92189026 7.89683151 -6.09700394
v 9.92449951 7.91018581 -6.34943008
v 9.72618866 8.04385567 -6.42429733
v 9.71555328 8.01401806 -6.02539444
v 9.80961609 7.82724285 -6.4242897
v 9.8063736 7.81772518 -6.01247025
v 10.49103546 6.92568779 -5.00336075
v 10.4875412 6.90803862 -4.75703049
v 10.54206085 6.78270817 -4.74849319
v 10.54236603 6.78992081 -5.00336075
v 10.34236908 6.92141294 -5.07932663
v 10.33982086 6.90477848 -4.67583084
v 10.42578125 6.70479679 -5.079319
v 10.42501068 6.69976139 -4.6657753
v 10.22286224 7.41888142 -1.71873093
v 10.21669006 7.38810635 -1.48353195
v 10.27303314 7.27033901 -1.46868515
v 10.27348328 7.2828474 -1.71875381
v 10.07400513 7.41616344 -1.79302597
v 10.06957245 7.38720798 -1.40019608
v 10.15743256 7.19955111 -1.79302597
v 10.15608978 7.19078588 -1.38273239
v 9.44841766 8.79567528 7.9959259
v 9.43185425 8.80469894 8.23443604
v 9.48617554 8.67845917 8.24177551
v 9.49203491 8.67499733 7.99105835
v 9.29740143 8.79522514 7.917099
v 9.28231049 8.8044796 8.31297302
v 9.37190247 8.5968256 7.91157532
v 9.36727905 8.59799385 8.32176208
v 9.5433197 8.57186222 7.7980957
v 9.54328918 8.56423378 8.0541687
v 9.59458923 8.43059158 8.05438232
v 9.59489441 8.44538403 7.80247498
v 9.39435577 8.56233215 7.71633911
v 9.3939743 8.55634689 8.12998962
v 9.47786713 8.3568821 7.72315979
v 9.47745514 8.34135723 8.13105774
v 9.55150604 8.5327816 5.03509521
v 9.54446411 8.56155682 5.29644775
v 9.59629059 8.42599392 5.29644775
v 9.59983063 8.41366863 5.03509521
v 9.40200806 8.53097248 4.9559021
v 9.39492798 8.55846405 5.37379456
v 9.48049927 8.33353424 4.95588684
v 9.47836304 8.34185219 5.3737793
v 10.05628204 7.71992302 3.52256393
v 10.03852081 7.72838926 3.75904465
v 10.09191132 7.5933342 3.75905991
v 10.09784698 7.58906651 3.50844193
v 9.90433502 7.71508694 3.43982315
v 9.88848114 7.72360611 3.83388138
v 9.97670746 7.50441551 3.42320633
v 9.97190094 7.50699425 3.83387375
v 10.31954193 7.24475718 2.35032272
v 10.31954193 7.24475718 2.60029984
v 10.37171173 7.10928249 2.58545303
v 10.37171173 7.10928249 2.35028458
v 10.1712265 7.23783398 2.27521896
v 10.1712265 7.23783398 2.68550491
v 10.25465393 7.02121544 2.27521896
v 10.25465393 7.02121544 2.66797256
v 10.45992279 7.00065041 2.14024734
v 10.45414734 7.00677872 2.40221786
v 10.49636841 6.87854242 2.39716721
v 10.51313782 6.86552334 2.15424728
v 10.31406403 6.99219656 2.06653976
v 10.30944824 6.99610996 2.49048996
v 10.39749146 6.77558422 2.08303452
v 10.38240051 6.78838539 2.48190689
v 9.83843994 8.11351395 7.79719543
v 9.82507324 8.0799284 8.03762817
v 9.88578796 7.96384048 8.04953003
v 9.88839722 7.97719479 7.79710388
v 9.69008636 8.11086464 7.72224426
v 9.67944336 8.08102703 8.12113953
v 9.77350616 7.8942523 7.72224426
v 9.7702713 7.88473511 8.13406372
v 11.05338287 5.8820858 7.53570557
v 11.04988861 5.8644371 7.78204346
v 11.10441589 5.73910475 7.79057312
v 11.10471344 5.74631691 7.53570557
v 10.90472412 5.87781096 7.45974731
v 10.9021759 5.86117649 7.86323547
v 10.98814392 5.6611948 7.45974731
v 10.98735809 5.6561594 7.87329102
v 10.18675995 7.48589039 9.28936768
v 10.18058014 7.45511532 9.52456665
v 10.23693085 7.33734846 9.53941345
v 10.23738098 7.34985685 9.28933716
v 10.03790283 7.48317242 9.21507263
v 10.03347015 7.45421696 9.6078949
v 10.12133026 7.26656055 9.21507263
v 10.11997986 7.25779533 9.62536621
v 10.59106445 6.67516899 -2.25661087
v 10.57449341 6.6841898 -2.01809311
v 10.62882233 6.55795193 -2.01076889
v 10.6346817 6.55449009 -2.26148605
v 10.44004822 6.6747179 -2.3354454
v 10.4249649 6.68397141 -1.93956375
v 10.51454926 6.47631884 -2.34096909
v 10.50992584 6.47748756 -1.93078232
v 10.68597412 6.45135307 -2.45444107
v 10.68592834 6.44372702 -2.1983757
v 10.73723602 6.31008434 -2.19816208
v 10.7375412 6.32487488 -2.4500618
v 10.53701019 6.44182491 -2.53620529
v 10.53662872 6.43584061 -2.12254715
v 10.62051392 6.2363739 -2.52937698
v 10.62010956 6.22084999 -2.12148666
v 10.6628952 6.4702816 -5.23060989
v 10.65585327 6.49905682 -4.96925735
v 10.70768738 6.36349583 -4.96924973
v 10.71121979 6.35117054 -5.23060226
v 10.51339722 6.46847248 -5.30981064
v 10.50631714 6.49596405 -4.89191818
v 10.59188843 6.27103424 -5.30981827
v 10.5897522 6.27935171 -4.89192581
v 10.89144135 6.17005634 -1.28351212
v 10.87366486 6.17852306 -1.04702377
v 10.92707062 6.04346609 -1.04701614
v 10.93299103 6.03919792 -1.29763412
v 10.73948669 6.16521931 -1.36624527
v 10.72363281 6.17374039 -0.97219467
v 10.81185913 5.95454884 -1.38286972
v 10.80705261 5.95712757 -0.9722023
v 13.23133087 1.84109783 -6.39950943
v 13.23133087 1.84109783 -6.14953232
v 13.2835083 1.70562172 -6.16437531
v 13.2835083 1.70562172 -6.39954376
v 13.08302307 1.83417511 -6.47461319
v 13.08302307 1.83417511 -6.06432724
v 13.16644287 1.61755657 -6.47460938
v 13.16644287 1.61755657 -6.08185577
v 13.37171936 1.59698963 -6.60958481
v 13.36593628 1.60311985 -6.34761047
v 13.40815735 1.47488117 -6.35266113
v 13.42492676 1.46186638 -6.59558487
v 13.2258606 1.58853531 -6.68328857
v 13.22123718 1.5924511 -6.25934219
v 13.3092804 1.37192535 -6.66679764
v 13.29419708 1.38472652 -6.26792526
v 11.76836395 4.53198671 3.38411331
v 11.75499725 4.49840164 3.62454605
v 11.81571198 4.38231373 3.63644791
v 11.81832123 4.39566803 3.38402176
v 11.62001038 4.52933788 3.30915451
v 11.609375 4.4994998 3.7080574
v 11.70343781 4.31272554 3.30916214
v 11.70019531 4.30320787 3.7209816
v 12.00423431 4.11751604 -1.14187241
v 12.00073242 4.09986496 -0.89554214
v 12.05526733 3.97453499 -0.88700485
v 12.05555725 3.98174715 -1.14187241
v 11.85557556 4.11323929 -1.21783829
v 11.85302734 4.09660482 -0.8143425
v 11.93898773 3.89662313 -1.21783066
v 11.93820953 3.89158964 -0.80428696
v 11.91467285 4.2792592 3.18204117
v 11.90849304 4.24848461 3.41724014
v 11.96484375 4.13071728 3.43208694
v 11.96528625 4.14322567 3.18201828
v 11.76581573 4.27654171 3.10774612
v 11.76138306 4.24758625 3.50057602
v 11.84923553 4.05992937 3.10774612
v 11.84789276 4.05116415 3.5180397
v 12.15484619 3.7731266 -9.94788361
v 12.13828278 3.78214931 -9.70937347
v 12.19260406 3.65590954 -9.702034
v 12.19846344 3.65244818 -9.95275879
v 12.00382996 3.77267551 -10.02671051
v 11.98874664 3.78192902 -9.63083649
v 12.07833862 3.57427645 -10.03224182
v 12.07370758 3.57544518 -9.62205505
v 12.24975586 3.54931068 -10.14571381
v 12.24971008 3.54168463 -9.88964081
v 12.30102539 3.40804243 -9.88943481
v 12.30132294 3.42283487 -10.14133453
v 12.10079193 3.53978252 -10.2274704
v 12.10041046 3.53379822 -9.81381989
v 12.18429565 3.33433294 -10.22064972
v 12.1838913 3.3188076 -9.8127594
v 12.2579422 3.51023245 -8.7010498
v 12.25089264 3.53900814 -8.43969727
v 12.30271912 3.40344715 -8.43968964
v 12.30625916 3.39112139 -8.70104218
v 12.10844421 3.5084219 -8.78025055
v 12.10135651 3.5359149 -8.36235809
v 12.1869278 3.31098557 -8.78025818
v 12.18478394 3.31930256 -8.36236572
v 13.02365112 2.21312857 -11.62020874
v 13.00588226 2.22159481 -11.3837204
v 13.05928802 2.08653975 -11.38371277
v 13.06521606 2.08227158 -11.63432312
v 12.87169647 2.20829296 -11.70294189
v 12.85584259 2.21681166 -11.3088913
v 12.94406891 1.99762058 -11.71956635
v 12.93927002 2.00019932 -11.30889893
v 13.6483078 1.0672884 -12.43328857
v 13.6483078 1.0672884 -12.18331146
v 13.7004776 0.93181419 -12.19815445
v 13.7004776 0.93181419 -12.43332291
v 13.49999237 1.06036568 -12.50839233
v 13.49999237 1.06036568 -12.09810638
v 13.5834198 0.84374714 -12.50838852
v 13.5834198 0.84374714 -12.1156311
v 13.78868866 0.82318211 -12.64336395
v 13.78291321 0.82931042 -12.38138962
v 13.82513428 0.70107365 -12.38644028
v 13.84190369 0.68805504 -12.62936401
v 13.6428299 0.81472778 -12.71706772
v 13.63821411 0.81864166 -12.29312134
v 13.72625732 0.59811592 -12.70057678
v 13.71116638 0.61091709 -12.30170441
v 13.16720581 1.93604565 -7.05209351
v 13.15383911 1.9024601 -6.81166077
v 13.21455383 1.78637218 -6.79975891
v 13.21716309 1.79972649 -7.05218506
v 13.01885223 1.93339634 -7.12705231
v 13.00820923 1.90355873 -6.72814941
v 13.10227203 1.71678448 -7.12704468
v 13.09903717 1.70726681 -6.71522522
v 13.78369904 0.81522846 -3.83050156
v 13.78019714 0.79757977 -3.5841713
v 13.8347168 0.67224884 -3.575634
v 13.83502197 0.67946148 -3.83050156
v 13.63502502 0.81095409 -3.90646744
v 13.63248444 0.79431915 -3.50297165
v 13.71844482 0.59433746 -3.90645981
v 13.71767426 0.58930206 -3.49291611
v 13.51552582 1.30842209 -9.73484802
v 13.50934601 1.27764702 -9.49964905
v 13.56569672 1.15988064 -9.48480225
v 13.56614685 1.17238808 -9.73487091
v 13.3666687 1.30570412 -9.80914307
v 13.36223602 1.27674866 -9.41631317
v 13.45009613 1.08909225 -9.80914307
v 13.44874573 1.08032703 -9.39884949
v 12.14000702 3.80067158 7.95236206
v 12.12343597 3.80969477 8.19087219
v 12.17776489 3.68345499 8.19821167
v 12.18361664 3.67999315 7.94747925
v 11.98899078 3.80022097 7.87353516
v 11.97390747 3.80947447 8.26940918
v 12.06348419 3.6018219 7.86799622
v 12.05886841 3.60299063 8.27818298
v 12.23491669 3.57685614 7.75453186
v 12.23487091 3.56923008 8.01060486
v 12.28617096 3.43558788 8.01080322
v 12.28648376 3.45037985 7.75891113
v 12.08594513 3.56732798 7.67277527
v 12.08556366 3.56134367 8.08642578
v 12.16945648 3.3618784 7.67959595
v 12.16904449 3.34635305 8.08747864
v 12.75640106 2.58518982 4.35734177
v 12.74935913 2.61396503 4.61869812
v 12.80118561 2.47840214 4.61869812
v 12.80472565 2.46607637 4.3573494
v 12.60691071 2.5833807 4.27814102
v 12.599823 2.61087227 4.69602966
v 12.68539429 2.38594246 4.27813339
v 12.68325806 2.39425993 4.69602966
v 13.26117706 1.77233028 2.87511826
v 13.24341583 1.780797 3.1116066
v 13.29680634 1.64574242 3.11161423
v 13.302742 1.64147377 2.86099625
v 13.10923004 1.76749516 2.79237747
v 13.09337616 1.77601433 3.1864357
v 13.18160248 1.55682278 2.77576065
v 13.17679596 1.55940151 3.1864357
v 13.52443695 1.29716492 7.64045715
v 13.52443695 1.29716492 7.89044189
v 13.57660675 1.16169071 7.87559509
v 13.57660675 1.16169071 7.64042664
v 13.37612152 1.29024124 7.56535339
v 13.37612152 1.29024124 7.97564697
v 13.45954895 1.07362366 7.56535339
v 13.45954895 1.07362366 7.95811462
v 13.66481781 1.05305862 7.4303894
v 13.65904236 1.05918694 7.69236755
v 13.70126343 0.93095016 7.68730164
v 13.71803284 0.91793156 7.44438171
v 13.51895905 1.0446043 7.35667419
v 13.51434326 1.04851818 7.78062439
v 13.60238647 0.82799244 7.37316895
v 13.58730316 0.84079361 7.77204895
v 13.04333496 2.16592169 11.2719574
v 13.02996826 2.13233662 11.51239014
v 13.09068298 2.0162487 11.52429199
v 13.09329224 2.029603 11.27186584
v 12.89498138 2.16327238 11.19700623
v 12.88434601 2.13343477 11.59590149
v 12.97840881 1.94666004 11.19700623
v 12.97516632 1.93714237 11.60882568
v 13.65982819 1.04510498 11.80935669
v 13.65632629 1.02745628 12.05567932
v 13.71084595 0.90212536 12.06422424
v 13.71115112 0.909338 11.80935669
v 13.51115417 1.04082966 11.73338318
v 13.50861359 1.02419567 12.1368866
v 13.59457397 0.82421398 11.73339844
v 13.59380341 0.81917858 12.14694214
v 13.39165497 1.53829861 9.21879578
v 13.38547516 1.50752354 9.45399475
v 13.44182587 1.3897562 9.46884155
v 13.442276 1.4022646 9.21878052
v 13.24279785 1.53558064 9.14450073
v 13.23836517 1.50662518 9.53733826
v 13.32622528 1.31896877 9.14450073
v 13.32487488 1.31020355 9.55479431
vn 0 0.64345 0.76549
vn 0 1 0
vn 0 0.64345 -0.76549
vn 0 0.64345 -0.76549
vn 0.76548 0.64346 -0
vn 0.76548 0.64346 -0
vn -0.76548 0.64346 -0
vn -0.76548 0.64346 -0
vn 0 0.47816 -0.87827
vn 0 0.47816 -0.87827
vn 0 0.47816 -0.87827
vn 0 0.47816 -0.87827
vn 0 0.47816 -0.87827
vn 0.45489 0.78678 0.41719
vn 0.45489 0.78678 0.41719
vn 0.45489 0.78678 0.41719
vn 0.45489 0.78678 0.41719
vn -0.87827 0.47816 -0
vn -0.87827 0.47816 -0
vn -0.87827 0.47816 -0
vn -0.87827 0.47816 -0
vn -0.72934 0.29531 0.61713
vn -0.72934 0.29531 0.61713
vn -0.13435 0.95604 0.26065
vn -0.13435 0.95604 0.26065
vn -0.13435 0.95604 0.26065
vn -0.15149 0.95384 0.25929
vn -0.15149 0.95384 0.25929
vn -0.67791 0.18042 0.71266
vn -0.67791 0.18042 0.71266
vn -0.73021 0.19442 0.65497
vn -0.73021 0.19442 0.65497
vn -0.73021 0.19442 0.65497
vn 0.78919 0.10629 -0.60488
vn 0.78919 0.10629 -0.60488
vn 0.78919 0.10629 -0.60488
vn 0.76605 0.44697 0.46193
vn 0.76605 0.44697 0.46193
vn 0.86166 -0.04861 0.50515
vn 0.86166 -0.04861 0.50515
vn 0.86166 -0.04861 0.50515
vn 0.11353 0.96759 0.22558
vn 0.11353 0.96759 0.22558
vn 0.45038 0.87357 -0.18449
vn 0.45038 0.87357 -0.18449
vn 0.45038 0.87357 -0.18449
vn 0.76155 -0.16685 -0.62626
vn 0.76155 -0.16685 -0.62626
vn 0.87827 0.47816 -0
vn 0.87827 0.47816 -0
vn 0.87827 0.47816 -0
vn 0.87827 0.47816 -0
vn 0 -1 0
vn 0 -1 0
vn 0 -1 0
vn -0.28944 0.78964 -0.54102
vn -0.28944 0.78964 -0.54102
vn -0.54608 0.14499 -0.82509
vn -0.54608 0.14499 -0.82509
vn -0.54608 0.14499 -0.82509
vn -0.68566 0.43108 -0.58655
vn -0.68566 0.43108 -0.58655
vn -0.68566 0.43108 -0.58655
vn -0.38187 0.87261 -0.30451
vn -0.38187 0.87261 -0.30451
vn -0.38187 0.87261 -0.30451
vn -0.95446 0.17769 -0.23966
vn -0.95446 0.17769 -0.23966
vn -0.95446 0.17769 -0.23966
vn -0.87827 0.47816 -0
vn -0.87827 0.47816 -0
vn -0.87827 0.47816 -0
vn -0.87827 0.47816 -0
vn -0.87827 0.47816 0
vn -0.87827 0.47816 0
vn -0.87827 0.47816 0
vn -0.87827 0.47816 0
vn -0.87827 0.47816 0
vn -0.87827 0.47816 0
vn -0.73025 0.65277 -0.20157
vn -0.73025 0.65277 -0.20157
vn 0 0.47816 0.87827
vn 0 0.47816 0.87827
vn -0 0.47816 0.87827
vn -0 0.47816 0.87827
vn -0 0.47816 0.87827
vn -0.27654 0.64267 0.71449
vn -0.27654 0.64267 0.71449
vn -0.27654 0.64267 0.71449
vn 0 0.47816 0.87827
vn 0 0.47816 0.87827
vn 0 0.47816 0.87827
vn 0 0.47816 0.87827
vn 0 0.47816 0.87827
vn 0 0.47816 0.87827
vn 0.87827 0.47816 -0
vn 0.87827 0.47816 -0
vn 0.87827 0.47816 -0
vn 0.87827 0.47816 -0
vn 0.87827 0.47816 -0
vn 0.87827 0.47816 -0
vn 0.80887 0.56658 0.15721
vn 0.80887 0.56658 0.15721
vn 0.87827 0.47816 0
vn 0.87827 0.47816 0
vn 0.86396 0.47131 0.17734
vn 0.86396 0.47131 0.17734
vn 0.86396 0.47131 0.17734
vn 0 0.47816 -0.87827
vn 0 0.47816 -0.87827
vn 0 0.47816 -0.87827
vn 0 0.47816 -0.87827
vn 0 0.47816 -0.87827
vn 0 0.47816 -0.87827
vn 0 0.47816 -0.87827
vn 0 0.47816 -0.87827
vn 0 0.47816 -0.87827
vn 0 0.47816 -0.87827
vn 0 0.47816 -0.87827
vn 0 0.47816 -0.87827
vn 0 0.47816 -0.87827
vn 0 0.47816 -0.87827
vn 0 0.47816 -0.87827
vn -0.87827 0.47816 0
vn -0.87827 0.47816 0
vn -0.87827 0.47816 0
vn -0.87827 0.47816 0
vn -0 0.47816 0.87827
vn -0 0.47816 0.87827
vn -0 0.47816 0.87827
vn -0 0.47816 0.87827
vn 0 0.47817 0.87827
vn 0 0.47817 0.87827
vn 0 0.47817 0.87827
vn 0 0.47816 0.87827
vn 0 0.47816 0.87827
vn 0 0.47816 0.87827
vn 0 0.47816 0.87827
vn 0 0.47817 0.87827
vn 0 0.47817 0.87827
vn 0 0.47817 0.87827
vn 0 0.47817 0.87827
vn -0 0.47816 0.87827
vn -0 0.47816 0.87827
vn -0 0.47816 0.87827
vn -0 0.47816 0.87827
vn -0 0.47816 0.87827
vn 0.30671 0.14685 0.94041
vn 0.30671 0.14685 0.94041
vn 0.30671 0.14685 0.94041
vn 0.19979 0.55348 0.80854
vn 0.19979 0.55348 0.80854
vn 0.19979 0.55348 0.80854
vn -0 0.47816 0.87827
vn -0 0.47816 0.87827
vn 0 0.47816 0.87827
vn 0 0.47816 0.87827
vn 0 0.47816 0.87827
vn 0.30118 0.20693 0.93085
vn 0.30118 0.20693 0.93085
vn 0.5409 0.71332 0.44564
vn 0.5409 0.71332 0.44564
vn 0.5409 0.71332 0.44564
vn -0.3266 0.45355 0.82923
vn -0.3266 0.45355 0.82923
vn -0.3266 0.45355 0.82923
vn -0.26878 0.09462 0.95854
vn -0.26878 0.09462 0.95854
vn -0.87827 0.47816 -0
vn -0.87827 0.47816 -0
vn -0.87827 0.47816 -0
vn -0.87827 0.47816 -0
vn -0.87827 0.47816 -0
vn -0.87827 0.47816 -0
vn -0.87827 0.47816 -0
vn -0.87827 0.47817 -0
vn -0.87827 0.47817 -0
vn -0.87827 0.47816 -0
vn -0.87827 0.47816 -0
vn -0.87827 0.47816 -0
vn -0.87827 0.47816 -0
vn -0.7777 0.14692 0.61122
vn -0.7777 0.14692 0.61122
vn -0.72805 0.39942 0.55713
vn -0.72805 0.39942 0.55713
vn -0.72805 0.39942 0.55713
vn -0.87826 0.47818 -0
vn -0.87826 0.47818 -0
vn -0.87826 0.47818 -0
vn -0.87827 0.47816 -0
vn -0.87827 0.47816 -0
vn -0.87827 0.47816 -0
vn -0.87972 0.41084 0.23939
vn -0.87972 0.41084 0.23939
vn -0.82758 0.5569 0.07046
vn -0.82758 0.5569 0.07046
vn -0.80091 0.59227 -0.08805
vn -0.80091 0.59227 -0.08805
vn -0.80091 0.59227 -0.08805
vn -0.82152 0.391 -0.415
vn -0.82152 0.391 -0.415
vn -0 0.47816 -0.87827
vn -0 0.47816 -0.87827
vn -0 0.47816 -0.87827
vn -0 0.47816 -0.87827
vn -0 0.47816 -0.87827
vn -0 0.47816 -0.87827
vn -0 0.47816 -0.87827
vn -0.54689 0.26789 -0.79319
vn -0.37004 0.6198 -0.69204
vn 0.25103 0.46406 -0.84949
vn 0.25103 0.46406 -0.84949
vn 0.25103 0.46406 -0.84949
vn 0.2565 0.40204 -0.87896
vn 0.2565 0.40204 -0.87896
vn 0.2565 0.40204 -0.87896
vn 0.87827 0.47816 0
vn 0.87827 0.47816 0
vn 0.87827 0.47816 0
vn 0.87827 0.47816 0
vn 0.87827 0.47816 0
vn 0.87827 0.47816 0
vn 0.87827 0.47816 0
vn 0.87827 0.47816 0
vn 0.87827 0.47816 -0
vn 0.87827 0.47816 -0
vn 0.87827 0.47816 -0
vn 0.87827 0.47816 -0
vn 0.87827 0.47816 -0
vn 0.9323 0.23842 -0.27198
vn 0.9323 0.23842 -0.27198
vn 0.84558 0.45824 -0.27387
vn 0.84558 0.45824 -0.27387
vn 0.84558 0.45824 -0.27387
vn -0.57659 -0.3905 0.71767
vn -0.57659 -0.3905 0.71767
vn -0.57659 -0.3905 0.71767
vn -0.5347 -0.38935 -0.75001
vn -0.5347 -0.38935 -0.75001
vn -0.5347 -0.38935 -0.75001
vn -1 0 0
vn 0 0 1
vn 1 0 0
vn 0 0 -1
vn -0.03314 0.36878 0.92893
vn -0.03314 0.36878 0.92893
vn 0.02891 0.99958 -0.0022
vn 0.02891 0.99958 -0.0022
vn 0.02891 0.99958 -0.0022
vn 0.02891 0.99958 -0.0022
vn 0.01799 -0.36654 -0.93023
vn 0.01799 -0.36654 -0.93023
vn 0.01799 -0.36654 -0.93023
vn 0.01799 -0.36654 -0.93023
vn -0.0146 -0.8331 0.55293
vn -0.0146 -0.8331 0.55293
vn -0.0146 -0.8331 0.55293
vn 0.87056 0.19553 0.45154
vn 0.87056 0.19553 0.45154
vn -0.8669 0.22767 0.44346
vn -0.8669 0.22767 0.44346
vn -0.8669 0.22767 0.44346
vn -0.8669 0.22767 0.44346
vn -0.0169 0.36798 0.92968
vn -0.0169 0.36798 0.92968
vn -0.0169 0.36798 0.92968
vn -0.02025 0.99807 -0.05868
vn -0.02025 0.99807 -0.05868
vn -0.02025 0.99807 -0.05868
vn 0.01057 -0.36928 -0.92926
vn 0.01057 -0.36928 -0.92926
vn 0.01057 -0.36928 -0.92926
vn 0.03592 -0.79581 0.60448
vn 0.03592 -0.79581 0.60448
vn 0.03592 -0.79581 0.60448
vn 0.8694 0.16082 0.46721
vn 0.8694 0.16082 0.46721
vn 0.8694 0.16082 0.46721
vn 0.8694 0.16082 0.46721
vn -0.88067 0.1736 0.44077
vn -0.88067 0.1736 0.44077
vn 0.00992 0.36595 0.93058
vn 0.00992 0.36595 0.93058
vn 0.00992 0.36595 0.93058
vn 0.00992 0.36595 0.93058
vn 0.08287 0.99643 -0.01582
vn 0.08287 0.99643 -0.01582
vn -0.00531 -0.3642 -0.93131
vn -0.00531 -0.3642 -0.93131
vn -0.00531 -0.3642 -0.93131
vn -0.00531 -0.3642 -0.93131
vn -0.02972 -0.82192 0.56883
vn -0.02972 -0.82192 0.56883
vn -0.02972 -0.82192 0.56883
vn -0.02972 -0.82192 0.56883
vn 0.87036 0.18311 0.4571
vn 0.87036 0.18311 0.4571
vn 0.87036 0.18311 0.4571
vn -0.87604 0.17292 0.45018
vn -0.87604 0.17292 0.45018
vn -0.03705 0.33434 0.94172
vn -0.03705 0.33434 0.94172
vn -0.03705 0.33434 0.94172
vn 0.02857 0.99911 -0.03108
vn 0.02857 0.99911 -0.03108
vn 0.02857 0.99911 -0.03108
vn 0.02857 0.99911 -0.03108
vn 0.01941 -0.34182 -0.93957
vn 0.01941 -0.34182 -0.93957
vn -0.01782 -0.81598 0.57781
vn -0.01782 -0.81598 0.57781
vn -0.01782 -0.81598 0.57781
vn 0.8608 0.22911 0.45445
vn 0.8608 0.22911 0.45445
vn 0.8608 0.22911 0.45445
vn -0.88518 0.1687 0.43358
vn -0.88518 0.1687 0.43358
vn -0.88518 0.1687 0.43358
vn -0.88518 0.1687 0.43358
vn 0 0.35937 0.9332
vn 0 0.35937 0.9332
vn 0 0.35937 0.9332
vn 0 0.99891 -0.04663
vn 0 0.99891 -0.04663
vn 0 -0.35937 -0.93319
vn 0 -0.35937 -0.93319
vn 0 -0.7991 0.6012
vn 0 -0.7991 0.6012
vn 0.88248 0.16906 0.43891
vn 0.88248 0.16906 0.43891
vn 0.88248 0.16906 0.43891
vn -0.85773 0.11418 0.50126
vn -0.85773 0.11418 0.50126
vn -0.02904 0.34142 0.93946
vn -0.02904 0.34142 0.93946
vn -0.02904 0.34142 0.93946
vn -0.02904 0.34142 0.93946
vn 0.01561 0.99767 -0.06644
vn 0.01561 0.99767 -0.06644
vn 0.01561 0.99767 -0.06644
vn 0.01561 0.99767 -0.06644
vn 0.01545 -0.34603 -0.9381
vn 0.01545 -0.34603 -0.9381
vn -0.06222 -0.78352 0.61825
vn -0.06222 -0.78352 0.61825
vn -0.06222 -0.78352 0.61825
vn 0.88571 0.09938 0.45347
vn 0.88571 0.09938 0.45347
vn -0.84744 0.14107 0.51181
vn -0.06797 0.40329 0.91254
vn -0.06797 0.40329 0.91254
vn -0.06797 0.40329 0.91254
vn -0.06797 0.40329 0.91254
vn -0.09863 0.99512 -0.00238
vn -0.09863 0.99512 -0.00238
vn -0.09863 0.99512 -0.00238
vn 0.03467 -0.38949 -0.92038
vn 0.03467 -0.38949 -0.92038
vn 0.03467 -0.38949 -0.92038
vn 0.0231 -0.81819 0.57449
vn 0.0231 -0.81819 0.57449
vn 0.87921 0.16863 0.4456
vn 0.87921 0.16863 0.4456
vn 0.87921 0.16863 0.4456
vn 0.87921 0.16863 0.4456
vn -0.84214 0.28807 0.45587
vn -0.84214 0.28807 0.45587
vn -0.84214 0.28807 0.45587
vn -0.02569 0.37631 0.92614
vn -0.02569 0.37631 0.92614
vn -0.02569 0.37631 0.92614
vn -0.05244 0.99832 -0.02445
vn -0.05244 0.99832 -0.02445
vn -0.05244 0.99832 -0.02445
vn -0.05244 0.99832 -0.02445
vn 0.01362 -0.37154 -0.92832
vn 0.01393 -0.81189 0.58365
vn 0.01393 -0.81189 0.58365
vn 0.01393 -0.81189 0.58365
vn 0.87874 0.17047 0.44582
vn 0.87874 0.17047 0.44582
vn 0.87874 0.17047 0.44582
vn -0.85843 0.24002 0.45331
vn -0.85843 0.24002 0.45331
vn -0.85843 0.24002 0.45331
vn -0.04735 0.39028 0.91948
vn -0.04735 0.39028 0.91948
vn -0.04735 0.39028 0.91948
vn -0.09452 0.99548 -0.00927
vn -0.09452 0.99548 -0.00927
vn -0.09452 0.99548 -0.00927
vn 0.02454 -0.38128 -0.92413
vn 0.02454 -0.38128 -0.92413
vn 0.02454 -0.38128 -0.92413
vn 0.02486 -0.81997 0.57187
vn 0.02486 -0.81997 0.57187
vn 0.02486 -0.81997 0.57187
vn 0.02486 -0.81997 0.57187
vn 0.88211 0.16739 0.4403
vn 0.88211 0.16739 0.4403
vn 0.88211 0.16739 0.4403
vn 0.88211 0.16739 0.4403
vn -0.84312 0.292 0.45154
vn -0.84312 0.292 0.45154
vn -0.03314 0.36878 0.92893
vn -0.03314 0.36878 0.92893
vn -0.03314 0.36878 0.92893
vn 0.02891 0.99958 -0.0022
vn 0.02891 0.99958 -0.0022
vn 0.02891 0.99958 -0.0022
vn 0.01801 -0.36653 -0.93023
vn -0.01462 -0.8331 0.55293
vn -0.01462 -0.8331 0.55293
vn -0.01462 -0.8331 0.55293
vn 0.87056 0.19548 0.45156
vn 0.87056 0.19548 0.45156
vn 0.87056 0.19548 0.45156
vn 0.87056 0.19548 0.45156
vn -0.86689 0.22768 0.44346
vn -0.86689 0.22768 0.44346
vn -0.86689 0.22768 0.44346
vn -0.01684 0.36798 0.92968
vn -0.01684 0.36798 0.92968
vn -0.01684 0.36798 0.92968
vn -0.02025 0.99807 -0.05868
vn -0.02025 0.99807 -0.05868
vn -0.02025 0.99807 -0.05868
vn -0.02025 0.99807 -0.05868
vn 0.01057 -0.36929 -0.92925
vn 0.01057 -0.36929 -0.92925
vn 0.01057 -0.36929 -0.92925
vn 0.0359 -0.79583 0.60445
vn 0.0359 -0.79583 0.60445
vn 0.8694 0.16081 0.46721
vn 0.8694 0.16081 0.46721
vn 0.8694 0.16081 0.46721
vn 0.8694 0.16081 0.46721
vn -0.88067 0.17362 0.44077
vn -0.88067 0.17362 0.44077
vn -0.88067 0.17362 0.44077
vn -0.88067 0.17362 0.44077
vn 0.00995 0.36595 0.93058
vn 0.00995 0.36595 0.93058
vn 0.08287 0.99643 -0.01582
vn 0.08287 0.99643 -0.01582
vn -0.00533 -0.36421 -0.9313
vn -0.00533 -0.36421 -0.9313
vn -0.00533 -0.36421 -0.9313
vn -0.02972 -0.82191 0.56884
vn -0.02972 -0.82191 0.56884
vn -0.02972 -0.82191 0.56884
vn 0.87039 0.18314 0.45704
vn 0.87039 0.18314 0.45704
vn 0.87039 0.18314 0.45704
vn -0.87603 0.17291 0.45019
vn -0.87603 0.17291 0.45019
vn -0.87603 0.17291 0.45019
vn -0.87603 0.17291 0.45019
vn -0.03711 0.33431 0.94173
vn -0.03711 0.33431 0.94173
vn 0.02857 0.99911 -0.03107
vn 0.02857 0.99911 -0.03107
vn 0.02857 0.99911 -0.03107
vn 0.01941 -0.34182 -0.93956
vn 0.01941 -0.34182 -0.93956
vn 0.01941 -0.34182 -0.93956
vn -0.01783 -0.81597 0.57782
vn -0.01783 -0.81597 0.57782
vn -0.01783 -0.81597 0.57782
vn 0.86081 0.2291 0.45444
vn 0.86081 0.2291 0.45444
vn 0.86081 0.2291 0.45444
vn -0.88518 0.16868 0.43359
vn -0.88518 0.16868 0.43359
vn -0.88518 0.16868 0.43359
vn 0 0.35937 0.93319
vn 0 0.35937 0.93319
vn 0 0.35937 0.93319
vn 0 0.99891 -0.04663
vn 0 0.99891 -0.04663
vn 0 0.99891 -0.04663
vn 0 -0.3594 -0.93318
vn 0 -0.3594 -0.93318
vn 0 -0.7991 0.60119
vn 0.88249 0.1691 0.43887
vn 0.88249 0.1691 0.43887
vn -0.85773 0.11418 0.50127
vn -0.85773 0.11418 0.50127
vn -0.85773 0.11418 0.50127
vn -0.02899 0.34142 0.93946
vn -0.02899 0.34142 0.93946
vn -0.02899 0.34142 0.93946
vn -0.02899 0.34142 0.93946
vn 0.01561 0.99767 -0.06644
vn 0.01561 0.99767 -0.06644
vn 0.01561 0.99767 -0.06644
vn 0.01561 0.99767 -0.06644
vn 0.01545 -0.346 -0.93811
vn 0.01545 -0.346 -0.93811
vn 0.01545 -0.346 -0.93811
vn -0.06222 -0.78353 0.61823
vn -0.06222 -0.78353 0.61823
vn -0.06222 -0.78353 0.61823
vn -0.06222 -0.78353 0.61823
vn 0.88571 0.09938 0.45347
vn 0.88571 0.09938 0.45347
vn 0.88571 0.09938 0.45347
vn 0.88571 0.09938 0.45347
vn -0.84744 0.14105 0.51181
vn -0.84744 0.14105 0.51181
vn -0.84744 0.14105 0.51181
vn -0.06796 0.40329 0.91254
vn -0.06796 0.40329 0.91254
vn -0.06796 0.40329 0.91254
vn -0.06796 0.40329 0.91254
vn -0.09863 0.99512 -0.00238
vn -0.09863 0.99512 -0.00238
vn -0.09863 0.99512 -0.00238
vn 0.03464 -0.38948 -0.92038
vn 0.03464 -0.38948 -0.92038
vn 0.0231 -0.8182 0.57447
vn 0.0231 -0.8182 0.57447
vn 0.0231 -0.8182 0.57447
vn 0.87922 0.16863 0.44558
vn 0.87922 0.16863 0.44558
vn 0.87922 0.16863 0.44558
vn 0.87922 0.16863 0.44558
vn -0.84214 0.28807 0.45587
vn -0.84214 0.28807 0.45587
vn -0.84214 0.28807 0.45587
vn -0.84214 0.28807 0.45587
vn -0.02566 0.37632 0.92614
vn -0.02566 0.37632 0.92614
vn -0.02566 0.37632 0.92614
vn -0.05244 0.99832 -0.02446
vn -0.05244 0.99832 -0.02446
vn -0.05244 0.99832 -0.02446
vn 0.01364 -0.37153 -0.92832
vn 0.01364 -0.37153 -0.92832
vn 0.01364 -0.37153 -0.92832
vn 0.01364 -0.37153 -0.92832
vn 0.01393 -0.81189 0.58364
vn 0.01393 -0.81189 0.58364
vn 0.8787 0.17052 0.44587
vn 0.8787 0.17052 0.44587
vn 0.8787 0.17052 0.44587
vn 0.8787 0.17052 0.44587
vn -0.85844 0.24002 0.45329
vn -0.85844 0.24002 0.45329
vn -0.85844 0.24002 0.45329
vn -0.85844 0.24002 0.45329
vn -0.04741 0.39031 0.91946
vn -0.04741 0.39031 0.91946
vn -0.04741 0.39031 0.91946
vn -0.09453 0.99548 -0.00927
vn -0.09453 0.99548 -0.00927
vn -0.09453 0.99548 -0.00927
vn -0.09453 0.99548 -0.00927
vn 0.02455 -0.38126 -0.92414
vn 0.02455 -0.38126 -0.92414
vn 0.02455 -0.38126 -0.92414
vn 0.02455 -0.38126 -0.92414
vn 0.02486 -0.81998 0.57185
vn 0.02486 -0.81998 0.57185
vn 0.02486 -0.81998 0.57185
vn 0.02486 -0.81998 0.57185
vn 0.8821 0.16745 0.4403
vn 0.8821 0.16745 0.4403
vn 0.8821 0.16745 0.4403
vn -0.8431 0.29203 0.45155
vn -0.8431 0.29203 0.45155
vn -0.8431 0.29203 0.45155
vn -0.8431 0.29203 0.45155
vn -0.03317 0.36881 0.92891
vn -0.03317 0.36881 0.92891
vn 0.0289 0.99958 -0.00219
vn 0.0289 0.99958 -0.00219
vn 0.0289 0.99958 -0.00219
vn 0.01801 -0.36652 -0.93024
vn 0.01801 -0.36652 -0.93024
vn 0.01801 -0.36652 -0.93024
vn -0.01461 -0.83311 0.55292
vn -0.01461 -0.83311 0.55292
vn -0.01461 -0.83311 0.55292
vn 0.87053 0.19555 0.45159
vn 0.87053 0.19555 0.45159
vn 0.87053 0.19555 0.45159
vn 0.87053 0.19555 0.45159
vn -0.86689 0.22763 0.4435
vn -0.86689 0.22763 0.4435
vn -0.86689 0.22763 0.4435
vn -0.01687 0.36798 0.92968
vn -0.01687 0.36798 0.92968
vn -0.02025 0.99807 -0.05867
vn -0.02025 0.99807 -0.05867
vn -0.02025 0.99807 -0.05867
vn 0.01054 -0.36926 -0.92927
vn 0.01054 -0.36926 -0.92927
vn 0.01054 -0.36926 -0.92927
vn 0.01054 -0.36926 -0.92927
vn 0.03593 -0.79581 0.60448
vn 0.03593 -0.79581 0.60448
vn 0.86939 0.16075 0.46725
vn 0.86939 0.16075 0.46725
vn 0.86939 0.16075 0.46725
vn -0.88067 0.17359 0.44079
vn -0.88067 0.17359 0.44079
vn -0.88067 0.17359 0.44079
vn 0.00992 0.36598 0.93057
vn 0.00992 0.36598 0.93057
vn 0.00992 0.36598 0.93057
vn 0.08287 0.99644 -0.01582
vn 0.08287 0.99644 -0.01582
vn 0.08287 0.99644 -0.01582
vn -0.00534 -0.36421 -0.9313
vn -0.00534 -0.36421 -0.9313
vn -0.00534 -0.36421 -0.9313
vn -0.02973 -0.82192 0.56883
vn -0.02973 -0.82192 0.56883
vn -0.02973 -0.82192 0.56883
vn 0.87038 0.18309 0.45708
vn 0.87038 0.18309 0.45708
vn 0.87038 0.18309 0.45708
vn -0.87603 0.17292 0.45019
vn -0.87603 0.17292 0.45019
vn -0.87603 0.17292 0.45019
vn -0.03708 0.3343 0.94174
vn -0.03708 0.3343 0.94174
vn -0.03708 0.3343 0.94174
vn -0.03708 0.3343 0.94174
vn 0.02857 0.99911 -0.03108
vn 0.02857 0.99911 -0.03108
vn 0.02857 0.99911 -0.03108
vn 0.02857 0.99911 -0.03108
vn 0.0194 -0.34182 -0.93956
vn 0.0194 -0.34182 -0.93956
vn 0.0194 -0.34182 -0.93956
vn -0.01784 -0.81598 0.5778
vn -0.01784 -0.81598 0.5778
vn -0.01784 -0.81598 0.5778
vn 0.86084 0.22906 0.45441
vn 0.86084 0.22906 0.45441
vn 0.86084 0.22906 0.45441
vn -0.88518 0.1687 0.43359
vn -0.88518 0.1687 0.43359
vn -0.88518 0.1687 0.43359
vn -0.88518 0.1687 0.43359
vn 0 0.3594 0.93318
vn 0 0.3594 0.93318
vn 0 0.3594 0.93318
vn 0 0.99891 -0.04663
vn 0 0.99891 -0.04663
vn 0 0.99891 -0.04663
vn 0 -0.35938 -0.93319
vn 0 -0.35938 -0.93319
vn 0 -0.35938 -0.93319
vn 0 -0.79912 0.60117
vn 0 -0.79912 0.60117
vn 0.88251 0.16906 0.43885
vn 0.88251 0.16906 0.43885
vn 0.88251 0.16906 0.43885
vn 0.88251 0.16906 0.43885
vn -0.85774 0.11416 0.50124
vn -0.85774 0.11416 0.50124
vn -0.02902 0.3414 0.93947
vn -0.02902 0.3414 0.93947
vn -0.02902 0.3414 0.93947
vn 0.01562 0.99767 -0.06644
vn 0.01562 0.99767 -0.06644
vn 0.01562 0.99767 -0.06644
vn 0.01562 0.99767 -0.06644
vn 0.01545 -0.34601 -0.9381
vn 0.01545 -0.34601 -0.9381
vn 0.01545 -0.34601 -0.9381
vn 0.01545 -0.34601 -0.9381
vn -0.06222 -0.78352 0.61824
vn -0.06222 -0.78352 0.61824
vn -0.06222 -0.78352 0.61824
vn 0.88573 0.09938 0.45344
vn 0.88573 0.09938 0.45344
vn 0.88573 0.09938 0.45344
vn -0.84744 0.14109 0.51181
vn -0.84744 0.14109 0.51181
vn -0.84744 0.14109 0.51181
vn -0.06799 0.40331 0.91254
vn -0.06799 0.40331 0.91254
vn -0.06799 0.40331 0.91254
vn -0.06799 0.40331 0.91254
vn -0.09863 0.99512 -0.00238
vn -0.09863 0.99512 -0.00238
vn -0.09863 0.99512 -0.00238
vn 0.03465 -0.38949 -0.92038
vn 0.03465 -0.38949 -0.92038
vn 0.03465 -0.38949 -0.92038
vn 0.02311 -0.81819 0.57448
vn 0.02311 -0.81819 0.57448
vn 0.02311 -0.81819 0.57448
vn 0.02311 -0.81819 0.57448
vn 0.87923 0.16861 0.44555
vn 0.87923 0.16861 0.44555
vn 0.87923 0.16861 0.44555
vn 0.87923 0.16861 0.44555
vn -0.84215 0.28805 0.45586
vn -0.84215 0.28805 0.45586
vn -0.02572 0.37632 0.92613
vn -0.02572 0.37632 0.92613
vn -0.05244 0.99832 -0.02446
vn -0.05244 0.99832 -0.02446
vn -0.05244 0.99832 -0.02446
vn -0.05244 0.99832 -0.02446
vn 0.01363 -0.37152 -0.92832
vn 0.01363 -0.37152 -0.92832
vn 0.01363 -0.37152 -0.92832
vn 0.01394 -0.81188 0.58366
vn 0.01394 -0.81188 0.58366
vn 0.01394 -0.81188 0.58366
vn 0.01394 -0.81188 0.58366
vn 0.87871 0.17046 0.44588
vn 0.87871 0.17046 0.44588
vn 0.87871 0.17046 0.44588
vn 0.87871 0.17046 0.44588
vn -0.85841 0.24008 0.45331
vn -0.85841 0.24008 0.45331
vn -0.85841 0.24008 0.45331
vn -0.04738 0.39029 0.91947
vn -0.04738 0.39029 0.91947
vn -0.09452 0.99548 -0.00928
vn -0.09452 0.99548 -0.00928
vn -0.09452 0.99548 -0.00928
vn 0.02457 -0.38125 -0.92414
vn 0.02457 -0.38125 -0.92414
vn 0.02457 -0.38125 -0.92414
vn 0.02487 -0.81998 0.57186
vn 0.02487 -0.81998 0.57186
vn 0.02487 -0.81998 0.57186
vn 0.88208 0.16742 0.44034
vn 0.88208 0.16742 0.44034
vn 0.88208 0.16742 0.44034
vn 0.88208 0.16742 0.44034
vn -0.84312 0.292 0.45154
vn -0.84312 0.292 0.45154
vn -0.84312 0.292 0.45154
vn -0.0332 0.36878 0.92892
vn -0.0332 0.36878 0.92892
vn -0.0332 0.36878 0.92892
vn 0.02891 0.99958 -0.0022
vn 0.02891 0.99958 -0.0022
vn 0.02891 0.99958 -0.0022
vn 0.01801 -0.36653 -0.93023
vn 0.01801 -0.36653 -0.93023
vn 0.01801 -0.36653 -0.93023
vn 0.01801 -0.36653 -0.93023
vn -0.01463 -0.83309 0.55294
vn -0.01463 -0.83309 0.55294
vn -0.01463 -0.83309 0.55294
vn 0.87055 0.19554 0.45156
vn 0.87055 0.19554 0.45156
vn 0.87055 0.19554 0.45156
vn 0.87055 0.19554 0.45156
vn -0.86688 0.22766 0.44349
vn -0.86688 0.22766 0.44349
vn -0.86688 0.22766 0.44349
vn -0.86688 0.22766 0.44349
vn -0.01687 0.368 0.92967
vn -0.01687 0.368 0.92967
vn -0.01687 0.368 0.92967
vn -0.01687 0.368 0.92967
vn -0.02025 0.99807 -0.05868
vn -0.02025 0.99807 -0.05868
vn -0.02025 0.99807 -0.05868
vn 0.01056 -0.36927 -0.92926
vn 0.01056 -0.36927 -0.92926
vn 0.01056 -0.36927 -0.92926
vn 0.03592 -0.79583 0.60446
vn 0.03592 -0.79583 0.60446
vn 0.8694 0.16077 0.46722
vn 0.8694 0.16077 0.46722
vn -0.88066 0.17365 0.44078
vn -0.88066 0.17365 0.44078
vn -0.88066 0.17365 0.44078
vn 0.00992 0.36593 0.93059
vn 0.00992 0.36593 0.93059
vn 0.00992 0.36593 0.93059
vn 0.08288 0.99643 -0.01583
vn 0.08288 0.99643 -0.01583
vn 0.08288 0.99643 -0.01583
vn -0.00533 -0.36419 -0.93131
vn -0.00533 -0.36419 -0.93131
vn -0.00533 -0.36419 -0.93131
vn -0.00533 -0.36419 -0.93131
vn -0.02973 -0.8219 0.56885
vn -0.02973 -0.8219 0.56885
vn 0.87037 0.18311 0.45708
vn 0.87037 0.18311 0.45708
vn 0.87037 0.18311 0.45708
vn 0.87037 0.18311 0.45708
vn -0.87604 0.17289 0.45019
vn -0.87604 0.17289 0.45019
vn -0.87604 0.17289 0.45019
vn -0.03708 0.33436 0.94171
vn -0.03708 0.33436 0.94171
vn -0.03708 0.33436 0.94171
vn -0.03708 0.33436 0.94171
vn 0.02857 0.99911 -0.03108
vn 0.02857 0.99911 -0.03108
vn 0.02857 0.99911 -0.03108
vn 0.01939 -0.34184 -0.93956
vn 0.01939 -0.34184 -0.93956
vn 0.01939 -0.34184 -0.93956
vn -0.01784 -0.81599 0.57779
vn -0.01784 -0.81599 0.57779
vn -0.01784 -0.81599 0.57779
vn -0.01784 -0.81599 0.57779
vn 0.86084 0.22906 0.45441
vn 0.86084 0.22906 0.45441
vn 0.86084 0.22906 0.45441
vn -0.88517 0.16872 0.43359
vn -0.88517 0.16872 0.43359
vn -0.88517 0.16872 0.43359
vn -0.88517 0.16872 0.43359
vn 0 0.35937 0.9332
vn 0 0.35937 0.9332
vn 0 -0.3594 -0.93318
vn 0 -0.3594 -0.93318
vn 0 -0.3594 -0.93318
vn 0 -0.7991 0.6012
vn 0 -0.7991 0.6012
vn 0.88249 0.16909 0.43888
vn 0.88249 0.16909 0.43888
vn 0.88249 0.16909 0.43888
vn 0.88249 0.16909 0.43888
vn -0.85772 0.11418 0.50127
vn -0.85772 0.11418 0.50127
vn -0.85772 0.11418 0.50127
vn -0.02902 0.34142 0.93946
vn -0.02902 0.34142 0.93946
vn -0.02902 0.34142 0.93946
vn 0.01561 0.99767 -0.06644
vn 0.01561 0.99767 -0.06644
vn 0.01561 0.99767 -0.06644
vn 0.01544 -0.346 -0.93811
vn 0.01544 -0.346 -0.93811
vn -0.06221 -0.78354 0.61822
vn -0.06221 -0.78354 0.61822
vn -0.06221 -0.78354 0.61822
vn -0.06221 -0.78354 0.61822
vn 0.88572 0.09935 0.45346
vn 0.88572 0.09935 0.45346
vn 0.88572 0.09935 0.45346
vn 0.88572 0.09935 0.45346
vn -0.84744 0.14105 0.51181
vn -0.84744 0.14105 0.51181
vn -0.84744 0.14105 0.51181
vn -0.06796 0.4033 0.91254
vn -0.06796 0.4033 0.91254
vn -0.06796 0.4033 0.91254
vn -0.09863 0.99512 -0.00237
vn -0.09863 0.99512 -0.00237
vn -0.09863 0.99512 -0.00237
vn -0.09863 0.99512 -0.00237
vn 0.03465 -0.38949 -0.92038
vn 0.03465 -0.38949 -0.92038
vn 0.03465 -0.38949 -0.92038
vn 0.02309 -0.8182 0.57447
vn 0.02309 -0.8182 0.57447
vn 0.02309 -0.8182 0.57447
vn 0.87923 0.16861 0.44557
vn 0.87923 0.16861 0.44557
vn 0.87923 0.16861 0.44557
vn 0.87923 0.16861 0.44557
vn -0.84213 0.28811 0.45587
vn -0.84213 0.28811 0.45587
vn -0.02574 0.37628 0.92615
vn -0.02574 0.37628 0.92615
vn -0.02574 0.37628 0.92615
vn -0.05244 0.99832 -0.02446
vn -0.05244 0.99832 -0.02446
vn -0.05244 0.99832 -0.02446
vn -0.05244 0.99832 -0.02446
vn 0.01362 -0.37155 -0.92831
vn 0.01362 -0.37155 -0.92831
vn 0.01362 -0.37155 -0.92831
vn 0.01393 -0.81187 0.58368
vn 0.01393 -0.81187 0.58368
vn 0.87874 0.17044 0.44584
vn 0.87874 0.17044 0.44584
vn 0.87874 0.17044 0.44584
vn -0.85842 0.24005 0.45331
vn -0.85842 0.24005 0.45331
vn -0.04741 0.3903 0.91947
vn -0.04741 0.3903 0.91947
vn -0.04741 0.3903 0.91947
vn -0.04741 0.3903 0.91947
vn -0.09452 0.99548 -0.00927
vn -0.09452 0.99548 -0.00927
vn -0.09452 0.99548 -0.00927
vn 0.02455 -0.38126 -0.92414
vn 0.02455 -0.38126 -0.92414
vn 0.02455 -0.38126 -0.92414
vn 0.02455 -0.38126 -0.92414
vn 0.02485 -0.81998 0.57186
vn 0.02485 -0.81998 0.57186
vn 0.02485 -0.81998 0.57186
vn 0.02485 -0.81998 0.57186
vn 0.8821 0.16741 0.44032
vn 0.8821 0.16741 0.44032
vn 0.8821 0.16741 0.44032
vn 0.8821 0.16741 0.44032
vn -0.84309 0.29203 0.45157
vn -0.84309 0.29203 0.45157
vn -0.84309 0.29203 0.45157
vn -0.0332 0.36878 0.92892
vn -0.0332 0.36878 0.92892
vn -0.0332 0.36878 0.92892
vn 0.02891 0.99958 -0.00221
vn 0.02891 0.99958 -0.00221
vn 0.018 -0.3665 -0.93024
vn 0.018 -0.3665 -0.93024
vn 0.018 -0.3665 -0.93024
vn -0.0146 -0.83309 0.55294
vn -0.0146 -0.83309 0.55294
vn -0.0146 -0.83309 0.55294
vn 0.87054 0.19555 0.45157
vn 0.87054 0.19555 0.45157
vn 0.87054 0.19555 0.45157
vn -0.86688 0.22762 0.44351
vn -0.86688 0.22762 0.44351
vn -0.86688 0.22762 0.44351
vn -0.01692 0.36796 0.92969
vn -0.01692 0.36796 0.92969
vn -0.01692 0.36796 0.92969
vn -0.02025 0.99807 -0.05867
vn -0.02025 0.99807 -0.05867
vn 0.01058 -0.36928 -0.92926
vn 0.01058 -0.36929 -0.92926
vn 0.0359 -0.79582 0.60447
vn 0.0359 -0.79582 0.60447
vn 0.0359 -0.79582 0.60447
vn 0.86941 0.16082 0.46719
vn 0.86941 0.16082 0.46719
vn 0.86941 0.16082 0.46719
vn -0.88066 0.17362 0.44078
vn -0.88066 0.17362 0.44078
vn -0.88066 0.17362 0.44078
vn 0.00997 0.36596 0.93058
vn 0.00997 0.36596 0.93058
vn 0.00997 0.36596 0.93058
vn 0.08286 0.99644 -0.01582
vn 0.08286 0.99644 -0.01582
vn 0.08286 0.99644 -0.01582
vn -0.00531 -0.3642 -0.93131
vn -0.00531 -0.3642 -0.93131
vn -0.00531 -0.3642 -0.93131
vn -0.02973 -0.82191 0.56884
vn -0.02973 -0.82191 0.56884
vn -0.02973 -0.82191 0.56884
vn -0.02973 -0.82191 0.56884
vn 0.87037 0.18308 0.4571
vn 0.87037 0.18308 0.4571
vn 0.87037 0.18308 0.4571
vn 0.87037 0.18308 0.4571
vn -0.87605 0.1729 0.45016
vn -0.87605 0.1729 0.45016
vn -0.87605 0.1729 0.45016
vn -0.03708 0.33431 0.94173
vn -0.03708 0.33431 0.94173
vn -0.03708 0.33431 0.94173
vn 0.02857 0.99911 -0.03107
vn 0.02857 0.99911 -0.03107
vn 0.02857 0.99911 -0.03107
vn 0.02857 0.99911 -0.03107
vn 0.01941 -0.34182 -0.93956
vn 0.01941 -0.34182 -0.93956
vn -0.01783 -0.81598 0.57781
vn -0.01783 -0.81598 0.57781
vn 0.86082 0.22908 0.45443
vn 0.86082 0.22908 0.45443
vn 0.86082 0.22908 0.45443
vn 0.86082 0.22908 0.45443
vn -0.88517 0.16872 0.4336
vn -0.88517 0.16872 0.4336
vn -0.88517 0.16872 0.4336
vn -0.88517 0.16872 0.4336
vn 0 0.35936 0.9332
vn 0 0.35936 0.9332
vn 0 0.35936 0.9332
vn 0 -0.3594 -0.93318
vn 0 -0.3594 -0.93318
vn 0 -0.3594 -0.93318
vn 0 -0.7991 0.6012
vn 0.88248 0.16911 0.43889
vn 0.88248 0.16911 0.43889
vn 0.88248 0.16911 0.43889
vn -0.85772 0.11419 0.50127
vn -0.85772 0.11419 0.50127
vn -0.85772 0.11419 0.50127
vn -0.02902 0.34142 0.93946
vn -0.02902 0.34142 0.93946
vn 0.01561 0.99767 -0.06644
vn 0.01561 0.99767 -0.06644
vn 0.01561 0.99767 -0.06644
vn 0.01561 0.99767 -0.06644
vn 0.01544 -0.34602 -0.9381
vn 0.01544 -0.34602 -0.9381
vn 0.01544 -0.34602 -0.9381
vn 0.01544 -0.34602 -0.9381
vn -0.06221 -0.78353 0.61823
vn -0.06221 -0.78353 0.61823
vn -0.06221 -0.78353 0.61823
vn 0.88572 0.09935 0.45346
vn 0.88572 0.09935 0.45346
vn 0.88572 0.09935 0.45346
vn -0.84744 0.14105 0.51181
vn -0.84744 0.14105 0.51181
vn -0.84744 0.14105 0.51181
vn -0.06802 0.40329 0.91254
vn -0.06802 0.40329 0.91254
vn -0.06802 0.40329 0.91254
vn -0.06802 0.40329 0.91254
vn -0.09863 0.99512 -0.00238
vn -0.09863 0.99512 -0.00238
vn -0.09863 0.99512 -0.00238
vn -0.09863 0.99512 -0.00238
vn 0.03467 -0.38948 -0.92038
vn 0.03467 -0.38948 -0.92038
vn 0.03467 -0.38948 -0.92038
vn 0.0231 -0.81818 0.5745
vn 0.0231 -0.81818 0.5745
vn 0.0231 -0.81818 0.5745
vn 0.87922 0.16863 0.44558
vn 0.87922 0.16863 0.44558
vn 0.87922 0.16863 0.44558
vn 0.87922 0.16863 0.44558
vn -0.84213 0.28808 0.45588
vn -0.84213 0.28808 0.45588
vn -0.84213 0.28808 0.45588
vn -0.84213 0.28808 0.45588
vn -0.02572 0.37628 0.92615
vn -0.02572 0.37628 0.92615
vn -0.05244 0.99832 -0.02446
vn -0.05244 0.99832 -0.02446
vn -0.05244 0.99832 -0.02446
vn -0.05244 0.99832 -0.02446
vn 0.01362 -0.37156 -0.92831
vn 0.01362 -0.37156 -0.92831
vn 0.01393 -0.81187 0.58367
vn 0.01393 -0.81187 0.58367
vn 0.87873 0.17045 0.44584
vn 0.87873 0.17045 0.44584
vn 0.87873 0.17045 0.44584
vn 0.87873 0.17045 0.44584
vn -0.85842 0.24 0.45333
vn -0.85842 0.24 0.45333
vn -0.85842 0.24 0.45333
vn -0.85842 0.24 0.45333
vn -0.04738 0.39031 0.91946
vn -0.04738 0.39031 0.91946
vn -0.04738 0.39031 0.91946
vn -0.09453 0.99548 -0.00927
vn -0.09453 0.99548 -0.00927
vn 0.02456 -0.38126 -0.92414
vn 0.02456 -0.38126 -0.92414
vn 0.02456 -0.38126 -0.92414
vn 0.02486 -0.81999 0.57184
vn 0.02486 -0.81999 0.57184
vn 0.02486 -0.81999 0.57184
vn 0.8821 0.16742 0.44031
vn 0.8821 0.16742 0.44031
vn 0.8821 0.16742 0.44031
vn 0.8821 0.16742 0.44031
vn -0.84311 0.29202 0.45154
vn -0.84311 0.29202 0.45154
vn -0.84311 0.29202 0.45154
vn -0.84311 0.29202 0.45154
vn -0.92892 0.36879 -0.03315
vn -0.92892 0.36879 -0.03315
vn 0.0022 0.99958 0.02891
vn 0.0022 0.99958 0.02891
vn 0.0022 0.99958 0.02891
vn 0.93022 -0.36655 0.01799
vn 0.93022 -0.36655 0.01799
vn 0.93022 -0.36655 0.01799
vn -0.55295 -0.83309 -0.01458
vn -0.55295 -0.83309 -0.01458
vn -0.55295 -0.83309 -0.01458
vn -0.45154 0.19553 0.87056
vn -0.45154 0.19553 0.87057
vn -0.45154 0.19553 0.87057
vn -0.44348 0.22769 -0.86688
vn -0.44348 0.22769 -0.86688
vn -0.44348 0.22769 -0.86688
vn -0.92968 0.36798 -0.01691
vn -0.92968 0.36798 -0.01691
vn -0.92968 0.36798 -0.01691
vn -0.92968 0.36798 -0.01691
vn 0.05868 0.99807 -0.02025
vn 0.05868 0.99807 -0.02025
vn 0.05868 0.99807 -0.02025
vn 0.92927 -0.36926 0.01057
vn 0.92927 -0.36926 0.01057
vn 0.92927 -0.36926 0.01057
vn -0.60444 -0.79584 0.03589
vn -0.60444 -0.79584 0.03589
vn -0.60444 -0.79584 0.03589
vn -0.60444 -0.79584 0.03589
vn -0.46721 0.16081 0.8694
vn -0.46721 0.16081 0.8694
vn -0.46721 0.16081 0.8694
vn -0.46721 0.16081 0.8694
vn -0.44081 0.17359 -0.88065
vn -0.44081 0.17359 -0.88065
vn -0.44081 0.17359 -0.88065
vn -0.93057 0.36598 0.00992
vn -0.93057 0.36598 0.00992
vn -0.93057 0.36598 0.00992
vn -0.93057 0.36598 0.00992
vn 0.01582 0.99643 0.08287
vn 0.01582 0.99643 0.08287
vn 0.01582 0.99643 0.08287
vn 0.93131 -0.36419 -0.00532
vn 0.93131 -0.36419 -0.00532
vn 0.93131 -0.36419 -0.00532
vn -0.56882 -0.82192 -0.02973
vn -0.56882 -0.82192 -0.02973
vn -0.56882 -0.82192 -0.02973
vn -0.56882 -0.82192 -0.02973
vn -0.45712 0.18309 0.87035
vn -0.45712 0.18309 0.87035
vn -0.45712 0.18309 0.87035
vn -0.45712 0.18309 0.87035
vn -0.45015 0.17292 -0.87605
vn -0.45015 0.17292 -0.87605
vn -0.45015 0.17292 -0.87605
vn -0.45015 0.17292 -0.87605
vn -0.94175 0.33428 -0.03708
vn -0.94175 0.33428 -0.03708
vn -0.94175 0.33428 -0.03708
vn 0.03107 0.99911 0.02857
vn 0.03107 0.99911 0.02857
vn 0.03107 0.99911 0.02857
vn 0.03107 0.99911 0.02857
vn 0.93956 -0.34183 0.01941
vn 0.93956 -0.34183 0.01941
vn 0.93956 -0.34183 0.01941
vn -0.57783 -0.81596 -0.01784
vn -0.57783 -0.81596 -0.01784
vn -0.57783 -0.81596 -0.01784
vn -0.45441 0.22908 0.86083
vn -0.45441 0.22908 0.86083
vn -0.43358 0.16867 -0.88519
vn -0.43358 0.16867 -0.88519
vn -0.43358 0.16867 -0.88519
vn -0.93321 0.35933 0
vn -0.93321 0.35933 0
vn 0.04663 0.99891 0
vn 0.04663 0.99891 0
vn 0.04663 0.99891 0
vn 0.93319 -0.35938 0
vn 0.93319 -0.35938 0
vn -0.60118 -0.79912 0
vn -0.60118 -0.79912 0
vn -0.60118 -0.79912 0
vn -0.43889 0.16908 0.88249
vn -0.43889 0.16908 0.88249
vn -0.50124 0.11419 -0.85774
vn -0.50124 0.11419 -0.85774
vn -0.50124 0.11419 -0.85774
vn -0.93946 0.34142 -0.02902
vn -0.93946 0.34142 -0.02902
vn -0.93946 0.34142 -0.02902
vn -0.93946 0.34142 -0.02902
vn 0.06644 0.99767 0.01561
vn 0.06644 0.99767 0.01561
vn 0.06644 0.99767 0.01561
vn 0.06644 0.99767 0.01561
vn 0.93809 -0.34606 0.01545
vn 0.93809 -0.34606 0.01545
vn 0.93809 -0.34606 0.01545
vn -0.61828 -0.78349 -0.06222
vn -0.61828 -0.78349 -0.06222
vn -0.61828 -0.78349 -0.06222
vn -0.4535 0.09938 0.8857
vn -0.4535 0.09938 0.8857
vn -0.4535 0.09938 0.8857
vn -0.51182 0.14107 -0.84743
vn -0.51182 0.14107 -0.84743
vn -0.51182 0.14107 -0.84743
vn -0.51182 0.14107 -0.84743
vn -0.91254 0.4033 -0.06799
vn -0.91254 0.4033 -0.06799
vn -0.91254 0.4033 -0.06799
vn 0.00238 0.99512 -0.09863
vn 0.00238 0.99512 -0.09863
vn 0.00238 0.99512 -0.09863
vn 0.00238 0.99512 -0.09863
vn 0.92038 -0.38948 0.03465
vn 0.92038 -0.38948 0.03465
vn 0.92038 -0.38948 0.03465
vn -0.57451 -0.81817 0.02312
vn -0.57451 -0.81817 0.02312
vn -0.57451 -0.81817 0.02312
vn -0.57451 -0.81817 0.02312
vn -0.44561 0.16859 0.87921
vn -0.44561 0.16859 0.87921
vn -0.44561 0.16859 0.87921
vn -0.45591 0.28808 -0.84212
vn -0.45591 0.28808 -0.84212
vn -0.45591 0.28808 -0.84212
vn -0.92614 0.3763 -0.02569
vn -0.92614 0.3763 -0.02569
vn -0.92614 0.3763 -0.02569
vn -0.92614 0.3763 -0.02569
vn 0.02445 0.99832 -0.05244
vn 0.02445 0.99832 -0.05244
vn 0.02445 0.99832 -0.05244
vn 0.92832 -0.37152 0.01362
vn 0.92832 -0.37152 0.01362
vn -0.58364 -0.8119 0.01395
vn -0.58364 -0.8119 0.01395
vn -0.58364 -0.8119 0.01395
vn -0.44586 0.17045 0.87872
vn -0.44586 0.17045 0.87872
vn -0.44586 0.17045 0.87872
vn -0.45328 0.24002 -0.85844
vn -0.45328 0.24002 -0.85844
vn -0.91949 0.39025 -0.04736
vn -0.91949 0.39025 -0.04736
vn -0.91949 0.39025 -0.04736
vn -0.91949 0.39025 -0.04736
vn 0.00928 0.99548 -0.09452
vn 0.00928 0.99548 -0.09452
vn 0.00928 0.99548 -0.09452
vn 0.00928 0.99548 -0.09452
vn 0.92412 -0.38131 0.02454
vn 0.92412 -0.38131 0.02454
vn 0.92412 -0.38131 0.02454
vn 0.92412 -0.38131 0.02454
vn -0.57189 -0.81995 0.02487
vn -0.57189 -0.81995 0.02487
vn -0.57189 -0.81995 0.02487
vn -0.44029 0.16744 0.88211
vn -0.44029 0.16744 0.88211
vn -0.44029 0.16744 0.88211
vn -0.44029 0.16744 0.88211
vn -0.45153 0.29203 -0.84311
vn -0.45153 0.29203 -0.84311
vn -0.45153 0.29203 -0.84311
vn -0.92892 0.3688 -0.03318
vn -0.92892 0.3688 -0.03318
vn -0.92892 0.3688 -0.03318
vn 0.0022 0.99958 0.02891
vn 0.0022 0.99958 0.02891
vn 0.0022 0.99958 0.02891
vn 0.0022 0.99958 0.02891
vn 0.93025 -0.36649 0.01801
vn 0.93025 -0.36649 0.01801
vn -0.55293 -0.8331 -0.01461
vn -0.55293 -0.8331 -0.01461
vn -0.55293 -0.8331 -0.01461
vn -0.55293 -0.8331 -0.01461
vn -0.45156 0.19552 0.87055
vn -0.45156 0.19552 0.87055
vn -0.45156 0.19552 0.87055
vn -0.45156 0.19552 0.87055
vn -0.44346 0.22765 -0.8669
vn -0.44346 0.22765 -0.8669
vn -0.44346 0.22765 -0.8669
vn -0.92967 0.36801 -0.01686
vn -0.92967 0.36801 -0.01686
vn -0.92967 0.36801 -0.01686
vn 0.05868 0.99807 -0.02025
vn 0.05868 0.99807 -0.02025
vn 0.05868 0.99807 -0.02025
vn 0.92926 -0.36928 0.01057
vn 0.92926 -0.36928 0.01057
vn 0.92926 -0.36928 0.01057
vn -0.60447 -0.79582 0.03591
vn -0.60447 -0.79582 0.03591
vn -0.46722 0.16081 0.86939
vn -0.46722 0.16081 0.86939
vn -0.46722 0.16081 0.86939
vn -0.44079 0.1736 -0.88067
vn -0.44079 0.1736 -0.88067
vn -0.93057 0.36597 0.00992
vn -0.93057 0.36597 0.00992
vn -0.93057 0.36597 0.00992
vn -0.93057 0.36597 0.00992
vn 0.01582 0.99643 0.08287
vn 0.01582 0.99643 0.08287
vn 0.01582 0.99643 0.08287
vn 0.01582 0.99643 0.08287
vn 0.93131 -0.36419 -0.00533
vn 0.93131 -0.36419 -0.00533
vn 0.93131 -0.36419 -0.00533
vn -0.5688 -0.82194 -0.02973
vn -0.5688 -0.82194 -0.02973
vn -0.5688 -0.82194 -0.02973
vn -0.45706 0.18311 0.87039
vn -0.45706 0.18311 0.87039
vn -0.45706 0.18311 0.87039
vn -0.45021 0.17289 -0.87603
vn -0.45021 0.17289 -0.87603
vn -0.45021 0.17289 -0.87603
vn -0.45021 0.17289 -0.87603
vn -0.94173 0.33432 -0.03707
vn -0.94173 0.33432 -0.03707
vn -0.94173 0.33432 -0.03707
vn 0.03107 0.99911 0.02857
vn 0.03107 0.99911 0.02857
vn 0.03107 0.99911 0.02857
vn 0.93956 -0.34182 0.01941
vn 0.93956 -0.34182 0.01941
vn 0.93956 -0.34182 0.01941
vn 0.93956 -0.34182 0.01941
vn -0.5778 -0.81599 -0.01783
vn -0.5778 -0.81599 -0.01783
vn -0.5778 -0.81599 -0.01783
vn -0.45441 0.22909 0.86083
vn -0.45441 0.22909 0.86083
vn -0.45441 0.22909 0.86083
vn -0.43361 0.16871 -0.88517
vn -0.43361 0.16871 -0.88517
vn -0.93318 0.3594 0
vn 0.04663 0.99891 0
vn 0.04663 0.99891 0
vn 0.04663 0.99891 0
vn 0.93319 -0.35937 0
vn 0.93319 -0.35937 0
vn -0.60115 -0.79914 0
vn -0.60115 -0.79914 0
vn -0.60115 -0.79914 0
vn -0.43885 0.1691 0.88251
vn -0.43885 0.1691 0.88251
vn -0.43885 0.1691 0.88251
vn -0.43885 0.1691 0.88251
vn -0.50127 0.11414 -0.85773
vn -0.50127 0.11414 -0.85773
vn -0.93947 0.34139 -0.02902
vn -0.93947 0.34139 -0.02902
vn -0.93947 0.34139 -0.02902
vn 0.06644 0.99767 0.01562
vn 0.06644 0.99767 0.01562
vn 0.06644 0.99767 0.01562
vn 0.06644 0.99767 0.01562
vn 0.93812 -0.34597 0.01545
vn 0.93812 -0.34597 0.01545
vn 0.93812 -0.34597 0.01545
vn -0.61821 -0.78355 -0.06221
vn -0.61821 -0.78355 -0.06221
vn -0.61821 -0.78355 -0.06221
vn -0.45347 0.09936 0.88571
vn -0.45347 0.09936 0.88571
vn -0.45347 0.09936 0.88571
vn -0.51183 0.14106 -0.84742
vn -0.51183 0.14106 -0.84742
vn -0.91255 0.40327 -0.06799
vn -0.91255 0.40327 -0.06799
vn 0.00238 0.99512 -0.09863
vn 0.00238 0.99512 -0.09863
vn 0.00238 0.99512 -0.09863
vn 0.00238 0.99512 -0.09863
vn 0.92037 -0.3895 0.03467
vn 0.92037 -0.3895 0.03467
vn 0.92037 -0.3895 0.03467
vn -0.5745 -0.81818 0.02312
vn -0.5745 -0.81818 0.02312
vn -0.5745 -0.81818 0.02312
vn -0.44557 0.16861 0.87922
vn -0.44557 0.16861 0.87922
vn -0.44557 0.16861 0.87922
vn -0.45586 0.2881 -0.84214
vn -0.45586 0.2881 -0.84214
vn -0.92614 0.37629 -0.02569
vn -0.92614 0.37629 -0.02569
vn -0.92614 0.37629 -0.02569
vn 0.02446 0.99832 -0.05244
vn 0.02446 0.99832 -0.05244
vn 0.02446 0.99832 -0.05244
vn 0.02446 0.99832 -0.05244
vn 0.92831 -0.37155 0.01363
vn 0.92831 -0.37155 0.01363
vn 0.92831 -0.37155 0.01363
vn -0.58367 -0.81187 0.01393
vn -0.58367 -0.81187 0.01393
vn -0.44584 0.17047 0.87873
vn -0.44584 0.17047 0.87873
vn -0.44584 0.17047 0.87873
vn -0.44584 0.17047 0.87873
vn -0.4533 0.24002 -0.85843
vn -0.4533 0.24002 -0.85843
vn -0.4533 0.24002 -0.85843
vn -0.91946 0.39031 -0.04736
vn -0.91946 0.39031 -0.04736
vn -0.91946 0.39031 -0.04736
vn -0.91946 0.39031 -0.04736
vn 0.00927 0.99548 -0.09452
vn 0.00927 0.99548 -0.09452
vn 0.92414 -0.38127 0.02456
vn 0.92414 -0.38127 0.02456
vn -0.57186 -0.81998 0.02486
vn -0.57186 -0.81998 0.02486
vn -0.57186 -0.81998 0.02486
vn -0.44032 0.16743 0.88209
vn -0.44032 0.16743 0.88209
vn -0.45152 0.292 -0.84313
vn -0.45152 0.292 -0.84313
vn -0.45152 0.292 -0.84313
vn -0.45152 0.292 -0.84313
vn -0.9289 0.36884 -0.03318
vn -0.9289 0.36884 -0.03318
vn -0.9289 0.36884 -0.03318
vn 0.0022 0.99958 0.02891
vn 0.0022 0.99958 0.02891
vn 0.0022 0.99958 0.02891
vn 0.93023 -0.36654 0.01799
vn 0.93023 -0.36654 0.01799
vn 0.93023 -0.36654 0.01799
vn 0.93023 -0.36654 0.01799
vn -0.55295 -0.83309 -0.01461
vn -0.55295 -0.83309 -0.01461
vn -0.55295 -0.83309 -0.01461
vn -0.45158 0.19557 0.87053
vn -0.45158 0.19557 0.87053
vn -0.45158 0.19557 0.87053
vn -0.45158 0.19557 0.87053
vn -0.44351 0.22763 -0.86688
vn -0.44351 0.22763 -0.86688
vn -0.44351 0.22763 -0.86688
vn -0.44351 0.22763 -0.86688
vn -0.92965 0.36805 -0.01688
vn -0.92965 0.36805 -0.01688
vn -0.92965 0.36805 -0.01688
vn 0.05868 0.99807 -0.02025
vn 0.05868 0.99807 -0.02025
vn 0.05868 0.99807 -0.02025
vn 0.92927 -0.36926 0.01055
vn 0.92927 -0.36926 0.01055
vn 0.92927 -0.36926 0.01055
vn 0.92927 -0.36926 0.01055
vn -0.60446 -0.79583 0.03592
vn -0.60446 -0.79583 0.03592
vn -0.60446 -0.79583 0.03592
vn -0.46722 0.16079 0.8694
vn -0.46722 0.16079 0.8694
vn -0.46722 0.16079 0.8694
vn -0.46722 0.16079 0.8694
vn -0.44079 0.17366 -0.88065
vn -0.44079 0.17366 -0.88065
vn -0.44079 0.17366 -0.88065
vn -0.93057 0.36599 0.00992
vn -0.93057 0.36599 0.00992
vn -0.93057 0.36599 0.00992
vn -0.93057 0.36599 0.00992
vn 0.01582 0.99643 0.08287
vn 0.9313 -0.3642 -0.00534
vn 0.9313 -0.3642 -0.00534
vn 0.9313 -0.3642 -0.00534
vn 0.9313 -0.3642 -0.00534
vn -0.56884 -0.82191 -0.02973
vn -0.56884 -0.82191 -0.02973
vn -0.56884 -0.82191 -0.02973
vn -0.45704 0.18312 0.87039
vn -0.45704 0.18312 0.87039
vn -0.45704 0.18312 0.87039
vn -0.45016 0.1729 -0.87605
vn -0.45016 0.1729 -0.87605
vn -0.45016 0.1729 -0.87605
vn -0.94172 0.33435 -0.03707
vn -0.94172 0.33435 -0.03707
vn 0.03108 0.99911 0.02858
vn 0.03108 0.99911 0.02858
vn 0.03108 0.99911 0.02858
vn 0.03108 0.99911 0.02858
vn 0.93956 -0.34185 0.01941
vn 0.93956 -0.34185 0.01941
vn 0.93956 -0.34185 0.01941
vn 0.93956 -0.34185 0.01941
vn -0.57778 -0.816 -0.01782
vn -0.57778 -0.816 -0.01782
vn -0.4544 0.22908 0.86084
vn -0.4544 0.22908 0.86084
vn -0.4544 0.22908 0.86084
vn -0.43356 0.16869 -0.88519
vn -0.43356 0.16869 -0.88519
vn -0.43356 0.16869 -0.88519
vn -0.93322 0.35932 0
vn -0.93322 0.35932 0
vn 0.04663 0.99891 0
vn 0.04663 0.99891 0
vn 0.04663 0.99891 0
vn 0.04663 0.99891 0
vn 0.9332 -0.35936 0
vn 0.9332 -0.35936 0
vn 0.9332 -0.35936 0
vn -0.60117 -0.79912 0
vn -0.60117 -0.79912 0
vn -0.43881 0.16908 0.88253
vn -0.43881 0.16908 0.88253
vn -0.43881 0.16908 0.88253
vn -0.50124 0.11417 -0.85774
vn -0.50124 0.11417 -0.85774
vn -0.93947 0.3414 -0.02902
vn -0.93947 0.3414 -0.02902
vn -0.93947 0.3414 -0.02902
vn -0.93947 0.3414 -0.02902
vn 0.06644 0.99767 0.01562
vn 0.06644 0.99767 0.01562
vn 0.06644 0.99767 0.01562
vn 0.06644 0.99767 0.01562
vn 0.93811 -0.34599 0.01543
vn 0.93811 -0.34599 0.01543
vn 0.93811 -0.34599 0.01543
vn -0.61824 -0.78353 -0.06219
vn -0.61824 -0.78353 -0.06219
vn -0.61824 -0.78353 -0.06219
vn -0.45349 0.09936 0.88571
vn -0.45349 0.09936 0.88571
vn -0.45349 0.09936 0.88571
vn -0.51177 0.14109 -0.84746
vn -0.51177 0.14109 -0.84746
vn -0.51177 0.14109 -0.84746
vn -0.91255 0.40329 -0.06799
vn -0.91255 0.40329 -0.06799
vn -0.91255 0.40329 -0.06799
vn 0.00238 0.99512 -0.09863
vn 0.00238 0.99512 -0.09863
vn 0.92038 -0.38948 0.03467
vn 0.92038 -0.38948 0.03467
vn 0.92038 -0.38948 0.03467
vn -0.57448 -0.81819 0.0231
vn -0.57448 -0.81819 0.0231
vn -0.57448 -0.81819 0.0231
vn -0.44556 0.1686 0.87923
vn -0.44556 0.1686 0.87923
vn -0.44556 0.1686 0.87923
vn -0.44556 0.1686 0.87923
vn -0.45585 0.28807 -0.84215
vn -0.45585 0.28807 -0.84215
vn -0.45585 0.28807 -0.84215
vn -0.45585 0.28807 -0.84215
vn -0.92614 0.3763 -0.02569
vn -0.92614 0.3763 -0.02569
vn -0.92614 0.3763 -0.02569
vn 0.02446 0.99832 -0.05244
vn 0.02446 0.99832 -0.05244
vn 0.02446 0.99832 -0.05244
vn 0.02446 0.99832 -0.05244
vn 0.92831 -0.37157 0.01363
vn 0.92831 -0.37157 0.01363
vn 0.92831 -0.37157 0.01363
vn -0.58368 -0.81187 0.01394
vn -0.58368 -0.81187 0.01394
vn -0.58368 -0.81187 0.01394
vn -0.44589 0.17046 0.8787
vn -0.44589 0.17046 0.8787
vn -0.44589 0.17046 0.8787
vn -0.44589 0.17046 0.8787
vn -0.45332 0.24005 -0.85842
vn -0.45332 0.24005 -0.85842
vn -0.45332 0.24005 -0.85842
vn -0.91947 0.3903 -0.04736
vn -0.91947 0.3903 -0.04736
vn -0.91947 0.3903 -0.04736
vn 0.00927 0.99548 -0.09452
vn 0.00927 0.99548 -0.09452
vn 0.00927 0.99548 -0.09452
vn 0.92414 -0.38127 0.02456
vn 0.92414 -0.38127 0.02456
vn 0.92414 -0.38127 0.02456
vn 0.92414 -0.38127 0.02456
vn -0.57186 -0.81998 0.02487
vn -0.57186 -0.81998 0.02487
vn -0.57186 -0.81998 0.02487
vn -0.44036 0.16743 0.88207
vn -0.44036 0.16743 0.88207
vn -0.45153 0.29204 -0.84311
vn -0.45153 0.29204 -0.84311
vn -0.45153 0.29204 -0.84311
vn -0.92892 0.36879 -0.03315
vn -0.92892 0.36879 -0.03315
vn -0.92892 0.36879 -0.03315
vn 0.0022 0.99958 0.02891
vn 0.0022 0.99958 0.02891
vn 0.0022 0.99958 0.02891
vn 0.93024 -0.36651 0.01799
vn 0.93024 -0.36651 0.01799
vn 0.93024 -0.36651 0.01799
vn -0.55295 -0.83309 -0.01461
vn -0.55295 -0.83309 -0.01461
vn -0.55295 -0.83309 -0.01461
vn -0.55295 -0.83309 -0.01461
vn -0.45153 0.19553 0.87057
vn -0.45153 0.19553 0.87057
vn -0.45153 0.19553 0.87057
vn -0.45153 0.19553 0.87057
vn -0.44349 0.22766 -0.86688
vn -0.44349 0.22766 -0.86688
vn -0.44349 0.22766 -0.86688
vn -0.44349 0.22766 -0.86688
vn -0.92967 0.368 -0.01688
vn -0.92967 0.368 -0.01688
vn 0.05868 0.99807 -0.02025
vn 0.05868 0.99807 -0.02025
vn 0.05868 0.99807 -0.02025
vn 0.05868 0.99807 -0.02025
vn 0.92927 -0.36926 0.01055
vn 0.92927 -0.36926 0.01055
vn 0.92927 -0.36926 0.01055
vn 0.92927 -0.36926 0.01055
vn -0.60446 -0.79582 0.03592
vn -0.60446 -0.79582 0.03592
vn -0.60446 -0.79582 0.03592
vn -0.60446 -0.79582 0.03592
vn -0.46719 0.1608 0.86941
vn -0.46719 0.1608 0.86941
vn -0.44079 0.17365 -0.88065
vn -0.44079 0.17365 -0.88065
vn -0.44079 0.17365 -0.88065
vn -0.44079 0.17365 -0.88065
vn -0.93061 0.36588 0.00992
vn -0.93061 0.36588 0.00992
vn 0.01582 0.99643 0.08287
vn 0.01582 0.99643 0.08287
vn 0.01582 0.99643 0.08287
vn 0.93132 -0.36416 -0.00532
vn 0.93132 -0.36416 -0.00532
vn 0.93132 -0.36416 -0.00532
vn 0.93132 -0.36416 -0.00532
vn -0.56884 -0.82191 -0.02974
vn -0.45707 0.18309 0.87038
vn -0.45707 0.18309 0.87038
vn -0.45707 0.18309 0.87038
vn -0.45017 0.17287 -0.87605
vn -0.45017 0.17287 -0.87605
vn -0.94172 0.33434 -0.03704
vn -0.94172 0.33434 -0.03704
vn -0.94172 0.33434 -0.03704
vn 0.03107 0.99911 0.02857
vn 0.03107 0.99911 0.02857
vn 0.03107 0.99911 0.02857
vn 0.03107 0.99911 0.02857
vn 0.93956 -0.34183 0.01941
vn 0.93956 -0.34183 0.01941
vn 0.93956 -0.34183 0.01941
vn -0.57778 -0.81599 -0.01782
vn -0.57778 -0.81599 -0.01782
vn -0.45443 0.2291 0.86082
vn -0.45443 0.2291 0.86082
vn -0.45443 0.2291 0.86082
vn -0.43353 0.16871 -0.8852
vn -0.43353 0.16871 -0.8852
vn -0.93319 0.35938 0
vn -0.93319 0.35938 0
vn -0.93319 0.35938 0
vn 0.04662 0.99891 0
vn 0.9332 -0.35937 0
vn 0.9332 -0.35937 0
vn -0.60115 -0.79913 0
vn -0.43887 0.16908 0.8825
vn -0.43887 0.16908 0.8825
vn -0.43887 0.16908 0.8825
vn -0.50122 0.11421 -0.85775
vn -0.50122 0.11421 -0.85775
vn -0.50122 0.11421 -0.85775
vn -0.93947 0.34141 -0.02902
vn -0.93947 0.34141 -0.02902
vn -0.93947 0.34141 -0.02902
vn -0.93947 0.34141 -0.02902
vn 0.06645 0.99767 0.01562
vn 0.06645 0.99767 0.01562
vn 0.06645 0.99767 0.01562
vn 0.93812 -0.34597 0.01545
vn 0.93812 -0.34597 0.01545
vn 0.93812 -0.34597 0.01545
vn -0.61822 -0.78354 -0.06221
vn -0.61822 -0.78354 -0.06221
vn -0.61822 -0.78354 -0.06221
vn -0.45346 0.09931 0.88573
vn -0.45346 0.09931 0.88573
vn -0.45346 0.09931 0.88573
vn -0.51181 0.14105 -0.84744
vn -0.51181 0.14105 -0.84744
vn -0.91254 0.40329 -0.06799
vn -0.91254 0.40329 -0.06799
vn -0.91254 0.40329 -0.06799
vn -0.91254 0.40329 -0.06799
vn 0.00238 0.99512 -0.09863
vn 0.00238 0.99512 -0.09863
vn 0.00238 0.99512 -0.09863
vn 0.00238 0.99512 -0.09863
vn 0.92037 -0.3895 0.03467
vn 0.92037 -0.3895 0.03467
vn -0.57453 -0.81816 0.02312
vn -0.57453 -0.81816 0.02312
vn -0.57453 -0.81816 0.02312
vn -0.44561 0.16858 0.87921
vn -0.44561 0.16858 0.87921
vn -0.44561 0.16858 0.87921
vn -0.45586 0.28807 -0.84214
vn -0.45586 0.28807 -0.84214
vn -0.45586 0.28807 -0.84214
vn -0.45586 0.28807 -0.84214
vn -0.92616 0.37626 -0.02571
vn -0.92616 0.37626 -0.02571
vn -0.92616 0.37626 -0.02571
vn 0.02445 0.99832 -0.05244
vn 0.02445 0.99832 -0.05244
vn 0.02445 0.99832 -0.05244
vn 0.92832 -0.37154 0.0136
vn 0.92832 -0.37154 0.0136
vn 0.92832 -0.37155 0.0136
vn -0.58367 -0.81187 0.01395
vn -0.58367 -0.81187 0.01395
vn -0.58367 -0.81187 0.01395
vn -0.44586 0.17043 0.87873
vn -0.44586 0.17043 0.87873
vn -0.44586 0.17043 0.87873
vn -0.45334 0.24004 -0.85841
vn -0.45334 0.24004 -0.85841
vn -0.45334 0.24004 -0.85841
vn -0.45334 0.24004 -0.85841
vn -0.91947 0.3903 -0.04736
vn -0.91947 0.3903 -0.04736
vn -0.91947 0.3903 -0.04736
vn -0.91947 0.3903 -0.04736
vn 0.00928 0.99548 -0.09452
vn 0.00928 0.99548 -0.09452
vn 0.92413 -0.38129 0.02456
vn 0.92413 -0.38129 0.02456
vn -0.57187 -0.81997 0.02486
vn -0.57187 -0.81997 0.02486
vn -0.57187 -0.81997 0.02486
vn -0.57187 -0.81997 0.02486
vn -0.44031 0.16744 0.88209
vn -0.44031 0.16744 0.88209
vn -0.44031 0.16744 0.88209
vn -0.45152 0.292 -0.84312
vn -0.45152 0.292 -0.84312
vn -0.45152 0.292 -0.84312
vn -0.92894 0.36874 -0.03318
vn -0.92894 0.36874 -0.03318
vn -0.92894 0.36874 -0.03318
vn 0.0022 0.99958 0.02891
vn 0.0022 0.99958 0.02891
vn 0.0022 0.99958 0.02891
vn 0.93024 -0.36652 0.01801
vn 0.93024 -0.36652 0.01801
vn 0.93024 -0.36652 0.01801
vn 0.93024 -0.36652 0.01801
vn -0.55297 -0.83307 -0.01461
vn -0.55297 -0.83307 -0.01461
vn -0.55297 -0.83307 -0.01461
vn -0.45158 0.19554 0.87054
vn -0.45158 0.19554 0.87054
vn -0.45158 0.19554 0.87054
vn -0.44349 0.22766 -0.86689
vn -0.44349 0.22766 -0.86689
vn -0.44349 0.22766 -0.86689
vn -0.44349 0.22766 -0.86689
vn -0.9297 0.36793 -0.01688
vn -0.9297 0.36793 -0.01688
vn -0.9297 0.36793 -0.01688
vn 0.05867 0.99807 -0.02025
vn 0.05867 0.99807 -0.02025
vn 0.05867 0.99807 -0.02025
vn 0.05867 0.99807 -0.02025
vn 0.92926 -0.36928 0.01057
vn 0.92926 -0.36928 0.01057
vn 0.92926 -0.36928 0.01057
vn -0.60449 -0.7958 0.03591
vn -0.60449 -0.7958 0.03591
vn -0.4672 0.1608 0.86941
vn -0.4672 0.1608 0.86941
vn -0.4672 0.1608 0.86941
vn -0.44076 0.17362 -0.88067
vn -0.44076 0.17362 -0.88067
vn -0.44076 0.17362 -0.88067
vn -0.44076 0.17362 -0.88067
vn -0.93057 0.36597 0.00992
vn -0.93057 0.36597 0.00992
vn -0.93057 0.36597 0.00992
vn 0.01582 0.99643 0.08287
vn 0.01582 0.99643 0.08287
vn 0.93132 -0.36417 -0.00532
vn 0.93132 -0.36417 -0.00532
vn 0.93132 -0.36417 -0.00532
vn 0.93132 -0.36417 -0.00532
vn -0.56883 -0.82192 -0.02973
vn -0.56883 -0.82192 -0.02973
vn -0.56883 -0.82192 -0.02973
vn -0.45709 0.18308 0.87037
vn -0.45709 0.18308 0.87037
vn -0.45709 0.18308 0.87037
vn -0.45018 0.17291 -0.87604
vn -0.45018 0.17291 -0.87604
vn -0.45018 0.17291 -0.87604
vn -0.94174 0.33429 -0.03707
vn -0.94174 0.33429 -0.03707
vn -0.94174 0.33429 -0.03707
vn 0.03107 0.99911 0.02857
vn 0.03107 0.99911 0.02857
vn 0.03107 0.99911 0.02857
vn 0.93958 -0.34179 0.01941
vn 0.93958 -0.34179 0.01941
vn -0.57781 -0.81597 -0.01784
vn -0.57781 -0.81597 -0.01784
vn -0.57781 -0.81597 -0.01784
vn -0.45443 0.22907 0.86082
vn -0.45443 0.22907 0.86082
vn -0.45443 0.22907 0.86082
vn -0.43358 0.16872 -0.88518
vn -0.43358 0.16872 -0.88518
vn -0.43358 0.16872 -0.88518
vn -0.43358 0.16872 -0.88518
vn -0.93319 0.35938 0
vn -0.93319 0.35938 0
vn 0.04663 0.99891 0
vn 0.04663 0.99891 0
vn 0.93318 -0.3594 0
vn -0.60119 -0.79911 0
vn -0.60119 -0.79911 0
vn -0.43888 0.16908 0.8825
vn -0.43888 0.16908 0.8825
vn -0.43888 0.16908 0.8825
vn -0.43888 0.16908 0.8825
vn -0.50124 0.11418 -0.85774
vn -0.50124 0.11418 -0.85774
vn -0.93947 0.3414 -0.02902
vn -0.93947 0.3414 -0.02902
vn 0.06645 0.99767 0.01561
vn 0.06645 0.99767 0.01561
vn 0.06645 0.99767 0.01561
vn 0.9381 -0.34601 0.01543
vn 0.9381 -0.34601 0.01543
vn 0.9381 -0.34601 0.01543
vn -0.61825 -0.78352 -0.0622
vn -0.61825 -0.78352 -0.0622
vn -0.61825 -0.78352 -0.0622
vn -0.61825 -0.78352 -0.0622
vn -0.45348 0.09935 0.88571
vn -0.45348 0.09935 0.88571
vn -0.45348 0.09935 0.88571
vn -0.45348 0.09935 0.88571
vn -0.51182 0.14109 -0.84743
vn -0.51182 0.14109 -0.84743
vn -0.51182 0.14109 -0.84743
vn -0.51182 0.14109 -0.84743
vn -0.91254 0.4033 -0.06799
vn -0.91254 0.4033 -0.06799
vn -0.91254 0.4033 -0.06799
vn -0.91254 0.4033 -0.06799
vn 0.00238 0.99512 -0.09862
vn 0.00238 0.99512 -0.09862
vn 0.92038 -0.38949 0.03465
vn 0.92038 -0.38949 0.03465
vn 0.92038 -0.38949 0.03465
vn -0.57449 -0.81818 0.02312
vn -0.57449 -0.81818 0.02312
vn -0.57449 -0.81818 0.02312
vn -0.4456 0.16862 0.87921
vn -0.4456 0.16862 0.87921
vn -0.4456 0.16862 0.87921
vn -0.45591 0.28805 -0.84212
vn -0.45591 0.28805 -0.84212
vn -0.45591 0.28805 -0.84212
vn -0.92615 0.37628 -0.02571
vn -0.92615 0.37628 -0.02571
vn -0.92615 0.37628 -0.02571
vn 0.02446 0.99832 -0.05244
vn 0.02446 0.99832 -0.05244
vn 0.02446 0.99832 -0.05244
vn 0.92831 -0.37156 0.0136
vn 0.92831 -0.37156 0.0136
vn 0.92831 -0.37156 0.0136
vn -0.58369 -0.81185 0.01394
vn -0.58369 -0.81185 0.01394
vn -0.58369 -0.81185 0.01394
vn -0.58369 -0.81185 0.01394
vn -0.44585 0.17045 0.87873
vn -0.44585 0.17045 0.87873
vn -0.44585 0.17045 0.87873
vn -0.45334 0.24003 -0.85841
vn -0.45334 0.24003 -0.85841
vn -0.45334 0.24003 -0.85841
vn -0.91949 0.39026 -0.04736
vn -0.91949 0.39026 -0.04736
vn -0.91949 0.39026 -0.04736
vn 0.00928 0.99548 -0.09452
vn 0.00928 0.99548 -0.09452
vn 0.00928 0.99548 -0.09452
vn 0.92415 -0.38125 0.02456
vn 0.92415 -0.38125 0.02456
vn 0.92415 -0.38125 0.02456
vn -0.57183 -0.82 0.02485
vn -0.57183 -0.82 0.02485
vn -0.57183 -0.82 0.02485
vn -0.57183 -0.82 0.02485
vn -0.44034 0.16744 0.88208
vn -0.44034 0.16744 0.88208
vn -0.44034 0.16744 0.88208
vn -0.44034 0.16744 0.88208
vn -0.45152 0.29202 -0.84312
vn -0.45152 0.29202 -0.84312
vn -0.45152 0.29202 -0.84312
vn -0.45152 0.29202 -0.84312
vn 0.03317 0.36879 -0.92892
vn 0.03317 0.36879 -0.92892
vn 0.03317 0.36879 -0.92892
vn -0.02891 0.99958 0.0022
vn -0.02891 0.99958 0.0022
vn -0.02891 0.99958 0.0022
vn -0.02891 0.99958 0.0022
vn -0.01801 -0.36655 0.93023
vn -0.01801 -0.36655 0.93023
vn -0.01801 -0.36655 0.93023
vn -0.01801 -0.36655 0.93023
vn 0.0146 -0.8331 -0.55293
vn 0.0146 -0.8331 -0.55293
vn 0.0146 -0.8331 -0.55293
vn -0.87055 0.19555 -0.45156
vn -0.87055 0.19555 -0.45156
vn 0.86689 0.2277 -0.44346
vn 0.86689 0.2277 -0.44346
vn 0.01688 0.36798 -0.92968
vn 0.01688 0.36798 -0.92968
vn 0.01688 0.36798 -0.92968
vn 0.02025 0.99807 0.05868
vn 0.02025 0.99807 0.05868
vn 0.02025 0.99807 0.05868
vn 0.02025 0.99807 0.05868
vn -0.01057 -0.36929 0.92926
vn -0.01057 -0.36929 0.92926
vn -0.01057 -0.36929 0.92926
vn -0.01057 -0.36929 0.92926
vn -0.03589 -0.79581 -0.60449
vn -0.03589 -0.79581 -0.60449
vn -0.03589 -0.79581 -0.60449
vn -0.86941 0.16079 -0.4672
vn -0.86941 0.16079 -0.4672
vn -0.86941 0.16079 -0.4672
vn 0.88067 0.17359 -0.44078
vn 0.88067 0.17359 -0.44078
vn 0.88067 0.17359 -0.44078
vn 0.88067 0.17359 -0.44078
vn -0.00993 0.36595 -0.93058
vn -0.00993 0.36595 -0.93058
vn -0.00993 0.36595 -0.93058
vn -0.00993 0.36595 -0.93058
vn -0.08287 0.99643 0.01582
vn -0.08287 0.99643 0.01582
vn 0.00532 -0.3642 0.93131
vn 0.00532 -0.3642 0.93131
vn 0.00532 -0.3642 0.93131
vn 0.02973 -0.82191 -0.56884
vn 0.02973 -0.82191 -0.56884
vn 0.02973 -0.82191 -0.56884
vn -0.87037 0.18309 -0.45709
vn -0.87037 0.18309 -0.45709
vn -0.87037 0.18309 -0.45709
vn 0.87604 0.17292 -0.45018
vn 0.87604 0.17292 -0.45018
vn 0.87604 0.17292 -0.45018
vn 0.03706 0.33434 -0.94172
vn 0.03706 0.33434 -0.94172
vn 0.03706 0.33434 -0.94172
vn -0.02857 0.99911 0.03108
vn -0.02857 0.99911 0.03108
vn -0.02857 0.99911 0.03108
vn -0.01941 -0.34182 0.93956
vn -0.01941 -0.34182 0.93956
vn 0.01782 -0.81598 -0.57781
vn 0.01782 -0.81598 -0.57781
vn 0.01782 -0.81598 -0.57781
vn 0.01782 -0.81598 -0.57781
vn -0.86081 0.22908 -0.45444
vn -0.86081 0.22908 -0.45444
vn -0.86081 0.22908 -0.45444
vn -0.86081 0.22908 -0.45444
vn 0.88517 0.16872 -0.43359
vn 0.88517 0.16872 -0.43359
vn 0.88517 0.16872 -0.43359
vn 0.88517 0.16872 -0.43359
vn 0 0.35937 -0.93319
vn 0 0.35937 -0.93319
vn 0 0.35937 -0.93319
vn 0 0.99891 0.04663
vn 0 0.99891 0.04663
vn 0 -0.35937 0.93319
vn 0 -0.35937 0.93319
vn 0 -0.7991 -0.6012
vn 0 -0.7991 -0.6012
vn -0.88249 0.16909 -0.43889
vn -0.88249 0.16909 -0.43889
vn -0.88249 0.16909 -0.43889
vn -0.88249 0.16909 -0.43889
vn 0.85774 0.11418 -0.50125
vn 0.85774 0.11418 -0.50125
vn 0.85774 0.11418 -0.50125
vn 0.029 0.34141 -0.93947
vn 0.029 0.34141 -0.93947
vn 0.029 0.34141 -0.93947
vn 0.029 0.34141 -0.93947
vn -0.01561 0.99767 0.06644
vn -0.01561 0.99767 0.06644
vn -0.01561 0.99767 0.06644
vn -0.01545 -0.34603 0.93809
vn -0.01545 -0.34603 0.93809
vn -0.01545 -0.34603 0.93809
vn 0.06221 -0.78351 -0.61825
vn 0.06221 -0.78351 -0.61825
vn 0.06221 -0.78351 -0.61825
vn -0.88571 0.0994 -0.45347
vn -0.88571 0.0994 -0.45347
vn -0.88571 0.0994 -0.45347
vn -0.88571 0.0994 -0.45347
vn 0.84744 0.14107 -0.51181
vn 0.84744 0.14107 -0.51181
vn 0.06799 0.40329 -0.91254
vn 0.06799 0.40329 -0.91254
vn 0.06799 0.40329 -0.91254
vn 0.06799 0.40329 -0.91254
vn 0.09863 0.99512 0.00238
vn 0.09863 0.99512 0.00238
vn 0.09863 0.99512 0.00238
vn -0.03466 -0.38949 0.92038
vn -0.03466 -0.38949 0.92038
vn -0.02312 -0.81818 -0.57449
vn -0.02312 -0.81818 -0.57449
vn -0.02312 -0.81818 -0.57449
vn -0.87923 0.16858 -0.44558
vn -0.87923 0.16858 -0.44558
vn -0.87923 0.16858 -0.44558
vn 0.84215 0.28804 -0.45588
vn 0.84215 0.28804 -0.45588
vn 0.84215 0.28804 -0.45588
vn 0.02568 0.37631 -0.92614
vn 0.02568 0.37631 -0.92614
vn 0.02568 0.37631 -0.92614
vn 0.02568 0.37631 -0.92614
vn 0.05244 0.99832 0.02445
vn 0.05244 0.99832 0.02445
vn 0.05244 0.99832 0.02445
vn 0.05244 0.99832 0.02445
vn -0.01362 -0.37154 0.92832
vn -0.01362 -0.37154 0.92832
vn -0.01362 -0.37154 0.92832
vn -0.01362 -0.37154 0.92832
vn -0.01393 -0.81188 -0.58365
vn -0.01393 -0.81188 -0.58365
vn -0.01393 -0.81188 -0.58365
vn -0.87874 0.17042 -0.44585
vn -0.87874 0.17042 -0.44585
vn -0.87874 0.17042 -0.44585
vn 0.85844 0.23998 -0.4533
vn 0.85844 0.23998 -0.4533
vn 0.85844 0.23998 -0.4533
vn 0.04735 0.39029 -0.91947
vn 0.04735 0.39029 -0.91947
vn 0.04735 0.39029 -0.91947
vn 0.09452 0.99548 0.00927
vn 0.09452 0.99548 0.00927
vn 0.09452 0.99548 0.00927
vn -0.02457 -0.38128 0.92413
vn -0.02457 -0.38128 0.92413
vn -0.02457 -0.38128 0.92413
vn -0.02487 -0.81997 -0.57187
vn -0.02487 -0.81997 -0.57187
vn -0.02487 -0.81997 -0.57187
vn -0.88208 0.16744 -0.44033
vn -0.88208 0.16744 -0.44033
vn -0.88208 0.16744 -0.44033
vn -0.88208 0.16744 -0.44033
vn 0.84311 0.29202 -0.45154
vn 0.84311 0.29202 -0.45154
vn 0.84311 0.29202 -0.45154
vn 0.84311 0.29202 -0.45154
vn 0.03315 0.36879 -0.92892
vn 0.03315 0.36879 -0.92892
vn 0.03315 0.36879 -0.92892
vn -0.02891 0.99958 0.0022
vn -0.02891 0.99958 0.0022
vn -0.02891 0.99958 0.0022
vn -0.02891 0.99958 0.0022
vn -0.018 -0.36653 0.93023
vn -0.018 -0.36653 0.93023
vn -0.018 -0.36653 0.93023
vn 0.01461 -0.8331 -0.55293
vn 0.01461 -0.8331 -0.55293
vn 0.01461 -0.8331 -0.55293
vn -0.87055 0.19555 -0.45156
vn -0.87055 0.19555 -0.45156
vn -0.87055 0.19555 -0.45156
vn 0.86689 0.22766 -0.44348
vn 0.86689 0.22766 -0.44348
vn 0.86689 0.22766 -0.44348
vn 0.01686 0.36798 -0.92968
vn 0.01686 0.36798 -0.92968
vn 0.01686 0.36798 -0.92968
vn 0.01686 0.36798 -0.92968
vn 0.02025 0.99807 0.05868
vn 0.02025 0.99807 0.05868
vn 0.02025 0.99807 0.05868
vn -0.01057 -0.36928 0.92926
vn -0.01057 -0.36929 0.92926
vn -0.01057 -0.36928 0.92926
vn -0.03592 -0.79582 -0.60446
vn -0.03592 -0.79582 -0.60446
vn -0.03592 -0.79582 -0.60446
vn -0.03592 -0.79582 -0.60446
vn -0.8694 0.1608 -0.46721
vn -0.8694 0.1608 -0.46721
vn -0.8694 0.1608 -0.46721
vn 0.88067 0.17362 -0.44077
vn 0.88067 0.17362 -0.44077
vn 0.88067 0.17362 -0.44077
vn -0.00993 0.36595 -0.93058
vn -0.00993 0.36595 -0.93058
vn -0.00993 0.36595 -0.93058
vn -0.00993 0.36595 -0.93058
vn -0.08287 0.99643 0.01582
vn -0.08287 0.99643 0.01582
vn 0.00533 -0.36421 0.9313
vn 0.00533 -0.36421 0.9313
vn 0.00533 -0.36421 0.9313
vn 0.00533 -0.36421 0.9313
vn 0.02973 -0.8219 -0.56885
vn 0.02973 -0.8219 -0.56885
vn 0.02973 -0.8219 -0.56885
vn 0.02973 -0.8219 -0.56885
vn -0.87037 0.18315 -0.45706
vn -0.87037 0.18315 -0.45706
vn -0.87037 0.18315 -0.45706
vn 0.87603 0.17288 -0.4502
vn 0.87603 0.17288 -0.4502
vn 0.03708 0.33431 -0.94173
vn 0.03708 0.33431 -0.94173
vn -0.02857 0.99911 0.03107
vn -0.02857 0.99911 0.03107
vn -0.02857 0.99911 0.03107
vn -0.02857 0.99911 0.03107
vn -0.01941 -0.34182 0.93956
vn -0.01941 -0.34182 0.93956
vn -0.01941 -0.34182 0.93956
vn -0.01941 -0.34182 0.93956
vn 0.01784 -0.81598 -0.57781
vn 0.01784 -0.81598 -0.57781
vn 0.01784 -0.81598 -0.57781
vn -0.86083 0.22907 -0.45443
vn -0.86083 0.22907 -0.45443
vn -0.86083 0.22907 -0.45443
vn 0.88517 0.1687 -0.4336
vn 0.88517 0.1687 -0.4336
vn 0.88517 0.1687 -0.4336
vn 0.88517 0.1687 -0.4336
vn 0 0.35937 -0.9332
vn 0 0.35937 -0.9332
vn 0 0.99891 0.04663
vn 0 0.99891 0.04663
vn 0 0.99891 0.04663
vn 0 -0.3594 0.93318
vn 0 -0.3594 0.93318
vn 0 -0.7991 -0.60119
vn -0.8825 0.16911 -0.43885
vn -0.8825 0.16911 -0.43885
vn -0.8825 0.16911 -0.43885
vn 0.85774 0.11416 -0.50124
vn 0.85774 0.11416 -0.50124
vn 0.85774 0.11416 -0.50124
vn 0.02902 0.34142 -0.93946
vn 0.02902 0.34142 -0.93946
vn -0.01561 0.99767 0.06644
vn -0.01561 0.99767 0.06644
vn -0.01561 0.99767 0.06644
vn -0.01544 -0.346 0.93811
vn -0.01544 -0.346 0.93811
vn -0.01544 -0.346 0.93811
vn 0.06221 -0.78353 -0.61823
vn 0.06221 -0.78353 -0.61823
vn 0.06221 -0.78353 -0.61823
vn 0.06221 -0.78353 -0.61823
vn -0.88572 0.09941 -0.45345
vn -0.88572 0.09941 -0.45345
vn -0.88572 0.09941 -0.45345
vn 0.84743 0.14104 -0.51182
vn 0.84743 0.14104 -0.51182
vn 0.84743 0.14104 -0.51182
vn 0.06798 0.4033 -0.91254
vn 0.06798 0.4033 -0.91254
vn 0.06798 0.4033 -0.91254
vn 0.09863 0.99512 0.00238
vn 0.09863 0.99512 0.00238
vn 0.09863 0.99512 0.00238
vn -0.03467 -0.38949 0.92038
vn -0.03467 -0.38949 0.92038
vn -0.03467 -0.38949 0.92038
vn -0.02312 -0.81819 -0.57448
vn -0.02312 -0.81819 -0.57448
vn -0.87923 0.16859 -0.44557
vn -0.87923 0.16859 -0.44557
vn -0.87923 0.16859 -0.44557
vn -0.87923 0.16859 -0.44557
vn 0.84214 0.28808 -0.45586
vn 0.84214 0.28808 -0.45586
vn 0.84214 0.28808 -0.45586
vn 0.84214 0.28808 -0.45586
vn 0.02568 0.37632 -0.92613
vn 0.02568 0.37632 -0.92613
vn 0.02568 0.37632 -0.92613
vn 0.05244 0.99832 0.02446
vn 0.05244 0.99832 0.02446
vn 0.05244 0.99832 0.02446
vn -0.01365 -0.37154 0.92832
vn -0.01365 -0.37154 0.92832
vn -0.01365 -0.37154 0.92832
vn -0.01365 -0.37154 0.92832
vn -0.01392 -0.81189 -0.58365
vn -0.01392 -0.81189 -0.58365
vn -0.01392 -0.81189 -0.58365
vn -0.01392 -0.81189 -0.58365
vn -0.87871 0.17049 -0.44588
vn -0.87871 0.17049 -0.44588
vn -0.87871 0.17049 -0.44588
vn -0.87871 0.17049 -0.44588
vn 0.85843 0.24003 -0.4533
vn 0.85843 0.24003 -0.4533
vn 0.85843 0.24003 -0.4533
vn 0.85843 0.24003 -0.4533
vn 0.04738 0.3903 -0.91947
vn 0.04738 0.3903 -0.91947
vn 0.04738 0.3903 -0.91947
vn 0.04738 0.3903 -0.91947
vn 0.09452 0.99548 0.00927
vn 0.09452 0.99548 0.00927
vn 0.09452 0.99548 0.00927
vn -0.02457 -0.38126 0.92414
vn -0.02457 -0.38126 0.92414
vn -0.02457 -0.38126 0.92414
vn -0.02457 -0.38126 0.92414
vn -0.02486 -0.81998 -0.57185
vn -0.02486 -0.81998 -0.57185
vn -0.88209 0.16743 -0.44033
vn -0.88209 0.16743 -0.44033
vn -0.88209 0.16743 -0.44033
vn 0.84312 0.292 -0.45154
vn 0.84312 0.292 -0.45154
vn 0.84312 0.292 -0.45154
vn 0.84312 0.292 -0.45154
vn 0.03318 0.36879 -0.92892
vn 0.03318 0.36879 -0.92892
vn -0.0289 0.99958 0.00219
vn -0.0289 0.99958 0.00219
vn -0.0289 0.99958 0.00219
vn -0.0289 0.99958 0.00219
vn -0.01801 -0.36651 0.93024
vn -0.01801 -0.36651 0.93024
vn -0.01801 -0.36651 0.93024
vn -0.01801 -0.36651 0.93024
vn 0.01461 -0.83311 -0.55292
vn 0.01461 -0.83311 -0.55292
vn -0.87053 0.19555 -0.45159
vn -0.87053 0.19555 -0.45159
vn -0.87053 0.19555 -0.45159
vn -0.87053 0.19555 -0.45159
vn 0.86688 0.22764 -0.44351
vn 0.86688 0.22764 -0.44351
vn 0.86688 0.22764 -0.44351
vn 0.86688 0.22764 -0.44351
vn 0.01688 0.36798 -0.92968
vn 0.01688 0.36798 -0.92968
vn 0.01688 0.36798 -0.92968
vn 0.01688 0.36798 -0.92968
vn 0.02024 0.99807 0.05867
vn 0.02024 0.99807 0.05867
vn 0.02024 0.99807 0.05867
vn 0.02024 0.99807 0.05867
vn -0.01056 -0.36926 0.92927
vn -0.01056 -0.36926 0.92927
vn -0.03591 -0.79582 -0.60447
vn -0.03591 -0.79582 -0.60447
vn -0.8694 0.1607 -0.46724
vn -0.8694 0.1607 -0.46724
vn -0.8694 0.1607 -0.46724
vn -0.8694 0.1607 -0.46724
vn 0.88065 0.17361 -0.44081
vn 0.88065 0.17361 -0.44081
vn 0.88065 0.17361 -0.44081
vn 0.88065 0.17361 -0.44081
vn -0.00996 0.36598 -0.93057
vn -0.00996 0.36598 -0.93057
vn -0.00996 0.36598 -0.93057
vn -0.00996 0.36598 -0.93057
vn -0.08287 0.99643 0.01582
vn -0.08287 0.99643 0.01582
vn -0.08287 0.99643 0.01582
vn 0.00535 -0.36421 0.9313
vn 0.00535 -0.36421 0.9313
vn 0.00535 -0.36421 0.9313
vn 0.00535 -0.36421 0.9313
vn 0.02973 -0.82191 -0.56884
vn 0.02973 -0.82191 -0.56884
vn 0.02973 -0.82191 -0.56884
vn -0.87037 0.18312 -0.45708
vn -0.87037 0.18312 -0.45708
vn -0.87037 0.18312 -0.45708
vn 0.87605 0.1729 -0.45016
vn 0.87605 0.1729 -0.45016
vn 0.87605 0.1729 -0.45016
vn 0.03708 0.3343 -0.94174
vn 0.03708 0.3343 -0.94174
vn 0.03708 0.3343 -0.94174
vn -0.02858 0.99911 0.03108
vn -0.02858 0.99911 0.03108
vn -0.02858 0.99911 0.03108
vn -0.01941 -0.34182 0.93957
vn -0.01941 -0.34182 0.93957
vn -0.01941 -0.34182 0.93957
vn -0.01941 -0.34182 0.93957
vn 0.01782 -0.81598 -0.5778
vn 0.01782 -0.81598 -0.5778
vn -0.86083 0.2291 -0.45441
vn -0.86083 0.2291 -0.45441
vn -0.86083 0.2291 -0.45441
vn 0.88518 0.16871 -0.43358
vn 0.88518 0.16871 -0.43358
vn 0.88518 0.16871 -0.43358
vn 0.88518 0.16871 -0.43358
vn 0 0.35941 -0.93318
vn 0 0.35941 -0.93318
vn 0 0.99891 0.04663
vn 0 0.99891 0.04663
vn 0 0.99891 0.04663
vn 0 -0.35937 0.9332
vn 0 -0.79913 -0.60116
vn 0 -0.79913 -0.60116
vn 0 -0.79913 -0.60116
vn -0.88251 0.16906 -0.43885
vn -0.88251 0.16906 -0.43885
vn -0.88251 0.16906 -0.43885
vn -0.88251 0.16906 -0.43885
vn 0.85773 0.11415 -0.50126
vn 0.85773 0.11415 -0.50126
vn 0.85773 0.11415 -0.50126
vn 0.02902 0.34139 -0.93947
vn 0.02902 0.34139 -0.93947
vn 0.02902 0.34139 -0.93947
vn 0.02902 0.34139 -0.93947
vn -0.01562 0.99767 0.06644
vn -0.01562 0.99767 0.06644
vn -0.01562 0.99767 0.06644
vn -0.01544 -0.34601 0.9381
vn -0.01544 -0.34601 0.9381
vn -0.01544 -0.34601 0.9381
vn -0.01544 -0.34601 0.9381
vn 0.06221 -0.78353 -0.61823
vn 0.06221 -0.78353 -0.61823
vn 0.06221 -0.78353 -0.61823
vn -0.88573 0.09939 -0.45343
vn -0.88573 0.09939 -0.45343
vn -0.88573 0.09939 -0.45343
vn 0.84745 0.14107 -0.51179
vn 0.84745 0.14107 -0.51179
vn 0.84745 0.14107 -0.51179
vn 0.84745 0.14107 -0.51179
vn 0.06801 0.4033 -0.91254
vn 0.06801 0.40331 -0.91254
vn 0.06801 0.40331 -0.91254
vn 0.06801 0.4033 -0.91254
vn 0.09863 0.99512 0.00238
vn 0.09863 0.99512 0.00238
vn 0.09863 0.99512 0.00238
vn 0.09863 0.99512 0.00238
vn -0.03466 -0.38949 0.92038
vn -0.03466 -0.38949 0.92038
vn -0.02311 -0.81819 -0.57448
vn -0.02311 -0.81819 -0.57448
vn -0.87922 0.16861 -0.44558
vn -0.87922 0.16861 -0.44558
vn -0.87922 0.16861 -0.44558
vn -0.87922 0.16861 -0.44558
vn 0.84214 0.28807 -0.45587
vn 0.84214 0.28807 -0.45587
vn 0.84214 0.28807 -0.45587
vn 0.02569 0.37632 -0.92613
vn 0.02569 0.37632 -0.92613
vn 0.02569 0.37632 -0.92613
vn 0.05245 0.99832 0.02446
vn 0.05245 0.99832 0.02446
vn -0.01364 -0.37152 0.92832
vn -0.01364 -0.37152 0.92832
vn -0.01364 -0.37152 0.92832
vn -0.01394 -0.81188 -0.58366
vn -0.01394 -0.81188 -0.58366
vn -0.01394 -0.81188 -0.58366
vn -0.01394 -0.81188 -0.58366
vn -0.87871 0.17045 -0.44588
vn -0.87871 0.17045 -0.44588
vn -0.87871 0.17045 -0.44588
vn 0.85841 0.24006 -0.45332
vn 0.85841 0.24006 -0.45332
vn 0.85841 0.24006 -0.45332
vn 0.85841 0.24006 -0.45332
vn 0.04735 0.39029 -0.91947
vn 0.04735 0.39029 -0.91947
vn 0.04735 0.39029 -0.91947
vn 0.09452 0.99548 0.00928
vn 0.09452 0.99548 0.00928
vn 0.09452 0.99548 0.00928
vn -0.02456 -0.38125 0.92414
vn -0.02456 -0.38125 0.92414
vn -0.02456 -0.38125 0.92414
vn -0.02456 -0.38125 0.92414
vn -0.02488 -0.81998 -0.57186
vn -0.02488 -0.81998 -0.57186
vn -0.02488 -0.81998 -0.57186
vn -0.88209 0.16739 -0.44035
vn -0.88209 0.16739 -0.44035
vn -0.88209 0.16739 -0.44035
vn -0.88209 0.16739 -0.44035
vn 0.84311 0.29202 -0.45154
vn 0.84311 0.29202 -0.45154
vn 0.84311 0.29202 -0.45154
vn 0.03315 0.36878 -0.92892
vn 0.03315 0.36878 -0.92892
vn 0.03315 0.36878 -0.92892
vn -0.02891 0.99958 0.0022
vn -0.02891 0.99958 0.0022
vn -0.02891 0.99958 0.0022
vn -0.02891 0.99958 0.0022
vn -0.01801 -0.36653 0.93023
vn -0.01801 -0.36653 0.93023
vn -0.01801 -0.36653 0.93023
vn 0.01461 -0.83309 -0.55295
vn 0.01461 -0.83309 -0.55295
vn 0.01461 -0.83309 -0.55295
vn -0.87054 0.19555 -0.45158
vn -0.87054 0.19555 -0.45158
vn -0.87054 0.19555 -0.45158
vn 0.86688 0.22767 -0.44349
vn 0.86688 0.22767 -0.44349
vn 0.86688 0.22767 -0.44349
vn 0.01687 0.368 -0.92967
vn 0.01687 0.368 -0.92967
vn 0.01687 0.368 -0.92967
vn 0.02025 0.99807 0.05868
vn 0.02025 0.99807 0.05868
vn -0.01057 -0.36927 0.92926
vn -0.01057 -0.36927 0.92926
vn -0.03594 -0.79582 -0.60446
vn -0.03594 -0.79582 -0.60446
vn -0.8694 0.16081 -0.46721
vn -0.8694 0.16081 -0.46721
vn -0.8694 0.16081 -0.46721
vn 0.88067 0.17365 -0.44076
vn 0.88067 0.17365 -0.44076
vn 0.88067 0.17365 -0.44076
vn 0.88067 0.17365 -0.44076
vn -0.00992 0.36593 -0.93059
vn -0.00992 0.36593 -0.93059
vn -0.08288 0.99643 0.01582
vn -0.08288 0.99643 0.01582
vn 0.00531 -0.36418 0.93131
vn 0.00531 -0.36418 0.93131
vn 0.00531 -0.36418 0.93131
vn 0.00531 -0.36418 0.93131
vn 0.02974 -0.8219 -0.56885
vn 0.02974 -0.8219 -0.56885
vn 0.02974 -0.8219 -0.56885
vn -0.87038 0.18308 -0.45708
vn -0.87038 0.18308 -0.45708
vn -0.87038 0.18308 -0.45708
vn -0.87038 0.18308 -0.45708
vn 0.87605 0.1729 -0.45016
vn 0.87605 0.1729 -0.45016
vn 0.87605 0.1729 -0.45016
vn 0.87605 0.1729 -0.45016
vn 0.03706 0.33436 -0.94172
vn 0.03706 0.33436 -0.94172
vn 0.03706 0.33436 -0.94172
vn 0.03706 0.33436 -0.94172
vn -0.02857 0.99911 0.03107
vn -0.02857 0.99911 0.03107
vn -0.01941 -0.34184 0.93956
vn -0.01941 -0.34184 0.93956
vn -0.01941 -0.34184 0.93956
vn -0.01941 -0.34184 0.93956
vn 0.01782 -0.816 -0.57778
vn 0.01782 -0.816 -0.57778
vn 0.01782 -0.816 -0.57778
vn -0.86082 0.22911 -0.45443
vn -0.86082 0.22911 -0.45443
vn -0.86082 0.22911 -0.45443
vn 0.88519 0.16876 -0.43355
vn 0.88519 0.16876 -0.43355
vn 0 0.35936 -0.9332
vn 0 0.35936 -0.9332
vn 0 0.99891 0.04663
vn 0 0.99891 0.04663
vn 0 -0.3594 0.93318
vn 0 -0.7991 -0.6012
vn 0 -0.7991 -0.6012
vn -0.8825 0.16911 -0.43887
vn -0.8825 0.16911 -0.43887
vn -0.8825 0.16911 -0.43887
vn -0.8825 0.16911 -0.43887
vn 0.85773 0.11424 -0.50125
vn 0.85773 0.11424 -0.50125
vn 0.029 0.34142 -0.93946
vn 0.029 0.34142 -0.93946
vn 0.029 0.34142 -0.93946
vn 0.029 0.34142 -0.93946
vn -0.01561 0.99767 0.06644
vn -0.01561 0.99767 0.06644
vn -0.01561 0.99767 0.06644
vn -0.01544 -0.346 0.93811
vn -0.01544 -0.346 0.93811
vn -0.01544 -0.346 0.93811
vn -0.01544 -0.346 0.93811
vn 0.06221 -0.78354 -0.61822
vn 0.06221 -0.78354 -0.61822
vn 0.06221 -0.78354 -0.61822
vn 0.06221 -0.78354 -0.61822
vn -0.88573 0.09932 -0.45344
vn -0.88573 0.09932 -0.45344
vn 0.84745 0.14107 -0.5118
vn 0.84745 0.14107 -0.5118
vn 0.84745 0.14107 -0.5118
vn 0.06799 0.40329 -0.91254
vn 0.06799 0.40329 -0.91254
vn 0.06799 0.40329 -0.91254
vn 0.09863 0.99512 0.00237
vn 0.09863 0.99512 0.00237
vn 0.09863 0.99512 0.00237
vn -0.03466 -0.38949 0.92038
vn -0.03466 -0.38949 0.92038
vn -0.03466 -0.38949 0.92038
vn -0.02311 -0.8182 -0.57448
vn -0.02311 -0.8182 -0.57448
vn -0.02311 -0.8182 -0.57448
vn -0.87921 0.16861 -0.44559
vn -0.87921 0.16861 -0.44559
vn -0.87921 0.16861 -0.44559
vn -0.87921 0.16861 -0.44559
vn 0.84214 0.28807 -0.45587
vn 0.84214 0.28807 -0.45587
vn 0.84214 0.28807 -0.45587
vn 0.84214 0.28807 -0.45587
vn 0.02569 0.37627 -0.92615
vn 0.02569 0.37627 -0.92615
vn 0.02569 0.37627 -0.92615
vn 0.05244 0.99832 0.02446
vn 0.05244 0.99832 0.02446
vn 0.05244 0.99832 0.02446
vn -0.01361 -0.37155 0.92831
vn -0.01361 -0.37155 0.92831
vn -0.01361 -0.37155 0.92831
vn -0.01361 -0.37155 0.92831
vn -0.01394 -0.81187 -0.58367
vn -0.01394 -0.81187 -0.58367
vn -0.01394 -0.81187 -0.58367
vn -0.87873 0.17046 -0.44585
vn -0.87873 0.17046 -0.44585
vn -0.87873 0.17046 -0.44585
vn -0.87873 0.17046 -0.44585
vn 0.85841 0.24006 -0.45333
vn 0.85841 0.24006 -0.45333
vn 0.85841 0.24006 -0.45333
vn 0.85841 0.24006 -0.45333
vn 0.04739 0.39029 -0.91947
vn 0.04739 0.39029 -0.91947
vn 0.04739 0.39029 -0.91947
vn 0.09452 0.99548 0.00928
vn 0.09452 0.99548 0.00928
vn 0.09452 0.99548 0.00928
vn -0.02457 -0.38126 0.92414
vn -0.02457 -0.38126 0.92414
vn -0.02457 -0.38126 0.92414
vn -0.02486 -0.81997 -0.57186
vn -0.02486 -0.81997 -0.57186
vn -0.02486 -0.81997 -0.57186
vn -0.02486 -0.81997 -0.57186
vn -0.8821 0.16743 -0.44031
vn -0.8821 0.16743 -0.44031
vn -0.8821 0.16743 -0.44031
vn 0.84313 0.29201 -0.45152
vn 0.84313 0.29201 -0.45152
vn 0.03315 0.36879 -0.92892
vn 0.03315 0.36879 -0.92892
vn 0.03315 0.36879 -0.92892
vn 0.03315 0.36879 -0.92892
vn -0.02891 0.99958 0.00221
vn -0.02891 0.99958 0.00221
vn -0.02891 0.99958 0.00221
vn -0.02891 0.99958 0.00221
vn -0.01799 -0.3665 0.93024
vn -0.01799 -0.3665 0.93024
vn -0.01799 -0.3665 0.93024
vn 0.0146 -0.8331 -0.55293
vn 0.0146 -0.8331 -0.55293
vn -0.87055 0.19553 -0.45157
vn -0.87055 0.19553 -0.45157
vn -0.87055 0.19553 -0.45157
vn 0.86689 0.22765 -0.44349
vn 0.86689 0.22765 -0.44349
vn 0.86689 0.22765 -0.44349
vn 0.86689 0.22765 -0.44349
vn 0.0169 0.36795 -0.92969
vn 0.0169 0.36795 -0.92969
vn 0.0169 0.36795 -0.92969
vn 0.02025 0.99807 0.05867
vn 0.02025 0.99807 0.05867
vn 0.02025 0.99807 0.05867
vn 0.02025 0.99807 0.05867
vn -0.01058 -0.36929 0.92925
vn -0.01058 -0.36929 0.92925
vn -0.01058 -0.36929 0.92925
vn -0.03591 -0.79581 -0.60447
vn -0.03591 -0.79581 -0.60447
vn -0.03591 -0.79581 -0.60447
vn -0.03591 -0.79581 -0.60447
vn -0.8694 0.16082 -0.46721
vn -0.8694 0.16082 -0.46721
vn -0.8694 0.16082 -0.46721
vn -0.8694 0.16082 -0.46721
vn 0.88067 0.17359 -0.44077
vn 0.88067 0.17359 -0.44077
vn 0.88067 0.17359 -0.44077
vn -0.00993 0.36595 -0.93058
vn -0.00993 0.36595 -0.93058
vn -0.08287 0.99643 0.01582
vn -0.08287 0.99643 0.01582
vn -0.08287 0.99643 0.01582
vn 0.00533 -0.3642 0.93131
vn 0.00533 -0.3642 0.93131
vn 0.00533 -0.3642 0.93131
vn 0.02973 -0.82191 -0.56884
vn 0.02973 -0.82191 -0.56884
vn -0.87037 0.18308 -0.45709
vn -0.87037 0.18308 -0.45709
vn -0.87037 0.18308 -0.45709
vn 0.87603 0.1729 -0.45019
vn 0.87603 0.1729 -0.45019
vn 0.03708 0.33431 -0.94173
vn 0.03708 0.33431 -0.94173
vn 0.03708 0.33431 -0.94173
vn 0.03708 0.33431 -0.94173
vn -0.02857 0.99911 0.03107
vn -0.02857 0.99911 0.03107
vn -0.02857 0.99911 0.03107
vn -0.01941 -0.34182 0.93956
vn -0.01941 -0.34182 0.93956
vn -0.01941 -0.34182 0.93956
vn 0.01783 -0.81597 -0.57782
vn 0.01783 -0.81597 -0.57782
vn -0.86083 0.22906 -0.45443
vn -0.86083 0.22906 -0.45443
vn -0.86083 0.22906 -0.45443
vn -0.86083 0.22906 -0.45443
vn 0.88517 0.16869 -0.43361
vn 0.88517 0.16869 -0.43361
vn 0.88517 0.16869 -0.43361
vn 0 0.35937 -0.9332
vn 0 0.35937 -0.9332
vn 0 -0.3594 0.93318
vn 0 -0.3594 0.93318
vn 0 -0.3594 0.93318
vn 0 -0.7991 -0.60119
vn 0 -0.7991 -0.60119
vn -0.88249 0.16908 -0.43888
vn -0.88249 0.16908 -0.43888
vn -0.88249 0.16908 -0.43888
vn -0.88249 0.16908 -0.43888
vn 0.85774 0.11421 -0.50124
vn 0.85774 0.11421 -0.50124
vn 0.85774 0.11421 -0.50124
vn 0.85774 0.11421 -0.50124
vn 0.02899 0.34142 -0.93946
vn 0.02899 0.34142 -0.93946
vn 0.02899 0.34142 -0.93946
vn -0.01561 0.99767 0.06645
vn -0.01561 0.99767 0.06645
vn -0.01561 0.99767 0.06645
vn -0.01561 0.99767 0.06645
vn -0.01543 -0.34602 0.9381
vn -0.01543 -0.34602 0.9381
vn -0.01543 -0.34602 0.9381
vn 0.06221 -0.78352 -0.61824
vn 0.06221 -0.78352 -0.61824
vn 0.06221 -0.78352 -0.61824
vn -0.88572 0.09937 -0.45346
vn -0.88572 0.09937 -0.45346
vn -0.88572 0.09937 -0.45346
vn -0.88572 0.09937 -0.45346
vn 0.84744 0.14107 -0.51181
vn 0.84744 0.14107 -0.51181
vn 0.84744 0.14107 -0.51181
vn 0.84744 0.14107 -0.51181
vn 0.06799 0.4033 -0.91254
vn 0.06799 0.4033 -0.91254
vn 0.06799 0.4033 -0.91254
vn 0.06799 0.4033 -0.91254
vn 0.09863 0.99512 0.00238
vn 0.09863 0.99512 0.00238
vn 0.09863 0.99512 0.00238
vn -0.03466 -0.38949 0.92038
vn -0.03466 -0.38949 0.92038
vn -0.03466 -0.38949 0.92038
vn -0.02312 -0.81818 -0.57449
vn -0.02312 -0.81818 -0.57449
vn -0.02312 -0.81818 -0.57449
vn -0.87922 0.16861 -0.44558
vn -0.87922 0.16861 -0.44558
vn -0.87922 0.16861 -0.44558
vn 0.84214 0.28806 -0.45587
vn 0.84214 0.28806 -0.45587
vn 0.0257 0.37628 -0.92615
vn 0.0257 0.37628 -0.92615
vn 0.0257 0.37628 -0.92615
vn 0.05244 0.99832 0.02446
vn 0.05244 0.99832 0.02446
vn 0.05244 0.99832 0.02446
vn 0.05244 0.99832 0.02446
vn -0.01362 -0.37155 0.92831
vn -0.01362 -0.37155 0.92831
vn -0.01394 -0.81187 -0.58367
vn -0.01394 -0.81187 -0.58367
vn -0.01394 -0.81187 -0.58367
vn -0.01394 -0.81187 -0.58367
vn -0.87873 0.17048 -0.44584
vn -0.87873 0.17048 -0.44584
vn -0.87873 0.17048 -0.44584
vn -0.87873 0.17048 -0.44584
vn 0.85844 0.24001 -0.4533
vn 0.85844 0.24001 -0.4533
vn 0.85844 0.24001 -0.4533
vn 0.04738 0.3903 -0.91947
vn 0.04738 0.3903 -0.91947
vn 0.04738 0.3903 -0.91947
vn 0.04738 0.3903 -0.91947
vn 0.09452 0.99548 0.00927
vn 0.09452 0.99548 0.00927
vn -0.02457 -0.38126 0.92414
vn -0.02457 -0.38126 0.92414
vn -0.02485 -0.81999 -0.57184
vn -0.02485 -0.81999 -0.57184
vn -0.02485 -0.81999 -0.57184
vn -0.02485 -0.81999 -0.57184
vn -0.88209 0.16744 -0.44033
vn -0.88209 0.16744 -0.44033
vn 0.84312 0.292 -0.45154
vn 0.84312 0.292 -0.45154
vn 0.84312 0.292 -0.45154
vn 0.84312 0.292 -0.45154
vn 0.92892 0.3688 0.03316
vn 0.92892 0.3688 0.03316
vn 0.92892 0.3688 0.03316
vn 0.92892 0.3688 0.03316
vn -0.0022 0.99958 -0.02891
vn -0.0022 0.99958 -0.02891
vn -0.93023 -0.36654 -0.018
vn -0.93023 -0.36654 -0.018
vn -0.93023 -0.36654 -0.018
vn -0.93023 -0.36654 -0.018
vn 0.55292 -0.8331 0.01459
vn 0.55292 -0.8331 0.01459
vn 0.45157 0.19553 -0.87055
vn 0.45157 0.19553 -0.87055
vn 0.45157 0.19553 -0.87055
vn 0.4435 0.22767 0.86688
vn 0.4435 0.22767 0.86688
vn 0.4435 0.22767 0.86688
vn 0.4435 0.22767 0.86688
vn 0.92969 0.36797 0.01688
vn 0.92969 0.36797 0.01688
vn 0.92969 0.36797 0.01688
vn -0.05868 0.99807 0.02025
vn -0.05868 0.99807 0.02025
vn -0.05868 0.99807 0.02025
vn -0.05868 0.99807 0.02025
vn -0.92926 -0.36928 -0.01057
vn -0.92926 -0.36928 -0.01057
vn -0.92926 -0.36928 -0.01057
vn 0.60448 -0.79581 -0.0359
vn 0.60448 -0.79581 -0.0359
vn 0.60448 -0.79581 -0.0359
vn 0.46721 0.1608 -0.8694
vn 0.46721 0.1608 -0.8694
vn 0.44079 0.17359 0.88067
vn 0.44079 0.17359 0.88067
vn 0.93058 0.36594 -0.00994
vn 0.93058 0.36594 -0.00994
vn -0.01582 0.99643 -0.08287
vn -0.01582 0.99643 -0.08287
vn -0.01582 0.99643 -0.08287
vn -0.01582 0.99643 -0.08287
vn -0.93131 -0.36419 0.00533
vn -0.93131 -0.36419 0.00533
vn 0.56882 -0.82193 0.02973
vn 0.56882 -0.82193 0.02973
vn 0.56882 -0.82193 0.02973
vn 0.45708 0.18308 -0.87038
vn 0.45708 0.18308 -0.87038
vn 0.45708 0.18308 -0.87038
vn 0.45708 0.18308 -0.87038
vn 0.45018 0.17291 0.87604
vn 0.45018 0.17291 0.87604
vn 0.45018 0.17291 0.87604
vn 0.45018 0.17291 0.87604
vn 0.94172 0.33434 0.03706
vn 0.94172 0.33434 0.03706
vn 0.94172 0.33434 0.03706
vn 0.94172 0.33434 0.03706
vn -0.03108 0.99911 -0.02857
vn -0.03108 0.99911 -0.02857
vn -0.03108 0.99911 -0.02857
vn -0.93956 -0.34183 -0.01941
vn 0.57782 -0.81597 0.01782
vn 0.57782 -0.81597 0.01782
vn 0.57782 -0.81597 0.01782
vn 0.45446 0.22907 -0.86081
vn 0.45446 0.22907 -0.86081
vn 0.45446 0.22907 -0.86081
vn 0.45446 0.22907 -0.86081
vn 0.43358 0.1687 0.88518
vn 0.43358 0.1687 0.88518
vn 0.43358 0.1687 0.88518
vn 0.43358 0.1687 0.88518
vn 0.9332 0.35936 0
vn 0.9332 0.35936 0
vn 0.9332 0.35936 0
vn -0.04663 0.99891 0
vn -0.93319 -0.35937 0
vn -0.93319 -0.35937 0
vn 0.60119 -0.79911 0
vn 0.60119 -0.79911 0
vn 0.60119 -0.79911 0
vn 0.43889 0.16909 -0.88248
vn 0.43889 0.16909 -0.88248
vn 0.43889 0.16909 -0.88248
vn 0.50124 0.1142 0.85774
vn 0.50124 0.1142 0.85774
vn 0.93947 0.3414 0.029
vn 0.93947 0.3414 0.029
vn 0.93947 0.3414 0.029
vn -0.06644 0.99767 -0.01561
vn -0.06644 0.99767 -0.01561
vn -0.06644 0.99767 -0.01561
vn -0.9381 -0.34603 -0.01544
vn -0.9381 -0.34603 -0.01544
vn -0.9381 -0.34603 -0.01544
vn 0.61825 -0.78351 0.06221
vn 0.61825 -0.78351 0.06221
vn 0.61825 -0.78351 0.06221
vn 0.61825 -0.78351 0.06221
vn 0.45345 0.09939 -0.88572
vn 0.45345 0.09939 -0.88572
vn 0.45345 0.09939 -0.88572
vn 0.51182 0.14107 0.84743
vn 0.51182 0.14107 0.84743
vn 0.51182 0.14107 0.84743
vn 0.91253 0.40331 0.06799
vn 0.91253 0.40331 0.06799
vn 0.91253 0.40331 0.06799
vn 0.91253 0.40331 0.06799
vn -0.00238 0.99512 0.09863
vn -0.00238 0.99512 0.09863
vn -0.00238 0.99512 0.09863
vn -0.92038 -0.38949 -0.03466
vn -0.92038 -0.38949 -0.03466
vn -0.92038 -0.38949 -0.03466
vn -0.92038 -0.38949 -0.03466
vn 0.57449 -0.81818 -0.02311
vn 0.57449 -0.81818 -0.02311
vn 0.57449 -0.81818 -0.02311
vn 0.57449 -0.81818 -0.02311
vn 0.44557 0.16861 -0.87922
vn 0.44557 0.16861 -0.87922
vn 0.44557 0.16861 -0.87922
vn 0.44557 0.16861 -0.87922
vn 0.45586 0.28808 0.84214
vn 0.45586 0.28808 0.84214
vn 0.45586 0.28808 0.84214
vn 0.45586 0.28808 0.84214
vn 0.92615 0.37629 0.02569
vn 0.92615 0.37629 0.02569
vn 0.92615 0.37629 0.02569
vn -0.02445 0.99832 0.05244
vn -0.02445 0.99832 0.05244
vn -0.02445 0.99832 0.05244
vn -0.02445 0.99832 0.05244
vn -0.92832 -0.37154 -0.01362
vn -0.92832 -0.37154 -0.01362
vn -0.92832 -0.37154 -0.01362
vn 0.58366 -0.81188 -0.01394
vn 0.58366 -0.81188 -0.01394
vn 0.58366 -0.81188 -0.01394
vn 0.44584 0.17047 -0.87873
vn 0.44584 0.17047 -0.87873
vn 0.44584 0.17047 -0.87873
vn 0.44584 0.17047 -0.87873
vn 0.4533 0.24002 0.85843
vn 0.4533 0.24002 0.85843
vn 0.4533 0.24002 0.85843
vn 0.4533 0.24002 0.85843
vn 0.91947 0.39029 0.04736
vn 0.91947 0.39029 0.04736
vn 0.91947 0.39029 0.04736
vn -0.00928 0.99548 0.09452
vn -0.00928 0.99548 0.09452
vn -0.00928 0.99548 0.09452
vn -0.92413 -0.38128 -0.02455
vn -0.92413 -0.38128 -0.02455
vn -0.92413 -0.38128 -0.02455
vn 0.57188 -0.81996 -0.02486
vn 0.57188 -0.81996 -0.02486
vn 0.57188 -0.81996 -0.02486
vn 0.44034 0.16745 -0.88208
vn 0.44034 0.16745 -0.88208
vn 0.44034 0.16745 -0.88208
vn 0.44034 0.16745 -0.88208
vn 0.45155 0.29201 0.84311
vn 0.45155 0.29201 0.84311
vn 0.45156 0.29201 0.84311
vn 0.45156 0.29201 0.84311
vn 0.92893 0.36878 0.03316
vn 0.92893 0.36878 0.03316
vn 0.92893 0.36878 0.03316
vn -0.0022 0.99958 -0.02891
vn -0.0022 0.99958 -0.02891
vn -0.0022 0.99958 -0.02891
vn -0.0022 0.99958 -0.02891
vn -0.93024 -0.36651 -0.01801
vn -0.93024 -0.36651 -0.01801
vn 0.55292 -0.8331 0.01461
vn 0.55292 -0.8331 0.01461
vn 0.55292 -0.8331 0.01461
vn 0.45159 0.1955 -0.87054
vn 0.45159 0.1955 -0.87054
vn 0.45159 0.1955 -0.87054
vn 0.44347 0.22768 0.86689
vn 0.44347 0.22768 0.86689
vn 0.44347 0.22768 0.86689
vn 0.44347 0.22768 0.86689
vn 0.92968 0.36797 0.01686
vn 0.92968 0.36797 0.01686
vn 0.92968 0.36797 0.01686
vn 0.92968 0.36797 0.01686
vn -0.05868 0.99807 0.02025
vn -0.05868 0.99807 0.02025
vn -0.05868 0.99807 0.02025
vn -0.05868 0.99807 0.02025
vn -0.92926 -0.36928 -0.01057
vn -0.92926 -0.36928 -0.01057
vn -0.92926 -0.36928 -0.01057
vn -0.92926 -0.36928 -0.01057
vn 0.60446 -0.79582 -0.03591
vn 0.60446 -0.79582 -0.03591
vn 0.60446 -0.79582 -0.03591
vn 0.60446 -0.79582 -0.03591
vn 0.46723 0.1608 -0.86939
vn 0.46723 0.1608 -0.86939
vn 0.46723 0.1608 -0.86939
vn 0.46723 0.1608 -0.86939
vn 0.44074 0.17364 0.88068
vn 0.44074 0.17364 0.88068
vn 0.44074 0.17364 0.88068
vn 0.93058 0.36595 -0.00994
vn 0.93058 0.36595 -0.00994
vn 0.93058 0.36595 -0.00994
vn 0.93058 0.36595 -0.00994
vn -0.01582 0.99643 -0.08287
vn -0.01582 0.99643 -0.08287
vn -0.01582 0.99643 -0.08287
vn -0.9313 -0.36421 0.00533
vn -0.9313 -0.36421 0.00533
vn -0.9313 -0.36421 0.00533
vn 0.56885 -0.8219 0.02973
vn 0.56885 -0.8219 0.02973
vn 0.56885 -0.8219 0.02973
vn 0.45703 0.18314 -0.87039
vn 0.45703 0.18314 -0.87039
vn 0.45703 0.18314 -0.87039
vn 0.45024 0.17289 0.87601
vn 0.45024 0.17289 0.87601
vn 0.45024 0.17289 0.87601
vn 0.94173 0.33433 0.03707
vn 0.94173 0.33433 0.03707
vn 0.94173 0.33433 0.03707
vn -0.03107 0.99911 -0.02857
vn -0.03107 0.99911 -0.02857
vn -0.03107 0.99911 -0.02857
vn -0.93957 -0.34181 -0.01941
vn -0.93957 -0.34181 -0.01941
vn -0.93957 -0.34181 -0.01941
vn 0.5778 -0.81598 0.01783
vn 0.5778 -0.81598 0.01783
vn 0.5778 -0.81598 0.01783
vn 0.45441 0.22907 -0.86084
vn 0.45441 0.22907 -0.86084
vn 0.45441 0.22907 -0.86084
vn 0.45441 0.22907 -0.86084
vn 0.43361 0.1687 0.88517
vn 0.43361 0.1687 0.88517
vn 0.43361 0.1687 0.88517
vn 0.43361 0.1687 0.88517
vn 0.9332 0.35936 0
vn 0.9332 0.35936 0
vn -0.04663 0.99891 0
vn -0.04663 0.99891 0
vn -0.93318 -0.35941 0
vn -0.93318 -0.35941 0
vn 0.6012 -0.7991 0
vn 0.6012 -0.7991 0
vn 0.43887 0.1691 -0.8825
vn 0.43887 0.1691 -0.8825
vn 0.43887 0.1691 -0.8825
vn 0.50125 0.11416 0.85774
vn 0.50125 0.11416 0.85774
vn 0.50125 0.11416 0.85774
vn 0.50125 0.11416 0.85774
vn 0.93947 0.34139 0.029
vn 0.93947 0.34139 0.029
vn 0.93947 0.34139 0.029
vn 0.93947 0.34139 0.029
vn -0.06644 0.99767 -0.01561
vn -0.06644 0.99767 -0.01561
vn -0.06644 0.99767 -0.01561
vn -0.06644 0.99767 -0.01561
vn -0.9381 -0.34602 -0.01544
vn -0.9381 -0.34602 -0.01544
vn -0.9381 -0.34602 -0.01544
vn 0.61824 -0.78352 0.06221
vn 0.61824 -0.78352 0.06221
vn 0.61824 -0.78352 0.06221
vn 0.61824 -0.78352 0.06221
vn 0.45346 0.09937 -0.88572
vn 0.45346 0.09937 -0.88572
vn 0.45346 0.09937 -0.88572
vn 0.45346 0.09937 -0.88572
vn 0.51181 0.14108 0.84744
vn 0.51181 0.14108 0.84744
vn 0.91253 0.40333 0.06799
vn 0.91253 0.40333 0.06799
vn -0.00238 0.99512 0.09863
vn -0.00238 0.99512 0.09863
vn -0.00238 0.99512 0.09863
vn -0.00238 0.99512 0.09863
vn -0.92038 -0.38949 -0.03466
vn -0.92038 -0.38949 -0.03466
vn -0.92038 -0.38949 -0.03466
vn -0.92038 -0.38949 -0.03466
vn 0.57447 -0.8182 -0.02312
vn 0.57447 -0.8182 -0.02312
vn 0.57447 -0.8182 -0.02312
vn 0.44554 0.16861 -0.87924
vn 0.44554 0.16861 -0.87924
vn 0.44554 0.16861 -0.87924
vn 0.45588 0.28808 0.84213
vn 0.92614 0.37631 0.02567
vn 0.92614 0.37631 0.02567
vn 0.92614 0.37631 0.02567
vn 0.92614 0.37631 0.02567
vn -0.02445 0.99832 0.05244
vn -0.02445 0.99832 0.05244
vn -0.02445 0.99832 0.05244
vn -0.02445 0.99832 0.05244
vn -0.92832 -0.37153 -0.01364
vn -0.92832 -0.37153 -0.01364
vn -0.92832 -0.37153 -0.01364
vn -0.92832 -0.37153 -0.01364
vn 0.58366 -0.81188 -0.01393
vn 0.58366 -0.81188 -0.01393
vn 0.58366 -0.81188 -0.01393
vn 0.44584 0.1705 -0.87873
vn 0.44584 0.1705 -0.87873
vn 0.44584 0.1705 -0.87873
vn 0.44584 0.1705 -0.87873
vn 0.45331 0.23999 0.85844
vn 0.45331 0.23999 0.85844
vn 0.45331 0.23999 0.85844
vn 0.45331 0.23999 0.85844
vn 0.91947 0.39029 0.04737
vn 0.91947 0.39029 0.04737
vn 0.91947 0.39029 0.04737
vn -0.00928 0.99548 0.09452
vn -0.00928 0.99548 0.09452
vn -0.00928 0.99548 0.09452
vn -0.00928 0.99548 0.09452
vn -0.92414 -0.38127 -0.02456
vn -0.92414 -0.38127 -0.02456
vn 0.57186 -0.81997 -0.02486
vn 0.57186 -0.81997 -0.02486
vn 0.57186 -0.81997 -0.02486
vn 0.44031 0.16745 -0.88209
vn 0.44031 0.16745 -0.88209
vn 0.44031 0.16745 -0.88209
vn 0.44031 0.16745 -0.88209
vn 0.4515 0.29203 0.84313
vn 0.4515 0.29203 0.84313
vn 0.4515 0.29203 0.84313
vn 0.4515 0.29203 0.84313
vn 0.92891 0.36881 0.03318
vn 0.92891 0.36881 0.03318
vn -0.0022 0.99958 -0.0289
vn -0.0022 0.99958 -0.0289
vn -0.0022 0.99958 -0.0289
vn -0.93024 -0.36652 -0.018
vn -0.93024 -0.36652 -0.018
vn -0.93024 -0.36652 -0.018
vn -0.93024 -0.36652 -0.018
vn 0.55295 -0.83309 0.01461
vn 0.55295 -0.83309 0.01461
vn 0.55295 -0.83309 0.01461
vn 0.45159 0.19554 -0.87054
vn 0.45159 0.19554 -0.87054
vn 0.45159 0.19554 -0.87054
vn 0.44353 0.22764 0.86687
vn 0.44353 0.22764 0.86687
vn 0.44353 0.22764 0.86687
vn 0.92968 0.36799 0.01688
vn 0.92968 0.36799 0.01688
vn 0.92968 0.36799 0.01688
vn -0.05868 0.99807 0.02025
vn -0.05868 0.99807 0.02025
vn -0.05868 0.99807 0.02025
vn -0.92927 -0.36926 -0.01056
vn -0.92927 -0.36926 -0.01056
vn -0.92927 -0.36926 -0.01056
vn -0.92927 -0.36926 -0.01056
vn 0.60447 -0.79582 -0.03591
vn 0.60447 -0.79582 -0.03591
vn 0.46725 0.16077 -0.86939
vn 0.46725 0.16077 -0.86939
vn 0.46725 0.16077 -0.86939
vn 0.46725 0.16077 -0.86939
vn 0.44079 0.17365 0.88065
vn 0.44079 0.17365 0.88065
vn 0.44079 0.17365 0.88065
vn 0.44079 0.17365 0.88065
vn 0.93057 0.36598 -0.00995
vn 0.93057 0.36598 -0.00995
vn 0.93057 0.36598 -0.00995
vn -0.01582 0.99643 -0.08287
vn -0.9313 -0.36422 0.00534
vn -0.9313 -0.36422 0.00534
vn -0.9313 -0.36422 0.00534
vn 0.56886 -0.8219 0.02973
vn 0.56886 -0.8219 0.02973
vn 0.56886 -0.8219 0.02973
vn 0.45707 0.18313 -0.87037
vn 0.45707 0.18313 -0.87037
vn 0.45707 0.18313 -0.87037
vn 0.45016 0.1729 0.87605
vn 0.45016 0.1729 0.87605
vn 0.45016 0.1729 0.87605
vn 0.94174 0.3343 0.03707
vn 0.94174 0.3343 0.03707
vn 0.94174 0.3343 0.03707
vn -0.03108 0.99911 -0.02858
vn -0.03108 0.99911 -0.02858
vn -0.03108 0.99911 -0.02858
vn -0.93956 -0.34182 -0.01941
vn -0.93956 -0.34182 -0.01941
vn 0.5778 -0.81598 0.01782
vn 0.5778 -0.81598 0.01782
vn 0.45441 0.22909 -0.86083
vn 0.45441 0.22909 -0.86083
vn 0.43358 0.1687 0.88519
vn 0.43358 0.1687 0.88519
vn 0.43358 0.1687 0.88519
vn 0.43358 0.1687 0.88519
vn 0.93319 0.3594 0
vn 0.93319 0.3594 0
vn -0.04663 0.99891 0
vn -0.04663 0.99891 0
vn -0.04663 0.99891 0
vn -0.93319 -0.35937 0
vn -0.93319 -0.35937 0
vn -0.93319 -0.35937 0
vn 0.60117 -0.79912 0
vn 0.60117 -0.79912 0
vn 0.60117 -0.79912 0
vn 0.43884 0.16908 -0.88251
vn 0.43884 0.16908 -0.88251
vn 0.43884 0.16908 -0.88251
vn 0.50125 0.11419 0.85774
vn 0.50125 0.11419 0.85774
vn 0.93947 0.34141 0.02902
vn 0.93947 0.34141 0.02902
vn 0.93947 0.34141 0.02902
vn 0.93947 0.34141 0.02902
vn -0.06645 0.99767 -0.01563
vn -0.93811 -0.346 -0.01544
vn -0.93811 -0.346 -0.01544
vn -0.93811 -0.346 -0.01544
vn 0.61821 -0.78354 0.0622
vn 0.61821 -0.78354 0.0622
vn 0.61821 -0.78354 0.0622
vn 0.45344 0.09935 -0.88573
vn 0.45344 0.09935 -0.88573
vn 0.45344 0.09935 -0.88573
vn 0.51184 0.14109 0.84742
vn 0.51184 0.14109 0.84742
vn 0.91253 0.40331 0.06799
vn 0.91253 0.40331 0.06799
vn 0.91253 0.40331 0.06799
vn 0.91253 0.40331 0.06799
vn -0.00238 0.99512 0.09863
vn -0.00238 0.99512 0.09863
vn -0.00238 0.99512 0.09863
vn -0.92038 -0.38949 -0.03466
vn -0.92038 -0.38949 -0.03466
vn -0.92038 -0.38949 -0.03466
vn -0.92038 -0.38949 -0.03466
vn 0.57447 -0.8182 -0.02311
vn 0.57447 -0.8182 -0.02311
vn 0.57447 -0.8182 -0.02311
vn 0.4456 0.1686 -0.87921
vn 0.4456 0.1686 -0.87921
vn 0.4456 0.1686 -0.87921
vn 0.45586 0.28809 0.84214
vn 0.45586 0.28809 0.84214
vn 0.45586 0.28809 0.84214
vn 0.92613 0.37633 0.02567
vn 0.92613 0.37633 0.02567
vn 0.92613 0.37633 0.02567
vn 0.92613 0.37633 0.02567
vn -0.02446 0.99832 0.05244
vn -0.02446 0.99832 0.05244
vn -0.02446 0.99832 0.05244
vn -0.02446 0.99832 0.05244
vn -0.92832 -0.37154 -0.01363
vn -0.92832 -0.37154 -0.01363
vn -0.92832 -0.37154 -0.01363
vn 0.58366 -0.81188 -0.01394
vn 0.58366 -0.81188 -0.01394
vn 0.58366 -0.81188 -0.01394
vn 0.58366 -0.81188 -0.01394
vn 0.44586 0.17047 -0.87872
vn 0.44586 0.17047 -0.87872
vn 0.44586 0.17047 -0.87872
vn 0.44586 0.17047 -0.87872
vn 0.45331 0.24005 0.85842
vn 0.45331 0.24005 0.85842
vn 0.45331 0.24005 0.85842
vn 0.91948 0.39027 0.04736
vn 0.91948 0.39027 0.04736
vn 0.91948 0.39027 0.04736
vn 0.91948 0.39027 0.04736
vn -0.00927 0.99548 0.09452
vn -0.00927 0.99548 0.09452
vn -0.00927 0.99548 0.09452
vn -0.92414 -0.38126 -0.02455
vn -0.92414 -0.38126 -0.02455
vn -0.92414 -0.38126 -0.02455
vn 0.57186 -0.81997 -0.02487
vn 0.57186 -0.81997 -0.02487
vn 0.57186 -0.81997 -0.02487
vn 0.57186 -0.81997 -0.02487
vn 0.44035 0.16742 -0.88208
vn 0.44035 0.16742 -0.88208
vn 0.44035 0.16742 -0.88208
vn 0.44035 0.16742 -0.88208
vn 0.45155 0.29201 0.84311
vn 0.45155 0.29201 0.84311
vn 0.45155 0.29201 0.84311
vn 0.92892 0.36879 0.03317
vn 0.92892 0.36879 0.03317
vn 0.92892 0.36879 0.03317
vn -0.0022 0.99958 -0.02891
vn -0.0022 0.99958 -0.02891
vn -0.93023 -0.36653 -0.01801
vn -0.93023 -0.36653 -0.01801
vn -0.93023 -0.36653 -0.01801
vn 0.55295 -0.83309 0.01461
vn 0.55295 -0.83309 0.01461
vn 0.55295 -0.83309 0.01461
vn 0.55295 -0.83309 0.01461
vn 0.45159 0.19556 -0.87053
vn 0.45159 0.19556 -0.87053
vn 0.45159 0.19556 -0.87053
vn 0.44349 0.22766 0.86688
vn 0.44349 0.22766 0.86688
vn 0.44349 0.22766 0.86688
vn 0.92967 0.36801 0.01687
vn 0.92967 0.36801 0.01687
vn 0.92967 0.36801 0.01687
vn 0.92967 0.36801 0.01687
vn -0.05868 0.99807 0.02025
vn -0.05868 0.99807 0.02025
vn -0.05868 0.99807 0.02025
vn -0.05868 0.99807 0.02025
vn -0.92926 -0.36927 -0.01056
vn -0.92926 -0.36927 -0.01056
vn -0.92926 -0.36927 -0.01056
vn -0.92926 -0.36927 -0.01056
vn 0.60446 -0.79583 -0.03593
vn 0.60446 -0.79583 -0.03593
vn 0.46722 0.16079 -0.86939
vn 0.46722 0.16079 -0.86939
vn 0.46722 0.16079 -0.86939
vn 0.46722 0.16079 -0.86939
vn 0.44075 0.17362 0.88068
vn 0.44075 0.17362 0.88068
vn 0.44075 0.17362 0.88068
vn 0.93059 0.36592 -0.00992
vn 0.93059 0.36592 -0.00992
vn 0.93059 0.36592 -0.00992
vn -0.01582 0.99643 -0.08287
vn -0.01582 0.99643 -0.08287
vn -0.01582 0.99643 -0.08287
vn -0.01582 0.99643 -0.08287
vn -0.93131 -0.36418 0.00532
vn -0.93131 -0.36418 0.00532
vn -0.93131 -0.36418 0.00532
vn -0.93131 -0.36418 0.00532
vn 0.56885 -0.82191 0.02974
vn 0.56885 -0.82191 0.02974
vn 0.56885 -0.82191 0.02974
vn 0.45708 0.18309 -0.87038
vn 0.45708 0.18309 -0.87038
vn 0.45708 0.18309 -0.87038
vn 0.45708 0.18309 -0.87038
vn 0.45019 0.17288 0.87604
vn 0.45019 0.17288 0.87604
vn 0.94171 0.33437 0.03707
vn 0.94171 0.33437 0.03707
vn 0.94171 0.33437 0.03707
vn 0.94171 0.33437 0.03707
vn -0.03108 0.99911 -0.02857
vn -0.03108 0.99911 -0.02857
vn -0.03108 0.99911 -0.02857
vn -0.03108 0.99911 -0.02857
vn -0.93956 -0.34185 -0.0194
vn -0.93956 -0.34185 -0.0194
vn -0.93956 -0.34185 -0.0194
vn 0.5778 -0.81598 0.01782
vn 0.4544 0.22907 -0.86084
vn 0.4544 0.22907 -0.86084
vn 0.4544 0.22907 -0.86084
vn 0.43357 0.16869 0.88519
vn 0.43357 0.16869 0.88519
vn 0.43357 0.16869 0.88519
vn 0.43357 0.16869 0.88519
vn 0.93319 0.35938 0
vn 0.93319 0.35938 0
vn 0.93319 0.35938 0
vn -0.04663 0.99891 0
vn -0.04663 0.99891 0
vn -0.93319 -0.35939 0
vn -0.93319 -0.35939 0
vn 0.60119 -0.7991 0
vn 0.60119 -0.7991 0
vn 0.43888 0.1691 -0.88249
vn 0.43888 0.1691 -0.88249
vn 0.43888 0.1691 -0.88249
vn 0.43888 0.1691 -0.88249
vn 0.50125 0.1142 0.85773
vn 0.50125 0.1142 0.85773
vn 0.50125 0.1142 0.85773
vn 0.50125 0.1142 0.85773
vn 0.93946 0.34142 0.029
vn 0.93946 0.34142 0.029
vn 0.93946 0.34142 0.029
vn -0.06644 0.99767 -0.01561
vn -0.06644 0.99767 -0.01561
vn -0.06644 0.99767 -0.01561
vn -0.06644 0.99767 -0.01561
vn -0.9381 -0.34601 -0.01544
vn -0.9381 -0.34601 -0.01544
vn -0.9381 -0.34601 -0.01544
vn 0.61822 -0.78354 0.06221
vn 0.61822 -0.78354 0.06221
vn 0.61822 -0.78354 0.06221
vn 0.61822 -0.78354 0.06221
vn 0.45344 0.09938 -0.88573
vn 0.45344 0.09938 -0.88573
vn 0.45344 0.09938 -0.88573
vn 0.51181 0.14105 0.84744
vn 0.51181 0.14105 0.84744
vn 0.51181 0.14105 0.84744
vn 0.51181 0.14105 0.84744
vn 0.91254 0.4033 0.06799
vn 0.91254 0.4033 0.06799
vn -0.00238 0.99512 0.09863
vn -0.00238 0.99512 0.09863
vn -0.00238 0.99512 0.09863
vn -0.92038 -0.38948 -0.03466
vn -0.92038 -0.38948 -0.03466
vn -0.92038 -0.38948 -0.03466
vn 0.57448 -0.81819 -0.02312
vn 0.57448 -0.81819 -0.02312
vn 0.57448 -0.81819 -0.02312
vn 0.44557 0.16858 -0.87923
vn 0.44557 0.16858 -0.87923
vn 0.44557 0.16858 -0.87923
vn 0.45585 0.28808 0.84215
vn 0.45585 0.28808 0.84215
vn 0.45585 0.28808 0.84215
vn 0.92616 0.37626 0.0257
vn 0.92616 0.37626 0.0257
vn 0.92616 0.37626 0.0257
vn -0.02445 0.99832 0.05244
vn -0.02445 0.99832 0.05244
vn -0.02445 0.99832 0.05244
vn -0.02445 0.99832 0.05244
vn -0.92831 -0.37156 -0.01362
vn -0.92831 -0.37156 -0.01362
vn -0.92831 -0.37156 -0.01362
vn 0.58367 -0.81187 -0.01394
vn 0.58367 -0.81187 -0.01394
vn 0.58367 -0.81187 -0.01394
vn 0.58367 -0.81187 -0.01394
vn 0.44584 0.17045 -0.87873
vn 0.44584 0.17045 -0.87873
vn 0.44584 0.17045 -0.87873
vn 0.45332 0.24003 0.85842
vn 0.45332 0.24003 0.85842
vn 0.45332 0.24003 0.85842
vn 0.45332 0.24003 0.85842
vn 0.91946 0.39031 0.04738
vn 0.91946 0.39031 0.04738
vn 0.91946 0.39031 0.04738
vn -0.00928 0.99548 0.09452
vn -0.00928 0.99548 0.09452
vn -0.00928 0.99548 0.09452
vn -0.00928 0.99548 0.09452
vn -0.92414 -0.38125 -0.02456
vn -0.92414 -0.38125 -0.02456
vn -0.92414 -0.38125 -0.02456
vn 0.57184 -0.81999 -0.02485
vn 0.57184 -0.81999 -0.02485
vn 0.57184 -0.81999 -0.02485
vn 0.44033 0.16743 -0.88209
vn 0.44033 0.16743 -0.88209
vn 0.44033 0.16743 -0.88209
vn 0.44033 0.16743 -0.88209
vn 0.45156 0.29202 0.8431
vn 0.45156 0.29202 0.8431
vn 0.45156 0.29202 0.8431
vn 0.92893 0.36876 0.03316
vn 0.92893 0.36876 0.03316
vn 0.92893 0.36876 0.03316
vn 0.92893 0.36876 0.03316
vn -0.0022 0.99958 -0.02891
vn -0.0022 0.99958 -0.02891
vn -0.0022 0.99958 -0.02891
vn -0.0022 0.99958 -0.02891
vn -0.93024 -0.3665 -0.018
vn -0.93024 -0.3665 -0.018
vn -0.93024 -0.3665 -0.018
vn -0.93024 -0.3665 -0.018
vn 0.55292 -0.83311 0.01459
vn 0.55292 -0.83311 0.01459
vn 0.55292 -0.83311 0.01459
vn 0.55292 -0.83311 0.01459
vn 0.45156 0.19557 -0.87054
vn 0.45156 0.19557 -0.87054
vn 0.45156 0.19557 -0.87054
vn 0.4435 0.22764 0.86688
vn 0.4435 0.22764 0.86688
vn 0.4435 0.22764 0.86688
vn 0.4435 0.22764 0.86688
vn 0.9297 0.36794 0.0169
vn 0.9297 0.36794 0.0169
vn 0.9297 0.36794 0.0169
vn 0.9297 0.36794 0.0169
vn -0.05867 0.99807 0.02025
vn -0.05867 0.99807 0.02025
vn -0.05867 0.99807 0.02025
vn -0.05867 0.99807 0.02025
vn -0.92925 -0.36929 -0.01057
vn -0.92925 -0.36929 -0.01057
vn -0.92925 -0.36929 -0.01057
vn 0.60448 -0.79581 -0.0359
vn 0.60448 -0.79581 -0.0359
vn 0.60448 -0.79581 -0.0359
vn 0.46722 0.16079 -0.8694
vn 0.46722 0.16079 -0.8694
vn 0.44079 0.17357 0.88067
vn 0.44079 0.17357 0.88067
vn 0.44079 0.17357 0.88067
vn 0.93058 0.36595 -0.00993
vn 0.93058 0.36595 -0.00993
vn 0.93058 0.36595 -0.00993
vn -0.01581 0.99643 -0.08287
vn -0.01581 0.99643 -0.08287
vn -0.01581 0.99643 -0.08287
vn -0.01581 0.99643 -0.08287
vn -0.93131 -0.3642 0.00533
vn -0.93131 -0.3642 0.00533
vn -0.93131 -0.3642 0.00533
vn -0.93131 -0.3642 0.00533
vn 0.56884 -0.82191 0.02973
vn 0.56884 -0.82191 0.02973
vn 0.56884 -0.82191 0.02973
vn 0.4571 0.18311 -0.87036
vn 0.4571 0.18311 -0.87036
vn 0.4571 0.18311 -0.87036
vn 0.4571 0.18311 -0.87036
vn 0.45017 0.1729 0.87604
vn 0.45017 0.1729 0.87604
vn 0.45017 0.1729 0.87604
vn 0.94173 0.33432 0.03707
vn 0.94173 0.33432 0.03707
vn -0.03107 0.99911 -0.02857
vn -0.03107 0.99911 -0.02857
vn -0.03107 0.99911 -0.02857
vn -0.03107 0.99911 -0.02857
vn -0.93957 -0.34181 -0.01941
vn -0.93957 -0.34181 -0.01941
vn 0.5778 -0.81598 0.01784
vn 0.5778 -0.81598 0.01784
vn 0.5778 -0.81598 0.01784
vn 0.45443 0.22908 -0.86082
vn 0.45443 0.22908 -0.86082
vn 0.43358 0.16872 0.88518
vn 0.43358 0.16872 0.88518
vn 0.43358 0.16872 0.88518
vn 0.93319 0.35938 0
vn 0.93319 0.35938 0
vn 0.93319 0.35938 0
vn -0.04663 0.99891 0
vn -0.04663 0.99891 0
vn -0.93318 -0.3594 0
vn -0.93318 -0.3594 0
vn 0.60121 -0.79909 0
vn 0.60121 -0.79909 0
vn 0.43887 0.1691 -0.8825
vn 0.43887 0.1691 -0.8825
vn 0.43887 0.1691 -0.8825
vn 0.43887 0.1691 -0.8825
vn 0.50125 0.11417 0.85774
vn 0.50125 0.11417 0.85774
vn 0.50125 0.11417 0.85774
vn 0.93947 0.34139 0.029
vn 0.93947 0.34139 0.029
vn 0.93947 0.34139 0.029
vn -0.06644 0.99767 -0.01561
vn -0.06644 0.99767 -0.01561
vn -0.06644 0.99767 -0.01561
vn -0.06644 0.99767 -0.01561
vn -0.9381 -0.34601 -0.01543
vn -0.9381 -0.34601 -0.01543
vn -0.9381 -0.34601 -0.01543
vn -0.9381 -0.34601 -0.01543
vn 0.61824 -0.78353 0.0622
vn 0.61824 -0.78353 0.0622
vn 0.61824 -0.78353 0.0622
vn 0.61824 -0.78353 0.0622
vn 0.45343 0.0994 -0.88573
vn 0.45343 0.0994 -0.88573
vn 0.45343 0.0994 -0.88573
vn 0.45343 0.0994 -0.88573
vn 0.51182 0.14107 0.84743
vn 0.51182 0.14107 0.84743
vn 0.51182 0.14107 0.84743
vn 0.51182 0.14107 0.84743
vn 0.91254 0.4033 0.06799
vn 0.91254 0.4033 0.06799
vn 0.91254 0.4033 0.06799
vn 0.91254 0.4033 0.06799
vn -0.00238 0.99512 0.09863
vn -0.00238 0.99512 0.09863
vn -0.00238 0.99512 0.09863
vn -0.92038 -0.38948 -0.03466
vn -0.92038 -0.38948 -0.03466
vn 0.57449 -0.81819 -0.02311
vn 0.57449 -0.81819 -0.02311
vn 0.57449 -0.81819 -0.02311
vn 0.57449 -0.81819 -0.02311
vn 0.44555 0.16862 -0.87924
vn 0.44555 0.16862 -0.87924
vn 0.44555 0.16862 -0.87924
vn 0.44555 0.16862 -0.87924
vn 0.45586 0.28806 0.84214
vn 0.45586 0.28806 0.84214
vn 0.45586 0.28806 0.84214
vn 0.92615 0.37628 0.0257
vn 0.92615 0.37628 0.0257
vn 0.92615 0.37628 0.0257
vn -0.02446 0.99832 0.05244
vn -0.02446 0.99832 0.05244
vn -0.02446 0.99832 0.05244
vn -0.92831 -0.37156 -0.01362
vn -0.92831 -0.37156 -0.01362
vn 0.58367 -0.81187 -0.01393
vn 0.58367 -0.81187 -0.01393
vn 0.58367 -0.81187 -0.01393
vn 0.44587 0.17045 -0.87872
vn 0.44587 0.17045 -0.87872
vn 0.45332 0.24005 0.85841
vn 0.45332 0.24005 0.85841
vn 0.45332 0.24005 0.85841
vn 0.91947 0.39029 0.04738
vn 0.91947 0.39029 0.04738
vn 0.91947 0.39029 0.04738
vn -0.00927 0.99548 0.09452
vn -0.00927 0.99548 0.09452
vn -0.00927 0.99548 0.09452
vn -0.92414 -0.38126 -0.02456
vn -0.92414 -0.38126 -0.02456
vn -0.92414 -0.38126 -0.02456
vn -0.92414 -0.38126 -0.02456
vn 0.57184 -0.81999 -0.02486
vn 0.57184 -0.81999 -0.02486
vn 0.57184 -0.81999 -0.02486
vn 0.57184 -0.81999 -0.02486
vn 0.44034 0.16742 -0.88208
vn 0.44034 0.16742 -0.88208
vn 0.44034 0.16742 -0.88208
vn 0.45158 0.29201 0.84309
vn 0.45158 0.29201 0.84309
vn 0.45158 0.29201 0.84309
vn 0.45158 0.29201 0.84309
vt 0.44155 0.32639
vt 0.44211 0.32649
usemtl mat0
f 1/1/1 2/1/1 3/1/1
f 3/1/1 4/1/1 1/1/1
f 1/1/2 5/1/2 6/1/2
f 6/1/2 2/1/2 1/1/2
f 7/1/3 8/1/3 6/1/4
f 6/1/4 5/1/4 7/1/3
f 5/1/5 1/1/5 4/1/6
f 4/1/6 7/1/6 5/1/5
f 2/1/7 6/1/7 8/1/8
f 8/1/8 3/1/8 2/1/7
f 9/1/9 10/1/10 11/1/11
f 11/1/11 12/1/12 13/1/13
f 13/1/13 9/1/9 11/1/11
f 14/1/14 15/1/15 16/1/16
f 16/1/16 17/1/17 14/1/14
f 10/1/18 18/1/19 19/1/20
f 19/1/20 11/1/21 10/1/18
f 20/1/22 21/1/23 22/1/23
f 22/1/24 21/1/25 23/1/26
f 24/1/27 25/1/28 26/1/28
f 27/1/29 25/1/30 24/1/30
f 28/1/31 29/1/32 30/1/33
f 31/1/34 32/1/35 33/1/36
f 34/1/37 16/1/38 15/1/37
f 35/1/39 36/1/40 37/1/41
f 37/1/42 36/1/43 38/1/43
f 39/1/44 40/1/45 41/1/46
f 42/1/47 40/1/48 39/1/47
f 43/1/49 12/1/50 44/1/51
f 44/1/51 34/1/52 15/1/50
f 15/1/50 43/1/49 44/1/51
f 45/1/53 46/1/53 47/1/54
f 47/1/54 48/1/53 33/1/55
f 33/1/55 32/1/53 49/1/53
f 49/1/53 45/1/53 47/1/54
f 47/1/54 33/1/55 49/1/53
f 18/1/56 9/1/57 50/1/56
f 10/1/58 9/1/59 18/1/60
f 51/1/61 52/1/62 53/1/63
f 53/1/64 52/1/65 54/1/66
f 55/1/67 56/1/68 57/1/69
f 51/1/70 53/1/71 58/1/71
f 58/1/71 59/1/72 18/1/72
f 18/1/72 50/1/73 51/1/70
f 51/1/70 58/1/71 18/1/72
f 60/1/74 26/1/75 25/1/76
f 25/1/76 61/1/77 47/1/78
f 47/1/78 46/1/79 60/1/74
f 60/1/74 25/1/76 47/1/78
f 61/1/80 55/1/81 57/1/80
f 16/1/82 34/1/83 44/1/83
f 44/1/83 19/1/82 16/1/82
f 49/1/84 38/1/85 36/1/85
f 36/1/85 62/1/86 45/1/84
f 45/1/84 49/1/84 36/1/85
f 63/1/87 28/1/88 30/1/89
f 60/1/90 45/1/91 62/1/92
f 62/1/92 64/1/93 63/1/94
f 63/1/94 24/1/95 26/1/91
f 26/1/91 60/1/90 62/1/92
f 62/1/92 63/1/94 26/1/91
f 31/1/96 41/1/97 40/1/98
f 65/1/99 37/1/100 32/1/101
f 32/1/101 31/1/96 40/1/98
f 40/1/98 65/1/99 32/1/101
f 65/1/102 66/1/102 67/1/103
f 38/1/104 49/1/104 32/1/105
f 32/1/105 37/1/104 38/1/104
f 66/1/106 43/1/107 67/1/108
f 68/1/109 69/1/110 39/1/111
f 42/1/112 39/1/113 69/1/114
f 69/1/114 13/1/115 12/1/115
f 12/1/115 42/1/112 69/1/114
f 70/1/116 54/1/117 52/1/118
f 52/1/118 33/1/117 48/1/119
f 48/1/119 70/1/116 52/1/118
f 31/1/120 33/1/121 52/1/121
f 68/1/122 39/1/123 41/1/122
f 41/1/122 31/1/120 52/1/121
f 52/1/121 68/1/122 41/1/122
f 21/1/124 20/1/125 19/1/126
f 19/1/126 18/1/127 59/1/124
f 59/1/124 21/1/124 19/1/126
f 29/1/128 16/1/129 19/1/129
f 19/1/129 20/1/130 22/1/131
f 22/1/131 29/1/128 19/1/129
f 71/1/132 29/1/133 22/1/134
f 27/1/135 24/1/136 63/1/137
f 63/1/137 71/1/138 22/1/137
f 22/1/137 23/1/136 27/1/135
f 27/1/135 63/1/137 22/1/137
f 28/1/139 63/1/140 64/1/141
f 64/1/141 72/1/142 28/1/139
f 35/1/143 17/1/144 16/1/144
f 16/1/144 29/1/145 28/1/146
f 72/1/147 36/1/147 35/1/143
f 35/1/143 16/1/144 28/1/146
f 28/1/146 72/1/147 35/1/143
f 30/1/148 29/1/149 71/1/150
f 63/1/151 30/1/152 71/1/153
f 36/1/154 73/1/155 62/1/154
f 36/1/156 72/1/157 73/1/158
f 74/1/159 72/1/160 64/1/160
f 62/1/161 74/1/162 64/1/163
f 62/1/164 73/1/165 74/1/166
f 73/1/167 72/1/168 74/1/168
f 75/1/169 58/1/170 53/1/171
f 70/1/172 47/1/172 61/1/173
f 61/1/173 76/1/173 75/1/174
f 75/1/174 53/1/172 54/1/175
f 54/1/175 70/1/172 61/1/173
f 61/1/173 75/1/174 54/1/175
f 25/1/176 55/1/176 61/1/177
f 27/1/178 23/1/179 21/1/180
f 21/1/180 56/1/181 55/1/180
f 55/1/180 25/1/181 27/1/178
f 27/1/178 21/1/180 55/1/180
f 57/1/182 56/1/182 76/1/183
f 61/1/184 57/1/185 76/1/186
f 77/1/187 75/1/188 76/1/189
f 76/1/189 56/1/187 77/1/187
f 56/1/190 21/1/191 59/1/192
f 59/1/192 77/1/190 56/1/190
f 78/1/193 59/1/194 58/1/194
f 75/1/195 78/1/196 58/1/196
f 75/1/197 77/1/198 78/1/199
f 77/1/200 59/1/201 78/1/200
f 51/1/202 50/1/203 9/1/204
f 9/1/204 79/1/205 68/1/202
f 68/1/202 52/1/206 51/1/202
f 51/1/202 9/1/204 68/1/202
f 9/1/207 13/1/207 79/1/208
f 80/1/209 13/1/209 69/1/209
f 68/1/210 80/1/210 69/1/210
f 68/1/211 79/1/212 80/1/213
f 79/1/214 13/1/215 80/1/216
f 81/1/217 43/1/218 15/1/219
f 35/1/220 37/1/221 65/1/221
f 65/1/221 81/1/222 15/1/223
f 15/1/223 14/1/222 17/1/224
f 17/1/224 35/1/220 65/1/221
f 65/1/221 15/1/223 17/1/224
f 40/1/225 66/1/226 65/1/225
f 40/1/227 42/1/228 12/1/228
f 12/1/228 43/1/228 66/1/229
f 66/1/229 40/1/227 12/1/228
f 67/1/230 43/1/230 81/1/231
f 65/1/232 67/1/233 81/1/234
f 60/1/235 46/1/236 45/1/237
f 70/1/238 48/1/239 47/1/240
f 3/1/241 8/1/241 11/1/241
f 11/1/241 19/1/241 3/1/241
f 4/1/242 3/1/242 19/1/242
f 19/1/242 44/1/242 4/1/242
f 7/1/243 4/1/243 44/1/243
f 44/1/243 12/1/243 7/1/243
f 12/1/244 11/1/244 8/1/244
f 8/1/244 7/1/244 12/1/244
f 82/2/245 83/2/245 84/2/245
f 84/2/245 85/2/246 82/2/245
f 86/2/247 87/2/248 83/2/249
f 83/2/249 82/2/250 86/2/247
f 88/2/251 89/2/252 87/2/253
f 87/2/253 86/2/254 88/2/251
f 85/2/255 84/2/256 89/2/257
f 89/2/257 88/2/256 85/2/255
f 86/2/258 82/2/259 85/2/259
f 85/2/259 88/2/258 86/2/258
f 83/2/260 87/2/261 89/2/262
f 89/2/262 84/2/263 83/2/260
f 90/2/264 91/2/265 92/2/266
f 92/2/266 93/2/265 90/2/264
f 94/2/267 95/2/267 91/2/268
f 91/2/268 90/2/269 94/2/267
f 96/2/270 97/2/271 95/2/270
f 95/2/270 94/2/272 96/2/270
f 93/2/273 92/2/273 97/2/274
f 97/2/274 96/2/275 93/2/273
f 94/2/276 90/2/277 93/2/278
f 93/2/278 96/2/279 94/2/276
f 91/2/280 95/2/280 97/2/280
f 97/2/280 92/2/281 91/2/280
f 98/2/282 99/2/283 100/2/284
f 100/2/284 101/2/285 98/2/282
f 102/2/286 103/2/287 99/2/286
f 99/2/286 98/2/286 102/2/286
f 104/2/288 105/2/289 103/2/290
f 103/2/290 102/2/291 104/2/288
f 101/2/292 100/2/293 105/2/294
f 105/2/294 104/2/295 101/2/292
f 102/2/296 98/2/297 101/2/298
f 101/2/298 104/2/298 102/2/296
f 99/2/299 103/2/299 105/2/299
f 105/2/299 100/2/300 99/2/299
f 106/2/301 107/2/302 108/2/303
f 108/2/303 109/2/302 106/2/301
f 110/2/304 111/2/305 107/2/306
f 107/2/306 106/2/307 110/2/304
f 112/2/308 113/2/309 111/2/308
f 111/2/308 110/2/309 112/2/308
f 109/2/310 108/2/311 113/2/311
f 113/2/311 112/2/312 109/2/310
f 110/2/313 106/2/314 109/2/315
f 109/2/315 112/2/314 110/2/313
f 107/2/316 111/2/317 113/2/318
f 113/2/318 108/2/319 107/2/316
f 114/2/320 115/2/320 116/2/321
f 116/2/321 117/2/322 114/2/320
f 118/2/323 119/2/323 115/2/324
f 115/2/324 114/2/323 118/2/323
f 120/2/325 121/2/325 119/2/326
f 119/2/326 118/2/325 120/2/325
f 117/2/327 116/2/327 121/2/327
f 121/2/327 120/2/328 117/2/327
f 118/2/329 114/2/330 117/2/329
f 117/2/329 120/2/331 118/2/329
f 115/2/332 119/2/333 121/2/332
f 121/2/332 116/2/332 115/2/332
f 122/2/334 123/2/335 124/2/336
f 124/2/336 125/2/337 122/2/334
f 126/2/338 127/2/339 123/2/340
f 123/2/340 122/2/341 126/2/338
f 128/2/342 129/2/342 127/2/343
f 127/2/343 126/2/342 128/2/342
f 125/2/344 124/2/345 129/2/346
f 129/2/346 128/2/346 125/2/344
f 126/2/347 122/2/348 125/2/347
f 125/2/347 128/2/348 126/2/347
f 123/2/349 127/2/349 129/2/349
f 129/2/349 124/2/349 123/2/349
f 130/2/350 131/2/351 132/2/352
f 132/2/352 133/2/353 130/2/350
f 134/2/354 135/2/355 131/2/356
f 131/2/356 130/2/355 134/2/354
f 136/2/357 137/2/358 135/2/359
f 135/2/359 134/2/357 136/2/357
f 133/2/360 132/2/361 137/2/360
f 137/2/360 136/2/360 133/2/360
f 134/2/362 130/2/363 133/2/364
f 133/2/364 136/2/365 134/2/362
f 131/2/366 135/2/367 137/2/368
f 137/2/368 132/2/367 131/2/366
f 138/2/369 139/2/370 140/2/371
f 140/2/371 141/2/370 138/2/369
f 142/2/372 143/2/373 139/2/374
f 139/2/374 138/2/375 142/2/372
f 144/2/376 145/2/376 143/2/376
f 143/2/376 142/2/376 144/2/376
f 141/2/377 140/2/377 145/2/378
f 145/2/378 144/2/379 141/2/377
f 142/2/380 138/2/381 141/2/380
f 141/2/380 144/2/382 142/2/380
f 139/2/383 143/2/384 145/2/384
f 145/2/384 140/2/385 139/2/383
f 146/2/386 147/2/387 148/2/388
f 148/2/388 149/2/388 146/2/386
f 150/2/389 151/2/390 147/2/390
f 147/2/390 146/2/391 150/2/389
f 152/2/392 153/2/393 151/2/394
f 151/2/394 150/2/393 152/2/392
f 149/2/395 148/2/396 153/2/397
f 153/2/397 152/2/398 149/2/395
f 150/2/399 146/2/400 149/2/401
f 149/2/401 152/2/402 150/2/399
f 147/2/403 151/2/404 153/2/404
f 153/2/404 148/2/404 147/2/403
f 154/2/405 155/2/406 156/2/407
f 156/2/407 157/2/407 154/2/405
f 158/2/408 159/2/409 155/2/410
f 155/2/410 154/2/410 158/2/408
f 160/2/411 161/2/411 159/2/411
f 159/2/411 158/2/411 160/2/411
f 157/2/412 156/2/412 161/2/413
f 161/2/413 160/2/414 157/2/412
f 158/2/415 154/2/416 157/2/417
f 157/2/417 160/2/418 158/2/415
f 155/2/419 159/2/420 161/2/421
f 161/2/421 156/2/419 155/2/419
f 162/2/422 163/2/423 164/2/423
f 164/2/423 165/2/424 162/2/422
f 166/2/425 167/2/426 163/2/427
f 163/2/427 162/2/428 166/2/425
f 168/2/429 169/2/430 167/2/430
f 167/2/430 166/2/431 168/2/429
f 165/2/432 164/2/432 169/2/433
f 169/2/433 168/2/433 165/2/432
f 166/2/434 162/2/435 165/2/436
f 165/2/436 168/2/437 166/2/434
f 163/2/438 167/2/439 169/2/440
f 169/2/440 164/2/441 163/2/438
f 170/2/442 171/2/442 172/2/442
f 172/2/442 173/2/443 170/2/442
f 174/2/444 175/2/445 171/2/444
f 171/2/444 170/2/445 174/2/444
f 176/2/446 177/2/447 175/2/447
f 175/2/447 174/2/448 176/2/446
f 173/2/449 172/2/450 177/2/450
f 177/2/450 176/2/451 173/2/449
f 174/2/452 170/2/453 173/2/454
f 173/2/454 176/2/453 174/2/452
f 171/2/455 175/2/456 177/2/457
f 177/2/457 172/2/458 171/2/455
f 178/2/459 179/2/459 180/2/459
f 180/2/459 181/2/460 178/2/459
f 182/2/461 183/2/462 179/2/461
f 179/2/461 178/2/463 182/2/461
f 184/2/464 185/2/465 183/2/466
f 183/2/466 182/2/466 184/2/464
f 181/2/467 180/2/468 185/2/469
f 185/2/469 184/2/468 181/2/467
f 182/2/470 178/2/471 181/2/471
f 181/2/471 184/2/472 182/2/470
f 179/2/473 183/2/474 185/2/474
f 185/2/474 180/2/475 179/2/473
f 186/2/476 187/2/477 188/2/477
f 188/2/477 189/2/478 186/2/476
f 190/2/479 191/2/480 187/2/480
f 187/2/480 186/2/481 190/2/479
f 192/2/482 193/2/482 191/2/483
f 191/2/483 190/2/482 192/2/482
f 189/2/484 188/2/484 193/2/484
f 193/2/484 192/2/484 189/2/484
f 190/2/485 186/2/485 189/2/485
f 189/2/485 192/2/486 190/2/485
f 187/2/487 191/2/488 193/2/487
f 193/2/487 188/2/489 187/2/487
f 194/2/490 195/2/491 196/2/492
f 196/2/492 197/2/493 194/2/490
f 198/2/494 199/2/495 195/2/496
f 195/2/496 194/2/497 198/2/494
f 200/2/498 201/2/499 199/2/500
f 199/2/500 198/2/499 200/2/498
f 197/2/501 196/2/502 201/2/503
f 201/2/503 200/2/504 197/2/501
f 198/2/505 194/2/506 197/2/507
f 197/2/507 200/2/508 198/2/505
f 195/2/509 199/2/510 201/2/510
f 201/2/510 196/2/511 195/2/509
f 202/2/512 203/2/513 204/2/514
f 204/2/514 205/2/515 202/2/512
f 206/2/516 207/2/516 203/2/517
f 203/2/517 202/2/518 206/2/516
f 208/2/519 209/2/520 207/2/519
f 207/2/519 206/2/519 208/2/519
f 205/2/521 204/2/522 209/2/522
f 209/2/522 208/2/523 205/2/521
f 206/2/524 202/2/525 205/2/526
f 205/2/526 208/2/527 206/2/524
f 203/2/528 207/2/529 209/2/530
f 209/2/530 204/2/531 203/2/528
f 210/2/532 211/2/533 212/2/534
f 212/2/534 213/2/534 210/2/532
f 214/2/535 215/2/536 211/2/537
f 211/2/537 210/2/535 214/2/535
f 216/2/538 217/2/539 215/2/540
f 215/2/540 214/2/541 216/2/538
f 213/2/542 212/2/543 217/2/543
f 217/2/543 216/2/543 213/2/542
f 214/2/544 210/2/545 213/2/546
f 213/2/546 216/2/547 214/2/544
f 211/2/548 215/2/549 217/2/550
f 217/2/550 212/2/551 211/2/548
f 218/2/552 219/2/553 220/2/554
f 220/2/554 221/2/553 218/2/552
f 222/2/555 223/2/556 219/2/557
f 219/2/557 218/2/558 222/2/555
f 224/2/559 225/2/560 223/2/561
f 223/2/561 222/2/562 224/2/559
f 221/2/563 220/2/564 225/2/565
f 225/2/565 224/2/566 221/2/563
f 222/2/567 218/2/568 221/2/569
f 221/2/569 224/2/569 222/2/567
f 219/2/570 223/2/571 225/2/572
f 225/2/572 220/2/573 219/2/570
f 226/2/574 227/2/574 228/2/575
f 228/2/575 229/2/574 226/2/574
f 230/2/576 231/2/577 227/2/578
f 227/2/578 226/2/576 230/2/576
f 232/2/579 233/2/580 231/2/581
f 231/2/581 230/2/580 232/2/579
f 229/2/582 228/2/583 233/2/584
f 233/2/584 232/2/583 229/2/582
f 230/2/585 226/2/586 229/2/587
f 229/2/587 232/2/588 230/2/585
f 227/2/589 231/2/590 233/2/591
f 233/2/591 228/2/590 227/2/589
f 234/2/592 235/2/593 236/2/593
f 236/2/593 237/2/593 234/2/592
f 238/2/594 239/2/595 235/2/596
f 235/2/596 234/2/596 238/2/594
f 240/2/597 241/2/598 239/2/599
f 239/2/599 238/2/600 240/2/597
f 237/2/601 236/2/602 241/2/601
f 241/2/601 240/2/601 237/2/601
f 238/2/603 234/2/604 237/2/603
f 237/2/603 240/2/605 238/2/603
f 235/2/606 239/2/607 241/2/608
f 241/2/608 236/2/607 235/2/606
f 242/2/609 243/2/610 244/2/611
f 244/2/611 245/2/610 242/2/609
f 246/2/612 247/2/613 243/2/612
f 243/2/612 242/2/614 246/2/612
f 248/2/615 249/2/616 247/2/617
f 247/2/617 246/2/616 248/2/615
f 245/2/618 244/2/619 249/2/620
f 249/2/620 248/2/620 245/2/618
f 246/2/621 242/2/622 245/2/621
f 245/2/621 248/2/623 246/2/621
f 243/2/624 247/2/625 249/2/626
f 249/2/626 244/2/624 243/2/624
f 250/2/627 251/2/628 252/2/629
f 252/2/629 253/2/630 250/2/627
f 254/2/631 255/2/632 251/2/633
f 251/2/633 250/2/634 254/2/631
f 256/2/635 257/2/636 255/2/635
f 255/2/635 254/2/637 256/2/635
f 253/2/638 252/2/639 257/2/640
f 257/2/640 256/2/640 253/2/638
f 254/2/641 250/2/642 253/2/641
f 253/2/641 256/2/643 254/2/641
f 251/2/644 255/2/645 257/2/646
f 257/2/646 252/2/647 251/2/644
f 258/2/648 259/2/649 260/2/650
f 260/2/650 261/2/650 258/2/648
f 262/2/651 263/2/652 259/2/652
f 259/2/652 258/2/653 262/2/651
f 264/2/654 265/2/655 263/2/655
f 263/2/655 262/2/656 264/2/654
f 261/2/657 260/2/658 265/2/658
f 265/2/658 264/2/657 261/2/657
f 262/2/659 258/2/660 261/2/661
f 261/2/661 264/2/662 262/2/659
f 259/2/663 263/2/663 265/2/664
f 265/2/664 260/2/663 259/2/663
f 266/2/665 267/2/666 268/2/667
f 268/2/667 269/2/665 266/2/665
f 270/2/668 271/2/669 267/2/670
f 267/2/670 266/2/671 270/2/668
f 272/2/672 273/2/673 271/2/674
f 271/2/674 270/2/675 272/2/672
f 269/2/676 268/2/677 273/2/678
f 273/2/678 272/2/676 269/2/676
f 270/2/679 266/2/680 269/2/680
f 269/2/680 272/2/681 270/2/679
f 267/2/682 271/2/683 273/2/682
f 273/2/682 268/2/684 267/2/682
f 274/2/685 275/2/686 276/2/687
f 276/2/687 277/2/688 274/2/685
f 278/2/689 279/2/689 275/2/690
f 275/2/690 274/2/691 278/2/689
f 280/2/692 281/2/693 279/2/692
f 279/2/692 278/2/694 280/2/692
f 277/2/695 276/2/696 281/2/697
f 281/2/697 280/2/698 277/2/695
f 278/2/699 274/2/700 277/2/701
f 277/2/701 280/2/702 278/2/699
f 275/2/703 279/2/704 281/2/704
f 281/2/704 276/2/704 275/2/703
f 282/2/705 283/2/706 284/2/705
f 284/2/705 285/2/705 282/2/705
f 286/2/707 287/2/708 283/2/709
f 283/2/709 282/2/710 286/2/707
f 288/2/711 289/2/712 287/2/713
f 287/2/713 286/2/713 288/2/711
f 285/2/714 284/2/715 289/2/716
f 289/2/716 288/2/717 285/2/714
f 286/2/718 282/2/719 285/2/720
f 285/2/720 288/2/721 286/2/718
f 283/2/722 287/2/723 289/2/723
f 289/2/723 284/2/724 283/2/722
f 290/2/725 291/2/726 292/2/726
f 292/2/726 293/2/726 290/2/725
f 294/2/727 295/2/728 291/2/727
f 291/2/727 290/2/729 294/2/727
f 296/2/730 297/2/731 295/2/732
f 295/2/732 294/2/731 296/2/730
f 293/2/733 292/2/734 297/2/735
f 297/2/735 296/2/734 293/2/733
f 294/2/736 290/2/737 293/2/738
f 293/2/738 296/2/739 294/2/736
f 291/2/740 295/2/741 297/2/740
f 297/2/740 292/2/742 291/2/740
f 298/2/743 299/2/743 300/2/744
f 300/2/744 301/2/745 298/2/743
f 302/2/746 303/2/747 299/2/748
f 299/2/748 298/2/747 302/2/746
f 304/2/749 305/2/750 303/2/751
f 303/2/751 302/2/752 304/2/749
f 301/2/753 300/2/754 305/2/755
f 305/2/755 304/2/754 301/2/753
f 302/2/756 298/2/757 301/2/758
f 301/2/758 304/2/759 302/2/756
f 299/2/760 303/2/761 305/2/762
f 305/2/762 300/2/763 299/2/760
f 306/2/764 307/2/765 308/2/766
f 308/2/766 309/2/767 306/2/764
f 310/2/768 311/2/769 307/2/770
f 307/2/770 306/2/770 310/2/768
f 312/2/771 313/2/772 311/2/773
f 311/2/773 310/2/773 312/2/771
f 309/2/774 308/2/774 313/2/775
f 313/2/775 312/2/775 309/2/774
f 310/2/776 306/2/776 309/2/776
f 309/2/776 312/2/777 310/2/776
f 307/2/778 311/2/779 313/2/780
f 313/2/780 308/2/780 307/2/778
f 314/2/781 315/2/782 316/2/783
f 316/2/783 317/2/781 314/2/781
f 318/2/784 319/2/784 315/2/785
f 315/2/785 314/2/786 318/2/784
f 320/2/787 321/2/788 319/2/789
f 319/2/789 318/2/790 320/2/787
f 317/2/791 316/2/792 321/2/792
f 321/2/792 320/2/791 317/2/791
f 318/2/793 314/2/794 317/2/795
f 317/2/795 320/2/796 318/2/793
f 315/2/797 319/2/798 321/2/799
f 321/2/799 316/2/799 315/2/797
f 322/2/800 323/2/801 324/2/802
f 324/2/802 325/2/803 322/2/800
f 326/2/804 327/2/805 323/2/806
f 323/2/806 322/2/806 326/2/804
f 328/2/807 329/2/807 327/2/808
f 327/2/808 326/2/809 328/2/807
f 325/2/810 324/2/811 329/2/812
f 329/2/812 328/2/813 325/2/810
f 326/2/814 322/2/815 325/2/816
f 325/2/816 328/2/814 326/2/814
f 323/2/817 327/2/818 329/2/819
f 329/2/819 324/2/820 323/2/817
f 330/2/821 331/2/821 332/2/822
f 332/2/822 333/2/822 330/2/821
f 334/2/480 335/2/480 331/2/479
f 331/2/479 330/2/479 334/2/480
f 336/2/823 337/2/824 335/2/825
f 335/2/825 334/2/824 336/2/823
f 333/2/826 332/2/827 337/2/827
f 337/2/827 336/2/826 333/2/826
f 334/2/828 330/2/829 333/2/830
f 333/2/830 336/2/831 334/2/828
f 331/2/832 335/2/833 337/2/832
f 337/2/832 332/2/834 331/2/832
f 338/2/835 339/2/836 340/2/835
f 340/2/835 341/2/837 338/2/835
f 342/2/838 343/2/839 339/2/840
f 339/2/840 338/2/840 342/2/838
f 344/2/841 345/2/841 343/2/842
f 343/2/842 342/2/841 344/2/841
f 341/2/843 340/2/844 345/2/845
f 345/2/845 344/2/846 341/2/843
f 342/2/847 338/2/848 341/2/849
f 341/2/849 344/2/850 342/2/847
f 339/2/851 343/2/852 345/2/851
f 345/2/851 340/2/853 339/2/851
f 346/2/854 347/2/855 348/2/856
f 348/2/856 349/2/854 346/2/854
f 350/2/857 351/2/858 347/2/859
f 347/2/859 346/2/860 350/2/857
f 352/2/861 353/2/862 351/2/863
f 351/2/863 350/2/862 352/2/861
f 349/2/864 348/2/865 353/2/864
f 353/2/864 352/2/866 349/2/864
f 350/2/867 346/2/868 349/2/869
f 349/2/869 352/2/870 350/2/867
f 347/2/871 351/2/871 353/2/872
f 353/2/872 348/2/872 347/2/871
f 354/2/873 355/2/874 356/2/875
f 356/2/875 357/2/875 354/2/873
f 358/2/876 359/2/877 355/2/878
f 355/2/878 354/2/879 358/2/876
f 360/2/880 361/2/881 359/2/882
f 359/2/882 358/2/881 360/2/880
f 357/2/883 356/2/884 361/2/883
f 361/2/883 360/2/884 357/2/883
f 358/2/885 354/2/886 357/2/887
f 357/2/887 360/2/886 358/2/885
f 355/2/888 359/2/888 361/2/889
f 361/2/889 356/2/889 355/2/888
f 362/2/890 363/2/891 364/2/892
f 364/2/892 365/2/893 362/2/890
f 366/2/894 367/2/895 363/2/896
f 363/2/896 362/2/896 366/2/894
f 368/2/897 369/2/898 367/2/899
f 367/2/899 366/2/900 368/2/897
f 365/2/901 364/2/902 369/2/903
f 369/2/903 368/2/904 365/2/901
f 366/2/905 362/2/906 365/2/907
f 365/2/907 368/2/908 366/2/905
f 363/2/909 367/2/910 369/2/910
f 369/2/910 364/2/911 363/2/909
f 370/2/912 371/2/913 372/2/912
f 372/2/912 373/2/914 370/2/912
f 374/2/915 375/2/915 371/2/915
f 371/2/915 370/2/916 374/2/915
f 376/2/917 377/2/918 375/2/919
f 375/2/919 374/2/918 376/2/917
f 373/2/920 372/2/921 377/2/922
f 377/2/922 376/2/921 373/2/920
f 374/2/923 370/2/924 373/2/923
f 373/2/923 376/2/925 374/2/923
f 371/2/926 375/2/927 377/2/928
f 377/2/928 372/2/926 371/2/926
f 378/2/929 379/2/930 380/2/929
f 380/2/929 381/2/931 378/2/929
f 382/2/932 383/2/932 379/2/932
f 379/2/932 378/2/933 382/2/932
f 384/2/934 385/2/934 383/2/934
f 383/2/934 382/2/935 384/2/934
f 381/2/936 380/2/936 385/2/937
f 385/2/937 384/2/938 381/2/936
f 382/2/939 378/2/940 381/2/939
f 381/2/939 384/2/941 382/2/939
f 379/2/942 383/2/943 385/2/944
f 385/2/944 380/2/944 379/2/942
f 386/2/945 387/2/946 388/2/947
f 388/2/947 389/2/947 386/2/945
f 390/2/948 391/2/949 387/2/949
f 387/2/949 386/2/950 390/2/948
f 392/2/951 393/2/952 391/2/953
f 391/2/953 390/2/953 392/2/951
f 389/2/954 388/2/955 393/2/956
f 393/2/956 392/2/957 389/2/954
f 390/2/958 386/2/959 389/2/960
f 389/2/960 392/2/961 390/2/958
f 387/2/962 391/2/963 393/2/964
f 393/2/964 388/2/962 387/2/962
f 394/2/965 395/2/966 396/2/967
f 396/2/967 397/2/966 394/2/965
f 398/2/968 399/2/969 395/2/970
f 395/2/970 394/2/971 398/2/968
f 400/2/972 401/2/973 399/2/973
f 399/2/973 398/2/973 400/2/972
f 397/2/974 396/2/975 401/2/974
f 401/2/974 400/2/975 397/2/974
f 398/2/976 394/2/977 397/2/978
f 397/2/978 400/2/979 398/2/976
f 395/2/980 399/2/981 401/2/982
f 401/2/982 396/2/983 395/2/980
f 402/2/984 403/2/985 404/2/984
f 404/2/984 405/2/986 402/2/984
f 406/2/479 407/2/480 403/2/480
f 403/2/480 402/2/481 406/2/479
f 408/2/987 409/2/988 407/2/989
f 407/2/989 406/2/987 408/2/987
f 405/2/826 404/2/827 409/2/827
f 409/2/827 408/2/990 405/2/826
f 406/2/991 402/2/992 405/2/993
f 405/2/993 408/2/991 406/2/991
f 403/2/994 407/2/995 409/2/996
f 409/2/996 404/2/994 403/2/994
f 410/2/997 411/2/998 412/2/998
f 412/2/998 413/2/997 410/2/997
f 414/2/999 415/2/1000 411/2/1001
f 411/2/1001 410/2/1002 414/2/999
f 416/2/1003 417/2/1004 415/2/1005
f 415/2/1005 414/2/1006 416/2/1003
f 413/2/1007 412/2/1008 417/2/1007
f 417/2/1007 416/2/1009 413/2/1007
f 414/2/1010 410/2/1011 413/2/1012
f 413/2/1012 416/2/1012 414/2/1010
f 411/2/1013 415/2/1013 417/2/1014
f 417/2/1014 412/2/1015 411/2/1013
f 418/2/1016 419/2/1017 420/2/1018
f 420/2/1018 421/2/1019 418/2/1016
f 422/2/1020 423/2/1021 419/2/1022
f 419/2/1022 418/2/1023 422/2/1020
f 424/2/1024 425/2/1024 423/2/1025
f 423/2/1025 422/2/1026 424/2/1024
f 421/2/1027 420/2/1027 425/2/1028
f 425/2/1028 424/2/1029 421/2/1027
f 422/2/1030 418/2/1031 421/2/1032
f 421/2/1032 424/2/1033 422/2/1030
f 419/2/1034 423/2/1035 425/2/1036
f 425/2/1036 420/2/1037 419/2/1034
f 426/2/1038 427/2/1039 428/2/1039
f 428/2/1039 429/2/1038 426/2/1038
f 430/2/1040 431/2/1041 427/2/1042
f 427/2/1042 426/2/1043 430/2/1040
f 432/2/1044 433/2/1045 431/2/1045
f 431/2/1045 430/2/1044 432/2/1044
f 429/2/1046 428/2/1046 433/2/1046
f 433/2/1046 432/2/1047 429/2/1046
f 430/2/1048 426/2/1049 429/2/1050
f 429/2/1050 432/2/1051 430/2/1048
f 427/2/1052 431/2/1053 433/2/1054
f 433/2/1054 428/2/1055 427/2/1052
f 434/2/1056 435/2/1057 436/2/1058
f 436/2/1058 437/2/1058 434/2/1056
f 438/2/1059 439/2/1060 435/2/1060
f 435/2/1060 434/2/1060 438/2/1059
f 440/2/1061 441/2/1062 439/2/1062
f 439/2/1062 438/2/1063 440/2/1061
f 437/2/1064 436/2/1065 441/2/1064
f 441/2/1064 440/2/1066 437/2/1064
f 438/2/1067 434/2/1068 437/2/1069
f 437/2/1069 440/2/1070 438/2/1067
f 435/2/1071 439/2/1072 441/2/1073
f 441/2/1073 436/2/1074 435/2/1071
f 442/2/1075 443/2/1076 444/2/1076
f 444/2/1076 445/2/1076 442/2/1075
f 446/2/1077 447/2/1078 443/2/1077
f 443/2/1077 442/2/1079 446/2/1077
f 448/2/1080 449/2/1081 447/2/1082
f 447/2/1082 446/2/1081 448/2/1080
f 445/2/1083 444/2/1084 449/2/1083
f 449/2/1083 448/2/1085 445/2/1083
f 446/2/1086 442/2/1087 445/2/1088
f 445/2/1088 448/2/1088 446/2/1086
f 443/2/1089 447/2/1089 449/2/1090
f 449/2/1090 444/2/1091 443/2/1089
f 450/2/1092 451/2/1093 452/2/1094
f 452/2/1094 453/2/1095 450/2/1092
f 454/2/1096 455/2/1097 451/2/1096
f 451/2/1096 450/2/1098 454/2/1096
f 456/2/1099 457/2/1100 455/2/1100
f 455/2/1100 454/2/1101 456/2/1099
f 453/2/1102 452/2/1103 457/2/1104
f 457/2/1104 456/2/1105 453/2/1102
f 454/2/1106 450/2/1107 453/2/1108
f 453/2/1108 456/2/1109 454/2/1106
f 451/2/1110 455/2/1110 457/2/1111
f 457/2/1111 452/2/1112 451/2/1110
f 458/2/1113 459/2/1114 460/2/1115
f 460/2/1115 461/2/1116 458/2/1113
f 462/2/1117 463/2/1118 459/2/1118
f 459/2/1118 458/2/1119 462/2/1117
f 464/2/1120 465/2/1121 463/2/1122
f 463/2/1122 462/2/1120 464/2/1120
f 461/2/1123 460/2/1124 465/2/1125
f 465/2/1125 464/2/1126 461/2/1123
f 462/2/1127 458/2/1128 461/2/1129
f 461/2/1129 464/2/1130 462/2/1127
f 459/2/1131 463/2/1132 465/2/1133
f 465/2/1133 460/2/1134 459/2/1131
f 466/2/1135 467/2/1136 468/2/1137
f 468/2/1137 469/2/1137 466/2/1135
f 470/2/1138 471/2/1139 467/2/1140
f 467/2/1140 466/2/1141 470/2/1138
f 472/2/1142 473/2/1143 471/2/1142
f 471/2/1142 470/2/1144 472/2/1142
f 469/2/1145 468/2/1146 473/2/1146
f 473/2/1146 472/2/1147 469/2/1145
f 470/2/1148 466/2/1149 469/2/1148
f 469/2/1148 472/2/1149 470/2/1148
f 467/2/1150 471/2/1151 473/2/1152
f 473/2/1152 468/2/1151 467/2/1150
f 474/2/1153 475/2/1154 476/2/1154
f 476/2/1154 477/2/1153 474/2/1153
f 478/2/1155 479/2/1155 475/2/1156
f 475/2/1156 474/2/1157 478/2/1155
f 480/2/1158 481/2/1159 479/2/1159
f 479/2/1159 478/2/1158 480/2/1158
f 477/2/1160 476/2/1161 481/2/1160
f 481/2/1160 480/2/1162 477/2/1160
f 478/2/1163 474/2/1163 477/2/1163
f 477/2/1163 480/2/1164 478/2/1163
f 475/2/1165 479/2/1166 481/2/1167
f 481/2/1167 476/2/1165 475/2/1165
f 482/2/1168 483/2/1169 484/2/1170
f 484/2/1170 485/2/1171 482/2/1168
f 486/2/1172 487/2/1173 483/2/1174
f 483/2/1174 482/2/1175 486/2/1172
f 488/2/1176 489/2/1177 487/2/1178
f 487/2/1178 486/2/1177 488/2/1176
f 485/2/1179 484/2/1180 489/2/1180
f 489/2/1180 488/2/1181 485/2/1179
f 486/2/1182 482/2/1183 485/2/1182
f 485/2/1182 488/2/1184 486/2/1182
f 483/2/1185 487/2/1186 489/2/1187
f 489/2/1187 484/2/1188 483/2/1185
f 490/2/1189 491/2/1190 492/2/1191
f 492/2/1191 493/2/1189 490/2/1189
f 494/2/1192 495/2/1193 491/2/1194
f 491/2/1194 490/2/1195 494/2/1192
f 496/2/1196 497/2/1196 495/2/1197
f 495/2/1197 494/2/1198 496/2/1196
f 493/2/1199 492/2/1200 497/2/1201
f 497/2/1201 496/2/1202 493/2/1199
f 494/2/1203 490/2/1204 493/2/1205
f 493/2/1205 496/2/1203 494/2/1203
f 491/2/1206 495/2/1207 497/2/1208
f 497/2/1208 492/2/1207 491/2/1206
f 498/2/1209 499/2/1210 500/2/1211
f 500/2/1211 501/2/1212 498/2/1209
f 502/2/1213 503/2/1213 499/2/1214
f 499/2/1214 498/2/1215 502/2/1213
f 504/2/1216 505/2/1216 503/2/1217
f 503/2/1217 502/2/1217 504/2/1216
f 501/2/1218 500/2/1218 505/2/1219
f 505/2/1219 504/2/1220 501/2/1218
f 502/2/1221 498/2/1222 501/2/1221
f 501/2/1221 504/2/1223 502/2/1221
f 499/2/1224 503/2/1225 505/2/1225
f 505/2/1225 500/2/1224 499/2/1224
f 506/2/1226 507/2/1227 508/2/1228
f 508/2/1228 509/2/1229 506/2/1226
f 510/2/1230 511/2/1231 507/2/1232
f 507/2/1232 506/2/1233 510/2/1230
f 512/2/1234 513/2/1235 511/2/1236
f 511/2/1236 510/2/1237 512/2/1234
f 509/2/1238 508/2/1239 513/2/1240
f 513/2/1240 512/2/1240 509/2/1238
f 510/2/1241 506/2/1242 509/2/1243
f 509/2/1243 512/2/1244 510/2/1241
f 507/2/1245 511/2/1246 513/2/1246
f 513/2/1246 508/2/1247 507/2/1245
f 514/2/1248 515/2/1249 516/2/1250
f 516/2/1250 517/2/1249 514/2/1248
f 518/2/1251 519/2/1252 515/2/1253
f 515/2/1253 514/2/1254 518/2/1251
f 520/2/1255 521/2/1255 519/2/1256
f 519/2/1256 518/2/1255 520/2/1255
f 517/2/1257 516/2/1258 521/2/1259
f 521/2/1259 520/2/1260 517/2/1257
f 518/2/1261 514/2/1262 517/2/1263
f 517/2/1263 520/2/1264 518/2/1261
f 515/2/1265 519/2/1266 521/2/1267
f 521/2/1267 516/2/1265 515/2/1265
f 522/2/1268 523/2/1268 524/2/1269
f 524/2/1269 525/2/1270 522/2/1268
f 526/2/1271 527/2/1272 523/2/1271
f 523/2/1271 522/2/1273 526/2/1271
f 528/2/1274 529/2/1274 527/2/1275
f 527/2/1275 526/2/1276 528/2/1274
f 525/2/1277 524/2/1277 529/2/1277
f 529/2/1277 528/2/1278 525/2/1277
f 526/2/1279 522/2/1280 525/2/1279
f 525/2/1279 528/2/1281 526/2/1279
f 523/2/1282 527/2/1283 529/2/1282
f 529/2/1282 524/2/1282 523/2/1282
f 530/2/1284 531/2/1285 532/2/1286
f 532/2/1286 533/2/1287 530/2/1284
f 534/2/1288 535/2/1289 531/2/1290
f 531/2/1290 530/2/1291 534/2/1288
f 536/2/1292 537/2/1293 535/2/1294
f 535/2/1294 534/2/1292 536/2/1292
f 533/2/1295 532/2/1296 537/2/1297
f 537/2/1297 536/2/1295 533/2/1295
f 534/2/1298 530/2/1299 533/2/1300
f 533/2/1300 536/2/1300 534/2/1298
f 531/2/1301 535/2/1302 537/2/1303
f 537/2/1303 532/2/1304 531/2/1301
f 538/2/1305 539/2/1306 540/2/1307
f 540/2/1307 541/2/1306 538/2/1305
f 542/2/1308 543/2/1309 539/2/1310
f 539/2/1310 538/2/1309 542/2/1308
f 544/2/1311 545/2/1312 543/2/1313
f 543/2/1313 542/2/1314 544/2/1311
f 541/2/1315 540/2/1316 545/2/1317
f 545/2/1317 544/2/1316 541/2/1315
f 542/2/1318 538/2/1319 541/2/1318
f 541/2/1318 544/2/1320 542/2/1318
f 539/2/1321 543/2/1321 545/2/1322
f 545/2/1322 540/2/1321 539/2/1321
f 546/2/1323 547/2/1323 548/2/1323
f 548/2/1323 549/2/1323 546/2/1323
f 550/2/1324 551/2/1325 547/2/1324
f 547/2/1324 546/2/1326 550/2/1324
f 552/2/1327 553/2/1328 551/2/1327
f 551/2/1327 550/2/1327 552/2/1327
f 549/2/1329 548/2/1330 553/2/1331
f 553/2/1331 552/2/1331 549/2/1329
f 550/2/1332 546/2/1333 549/2/1334
f 549/2/1334 552/2/1335 550/2/1332
f 547/2/1336 551/2/1336 553/2/1336
f 553/2/1336 548/2/1337 547/2/1336
f 554/2/1338 555/2/1339 556/2/1340
f 556/2/1340 557/2/1340 554/2/1338
f 558/2/1341 559/2/1342 555/2/1343
f 555/2/1343 554/2/1344 558/2/1341
f 560/2/1345 561/2/1346 559/2/1347
f 559/2/1347 558/2/1345 560/2/1345
f 557/2/1348 556/2/1349 561/2/1350
f 561/2/1350 560/2/1350 557/2/1348
f 558/2/1351 554/2/1352 557/2/1352
f 557/2/1352 560/2/1353 558/2/1351
f 555/2/1354 559/2/1355 561/2/1355
f 561/2/1355 556/2/1354 555/2/1354
f 562/2/1356 563/2/1356 564/2/1357
f 564/2/1357 565/2/1357 562/2/1356
f 566/2/1358 567/2/1359 563/2/1360
f 563/2/1360 562/2/1361 566/2/1358
f 568/2/1362 569/2/1363 567/2/1364
f 567/2/1364 566/2/1363 568/2/1362
f 565/2/1365 564/2/1366 569/2/1367
f 569/2/1367 568/2/1367 565/2/1365
f 566/2/1368 562/2/1369 565/2/1369
f 565/2/1369 568/2/1370 566/2/1368
f 563/2/1371 567/2/1372 569/2/1372
f 569/2/1372 564/2/1371 563/2/1371
f 570/2/1373 571/2/1374 572/2/1375
f 572/2/1375 573/2/1374 570/2/1373
f 574/2/1376 575/2/1377 571/2/1378
f 571/2/1378 570/2/1379 574/2/1376
f 576/2/1380 577/2/1380 575/2/1381
f 575/2/1381 574/2/1382 576/2/1380
f 573/2/1383 572/2/1384 577/2/1384
f 577/2/1384 576/2/1384 573/2/1383
f 574/2/1385 570/2/1386 573/2/1387
f 573/2/1387 576/2/1388 574/2/1385
f 571/2/1389 575/2/1390 577/2/1391
f 577/2/1391 572/2/1391 571/2/1389
f 578/2/1392 579/2/1393 580/2/1394
f 580/2/1394 581/2/1395 578/2/1392
f 582/2/1396 583/2/1397 579/2/1397
f 579/2/1397 578/2/1396 582/2/1396
f 584/2/1398 585/2/1399 583/2/1398
f 583/2/1398 582/2/1398 584/2/1398
f 581/2/1400 580/2/1401 585/2/1402
f 585/2/1402 584/2/1402 581/2/1400
f 582/2/1403 578/2/1403 581/2/1403
f 581/2/1403 584/2/1404 582/2/1403
f 579/2/1405 583/2/1406 585/2/1407
f 585/2/1407 580/2/1408 579/2/1405
f 586/2/1409 587/2/1409 588/2/1410
f 588/2/1410 589/2/1411 586/2/1409
f 590/2/1412 591/2/1413 587/2/1414
f 587/2/1414 586/2/1414 590/2/1412
f 592/2/1415 593/2/1416 591/2/1417
f 591/2/1417 590/2/1418 592/2/1415
f 589/2/1419 588/2/1420 593/2/1421
f 593/2/1421 592/2/1421 589/2/1419
f 590/2/1422 586/2/1423 589/2/1424
f 589/2/1424 592/2/1425 590/2/1422
f 587/2/1426 591/2/1427 593/2/1428
f 593/2/1428 588/2/1429 587/2/1426
f 594/2/1430 595/2/1431 596/2/1432
f 596/2/1432 597/2/1430 594/2/1430
f 598/2/1433 599/2/1434 595/2/1433
f 595/2/1433 594/2/1435 598/2/1433
f 600/2/1436 601/2/1437 599/2/1438
f 599/2/1438 598/2/1439 600/2/1436
f 597/2/1440 596/2/1441 601/2/1442
f 601/2/1442 600/2/1441 597/2/1440
f 598/2/1443 594/2/1444 597/2/1445
f 597/2/1445 600/2/1446 598/2/1443
f 595/2/1447 599/2/1447 601/2/1448
f 601/2/1448 596/2/1449 595/2/1447
f 602/2/1450 603/2/1451 604/2/1452
f 604/2/1452 605/2/1453 602/2/1450
f 606/2/1454 607/2/1454 603/2/1454
f 603/2/1454 602/2/1454 606/2/1454
f 608/2/1455 609/2/1456 607/2/1457
f 607/2/1457 606/2/1458 608/2/1455
f 605/2/1459 604/2/1460 609/2/1461
f 609/2/1461 608/2/1460 605/2/1459
f 606/2/1462 602/2/1463 605/2/1464
f 605/2/1464 608/2/1463 606/2/1462
f 603/2/1465 607/2/1466 609/2/1466
f 609/2/1466 604/2/1467 603/2/1465
f 610/2/1468 611/2/1469 612/2/1469
f 612/2/1469 613/2/1469 610/2/1468
f 614/2/1470 615/2/1471 611/2/1472
f 611/2/1472 610/2/1473 614/2/1470
f 616/2/1474 617/2/1475 615/2/1476
f 615/2/1476 614/2/1477 616/2/1474
f 613/2/1478 612/2/1478 617/2/1479
f 617/2/1479 616/2/1478 613/2/1478
f 614/2/1480 610/2/1481 613/2/1482
f 613/2/1482 616/2/1480 614/2/1480
f 611/2/1483 615/2/1484 617/2/1485
f 617/2/1485 612/2/1484 611/2/1483
f 618/2/1486 619/2/1486 620/2/1486
f 620/2/1486 621/2/1487 618/2/1486
f 622/2/1488 623/2/1489 619/2/1490
f 619/2/1490 618/2/1491 622/2/1488
f 624/2/1492 625/2/1493 623/2/1493
f 623/2/1493 622/2/1494 624/2/1492
f 621/2/1495 620/2/1496 625/2/1495
f 625/2/1495 624/2/1495 621/2/1495
f 622/2/1497 618/2/1498 621/2/1499
f 621/2/1499 624/2/1499 622/2/1497
f 619/2/1500 623/2/1500 625/2/1501
f 625/2/1501 620/2/1501 619/2/1500
f 626/2/1502 627/2/1503 628/2/1504
f 628/2/1504 629/2/1505 626/2/1502
f 630/2/1506 631/2/1507 627/2/1508
f 627/2/1508 626/2/1509 630/2/1506
f 632/2/1510 633/2/1511 631/2/1511
f 631/2/1511 630/2/1512 632/2/1510
f 629/2/1513 628/2/1514 633/2/1515
f 633/2/1515 632/2/1513 629/2/1513
f 630/2/1516 626/2/1517 629/2/1518
f 629/2/1518 632/2/1518 630/2/1516
f 627/2/1519 631/2/1520 633/2/1521
f 633/2/1521 628/2/1519 627/2/1519
f 634/2/1522 635/2/1523 636/2/1524
f 636/2/1524 637/2/1523 634/2/1522
f 638/2/1525 639/2/1526 635/2/1526
f 635/2/1526 634/2/1525 638/2/1525
f 640/2/1527 641/2/1528 639/2/1528
f 639/2/1528 638/2/1529 640/2/1527
f 637/2/1530 636/2/1530 641/2/1531
f 641/2/1531 640/2/1532 637/2/1530
f 638/2/1533 634/2/1534 637/2/1535
f 637/2/1535 640/2/1536 638/2/1533
f 635/2/1537 639/2/1538 641/2/1539
f 641/2/1539 636/2/1540 635/2/1537
f 642/2/1541 643/2/1542 644/2/1543
f 644/2/1543 645/2/1542 642/2/1541
f 646/2/1544 647/2/1545 643/2/1546
f 643/2/1546 642/2/1547 646/2/1544
f 648/2/1548 649/2/1549 647/2/1550
f 647/2/1550 646/2/1548 648/2/1548
f 645/2/1551 644/2/1552 649/2/1552
f 649/2/1552 648/2/1553 645/2/1551
f 646/2/1554 642/2/1555 645/2/1556
f 645/2/1556 648/2/1557 646/2/1554
f 643/2/1558 647/2/1559 649/2/1558
f 649/2/1558 644/2/1560 643/2/1558
f 650/2/1561 651/2/1561 652/2/1562
f 652/2/1562 653/2/1563 650/2/1561
f 654/2/1564 655/2/1565 651/2/1565
f 651/2/1565 650/2/1566 654/2/1564
f 656/2/1567 657/2/1568 655/2/1569
f 655/2/1569 654/2/1570 656/2/1567
f 653/2/1571 652/2/1571 657/2/1572
f 657/2/1572 656/2/1573 653/2/1571
f 654/2/1574 650/2/1575 653/2/1574
f 653/2/1574 656/2/1574 654/2/1574
f 651/2/1576 655/2/1577 657/2/1578
f 657/2/1578 652/2/1576 651/2/1576
f 658/2/1579 659/2/1580 660/2/1581
f 660/2/1581 661/2/1581 658/2/1579
f 662/2/1582 663/2/1583 659/2/1582
f 659/2/1582 658/2/1584 662/2/1582
f 664/2/1585 665/2/1586 663/2/1587
f 663/2/1587 662/2/1585 664/2/1585
f 661/2/1588 660/2/1589 665/2/1590
f 665/2/1590 664/2/1591 661/2/1588
f 662/2/1592 658/2/1593 661/2/1594
f 661/2/1594 664/2/1595 662/2/1592
f 659/2/1596 663/2/1597 665/2/1598
f 665/2/1598 660/2/1599 659/2/1596
f 666/2/1600 667/2/1601 668/2/1600
f 668/2/1600 669/2/1600 666/2/1600
f 670/2/1602 671/2/1603 667/2/1604
f 667/2/1604 666/2/1605 670/2/1602
f 672/2/1606 673/2/1607 671/2/1608
f 671/2/1608 670/2/1609 672/2/1606
f 669/2/1610 668/2/1611 673/2/1612
f 673/2/1612 672/2/1613 669/2/1610
f 670/2/1614 666/2/1614 669/2/1615
f 669/2/1615 672/2/1615 670/2/1614
f 667/2/1616 671/2/1617 673/2/1618
f 673/2/1618 668/2/1619 667/2/1616
f 674/2/1620 675/2/1621 676/2/1621
f 676/2/1621 677/2/1621 674/2/1620
f 678/2/1622 679/2/1622 675/2/1623
f 675/2/1623 674/2/1624 678/2/1622
f 680/2/1625 681/2/1626 679/2/1627
f 679/2/1627 678/2/1628 680/2/1625
f 677/2/1629 676/2/1629 681/2/1629
f 681/2/1629 680/2/1629 677/2/1629
f 678/2/1630 674/2/1631 677/2/1631
f 677/2/1631 680/2/1632 678/2/1630
f 675/2/1633 679/2/1633 681/2/1634
f 681/2/1634 676/2/1634 675/2/1633
f 682/2/1635 683/2/1636 684/2/1637
f 684/2/1637 685/2/1637 682/2/1635
f 686/2/1638 687/2/1639 683/2/1640
f 683/2/1640 682/2/1641 686/2/1638
f 688/2/1642 689/2/1643 687/2/1643
f 687/2/1643 686/2/1644 688/2/1642
f 685/2/1645 684/2/1646 689/2/1645
f 689/2/1645 688/2/1646 685/2/1645
f 686/2/1647 682/2/1647 685/2/1648
f 685/2/1648 688/2/1649 686/2/1647
f 683/2/1650 687/2/1651 689/2/1650
f 689/2/1650 684/2/1650 683/2/1650
f 690/2/1652 691/2/1653 692/2/1653
f 692/2/1653 693/2/1654 690/2/1652
f 694/2/1655 695/2/1655 691/2/1655
f 691/2/1655 690/2/1655 694/2/1655
f 696/2/1656 697/2/1657 695/2/1657
f 695/2/1657 694/2/1656 696/2/1656
f 693/2/1658 692/2/1658 697/2/1658
f 697/2/1658 696/2/1658 693/2/1658
f 694/2/1659 690/2/1660 693/2/1660
f 693/2/1660 696/2/1661 694/2/1659
f 691/2/1662 695/2/1663 697/2/1663
f 697/2/1663 692/2/1664 691/2/1662
f 698/2/1665 699/2/1666 700/2/1667
f 700/2/1667 701/2/1668 698/2/1665
f 702/2/1669 703/2/1670 699/2/1671
f 699/2/1671 698/2/1669 702/2/1669
f 704/2/1672 705/2/1673 703/2/1673
f 703/2/1673 702/2/1674 704/2/1672
f 701/2/1675 700/2/1676 705/2/1677
f 705/2/1677 704/2/1675 701/2/1675
f 702/2/1678 698/2/1679 701/2/1678
f 701/2/1678 704/2/1680 702/2/1678
f 699/2/1681 703/2/1682 705/2/1682
f 705/2/1682 700/2/1681 699/2/1681
f 706/2/1683 707/2/1684 708/2/1685
f 708/2/1685 709/2/1686 706/2/1683
f 710/2/1687 711/2/1688 707/2/1689
f 707/2/1689 706/2/1690 710/2/1687
f 712/2/1691 713/2/1692 711/2/1692
f 711/2/1692 710/2/1691 712/2/1691
f 709/2/1693 708/2/1694 713/2/1693
f 713/2/1693 712/2/1695 709/2/1693
f 710/2/1696 706/2/1697 709/2/1696
f 709/2/1696 712/2/1698 710/2/1696
f 707/2/1699 711/2/1700 713/2/1701
f 713/2/1701 708/2/1702 707/2/1699
f 714/2/1703 715/2/1704 716/2/1705
f 716/2/1705 717/2/1704 714/2/1703
f 718/2/1706 719/2/1707 715/2/1707
f 715/2/1707 714/2/1708 718/2/1706
f 720/2/1709 721/2/1710 719/2/1710
f 719/2/1710 718/2/1711 720/2/1709
f 717/2/1712 716/2/1713 721/2/1713
f 721/2/1713 720/2/1714 717/2/1712
f 718/2/1715 714/2/1716 717/2/1717
f 717/2/1717 720/2/1717 718/2/1715
f 715/2/1718 719/2/1719 721/2/1720
f 721/2/1720 716/2/1721 715/2/1718
f 722/2/1722 723/2/1723 724/2/1724
f 724/2/1724 725/2/1725 722/2/1722
f 726/2/1726 727/2/1727 723/2/1727
f 723/2/1727 722/2/1727 726/2/1726
f 728/2/1728 729/2/1728 727/2/1729
f 727/2/1729 726/2/1728 728/2/1728
f 725/2/1730 724/2/1731 729/2/1732
f 729/2/1732 728/2/1733 725/2/1730
f 726/2/1734 722/2/1735 725/2/1736
f 725/2/1736 728/2/1734 726/2/1734
f 723/2/1737 727/2/1738 729/2/1737
f 729/2/1737 724/2/1739 723/2/1737
f 730/2/1740 731/2/1740 732/2/1741
f 732/2/1741 733/2/1742 730/2/1740
f 734/2/1743 735/2/1744 731/2/1745
f 731/2/1745 730/2/1743 734/2/1743
f 736/2/1746 737/2/1747 735/2/1748
f 735/2/1748 734/2/1749 736/2/1746
f 733/2/1750 732/2/1751 737/2/1752
f 737/2/1752 736/2/1751 733/2/1750
f 734/2/1753 730/2/1754 733/2/1753
f 733/2/1753 736/2/1755 734/2/1753
f 731/2/1756 735/2/1757 737/2/1758
f 737/2/1758 732/2/1759 731/2/1756
f 738/2/1760 739/2/1760 740/2/1761
f 740/2/1761 741/2/1762 738/2/1760
f 742/2/1763 743/2/1764 739/2/1765
f 739/2/1765 738/2/1766 742/2/1763
f 744/2/1767 745/2/1768 743/2/1769
f 743/2/1769 742/2/1768 744/2/1767
f 741/2/1770 740/2/1771 745/2/1771
f 745/2/1771 744/2/1771 741/2/1770
f 742/2/1772 738/2/1772 741/2/1773
f 741/2/1773 744/2/1774 742/2/1772
f 739/2/1775 743/2/1776 745/2/1777
f 745/2/1777 740/2/1778 739/2/1775
f 746/2/1779 747/2/1779 748/2/1780
f 748/2/1780 749/2/1781 746/2/1779
f 750/2/1782 751/2/1783 747/2/1782
f 747/2/1782 746/2/1782 750/2/1782
f 752/2/1784 753/2/1785 751/2/1786
f 751/2/1786 750/2/1787 752/2/1784
f 749/2/1788 748/2/1789 753/2/1789
f 753/2/1789 752/2/1790 749/2/1788
f 750/2/1791 746/2/1792 749/2/1793
f 749/2/1793 752/2/1793 750/2/1791
f 747/2/1794 751/2/1795 753/2/1796
f 753/2/1796 748/2/1794 747/2/1794
f 754/2/1797 755/2/1798 756/2/1799
f 756/2/1799 757/2/1798 754/2/1797
f 758/2/1800 759/2/1800 755/2/1801
f 755/2/1801 754/2/1802 758/2/1800
f 760/2/1803 761/2/1804 759/2/1803
f 759/2/1803 758/2/1803 760/2/1803
f 757/2/1805 756/2/1806 761/2/1807
f 761/2/1807 760/2/1807 757/2/1805
f 758/2/1808 754/2/1808 757/2/1809
f 757/2/1809 760/2/1810 758/2/1808
f 755/2/1811 759/2/1812 761/2/1813
f 761/2/1813 756/2/1814 755/2/1811
f 762/2/1815 763/2/1816 764/2/1816
f 764/2/1816 765/2/1816 762/2/1815
f 766/2/1817 767/2/1818 763/2/1818
f 763/2/1818 762/2/1818 766/2/1817
f 768/2/1819 769/2/1819 767/2/1819
f 767/2/1819 766/2/1819 768/2/1819
f 765/2/1820 764/2/1820 769/2/1820
f 769/2/1820 768/2/1821 765/2/1820
f 766/2/1822 762/2/1823 765/2/1824
f 765/2/1824 768/2/1825 766/2/1822
f 763/2/1826 767/2/1827 769/2/1826
f 769/2/1826 764/2/1826 763/2/1826
f 770/2/1828 771/2/1829 772/2/1828
f 772/2/1828 773/2/1828 770/2/1828
f 774/2/1830 775/2/1831 771/2/1832
f 771/2/1832 770/2/1832 774/2/1830
f 776/2/1833 777/2/1834 775/2/1835
f 775/2/1835 774/2/1834 776/2/1833
f 773/2/1836 772/2/1837 777/2/1838
f 777/2/1838 776/2/1839 773/2/1836
f 774/2/1840 770/2/1841 773/2/1842
f 773/2/1842 776/2/1843 774/2/1840
f 771/2/1844 775/2/1845 777/2/1846
f 777/2/1846 772/2/1847 771/2/1844
f 778/2/1848 779/2/1849 780/2/1850
f 780/2/1850 781/2/1851 778/2/1848
f 782/2/1852 783/2/1853 779/2/1852
f 779/2/1852 778/2/1853 782/2/1852
f 784/2/1854 785/2/1855 783/2/1855
f 783/2/1855 782/2/1856 784/2/1854
f 781/2/1857 780/2/1858 785/2/1858
f 785/2/1858 784/2/1859 781/2/1857
f 782/2/1860 778/2/1861 781/2/1861
f 781/2/1861 784/2/1862 782/2/1860
f 779/2/1863 783/2/1864 785/2/1864
f 785/2/1864 780/2/1865 779/2/1863
f 786/2/1866 787/2/1866 788/2/1867
f 788/2/1867 789/2/1868 786/2/1866
f 790/2/1869 791/2/1870 787/2/1870
f 787/2/1870 786/2/1871 790/2/1869
f 792/2/1872 793/2/1872 791/2/1873
f 791/2/1873 790/2/1874 792/2/1872
f 789/2/1875 788/2/1876 793/2/1877
f 793/2/1877 792/2/1878 789/2/1875
f 790/2/1879 786/2/1880 789/2/1881
f 789/2/1881 792/2/1881 790/2/1879
f 787/2/1882 791/2/1883 793/2/1882
f 793/2/1882 788/2/1884 787/2/1882
f 794/2/1885 795/2/1885 796/2/1886
f 796/2/1886 797/2/1887 794/2/1885
f 798/2/1888 799/2/1889 795/2/1890
f 795/2/1890 794/2/1888 798/2/1888
f 800/2/1891 801/2/1892 799/2/1892
f 799/2/1892 798/2/1893 800/2/1891
f 797/2/1894 796/2/1895 801/2/1896
f 801/2/1896 800/2/1897 797/2/1894
f 798/2/1898 794/2/1899 797/2/1900
f 797/2/1900 800/2/1901 798/2/1898
f 795/2/1902 799/2/1903 801/2/1904
f 801/2/1904 796/2/1905 795/2/1902
f 802/2/1906 803/2/1907 804/2/1908
f 804/2/1908 805/2/1906 802/2/1906
f 806/2/1909 807/2/1910 803/2/1911
f 803/2/1911 802/2/1912 806/2/1909
f 808/2/1913 809/2/1914 807/2/1915
f 807/2/1915 806/2/1916 808/2/1913
f 805/2/1917 804/2/1918 809/2/1919
f 809/2/1919 808/2/1917 805/2/1917
f 806/2/1920 802/2/1921 805/2/1921
f 805/2/1921 808/2/1921 806/2/1920
f 803/2/1922 807/2/1922 809/2/1923
f 809/2/1923 804/2/1923 803/2/1922
f 810/2/1924 811/2/1925 812/2/1925
f 812/2/1925 813/2/1926 810/2/1924
f 814/2/1927 815/2/1928 811/2/1929
f 811/2/1929 810/2/1930 814/2/1927
f 816/2/1931 817/2/1932 815/2/1933
f 815/2/1933 814/2/1934 816/2/1931
f 813/2/1935 812/2/1936 817/2/1936
f 817/2/1936 816/2/1937 813/2/1935
f 814/2/1938 810/2/1939 813/2/1940
f 813/2/1940 816/2/1940 814/2/1938
f 811/2/1941 815/2/1942 817/2/1943
f 817/2/1943 812/2/1944 811/2/1941
f 818/2/1945 819/2/1946 820/2/1947
f 820/2/1947 821/2/1948 818/2/1945
f 822/2/1949 823/2/1950 819/2/1950
f 819/2/1950 818/2/1949 822/2/1949
f 824/2/1951 825/2/1952 823/2/1953
f 823/2/1953 822/2/1953 824/2/1951
f 821/2/1954 820/2/1955 825/2/1954
f 825/2/1954 824/2/1956 821/2/1954
f 822/2/1957 818/2/1958 821/2/1958
f 821/2/1958 824/2/1959 822/2/1957
f 819/2/1960 823/2/1961 825/2/1962
f 825/2/1962 820/2/1962 819/2/1960
f 826/2/1963 827/2/1964 828/2/1964
f 828/2/1964 829/2/1965 826/2/1963
f 830/2/1966 831/2/1966 827/2/1967
f 827/2/1967 826/2/1968 830/2/1966
f 832/2/1969 833/2/1970 831/2/1969
f 831/2/1969 830/2/1970 832/2/1969
f 829/2/1971 828/2/1972 833/2/1973
f 833/2/1973 832/2/1974 829/2/1971
f 830/2/1975 826/2/1976 829/2/1977
f 829/2/1977 832/2/1978 830/2/1975
f 827/2/1979 831/2/1980 833/2/1981
f 833/2/1981 828/2/1982 827/2/1979
f 834/2/1983 835/2/1984 836/2/1983
f 836/2/1983 837/2/1985 834/2/1983
f 838/2/1986 839/2/1986 835/2/1987
f 835/2/1987 834/2/1987 838/2/1986
f 840/2/1988 841/2/1988 839/2/1989
f 839/2/1989 838/2/1988 840/2/1988
f 837/2/1990 836/2/1990 841/2/1990
f 841/2/1990 840/2/1991 837/2/1990
f 838/2/1992 834/2/1993 837/2/1994
f 837/2/1994 840/2/1995 838/2/1992
f 835/2/1996 839/2/1997 841/2/1997
f 841/2/1997 836/2/1998 835/2/1996
f 842/2/1999 843/2/2000 844/2/2001
f 844/2/2001 845/2/2002 842/2/1999
f 846/2/2003 847/2/2004 843/2/2005
f 843/2/2005 842/2/2004 846/2/2003
f 848/2/2006 849/2/2007 847/2/2007
f 847/2/2007 846/2/2008 848/2/2006
f 845/2/2009 844/2/2010 849/2/2010
f 849/2/2010 848/2/2011 845/2/2009
f 846/2/2012 842/2/2013 845/2/2014
f 845/2/2014 848/2/2015 846/2/2012
f 843/2/2016 847/2/2017 849/2/2016
f 849/2/2016 844/2/2016 843/2/2016
f 850/2/2018 851/2/2019 852/2/2020
f 852/2/2020 853/2/2021 850/2/2018
f 854/2/2022 855/2/2023 851/2/2024
f 851/2/2024 850/2/2023 854/2/2022
f 856/2/2025 857/2/2025 855/2/2025
f 855/2/2025 854/2/2026 856/2/2025
f 853/2/2027 852/2/2028 857/2/2029
f 857/2/2029 856/2/2027 853/2/2027
f 854/2/2030 850/2/2031 853/2/2030
f 853/2/2030 856/2/2032 854/2/2030
f 851/2/2033 855/2/2034 857/2/2033
f 857/2/2033 852/2/2035 851/2/2033
f 858/2/2036 859/2/2037 860/2/2038
f 860/2/2038 861/2/2039 858/2/2036
f 862/2/2040 863/2/2041 859/2/2042
f 859/2/2042 858/2/2043 862/2/2040
f 864/2/2044 865/2/2045 863/2/2046
f 863/2/2046 862/2/2047 864/2/2044
f 861/2/2048 860/2/2049 865/2/2050
f 865/2/2050 864/2/2048 861/2/2048
f 862/2/2051 858/2/2052 861/2/2053
f 861/2/2053 864/2/2053 862/2/2051
f 859/2/2054 863/2/2055 865/2/2055
f 865/2/2055 860/2/2056 859/2/2054
f 866/2/2057 867/2/2058 868/2/2059
f 868/2/2059 869/2/2058 866/2/2057
f 870/2/2060 871/2/2061 867/2/2062
f 867/2/2062 866/2/2061 870/2/2060
f 872/2/2063 873/2/2064 871/2/2063
f 871/2/2063 870/2/2065 872/2/2063
f 869/2/2066 868/2/2067 873/2/2068
f 873/2/2068 872/2/2067 869/2/2066
f 870/2/2069 866/2/2070 869/2/2071
f 869/2/2071 872/2/2072 870/2/2069
f 867/2/2073 871/2/2074 873/2/2075
f 873/2/2075 868/2/2076 867/2/2073
f 874/2/2077 875/2/2078 876/2/2078
f 876/2/2078 877/2/2079 874/2/2077
f 878/2/2080 879/2/2081 875/2/2082
f 875/2/2082 874/2/2083 878/2/2080
f 880/2/2084 881/2/2085 879/2/2085
f 879/2/2085 878/2/2086 880/2/2084
f 877/2/2087 876/2/2088 881/2/2089
f 881/2/2089 880/2/2089 877/2/2087
f 878/2/2090 874/2/2091 877/2/2090
f 877/2/2090 880/2/2092 878/2/2090
f 875/2/2093 879/2/2094 881/2/2095
f 881/2/2095 876/2/2093 875/2/2093
f 882/2/2096 883/2/2097 884/2/2098
f 884/2/2098 885/2/2099 882/2/2096
f 886/2/2100 887/2/2101 883/2/2102
f 883/2/2102 882/2/2101 886/2/2100
f 888/2/2103 889/2/2103 887/2/2104
f 887/2/2104 886/2/2105 888/2/2103
f 885/2/2106 884/2/2107 889/2/2108
f 889/2/2108 888/2/2109 885/2/2106
f 886/2/2110 882/2/2110 885/2/2111
f 885/2/2111 888/2/2112 886/2/2110
f 883/2/2113 887/2/2114 889/2/2115
f 889/2/2115 884/2/2114 883/2/2113
f 890/2/2116 891/2/2117 892/2/2118
f 892/2/2118 893/2/2119 890/2/2116
f 894/2/2120 895/2/2121 891/2/2120
f 891/2/2120 890/2/2121 894/2/2120
f 896/2/2122 897/2/2123 895/2/2124
f 895/2/2124 894/2/2125 896/2/2122
f 893/2/2126 892/2/2127 897/2/2128
f 897/2/2128 896/2/2129 893/2/2126
f 894/2/2130 890/2/2131 893/2/2131
f 893/2/2131 896/2/2132 894/2/2130
f 891/2/2133 895/2/2133 897/2/2134
f 897/2/2134 892/2/2133 891/2/2133
f 898/2/2135 899/2/2135 900/2/2135
f 900/2/2135 901/2/2136 898/2/2135
f 902/2/2137 903/2/2138 899/2/2139
f 899/2/2139 898/2/2140 902/2/2137
f 904/2/2141 905/2/2142 903/2/2143
f 903/2/2143 902/2/2144 904/2/2141
f 901/2/2145 900/2/2146 905/2/2145
f 905/2/2145 904/2/2147 901/2/2145
f 902/2/2148 898/2/2149 901/2/2150
f 901/2/2150 904/2/2148 902/2/2148
f 899/2/2151 903/2/2152 905/2/2153
f 905/2/2153 900/2/2154 899/2/2151
f 906/2/2155 907/2/2156 908/2/2156
f 908/2/2156 909/2/2155 906/2/2155
f 910/2/2157 911/2/2158 907/2/2158
f 907/2/2158 906/2/2159 910/2/2157
f 912/2/2160 913/2/2160 911/2/2161
f 911/2/2161 910/2/2160 912/2/2160
f 909/2/2162 908/2/2162 913/2/2162
f 913/2/2162 912/2/2162 909/2/2162
f 910/2/2163 906/2/2164 909/2/2165
f 909/2/2165 912/2/2165 910/2/2163
f 907/2/2166 911/2/2167 913/2/2168
f 913/2/2168 908/2/2168 907/2/2166
f 914/2/2169 915/2/2169 916/2/2170
f 916/2/2170 917/2/2169 914/2/2169
f 918/2/2171 919/2/2172 915/2/2173
f 915/2/2173 914/2/2173 918/2/2171
f 920/2/2174 921/2/2175 919/2/2174
f 919/2/2174 918/2/2176 920/2/2174
f 917/2/2177 916/2/2178 921/2/2179
f 921/2/2179 920/2/2180 917/2/2177
f 918/2/2181 914/2/2182 917/2/2181
f 917/2/2181 920/2/2183 918/2/2181
f 915/2/2184 919/2/2185 921/2/2186
f 921/2/2186 916/2/2184 915/2/2184
f 922/2/2187 923/2/2188 924/2/2189
f 924/2/2189 925/2/2188 922/2/2187
f 926/2/2190 927/2/2191 923/2/2192
f 923/2/2192 922/2/2190 926/2/2190
f 928/2/2193 929/2/2193 927/2/2194
f 927/2/2194 926/2/2195 928/2/2193
f 925/2/2196 924/2/2197 929/2/2196
f 929/2/2196 928/2/2196 925/2/2196
f 926/2/2198 922/2/2199 925/2/2200
f 925/2/2200 928/2/2201 926/2/2198
f 923/2/2202 927/2/2203 929/2/2204
f 929/2/2204 924/2/2205 923/2/2202
f 930/2/2206 931/2/2207 932/2/2206
f 932/2/2206 933/2/2208 930/2/2206
f 934/2/2209 935/2/2210 931/2/2210
f 931/2/2210 930/2/2211 934/2/2209
f 936/2/2212 937/2/2213 935/2/2214
f 935/2/2214 934/2/2215 936/2/2212
f 933/2/2216 932/2/2217 937/2/2218
f 937/2/2218 936/2/2219 933/2/2216
f 934/2/2220 930/2/2221 933/2/2222
f 933/2/2222 936/2/2223 934/2/2220
f 931/2/2224 935/2/2225 937/2/2226
f 937/2/2226 932/2/2227 931/2/2224
f 938/2/2228 939/2/2229 940/2/2230
f 940/2/2230 941/2/2231 938/2/2228
f 942/2/2232 943/2/2233 939/2/2233
f 939/2/2233 938/2/2234 942/2/2232
f 944/2/2235 945/2/2236 943/2/2237
f 943/2/2237 942/2/2238 944/2/2235
f 941/2/2239 940/2/2239 945/2/2239
f 945/2/2239 944/2/2240 941/2/2239
f 942/2/2241 938/2/2242 941/2/2243
f 941/2/2243 944/2/2242 942/2/2241
f 939/2/2244 943/2/2245 945/2/2246
f 945/2/2246 940/2/2247 939/2/2244
f 946/2/2248 947/2/2248 948/2/2249
f 948/2/2249 949/2/2249 946/2/2248
f 950/2/2250 951/2/2251 947/2/2252
f 947/2/2252 946/2/2253 950/2/2250
f 952/2/2254 953/2/2255 951/2/2256
f 951/2/2256 950/2/2257 952/2/2254
f 949/2/2258 948/2/2258 953/2/2258
f 953/2/2258 952/2/2259 949/2/2258
f 950/2/2260 946/2/2261 949/2/2262
f 949/2/2262 952/2/2263 950/2/2260
f 947/2/2264 951/2/2265 953/2/2266
f 953/2/2266 948/2/2267 947/2/2264
f 954/2/2268 955/2/2269 956/2/2270
f 956/2/2270 957/2/2271 954/2/2268
f 958/2/2272 959/2/2273 955/2/2274
f 955/2/2274 954/2/2275 958/2/2272
f 960/2/2276 961/2/2276 959/2/2277
f 959/2/2277 958/2/2277 960/2/2276
f 957/2/2278 956/2/2279 961/2/2279
f 961/2/2279 960/2/2278 957/2/2278
f 958/2/2280 954/2/2281 957/2/2282
f 957/2/2282 960/2/2283 958/2/2280
f 955/2/2284 959/2/2285 961/2/2286
f 961/2/2286 956/2/2287 955/2/2284
f 962/2/2288 963/2/2289 964/2/2290
f 964/2/2290 965/2/2291 962/2/2288
f 966/2/2292 967/2/2293 963/2/2294
f 963/2/2294 962/2/2294 966/2/2292
f 968/2/2295 969/2/2296 967/2/2297
f 967/2/2297 966/2/2298 968/2/2295
f 965/2/2299 964/2/2300 969/2/2301
f 969/2/2301 968/2/2301 965/2/2299
f 966/2/2302 962/2/2303 965/2/2302
f 965/2/2302 968/2/2304 966/2/2302
f 963/2/2305 967/2/2306 969/2/2307
f 969/2/2307 964/2/2307 963/2/2305
f 970/2/2308 971/2/2309 972/2/2308
f 972/2/2308 973/2/2310 970/2/2308
f 974/2/2311 975/2/2312 971/2/2313
f 971/2/2313 970/2/2311 974/2/2311
f 976/2/2314 977/2/2315 975/2/2316
f 975/2/2316 974/2/2317 976/2/2314
f 973/2/2318 972/2/2318 977/2/2318
f 977/2/2318 976/2/2319 973/2/2318
f 974/2/2320 970/2/2321 973/2/2321
f 973/2/2321 976/2/2322 974/2/2320
f 971/2/2323 975/2/2324 977/2/2325
f 977/2/2325 972/2/2326 971/2/2323
f 978/2/2327 979/2/2327 980/2/2327
f 980/2/2327 981/2/2328 978/2/2327
f 982/2/2329 983/2/2330 979/2/2330
f 979/2/2330 978/2/2331 982/2/2329
f 984/2/2332 985/2/2332 983/2/2332
f 983/2/2332 982/2/2332 984/2/2332
f 981/2/2333 980/2/2334 985/2/2335
f 985/2/2335 984/2/2335 981/2/2333
f 982/2/2336 978/2/2337 981/2/2338
f 981/2/2338 984/2/2339 982/2/2336
f 979/2/2340 983/2/2341 985/2/2340
f 985/2/2340 980/2/2342 979/2/2340
f 986/2/2343 987/2/2344 988/2/2345
f 988/2/2345 989/2/2346 986/2/2343
f 990/2/2347 991/2/2348 987/2/2349
f 987/2/2349 986/2/2348 990/2/2347
f 992/2/2350 993/2/2351 991/2/2352
f 991/2/2352 990/2/2353 992/2/2350
f 989/2/2354 988/2/2355 993/2/2356
f 993/2/2356 992/2/2355 989/2/2354
f 990/2/2357 986/2/2358 989/2/2359
f 989/2/2359 992/2/2358 990/2/2357
f 987/2/2360 991/2/2361 993/2/2362
f 993/2/2362 988/2/2363 987/2/2360
f 994/2/2364 995/2/2365 996/2/2366
f 996/2/2366 997/2/2367 994/2/2364
f 998/2/2368 999/2/2369 995/2/2370
f 995/2/2370 994/2/2371 998/2/2368
f 1000/2/2372 1001/2/2373 999/2/2373
f 999/2/2373 998/2/2372 1000/2/2372
f 997/2/2374 996/2/2374 1001/2/2375
f 1001/2/2375 1000/2/2375 997/2/2374
f 998/2/2376 994/2/2377 997/2/2378
f 997/2/2378 1000/2/2379 998/2/2376
f 995/2/2380 999/2/2381 1001/2/2380
f 1001/2/2380 996/2/2382 995/2/2380
f 1002/2/2383 1003/2/2384 1004/2/2383
f 1004/2/2383 1005/2/2385 1002/2/2383
f 1006/2/2386 1007/2/2386 1003/2/2387
f 1003/2/2387 1002/2/2386 1006/2/2386
f 1008/2/2388 1009/2/2389 1007/2/2389
f 1007/2/2389 1006/2/2390 1008/2/2388
f 1005/2/2391 1004/2/2392 1009/2/2393
f 1009/2/2393 1008/2/2394 1005/2/2391
f 1006/2/2395 1002/2/2396 1005/2/2396
f 1005/2/2396 1008/2/2397 1006/2/2395
f 1003/2/2398 1007/2/2399 1009/2/2400
f 1009/2/2400 1004/2/2401 1003/2/2398
f 1010/2/2402 1011/2/2403 1012/2/2404
f 1012/2/2404 1013/2/2404 1010/2/2402
f 1014/2/2405 1015/2/2406 1011/2/2407
f 1011/2/2407 1010/2/2406 1014/2/2405
f 1016/2/2408 1017/2/2409 1015/2/2410
f 1015/2/2410 1014/2/2411 1016/2/2408
f 1013/2/2412 1012/2/2413 1017/2/2412
f 1017/2/2412 1016/2/2414 1013/2/2412
f 1014/2/2415 1010/2/2416 1013/2/2417
f 1013/2/2417 1016/2/2418 1014/2/2415
f 1011/2/2419 1015/2/2420 1017/2/2420
f 1017/2/2420 1012/2/2421 1011/2/2419
f 1018/2/2422 1019/2/2423 1020/2/2424
f 1020/2/2424 1021/2/2422 1018/2/2422
f 1022/2/2425 1023/2/2426 1019/2/2427
f 1019/2/2427 1018/2/2428 1022/2/2425
f 1024/2/2429 1025/2/2429 1023/2/2430
f 1023/2/2430 1022/2/2431 1024/2/2429
f 1021/2/2432 1020/2/2433 1025/2/2434
f 1025/2/2434 1024/2/2433 1021/2/2432
f 1022/2/2435 1018/2/2436 1021/2/2437
f 1021/2/2437 1024/2/2437 1022/2/2435
f 1019/2/2438 1023/2/2438 1025/2/2439
f 1025/2/2439 1020/2/2440 1019/2/2438
f 1026/2/2441 1027/2/2442 1028/2/2443
f 1028/2/2443 1029/2/2442 1026/2/2441
f 1030/2/2444 1031/2/2444 1027/2/2444
f 1027/2/2444 1026/2/2445 1030/2/2444
f 1032/2/2446 1033/2/2446 1031/2/2446
f 1031/2/2446 1030/2/2447 1032/2/2446
f 1029/2/2448 1028/2/2448 1033/2/2449
f 1033/2/2449 1032/2/2449 1029/2/2448
f 1030/2/2450 1026/2/2451 1029/2/2452
f 1029/2/2452 1032/2/2450 1030/2/2450
f 1027/2/2453 1031/2/2454 1033/2/2455
f 1033/2/2455 1028/2/2456 1027/2/2453
f 1034/2/2457 1035/2/2457 1036/2/2458
f 1036/2/2458 1037/2/2458 1034/2/2457
f 1038/2/2459 1039/2/2459 1035/2/2460
f 1035/2/2460 1034/2/2460 1038/2/2459
f 1040/2/2461 1041/2/2462 1039/2/2463
f 1039/2/2463 1038/2/2464 1040/2/2461
f 1037/2/2465 1036/2/2465 1041/2/2466
f 1041/2/2466 1040/2/2467 1037/2/2465
f 1038/2/2468 1034/2/2469 1037/2/2470
f 1037/2/2470 1040/2/2471 1038/2/2468
f 1035/2/2472 1039/2/2473 1041/2/2474
f 1041/2/2474 1036/2/2475 1035/2/2472
f 1042/2/2476 1043/2/2477 1044/2/2478
f 1044/2/2478 1045/2/2479 1042/2/2476
f 1046/2/2480 1047/2/2480 1043/2/2481
f 1043/2/2481 1042/2/2480 1046/2/2480
f 1048/2/2482 1049/2/2483 1047/2/2484
f 1047/2/2484 1046/2/2485 1048/2/2482
f 1045/2/2486 1044/2/2487 1049/2/2488
f 1049/2/2488 1048/2/2488 1045/2/2486
f 1046/2/2489 1042/2/2490 1045/2/2491
f 1045/2/2491 1048/2/2489 1046/2/2489
f 1043/2/2492 1047/2/2493 1049/2/2493
f 1049/2/2493 1044/2/2492 1043/2/2492
f 1050/2/2494 1051/2/2495 1052/2/2494
f 1052/2/2494 1053/2/2494 1050/2/2494
f 1054/2/2496 1055/2/2497 1051/2/2497
f 1051/2/2497 1050/2/2497 1054/2/2496
f 1056/2/2498 1057/2/2498 1055/2/2498
f 1055/2/2498 1054/2/2498 1056/2/2498
f 1053/2/2499 1052/2/2500 1057/2/2499
f 1057/2/2499 1056/2/2499 1053/2/2499
f 1054/2/2501 1050/2/2502 1053/2/2503
f 1053/2/2503 1056/2/2504 1054/2/2501
f 1051/2/2505 1055/2/2505 1057/2/2506
f 1057/2/2506 1052/2/2505 1051/2/2505
f 1058/2/2507 1059/2/2508 1060/2/2509
f 1060/2/2509 1061/2/2510 1058/2/2507
f 1062/2/2511 1063/2/2512 1059/2/2513
f 1059/2/2513 1058/2/2513 1062/2/2511
f 1064/2/2514 1065/2/2515 1063/2/2516
f 1063/2/2516 1062/2/2517 1064/2/2514
f 1061/2/2518 1060/2/2519 1065/2/2520
f 1065/2/2520 1064/2/2521 1061/2/2518
f 1062/2/2522 1058/2/2523 1061/2/2523
f 1061/2/2523 1064/2/2522 1062/2/2522
f 1059/2/2524 1063/2/2524 1065/2/2525
f 1065/2/2525 1060/2/2526 1059/2/2524
f 1066/2/2527 1067/2/2528 1068/2/2528
f 1068/2/2528 1069/2/2529 1066/2/2527
f 1070/2/2530 1071/2/2531 1067/2/2532
f 1067/2/2532 1066/2/2531 1070/2/2530
f 1072/2/2533 1073/2/2533 1071/2/2534
f 1071/2/2534 1070/2/2535 1072/2/2533
f 1069/2/2536 1068/2/2537 1073/2/2538
f 1073/2/2538 1072/2/2538 1069/2/2536
f 1070/2/2539 1066/2/2540 1069/2/2541
f 1069/2/2541 1072/2/2542 1070/2/2539
f 1067/2/2543 1071/2/2544 1073/2/2545
f 1073/2/2545 1068/2/2546 1067/2/2543
f 1074/2/2547 1075/2/2547 1076/2/2548
f 1076/2/2548 1077/2/2549 1074/2/2547
f 1078/2/2550 1079/2/2551 1075/2/2552
f 1075/2/2552 1074/2/2552 1078/2/2550
f 1080/2/2553 1081/2/2554 1079/2/2555
f 1079/2/2555 1078/2/2556 1080/2/2553
f 1077/2/2557 1076/2/2558 1081/2/2559
f 1081/2/2559 1080/2/2559 1077/2/2557
f 1078/2/2560 1074/2/2561 1077/2/2562
f 1077/2/2562 1080/2/2563 1078/2/2560
f 1075/2/2564 1079/2/2565 1081/2/2566
f 1081/2/2566 1076/2/2567 1075/2/2564
f 1082/2/2568 1083/2/2569 1084/2/2569
f 1084/2/2569 1085/2/2570 1082/2/2568
f 1086/2/2571 1087/2/2572 1083/2/2571
f 1083/2/2571 1082/2/2573 1086/2/2571
f 1088/2/2574 1089/2/2575 1087/2/2576
f 1087/2/2576 1086/2/2575 1088/2/2574
f 1085/2/2577 1084/2/2578 1089/2/2579
f 1089/2/2579 1088/2/2580 1085/2/2577
f 1086/2/2581 1082/2/2582 1085/2/2582
f 1085/2/2582 1088/2/2583 1086/2/2581
f 1083/2/2584 1087/2/2584 1089/2/2584
f 1089/2/2584 1084/2/2585 1083/2/2584
f 1090/2/2586 1091/2/2587 1092/2/2588
f 1092/2/2588 1093/2/2589 1090/2/2586
f 1094/2/2590 1095/2/2591 1091/2/2592
f 1091/2/2592 1090/2/2593 1094/2/2590
f 1096/2/2594 1097/2/2595 1095/2/2595
f 1095/2/2595 1094/2/2596 1096/2/2594
f 1093/2/2597 1092/2/2598 1097/2/2597
f 1097/2/2597 1096/2/2597 1093/2/2597
f 1094/2/2599 1090/2/2600 1093/2/2600
f 1093/2/2600 1096/2/2601 1094/2/2599
f 1091/2/2602 1095/2/2603 1097/2/2604
f 1097/2/2604 1092/2/2605 1091/2/2602
f 1098/2/2606 1099/2/2607 1100/2/2608
f 1100/2/2608 1101/2/2608 1098/2/2606
f 1102/2/2609 1103/2/2610 1099/2/2611
f 1099/2/2611 1098/2/2612 1102/2/2609
f 1104/2/2613 1105/2/2614 1103/2/2613
f 1103/2/2613 1102/2/2615 1104/2/2613
f 1101/2/2616 1100/2/2617 1105/2/2618
f 1105/2/2618 1104/2/2619 1101/2/2616
f 1102/2/2620 1098/2/2621 1101/2/2622
f 1101/2/2622 1104/2/2623 1102/2/2620
f 1099/2/2624 1103/2/2625 1105/2/2626
f 1105/2/2626 1100/2/2624 1099/2/2624
f 1106/2/2627 1107/2/2628 1108/2/2627
f 1108/2/2627 1109/2/2627 1106/2/2627
f 1110/2/2629 1111/2/2630 1107/2/2629
f 1107/2/2629 1106/2/2631 1110/2/2629
f 1112/2/2632 1113/2/2633 1111/2/2634
f 1111/2/2634 1110/2/2633 1112/2/2632
f 1109/2/2635 1108/2/2636 1113/2/2635
f 1113/2/2635 1112/2/2636 1109/2/2635
f 1110/2/2637 1106/2/2637 1109/2/2638
f 1109/2/2638 1112/2/2639 1110/2/2637
f 1107/2/2640 1111/2/2641 1113/2/2641
f 1113/2/2641 1108/2/2640 1107/2/2640
f 1114/2/2642 1115/2/2643 1116/2/2644
f 1116/2/2644 1117/2/2645 1114/2/2642
f 1118/2/2646 1119/2/2647 1115/2/2648
f 1115/2/2648 1114/2/2648 1118/2/2646
f 1120/2/2649 1121/2/2650 1119/2/2649
f 1119/2/2649 1118/2/2651 1120/2/2649
f 1117/2/2652 1116/2/2652 1121/2/2653
f 1121/2/2653 1120/2/2652 1117/2/2652
f 1118/2/2654 1114/2/2655 1117/2/2656
f 1117/2/2656 1120/2/2657 1118/2/2654
f 1115/2/2658 1119/2/2659 1121/2/2659
f 1121/2/2659 1116/2/2660 1115/2/2658
f 1122/2/2661 1123/2/2661 1124/2/2661
f 1124/2/2661 1125/2/2662 1122/2/2661
f 1126/2/2157 1127/2/2158 1123/2/2158
f 1123/2/2158 1122/2/2159 1126/2/2157
f 1128/2/2663 1129/2/2664 1127/2/2665
f 1127/2/2665 1126/2/2663 1128/2/2663
f 1125/2/2666 1124/2/2667 1129/2/2666
f 1129/2/2666 1128/2/2667 1125/2/2666
f 1126/2/2668 1122/2/2669 1125/2/2670
f 1125/2/2670 1128/2/2671 1126/2/2668
f 1123/2/2672 1127/2/2673 1129/2/2674
f 1129/2/2674 1124/2/2675 1123/2/2672
f 1130/2/2676 1131/2/2677 1132/2/2678
f 1132/2/2678 1133/2/2676 1130/2/2676
f 1134/2/2679 1135/2/2680 1131/2/2681
f 1131/2/2681 1130/2/2682 1134/2/2679
f 1136/2/2683 1137/2/2684 1135/2/2685
f 1135/2/2685 1134/2/2684 1136/2/2683
f 1133/2/2686 1132/2/2687 1137/2/2688
f 1137/2/2688 1136/2/2688 1133/2/2686
f 1134/2/2689 1130/2/2690 1133/2/2691
f 1133/2/2691 1136/2/2692 1134/2/2689
f 1131/2/2693 1135/2/2694 1137/2/2695
f 1137/2/2695 1132/2/2696 1131/2/2693
f 1138/2/2697 1139/2/2698 1140/2/2699
f 1140/2/2699 1141/2/2700 1138/2/2697
f 1142/2/2701 1143/2/2702 1139/2/2703
f 1139/2/2703 1138/2/2701 1142/2/2701
f 1144/2/2704 1145/2/2704 1143/2/2705
f 1143/2/2705 1142/2/2706 1144/2/2704
f 1141/2/2707 1140/2/2708 1145/2/2708
f 1145/2/2708 1144/2/2709 1141/2/2707
f 1142/2/2710 1138/2/2711 1141/2/2712
f 1141/2/2712 1144/2/2710 1142/2/2710
f 1139/2/2713 1143/2/2713 1145/2/2714
f 1145/2/2714 1140/2/2713 1139/2/2713
f 1146/2/2715 1147/2/2716 1148/2/2715
f 1148/2/2715 1149/2/2717 1146/2/2715
f 1150/2/2718 1151/2/2719 1147/2/2720
f 1147/2/2720 1146/2/2721 1150/2/2718
f 1152/2/2722 1153/2/2722 1151/2/2722
f 1151/2/2722 1150/2/2723 1152/2/2722
f 1149/2/2724 1148/2/2725 1153/2/2726
f 1153/2/2726 1152/2/2727 1149/2/2724
f 1150/2/2728 1146/2/2729 1149/2/2730
f 1149/2/2730 1152/2/2731 1150/2/2728
f 1147/2/2732 1151/2/2733 1153/2/2732
f 1153/2/2732 1148/2/2734 1147/2/2732
f 1154/2/2735 1155/2/2736 1156/2/2737
f 1156/2/2737 1157/2/2738 1154/2/2735
f 1158/2/2739 1159/2/2739 1155/2/2740
f 1155/2/2740 1154/2/2739 1158/2/2739
f 1160/2/2741 1161/2/2742 1159/2/2741
f 1159/2/2741 1158/2/2741 1160/2/2741
f 1157/2/2743 1156/2/2744 1161/2/2745
f 1161/2/2745 1160/2/2746 1157/2/2743
f 1158/2/2747 1154/2/2748 1157/2/2747
f 1157/2/2747 1160/2/2748 1158/2/2747
f 1155/2/2749 1159/2/2750 1161/2/2751
f 1161/2/2751 1156/2/2752 1155/2/2749
f 1162/2/2753 1163/2/2754 1164/2/2755
f 1164/2/2755 1165/2/2756 1162/2/2753
f 1166/2/2757 1167/2/2757 1163/2/2757
f 1163/2/2757 1162/2/2758 1166/2/2757
f 1168/2/2759 1169/2/2760 1167/2/2761
f 1167/2/2761 1166/2/2762 1168/2/2759
f 1165/2/2763 1164/2/2764 1169/2/2763
f 1169/2/2763 1168/2/2763 1165/2/2763
f 1166/2/2765 1162/2/2766 1165/2/2767
f 1165/2/2767 1168/2/2767 1166/2/2765
f 1163/2/2768 1167/2/2769 1169/2/2770
f 1169/2/2770 1164/2/2771 1163/2/2768
f 1170/2/2772 1171/2/2772 1172/2/2773
f 1172/2/2773 1173/2/2774 1170/2/2772
f 1174/2/2775 1175/2/2776 1171/2/2777
f 1171/2/2777 1170/2/2778 1174/2/2775
f 1176/2/2779 1177/2/2779 1175/2/2780
f 1175/2/2780 1174/2/2781 1176/2/2779
f 1173/2/2782 1172/2/2782 1177/2/2783
f 1177/2/2783 1176/2/2784 1173/2/2782
f 1174/2/2785 1170/2/2786 1173/2/2785
f 1173/2/2785 1176/2/2785 1174/2/2785
f 1171/2/2787 1175/2/2788 1177/2/2788
f 1177/2/2788 1172/2/2788 1171/2/2787
f 1178/2/2789 1179/2/2790 1180/2/2789
f 1180/2/2789 1181/2/2790 1178/2/2789
f 1182/2/2791 1183/2/2792 1179/2/2793
f 1179/2/2793 1178/2/2794 1182/2/2791
f 1184/2/2795 1185/2/2795 1183/2/2796
f 1183/2/2796 1182/2/2795 1184/2/2795
f 1181/2/2797 1180/2/2798 1185/2/2797
f 1185/2/2797 1184/2/2799 1181/2/2797
f 1182/2/2800 1178/2/2801 1181/2/2802
f 1181/2/2802 1184/2/2803 1182/2/2800
f 1179/2/2804 1183/2/2805 1185/2/2806
f 1185/2/2806 1180/2/2807 1179/2/2804
f 1186/2/2808 1187/2/2809 1188/2/2810
f 1188/2/2810 1189/2/2811 1186/2/2808
f 1190/2/2812 1191/2/2813 1187/2/2813
f 1187/2/2813 1186/2/2814 1190/2/2812
f 1192/2/2815 1193/2/2815 1191/2/2815
f 1191/2/2815 1190/2/2815 1192/2/2815
f 1189/2/2816 1188/2/2817 1193/2/2818
f 1193/2/2818 1192/2/2816 1189/2/2816
f 1190/2/2819 1186/2/2820 1189/2/2821
f 1189/2/2821 1192/2/2822 1190/2/2819
f 1187/2/2823 1191/2/2824 1193/2/2825
f 1193/2/2825 1188/2/2826 1187/2/2823
f 1194/2/2827 1195/2/2827 1196/2/2828
f 1196/2/2828 1197/2/2829 1194/2/2827
f 1198/2/2830 1199/2/2830 1195/2/2830
f 1195/2/2830 1194/2/2830 1198/2/2830
f 1200/2/2831 1201/2/2832 1199/2/2832
f 1199/2/2832 1198/2/2831 1200/2/2831
f 1197/2/2833 1196/2/2833 1201/2/2834
f 1201/2/2834 1200/2/2835 1197/2/2833
f 1198/2/2836 1194/2/2836 1197/2/2837
f 1197/2/2837 1200/2/2838 1198/2/2836
f 1195/2/2839 1199/2/2840 1201/2/2840
f 1201/2/2840 1196/2/2839 1195/2/2839
f 1202/2/2841 1203/2/2842 1204/2/2843
f 1204/2/2843 1205/2/2843 1202/2/2841
f 1206/2/2844 1207/2/2845 1203/2/2845
f 1203/2/2845 1202/2/2846 1206/2/2844
f 1208/2/2847 1209/2/2848 1207/2/2849
f 1207/2/2849 1206/2/2847 1208/2/2847
f 1205/2/2850 1204/2/2851 1209/2/2852
f 1209/2/2852 1208/2/2853 1205/2/2850
f 1206/2/2854 1202/2/2855 1205/2/2856
f 1205/2/2856 1208/2/2854 1206/2/2854
f 1203/2/2857 1207/2/2858 1209/2/2859
f 1209/2/2859 1204/2/2857 1203/2/2857
f 1210/2/2860 1211/2/2861 1212/2/2862
f 1212/2/2862 1213/2/2863 1210/2/2860
f 1214/2/2864 1215/2/2864 1211/2/2865
f 1211/2/2865 1210/2/2866 1214/2/2864
f 1216/2/2867 1217/2/2868 1215/2/2869
f 1215/2/2869 1214/2/2870 1216/2/2867
f 1213/2/2871 1212/2/2872 1217/2/2873
f 1217/2/2873 1216/2/2874 1213/2/2871
f 1214/2/2875 1210/2/2876 1213/2/2877
f 1213/2/2877 1216/2/2878 1214/2/2875
f 1211/2/2879 1215/2/2880 1217/2/2881
f 1217/2/2881 1212/2/2882 1211/2/2879
f 1218/2/2883 1219/2/2884 1220/2/2883
f 1220/2/2883 1221/2/2885 1218/2/2883
f 1222/2/2886 1223/2/2887 1219/2/2888
f 1219/2/2888 1218/2/2889 1222/2/2886
f 1224/2/2890 1225/2/2891 1223/2/2891
f 1223/2/2891 1222/2/2892 1224/2/2890
f 1221/2/2893 1220/2/2894 1225/2/2893
f 1225/2/2893 1224/2/2895 1221/2/2893
f 1222/2/2896 1218/2/2897 1221/2/2898
f 1221/2/2898 1224/2/2899 1222/2/2896
f 1219/2/2900 1223/2/2901 1225/2/2902
f 1225/2/2902 1220/2/2903 1219/2/2900
f 1226/2/2904 1227/2/2904 1228/2/2905
f 1228/2/2905 1229/2/2906 1226/2/2904
f 1230/2/2907 1231/2/2908 1227/2/2909
f 1227/2/2909 1226/2/2907 1230/2/2907
f 1232/2/2910 1233/2/2911 1231/2/2912
f 1231/2/2912 1230/2/2910 1232/2/2910
f 1229/2/2913 1228/2/2914 1233/2/2915
f 1233/2/2915 1232/2/2915 1229/2/2913
f 1230/2/2916 1226/2/2917 1229/2/2918
f 1229/2/2918 1232/2/2919 1230/2/2916
f 1227/2/2920 1231/2/2921 1233/2/2922
f 1233/2/2922 1228/2/2923 1227/2/2920
f 1234/2/2924 1235/2/2925 1236/2/2926
f 1236/2/2926 1237/2/2924 1234/2/2924
f 1238/2/2927 1239/2/2928 1235/2/2929
f 1235/2/2929 1234/2/2930 1238/2/2927
f 1240/2/2931 1241/2/2932 1239/2/2931
f 1239/2/2931 1238/2/2931 1240/2/2931
f 1237/2/2933 1236/2/2933 1241/2/2934
f 1241/2/2934 1240/2/2935 1237/2/2933
f 1238/2/2936 1234/2/2936 1237/2/2937
f 1237/2/2937 1240/2/2938 1238/2/2936
f 1235/2/2939 1239/2/2940 1241/2/2941
f 1241/2/2941 1236/2/2942 1235/2/2939
f 1242/2/2943 1243/2/2944 1244/2/2945
f 1244/2/2945 1245/2/2946 1242/2/2943
f 1246/2/2947 1247/2/2948 1243/2/2949
f 1243/2/2949 1242/2/2950 1246/2/2947
f 1248/2/2951 1249/2/2952 1247/2/2953
f 1247/2/2953 1246/2/2954 1248/2/2951
f 1245/2/2955 1244/2/2956 1249/2/2957
f 1249/2/2957 1248/2/2958 1245/2/2955
f 1246/2/2959 1242/2/2960 1245/2/2961
f 1245/2/2961 1248/2/2962 1246/2/2959
f 1243/2/2963 1247/2/2964 1249/2/2965
f 1249/2/2965 1244/2/2963 1243/2/2963
f 1250/2/2966 1251/2/2967 1252/2/2968
f 1252/2/2968 1253/2/2969 1250/2/2966
f 1254/2/2970 1255/2/2971 1251/2/2970
f 1251/2/2970 1250/2/2972 1254/2/2970
f 1256/2/2973 1257/2/2973 1255/2/2974
f 1255/2/2974 1254/2/2975 1256/2/2973
f 1253/2/2976 1252/2/2977 1257/2/2976
f 1257/2/2976 1256/2/2978 1253/2/2976
f 1254/2/2979 1250/2/2980 1253/2/2981
f 1253/2/2981 1256/2/2981 1254/2/2979
f 1251/2/2982 1255/2/2983 1257/2/2983
f 1257/2/2983 1252/2/2984 1251/2/2982
f 1258/2/2985 1259/2/2986 1260/2/2987
f 1260/2/2987 1261/2/2985 1258/2/2985
f 1262/2/2988 1263/2/2988 1259/2/2989
f 1259/2/2989 1258/2/2990 1262/2/2988
f 1264/2/2991 1265/2/2991 1263/2/2992
f 1263/2/2992 1262/2/2993 1264/2/2991
f 1261/2/2994 1260/2/2995 1265/2/2996
f 1265/2/2996 1264/2/2996 1261/2/2994
f 1262/2/2997 1258/2/2998 1261/2/2999
f 1261/2/2999 1264/2/3000 1262/2/2997
f 1259/2/3001 1263/2/3002 1265/2/3003
f 1265/2/3003 1260/2/3004 1259/2/3001
f 1266/2/3005 1267/2/3006 1268/2/3006
f 1268/2/3006 1269/2/3006 1266/2/3005
f 1270/2/3007 1271/2/3007 1267/2/3008
f 1267/2/3008 1266/2/3007 1270/2/3007
f 1272/2/3009 1273/2/3010 1271/2/3009
f 1271/2/3009 1270/2/3009 1272/2/3009
f 1269/2/3011 1268/2/3011 1273/2/3011
f 1273/2/3011 1272/2/3012 1269/2/3011
f 1270/2/3013 1266/2/3014 1269/2/3015
f 1269/2/3015 1272/2/3013 1270/2/3013
f 1267/2/3016 1271/2/3017 1273/2/3018
f 1273/2/3018 1268/2/3019 1267/2/3016
f 1274/2/3020 1275/2/3021 1276/2/3022
f 1276/2/3022 1277/2/3023 1274/2/3020
f 1278/2/3024 1279/2/3025 1275/2/3026
f 1275/2/3026 1274/2/3027 1278/2/3024
f 1280/2/3028 1281/2/3028 1279/2/3029
f 1279/2/3029 1278/2/3030 1280/2/3028
f 1277/2/3031 1276/2/3032 1281/2/3033
f 1281/2/3033 1280/2/3034 1277/2/3031
f 1278/2/3035 1274/2/3036 1277/2/3037
f 1277/2/3037 1280/2/3038 1278/2/3035
f 1275/2/3039 1279/2/3039 1281/2/3040
f 1281/2/3040 1276/2/3039 1275/2/3039
f 1282/2/3041 1283/2/3041 1284/2/3042
f 1284/2/3042 1285/2/3042 1282/2/3041
f 1286/2/3043 1287/2/3044 1283/2/3045
f 1283/2/3045 1282/2/3046 1286/2/3043
f 1288/2/3047 1289/2/3048 1287/2/3049
f 1287/2/3049 1286/2/3050 1288/2/3047
f 1285/2/3051 1284/2/3052 1289/2/3053
f 1289/2/3053 1288/2/3052 1285/2/3051
f 1286/2/3054 1282/2/3054 1285/2/3055
f 1285/2/3055 1288/2/3056 1286/2/3054
f 1283/2/3057 1287/2/3057 1289/2/3057
f 1289/2/3057 1284/2/3057 1283/2/3057
f 1290/2/3058 1291/2/3059 1292/2/3060
f 1292/2/3060 1293/2/3061 1290/2/3058
f 1294/2/3062 1295/2/3063 1291/2/3064
f 1291/2/3064 1290/2/3065 1294/2/3062
f 1296/2/3066 1297/2/3067 1295/2/3068
f 1295/2/3068 1294/2/3069 1296/2/3066
f 1293/2/3070 1292/2/3071 1297/2/3072
f 1297/2/3072 1296/2/3071 1293/2/3070
f 1294/2/3073 1290/2/3074 1293/2/3075
f 1293/2/3075 1296/2/3076 1294/2/3073
f 1291/2/3077 1295/2/3078 1297/2/3079
f 1297/2/3079 1292/2/3080 1291/2/3077
f 1298/2/3081 1299/2/3082 1300/2/3082
f 1300/2/3082 1301/2/3083 1298/2/3081
f 1302/2/3084 1303/2/3085 1299/2/3086
f 1299/2/3086 1298/2/3087 1302/2/3084
f 1304/2/3088 1305/2/3089 1303/2/3089
f 1303/2/3089 1302/2/3089 1304/2/3088
f 1301/2/3090 1300/2/3090 1305/2/3091
f 1305/2/3091 1304/2/3092 1301/2/3090
f 1302/2/3093 1298/2/3094 1301/2/3095
f 1301/2/3095 1304/2/3096 1302/2/3093
f 1299/2/3097 1303/2/3098 1305/2/3099
f 1305/2/3099 1300/2/3100 1299/2/3097
f 1306/2/3101 1307/2/3102 1308/2/3102
f 1308/2/3102 1309/2/3102 1306/2/3101
f 1310/2/3103 1311/2/3104 1307/2/3104
f 1307/2/3104 1306/2/3105 1310/2/3103
f 1312/2/3106 1313/2/3107 1311/2/3108
f 1311/2/3108 1310/2/3109 1312/2/3106
f 1309/2/3110 1308/2/3111 1313/2/3111
f 1313/2/3111 1312/2/3112 1309/2/3110
f 1310/2/3113 1306/2/3114 1309/2/3115
f 1309/2/3115 1312/2/3114 1310/2/3113
f 1307/2/3116 1311/2/3117 1313/2/3118
f 1313/2/3118 1308/2/3117 1307/2/3116
f 1314/2/3119 1315/2/3120 1316/2/3120
f 1316/2/3120 1317/2/3121 1314/2/3119
f 1318/2/3122 1319/2/3123 1315/2/3124
f 1315/2/3124 1314/2/3124 1318/2/3122
f 1320/2/3125 1321/2/3126 1319/2/3127
f 1319/2/3127 1318/2/3128 1320/2/3125
f 1317/2/3129 1316/2/3129 1321/2/3130
f 1321/2/3130 1320/2/3129 1317/2/3129
f 1318/2/3131 1314/2/3132 1317/2/3133
f 1317/2/3133 1320/2/3134 1318/2/3131
f 1315/2/3135 1319/2/3136 1321/2/3137
f 1321/2/3137 1316/2/3138 1315/2/3135
f 1322/2/3139 1323/2/3140 1324/2/3140
f 1324/2/3140 1325/2/3141 1322/2/3139
f 1326/2/3142 1327/2/3142 1323/2/3142
f 1323/2/3142 1322/2/3142 1326/2/3142
f 1328/2/3143 1329/2/3144 1327/2/3145
f 1327/2/3145 1326/2/3144 1328/2/3143
f 1325/2/3146 1324/2/3147 1329/2/3148
f 1329/2/3148 1328/2/3146 1325/2/3146
f 1326/2/3149 1322/2/3150 1325/2/3150
f 1325/2/3150 1328/2/3151 1326/2/3149
f 1323/2/3152 1327/2/3152 1329/2/3153
f 1329/2/3153 1324/2/3154 1323/2/3152
f 1330/2/3155 1331/2/3156 1332/2/3157
f 1332/2/3157 1333/2/3155 1330/2/3155
f 1334/2/3158 1335/2/3159 1331/2/3160
f 1331/2/3160 1330/2/3158 1334/2/3158
f 1336/2/3161 1337/2/3161 1335/2/3162
f 1335/2/3162 1334/2/3161 1336/2/3161
f 1333/2/3163 1332/2/3164 1337/2/3164
f 1337/2/3164 1336/2/3164 1333/2/3163
f 1334/2/3165 1330/2/3166 1333/2/3165
f 1333/2/3165 1336/2/3165 1334/2/3165
f 1331/2/3167 1335/2/3168 1337/2/3169
f 1337/2/3169 1332/2/3170 1331/2/3167
f 1338/2/3171 1339/2/3172 1340/2/3171
f 1340/2/3171 1341/2/3171 1338/2/3171
f 1342/2/3173 1343/2/3174 1339/2/3174
f 1339/2/3174 1338/2/3175 1342/2/3173
f 1344/2/3176 1345/2/3177 1343/2/3178
f 1343/2/3178 1342/2/3177 1344/2/3176
f 1341/2/3179 1340/2/3180 1345/2/3179
f 1345/2/3179 1344/2/3181 1341/2/3179
f 1342/2/3182 1338/2/3183 1341/2/3182
f 1341/2/3182 1344/2/3184 1342/2/3182
f 1339/2/3185 1343/2/3186 1345/2/3185
f 1345/2/3185 1340/2/3186 1339/2/3185
f 1346/2/3187 1347/2/3188 1348/2/3189
f 1348/2/3189 1349/2/3190 1346/2/3187
f 1350/2/3191 1351/2/3191 1347/2/3191
f 1347/2/3191 1346/2/3191 1350/2/3191
f 1352/2/3192 1353/2/3192 1351/2/3193
f 1351/2/3193 1350/2/3194 1352/2/3192
f 1349/2/3195 1348/2/3196 1353/2/3195
f 1353/2/3195 1352/2/3197 1349/2/3195
f 1350/2/3198 1346/2/3199 1349/2/3198
f 1349/2/3198 1352/2/3200 1350/2/3198
f 1347/2/3201 1351/2/3201 1353/2/3201
f 1353/2/3201 1348/2/3202 1347/2/3201
f 1354/2/3203 1355/2/3204 1356/2/3205
f 1356/2/3205 1357/2/3206 1354/2/3203
f 1358/2/3207 1359/2/3208 1355/2/3209
f 1355/2/3209 1354/2/3209 1358/2/3207
f 1360/2/3210 1361/2/3211 1359/2/3212
f 1359/2/3212 1358/2/3213 1360/2/3210
f 1357/2/3214 1356/2/3215 1361/2/3216
f 1361/2/3216 1360/2/3214 1357/2/3214
f 1358/2/3217 1354/2/3218 1357/2/3219
f 1357/2/3219 1360/2/3218 1358/2/3217
f 1355/2/3220 1359/2/3221 1361/2/3222
f 1361/2/3222 1356/2/3222 1355/2/3220
f 1362/2/3223 1363/2/3224 1364/2/3225
f 1364/2/3225 1365/2/3226 1362/2/3223
f 1366/2/3227 1367/2/3228 1363/2/3229
f 1363/2/3229 1362/2/3230 1366/2/3227
f 1368/2/3231 1369/2/3232 1367/2/3232
f 1367/2/3232 1366/2/3233 1368/2/3231
f 1365/2/3234 1364/2/3235 1369/2/3236
f 1369/2/3236 1368/2/3237 1365/2/3234
f 1366/2/3238 1362/2/3239 1365/2/3240
f 1365/2/3240 1368/2/3241 1366/2/3238
f 1363/2/3242 1367/2/3243 1369/2/3242
f 1369/2/3242 1364/2/3244 1363/2/3242
f 1370/2/3245 1371/2/3246 1372/2/3247
f 1372/2/3247 1373/2/3248 1370/2/3245
f 1374/2/3249 1375/2/3250 1371/2/3251
f 1371/2/3251 1370/2/3250 1374/2/3249
f 1376/2/3252 1377/2/3253 1375/2/3254
f 1375/2/3254 1374/2/3252 1376/2/3252
f 1373/2/3255 1372/2/3256 1377/2/3257
f 1377/2/3257 1376/2/3258 1373/2/3255
f 1374/2/3259 1370/2/3260 1373/2/3261
f 1373/2/3261 1376/2/3262 1374/2/3259
f 1371/2/3263 1375/2/3263 1377/2/3264
f 1377/2/3264 1372/2/3265 1371/2/3263
f 1378/2/3266 1379/2/3267 1380/2/3266
f 1380/2/3266 1381/2/3268 1378/2/3266
f 1382/2/3269 1383/2/3270 1379/2/3270
f 1379/2/3270 1378/2/3270 1382/2/3269
f 1384/2/3271 1385/2/3272 1383/2/3273
f 1383/2/3273 1382/2/3273 1384/2/3271
f 1381/2/3274 1380/2/3275 1385/2/3276
f 1385/2/3276 1384/2/3277 1381/2/3274
f 1382/2/3278 1378/2/3278 1381/2/3279
f 1381/2/3279 1384/2/3280 1382/2/3278
f 1379/2/3281 1383/2/3282 1385/2/3283
f 1385/2/3283 1380/2/3281 1379/2/3281
f 1386/2/3284 1387/2/3285 1388/2/3286
f 1388/2/3286 1389/2/3287 1386/2/3284
f 1390/2/3288 1391/2/3289 1387/2/3290
f 1387/2/3290 1386/2/3291 1390/2/3288
f 1392/2/3292 1393/2/3293 1391/2/3294
f 1391/2/3294 1390/2/3295 1392/2/3292
f 1389/2/3296 1388/2/3297 1393/2/3296
f 1393/2/3296 1392/2/3297 1389/2/3296
f 1390/2/3298 1386/2/3299 1389/2/3300
f 1389/2/3300 1392/2/3301 1390/2/3298
f 1387/2/3302 1391/2/3302 1393/2/3303
f 1393/2/3303 1388/2/3304 1387/2/3302
f 1394/2/3305 1395/2/3305 1396/2/3306
f 1396/2/3306 1397/2/3307 1394/2/3305
f 1398/2/3308 1399/2/3309 1395/2/3310
f 1395/2/3310 1394/2/3311 1398/2/3308
f 1400/2/3312 1401/2/3313 1399/2/3314
f 1399/2/3314 1398/2/3315 1400/2/3312
f 1397/2/3316 1396/2/3317 1401/2/3318
f 1401/2/3318 1400/2/3318 1397/2/3316
f 1398/2/3319 1394/2/3320 1397/2/3321
f 1397/2/3321 1400/2/3322 1398/2/3319
f 1395/2/3323 1399/2/3324 1401/2/3324
f 1401/2/3324 1396/2/3323 1395/2/3323
f 1402/2/3325 1403/2/3326 1404/2/3327
f 1404/2/3327 1405/2/3328 1402/2/3325
f 1406/2/3329 1407/2/3330 1403/2/3331
f 1403/2/3331 1402/2/3332 1406/2/3329
f 1408/2/3333 1409/2/3334 1407/2/3333
f 1407/2/3333 1406/2/3335 1408/2/3333
f 1405/2/3164 1404/2/3164 1409/2/3164
f 1409/2/3164 1408/2/3336 1405/2/3164
f 1406/2/3337 1402/2/3338 1405/2/3337
f 1405/2/3337 1408/2/3339 1406/2/3337
f 1403/2/3340 1407/2/3341 1409/2/3342
f 1409/2/3342 1404/2/3343 1403/2/3340
f 1410/2/3344 1411/2/3345 1412/2/3345
f 1412/2/3345 1413/2/3346 1410/2/3344
f 1414/2/3347 1415/2/3348 1411/2/3348
f 1411/2/3348 1410/2/3347 1414/2/3347
f 1416/2/3349 1417/2/3350 1415/2/3349
f 1415/2/3349 1414/2/3349 1416/2/3349
f 1413/2/3351 1412/2/3352 1417/2/3351
f 1417/2/3351 1416/2/3351 1413/2/3351
f 1414/2/3353 1410/2/3354 1413/2/3355
f 1413/2/3355 1416/2/3356 1414/2/3353
f 1411/2/3357 1415/2/3358 1417/2/3359
f 1417/2/3359 1412/2/3360 1411/2/3357
f 1418/2/3361 1419/2/3362 1420/2/3363
f 1420/2/3363 1421/2/3363 1418/2/3361
f 1422/2/3364 1423/2/3365 1419/2/3366
f 1419/2/3366 1418/2/3367 1422/2/3364
f 1424/2/3368 1425/2/3369 1423/2/3370
f 1423/2/3370 1422/2/3369 1424/2/3368
f 1421/2/3371 1420/2/3372 1425/2/3373
f 1425/2/3373 1424/2/3374 1421/2/3371
f 1422/2/3375 1418/2/3376 1421/2/3376
f 1421/2/3376 1424/2/3377 1422/2/3375
f 1419/2/3378 1423/2/3379 1425/2/3380
f 1425/2/3380 1420/2/3381 1419/2/3378
f 1426/2/3382 1427/2/3382 1428/2/3383
f 1428/2/3383 1429/2/3383 1426/2/3382
f 1430/2/3384 1431/2/3385 1427/2/3385
f 1427/2/3385 1426/2/3386 1430/2/3384
f 1432/2/3387 1433/2/3388 1431/2/3389
f 1431/2/3389 1430/2/3389 1432/2/3387
f 1429/2/3390 1428/2/3390 1433/2/3391
f 1433/2/3391 1432/2/3392 1429/2/3390
f 1430/2/3393 1426/2/3394 1429/2/3395
f 1429/2/3395 1432/2/3393 1430/2/3393
f 1427/2/3396 1431/2/3397 1433/2/3398
f 1433/2/3398 1428/2/3397 1427/2/3396
f 1434/2/3399 1435/2/3400 1436/2/3401
f 1436/2/3401 1437/2/3401 1434/2/3399
f 1438/2/3402 1439/2/3403 1435/2/3404
f 1435/2/3404 1434/2/3405 1438/2/3402
f 1440/2/3406 1441/2/3407 1439/2/3406
f 1439/2/3406 1438/2/3408 1440/2/3406
f 1437/2/3409 1436/2/3410 1441/2/3411
f 1441/2/3411 1440/2/3412 1437/2/3409
f 1438/2/3413 1434/2/3414 1437/2/3415
f 1437/2/3415 1440/2/3414 1438/2/3413
f 1435/2/3416 1439/2/3417 1441/2/3418
f 1441/2/3418 1436/2/3419 1435/2/3416
f 1442/2/3420 1443/2/3421 1444/2/3420
f 1444/2/3420 1445/2/3422 1442/2/3420
f 1446/2/3423 1447/2/3424 1443/2/3425
f 1443/2/3425 1442/2/3426 1446/2/3423
f 1448/2/3427 1449/2/3428 1447/2/3429
f 1447/2/3429 1446/2/3427 1448/2/3427
f 1445/2/3430 1444/2/3430 1449/2/3431
f 1449/2/3431 1448/2/3432 1445/2/3430
f 1446/2/3433 1442/2/3434 1445/2/3435
f 1445/2/3435 1448/2/3436 1446/2/3433
f 1443/2/3437 1447/2/3438 1449/2/3437
f 1449/2/3437 1444/2/3439 1443/2/3437
f 1450/2/3440 1451/2/3441 1452/2/3442
f 1452/2/3442 1453/2/3443 1450/2/3440
f 1454/2/3444 1455/2/3445 1451/2/3446
f 1451/2/3446 1450/2/3447 1454/2/3444
f 1456/2/3448 1457/2/3449 1455/2/3450
f 1455/2/3450 1454/2/3451 1456/2/3448
f 1453/2/3452 1452/2/3453 1457/2/3454
f 1457/2/3454 1456/2/3455 1453/2/3452
f 1454/2/3456 1450/2/3457 1453/2/3458
f 1453/2/3458 1456/2/3457 1454/2/3456
f 1451/2/3459 1455/2/3460 1457/2/3461
f 1457/2/3461 1452/2/3462 1451/2/3459
f 1458/2/3463 1459/2/3464 1460/2/3465
f 1460/2/3465 1461/2/3466 1458/2/3463
f 1462/2/3467 1463/2/3468 1459/2/3469
f 1459/2/3469 1458/2/3470 1462/2/3467
f 1464/2/3471 1465/2/3472 1463/2/3471
f 1463/2/3471 1462/2/3473 1464/2/3471
f 1461/2/3474 1460/2/3475 1465/2/3475
f 1465/2/3475 1464/2/3476 1461/2/3474
f 1462/2/3477 1458/2/3477 1461/2/3477
f 1461/2/3477 1464/2/3478 1462/2/3477
f 1459/2/3479 1463/2/3480 1465/2/3481
f 1465/2/3481 1460/2/3481 1459/2/3479
f 1466/2/3482 1467/2/3483 1468/2/3484
f 1468/2/3484 1469/2/3484 1466/2/3482
f 1470/2/3485 1471/2/3486 1467/2/3487
f 1467/2/3487 1466/2/3488 1470/2/3485
f 1472/2/3489 1473/2/3490 1471/2/3491
f 1471/2/3491 1470/2/3492 1472/2/3489
f 1469/2/3493 1468/2/3494 1473/2/3495
f 1473/2/3495 1472/2/3494 1469/2/3493
f 1470/2/3496 1466/2/3497 1469/2/3498
f 1469/2/3498 1472/2/3499 1470/2/3496
f 1467/2/3500 1471/2/3501 1473/2/3501
f 1473/2/3501 1468/2/3502 1467/2/3500
f 1474/2/3503 1475/2/3504 1476/2/3504
f 1476/2/3504 1477/2/3503 1474/2/3503
f 1478/2/3505 1479/2/3506 1475/2/3507
f 1475/2/3507 1474/2/3508 1478/2/3505
f 1480/2/3509 1481/2/3510 1479/2/3510
f 1479/2/3510 1478/2/3510 1480/2/3509
f 1477/2/3511 1476/2/3511 1481/2/3512
f 1481/2/3512 1480/2/3513 1477/2/3511
f 1478/2/3514 1474/2/3515 1477/2/3514
f 1477/2/3514 1480/2/3515 1478/2/3514
f 1475/2/3516 1479/2/3517 1481/2/3518
f 1481/2/3518 1476/2/3516 1475/2/3516
f 1482/2/3519 1483/2/3520 1484/2/3519
f 1484/2/3519 1485/2/3521 1482/2/3519
f 1486/2/3522 1487/2/3522 1483/2/3522
f 1483/2/3522 1482/2/3523 1486/2/3522
f 1488/2/3524 1489/2/3524 1487/2/3525
f 1487/2/3525 1486/2/3524 1488/2/3524
f 1485/2/3526 1484/2/3527 1489/2/3527
f 1489/2/3527 1488/2/3526 1485/2/3526
f 1486/2/3528 1482/2/3529 1485/2/3530
f 1485/2/3530 1488/2/3531 1486/2/3528
f 1483/2/3532 1487/2/3533 1489/2/3532
f 1489/2/3532 1484/2/3534 1483/2/3532
f 1490/2/3535 1491/2/3536 1492/2/3535
f 1492/2/3535 1493/2/3537 1490/2/3535
f 1494/2/3538 1495/2/3539 1491/2/3540
f 1491/2/3540 1490/2/3541 1494/2/3538
f 1496/2/3542 1497/2/3543 1495/2/3544
f 1495/2/3544 1494/2/3545 1496/2/3542
f 1493/2/3546 1492/2/3547 1497/2/3548
f 1497/2/3548 1496/2/3549 1493/2/3546
f 1494/2/3550 1490/2/3551 1493/2/3552
f 1493/2/3552 1496/2/3553 1494/2/3550
f 1491/2/3554 1495/2/3555 1497/2/3556
f 1497/2/3556 1492/2/3557 1491/2/3554
f 1498/2/3558 1499/2/3559 1500/2/3560
f 1500/2/3560 1501/2/3561 1498/2/3558
f 1502/2/3562 1503/2/3563 1499/2/3563
f 1499/2/3563 1498/2/3564 1502/2/3562
f 1504/2/3565 1505/2/3565 1503/2/3566
f 1503/2/3566 1502/2/3566 1504/2/3565
f 1501/2/3567 1500/2/3568 1505/2/3569
f 1505/2/3569 1504/2/3570 1501/2/3567
f 1502/2/3571 1498/2/3572 1501/2/3573
f 1501/2/3573 1504/2/3574 1502/2/3571
f 1499/2/3575 1503/2/3576 1505/2/3575
f 1505/2/3575 1500/2/3577 1499/2/3575
f 1506/2/3578 1507/2/3579 1508/2/3580
f 1508/2/3580 1509/2/3580 1506/2/3578
f 1510/2/3581 1511/2/3582 1507/2/3582
f 1507/2/3582 1506/2/3583 1510/2/3581
f 1512/2/3584 1513/2/3584 1511/2/3585
f 1511/2/3585 1510/2/3584 1512/2/3584
f 1509/2/3586 1508/2/3587 1513/2/3587
f 1513/2/3587 1512/2/3588 1509/2/3586
f 1510/2/3589 1506/2/3590 1509/2/3589
f 1509/2/3589 1512/2/3590 1510/2/3589
f 1507/2/3591 1511/2/3592 1513/2/3592
f 1513/2/3592 1508/2/3593 1507/2/3591
f 1514/2/3594 1515/2/3595 1516/2/3596
f 1516/2/3596 1517/2/3594 1514/2/3594
f 1518/2/3597 1519/2/3597 1515/2/3598
f 1515/2/3598 1514/2/3599 1518/2/3597
f 1520/2/3600 1521/2/3601 1519/2/3602
f 1519/2/3602 1518/2/3603 1520/2/3600
f 1517/2/3604 1516/2/3605 1521/2/3606
f 1521/2/3606 1520/2/3607 1517/2/3604
f 1518/2/3608 1514/2/3609 1517/2/3609
f 1517/2/3609 1520/2/3610 1518/2/3608
f 1515/2/3611 1519/2/3612 1521/2/3613
f 1521/2/3613 1516/2/3614 1515/2/3611
# Vertices: 1521, normals: 3614, texture coordinates: 2, faces: 2318

