g SM_Env_Tree_01
v -0.3585587 2.790493 0.8119507
v -0.7445602 2.552476 1.127716
v -0.7096329 2.899289 0.7775345
v -0.7096329 2.899289 0.7775345
v -0.7445602 2.552476 1.127716
v -0.9975967 2.84149 0.6071701
v -0.7096329 2.899289 0.7775345
v -0.9975967 2.84149 0.6071701
v -0.4554367 2.647892 0.1938782
v -0.2349701 2.70287 0.5316315
v -0.3373489 2.508299 0.2125702
v -0.3204193 2.563823 0.5709076
v -0.3373489 2.508299 0.2125702
v -0.2370758 2.367584 0.2852783
v -0.3204193 2.563823 0.5709076
v -0.4554367 2.647892 0.1938782
v -0.3373489 2.508299 0.2125702
v -0.2349701 2.70287 0.5316315
v -0.3204193 2.563823 0.5709076
v -0.2933578 2.227327 0.3799057
v -0.2638931 2.241732 0.7287521
v -0.2933578 2.227327 0.3799057
v -0.5806808 2.134789 0.8141403
v -0.2638931 2.241732 0.7287521
v -0.2370758 2.367584 0.2852783
v -0.2933578 2.227327 0.3799057
v -0.3204193 2.563823 0.5709076
v -0.4352341 2.2565 0.9610062
v -0.3204193 2.563823 0.5709076
v -0.2638931 2.241732 0.7287521
v -0.4352341 2.2565 0.9610062
v -0.2638931 2.241732 0.7287521
v -0.5806808 2.134789 0.8141403
v -0.3585587 2.790493 0.8119507
v -0.4352341 2.2565 0.9610062
v -0.7445602 2.552476 1.127716
v -0.7445602 2.552476 1.127716
v -0.4352341 2.2565 0.9610062
v -0.8004379 2.370004 0.9810028
v -0.4352341 2.2565 0.9610062
v -0.5806808 2.134789 0.8141403
v -0.8004379 2.370004 0.9810028
v -0.7445602 2.552476 1.127716
v -1.156281 2.607893 0.9689636
v -0.9975967 2.84149 0.6071701
v -0.9975967 2.84149 0.6071701
v -1.002228 2.967917 0.3267365
v -0.6660614 2.844605 -6.866455E-05
v -0.4554367 2.647892 0.1938782
v -0.9975967 2.84149 0.6071701
v -0.6660614 2.844605 -6.866455E-05
v -0.4554367 2.647892 0.1938782
v -0.6660614 2.844605 -6.866455E-05
v -0.4434967 2.670027 -0.1295547
v -0.4554367 2.647892 0.1938782
v -0.4434967 2.670027 -0.1295547
v -0.3373489 2.508299 0.2125702
v -0.4434967 2.670027 -0.1295547
v -0.4284744 2.429079 0.0500412
v -0.3373489 2.508299 0.2125702
v -0.3373489 2.508299 0.2125702
v -0.4284744 2.429079 0.0500412
v -0.2370758 2.367584 0.2852783
v -0.3459854 2.244491 0.08707428
v -0.4284744 2.429079 0.0500412
v -0.6822433 2.153033 -0.03394318
v -0.3459854 2.244491 0.08707428
v -0.2370758 2.367584 0.2852783
v -0.3459854 2.244491 0.08707428
v -0.2933578 2.227327 0.3799057
v -0.3459854 2.244491 0.08707428
v -0.6822433 2.153033 -0.03394318
v -0.2933578 2.227327 0.3799057
v -0.5806808 2.134789 0.8141403
v -0.2933578 2.227327 0.3799057
v -0.8695908 2.207414 0.6452484
v -0.8953476 2.278097 0.3446503
v -0.2933578 2.227327 0.3799057
v -0.6822433 2.153033 -0.03394318
v -0.8953476 2.278097 0.3446503
v -0.8695908 2.207414 0.6452484
v -0.8004379 2.370004 0.9810028
v -0.5806808 2.134789 0.8141403
v -1.156281 2.607893 0.9689636
v -0.8004379 2.370004 0.9810028
v -1.156281 2.607893 0.9689636
v -0.7445602 2.552476 1.127716
v -1.156281 2.607893 0.9689636
v -1.241226 2.966815 0.4771881
v -0.9975967 2.84149 0.6071701
v -1.156281 2.607893 0.9689636
v -1.406837 2.571576 0.8020782
v -1.241226 2.966815 0.4771881
v -0.9975967 2.84149 0.6071701
v -1.241226 2.966815 0.4771881
v -1.002228 2.967917 0.3267365
v -1.241226 2.966815 0.4771881
v -1.248558 3.061228 0.1862259
v -1.002228 2.967917 0.3267365
v -1.390991 2.969215 0.08141327
v -0.7446136 2.8391 -0.1260986
v -1.248558 3.061228 0.1862259
v -1.241226 2.966815 0.4771881
v -1.390991 2.969215 0.08141327
v -1.248558 3.061228 0.1862259
v -1.002228 2.967917 0.3267365
v -1.248558 3.061228 0.1862259
v -0.6660614 2.844605 -6.866455E-05
v -1.248558 3.061228 0.1862259
v -0.7446136 2.8391 -0.1260986
v -0.6660614 2.844605 -6.866455E-05
v -0.6660614 2.844605 -6.866455E-05
v -0.7446136 2.8391 -0.1260986
v -0.4434967 2.670027 -0.1295547
v -0.7446136 2.8391 -0.1260986
v -0.7205124 2.609515 -0.2190247
v -0.4434967 2.670027 -0.1295547
v -0.4434967 2.670027 -0.1295547
v -0.7205124 2.609515 -0.2190247
v -0.4284744 2.429079 0.0500412
v -0.7205124 2.609515 -0.2190247
v -0.6822433 2.153033 -0.03394318
v -0.4284744 2.429079 0.0500412
v -0.8953476 2.278097 0.3446503
v -1.166855 2.143233 0.527626
v -0.8695908 2.207414 0.6452484
v -0.8695908 2.207414 0.6452484
v -1.199768 2.248527 0.8133011
v -1.156281 2.607893 0.9689636
v -0.8695908 2.207414 0.6452484
v -1.166855 2.143233 0.527626
v -1.199768 2.248527 0.8133011
v -1.166855 2.143233 0.527626
v -1.313736 2.189965 0.5640945
v -1.199768 2.248527 0.8133011
v -1.156281 2.607893 0.9689636
v -1.199768 2.248527 0.8133011
v -1.406837 2.571576 0.8020782
v -1.406837 2.571576 0.8020782
v -1.659019 2.402413 0.7777939
v -1.498741 2.509737 0.6722488
v -1.241226 2.966815 0.4771881
v -1.406837 2.571576 0.8020782
v -1.268921 2.742041 0.3443222
v -1.406837 2.571576 0.8020782
v -1.498741 2.509737 0.6722488
v -1.268921 2.742041 0.3443222
v -1.268921 2.742041 0.3443222
v -1.498741 2.509737 0.6722488
v -1.426216 2.58986 0.2729187
v -1.498741 2.509737 0.6722488
v -1.790184 2.543754 0.2361832
v -1.426216 2.58986 0.2729187
v -1.790184 2.543754 0.2361832
v -1.45903 2.680759 -0.1006699
v -1.659019 2.402413 0.7777939
v -1.818123 2.474223 0.462059
v -1.498741 2.509737 0.6722488
v -1.659019 2.402413 0.7777939
v -1.790184 2.543754 0.2361832
v -1.241226 2.966815 0.4771881
v -1.268921 2.742041 0.3443222
v -1.390991 2.969215 0.08141327
v -1.268921 2.742041 0.3443222
v -1.31736 2.833729 0.008033752
v -1.390991 2.969215 0.08141327
v -1.390991 2.969215 0.08141327
v -1.31736 2.833729 0.008033752
v -0.7446136 2.8391 -0.1260986
v -1.31736 2.833729 0.008033752
v -1.45903 2.680759 -0.1006699
v -0.7446136 2.8391 -0.1260986
v -1.268921 2.742041 0.3443222
v -1.426216 2.58986 0.2729187
v -1.31736 2.833729 0.008033752
v -1.426216 2.58986 0.2729187
v -1.45903 2.680759 -0.1006699
v -1.31736 2.833729 0.008033752
v -1.45903 2.680759 -0.1006699
v -0.9115982 2.697569 -0.485878
v -0.7446136 2.8391 -0.1260986
v -0.7446136 2.8391 -0.1260986
v -0.9115982 2.697569 -0.485878
v -0.7205124 2.609515 -0.2190247
v -0.9115982 2.697569 -0.485878
v -0.900116 2.45447 -0.1512985
v -0.7205124 2.609515 -0.2190247
v -0.9115982 2.697569 -0.485878
v -1.050407 2.607754 -0.553772
v -0.900116 2.45447 -0.1512985
v -1.050407 2.607754 -0.553772
v -1.609695 2.426804 -0.3623199
v -0.900116 2.45447 -0.1512985
v -1.45903 2.680759 -0.1006699
v -1.396004 2.669437 -0.5075378
v -0.9115982 2.697569 -0.485878
v -1.396004 2.669437 -0.5075378
v -1.050407 2.607754 -0.553772
v -0.9115982 2.697569 -0.485878
v -0.7205124 2.609515 -0.2190247
v -0.900116 2.45447 -0.1512985
v -0.6822433 2.153033 -0.03394318
v -0.900116 2.45447 -0.1512985
v -1.609695 2.426804 -0.3623199
v -0.6822433 2.153033 -0.03394318
v -0.6822433 2.153033 -0.03394318
v -1.499001 2.14878 -0.211792
v -1.075478 2.052648 0.004150391
v -1.310349 1.91715 0.1326904
v -0.6822433 2.153033 -0.03394318
v -1.075478 2.052648 0.004150391
v -0.8953476 2.278097 0.3446503
v -1.313736 2.189965 0.5640945
v -1.294647 2.303939 0.6183624
v -1.199768 2.248527 0.8133011
v -1.199768 2.248527 0.8133011
v -1.294647 2.303939 0.6183624
v -1.659019 2.402413 0.7777939
v -1.406837 2.571576 0.8020782
v -1.199768 2.248527 0.8133011
v -1.659019 2.402413 0.7777939
v -1.294647 2.303939 0.6183624
v -1.313736 2.189965 0.5640945
v -1.659019 2.402413 0.7777939
v -1.313736 2.189965 0.5640945
v -1.818123 2.474223 0.462059
v -1.659019 2.402413 0.7777939
v -1.818123 2.474223 0.462059
v -2.075882 2.381821 0.2733154
v -1.790184 2.543754 0.2361832
v -1.790184 2.543754 0.2361832
v -2.075882 2.381821 0.2733154
v -1.45903 2.680759 -0.1006699
v -1.45903 2.680759 -0.1006699
v -1.609695 2.426804 -0.3623199
v -1.396004 2.669437 -0.5075378
v -1.396004 2.669437 -0.5075378
v -1.609695 2.426804 -0.3623199
v -1.050407 2.607754 -0.553772
v -0.6822433 2.153033 -0.03394318
v -1.609695 2.426804 -0.3623199
v -1.499001 2.14878 -0.211792
v -1.075478 2.052648 0.004150391
v -1.310349 1.91715 0.1326904
v -0.8953476 2.278097 0.3446503
v -1.166855 2.143233 0.527626
v -1.166855 2.143233 0.527626
v -1.310349 1.91715 0.1326904
v -1.313736 2.189965 0.5640945
v -1.310349 1.91715 0.1326904
v -1.619781 1.930059 0.454895
v -1.313736 2.189965 0.5640945
v -1.313736 2.189965 0.5640945
v -1.94223 2.19282 0.4256821
v -1.818123 2.474223 0.462059
v -1.818123 2.474223 0.462059
v -1.94223 2.19282 0.4256821
v -2.075882 2.381821 0.2733154
v -1.313736 2.189965 0.5640945
v -1.619781 1.930059 0.454895
v -1.94223 2.19282 0.4256821
v -1.45903 2.680759 -0.1006699
v -2.075882 2.381821 0.2733154
v -1.786072 2.444997 -0.01119232
v -2.075882 2.381821 0.2733154
v -1.985069 2.381032 0.1119766
v -1.786072 2.444997 -0.01119232
v -1.45903 2.680759 -0.1006699
v -1.786072 2.444997 -0.01119232
v -1.609695 2.426804 -0.3623199
v -1.310349 1.91715 0.1326904
v -1.846642 1.988164 0.184494
v -1.619781 1.930059 0.454895
v -1.619781 1.930059 0.454895
v -1.846642 1.988164 0.184494
v -1.94223 2.19282 0.4256821
v -0.4554367 2.647892 0.1938782
v -0.2349701 2.70287 0.5316315
v -0.7096329 2.899289 0.7775345
v -0.3585587 2.790493 0.8119507
v -0.7096329 2.899289 0.7775345
v -0.2349701 2.70287 0.5316315
v -0.3204193 2.563823 0.5709076
v -0.3585587 2.790493 0.8119507
v -0.2349701 2.70287 0.5316315
v -0.3204193 2.563823 0.5709076
v -0.4352341 2.2565 0.9610062
v -0.3585587 2.790493 0.8119507
v -2.075882 2.381821 0.2733154
v -1.726448 2.141453 -0.1171417
v -1.985069 2.381032 0.1119766
v -1.846642 1.988164 0.184494
v -1.786072 2.444997 -0.01119232
v -1.985069 2.381032 0.1119766
v -1.693428 2.390677 0.02146149
v -1.609695 2.426804 -0.3623199
v -1.786072 2.444997 -0.01119232
v -1.693428 2.390677 0.02146149
v -1.726448 2.141453 -0.1171417
v -1.693428 2.390677 0.02146149
v -1.985069 2.381032 0.1119766
v -1.726448 2.141453 -0.1171417
v -1.609695 2.426804 -0.3623199
v -1.693428 2.390677 0.02146149
v -1.726448 2.141453 -0.1171417
v -1.499001 2.14878 -0.211792
v -1.609695 2.426804 -0.3623199
v -1.726448 2.141453 -0.1171417
v -1.310349 1.91715 0.1326904
v -1.499001 2.14878 -0.211792
v -1.846642 1.988164 0.184494
v -2.075882 2.381821 0.2733154
v -1.94223 2.19282 0.4256821
v -1.846642 1.988164 0.184494
v -0.7573013 2.840876 0.2563019
v -0.2743225 2.672999 0.8867264
v -0.4965744 2.52748 0.114769
v -0.4965744 2.52748 0.114769
v -0.2743225 2.672999 0.8867264
v -0.05047607 2.452868 -0.01095581
v -0.4965744 2.52748 0.114769
v -0.05047607 2.452868 -0.01095581
v -0.1799469 3.137286 -0.305336
v -0.6422119 3.105879 0.01960754
v -0.1612015 3.329766 -0.1409836
v -0.4267578 3.155689 0.2146835
v -0.1612015 3.329766 -0.1409836
v -0.1515045 3.490838 0.08772278
v -0.4267578 3.155689 0.2146835
v -0.1799469 3.137286 -0.305336
v -0.1612015 3.329766 -0.1409836
v -0.6422119 3.105879 0.01960754
v -0.4267578 3.155689 0.2146835
v 0.006263733 3.539811 0.3470612
v -0.2231293 3.41347 0.7346115
v 0.006263733 3.539811 0.3470612
v 0.1702423 3.265 0.9577484
v -0.2231293 3.41347 0.7346115
v -0.1515045 3.490838 0.08772278
v 0.006263733 3.539811 0.3470612
v -0.4267578 3.155689 0.2146835
v -0.1861115 3.198815 0.9941864
v -0.4267578 3.155689 0.2146835
v -0.2231293 3.41347 0.7346115
v -0.1861115 3.198815 0.9941864
v -0.2231293 3.41347 0.7346115
v 0.1702423 3.265 0.9577484
v -0.7573013 2.840876 0.2563019
v -0.1861115 3.198815 0.9941864
v -0.2743225 2.672999 0.8867264
v -0.2743225 2.672999 0.8867264
v -0.1861115 3.198815 0.9941864
v 0.05535889 2.851204 0.9111862
v -0.1861115 3.198815 0.9941864
v 0.1702423 3.265 0.9577484
v 0.05535889 2.851204 0.9111862
v -0.2743225 2.672999 0.8867264
v 0.1710587 2.413591 0.6597366
v -0.05047607 2.452868 -0.01095581
v -0.05047607 2.452868 -0.01095581
v -0.03321838 2.446714 -0.4685822
v -0.07283783 2.900879 -0.7293167
v -0.1799469 3.137286 -0.305336
v -0.05047607 2.452868 -0.01095581
v -0.07283783 2.900879 -0.7293167
v -0.1799469 3.137286 -0.305336
v -0.07283783 2.900879 -0.7293167
v -0.04538727 3.249393 -0.7034683
v -0.1799469 3.137286 -0.305336
v -0.04538727 3.249393 -0.7034683
v -0.1612015 3.329766 -0.1409836
v -0.04538727 3.249393 -0.7034683
v 0.1023941 3.400748 -0.2423172
v -0.1612015 3.329766 -0.1409836
v -0.1612015 3.329766 -0.1409836
v 0.1023941 3.400748 -0.2423172
v -0.1515045 3.490838 0.08772278
v 0.196022 3.601952 -0.008033752
v 0.1023941 3.400748 -0.2423172
v 0.7014999 3.505963 -0.03939819
v 0.196022 3.601952 -0.008033752
v 0.6636276 3.144228 -0.4847717
v 1.530045 2.780621 -0.6738129
v -0.1515045 3.490838 0.08772278
v 0.196022 3.601952 -0.008033752
v 0.006263733 3.539811 0.3470612
v 0.196022 3.601952 -0.008033752
v 0.7014999 3.505963 -0.03939819
v 0.006263733 3.539811 0.3470612
v 0.1702423 3.265 0.9577484
v 0.006263733 3.539811 0.3470612
v 0.4769592 3.075523 0.6963654
v 0.5860977 3.111713 0.2749023
v 0.006263733 3.539811 0.3470612
v 0.7014999 3.505963 -0.03939819
v 0.5860977 3.111713 0.2749023
v 0.4769592 3.075523 0.6963654
v 0.05535889 2.851204 0.9111862
v 0.1702423 3.265 0.9577484
v 0.1710587 2.413591 0.6597366
v 0.05535889 2.851204 0.9111862
v 0.1710587 2.413591 0.6597366
v -0.2743225 2.672999 0.8867264
v 0.1710587 2.413591 0.6597366
v 0.1330643 2.232481 -0.2844849
v -0.05047607 2.452868 -0.01095581
v 0.1710587 2.413591 0.6597366
v 0.5540771 2.343617 0.5140305
v 0.1330643 2.232481 -0.2844849
v -0.05047607 2.452868 -0.01095581
v 0.1330643 2.232481 -0.2844849
v -0.03321838 2.446714 -0.4685822
v 0.1330643 2.232481 -0.2844849
v 0.1928787 2.256461 -0.7204514
v -0.03321838 2.446714 -0.4685822
v 0.4922028 2.282693 -0.739624
v 0.07980347 2.901968 -0.8665161
v 0.1928787 2.256461 -0.7204514
v 0.1330643 2.232481 -0.2844849
v 0.4922028 2.282693 -0.739624
v 0.1928787 2.256461 -0.7204514
v -0.03321838 2.446714 -0.4685822
v 0.1928787 2.256461 -0.7204514
v -0.07283783 2.900879 -0.7293167
v 0.1928787 2.256461 -0.7204514
v 0.07980347 2.901968 -0.8665161
v -0.07283783 2.900879 -0.7293167
v -0.07283783 2.900879 -0.7293167
v 0.07980347 2.901968 -0.8665161
v -0.04538727 3.249393 -0.7034683
v 0.07980347 2.901968 -0.8665161
v 0.3497772 3.153482 -0.7331009
v -0.04538727 3.249393 -0.7034683
v -0.04538727 3.249393 -0.7034683
v 0.3497772 3.153482 -0.7331009
v 0.1023941 3.400748 -0.2423172
v 0.3497772 3.153482 -0.7331009
v 0.7014999 3.505963 -0.03939819
v 0.1023941 3.400748 -0.2423172
v 0.5860977 3.111713 0.2749023
v 0.9116058 2.980194 0.6387482
v 0.4769592 3.075523 0.6963654
v 0.4769592 3.075523 0.6963654
v 0.6820602 2.757583 0.859726
v 0.1710587 2.413591 0.6597366
v 0.4769592 3.075523 0.6963654
v 0.9116058 2.980194 0.6387482
v 0.6820602 2.757583 0.859726
v 0.9116058 2.980194 0.6387482
v 0.9925919 2.82859 0.6371384
v 0.6820602 2.757583 0.859726
v 0.1710587 2.413591 0.6597366
v 0.6820602 2.757583 0.859726
v 0.5540771 2.343617 0.5140305
v 0.5540771 2.343617 0.5140305
v 1.005745 2.333909 0.6733856
v 0.7826385 2.386443 0.4322815
v 0.1330643 2.232481 -0.2844849
v 0.5540771 2.343617 0.5140305
v 0.4718857 2.460867 -0.20047
v 0.5540771 2.343617 0.5140305
v 0.7826385 2.386443 0.4322815
v 0.4718857 2.460867 -0.20047
v 0.8331909 2.516974 -0.1170197
v 0.7826385 2.386443 0.4322815
v 1.274063 2.330984 -0.09758759
v 0.8331909 2.516974 -0.1170197
v 1.274063 2.330984 -0.09758759
v 0.9663696 2.558767 -0.6440125
v 1.005745 2.333909 0.6733856
v 1.258003 2.286887 0.2381287
v 0.7826385 2.386443 0.4322815
v 1.005745 2.333909 0.6733856
v 1.274063 2.330984 -0.09758759
v 0.1330643 2.232481 -0.2844849
v 0.4718857 2.460867 -0.20047
v 0.4922028 2.282693 -0.739624
v 0.4718857 2.460867 -0.20047
v 0.6005478 2.477415 -0.6845322
v 0.4922028 2.282693 -0.739624
v 0.4922028 2.282693 -0.739624
v 0.6005478 2.477415 -0.6845322
v 0.07980347 2.901968 -0.8665161
v 0.6005478 2.477415 -0.6845322
v 0.9663696 2.558767 -0.6440125
v 0.07980347 2.901968 -0.8665161
v 0.4718857 2.460867 -0.20047
v 0.8331909 2.516974 -0.1170197
v 0.6005478 2.477415 -0.6845322
v 0.9663696 2.558767 -0.6440125
v 0.9663696 2.558767 -0.6440125
v 0.5915833 3.052525 -1.127716
v 0.07980347 2.901968 -0.8665161
v 0.07980347 2.901968 -0.8665161
v 0.5915833 3.052525 -1.127716
v 0.3497772 3.153482 -0.7331009
v 0.5915833 3.052525 -1.127716
v 0.6636276 3.144228 -0.4847717
v 0.3497772 3.153482 -0.7331009
v 0.5915833 3.052525 -1.127716
v 0.8653946 3.06514 -1.10659
v 0.6636276 3.144228 -0.4847717
v 0.8653946 3.06514 -1.10659
v 1.530045 2.780621 -0.6738129
v 0.6636276 3.144228 -0.4847717
v 0.9663696 2.558767 -0.6440125
v 1.128441 2.765627 -1.105362
v 0.5915833 3.052525 -1.127716
v 1.128441 2.765627 -1.105362
v 0.8653946 3.06514 -1.10659
v 0.5915833 3.052525 -1.127716
v 0.3497772 3.153482 -0.7331009
v 0.6636276 3.144228 -0.4847717
v 0.7014999 3.505963 -0.03939819
v 0.7014999 3.505963 -0.03939819
v 1.634987 3.038538 -0.2107697
v 1.190956 3.319383 0.1249008
v 1.508369 3.233393 0.4250488
v 0.7014999 3.505963 -0.03939819
v 1.190956 3.319383 0.1249008
v 0.5860977 3.111713 0.2749023
v 0.9925919 2.82859 0.6371384
v 0.822525 2.721118 0.5791931
v 0.6820602 2.757583 0.859726
v 0.6820602 2.757583 0.859726
v 0.822525 2.721118 0.5791931
v 1.005745 2.333909 0.6733856
v 0.5540771 2.343617 0.5140305
v 0.6820602 2.757583 0.859726
v 1.005745 2.333909 0.6733856
v 0.822525 2.721118 0.5791931
v 0.9925919 2.82859 0.6371384
v 1.005745 2.333909 0.6733856
v 0.9925919 2.82859 0.6371384
v 1.258003 2.286887 0.2381287
v 1.005745 2.333909 0.6733856
v 1.258003 2.286887 0.2381287
v 1.71991 2.269394 0.1264877
v 1.274063 2.330984 -0.09758759
v 1.274063 2.330984 -0.09758759
v 1.71991 2.269394 0.1264877
v 0.9663696 2.558767 -0.6440125
v 0.9663696 2.558767 -0.6440125
v 1.530045 2.780621 -0.6738129
v 1.128441 2.765627 -1.105362
v 1.128441 2.765627 -1.105362
v 1.530045 2.780621 -0.6738129
v 0.8653946 3.06514 -1.10659
v 0.7014999 3.505963 -0.03939819
v 1.530045 2.780621 -0.6738129
v 1.634987 3.038538 -0.2107697
v 1.190956 3.319383 0.1249008
v 1.508369 3.233393 0.4250488
v 0.5860977 3.111713 0.2749023
v 0.9116058 2.980194 0.6387482
v 0.9116058 2.980194 0.6387482
v 1.508369 3.233393 0.4250488
v 0.9925919 2.82859 0.6371384
v 1.508369 3.233393 0.4250488
v 1.641174 2.894858 0.7957916
v 0.9925919 2.82859 0.6371384
v 0.9925919 2.82859 0.6371384
v 1.705162 2.464164 0.4970245
v 1.258003 2.286887 0.2381287
v 1.641174 2.894858 0.7957916
v 1.258003 2.286887 0.2381287
v 1.705162 2.464164 0.4970245
v 1.71991 2.269394 0.1264877
v 0.9663696 2.558767 -0.6440125
v 1.71991 2.269394 0.1264877
v 1.505882 2.514261 -0.2800522
v 1.71991 2.269394 0.1264877
v 1.712914 2.39164 -0.06278992
v 1.505882 2.514261 -0.2800522
v 0.9663696 2.558767 -0.6440125
v 1.505882 2.514261 -0.2800522
v 1.530045 2.780621 -0.6738129
v 1.508369 3.233393 0.4250488
v 1.953484 2.797755 0.429924
v 1.641174 2.894858 0.7957916
v 1.641174 2.894858 0.7957916
v 1.953484 2.797755 0.429924
v 1.705162 2.464164 0.4970245
v -0.1799469 3.137286 -0.305336
v -0.6422119 3.105879 0.01960754
v -0.4965744 2.52748 0.114769
v -0.7573013 2.840876 0.2563019
v -0.4965744 2.52748 0.114769
v -0.6422119 3.105879 0.01960754
v -0.4267578 3.155689 0.2146835
v -0.7573013 2.840876 0.2563019
v -0.6422119 3.105879 0.01960754
v -0.4267578 3.155689 0.2146835
v -0.1861115 3.198815 0.9941864
v -0.7573013 2.840876 0.2563019
v 1.71991 2.269394 0.1264877
v 1.825523 2.85867 -0.08512878
v 1.712914 2.39164 -0.06278992
v 1.953484 2.797755 0.429924
v 1.505882 2.514261 -0.2800522
v 1.712914 2.39164 -0.06278992
v 1.452057 2.610282 -0.1884308
v 1.530045 2.780621 -0.6738129
v 1.505882 2.514261 -0.2800522
v 1.452057 2.610282 -0.1884308
v 1.825523 2.85867 -0.08512878
v 1.452057 2.610282 -0.1884308
v 1.712914 2.39164 -0.06278992
v 1.825523 2.85867 -0.08512878
v 1.530045 2.780621 -0.6738129
v 1.452057 2.610282 -0.1884308
v 1.825523 2.85867 -0.08512878
v 1.634987 3.038538 -0.2107697
v 1.530045 2.780621 -0.6738129
v 1.825523 2.85867 -0.08512878
v 1.508369 3.233393 0.4250488
v 1.634987 3.038538 -0.2107697
v 1.953484 2.797755 0.429924
v 1.71991 2.269394 0.1264877
v 1.705162 2.464164 0.4970245
v 1.953484 2.797755 0.429924
v 0.3697739 2.538118 0.05210876
v 0.5609055 2.486077 0.6163635
v 0.3998871 2.269852 0.1237183
v 0.3998871 2.269852 0.1237183
v 0.5609055 2.486077 0.6163635
v 0.6590271 2.110038 0.1565857
v 0.3998871 2.269852 0.1237183
v 0.6590271 2.110038 0.1565857
v 0.9136734 2.473889 -0.3049545
v 0.5820847 2.619008 -0.1737518
v 1.00489 2.621025 -0.263504
v 0.7309189 2.650154 -0.02258301
v 1.00489 2.621025 -0.263504
v 1.071564 2.765839 -0.1708145
v 0.7309189 2.650154 -0.02258301
v 0.9136734 2.473889 -0.3049545
v 1.00489 2.621025 -0.263504
v 0.5820847 2.619008 -0.1737518
v 0.7309189 2.650154 -0.02258301
v 1.230904 2.822253 0.01100922
v 0.9483795 2.879691 0.2626343
v 1.230904 2.822253 0.01100922
v 1.169037 2.765035 0.5379868
v 0.9483795 2.879691 0.2626343
v 1.071564 2.765839 -0.1708145
v 1.230904 2.822253 0.01100922
v 0.7309189 2.650154 -0.02258301
v 0.8555603 2.803917 0.5152283
v 0.7309189 2.650154 -0.02258301
v 0.9483795 2.879691 0.2626343
v 0.8555603 2.803917 0.5152283
v 0.9483795 2.879691 0.2626343
v 1.169037 2.765035 0.5379868
v 0.3697739 2.538118 0.05210876
v 0.8555603 2.803917 0.5152283
v 0.5609055 2.486077 0.6163635
v 0.5609055 2.486077 0.6163635
v 0.8555603 2.803917 0.5152283
v 0.853653 2.532365 0.6333008
v 0.8555603 2.803917 0.5152283
v 1.169037 2.765035 0.5379868
v 0.853653 2.532365 0.6333008
v 0.5609055 2.486077 0.6163635
v 0.7399445 2.194333 0.6495285
v 0.6590271 2.110038 0.1565857
v 0.6590271 2.110038 0.1565857
v 0.6963806 2.000035 -0.1348267
v 0.8992004 2.217694 -0.4744186
v 0.9136734 2.473889 -0.3049545
v 0.6590271 2.110038 0.1565857
v 0.8992004 2.217694 -0.4744186
v 0.9136734 2.473889 -0.3049545
v 0.8992004 2.217694 -0.4744186
v 1.077522 2.424228 -0.5770111
v 0.9136734 2.473889 -0.3049545
v 1.077522 2.424228 -0.5770111
v 1.00489 2.621025 -0.263504
v 1.077522 2.424228 -0.5770111
v 1.213341 2.588552 -0.3028259
v 1.00489 2.621025 -0.263504
v 1.00489 2.621025 -0.263504
v 1.213341 2.588552 -0.3028259
v 1.071564 2.765839 -0.1708145
v 1.352142 2.741908 -0.2043762
v 1.213341 2.588552 -0.3028259
v 1.633377 2.579046 -0.09094238
v 1.352142 2.741908 -0.2043762
v 1.071564 2.765839 -0.1708145
v 1.352142 2.741908 -0.2043762
v 1.230904 2.822253 0.01100922
v 1.352142 2.741908 -0.2043762
v 1.633377 2.579046 -0.09094238
v 1.230904 2.822253 0.01100922
v 1.169037 2.765035 0.5379868
v 1.230904 2.822253 0.01100922
v 1.293999 2.534072 0.4965134
v 1.293999 2.534072 0.4965134
v 1.230904 2.822253 0.01100922
v 1.355713 2.439246 0.2314911
v 1.230904 2.822253 0.01100922
v 1.633377 2.579046 -0.09094238
v 1.355713 2.439246 0.2314911
v 1.293999 2.534072 0.4965134
v 0.853653 2.532365 0.6333008
v 1.169037 2.765035 0.5379868
v 0.7399445 2.194333 0.6495285
v 0.853653 2.532365 0.6333008
v 0.7399445 2.194333 0.6495285
v 0.5609055 2.486077 0.6163635
v 0.7399445 2.194333 0.6495285
v 0.6914063 1.882197 0.09406281
v 0.6590271 2.110038 0.1565857
v 0.7399445 2.194333 0.6495285
v 0.9620972 2.045116 0.6553497
v 0.6914063 1.882197 0.09406281
v 0.6590271 2.110038 0.1565857
v 0.6914063 1.882197 0.09406281
v 0.6963806 2.000035 -0.1348267
v 0.6914063 1.882197 0.09406281
v 0.7687149 1.78655 -0.1857071
v 0.6963806 2.000035 -0.1348267
v 0.9739761 1.739102 -0.1486511
v 1.006279 2.157556 -0.5338211
v 0.7687149 1.78655 -0.1857071
v 0.6914063 1.882197 0.09406281
v 0.9739761 1.739102 -0.1486511
v 0.7687149 1.78655 -0.1857071
v 0.6963806 2.000035 -0.1348267
v 0.7687149 1.78655 -0.1857071
v 0.8992004 2.217694 -0.4744186
v 0.7687149 1.78655 -0.1857071
v 1.006279 2.157556 -0.5338211
v 0.8992004 2.217694 -0.4744186
v 0.8992004 2.217694 -0.4744186
v 1.006279 2.157556 -0.5338211
v 1.077522 2.424228 -0.5770111
v 1.006279 2.157556 -0.5338211
v 1.287964 2.283413 -0.4841766
v 1.077522 2.424228 -0.5770111
v 1.077522 2.424228 -0.5770111
v 1.287964 2.283413 -0.4841766
v 1.213341 2.588552 -0.3028259
v 1.287964 2.283413 -0.4841766
v 1.633377 2.579046 -0.09094238
v 1.213341 2.588552 -0.3028259
v 1.355713 2.439246 0.2314911
v 1.479858 2.379575 0.578743
v 1.293999 2.534072 0.4965134
v 1.293999 2.534072 0.4965134
v 1.214951 2.342633 0.7566986
v 0.7399445 2.194333 0.6495285
v 1.293999 2.534072 0.4965134
v 1.479858 2.379575 0.578743
v 1.214951 2.342633 0.7566986
v 1.479858 2.379575 0.578743
v 1.461235 2.27369 0.6479034
v 1.214951 2.342633 0.7566986
v 0.7399445 2.194333 0.6495285
v 1.214951 2.342633 0.7566986
v 0.9620972 2.045116 0.6553497
v 0.9620972 2.045116 0.6553497
v 1.236877 1.986741 0.8511047
v 1.133743 2.007262 0.6319199
v 0.6914063 1.882197 0.09406281
v 0.9620972 2.045116 0.6553497
v 1.009598 1.969772 0.1334915
v 0.9620972 2.045116 0.6553497
v 1.133743 2.007262 0.6319199
v 1.009598 1.969772 0.1334915
v 1.261971 1.950937 0.2386398
v 1.133743 2.007262 0.6319199
v 1.456619 1.758944 0.4045486
v 1.261971 1.950937 0.2386398
v 1.456619 1.758944 0.4045486
v 1.400383 1.830968 -0.09215546
v 1.236877 1.986741 0.8511047
v 1.404381 1.811563 0.6350632
v 1.133743 2.007262 0.6319199
v 1.236877 1.986741 0.8511047
v 1.456619 1.758944 0.4045486
v 0.6914063 1.882197 0.09406281
v 1.009598 1.969772 0.1334915
v 0.9739761 1.739102 -0.1486511
v 1.009598 1.969772 0.1334915
v 1.130615 1.845421 -0.1613007
v 0.9739761 1.739102 -0.1486511
v 0.9739761 1.739102 -0.1486511
v 1.130615 1.845421 -0.1613007
v 1.006279 2.157556 -0.5338211
v 1.130615 1.845421 -0.1613007
v 1.400383 1.830968 -0.09215546
v 1.006279 2.157556 -0.5338211
v 1.009598 1.969772 0.1334915
v 1.261971 1.950937 0.2386398
v 1.130615 1.845421 -0.1613007
v 1.400383 1.830968 -0.09215546
v 1.400383 1.830968 -0.09215546
v 1.421066 2.087538 -0.6565704
v 1.006279 2.157556 -0.5338211
v 1.006279 2.157556 -0.5338211
v 1.421066 2.087538 -0.6565704
v 1.287964 2.283413 -0.4841766
v 1.421066 2.087538 -0.6565704
v 1.468964 2.272332 -0.2579422
v 1.287964 2.283413 -0.4841766
v 1.421066 2.087538 -0.6565704
v 1.601067 2.046101 -0.5935135
v 1.468964 2.272332 -0.2579422
v 1.601067 2.046101 -0.5935135
v 1.866875 1.845013 -0.08003235
v 1.468964 2.272332 -0.2579422
v 1.400383 1.830968 -0.09215546
v 1.630028 1.817723 -0.4337463
v 1.421066 2.087538 -0.6565704
v 1.630028 1.817723 -0.4337463
v 1.601067 2.046101 -0.5935135
v 1.421066 2.087538 -0.6565704
v 1.287964 2.283413 -0.4841766
v 1.468964 2.272332 -0.2579422
v 1.633377 2.579046 -0.09094238
v 1.468964 2.272332 -0.2579422
v 1.866875 1.845013 -0.08003235
v 1.633377 2.579046 -0.09094238
v 1.633377 2.579046 -0.09094238
v 2.02478 2.081172 0.1488037
v 1.849655 2.409786 0.178772
v 1.993881 2.36429 0.4667969
v 1.633377 2.579046 -0.09094238
v 1.849655 2.409786 0.178772
v 1.355713 2.439246 0.2314911
v 1.461235 2.27369 0.6479034
v 1.305862 2.230419 0.6153107
v 1.214951 2.342633 0.7566986
v 1.214951 2.342633 0.7566986
v 1.305862 2.230419 0.6153107
v 1.236877 1.986741 0.8511047
v 0.9620972 2.045116 0.6553497
v 1.214951 2.342633 0.7566986
v 1.236877 1.986741 0.8511047
v 1.305862 2.230419 0.6153107
v 1.461235 2.27369 0.6479034
v 1.236877 1.986741 0.8511047
v 1.461235 2.27369 0.6479034
v 1.404381 1.811563 0.6350632
v 1.236877 1.986741 0.8511047
v 1.404381 1.811563 0.6350632
v 1.699379 1.685591 0.659729
v 1.456619 1.758944 0.4045486
v 1.456619 1.758944 0.4045486
v 1.699379 1.685591 0.659729
v 1.400383 1.830968 -0.09215546
v 1.400383 1.830968 -0.09215546
v 1.866875 1.845013 -0.08003235
v 1.630028 1.817723 -0.4337463
v 1.630028 1.817723 -0.4337463
v 1.866875 1.845013 -0.08003235
v 1.601067 2.046101 -0.5935135
v 1.633377 2.579046 -0.09094238
v 1.866875 1.845013 -0.08003235
v 2.02478 2.081172 0.1488037
v 1.849655 2.409786 0.178772
v 1.993881 2.36429 0.4667969
v 1.355713 2.439246 0.2314911
v 1.479858 2.379575 0.578743
v 1.479858 2.379575 0.578743
v 1.993881 2.36429 0.4667969
v 1.461235 2.27369 0.6479034
v 1.993881 2.36429 0.4667969
v 1.897652 2.221503 0.8547363
v 1.461235 2.27369 0.6479034
v 1.461235 2.27369 0.6479034
v 1.757042 1.887038 0.8275909
v 1.404381 1.811563 0.6350632
v 1.404381 1.811563 0.6350632
v 1.757042 1.887038 0.8275909
v 1.699379 1.685591 0.659729
v 1.461235 2.27369 0.6479034
v 1.897652 2.221503 0.8547363
v 1.757042 1.887038 0.8275909
v 1.400383 1.830968 -0.09215546
v 1.699379 1.685591 0.659729
v 1.702209 1.780845 0.2661209
v 1.699379 1.685591 0.659729
v 1.763908 1.716664 0.4917526
v 1.702209 1.780845 0.2661209
v 1.400383 1.830968 -0.09215546
v 1.702209 1.780845 0.2661209
v 1.866875 1.845013 -0.08003235
v 1.993881 2.36429 0.4667969
v 2.075882 2.020558 0.7134781
v 1.897652 2.221503 0.8547363
v 1.897652 2.221503 0.8547363
v 2.075882 2.020558 0.7134781
v 1.757042 1.887038 0.8275909
v 0.9136734 2.473889 -0.3049545
v 0.5820847 2.619008 -0.1737518
v 0.3998871 2.269852 0.1237183
v 0.3697739 2.538118 0.05210876
v 0.3998871 2.269852 0.1237183
v 0.5820847 2.619008 -0.1737518
v 0.7309189 2.650154 -0.02258301
v 0.3697739 2.538118 0.05210876
v 0.5820847 2.619008 -0.1737518
v 0.7309189 2.650154 -0.02258301
v 0.8555603 2.803917 0.5152283
v 0.3697739 2.538118 0.05210876
v 1.699379 1.685591 0.659729
v 2.055077 1.965746 0.332222
v 1.763908 1.716664 0.4917526
v 2.075882 2.020558 0.7134781
v 1.702209 1.780845 0.2661209
v 1.763908 1.716664 0.4917526
v 1.706604 1.868792 0.2806168
v 1.866875 1.845013 -0.08003235
v 1.702209 1.780845 0.2661209
v 1.706604 1.868792 0.2806168
v 2.055077 1.965746 0.332222
v 1.706604 1.868792 0.2806168
v 1.763908 1.716664 0.4917526
v 2.055077 1.965746 0.332222
v 1.866875 1.845013 -0.08003235
v 1.706604 1.868792 0.2806168
v 2.055077 1.965746 0.332222
v 2.02478 2.081172 0.1488037
v 1.866875 1.845013 -0.08003235
v 2.055077 1.965746 0.332222
v 1.993881 2.36429 0.4667969
v 2.02478 2.081172 0.1488037
v 2.075882 2.020558 0.7134781
v 1.699379 1.685591 0.659729
v 1.757042 1.887038 0.8275909
v 2.075882 2.020558 0.7134781
v -0.9403229 2.140774 0.242981
v -0.9410782 2.124469 0.2341537
v -0.9297333 2.13272 0.2161865
v -0.9219894 2.154125 0.2139282
v -0.9285278 2.159104 0.2304764
v -0.4641953 1.971517 0.2698517
v -0.7587967 2.017648 0.230545
v -0.7682266 2.026171 0.2500458
v -0.4641876 1.961661 0.3083115
v -0.4641876 1.961661 0.3083115
v -0.7682266 2.026171 0.2500458
v -0.7671356 2.056749 0.2449799
v -0.4895706 2.007063 0.3235168
v -0.4895706 2.007063 0.3235168
v -0.7671356 2.056749 0.2449799
v -0.7570648 2.06705 0.2224731
v -0.499588 2.047737 0.2979813
v -0.499588 2.047737 0.2979813
v -0.7570648 2.06705 0.2224731
v -0.7519302 2.042916 0.213623
v -0.4881897 2.02127 0.2676773
v -0.4881897 2.02127 0.2676773
v -0.7519302 2.042916 0.213623
v -0.7587967 2.017648 0.230545
v -0.4641953 1.971517 0.2698517
v -0.7587967 2.017648 0.230545
v -0.9410782 2.124469 0.2341537
v -0.9403229 2.140774 0.242981
v -0.7682266 2.026171 0.2500458
v -0.7682266 2.026171 0.2500458
v -0.9403229 2.140774 0.242981
v -0.9285278 2.159104 0.2304764
v -0.7671356 2.056749 0.2449799
v -0.7671356 2.056749 0.2449799
v -0.9285278 2.159104 0.2304764
v -0.9219894 2.154125 0.2139282
v -0.7570648 2.06705 0.2224731
v -0.7570648 2.06705 0.2224731
v -0.9219894 2.154125 0.2139282
v -0.9297333 2.13272 0.2161865
v -0.7519302 2.042916 0.213623
v -0.7519302 2.042916 0.213623
v -0.9297333 2.13272 0.2161865
v -0.9410782 2.124469 0.2341537
v -0.7587967 2.017648 0.230545
v 1.256714 2.044437 0.2851944
v 1.275459 2.030119 0.276535
v 1.285995 2.022219 0.2896042
v 1.255669 2.045384 0.3036346
v 1.273766 2.031653 0.3063507
v 0.9741135 1.671703 0.4683609
v 1.195343 1.859628 0.3895874
v 1.196526 1.86132 0.3664017
v 0.9759293 1.646322 0.4378967
v 0.9759293 1.646322 0.4378967
v 1.196526 1.86132 0.3664017
v 1.179085 1.886349 0.3608017
v 0.9701691 1.685254 0.4006348
v 0.9701691 1.685254 0.4006348
v 1.179085 1.886349 0.3608017
v 1.167191 1.900032 0.3804321
v 0.9582291 1.732539 0.4059143
v 0.9582291 1.732539 0.4059143
v 1.167191 1.900032 0.3804321
v 1.177238 1.883523 0.3981476
v 0.9634399 1.724239 0.4485397
v 0.9634399 1.724239 0.4485397
v 1.177238 1.883523 0.3981476
v 1.195343 1.859628 0.3895874
v 0.9741135 1.671703 0.4683609
v 1.195343 1.859628 0.3895874
v 1.285995 2.022219 0.2896042
v 1.275459 2.030119 0.276535
v 1.196526 1.86132 0.3664017
v 1.196526 1.86132 0.3664017
v 1.275459 2.030119 0.276535
v 1.256714 2.044437 0.2851944
v 1.179085 1.886349 0.3608017
v 1.179085 1.886349 0.3608017
v 1.256714 2.044437 0.2851944
v 1.255669 2.045384 0.3036346
v 1.167191 1.900032 0.3804321
v 1.167191 1.900032 0.3804321
v 1.255669 2.045384 0.3036346
v 1.273766 2.031653 0.3063507
v 1.177238 1.883523 0.3981476
v 1.177238 1.883523 0.3981476
v 1.273766 2.031653 0.3063507
v 1.285995 2.022219 0.2896042
v 1.195343 1.859628 0.3895874
v 0.7939758 2.303918 0.08036804
v 0.8100815 2.301084 0.05839539
v 0.8354568 2.307435 0.0655899
v 0.8350143 2.31419 0.09199524
v 0.8093796 2.312016 0.1011276
v 0.8870773 1.107382 0.2607422
v 1.030724 1.355504 0.4849777
v 0.9654236 1.366801 0.4777145
v 0.8176575 1.164435 0.2339478
v 0.8176575 1.164435 0.2339478
v 0.9654236 1.366801 0.4777145
v 0.9368439 1.371645 0.5359421
v 0.7610931 1.14671 0.2945328
v 0.7610931 1.14671 0.2945328
v 0.9368439 1.371645 0.5359421
v 0.9846268 1.363172 0.5791397
v 0.7939529 1.077648 0.3587189
v 0.7939529 1.077648 0.3587189
v 0.9846268 1.363172 0.5791397
v 1.042442 1.352959 0.5476837
v 0.8686218 1.059396 0.3410187
v 0.8686218 1.059396 0.3410187
v 1.042442 1.352959 0.5476837
v 1.030724 1.355504 0.4849777
v 0.8870773 1.107382 0.2607422
v 1.030724 1.355504 0.4849777
v 0.9850769 1.691914 0.387413
v 0.9223709 1.697588 0.4125671
v 0.9654236 1.366801 0.4777145
v 0.9654236 1.366801 0.4777145
v 0.9223709 1.697588 0.4125671
v 0.9227448 1.728083 0.4611816
v 0.9368439 1.371645 0.5359421
v 0.9368439 1.371645 0.5359421
v 0.9227448 1.728083 0.4611816
v 0.9861603 1.741417 0.4664536
v 0.9846268 1.363172 0.5791397
v 0.9846268 1.363172 0.5791397
v 0.9861603 1.741417 0.4664536
v 1.024857 1.71947 0.4211426
v 1.042442 1.352959 0.5476837
v 1.042442 1.352959 0.5476837
v 1.024857 1.71947 0.4211426
v 0.9850769 1.691914 0.387413
v 1.030724 1.355504 0.4849777
v 0.9850769 1.691914 0.387413
v 0.8618088 1.813529 0.2121887
v 0.828186 1.831171 0.2495651
v 0.9223709 1.697588 0.4125671
v 0.9223709 1.697588 0.4125671
v 0.828186 1.831171 0.2495651
v 0.8523178 1.85373 0.2821579
v 0.9227448 1.728083 0.4611816
v 0.9227448 1.728083 0.4611816
v 0.8523178 1.85373 0.2821579
v 0.8995056 1.852028 0.2649231
v 0.9861603 1.741417 0.4664536
v 0.9861603 1.741417 0.4664536
v 0.8995056 1.852028 0.2649231
v 0.9046249 1.828747 0.2197952
v 1.024857 1.71947 0.4211426
v 1.024857 1.71947 0.4211426
v 0.9046249 1.828747 0.2197952
v 0.8618088 1.813529 0.2121887
v 0.9850769 1.691914 0.387413
v 0.8618088 1.813529 0.2121887
v 0.8726578 1.955226 0.1192322
v 0.8779984 1.958075 0.1508179
v 0.828186 1.831171 0.2495651
v 0.828186 1.831171 0.2495651
v 0.8779984 1.958075 0.1508179
v 0.9121704 1.962978 0.1543427
v 0.8523178 1.85373 0.2821579
v 0.8523178 1.85373 0.2821579
v 0.9121704 1.962978 0.1543427
v 0.9278488 1.962729 0.125412
v 0.8995056 1.852028 0.2649231
v 0.8995056 1.852028 0.2649231
v 0.9278488 1.962729 0.125412
v 0.903389 1.958387 0.1038742
v 0.9046249 1.828747 0.2197952
v 0.9046249 1.828747 0.2197952
v 0.903389 1.958387 0.1038742
v 0.8726578 1.955226 0.1192322
v 0.8618088 1.813529 0.2121887
v 0.8726578 1.955226 0.1192322
v 0.7939758 2.303918 0.08036804
v 0.8093796 2.312016 0.1011276
v 0.8779984 1.958075 0.1508179
v 0.8779984 1.958075 0.1508179
v 0.8093796 2.312016 0.1011276
v 0.8350143 2.31419 0.09199524
v 0.9121704 1.962978 0.1543427
v 0.9121704 1.962978 0.1543427
v 0.8350143 2.31419 0.09199524
v 0.8354568 2.307435 0.0655899
v 0.9278488 1.962729 0.125412
v 0.9278488 1.962729 0.125412
v 0.8354568 2.307435 0.0655899
v 0.8100815 2.301084 0.05839539
v 0.903389 1.958387 0.1038742
v 0.903389 1.958387 0.1038742
v 0.8100815 2.301084 0.05839539
v 0.7939758 2.303918 0.08036804
v 0.8726578 1.955226 0.1192322
v -0.5969391 2.560354 0.5715942
v -0.5588074 2.570092 0.5580139
v -0.5325012 2.565775 0.590271
v -0.5942001 2.55002 0.6122513
v -0.5543823 2.553368 0.6237946
v 0.5143127 -7.450581E-09 0.1841202
v 0.6356964 0.5353164 0.3521423
v 0.5318909 0.5841897 0.4477997
v 0.2460556 -7.450581E-09 0.2604904
v 0.2460556 -7.450581E-09 0.2604904
v 0.5318909 0.5841897 0.4477997
v 0.6016235 0.6191074 0.5764923
v 0.2413483 -7.450581E-09 0.5447693
v 0.2413483 -7.450581E-09 0.5447693
v 0.6016235 0.6191074 0.5764923
v 0.7485275 0.5918142 0.5603714
v 0.506691 -7.450581E-09 0.6440811
v 0.506691 -7.450581E-09 0.6440811
v 0.7485275 0.5918142 0.5603714
v 0.769577 0.5400279 0.4217148
v 0.6753998 -7.450581E-09 0.4211884
v 0.6753998 -7.450581E-09 0.4211884
v 0.769577 0.5400279 0.4217148
v 0.6356964 0.5353164 0.3521423
v 0.5143127 -7.450581E-09 0.1841202
v 0.6356964 0.5353164 0.3521423
v 0.8126831 1.085325 0.2175598
v 0.749939 1.067467 0.281517
v 0.5318909 0.5841897 0.4477997
v 0.5318909 0.5841897 0.4477997
v 0.749939 1.067467 0.281517
v 0.7957687 1.076242 0.3670273
v 0.6016235 0.6191074 0.5764923
v 0.6016235 0.6191074 0.5764923
v 0.7957687 1.076242 0.3670273
v 0.8884125 1.100311 0.3553696
v 0.7485275 0.5918142 0.5603714
v 0.7485275 0.5918142 0.5603714
v 0.8884125 1.100311 0.3553696
v 0.8985977 1.104372 0.2618713
v 0.769577 0.5400279 0.4217148
v 0.769577 0.5400279 0.4217148
v 0.8985977 1.104372 0.2618713
v 0.8126831 1.085325 0.2175598
v 0.6356964 0.5353164 0.3521423
v 0.8126831 1.085325 0.2175598
v 0.532547 1.392644 -0.008392334
v 0.496109 1.342473 0.06364441
v 0.749939 1.067467 0.281517
v 0.749939 1.067467 0.281517
v 0.496109 1.342473 0.06364441
v 0.5467606 1.367592 0.1366272
v 0.7957687 1.076242 0.3670273
v 0.7957687 1.076242 0.3670273
v 0.5467606 1.367592 0.1366272
v 0.6158676 1.435468 0.1103287
v 0.8884125 1.100311 0.3553696
v 0.8884125 1.100311 0.3553696
v 0.6158676 1.435468 0.1103287
v 0.6073074 1.450399 0.01948547
v 0.8985977 1.104372 0.2618713
v 0.8985977 1.104372 0.2618713
v 0.6073074 1.450399 0.01948547
v 0.532547 1.392644 -0.008392334
v 0.8126831 1.085325 0.2175598
v 0.532547 1.392644 -0.008392334
v -0.1543579 1.53846 0.1088409
v -0.1500168 1.516055 0.1748505
v 0.496109 1.342473 0.06364441
v 0.496109 1.342473 0.06364441
v -0.1500168 1.516055 0.1748505
v -0.1166763 1.566443 0.207283
v 0.5467606 1.367592 0.1366272
v 0.5467606 1.367592 0.1366272
v -0.1166763 1.566443 0.207283
v -0.1001282 1.620035 0.1613693
v 0.6158676 1.435468 0.1103287
v 0.6158676 1.435468 0.1103287
v -0.1001282 1.620035 0.1613693
v -0.1234894 1.602823 0.1005325
v 0.6073074 1.450399 0.01948547
v 0.6073074 1.450399 0.01948547
v -0.1234894 1.602823 0.1005325
v -0.1543579 1.53846 0.1088409
v 0.532547 1.392644 -0.008392334
v -0.1543579 1.53846 0.1088409
v -0.5463715 2.019254 0.3110352
v -0.5116501 2.02163 0.3480911
v -0.1500168 1.516055 0.1748505
v -0.1500168 1.516055 0.1748505
v -0.5116501 2.02163 0.3480911
v -0.470871 2.049382 0.32901
v -0.1166763 1.566443 0.207283
v -0.1166763 1.566443 0.207283
v -0.470871 2.049382 0.32901
v -0.4803009 2.064116 0.2802048
v -0.1001282 1.620035 0.1613693
v -0.1001282 1.620035 0.1613693
v -0.4803009 2.064116 0.2802048
v -0.5268173 2.045235 0.269165
v -0.1234894 1.602823 0.1005325
v -0.1234894 1.602823 0.1005325
v -0.5268173 2.045235 0.269165
v -0.5463715 2.019254 0.3110352
v -0.1543579 1.53846 0.1088409
v -0.5463715 2.019254 0.3110352
v -0.5942001 2.55002 0.6122513
v -0.5543823 2.553368 0.6237946
v -0.5116501 2.02163 0.3480911
v -0.5116501 2.02163 0.3480911
v -0.5543823 2.553368 0.6237946
v -0.5325012 2.565775 0.590271
v -0.470871 2.049382 0.32901
v -0.470871 2.049382 0.32901
v -0.5325012 2.565775 0.590271
v -0.5588074 2.570092 0.5580139
v -0.4803009 2.064116 0.2802048
v -0.4803009 2.064116 0.2802048
v -0.5588074 2.570092 0.5580139
v -0.5969391 2.560354 0.5715942
v -0.5268173 2.045235 0.269165
v -0.5268173 2.045235 0.269165
v -0.5969391 2.560354 0.5715942
v -0.5942001 2.55002 0.6122513
v -0.5463715 2.019254 0.3110352
vt 0.6987305 0.1226807
vt 0.6987305 0.1226807
vt 0.6987305 0.1226807
vt 0.6987305 0.1226807
vt 0.6987305 0.1226807
vt 0.6987305 0.1226807
vt 0.6987305 0.1226807
vt 0.6987305 0.1226807
vt 0.6987305 0.1226807
vt 0.6987305 0.1226807
vt 0.6987305 0.1226807
vt 0.6987305 0.1226807
vt 0.6987305 0.1226807
vt 0.6987305 0.1226807
vt 0.6987305 0.1226807
vt 0.6987305 0.1226807
vt 0.6987305 0.1226807
vt 0.6987305 0.1226807
vt 0.6987305 0.1226807
vt 0.6987305 0.1226807
vt 0.6987305 0.1226807
vt 0.6987305 0.1226807
vt 0.6987305 0.1226807
vt 0.6987305 0.1226807
vt 0.6987305 0.1226807
vt 0.6987305 0.1226807
vt 0.6987305 0.1226807
vt 0.6987305 0.1226807
vt 0.6987305 0.1226807
vt 0.6987305 0.1226807
vt 0.6987305 0.1226807
vt 0.6987305 0.1226807
vt 0.6987305 0.1226807
vt 0.6987305 0.1226807
vt 0.6987305 0.1226807
vt 0.6987305 0.1226807
vt 0.6987305 0.1226807
vt 0.6987305 0.1226807
vt 0.6987305 0.1226807
vt 0.6987305 0.1226807
vt 0.6987305 0.1226807
vt 0.6987305 0.1226807
vt 0.6987305 0.1226807
vt 0.6987305 0.1226807
vt 0.6987305 0.1226807
vt 0.6987305 0.1226807
vt 0.6987305 0.1226807
vt 0.6987305 0.1226807
vt 0.6987305 0.1226807
vt 0.6987305 0.1226807
vt 0.6987305 0.1226807
vt 0.6987305 0.1226807
vt 0.6987305 0.1226807
vt 0.6987305 0.1226807
vt 0.6987305 0.1226807
vt 0.6987305 0.1226807
vt 0.6987305 0.1226807
vt 0.6987305 0.1226807
vt 0.6987305 0.1226807
vt 0.6987305 0.1226807
vt 0.6987305 0.1226807
vt 0.6987305 0.1226807
vt 0.6987305 0.1226807
vt 0.6987305 0.1226807
vt 0.6987305 0.1226807
vt 0.6987305 0.1226807
vt 0.6987305 0.1226807
vt 0.6987305 0.1226807
vt 0.6987305 0.1226807
vt 0.6987305 0.1226807
vt 0.6987305 0.1226807
vt 0.6987305 0.1226807
vt 0.6987305 0.1226807
vt 0.6987305 0.1226807
vt 0.6987305 0.1226807
vt 0.6987305 0.1226807
vt 0.6987305 0.1226807
vt 0.6987305 0.1226807
vt 0.6987305 0.1226807
vt 0.6987305 0.1226807
vt 0.6987305 0.1226807
vt 0.6987305 0.1226807
vt 0.6987305 0.1226807
vt 0.6987305 0.1226807
vt 0.6987305 0.1226807
vt 0.6987305 0.1226807
vt 0.6987305 0.1226807
vt 0.6987305 0.1226807
vt 0.6987305 0.1226807
vt 0.6987305 0.1226807
vt 0.6987305 0.1226807
vt 0.6987305 0.1226807
vt 0.6987305 0.1226807
vt 0.6987305 0.1226807
vt 0.6987305 0.1226807
vt 0.6987305 0.1226807
vt 0.6987305 0.1226807
vt 0.6987305 0.1226807
vt 0.6987305 0.1226807
vt 0.6987305 0.1226807
vt 0.6987305 0.1226807
vt 0.6987305 0.1226807
vt 0.6987305 0.1226807
vt 0.6987305 0.1226807
vt 0.6987305 0.1226807
vt 0.6987305 0.1226807
vt 0.6987305 0.1226807
vt 0.6987305 0.1226807
vt 0.6987305 0.1226807
vt 0.6987305 0.1226807
vt 0.6987305 0.1226807
vt 0.6987305 0.1226807
vt 0.6987305 0.1226807
vt 0.6987305 0.1226807
vt 0.6987305 0.1226807
vt 0.6987305 0.1226807
vt 0.6987305 0.1226807
vt 0.6987305 0.1226807
vt 0.6987305 0.1226807
vt 0.6987305 0.1226807
vt 0.6987305 0.1226807
vt 0.6987305 0.1226807
vt 0.6987305 0.1226807
vt 0.6987305 0.1226807
vt 0.6987305 0.1226807
vt 0.6987305 0.1226807
vt 0.6987305 0.1226807
vt 0.6987305 0.1226807
vt 0.6987305 0.1226807
vt 0.6987305 0.1226807
vt 0.6987305 0.1226807
vt 0.6987305 0.1226807
vt 0.6987305 0.1226807
vt 0.6987305 0.1226807
vt 0.6987305 0.1226807
vt 0.6987305 0.1226807
vt 0.6987305 0.1226807
vt 0.6987305 0.1226807
vt 0.6987305 0.1226807
vt 0.6987305 0.1226807
vt 0.6987305 0.1226807
vt 0.6987305 0.1226807
vt 0.6987305 0.1226807
vt 0.6987305 0.1226807
vt 0.6987305 0.1226807
vt 0.6987305 0.1226807
vt 0.6987305 0.1226807
vt 0.6987305 0.1226807
vt 0.6987305 0.1226807
vt 0.6987305 0.1226807
vt 0.6987305 0.1226807
vt 0.6987305 0.1226807
vt 0.6987305 0.1226807
vt 0.6987305 0.1226807
vt 0.6987305 0.1226807
vt 0.6987305 0.1226807
vt 0.6987305 0.1226807
vt 0.6987305 0.1226807
vt 0.6987305 0.1226807
vt 0.6987305 0.1226807
vt 0.6987305 0.1226807
vt 0.6987305 0.1226807
vt 0.6987305 0.1226807
vt 0.6987305 0.1226807
vt 0.6987305 0.1226807
vt 0.6987305 0.1226807
vt 0.6987305 0.1226807
vt 0.6987305 0.1226807
vt 0.6987305 0.1226807
vt 0.6987305 0.1226807
vt 0.6987305 0.1226807
vt 0.6987305 0.1226807
vt 0.6987305 0.1226807
vt 0.6987305 0.1226807
vt 0.6987305 0.1226807
vt 0.6987305 0.1226807
vt 0.6987305 0.1226807
vt 0.6987305 0.1226807
vt 0.6987305 0.1226807
vt 0.6987305 0.1226807
vt 0.6987305 0.1226807
vt 0.6987305 0.1226807
vt 0.6987305 0.1226807
vt 0.6987305 0.1226807
vt 0.6987305 0.1226807
vt 0.6987305 0.1226807
vt 0.6987305 0.1226807
vt 0.6987305 0.1226807
vt 0.6987305 0.1226807
vt 0.6987305 0.1226807
vt 0.6987305 0.1226807
vt 0.6987305 0.1226807
vt 0.6987305 0.1226807
vt 0.6987305 0.1226807
vt 0.6987305 0.1226807
vt 0.6987305 0.1226807
vt 0.6987305 0.1226807
vt 0.6987305 0.1226807
vt 0.6987305 0.1226807
vt 0.6987305 0.1226807
vt 0.6987305 0.1226807
vt 0.6987305 0.1226807
vt 0.6987305 0.1226807
vt 0.6987305 0.1226807
vt 0.6987305 0.1226807
vt 0.6987305 0.1226807
vt 0.6987305 0.1226807
vt 0.6987305 0.1226807
vt 0.6987305 0.1226807
vt 0.6987305 0.1226807
vt 0.6987305 0.1226807
vt 0.6987305 0.1226807
vt 0.6987305 0.1226807
vt 0.6987305 0.1226807
vt 0.6987305 0.1226807
vt 0.6987305 0.1226807
vt 0.6987305 0.1226807
vt 0.6987305 0.1226807
vt 0.6987305 0.1226807
vt 0.6987305 0.1226807
vt 0.6987305 0.1226807
vt 0.6987305 0.1226807
vt 0.6987305 0.1226807
vt 0.6987305 0.1226807
vt 0.6987305 0.1226807
vt 0.6987305 0.1226807
vt 0.6987305 0.1226807
vt 0.6987305 0.1226807
vt 0.6987305 0.1226807
vt 0.6987305 0.1226807
vt 0.6987305 0.1226807
vt 0.6987305 0.1226807
vt 0.6987305 0.1226807
vt 0.6987305 0.1226807
vt 0.6987305 0.1226807
vt 0.6987305 0.1226807
vt 0.6987305 0.1226807
vt 0.6987305 0.1226807
vt 0.6987305 0.1226807
vt 0.6987305 0.1226807
vt 0.6987305 0.1226807
vt 0.6987305 0.1226807
vt 0.6987305 0.1226807
vt 0.6987305 0.1226807
vt 0.6987305 0.1226807
vt 0.6987305 0.1226807
vt 0.6987305 0.1226807
vt 0.6987305 0.1226807
vt 0.6987305 0.1226807
vt 0.6987305 0.1226807
vt 0.6987305 0.1226807
vt 0.6987305 0.1226807
vt 0.6987305 0.1226807
vt 0.6987305 0.1226807
vt 0.6987305 0.1226807
vt 0.6987305 0.1226807
vt 0.6987305 0.1226807
vt 0.6987305 0.1226807
vt 0.6987305 0.1226807
vt 0.6987305 0.1226807
vt 0.6987305 0.1226807
vt 0.6987305 0.1226807
vt 0.6987305 0.1226807
vt 0.6987305 0.1226807
vt 0.6987305 0.1226807
vt 0.6987305 0.1226807
vt 0.6987305 0.1226807
vt 0.6987305 0.1226807
vt 0.6987305 0.1226807
vt 0.6987305 0.1226807
vt 0.6987305 0.1226807
vt 0.6987305 0.1226807
vt 0.6987305 0.1226807
vt 0.6987305 0.1226807
vt 0.6987305 0.1226807
vt 0.6987305 0.1226807
vt 0.6987305 0.1226807
vt 0.6987305 0.1226807
vt 0.6987305 0.1226807
vt 0.6987305 0.1226807
vt 0.6987305 0.1226807
vt 0.6987305 0.1226807
vt 0.6987305 0.1226807
vt 0.6987305 0.1226807
vt 0.6987305 0.1226807
vt 0.6987305 0.1226807
vt 0.6987305 0.1226807
vt 0.6987305 0.1226807
vt 0.6987305 0.1226807
vt 0.6987305 0.1226807
vt 0.6987305 0.1226807
vt 0.6987305 0.1226807
vt 0.6987305 0.1226807
vt 0.6987305 0.1226807
vt 0.6987305 0.1226807
vt 0.6987305 0.1226807
vt 0.6987305 0.1226807
vt 0.6987305 0.1226807
vt 0.6987305 0.1226807
vt 0.6987305 0.1226807
vt 0.6987305 0.1226807
vt 0.6987305 0.1226807
vt 0.6987305 0.1226807
vt 0.6987305 0.1226807
vt 0.6987305 0.1226807
vt 0.6987305 0.1226807
vt 0.6987305 0.1226807
vt 0.6987305 0.1226807
vt 0.6987305 0.1226807
vt 0.6987305 0.1226807
vt 0.6987305 0.1226807
vt 0.6987305 0.1226807
vt 0.6987305 0.1226807
vt 0.6987305 0.1226807
vt 0.6987305 0.1226807
vt 0.6987305 0.1226807
vt 0.6987305 0.1226807
vt 0.6987305 0.1226807
vt 0.6987305 0.1226807
vt 0.6987305 0.1226807
vt 0.6987305 0.1226807
vt 0.6987305 0.1226807
vt 0.6987305 0.1226807
vt 0.6987305 0.1226807
vt 0.6987305 0.1226807
vt 0.6987305 0.1226807
vt 0.6987305 0.1226807
vt 0.6987305 0.1226807
vt 0.6987305 0.1226807
vt 0.6987305 0.1226807
vt 0.6987305 0.1226807
vt 0.6987305 0.1226807
vt 0.6987305 0.1226807
vt 0.6987305 0.1226807
vt 0.6987305 0.1226807
vt 0.6987305 0.1226807
vt 0.6987305 0.1226807
vt 0.6987305 0.1226807
vt 0.6987305 0.1226807
vt 0.6987305 0.1226807
vt 0.6987305 0.1226807
vt 0.6987305 0.1226807
vt 0.6987305 0.1226807
vt 0.6987305 0.1226807
vt 0.6987305 0.1226807
vt 0.6987305 0.1226807
vt 0.6987305 0.1226807
vt 0.6987305 0.1226807
vt 0.6987305 0.1226807
vt 0.6987305 0.1226807
vt 0.6987305 0.1226807
vt 0.6987305 0.1226807
vt 0.6987305 0.1226807
vt 0.6987305 0.1226807
vt 0.6987305 0.1226807
vt 0.6987305 0.1226807
vt 0.6987305 0.1226807
vt 0.6987305 0.1226807
vt 0.6987305 0.1226807
vt 0.6987305 0.1226807
vt 0.6987305 0.1226807
vt 0.6987305 0.1226807
vt 0.6987305 0.1226807
vt 0.6987305 0.1226807
vt 0.6987305 0.1226807
vt 0.6987305 0.1226807
vt 0.6987305 0.1226807
vt 0.6987305 0.1226807
vt 0.6987305 0.1226807
vt 0.6987305 0.1226807
vt 0.6987305 0.1226807
vt 0.6987305 0.1226807
vt 0.6987305 0.1226807
vt 0.6987305 0.1226807
vt 0.6987305 0.1226807
vt 0.6987305 0.1226807
vt 0.6987305 0.1226807
vt 0.6987305 0.1226807
vt 0.6987305 0.1226807
vt 0.6987305 0.1226807
vt 0.6987305 0.1226807
vt 0.6987305 0.1226807
vt 0.6987305 0.1226807
vt 0.6987305 0.1226807
vt 0.6987305 0.1226807
vt 0.6987305 0.1226807
vt 0.6987305 0.1226807
vt 0.6987305 0.1226807
vt 0.6987305 0.1226807
vt 0.6987305 0.1226807
vt 0.6987305 0.1226807
vt 0.6987305 0.1226807
vt 0.6987305 0.1226807
vt 0.6987305 0.1226807
vt 0.6987305 0.1226807
vt 0.6987305 0.1226807
vt 0.6987305 0.1226807
vt 0.6987305 0.1226807
vt 0.6987305 0.1226807
vt 0.6987305 0.1226807
vt 0.6987305 0.1226807
vt 0.6987305 0.1226807
vt 0.6987305 0.1226807
vt 0.6987305 0.1226807
vt 0.6987305 0.1226807
vt 0.6987305 0.1226807
vt 0.6987305 0.1226807
vt 0.6987305 0.1226807
vt 0.6987305 0.1226807
vt 0.6987305 0.1226807
vt 0.6987305 0.1226807
vt 0.6987305 0.1226807
vt 0.6987305 0.1226807
vt 0.6987305 0.1226807
vt 0.6987305 0.1226807
vt 0.6987305 0.1226807
vt 0.6987305 0.1226807
vt 0.6987305 0.1226807
vt 0.6987305 0.1226807
vt 0.6987305 0.1226807
vt 0.6987305 0.1226807
vt 0.6987305 0.1226807
vt 0.6987305 0.1226807
vt 0.6987305 0.1226807
vt 0.6987305 0.1226807
vt 0.6987305 0.1226807
vt 0.6987305 0.1226807
vt 0.6987305 0.1226807
vt 0.6987305 0.1226807
vt 0.6987305 0.1226807
vt 0.6987305 0.1226807
vt 0.6987305 0.1226807
vt 0.6987305 0.1226807
vt 0.6987305 0.1226807
vt 0.6987305 0.1226807
vt 0.6987305 0.1226807
vt 0.6987305 0.1226807
vt 0.6987305 0.1226807
vt 0.6987305 0.1226807
vt 0.6987305 0.1226807
vt 0.6987305 0.1226807
vt 0.6987305 0.1226807
vt 0.6987305 0.1226807
vt 0.6987305 0.1226807
vt 0.6987305 0.1226807
vt 0.6987305 0.1226807
vt 0.6987305 0.1226807
vt 0.6987305 0.1226807
vt 0.6987305 0.1226807
vt 0.6987305 0.1226807
vt 0.6987305 0.1226807
vt 0.6987305 0.1226807
vt 0.6987305 0.1226807
vt 0.6987305 0.1226807
vt 0.6987305 0.1226807
vt 0.6987305 0.1226807
vt 0.6987305 0.1226807
vt 0.6987305 0.1226807
vt 0.6987305 0.1226807
vt 0.6987305 0.1226807
vt 0.6987305 0.1226807
vt 0.6987305 0.1226807
vt 0.6987305 0.1226807
vt 0.6987305 0.1226807
vt 0.6987305 0.1226807
vt 0.6987305 0.1226807
vt 0.6987305 0.1226807
vt 0.6987305 0.1226807
vt 0.6987305 0.1226807
vt 0.6987305 0.1226807
vt 0.6987305 0.1226807
vt 0.6987305 0.1226807
vt 0.6987305 0.1226807
vt 0.6987305 0.1226807
vt 0.6987305 0.1226807
vt 0.6987305 0.1226807
vt 0.6987305 0.1226807
vt 0.6987305 0.1226807
vt 0.6987305 0.1226807
vt 0.6987305 0.1226807
vt 0.6987305 0.1226807
vt 0.6987305 0.1226807
vt 0.6987305 0.1226807
vt 0.6987305 0.1226807
vt 0.6987305 0.1226807
vt 0.6987305 0.1226807
vt 0.6987305 0.1226807
vt 0.6987305 0.1226807
vt 0.6987305 0.1226807
vt 0.6987305 0.1226807
vt 0.6987305 0.1226807
vt 0.6987305 0.1226807
vt 0.6987305 0.1226807
vt 0.6987305 0.1226807
vt 0.6987305 0.1226807
vt 0.6987305 0.1226807
vt 0.6987305 0.1226807
vt 0.6987305 0.1226807
vt 0.6987305 0.1226807
vt 0.6987305 0.1226807
vt 0.6987305 0.1226807
vt 0.6987305 0.1226807
vt 0.6987305 0.1226807
vt 0.6987305 0.1226807
vt 0.6987305 0.1226807
vt 0.6987305 0.1226807
vt 0.6987305 0.1226807
vt 0.6987305 0.1226807
vt 0.6987305 0.1226807
vt 0.6987305 0.1226807
vt 0.6987305 0.1226807
vt 0.6987305 0.1226807
vt 0.6987305 0.1226807
vt 0.6987305 0.1226807
vt 0.6987305 0.1226807
vt 0.6987305 0.1226807
vt 0.6987305 0.1226807
vt 0.6987305 0.1226807
vt 0.6987305 0.1226807
vt 0.6987305 0.1226807
vt 0.6987305 0.1226807
vt 0.6987305 0.1226807
vt 0.6987305 0.1226807
vt 0.6987305 0.1226807
vt 0.6987305 0.1226807
vt 0.6987305 0.1226807
vt 0.6987305 0.1226807
vt 0.6987305 0.1226807
vt 0.6987305 0.1226807
vt 0.6987305 0.1226807
vt 0.6987305 0.1226807
vt 0.6987305 0.1226807
vt 0.6987305 0.1226807
vt 0.6987305 0.1226807
vt 0.6987305 0.1226807
vt 0.6987305 0.1226807
vt 0.6987305 0.1226807
vt 0.6987305 0.1226807
vt 0.6987305 0.1226807
vt 0.6987305 0.1226807
vt 0.6987305 0.1226807
vt 0.6987305 0.1226807
vt 0.6987305 0.1226807
vt 0.6987305 0.1226807
vt 0.6987305 0.1226807
vt 0.6987305 0.1226807
vt 0.6987305 0.1226807
vt 0.6987305 0.1226807
vt 0.6987305 0.1226807
vt 0.6987305 0.1226807
vt 0.6987305 0.1226807
vt 0.6987305 0.1226807
vt 0.6987305 0.1226807
vt 0.6987305 0.1226807
vt 0.6987305 0.1226807
vt 0.6987305 0.1226807
vt 0.6987305 0.1226807
vt 0.6987305 0.1226807
vt 0.6987305 0.1226807
vt 0.6987305 0.1226807
vt 0.6987305 0.1226807
vt 0.6987305 0.1226807
vt 0.6987305 0.1226807
vt 0.6987305 0.1226807
vt 0.6987305 0.1226807
vt 0.6987305 0.1226807
vt 0.6987305 0.1226807
vt 0.6987305 0.1226807
vt 0.6987305 0.1226807
vt 0.6987305 0.1226807
vt 0.6987305 0.1226807
vt 0.6987305 0.1226807
vt 0.6987305 0.1226807
vt 0.6987305 0.1226807
vt 0.6987305 0.1226807
vt 0.6987305 0.1226807
vt 0.6987305 0.1226807
vt 0.6987305 0.1226807
vt 0.6987305 0.1226807
vt 0.6987305 0.1226807
vt 0.6987305 0.1226807
vt 0.6987305 0.1226807
vt 0.6987305 0.1226807
vt 0.6987305 0.1226807
vt 0.6987305 0.1226807
vt 0.6987305 0.1226807
vt 0.6987305 0.1226807
vt 0.6987305 0.1226807
vt 0.6987305 0.1226807
vt 0.6987305 0.1226807
vt 0.6987305 0.1226807
vt 0.6987305 0.1226807
vt 0.6987305 0.1226807
vt 0.6987305 0.1226807
vt 0.6987305 0.1226807
vt 0.6987305 0.1226807
vt 0.6987305 0.1226807
vt 0.6987305 0.1226807
vt 0.6987305 0.1226807
vt 0.6987305 0.1226807
vt 0.6987305 0.1226807
vt 0.6987305 0.1226807
vt 0.6987305 0.1226807
vt 0.6987305 0.1226807
vt 0.6987305 0.1226807
vt 0.6987305 0.1226807
vt 0.6987305 0.1226807
vt 0.6987305 0.1226807
vt 0.6987305 0.1226807
vt 0.6987305 0.1226807
vt 0.6987305 0.1226807
vt 0.6987305 0.1226807
vt 0.6987305 0.1226807
vt 0.6987305 0.1226807
vt 0.6987305 0.1226807
vt 0.6987305 0.1226807
vt 0.6987305 0.1226807
vt 0.6987305 0.1226807
vt 0.6987305 0.1226807
vt 0.6987305 0.1226807
vt 0.6987305 0.1226807
vt 0.6987305 0.1226807
vt 0.6987305 0.1226807
vt 0.6987305 0.1226807
vt 0.6987305 0.1226807
vt 0.6987305 0.1226807
vt 0.6987305 0.1226807
vt 0.6987305 0.1226807
vt 0.6987305 0.1226807
vt 0.6987305 0.1226807
vt 0.6987305 0.1226807
vt 0.6987305 0.1226807
vt 0.6987305 0.1226807
vt 0.6987305 0.1226807
vt 0.6987305 0.1226807
vt 0.6987305 0.1226807
vt 0.6987305 0.1226807
vt 0.6987305 0.1226807
vt 0.6987305 0.1226807
vt 0.6987305 0.1226807
vt 0.6987305 0.1226807
vt 0.6987305 0.1226807
vt 0.6987305 0.1226807
vt 0.6987305 0.1226807
vt 0.6987305 0.1226807
vt 0.6987305 0.1226807
vt 0.6987305 0.1226807
vt 0.6987305 0.1226807
vt 0.6987305 0.1226807
vt 0.6987305 0.1226807
vt 0.6987305 0.1226807
vt 0.6987305 0.1226807
vt 0.6987305 0.1226807
vt 0.6987305 0.1226807
vt 0.6987305 0.1226807
vt 0.6987305 0.1226807
vt 0.6987305 0.1226807
vt 0.6987305 0.1226807
vt 0.6987305 0.1226807
vt 0.6987305 0.1226807
vt 0.6987305 0.1226807
vt 0.6987305 0.1226807
vt 0.6987305 0.1226807
vt 0.6987305 0.1226807
vt 0.6987305 0.1226807
vt 0.6987305 0.1226807
vt 0.6987305 0.1226807
vt 0.6987305 0.1226807
vt 0.6987305 0.1226807
vt 0.6987305 0.1226807
vt 0.6987305 0.1226807
vt 0.6987305 0.1226807
vt 0.6987305 0.1226807
vt 0.6987305 0.1226807
vt 0.6987305 0.1226807
vt 0.6987305 0.1226807
vt 0.6987305 0.1226807
vt 0.6987305 0.1226807
vt 0.6987305 0.1226807
vt 0.6987305 0.1226807
vt 0.6987305 0.1226807
vt 0.6987305 0.1226807
vt 0.6987305 0.1226807
vt 0.6987305 0.1226807
vt 0.6987305 0.1226807
vt 0.6987305 0.1226807
vt 0.6987305 0.1226807
vt 0.6987305 0.1226807
vt 0.6987305 0.1226807
vt 0.6987305 0.1226807
vt 0.6987305 0.1226807
vt 0.6987305 0.1226807
vt 0.6987305 0.1226807
vt 0.6987305 0.1226807
vt 0.6987305 0.1226807
vt 0.6987305 0.1226807
vt 0.6987305 0.1226807
vt 0.6987305 0.1226807
vt 0.6987305 0.1226807
vt 0.6987305 0.1226807
vt 0.6987305 0.1226807
vt 0.6987305 0.1226807
vt 0.6987305 0.1226807
vt 0.6987305 0.1226807
vt 0.6987305 0.1226807
vt 0.6987305 0.1226807
vt 0.6987305 0.1226807
vt 0.6987305 0.1226807
vt 0.6987305 0.1226807
vt 0.6987305 0.1226807
vt 0.6987305 0.1226807
vt 0.6987305 0.1226807
vt 0.6987305 0.1226807
vt 0.6987305 0.1226807
vt 0.6987305 0.1226807
vt 0.6987305 0.1226807
vt 0.6987305 0.1226807
vt 0.6987305 0.1226807
vt 0.6987305 0.1226807
vt 0.6987305 0.1226807
vt 0.6987305 0.1226807
vt 0.6987305 0.1226807
vt 0.6987305 0.1226807
vt 0.6987305 0.1226807
vt 0.6987305 0.1226807
vt 0.6987305 0.1226807
vt 0.6987305 0.1226807
vt 0.6987305 0.1226807
vt 0.6987305 0.1226807
vt 0.6987305 0.1226807
vt 0.6987305 0.1226807
vt 0.6987305 0.1226807
vt 0.6987305 0.1226807
vt 0.6987305 0.1226807
vt 0.6987305 0.1226807
vt 0.6987305 0.1226807
vt 0.6987305 0.1226807
vt 0.6987305 0.1226807
vt 0.6987305 0.1226807
vt 0.6987305 0.1226807
vt 0.6987305 0.1226807
vt 0.6987305 0.1226807
vt 0.6987305 0.1226807
vt 0.6987305 0.1226807
vt 0.6987305 0.1226807
vt 0.6987305 0.1226807
vt 0.6987305 0.1226807
vt 0.6987305 0.1226807
vt 0.6987305 0.1226807
vt 0.6987305 0.1226807
vt 0.6987305 0.1226807
vt 0.6987305 0.1226807
vt 0.6987305 0.1226807
vt 0.6987305 0.1226807
vt 0.6987305 0.1226807
vt 0.6987305 0.1226807
vt 0.6987305 0.1226807
vt 0.6987305 0.1226807
vt 0.6987305 0.1226807
vt 0.6987305 0.1226807
vt 0.6987305 0.1226807
vt 0.6987305 0.1226807
vt 0.6987305 0.1226807
vt 0.6987305 0.1226807
vt 0.6987305 0.1226807
vt 0.6987305 0.1226807
vt 0.6987305 0.1226807
vt 0.6987305 0.1226807
vt 0.6987305 0.1226807
vt 0.6987305 0.1226807
vt 0.6987305 0.1226807
vt 0.6987305 0.1226807
vt 0.6987305 0.1226807
vt 0.6987305 0.1226807
vt 0.6987305 0.1226807
vt 0.6987305 0.1226807
vt 0.6987305 0.1226807
vt 0.6987305 0.1226807
vt 0.6987305 0.1226807
vt 0.6987305 0.1226807
vt 0.6987305 0.1226807
vt 0.6987305 0.1226807
vt 0.6987305 0.1226807
vt 0.6987305 0.1226807
vt 0.6987305 0.1226807
vt 0.6987305 0.1226807
vt 0.6987305 0.1226807
vt 0.6987305 0.1226807
vt 0.6987305 0.1226807
vt 0.6987305 0.1226807
vt 0.6987305 0.1226807
vt 0.6987305 0.1226807
vt 0.6987305 0.1226807
vt 0.6987305 0.1226807
vt 0.6987305 0.1226807
vt 0.6987305 0.1226807
vt 0.6987305 0.1226807
vt 0.6987305 0.1226807
vt 0.6987305 0.1226807
vt 0.6987305 0.1226807
vt 0.6987305 0.1226807
vt 0.6987305 0.1226807
vt 0.6987305 0.1226807
vt 0.6987305 0.1226807
vt 0.6987305 0.1226807
vt 0.6987305 0.1226807
vt 0.6987305 0.1226807
vt 0.6987305 0.1226807
vt 0.6987305 0.1226807
vt 0.6987305 0.1226807
vt 0.6987305 0.1226807
vt 0.6987305 0.1226807
vt 0.6987305 0.1226807
vt 0.6987305 0.1226807
vt 0.6987305 0.1226807
vt 0.6987305 0.1226807
vt 0.6987305 0.1226807
vt 0.6987305 0.1226807
vt 0.6987305 0.1226807
vt 0.6987305 0.1226807
vt 0.6987305 0.1226807
vt 0.6987305 0.1226807
vt 0.6987305 0.1226807
vt 0.6987305 0.1226807
vt 0.6987305 0.1226807
vt 0.6987305 0.1226807
vt 0.6987305 0.1226807
vt 0.6987305 0.1226807
vt 0.6987305 0.1226807
vt 0.6987305 0.1226807
vt 0.6987305 0.1226807
vt 0.6987305 0.1226807
vt 0.6987305 0.1226807
vt 0.6987305 0.1226807
vt 0.6987305 0.1226807
vt 0.6987305 0.1226807
vt 0.6987305 0.1226807
vt 0.6987305 0.1226807
vt 0.6987305 0.1226807
vt 0.6987305 0.1226807
vt 0.6987305 0.1226807
vt 0.6987305 0.1226807
vt 0.6987305 0.1226807
vt 0.6987305 0.1226807
vt 0.6987305 0.1226807
vt 0.6987305 0.1226807
vt 0.6987305 0.1226807
vt 0.6987305 0.1226807
vt 0.6987305 0.1226807
vt 0.6987305 0.1226807
vt 0.6987305 0.1226807
vt 0.6987305 0.1226807
vt 0.6987305 0.1226807
vt 0.6987305 0.1226807
vt 0.6987305 0.1226807
vt 0.6987305 0.1226807
vt 0.6987305 0.1226807
vt 0.6987305 0.1226807
vt 0.6987305 0.1226807
vt 0.6987305 0.1226807
vt 0.6987305 0.1226807
vt 0.6987305 0.1226807
vt 0.6987305 0.1226807
vt 0.6987305 0.1226807
vt 0.6987305 0.1226807
vt 0.6987305 0.1226807
vt 0.6987305 0.1226807
vt 0.6987305 0.1226807
vt 0.6987305 0.1226807
vt 0.6987305 0.1226807
vt 0.6987305 0.1226807
vt 0.6987305 0.1226807
vt 0.6987305 0.1226807
vt 0.6987305 0.1226807
vt 0.6987305 0.1226807
vt 0.6987305 0.1226807
vt 0.6987305 0.1226807
vt 0.6987305 0.1226807
vt 0.6987305 0.1226807
vt 0.6987305 0.1226807
vt 0.6987305 0.1226807
vt 0.6987305 0.1226807
vt 0.6987305 0.1226807
vt 0.6987305 0.1226807
vt 0.6987305 0.1226807
vt 0.6987305 0.1226807
vt 0.6987305 0.1226807
vt 0.6987305 0.1226807
vt 0.6987305 0.1226807
vt 0.6987305 0.1226807
vt 0.6987305 0.1226807
vt 0.6987305 0.1226807
vt 0.6987305 0.1226807
vt 0.6987305 0.1226807
vt 0.6987305 0.1226807
vt 0.6987305 0.1226807
vt 0.6987305 0.1226807
vt 0.6987305 0.1226807
vt 0.6987305 0.1226807
vt 0.6987305 0.1226807
vt 0.6987305 0.1226807
vt 0.6987305 0.1226807
vt 0.6987305 0.1226807
vt 0.6987305 0.1226807
vt 0.6987305 0.1226807
vt 0.6987305 0.1226807
vt 0.6987305 0.1226807
vt 0.6987305 0.1226807
vt 0.6987305 0.1226807
vt 0.6987305 0.1226807
vt 0.6987305 0.1226807
vt 0.6987305 0.1226807
vt 0.6987305 0.1226807
vt 0.6987305 0.1226807
vt 0.6987305 0.1226807
vt 0.6987305 0.1226807
vt 0.6987305 0.1226807
vt 0.6987305 0.1226807
vt 0.6987305 0.1226807
vt 0.6987305 0.1226807
vt 0.6987305 0.1226807
vt 0.6987305 0.1226807
vt 0.6987305 0.1226807
vt 0.6987305 0.1226807
vt 0.6987305 0.1226807
vt 0.6987305 0.1226807
vt 0.6987305 0.1226807
vt 0.6987305 0.1226807
vt 0.6987305 0.1226807
vt 0.6987305 0.1226807
vt 0.6987305 0.1226807
vt 0.6987305 0.1226807
vt 0.6987305 0.1226807
vt 0.2106934 0.4289551
vt 0.2106934 0.4289551
vt 0.2106934 0.4289551
vt 0.2106934 0.4289551
vt 0.2106934 0.4289551
vt 0.2106934 0.4289551
vt 0.2106934 0.4289551
vt 0.2106934 0.4289551
vt 0.2106934 0.4289551
vt 0.2106934 0.4289551
vt 0.2106934 0.4289551
vt 0.2106934 0.4289551
vt 0.2106934 0.4289551
vt 0.2106934 0.4289551
vt 0.2106934 0.4289551
vt 0.2106934 0.4289551
vt 0.2106934 0.4289551
vt 0.2106934 0.4289551
vt 0.2106934 0.4289551
vt 0.2106934 0.4289551
vt 0.2106934 0.4289551
vt 0.2106934 0.4289551
vt 0.2106934 0.4289551
vt 0.2106934 0.4289551
vt 0.2106934 0.4289551
vt 0.2106934 0.4289551
vt 0.2106934 0.4289551
vt 0.2106934 0.4289551
vt 0.2106934 0.4289551
vt 0.2106934 0.4289551
vt 0.2106934 0.4289551
vt 0.2106934 0.4289551
vt 0.2106934 0.4289551
vt 0.2106934 0.4289551
vt 0.2106934 0.4289551
vt 0.2106934 0.4289551
vt 0.2106934 0.4289551
vt 0.2106934 0.4289551
vt 0.2106934 0.4289551
vt 0.2106934 0.4289551
vt 0.2106934 0.4289551
vt 0.2106934 0.4289551
vt 0.2106934 0.4289551
vt 0.2106934 0.4289551
vt 0.2106934 0.4289551
vt 0.2106934 0.4289551
vt 0.2106934 0.4289551
vt 0.2106934 0.4289551
vt 0.2106934 0.4289551
vt 0.2106934 0.4289551
vt 0.2106934 0.4289551
vt 0.2106934 0.4289551
vt 0.2106934 0.4289551
vt 0.2106934 0.4289551
vt 0.2106934 0.4289551
vt 0.2106934 0.4289551
vt 0.2106934 0.4289551
vt 0.2106934 0.4289551
vt 0.2106934 0.4289551
vt 0.2106934 0.4289551
vt 0.2106934 0.4289551
vt 0.2106934 0.4289551
vt 0.2106934 0.4289551
vt 0.2106934 0.4289551
vt 0.2106934 0.4289551
vt 0.2106934 0.4289551
vt 0.2106934 0.4289551
vt 0.2106934 0.4289551
vt 0.2106934 0.4289551
vt 0.2106934 0.4289551
vt 0.2106934 0.4289551
vt 0.2106934 0.4289551
vt 0.2106934 0.4289551
vt 0.2106934 0.4289551
vt 0.2106934 0.4289551
vt 0.2106934 0.4289551
vt 0.2106934 0.4289551
vt 0.2106934 0.4289551
vt 0.2106934 0.4289551
vt 0.2106934 0.4289551
vt 0.2106934 0.4289551
vt 0.2106934 0.4289551
vt 0.2106934 0.4289551
vt 0.2106934 0.4289551
vt 0.2106934 0.4289551
vt 0.2106934 0.4289551
vt 0.2106934 0.4289551
vt 0.2106934 0.4289551
vt 0.2106934 0.4289551
vt 0.2106934 0.4289551
vt 0.2106934 0.4289551
vt 0.2106934 0.4289551
vt 0.2106934 0.4289551
vt 0.2106934 0.4289551
vt 0.2106934 0.4289551
vt 0.2106934 0.4289551
vt 0.2106934 0.4289551
vt 0.2106934 0.4289551
vt 0.2106934 0.4289551
vt 0.2106934 0.4289551
vt 0.2106934 0.4289551
vt 0.2106934 0.4289551
vt 0.2106934 0.4289551
vt 0.2106934 0.4289551
vt 0.2106934 0.4289551
vt 0.2106934 0.4289551
vt 0.2106934 0.4289551
vt 0.2106934 0.4289551
vt 0.2106934 0.4289551
vt 0.2106934 0.4289551
vt 0.2106934 0.4289551
vt 0.2106934 0.4289551
vt 0.2106934 0.4289551
vt 0.2106934 0.4289551
vt 0.2106934 0.4289551
vt 0.2106934 0.4289551
vt 0.2106934 0.4289551
vt 0.2106934 0.4289551
vt 0.2106934 0.4289551
vt 0.2106934 0.4289551
vt 0.2106934 0.4289551
vt 0.2106934 0.4289551
vt 0.2106934 0.4289551
vt 0.2106934 0.4289551
vt 0.2106934 0.4289551
vt 0.2106934 0.4289551
vt 0.2106934 0.4289551
vt 0.2106934 0.4289551
vt 0.2106934 0.4289551
vt 0.2106934 0.4289551
vt 0.2106934 0.4289551
vt 0.2106934 0.4289551
vt 0.2106934 0.4289551
vt 0.2106934 0.4289551
vt 0.2106934 0.4289551
vt 0.2106934 0.4289551
vt 0.2106934 0.4289551
vt 0.2106934 0.4289551
vt 0.2106934 0.4289551
vt 0.2106934 0.4289551
vt 0.2106934 0.4289551
vt 0.2106934 0.4289551
vt 0.2106934 0.4289551
vt 0.2106934 0.4289551
vt 0.2106934 0.4289551
vt 0.2106934 0.4289551
vt 0.2106934 0.4289551
vt 0.2106934 0.4289551
vt 0.2106934 0.4289551
vt 0.2106934 0.4289551
vt 0.2106934 0.4289551
vt 0.2106934 0.4289551
vt 0.2106934 0.4289551
vt 0.2106934 0.4289551
vt 0.2106934 0.4289551
vt 0.2106934 0.4289551
vt 0.2106934 0.4289551
vt 0.2106934 0.4289551
vt 0.2106934 0.4289551
vt 0.2106934 0.4289551
vt 0.2106934 0.4289551
vt 0.2106934 0.4289551
vt 0.2106934 0.4289551
vt 0.2106934 0.4289551
vt 0.2106934 0.4289551
vt 0.2106934 0.4289551
vt 0.2106934 0.4289551
vt 0.2106934 0.4289551
vt 0.2106934 0.4289551
vt 0.2106934 0.4289551
vt 0.2106934 0.4289551
vt 0.2106934 0.4289551
vt 0.2106934 0.4289551
vt 0.2106934 0.4289551
vt 0.2106934 0.4289551
vt 0.2106934 0.4289551
vt 0.2106934 0.4289551
vt 0.2106934 0.4289551
vt 0.2106934 0.4289551
vt 0.2106934 0.4289551
vt 0.2106934 0.4289551
vt 0.2106934 0.4289551
vt 0.2106934 0.4289551
vt 0.2106934 0.4289551
vt 0.2106934 0.4289551
vt 0.2106934 0.4289551
vt 0.2106934 0.4289551
vt 0.2106934 0.4289551
vt 0.2106934 0.4289551
vt 0.2106934 0.4289551
vt 0.2106934 0.4289551
vt 0.2106934 0.4289551
vt 0.2106934 0.4289551
vt 0.2106934 0.4289551
vt 0.2106934 0.4289551
vt 0.2106934 0.4289551
vt 0.2106934 0.4289551
vt 0.2106934 0.4289551
vt 0.2106934 0.4289551
vt 0.2106934 0.4289551
vt 0.2106934 0.4289551
vt 0.2106934 0.4289551
vt 0.2106934 0.4289551
vt 0.2106934 0.4289551
vt 0.2106934 0.4289551
vt 0.2106934 0.4289551
vt 0.2106934 0.4289551
vt 0.2106934 0.4289551
vt 0.2106934 0.4289551
vt 0.2106934 0.4289551
vt 0.2106934 0.4289551
vt 0.2106934 0.4289551
vt 0.2106934 0.4289551
vt 0.2106934 0.4289551
vt 0.2106934 0.4289551
vt 0.2106934 0.4289551
vt 0.2106934 0.4289551
vt 0.2106934 0.4289551
vt 0.2106934 0.4289551
vt 0.2106934 0.4289551
vt 0.2106934 0.4289551
vt 0.2106934 0.4289551
vt 0.2106934 0.4289551
vt 0.2106934 0.4289551
vt 0.2106934 0.4289551
vt 0.2106934 0.4289551
vt 0.2106934 0.4289551
vt 0.2106934 0.4289551
vt 0.2106934 0.4289551
vt 0.2106934 0.4289551
vt 0.2106934 0.4289551
vt 0.2106934 0.4289551
vt 0.2106934 0.4289551
vt 0.2106934 0.4289551
vt 0.2106934 0.4289551
vt 0.2106934 0.4289551
vt 0.2106934 0.4289551
vt 0.2106934 0.4289551
vt 0.2106934 0.4289551
vt 0.2106934 0.4289551
vt 0.2106934 0.4289551
vt 0.2106934 0.4289551
vt 0.2106934 0.4289551
vt 0.2106934 0.4289551
vt 0.2106934 0.4289551
vt 0.2106934 0.4289551
vt 0.2106934 0.4289551
vt 0.2106934 0.4289551
vt 0.2106934 0.4289551
vt 0.2106934 0.4289551
vt 0.2106934 0.4289551
vt 0.2106934 0.4289551
vt 0.2106934 0.4289551
vt 0.2106934 0.4289551
vt 0.2106934 0.4289551
vt 0.2106934 0.4289551
vt 0.2106934 0.4289551
vt 0.2106934 0.4289551
vt 0.2106934 0.4289551
vt 0.2106934 0.4289551
vt 0.2106934 0.4289551
vt 0.2106934 0.4289551
vt 0.2106934 0.4289551
vt 0.2106934 0.4289551
vt 0.2106934 0.4289551
vt 0.2106934 0.4289551
vt 0.2106934 0.4289551
vt 0.2106934 0.4289551
vt 0.2106934 0.4289551
vt 0.2106934 0.4289551
vt 0.2106934 0.4289551
vt 0.2106934 0.4289551
vt 0.2106934 0.4289551
vt 0.2106934 0.4289551
vt 0.2106934 0.4289551
vt 0.2106934 0.4289551
vt 0.2106934 0.4289551
vt 0.2106934 0.4289551
vt 0.2106934 0.4289551
vt 0.2106934 0.4289551
vt 0.2106934 0.4289551
vt 0.2106934 0.4289551
vt 0.2106934 0.4289551
vt 0.2106934 0.4289551
vt 0.2106934 0.4289551
vt 0.2106934 0.4289551
vt 0.2106934 0.4289551
vt 0.2106934 0.4289551
vt 0.2106934 0.4289551
vt 0.2106934 0.4289551
vt 0.2106934 0.4289551
vt 0.2106934 0.4289551
vt 0.2106934 0.4289551
vt 0.2106934 0.4289551
vt 0.2106934 0.4289551
vt 0.2106934 0.4289551
vt 0.2106934 0.4289551
vt 0.2106934 0.4289551
vt 0.2106934 0.4289551
vt 0.2106934 0.4289551
vt 0.2106934 0.4289551
vt 0.2106934 0.4289551
vt 0.2106934 0.4289551
vt 0.2106934 0.4289551
vt 0.2106934 0.4289551
vt 0.2106934 0.4289551
vt 0.2106934 0.4289551
vt 0.2106934 0.4289551
vt 0.2106934 0.4289551
vt 0.2106934 0.4289551
vt 0.2106934 0.4289551
vt 0.2106934 0.4289551
vt 0.2106934 0.4289551
vt 0.2106934 0.4289551
vt 0.2106934 0.4289551
vt 0.2106934 0.4289551
vt 0.2106934 0.4289551
vt 0.2106934 0.4289551
vt 0.2106934 0.4289551
vt 0.2106934 0.4289551
vn 0.1466064 0.6953125 0.7036133
vn 0.1466064 0.6953125 0.7036133
vn 0.1466064 0.6953125 0.7036133
vn -0.4804688 0.6464844 0.5927734
vn -0.4804688 0.6464844 0.5927734
vn -0.4804688 0.6464844 0.5927734
vn 0.03973389 0.9238281 -0.3806152
vn 0.03973389 0.9238281 -0.3806152
vn 0.03973389 0.9238281 -0.3806152
vn 0.8564453 -0.5151367 0.03936768
vn 0.8564453 -0.5151367 0.03936768
vn 0.8564453 -0.5151367 0.03936768
vn 0.8369141 0.5332031 -0.1221924
vn 0.8369141 0.5332031 -0.1221924
vn 0.8369141 0.5332031 -0.1221924
vn 0.6821289 0.5063477 -0.527832
vn 0.6821289 0.5063477 -0.527832
vn 0.6821289 0.5063477 -0.527832
vn 0.987793 0.1297607 -0.08874512
vn 0.987793 0.1297607 -0.08874512
vn 0.987793 0.1297607 -0.08874512
vn 0.3227539 -0.9462891 0.01182556
vn 0.3227539 -0.9462891 0.01182556
vn 0.3227539 -0.9462891 0.01182556
vn 0.9243164 -0.1291504 0.3583984
vn 0.9243164 -0.1291504 0.3583984
vn 0.9243164 -0.1291504 0.3583984
vn 0.7519531 0.3916016 0.5297852
vn 0.7519531 0.3916016 0.5297852
vn 0.7519531 0.3916016 0.5297852
vn 0.3813477 -0.8613281 0.3361816
vn 0.3813477 -0.8613281 0.3361816
vn 0.3813477 -0.8613281 0.3361816
vn 0.5722656 0.1431885 0.8076172
vn 0.5722656 0.1431885 0.8076172
vn 0.5722656 0.1431885 0.8076172
vn -0.1411133 -0.59375 0.7919922
vn -0.1411133 -0.59375 0.7919922
vn -0.1411133 -0.59375 0.7919922
vn -0.1687012 -0.6704102 0.7226563
vn -0.1687012 -0.6704102 0.7226563
vn -0.1687012 -0.6704102 0.7226563
vn -0.08349609 0.8535156 0.5146484
vn -0.08349609 0.8535156 0.5146484
vn -0.08349609 0.8535156 0.5146484
vn 0.5874023 0.7412109 0.3244629
vn 0.5874023 0.7412109 0.3244629
vn 0.5874023 0.7412109 0.3244629
vn 0.5048828 0.8164063 0.2797852
vn 0.5048828 0.8164063 0.2797852
vn 0.5048828 0.8164063 0.2797852
vn 0.6425781 0.7626953 0.07592773
vn 0.6425781 0.7626953 0.07592773
vn 0.6425781 0.7626953 0.07592773
vn 0.7568359 0.6499023 0.0723877
vn 0.7568359 0.6499023 0.0723877
vn 0.7568359 0.6499023 0.0723877
vn 0.8920898 -0.232666 -0.3869629
vn 0.8920898 -0.232666 -0.3869629
vn 0.8920898 -0.232666 -0.3869629
vn 0.7807617 0.2636719 -0.5664063
vn 0.7822266 0.2491455 -0.5712891
vn 0.7822266 0.2491455 -0.5712891
vn 0.7832031 0.234375 -0.5761719
vn 0.3464355 -0.03326416 -0.9375
vn 0.3464355 -0.03326416 -0.9375
vn 0.3464355 -0.03326416 -0.9375
vn 0.8637695 -0.4699707 -0.1827393
vn 0.8637695 -0.4699707 -0.1827393
vn 0.8637695 -0.4699707 -0.1827393
vn 0.2971191 -0.9487305 -0.1090088
vn 0.2971191 -0.9487305 -0.1090088
vn 0.2971191 -0.9487305 -0.1090088
vn -0.08782959 -0.9609375 -0.2629395
vn -0.07843018 -0.9667969 -0.2429199
vn -0.07843018 -0.9667969 -0.2429199
vn -0.06896973 -0.9726563 -0.2227783
vn -0.09637451 -0.9599609 0.2629395
vn -0.09637451 -0.9599609 0.2629395
vn -0.09637451 -0.9599609 0.2629395
vn -0.482666 -0.7451172 0.4602051
vn -0.482666 -0.7451172 0.4602051
vn -0.4604492 -0.7578125 0.4619141
vn -0.5048828 -0.7314453 0.458252
vn -0.3681641 -0.5117188 0.7763672
vn -0.3681641 -0.5117188 0.7763672
vn -0.3681641 -0.5117188 0.7763672
vn 0.1117554 0.8120117 0.5732422
vn 0.1117554 0.8120117 0.5732422
vn 0.1117554 0.8120117 0.5732422
vn -0.4768066 0.6689453 0.5703125
vn -0.4768066 0.6689453 0.5703125
vn -0.4768066 0.6689453 0.5703125
vn 0.2446289 0.8852539 0.3950195
vn 0.2446289 0.8852539 0.3950195
vn 0.2446289 0.8852539 0.3950195
vn 0.18396 0.9365234 0.2990723
vn 0.18396 0.9365234 0.2990723
vn 0.18396 0.9365234 0.2990723
vn -0.04370117 0.7792969 -0.625
vn -0.04370117 0.7792969 -0.625
vn -0.04370117 0.7792969 -0.625
vn -0.6484375 0.7192383 0.2497559
vn -0.6484375 0.7192383 0.2497559
vn -0.6484375 0.7192383 0.2497559
vn 0.3505859 0.9365234 0.007274628
vn 0.3505859 0.9365234 0.007274628
vn 0.3505859 0.9365234 0.007274628
vn 0.2792969 0.9360352 -0.2149658
vn 0.2792969 0.9360352 -0.2149658
vn 0.2792969 0.9360352 -0.2149658
vn 0.4604492 0.8266602 -0.3232422
vn 0.4604492 0.8266602 -0.3232422
vn 0.4604492 0.8266602 -0.3232422
vn 0.2061768 0.3857422 -0.8994141
vn 0.2061768 0.3857422 -0.8994141
vn 0.2061768 0.3857422 -0.8994141
vn 0.3632813 -0.5419922 -0.7578125
vn 0.3632813 -0.5419922 -0.7578125
vn 0.3632813 -0.5419922 -0.7578125
vn 0.5556641 -0.2719727 -0.7856445
vn 0.5556641 -0.2719727 -0.7856445
vn 0.5556641 -0.2719727 -0.7856445
vn 0.2954102 -0.9238281 -0.2425537
vn 0.2954102 -0.9238281 -0.2425537
vn 0.2954102 -0.9238281 -0.2425537
vn 0.3737793 -0.4064941 0.8339844
vn 0.3737793 -0.4064941 0.8339844
vn 0.3737793 -0.4064941 0.8339844
vn 0.06262207 -0.934082 0.3515625
vn 0.06262207 -0.934082 0.3515625
vn 0.06262207 -0.934082 0.3515625
vn -0.2155762 -0.9238281 0.3156738
vn -0.2155762 -0.9238281 0.3156738
vn -0.2155762 -0.9238281 0.3156738
vn -0.5004883 -0.2924805 0.8149414
vn -0.5004883 -0.2924805 0.8149414
vn -0.5004883 -0.2924805 0.8149414
vn -0.5571289 0.8305664 -0.001302719
vn -0.5571289 0.8305664 -0.001302719
vn -0.5571289 0.8305664 -0.001302719
vn -0.9511719 0.2349854 -0.1990967
vn -0.9511719 0.2349854 -0.1990967
vn -0.9511719 0.2349854 -0.1990967
vn -0.6411133 0.762207 0.09069824
vn -0.6411133 0.762207 0.09069824
vn -0.6411133 0.762207 0.09069824
vn -0.6992188 0.7148438 0.01646423
vn -0.6992188 0.7148438 0.01646423
vn -0.6992188 0.7148438 0.01646423
vn -0.1407471 0.9750977 0.170166
vn -0.1435547 0.9672852 0.208252
vn -0.1435547 0.9672852 0.208252
vn -0.1341553 0.9555664 0.262207
vn -0.1462402 0.9580078 0.2459717
vn -0.1220093 0.9526367 0.2780762
vn -0.1220093 0.9526367 0.2780762
vn -0.3740234 0.8710938 0.3178711
vn -0.3740234 0.8710938 0.3178711
vn -0.3740234 0.8710938 0.3178711
vn -0.9311523 -0.09326172 0.3518066
vn -0.9311523 -0.09326172 0.3518066
vn -0.9311523 -0.09326172 0.3518066
vn -0.8793945 -0.4760742 -0.003166199
vn -0.8793945 -0.4760742 -0.003166199
vn -0.8793945 -0.4760742 -0.003166199
vn -0.2149658 0.3723145 -0.902832
vn -0.2149658 0.3723145 -0.902832
vn -0.2149658 0.3723145 -0.902832
vn -0.1746826 0.6728516 -0.71875
vn -0.1746826 0.6728516 -0.71875
vn -0.1746826 0.6728516 -0.71875
vn -0.7299805 0.6254883 0.2756348
vn -0.7299805 0.6254883 0.2756348
vn -0.7299805 0.6254883 0.2756348
vn -0.7871094 0.5795898 0.2102051
vn -0.7871094 0.5795898 0.2102051
vn -0.7871094 0.5795898 0.2102051
vn -0.2175293 0.9384766 -0.2683105
vn -0.2175293 0.9384766 -0.2683105
vn -0.2175293 0.9384766 -0.2683105
vn 0.8212891 0.2861328 -0.4936523
vn 0.8212891 0.2861328 -0.4936523
vn 0.8212891 0.2861328 -0.4936523
vn 0.4226074 -0.7260742 -0.5419922
vn 0.4226074 -0.7260742 -0.5419922
vn 0.4226074 -0.7260742 -0.5419922
vn 0.6298828 -0.6176758 -0.470459
vn 0.6298828 -0.6176758 -0.470459
vn 0.6298828 -0.6176758 -0.470459
vn 0.1546631 -0.902832 -0.4016113
vn 0.1546631 -0.902832 -0.4016113
vn 0.1546631 -0.902832 -0.4016113
vn -0.05630493 0.9975586 -0.03649902
vn -0.05630493 0.9975586 -0.03649902
vn -0.05630493 0.9975586 -0.03649902
vn 0.0007133484 0.6025391 -0.7983398
vn 0.0007133484 0.6025391 -0.7983398
vn 0.0007133484 0.6025391 -0.7983398
vn -0.02337646 -0.3774414 -0.9257813
vn -0.02337646 -0.3774414 -0.9257813
vn -0.02337646 -0.3774414 -0.9257813
vn 0.2871094 -0.1601563 -0.9443359
vn 0.2871094 -0.1601563 -0.9443359
vn 0.2871094 -0.1601563 -0.9443359
vn 0.1381836 -0.7753906 -0.6162109
vn 0.1325684 -0.7827148 -0.6083984
vn 0.1325684 -0.7827148 -0.6083984
vn 0.1269531 -0.7895508 -0.6005859
vn 0.262207 -0.862793 0.4326172
vn 0.262207 -0.862793 0.4326172
vn 0.262207 -0.862793 0.4326172
vn -0.9038086 -0.05114746 0.425293
vn -0.9038086 -0.05114746 0.425293
vn -0.9038086 -0.05114746 0.425293
vn -0.3071289 -0.9443359 -0.1188965
vn -0.3071289 -0.9443359 -0.1188965
vn -0.3071289 -0.9443359 -0.1188965
vn -0.08331299 -0.01879883 0.996582
vn -0.08331299 -0.01879883 0.996582
vn -0.08331299 -0.01879883 0.996582
vn 0.2529297 -0.4501953 0.8564453
vn 0.2529297 -0.4501953 0.8564453
vn 0.2529297 -0.4501953 0.8564453
vn -0.4985352 -0.8652344 0.05447388
vn -0.4985352 -0.8652344 0.05447388
vn -0.4985352 -0.8652344 0.05447388
vn -0.4616699 0.8623047 0.208374
vn -0.4616699 0.8623047 0.208374
vn -0.4616699 0.8623047 0.208374
vn -0.5019531 0.8520508 -0.1469727
vn -0.5019531 0.8520508 -0.1469727
vn -0.5019531 0.8520508 -0.1469727
vn -0.7827148 0.6069336 -0.1381836
vn -0.7827148 0.6069336 -0.1381836
vn -0.7827148 0.6069336 -0.1381836
vn -0.1885986 -0.376709 -0.9067383
vn -0.1885986 -0.376709 -0.9067383
vn -0.1885986 -0.376709 -0.9067383
vn 0.1965332 -0.4052734 -0.8930664
vn 0.1965332 -0.4052734 -0.8930664
vn 0.1965332 -0.4052734 -0.8930664
vn 0.574707 -0.7885742 0.2183838
vn 0.5673828 -0.7895508 0.2336426
vn 0.5673828 -0.7895508 0.2336426
vn 0.5600586 -0.7900391 0.2487793
vn -0.1352539 -0.8378906 0.5288086
vn -0.1352539 -0.8378906 0.5288086
vn -0.1352539 -0.8378906 0.5288086
vn 0.4643555 -0.7470703 0.4758301
vn 0.4643555 -0.7470703 0.4758301
vn 0.4643555 -0.7470703 0.4758301
vn -0.2150879 -0.03131104 0.9760742
vn -0.2150879 -0.03131104 0.9760742
vn -0.2150879 -0.03131104 0.9760742
vn -0.621582 0.1755371 0.7631836
vn -0.621582 0.1755371 0.7631836
vn -0.621582 0.1755371 0.7631836
vn -0.2131348 -0.1542969 0.9648438
vn -0.2131348 -0.1542969 0.9648438
vn -0.2131348 -0.1542969 0.9648438
vn -0.5981445 0.6533203 -0.4641113
vn -0.5981445 0.6533203 -0.4641113
vn -0.5981445 0.6533203 -0.4641113
vn -0.4318848 0.8671875 -0.2473145
vn -0.4318848 0.8671875 -0.2473145
vn -0.4318848 0.8671875 -0.2473145
vn -0.609375 0.7148438 -0.3430176
vn -0.609375 0.7148438 -0.3430176
vn -0.609375 0.7148438 -0.3430176
vn -0.1396484 -0.9858398 -0.09460449
vn -0.1396484 -0.9858398 -0.09460449
vn -0.1396484 -0.9858398 -0.09460449
vn -0.6088867 -0.7075195 0.3588867
vn -0.6088867 -0.7075195 0.3588867
vn -0.6088867 -0.7075195 0.3588867
vn 0.2281494 0.9262695 -0.2995605
vn 0.2281494 0.9262695 -0.2995605
vn 0.2281494 0.9262695 -0.2995605
vn 0.3063965 0.9384766 -0.1583252
vn 0.3063965 0.9384766 -0.1583252
vn 0.3063965 0.9384766 -0.1583252
vn 0.8056641 -0.362793 0.4685059
vn 0.8056641 -0.362793 0.4685059
vn 0.8056641 -0.362793 0.4685059
vn 0.9711914 -0.07647705 0.2255859
vn 0.9711914 -0.07647705 0.2255859
vn 0.9711914 -0.07647705 0.2255859
vn -0.7924805 -0.3903809 -0.46875
vn -0.7924805 -0.3903809 -0.46875
vn -0.7880859 -0.4287109 -0.4416504
vn -0.7949219 -0.3510742 -0.4951172
vn -0.1845703 -0.7182617 -0.6708984
vn -0.1845703 -0.7182617 -0.6708984
vn -0.1845703 -0.7182617 -0.6708984
vn -0.4494629 -0.875 -0.1804199
vn -0.4494629 -0.875 -0.1804199
vn -0.4494629 -0.875 -0.1804199
vn -0.2724609 0.494873 -0.8251953
vn -0.2724609 0.494873 -0.8251953
vn -0.2724609 0.494873 -0.8251953
vn -0.9550781 0.2303467 -0.1866455
vn -0.9550781 0.2303467 -0.1866455
vn -0.9550781 0.2303467 -0.1866455
vn -0.3071289 -0.5449219 -0.7802734
vn -0.3071289 -0.5449219 -0.7802734
vn -0.3071289 -0.5449219 -0.7802734
vn -0.1669922 -0.8554688 -0.4899902
vn -0.1669922 -0.8554688 -0.4899902
vn -0.1730957 -0.8583984 -0.4824219
vn -0.1608887 -0.8525391 -0.4973145
vn -0.8491211 -0.5175781 0.1027222
vn -0.8491211 -0.5175781 0.1027222
vn -0.8491211 -0.5175781 0.1027222
vn -0.6533203 -0.6870117 0.317627
vn -0.6533203 -0.6870117 0.317627
vn -0.6533203 -0.6870117 0.317627
vn -0.1026001 -0.9716797 0.2126465
vn -0.1026001 -0.9716797 0.2126465
vn -0.1026001 -0.9716797 0.2126465
vn -0.310791 -0.4245605 -0.8505859
vn -0.310791 -0.4245605 -0.8505859
vn -0.310791 -0.4245605 -0.8505859
vn -0.3676758 0.9135742 0.1727295
vn -0.3676758 0.9135742 0.1727295
vn -0.3676758 0.9135742 0.1727295
vn -0.7866211 0.5200195 -0.3327637
vn -0.7866211 0.5200195 -0.3327637
vn -0.7866211 0.5200195 -0.3327637
vn -0.489502 0.5932617 -0.6391602
vn -0.489502 0.5932617 -0.6391602
vn -0.489502 0.5932617 -0.6391602
vn -0.6357422 0.7612305 -0.1282959
vn -0.6357422 0.7612305 -0.1282959
vn -0.6357422 0.7612305 -0.1282959
vn 0.1320801 0.9165039 0.3769531
vn 0.1320801 0.9165039 0.3769531
vn 0.1320801 0.9165039 0.3769531
vn -0.6831055 0.6704102 0.2890625
vn -0.6831055 0.6704102 0.2890625
vn -0.6831055 0.6704102 0.2890625
vn -0.9428711 0.1774902 0.28125
vn -0.9428711 0.1774902 0.28125
vn -0.9428711 0.1774902 0.28125
vn -0.07611084 0.7631836 0.6420898
vn -0.07611084 0.7631836 0.6420898
vn -0.07611084 0.7631836 0.6420898
vn -0.7924805 0.008415222 0.609375
vn -0.7924805 0.008415222 0.609375
vn -0.7924805 0.008415222 0.609375
vn 0.03900146 -0.2062988 0.9775391
vn 0.03900146 -0.2062988 0.9775391
vn 0.03900146 -0.2062988 0.9775391
vn 0.1274414 -0.145752 0.980957
vn 0.1274414 -0.145752 0.980957
vn 0.1274414 -0.145752 0.980957
vn -0.4619141 -0.8813477 0.1009521
vn -0.4619141 -0.8813477 0.1009521
vn -0.4619141 -0.8813477 0.1009521
vn -0.9936523 -0.1073608 -0.03601074
vn -0.9936523 -0.1073608 -0.03601074
vn -0.9936523 -0.1073608 -0.03601074
vn -0.9658203 -0.2320557 -0.114624
vn -0.9658203 -0.2320557 -0.114624
vn -0.9658203 -0.2320557 -0.114624
vn -0.9506836 0.09667969 -0.2941895
vn -0.9506836 0.09667969 -0.2941895
vn -0.9506836 0.09667969 -0.2941895
vn -0.9287109 0.2890625 -0.2325439
vn -0.9287109 0.2890625 -0.2325439
vn -0.9287109 0.2890625 -0.2325439
vn -0.3254395 0.9243164 -0.1990967
vn -0.3254395 0.9243164 -0.1990967
vn -0.3254395 0.9243164 -0.1990967
vn -0.4020996 0.7563477 -0.515625
vn -0.394043 0.7636719 -0.5117188
vn -0.394043 0.7636719 -0.5117188
vn -0.3862305 0.7705078 -0.5073242
vn 0.09802246 0.7353516 -0.6704102
vn 0.1391602 0.746582 -0.6508789
vn 0.09802246 0.7353516 -0.6704102
vn 0.1799316 0.7558594 -0.6293945
vn 0.1799316 0.7558594 -0.6293945
vn -0.3034668 0.9526367 0.004627228
vn -0.3034668 0.9526367 0.004627228
vn -0.3034668 0.9526367 0.004627228
vn 0.1958008 0.9428711 0.2695313
vn 0.1958008 0.9428711 0.2695313
vn 0.1958008 0.9428711 0.2695313
vn 0.621582 0.7631836 0.1763916
vn 0.609375 0.7675781 0.1987305
vn 0.609375 0.7675781 0.1987305
vn 0.597168 0.7714844 0.2208252
vn 0.4450684 0.4748535 0.7592773
vn 0.4450684 0.4748535 0.7592773
vn 0.4450684 0.4748535 0.7592773
vn 0.5473633 -0.2700195 0.7919922
vn 0.5473633 -0.2700195 0.7919922
vn 0.5390625 -0.2404785 0.8071289
vn 0.5546875 -0.2993164 0.7763672
vn 0.180542 -0.4536133 0.8725586
vn 0.180542 -0.4536133 0.8725586
vn 0.180542 -0.4536133 0.8725586
vn -0.644043 -0.7460938 0.1690674
vn -0.644043 -0.7460938 0.1690674
vn -0.644043 -0.7460938 0.1690674
vn -0.1054688 -0.9755859 0.1914063
vn -0.1054688 -0.9755859 0.1914063
vn -0.1054688 -0.9755859 0.1914063
vn -0.7807617 -0.6240234 -0.02105713
vn -0.7807617 -0.6240234 -0.02105713
vn -0.7807617 -0.6240234 -0.02105713
vn -0.722168 -0.6777344 -0.1363525
vn -0.722168 -0.6777344 -0.1363525
vn -0.722168 -0.6777344 -0.1363525
vn -0.0423584 -0.2275391 -0.9726563
vn -0.0423584 -0.2275391 -0.9726563
vn -0.0423584 -0.2275391 -0.9726563
vn 0.08447266 -0.9956055 -0.04315186
vn 0.08447266 -0.9956055 -0.04315186
vn 0.08447266 -0.9956055 -0.04315186
vn -0.8129883 -0.3417969 -0.4716797
vn -0.8129883 -0.3417969 -0.4716797
vn -0.8129883 -0.3417969 -0.4716797
vn -0.6416016 -0.2744141 -0.7163086
vn -0.6416016 -0.2744141 -0.7163086
vn -0.6416016 -0.2744141 -0.7163086
vn -0.6650391 0.1071777 -0.7392578
vn -0.6650391 0.1071777 -0.7392578
vn -0.6650391 0.1071777 -0.7392578
vn 0.0383606 0.435791 -0.8994141
vn 0.0383606 0.435791 -0.8994141
vn 0.0383606 0.435791 -0.8994141
vn 0.1942139 0.9121094 -0.3615723
vn 0.1942139 0.9121094 -0.3615723
vn 0.1942139 0.9121094 -0.3615723
vn -0.003789902 0.8920898 -0.451416
vn -0.003789902 0.8920898 -0.451416
vn -0.003789902 0.8920898 -0.451416
vn 0.2299805 0.9628906 0.1422119
vn 0.2299805 0.9628906 0.1422119
vn 0.2299805 0.9628906 0.1422119
vn -0.4511719 0.1599121 0.8779297
vn -0.4511719 0.1599121 0.8779297
vn -0.4511719 0.1599121 0.8779297
vn 0.2280273 0.5571289 0.7983398
vn 0.2280273 0.5571289 0.7983398
vn 0.2280273 0.5571289 0.7983398
vn 0.5195313 0.269043 0.8110352
vn 0.5195313 0.269043 0.8110352
vn 0.5195313 0.269043 0.8110352
vn 0.1582031 -0.6611328 0.7333984
vn 0.1582031 -0.6611328 0.7333984
vn 0.1582031 -0.6611328 0.7333984
vn 0.07861328 -0.956543 -0.28125
vn 0.07861328 -0.956543 -0.28125
vn 0.07861328 -0.956543 -0.28125
vn 0.5810547 -0.7895508 -0.1964111
vn 0.5810547 -0.7895508 -0.1964111
vn 0.5810547 -0.7895508 -0.1964111
vn 0.1207886 -0.9770508 -0.1743164
vn 0.1590576 -0.9682617 -0.1920166
vn 0.1590576 -0.9682617 -0.1920166
vn 0.1971436 -0.9575195 -0.2094727
vn -0.3674316 -0.8964844 -0.2469482
vn -0.3725586 -0.9047852 -0.2073975
vn -0.3725586 -0.9047852 -0.2073975
vn -0.3918457 -0.9072266 -0.152832
vn -0.3769531 -0.9111328 -0.1674805
vn -0.4064941 -0.9033203 -0.1380615
vn -0.4064941 -0.9033203 -0.1380615
vn -0.1712646 -0.9838867 -0.05587769
vn -0.1712646 -0.9838867 -0.05587769
vn -0.1712646 -0.9838867 -0.05587769
vn 0.4841309 -0.8251953 0.2910156
vn 0.4841309 -0.8251953 0.2910156
vn 0.4841309 -0.8251953 0.2910156
vn 0.8300781 -0.5195313 0.2028809
vn 0.8300781 -0.5195313 0.2028809
vn 0.8300781 -0.5195313 0.2028809
vn 0.3701172 0.056427 -0.9272461
vn 0.3701172 0.056427 -0.9272461
vn 0.3701172 0.056427 -0.9272461
vn 0.1558838 -0.2214355 -0.9624023
vn 0.1558838 -0.2214355 -0.9624023
vn 0.1558838 -0.2214355 -0.9624023
vn 0.1519775 -0.9882813 0.006603241
vn 0.185791 -0.9824219 -0.007667542
vn 0.185791 -0.9824219 -0.007667542
vn 0.2193604 -0.9755859 -0.02192688
vn -0.1202393 -0.7397461 -0.6621094
vn -0.1202393 -0.7397461 -0.6621094
vn -0.1202393 -0.7397461 -0.6621094
vn -0.4626465 0.7485352 -0.4750977
vn -0.4626465 0.7485352 -0.4750977
vn -0.4626465 0.7485352 -0.4750977
vn 0.1524658 0.9760742 -0.15625
vn 0.1524658 0.9760742 -0.15625
vn 0.1524658 0.9760742 -0.15625
vn -0.03500366 0.9897461 -0.1373291
vn -0.03500366 0.9897461 -0.1373291
vn -0.03500366 0.9897461 -0.1373291
vn 0.3886719 0.9213867 0.008911133
vn 0.3886719 0.9213867 0.008911133
vn 0.3886719 0.9213867 0.008911133
vn -0.3955078 -0.7783203 -0.487793
vn -0.3955078 -0.7783203 -0.487793
vn -0.3955078 -0.7783203 -0.487793
vn 0.07397461 0.06091309 -0.9956055
vn 0.07397461 0.06091309 -0.9956055
vn 0.07397461 0.06091309 -0.9956055
vn 0.4770508 0.6621094 -0.578125
vn 0.4770508 0.6621094 -0.578125
vn 0.4770508 0.6621094 -0.578125
vn 0.407959 0.8896484 -0.204834
vn 0.4135742 0.8891602 -0.1967773
vn 0.4135742 0.8891602 -0.1967773
vn 0.4189453 0.8881836 -0.1887207
vn -0.02226257 0.6269531 0.7783203
vn -0.02226257 0.6269531 0.7783203
vn -0.02226257 0.6269531 0.7783203
vn 0.4245605 -0.8457031 0.3225098
vn 0.4245605 -0.8457031 0.3225098
vn 0.4245605 -0.8457031 0.3225098
vn 0.8125 0.46875 0.3459473
vn 0.8125 0.46875 0.3459473
vn 0.8125 0.46875 0.3459473
vn -0.2861328 -0.5605469 0.7773438
vn -0.2861328 -0.5605469 0.7773438
vn -0.2861328 -0.5605469 0.7773438
vn -0.3552246 0.05892944 0.9331055
vn -0.3552246 0.05892944 0.9331055
vn -0.3552246 0.05892944 0.9331055
vn 0.8662109 0.05935669 0.4958496
vn 0.8662109 0.05935669 0.4958496
vn 0.8662109 0.05935669 0.4958496
vn -0.06964111 -0.9887695 -0.1331787
vn -0.06964111 -0.9887695 -0.1331787
vn -0.06964111 -0.9887695 -0.1331787
vn 0.08959961 -0.9003906 -0.4257813
vn 0.08959961 -0.9003906 -0.4257813
vn 0.08959961 -0.9003906 -0.4257813
vn 0.3381348 -0.8974609 -0.2834473
vn 0.3381348 -0.8974609 -0.2834473
vn 0.3381348 -0.8974609 -0.2834473
vn 0.6098633 0.5332031 -0.5859375
vn 0.6098633 0.5332031 -0.5859375
vn 0.6098633 0.5332031 -0.5859375
vn 0.3061523 0.800293 -0.5151367
vn 0.3061523 0.800293 -0.5151367
vn 0.3061523 0.800293 -0.5151367
vn -0.1883545 0.8730469 0.4494629
vn -0.1898193 0.8647461 0.4650879
vn -0.1898193 0.8647461 0.4650879
vn -0.1911621 0.855957 0.4804688
vn 0.2807617 0.1398926 0.949707
vn 0.2807617 0.1398926 0.949707
vn 0.2807617 0.1398926 0.949707
vn -0.2399902 0.6723633 0.7001953
vn -0.2399902 0.6723633 0.7001953
vn -0.2399902 0.6723633 0.7001953
vn -0.1588135 -0.609375 0.7768555
vn -0.1588135 -0.609375 0.7768555
vn -0.1796875 -0.6391602 0.7480469
vn -0.1375732 -0.578125 0.8041992
vn 0.0793457 -0.8808594 0.4663086
vn 0.0793457 -0.8808594 0.4663086
vn 0.0793457 -0.8808594 0.4663086
vn 0.3547363 -0.706543 -0.6123047
vn 0.3547363 -0.706543 -0.6123047
vn 0.3547363 -0.706543 -0.6123047
vn 0.07440186 -0.8364258 -0.5429688
vn 0.07440186 -0.8364258 -0.5429688
vn 0.07440186 -0.8364258 -0.5429688
vn 0.2875977 -0.8012695 -0.5244141
vn 0.2875977 -0.8012695 -0.5244141
vn 0.2875977 -0.8012695 -0.5244141
vn 0.6459961 0.6645508 0.3752441
vn 0.6459961 0.6645508 0.3752441
vn 0.6459961 0.6645508 0.3752441
vn 0.6606445 -0.3591309 0.6591797
vn 0.6606445 -0.3591309 0.6591797
vn 0.6606445 -0.3591309 0.6591797
vn -0.5419922 -0.2675781 -0.796875
vn -0.5419922 -0.2675781 -0.796875
vn -0.5419922 -0.2675781 -0.796875
vn -0.6982422 -0.2839355 -0.6572266
vn -0.6982422 -0.2839355 -0.6572266
vn -0.6982422 -0.2839355 -0.6572266
vn -0.578125 0.6689453 0.4675293
vn -0.578125 0.6689453 0.4675293
vn -0.578125 0.6689453 0.4675293
vn -0.6689453 0.7246094 0.1665039
vn -0.6689453 0.7246094 0.1665039
vn -0.6689453 0.7246094 0.1665039
vn 0.9414063 -0.2498779 -0.225708
vn 0.9414063 -0.2498779 -0.225708
vn 0.9526367 -0.2387695 -0.1893311
vn 0.9291992 -0.260498 -0.2617188
vn 0.6928711 0.6616211 -0.2866211
vn 0.6928711 0.6616211 -0.2866211
vn 0.6928711 0.6616211 -0.2866211
vn 0.9267578 0.2827148 0.2480469
vn 0.9267578 0.2827148 0.2480469
vn 0.9267578 0.2827148 0.2480469
vn 0.342041 -0.1269531 -0.9311523
vn 0.342041 -0.1269531 -0.9311523
vn 0.342041 -0.1269531 -0.9311523
vn 0.5791016 -0.7939453 -0.1855469
vn 0.5791016 -0.7939453 -0.1855469
vn 0.5791016 -0.7939453 -0.1855469
vn 0.7524414 0.4880371 -0.4423828
vn 0.7524414 0.4880371 -0.4423828
vn 0.7524414 0.4880371 -0.4423828
vn 0.7036133 0.7060547 -0.08123779
vn 0.7036133 0.7060547 -0.08123779
vn 0.7099609 0.7006836 -0.07336426
vn 0.6972656 0.7114258 -0.08905029
vn 0.7915039 -0.5273438 0.3085938
vn 0.7915039 -0.5273438 0.3085938
vn 0.7915039 -0.5273438 0.3085938
vn -0.9477539 -0.02120972 0.3190918
vn -0.9477539 -0.02120972 0.3190918
vn -0.9477539 -0.02120972 0.3190918
vn -0.5039063 -0.7182617 0.4799805
vn -0.5039063 -0.7182617 0.4799805
vn -0.5039063 -0.7182617 0.4799805
vn -0.3154297 -0.652832 -0.6884766
vn -0.3154297 -0.652832 -0.6884766
vn -0.3154297 -0.652832 -0.6884766
vn -0.03955078 0.9858398 -0.1641846
vn -0.03955078 0.9858398 -0.1641846
vn -0.03955078 0.9858398 -0.1641846
vn -0.4804688 0.6191406 -0.6210938
vn -0.4804688 0.6191406 -0.6210938
vn -0.4804688 0.6191406 -0.6210938
vn -0.1942139 0.3757324 -0.90625
vn -0.1942139 0.3757324 -0.90625
vn -0.1942139 0.3757324 -0.90625
vn -0.2565918 0.8388672 -0.4797363
vn -0.2565918 0.8388672 -0.4797363
vn -0.2565918 0.8388672 -0.4797363
vn 0.3146973 0.9389648 0.138916
vn 0.3146973 0.9389648 0.138916
vn 0.3146973 0.9389648 0.138916
vn -0.3249512 0.9458008 -0.008666992
vn -0.3249512 0.9458008 -0.008666992
vn -0.3249512 0.9458008 -0.008666992
vn -0.6982422 0.7143555 -0.0423584
vn -0.6982422 0.7143555 -0.0423584
vn -0.6982422 0.7143555 -0.0423584
vn 0.09399414 0.9433594 0.317627
vn 0.09399414 0.9433594 0.317627
vn 0.09399414 0.9433594 0.317627
vn -0.6552734 0.6987305 0.286377
vn -0.6552734 0.6987305 0.286377
vn -0.6552734 0.6987305 0.286377
vn -0.1154175 0.3967285 0.9106445
vn -0.1154175 0.3967285 0.9106445
vn -0.1154175 0.3967285 0.9106445
vn -0.0171051 0.3986816 0.9169922
vn -0.0171051 0.3986816 0.9169922
vn -0.0171051 0.3986816 0.9169922
vn -0.8422852 -0.4914551 0.22229
vn -0.8422852 -0.4914551 0.22229
vn -0.8422852 -0.4914551 0.22229
vn -0.8759766 0.4033203 -0.2646484
vn -0.8759766 0.4033203 -0.2646484
vn -0.8759766 0.4033203 -0.2646484
vn -0.9174805 0.2541504 -0.3059082
vn -0.9174805 0.2541504 -0.3059082
vn -0.9174805 0.2541504 -0.3059082
vn -0.7553711 0.390625 -0.5263672
vn -0.7553711 0.390625 -0.5263672
vn -0.7553711 0.390625 -0.5263672
vn -0.6650391 0.5537109 -0.5014648
vn -0.6650391 0.5537109 -0.5014648
vn -0.6650391 0.5537109 -0.5014648
vn 0.03320313 0.8500977 -0.5258789
vn 0.03320313 0.8500977 -0.5258789
vn 0.03320313 0.8500977 -0.5258789
vn -0.06848145 0.5600586 -0.8256836
vn -0.05892944 0.5654297 -0.8227539
vn -0.05892944 0.5654297 -0.8227539
vn -0.04934692 0.5708008 -0.8198242
vn 0.4475098 0.1599121 -0.8798828
vn 0.4475098 0.1599121 -0.8798828
vn 0.4475098 0.1599121 -0.8798828
vn 0.0411377 0.9433594 -0.3288574
vn 0.0411377 0.9433594 -0.3288574
vn 0.0411377 0.9433594 -0.3288574
vn 0.5107422 0.8588867 -0.03295898
vn 0.5107422 0.8588867 -0.03295898
vn 0.5107422 0.8588867 -0.03295898
vn 0.8803711 0.4489746 0.1520996
vn 0.8803711 0.4489746 0.1520996
vn 0.8803711 0.4489746 0.1520996
vn 0.9306641 0.3549805 0.08972168
vn 0.9306641 0.3549805 0.08972168
vn 0.9306641 0.3549805 0.08972168
vn 0.5009766 0.5483398 0.6694336
vn 0.5009766 0.5483398 0.6694336
vn 0.5009766 0.5483398 0.6694336
vn 0.2966309 -0.03244019 0.9545898
vn 0.2966309 -0.03244019 0.9545898
vn 0.2966309 -0.01095581 0.9550781
vn 0.2963867 -0.05392456 0.9536133
vn -0.06878662 0.07092285 0.9951172
vn -0.06878662 0.07092285 0.9951172
vn -0.06878662 0.07092285 0.9951172
vn -0.9633789 -0.189209 0.1904297
vn -0.9633789 -0.189209 0.1904297
vn -0.9633789 -0.189209 0.1904297
vn -0.5043945 -0.7333984 0.4560547
vn -0.5043945 -0.7333984 0.4560547
vn -0.5043945 -0.7333984 0.4560547
vn -0.9897461 -0.118042 -0.08227539
vn -0.9897461 -0.118042 -0.08227539
vn -0.9897461 -0.118042 -0.08227539
vn -0.9453125 -0.2810059 -0.1651611
vn -0.9453125 -0.2810059 -0.1651611
vn -0.9453125 -0.2810059 -0.1651611
vn -0.02333069 -0.6762695 -0.7363281
vn -0.02333069 -0.6762695 -0.7363281
vn -0.02333069 -0.6762695 -0.7363281
vn -0.2602539 -0.9331055 0.2471924
vn -0.2602539 -0.9331055 0.2471924
vn -0.2602539 -0.9331055 0.2471924
vn -0.809082 -0.1379395 -0.5712891
vn -0.809082 -0.1379395 -0.5712891
vn -0.809082 -0.1379395 -0.5712891
vn -0.590332 -0.3181152 -0.7416992
vn -0.590332 -0.3181152 -0.7416992
vn -0.590332 -0.3181152 -0.7416992
vn -0.489502 -0.01042938 -0.8720703
vn -0.489502 -0.01042938 -0.8720703
vn -0.489502 -0.01042938 -0.8720703
vn 0.2648926 -0.2226563 -0.9379883
vn 0.2648926 -0.2226563 -0.9379883
vn 0.2648926 -0.2226563 -0.9379883
vn 0.609375 0.5097656 -0.6074219
vn 0.609375 0.5097656 -0.6074219
vn 0.609375 0.5097656 -0.6074219
vn 0.388916 0.5390625 -0.7470703
vn 0.388916 0.5390625 -0.7470703
vn 0.388916 0.5390625 -0.7470703
vn 0.6635742 0.7397461 -0.1101685
vn 0.6635742 0.7397461 -0.1101685
vn 0.6635742 0.7397461 -0.1101685
vn -0.3583984 0.8007813 0.4802246
vn -0.3583984 0.8007813 0.4802246
vn -0.3583984 0.8007813 0.4802246
vn 0.3186035 0.7148438 0.6225586
vn 0.3186035 0.7148438 0.6225586
vn 0.3186035 0.7148438 0.6225586
vn 0.4626465 0.4262695 0.7773438
vn 0.4626465 0.4262695 0.7773438
vn 0.4626465 0.4262695 0.7773438
vn -0.1571045 -0.196167 0.9677734
vn -0.1571045 -0.196167 0.9677734
vn -0.1571045 -0.196167 0.9677734
vn -0.2141113 -0.9765625 0.009315491
vn -0.2141113 -0.9765625 0.009315491
vn -0.2141113 -0.9765625 0.009315491
vn 0.2434082 -0.956543 0.1602783
vn 0.2434082 -0.956543 0.1602783
vn 0.2434082 -0.956543 0.1602783
vn -0.1977539 -0.9726563 0.1224365
vn -0.1574707 -0.980957 0.1129761
vn -0.1574707 -0.980957 0.1129761
vn -0.1168213 -0.987793 0.1033936
vn -0.6518555 -0.7514648 -0.1048584
vn -0.671875 -0.737793 -0.06585693
vn -0.671875 -0.737793 -0.06585693
vn -0.7094727 -0.7045898 -0.01757813
vn -0.6904297 -0.7231445 -0.02667236
vn -0.7280273 -0.6855469 -0.008460999
vn -0.7280273 -0.6855469 -0.008460999
vn -0.5239258 -0.8349609 0.1682129
vn -0.5239258 -0.8349609 0.1682129
vn -0.5239258 -0.8349609 0.1682129
vn 0.1369629 -0.7753906 0.6166992
vn 0.1369629 -0.7753906 0.6166992
vn 0.1369629 -0.7753906 0.6166992
vn 0.5126953 -0.6953125 0.5039063
vn 0.5126953 -0.6953125 0.5039063
vn 0.5126953 -0.6953125 0.5039063
vn 0.3818359 -0.6416016 -0.6650391
vn 0.3818359 -0.6416016 -0.6650391
vn 0.3818359 -0.6416016 -0.6650391
vn 0.130127 -0.7382813 -0.6621094
vn 0.130127 -0.7382813 -0.6621094
vn 0.130127 -0.7382813 -0.6621094
vn -0.1987305 -0.9296875 0.3105469
vn -0.1622314 -0.9394531 0.3012695
vn -0.1622314 -0.9394531 0.3012695
vn -0.1254883 -0.9482422 0.2915039
vn -0.2678223 -0.8735352 -0.4067383
vn -0.2678223 -0.8735352 -0.4067383
vn -0.2678223 -0.8735352 -0.4067383
vn -0.1309814 0.6035156 -0.7866211
vn -0.1309814 0.6035156 -0.7866211
vn -0.1309814 0.6035156 -0.7866211
vn 0.550293 0.7299805 -0.404541
vn 0.550293 0.7299805 -0.404541
vn 0.550293 0.7299805 -0.404541
vn 0.3425293 0.8359375 -0.4287109
vn 0.3425293 0.8359375 -0.4287109
vn 0.3425293 0.8359375 -0.4287109
vn 0.7529297 0.6435547 -0.1375732
vn 0.7529297 0.6435547 -0.1375732
vn 0.7529297 0.6435547 -0.1375732
vn -0.5727539 -0.7382813 -0.3564453
vn -0.5727539 -0.7382813 -0.3564453
vn -0.5727539 -0.7382813 -0.3564453
vn 0.1595459 -0.5522461 -0.8183594
vn 0.1595459 -0.5522461 -0.8183594
vn 0.1595459 -0.5522461 -0.8183594
vn 0.7768555 -0.07598877 -0.625
vn 0.7768555 -0.07598877 -0.625
vn 0.7768555 -0.07598877 -0.625
vn 0.5410156 0.15979 -0.8256836
vn 0.5410156 0.15979 -0.8256836
vn 0.5410156 0.15979 -0.8256836
vn 0.8100586 0.4643555 -0.3581543
vn 0.8139648 0.4655762 -0.347168
vn 0.8139648 0.4655762 -0.347168
vn 0.8183594 0.4665527 -0.3359375
vn 0.102356 0.8774414 0.4685059
vn 0.102356 0.8774414 0.4685059
vn 0.102356 0.8774414 0.4685059
vn 0.07470703 -0.7573242 0.6489258
vn 0.07470703 -0.7573242 0.6489258
vn 0.07470703 -0.7573242 0.6489258
vn 0.8847656 0.1696777 0.434082
vn 0.8847656 0.1696777 0.434082
vn 0.8847656 0.1696777 0.434082
vn -0.5439453 0.1835938 0.8188477
vn -0.5439453 0.1835938 0.8188477
vn -0.5439453 0.1835938 0.8188477
vn -0.328125 0.703125 0.6308594
vn -0.328125 0.703125 0.6308594
vn -0.328125 0.703125 0.6308594
vn 0.7407227 -0.1095581 0.6630859
vn 0.7407227 -0.1095581 0.6630859
vn 0.7407227 -0.1095581 0.6630859
vn -0.3981934 -0.909668 0.1174316
vn -0.3981934 -0.909668 0.1174316
vn -0.3981934 -0.909668 0.1174316
vn -0.1662598 -0.9785156 -0.1230469
vn -0.1662598 -0.9785156 -0.1230469
vn -0.1662598 -0.9785156 -0.1230469
vn 0.02853394 -0.9980469 0.05789185
vn 0.02853394 -0.9980469 0.05789185
vn 0.02853394 -0.9980469 0.05789185
vn 0.8110352 -0.2629395 -0.5229492
vn 0.8110352 -0.2629395 -0.5229492
vn 0.8110352 -0.2629395 -0.5229492
vn 0.6904297 0.2093506 -0.6923828
vn 0.6904297 0.2093506 -0.6923828
vn 0.6904297 0.2093506 -0.6923828
vn 0.07189941 0.9902344 0.1204224
vn 0.06671143 0.9887695 0.1340332
vn 0.06671143 0.9887695 0.1340332
vn 0.06149292 0.9873047 0.147583
vn 0.1973877 0.5117188 0.8364258
vn 0.1973877 0.5117188 0.8364258
vn 0.1973877 0.5117188 0.8364258
vn -0.04620361 0.940918 0.3349609
vn -0.04620361 0.940918 0.3349609
vn -0.04620361 0.940918 0.3349609
vn -0.4846191 0.03533936 0.8740234
vn -0.4846191 0.03533936 0.8740234
vn -0.4846191 0.03533936 0.8740234
vn -0.3027344 -0.5576172 0.7729492
vn -0.3027344 -0.5576172 0.7729492
vn -0.3027344 -0.5576172 0.7729492
vn -0.4160156 0.1016235 0.9038086
vn -0.4160156 0.1016235 0.9038086
vn -0.4160156 0.1016235 0.9038086
vn 0.1160278 -0.965332 -0.2327881
vn 0.1160278 -0.965332 -0.2327881
vn 0.1160278 -0.965332 -0.2327881
vn -0.1453857 -0.9614258 -0.2336426
vn -0.1453857 -0.9614258 -0.2336426
vn -0.1453857 -0.9614258 -0.2336426
vn 0.03399658 -0.9853516 -0.1665039
vn 0.03399658 -0.9853516 -0.1665039
vn 0.03399658 -0.9853516 -0.1665039
vn 0.8085938 0.4577637 0.3691406
vn 0.8085938 0.4577637 0.3691406
vn 0.8085938 0.4577637 0.3691406
vn 0.4162598 -0.2460938 0.8754883
vn 0.4162598 -0.2460938 0.8754883
vn 0.4162598 -0.2460938 0.8754883
vn -0.4846191 -0.4069824 -0.7744141
vn -0.4846191 -0.4069824 -0.7744141
vn -0.4846191 -0.4069824 -0.7744141
vn -0.6542969 -0.2626953 -0.7089844
vn -0.6542969 -0.2626953 -0.7089844
vn -0.6542969 -0.2626953 -0.7089844
vn -0.2805176 0.956543 0.07897949
vn -0.2805176 0.956543 0.07897949
vn -0.2805176 0.956543 0.07897949
vn -0.326416 0.9262695 -0.1890869
vn -0.326416 0.9262695 -0.1890869
vn -0.326416 0.9262695 -0.1890869
vn 0.6713867 -0.7338867 0.1013184
vn 0.6713867 -0.7338867 0.1013184
vn 0.6845703 -0.7167969 0.1304932
vn 0.6572266 -0.7504883 0.07202148
vn 0.9643555 -0.004508972 -0.2648926
vn 0.9643555 -0.004508972 -0.2648926
vn 0.9643555 -0.004508972 -0.2648926
vn 0.9052734 -0.1127319 0.409668
vn 0.9052734 -0.1127319 0.409668
vn 0.9052734 -0.1127319 0.409668
vn 0.2949219 -0.7353516 -0.6098633
vn 0.2949219 -0.7353516 -0.6098633
vn 0.2949219 -0.7353516 -0.6098633
vn 0.2407227 -0.9555664 0.1699219
vn 0.2407227 -0.9555664 0.1699219
vn 0.2407227 -0.9555664 0.1699219
vn 0.9008789 -0.284668 -0.3278809
vn 0.9008789 -0.284668 -0.3278809
vn 0.9008789 -0.284668 -0.3278809
vn 0.9824219 0.173584 -0.06732178
vn 0.9824219 0.173584 -0.06732178
vn 0.9838867 0.1697998 -0.05563354
vn 0.980957 0.1773682 -0.07904053
vn 0.4821777 -0.6381836 0.6000977
vn 0.4821777 -0.6381836 0.6000977
vn 0.4821777 -0.6381836 0.6000977
vn -0.8652344 0.2687988 -0.4228516
vn -0.8652344 0.269043 -0.4228516
vn -0.8652344 0.2687988 -0.4228516
vn -0.8657227 0.2685547 -0.4228516
vn -0.8657227 0.2685547 -0.4228516
vn -0.1734619 -0.9833984 -0.05081177
vn -0.1734619 -0.9833984 -0.05081177
vn -0.1734619 -0.9833984 -0.05081177
vn -0.1734619 -0.9833984 -0.05081177
vn -0.2626953 -0.2097168 0.9418945
vn -0.2626953 -0.2097168 0.9418945
vn -0.2626953 -0.2097168 0.9418945
vn -0.2626953 -0.2097168 0.9418945
vn -0.1201782 0.6811523 0.722168
vn -0.1201782 0.6811523 0.722168
vn -0.1201782 0.6811523 0.722168
vn -0.1201782 0.6811523 0.722168
vn 0.2321777 0.6416016 -0.730957
vn 0.2321777 0.6416016 -0.730957
vn 0.2321777 0.6416016 -0.730957
vn 0.2321777 0.6416016 -0.730957
vn 0.1356201 -0.21521 -0.9672852
vn 0.1356201 -0.21521 -0.9672852
vn 0.1356201 -0.21521 -0.9672852
vn 0.1356201 -0.21521 -0.9672852
vn -0.4624023 -0.7324219 0.5
vn -0.4624023 -0.7324219 0.5
vn -0.4624023 -0.7324219 0.5
vn -0.4624023 -0.7324219 0.5
vn 0.1361084 0.3029785 0.9433594
vn 0.1361084 0.3029785 0.9433594
vn 0.1361084 0.3029785 0.9433594
vn 0.1361084 0.3029785 0.9433594
vn 0.4609375 0.831543 0.3093262
vn 0.4609375 0.831543 0.3093262
vn 0.4609375 0.831543 0.3093262
vn 0.4609375 0.831543 0.3093262
vn 0.08831787 0.1376953 -0.9863281
vn 0.08831787 0.1376953 -0.9863281
vn 0.08831787 0.1376953 -0.9863281
vn 0.08831787 0.1376953 -0.9863281
vn -0.333252 -0.5869141 -0.737793
vn -0.333252 -0.5869141 -0.737793
vn -0.333252 -0.5869141 -0.737793
vn -0.333252 -0.5869141 -0.737793
vn 0.6049805 0.7963867 0
vn 0.6049805 0.7963867 0
vn 0.6049805 0.7963867 0
vn 0.6049805 0.7963867 0
vn 0.6049805 0.7963867 0
vn 0.6953125 -0.6420898 0.3225098
vn 0.6953125 -0.6420898 0.3225098
vn 0.6953125 -0.6420898 0.3225098
vn 0.6953125 -0.6420898 0.3225098
vn 0.2436523 -0.4772949 -0.8442383
vn 0.2436523 -0.4772949 -0.8442383
vn 0.2436523 -0.4772949 -0.8442383
vn 0.2436523 -0.4772949 -0.8442383
vn -0.3486328 0.2344971 -0.9072266
vn -0.3486328 0.2344971 -0.9072266
vn -0.3486328 0.2344971 -0.9072266
vn -0.3486328 0.2344971 -0.9072266
vn -0.5009766 0.7485352 0.4343262
vn -0.5009766 0.7485352 0.4343262
vn -0.5009766 0.7485352 0.4343262
vn -0.5009766 0.7485352 0.4343262
vn 0.1340332 0.1936035 0.9716797
vn 0.1340332 0.1936035 0.9716797
vn 0.1340332 0.1936035 0.9716797
vn 0.1340332 0.1936035 0.9716797
vn 0.7412109 -0.5761719 -0.34375
vn 0.7412109 -0.5761719 -0.34375
vn 0.7412109 -0.5761719 -0.34375
vn 0.7412109 -0.5761719 -0.34375
vn -0.3708496 -0.2719727 -0.8881836
vn -0.3708496 -0.2719727 -0.8881836
vn -0.3708496 -0.2719727 -0.8881836
vn -0.3708496 -0.2719727 -0.8881836
vn -0.8730469 0.2756348 -0.4025879
vn -0.8730469 0.2756348 -0.4025879
vn -0.8730469 0.2756348 -0.4025879
vn -0.8730469 0.2756348 -0.4025879
vn -0.05511475 0.5234375 0.8505859
vn -0.05511475 0.5234375 0.8505859
vn -0.05511475 0.5234375 0.8505859
vn -0.05511475 0.5234375 0.8505859
vn 0.6723633 0.05096436 0.7387695
vn 0.6723633 0.05096436 0.7387695
vn 0.6723633 0.05096436 0.7387695
vn 0.6723633 0.05096436 0.7387695
vn -0.1688232 0.9541016 -0.2469482
vn -0.1688232 0.9541016 -0.2468262
vn -0.1688232 0.9541016 -0.2468262
vn -0.1689453 0.9541016 -0.2469482
vn -0.1689453 0.9541016 -0.2469482
vn 0.4401855 0.4941406 -0.7495117
vn 0.4401855 0.4941406 -0.7495117
vn 0.4401855 0.4941406 -0.7495117
vn 0.4401855 0.4941406 -0.7495117
vn -0.5527344 0.7729492 -0.3122559
vn -0.5527344 0.7729492 -0.3122559
vn -0.5527344 0.7729492 -0.3122559
vn -0.5527344 0.7729492 -0.3122559
vn -0.7929688 0.01841736 0.6088867
vn -0.7929688 0.01841736 0.6088867
vn -0.7929688 0.01841736 0.6088867
vn -0.7929688 0.01841736 0.6088867
vn 0.1408691 -0.6435547 0.7524414
vn 0.1408691 -0.6435547 0.7524414
vn 0.1408691 -0.6435547 0.7524414
vn 0.1408691 -0.6435547 0.7524414
vn 0.8935547 -0.4348145 -0.1115723
vn 0.8935547 -0.4348145 -0.1115723
vn 0.8935547 -0.4348145 -0.1115723
vn 0.8935547 -0.4348145 -0.1115723
vn -0.1668701 -0.2543945 -0.9526367
vn -0.1668701 -0.2543945 -0.9526367
vn -0.1668701 -0.2543945 -0.9526367
vn -0.1668701 -0.2543945 -0.9526367
vn -0.96875 -0.1242676 -0.2145996
vn -0.96875 -0.1242676 -0.2145996
vn -0.96875 -0.1242676 -0.2145996
vn -0.96875 -0.1242676 -0.2145996
vn -0.3979492 0.220459 0.890625
vn -0.3979492 0.220459 0.890625
vn -0.3979492 0.220459 0.890625
vn -0.3979492 0.220459 0.890625
vn 0.6523438 0.2445068 0.7172852
vn 0.6523438 0.2445068 0.7172852
vn 0.6523438 0.2445068 0.7172852
vn 0.6523438 0.2445068 0.7172852
vn 0.887207 -0.0657959 -0.4567871
vn 0.887207 -0.0657959 -0.4567871
vn 0.887207 -0.0657959 -0.4567871
vn 0.887207 -0.0657959 -0.4567871
vn -0.4294434 -0.8320313 -0.3515625
vn -0.4294434 -0.8320313 -0.3515625
vn -0.4294434 -0.8320313 -0.3515625
vn -0.4294434 -0.8320313 -0.3515625
vn -0.9267578 -0.1178589 0.3566895
vn -0.9267578 -0.1178589 0.3566895
vn -0.9267578 -0.1178589 0.3566895
vn -0.9267578 -0.1178589 0.3566895
vn -0.03070068 0.8432617 0.5361328
vn -0.03070068 0.8432617 0.5361328
vn -0.03070068 0.8432617 0.5361328
vn -0.03070068 0.8432617 0.5361328
vn 0.7236328 0.6904297 0.005268097
vn 0.7236328 0.6904297 0.005268097
vn 0.7236328 0.6904297 0.005268097
vn 0.7236328 0.6904297 0.005268097
vn 0.578125 -0.473877 -0.6645508
vn 0.578125 -0.473877 -0.6645508
vn 0.578125 -0.473877 -0.6645508
vn 0.578125 -0.473877 -0.6645508
vn -0.9291992 -0.05126953 -0.3659668
vn -0.9291992 -0.05126953 -0.3659668
vn -0.9291992 -0.05126953 -0.3659668
vn -0.9291992 -0.05126953 -0.3659668
vn -0.5883789 0.6850586 0.4291992
vn -0.5883789 0.6850586 0.4291992
vn -0.5883789 0.6850586 0.4291992
vn -0.5883789 0.6850586 0.4291992
vn 0.4912109 0.5859375 0.6445313
vn 0.4912109 0.5859375 0.6445313
vn 0.4912109 0.5859375 0.6445313
vn 0.4912109 0.5859375 0.6445313
vn 0.9472656 -0.2770996 -0.1600342
vn 0.9472656 -0.2770996 -0.1600342
vn 0.9472656 -0.2770996 -0.1600342
vn 0.9472656 -0.2770996 -0.1600342
vn 0.0692749 -0.6098633 -0.7895508
vn 0.0692749 -0.6098633 -0.7895508
vn 0.0692749 -0.6098633 -0.7895508
vn 0.0692749 -0.6098633 -0.7895508
vn -0.909668 -0.1416016 0.3901367
vn -0.909668 -0.1416016 0.3901367
vn -0.909668 -0.1416016 0.3901367
vn -0.909668 -0.1416016 0.3901367
vn 0.07189941 0.1710205 0.9824219
vn 0.07189941 0.1710205 0.9824219
vn 0.07189941 0.1710205 0.9824219
vn 0.07189941 0.1710205 0.9824219
vn 0.9331055 0.269043 0.237793
vn 0.9331055 0.269043 0.237793
vn 0.9331055 0.269043 0.237793
vn 0.9331055 0.269043 0.237793
vn 0.4990234 0.002101898 -0.8666992
vn 0.4990234 0.002101898 -0.8666992
vn 0.4990234 0.002101898 -0.8666992
vn 0.4990234 0.002101898 -0.8666992
vn -0.6035156 -0.2427979 -0.7592773
vn -0.6035156 -0.2427979 -0.7592773
vn -0.6035156 -0.2427979 -0.7592773
vn -0.6035156 -0.2427979 -0.7592773
vn -0.1536865 0.9550781 0.2531738
vn -0.1536865 0.9550781 0.2531738
vn -0.1536865 0.9550781 0.2531738
vn -0.1536865 0.9550781 0.2531738
vn -0.1536865 0.9550781 0.2531738
vn -0.3422852 0.3950195 -0.8525391
vn -0.3422852 0.3950195 -0.8525391
vn -0.3422852 0.3950195 -0.8525391
vn -0.3422852 0.3950195 -0.8525391
vn -0.8842773 0.4562988 0.1005859
vn -0.8842773 0.4562988 0.1005859
vn -0.8842773 0.4562988 0.1005859
vn -0.8842773 0.4562988 0.1005859
vn -0.1873779 0.1350098 0.9731445
vn -0.1873779 0.1350098 0.9731445
vn -0.1873779 0.1350098 0.9731445
vn -0.1873779 0.1350098 0.9731445
vn 0.8510742 -0.2175293 0.4777832
vn 0.8510742 -0.2175293 0.4777832
vn 0.8510742 -0.2175293 0.4777832
vn 0.8510742 -0.2175293 0.4777832
vn 0.7207031 -0.03588867 -0.6923828
vn 0.7207031 -0.03588867 -0.6923828
vn 0.7207031 -0.03588867 -0.6923828
vn 0.7207031 -0.03588867 -0.6923828
vn -0.6860352 0.05096436 -0.7255859
vn -0.6860352 0.05096436 -0.7255859
vn -0.6860352 0.05096436 -0.7255859
vn -0.6860352 0.05096436 -0.7255859
vn -0.8061523 0.4873047 0.3354492
vn -0.8061523 0.4873047 0.3354492
vn -0.8061523 0.4873047 0.3354492
vn -0.8061523 0.4873047 0.3354492
vn 0.1123047 0.3588867 0.9267578
vn 0.1123047 0.3588867 0.9267578
vn 0.1123047 0.3588867 0.9267578
vn 0.1123047 0.3588867 0.9267578
vn 0.9682617 -0.1854248 0.168335
vn 0.9682617 -0.1854248 0.168335
vn 0.9682617 -0.1854248 0.168335
vn 0.9682617 -0.1854248 0.168335
vn 0.4611816 -0.3427734 -0.8183594
vn 0.4611816 -0.3427734 -0.8183594
vn 0.4611816 -0.3427734 -0.8183594
vn 0.4611816 -0.3427734 -0.8183594
vn -0.310791 -0.7397461 -0.5966797
vn -0.310791 -0.7397461 -0.5966797
vn -0.310791 -0.7397461 -0.5966797
vn -0.310791 -0.7397461 -0.5966797
vn -0.7939453 -0.2756348 0.5419922
vn -0.7939453 -0.2756348 0.5419922
vn -0.7939453 -0.2756348 0.5419922
vn -0.7939453 -0.2756348 0.5419922
vn -0.1113892 0.5400391 0.8339844
vn -0.1113892 0.5400391 0.8339844
vn -0.1113892 0.5400391 0.8339844
vn -0.1113892 0.5400391 0.8339844
vn 0.7412109 0.6669922 0.07525635
vn 0.7412109 0.6669922 0.07525635
vn 0.7412109 0.6669922 0.07525635
vn 0.7412109 0.6669922 0.07525635
vn 0.4782715 -0.1955566 -0.8564453
vn 0.4782715 -0.1955566 -0.8564453
vn 0.4782715 -0.1955566 -0.8564453
vn 0.4782715 -0.1955566 -0.8564453
vn -0.2817383 -0.8208008 -0.4970703
vn -0.2817383 -0.8208008 -0.4970703
vn -0.2817383 -0.8208008 -0.4970703
vn -0.2817383 -0.8208008 -0.4970703
vn -0.1259766 -0.7563477 0.6420898
vn -0.1259766 -0.7563477 0.6420898
vn -0.1259766 -0.7563477 0.6420898
vn -0.1259766 -0.7563477 0.6420898
vn 0.1900635 0.3991699 0.8969727
vn 0.1900635 0.3991699 0.8969727
vn 0.1900635 0.3991699 0.8969727
vn 0.1900635 0.3991699 0.8969727
vn 0.2210693 0.9731445 -0.06118774
vn 0.2210693 0.9731445 -0.06118774
vn 0.2210693 0.9731445 -0.06118774
vn 0.2210693 0.9731445 -0.06118774
vn -0.08703613 0.2305908 -0.9692383
vn -0.08703613 0.2305908 -0.9692383
vn -0.08703613 0.2305908 -0.9692383
vn -0.08703613 0.2305908 -0.9692383
vn -0.753418 -0.637207 0.1617432
vn -0.753418 -0.637207 0.1617432
vn -0.753418 -0.637207 0.1617432
vn -0.753418 -0.637207 0.1617432
vn 0.07385254 -0.2355957 0.9692383
vn 0.07385254 -0.2355957 0.9692383
vn 0.07385254 -0.2355957 0.9692383
vn 0.07385254 -0.2355957 0.9692383
vn 0.762207 0.4963379 0.4152832
vn 0.762207 0.4963379 0.4152832
vn 0.762207 0.4963379 0.4152832
vn 0.762207 0.4963379 0.4152832
vn 0.411377 0.5888672 -0.6958008
vn 0.411377 0.5888672 -0.6958008
vn 0.411377 0.5888672 -0.6958008
vn 0.411377 0.5888672 -0.6958008
vn -0.5527344 -0.1469727 -0.8203125
vn -0.5527344 -0.1469727 -0.8203125
vn -0.5527344 -0.1469727 -0.8203125
vn -0.5527344 -0.1469727 -0.8203125
vn -0.4621582 -0.4533691 0.762207
vn -0.4621582 -0.4533691 0.762207
vn -0.4621582 -0.4533691 0.762207
vn -0.4621582 -0.4533691 0.762207
vn 0.7133789 -0.2619629 0.6499023
vn 0.7133789 -0.2619629 0.6499023
vn 0.7133789 -0.2619629 0.6499023
vn 0.7133789 -0.2619629 0.6499023
vn 0.8979492 0.295166 -0.326416
vn 0.8979492 0.295166 -0.326416
vn 0.8979492 0.295166 -0.326416
vn 0.8979492 0.295166 -0.326416
vn -0.1833496 0.465332 -0.8657227
vn -0.1833496 0.465332 -0.8657227
vn -0.1833496 0.465332 -0.8657227
vn -0.1833496 0.465332 -0.8657227
vn -0.9799805 0.003770828 -0.197998
vn -0.9799805 0.003770828 -0.197998
vn -0.9799805 0.003770828 -0.197998
vn -0.9799805 0.003770828 -0.197998
g SM_Env_Tree_01_0
f 3/3/3 2/2/2 1/1/1
f 6/6/6 5/5/5 4/4/4
f 9/9/9 8/8/8 7/7/7
f 12/12/12 11/11/11 10/10/10
f 15/15/15 14/14/14 13/13/13
f 18/18/18 17/17/17 16/16/16
f 21/21/21 20/20/20 19/19/19
f 24/24/24 23/23/23 22/22/22
f 27/27/27 26/26/26 25/25/25
f 30/30/30 29/29/29 28/28/28
f 33/33/33 32/32/32 31/31/31
f 36/36/36 35/35/35 34/34/34
f 39/39/39 38/38/38 37/37/37
f 42/42/42 41/41/41 40/40/40
f 45/45/45 44/44/44 43/43/43
f 48/48/48 47/47/47 46/46/46
f 51/51/51 50/50/50 49/49/49
f 54/54/54 53/53/53 52/52/52
f 57/57/57 56/56/56 55/55/55
f 60/60/60 59/59/59 58/58/58
f 63/63/63 62/62/62 61/61/61
f 63/63/63 64/64/64 62/62/62
f 67/67/67 66/66/66 65/65/65
f 70/70/70 69/69/69 68/68/68
f 73/73/73 72/72/72 71/71/71
f 76/76/76 75/75/75 74/74/74
f 77/77/77 75/75/75 76/76/76
f 80/80/80 79/79/79 78/78/78
f 83/83/83 82/82/82 81/81/81
f 84/84/84 81/81/81 82/82/82
f 87/87/87 86/86/86 85/85/85
f 90/90/90 89/89/89 88/88/88
f 93/93/93 92/92/92 91/91/91
f 96/96/96 95/95/95 94/94/94
f 99/99/99 98/98/98 97/97/97
f 102/102/102 101/101/101 100/100/100
f 105/105/105 104/104/104 103/103/103
f 108/108/108 107/107/107 106/106/106
f 111/111/111 110/110/110 109/109/109
f 114/114/114 113/113/113 112/112/112
f 117/117/117 116/116/116 115/115/115
f 120/120/120 119/119/119 118/118/118
f 123/123/123 122/122/122 121/121/121
f 126/126/126 125/125/125 124/124/124
f 129/129/129 128/128/128 127/127/127
f 132/132/132 131/131/131 130/130/130
f 135/135/135 134/134/134 133/133/133
f 138/138/138 137/137/137 136/136/136
f 141/141/141 140/140/140 139/139/139
f 144/144/144 143/143/143 142/142/142
f 147/147/147 146/146/146 145/145/145
f 150/150/150 149/149/149 148/148/148
f 153/153/153 152/152/152 151/151/151
f 155/155/155 154/154/154 153/153/153
f 154/154/154 157/157/157 156/156/156
f 160/160/160 159/159/159 158/158/158
f 163/163/163 162/162/162 161/161/161
f 166/166/166 165/165/165 164/164/164
f 169/169/169 168/168/168 167/167/167
f 172/172/172 171/171/171 170/170/170
f 175/175/175 174/174/174 173/173/173
f 178/178/178 177/177/177 176/176/176
f 181/181/181 180/180/180 179/179/179
f 184/184/184 183/183/183 182/182/182
f 187/187/187 186/186/186 185/185/185
f 190/190/190 189/189/189 188/188/188
f 193/193/193 192/192/192 191/191/191
f 196/196/196 195/195/195 194/194/194
f 199/199/199 198/198/198 197/197/197
f 202/202/202 201/201/201 200/200/200
f 205/205/205 204/204/204 203/203/203
f 208/208/208 207/207/207 206/206/206
f 208/208/208 209/209/209 207/207/207
f 212/212/212 211/211/211 210/210/210
f 215/215/215 214/214/214 213/213/213
f 218/218/218 217/217/217 216/216/216
f 221/221/221 220/220/220 219/219/219
f 224/224/224 223/223/223 222/222/222
f 227/227/227 226/226/226 225/225/225
f 230/230/230 229/229/229 228/228/228
f 233/233/233 232/232/232 231/231/231
f 236/236/236 235/235/235 234/234/234
f 239/239/239 238/238/238 237/237/237
f 242/242/242 241/241/241 240/240/240
f 245/245/245 244/244/244 243/243/243
f 244/244/244 245/245/245 246/246/246
f 249/249/249 248/248/248 247/247/247
f 252/252/252 251/251/251 250/250/250
f 255/255/255 254/254/254 253/253/253
f 258/258/258 257/257/257 256/256/256
f 261/261/261 260/260/260 259/259/259
f 264/264/264 263/263/263 262/262/262
f 267/267/267 266/266/266 265/265/265
f 270/270/270 269/269/269 268/268/268
f 273/273/273 272/272/272 271/271/271
f 276/276/276 275/275/275 274/274/274
f 279/279/279 278/278/278 277/277/277
f 282/282/282 281/281/281 280/280/280
f 285/285/285 284/284/284 283/283/283
f 288/288/288 287/287/287 286/286/286
f 291/291/291 290/290/290 289/289/289
f 292/292/292 289/289/289 290/290/290
f 295/295/295 294/294/294 293/293/293
f 298/298/298 297/297/297 296/296/296
f 301/301/301 300/300/300 299/299/299
f 304/304/304 303/303/303 302/302/302
f 307/307/307 306/306/306 305/305/305
f 310/310/310 309/309/309 308/308/308
f 309/309/309 311/311/311 308/308/308
f 314/314/314 313/313/313 312/312/312
f 317/317/317 316/316/316 315/315/315
f 320/320/320 319/319/319 318/318/318
f 323/323/323 322/322/322 321/321/321
f 326/326/326 325/325/325 324/324/324
f 329/329/329 328/328/328 327/327/327
f 332/332/332 331/331/331 330/330/330
f 335/335/335 334/334/334 333/333/333
f 338/338/338 337/337/337 336/336/336
f 341/341/341 340/340/340 339/339/339
f 344/344/344 343/343/343 342/342/342
f 347/347/347 346/346/346 345/345/345
f 350/350/350 349/349/349 348/348/348
f 353/353/353 352/352/352 351/351/351
f 356/356/356 355/355/355 354/354/354
f 359/359/359 358/358/358 357/357/357
f 362/362/362 361/361/361 360/360/360
f 365/365/365 364/364/364 363/363/363
f 368/368/368 367/367/367 366/366/366
f 371/371/371 370/370/370 369/369/369
f 374/374/374 373/373/373 372/372/372
f 377/377/377 376/376/376 375/375/375
f 377/377/377 378/378/378 376/376/376
f 381/381/381 380/380/380 379/379/379
f 380/380/380 383/383/383 382/382/382
f 386/386/386 385/385/385 384/384/384
f 389/389/389 388/388/388 387/387/387
f 392/392/392 391/391/391 390/390/390
f 393/393/393 391/391/391 392/392/392
f 396/396/396 395/395/395 394/394/394
f 399/399/399 398/398/398 397/397/397
f 400/400/400 397/397/397 398/398/398
f 403/403/403 402/402/402 401/401/401
f 406/406/406 405/405/405 404/404/404
f 409/409/409 408/408/408 407/407/407
f 412/412/412 411/411/411 410/410/410
f 415/415/415 414/414/414 413/413/413
f 418/418/418 417/417/417 416/416/416
f 421/421/421 420/420/420 419/419/419
f 424/424/424 423/423/423 422/422/422
f 427/427/427 426/426/426 425/425/425
f 430/430/430 429/429/429 428/428/428
f 433/433/433 432/432/432 431/431/431
f 436/436/436 435/435/435 434/434/434
f 439/439/439 438/438/438 437/437/437
f 442/442/442 441/441/441 440/440/440
f 445/445/445 444/444/444 443/443/443
f 448/448/448 447/447/447 446/446/446
f 451/451/451 450/450/450 449/449/449
f 454/454/454 453/453/453 452/452/452
f 457/457/457 456/456/456 455/455/455
f 460/460/460 459/459/459 458/458/458
f 463/463/463 462/462/462 461/461/461
f 464/464/464 462/462/462 463/463/463
f 467/467/467 466/466/466 465/465/465
f 469/469/469 468/468/468 467/467/467
f 468/468/468 471/471/471 470/470/470
f 474/474/474 473/473/473 472/472/472
f 477/477/477 476/476/476 475/475/475
f 480/480/480 479/479/479 478/478/478
f 483/483/483 482/482/482 481/481/481
f 486/486/486 485/485/485 484/484/484
f 489/489/489 488/488/488 487/487/487
f 489/489/489 490/490/490 488/488/488
f 493/493/493 492/492/492 491/491/491
f 496/496/496 495/495/495 494/494/494
f 499/499/499 498/498/498 497/497/497
f 502/502/502 501/501/501 500/500/500
f 505/505/505 504/504/504 503/503/503
f 508/508/508 507/507/507 506/506/506
f 511/511/511 510/510/510 509/509/509
f 514/514/514 513/513/513 512/512/512
f 517/517/517 516/516/516 515/515/515
f 517/517/517 518/518/518 516/516/516
f 521/521/521 520/520/520 519/519/519
f 524/524/524 523/523/523 522/522/522
f 527/527/527 526/526/526 525/525/525
f 530/530/530 529/529/529 528/528/528
f 533/533/533 532/532/532 531/531/531
f 536/536/536 535/535/535 534/534/534
f 539/539/539 538/538/538 537/537/537
f 542/542/542 541/541/541 540/540/540
f 545/545/545 544/544/544 543/543/543
f 548/548/548 547/547/547 546/546/546
f 551/551/551 550/550/550 549/549/549
f 554/554/554 553/553/553 552/552/552
f 553/553/553 554/554/554 555/555/555
f 558/558/558 557/557/557 556/556/556
f 561/561/561 560/560/560 559/559/559
f 564/564/564 563/563/563 562/562/562
f 563/563/563 565/565/565 562/562/562
f 568/568/568 567/567/567 566/566/566
f 571/571/571 570/570/570 569/569/569
f 574/574/574 573/573/573 572/572/572
f 577/577/577 576/576/576 575/575/575
f 580/580/580 579/579/579 578/578/578
f 583/583/583 582/582/582 581/581/581
f 586/586/586 585/585/585 584/584/584
f 589/589/589 588/588/588 587/587/587
f 592/592/592 591/591/591 590/590/590
f 595/595/595 594/594/594 593/593/593
f 598/598/598 597/597/597 596/596/596
f 599/599/599 596/596/596 597/597/597
f 602/602/602 601/601/601 600/600/600
f 605/605/605 604/604/604 603/603/603
f 608/608/608 607/607/607 606/606/606
f 611/611/611 610/610/610 609/609/609
f 614/614/614 613/613/613 612/612/612
f 617/617/617 616/616/616 615/615/615
f 616/616/616 618/618/618 615/615/615
f 621/621/621 620/620/620 619/619/619
f 624/624/624 623/623/623 622/622/622
f 627/627/627 626/626/626 625/625/625
f 630/630/630 629/629/629 628/628/628
f 633/633/633 632/632/632 631/631/631
f 636/636/636 635/635/635 634/634/634
f 639/639/639 638/638/638 637/637/637
f 642/642/642 641/641/641 640/640/640
f 645/645/645 644/644/644 643/643/643
f 648/648/648 647/647/647 646/646/646
f 651/651/651 650/650/650 649/649/649
f 654/654/654 653/653/653 652/652/652
f 657/657/657 656/656/656 655/655/655
f 660/660/660 659/659/659 658/658/658
f 663/663/663 662/662/662 661/661/661
f 666/666/666 665/665/665 664/664/664
f 669/669/669 668/668/668 667/667/667
f 672/672/672 671/671/671 670/670/670
f 675/675/675 674/674/674 673/673/673
f 678/678/678 677/677/677 676/676/676
f 681/681/681 680/680/680 679/679/679
f 684/684/684 683/683/683 682/682/682
f 684/684/684 685/685/685 683/683/683
f 688/688/688 687/687/687 686/686/686
f 691/691/691 690/690/690 689/689/689
f 694/694/694 693/693/693 692/692/692
f 697/697/697 696/696/696 695/695/695
f 700/700/700 699/699/699 698/698/698
f 703/703/703 702/702/702 701/701/701
f 706/706/706 705/705/705 704/704/704
f 707/707/707 704/704/704 705/705/705
f 710/710/710 709/709/709 708/708/708
f 713/713/713 712/712/712 711/711/711
f 716/716/716 715/715/715 714/714/714
f 719/719/719 718/718/718 717/717/717
f 722/722/722 721/721/721 720/720/720
f 725/725/725 724/724/724 723/723/723
f 728/728/728 727/727/727 726/726/726
f 731/731/731 730/730/730 729/729/729
f 734/734/734 733/733/733 732/732/732
f 737/737/737 736/736/736 735/735/735
f 740/740/740 739/739/739 738/738/738
f 743/743/743 742/742/742 741/741/741
f 746/746/746 745/745/745 744/744/744
f 749/749/749 748/748/748 747/747/747
f 752/752/752 751/751/751 750/750/750
f 755/755/755 754/754/754 753/753/753
f 758/758/758 757/757/757 756/756/756
f 761/761/761 760/760/760 759/759/759
f 764/764/764 763/763/763 762/762/762
f 767/767/767 766/766/766 765/765/765
f 770/770/770 769/769/769 768/768/768
f 771/771/771 769/769/769 770/770/770
f 774/774/774 773/773/773 772/772/772
f 776/776/776 775/775/775 774/774/774
f 775/775/775 778/778/778 777/777/777
f 781/781/781 780/780/780 779/779/779
f 784/784/784 783/783/783 782/782/782
f 787/787/787 786/786/786 785/785/785
f 790/790/790 789/789/789 788/788/788
f 793/793/793 792/792/792 791/791/791
f 796/796/796 795/795/795 794/794/794
f 796/796/796 797/797/797 795/795/795
f 800/800/800 799/799/799 798/798/798
f 803/803/803 802/802/802 801/801/801
f 806/806/806 805/805/805 804/804/804
f 809/809/809 808/808/808 807/807/807
f 812/812/812 811/811/811 810/810/810
f 815/815/815 814/814/814 813/813/813
f 818/818/818 817/817/817 816/816/816
f 821/821/821 820/820/820 819/819/819
f 824/824/824 823/823/823 822/822/822
f 827/827/827 826/826/826 825/825/825
f 827/827/827 828/828/828 826/826/826
f 831/831/831 830/830/830 829/829/829
f 834/834/834 833/833/833 832/832/832
f 837/837/837 836/836/836 835/835/835
f 840/840/840 839/839/839 838/838/838
f 843/843/843 842/842/842 841/841/841
f 846/846/846 845/845/845 844/844/844
f 849/849/849 848/848/848 847/847/847
f 852/852/852 851/851/851 850/850/850
f 855/855/855 854/854/854 853/853/853
f 858/858/858 857/857/857 856/856/856
f 861/861/861 860/860/860 859/859/859
f 864/864/864 863/863/863 862/862/862
f 863/863/863 864/864/864 865/865/865
f 868/868/868 867/867/867 866/866/866
f 871/871/871 870/870/870 869/869/869
f 874/874/874 873/873/873 872/872/872
f 877/877/877 876/876/876 875/875/875
f 880/880/880 879/879/879 878/878/878
f 883/883/883 882/882/882 881/881/881
f 886/886/886 885/885/885 884/884/884
f 889/889/889 888/888/888 887/887/887
f 892/892/892 891/891/891 890/890/890
f 895/895/895 894/894/894 893/893/893
f 898/898/898 897/897/897 896/896/896
f 901/901/901 900/900/900 899/899/899
f 904/904/904 903/903/903 902/902/902
f 907/907/907 906/906/906 905/905/905
f 910/910/910 909/909/909 908/908/908
f 911/911/911 908/908/908 909/909/909
f 914/914/914 913/913/913 912/912/912
f 917/917/917 916/916/916 915/915/915
f 920/920/920 919/919/919 918/918/918
f 923/923/923 922/922/922 921/921/921
f 926/926/926 925/925/925 924/924/924
f 929/929/929 928/928/928 927/927/927
f 928/928/928 930/930/930 927/927/927
f 933/933/933 932/932/932 931/931/931
f 936/936/936 935/935/935 934/934/934
f 934/934/934 937/937/937 936/936/936
f 934/934/934 938/938/938 937/937/937
f 941/941/941 940/940/940 939/939/939
f 942/942/942 941/941/941 939/939/939
f 945/945/945 944/944/944 943/943/943
f 946/946/946 945/945/945 943/943/943
f 949/949/949 948/948/948 947/947/947
f 950/950/950 949/949/949 947/947/947
f 953/953/953 952/952/952 951/951/951
f 954/954/954 953/953/953 951/951/951
f 957/957/957 956/956/956 955/955/955
f 958/958/958 957/957/957 955/955/955
f 961/961/961 960/960/960 959/959/959
f 962/962/962 961/961/961 959/959/959
f 965/965/965 964/964/964 963/963/963
f 966/966/966 965/965/965 963/963/963
f 969/969/969 968/968/968 967/967/967
f 970/970/970 969/969/969 967/967/967
f 973/973/973 972/972/972 971/971/971
f 974/974/974 973/973/973 971/971/971
f 977/977/977 976/976/976 975/975/975
f 978/978/978 977/977/977 975/975/975
f 981/981/981 980/980/980 979/979/979
f 979/979/979 982/982/982 981/981/981
f 982/982/982 983/983/983 981/981/981
f 986/986/986 985/985/985 984/984/984
f 987/987/987 986/986/986 984/984/984
f 990/990/990 989/989/989 988/988/988
f 991/991/991 990/990/990 988/988/988
f 994/994/994 993/993/993 992/992/992
f 995/995/995 994/994/994 992/992/992
f 998/998/998 997/997/997 996/996/996
f 999/999/999 998/998/998 996/996/996
f 1002/1002/1002 1001/1001/1001 1000/1000/1000
f 1003/1003/1003 1002/1002/1002 1000/1000/1000
f 1006/1006/1006 1005/1005/1005 1004/1004/1004
f 1007/1007/1007 1006/1006/1006 1004/1004/1004
f 1010/1010/1010 1009/1009/1009 1008/1008/1008
f 1011/1011/1011 1010/1010/1010 1008/1008/1008
f 1014/1014/1014 1013/1013/1013 1012/1012/1012
f 1015/1015/1015 1014/1014/1014 1012/1012/1012
f 1018/1018/1018 1017/1017/1017 1016/1016/1016
f 1019/1019/1019 1018/1018/1018 1016/1016/1016
f 1022/1022/1022 1021/1021/1021 1020/1020/1020
f 1023/1023/1023 1022/1022/1022 1020/1020/1020
f 1026/1026/1026 1025/1025/1025 1024/1024/1024
f 1024/1024/1024 1027/1027/1027 1026/1026/1026
f 1024/1024/1024 1028/1028/1028 1027/1027/1027
f 1031/1031/1031 1030/1030/1030 1029/1029/1029
f 1032/1032/1032 1031/1031/1031 1029/1029/1029
f 1035/1035/1035 1034/1034/1034 1033/1033/1033
f 1036/1036/1036 1035/1035/1035 1033/1033/1033
f 1039/1039/1039 1038/1038/1038 1037/1037/1037
f 1040/1040/1040 1039/1039/1039 1037/1037/1037
f 1043/1043/1043 1042/1042/1042 1041/1041/1041
f 1044/1044/1044 1043/1043/1043 1041/1041/1041
f 1047/1047/1047 1046/1046/1046 1045/1045/1045
f 1048/1048/1048 1047/1047/1047 1045/1045/1045
f 1051/1051/1051 1050/1050/1050 1049/1049/1049
f 1052/1052/1052 1051/1051/1051 1049/1049/1049
f 1055/1055/1055 1054/1054/1054 1053/1053/1053
f 1056/1056/1056 1055/1055/1055 1053/1053/1053
f 1059/1059/1059 1058/1058/1058 1057/1057/1057
f 1060/1060/1060 1059/1059/1059 1057/1057/1057
f 1063/1063/1063 1062/1062/1062 1061/1061/1061
f 1064/1064/1064 1063/1063/1063 1061/1061/1061
f 1067/1067/1067 1066/1066/1066 1065/1065/1065
f 1068/1068/1068 1067/1067/1067 1065/1065/1065
f 1071/1071/1071 1070/1070/1070 1069/1069/1069
f 1072/1072/1072 1071/1071/1071 1069/1069/1069
f 1075/1075/1075 1074/1074/1074 1073/1073/1073
f 1076/1076/1076 1075/1075/1075 1073/1073/1073
f 1079/1079/1079 1078/1078/1078 1077/1077/1077
f 1080/1080/1080 1079/1079/1079 1077/1077/1077
f 1083/1083/1083 1082/1082/1082 1081/1081/1081
f 1084/1084/1084 1083/1083/1083 1081/1081/1081
f 1087/1087/1087 1086/1086/1086 1085/1085/1085
f 1088/1088/1088 1087/1087/1087 1085/1085/1085
f 1091/1091/1091 1090/1090/1090 1089/1089/1089
f 1092/1092/1092 1091/1091/1091 1089/1089/1089
f 1095/1095/1095 1094/1094/1094 1093/1093/1093
f 1096/1096/1096 1095/1095/1095 1093/1093/1093
f 1099/1099/1099 1098/1098/1098 1097/1097/1097
f 1100/1100/1100 1099/1099/1099 1097/1097/1097
f 1103/1103/1103 1102/1102/1102 1101/1101/1101
f 1104/1104/1104 1103/1103/1103 1101/1101/1101
f 1107/1107/1107 1106/1106/1106 1105/1105/1105
f 1108/1108/1108 1107/1107/1107 1105/1105/1105
f 1111/1111/1111 1110/1110/1110 1109/1109/1109
f 1112/1112/1112 1111/1111/1111 1109/1109/1109
f 1115/1115/1115 1114/1114/1114 1113/1113/1113
f 1116/1116/1116 1115/1115/1115 1113/1113/1113
f 1119/1119/1119 1118/1118/1118 1117/1117/1117
f 1120/1120/1120 1119/1119/1119 1117/1117/1117
f 1123/1123/1123 1122/1122/1122 1121/1121/1121
f 1124/1124/1124 1123/1123/1123 1121/1121/1121
f 1127/1127/1127 1126/1126/1126 1125/1125/1125
f 1128/1128/1128 1127/1127/1127 1125/1125/1125
f 1131/1131/1131 1130/1130/1130 1129/1129/1129
f 1129/1129/1129 1132/1132/1132 1131/1131/1131
f 1132/1132/1132 1133/1133/1133 1131/1131/1131
f 1136/1136/1136 1135/1135/1135 1134/1134/1134
f 1137/1137/1137 1136/1136/1136 1134/1134/1134
f 1140/1140/1140 1139/1139/1139 1138/1138/1138
f 1141/1141/1141 1140/1140/1140 1138/1138/1138
f 1144/1144/1144 1143/1143/1143 1142/1142/1142
f 1145/1145/1145 1144/1144/1144 1142/1142/1142
f 1148/1148/1148 1147/1147/1147 1146/1146/1146
f 1149/1149/1149 1148/1148/1148 1146/1146/1146
f 1152/1152/1152 1151/1151/1151 1150/1150/1150
f 1153/1153/1153 1152/1152/1152 1150/1150/1150
f 1156/1156/1156 1155/1155/1155 1154/1154/1154
f 1157/1157/1157 1156/1156/1156 1154/1154/1154
f 1160/1160/1160 1159/1159/1159 1158/1158/1158
f 1161/1161/1161 1160/1160/1160 1158/1158/1158
f 1164/1164/1164 1163/1163/1163 1162/1162/1162
f 1165/1165/1165 1164/1164/1164 1162/1162/1162
f 1168/1168/1168 1167/1167/1167 1166/1166/1166
f 1169/1169/1169 1168/1168/1168 1166/1166/1166
f 1172/1172/1172 1171/1171/1171 1170/1170/1170
f 1173/1173/1173 1172/1172/1172 1170/1170/1170
f 1176/1176/1176 1175/1175/1175 1174/1174/1174
f 1177/1177/1177 1176/1176/1176 1174/1174/1174
f 1180/1180/1180 1179/1179/1179 1178/1178/1178
f 1181/1181/1181 1180/1180/1180 1178/1178/1178
f 1184/1184/1184 1183/1183/1183 1182/1182/1182
f 1185/1185/1185 1184/1184/1184 1182/1182/1182
f 1188/1188/1188 1187/1187/1187 1186/1186/1186
f 1189/1189/1189 1188/1188/1188 1186/1186/1186
f 1192/1192/1192 1191/1191/1191 1190/1190/1190
f 1193/1193/1193 1192/1192/1192 1190/1190/1190
f 1196/1196/1196 1195/1195/1195 1194/1194/1194
f 1197/1197/1197 1196/1196/1196 1194/1194/1194
f 1200/1200/1200 1199/1199/1199 1198/1198/1198
f 1201/1201/1201 1200/1200/1200 1198/1198/1198
f 1204/1204/1204 1203/1203/1203 1202/1202/1202
f 1205/1205/1205 1204/1204/1204 1202/1202/1202
f 1208/1208/1208 1207/1207/1207 1206/1206/1206
f 1209/1209/1209 1208/1208/1208 1206/1206/1206
f 1212/1212/1212 1211/1211/1211 1210/1210/1210
f 1213/1213/1213 1212/1212/1212 1210/1210/1210
f 1216/1216/1216 1215/1215/1215 1214/1214/1214
f 1217/1217/1217 1216/1216/1216 1214/1214/1214
f 1220/1220/1220 1219/1219/1219 1218/1218/1218
f 1221/1221/1221 1220/1220/1220 1218/1218/1218
f 1224/1224/1224 1223/1223/1223 1222/1222/1222
f 1225/1225/1225 1224/1224/1224 1222/1222/1222
f 1228/1228/1228 1227/1227/1227 1226/1226/1226
f 1229/1229/1229 1228/1228/1228 1226/1226/1226
f 1232/1232/1232 1231/1231/1231 1230/1230/1230
f 1233/1233/1233 1232/1232/1232 1230/1230/1230
f 1236/1236/1236 1235/1235/1235 1234/1234/1234
f 1237/1237/1237 1236/1236/1236 1234/1234/1234
f 1240/1240/1240 1239/1239/1239 1238/1238/1238
f 1241/1241/1241 1240/1240/1240 1238/1238/1238
f 1244/1244/1244 1243/1243/1243 1242/1242/1242
f 1245/1245/1245 1244/1244/1244 1242/1242/1242
f 1248/1248/1248 1247/1247/1247 1246/1246/1246
f 1249/1249/1249 1248/1248/1248 1246/1246/1246
f 1252/1252/1252 1251/1251/1251 1250/1250/1250
f 1253/1253/1253 1252/1252/1252 1250/1250/1250
