g SM_Env_GroundMound_02
v -8.544312 0 7.645009
v -6.676758 0.08219127 8.012011
v -4.957251 0 10.09956
v -5.752861 0.09257632 8.469032
v -1.237228 0.0418708 10.95181
v -1.042961 0 11.65398
v 1.139343 0 11.66181
v -6.771248 0.1180418 7.144482
v -7.882233 0.1060266 5.854641
v -9.873665 0.0911622 3.579412
v -8.884651 0.128424 3.727783
v -5.177887 0.09628396 8.051987
v -11.39754 0 3.184784
v -10.23653 0.09910839 1.798332
v -7.581047 0.1264261 5.128119
v -5.888985 0.3002359 5.424454
v -10.94928 0.08508106 0.8624191
v -11.82106 0 -1.663564
v -9.371201 0.1009962 2.437731
v -9.907425 0.08144011 -4.409977
v -10.16499 0.1470768 -0.3748589
v -10.34293 0 -5.599674
v -8.678528 0.07189012 -5.292971
v -7.368553 0.1009251 -6.652359
v -7.336563 0.1725451 -5.785797
v -6.615234 0.1788799 -6.2742
v -5.95652 0.1478318 -7.076668
v -6.692719 0.02382332 -8.33144
v -5.296082 0.2046366 -7.873875
v -6.003143 0.3492951 4.539217
v -7.581047 0.1264261 5.128119
v -6.721451 0.3241698 4.22827
v -5.878502 0.4663265 3.593195
v -7.97435 0.2561831 3.934385
v -4.267975 0.6853428 3.974456
v -4.662315 0.5801882 4.600481
v -5.878502 0.4663265 3.593195
v -3.375565 0.7567113 4.642332
v -4.153931 0.6074219 5.063133
v -1.834763 1.079821 3.77055
v -1.54425 1.001663 4.979641
v -1.24086 1.120792 3.778391
v -3.057823 0.9598517 3.290421
v -4.32032 0.8632034 2.788197
v -3.057823 0.9598517 3.290421
v -1.685089 1.151529 3.321516
v -3.357986 0.4072635 6.627068
v -3.375565 0.7567113 4.642332
v -3.916374 0.2776696 7.562786
v -4.519089 0.4566525 6.137856
v -4.654282 0.2717414 7.346123
v -4.0252 0.1338919 8.33824
v -5.177887 0.09628396 8.051987
v -3.008598 0.2001357 8.077345
v -5.009026 0.3441271 6.57762
v -4.153931 0.6074219 5.063133
v -2.082863 0.1616889 9.561504
v -1.237228 0.0418708 10.95181
v -0.8431244 0.2303893 9.798819
v 0.664299 0.2333488 10.50776
v 1.139343 0 11.66181
v -0.3409042 0.4451447 8.79244
v -0.9648132 0.3960309 8.859861
v -5.177887 0.09628396 8.051987
v -5.493591 0.3269432 7.015833
v -6.273163 0.2035257 7.782648
v -5.915924 0.3299055 6.973494
v -5.493591 0.3269432 7.015833
v -5.268028 0.4493676 6.177628
v -5.009026 0.3441271 6.57762
v -4.654282 0.2717414 7.346123
v -4.0252 0.1338919 8.33824
v -3.008598 0.2001357 8.077345
v -1.65554 0.2993893 8.265018
v -1.963936 0.356451 7.434231
v -2.082863 0.1616889 9.561504
v -2.664063 0.542124 6.146441
v -3.375565 0.7567113 4.642332
v -1.403587 0.6023258 6.542894
v -1.963936 0.356451 7.434231
v -2.664063 0.542124 6.146441
v -1.54425 1.001663 4.979641
v -3.375565 0.7567113 4.642332
v -6.676758 0.08219127 8.012011
v -6.771248 0.1180418 7.144482
v -6.273163 0.2035257 7.782648
v -5.915924 0.3299055 6.973494
v -5.888985 0.3002359 5.424454
v -5.268028 0.4493676 6.177628
v -5.752861 0.09257632 8.469032
v -6.676758 0.08219127 8.012011
v -6.273163 0.2035257 7.782648
v -5.752861 0.09257632 8.469032
v -6.273163 0.2035257 7.782648
v -5.177887 0.09628396 8.051987
v 0.3688583 0.421227 8.620504
v 0.664299 0.2333488 10.50776
v -0.3409042 0.4451447 8.79244
v 1.139343 0 11.66181
v 1.174515 0.1938443 10.38894
v 2.922569 0 10.88912
v 0.3688583 0.421227 8.620504
v 1.174515 0.1938443 10.38894
v 0.9819946 0.327705 8.355879
v 2.643906 0.1023253 9.804716
v 1.973808 0.1101729 9.248135
v 4.877274 0.04498017 8.533957
v 5.46608 0 9.199818
v 8.222626 0 7.892282
v 4.74659 0.08619612 7.178793
v 1.973808 0.1101729 9.248135
v 2.643906 0.1023253 9.804716
v 1.174515 0.1938443 10.38894
v 8.162888 0.1587325 6.324221
v 9.111412 0.1048809 5.908384
v 1.63913 0.3002259 7.934191
v 3.059158 0.2068685 7.222679
v 1.973808 0.1101729 9.248135
v 5.340042 0.2261128 5.134012
v 4.081993 0.2733659 5.638021
v 6.493378 0.1706018 5.369682
v 8.162888 0.1587325 6.324221
v 8.223007 0.2967511 4.816454
v 7.512062 0.306324 4.845848
v 6.493378 0.1706018 5.369682
v 6.417969 0.3979921 3.943958
v 5.48851 0.5266917 2.88973
v 6.896881 0.4852012 2.7854
v 5.48851 0.5266917 2.88973
v 0.9819946 0.327705 8.355879
v 0.9862289 0.6391808 6.476187
v 0.3688583 0.421227 8.620504
v -0.02394104 0.7201216 7.552006
v 0.5439377 0.8130947 6.546904
v -0.02394104 0.7201216 7.552006
v 0.8613434 0.736448 5.396116
v 1.575562 0.626077 5.33584
v 1.481705 0.6677555 3.825915
v 0.5439377 0.8130947 6.546904
v -0.3297348 0.935896 5.794138
v -0.3857117 0.9006732 6.596119
v -0.3297348 0.935896 5.794138
v 0.6584015 0.6903576 2.994886
v 2.321861 0.6607605 4.314392
v -0.2303314 0.8544133 4.749052
v 0.04614992 0.7891588 3.38547
v 0.3475647 0.6779728 1.808578
v 0.6584015 0.6903576 2.994886
v 1.481705 0.6677555 3.825915
v 0.8613434 0.736448 5.396116
v 1.700104 0.6419817 2.68157
v 1.326973 0.6352367 1.750965
v 0.7710266 0.6959748 1.140846
v -0.2303314 0.8544133 4.749052
v -0.3297348 0.935896 5.794138
v 0.3475647 0.6779728 1.808578
v 0.7710266 0.6959748 1.140846
v 0.9669495 0.7945983 -0.6893883
v 1.42115 0.7903031 -0.01492691
v 1.396866 0.7690834 0.7191544
v 1.847343 0.7869421 1.308178
v 1.422791 0.7969741 -0.8802719
v 1.422791 0.7969741 -0.8802719
v 2.376984 0.9010169 -1.355663
v 1.440811 0.7030496 -2.965521
v 0.9669495 0.7945983 -0.6893883
v 0.825882 0.6573878 -3.150448
v 0.4213104 0.6908062 -2.675957
v 2.566437 0.8398376 -1.879711
v 2.376984 0.9010169 -1.355663
v 2.356964 0.7119149 -3.539221
v 3.770973 0.9209541 -2.258986
v 2.654037 0.7088906 -4.231384
v 3.428383 1.072098 -0.9635658
v 2.566437 0.8398376 -1.879711
v 2.376984 0.9010169 -1.355663
v 3.079353 1.162175 0.01810455
v 2.376984 0.9010169 -1.355663
v 2.354782 1.050855 -0.05451393
v 3.079353 1.162175 0.01810455
v 2.685799 1.139544 0.6057892
v 3.350296 1.206546 0.8805199
v 1.440811 0.7030496 -2.965521
v 1.422791 0.7969741 -0.8802719
v 4.02317 0.8792498 -3.259563
v 3.770973 0.9209541 -2.258986
v 4.02317 0.8792498 -3.259563
v 3.562019 0.8163899 -4.578152
v 2.783737 0.6988631 -6.740685
v 4.402847 0.9422097 -3.859007
v 4.498428 0.8834088 -2.703091
v 4.112625 0.9044327 -5.129086
v 3.692902 0.7603053 -6.341972
v 3.692902 0.7603053 -6.341972
v 3.34211 0.7020814 -7.378201
v 4.154182 0.7428855 -7.145807
v 4.663307 0.7707604 -5.960819
v 2.350044 0.7087113 -5.9366
v 2.654037 0.7088906 -4.231384
v 1.608521 0.7794162 -5.700842
v 1.76432 0.7714014 -3.878811
v 2.356964 0.7119149 -3.539221
v 1.479881 0.7415786 -6.594149
v 2.047745 0.6385049 -7.123562
v 1.467209 0.6234304 -7.737694
v 0.6168671 0.9313962 -5.779139
v 1.76432 0.7714014 -3.878811
v -0.6549835 1.050791 -5.489616
v -0.01728821 1.027195 -6.469868
v 2.341507 0.5029188 -8.453865
v 3.089012 0.4347074 -8.17943
v -5.009026 0.3441271 6.57762
v -5.493591 0.3269432 7.015833
v -5.268028 0.4493676 6.177628
v -1.65554 0.2993893 8.265018
v -0.9648132 0.3960309 8.859861
v -2.082863 0.1616889 9.561504
v -0.6396484 0.64084 8.210205
v -0.3409042 0.4451447 8.79244
v -0.9648132 0.3960309 8.859861
v 9.111412 0.1048809 5.908384
v 10.57877 0 4.529783
v 8.222626 0 7.892282
v -5.888985 0.3002359 5.424454
v -4.894699 0.3811052 5.180439
v -5.268028 0.4493676 6.177628
v -5.009026 0.3441271 6.57762
v -5.268028 0.4493676 6.177628
v -4.519089 0.4566525 6.137856
v -5.268028 0.4493676 6.177628
v -4.894699 0.3811052 5.180439
v -4.519089 0.4566525 6.137856
v -0.9648132 0.3960309 8.859861
v -1.65554 0.2993893 8.265018
v -0.9331055 0.6371732 7.45631
v -1.963936 0.356451 7.434231
v -1.403587 0.6023258 6.542894
v -0.9455719 0.8933464 6.036196
v -0.3857117 0.9006732 6.596119
v -0.3857117 0.9006732 6.596119
v -0.6396484 0.64084 8.210205
v -0.6396484 0.64084 8.210205
v -0.9648132 0.3960309 8.859861
v -0.9331055 0.6371732 7.45631
v -1.403587 0.6023258 6.542894
v -0.9455719 0.8933464 6.036196
v -0.3409042 0.4451447 8.79244
v -0.6396484 0.64084 8.210205
v -0.02394104 0.7201216 7.552006
v 0.3688583 0.421227 8.620504
v -0.02394104 0.7201216 7.552006
v -0.3857117 0.9006732 6.596119
v -0.6396484 0.64084 8.210205
v 0.5439377 0.8130947 6.546904
v 0.5439377 0.8130947 6.546904
v 0.9862289 0.6391808 6.476187
v 0.9819946 0.327705 8.355879
v -4.662315 0.5801882 4.600481
v -4.894699 0.3811052 5.180439
v -6.003143 0.3492951 4.539217
v -4.153931 0.6074219 5.063133
v -6.003143 0.3492951 4.539217
v -4.894699 0.3811052 5.180439
v -4.153931 0.6074219 5.063133
v -4.519089 0.4566525 6.137856
v -4.894699 0.3811052 5.180439
v -1.403587 0.6023258 6.542894
v -1.54425 1.001663 4.979641
v -0.9455719 0.8933464 6.036196
v -1.164436 1.069084 5.124493
v -1.164436 1.069084 5.124493
v -0.7691345 1.029786 5.033375
v -0.9455719 0.8933464 6.036196
v -0.3857117 0.9006732 6.596119
v -0.9455719 0.8933464 6.036196
v -0.3297348 0.935896 5.794138
v -0.9455719 0.8933464 6.036196
v -0.7691345 1.029786 5.033375
v -0.3297348 0.935896 5.794138
v -0.2303314 0.8544133 4.749052
v -0.3297348 0.935896 5.794138
v -0.7691345 1.029786 5.033375
v -0.7682953 1.018832 4.146625
v 0.04614992 0.7891588 3.38547
v 0.3475647 0.6779728 1.808578
v -0.9102631 1.025904 2.805569
v -1.24086 1.120792 3.778391
v -1.164436 1.069084 5.124493
v 4.081993 0.2733659 5.638021
v 1.63913 0.3002259 7.934191
v 3.551376 0.7432827 3.67457
v 4.172325 0.4541748 4.584263
v 4.79924 0.4764426 3.818993
v 5.48851 0.5266917 2.88973
v 5.04985 0.7817362 1.859608
v 6.415192 0.6513508 1.241632
v 3.765678 1.085546 1.565317
v 6.415192 0.6513508 1.241632
v 7.60405 0.4350652 1.843811
v 7.223404 0.603735 0.3296471
v 5.04985 0.7817362 1.859608
v 8.389198 0.338971 0.9135132
v 8.820084 0.21816 1.541294
v 6.896881 0.4852012 2.7854
v 9.316472 0.1820012 0.7098247
v 8.376167 0.4428995 0.04610062
v 8.296417 0.4726514 -0.8101406
v 4.895439 0.9734277 0.8849297
v 9.907211 0.1400366 -0.5111191
v 8.376167 0.4428995 0.04610062
v 10.35569 0.1290337 -1.838409
v 8.032021 0.549394 -1.45068
v 4.9758 0.9948325 -1.01379
v 3.350296 1.206546 0.8805199
v 3.765678 1.085546 1.565317
v 8.836395 0.3650536 -1.751423
v 7.717949 0.6398971 -1.819395
v 9.219551 0.2913786 -2.603733
v 7.747078 0.5976404 -2.654778
v 4.895439 0.9734277 0.8849297
v 7.223404 0.603735 0.3296471
v 10.51282 0.08715118 0.457056
v 9.907211 0.1400366 -0.5111191
v 9.816193 0.1354495 1.242224
v 10.12826 0.02330134 4.168132
v 8.958138 0.1662753 2.764456
v 8.223007 0.2967511 4.816454
v 8.031216 0.3223106 2.997147
v 6.896881 0.4852012 2.7854
v 10.57877 0 4.529783
v 9.111412 0.1048809 5.908384
v 9.316472 0.1820012 0.7098247
v 11.36324 0 0.5546092
v 11.39752 0 -3.091881
v 9.402069 0.09717853 -5.052633
v 8.645012 0 -7.569107
v 10.17369 0 -5.723796
v 6.543861 0.08573968 -7.518543
v 7.115623 0.13268 -5.7027
v 9.035973 0.2542534 -3.541521
v 6.664704 0.07062989 -8.513556
v 7.707748 0 -8.649048
v 4.504421 0 -10.94886
v 9.402069 0.09717853 -5.052633
v 7.33432 0.42808 -3.577198
v 8.218719 0.439202 -2.947735
v 6.708824 0.620278 -3.108259
v 7.747078 0.5976404 -2.654778
v 7.747078 0.5976404 -2.654778
v 9.219551 0.2913786 -2.603733
v 10.35569 0.1290337 -1.838409
v 9.035973 0.2542534 -3.541521
v 8.218719 0.439202 -2.947735
v 7.122925 0.3355156 -4.44437
v 9.035973 0.2542534 -3.541521
v 7.115623 0.13268 -5.7027
v 5.080856 0.1250943 -9.480877
v 6.664704 0.07062989 -8.513556
v 5.341568 0.3073643 -8.245594
v 4.659409 0.3792883 -8.350378
v 4.097099 0.2583789 -9.111189
v 3.34211 0.7020814 -7.378201
v 2.147354 0.08674306 -10.5381
v 4.659409 0.3792883 -8.350378
v 4.154182 0.7428855 -7.145807
v 4.955139 0.6555555 -7.274498
v 5.341568 0.3073643 -8.245594
v 1.034828 0.2665234 -9.43412
v -0.959671 0.1387717 -9.821447
v -0.5962372 0.2660604 -9.404631
v -3.796936 0.2105234 -8.104622
v -4.205284 0.09805436 -8.841282
v -3.836105 0.1768442 -8.525314
v -4.847717 0.2099272 -8.105799
v -5.547974 0.06170825 -8.611403
v -5.296082 0.2046366 -7.873875
v -6.692719 0.02382332 -8.33144
v 3.551376 0.7432827 3.67457
v 1.63913 0.3002259 7.934191
v 2.321861 0.6607605 4.314392
v 3.08918 0.7453632 3.683422
v 2.313049 0.7696394 3.046768
v 1.481705 0.6677555 3.825915
v 1.481705 0.6677555 3.825915
v 1.575562 0.626077 5.33584
v 3.21994 0.9392838 2.715813
v 3.551376 0.7432827 3.67457
v 3.765678 1.085546 1.565317
v 3.378418 1.094823 1.570431
v 3.350296 1.206546 0.8805199
v 3.010567 1.099804 1.5375
v -8.884651 0.128424 3.727783
v -7.581047 0.1264261 5.128119
v -7.592422 0.5270044 2.749718
v -7.481506 0.453553 3.519894
v -7.481506 0.453553 3.519894
v -6.721451 0.3241698 4.22827
v -7.97435 0.2561831 3.934385
v -8.884651 0.128424 3.727783
v -7.481506 0.453553 3.519894
v -5.878502 0.4663265 3.593195
v -6.721451 0.3241698 4.22827
v -6.168358 0.5802335 2.744633
v -5.871269 0.6665705 1.985477
v -7.481506 0.453553 3.519894
v -7.592422 0.5270044 2.749718
v -5.005089 0.7558093 2.451071
v -1.24086 1.120792 3.778391
v -1.164436 1.069084 5.124493
v -1.164436 1.069084 5.124493
v -0.7682953 1.018832 4.146625
v -0.7691345 1.029786 5.033375
v 1.63913 0.3002259 7.934191
v 0.9862289 0.6391808 6.476187
v 1.575562 0.626077 5.33584
v 0.5439377 0.8130947 6.546904
v 0.8613434 0.736448 5.396116
v 0.9862289 0.6391808 6.476187
v -2.657883 1.186193 2.414803
v -4.32032 0.8632034 2.788197
v -2.105423 1.222074 2.963835
v -1.834763 1.079821 3.77055
v -2.153053 1.318255 1.991678
v -3.45195 1.032677 2.210871
v -3.503616 1.156257 1.576614
v -4.071533 0.9550802 1.867348
v -2.105423 1.222074 2.963835
v -1.685089 1.151529 3.321516
v -1.834763 1.079821 3.77055
v -1.518906 1.325949 1.63398
v -2.153053 1.318255 1.991678
v -1.24086 1.120792 3.778391
v -1.685089 1.151529 3.321516
v -0.9102631 1.025904 2.805569
v -0.9102631 1.025904 2.805569
v -1.685089 1.151529 3.321516
v -1.518906 1.325949 1.63398
v -0.4920956 1.065912 1.769736
v -1.283745 1.314576 1.054588
v -0.926857 1.221481 0.9759216
v -1.18222 1.289758 0.08043861
v 0.1808319 0.8461069 0.8896942
v -0.4920956 1.065912 1.769736
v -0.2488708 1.073176 0.02981186
v -0.926857 1.221481 0.9759216
v 0.367218 0.9460676 -0.3447304
v 0.7710266 0.6959748 1.140846
v 0.1808319 0.8461069 0.8896942
v 0.3475647 0.6779728 1.808578
v -0.2488708 1.073176 0.02981186
v 0.1808319 0.8461069 0.8896942
v 0.3475647 0.6779728 1.808578
v -0.4920956 1.065912 1.769736
v 0.9669495 0.7945983 -0.6893883
v 0.7710266 0.6959748 1.140846
v 0.367218 0.9460676 -0.3447304
v -1.284775 1.302413 -1.135231
v -1.18222 1.289758 0.08043861
v -1.600174 1.339937 -0.2993736
v -1.283745 1.314576 1.054588
v 0.3878326 0.867368 -1.144661
v -1.284775 1.302413 -1.135231
v 0.9669495 0.7945983 -0.6893883
v -1.069199 1.065076 -2.706993
v 0.4213104 0.6908062 -2.675957
v 1.326973 0.6352367 1.750965
v 1.842613 0.7032515 2.22224
v 1.700104 0.6419817 2.68157
v 2.313049 0.7696394 3.046768
v 1.847343 0.7869421 1.308178
v 2.637199 0.9005032 2.129789
v 3.21994 0.9392838 2.715813
v 1.396866 0.7690834 0.7191544
v 3.378418 1.094823 1.570431
v 3.010567 1.099804 1.5375
v 2.685799 1.139544 0.6057892
v 1.42115 0.7903031 -0.01492691
v 3.21994 0.9392838 2.715813
v 3.08918 0.7453632 3.683422
v 2.313049 0.7696394 3.046768
v 1.481705 0.6677555 3.825915
v 1.700104 0.6419817 2.68157
v 2.313049 0.7696394 3.046768
v 6.896881 0.4852012 2.7854
v 5.48851 0.5266917 2.88973
v 7.60405 0.4350652 1.843811
v -7.592422 0.5270044 2.749718
v -8.884651 0.128424 3.727783
v -8.456146 0.2406108 2.445011
v -7.810959 0.4842576 1.796175
v -8.884651 0.128424 3.727783
v -9.371201 0.1009962 2.437731
v -8.456146 0.2406108 2.445011
v -9.089638 0.1907881 1.842396
v -8.456146 0.2406108 2.445011
v -7.810959 0.4842576 1.796175
v -8.352455 0.5017412 0.6512051
v -9.089638 0.1907881 1.842396
v -9.668335 0.2101002 1.242407
v -9.371201 0.1009962 2.437731
v -5.287727 0.8414113 0.7430267
v -5.005089 0.7558093 2.451071
v -5.871269 0.6665705 1.985477
v -6.168358 0.5802335 2.744633
v -4.577736 0.8735411 1.077553
v -7.138 0.5732264 1.258726
v -7.592422 0.5270044 2.749718
v -7.810959 0.4842576 1.796175
v -4.14537 1.00078 0.05864716
v -8.352455 0.5017412 0.6512051
v -8.188683 0.5126662 -1.013741
v -9.171852 0.3906342 0.09020233
v -8.89653 0.4724113 -2.34161
v -6.054405 0.5723473 -0.8044415
v -8.07399 0.5539638 -2.03487
v -8.044952 0.5581195 -3.394995
v -6.573486 0.7417637 -2.643154
v -4.071533 0.9550802 1.867348
v -4.32032 0.8632034 2.788197
v -3.45195 1.032677 2.210871
v -2.657883 1.186193 2.414803
v -4.577736 0.8735411 1.077553
v -4.09697 0.9813176 1.085571
v -4.14537 1.00078 0.05864716
v -4.111839 1.068812 -0.61866
v -3.669876 1.153849 -0.4788017
v -3.800018 1.137389 -0.9912453
v -4.375504 1.010708 -1.624886
v -5.078224 0.8617818 -1.920567
v -4.471329 1.013852 -2.461388
v 0.3475647 0.6779728 1.808578
v -0.9102631 1.025904 2.805569
v -0.4920956 1.065912 1.769736
v -9.171852 0.3906342 0.09020233
v -8.352455 0.5017412 0.6512051
v -9.668335 0.2101002 1.242407
v -10.16499 0.1470768 -0.3748589
v -8.89653 0.4724113 -2.34161
v -9.381523 0.2726322 -3.375872
v -9.5383 0.1941459 -4.085825
v -9.907425 0.08144011 -4.409977
v -10.23653 0.09910839 1.798332
v -10.16499 0.1470768 -0.3748589
v -6.190414 0.634594 0.4003677
v -5.287727 0.8414113 0.7430267
v -7.138 0.5732264 1.258726
v -6.054405 0.5723473 -0.8044415
v -5.201164 0.7204425 -0.8710709
v -4.14537 1.00078 0.05864716
v -7.138 0.5732264 1.258726
v -5.312775 0.684484 -1.175617
v -4.071533 0.9550802 1.867348
v -4.09697 0.9813176 1.085571
v -3.503616 1.156257 1.576614
v -3.248222 1.333714 0.9098969
v -4.14537 1.00078 0.05864716
v -3.244293 1.330264 0.005245209
v -3.248222 1.333714 0.9098969
v -3.669876 1.153849 -0.4788017
v -5.201164 0.7204425 -0.8710709
v -4.111839 1.068812 -0.61866
v -4.375504 1.010708 -1.624886
v -5.312775 0.684484 -1.175617
v -2.153053 1.318255 1.991678
v -2.657883 1.186193 2.414803
v -2.198769 1.27109 1.469328
v -3.503616 1.156257 1.576614
v -2.198769 1.27109 1.469328
v -2.657883 1.186193 2.414803
v -3.248222 1.333714 0.9098969
v -2.198769 1.27109 1.469328
v -3.503616 1.156257 1.576614
v -2.153053 1.318255 1.991678
v -2.198769 1.27109 1.469328
v -1.518906 1.325949 1.63398
v -2.198769 1.27109 1.469328
v -1.283745 1.314576 1.054588
v 1.326973 0.6352367 1.750965
v 0.7710266 0.6959748 1.140846
v 1.396866 0.7690834 0.7191544
v 2.637199 0.9005032 2.129789
v 3.010567 1.099804 1.5375
v 3.378418 1.094823 1.570431
v -3.248222 1.333714 0.9098969
v -2.758957 1.351901 0.4928322
v -2.198769 1.27109 1.469328
v -3.244293 1.330264 0.005245209
v -1.283745 1.314576 1.054588
v -2.286728 1.345791 -0.03889847
v -2.758957 1.351901 0.4928322
v -2.550079 1.260857 -1.032509
v -1.600174 1.339937 -0.2993736
v -2.286728 1.345791 -0.03889847
v -1.750938 1.292814 -1.563816
v -1.284775 1.302413 -1.135231
v -1.750938 1.292814 -1.563816
v -2.274216 1.174897 -2.304365
v -2.550079 1.260857 -1.032509
v -1.58622 1.118748 -3.131432
v -3.144302 1.098276 -1.764248
v -3.999802 0.9664857 -2.024334
v -2.550079 1.260857 -1.032509
v -3.669876 1.153849 -0.4788017
v -2.648148 1.053441 -3.668423
v -3.800018 1.137389 -0.9912453
v -3.999802 0.9664857 -2.024334
v -3.999802 0.9664857 -2.024334
v -4.375504 1.010708 -1.624886
v -2.274216 1.174897 -2.304365
v -2.648148 1.053441 -3.668423
v -1.335701 1.066822 -4.331896
v -2.648148 1.053441 -3.668423
v -3.83934 1.00685 -3.1789
v -3.999802 0.9664857 -2.024334
v -3.997643 1.035562 -3.884201
v -3.134895 1.026571 -4.784039
v -1.276543 1.08257 -5.763973
v -1.335701 1.066822 -4.331896
v -2.204849 1.049633 -5.579144
v -3.999802 0.9664857 -2.024334
v -4.471329 1.013852 -2.461388
v -4.375504 1.010708 -1.624886
v -4.831551 1.081859 -3.974358
v -3.962868 1.000284 -5.273144
v -5.159912 1.001058 -4.529724
v -5.247414 1.162469 -3.494957
v -3.997643 1.035562 -3.884201
v -5.159912 1.001058 -4.529724
v -4.536835 0.97562 -5.680109
v -3.939461 0.9017158 -6.195417
v -3.134895 1.026571 -4.784039
v -3.090759 0.893254 -5.908014
v -3.962868 1.000284 -5.273144
v -3.511864 0.7850833 -6.427097
v 2.354782 1.050855 -0.05451393
v 2.685799 1.139544 0.6057892
v 1.42115 0.7903031 -0.01492691
v 3.350296 1.206546 0.8805199
v 3.010567 1.099804 1.5375
v 2.685799 1.139544 0.6057892
v -3.144302 1.098276 -1.764248
v -3.669876 1.153849 -0.4788017
v -3.800018 1.137389 -0.9912453
v -3.669876 1.153849 -0.4788017
v -2.550079 1.260857 -1.032509
v -3.244293 1.330264 0.005245209
v 2.354782 1.050855 -0.05451393
v 1.42115 0.7903031 -0.01492691
v 2.376984 0.9010169 -1.355663
v 3.350296 1.206546 0.8805199
v 3.079353 1.162175 0.01810455
v 3.470367 1.150729 0.170023
v 3.428383 1.072098 -0.9635658
v 4.9758 0.9948325 -1.01379
v 4.661079 0.938727 -1.799673
v 3.770973 0.9209541 -2.258986
v 4.498428 0.8834088 -2.703091
v 5.79808 0.8320483 -1.484886
v 8.032021 0.549394 -1.45068
v 5.102173 0.8762083 -3.180367
v 4.02317 0.8792498 -3.259563
v 6.708824 0.620278 -3.108259
v 4.661079 0.938727 -1.799673
v 7.747078 0.5976404 -2.654778
v 7.717949 0.6398971 -1.819395
v 4.661079 0.938727 -1.799673
v 5.102173 0.8762083 -3.180367
v -5.078224 0.8617818 -1.920567
v -4.375504 1.010708 -1.624886
v -5.312775 0.684484 -1.175617
v -1.284775 1.302413 -1.135231
v -1.750938 1.292814 -1.563816
v -1.069199 1.065076 -2.706993
v -1.58622 1.118748 -3.131432
v -1.069199 1.065076 -2.706993
v -0.671463 0.9612315 -3.944592
v -1.335701 1.066822 -4.331896
v -0.05172729 0.9072286 -5.05323
v 0.4923706 0.7390888 -4.188194
v -0.671463 0.9612315 -3.944592
v 0.4213104 0.6908062 -2.675957
v -1.069199 1.065076 -2.706993
v 0.825882 0.6573878 -3.150448
v -0.6549835 1.050791 -5.489616
v -0.05172729 0.9072286 -5.05323
v 0.6168671 0.9313962 -5.779139
v 7.717949 0.6398971 -1.819395
v 8.032021 0.549394 -1.45068
v 5.79808 0.8320483 -1.484886
v -6.054405 0.5723473 -0.8044415
v -8.07399 0.5539638 -2.03487
v -5.312775 0.684484 -1.175617
v -6.573486 0.7417637 -2.643154
v -5.078224 0.8617818 -1.920567
v -6.573486 0.7417637 -2.643154
v -8.044952 0.5581195 -3.394995
v -6.247551 0.9199296 -3.467817
v -5.306129 1.082674 -2.802319
v -6.573486 0.7417637 -2.643154
v -5.078224 0.8617818 -1.920567
v -5.306129 1.082674 -2.802319
v -4.471329 1.013852 -2.461388
v -4.866722 1.14104 -2.886814
v -4.471329 1.013852 -2.461388
v -5.306129 1.082674 -2.802319
v -4.866722 1.14104 -2.886814
v -3.83934 1.00685 -3.1789
v -4.471329 1.013852 -2.461388
v 0.4923706 0.7390888 -4.188194
v 1.440811 0.7030496 -2.965521
v 0.825882 0.6573878 -3.150448
v 1.440811 0.7030496 -2.965521
v 1.76432 0.7714014 -3.878811
v 2.566437 0.8398376 -1.879711
v 1.76432 0.7714014 -3.878811
v 0.6168671 0.9313962 -5.779139
v -0.05172729 0.9072286 -5.05323
v -8.678528 0.07189012 -5.292971
v -9.5383 0.1941459 -4.085825
v -9.907425 0.08144011 -4.409977
v -8.533592 0.218903 -4.61038
v -7.436005 0.2899747 -5.343529
v -4.843689 0.8513355 -6.085955
v -5.611557 0.7918922 -5.153568
v -5.159912 1.001058 -4.529724
v -5.159912 1.001058 -4.529724
v -4.536835 0.97562 -5.680109
v -8.183662 0.421192 -4.357178
v -8.89653 0.4724113 -2.34161
v -9.381523 0.2726322 -3.375872
v -8.044952 0.5581195 -3.394995
v -7.015236 0.7399137 -4.477501
v -5.92408 0.9920149 -4.003698
v -8.044952 0.5581195 -3.394995
v -6.247551 0.9199296 -3.467817
v -8.183662 0.421192 -4.357178
v -9.381523 0.2726322 -3.375872
v -8.533592 0.218903 -4.61038
v -7.436005 0.2899747 -5.343529
v -7.015236 0.7399137 -4.477501
v -5.611557 0.7918922 -5.153568
v -6.615234 0.1788799 -6.2742
v -4.843689 0.8513355 -6.085955
v -5.437157 0.4999912 -6.527397
v -5.95652 0.1478318 -7.076668
v -5.296082 0.2046366 -7.873875
v -4.847031 0.5159109 -7.100914
v -4.909401 0.3826913 -7.668123
v -7.336563 0.1725451 -5.785797
v -6.615234 0.1788799 -6.2742
v -8.678528 0.07189012 -5.292971
v -7.436005 0.2899747 -5.343529
v -4.847031 0.5159109 -7.100914
v -5.437157 0.4999912 -6.527397
v -9.381523 0.2726322 -3.375872
v -9.5383 0.1941459 -4.085825
v -8.533592 0.218903 -4.61038
v -5.078224 0.8617818 -1.920567
v -6.573486 0.7417637 -2.643154
v -5.306129 1.082674 -2.802319
v -5.636696 1.105924 -3.409138
v -5.306129 1.082674 -2.802319
v -6.247551 0.9199296 -3.467817
v -5.636696 1.105924 -3.409138
v -5.247414 1.162469 -3.494957
v -5.306129 1.082674 -2.802319
v -4.866722 1.14104 -2.886814
v -4.866722 1.14104 -2.886814
v -5.247414 1.162469 -3.494957
v -3.83934 1.00685 -3.1789
v -3.997643 1.035562 -3.884201
v -3.134895 1.026571 -4.784039
v -4.831551 1.081859 -3.974358
v -1.335701 1.066822 -4.331896
v -1.276543 1.08257 -5.763973
v -0.6549835 1.050791 -5.489616
v -1.276543 1.08257 -5.763973
v -0.375206 0.9522297 -6.977718
v 0.4923706 0.7390888 -4.188194
v -0.05172729 0.9072286 -5.05323
v 1.76432 0.7714014 -3.878811
v 2.356964 0.7119149 -3.539221
v 2.566437 0.8398376 -1.879711
v 1.76432 0.7714014 -3.878811
v 5.671883 0.8615159 -3.52849
v 6.708824 0.620278 -3.108259
v 5.102173 0.8762083 -3.180367
v 4.498428 0.8834088 -2.703091
v 4.402847 0.9422097 -3.859007
v 5.102173 0.8762083 -3.180367
v 5.671883 0.8615159 -3.52849
v 4.112625 0.9044327 -5.129086
v 5.671883 0.8615159 -3.52849
v 7.33432 0.42808 -3.577198
v 6.708824 0.620278 -3.108259
v 5.402977 0.7174687 -4.827564
v 5.671883 0.8615159 -3.52849
v 4.112625 0.9044327 -5.129086
v 5.402977 0.7174687 -4.827564
v 4.663307 0.7707604 -5.960819
v 4.955139 0.6555555 -7.274498
v 4.154182 0.7428855 -7.145807
v 7.33432 0.42808 -3.577198
v 7.122925 0.3355156 -4.44437
v 6.308909 0.3966156 -5.701426
v 7.115623 0.13268 -5.7027
v 6.042938 0.1629325 -7.297653
v 6.042938 0.1629325 -7.297653
v 6.308909 0.3966156 -5.701426
v -5.636696 1.105924 -3.409138
v -6.247551 0.9199296 -3.467817
v -5.92408 0.9920149 -4.003698
v -5.611557 0.7918922 -5.153568
v -5.92408 0.9920149 -4.003698
v -7.015236 0.7399137 -4.477501
v -5.159912 1.001058 -4.529724
v -5.247414 1.162469 -3.494957
v -5.636696 1.105924 -3.409138
v -5.92408 0.9920149 -4.003698
v -0.01728821 1.027195 -6.469868
v -0.6549835 1.050791 -5.489616
v -0.375206 0.9522297 -6.977718
v -1.276543 1.08257 -5.763973
v -2.162491 0.9456176 -6.470743
v -2.204849 1.049633 -5.579144
v -3.134895 1.026571 -4.784039
v -3.090759 0.893254 -5.908014
v -3.506012 0.6026225 -7.131531
v -0.375206 0.9522297 -6.977718
v -1.327995 0.6957535 -7.950153
v -2.162491 0.9456176 -6.470743
v 0.1210175 0.8537967 -7.852308
v -0.2532806 0.7912946 -8.186455
v -1.327995 0.6957535 -7.950153
v -0.375206 0.9522297 -6.977718
v 0.6183319 1.135267 -6.81255
v -0.01728821 1.027195 -6.469868
v -0.375206 0.9522297 -6.977718
v 0.1352692 0.99684 -7.352562
v 0.6168671 0.9313962 -5.779139
v -0.01728821 1.027195 -6.469868
v 0.6183319 1.135267 -6.81255
v 0.6183319 1.135267 -6.81255
v 0.9166565 1.000274 -6.693928
v 0.6168671 0.9313962 -5.779139
v 0.6168671 0.9313962 -5.779139
v 0.9166565 1.000274 -6.693928
v 1.608521 0.7794162 -5.700842
v 1.479881 0.7415786 -6.594149
v 1.608521 0.7794162 -5.700842
v 0.9166565 1.000274 -6.693928
v 1.467209 0.6234304 -7.737694
v 0.6183319 1.135267 -6.81255
v -4.843689 0.8513355 -6.085955
v -3.939461 0.9017158 -6.195417
v -4.536835 0.97562 -5.680109
v -4.847031 0.5159109 -7.100914
v -3.939461 0.9017158 -6.195417
v -3.88681 0.4888903 -7.219156
v -3.796936 0.2105234 -8.104622
v -4.847031 0.5159109 -7.100914
v -4.909401 0.3826913 -7.668123
v -3.939461 0.9017158 -6.195417
v -3.511864 0.7850833 -6.427097
v -3.962868 1.000284 -5.273144
v -2.162491 0.9456176 -6.470743
v -2.204849 1.049633 -5.579144
v -3.506012 0.6026225 -7.131531
v -1.327995 0.6957535 -7.950153
v -3.506012 0.6026225 -7.131531
v -2.32972 0.4970098 -8.077652
v -3.88681 0.4888903 -7.219156
v -3.939461 0.9017158 -6.195417
v -3.796936 0.2105234 -8.104622
v -1.233887 0.4580969 -8.625282
v -0.3562775 0.6451061 -8.578959
v -0.2532806 0.7912946 -8.186455
v -0.5962372 0.2660604 -9.404631
v 0.5968933 0.9282115 -7.68819
v 0.6183319 1.135267 -6.81255
v 0.1352692 0.99684 -7.352562
v 0.1210175 0.8537967 -7.852308
v -0.375206 0.9522297 -6.977718
v 0.1210175 0.8537967 -7.852308
v 0.1352692 0.99684 -7.352562
v 0.5968933 0.9282115 -7.68819
v 1.467209 0.6234304 -7.737694
v 0.6183319 1.135267 -6.81255
v 1.444824 0.3674598 -8.690151
v 2.047745 0.6385049 -7.123562
v 1.467209 0.6234304 -7.737694
v 0.5718231 0.7046032 -8.147295
v 2.350044 0.7087113 -5.9366
v 2.047745 0.6385049 -7.123562
v 3.34211 0.7020814 -7.378201
v 2.783737 0.6988631 -6.740685
v 3.089012 0.4347074 -8.17943
v 2.047745 0.6385049 -7.123562
v 3.089012 0.4347074 -8.17943
v 2.783737 0.6988631 -6.740685
v 4.663307 0.7707604 -5.960819
v 4.112625 0.9044327 -5.129086
v 3.692902 0.7603053 -6.341972
v -3.511864 0.7850833 -6.427097
v -3.939461 0.9017158 -6.195417
v -3.506012 0.6026225 -7.131531
v -3.090759 0.893254 -5.908014
v 0.5968933 0.9282115 -7.68819
v 0.1210175 0.8537967 -7.852308
v 0.5718231 0.7046032 -8.147295
v -0.2532806 0.7912946 -8.186455
v 0.5718231 0.7046032 -8.147295
v 0.1210175 0.8537967 -7.852308
v -0.3562775 0.6451061 -8.578959
v 1.444824 0.3674598 -8.690151
v 0.5968933 0.9282115 -7.68819
v 0.5718231 0.7046032 -8.147295
v 1.467209 0.6234304 -7.737694
v 5.402977 0.7174687 -4.827564
v 4.955139 0.6555555 -7.274498
v 6.042938 0.1629325 -7.297653
v 5.400177 0.4181069 -7.634445
v 6.042938 0.1629325 -7.297653
v 6.543861 0.08573968 -7.518543
v 7.115623 0.13268 -5.7027
v 6.042938 0.1629325 -7.297653
v 5.899254 0.1901399 -7.902414
v 5.341568 0.3073643 -8.245594
v 6.664704 0.07062989 -8.513556
v -0.3562775 0.6451061 -8.578959
v -0.5962372 0.2660604 -9.404631
v 1.034828 0.2665234 -9.43412
v 1.444824 0.3674598 -8.690151
v -0.3562775 0.6451061 -8.578959
v 1.034828 0.2665234 -9.43412
v 2.246216 0.1393702 -9.444283
v 2.047745 0.6385049 -7.123562
v 1.444824 0.3674598 -8.690151
v 2.341507 0.5029188 -8.453865
v 3.020035 0.1639625 -9.092709
v 3.089012 0.4347074 -8.17943
v 2.341507 0.5029188 -8.453865
v 2.246216 0.1393702 -9.444283
v 1.444824 0.3674598 -8.690151
v 2.246216 0.1393702 -9.444283
v 2.341507 0.5029188 -8.453865
v 3.34211 0.7020814 -7.378201
v 3.089012 0.4347074 -8.17943
v 4.097099 0.2583789 -9.111189
v 3.020035 0.1639625 -9.092709
v 4.955139 0.6555555 -7.274498
v 5.341568 0.3073643 -8.245594
v 5.400177 0.4181069 -7.634445
v 5.080856 0.1250943 -9.480877
v 5.899254 0.1901399 -7.902414
v 6.042938 0.1629325 -7.297653
v 5.400177 0.4181069 -7.634445
v 5.341568 0.3073643 -8.245594
v -8.65641 0 -8.135628
v -6.692719 0.02382332 -8.33144
v -5.605385 0 -10.18122
v -5.547974 0.06170825 -8.611403
v -1.258911 0 -11.66182
v -4.205284 0.09805436 -8.841282
v -1.4263 0.02817165 -11.03604
v -0.959671 0.1387717 -9.821447
v 2.147354 0.08674306 -10.5381
v 5.080856 0.1250943 -9.480877
v -3.796936 0.2105234 -8.104622
v -3.836105 0.1768442 -8.525314
v 3.020035 0.1639625 -9.092709
v 2.246216 0.1393702 -9.444283
v 4.097099 0.2583789 -9.111189
v 2.147354 0.08674306 -10.5381
v -4.909401 0.3826913 -7.668123
v -5.296082 0.2046366 -7.873875
v -4.847717 0.2099272 -8.105799
v -3.836105 0.1768442 -8.525314
v -3.796936 0.2105234 -8.104622
v -4.909401 0.3826913 -7.668123
v -3.836105 0.1768442 -8.525314
v -0.5962372 0.2660604 -9.404631
v -0.959671 0.1387717 -9.821447
v 1.034828 0.2665234 -9.43412
v 2.147354 0.08674306 -10.5381
v 2.246216 0.1393702 -9.444283
v 1.034828 0.2665234 -9.43412
v 5.899254 0.1901399 -7.902414
vt 0.9663086 0.5048828
vt 0.9663086 0.5048828
vt 0.9663086 0.5048828
vt 0.9663086 0.5048828
vt 0.9663086 0.5048828
vt 0.9663086 0.5048828
vt 0.9663086 0.5048828
vt 0.9663086 0.5048828
vt 0.9663086 0.5048828
vt 0.9663086 0.5048828
vt 0.9663086 0.5048828
vt 0.9663086 0.5048828
vt 0.9663086 0.5048828
vt 0.9663086 0.5048828
vt 0.9663086 0.5048828
vt 0.9663086 0.5048828
vt 0.9663086 0.5048828
vt 0.9663086 0.5048828
vt 0.9663086 0.5048828
vt 0.9663086 0.5048828
vt 0.9663086 0.5048828
vt 0.9663086 0.5048828
vt 0.9663086 0.5048828
vt 0.9663086 0.5048828
vt 0.9663086 0.5048828
vt 0.9663086 0.5048828
vt 0.9663086 0.5048828
vt 0.9663086 0.5048828
vt 0.9663086 0.5048828
vt 0.9663086 0.5048828
vt 0.9663086 0.5048828
vt 0.9663086 0.5048828
vt 0.9663086 0.5048828
vt 0.9663086 0.5048828
vt 0.9663086 0.5048828
vt 0.9663086 0.5048828
vt 0.9663086 0.5048828
vt 0.9663086 0.5048828
vt 0.9663086 0.5048828
vt 0.9663086 0.5048828
vt 0.9663086 0.5048828
vt 0.9663086 0.5048828
vt 0.9663086 0.5048828
vt 0.9663086 0.5048828
vt 0.9663086 0.5048828
vt 0.9663086 0.5048828
vt 0.9663086 0.5048828
vt 0.9663086 0.5048828
vt 0.9663086 0.5048828
vt 0.9663086 0.5048828
vt 0.9663086 0.5048828
vt 0.9663086 0.5048828
vt 0.9663086 0.5048828
vt 0.9663086 0.5048828
vt 0.9663086 0.5048828
vt 0.9663086 0.5048828
vt 0.9663086 0.5048828
vt 0.9663086 0.5048828
vt 0.9663086 0.5048828
vt 0.9663086 0.5048828
vt 0.9663086 0.5048828
vt 0.9663086 0.5048828
vt 0.9663086 0.5048828
vt 0.9663086 0.5048828
vt 0.9663086 0.5048828
vt 0.9663086 0.5048828
vt 0.9663086 0.5048828
vt 0.9663086 0.5048828
vt 0.9663086 0.5048828
vt 0.9663086 0.5048828
vt 0.9663086 0.5048828
vt 0.9663086 0.5048828
vt 0.9663086 0.5048828
vt 0.9663086 0.5048828
vt 0.9663086 0.5048828
vt 0.9663086 0.5048828
vt 0.9663086 0.5048828
vt 0.9663086 0.5048828
vt 0.9663086 0.5048828
vt 0.9663086 0.5048828
vt 0.9663086 0.5048828
vt 0.9663086 0.5048828
vt 0.9663086 0.5048828
vt 0.9663086 0.5048828
vt 0.9663086 0.5048828
vt 0.9663086 0.5048828
vt 0.9663086 0.5048828
vt 0.9663086 0.5048828
vt 0.9663086 0.5048828
vt 0.9663086 0.5048828
vt 0.9663086 0.5048828
vt 0.9663086 0.5048828
vt 0.9663086 0.5048828
vt 0.9663086 0.5048828
vt 0.9663086 0.5048828
vt 0.9663086 0.5048828
vt 0.9663086 0.5048828
vt 0.9663086 0.5048828
vt 0.9663086 0.5048828
vt 0.9663086 0.5048828
vt 0.9663086 0.5048828
vt 0.9663086 0.5048828
vt 0.9663086 0.5048828
vt 0.9663086 0.5048828
vt 0.9663086 0.5048828
vt 0.9663086 0.5048828
vt 0.9663086 0.5048828
vt 0.9663086 0.5048828
vt 0.9663086 0.5048828
vt 0.9663086 0.5048828
vt 0.9663086 0.5048828
vt 0.9663086 0.5048828
vt 0.9663086 0.5048828
vt 0.9663086 0.5048828
vt 0.9663086 0.5048828
vt 0.9663086 0.5048828
vt 0.9663086 0.5048828
vt 0.9663086 0.5048828
vt 0.9663086 0.5048828
vt 0.9663086 0.5048828
vt 0.9663086 0.5048828
vt 0.9663086 0.5048828
vt 0.9663086 0.5048828
vt 0.9663086 0.5048828
vt 0.9663086 0.5048828
vt 0.9663086 0.5048828
vt 0.9663086 0.5048828
vt 0.9663086 0.5048828
vt 0.9663086 0.5048828
vt 0.9663086 0.5048828
vt 0.9663086 0.5048828
vt 0.9663086 0.5048828
vt 0.9663086 0.5048828
vt 0.9663086 0.5048828
vt 0.9663086 0.5048828
vt 0.9663086 0.5048828
vt 0.9663086 0.5048828
vt 0.9663086 0.5048828
vt 0.9663086 0.5048828
vt 0.9663086 0.5048828
vt 0.9663086 0.5048828
vt 0.9663086 0.5048828
vt 0.9663086 0.5048828
vt 0.9663086 0.5048828
vt 0.9663086 0.5048828
vt 0.9663086 0.5048828
vt 0.9663086 0.5048828
vt 0.9663086 0.5048828
vt 0.9663086 0.5048828
vt 0.9663086 0.5048828
vt 0.9663086 0.5048828
vt 0.9663086 0.5048828
vt 0.9663086 0.5048828
vt 0.9663086 0.5048828
vt 0.9663086 0.5048828
vt 0.9663086 0.5048828
vt 0.9663086 0.5048828
vt 0.9663086 0.5048828
vt 0.9663086 0.5048828
vt 0.9663086 0.5048828
vt 0.9663086 0.5048828
vt 0.9663086 0.5048828
vt 0.9663086 0.5048828
vt 0.9663086 0.5048828
vt 0.9663086 0.5048828
vt 0.9663086 0.5048828
vt 0.9663086 0.5048828
vt 0.9663086 0.5048828
vt 0.9663086 0.5048828
vt 0.9663086 0.5048828
vt 0.9663086 0.5048828
vt 0.9663086 0.5048828
vt 0.9663086 0.5048828
vt 0.9663086 0.5048828
vt 0.9663086 0.5048828
vt 0.9663086 0.5048828
vt 0.9663086 0.5048828
vt 0.9663086 0.5048828
vt 0.9663086 0.5048828
vt 0.9663086 0.5048828
vt 0.9663086 0.5048828
vt 0.9663086 0.5048828
vt 0.9663086 0.5048828
vt 0.9663086 0.5048828
vt 0.9663086 0.5048828
vt 0.9663086 0.5048828
vt 0.9663086 0.5048828
vt 0.9663086 0.5048828
vt 0.9663086 0.5048828
vt 0.9663086 0.5048828
vt 0.9663086 0.5048828
vt 0.9663086 0.5048828
vt 0.9663086 0.5048828
vt 0.9663086 0.5048828
vt 0.9663086 0.5048828
vt 0.9663086 0.5048828
vt 0.9663086 0.5048828
vt 0.9663086 0.5048828
vt 0.9663086 0.5048828
vt 0.9663086 0.5048828
vt 0.9663086 0.5048828
vt 0.9663086 0.5048828
vt 0.9663086 0.5048828
vt 0.9663086 0.5048828
vt 0.9663086 0.5048828
vt 0.9663086 0.5048828
vt 0.9663086 0.5048828
vt 0.9663086 0.5048828
vt 0.9663086 0.5048828
vt 0.9663086 0.5048828
vt 0.9663086 0.5048828
vt 0.9663086 0.5048828
vt 0.9663086 0.5048828
vt 0.9663086 0.5048828
vt 0.9663086 0.5048828
vt 0.9663086 0.5048828
vt 0.9663086 0.5048828
vt 0.9663086 0.5048828
vt 0.9663086 0.5048828
vt 0.9663086 0.5048828
vt 0.9663086 0.5048828
vt 0.9663086 0.5048828
vt 0.9663086 0.5048828
vt 0.9663086 0.5048828
vt 0.9663086 0.5048828
vt 0.9663086 0.5048828
vt 0.9663086 0.5048828
vt 0.9663086 0.5048828
vt 0.9663086 0.5048828
vt 0.9663086 0.5048828
vt 0.9663086 0.5048828
vt 0.9663086 0.5048828
vt 0.9663086 0.5048828
vt 0.9663086 0.5048828
vt 0.9663086 0.5048828
vt 0.9663086 0.5048828
vt 0.9663086 0.5048828
vt 0.9663086 0.5048828
vt 0.9663086 0.5048828
vt 0.9663086 0.5048828
vt 0.9663086 0.5048828
vt 0.9663086 0.5048828
vt 0.9663086 0.5048828
vt 0.9663086 0.5048828
vt 0.9663086 0.5048828
vt 0.9663086 0.5048828
vt 0.9663086 0.5048828
vt 0.9663086 0.5048828
vt 0.9663086 0.5048828
vt 0.9663086 0.5048828
vt 0.9663086 0.5048828
vt 0.9663086 0.5048828
vt 0.9663086 0.5048828
vt 0.9663086 0.5048828
vt 0.9663086 0.5048828
vt 0.9663086 0.5048828
vt 0.9663086 0.5048828
vt 0.9663086 0.5048828
vt 0.9663086 0.5048828
vt 0.9663086 0.5048828
vt 0.9663086 0.5048828
vt 0.9663086 0.5048828
vt 0.9663086 0.5048828
vt 0.9663086 0.5048828
vt 0.9663086 0.5048828
vt 0.9663086 0.5048828
vt 0.9663086 0.5048828
vt 0.9663086 0.5048828
vt 0.9663086 0.5048828
vt 0.9663086 0.5048828
vt 0.9663086 0.5048828
vt 0.9663086 0.5048828
vt 0.9663086 0.5048828
vt 0.9663086 0.5048828
vt 0.9663086 0.5048828
vt 0.9663086 0.5048828
vt 0.9663086 0.5048828
vt 0.9663086 0.5048828
vt 0.9663086 0.5048828
vt 0.9663086 0.5048828
vt 0.9663086 0.5048828
vt 0.9663086 0.5048828
vt 0.9663086 0.5048828
vt 0.9663086 0.5048828
vt 0.9663086 0.5048828
vt 0.9663086 0.5048828
vt 0.9663086 0.5048828
vt 0.9663086 0.5048828
vt 0.9663086 0.5048828
vt 0.9663086 0.5048828
vt 0.9663086 0.5048828
vt 0.9663086 0.5048828
vt 0.9663086 0.5048828
vt 0.9663086 0.5048828
vt 0.9663086 0.5048828
vt 0.9663086 0.5048828
vt 0.9663086 0.5048828
vt 0.9663086 0.5048828
vt 0.9663086 0.5048828
vt 0.9663086 0.5048828
vt 0.9663086 0.5048828
vt 0.9663086 0.5048828
vt 0.9663086 0.5048828
vt 0.9663086 0.5048828
vt 0.9663086 0.5048828
vt 0.9663086 0.5048828
vt 0.9663086 0.5048828
vt 0.9663086 0.5048828
vt 0.9663086 0.5048828
vt 0.9663086 0.5048828
vt 0.9663086 0.5048828
vt 0.9663086 0.5048828
vt 0.9663086 0.5048828
vt 0.9663086 0.5048828
vt 0.9663086 0.5048828
vt 0.9663086 0.5048828
vt 0.9663086 0.5048828
vt 0.9663086 0.5048828
vt 0.9663086 0.5048828
vt 0.9663086 0.5048828
vt 0.9663086 0.5048828
vt 0.9663086 0.5048828
vt 0.9663086 0.5048828
vt 0.9663086 0.5048828
vt 0.9663086 0.5048828
vt 0.9663086 0.5048828
vt 0.9663086 0.5048828
vt 0.9663086 0.5048828
vt 0.9663086 0.5048828
vt 0.9663086 0.5048828
vt 0.9663086 0.5048828
vt 0.9663086 0.5048828
vt 0.9663086 0.5048828
vt 0.9663086 0.5048828
vt 0.9663086 0.5048828
vt 0.9663086 0.5048828
vt 0.9663086 0.5048828
vt 0.9663086 0.5048828
vt 0.9663086 0.5048828
vt 0.9663086 0.5048828
vt 0.9663086 0.5048828
vt 0.9663086 0.5048828
vt 0.9663086 0.5048828
vt 0.9663086 0.5048828
vt 0.9663086 0.5048828
vt 0.9663086 0.5048828
vt 0.9663086 0.5048828
vt 0.9663086 0.5048828
vt 0.9663086 0.5048828
vt 0.9663086 0.5048828
vt 0.9663086 0.5048828
vt 0.9663086 0.5048828
vt 0.9663086 0.5048828
vt 0.9663086 0.5048828
vt 0.9663086 0.5048828
vt 0.9663086 0.5048828
vt 0.9663086 0.5048828
vt 0.9663086 0.5048828
vt 0.9663086 0.5048828
vt 0.9663086 0.5048828
vt 0.9663086 0.5048828
vt 0.9663086 0.5048828
vt 0.9663086 0.5048828
vt 0.9663086 0.5048828
vt 0.9663086 0.5048828
vt 0.9663086 0.5048828
vt 0.9663086 0.5048828
vt 0.9663086 0.5048828
vt 0.9663086 0.5048828
vt 0.9663086 0.5048828
vt 0.9663086 0.5048828
vt 0.9663086 0.5048828
vt 0.9663086 0.5048828
vt 0.9663086 0.5048828
vt 0.9663086 0.5048828
vt 0.9663086 0.5048828
vt 0.9663086 0.5048828
vt 0.9663086 0.5048828
vt 0.9663086 0.5048828
vt 0.9663086 0.5048828
vt 0.9663086 0.5048828
vt 0.9663086 0.5048828
vt 0.9663086 0.5048828
vt 0.9663086 0.5048828
vt 0.9663086 0.5048828
vt 0.9663086 0.5048828
vt 0.9663086 0.5048828
vt 0.9663086 0.5048828
vt 0.9663086 0.5048828
vt 0.9663086 0.5048828
vt 0.9663086 0.5048828
vt 0.9663086 0.5048828
vt 0.9663086 0.5048828
vt 0.9663086 0.5048828
vt 0.9663086 0.5048828
vt 0.9663086 0.5048828
vt 0.9663086 0.5048828
vt 0.9663086 0.5048828
vt 0.9663086 0.5048828
vt 0.9663086 0.5048828
vt 0.9663086 0.5048828
vt 0.9663086 0.5048828
vt 0.9663086 0.5048828
vt 0.9663086 0.5048828
vt 0.9663086 0.5048828
vt 0.9663086 0.5048828
vt 0.9663086 0.5048828
vt 0.9663086 0.5048828
vt 0.9663086 0.5048828
vt 0.9663086 0.5048828
vt 0.9663086 0.5048828
vt 0.9663086 0.5048828
vt 0.9663086 0.5048828
vt 0.9663086 0.5048828
vt 0.9663086 0.5048828
vt 0.9663086 0.5048828
vt 0.9663086 0.5048828
vt 0.9663086 0.5048828
vt 0.9663086 0.5048828
vt 0.9663086 0.5048828
vt 0.9663086 0.5048828
vt 0.9663086 0.5048828
vt 0.9663086 0.5048828
vt 0.9663086 0.5048828
vt 0.9663086 0.5048828
vt 0.9663086 0.5048828
vt 0.9663086 0.5048828
vt 0.9663086 0.5048828
vt 0.9663086 0.5048828
vt 0.9663086 0.5048828
vt 0.9663086 0.5048828
vt 0.9663086 0.5048828
vt 0.9663086 0.5048828
vt 0.9663086 0.5048828
vt 0.9663086 0.5048828
vt 0.9663086 0.5048828
vt 0.9663086 0.5048828
vt 0.9663086 0.5048828
vt 0.9663086 0.5048828
vt 0.9663086 0.5048828
vt 0.9663086 0.5048828
vt 0.9663086 0.5048828
vt 0.9663086 0.5048828
vt 0.9663086 0.5048828
vt 0.9663086 0.5048828
vt 0.9663086 0.5048828
vt 0.9663086 0.5048828
vt 0.9663086 0.5048828
vt 0.9663086 0.5048828
vt 0.9663086 0.5048828
vt 0.9663086 0.5048828
vt 0.9663086 0.5048828
vt 0.9663086 0.5048828
vt 0.9663086 0.5048828
vt 0.9663086 0.5048828
vt 0.9663086 0.5048828
vt 0.9663086 0.5048828
vt 0.9663086 0.5048828
vt 0.9663086 0.5048828
vt 0.9663086 0.5048828
vt 0.9663086 0.5048828
vt 0.9663086 0.5048828
vt 0.9663086 0.5048828
vt 0.9663086 0.5048828
vt 0.9663086 0.5048828
vt 0.9663086 0.5048828
vt 0.9663086 0.5048828
vt 0.9663086 0.5048828
vt 0.9663086 0.5048828
vt 0.9663086 0.5048828
vt 0.9663086 0.5048828
vt 0.9663086 0.5048828
vt 0.9663086 0.5048828
vt 0.9663086 0.5048828
vt 0.9663086 0.5048828
vt 0.9663086 0.5048828
vt 0.9663086 0.5048828
vt 0.9663086 0.5048828
vt 0.9663086 0.5048828
vt 0.9663086 0.5048828
vt 0.9663086 0.5048828
vt 0.9663086 0.5048828
vt 0.9663086 0.5048828
vt 0.9663086 0.5048828
vt 0.9663086 0.5048828
vt 0.9663086 0.5048828
vt 0.9663086 0.5048828
vt 0.9663086 0.5048828
vt 0.9663086 0.5048828
vt 0.9663086 0.5048828
vt 0.9663086 0.5048828
vt 0.9663086 0.5048828
vt 0.9663086 0.5048828
vt 0.9663086 0.5048828
vt 0.9663086 0.5048828
vt 0.9663086 0.5048828
vt 0.9663086 0.5048828
vt 0.9663086 0.5048828
vt 0.9663086 0.5048828
vt 0.9663086 0.5048828
vt 0.9663086 0.5048828
vt 0.9663086 0.5048828
vt 0.9663086 0.5048828
vt 0.9663086 0.5048828
vt 0.9663086 0.5048828
vt 0.9663086 0.5048828
vt 0.9663086 0.5048828
vt 0.9663086 0.5048828
vt 0.9663086 0.5048828
vt 0.9663086 0.5048828
vt 0.9663086 0.5048828
vt 0.9663086 0.5048828
vt 0.9663086 0.5048828
vt 0.9663086 0.5048828
vt 0.9663086 0.5048828
vt 0.9663086 0.5048828
vt 0.9663086 0.5048828
vt 0.9663086 0.5048828
vt 0.9663086 0.5048828
vt 0.9663086 0.5048828
vt 0.9663086 0.5048828
vt 0.9663086 0.5048828
vt 0.9663086 0.5048828
vt 0.9663086 0.5048828
vt 0.9663086 0.5048828
vt 0.9663086 0.5048828
vt 0.9663086 0.5048828
vt 0.9663086 0.5048828
vt 0.9663086 0.5048828
vt 0.9663086 0.5048828
vt 0.9663086 0.5048828
vt 0.9663086 0.5048828
vt 0.9663086 0.5048828
vt 0.9663086 0.5048828
vt 0.9663086 0.5048828
vt 0.9663086 0.5048828
vt 0.9663086 0.5048828
vt 0.9663086 0.5048828
vt 0.9663086 0.5048828
vt 0.9663086 0.5048828
vt 0.9663086 0.5048828
vt 0.9663086 0.5048828
vt 0.9663086 0.5048828
vt 0.9663086 0.5048828
vt 0.9663086 0.5048828
vt 0.9663086 0.5048828
vt 0.9663086 0.5048828
vt 0.9663086 0.5048828
vt 0.9663086 0.5048828
vt 0.9663086 0.5048828
vt 0.9663086 0.5048828
vt 0.9663086 0.5048828
vt 0.9663086 0.5048828
vt 0.9663086 0.5048828
vt 0.9663086 0.5048828
vt 0.9663086 0.5048828
vt 0.9663086 0.5048828
vt 0.9663086 0.5048828
vt 0.9663086 0.5048828
vt 0.9663086 0.5048828
vt 0.9663086 0.5048828
vt 0.9663086 0.5048828
vt 0.9663086 0.5048828
vt 0.9663086 0.5048828
vt 0.9663086 0.5048828
vt 0.9663086 0.5048828
vt 0.9663086 0.5048828
vt 0.9663086 0.5048828
vt 0.9663086 0.5048828
vt 0.9663086 0.5048828
vt 0.9663086 0.5048828
vt 0.9663086 0.5048828
vt 0.9663086 0.5048828
vt 0.9663086 0.5048828
vt 0.9663086 0.5048828
vt 0.9663086 0.5048828
vt 0.9663086 0.5048828
vt 0.9663086 0.5048828
vt 0.9663086 0.5048828
vt 0.9663086 0.5048828
vt 0.9663086 0.5048828
vt 0.9663086 0.5048828
vt 0.9663086 0.5048828
vt 0.9663086 0.5048828
vt 0.9663086 0.5048828
vt 0.9663086 0.5048828
vt 0.9663086 0.5048828
vt 0.9663086 0.5048828
vt 0.9663086 0.5048828
vt 0.9663086 0.5048828
vt 0.9663086 0.5048828
vt 0.9663086 0.5048828
vt 0.9663086 0.5048828
vt 0.9663086 0.5048828
vt 0.9663086 0.5048828
vt 0.9663086 0.5048828
vt 0.9663086 0.5048828
vt 0.9663086 0.5048828
vt 0.9663086 0.5048828
vt 0.9663086 0.5048828
vt 0.9663086 0.5048828
vt 0.9663086 0.5048828
vt 0.9663086 0.5048828
vt 0.9663086 0.5048828
vt 0.9663086 0.5048828
vt 0.9663086 0.5048828
vt 0.9663086 0.5048828
vt 0.9663086 0.5048828
vt 0.9663086 0.5048828
vt 0.9663086 0.5048828
vt 0.9663086 0.5048828
vt 0.9663086 0.5048828
vt 0.9663086 0.5048828
vt 0.9663086 0.5048828
vt 0.9663086 0.5048828
vt 0.9663086 0.5048828
vt 0.9663086 0.5048828
vt 0.9663086 0.5048828
vt 0.9663086 0.5048828
vt 0.9663086 0.5048828
vt 0.9663086 0.5048828
vt 0.9663086 0.5048828
vt 0.9663086 0.5048828
vt 0.9663086 0.5048828
vt 0.9663086 0.5048828
vt 0.9663086 0.5048828
vt 0.9663086 0.5048828
vt 0.9663086 0.5048828
vt 0.9663086 0.5048828
vt 0.9663086 0.5048828
vt 0.9663086 0.5048828
vt 0.9663086 0.5048828
vt 0.9663086 0.5048828
vt 0.9663086 0.5048828
vt 0.9663086 0.5048828
vt 0.9663086 0.5048828
vt 0.9663086 0.5048828
vt 0.9663086 0.5048828
vt 0.9663086 0.5048828
vt 0.9663086 0.5048828
vt 0.9663086 0.5048828
vt 0.9663086 0.5048828
vt 0.9663086 0.5048828
vt 0.9663086 0.5048828
vt 0.9663086 0.5048828
vt 0.9663086 0.5048828
vt 0.9663086 0.5048828
vt 0.9663086 0.5048828
vt 0.9663086 0.5048828
vt 0.9663086 0.5048828
vt 0.9663086 0.5048828
vt 0.9663086 0.5048828
vt 0.9663086 0.5048828
vt 0.9663086 0.5048828
vt 0.9663086 0.5048828
vt 0.9663086 0.5048828
vt 0.9663086 0.5048828
vt 0.9663086 0.5048828
vt 0.9663086 0.5048828
vt 0.9663086 0.5048828
vt 0.9663086 0.5048828
vt 0.9663086 0.5048828
vt 0.9663086 0.5048828
vt 0.9663086 0.5048828
vt 0.9663086 0.5048828
vt 0.9663086 0.5048828
vt 0.9663086 0.5048828
vt 0.9663086 0.5048828
vt 0.9663086 0.5048828
vt 0.9663086 0.5048828
vt 0.9663086 0.5048828
vt 0.9663086 0.5048828
vt 0.9663086 0.5048828
vt 0.9663086 0.5048828
vt 0.9663086 0.5048828
vt 0.9663086 0.5048828
vt 0.9663086 0.5048828
vt 0.9663086 0.5048828
vt 0.9663086 0.5048828
vt 0.9663086 0.5048828
vt 0.9663086 0.5048828
vt 0.9663086 0.5048828
vt 0.9663086 0.5048828
vt 0.9663086 0.5048828
vt 0.9663086 0.5048828
vt 0.9663086 0.5048828
vt 0.9663086 0.5048828
vt 0.9663086 0.5048828
vt 0.9663086 0.5048828
vt 0.9663086 0.5048828
vt 0.9663086 0.5048828
vt 0.9663086 0.5048828
vt 0.9663086 0.5048828
vt 0.9663086 0.5048828
vt 0.9663086 0.5048828
vt 0.9663086 0.5048828
vt 0.9663086 0.5048828
vt 0.9663086 0.5048828
vt 0.9663086 0.5048828
vt 0.9663086 0.5048828
vt 0.9663086 0.5048828
vt 0.9663086 0.5048828
vt 0.9663086 0.5048828
vt 0.9663086 0.5048828
vt 0.9663086 0.5048828
vt 0.9663086 0.5048828
vt 0.9663086 0.5048828
vt 0.9663086 0.5048828
vt 0.9663086 0.5048828
vt 0.9663086 0.5048828
vt 0.9663086 0.5048828
vt 0.9663086 0.5048828
vt 0.9663086 0.5048828
vt 0.9663086 0.5048828
vt 0.9663086 0.5048828
vt 0.9663086 0.5048828
vt 0.9663086 0.5048828
vt 0.9663086 0.5048828
vt 0.9663086 0.5048828
vt 0.9663086 0.5048828
vt 0.9663086 0.5048828
vt 0.9663086 0.5048828
vt 0.9663086 0.5048828
vt 0.9663086 0.5048828
vt 0.9663086 0.5048828
vt 0.9663086 0.5048828
vt 0.9663086 0.5048828
vt 0.9663086 0.5048828
vt 0.9663086 0.5048828
vt 0.9663086 0.5048828
vt 0.9663086 0.5048828
vt 0.9663086 0.5048828
vt 0.9663086 0.5048828
vt 0.9663086 0.5048828
vt 0.9663086 0.5048828
vt 0.9663086 0.5048828
vt 0.9663086 0.5048828
vt 0.9663086 0.5048828
vt 0.9663086 0.5048828
vt 0.9663086 0.5048828
vt 0.9663086 0.5048828
vt 0.9663086 0.5048828
vt 0.9663086 0.5048828
vt 0.9663086 0.5048828
vt 0.9663086 0.5048828
vt 0.9663086 0.5048828
vt 0.9663086 0.5048828
vt 0.9663086 0.5048828
vt 0.9663086 0.5048828
vt 0.9663086 0.5048828
vt 0.9663086 0.5048828
vt 0.9663086 0.5048828
vt 0.9663086 0.5048828
vt 0.9663086 0.5048828
vt 0.9663086 0.5048828
vt 0.9663086 0.5048828
vt 0.9663086 0.5048828
vt 0.9663086 0.5048828
vt 0.9663086 0.5048828
vt 0.9663086 0.5048828
vt 0.9663086 0.5048828
vt 0.9663086 0.5048828
vt 0.9663086 0.5048828
vt 0.9663086 0.5048828
vt 0.9663086 0.5048828
vt 0.9663086 0.5048828
vt 0.9663086 0.5048828
vt 0.9663086 0.5048828
vt 0.9663086 0.5048828
vt 0.9663086 0.5048828
vt 0.9663086 0.5048828
vt 0.9663086 0.5048828
vt 0.9663086 0.5048828
vt 0.9663086 0.5048828
vt 0.9663086 0.5048828
vt 0.9663086 0.5048828
vt 0.9663086 0.5048828
vt 0.9663086 0.5048828
vt 0.9663086 0.5048828
vt 0.9663086 0.5048828
vt 0.9663086 0.5048828
vt 0.9663086 0.5048828
vt 0.9663086 0.5048828
vt 0.9663086 0.5048828
vt 0.9663086 0.5048828
vt 0.9663086 0.5048828
vt 0.9663086 0.5048828
vt 0.9663086 0.5048828
vt 0.9663086 0.5048828
vt 0.9663086 0.5048828
vt 0.9663086 0.5048828
vt 0.9663086 0.5048828
vt 0.9663086 0.5048828
vt 0.9663086 0.5048828
vt 0.9663086 0.5048828
vt 0.9663086 0.5048828
vt 0.9663086 0.5048828
vt 0.9663086 0.5048828
vt 0.9663086 0.5048828
vt 0.9663086 0.5048828
vt 0.9663086 0.5048828
vt 0.9663086 0.5048828
vt 0.9663086 0.5048828
vt 0.9663086 0.5048828
vt 0.9663086 0.5048828
vt 0.9663086 0.5048828
vt 0.9663086 0.5048828
vt 0.9663086 0.5048828
vt 0.9663086 0.5048828
vt 0.9663086 0.5048828
vt 0.9663086 0.5048828
vt 0.9663086 0.5048828
vt 0.9663086 0.5048828
vt 0.9663086 0.5048828
vt 0.9663086 0.5048828
vt 0.9663086 0.5048828
vt 0.9663086 0.5048828
vt 0.9663086 0.5048828
vt 0.9663086 0.5048828
vt 0.9663086 0.5048828
vt 0.9663086 0.5048828
vt 0.9663086 0.5048828
vt 0.9663086 0.5048828
vt 0.9663086 0.5048828
vt 0.9663086 0.5048828
vt 0.9663086 0.5048828
vt 0.9663086 0.5048828
vt 0.9663086 0.5048828
vt 0.9663086 0.5048828
vt 0.9663086 0.5048828
vt 0.9663086 0.5048828
vt 0.9663086 0.5048828
vt 0.9663086 0.5048828
vt 0.9663086 0.5048828
vt 0.9663086 0.5048828
vt 0.9663086 0.5048828
vt 0.9663086 0.5048828
vt 0.9663086 0.5048828
vt 0.9663086 0.5048828
vt 0.9663086 0.5048828
vt 0.9663086 0.5048828
vt 0.9663086 0.5048828
vt 0.9663086 0.5048828
vt 0.9663086 0.5048828
vt 0.9663086 0.5048828
vt 0.9663086 0.5048828
vt 0.9663086 0.5048828
vt 0.9663086 0.5048828
vt 0.9663086 0.5048828
vt 0.9663086 0.5048828
vt 0.9663086 0.5048828
vt 0.9663086 0.5048828
vt 0.9663086 0.5048828
vt 0.9663086 0.5048828
vt 0.9663086 0.5048828
vt 0.9663086 0.5048828
vt 0.9663086 0.5048828
vt 0.9663086 0.5048828
vt 0.9663086 0.5048828
vt 0.9663086 0.5048828
vt 0.9663086 0.5048828
vt 0.9663086 0.5048828
vt 0.9663086 0.5048828
vt 0.9663086 0.5048828
vt 0.9663086 0.5048828
vt 0.9663086 0.5048828
vt 0.9663086 0.5048828
vt 0.9663086 0.5048828
vt 0.9663086 0.5048828
vt 0.9663086 0.5048828
vt 0.9663086 0.5048828
vt 0.9663086 0.5048828
vt 0.9663086 0.5048828
vt 0.9663086 0.5048828
vt 0.9663086 0.5048828
vt 0.9663086 0.5048828
vt 0.9663086 0.5048828
vt 0.9663086 0.5048828
vt 0.9663086 0.5048828
vt 0.9663086 0.5048828
vt 0.9663086 0.5048828
vt 0.9663086 0.5048828
vt 0.9663086 0.5048828
vt 0.9663086 0.5048828
vt 0.9663086 0.5048828
vt 0.9663086 0.5048828
vt 0.9663086 0.5048828
vt 0.9663086 0.5048828
vt 0.9663086 0.5048828
vt 0.9663086 0.5048828
vt 0.9663086 0.5048828
vt 0.9663086 0.5048828
vt 0.9663086 0.5048828
vt 0.9663086 0.5048828
vt 0.9663086 0.5048828
vt 0.9663086 0.5048828
vt 0.9663086 0.5048828
vt 0.9663086 0.5048828
vt 0.9663086 0.5048828
vt 0.9663086 0.5048828
vt 0.9663086 0.5048828
vt 0.9663086 0.5048828
vt 0.9663086 0.5048828
vt 0.9663086 0.5048828
vt 0.9663086 0.5048828
vt 0.9663086 0.5048828
vt 0.9663086 0.5048828
vt 0.9663086 0.5048828
vt 0.9663086 0.5048828
vt 0.9663086 0.5048828
vt 0.9663086 0.5048828
vt 0.9663086 0.5048828
vt 0.9663086 0.5048828
vt 0.9663086 0.5048828
vt 0.9663086 0.5048828
vt 0.9663086 0.5048828
vt 0.9663086 0.5048828
vt 0.9663086 0.5048828
vt 0.9663086 0.5048828
vt 0.9663086 0.5048828
vt 0.9663086 0.5048828
vt 0.9663086 0.5048828
vt 0.9663086 0.5048828
vt 0.9663086 0.5048828
vt 0.9663086 0.5048828
vt 0.9663086 0.5048828
vt 0.9663086 0.5048828
vt 0.9663086 0.5048828
vt 0.9663086 0.5048828
vt 0.9663086 0.5048828
vt 0.9663086 0.5048828
vt 0.9663086 0.5048828
vt 0.9663086 0.5048828
vt 0.9663086 0.5048828
vt 0.9663086 0.5048828
vt 0.9663086 0.5048828
vt 0.9663086 0.5048828
vt 0.9663086 0.5048828
vt 0.9663086 0.5048828
vt 0.9663086 0.5048828
vt 0.9663086 0.5048828
vt 0.9663086 0.5048828
vt 0.9663086 0.5048828
vt 0.9663086 0.5048828
vt 0.9663086 0.5048828
vt 0.9663086 0.5048828
vt 0.9663086 0.5048828
vt 0.9663086 0.5048828
vt 0.9663086 0.5048828
vt 0.9663086 0.5048828
vt 0.9663086 0.5048828
vt 0.9663086 0.5048828
vt 0.9663086 0.5048828
vt 0.9663086 0.5048828
vt 0.9663086 0.5048828
vt 0.9663086 0.5048828
vt 0.9663086 0.5048828
vt 0.9663086 0.5048828
vt 0.9663086 0.5048828
vt 0.9663086 0.5048828
vt 0.9663086 0.5048828
vt 0.9663086 0.5048828
vt 0.9663086 0.5048828
vt 0.9663086 0.5048828
vt 0.9663086 0.5048828
vt 0.9663086 0.5048828
vt 0.9663086 0.5048828
vt 0.9663086 0.5048828
vt 0.9663086 0.5048828
vt 0.9663086 0.5048828
vt 0.9663086 0.5048828
vt 0.9663086 0.5048828
vt 0.9663086 0.5048828
vt 0.9663086 0.5048828
vt 0.9663086 0.5048828
vt 0.9663086 0.5048828
vt 0.9663086 0.5048828
vt 0.9663086 0.5048828
vt 0.9663086 0.5048828
vt 0.9663086 0.5048828
vt 0.9663086 0.5048828
vt 0.9663086 0.5048828
vt 0.9663086 0.5048828
vt 0.9663086 0.5048828
vt 0.9663086 0.5048828
vt 0.9663086 0.5048828
vt 0.9663086 0.5048828
vt 0.9663086 0.5048828
vn -0.05883789 0.9970703 0.05212402
vn -0.0553894 0.9956055 0.07281494
vn -0.04168701 0.9960938 0.07702637
vn -0.02510071 0.9980469 0.05517578
vn -0.03631592 0.9960938 0.08258057
vn -0.01337433 0.9980469 0.06323242
vn -0.0002139807 0.9980469 0.05957031
vn -0.06213379 0.9975586 0.0375061
vn -0.03991699 0.9990234 0.02886963
vn -0.04559326 0.9985352 0.02192688
vn -0.03283691 0.9995117 0.01426697
vn 0.003606796 1 0.01386261
vn -0.07983398 0.996582 0.02519226
vn -0.0512085 0.9980469 0.03631592
vn -0.05322266 0.9980469 0.02812195
vn -0.09661865 0.9936523 0.06060791
vn -0.08135986 0.996582 0.004356384
vn -0.09405518 0.9956055 -0.01196289
vn -0.02148438 1 -0.0008473396
vn -0.07525635 0.996582 -0.0317688
vn -0.08117676 0.996582 -0.001512527
vn -0.04721069 0.9980469 -0.03720093
vn -0.05865479 0.9970703 -0.05059814
vn -0.06280518 0.9956055 -0.06646729
vn -0.08294678 0.9936523 -0.07904053
vn -0.06100464 0.9946289 -0.08349609
vn -0.07733154 0.9951172 -0.06082153
vn -0.05010986 0.9980469 -0.03872681
vn -0.1192627 0.9926758 -0.02810669
vn -0.1138916 0.9897461 0.08886719
vn -0.1002197 0.9902344 0.0960083
vn -0.08636475 0.9882813 0.1257324
vn -0.1060181 0.9853516 0.1345215
vn -0.1486816 0.9726563 0.1772461
vn -0.1560059 0.9824219 0.1032104
vn -0.1494141 0.9858398 0.07659912
vn -0.1430664 0.9819336 0.1257324
vn -0.1345215 0.9848633 0.1087036
vn -0.116394 0.984375 0.1337891
vn -0.1178589 0.9868164 0.1088867
vn -0.1375732 0.9873047 0.07653809
vn -0.06982422 0.9916992 0.1077881
vn -0.1612549 0.9746094 0.1551514
vn -0.1629639 0.9755859 0.1462402
vn -0.1658936 0.9711914 0.1702881
vn -0.06994629 0.9882813 0.1345215
vn -0.04391479 0.9868164 0.1547852
vn -0.1290283 0.9814453 0.1427002
vn -0.02700806 0.987793 0.1539307
vn -0.04467773 0.9897461 0.1373291
vn -0.05300903 0.9819336 0.1824951
vn -0.06182861 0.9882813 0.140625
vn -0.06707764 0.987793 0.1402588
vn -0.0219574 0.9873047 0.157959
vn -0.1010742 0.9848633 0.1394043
vn -0.05435181 0.9868164 0.1539307
vn -0.07983398 0.9897461 0.1168213
vn -0.05923462 0.9902344 0.1247559
vn -0.07525635 0.9838867 0.161377
vn -0.06542969 0.9824219 0.1749268
vn -0.0475769 0.9750977 0.2167969
vn -0.06958008 0.9819336 0.1748047
vn -0.07366943 0.9804688 0.1824951
vn -0.01889038 0.9785156 0.204834
vn 0.001485825 0.9833984 0.180542
vn 0.01873779 0.9838867 0.1773682
vn -0.007766724 0.9892578 0.1467285
vn 0.006477356 0.9921875 0.1237793
vn -0.007350922 0.9897461 0.1425781
vn 0.03494263 0.996582 0.07769775
vn 0.03494263 0.996582 0.07769775
vn -0.0531311 0.9956055 0.07592773
vn -0.06646729 0.9926758 0.09887695
vn -0.05325317 0.9946289 0.08807373
vn -0.06744385 0.9897461 0.1264648
vn -0.09448242 0.9912109 0.09381104
vn -0.08251953 0.9794922 0.18396
vn -0.0824585 0.9814453 0.1734619
vn -0.1179199 0.9663086 0.2281494
vn -0.07659912 0.980957 0.1773682
vn -0.1348877 0.965332 0.2244873
vn -0.1474609 0.9604492 0.2366943
vn -0.1315918 0.9716797 0.1953125
vn -0.2519531 0.965332 0.06732178
vn -0.2426758 0.9697266 0.03149414
vn -0.241333 0.96875 0.05862427
vn -0.2279053 0.9736328 0.001583099
vn -0.2261963 0.9736328 -0.02258301
vn -0.2077637 0.9780273 -0.02233887
vn -0.1394043 0.9555664 0.2600098
vn -0.1394043 0.9555664 0.2600098
vn -0.1394043 0.9555664 0.2600098
vn 0.07092285 0.9916992 0.1065674
vn 0.03140259 0.9912109 0.1287842
vn 0.07092285 0.9916992 0.1065674
vn 0.0758667 0.9931641 0.08703613
vn 0.08782959 0.9902344 0.1089478
vn 0.0553894 0.9941406 0.09033203
vn 0.08874512 0.984375 0.1523438
vn 0.09100342 0.9892578 0.1148071
vn 0.07495117 0.9921875 0.09967041
vn 0.1077271 0.9912109 0.07427979
vn 0.118042 0.9887695 0.09283447
vn 0.1525879 0.9858398 0.0703125
vn 0.07940674 0.9941406 0.07342529
vn 0.1358643 0.9863281 0.09143066
vn 0.03131104 0.9990234 0.03540039
vn 0.02539063 0.9985352 0.04501343
vn 0.03604126 0.9970703 0.06835938
vn 0.03121948 0.9975586 0.06359863
vn 0.03170776 0.9995117 -0.007835388
vn 0.03292847 0.9990234 -0.02554321
vn 0.0458374 0.9980469 -0.04110718
vn 0.05441284 0.9936523 0.09594727
vn 0.1178589 0.9897461 0.07891846
vn 0.1251221 0.9838867 0.1262207
vn 0.09338379 0.9907227 0.09991455
vn 0.08453369 0.9926758 0.08508301
vn 0.06689453 0.9897461 0.1245728
vn 0.102356 0.9863281 0.1296387
vn 0.01169586 0.9960938 0.08966064
vn 0.002880096 0.9970703 0.07568359
vn 0.03704834 0.9956055 0.08734131
vn -0.02033997 0.9931641 0.1152954
vn -0.03326416 0.9882813 0.1481934
vn 0.003847122 0.9931641 0.1169434
vn 0.01179504 0.9936523 0.1109009
vn 0.02616882 0.9960938 0.08581543
vn 0.06256104 0.9902344 0.1245728
vn 0.1929932 0.9638672 0.1844482
vn 0.1516113 0.9814453 0.116394
vn 0.2255859 0.956543 0.1846924
vn 0.2169189 0.956543 0.1954346
vn 0.208252 0.9560547 0.2060547
vn 0.1923828 0.9580078 0.2133789
vn 0.1568604 0.9873047 0.02198792
vn 0.144043 0.9873047 0.06964111
vn 0.1541748 0.987793 0.01768494
vn 0.1271973 0.9916992 0.01410675
vn 0.1271973 0.9916992 0.01410675
vn 0.09631348 0.9941406 0.05038452
vn 0.15625 0.9873047 -0.02711487
vn 0.1334229 0.9907227 -0.02124023
vn 0.1193848 0.9853516 0.1206665
vn 0.1485596 0.9887695 -0.0171814
vn 0.1398926 0.9897461 -0.03096008
vn 0.1312256 0.9902344 -0.04473877
vn 0.05133057 0.9985352 -0.02438354
vn 0.02839661 0.9995117 -0.003292084
vn 0.05111694 0.9985352 -0.02348328
vn 0.04074097 0.9990234 -0.01876831
vn 0.06915283 0.9975586 -0.007026672
vn 0.09881592 0.9951172 0.009017944
vn 0.03765869 0.996582 -0.07409668
vn 0.03765869 0.996582 -0.07409668
vn -0.04168701 0.9990234 0.0004944801
vn -0.06719971 0.9975586 0.02441406
vn -0.03137207 0.9990234 0.02748108
vn -0.06811523 0.9975586 0.02287292
vn -0.08654785 0.9960938 0.02592468
vn -0.07397461 0.9970703 0.02636719
vn -0.01306152 0.9995117 -0.01875305
vn -0.04367065 0.9990234 -0.0100174
vn -0.1177979 0.9926758 -0.01914978
vn -0.0296936 0.9970703 -0.07196045
vn -0.01708984 0.9990234 -0.03659058
vn -0.02111816 0.9985352 -0.05444336
vn 0.01609802 0.9980469 -0.05657959
vn -0.04711914 0.9946289 -0.09204102
vn -0.006557465 0.9931641 -0.1182861
vn -0.09527588 0.9936523 -0.05703735
vn -0.09564209 0.9921875 -0.08007813
vn -0.1060791 0.9936523 -0.03149414
vn -0.1088867 0.9838867 -0.1422119
vn -0.1008911 0.9873047 -0.1207275
vn -0.1182251 0.9838867 -0.1326904
vn -0.1324463 0.9858398 -0.1018677
vn -0.1218872 0.9902344 -0.07110596
vn -0.1427002 0.9858398 -0.08764648
vn -0.1184692 0.9921875 -0.04110718
vn -0.1184692 0.9921875 -0.04110718
vn -0.09100342 0.9956055 -0.02262878
vn -0.1107788 0.9936523 -0.02487183
vn -0.1177979 0.9926758 -0.01914978
vn -0.09991455 0.9946289 -0.03356934
vn -0.07397461 0.9941406 -0.07678223
vn -0.116272 0.9931641 0.01933289
vn -0.1337891 0.9907227 -0.01425171
vn -0.07067871 0.9970703 -0.03222656
vn -0.1271973 0.9916992 0.022995
vn -0.07531738 0.9956055 0.05685425
vn -0.1777344 0.9838867 -0.02035522
vn -0.2025146 0.9780273 -0.04614258
vn -0.03546143 0.9985352 -0.03515625
vn -0.04403687 0.9980469 -0.04116821
vn -0.01980591 0.9990234 -0.03302002
vn -0.00184536 0.9995117 -0.02272034
vn 0.0715332 0.996582 -0.03930664
vn 0.06463623 0.9980469 0.002540588
vn 0.09741211 0.9951172 -0.01994324
vn 0.08441162 0.9960938 0.0211792
vn 0.08227539 0.9960938 0.03094482
vn 0.08758545 0.9926758 -0.0803833
vn 0.1008911 0.9912109 -0.08758545
vn 0.08355713 0.9912109 -0.1033325
vn 0.1276855 0.9916992 0.01725769
vn 0.114502 0.9931641 -0.01864624
vn 0.1066284 0.9931641 0.04769897
vn 0.1030884 0.9936523 0.04315186
vn 0.1178589 0.9902344 -0.07489014
vn 0.1178589 0.9902344 -0.07489014
vn 0.1246948 0.9765625 0.1761475
vn 0.08526611 0.9780273 0.1901855
vn 0.1246948 0.9765625 0.1761475
vn -0.177124 0.9829102 0.04602051
vn -0.177124 0.9829102 0.04602051
vn -0.1365967 0.9882813 0.0657959
vn -0.03781128 0.9414063 0.3356934
vn -0.03781128 0.9414063 0.3356934
vn -0.03781128 0.9414063 0.3356934
vn 0.2026367 0.96875 0.1419678
vn 0.2026367 0.96875 0.1419678
vn 0.2026367 0.96875 0.1419678
vn -0.1068115 0.9882813 -0.107666
vn -0.1068115 0.9882813 -0.107666
vn -0.1068115 0.9882813 -0.107666
vn 0.0039711 0.9677734 0.2519531
vn 0.0039711 0.9677734 0.2519531
vn 0.0039711 0.9677734 0.2519531
vn -0.01359558 0.9970703 -0.07336426
vn -0.01359558 0.9970703 -0.07336426
vn -0.01359558 0.9970703 -0.07336426
vn -0.2683105 0.9501953 0.1572266
vn -0.2653809 0.9506836 0.1600342
vn -0.2546387 0.956543 0.1407471
vn -0.2631836 0.9560547 0.1309814
vn -0.2634277 0.9594727 0.09906006
vn -0.1885986 0.9663086 0.1759033
vn -0.1885986 0.9663086 0.1759033
vn -0.2885742 0.9511719 0.1077271
vn -0.2885742 0.9511719 0.1077271
vn -0.3898926 0.9091797 0.1473389
vn -0.3898926 0.9091797 0.1473389
vn -0.3903809 0.9072266 0.1571045
vn -0.3908691 0.9052734 0.166748
vn -0.3908691 0.9052734 0.166748
vn 0.116394 0.9628906 0.2431641
vn 0.1425781 0.9580078 0.2487793
vn 0.1472168 0.9619141 0.2310791
vn 0.09008789 0.9672852 0.2374268
vn 0.09625244 0.9750977 0.2004395
vn 0.07592773 0.9848633 0.1572266
vn 0.05130005 0.9848633 0.166626
vn 0.1005249 0.9838867 0.1478271
vn 0.3825684 0.9111328 0.1518555
vn 0.3825684 0.9111328 0.1518555
vn 0.3825684 0.9111328 0.1518555
vn -0.2141113 0.9472656 0.2392578
vn -0.2141113 0.9472656 0.2392578
vn -0.175415 0.9506836 0.2561035
vn -0.2524414 0.9418945 0.2220459
vn -0.08831787 0.9916992 0.09381104
vn -0.06536865 0.9956055 0.06359863
vn -0.2866211 0.9575195 0.03689575
vn -0.2866211 0.9575195 0.03689575
vn -0.2866211 0.9575195 0.03689575
vn -0.2949219 0.9189453 0.2612305
vn -0.2766113 0.9272461 0.2519531
vn -0.2766113 0.9272461 0.2519531
vn -0.2583008 0.9350586 0.2423096
vn 0.1334229 0.9785156 0.1566162
vn 0.1334229 0.9785156 0.1566162
vn 0.1334229 0.9785156 0.1566162
vn -0.05316162 0.9975586 0.0401001
vn -0.05316162 0.9975586 0.0401001
vn -0.05316162 0.9975586 0.0401001
vn -0.01663208 0.9912109 0.131958
vn -0.01663208 0.9912109 0.131958
vn -0.01663208 0.9912109 0.131958
vn 0.2905273 0.956543 -0.01594543
vn 0.286377 0.9570313 -0.04736328
vn 0.2954102 0.9550781 -0.02941895
vn 0.2631836 0.9648438 -0.01202393
vn 0.2678223 0.9633789 -0.004257202
vn 0.2524414 0.9672852 -0.02049255
vn 0.237793 0.9711914 -0.02005005
vn 0.2078857 0.9780273 0.004104614
vn 0.1907959 0.9814453 0.02685547
vn 0.1500244 0.9746094 0.1660156
vn 0.1563721 0.9785156 0.1358643
vn 0.1699219 0.9692383 0.1772461
vn 0.1516113 0.9741211 0.168335
vn 0.1557617 0.9746094 0.1601563
vn 0.1186523 0.9829102 0.1414795
vn 0.1815186 0.96875 0.168457
vn 0.1396484 0.9785156 0.1524658
vn 0.157959 0.9731445 0.168335
vn 0.1351318 0.9848633 0.1083374
vn 0.1501465 0.9833984 0.1026001
vn 0.1547852 0.9858398 0.0614624
vn 0.1189575 0.9912109 0.05368042
vn 0.1895752 0.9790039 0.07739258
vn 0.1512451 0.987793 0.04116821
vn 0.1981201 0.9755859 0.09680176
vn 0.1790771 0.9819336 0.05865479
vn 0.1804199 0.9799805 0.08288574
vn 0.1791992 0.9833984 0.02583313
vn 0.166626 0.9829102 0.07598877
vn 0.2004395 0.9780273 0.05923462
vn 0.1713867 0.9848633 0.01826477
vn 0.1575928 0.9873047 0.005767822
vn 0.1959229 0.9799805 0.03097534
vn 0.1478271 0.9887695 0.01741028
vn 0.1488037 0.987793 0.05078125
vn 0.1765137 0.9741211 0.1401367
vn 0.2020264 0.9794922 0.007686615
vn 0.2263184 0.9741211 0.005802155
vn 0.1983643 0.9799805 -0.01216125
vn 0.204834 0.9780273 -0.04232788
vn 0.1777344 0.9746094 0.1347656
vn 0.1784668 0.9741211 0.1374512
vn 0.07971191 0.996582 0.01487732
vn 0.07568359 0.9970703 0.009124756
vn 0.08764648 0.9960938 0.01820374
vn 0.08410645 0.996582 0.01043701
vn 0.1307373 0.9912109 0.01318359
vn 0.1505127 0.9887695 0.006793976
vn 0.1550293 0.987793 0.00585556
vn 0.1417236 0.9897461 0.002269745
vn 0.06512451 0.9980469 0.009727478
vn 0.06069946 0.9980469 -0.01131439
vn 0.08514404 0.996582 0.007209778
vn 0.100769 0.9946289 0.01031494
vn 0.1017456 0.9946289 -0.01646423
vn 0.0585022 0.9970703 -0.05227661
vn 0.05340576 0.9975586 -0.04342651
vn 0.08105469 0.9956055 -0.05093384
vn 0.05734253 0.9975586 -0.03979492
vn 0.06378174 0.9960938 -0.06396484
vn 0.0914917 0.9863281 -0.1364746
vn 0.06121826 0.996582 -0.05706787
vn 0.05886841 0.9960938 -0.06604004
vn 0.06149292 0.9921875 -0.1101074
vn 0.1144409 0.9921875 -0.04550171
vn 0.1152954 0.9790039 -0.168457
vn 0.1483154 0.9663086 -0.2113037
vn 0.1412354 0.9584961 -0.2468262
vn 0.1436768 0.9487305 -0.2817383
vn 0.2062988 0.9604492 -0.1873779
vn 0.2062988 0.9604492 -0.1873779
vn 0.1668701 0.9848633 -0.04486084
vn 0.1776123 0.9814453 -0.06964111
vn 0.1699219 0.9829102 -0.07220459
vn 0.1100464 0.9833984 -0.1446533
vn 0.118042 0.9863281 -0.1132202
vn 0.1204224 0.9863281 -0.1118164
vn 0.08898926 0.9838867 -0.1563721
vn 0.07910156 0.9931641 -0.08648682
vn 0.1292725 0.9765625 -0.1713867
vn 0.08929443 0.9765625 -0.1948242
vn 0.06561279 0.9770508 -0.2033691
vn 0.05578613 0.9677734 -0.2457275
vn 0.01565552 0.9853516 -0.1690674
vn 0.09558105 0.9624023 -0.2541504
vn 0.04672241 0.9614258 -0.270752
vn 0.1030273 0.9560547 -0.2739258
vn 0.1434326 0.9482422 -0.282959
vn -0.02662659 0.9819336 -0.1867676
vn -0.06402588 0.9799805 -0.1887207
vn -0.1015625 0.9726563 -0.2084961
vn -0.1015625 0.9726563 -0.2084961
vn -0.05722046 0.9804688 -0.1875
vn -0.05529785 0.9819336 -0.1802979
vn -0.06713867 0.9804688 -0.1835938
vn -0.0670166 0.9863281 -0.1508789
vn -0.08331299 0.9833984 -0.1621094
vn -0.07305908 0.9833984 -0.1656494
vn -0.004852295 0.9926758 0.1187134
vn -0.01687622 0.9951172 0.09594727
vn -0.01972961 0.9960938 0.08746338
vn -0.007965088 0.9897461 0.1417236
vn -0.04040527 0.9956055 0.08581543
vn -0.02481079 0.9980469 0.05697632
vn 0.0109024 1 0.01901245
vn -0.008010864 0.9995117 0.02809143
vn 0.04211426 0.9848633 0.1682129
vn 0.03598022 0.9848633 0.1694336
vn 0.08319092 0.9833984 0.1607666
vn 0.01678467 0.9882813 0.1522217
vn 0.01239777 0.9873047 0.1593018
vn -0.0009484291 0.9873047 0.1599121
vn -0.1890869 0.9667969 0.1727295
vn -0.1165771 0.9829102 0.1428223
vn -0.2067871 0.9707031 0.1223755
vn -0.2067871 0.9707031 0.1223755
vn -0.1547852 0.9506836 0.2685547
vn -0.1226196 0.9448242 0.3041992
vn -0.1547852 0.9506836 0.2685547
vn -0.1800537 0.9633789 0.1977539
vn -0.01551819 0.9858398 0.1674805
vn -0.04559326 0.9848633 0.1677246
vn -0.05111694 0.9848633 0.1663818
vn -0.05264282 0.9892578 0.1347656
vn -0.06488037 0.9936523 0.09375
vn -0.02944946 0.9931641 0.1120605
vn -0.03619385 0.9941406 0.1000366
vn -0.1056519 0.9799805 0.1676025
vn -0.1925049 0.9799805 0.04858398
vn -0.1925049 0.9799805 0.04858398
vn 0.09613037 0.9951172 -0.01220703
vn 0.09613037 0.9951172 -0.01220703
vn 0.09613037 0.9951172 -0.01220703
vn 0.2128906 0.9658203 0.1486816
vn 0.2435303 0.9628906 0.1148071
vn 0.2435303 0.9628906 0.1148071
vn 0.3713379 0.9277344 0.0406189
vn 0.3713379 0.9277344 0.0406189
vn 0.3713379 0.9277344 0.0406189
vn -0.1916504 0.9682617 0.161499
vn -0.1506348 0.9750977 0.1633301
vn -0.1889648 0.9682617 0.1627197
vn -0.184082 0.9555664 0.2302246
vn -0.1682129 0.9799805 0.1052246
vn -0.2342529 0.9506836 0.2042236
vn -0.2342529 0.9506836 0.2042236
vn -0.2322998 0.9511719 0.2042236
vn 0.04666138 0.9912109 0.1239624
vn 0.04882813 0.9892578 0.1376953
vn 0.02453613 0.9858398 0.1656494
vn 0.05767822 0.9931641 0.1030273
vn 0.04226685 0.9946289 0.09631348
vn 0.1244507 0.9907227 -0.05435181
vn 0.1244507 0.9907227 -0.05435181
vn 0.1244507 0.9907227 -0.05435181
vn 0.2327881 0.9643555 0.1260986
vn 0.2381592 0.9633789 0.1230469
vn 0.2336426 0.9663086 0.1095581
vn 0.2415771 0.9667969 0.08380127
vn 0.25 0.9672852 0.0413208
vn 0.2907715 0.9560547 0.03570557
vn 0.2305908 0.9731445 0.01216125
vn 0.3239746 0.9448242 0.04766846
vn 0.291748 0.9560547 0.02757263
vn 0.227417 0.9736328 0.0274353
vn 0.2470703 0.96875 0.01902771
vn 0.2468262 0.9648438 0.08874512
vn 0.1936035 0.9726563 0.126709
vn 0.2188721 0.9677734 0.1239014
vn 0.1859131 0.972168 0.144165
vn 0.2976074 0.9492188 0.1019897
vn 0.3703613 0.9248047 0.08831787
vn 0.4143066 0.9057617 0.09057617
vn 0.4143066 0.9057617 0.09057617
vn 0.2883301 0.9541016 0.08227539
vn 0.2449951 0.9648438 0.0958252
vn 0.2199707 0.9736328 -0.06256104
vn 0.1668701 0.9858398 -0.003816605
vn 0.154541 0.987793 -0.006462097
vn 0.1243286 0.9921875 -0.005718231
vn 0.1297607 0.9916992 -0.01174164
vn 0.229126 0.9682617 -0.1008301
vn 0.2384033 0.96875 -0.06921387
vn 0.2005615 0.9746094 -0.09936523
vn 0.2233887 0.9692383 -0.102478
vn 0.2255859 0.9682617 -0.1067505
vn -0.1967773 0.9760742 0.09082031
vn -0.2207031 0.9726563 0.07165527
vn -0.2145996 0.9746094 0.06341553
vn -0.2077637 0.9760742 0.06622314
vn -0.2509766 0.9614258 0.1121826
vn -0.215332 0.9716797 0.0960083
vn -0.1635742 0.9814453 0.09765625
vn -0.1875 0.9755859 0.1138306
vn -0.1744385 0.9785156 0.1087646
vn -0.2827148 0.9487305 0.1398926
vn -0.2971191 0.9472656 0.1208496
vn -0.3112793 0.9448242 0.1026611
vn -0.145874 0.9785156 0.1445313
vn -0.1170654 0.9765625 0.1799316
vn -0.1170654 0.9765625 0.1799316
vn -0.1721191 0.9833984 -0.05499268
vn -0.1721191 0.9833984 -0.05499268
vn -0.1721191 0.9833984 -0.05499268
vn 0.0269928 0.9990234 -0.03292847
vn 0.0269928 0.9990234 -0.03292847
vn 0.0269928 0.9990234 -0.03292847
vn -0.3166504 0.9487305 0.006111145
vn -0.3083496 0.9511719 -0.01983643
vn -0.3166504 0.9487305 0.006111145
vn -0.324707 0.9453125 0.03204346
vn -0.151001 0.987793 0.03594971
vn -0.151001 0.9868164 0.05661011
vn -0.151001 0.9868164 0.05661011
vn -0.1817627 0.9750977 0.1276855
vn -0.1838379 0.9765625 0.1124878
vn -0.2171631 0.9672852 0.1326904
vn -0.1796875 0.9731445 0.1428223
vn -0.1247559 0.9848633 0.1185913
vn -0.102478 0.9863281 0.1298828
vn -0.1057739 0.9892578 0.09985352
vn -0.1054688 0.9916992 0.07629395
vn -0.1539307 0.9863281 0.06054688
vn -0.1183472 0.9912109 0.0557251
vn -0.1341553 0.9892578 0.05999756
vn -0.0802002 0.9941406 0.0748291
vn -0.1013794 0.9946289 0.01161957
vn -0.1091919 0.9941406 -0.002456665
vn -0.1137085 0.9931641 0.02201843
vn -0.08612061 0.9926758 0.08740234
vn -0.09204102 0.9956055 0.01687622
vn -0.0758667 0.9970703 0.01120758
vn -0.1375732 0.9902344 0.03016663
vn -0.1021118 0.9946289 0.01705933
vn -0.02905273 0.9995117 0.01124573
vn -0.08886719 0.9956055 0.03482056
vn -0.1115112 0.9936523 0.0006551743
vn -0.1240234 0.9921875 0.0003836155
vn -0.1868896 0.9814453 0.04244995
vn -0.1809082 0.9824219 0.05075073
vn -0.1727295 0.984375 0.02926636
vn -0.1903076 0.9819336 0.001953125
vn -0.2110596 0.9770508 0.03071594
vn -0.2191162 0.9750977 0.03433228
vn -0.217041 0.9746094 0.0579834
vn -0.2081299 0.9775391 0.03497314
vn -0.2047119 0.9775391 0.05249023
vn -0.2045898 0.9790039 0.008888245
vn -0.2169189 0.9760742 0.01432037
vn -0.21875 0.9755859 0.0287323
vn -0.21875 0.9755859 0.0287323
vn 0.4035645 0.8935547 0.1973877
vn 0.4035645 0.8935547 0.1973877
vn 0.4035645 0.8935547 0.1973877
vn -0.2030029 0.9785156 0.02867126
vn -0.1777344 0.9819336 0.06213379
vn -0.2056885 0.9775391 0.04379272
vn -0.2580566 0.9663086 -0.008224487
vn -0.2736816 0.9619141 -0.01737976
vn -0.3037109 0.9521484 -0.03945923
vn -0.2834473 0.9584961 -0.03570557
vn -0.265625 0.9633789 -0.03262329
vn -0.1766357 0.984375 0.01589966
vn -0.1976318 0.9804688 0.009712219
vn -0.1654053 0.9824219 -0.08758545
vn -0.184082 0.9785156 -0.09100342
vn -0.1497803 0.984375 -0.09503174
vn -0.1678467 0.9833984 -0.0682373
vn -0.1793213 0.980957 -0.07281494
vn -0.1865234 0.9790039 -0.08337402
vn -0.1156006 0.9926758 -0.03890991
vn -0.1746826 0.9833984 -0.05206299
vn -0.3144531 0.9482422 0.04205322
vn -0.3515625 0.934082 0.06176758
vn -0.338623 0.9379883 0.07495117
vn -0.369873 0.9262695 0.0715332
vn -0.3469238 0.9375 0.01774597
vn -0.3444824 0.9384766 -0.02168274
vn -0.3603516 0.9326172 0.01512146
vn -0.3452148 0.9379883 -0.03829956
vn -0.3186035 0.9472656 0.03765869
vn -0.3151855 0.9477539 0.05267334
vn -0.3178711 0.9482422 0.01699829
vn -0.3254395 0.9453125 0.00762558
vn -0.2993164 0.9521484 -0.05978394
vn -0.2993164 0.9521484 -0.05978394
vn -0.2993164 0.9521484 -0.05978394
vn -0.08355713 0.9951172 0.04879761
vn -0.05358887 0.9980469 0.02947998
vn -0.08355713 0.9951172 0.04879761
vn -0.06622314 0.9702148 0.2329102
vn -0.06622314 0.9702148 0.2329102
vn -0.06622314 0.9702148 0.2329102
vn -0.05978394 0.9946289 -0.08459473
vn -0.06433105 0.9956055 -0.06604004
vn -0.06433105 0.9956055 -0.06604004
vn -0.07086182 0.9970703 -0.02781677
vn -0.06890869 0.996582 -0.04751587
vn -0.0305481 0.9916992 0.1265869
vn -0.04568481 0.9951172 0.0869751
vn -0.0305481 0.9916992 0.1265869
vn -0.0149231 0.9506836 0.3103027
vn -0.0149231 0.9506836 0.3103027
vn -0.0149231 0.9506836 0.3103027
vn -0.009101868 0.9995117 0.03289795
vn -0.0009841919 0.9990234 0.0402832
vn 0.007217407 0.9970703 0.07836914
vn -0.0259552 0.9990234 -0.0369873
vn 0.009544373 0.9995117 0.03686523
vn -0.004486084 0.9995117 -0.03259277
vn -0.01194763 1 -0.007591248
vn -0.04995728 0.9960938 -0.06951904
vn -0.0100708 1 -0.01792908
vn 0.006362915 1 -0.00113678
vn -0.07244873 0.9941406 -0.07830811
vn 0.01534271 0.9990234 -0.0390625
vn -0.02227783 0.9990234 -0.03457642
vn -0.112915 0.9897461 -0.08538818
vn -0.08209229 0.9936523 -0.07977295
vn -0.03790283 0.9956055 -0.08349609
vn -0.1329346 0.9858398 -0.1031494
vn -0.1226196 0.9882813 -0.08856201
vn -0.130249 0.9868164 -0.09619141
vn -0.1442871 0.984375 -0.1015625
vn -0.08209229 0.9951172 -0.05187988
vn -0.07806396 0.9858398 -0.1479492
vn -0.1039429 0.9892578 -0.1050415
vn -0.07806396 0.9858398 -0.1479492
vn -0.04763794 0.9868164 -0.1540527
vn -0.05880737 0.9936523 -0.09606934
vn -0.02090454 0.9995117 -0.03039551
vn -0.02026367 0.9995117 -0.01992798
vn -0.02203369 1 0.001358032
vn 0.02993774 0.9990234 0.03414917
vn 0.01696777 0.9990234 0.03729248
vn 0.006874084 0.9995117 0.02157593
vn -0.005722046 1 -0.01319122
vn -0.008216858 1 -0.0003767014
vn 0.001629829 1 -0.009002686
vn -0.03869629 0.9990234 -0.01628113
vn 0.08404541 0.9960938 0.01731873
vn 0.08404541 0.9960938 0.01731873
vn 0.1078491 0.9941406 -0.008621216
vn 0.02870178 0.9936523 -0.1073608
vn -0.00235939 0.996582 -0.08416748
vn -0.02490234 0.9912109 -0.1295166
vn 0.0670166 0.9926758 -0.1004639
vn 0.0668335 0.9916992 -0.1088257
vn -0.04244995 0.996582 -0.06939697
vn 0.006168365 0.9975586 -0.06915283
vn 0.03204346 0.9941406 -0.1054077
vn 0.02050781 0.9960938 -0.08825684
vn 0.009651184 0.9882813 -0.1533203
vn -0.01529694 0.9902344 -0.1375732
vn -0.0178833 0.9814453 -0.1900635
vn -0.2685547 0.9633789 0.005268097
vn -0.2685547 0.9633789 0.005268097
vn -0.2685547 0.9633789 0.005268097
vn -0.1365967 0.9863281 0.08966064
vn -0.1365967 0.9863281 0.08966064
vn -0.1365967 0.9863281 0.08966064
vn 0.01675415 0.9990234 -0.03634644
vn 0.01675415 0.9990234 -0.03634644
vn 0.01675415 0.9990234 -0.03634644
vn -0.1854248 0.9643555 -0.1884766
vn -0.1854248 0.9643555 -0.1884766
vn -0.1854248 0.9643555 -0.1884766
vn -0.2714844 0.9555664 -0.1146851
vn -0.2714844 0.9555664 -0.1146851
vn -0.2714844 0.9555664 -0.1146851
vn 0.05194092 0.9960938 -0.06945801
vn 0.05633545 0.9960938 -0.07000732
vn 0.05203247 0.9960938 -0.07025146
vn 0.04656982 0.9951172 -0.08459473
vn 0.07897949 0.9921875 -0.09429932
vn 0.05010986 0.9951172 -0.08392334
vn 0.02630615 0.9975586 -0.06799316
vn 0.003940582 0.9985352 -0.05090332
vn 0.1036377 0.9907227 -0.08978271
vn 0.1264648 0.9848633 -0.1195679
vn -0.03186035 0.9980469 -0.05535889
vn 0.03089905 0.9990234 -0.03384399
vn 0.1106567 0.9926758 -0.05197144
vn 0.09545898 0.9926758 -0.07580566
vn 0.07714844 0.9946289 -0.07073975
vn 0.09136963 0.9946289 -0.04711914
vn 0.1343994 0.9902344 -0.03068542
vn 0.1571045 0.987793 0.005462646
vn -0.2629395 0.9541016 0.1442871
vn -0.2629395 0.9541016 0.1442871
vn -0.2629395 0.9541016 0.1442871
vn 0.1034546 0.9853516 -0.1346436
vn 0.1397705 0.9838867 -0.1126099
vn 0.1397705 0.9838867 -0.1126099
vn 0.1578369 0.9863281 -0.04629517
vn 0.1556396 0.9858398 -0.06500244
vn 0.145752 0.9892578 -0.006168365
vn 0.1577148 0.9868164 0.03601074
vn 0.1702881 0.9833984 0.06036377
vn 0.1739502 0.9833984 0.04745483
vn 0.1883545 0.9819336 0.02456665
vn 0.1885986 0.9819336 0.02502441
vn 0.2436523 0.9697266 -0.003091812
vn 0.1259766 0.9912109 0.03756714
vn 0.1484375 0.9819336 0.1177979
vn 0.1484375 0.9819336 0.1177979
vn 0.1335449 0.9819336 0.1343994
vn 0.1222534 0.9829102 0.137085
vn 0.1222534 0.9829102 0.137085
vn 0.1222534 0.9829102 0.137085
vn -0.08605957 0.9882813 0.1265869
vn -0.08325195 0.9897461 0.1171265
vn -0.1104126 0.984375 0.1379395
vn -0.0803833 0.9907227 0.1077271
vn -0.1644287 0.9702148 0.1790771
vn -0.1773682 0.9716797 0.1569824
vn -0.1903076 0.9726563 0.1348877
vn -0.2177734 0.9682617 0.1231079
vn -0.2451172 0.9628906 0.1112061
vn -0.2177734 0.9682617 0.1231079
vn -0.02151489 0.9682617 0.2481689
vn -0.02151489 0.9682617 0.2481689
vn -0.02151489 0.9682617 0.2481689
vn -0.06005859 0.9394531 0.3366699
vn -0.06005859 0.9394531 0.3366699
vn -0.06005859 0.9394531 0.3366699
vn 0.1665039 0.9765625 0.137207
vn 0.1665039 0.9765625 0.137207
vn 0.1665039 0.9765625 0.137207
vn -0.0736084 0.9936523 0.08642578
vn -0.09680176 0.9931641 0.06549072
vn -0.1071167 0.987793 0.1121826
vn -0.0736084 0.9936523 0.08642578
vn -0.003377914 0.9980469 0.06219482
vn -0.1428223 0.9892578 0.02345276
vn -0.1428223 0.9892578 0.02345276
vn 0.0682373 0.9960938 0.05355835
vn 0.03329468 0.9975586 0.06384277
vn -0.142334 0.9726563 -0.182251
vn -0.124939 0.9741211 -0.1876221
vn -0.1295166 0.9731445 -0.1907959
vn -0.1488037 0.9726563 -0.1778564
vn -0.2130127 0.9643555 -0.1574707
vn -0.2359619 0.9614258 -0.1407471
vn -0.2478027 0.9580078 -0.1430664
vn -0.2294922 0.9633789 -0.1392822
vn -0.1850586 0.9692383 -0.1633301
vn -0.2119141 0.9677734 -0.1361084
vn -0.2325439 0.9672852 -0.09918213
vn -0.2131348 0.9716797 -0.1000977
vn -0.1988525 0.9755859 -0.09515381
vn -0.2364502 0.9682617 -0.07940674
vn -0.2409668 0.9682617 -0.06658936
vn -0.2036133 0.9790039 -0.01138306
vn -0.177124 0.984375 -0.007469177
vn -0.1967773 0.9804688 0.01307678
vn -0.2971191 0.902832 -0.3105469
vn -0.3305664 0.9052734 -0.2663574
vn -0.3056641 0.9038086 -0.2995605
vn -0.255127 0.9052734 -0.3391113
vn -0.2456055 0.9038086 -0.3503418
vn -0.2108154 0.9057617 -0.3681641
vn -0.3054199 0.8974609 -0.3186035
vn -0.3066406 0.8959961 -0.3215332
vn -0.3193359 0.9077148 -0.2714844
vn -0.3359375 0.9047852 -0.2624512
vn -0.3317871 0.9135742 -0.2351074
vn -0.3129883 0.9018555 -0.2971191
vn -0.2607422 0.9404297 -0.2174072
vn -0.1922607 0.9370117 -0.2919922
vn -0.2075195 0.9331055 -0.2944336
vn -0.1768799 0.940918 -0.2895508
vn -0.1986084 0.9272461 -0.317627
vn -0.2202148 0.9545898 -0.2000732
vn -0.2607422 0.9404297 -0.2174072
vn -0.07330322 0.9926758 -0.09356689
vn -0.07330322 0.9926758 -0.09356689
vn -0.07330322 0.9926758 -0.09356689
vn -0.2145996 0.9331055 0.2890625
vn -0.2145996 0.9331055 0.2890625
vn -0.2145996 0.9331055 0.2890625
vn -0.3029785 0.9316406 0.2006836
vn -0.3029785 0.9316406 0.2006836
vn -0.3029785 0.9316406 0.2006836
vn -0.1206055 0.9873047 0.1035156
vn -0.1159058 0.987793 0.1040039
vn -0.1159058 0.987793 0.1040039
vn -0.1112061 0.9882813 0.1044312
vn 0.1184692 0.9921875 -0.03918457
vn 0.09729004 0.9941406 -0.04385376
vn 0.1123657 0.9936523 -0.01127625
vn 0.07867432 0.996582 0.02789307
vn 0.02055359 0.9995117 0.009719849
vn 0.05117798 0.9980469 0.03909302
vn 0.06027222 0.9980469 0.01791382
vn 0.008224487 1 -0.01072693
vn 0.07421875 0.9970703 0.001317978
vn 0.05969238 0.9980469 -0.0196228
vn 0.07391357 0.9960938 -0.05206299
vn -0.08300781 0.9672852 0.2402344
vn -0.08300781 0.9672852 0.2402344
vn -0.08300781 0.9672852 0.2402344
vn 0.1531982 0.9833984 -0.09515381
vn 0.1531982 0.9833984 -0.09515381
vn 0.152832 0.9868164 -0.05197144
vn 0.1456299 0.9692383 0.1972656
vn 0.1456299 0.9692383 0.1972656
vn 0.1456299 0.9692383 0.1972656
vn 0.03988647 0.9990234 0.006439209
vn 0.05889893 0.9980469 0.01438141
vn 0.05050659 0.9975586 0.04498291
vn 0.06390381 0.9980469 -0.001811028
vn 0.09100342 0.9926758 -0.07818604
vn 0.2478027 0.9624023 -0.1097412
vn 0.2478027 0.9624023 -0.1097412
vn 0.25 0.9663086 -0.06243896
vn 0.1992188 0.972168 -0.1217041
vn 0.2099609 0.9658203 -0.1506348
vn 0.1655273 0.980957 -0.09985352
vn 0.1610107 0.9833984 -0.08416748
vn 0.1352539 0.9892578 -0.05786133
vn 0.124939 0.9902344 -0.05911255
vn 0.09777832 0.9931641 -0.06536865
vn 0.246582 0.9560547 -0.159668
vn 0.2646484 0.9541016 -0.1411133
vn 0.2414551 0.9594727 -0.1442871
vn 0.3061523 0.9365234 -0.1704102
vn 0.1777344 0.9692383 -0.1715088
vn 0.3051758 0.9335938 -0.1875
vn 0.3061523 0.9365234 -0.1704102
vn -0.2871094 0.9570313 -0.04455566
vn -0.2871094 0.9570313 -0.04455566
vn -0.2487793 0.9677734 -0.04022217
vn -0.1455078 0.9672852 -0.2078857
vn -0.1383057 0.9711914 -0.1929932
vn -0.1347656 0.9692383 -0.2053223
vn -0.1396484 0.9780273 -0.1542969
vn -0.1450195 0.9799805 -0.135376
vn -0.1661377 0.9804688 -0.1075439
vn -0.1669922 0.9804688 -0.102356
vn -0.0904541 0.9926758 -0.08276367
vn -0.0904541 0.9926758 -0.08276367
vn -0.0982666 0.9873047 -0.1229858
vn -0.05078125 0.9902344 -0.1282959
vn -0.05392456 0.9868164 -0.1519775
vn -0.09539795 0.9848633 -0.1462402
vn -0.12854 0.984375 -0.1217651
vn -0.1136475 0.9804688 -0.1601563
vn -0.1142578 0.9692383 -0.2171631
vn -0.06634521 0.9838867 -0.1674805
vn -0.09539795 0.9750977 -0.2001953
vn -0.09503174 0.9711914 -0.2176514
vn -0.09985352 0.9882813 -0.1174316
vn -0.1035156 0.9921875 -0.06964111
vn -0.09985352 0.9882813 -0.1174316
vn -0.1707764 0.9833984 -0.06268311
vn -0.1707764 0.9833984 -0.06268311
vn -0.1779785 0.9838867 -0.01980591
vn -0.1322021 0.9868164 -0.09344482
vn -0.163208 0.980957 -0.1054688
vn -0.06237793 0.9790039 0.1931152
vn -0.06237793 0.9790039 0.1931152
vn -0.06237793 0.9790039 0.1931152
vn 0.3442383 0.9208984 0.1821289
vn 0.3442383 0.9208984 0.1821289
vn 0.3442383 0.9208984 0.1821289
vn 0.1235352 0.9868164 0.104126
vn 0.1411133 0.9824219 0.1202393
vn 0.1411133 0.9824219 0.1202393
vn 0.4296875 0.8974609 -0.09869385
vn 0.4299316 0.8974609 -0.09991455
vn 0.4331055 0.8959961 -0.09594727
vn 0.4348145 0.8955078 -0.09393311
vn 0.4401855 0.8935547 -0.09033203
vn -0.08648682 0.9580078 -0.2734375
vn -0.08648682 0.9580078 -0.2734375
vn -0.08233643 0.96875 -0.234375
vn -0.04031372 0.9433594 -0.3295898
vn -0.05532837 0.9375 -0.3439941
vn -0.01515198 0.940918 -0.3381348
vn 0.02404785 0.9633789 -0.2678223
vn 0.02404785 0.9633789 -0.2678223
vn 0.05822754 0.9702148 -0.234375
vn 0.211792 0.972168 -0.09857178
vn 0.211792 0.972168 -0.09857178
vn 0.211792 0.972168 -0.09857178
vn -0.1884766 0.9746094 -0.1226196
vn -0.1585693 0.9799805 -0.1222534
vn -0.1884766 0.9746094 -0.1226196
vn -0.1500244 0.9399414 -0.3068848
vn -0.1652832 0.9355469 -0.3127441
vn -0.1655273 0.9316406 -0.3237305
vn -0.1855469 0.9204102 -0.3442383
vn -0.1848145 0.9082031 -0.3757324
vn -0.1690674 0.918457 -0.3574219
vn -0.1646729 0.9165039 -0.3647461
vn -0.1682129 0.9243164 -0.3425293
vn -0.1516113 0.9384766 -0.3098145
vn -0.168457 0.9160156 -0.3635254
vn -0.03909302 0.9672852 -0.2514648
vn -0.02223206 0.9731445 -0.2294922
vn -0.03909302 0.9672852 -0.2514648
vn -0.0559082 0.9604492 -0.2731934
vn -0.2702637 0.9277344 -0.2578125
vn -0.2702637 0.9277344 -0.2578125
vn -0.2702637 0.9277344 -0.2578125
vn 0.3105469 0.9233398 -0.2259521
vn 0.2790527 0.9291992 -0.2415771
vn 0.3105469 0.9233398 -0.2259521
vn 0.1962891 0.9506836 -0.2410889
vn 0.2474365 0.934082 -0.2568359
vn 0.225708 0.9394531 -0.2578125
vn 0.2038574 0.9443359 -0.2585449
vn -0.02101135 0.9995117 -0.02357483
vn -0.05889893 0.9970703 -0.04397583
vn -0.2661133 0.9365234 -0.2283936
vn -0.2661133 0.9365234 -0.2283936
vn -0.2661133 0.9365234 -0.2283936
vn 0.01196289 0.9838867 -0.1781006
vn 0.01196289 0.9838867 -0.1781006
vn 0.01196289 0.9838867 -0.1781006
vn 0.06951904 0.9926758 -0.09875488
vn 0.05841064 0.9941406 -0.08947754
vn 0.0411377 0.9902344 -0.131958
vn 0.09381104 0.9638672 -0.2489014
vn 0.1278076 0.9604492 -0.2476807
vn 0.09381104 0.9638672 -0.2489014
vn 0.05969238 0.9663086 -0.2498779
vn 0.01062775 0.8989258 -0.4382324
vn 0.01062775 0.8989258 -0.4382324
vn 0.01062775 0.8989258 -0.4382324
vn 0.1141968 0.934082 -0.3388672
vn 0.1154785 0.9287109 -0.3527832
vn 0.1138306 0.9458008 -0.3044434
vn 0.1162109 0.9189453 -0.3764648
vn 0.117981 0.9174805 -0.380127
vn 0.2758789 0.8579102 -0.4331055
vn 0.2758789 0.8579102 -0.4331055
vn 0.2758789 0.8579102 -0.4331055
vn 0.4089355 0.9072266 -0.09777832
vn 0.4089355 0.9077148 -0.09539795
vn 0.4089355 0.9077148 -0.09539795
vn 0.4091797 0.9077148 -0.09301758
vn 0.1398926 0.9897461 -0.02861023
vn 0.1193237 0.9926758 -0.02590942
vn 0.09436035 0.9897461 -0.1057129
vn 0.182373 0.9833984 0.0009088516
vn 0.1740723 0.9848633 0.001983643
vn 0.2089844 0.9780273 -0.005672455
vn 0.1574707 0.9873047 0.004131317
vn -0.007766724 0.909668 -0.4152832
vn -0.007766724 0.909668 -0.4152832
vn -0.007766724 0.909668 -0.4152832
vn 0.1473389 0.9648438 -0.2181396
vn 0.1365967 0.96875 -0.206665
vn 0.1187744 0.9731445 -0.1975098
vn 0.1009521 0.9770508 -0.1882324
vn -0.1156616 0.9853516 -0.1259766
vn -0.1156616 0.9853516 -0.1259766
vn -0.1156616 0.9853516 -0.1259766
vn 0.1619873 0.9326172 -0.3227539
vn 0.192749 0.9365234 -0.2922363
vn 0.1619873 0.9326172 -0.3227539
vn 0.1307373 0.9267578 -0.3527832
vn -0.05236816 0.9389648 -0.3395996
vn -0.05236816 0.9389648 -0.3395996
vn -0.05236816 0.9389648 -0.3395996
vn -0.09851074 0.953125 -0.2868652
vn -0.09356689 0.9550781 -0.2819824
vn -0.09356689 0.9550781 -0.2819824
vn -0.08862305 0.9570313 -0.2768555
vn 0.3312988 0.9223633 -0.1988525
vn 0.3256836 0.9238281 -0.2015381
vn 0.3312988 0.9223633 -0.1988525
vn 0.3200684 0.925293 -0.2041016
vn 0.3200684 0.925293 -0.2041016
vn 0.4506836 0.8696289 -0.2008057
vn 0.4506836 0.8696289 -0.2008057
vn 0.4506836 0.8696289 -0.2008057
vn -0.01361847 1 -0.01494598
vn -0.03622437 0.9985352 -0.040802
vn -0.02323914 0.9990234 -0.03259277
vn -0.03186035 0.9980469 -0.05099487
vn -0.01221466 0.9975586 -0.0668335
vn -0.02966309 0.9970703 -0.06732178
vn -0.01564026 0.9975586 -0.06555176
vn -0.02050781 0.996582 -0.08129883
vn 0.002328873 0.996582 -0.07989502
vn 0.05349731 0.9946289 -0.08935547
vn -0.02185059 0.996582 -0.07775879
vn -0.02185059 0.996582 -0.07775879
vn -0.04888916 0.9985352 -0.02383423
vn -0.0103302 0.9990234 -0.04711914
vn -0.08734131 0.9960938 -0.0004906654
vn -0.03582764 0.9990234 -0.0317688
vn -0.1685791 0.9086914 -0.3823242
vn -0.2094727 0.8989258 -0.3845215
vn -0.1685791 0.9086914 -0.3823242
vn -0.1274414 0.9165039 -0.3796387
vn 0.1176758 0.9887695 -0.09014893
vn 0.1176758 0.9887695 -0.09014893
vn 0.1176758 0.9887695 -0.09014893
vn -0.005474091 0.9575195 -0.2875977
vn -0.005474091 0.9575195 -0.2875977
vn -0.005474091 0.9575195 -0.2875977
vn 0.06216431 0.9951172 -0.07507324
vn 0.1037598 0.9931641 -0.05715942
vn 0.1037598 0.9931641 -0.05715942
vn 0.08648682 0.9926758 -0.08575439
g SM_Env_GroundMound_02_0
f 3/3/3 2/2/2 1/1/1
f 3/3/3 4/4/4 2/2/2
f 3/3/3 5/5/5 4/4/4
f 5/5/5 3/3/3 6/6/6
f 6/6/6 7/7/7 5/5/5
f 1/1/1 2/2/2 8/8/8
f 9/9/9 1/1/1 8/8/8
f 10/10/10 1/1/1 9/9/9
f 10/10/10 9/9/9 11/11/11
f 5/5/5 12/12/12 4/4/4
f 10/10/10 13/13/13 1/1/1
f 13/13/13 10/10/10 14/14/14
f 15/15/15 9/9/9 8/8/8
f 9/9/9 15/15/15 11/11/11
f 16/16/16 15/15/15 8/8/8
f 17/17/17 13/13/13 14/14/14
f 13/13/13 17/17/17 18/18/18
f 19/19/19 14/14/14 10/10/10
f 19/19/19 10/10/10 11/11/11
f 17/17/17 20/20/20 18/18/18
f 21/21/21 17/17/17 14/14/14
f 17/17/17 21/21/21 20/20/20
f 20/20/20 22/22/22 18/18/18
f 22/22/22 20/20/20 23/23/23
f 24/24/24 22/22/22 23/23/23
f 25/25/25 24/24/24 23/23/23
f 25/25/25 26/26/26 24/24/24
f 24/24/24 26/26/26 27/27/27
f 24/24/24 28/28/28 22/22/22
f 28/28/28 24/24/24 27/27/27
f 29/29/29 28/28/28 27/27/27
f 31/31/31 16/16/16 30/30/30
f 31/31/31 30/30/30 32/32/32
f 32/32/32 30/30/30 33/33/33
f 34/34/34 31/31/31 32/32/32
f 30/30/30 36/36/36 35/35/35
f 30/30/30 35/35/35 37/37/37
f 38/38/38 35/35/35 36/36/36
f 39/39/39 38/38/38 36/36/36
f 38/38/38 40/40/40 35/35/35
f 38/38/38 41/41/41 40/40/40
f 40/40/40 41/41/41 42/42/42
f 43/43/43 35/35/35 40/40/40
f 35/35/35 44/44/44 37/37/37
f 35/35/35 45/45/45 44/44/44
f 46/46/46 40/40/40 42/42/42
f 48/48/48 39/39/39 47/47/47
f 50/50/50 49/49/49 47/47/47
f 50/50/50 51/51/51 49/49/49
f 51/51/51 52/52/52 49/49/49
f 51/51/51 53/53/53 52/52/52
f 5/5/5 52/52/52 53/53/53
f 54/54/54 49/49/49 52/52/52
f 47/47/47 49/49/49 54/54/54
f 50/50/50 55/55/55 51/51/51
f 56/56/56 50/50/50 47/47/47
f 58/58/58 57/57/57 52/52/52
f 57/57/57 58/58/58 59/59/59
f 58/58/58 60/60/60 59/59/59
f 61/61/61 60/60/60 58/58/58
f 60/60/60 62/62/62 59/59/59
f 63/63/63 57/57/57 59/59/59
f 62/62/62 63/63/63 59/59/59
f 65/65/65 64/64/64 51/51/51
f 64/64/64 65/65/65 66/66/66
f 68/68/68 67/67/67 66/66/66
f 68/68/68 69/69/69 67/67/67
f 68/68/68 71/71/71 70/70/70
f 57/57/57 73/73/73 72/72/72
f 75/75/75 57/57/57 74/74/74
f 75/75/75 73/73/73 76/76/76
f 75/75/75 47/47/47 73/73/73
f 75/75/75 77/77/77 47/47/47
f 77/77/77 78/78/78 47/47/47
f 77/77/77 80/80/80 79/79/79
f 82/82/82 81/81/81 79/79/79
f 83/83/83 81/81/81 82/82/82
f 86/86/86 85/85/85 84/84/84
f 86/86/86 87/87/87 85/85/85
f 87/87/87 88/88/88 85/85/85
f 88/88/88 87/87/87 89/89/89
f 92/92/92 91/91/91 90/90/90
f 95/95/95 94/94/94 93/93/93
f 98/98/98 97/97/97 96/96/96
f 100/100/100 97/97/97 99/99/99
f 100/100/100 99/99/99 101/101/101
f 97/97/97 103/103/103 102/102/102
f 103/103/103 104/104/104 102/102/102
f 105/105/105 103/103/103 101/101/101
f 103/103/103 106/106/106 104/104/104
f 107/107/107 105/105/105 101/101/101
f 107/107/107 101/101/101 108/108/108
f 107/107/107 108/108/108 109/109/109
f 107/107/107 109/109/109 110/110/110
f 107/107/107 110/110/110 111/111/111
f 112/112/112 107/107/107 111/111/111
f 113/113/113 112/112/112 111/111/111
f 109/109/109 114/114/114 110/110/110
f 109/109/109 115/115/115 114/114/114
f 116/116/116 104/104/104 106/106/106
f 117/117/117 116/116/116 106/106/106
f 110/110/110 117/117/117 118/118/118
f 110/110/110 119/119/119 117/117/117
f 117/117/117 119/119/119 120/120/120
f 116/116/116 117/117/117 120/120/120
f 119/119/119 110/110/110 121/121/121
f 110/110/110 122/122/122 121/121/121
f 123/123/123 114/114/114 115/115/115
f 123/123/123 124/124/124 114/114/114
f 122/122/122 124/124/124 125/125/125
f 125/125/125 126/126/126 119/119/119
f 126/126/126 125/125/125 124/124/124
f 123/123/123 126/126/126 124/124/124
f 126/126/126 127/127/127 119/119/119
f 126/126/126 123/123/123 128/128/128
f 129/129/129 126/126/126 128/128/128
f 131/131/131 130/130/130 116/116/116
f 130/130/130 133/133/133 132/132/132
f 135/135/135 130/130/130 134/134/134
f 137/137/137 136/136/136 131/131/131
f 136/136/136 137/137/137 138/138/138
f 136/136/136 140/140/140 139/139/139
f 140/140/140 141/141/141 139/139/139
f 136/136/136 143/143/143 142/142/142
f 144/144/144 137/137/137 116/116/116
f 143/143/143 146/146/146 145/145/145
f 148/148/148 147/147/147 146/146/146
f 148/148/148 150/150/150 149/149/149
f 151/151/151 148/148/148 149/149/149
f 148/148/148 151/151/151 152/152/152
f 153/153/153 148/148/148 152/152/152
f 155/155/155 148/148/148 154/154/154
f 148/148/148 157/157/157 156/156/156
f 157/157/157 159/159/159 158/158/158
f 157/157/157 160/160/160 159/159/159
f 161/161/161 159/159/159 160/160/160
f 162/162/162 158/158/158 159/159/159
f 159/159/159 164/164/164 163/163/163
f 166/166/166 163/163/163 165/165/165
f 167/167/167 166/166/166 165/165/165
f 168/168/168 166/166/166 167/167/167
f 170/170/170 169/169/169 165/165/165
f 172/172/172 171/171/171 169/169/169
f 172/172/172 173/173/173 171/171/171
f 172/172/172 175/175/175 174/174/174
f 175/175/175 176/176/176 174/174/174
f 178/178/178 177/177/177 174/174/174
f 177/177/177 178/178/178 179/179/179
f 181/181/181 180/180/180 179/179/179
f 181/181/181 182/182/182 180/180/180
f 184/184/184 178/178/178 183/183/183
f 173/173/173 186/186/186 185/185/185
f 188/188/188 173/173/173 187/187/187
f 188/188/188 189/189/189 173/173/173
f 190/190/190 188/188/188 187/187/187
f 190/190/190 187/187/187 191/191/191
f 192/192/192 188/188/188 190/190/190
f 193/193/193 188/188/188 192/192/192
f 188/188/188 194/194/194 189/189/189
f 194/194/194 195/195/195 189/189/189
f 194/194/194 196/196/196 195/195/195
f 196/196/196 194/194/194 197/197/197
f 199/199/199 189/189/189 198/198/198
f 200/200/200 199/199/199 198/198/198
f 199/199/199 200/200/200 201/201/201
f 199/199/199 201/201/201 202/202/202
f 203/203/203 200/200/200 198/198/198
f 204/204/204 203/203/203 198/198/198
f 204/204/204 205/205/205 203/203/203
f 207/207/207 200/200/200 206/206/206
f 209/209/209 208/208/208 206/206/206
f 204/204/204 211/211/211 210/210/210
f 214/214/214 213/213/213 212/212/212
f 217/217/217 216/216/216 215/215/215
f 220/220/220 219/219/219 218/218/218
f 223/223/223 222/222/222 221/221/221
f 226/226/226 225/225/225 224/224/224
f 229/229/229 228/228/228 227/227/227
f 232/232/232 231/231/231 230/230/230
f 235/235/235 234/234/234 233/233/233
f 235/235/235 236/236/236 234/234/234
f 236/236/236 235/235/235 237/237/237
f 235/235/235 239/239/239 238/238/238
f 235/235/235 241/241/241 240/240/240
f 244/244/244 243/243/243 242/242/242
f 244/244/244 246/246/246 245/245/245
f 249/249/249 248/248/248 247/247/247
f 251/251/251 247/247/247 250/250/250
f 253/253/253 251/251/251 252/252/252
f 251/251/251 254/254/254 252/252/252
f 257/257/257 256/256/256 255/255/255
f 260/260/260 259/259/259 258/258/258
f 259/259/259 261/261/261 258/258/258
f 263/263/263 262/262/262 16/16/16
f 266/266/266 265/265/265 264/264/264
f 269/269/269 268/268/268 267/267/267
f 268/268/268 269/269/269 270/270/270
f 273/273/273 272/272/272 271/271/271
f 276/276/276 275/275/275 274/274/274
f 279/279/279 278/278/278 277/277/277
f 282/282/282 281/281/281 280/280/280
f 283/283/283 282/282/282 280/280/280
f 284/284/284 283/283/283 280/280/280
f 283/283/283 284/284/284 285/285/285
f 286/286/286 283/283/283 285/285/285
f 283/283/283 286/286/286 287/287/287
f 288/288/288 283/283/283 287/287/287
f 291/291/291 290/290/290 289/289/289
f 292/292/292 291/291/291 289/289/289
f 291/291/291 292/292/292 293/293/293
f 119/119/119 292/292/292 289/289/289
f 292/292/292 119/119/119 293/293/293
f 294/294/294 293/293/293 119/119/119
f 294/294/294 295/295/295 293/293/293
f 295/295/295 291/291/291 293/293/293
f 295/295/295 294/294/294 296/296/296
f 295/295/295 297/297/297 291/291/291
f 294/294/294 299/299/299 298/298/298
f 299/299/299 300/300/300 298/298/298
f 301/301/301 298/298/298 300/300/300
f 300/300/300 299/299/299 302/302/302
f 299/299/299 303/303/303 302/302/302
f 303/303/303 299/299/299 304/304/304
f 303/303/303 305/305/305 302/302/302
f 306/306/306 300/300/300 302/302/302
f 300/300/300 306/306/306 307/307/307
f 308/308/308 300/300/300 307/307/307
f 305/305/305 309/309/309 302/302/302
f 309/309/309 306/306/306 302/302/302
f 310/310/310 309/309/309 307/307/307
f 307/307/307 309/309/309 311/311/311
f 312/312/312 308/308/308 307/307/307
f 313/313/313 308/308/308 312/312/312
f 313/313/313 314/314/314 308/308/308
f 315/315/315 308/308/308 314/314/314
f 316/316/316 312/312/312 307/307/307
f 311/311/311 316/316/316 307/307/307
f 316/316/316 317/317/317 312/312/312
f 316/316/316 318/318/318 317/317/317
f 316/316/316 311/311/311 318/318/318
f 318/318/318 319/319/319 317/317/317
f 315/315/315 295/295/295 320/320/320
f 295/295/295 321/321/321 320/320/320
f 323/323/323 322/322/322 311/311/311
f 324/324/324 322/322/322 323/323/323
f 325/325/325 322/322/322 324/324/324
f 324/324/324 326/326/326 325/325/325
f 326/326/326 327/327/327 325/325/325
f 325/325/325 327/327/327 115/115/115
f 326/326/326 328/328/328 327/327/327
f 329/329/329 327/327/327 328/328/328
f 328/328/328 326/326/326 303/303/303
f 326/326/326 324/324/324 303/303/303
f 303/303/303 329/329/329 328/328/328
f 322/322/322 325/325/325 330/330/330
f 330/330/330 325/325/325 331/331/331
f 332/332/332 303/303/303 324/324/324
f 332/332/332 324/324/324 323/323/323
f 333/333/333 322/322/322 330/330/330
f 333/333/333 334/334/334 322/322/322
f 322/322/322 334/334/334 311/311/311
f 334/334/334 335/335/335 311/311/311
f 335/335/335 337/337/337 336/336/336
f 338/338/338 335/335/335 336/336/336
f 339/339/339 335/335/335 338/338/338
f 339/339/339 340/340/340 335/335/335
f 341/341/341 338/338/338 336/336/336
f 341/341/341 336/336/336 342/342/342
f 341/341/341 342/342/342 343/343/343
f 344/344/344 334/334/334 337/337/337
f 346/346/346 340/340/340 345/345/345
f 347/347/347 346/346/346 345/345/345
f 347/347/347 348/348/348 346/346/346
f 350/350/350 346/346/346 349/349/349
f 352/352/352 351/351/351 344/344/344
f 352/352/352 318/318/318 351/351/351
f 352/352/352 353/353/353 318/318/318
f 355/355/355 354/354/354 345/345/345
f 340/340/340 356/356/356 354/354/354
f 358/358/358 343/343/343 357/357/357
f 360/360/360 359/359/359 357/357/357
f 357/357/357 361/361/361 360/360/360
f 360/360/360 361/361/361 362/362/362
f 363/363/363 361/361/361 357/357/357
f 365/365/365 364/364/364 362/362/362
f 364/364/364 365/365/365 366/366/366
f 364/364/364 366/366/366 367/367/367
f 369/369/369 368/368/368 363/363/363
f 369/369/369 371/371/371 370/370/370
f 373/373/373 369/369/369 372/372/372
f 374/374/374 373/373/373 372/372/372
f 375/375/375 374/374/374 372/372/372
f 376/376/376 374/374/374 375/375/375
f 377/377/377 376/376/376 375/375/375
f 380/380/380 379/379/379 378/378/378
f 381/381/381 380/380/380 378/378/378
f 380/380/380 381/381/381 382/382/382
f 380/380/380 382/382/382 383/383/383
f 385/385/385 380/380/380 384/384/384
f 381/381/381 387/387/387 386/386/386
f 291/291/291 388/388/388 386/386/386
f 388/388/388 389/389/389 386/386/386
f 389/389/389 388/388/388 390/390/390
f 391/391/391 389/389/389 390/390/390
f 393/393/393 34/34/34 392/392/392
f 392/392/392 395/395/395 394/394/394
f 398/398/398 397/397/397 396/396/396
f 399/399/399 398/398/398 396/396/396
f 402/402/402 401/401/401 400/400/400
f 403/403/403 400/400/400 401/401/401
f 405/405/405 403/403/403 404/404/404
f 406/406/406 405/405/405 404/404/404
f 407/407/407 403/403/403 33/33/33
f 41/41/41 409/409/409 408/408/408
f 412/412/412 411/411/411 410/410/410
f 415/415/415 414/414/414 413/413/413
f 418/418/418 417/417/417 416/416/416
f 420/420/420 45/45/45 419/419/419
f 45/45/45 421/421/421 419/419/419
f 421/421/421 45/45/45 422/422/422
f 423/423/423 419/419/419 421/421/421
f 425/425/425 424/424/424 419/419/419
f 425/425/425 426/426/426 424/424/424
f 429/429/429 428/428/428 427/427/427
f 428/428/428 430/430/430 427/427/427
f 430/430/430 431/431/431 427/427/427
f 434/434/434 433/433/433 432/432/432
f 437/437/437 436/436/436 435/435/435
f 437/437/437 435/435/435 438/438/438
f 437/437/437 438/438/438 439/439/439
f 438/438/438 440/440/440 439/439/439
f 440/440/440 441/441/441 439/439/439
f 443/443/443 442/442/442 440/440/440
f 445/445/445 444/444/444 441/441/441
f 444/444/444 446/446/446 441/441/441
f 448/448/448 447/447/447 446/446/446
f 447/447/447 448/448/448 449/449/449
f 450/450/450 448/448/448 446/446/446
f 451/451/451 450/450/450 440/440/440
f 453/453/453 452/452/452 451/451/451
f 455/455/455 454/454/454 446/446/446
f 457/457/457 441/441/441 456/456/456
f 459/459/459 458/458/458 457/457/457
f 459/459/459 460/460/460 458/458/458
f 462/462/462 456/456/456 461/461/461
f 456/456/456 463/463/463 461/461/461
f 464/464/464 462/462/462 461/461/461
f 465/465/465 464/464/464 461/461/461
f 463/463/463 465/465/465 461/461/461
f 468/468/468 467/467/467 466/466/466
f 469/469/469 467/467/467 468/468/468
f 467/467/467 470/470/470 466/466/466
f 471/471/471 470/470/470 467/467/467
f 469/469/469 471/471/471 467/467/467
f 471/471/471 469/469/469 472/472/472
f 470/470/470 473/473/473 466/466/466
f 474/474/474 471/471/471 472/472/472
f 475/475/475 470/470/470 471/471/471
f 475/475/475 476/476/476 470/470/470
f 476/476/476 477/477/477 470/470/470
f 480/480/480 479/479/479 478/478/478
f 483/483/483 482/482/482 481/481/481
f 486/486/486 485/485/485 484/484/484
f 489/489/489 488/488/488 487/487/487
f 489/489/489 487/487/487 490/490/490
f 493/493/493 492/492/492 491/491/491
f 492/492/492 495/495/495 494/494/494
f 494/494/494 495/495/495 496/496/496
f 497/497/497 494/494/494 496/496/496
f 497/497/497 499/499/499 498/498/498
f 499/499/499 500/500/500 498/498/498
f 499/499/499 14/14/14 500/500/500
f 503/503/503 502/502/502 501/501/501
f 503/503/503 504/504/504 502/502/502
f 502/502/502 505/505/505 501/501/501
f 501/501/501 506/506/506 503/503/503
f 506/506/506 507/507/507 503/503/503
f 507/507/507 506/506/506 508/508/508
f 501/501/501 505/505/505 509/509/509
f 506/506/506 510/510/510 508/508/508
f 510/510/510 506/506/506 511/511/511
f 511/511/511 512/512/512 510/510/510
f 511/511/511 513/513/513 512/512/512
f 506/506/506 514/514/514 511/511/511
f 511/511/511 515/515/515 513/513/513
f 514/514/514 515/515/515 511/511/511
f 516/516/516 513/513/513 515/515/515
f 517/517/517 516/516/516 515/515/515
f 519/519/519 518/518/518 502/502/502
f 519/519/519 520/520/520 518/518/518
f 520/520/520 519/519/519 521/521/521
f 519/519/519 502/502/502 37/37/37
f 502/502/502 518/518/518 522/522/522
f 523/523/523 522/522/522 518/518/518
f 522/522/522 523/523/523 524/524/524
f 526/526/526 525/525/525 524/524/524
f 526/526/526 527/527/527 525/525/525
f 527/527/527 528/528/528 525/525/525
f 530/530/530 529/529/529 528/528/528
f 533/533/533 532/532/532 531/531/531
f 536/536/536 535/535/535 534/534/534
f 537/537/537 536/536/536 534/534/534
f 538/538/538 537/537/537 534/534/534
f 538/538/538 539/539/539 537/537/537
f 539/539/539 540/540/540 537/537/537
f 540/540/540 541/541/541 537/537/537
f 536/536/536 543/543/543 542/542/542
f 546/546/546 545/545/545 544/544/544
f 545/545/545 547/547/547 544/544/544
f 545/545/545 548/548/548 547/547/547
f 548/548/548 545/545/545 549/549/549
f 547/547/547 550/550/550 544/544/544
f 551/551/551 547/547/547 548/548/548
f 554/554/554 553/553/553 552/552/552
f 554/554/554 555/555/555 553/553/553
f 553/553/553 555/555/555 556/556/556
f 558/558/558 557/557/557 556/556/556
f 557/557/557 559/559/559 556/556/556
f 561/561/561 560/560/560 556/556/556
f 562/562/562 560/560/560 561/561/561
f 560/560/560 562/562/562 563/563/563
f 566/566/566 565/565/565 564/564/564
f 569/569/569 568/568/568 567/567/567
f 572/572/572 571/571/571 570/570/570
f 575/575/575 574/574/574 573/573/573
f 575/575/575 577/577/577 576/576/576
f 580/580/580 579/579/579 578/578/578
f 583/583/583 582/582/582 581/581/581
f 586/586/586 585/585/585 584/584/584
f 585/585/585 587/587/587 584/584/584
f 588/588/588 585/585/585 586/586/586
f 588/588/588 589/589/589 585/585/585
f 587/587/587 590/590/590 589/589/589
f 591/591/591 587/587/587 589/589/589
f 592/592/592 591/591/591 589/589/589
f 588/588/588 592/592/592 593/593/593
f 591/591/591 592/592/592 594/594/594
f 596/596/596 592/592/592 595/595/595
f 598/598/598 594/594/594 597/597/597
f 594/594/594 599/599/599 597/597/597
f 601/601/601 600/600/600 597/597/597
f 600/600/600 602/602/602 597/597/597
f 603/603/603 602/602/602 600/600/600
f 604/604/604 601/601/601 597/597/597
f 600/600/600 606/606/606 605/605/605
f 608/608/608 605/605/605 607/607/607
f 610/610/610 609/609/609 599/599/599
f 612/612/612 599/599/599 611/611/611
f 614/614/614 612/612/612 613/613/613
f 612/612/612 615/615/615 613/613/613
f 612/612/612 616/616/616 615/615/615
f 612/612/612 617/617/617 616/616/616
f 617/617/617 612/612/612 618/618/618
f 617/617/617 619/619/619 616/616/616
f 621/621/621 620/620/620 613/613/613
f 621/621/621 622/622/622 620/620/620
f 624/624/624 623/623/623 616/616/616
f 623/623/623 624/624/624 625/625/625
f 625/625/625 626/626/626 623/623/623
f 626/626/626 627/627/627 623/623/623
f 624/624/624 629/629/629 628/628/628
f 624/624/624 630/630/630 629/629/629
f 632/632/632 624/624/624 631/631/631
f 634/634/634 633/633/633 632/632/632
f 637/637/637 636/636/636 635/635/635
f 640/640/640 639/639/639 638/638/638
f 643/643/643 642/642/642 641/641/641
f 646/646/646 645/645/645 644/644/644
f 649/649/649 648/648/648 647/647/647
f 652/652/652 651/651/651 650/650/650
f 651/651/651 652/652/652 653/653/653
f 650/650/650 654/654/654 652/652/652
f 652/652/652 654/654/654 653/653/653
f 654/654/654 655/655/655 653/653/653
f 655/655/655 656/656/656 653/653/653
f 656/656/656 655/655/655 657/657/657
f 658/658/658 655/655/655 654/654/654
f 658/658/658 654/654/654 659/659/659
f 655/655/655 660/660/660 657/657/657
f 661/661/661 656/656/656 657/657/657
f 663/663/663 658/658/658 662/662/662
f 658/658/658 664/664/664 662/662/662
f 664/664/664 658/658/658 665/665/665
f 667/667/667 666/666/666 662/662/662
f 670/670/670 669/669/669 668/668/668
f 673/673/673 672/672/672 671/671/671
f 674/674/674 672/672/672 673/673/673
f 676/676/676 674/674/674 675/675/675
f 676/676/676 677/677/677 674/674/674
f 676/676/676 678/678/678 677/677/677
f 678/678/678 680/680/680 679/679/679
f 681/681/681 679/679/679 680/680/680
f 682/682/682 681/681/681 680/680/680
f 681/681/681 683/683/683 679/679/679
f 685/685/685 684/684/684 677/677/677
f 685/685/685 686/686/686 684/684/684
f 689/689/689 688/688/688 687/687/687
f 692/692/692 691/691/691 690/690/690
f 692/692/692 693/693/693 515/515/515
f 695/695/695 692/692/692 694/694/694
f 695/695/695 697/697/697 696/696/696
f 697/697/697 699/699/699 698/698/698
f 702/702/702 701/701/701 700/700/700
f 705/705/705 704/704/704 703/703/703
f 708/708/708 707/707/707 706/706/706
f 711/711/711 710/710/710 709/709/709
f 713/713/713 709/709/709 712/712/712
f 715/715/715 710/710/710 714/714/714
f 717/717/717 713/713/713 716/716/716
f 720/720/720 719/719/719 718/718/718
f 719/719/719 721/721/721 718/718/718
f 722/722/722 718/718/718 721/721/721
f 724/724/724 723/723/723 722/722/722
f 723/723/723 724/724/724 725/725/725
f 727/727/727 723/723/723 726/726/726
f 730/730/730 729/729/729 728/728/728
f 729/729/729 731/731/731 728/728/728
f 731/731/731 732/732/732 728/728/728
f 733/733/733 732/732/732 731/731/731
f 735/735/735 733/733/733 734/734/734
f 738/738/738 737/737/737 736/736/736
f 739/739/739 738/738/738 736/736/736
f 740/740/740 739/739/739 736/736/736
f 740/740/740 741/741/741 739/739/739
f 743/743/743 742/742/742 739/739/739
f 742/742/742 743/743/743 744/744/744
f 742/742/742 744/744/744 745/745/745
f 744/744/744 746/746/746 745/745/745
f 747/747/747 744/744/744 743/743/743
f 744/744/744 748/748/748 746/746/746
f 750/750/750 749/749/749 739/739/739
f 752/752/752 749/749/749 751/751/751
f 754/754/754 753/753/753 748/748/748
f 757/757/757 756/756/756 755/755/755
f 760/760/760 759/759/759 758/758/758
f 763/763/763 762/762/762 761/761/761
f 766/766/766 765/765/765 764/764/764
f 765/765/765 766/766/766 767/767/767
f 770/770/770 769/769/769 768/768/768
f 771/771/771 769/769/769 770/770/770
f 773/773/773 771/771/771 772/772/772
f 776/776/776 775/775/775 774/774/774
f 776/776/776 778/778/778 777/777/777
f 781/781/781 780/780/780 779/779/779
f 784/784/784 783/783/783 782/782/782
f 787/787/787 786/786/786 785/785/785
f 790/790/790 789/789/789 788/788/788
f 790/790/790 791/791/791 789/789/789
f 791/791/791 792/792/792 789/789/789
f 795/795/795 794/794/794 793/793/793
f 797/797/797 794/794/794 796/796/796
f 798/798/798 797/797/797 796/796/796
f 800/800/800 798/798/798 799/799/799
f 800/800/800 799/799/799 801/801/801
f 802/802/802 800/800/800 801/801/801
f 804/804/804 796/796/796 803/803/803
f 805/805/805 796/796/796 804/804/804
f 804/804/804 806/806/806 805/805/805
f 805/805/805 807/807/807 796/796/796
f 809/809/809 806/806/806 808/808/808
f 812/812/812 811/811/811 810/810/810
f 815/815/815 814/814/814 813/813/813
f 814/814/814 816/816/816 813/813/813
f 817/817/817 816/816/816 814/814/814
f 817/817/817 819/819/819 818/818/818
f 822/822/822 821/821/821 820/820/820
f 824/824/824 823/823/823 822/822/822
f 824/824/824 825/825/825 823/823/823
f 825/825/825 827/827/827 826/826/826
f 825/825/825 828/828/828 827/827/827
f 830/830/830 824/824/824 829/829/829
f 831/831/831 830/830/830 828/828/828
f 832/832/832 830/830/830 829/829/829
f 834/834/834 832/832/832 833/833/833
f 837/837/837 836/836/836 835/835/835
f 836/836/836 839/839/839 838/838/838
f 842/842/842 841/841/841 840/840/840
f 845/845/845 844/844/844 843/843/843
f 848/848/848 847/847/847 846/846/846
f 851/851/851 850/850/850 849/849/849
f 852/852/852 851/851/851 849/849/849
f 852/852/852 853/853/853 851/851/851
f 856/856/856 855/855/855 854/854/854
f 858/858/858 857/857/857 854/854/854
f 857/857/857 858/858/858 859/859/859
f 857/857/857 859/859/859 860/860/860
f 862/862/862 861/861/861 860/860/860
f 865/865/865 864/864/864 863/863/863
f 868/868/868 867/867/867 866/866/866
f 871/871/871 870/870/870 869/869/869
f 871/871/871 872/872/872 870/870/870
f 873/873/873 870/870/870 872/872/872
f 872/872/872 871/871/871 874/874/874
f 875/875/875 871/871/871 869/869/869
f 871/871/871 875/875/875 874/874/874
f 876/876/876 875/875/875 869/869/869
f 877/877/877 876/876/876 869/869/869
f 875/875/875 876/876/876 878/878/878
f 874/874/874 875/875/875 878/878/878
f 881/881/881 880/880/880 879/879/879
f 882/882/882 881/881/881 879/879/879
f 885/885/885 884/884/884 883/883/883
f 888/888/888 887/887/887 886/886/886
f 887/887/887 890/890/890 889/889/889
f 892/892/892 891/891/891 889/889/889
f 189/189/189 894/894/894 893/893/893
f 897/897/897 896/896/896 895/895/895
f 900/900/900 899/899/899 898/898/898
f 903/903/903 902/902/902 901/901/901
f 906/906/906 905/905/905 904/904/904
f 906/906/906 904/904/904 907/907/907
f 910/910/910 909/909/909 908/908/908
f 913/913/913 912/912/912 911/911/911
f 912/912/912 914/914/914 911/911/911
f 914/914/914 912/912/912 915/915/915
f 918/918/918 917/917/917 916/916/916
f 921/921/921 920/920/920 919/919/919
f 921/921/921 922/922/922 920/920/920
f 925/925/925 924/924/924 923/923/923
f 924/924/924 927/927/927 926/926/926
f 928/928/928 926/926/926 927/927/927
f 927/927/927 924/924/924 929/929/929
f 932/932/932 931/931/931 930/930/930
f 935/935/935 934/934/934 933/933/933
f 936/936/936 935/935/935 933/933/933
f 939/939/939 938/938/938 937/937/937
f 942/942/942 941/941/941 940/940/940
f 943/943/943 942/942/942 940/940/940
f 946/946/946 945/945/945 944/944/944
f 949/949/949 948/948/948 947/947/947
f 948/948/948 949/949/949 950/950/950
f 953/953/953 952/952/952 951/951/951
f 952/952/952 955/955/955 954/954/954
f 958/958/958 957/957/957 956/956/956
f 22/22/22 960/960/960 959/959/959
f 960/960/960 961/961/961 959/959/959
f 962/962/962 961/961/961 28/28/28
f 962/962/962 963/963/963 961/961/961
f 963/963/963 962/962/962 964/964/964
f 963/963/963 964/964/964 965/965/965
f 966/966/966 965/965/965 964/964/964
f 965/965/965 966/966/966 967/967/967
f 965/965/965 967/967/967 963/963/963
f 967/967/967 343/343/343 963/963/963
f 343/343/343 967/967/967 968/968/968
f 966/966/966 970/970/970 969/969/969
f 967/967/967 972/972/972 971/971/971
f 974/974/974 971/971/971 973/973/973
f 977/977/977 976/976/976 975/975/975
f 978/978/978 977/977/977 975/975/975
f 981/981/981 980/980/980 979/979/979
f 984/984/984 983/983/983 982/982/982
f 987/987/987 986/986/986 985/985/985
f 988/988/988 341/341/341 357/357/357
