# exported by gszh.xyz
mtllib gszh_xyz.mtl
g SM_Env_Ground_Raised_02
v 342.010009765625 21.26276397705078 -659.65478515625
v 356.93560791015625 0 -731.3255615234375
v 275.9193115234375 22.148841857910156 -713.848388671875
v 356.93560791015625 0 -731.3255615234375
v 286.6021423339844 0 -800.4474487304688
v 275.9193115234375 22.148841857910156 -713.848388671875
v 286.6021423339844 0 -800.4474487304688
v 156.22625732421875 0 -843.013916015625
v 275.9193115234375 22.148841857910156 -713.848388671875
v 199.5111846923828 32.754817962646484 -683.0807495117188
v 156.22625732421875 0 -843.013916015625
v 135.23764038085938 55.61125564575195 -619.9407958984375
v 156.22625732421875 0 -843.013916015625
v -24.359832763671875 0 -792.1928100585938
v 135.23764038085938 55.61125564575195 -619.9407958984375
v 135.23764038085938 55.61125564575195 -619.9407958984375
v -24.359832763671875 0 -792.1928100585938
v 32.889617919921875 39.55723190307617 -616.5943603515625
v -24.359832763671875 0 -792.1928100585938
v -127.05307006835938 9.5367431640625e-7 -720.0631103515625
v 32.889617919921875 39.55723190307617 -616.5943603515625
v 32.889617919921875 39.55723190307617 -616.5943603515625
v -127.05307006835938 9.5367431640625e-7 -720.0631103515625
v 3.92706298828125 58.821815490722656 -538.8360595703125
v 3.92706298828125 58.821815490722656 -538.8360595703125
v -127.05307006835938 9.5367431640625e-7 -720.0631103515625
v -65.35366821289062 28.732067108154297 -552.9096069335938
v -65.35366821289062 28.732067108154297 -552.9096069335938
v -127.05307006835938 9.5367431640625e-7 -720.0631103515625
v -153.95159912109375 16.95370101928711 -541.3258056640625
v 342.010009765625 21.26276397705078 -659.65478515625
v 275.9193115234375 22.148841857910156 -713.848388671875
v 310.5858154296875 28.50577163696289 -600.9083251953125
v 310.5858154296875 28.50577163696289 -600.9083251953125
v 275.9193115234375 22.148841857910156 -713.848388671875
v 199.5111846923828 32.754817962646484 -683.0807495117188
v 275.9193115234375 22.148841857910156 -713.848388671875
v 156.22625732421875 0 -843.013916015625
v 199.5111846923828 32.754817962646484 -683.0807495117188
v 204.58152770996094 109.16677856445312 -424.185546875
v 135.23764038085938 55.61125564575195 -619.9407958984375
v 145.68936157226562 101.7659912109375 -497.6968994140625
v 135.23764038085938 55.61125564575195 -619.9407958984375
v 32.889617919921875 39.55723190307617 -616.5943603515625
v 145.68936157226562 101.7659912109375 -497.6968994140625
v 145.68936157226562 101.7659912109375 -497.6968994140625
v 32.889617919921875 39.55723190307617 -616.5943603515625
v 3.92706298828125 58.821815490722656 -538.8360595703125
v -65.35366821289062 28.732067108154297 -552.9096069335938
v -153.95159912109375 16.95370101928711 -541.3258056640625
v -79.07489013671875 28.196208953857422 -494.533935546875
v -79.07489013671875 28.196208953857422 -494.533935546875
v -153.95159912109375 16.95370101928711 -541.3258056640625
v -86.73757934570312 24.997188568115234 -409.04510498046875
v -86.73757934570312 24.997188568115234 -409.04510498046875
v -130.5303955078125 18.351665496826172 -400.25909423828125
v -149.86343383789062 0 -208.7303466796875
v 342.010009765625 21.26276397705078 -659.65478515625
v 310.5858154296875 28.50577163696289 -600.9083251953125
v 408.02825927734375 27.383033752441406 -399.67724609375
v 408.02825927734375 27.383033752441406 -399.67724609375
v 310.5858154296875 28.50577163696289 -600.9083251953125
v 314.684326171875 58.8684196472168 -451.13531494140625
v 310.5858154296875 28.50577163696289 -600.9083251953125
v 199.5111846923828 32.754817962646484 -683.0807495117188
v 314.684326171875 58.8684196472168 -451.13531494140625
v 199.5111846923828 32.754817962646484 -683.0807495117188
v 135.23764038085938 55.61125564575195 -619.9407958984375
v 314.684326171875 58.8684196472168 -451.13531494140625
v 314.684326171875 58.8684196472168 -451.13531494140625
v 135.23764038085938 55.61125564575195 -619.9407958984375
v 268.4229736328125 80.41944885253906 -443.38214111328125
v 135.23764038085938 55.61125564575195 -619.9407958984375
v 204.58152770996094 109.16677856445312 -424.185546875
v 268.4229736328125 80.41944885253906 -443.38214111328125
v 204.58152770996094 109.16677856445312 -424.185546875
v 145.68936157226562 101.7659912109375 -497.6968994140625
v 217.6642303466797 129.38455200195312 -252.80392456054688
v 217.6642303466797 129.38455200195312 -252.80392456054688
v 145.68936157226562 101.7659912109375 -497.6968994140625
v 130.87448120117188 116.74905395507812 -392.447265625
v 145.68936157226562 101.7659912109375 -497.6968994140625
v 3.92706298828125 58.821815490722656 -538.8360595703125
v 130.87448120117188 116.74905395507812 -392.447265625
v 130.87448120117188 116.74905395507812 -392.447265625
v 3.92706298828125 58.821815490722656 -538.8360595703125
v 106.66392517089844 98.55973815917969 -299.0828857421875
v 130.87448120117188 116.74905395507812 -392.447265625
v 106.66392517089844 98.55973815917969 -299.0828857421875
v 160.26316833496094 127.76100158691406 -226.61239624023438
v 106.66392517089844 98.55973815917969 -299.0828857421875
v 3.92706298828125 58.821815490722656 -538.8360595703125
v 69.45743560791016 79.33370971679688 -294.8810119628906
v 3.92706298828125 58.821815490722656 -538.8360595703125
v -65.35366821289062 28.732067108154297 -552.9096069335938
v 69.45743560791016 79.33370971679688 -294.8810119628906
v 69.45743560791016 79.33370971679688 -294.8810119628906
v -65.35366821289062 28.732067108154297 -552.9096069335938
v 7.38421630859375 54.15251922607422 -336.2823181152344
v -65.35366821289062 28.732067108154297 -552.9096069335938
v -79.07489013671875 28.196208953857422 -494.533935546875
v 7.38421630859375 54.15251922607422 -336.2823181152344
v 356.93560791015625 0 -731.3255615234375
v 342.010009765625 21.26276397705078 -659.65478515625
v 506.83050537109375 0 -406.4547119140625
v 506.83050537109375 0 -406.4547119140625
v 342.010009765625 21.26276397705078 -659.65478515625
v 408.02825927734375 27.383033752441406 -399.67724609375
v 268.4229736328125 80.41944885253906 -443.38214111328125
v 204.58152770996094 109.16677856445312 -424.185546875
v 270.2723693847656 103.691162109375 -266.27777099609375
v 270.2723693847656 103.691162109375 -266.27777099609375
v 204.58152770996094 109.16677856445312 -424.185546875
v 265.5776672363281 113.49951934814453 -172.1356201171875
v 204.58152770996094 109.16677856445312 -424.185546875
v 217.6642303466797 129.38455200195312 -252.80392456054688
v 265.5776672363281 113.49951934814453 -172.1356201171875
v 217.6642303466797 129.38455200195312 -252.80392456054688
v 130.87448120117188 116.74905395507812 -392.447265625
v 160.26316833496094 127.76100158691406 -226.61239624023438
v -79.07489013671875 28.196208953857422 -494.533935546875
v -86.73757934570312 24.997188568115234 -409.04510498046875
v 7.38421630859375 54.15251922607422 -336.2823181152344
v 408.02825927734375 27.383033752441406 -399.67724609375
v 314.684326171875 58.8684196472168 -451.13531494140625
v 403.31646728515625 37.4283561706543 -291.171630859375
v 395.23150634765625 52.988037109375 -143.08026123046875
v 403.31646728515625 37.4283561706543 -291.171630859375
v 314.684326171875 58.8684196472168 -451.13531494140625
v 395.23150634765625 52.988037109375 -143.08026123046875
v 314.684326171875 58.8684196472168 -451.13531494140625
v 268.4229736328125 80.41944885253906 -443.38214111328125
v 395.23150634765625 52.988037109375 -143.08026123046875
v 268.4229736328125 80.41944885253906 -443.38214111328125
v 345.66204833984375 71.65879821777344 -130.38970947265625
v 265.5776672363281 113.49951934814453 -172.1356201171875
v 217.6642303466797 129.38455200195312 -252.80392456054688
v 233.6883087158203 126.77587127685547 -89.38916015625
v 217.6642303466797 129.38455200195312 -252.80392456054688
v 160.26316833496094 127.76100158691406 -226.61239624023438
v 233.6883087158203 126.77587127685547 -89.38916015625
v 233.6883087158203 126.77587127685547 -89.38916015625
v 160.26316833496094 127.76100158691406 -226.61239624023438
v 139.06251525878906 125.37006378173828 -159.72824096679688
v 160.26316833496094 127.76100158691406 -226.61239624023438
v 106.66392517089844 98.55973815917969 -299.0828857421875
v 139.06251525878906 125.37006378173828 -159.72824096679688
v 139.06251525878906 125.37006378173828 -159.72824096679688
v 106.66392517089844 98.55973815917969 -299.0828857421875
v 87.4737548828125 93.05059814453125 -204.11294555664062
v 106.66392517089844 98.55973815917969 -299.0828857421875
v 69.45743560791016 79.33370971679688 -294.8810119628906
v 87.4737548828125 93.05059814453125 -204.11294555664062
v 69.45743560791016 79.33370971679688 -294.8810119628906
v 7.38421630859375 54.15251922607422 -336.2823181152344
v 87.4737548828125 93.05059814453125 -204.11294555664062
v 87.4737548828125 93.05059814453125 -204.11294555664062
v 7.38421630859375 54.15251922607422 -336.2823181152344
v 37.432159423828125 68.17536926269531 -162.0826416015625
v 7.38421630859375 54.15251922607422 -336.2823181152344
v -86.73757934570312 24.997188568115234 -409.04510498046875
v 37.432159423828125 68.17536926269531 -162.0826416015625
v 37.432159423828125 68.17536926269531 -162.0826416015625
v -86.73757934570312 24.997188568115234 -409.04510498046875
v -58.899993896484375 30.97906494140625 -145.94241333007812
v -86.73757934570312 24.997188568115234 -409.04510498046875
v -149.86343383789062 0 -208.7303466796875
v -58.899993896484375 30.97906494140625 -145.94241333007812
v 506.83050537109375 0 -406.4547119140625
v 408.02825927734375 27.383033752441406 -399.67724609375
v 463.6605224609375 24.459800720214844 -53.35081481933594
v 408.02825927734375 27.383033752441406 -399.67724609375
v 403.31646728515625 37.4283561706543 -291.171630859375
v 463.6605224609375 24.459800720214844 -53.35081481933594
v 268.4229736328125 80.41944885253906 -443.38214111328125
v 270.2723693847656 103.691162109375 -266.27777099609375
v 345.66204833984375 71.65879821777344 -130.38970947265625
v 233.6883087158203 126.77587127685547 -89.38916015625
v 139.06251525878906 125.37006378173828 -159.72824096679688
v 206.40426635742188 138.0222625732422 -8.446273803710938
v 463.6605224609375 24.459800720214844 -53.35081481933594
v 403.31646728515625 37.4283561706543 -291.171630859375
v 395.23150634765625 52.988037109375 -143.08026123046875
v 395.23150634765625 52.988037109375 -143.08026123046875
v 345.66204833984375 71.65879821777344 -130.38970947265625
v 318.3817138671875 80.71149444580078 55.2259521484375
v 270.2723693847656 103.691162109375 -266.27777099609375
v 265.5776672363281 113.49951934814453 -172.1356201171875
v 345.66204833984375 71.65879821777344 -130.38970947265625
v 345.66204833984375 71.65879821777344 -130.38970947265625
v 265.5776672363281 113.49951934814453 -172.1356201171875
v 282.79791259765625 100.57649230957031 -34.29377746582031
v 265.5776672363281 113.49951934814453 -172.1356201171875
v 233.6883087158203 126.77587127685547 -89.38916015625
v 282.79791259765625 100.57649230957031 -34.29377746582031
v 282.79791259765625 100.57649230957031 -34.29377746582031
v 233.6883087158203 126.77587127685547 -89.38916015625
v 236.38958740234375 125.8115234375 35.57777404785156
v 233.6883087158203 126.77587127685547 -89.38916015625
v 206.40426635742188 138.0222625732422 -8.446273803710938
v 236.38958740234375 125.8115234375 35.57777404785156
v 206.40426635742188 138.0222625732422 -8.446273803710938
v 139.06251525878906 125.37006378173828 -159.72824096679688
v 156.89610290527344 146.76864624023438 9.855621337890625
v 156.89610290527344 146.76864624023438 9.855621337890625
v 139.06251525878906 125.37006378173828 -159.72824096679688
v 96.57681274414062 110.28028869628906 -68.54019165039062
v 139.06251525878906 125.37006378173828 -159.72824096679688
v 87.4737548828125 93.05059814453125 -204.11294555664062
v 96.57681274414062 110.28028869628906 -68.54019165039062
v 87.4737548828125 93.05059814453125 -204.11294555664062
v 37.432159423828125 68.17536926269531 -162.0826416015625
v 96.57681274414062 110.28028869628906 -68.54019165039062
v 395.23150634765625 52.988037109375 -143.08026123046875
v 318.3817138671875 80.71149444580078 55.2259521484375
v 359.4493713378906 59.12663650512695 82.01648712158203
v 318.3817138671875 80.71149444580078 55.2259521484375
v 345.66204833984375 71.65879821777344 -130.38970947265625
v 282.79791259765625 100.57649230957031 -34.29377746582031
v 236.38958740234375 125.8115234375 35.57777404785156
v 206.40426635742188 138.0222625732422 -8.446273803710938
v 192.78514099121094 142.84359741210938 34.88755798339844
v 192.78514099121094 142.84359741210938 34.88755798339844
v 206.40426635742188 138.0222625732422 -8.446273803710938
v 156.89610290527344 146.76864624023438 9.855621337890625
v 156.89610290527344 146.76864624023438 9.855621337890625
v 96.57681274414062 110.28028869628906 -68.54019165039062
v 45.41035461425781 92.31002807617188 -1.1284027099609375
v 96.57681274414062 110.28028869628906 -68.54019165039062
v 37.432159423828125 68.17536926269531 -162.0826416015625
v 45.41035461425781 92.31002807617188 -1.1284027099609375
v 45.41035461425781 92.31002807617188 -1.1284027099609375
v 37.432159423828125 68.17536926269531 -162.0826416015625
v -16.77386474609375 57.59746551513672 24.309906005859375
v 463.6605224609375 24.459800720214844 -53.35081481933594
v 359.4493713378906 59.12663650512695 82.01648712158203
v 356.2242736816406 29.68871307373047 208.2452392578125
v 318.3817138671875 80.71149444580078 55.2259521484375
v 282.79791259765625 100.57649230957031 -34.29377746582031
v 249.48719787597656 112.66131591796875 96.01884460449219
v 249.48719787597656 112.66131591796875 96.01884460449219
v 282.79791259765625 100.57649230957031 -34.29377746582031
v 236.38958740234375 125.8115234375 35.57777404785156
v 236.38958740234375 125.8115234375 35.57777404785156
v 192.78514099121094 142.84359741210938 34.88755798339844
v 146.877685546875 147.2679443359375 76.77159118652344
v 192.78514099121094 142.84359741210938 34.88755798339844
v 156.89610290527344 146.76864624023438 9.855621337890625
v 146.877685546875 147.2679443359375 76.77159118652344
v 146.877685546875 147.2679443359375 76.77159118652344
v 156.89610290527344 146.76864624023438 9.855621337890625
v 105.44304656982422 127.59490203857422 46.44859313964844
v 156.89610290527344 146.76864624023438 9.855621337890625
v 45.41035461425781 92.31002807617188 -1.1284027099609375
v 105.44304656982422 127.59490203857422 46.44859313964844
v -16.77386474609375 57.59746551513672 24.309906005859375
v 37.432159423828125 68.17536926269531 -162.0826416015625
v -97.2486572265625 29.546920776367188 -16.11810302734375
v 37.432159423828125 68.17536926269531 -162.0826416015625
v -58.899993896484375 30.97906494140625 -145.94241333007812
v -97.2486572265625 29.546920776367188 -16.11810302734375
v -58.899993896484375 30.97906494140625 -145.94241333007812
v -149.86343383789062 0 -208.7303466796875
v -97.2486572265625 29.546920776367188 -16.11810302734375
v 356.2242736816406 29.68871307373047 208.2452392578125
v 359.4493713378906 59.12663650512695 82.01648712158203
v 306.8544921875 52.442543029785156 181.6865234375
v 306.8544921875 52.442543029785156 181.6865234375
v 359.4493713378906 59.12663650512695 82.01648712158203
v 251.8693389892578 64.61672973632812 236.59420776367188
v 359.4493713378906 59.12663650512695 82.01648712158203
v 318.3817138671875 80.71149444580078 55.2259521484375
v 251.8693389892578 64.61672973632812 236.59420776367188
v 251.8693389892578 64.61672973632812 236.59420776367188
v 318.3817138671875 80.71149444580078 55.2259521484375
v 228.67515563964844 83.09917449951172 215.394287109375
v 318.3817138671875 80.71149444580078 55.2259521484375
v 249.48719787597656 112.66131591796875 96.01884460449219
v 228.67515563964844 83.09917449951172 215.394287109375
v 249.48719787597656 112.66131591796875 96.01884460449219
v 236.38958740234375 125.8115234375 35.57777404785156
v 189.12864685058594 132.10919189453125 123.78907775878906
v 236.38958740234375 125.8115234375 35.57777404785156
v 146.877685546875 147.2679443359375 76.77159118652344
v 189.12864685058594 132.10919189453125 123.78907775878906
v 145.9694061279297 142.517333984375 116.86601257324219
v 146.877685546875 147.2679443359375 76.77159118652344
v 86.12318420410156 128.43594360351562 115.2221450805664
v 146.877685546875 147.2679443359375 76.77159118652344
v 105.44304656982422 127.59490203857422 46.44859313964844
v 86.12318420410156 128.43594360351562 115.2221450805664
v -97.2486572265625 29.546920776367188 -16.11810302734375
v -212.73245239257812 0 21.006195068359375
v -292.1524353027344 18.727293014526367 248.0419158935547
v 506.83050537109375 0 -406.4547119140625
v 463.6605224609375 24.459800720214844 -53.35081481933594
v 537.5318603515625 0 -46.6856689453125
v 228.67515563964844 83.09917449951172 215.394287109375
v 249.48719787597656 112.66131591796875 96.01884460449219
v 184.93707275390625 102.51299285888672 256.26409912109375
v 249.48719787597656 112.66131591796875 96.01884460449219
v 189.12864685058594 132.10919189453125 123.78907775878906
v 184.93707275390625 102.51299285888672 256.26409912109375
v 102.89148712158203 145.6868438720703 214.86431884765625
v 145.9694061279297 142.517333984375 116.86601257324219
v 86.12318420410156 128.43594360351562 115.2221450805664
v 86.12318420410156 128.43594360351562 115.2221450805664
v 105.44304656982422 127.59490203857422 46.44859313964844
v 41.522796630859375 116.18386840820312 138.41859436035156
v 41.522796630859375 116.18386840820312 138.41859436035156
v 105.44304656982422 127.59490203857422 46.44859313964844
v 45.41035461425781 92.31002807617188 -1.1284027099609375
v 265.1188049316406 19.321794509887695 481.0097961425781
v 356.2242736816406 29.68871307373047 208.2452392578125
v 228.40213012695312 27.24925994873047 468.1783752441406
v 356.2242736816406 29.68871307373047 208.2452392578125
v 306.8544921875 52.442543029785156 181.6865234375
v 228.40213012695312 27.24925994873047 468.1783752441406
v 184.93707275390625 102.51299285888672 256.26409912109375
v 189.12864685058594 132.10919189453125 123.78907775878906
v 143.53868103027344 127.12911987304688 232.5688018798828
v 143.53868103027344 127.12911987304688 232.5688018798828
v 189.12864685058594 132.10919189453125 123.78907775878906
v 102.89148712158203 145.6868438720703 214.86431884765625
v 102.89148712158203 145.6868438720703 214.86431884765625
v 86.12318420410156 128.43594360351562 115.2221450805664
v 58.59269714355469 124.90673065185547 157.93826293945312
v 86.12318420410156 128.43594360351562 115.2221450805664
v 41.522796630859375 116.18386840820312 138.41859436035156
v 58.59269714355469 124.90673065185547 157.93826293945312
v 41.522796630859375 116.18386840820312 138.41859436035156
v 45.41035461425781 92.31002807617188 -1.1284027099609375
v -46.66316223144531 66.26102447509766 157.0106201171875
v 45.41035461425781 92.31002807617188 -1.1284027099609375
v -16.77386474609375 57.59746551513672 24.309906005859375
v -46.66316223144531 66.26102447509766 157.0106201171875
v -16.77386474609375 57.59746551513672 24.309906005859375
v -97.2486572265625 29.546920776367188 -16.11810302734375
v -46.66316223144531 66.26102447509766 157.0106201171875
v 228.40213012695312 27.24925994873047 468.1783752441406
v 306.8544921875 52.442543029785156 181.6865234375
v 167.9840545654297 42.087005615234375 455.3521728515625
v 306.8544921875 52.442543029785156 181.6865234375
v 251.8693389892578 64.61672973632812 236.59420776367188
v 167.9840545654297 42.087005615234375 455.3521728515625
v 167.9840545654297 42.087005615234375 455.3521728515625
v 251.8693389892578 64.61672973632812 236.59420776367188
v 126.4056167602539 85.20472717285156 398.152099609375
v 126.4056167602539 85.20472717285156 398.152099609375
v 251.8693389892578 64.61672973632812 236.59420776367188
v 228.67515563964844 83.09917449951172 215.394287109375
v 228.67515563964844 83.09917449951172 215.394287109375
v 184.93707275390625 102.51299285888672 256.26409912109375
v 126.4056167602539 85.20472717285156 398.152099609375
v 126.4056167602539 85.20472717285156 398.152099609375
v 184.93707275390625 102.51299285888672 256.26409912109375
v 92.61649322509766 109.0376205444336 355.84454345703125
v 184.93707275390625 102.51299285888672 256.26409912109375
v 143.53868103027344 127.12911987304688 232.5688018798828
v 92.61649322509766 109.0376205444336 355.84454345703125
v 143.53868103027344 127.12911987304688 232.5688018798828
v 102.89148712158203 145.6868438720703 214.86431884765625
v 52.209716796875 144.04100036621094 300.1253356933594
v 52.209716796875 144.04100036621094 300.1253356933594
v 102.89148712158203 145.6868438720703 214.86431884765625
v 30.550735473632812 139.41819763183594 253.0860595703125
v 102.89148712158203 145.6868438720703 214.86431884765625
v 58.59269714355469 124.90673065185547 157.93826293945312
v 30.550735473632812 139.41819763183594 253.0860595703125
v 167.9840545654297 42.087005615234375 455.3521728515625
v 126.4056167602539 85.20472717285156 398.152099609375
v 114.86042785644531 53.337257385253906 475.87066650390625
v 92.61649322509766 109.0376205444336 355.84454345703125
v 143.53868103027344 127.12911987304688 232.5688018798828
v 52.209716796875 144.04100036621094 300.1253356933594
v 52.209716796875 144.04100036621094 300.1253356933594
v 30.550735473632812 139.41819763183594 253.0860595703125
v -116.4149169921875 141.54647827148438 483.6804504394531
v -116.4149169921875 141.54647827148438 483.6804504394531
v 30.550735473632812 139.41819763183594 253.0860595703125
v -21.393310546875 132.86216735839844 292.7627868652344
v 30.550735473632812 139.41819763183594 253.0860595703125
v 58.59269714355469 124.90673065185547 157.93826293945312
v -21.393310546875 132.86216735839844 292.7627868652344
v 58.59269714355469 124.90673065185547 157.93826293945312
v 41.522796630859375 116.18386840820312 138.41859436035156
v -21.393310546875 132.86216735839844 292.7627868652344
v -21.393310546875 132.86216735839844 292.7627868652344
v 41.522796630859375 116.18386840820312 138.41859436035156
v -152.06484985351562 56.29790496826172 281.3704833984375
v 41.522796630859375 116.18386840820312 138.41859436035156
v -46.66316223144531 66.26102447509766 157.0106201171875
v -152.06484985351562 56.29790496826172 281.3704833984375
v -46.66316223144531 66.26102447509766 157.0106201171875
v -97.2486572265625 29.546920776367188 -16.11810302734375
v -152.06484985351562 56.29790496826172 281.3704833984375
v -152.06484985351562 56.29790496826172 281.3704833984375
v -97.2486572265625 29.546920776367188 -16.11810302734375
v -238.37884521484375 28.911773681640625 281.3427734375
v 126.4056167602539 85.20472717285156 398.152099609375
v 92.61649322509766 109.0376205444336 355.84454345703125
v 46.50445556640625 98.0389404296875 448.5966491699219
v 92.61649322509766 109.0376205444336 355.84454345703125
v 52.209716796875 144.04100036621094 300.1253356933594
v 46.50445556640625 98.0389404296875 448.5966491699219
v 46.50445556640625 98.0389404296875 448.5966491699219
v 52.209716796875 144.04100036621094 300.1253356933594
v -18.492752075195312 134.1400909423828 440.86083984375
v 52.209716796875 144.04100036621094 300.1253356933594
v -116.4149169921875 141.54647827148438 483.6804504394531
v -18.492752075195312 134.1400909423828 440.86083984375
v -197.408203125 116.10254669189453 526.9351806640625
v -116.4149169921875 141.54647827148438 483.6804504394531
v -21.393310546875 132.86216735839844 292.7627868652344
v -197.408203125 116.10254669189453 526.9351806640625
v -21.393310546875 132.86216735839844 292.7627868652344
v -95.54757690429688 104.7022933959961 349.3689880371094
v -21.393310546875 132.86216735839844 292.7627868652344
v -152.06484985351562 56.29790496826172 281.3704833984375
v -95.54757690429688 104.7022933959961 349.3689880371094
v -97.2486572265625 29.546920776367188 -16.11810302734375
v -292.1524353027344 18.727293014526367 248.0419158935547
v -238.37884521484375 28.911773681640625 281.3427734375
v 265.1188049316406 19.321794509887695 481.0097961425781
v 228.40213012695312 27.24925994873047 468.1783752441406
v -4.961395263671875 29.345596313476562 661.559814453125
v 228.40213012695312 27.24925994873047 468.1783752441406
v 167.9840545654297 42.087005615234375 455.3521728515625
v -4.961395263671875 29.345596313476562 661.559814453125
v 167.9840545654297 42.087005615234375 455.3521728515625
v 114.86042785644531 53.337257385253906 475.87066650390625
v -4.961395263671875 29.345596313476562 661.559814453125
v 114.86042785644531 53.337257385253906 475.87066650390625
v 126.4056167602539 85.20472717285156 398.152099609375
v -46.38995361328125 57.411136627197266 594.0782470703125
v 126.4056167602539 85.20472717285156 398.152099609375
v 46.50445556640625 98.0389404296875 448.5966491699219
v -46.38995361328125 57.411136627197266 594.0782470703125
v 46.50445556640625 98.0389404296875 448.5966491699219
v -18.492752075195312 134.1400909423828 440.86083984375
v -74.669921875 87.31915283203125 554.54443359375
v -74.669921875 87.31915283203125 554.54443359375
v -18.492752075195312 134.1400909423828 440.86083984375
v -135.1893310546875 96.7144775390625 563.5994873046875
v -18.492752075195312 134.1400909423828 440.86083984375
v -116.4149169921875 141.54647827148438 483.6804504394531
v -135.1893310546875 96.7144775390625 563.5994873046875
v -135.1893310546875 96.7144775390625 563.5994873046875
v -116.4149169921875 141.54647827148438 483.6804504394531
v -242.0357666015625 72.63006591796875 596.1583862304688
v -116.4149169921875 141.54647827148438 483.6804504394531
v -197.408203125 116.10254669189453 526.9351806640625
v -242.0357666015625 72.63006591796875 596.1583862304688
v -95.54757690429688 104.7022933959961 349.3689880371094
v -152.06484985351562 56.29790496826172 281.3704833984375
v -204.29324340820312 84.3330307006836 419.342041015625
v -152.06484985351562 56.29790496826172 281.3704833984375
v -238.37884521484375 28.911773681640625 281.3427734375
v -342.6846618652344 41.56538391113281 476.93865966796875
v -4.961395263671875 29.345596313476562 661.559814453125
v 114.86042785644531 53.337257385253906 475.87066650390625
v -69.41378784179688 28.622230529785156 684.0984497070312
v 46.50445556640625 98.0389404296875 448.5966491699219
v -74.669921875 87.31915283203125 554.54443359375
v -46.38995361328125 57.411136627197266 594.0782470703125
v -46.38995361328125 57.411136627197266 594.0782470703125
v -74.669921875 87.31915283203125 554.54443359375
v -251.97653198242188 35.420570373535156 682.5103149414062
v -74.669921875 87.31915283203125 554.54443359375
v -135.1893310546875 96.7144775390625 563.5994873046875
v -251.97653198242188 35.420570373535156 682.5103149414062
v -135.1893310546875 96.7144775390625 563.5994873046875
v -242.0357666015625 72.63006591796875 596.1583862304688
v -251.97653198242188 35.420570373535156 682.5103149414062
v -242.0357666015625 72.63006591796875 596.1583862304688
v -197.408203125 116.10254669189453 526.9351806640625
v -288.84710693359375 62.03693771362305 548.4442749023438
v -197.408203125 116.10254669189453 526.9351806640625
v -95.54757690429688 104.7022933959961 349.3689880371094
v -288.84710693359375 62.03693771362305 548.4442749023438
v -95.54757690429688 104.7022933959961 349.3689880371094
v -204.29324340820312 84.3330307006836 419.342041015625
v -288.84710693359375 62.03693771362305 548.4442749023438
v -204.29324340820312 84.3330307006836 419.342041015625
v -152.06484985351562 56.29790496826172 281.3704833984375
v -342.6846618652344 41.56538391113281 476.93865966796875
v -342.6846618652344 41.56538391113281 476.93865966796875
v -238.37884521484375 28.911773681640625 281.3427734375
v -370.8070373535156 27.83218765258789 422.7011413574219
v -370.8070373535156 27.83218765258789 422.7011413574219
v -238.37884521484375 28.911773681640625 281.3427734375
v -430.8164367675781 20.801223754882812 391.7325744628906
v -238.37884521484375 28.911773681640625 281.3427734375
v -292.1524353027344 18.727293014526367 248.0419158935547
v -430.8164367675781 20.801223754882812 391.7325744628906
v 265.1188049316406 19.321794509887695 481.0097961425781
v -4.961395263671875 29.345596313476562 661.559814453125
v -3.1703338623046875 19.05147933959961 721.0631103515625
v -107.38427734375 18.722900390625 754.7823486328125
v -4.961395263671875 29.345596313476562 661.559814453125
v -69.41378784179688 28.622230529785156 684.0984497070312
v 114.86042785644531 53.337257385253906 475.87066650390625
v -46.38995361328125 57.411136627197266 594.0782470703125
v -69.41378784179688 28.622230529785156 684.0984497070312
v -69.41378784179688 28.622230529785156 684.0984497070312
v -46.38995361328125 57.411136627197266 594.0782470703125
v -131.23684692382812 40.37002182006836 662.1209716796875
v -46.38995361328125 57.411136627197266 594.0782470703125
v -251.97653198242188 35.420570373535156 682.5103149414062
v -131.23684692382812 40.37002182006836 662.1209716796875
v -242.0357666015625 72.63006591796875 596.1583862304688
v -288.84710693359375 62.03693771362305 548.4442749023438
v -349.8753967285156 33.92137145996094 638.264404296875
v -349.8753967285156 33.92137145996094 638.264404296875
v -288.84710693359375 62.03693771362305 548.4442749023438
v -342.6846618652344 41.56538391113281 476.93865966796875
v -288.84710693359375 62.03693771362305 548.4442749023438
v -204.29324340820312 84.3330307006836 419.342041015625
v -342.6846618652344 41.56538391113281 476.93865966796875
v -69.41378784179688 28.622230529785156 684.0984497070312
v -131.23684692382812 40.37002182006836 662.1209716796875
v -215.15252685546875 28.021434783935547 727.849853515625
v -131.23684692382812 40.37002182006836 662.1209716796875
v -251.97653198242188 35.420570373535156 682.5103149414062
v -215.15252685546875 28.021434783935547 727.849853515625
v -215.15252685546875 28.021434783935547 727.849853515625
v -251.97653198242188 35.420570373535156 682.5103149414062
v -278.7038269042969 0 824.0575561523438
v -278.7038269042969 0 824.0575561523438
v -251.97653198242188 35.420570373535156 682.5103149414062
v -396.9187927246094 0 763.5693969726562
v -251.97653198242188 35.420570373535156 682.5103149414062
v -242.0357666015625 72.63006591796875 596.1583862304688
v -396.9187927246094 0 763.5693969726562
v -242.0357666015625 72.63006591796875 596.1583862304688
v -349.8753967285156 33.92137145996094 638.264404296875
v -396.9187927246094 0 763.5693969726562
v -396.9187927246094 0 763.5693969726562
v -349.8753967285156 33.92137145996094 638.264404296875
v -466.2573547363281 0 686.222412109375
v -349.8753967285156 33.92137145996094 638.264404296875
v -342.6846618652344 41.56538391113281 476.93865966796875
v -466.2573547363281 0 686.222412109375
v -466.2573547363281 0 686.222412109375
v -342.6846618652344 41.56538391113281 476.93865966796875
v -413.5762023925781 27.765304565429688 491.7201232910156
v -342.6846618652344 41.56538391113281 476.93865966796875
v -370.8070373535156 27.83218765258789 422.7011413574219
v -413.5762023925781 27.765304565429688 491.7201232910156
v -413.5762023925781 27.765304565429688 491.7201232910156
v -370.8070373535156 27.83218765258789 422.7011413574219
v -430.8164367675781 20.801223754882812 391.7325744628906
v -69.41378784179688 28.622230529785156 684.0984497070312
v -215.15252685546875 28.021434783935547 727.849853515625
v -107.38427734375 18.722900390625 754.7823486328125
v -107.38427734375 18.722900390625 754.7823486328125
v -215.15252685546875 28.021434783935547 727.849853515625
v -278.7038269042969 0 824.0575561523438
v -466.2573547363281 0 686.222412109375
v -413.5762023925781 27.765304565429688 491.7201232910156
v -474.3423156738281 18.93929672241211 545.8425903320312
v -413.5762023925781 27.765304565429688 491.7201232910156
v -430.8164367675781 20.801223754882812 391.7325744628906
v -474.3423156738281 18.93929672241211 545.8425903320312
v -474.3423156738281 18.93929672241211 545.8425903320312
v -430.8164367675781 20.801223754882812 391.7325744628906
v -522.3289794921875 9.5367431640625e-7 441.07025146484375
v -522.3289794921875 9.5367431640625e-7 441.07025146484375
v -430.8164367675781 20.801223754882812 391.7325744628906
v -481.3404235839844 9.5367431640625e-7 353.8591613769531
v -430.8164367675781 20.801223754882812 391.7325744628906
v -292.1524353027344 18.727293014526367 248.0419158935547
v -481.3404235839844 9.5367431640625e-7 353.8591613769531
v -97.2486572265625 29.546920776367188 -16.11810302734375
v -149.86343383789062 0 -208.7303466796875
v -212.73245239257812 0 21.006195068359375
v -153.95159912109375 16.95370101928711 -541.3258056640625
v -127.05307006835938 9.5367431640625e-7 -720.0631103515625
v -219.93624877929688 9.5367431640625e-7 -501.426025390625
v -149.86343383789062 0 -208.7303466796875
v -130.5303955078125 18.351665496826172 -400.25909423828125
v -196.69223022460938 9.5367431640625e-7 -389.4755859375
v -292.1524353027344 18.727293014526367 248.0419158935547
v -212.73245239257812 0 21.006195068359375
v -323.4483947753906 9.5367431640625e-7 183.4257354736328
v -466.2573547363281 0 686.222412109375
v -474.3423156738281 18.93929672241211 545.8425903320312
v -537.5318603515625 9.5367431640625e-7 550.6800537109375
v -474.3423156738281 18.93929672241211 545.8425903320312
v -522.3289794921875 9.5367431640625e-7 441.07025146484375
v -537.5318603515625 9.5367431640625e-7 550.6800537109375
v -481.3404235839844 9.5367431640625e-7 353.8591613769531
v -292.1524353027344 18.727293014526367 248.0419158935547
v -323.4483947753906 9.5367431640625e-7 183.4257354736328
v 265.1188049316406 19.321794509887695 481.0097961425781
v -3.1703338623046875 19.05147933959961 721.0631103515625
v -20.367706298828125 0 816.8344116210938
v 265.1188049316406 19.321794509887695 481.0097961425781
v -20.367706298828125 0 816.8344116210938
v 292.3418273925781 9.5367431640625e-7 545.618408203125
v -107.38427734375 18.722900390625 754.7823486328125
v -278.7038269042969 0 824.0575561523438
v -76.31546020507812 9.5367431640625e-7 843.013916015625
v -3.1703338623046875 19.05147933959961 721.0631103515625
v -4.961395263671875 29.345596313476562 661.559814453125
v -107.38427734375 18.722900390625 754.7823486328125
v -20.367706298828125 0 816.8344116210938
v -3.1703338623046875 19.05147933959961 721.0631103515625
v -107.38427734375 18.722900390625 754.7823486328125
v -20.367706298828125 0 816.8344116210938
v -107.38427734375 18.722900390625 754.7823486328125
v -76.31546020507812 9.5367431640625e-7 843.013916015625
v -86.73757934570312 24.997188568115234 -409.04510498046875
v -153.95159912109375 16.95370101928711 -541.3258056640625
v -130.5303955078125 18.351665496826172 -400.25909423828125
v -196.69223022460938 9.5367431640625e-7 -389.4755859375
v -130.5303955078125 18.351665496826172 -400.25909423828125
v -153.95159912109375 16.95370101928711 -541.3258056640625
v -196.69223022460938 9.5367431640625e-7 -389.4755859375
v -153.95159912109375 16.95370101928711 -541.3258056640625
v -219.93624877929688 9.5367431640625e-7 -501.426025390625
v 437.10205078125 15.59337043762207 262.7747802734375
v 356.2242736816406 29.68871307373047 208.2452392578125
v 265.1188049316406 19.321794509887695 481.0097961425781
v 466.5118103027344 0 282.5669860839844
v 437.10205078125 15.59337043762207 262.7747802734375
v 265.1188049316406 19.321794509887695 481.0097961425781
v 466.5118103027344 0 282.5669860839844
v 265.1188049316406 19.321794509887695 481.0097961425781
v 292.3418273925781 9.5367431640625e-7 545.618408203125
v 463.6605224609375 24.459800720214844 -53.35081481933594
v 395.23150634765625 52.988037109375 -143.08026123046875
v 359.4493713378906 59.12663650512695 82.01648712158203
v 537.5318603515625 0 -46.6856689453125
v 463.6605224609375 24.459800720214844 -53.35081481933594
v 356.2242736816406 29.68871307373047 208.2452392578125
v 537.5318603515625 0 -46.6856689453125
v 356.2242736816406 29.68871307373047 208.2452392578125
v 437.10205078125 15.59337043762207 262.7747802734375
v 537.5318603515625 0 -46.6856689453125
v 437.10205078125 15.59337043762207 262.7747802734375
v 466.5118103027344 0 282.5669860839844
v 189.12864685058594 132.10919189453125 123.78907775878906
v 145.9694061279297 142.517333984375 116.86601257324219
v 102.89148712158203 145.6868438720703 214.86431884765625
v 189.12864685058594 132.10919189453125 123.78907775878906
v 146.877685546875 147.2679443359375 76.77159118652344
v 145.9694061279297 142.517333984375 116.86601257324219
vn 0.2079903781414032 0.9486991167068481 -0.23813869059085846
vn 0.2079903781414032 0.9486991167068481 -0.23813869059085846
vn 0.207990363240242 0.9486991167068481 -0.23813869059085846
vn 0.21352414786815643 0.9524717926979065 -0.2172669917345047
vn 0.21352416276931763 0.9524717926979065 -0.2172669768333435
vn 0.21352413296699524 0.9524717926979065 -0.2172669917345047
vn 0.07771395891904831 0.9681440591812134 -0.2380286157131195
vn 0.07771395146846771 0.9681440591812134 -0.2380286157131195
vn 0.07771395891904831 0.9681440591812134 -0.2380286306142807
vn 0.11785111576318741 0.9660872220993042 -0.22975334525108337
vn 0.11785110831260681 0.9660872220993042 -0.22975334525108337
vn 0.11785111576318741 0.9660872220993042 -0.22975336015224457
vn -0.06964375078678131 0.9663894176483154 -0.24746976792812347
vn -0.06964375078678131 0.9663894176483154 -0.24746979773044586
vn -0.06964375823736191 0.9663894176483154 -0.24746975302696228
vn -0.15811698138713837 0.9730827808380127 -0.1676572561264038
vn -0.15811696648597717 0.9730827808380127 -0.167657271027565
vn -0.15811696648597717 0.9730827808380127 -0.1676572859287262
vn -0.1256311535835266 0.9758197069168091 -0.1788649708032608
vn -0.1256311535835266 0.9758197069168091 -0.1788649708032608
vn -0.1256311535835266 0.9758197069168091 -0.1788649708032608
vn -0.0675012543797493 0.9622819423675537 -0.26354700326919556
vn -0.0675012469291687 0.9622819423675537 -0.26354697346687317
vn -0.0675012543797493 0.9622819423675537 -0.26354697346687317
vn -0.396375834941864 0.9180164337158203 -0.011488638818264008
vn -0.396375834941864 0.9180164337158203 -0.011488637886941433
vn -0.396375834941864 0.9180164337158203 -0.011488637886941433
vn -0.14568229019641876 0.9826099872589111 -0.11512715369462967
vn -0.14568227529525757 0.9826099872589111 -0.11512715369462967
vn -0.14568227529525757 0.9826099872589111 -0.11512716859579086
vn 0.0790875181555748 0.9936360716819763 -0.08020327985286713
vn 0.0790875256061554 0.9936360716819763 -0.08020327985286713
vn 0.0790875107049942 0.9936360716819763 -0.08020327985286713
vn 0.1024264395236969 0.990909993648529 -0.08721356838941574
vn 0.1024264395236969 0.990909993648529 -0.08721357583999634
vn 0.1024264395236969 0.990909993648529 -0.08721357583999634
vn 0.049569010734558105 0.9757393598556519 -0.2132500857114792
vn 0.04956900328397751 0.9757393598556519 -0.21325010061264038
vn 0.04956900328397751 0.9757393598556519 -0.2132500857114792
vn 0.3369784653186798 0.8709392547607422 -0.35764560103416443
vn 0.3369784653186798 0.8709391951560974 -0.3576456308364868
vn 0.3369784653186798 0.8709391951560974 -0.3576456308364868
vn -0.15663957595825195 0.9283414483070374 -0.337114542722702
vn -0.15663959085941315 0.9283414483070374 -0.337114542722702
vn -0.15663959085941315 0.9283414483070374 -0.3371145725250244
vn -0.194479301571846 0.9327635765075684 -0.30352914333343506
vn -0.19447928667068481 0.9327635765075684 -0.3035290837287903
vn -0.1944793164730072 0.9327635765075684 -0.30352914333343506
vn -0.1346459537744522 0.9906370639801025 -0.022555073723196983
vn -0.1346459686756134 0.9906370043754578 -0.022555075585842133
vn -0.1346459686756134 0.9906370043754578 -0.022555077448487282
vn -0.1621115803718567 0.9865185022354126 0.022385166957974434
vn -0.16211159527301788 0.9865185022354126 0.022385168820619583
vn -0.16211159527301788 0.9865185022354126 0.022385170683264732
vn -0.13360226154327393 0.9877067804336548 0.08115297555923462
vn -0.13360227644443512 0.9877067804336548 0.08115297555923462
vn -0.13360227644443512 0.9877067804336548 0.08115298300981522
vn 0.12526148557662964 0.9905909299850464 -0.055128730833530426
vn 0.12526148557662964 0.9905909299850464 -0.05512872710824013
vn 0.12526148557662964 0.9905909299850464 -0.05512872710824013
vn 0.40712299942970276 0.8929308652877808 -0.1921597719192505
vn 0.4071229100227356 0.8929308652877808 -0.1921597570180893
vn 0.407122939825058 0.8929308652877808 -0.1921597719192505
vn 0.1848510354757309 0.9621767401695251 -0.20011506974697113
vn 0.1848510354757309 0.9621767401695251 -0.20011506974697113
vn 0.1848510354757309 0.9621767401695251 -0.20011508464813232
vn 0.1595848649740219 0.9690508842468262 -0.18834301829338074
vn 0.1595848649740219 0.9690508842468262 -0.18834301829338074
vn 0.1595848798751831 0.9690508842468262 -0.18834301829338074
vn 0.3385907709598541 0.8622928857803345 -0.37657302618026733
vn 0.3385908305644989 0.8622928857803345 -0.37657296657562256
vn 0.3385908305644989 0.8622928857803345 -0.37657302618026733
vn 0.2958558201789856 0.889523446559906 -0.34816280007362366
vn 0.2958557903766632 0.8895235061645508 -0.34816277027130127
vn 0.2958558201789856 0.889523446559906 -0.34816280007362366
vn 0.023684419691562653 0.9926229119300842 -0.11890693008899689
vn 0.023684421554207802 0.9926229119300842 -0.11890693753957748
vn 0.023684419691562653 0.9926229119300842 -0.11890693753957748
vn 0.06730600446462631 0.989051878452301 -0.1313248872756958
vn 0.06730600446462631 0.989051878452301 -0.131324902176857
vn 0.06730600446462631 0.989051878452301 -0.131324902176857
vn -0.24022644758224487 0.9557380676269531 -0.1698705106973648
vn -0.24022646248340607 0.9557380676269531 -0.1698705106973648
vn -0.24022650718688965 0.9557380676269531 -0.1698705554008484
vn -0.4792758822441101 0.8764334917068481 0.04646509513258934
vn -0.47927582263946533 0.8764334917068481 0.04646508768200874
vn -0.4792758822441101 0.8764334917068481 0.04646509513258934
vn -0.4792758822441101 0.8764334917068481 0.04646509513258934
vn -0.4792758822441101 0.8764334917068481 0.04646509513258934
vn -0.47927582263946533 0.8764334917068481 0.04646508768200874
vn -0.4543415307998657 0.8895737528800964 0.04724777117371559
vn -0.4543415307998657 0.8895737528800964 0.04724777117371559
vn -0.4543415307998657 0.8895736932754517 0.04724777489900589
vn -0.403547465801239 0.9144157767295837 0.03151487559080124
vn -0.4035474359989166 0.9144158363342285 0.03151487559080124
vn -0.403547465801239 0.9144157767295837 0.03151487186551094
vn -0.38861024379730225 0.9211300611495972 0.02239389717578888
vn -0.38861027359962463 0.9211300611495972 0.02239389345049858
vn -0.38861024379730225 0.9211300611495972 0.02239389717578888
vn -0.2162124514579773 0.9754483103752136 -0.04186680540442467
vn -0.2162124514579773 0.9754483103752136 -0.04186679795384407
vn -0.2162124514579773 0.9754482507705688 -0.04186680540442467
vn 0.3981614112854004 0.8987311720848083 -0.18371109664440155
vn 0.3981614410877228 0.8987311720848083 -0.18371112644672394
vn 0.398161381483078 0.8987311720848083 -0.18371111154556274
vn 0.2603699266910553 0.9614211916923523 -0.08875120431184769
vn 0.2603698968887329 0.9614211916923523 -0.08875119686126709
vn 0.2603699266910553 0.9614211916923523 -0.08875118941068649
vn 0.3760012984275818 0.9182063341140747 -0.12457969039678574
vn 0.3760012984275818 0.9182063341140747 -0.12457970529794693
vn 0.3760012984275818 0.9182063341140747 -0.12457970529794693
vn 0.2846080958843231 0.9548423886299133 -0.08528890460729599
vn 0.28460806608200073 0.9548424482345581 -0.0852888971567154
vn 0.2846081256866455 0.9548423886299133 -0.08528891205787659
vn 0.5146716833114624 0.84602952003479 -0.13909393548965454
vn 0.5146716833114624 0.84602952003479 -0.13909395039081573
vn 0.5146716833114624 0.84602952003479 -0.13909395039081573
vn -0.054034341126680374 0.996932327747345 -0.05662382021546364
vn -0.054034341126680374 0.996932327747345 -0.05662382394075394
vn -0.054034341126680374 0.996932327747345 -0.056623827666044235
vn -0.30194634199142456 0.9532860517501831 0.008607734926044941
vn -0.30194634199142456 0.9532860517501831 0.008607734926044941
vn -0.30194634199142456 0.9532860517501831 0.008607734926044941
vn 0.3537203371524811 0.9326538443565369 -0.07098390907049179
vn 0.3537203073501587 0.9326538443565369 -0.07098391652107239
vn 0.3537203073501587 0.9326538443565369 -0.07098390907049179
vn 0.36452069878578186 0.9279564619064331 -0.07759780436754227
vn 0.36452069878578186 0.9279564619064331 -0.07759780436754227
vn 0.36452069878578186 0.9279564619064331 -0.07759780436754227
vn 0.3727211058139801 0.9250764846801758 -0.07288681715726852
vn 0.3727210760116577 0.9250764846801758 -0.07288680970668793
vn 0.3727211356163025 0.9250764846801758 -0.07288681715726852
vn 0.3727211058139801 0.9250764846801758 -0.07288681715726852
vn 0.3727211356163025 0.9250764846801758 -0.07288681715726852
vn 0.3727210760116577 0.9250764846801758 -0.07288680970668793
vn 0.3427337110042572 0.9392481446266174 -0.018614016473293304
vn 0.3427337110042572 0.9392481446266174 -0.018614018335938454
vn 0.3427337110042572 0.9392481446266174 -0.018614018335938454
vn -0.020093653351068497 0.9996373653411865 0.017928335815668106
vn -0.020093653351068497 0.9996373653411865 0.017928335815668106
vn -0.020093651488423347 0.9996373653411865 0.017928333953022957
vn -0.033499494194984436 0.9991235733032227 0.025097472593188286
vn -0.03349949046969414 0.9991235733032227 0.025097474455833435
vn -0.03349949046969414 0.9991235733032227 0.025097474455833435
vn -0.3819648027420044 0.9199597239494324 -0.08818740397691727
vn -0.3819648027420044 0.9199597239494324 -0.08818740397691727
vn -0.3819648027420044 0.9199597239494324 -0.08818740397691727
vn -0.4986249506473541 0.8653421998023987 -0.050557009875774384
vn -0.4986249506473541 0.8653421998023987 -0.05055701360106468
vn -0.4986249804496765 0.8653421998023987 -0.05055701360106468
vn -0.4624089300632477 0.8856686353683472 -0.04206003621220589
vn -0.4624089300632477 0.8856686353683472 -0.04206003621220589
vn -0.4624089300632477 0.8856686353683472 -0.04206003248691559
vn -0.3305506110191345 0.9406790733337402 -0.07654550671577454
vn -0.33055055141448975 0.9406790733337402 -0.07654549926519394
vn -0.3305506110191345 0.9406790733337402 -0.07654550671577454
vn -0.4423553943634033 0.8968304395675659 0.004108920227736235
vn -0.4423553943634033 0.8968304395675659 0.004108920227736235
vn -0.44235536456108093 0.8968304395675659 0.004108920693397522
vn -0.2745107412338257 0.9611153602600098 -0.030017854645848274
vn -0.2745107114315033 0.9611154198646545 -0.030017856508493423
vn -0.2745107114315033 0.9611154198646545 -0.030017854645848274
vn -0.3577314615249634 0.933676540851593 0.01662183180451393
vn -0.3577314019203186 0.9336766004562378 0.016621829941868782
vn -0.357731431722641 0.933676540851593 0.016621829941868782
vn -0.3307135999202728 0.9436340928077698 0.013536788523197174
vn -0.3307135999202728 0.9436340928077698 0.0135367875918746
vn -0.3307135999202728 0.9436340928077698 0.013536786660552025
vn 0.26473256945610046 0.9637084007263184 -0.03439105302095413
vn 0.2647325396537781 0.9637084603309631 -0.03439105302095413
vn 0.26473259925842285 0.9637084007263184 -0.03439105674624443
vn 0.4427633583545685 0.8943818807601929 -0.06357421725988388
vn 0.4427633285522461 0.8943818807601929 -0.06357421725988388
vn 0.4427633285522461 0.8943818807601929 -0.06357422471046448
vn 0.5555022358894348 0.8236591219902039 -0.11403051018714905
vn 0.5555022358894348 0.8236591219902039 -0.11403051763772964
vn 0.5555022358894348 0.8236591219902039 -0.11403052508831024
vn 0.0700714960694313 0.9909982681274414 -0.11407201737165451
vn 0.0700714960694313 0.9909982681274414 -0.11407200992107391
vn 0.0700715035200119 0.9909982681274414 -0.11407201737165451
vn 0.4586228132247925 0.8860212564468384 -0.06805435568094254
vn 0.4586228132247925 0.8860212564468384 -0.06805436313152313
vn 0.4586228132247925 0.8860213160514832 -0.06805436313152313
vn 0.35391125082969666 0.935257077217102 0.0064016422256827354
vn 0.35391122102737427 0.9352571368217468 0.006401641760021448
vn 0.35391125082969666 0.935257077217102 0.006401641760021448
vn 0.48895615339279175 0.8697899580001831 -0.0662371963262558
vn 0.48895615339279175 0.8697899580001831 -0.0662371888756752
vn 0.48895615339279175 0.8697899580001831 -0.0662371963262558
vn 0.45173385739326477 0.8917389512062073 0.027168892323970795
vn 0.4517338275909424 0.891739010810852 0.027168892323970795
vn 0.4517338275909424 0.8917389512062073 0.027168892323970795
vn 0.4456910789012909 0.8947423696517944 0.02820531465113163
vn 0.4456911087036133 0.8947423696517944 0.02820531465113163
vn 0.4456910789012909 0.8947423696517944 0.02820531278848648
vn 0.4736958146095276 0.8806818127632141 -0.003443321445956826
vn 0.47369584441185 0.8806817531585693 -0.0034433219116181135
vn 0.47369587421417236 0.8806817531585693 -0.0034433219116181135
vn 0.37845781445503235 0.9256179928779602 -0.0010380517924204469
vn 0.37845778465270996 0.9256179928779602 -0.001038051676005125
vn 0.37845781445503235 0.9256179928779602 -0.0010380517924204469
vn 0.12301439791917801 0.9829083681106567 -0.13696222007274628
vn 0.12301439046859741 0.9829083681106567 -0.13696223497390747
vn 0.12301437556743622 0.9829083681106567 -0.13696222007274628
vn -0.45389503240585327 0.888724148273468 -0.06440981477499008
vn -0.45389503240585327 0.8887242078781128 -0.06440981477499008
vn -0.45389503240585327 0.8887242078781128 -0.06440980732440948
vn -0.479644775390625 0.8739120364189148 -0.0788581445813179
vn -0.4796448051929474 0.8739120364189148 -0.0788581371307373
vn -0.4796448051929474 0.8739120364189148 -0.0788581520318985
vn -0.49478447437286377 0.8656165599822998 -0.07678727060556412
vn -0.49478447437286377 0.8656165599822998 -0.07678727805614471
vn -0.49478447437286377 0.8656165599822998 -0.07678727060556412
vn 0.4412371516227722 0.896226167678833 0.045699555426836014
vn 0.4412371814250946 0.896226167678833 0.04569956287741661
vn 0.4412371516227722 0.896226167678833 0.04569955915212631
vn 0.4450587034225464 0.8952372670173645 0.021749408915638924
vn 0.4450587034225464 0.8952372074127197 0.021749405190348625
vn 0.445058673620224 0.8952372670173645 0.021749407052993774
vn 0.36366644501686096 0.9314682483673096 0.010659183375537395
vn 0.3636664152145386 0.9314682483673096 0.01065918430685997
vn 0.36366644501686096 0.9314682483673096 0.010659183375537395
vn 0.15128670632839203 0.986530065536499 -0.06221560016274452
vn 0.15128670632839203 0.986530065536499 -0.06221560761332512
vn 0.15128670632839203 0.986530065536499 -0.06221560761332512
vn -0.4303048253059387 0.8984718918800354 -0.08709739148616791
vn -0.4303048551082611 0.8984718918800354 -0.0870973989367485
vn -0.4303048253059387 0.8984719514846802 -0.0870973989367485
vn -0.45516347885131836 0.8835957050323486 -0.10993121564388275
vn -0.45516344904899597 0.8835957050323486 -0.10993121564388275
vn -0.45516347885131836 0.8835957050323486 -0.10993122309446335
vn -0.516342043876648 0.8502976894378662 -0.10190581530332565
vn -0.5163419842720032 0.8502976894378662 -0.10190580785274506
vn -0.516342043876648 0.8502976894378662 -0.10190581530332565
vn 0.5377265214920044 0.8179444670677185 0.20449231564998627
vn 0.5377264618873596 0.8179444670677185 0.20449228584766388
vn 0.5377264618873596 0.8179444670677185 0.20449228584766388
vn 0.433853417634964 0.9005671739578247 0.027386367321014404
vn 0.4338534474372864 0.9005671739578247 0.027386369183659554
vn 0.4338534474372864 0.9005671739578247 0.027386365458369255
vn 0.548003613948822 0.8341206908226013 0.06272761523723602
vn 0.5480036735534668 0.8341206312179565 0.06272761523723602
vn 0.548003613948822 0.8341206312179565 0.06272761523723602
vn 0.34499484300613403 0.8947274684906006 0.2836216986179352
vn 0.34499481320381165 0.8947275280952454 0.28362172842025757
vn 0.34499481320381165 0.8947275280952454 0.2836216986179352
vn 0.10318069159984589 0.9946302175521851 0.008026659488677979
vn 0.10318068414926529 0.9946302175521851 0.008026659488677979
vn 0.10318069159984589 0.9946302175521851 0.008026660420000553
vn -0.3887472450733185 0.919044554233551 -0.0650591254234314
vn -0.3887472152709961 0.919044554233551 -0.065059132874012
vn -0.3887471854686737 0.919044554233551 -0.065059132874012
vn -0.42506837844848633 0.896038830280304 -0.1281844526529312
vn -0.42506837844848633 0.896038830280304 -0.1281844526529312
vn -0.4250684082508087 0.896038830280304 -0.1281844526529312
vn -0.31231242418289185 0.949260413646698 -0.036954451352357864
vn -0.31231242418289185 0.949260413646698 -0.036954451352357864
vn -0.31231239438056946 0.949260413646698 -0.036954451352357864
vn -0.3729354739189148 0.9224544167518616 -0.0999850407242775
vn -0.37293541431427 0.9224544167518616 -0.0999850183725357
vn -0.3729354441165924 0.9224544167518616 -0.0999850332736969
vn -0.2771194577217102 0.9581872820854187 -0.0712878480553627
vn -0.2771194279193878 0.9581872820854187 -0.07128783315420151
vn -0.2771194279193878 0.9581872820854187 -0.0712878406047821
vn 0.30617618560791016 0.9253376126289368 0.2236212193965912
vn 0.30617618560791016 0.9253376126289368 0.22362120449543
vn 0.30617621541023254 0.9253376126289368 0.2236212193965912
vn 0.49401211738586426 0.8103750348091125 0.3150307536125183
vn 0.49401214718818665 0.8103749752044678 0.3150307238101959
vn 0.49401211738586426 0.8103749752044678 0.3150307536125183
vn 0.345388263463974 0.9151477813720703 0.2078736424446106
vn 0.3453882932662964 0.9151477813720703 0.2078736573457718
vn 0.345388263463974 0.9151477813720703 0.20787367224693298
vn 0.458193302154541 0.8547401428222656 0.24388161301612854
vn 0.45819327235221863 0.8547401428222656 0.24388161301612854
vn 0.458193302154541 0.8547400832176208 0.24388161301612854
vn 0.5385230183601379 0.7912001609802246 0.2898193597793579
vn 0.5385230779647827 0.7912001013755798 0.2898193597793579
vn 0.5385230779647827 0.7912001013755798 0.2898193299770355
vn 0.3557082712650299 0.9262744188308716 0.12444817274808884
vn 0.3557083308696747 0.9262743592262268 0.12444817274808884
vn 0.3557083308696747 0.9262743592262268 0.12444818019866943
vn 0.26404255628585815 0.9617594480514526 0.07280337810516357
vn 0.26404255628585815 0.9617594480514526 0.07280337065458298
vn 0.26404255628585815 0.9617594480514526 0.07280337810516357
vn -0.23050977289676666 0.9669071435928345 0.10934282094240189
vn -0.23050975799560547 0.9669071435928345 0.10934281349182129
vn -0.23050977289676666 0.9669071435928345 0.10934282094240189
vn -0.35816922783851624 0.926920473575592 -0.1119520366191864
vn -0.35816922783851624 0.926920473575592 -0.1119520366191864
vn -0.3581692576408386 0.926920473575592 -0.1119520515203476
vn -0.29813289642333984 0.937092661857605 -0.18158785998821259
vn -0.29813292622566223 0.9370926022529602 -0.18158785998821259
vn -0.2981329560279846 0.9370926022529602 -0.18158788979053497
vn 0.3164108693599701 0.9482378959655762 -0.027001332491636276
vn 0.3164108991622925 0.9482378959655762 -0.027001334354281425
vn 0.3164108991622925 0.9482378959655762 -0.027001330628991127
vn 0.6010143160820007 0.7450476288795471 0.28928491473197937
vn 0.6010143756866455 0.7450476288795471 0.28928494453430176
vn 0.6010143160820007 0.7450476288795471 0.28928491473197937
vn 0.38695231080055237 0.8972340822219849 0.21269428730010986
vn 0.38695234060287476 0.8972340822219849 0.21269430220127106
vn 0.38695234060287476 0.8972340822219849 0.21269431710243225
vn -0.22373250126838684 0.9659969210624695 -0.12959055602550507
vn -0.22373253107070923 0.9659969210624695 -0.12959057092666626
vn -0.22373248636722565 0.9659969210624695 -0.12959055602550507
vn -0.3111233413219452 0.9452033042907715 -0.09895962476730347
vn -0.3111233711242676 0.9452033042907715 -0.09895963221788406
vn -0.3111233413219452 0.9452033042907715 -0.09895962476730347
vn -0.3990095853805542 0.9019032716751099 -0.1654142588376999
vn -0.3990096151828766 0.9019032716751099 -0.1654142588376999
vn -0.399009644985199 0.9019032120704651 -0.1654142588376999
vn 0.17769759893417358 0.9793350100517273 0.0965738296508789
vn 0.17769759893417358 0.9793350100517273 0.09657381474971771
vn 0.17769759893417358 0.9793350100517273 0.0965738296508789
vn 0.3340064287185669 0.9265690445899963 0.17294351756572723
vn 0.3340064287185669 0.9265690445899963 0.17294353246688843
vn 0.3340064585208893 0.9265690445899963 0.17294353246688843
vn 0.40731751918792725 0.8884869813919067 0.21138417720794678
vn 0.40731754899024963 0.8884869813919067 0.21138416230678558
vn 0.40731754899024963 0.8884869813919067 0.21138417720794678
vn 0.34039199352264404 0.9219315052032471 0.1848662942647934
vn 0.34039199352264404 0.9219315052032471 0.1848662942647934
vn 0.34039199352264404 0.9219315052032471 0.1848663091659546
vn -0.2981965243816376 0.9476856589317322 -0.11388913542032242
vn -0.29819655418395996 0.9476856589317322 -0.11388913542032242
vn -0.29819655418395996 0.9476856589317322 -0.11388914287090302
vn -0.326236367225647 0.935894250869751 -0.1329352706670761
vn -0.32623639702796936 0.935894250869751 -0.1329352855682373
vn -0.32623639702796936 0.935894250869751 -0.1329352855682373
vn -0.5115299820899963 0.8444783091545105 -0.15872463583946228
vn -0.5115299820899963 0.8444783091545105 -0.1587246209383011
vn -0.5115300416946411 0.8444782495498657 -0.15872463583946228
vn -0.533333957195282 0.82778000831604 -0.17416998744010925
vn -0.533333957195282 0.82778000831604 -0.17416997253894806
vn -0.533333957195282 0.8277799487113953 -0.17416998744010925
vn -0.270816832780838 0.9546982049942017 -0.12332721054553986
vn -0.270816832780838 0.9546982049942017 -0.12332720309495926
vn -0.2708168625831604 0.9546982049942017 -0.12332720309495926
vn 0.20755916833877563 0.9678685665130615 0.14194922149181366
vn 0.20755915343761444 0.9678686261177063 0.14194920659065247
vn 0.20755915343761444 0.9678686261177063 0.14194922149181366
vn 0.44912710785865784 0.8547248840332031 0.26025038957595825
vn 0.44912710785865784 0.8547248840332031 0.26025035977363586
vn 0.44912707805633545 0.8547248840332031 0.26025035977363586
vn 0.4865938127040863 0.8301770091056824 0.272089421749115
vn 0.4865937829017639 0.8301769495010376 0.2720894515514374
vn 0.4865937829017639 0.8301770091056824 0.272089421749115
vn 0.45671752095222473 0.855002224445343 0.2457241266965866
vn 0.45671752095222473 0.8550021648406982 0.24572411179542542
vn 0.45671752095222473 0.8550021648406982 0.2457241266965866
vn 0.6308625340461731 0.6949640512466431 0.34501805901527405
vn 0.6308624744415283 0.6949640512466431 0.34501802921295166
vn 0.6308625340461731 0.6949640512466431 0.34501805901527405
vn 0.33168476819992065 0.910246729850769 0.24786309897899628
vn 0.33168476819992065 0.910246729850769 0.24786311388015747
vn 0.33168476819992065 0.910246729850769 0.24786308407783508
vn 0.3662751317024231 0.8869175314903259 0.2814602255821228
vn 0.3662751019001007 0.8869175314903259 0.2814602255821228
vn 0.3662750720977783 0.8869175314903259 0.2814602553844452
vn 0.32770058512687683 0.9205585718154907 0.2125658541917801
vn 0.3277006149291992 0.9205585718154907 0.2125658392906189
vn 0.3277006447315216 0.9205585718154907 0.2125658392906189
vn -0.11065603792667389 0.9927650690078735 -0.0466134138405323
vn -0.11065604537725449 0.9927650690078735 -0.046613410115242004
vn -0.11065603792667389 0.9927650690078735 -0.046613410115242004
vn -0.19027723371982574 0.9606008529663086 -0.20258472859859467
vn -0.19027721881866455 0.9606008529663086 -0.20258468389511108
vn -0.19027723371982574 0.9606008529663086 -0.20258469879627228
vn 0.3350517451763153 0.8532478213310242 0.3996354043483734
vn 0.3350517153739929 0.8532478213310242 0.3996354043483734
vn 0.3350517451763153 0.8532478213310242 0.3996354937553406
vn 0.3735302686691284 0.8831066489219666 0.2838975489139557
vn 0.37353020906448364 0.8831066489219666 0.2838975191116333
vn 0.3735302686691284 0.8831066489219666 0.2838975489139557
vn -0.0807003378868103 0.9948935508728027 -0.060615383088588715
vn -0.0807003378868103 0.9948935508728027 -0.060615383088588715
vn -0.0807003453373909 0.9948935508728027 -0.06061538681387901
vn -0.24782483279705048 0.9543455243110657 -0.16675561666488647
vn -0.24782484769821167 0.9543455243110657 -0.16675564646720886
vn -0.24782487750053406 0.9543455243110657 -0.16675564646720886
vn -0.2910638749599457 0.9292587041854858 -0.22750839591026306
vn -0.2910638749599457 0.9292587041854858 -0.22750842571258545
vn -0.2910638451576233 0.9292587041854858 -0.22750839591026306
vn -0.2501051425933838 0.9464356899261475 -0.20422273874282837
vn -0.2501051127910614 0.9464356899261475 -0.20422272384166718
vn -0.2501051723957062 0.9464356899261475 -0.20422273874282837
vn -0.46683603525161743 0.8385423421859741 -0.2809106707572937
vn -0.4668360650539398 0.8385423421859741 -0.2809106707572937
vn -0.4668360650539398 0.8385423421859741 -0.2809106707572937
vn -0.5153064131736755 0.770599901676178 -0.37501341104507446
vn -0.5153064131736755 0.770599901676178 -0.3750133812427521
vn -0.5153064727783203 0.770599901676178 -0.37501341104507446
vn -0.24616201221942902 0.9602383971214294 -0.1317058652639389
vn -0.24616201221942902 0.9602384567260742 -0.13170583546161652
vn -0.24616199731826782 0.9602384567260742 -0.1317058503627777
vn -0.2994063198566437 0.943792998790741 -0.14003799855709076
vn -0.2994063198566437 0.943792998790741 -0.14003799855709076
vn -0.2994063198566437 0.943792998790741 -0.14003798365592957
vn 0.3131246268749237 0.9123229384422302 0.26385563611984253
vn 0.3131246268749237 0.9123229384422302 0.26385563611984253
vn 0.3131246268749237 0.9123229384422302 0.26385563611984253
vn 0.3685149550437927 0.8838785290718079 0.28801989555358887
vn 0.3685149550437927 0.8838785290718079 0.2880198657512665
vn 0.3685149550437927 0.8838785290718079 0.2880198657512665
vn 0.4401859641075134 0.8527606725692749 0.28113266825675964
vn 0.4401859939098358 0.8527606129646301 0.28113266825675964
vn 0.4401859939098358 0.8527606725692749 0.28113266825675964
vn 0.13384196162223816 0.9815855026245117 0.1362946480512619
vn 0.13384197652339935 0.9815855026245117 0.1362946480512619
vn 0.13384199142456055 0.9815855026245117 0.1362946480512619
vn -0.47855159640312195 0.8249806761741638 -0.3006579875946045
vn -0.47855162620544434 0.8249806761741638 -0.3006580173969269
vn -0.47855159640312195 0.8249806761741638 -0.3006579875946045
vn -0.47855159640312195 0.8249806761741638 -0.3006579875946045
vn -0.47855159640312195 0.8249806761741638 -0.3006579875946045
vn -0.4785516560077667 0.8249806761741638 -0.3006580173969269
vn -0.48117637634277344 0.8519490957260132 -0.20652365684509277
vn -0.48117634654045105 0.851949155330658 -0.20652365684509277
vn -0.48117637634277344 0.8519490957260132 -0.20652367174625397
vn -0.14550435543060303 0.9870913028717041 -0.06692676246166229
vn -0.14550435543060303 0.9870913028717041 -0.06692676991224289
vn -0.14550435543060303 0.9870913028717041 -0.06692676246166229
vn 0.15046623349189758 0.9737104177474976 0.1710202544927597
vn 0.15046623349189758 0.9737104177474976 0.1710202544927597
vn 0.1504662185907364 0.9737104177474976 0.1710202395915985
vn 0.18895840644836426 0.9575620889663696 0.21764563024044037
vn 0.18895839154720306 0.9575620889663696 0.21764560043811798
vn 0.18895837664604187 0.9575620889663696 0.21764561533927917
vn 0.31214064359664917 0.895544171333313 0.3171258866786957
vn 0.31214064359664917 0.895544171333313 0.3171258866786957
vn 0.31214064359664917 0.895544171333313 0.3171258866786957
vn 0.31479546427726746 0.8608726263046265 0.39975255727767944
vn 0.31479549407958984 0.8608726263046265 0.39975255727767944
vn 0.31479549407958984 0.8608726263046265 0.39975252747535706
vn 0.4294441342353821 0.7607477903366089 0.48666268587112427
vn 0.4294441044330597 0.7607477903366089 0.4866626560688019
vn 0.4294441342353821 0.7607477903366089 0.48666268587112427
vn 0.3724629580974579 0.778756320476532 0.5047870874404907
vn 0.3724629282951355 0.778756320476532 0.504787027835846
vn 0.3724629580974579 0.7787562608718872 0.5047870874404907
vn 0.20281924307346344 0.8660764098167419 0.45692014694213867
vn 0.20281924307346344 0.8660764098167419 0.45692017674446106
vn 0.20281922817230225 0.8660764098167419 0.45692017674446106
vn 0.28785696625709534 0.8047912120819092 0.5190852284431458
vn 0.28785690665245056 0.804791271686554 0.519085168838501
vn 0.28785693645477295 0.8047912120819092 0.5190852284431458
vn -0.051400139927864075 0.8760970830917358 0.4793870449066162
vn -0.051400136202573776 0.8760970830917358 0.4793870747089386
vn -0.051400139927864075 0.8760970830917358 0.4793870747089386
vn 0.027161896228790283 0.8385607004165649 0.5441306829452515
vn 0.027161894366145134 0.8385606408119202 0.5441307425498962
vn 0.027161894366145134 0.8385606408119202 0.5441307425498962
vn -0.36763736605644226 0.8743356466293335 -0.31682783365249634
vn -0.36763742566108704 0.8743356466293335 -0.31682783365249634
vn -0.36763739585876465 0.8743356466293335 -0.3168278634548187
vn -0.2951194643974304 0.9303597807884216 -0.21756640076637268
vn -0.29511943459510803 0.9303598403930664 -0.2175663709640503
vn -0.2951194643974304 0.9303597807884216 -0.2175663858652115
vn 0.04327966645359993 0.9868971109390259 0.15543796122074127
vn 0.04327967390418053 0.9868971109390259 0.15543797612190247
vn 0.04327967017889023 0.9868971109390259 0.15543796122074127
vn 0.3002259433269501 0.8516773581504822 0.42954638600349426
vn 0.3002258837223053 0.8516773581504822 0.42954641580581665
vn 0.3002259433269501 0.8516773581504822 0.42954638600349426
vn 0.13951076567173004 0.8351616263389587 0.5320166945457458
vn 0.13951076567173004 0.8351616859436035 0.5320166349411011
vn 0.13951076567173004 0.8351616859436035 0.5320166945457458
vn 0.20970696210861206 0.7698500752449036 0.6027884483337402
vn 0.20970694720745087 0.7698500156402588 0.6027884483337402
vn 0.20970694720745087 0.7698500752449036 0.6027884483337402
vn -0.08956552296876907 0.9183819890022278 0.3854251205921173
vn -0.08956551551818848 0.9183819890022278 0.3854250907897949
vn -0.08956551551818848 0.9183819890022278 0.38542506098747253
vn -0.44866031408309937 0.8581229448318481 0.2496575266122818
vn -0.44866034388542175 0.8581229448318481 0.2496575117111206
vn -0.44866031408309937 0.8581229448318481 0.2496575266122818
vn -0.536230206489563 0.7649879455566406 -0.3567220866680145
vn -0.536230206489563 0.7649879455566406 -0.3567221164703369
vn -0.536230206489563 0.7649878859519958 -0.3567220866680145
vn -0.13007332384586334 0.9878190755844116 0.08540736138820648
vn -0.13007333874702454 0.9878190755844116 0.08540736883878708
vn -0.13007333874702454 0.9878190755844116 0.08540737628936768
vn -0.4002261757850647 0.8566356897354126 -0.3255675733089447
vn -0.40022626519203186 0.8566356897354126 -0.3255676329135895
vn -0.4002262353897095 0.8566356897354126 -0.3255676031112671
vn -0.17426545917987823 0.9722902178764343 -0.15583088994026184
vn -0.17426545917987823 0.9722902178764343 -0.15583087503910065
vn -0.17426545917987823 0.9722902178764343 -0.15583087503910065
vn -0.08117575943470001 0.9943463206291199 -0.06845348328351974
vn -0.08117576688528061 0.9943463206291199 -0.06845347583293915
vn -0.08117575943470001 0.9943463206291199 -0.06845348328351974
vn -0.11140551418066025 0.9862896800041199 -0.12174371629953384
vn -0.11140552163124084 0.9862896800041199 -0.12174373120069504
vn -0.11140551418066025 0.9862896800041199 -0.12174372375011444
vn 0.14608699083328247 0.9755211472511292 0.16436858475208282
vn 0.14608700573444366 0.9755211472511292 0.16436856985092163
vn 0.14608700573444366 0.9755211472511292 0.16436856985092163
vn 0.04581558704376221 0.985619843006134 0.16264811158180237
vn 0.04581558331847191 0.985619843006134 0.16264811158180237
vn 0.04581558331847191 0.985619843006134 0.16264811158180237
vn 0.2843659520149231 0.8896675109863281 0.35725027322769165
vn 0.2843659222126007 0.8896675109863281 0.35725024342536926
vn 0.2843659520149231 0.8896674513816833 0.35725030303001404
vn 0.06614945828914642 0.9453592896461487 0.3192492425441742
vn 0.06614945828914642 0.9453592896461487 0.3192492425441742
vn 0.06614945828914642 0.9453592896461487 0.3192492723464966
vn 0.0015971774701029062 0.9695679545402527 0.24481721222400665
vn 0.0015971773536875844 0.9695679545402527 0.24481721222400665
vn 0.0015971774701029062 0.9695679545402527 0.24481722712516785
vn -0.3054576814174652 0.9480178356170654 0.0892062783241272
vn -0.3054576814174652 0.9480178356170654 0.0892062857747078
vn -0.3054576814174652 0.9480178356170654 0.0892062857747078
vn -0.3858489692211151 0.9221813678741455 0.026496851816773415
vn -0.3858489990234375 0.9221813678741455 0.026496851816773415
vn -0.3858489692211151 0.9221813678741455 0.026496849954128265
vn -0.3097337782382965 0.9500319361686707 -0.03878471255302429
vn -0.3097337484359741 0.9500319957733154 -0.03878471627831459
vn -0.3097338080406189 0.9500319361686707 -0.03878471627831459
vn 0.08101022243499756 0.9557002186775208 0.2829742133617401
vn 0.08101022988557816 0.9557002186775208 0.2829742133617401
vn 0.08101021498441696 0.9557002186775208 0.2829741835594177
vn -0.011640651151537895 0.9853314161300659 0.17025426030158997
vn -0.011640651151537895 0.9853314161300659 0.17025427520275116
vn -0.011640651151537895 0.9853314161300659 0.17025426030158997
vn -0.08437196910381317 0.9702644944190979 0.22686611115932465
vn -0.08437197655439377 0.9702644348144531 0.22686614096164703
vn -0.08437197655439377 0.9702644348144531 0.22686614096164703
vn -0.11310417950153351 0.9686828851699829 0.22104516625404358
vn -0.11310417205095291 0.9686828851699829 0.22104516625404358
vn -0.11310417205095291 0.9686828851699829 0.22104515135288239
vn -0.0033310633152723312 0.9185014963150024 0.3954034745693207
vn -0.0033310637809336185 0.9185014963150024 0.39540350437164307
vn -0.0033310630824416876 0.9185014963150024 0.3954034447669983
vn -0.2812252938747406 0.9476922154426575 0.15096962451934814
vn -0.281225323677063 0.9476922154426575 0.15096962451934814
vn -0.2812252938747406 0.9476922154426575 0.15096962451934814
vn -0.20464402437210083 0.9614909291267395 0.18345573544502258
vn -0.20464403927326202 0.9614909291267395 0.18345576524734497
vn -0.20464405417442322 0.9614909291267395 0.18345578014850616
vn -0.266821950674057 0.9631549119949341 0.03374364972114563
vn -0.266821950674057 0.9631549119949341 0.03374365344643593
vn -0.266821950674057 0.9631549119949341 0.03374364972114563
vn -0.1714055836200714 0.9807463884353638 0.0935768410563469
vn -0.1714055836200714 0.9807463884353638 0.0935768410563469
vn -0.1714055836200714 0.9807463884353638 0.0935768410563469
vn -0.21601448953151703 0.967300295829773 -0.13292080163955688
vn -0.21601447463035583 0.967300295829773 -0.1329207867383957
vn -0.21601445972919464 0.967300295829773 -0.1329207867383957
vn -0.08867224305868149 0.9945968985557556 -0.05398391932249069
vn -0.08867225050926208 0.9945968985557556 -0.05398392304778099
vn -0.08867224305868149 0.9945968985557556 -0.05398393049836159
vn 0.04456986486911774 0.9857833385467529 0.1620021015405655
vn 0.04456986486911774 0.9857833385467529 0.1620021015405655
vn 0.04456986114382744 0.9857833385467529 0.1620021015405655
vn 0.011096245609223843 0.9580541849136353 0.28637218475341797
vn 0.011096245609223843 0.9580541849136353 0.28637218475341797
vn 0.011096244677901268 0.9580541849136353 0.28637218475341797
vn -0.02363225258886814 0.9905633926391602 0.1350024938583374
vn -0.02363225258886814 0.9905633926391602 0.1350024938583374
vn -0.02363225445151329 0.9905633926391602 0.1350024789571762
vn -0.1767250895500183 0.983525276184082 -0.038030367344617844
vn -0.1767251193523407 0.983525276184082 -0.03803037106990814
vn -0.1767250895500183 0.983525276184082 -0.03803037106990814
vn -0.2515965700149536 0.9660083651542664 -0.05938824638724327
vn -0.25159651041030884 0.9660084247589111 -0.05938825011253357
vn -0.25159648060798645 0.9660084247589111 -0.05938824266195297
vn -0.2885589897632599 0.9478083848953247 -0.13562051951885223
vn -0.2885590195655823 0.9478083848953247 -0.13562051951885223
vn -0.2885590195655823 0.9478083848953247 -0.13562050461769104
vn -0.2206726372241974 0.9486494064331055 -0.22664494812488556
vn -0.22067265212535858 0.9486494064331055 -0.22664497792720795
vn -0.22067265212535858 0.9486493468284607 -0.22664496302604675
vn -0.26937031745910645 0.9602112770080566 -0.07371506839990616
vn -0.26937031745910645 0.9602112770080566 -0.07371508330106735
vn -0.26937031745910645 0.9602112770080566 -0.07371507585048676
vn -0.32366856932640076 0.9361257553100586 -0.13750344514846802
vn -0.32366856932640076 0.9361257553100586 -0.1375034600496292
vn -0.32366856932640076 0.9361257553100586 -0.13750344514846802
vn -0.2566157281398773 0.9642240405082703 0.06648586690425873
vn -0.25661569833755493 0.9642240405082703 0.06648587435483932
vn -0.25661569833755493 0.9642240405082703 0.06648586690425873
vn -0.2380252182483673 0.9576104283332825 -0.16225381195545197
vn -0.23802520334720612 0.9576104283332825 -0.16225381195545197
vn -0.23802518844604492 0.9576104283332825 -0.16225381195545197
vn -0.27397215366363525 0.9508857727050781 0.14406755566596985
vn -0.27397218346595764 0.9508857727050781 0.14406755566596985
vn -0.27397212386131287 0.9508858323097229 0.14406754076480865
vn -0.2896927297115326 0.9562759399414062 -0.04018035903573036
vn -0.2896927297115326 0.9562759399414062 -0.04018035903573036
vn -0.2896927297115326 0.9562759399414062 -0.040180355310440063
vn -0.19782793521881104 0.96295166015625 -0.18327072262763977
vn -0.19782793521881104 0.96295166015625 -0.18327072262763977
vn -0.19782792031764984 0.9629517197608948 -0.18327070772647858
vn 0.1906358003616333 0.9573439359664917 0.2171417772769928
vn 0.1906357705593109 0.9573439359664917 0.21714173257350922
vn 0.1906358003616333 0.9573439359664917 0.2171417623758316
vn 0.1906358003616333 0.9573439359664917 0.2171417772769928
vn 0.1906358003616333 0.9573439359664917 0.2171417623758316
vn 0.1906357854604721 0.9573439359664917 0.2171417623758316
vn -0.020071903243660927 0.9765625 0.21429619193077087
vn -0.020071903243660927 0.9765625 0.21429617702960968
vn -0.020071901381015778 0.9765625 0.2142961621284485
vn 0.0514928437769413 0.9843150973320007 0.1687372922897339
vn 0.051492851227521896 0.9843150973320007 0.16873730719089508
vn 0.0514928475022316 0.9843150973320007 0.16873732209205627
vn 0.07108759880065918 0.9781349301338196 0.19544455409049988
vn 0.07108759135007858 0.9781349301338196 0.19544453918933868
vn 0.07108759135007858 0.9781349301338196 0.19544453918933868
vn 0.07108759880065918 0.9781349301338196 0.19544455409049988
vn 0.07108759135007858 0.9781349301338196 0.19544453918933868
vn 0.07108759880065918 0.9781349301338196 0.19544455409049988
vn -0.14714588224887848 0.9890065789222717 0.014629523269832134
vn -0.14714589715003967 0.9890065789222717 0.014629524201154709
vn -0.14714589715003967 0.9890065789222717 0.014629523269832134
vn -0.24371057748794556 0.9690394401550293 0.03959466144442558
vn -0.24371059238910675 0.9690394401550293 0.03959466144442558
vn -0.24371060729026794 0.9690394401550293 0.03959466144442558
vn -0.24371057748794556 0.9690394401550293 0.03959466144442558
vn -0.24371060729026794 0.9690394401550293 0.03959466144442558
vn -0.24371057748794556 0.9690394401550293 0.03959466144442558
vn 0.12008365243673325 0.9897165298461914 0.077724888920784
vn 0.12008364498615265 0.9897165298461914 0.077724888920784
vn 0.12008365988731384 0.9897165298461914 0.0777248963713646
vn 0.2844003140926361 0.9381881952285767 0.1972799152135849
vn 0.2844002842903137 0.9381881952285767 0.1972799152135849
vn 0.2844002842903137 0.9381881952285767 0.1972799003124237
vn 0.2844003140926361 0.9381881952285767 0.1972799152135849
vn 0.2844002842903137 0.9381881952285767 0.1972799003124237
vn 0.2844003140926361 0.9381881952285767 0.1972799152135849
vn 0.35062071681022644 0.9360302090644836 0.03020932711660862
vn 0.35062068700790405 0.9360302090644836 0.03020932711660862
vn 0.35062065720558167 0.9360302090644836 0.03020932525396347
vn 0.2242792248725891 0.9734318256378174 0.04614424705505371
vn 0.22427920997142792 0.9734318256378174 0.046144239604473114
vn 0.2242792397737503 0.9734318256378174 0.04614425450563431
vn 0.2242792248725891 0.9734318256378174 0.04614424705505371
vn 0.2242792397737503 0.9734318256378174 0.04614425450563431
vn 0.2242792248725891 0.9734318256378174 0.04614425078034401
vn 0.41843605041503906 0.903750479221344 0.09025696665048599
vn 0.4184361398220062 0.903750479221344 0.09025697410106659
vn 0.41843608021736145 0.903750479221344 0.09025696665048599
vn 0.2237548828125 0.9723460674285889 0.06690948456525803
vn 0.2237548828125 0.9723460674285889 0.06690948456525803
vn 0.2237548977136612 0.9723460674285889 0.06690948456525803
vn 0.2145613580942154 0.9693461656570435 0.1197141483426094
vn 0.2145613431930542 0.9693461656570435 0.11971414089202881
vn 0.2145613431930542 0.9693461656570435 0.1197141483426094
vt 0.7498929500579834 0.44963350892066956
vt 0.7504081726074219 0.451601505279541
vt 0.7481487393379211 0.4510914981365204
vt 0.7504081726074219 0.451601505279541
vt 0.748507022857666 0.4534936249256134
vt 0.7481487393379211 0.4510914981365204
vt 0.748507022857666 0.4534936249256134
vt 0.745001494884491 0.4546993672847748
vt 0.7481487393379211 0.4510914981365204
vt 0.746074378490448 0.4502643644809723
vt 0.745001494884491 0.4546993672847748
vt 0.7442906498908997 0.4485149085521698
vt 0.745001494884491 0.4546993672847748
vt 0.740074098110199 0.4534843862056732
vt 0.7442906498908997 0.4485149085521698
vt 0.7442906498908997 0.4485149085521698
vt 0.740074098110199 0.4534843862056732
vt 0.7414867281913757 0.44859549403190613
vt 0.740074098110199 0.4534843862056732
vt 0.7372214794158936 0.4516364634037018
vt 0.7414867281913757 0.44859549403190613
vt 0.7414867281913757 0.44859549403190613
vt 0.7372214794158936 0.4516364634037018
vt 0.7406556606292725 0.4464629590511322
vt 0.7406556606292725 0.4464629590511322
vt 0.7372214794158936 0.4516364634037018
vt 0.738669753074646 0.446987509727478
vt 0.738669753074646 0.446987509727478
vt 0.7372214794158936 0.4516364634037018
vt 0.7362582683563232 0.44684213399887085
vt 0.7498929500579834 0.44963350892066956
vt 0.7481487393379211 0.4510914981365204
vt 0.7490394115447998 0.44806036353111267
vt 0.7490394115447998 0.44806036353111267
vt 0.7481487393379211 0.4510914981365204
vt 0.746074378490448 0.4502643644809723
vt 0.7481487393379211 0.4510914981365204
vt 0.745001494884491 0.4546993672847748
vt 0.746074378490448 0.4502643644809723
vt 0.7459012269973755 0.44313982129096985
vt 0.7442906498908997 0.4485149085521698
vt 0.7444280385971069 0.4450834393501282
vt 0.7442906498908997 0.4485149085521698
vt 0.7414867281913757 0.44859549403190613
vt 0.7444280385971069 0.4450834393501282
vt 0.7444280385971069 0.4450834393501282
vt 0.7414867281913757 0.44859549403190613
vt 0.7406556606292725 0.4464629590511322
vt 0.738669753074646 0.446987509727478
vt 0.7362582683563232 0.44684213399887085
vt 0.7381992340087891 0.44545942544937134
vt 0.7381992340087891 0.44545942544937134
vt 0.7362582683563232 0.44684213399887085
vt 0.7378175258636475 0.44318997859954834
vt 0.7378175258636475 0.44318997859954834
vt 0.736620306968689 0.44302821159362793
vt 0.735748291015625 0.43791067600250244
vt 0.7498929500579834 0.44963350892066956
vt 0.7490394115447998 0.44806036353111267
vt 0.7516502141952515 0.44270896911621094
vt 0.7516502141952515 0.44270896911621094
vt 0.7490394115447998 0.44806036353111267
vt 0.7490155696868896 0.44399797916412354
vt 0.7490394115447998 0.44806036353111267
vt 0.746074378490448 0.4502643644809723
vt 0.7490155696868896 0.44399797916412354
vt 0.746074378490448 0.4502643644809723
vt 0.7442906498908997 0.4485149085521698
vt 0.7490155696868896 0.44399797916412354
vt 0.7490155696868896 0.44399797916412354
vt 0.7442906498908997 0.4485149085521698
vt 0.7476888298988342 0.4437284767627716
vt 0.7442906498908997 0.4485149085521698
vt 0.7459012269973755 0.44313982129096985
vt 0.7476888298988342 0.4437284767627716
vt 0.7459012269973755 0.44313982129096985
vt 0.7444280385971069 0.4450834393501282
vt 0.7460930347442627 0.438692182302475
vt 0.7460930347442627 0.438692182302475
vt 0.7444280385971069 0.4450834393501282
vt 0.74398273229599 0.4423622488975525
vt 0.7444280385971069 0.4450834393501282
vt 0.7406556606292725 0.4464629590511322
vt 0.74398273229599 0.4423622488975525
vt 0.74398273229599 0.4423622488975525
vt 0.7406556606292725 0.4464629590511322
vt 0.7430909872055054 0.4399831295013428
vt 0.74398273229599 0.4423622488975525
vt 0.7430909872055054 0.4399831295013428
vt 0.7446024417877197 0.4380442202091217
vt 0.7430909872055054 0.4399831295013428
vt 0.7406556606292725 0.4464629590511322
vt 0.7420046329498291 0.43993690609931946
vt 0.7406556606292725 0.4464629590511322
vt 0.738669753074646 0.446987509727478
vt 0.7420046329498291 0.43993690609931946
vt 0.7420046329498291 0.43993690609931946
vt 0.738669753074646 0.446987509727478
vt 0.7403160333633423 0.44113072752952576
vt 0.738669753074646 0.446987509727478
vt 0.7381992340087891 0.44545942544937134
vt 0.7403160333633423 0.44113072752952576
vt 0.7504081726074219 0.451601505279541
vt 0.7498929500579834 0.44963350892066956
vt 0.7543749809265137 0.4429224133491516
vt 0.7543749809265137 0.4429224133491516
vt 0.7498929500579834 0.44963350892066956
vt 0.7516502141952515 0.44270896911621094
vt 0.7476888298988342 0.4437284767627716
vt 0.7459012269973755 0.44313982129096985
vt 0.7475846409797668 0.4390675723552704
vt 0.7475846409797668 0.4390675723552704
vt 0.7459012269973755 0.44313982129096985
vt 0.7474167943000793 0.43663039803504944
vt 0.7459012269973755 0.44313982129096985
vt 0.7460930347442627 0.438692182302475
vt 0.7474167943000793 0.43663039803504944
vt 0.7460930347442627 0.438692182302475
vt 0.74398273229599 0.4423622488975525
vt 0.7446024417877197 0.4380442202091217
vt 0.7381992340087891 0.44545942544937134
vt 0.7378175258636475 0.44318997859954834
vt 0.7403160333633423 0.44113072752952576
vt 0.7516502141952515 0.44270896911621094
vt 0.7490155696868896 0.44399797916412354
vt 0.7514757513999939 0.43982598185539246
vt 0.7511905431747437 0.43590685725212097
vt 0.7514757513999939 0.43982598185539246
vt 0.7490155696868896 0.44399797916412354
vt 0.7511905431747437 0.43590685725212097
vt 0.7490155696868896 0.44399797916412354
vt 0.7476888298988342 0.4437284767627716
vt 0.7511905431747437 0.43590685725212097
vt 0.7476888298988342 0.4437284767627716
vt 0.749800443649292 0.4355666935443878
vt 0.7474167943000793 0.43663039803504944
vt 0.7460930347442627 0.438692182302475
vt 0.7465143799781799 0.43447861075401306
vt 0.7460930347442627 0.438692182302475
vt 0.7446024417877197 0.4380442202091217
vt 0.7465143799781799 0.43447861075401306
vt 0.7465143799781799 0.43447861075401306
vt 0.7446024417877197 0.4380442202091217
vt 0.7440341711044312 0.43630990386009216
vt 0.7446024417877197 0.4380442202091217
vt 0.7430909872055054 0.4399831295013428
vt 0.7440341711044312 0.43630990386009216
vt 0.7440341711044312 0.43630990386009216
vt 0.7430909872055054 0.4399831295013428
vt 0.7424855828285217 0.43753352761268616
vt 0.7430909872055054 0.4399831295013428
vt 0.7420046329498291 0.43993690609931946
vt 0.7424855828285217 0.43753352761268616
vt 0.7420046329498291 0.43993690609931946
vt 0.7403160333633423 0.44113072752952576
vt 0.7424855828285217 0.43753352761268616
vt 0.7424855828285217 0.43753352761268616
vt 0.7403160333633423 0.44113072752952576
vt 0.7409793138504028 0.43649762868881226
vt 0.7403160333633423 0.44113072752952576
vt 0.7378175258636475 0.44318997859954834
vt 0.7409793138504028 0.43649762868881226
vt 0.7409793138504028 0.43649762868881226
vt 0.7378175258636475 0.44318997859954834
vt 0.7382534742355347 0.4361672103404999
vt 0.7378175258636475 0.44318997859954834
vt 0.735748291015625 0.43791067600250244
vt 0.7382534742355347 0.4361672103404999
vt 0.7543749809265137 0.4429224133491516
vt 0.7516502141952515 0.44270896911621094
vt 0.7531723976135254 0.433544397354126
vt 0.7516502141952515 0.44270896911621094
vt 0.7514757513999939 0.43982598185539246
vt 0.7531723976135254 0.433544397354126
vt 0.7476888298988342 0.4437284767627716
vt 0.7475846409797668 0.4390675723552704
vt 0.749800443649292 0.4355666935443878
vt 0.7465143799781799 0.43447861075401306
vt 0.7440341711044312 0.43630990386009216
vt 0.7457744479179382 0.4323783218860626
vt 0.7531723976135254 0.433544397354126
vt 0.7514757513999939 0.43982598185539246
vt 0.7511905431747437 0.43590685725212097
vt 0.7511905431747437 0.43590685725212097
vt 0.749800443649292 0.4355666935443878
vt 0.7490313649177551 0.4306916892528534
vt 0.7475846409797668 0.4390675723552704
vt 0.7474167943000793 0.43663039803504944
vt 0.749800443649292 0.4355666935443878
vt 0.749800443649292 0.4355666935443878
vt 0.7474167943000793 0.43663039803504944
vt 0.7479798197746277 0.4330442249774933
vt 0.7474167943000793 0.43663039803504944
vt 0.7465143799781799 0.43447861075401306
vt 0.7479798197746277 0.4330442249774933
vt 0.7479798197746277 0.4330442249774933
vt 0.7465143799781799 0.43447861075401306
vt 0.7466002702713013 0.43124598264694214
vt 0.7465143799781799 0.43447861075401306
vt 0.7457744479179382 0.4323783218860626
vt 0.7466002702713013 0.43124598264694214
vt 0.7457744479179382 0.4323783218860626
vt 0.7440341711044312 0.43630990386009216
vt 0.7444940209388733 0.4318954050540924
vt 0.7444940209388733 0.4318954050540924
vt 0.7440341711044312 0.43630990386009216
vt 0.7427669763565063 0.43398573994636536
vt 0.7440341711044312 0.43630990386009216
vt 0.7424855828285217 0.43753352761268616
vt 0.7427669763565063 0.43398573994636536
vt 0.7424855828285217 0.43753352761268616
vt 0.7409793138504028 0.43649762868881226
vt 0.7427669763565063 0.43398573994636536
vt 0.7511905431747437 0.43590685725212097
vt 0.7490313649177551 0.4306916892528534
vt 0.7502418756484985 0.42997756600379944
vt 0.7490313649177551 0.4306916892528534
vt 0.749800443649292 0.4355666935443878
vt 0.7479798197746277 0.4330442249774933
vt 0.7466002702713013 0.43124598264694214
vt 0.7457744479179382 0.4323783218860626
vt 0.7454084157943726 0.4312783181667328
vt 0.7454084157943726 0.4312783181667328
vt 0.7457744479179382 0.4323783218860626
vt 0.7444940209388733 0.4318954050540924
vt 0.7444940209388733 0.4318954050540924
vt 0.7427669763565063 0.43398573994636536
vt 0.741317629814148 0.4322720468044281
vt 0.7427669763565063 0.43398573994636536
vt 0.7409793138504028 0.43649762868881226
vt 0.741317629814148 0.4322720468044281
vt 0.741317629814148 0.4322720468044281
vt 0.7409793138504028 0.43649762868881226
vt 0.7394478917121887 0.4316847026348114
vt 0.7531723976135254 0.433544397354126
vt 0.7502418756484985 0.42997756600379944
vt 0.7504479289054871 0.426562637090683
vt 0.7490313649177551 0.4306916892528534
vt 0.7479798197746277 0.4330442249774933
vt 0.7470270395278931 0.42968082427978516
vt 0.7470270395278931 0.42968082427978516
vt 0.7479798197746277 0.4330442249774933
vt 0.7466002702713013 0.43124598264694214
vt 0.7466002702713013 0.43124598264694214
vt 0.7454084157943726 0.4312783181667328
vt 0.7442482709884644 0.43019890785217285
vt 0.7454084157943726 0.4312783181667328
vt 0.7444940209388733 0.4318954050540924
vt 0.7442482709884644 0.43019890785217285
vt 0.7442482709884644 0.43019890785217285
vt 0.7444940209388733 0.4318954050540924
vt 0.7430775165557861 0.43098631501197815
vt 0.7444940209388733 0.4318954050540924
vt 0.741317629814148 0.4322720468044281
vt 0.7430775165557861 0.43098631501197815
vt 0.7394478917121887 0.4316847026348114
vt 0.7409793138504028 0.43649762868881226
vt 0.737226665019989 0.432756245136261
vt 0.7409793138504028 0.43649762868881226
vt 0.7382534742355347 0.4361672103404999
vt 0.737226665019989 0.432756245136261
vt 0.7382534742355347 0.4361672103404999
vt 0.735748291015625 0.43791067600250244
vt 0.737226665019989 0.432756245136261
vt 0.7504479289054871 0.426562637090683
vt 0.7502418756484985 0.42997756600379944
vt 0.7490261793136597 0.4272846579551697
vt 0.7490261793136597 0.4272846579551697
vt 0.7502418756484985 0.42997756600379944
vt 0.7475383877754211 0.4258582592010498
vt 0.7502418756484985 0.42997756600379944
vt 0.7490313649177551 0.4306916892528534
vt 0.7475383877754211 0.4258582592010498
vt 0.7475383877754211 0.4258582592010498
vt 0.7490313649177551 0.4306916892528534
vt 0.7468065023422241 0.4264574944972992
vt 0.7490313649177551 0.4306916892528534
vt 0.7470270395278931 0.42968082427978516
vt 0.7468065023422241 0.4264574944972992
vt 0.7470270395278931 0.42968082427978516
vt 0.7466002702713013 0.43124598264694214
vt 0.7453779578208923 0.4289819002151489
vt 0.7466002702713013 0.43124598264694214
vt 0.7442482709884644 0.43019890785217285
vt 0.7453779578208923 0.4289819002151489
vt 0.7442217469215393 0.429159551858902
vt 0.7442482709884644 0.43019890785217285
vt 0.7426139116287231 0.4291985332965851
vt 0.7442482709884644 0.43019890785217285
vt 0.7430775165557861 0.43098631501197815
vt 0.7426139116287231 0.4291985332965851
vt 0.737226665019989 0.432756245136261
vt 0.7341046333312988 0.4317520260810852
vt 0.7323882579803467 0.4256693422794342
vt 0.7543749809265137 0.4429224133491516
vt 0.7531723976135254 0.433544397354126
vt 0.7552375793457031 0.433379203081131
vt 0.7468065023422241 0.4264574944972992
vt 0.7470270395278931 0.42968082427978516
vt 0.7455062866210938 0.4254770874977112
vt 0.7470270395278931 0.42968082427978516
vt 0.7453779578208923 0.4289819002151489
vt 0.7455062866210938 0.4254770874977112
vt 0.743148922920227 0.4266088604927063
vt 0.7442217469215393 0.429159551858902
vt 0.7426139116287231 0.4291985332965851
vt 0.7426139116287231 0.4291985332965851
vt 0.7430775165557861 0.43098631501197815
vt 0.7414100766181946 0.42859870195388794
vt 0.7414100766181946 0.42859870195388794
vt 0.7430775165557861 0.43098631501197815
vt 0.741317629814148 0.4322720468044281
vt 0.748170018196106 0.419330358505249
vt 0.7504479289054871 0.426562637090683
vt 0.7471842765808105 0.419671893119812
vt 0.7504479289054871 0.426562637090683
vt 0.7490261793136597 0.4272846579551697
vt 0.7471842765808105 0.419671893119812
vt 0.7455062866210938 0.4254770874977112
vt 0.7453779578208923 0.4289819002151489
vt 0.7442919015884399 0.42613640427589417
vt 0.7442919015884399 0.42613640427589417
vt 0.7453779578208923 0.4289819002151489
vt 0.743148922920227 0.4266088604927063
vt 0.743148922920227 0.4266088604927063
vt 0.7426139116287231 0.4291985332965851
vt 0.7418975830078125 0.4280860126018524
vt 0.7426139116287231 0.4291985332965851
vt 0.7414100766181946 0.42859870195388794
vt 0.7418975830078125 0.4280860126018524
vt 0.7414100766181946 0.42859870195388794
vt 0.741317629814148 0.4322720468044281
vt 0.7387939691543579 0.4282466173171997
vt 0.741317629814148 0.4322720468044281
vt 0.7394478917121887 0.4316847026348114
vt 0.7387939691543579 0.4282466173171997
vt 0.7394478917121887 0.4316847026348114
vt 0.737226665019989 0.432756245136261
vt 0.7387939691543579 0.4282466173171997
vt 0.7471842765808105 0.419671893119812
vt 0.7490261793136597 0.4272846579551697
vt 0.7455564737319946 0.4200233221054077
vt 0.7490261793136597 0.4272846579551697
vt 0.7475383877754211 0.4258582592010498
vt 0.7455564737319946 0.4200233221054077
vt 0.7455564737319946 0.4200233221054077
vt 0.7475383877754211 0.4258582592010498
vt 0.7442032098770142 0.42169418931007385
vt 0.7442032098770142 0.42169418931007385
vt 0.7475383877754211 0.4258582592010498
vt 0.7468065023422241 0.4264574944972992
vt 0.7468065023422241 0.4264574944972992
vt 0.7455062866210938 0.4254770874977112
vt 0.7442032098770142 0.42169418931007385
vt 0.7442032098770142 0.42169418931007385
vt 0.7455062866210938 0.4254770874977112
vt 0.7431833744049072 0.4228595793247223
vt 0.7455062866210938 0.4254770874977112
vt 0.7442919015884399 0.42613640427589417
vt 0.7431833744049072 0.4228595793247223
vt 0.7442919015884399 0.42613640427589417
vt 0.743148922920227 0.4266088604927063
vt 0.7419254183769226 0.4243936240673065
vt 0.7419254183769226 0.4243936240673065
vt 0.743148922920227 0.4266088604927063
vt 0.7413228750228882 0.4255675971508026
vt 0.743148922920227 0.4266088604927063
vt 0.7418975830078125 0.4280860126018524
vt 0.7413228750228882 0.4255675971508026
vt 0.7455564737319946 0.4200233221054077
vt 0.7442032098770142 0.42169418931007385
vt 0.7441082000732422 0.4195179343223572
vt 0.7431833744049072 0.4228595793247223
vt 0.7442919015884399 0.42613640427589417
vt 0.7419254183769226 0.4243936240673065
vt 0.7419254183769226 0.4243936240673065
vt 0.7413228750228882 0.4255675971508026
vt 0.737934947013855 0.4197148382663727
vt 0.737934947013855 0.4197148382663727
vt 0.7413228750228882 0.4255675971508026
vt 0.740037202835083 0.42454496026039124
vt 0.7413228750228882 0.4255675971508026
vt 0.7418975830078125 0.4280860126018524
vt 0.740037202835083 0.42454496026039124
vt 0.7418975830078125 0.4280860126018524
vt 0.7414100766181946 0.42859870195388794
vt 0.740037202835083 0.42454496026039124
vt 0.740037202835083 0.42454496026039124
vt 0.7414100766181946 0.42859870195388794
vt 0.7361855506896973 0.42496782541275024
vt 0.7414100766181946 0.42859870195388794
vt 0.7387939691543579 0.4282466173171997
vt 0.7361855506896973 0.42496782541275024
vt 0.7387939691543579 0.4282466173171997
vt 0.737226665019989 0.432756245136261
vt 0.7361855506896973 0.42496782541275024
vt 0.7361855506896973 0.42496782541275024
vt 0.737226665019989 0.432756245136261
vt 0.7338575720787048 0.4248785674571991
vt 0.7442032098770142 0.42169418931007385
vt 0.7431833744049072 0.4228595793247223
vt 0.7420905828475952 0.42045801877975464
vt 0.7431833744049072 0.4228595793247223
vt 0.7419254183769226 0.4243936240673065
vt 0.7420905828475952 0.42045801877975464
vt 0.7420905828475952 0.42045801877975464
vt 0.7419254183769226 0.4243936240673065
vt 0.7402975559234619 0.42081743478775024
vt 0.7419254183769226 0.4243936240673065
vt 0.737934947013855 0.4197148382663727
vt 0.7402975559234619 0.42081743478775024
vt 0.7359755635261536 0.41848933696746826
vt 0.737934947013855 0.4197148382663727
vt 0.740037202835083 0.42454496026039124
vt 0.7359755635261536 0.41848933696746826
vt 0.740037202835083 0.42454496026039124
vt 0.7379905581474304 0.4231806695461273
vt 0.740037202835083 0.42454496026039124
vt 0.7361855506896973 0.42496782541275024
vt 0.7379905581474304 0.4231806695461273
vt 0.737226665019989 0.432756245136261
vt 0.7323882579803467 0.4256693422794342
vt 0.7338575720787048 0.4248785674571991
vt 0.748170018196106 0.419330358505249
vt 0.7471842765808105 0.419671893119812
vt 0.7410825490951538 0.41455838084220886
vt 0.7471842765808105 0.419671893119812
vt 0.7455564737319946 0.4200233221054077
vt 0.7410825490951538 0.41455838084220886
vt 0.7455564737319946 0.4200233221054077
vt 0.7441082000732422 0.4195179343223572
vt 0.7410825490951538 0.41455838084220886
vt 0.7441082000732422 0.4195179343223572
vt 0.7442032098770142 0.42169418931007385
vt 0.7399223446846008 0.41643527150154114
vt 0.7442032098770142 0.42169418931007385
vt 0.7420905828475952 0.42045801877975464
vt 0.7399223446846008 0.41643527150154114
vt 0.7420905828475952 0.42045801877975464
vt 0.7402975559234619 0.42081743478775024
vt 0.7391031980514526 0.4176555573940277
vt 0.7391031980514526 0.4176555573940277
vt 0.7402975559234619 0.42081743478775024
vt 0.7375280261039734 0.417508989572525
vt 0.7402975559234619 0.42081743478775024
vt 0.737934947013855 0.4197148382663727
vt 0.7375280261039734 0.417508989572525
vt 0.7375280261039734 0.417508989572525
vt 0.737934947013855 0.4197148382663727
vt 0.7347957491874695 0.416532427072525
vt 0.737934947013855 0.4197148382663727
vt 0.7359755635261536 0.41848933696746826
vt 0.7347957491874695 0.416532427072525
vt 0.7379905581474304 0.4231806695461273
vt 0.7361855506896973 0.42496782541275024
vt 0.7353346347808838 0.4212099611759186
vt 0.7361855506896973 0.42496782541275024
vt 0.7338575720787048 0.4248785674571991
vt 0.7316825985908508 0.41952717304229736
vt 0.7410825490951538 0.41455838084220886
vt 0.7441082000732422 0.4195179343223572
vt 0.7394043803215027 0.4139479398727417
vt 0.7420905828475952 0.42045801877975464
vt 0.7391031980514526 0.4176555573940277
vt 0.7399223446846008 0.41643527150154114
vt 0.7399223446846008 0.41643527150154114
vt 0.7391031980514526 0.4176555573940277
vt 0.734551191329956 0.41401407122612
vt 0.7391031980514526 0.4176555573940277
vt 0.7375280261039734 0.417508989572525
vt 0.734551191329956 0.41401407122612
vt 0.7375280261039734 0.417508989572525
vt 0.7347957491874695 0.416532427072525
vt 0.734551191329956 0.41401407122612
vt 0.7347957491874695 0.416532427072525
vt 0.7359755635261536 0.41848933696746826
vt 0.7333765625953674 0.4177718460559845
vt 0.7359755635261536 0.41848933696746826
vt 0.7379905581474304 0.4231806695461273
vt 0.7333765625953674 0.4177718460559845
vt 0.7379905581474304 0.4231806695461273
vt 0.7353346347808838 0.4212099611759186
vt 0.7333765625953674 0.4177718460559845
vt 0.7353346347808838 0.4212099611759186
vt 0.7361855506896973 0.42496782541275024
vt 0.7316825985908508 0.41952717304229736
vt 0.7316825985908508 0.41952717304229736
vt 0.7338575720787048 0.4248785674571991
vt 0.7307602167129517 0.42090079188346863
vt 0.7307602167129517 0.42090079188346863
vt 0.7338575720787048 0.4248785674571991
vt 0.7291022539138794 0.4215877056121826
vt 0.7338575720787048 0.4248785674571991
vt 0.7323882579803467 0.4256693422794342
vt 0.7291022539138794 0.4215877056121826
vt 0.748170018196106 0.419330358505249
vt 0.7410825490951538 0.41455838084220886
vt 0.7411563396453857 0.4129708707332611
vt 0.7384159564971924 0.4120558202266693
vt 0.7410825490951538 0.41455838084220886
vt 0.7394043803215027 0.4139479398727417
vt 0.7441082000732422 0.4195179343223572
vt 0.7399223446846008 0.41643527150154114
vt 0.7394043803215027 0.4139479398727417
vt 0.7394043803215027 0.4139479398727417
vt 0.7399223446846008 0.41643527150154114
vt 0.7377315759658813 0.4145762026309967
vt 0.7399223446846008 0.41643527150154114
vt 0.734551191329956 0.41401407122612
vt 0.7377315759658813 0.4145762026309967
vt 0.7347957491874695 0.416532427072525
vt 0.7333765625953674 0.4177718460559845
vt 0.7318120002746582 0.41516610980033875
vt 0.7318120002746582 0.41516610980033875
vt 0.7333765625953674 0.4177718460559845
vt 0.7316825985908508 0.41952717304229736
vt 0.7333765625953674 0.4177718460559845
vt 0.7353346347808838 0.4212099611759186
vt 0.7316825985908508 0.41952717304229736
vt 0.7394043803215027 0.4139479398727417
vt 0.7377315759658813 0.4145762026309967
vt 0.7355355024337769 0.41278910636901855
vt 0.7377315759658813 0.4145762026309967
vt 0.734551191329956 0.41401407122612
vt 0.7355355024337769 0.41278910636901855
vt 0.7355355024337769 0.41278910636901855
vt 0.734551191329956 0.41401407122612
vt 0.7338575720787048 0.4100911021232605
vt 0.7338575720787048 0.4100911021232605
vt 0.734551191329956 0.41401407122612
vt 0.7306413650512695 0.41164496541023254
vt 0.734551191329956 0.41401407122612
vt 0.7347957491874695 0.416532427072525
vt 0.7306413650512695 0.41164496541023254
vt 0.7347957491874695 0.416532427072525
vt 0.7318120002746582 0.41516610980033875
vt 0.7306413650512695 0.41164496541023254
vt 0.7306413650512695 0.41164496541023254
vt 0.7318120002746582 0.41516610980033875
vt 0.728668749332428 0.41361626982688904
vt 0.7318120002746582 0.41516610980033875
vt 0.7316825985908508 0.41952717304229736
vt 0.728668749332428 0.41361626982688904
vt 0.728668749332428 0.41361626982688904
vt 0.7316825985908508 0.41952717304229736
vt 0.7297852635383606 0.4189722239971161
vt 0.7316825985908508 0.41952717304229736
vt 0.7307602167129517 0.42090079188346863
vt 0.7297852635383606 0.4189722239971161
vt 0.7297852635383606 0.4189722239971161
vt 0.7307602167129517 0.42090079188346863
vt 0.7291022539138794 0.4215877056121826
vt 0.7394043803215027 0.4139479398727417
vt 0.7355355024337769 0.41278910636901855
vt 0.7384159564971924 0.4120558202266693
vt 0.7384159564971924 0.4120558202266693
vt 0.7355355024337769 0.41278910636901855
vt 0.7338575720787048 0.4100911021232605
vt 0.728668749332428 0.41361626982688904
vt 0.7297852635383606 0.4189722239971161
vt 0.7282497882843018 0.41740909218788147
vt 0.7297852635383606 0.4189722239971161
vt 0.7291022539138794 0.4215877056121826
vt 0.7282497882843018 0.41740909218788147
vt 0.7282497882843018 0.41740909218788147
vt 0.7291022539138794 0.4215877056121826
vt 0.7266880869865417 0.42011189460754395
vt 0.7266880869865417 0.42011189460754395
vt 0.7291022539138794 0.4215877056121826
vt 0.7276102304458618 0.42252594232559204
vt 0.7291022539138794 0.4215877056121826
vt 0.7323882579803467 0.4256693422794342
vt 0.7276102304458618 0.42252594232559204
vt 0.737226665019989 0.432756245136261
vt 0.735748291015625 0.43791067600250244
vt 0.7341046333312988 0.4317520260810852
vt 0.7362582683563232 0.44684213399887085
vt 0.7372214794158936 0.4516364634037018
vt 0.7343488335609436 0.44590994715690613
vt 0.735748291015625 0.43791067600250244
vt 0.736620306968689 0.44302821159362793
vt 0.7347611784934998 0.4428398013114929
vt 0.7323882579803467 0.4256693422794342
vt 0.7341046333312988 0.4317520260810852
vt 0.7314037680625916 0.42734745144844055
vt 0.728668749332428 0.41361626982688904
vt 0.7282497882843018 0.41740909218788147
vt 0.7264976501464844 0.4171363115310669
vt 0.7282497882843018 0.41740909218788147
vt 0.7266880869865417 0.42011189460754395
vt 0.7264976501464844 0.4171363115310669
vt 0.7276102304458618 0.42252594232559204
vt 0.7323882579803467 0.4256693422794342
vt 0.7314037680625916 0.42734745144844055
vt 0.748170018196106 0.419330358505249
vt 0.7411563396453857 0.4129708707332611
vt 0.7407652139663696 0.41038429737091064
vt 0.748170018196106 0.419330358505249
vt 0.7407652139663696 0.41038429737091064
vt 0.7489627599716187 0.41758352518081665
vt 0.7384159564971924 0.4120558202266693
vt 0.7338575720787048 0.4100911021232605
vt 0.7392787933349609 0.40966370701789856
vt 0.7411563396453857 0.4129708707332611
vt 0.7410825490951538 0.41455838084220886
vt 0.7384159564971924 0.4120558202266693
vt 0.7407652139663696 0.41038429737091064
vt 0.7411563396453857 0.4129708707332611
vt 0.7384159564971924 0.4120558202266693
vt 0.7407652139663696 0.41038429737091064
vt 0.7384159564971924 0.4120558202266693
vt 0.7392787933349609 0.40966370701789856
vt 0.7378175258636475 0.44318997859954834
vt 0.7362582683563232 0.44684213399887085
vt 0.736620306968689 0.44302821159362793
vt 0.7347611784934998 0.4428398013114929
vt 0.736620306968689 0.44302821159362793
vt 0.7362582683563232 0.44684213399887085
vt 0.7347611784934998 0.4428398013114929
vt 0.7362582683563232 0.44684213399887085
vt 0.7343488335609436 0.44590994715690613
vt 0.7526307106018066 0.42514345049858093
vt 0.7504479289054871 0.426562637090683
vt 0.748170018196106 0.419330358505249
vt 0.7535001635551453 0.42459917068481445
vt 0.7526307106018066 0.42514345049858093
vt 0.748170018196106 0.419330358505249
vt 0.7535001635551453 0.42459917068481445
vt 0.748170018196106 0.419330358505249
vt 0.7489627599716187 0.41758352518081665
vt 0.7531723976135254 0.433544397354126
vt 0.7511905431747437 0.43590685725212097
vt 0.7502418756484985 0.42997756600379944
vt 0.7552375793457031 0.433379203081131
vt 0.7531723976135254 0.433544397354126
vt 0.7504479289054871 0.426562637090683
vt 0.7552375793457031 0.433379203081131
vt 0.7504479289054871 0.426562637090683
vt 0.7526307106018066 0.42514345049858093
vt 0.7552375793457031 0.433379203081131
vt 0.7526307106018066 0.42514345049858093
vt 0.7535001635551453 0.42459917068481445
vt 0.7453779578208923 0.4289819002151489
vt 0.7442217469215393 0.429159551858902
vt 0.743148922920227 0.4266088604927063
vt 0.7453779578208923 0.4289819002151489
vt 0.7442482709884644 0.43019890785217285
vt 0.7442217469215393 0.429159551858902
usemtl CastleSHD1
f 1/1/1 2/2/2 3/3/3
f 4/4/4 5/5/5 6/6/6
f 7/7/7 8/8/8 9/9/9
f 10/10/10 11/11/11 12/12/12
f 13/13/13 14/14/14 15/15/15
f 16/16/16 17/17/17 18/18/18
f 19/19/19 20/20/20 21/21/21
f 22/22/22 23/23/23 24/24/24
f 25/25/25 26/26/26 27/27/27
f 28/28/28 29/29/29 30/30/30
f 31/31/31 32/32/32 33/33/33
f 34/34/34 35/35/35 36/36/36
f 37/37/37 38/38/38 39/39/39
f 40/40/40 41/41/41 42/42/42
f 43/43/43 44/44/44 45/45/45
f 46/46/46 47/47/47 48/48/48
f 49/49/49 50/50/50 51/51/51
f 52/52/52 53/53/53 54/54/54
f 55/55/55 56/56/56 57/57/57
f 58/58/58 59/59/59 60/60/60
f 61/61/61 62/62/62 63/63/63
f 64/64/64 65/65/65 66/66/66
f 67/67/67 68/68/68 69/69/69
f 70/70/70 71/71/71 72/72/72
f 73/73/73 74/74/74 75/75/75
f 76/76/76 77/77/77 78/78/78
f 79/79/79 80/80/80 81/81/81
f 82/82/82 83/83/83 84/84/84
f 85/85/85 86/86/86 87/87/87
f 88/88/88 89/89/89 90/90/90
f 91/91/91 92/92/92 93/93/93
f 94/94/94 95/95/95 96/96/96
f 97/97/97 98/98/98 99/99/99
f 100/100/100 101/101/101 102/102/102
f 103/103/103 104/104/104 105/105/105
f 106/106/106 107/107/107 108/108/108
f 109/109/109 110/110/110 111/111/111
f 112/112/112 113/113/113 114/114/114
f 115/115/115 116/116/116 117/117/117
f 118/118/118 119/119/119 120/120/120
f 121/121/121 122/122/122 123/123/123
f 124/124/124 125/125/125 126/126/126
f 127/127/127 128/128/128 129/129/129
f 130/130/130 131/131/131 132/132/132
f 133/133/133 134/134/134 135/135/135
f 136/136/136 137/137/137 138/138/138
f 139/139/139 140/140/140 141/141/141
f 142/142/142 143/143/143 144/144/144
f 145/145/145 146/146/146 147/147/147
f 148/148/148 149/149/149 150/150/150
f 151/151/151 152/152/152 153/153/153
f 154/154/154 155/155/155 156/156/156
f 157/157/157 158/158/158 159/159/159
f 160/160/160 161/161/161 162/162/162
f 163/163/163 164/164/164 165/165/165
f 166/166/166 167/167/167 168/168/168
f 169/169/169 170/170/170 171/171/171
f 172/172/172 173/173/173 174/174/174
f 175/175/175 176/176/176 177/177/177
f 178/178/178 179/179/179 180/180/180
f 181/181/181 182/182/182 183/183/183
f 184/184/184 185/185/185 186/186/186
f 187/187/187 188/188/188 189/189/189
f 190/190/190 191/191/191 192/192/192
f 193/193/193 194/194/194 195/195/195
f 196/196/196 197/197/197 198/198/198
f 199/199/199 200/200/200 201/201/201
f 202/202/202 203/203/203 204/204/204
f 205/205/205 206/206/206 207/207/207
f 208/208/208 209/209/209 210/210/210
f 211/211/211 212/212/212 213/213/213
f 214/214/214 215/215/215 216/216/216
f 217/217/217 218/218/218 219/219/219
f 220/220/220 221/221/221 222/222/222
f 223/223/223 224/224/224 225/225/225
f 226/226/226 227/227/227 228/228/228
f 229/229/229 230/230/230 231/231/231
f 232/232/232 233/233/233 234/234/234
f 235/235/235 236/236/236 237/237/237
f 238/238/238 239/239/239 240/240/240
f 241/241/241 242/242/242 243/243/243
f 244/244/244 245/245/245 246/246/246
f 247/247/247 248/248/248 249/249/249
f 250/250/250 251/251/251 252/252/252
f 253/253/253 254/254/254 255/255/255
f 256/256/256 257/257/257 258/258/258
f 259/259/259 260/260/260 261/261/261
f 262/262/262 263/263/263 264/264/264
f 265/265/265 266/266/266 267/267/267
f 268/268/268 269/269/269 270/270/270
f 271/271/271 272/272/272 273/273/273
f 274/274/274 275/275/275 276/276/276
f 277/277/277 278/278/278 279/279/279
f 280/280/280 281/281/281 282/282/282
f 283/283/283 284/284/284 285/285/285
f 286/286/286 287/287/287 288/288/288
f 289/289/289 290/290/290 291/291/291
f 292/292/292 293/293/293 294/294/294
f 295/295/295 296/296/296 297/297/297
f 298/298/298 299/299/299 300/300/300
f 301/301/301 302/302/302 303/303/303
f 304/304/304 305/305/305 306/306/306
f 307/307/307 308/308/308 309/309/309
f 310/310/310 311/311/311 312/312/312
f 313/313/313 314/314/314 315/315/315
f 316/316/316 317/317/317 318/318/318
f 319/319/319 320/320/320 321/321/321
f 322/322/322 323/323/323 324/324/324
f 325/325/325 326/326/326 327/327/327
f 328/328/328 329/329/329 330/330/330
f 331/331/331 332/332/332 333/333/333
f 334/334/334 335/335/335 336/336/336
f 337/337/337 338/338/338 339/339/339
f 340/340/340 341/341/341 342/342/342
f 343/343/343 344/344/344 345/345/345
f 346/346/346 347/347/347 348/348/348
f 349/349/349 350/350/350 351/351/351
f 352/352/352 353/353/353 354/354/354
f 355/355/355 356/356/356 357/357/357
f 358/358/358 359/359/359 360/360/360
f 361/361/361 362/362/362 363/363/363
f 364/364/364 365/365/365 366/366/366
f 367/367/367 368/368/368 369/369/369
f 370/370/370 371/371/371 372/372/372
f 373/373/373 374/374/374 375/375/375
f 376/376/376 377/377/377 378/378/378
f 379/379/379 380/380/380 381/381/381
f 382/382/382 383/383/383 384/384/384
f 385/385/385 386/386/386 387/387/387
f 388/388/388 389/389/389 390/390/390
f 391/391/391 392/392/392 393/393/393
f 394/394/394 395/395/395 396/396/396
f 397/397/397 398/398/398 399/399/399
f 400/400/400 401/401/401 402/402/402
f 403/403/403 404/404/404 405/405/405
f 406/406/406 407/407/407 408/408/408
f 409/409/409 410/410/410 411/411/411
f 412/412/412 413/413/413 414/414/414
f 415/415/415 416/416/416 417/417/417
f 418/418/418 419/419/419 420/420/420
f 421/421/421 422/422/422 423/423/423
f 424/424/424 425/425/425 426/426/426
f 427/427/427 428/428/428 429/429/429
f 430/430/430 431/431/431 432/432/432
f 433/433/433 434/434/434 435/435/435
f 436/436/436 437/437/437 438/438/438
f 439/439/439 440/440/440 441/441/441
f 442/442/442 443/443/443 444/444/444
f 445/445/445 446/446/446 447/447/447
f 448/448/448 449/449/449 450/450/450
f 451/451/451 452/452/452 453/453/453
f 454/454/454 455/455/455 456/456/456
f 457/457/457 458/458/458 459/459/459
f 460/460/460 461/461/461 462/462/462
f 463/463/463 464/464/464 465/465/465
f 466/466/466 467/467/467 468/468/468
f 469/469/469 470/470/470 471/471/471
f 472/472/472 473/473/473 474/474/474
f 475/475/475 476/476/476 477/477/477
f 478/478/478 479/479/479 480/480/480
f 481/481/481 482/482/482 483/483/483
f 484/484/484 485/485/485 486/486/486
f 487/487/487 488/488/488 489/489/489
f 490/490/490 491/491/491 492/492/492
f 493/493/493 494/494/494 495/495/495
f 496/496/496 497/497/497 498/498/498
f 499/499/499 500/500/500 501/501/501
f 502/502/502 503/503/503 504/504/504
f 505/505/505 506/506/506 507/507/507
f 508/508/508 509/509/509 510/510/510
f 511/511/511 512/512/512 513/513/513
f 514/514/514 515/515/515 516/516/516
f 517/517/517 518/518/518 519/519/519
f 520/520/520 521/521/521 522/522/522
f 523/523/523 524/524/524 525/525/525
f 526/526/526 527/527/527 528/528/528
f 529/529/529 530/530/530 531/531/531
f 532/532/532 533/533/533 534/534/534
f 535/535/535 536/536/536 537/537/537
f 538/538/538 539/539/539 540/540/540
f 541/541/541 542/542/542 543/543/543
f 544/544/544 545/545/545 546/546/546
f 547/547/547 548/548/548 549/549/549
f 550/550/550 551/551/551 552/552/552
f 553/553/553 554/554/554 555/555/555
f 556/556/556 557/557/557 558/558/558
f 559/559/559 560/560/560 561/561/561
f 562/562/562 563/563/563 564/564/564
f 565/565/565 566/566/566 567/567/567
f 568/568/568 569/569/569 570/570/570
f 571/571/571 572/572/572 573/573/573
f 574/574/574 575/575/575 576/576/576
f 577/577/577 578/578/578 579/579/579
f 580/580/580 581/581/581 582/582/582
f 583/583/583 584/584/584 585/585/585
f 586/586/586 587/587/587 588/588/588
f 589/589/589 590/590/590 591/591/591
f 592/592/592 593/593/593 594/594/594
f 595/595/595 596/596/596 597/597/597
f 598/598/598 599/599/599 600/600/600
f 601/601/601 602/602/602 603/603/603
f 604/604/604 605/605/605 606/606/606
f 607/607/607 608/608/608 609/609/609
f 610/610/610 611/611/611 612/612/612
f 613/613/613 614/614/614 615/615/615
f 616/616/616 617/617/617 618/618/618
f 619/619/619 620/620/620 621/621/621
f 622/622/622 623/623/623 624/624/624
f 625/625/625 626/626/626 627/627/627
f 628/628/628 629/629/629 630/630/630
f 631/631/631 632/632/632 633/633/633
f 634/634/634 635/635/635 636/636/636
f 637/637/637 638/638/638 639/639/639
f 640/640/640 641/641/641 642/642/642
f 643/643/643 644/644/644 645/645/645
f 646/646/646 647/647/647 648/648/648
