# File generated by FabConvert.com - Free Image and 3D model conversion tools

mtllib SM_Env_Bamboo_Group_03.mtl

# SM_Env_Bamboo_Group_03_0
o obj1
v -0.83460999 2.02970505 -1.92794037
v -0.8327961 2.02210045 -1.9540596
v -0.82916069 2.05292845 -1.96258926
v -0.83094978 2.06041312 -1.93688202
v -0.72024345 2.64903307 -2.18824387
v -0.73335648 2.64783001 -2.19857788
v -0.75016022 2.65136743 -2.19380188
v -0.72142792 2.6540041 -2.1711731
v -0.87420654 2.05644321 -1.97096252
v -0.84890556 2.05111647 -1.97814941
v -0.8528595 2.02025962 -1.96986389
v -0.87856483 2.02567172 -1.96256638
v -0.85624886 2.06573915 -1.92970657
v -0.87599564 2.06392765 -1.94525528
v -0.88037872 2.0332756 -1.93644714
v -0.86031723 2.03511667 -1.92064667
v -0.7513485 2.65633774 -2.17673874
v -0.73823166 2.65754104 -2.16640472
v -0.84649086 1.34181046 -1.77729797
v -0.87648773 1.34297884 -1.77154541
v -0.87075233 0.6827504 -1.72305298
v -0.83727837 0.6827504 -1.7266655
v -0.82809067 0.6827504 -1.75905228
v -0.84068108 1.33848596 -1.80712509
v -0.8609848 1.336676 -1.82732391
v -0.84848022 0.6827504 -1.78321838
v -0.89097977 1.33784461 -1.82157135
v -0.88195419 0.6827504 -1.77960968
v -0.89114189 0.6827504 -1.74721527
v -0.89679146 1.341169 -1.79175186
v -0.83727837 0.6827504 -1.7266655
v -0.87075233 0.6827504 -1.72305298
v -0.87079239 0.65056026 -1.72293854
v -0.83719444 0.65056026 -1.72656631
v -0.82797241 0.65056026 -1.75907135
v -0.82809067 0.6827504 -1.75905228
v -0.84848022 0.6827504 -1.78321838
v -0.84843826 0.65056026 -1.78332901
v -0.88195419 0.6827504 -1.77960968
v -0.88204002 0.65056026 -1.77971268
v -0.89126205 0.65056026 -1.74719238
v -0.89114189 0.6827504 -1.74721527
v -0.84890556 2.05111647 -1.97814941
v -0.87420654 2.05644321 -1.97096252
v -0.82916069 2.05292845 -1.96258926
v -0.83094978 2.06041312 -1.93688202
v -0.85624886 2.06573915 -1.92970657
v -0.87599564 2.06392765 -1.94525528
v -0.83719444 0.65056026 -1.72656631
v -0.87079239 0.65056026 -1.72293854
v -0.87300873 0 -1.71694946
v -0.83274841 0 -1.7212944
v -0.82169724 0 -1.76025391
v -0.82797241 0.65056026 -1.75907135
v -0.84843826 0.65056026 -1.78332901
v -0.84622192 0 -1.78931427
v -0.88648605 0 -1.78497314
v -0.88204002 0.65056026 -1.77971268
v -0.89753723 0 -1.74602127
v -0.89126205 0.65056026 -1.74719238
v -0.89027977 1.36985373 -1.82491302
v -0.86044502 1.36869121 -1.83063507
v -0.8609848 1.336676 -1.82732391
v -0.89097977 1.33784461 -1.82157135
v -0.84024239 1.37049186 -1.81053162
v -0.84068108 1.33848596 -1.80712509
v -0.84649086 1.34181046 -1.77729797
v -0.84602356 1.37379909 -1.78087234
v -0.87586403 1.37496161 -1.7751503
v -0.87648773 1.34297884 -1.77154541
v -0.89606285 1.37316096 -1.79524231
v -0.89679146 1.341169 -1.79175186
v -0.83460999 2.02970505 -1.92794037
v -0.86031723 2.03511667 -1.92064667
v -0.87586403 1.37496161 -1.7751503
v -0.84602356 1.37379909 -1.78087234
v -0.84024239 1.37049186 -1.81053162
v -0.8327961 2.02210045 -1.9540596
v -0.8528595 2.02025962 -1.96986389
v -0.86044502 1.36869121 -1.83063507
v -0.87856483 2.02567172 -1.96256638
v -0.89027977 1.36985373 -1.82491302
v -0.89606285 1.37316096 -1.79524231
v -0.88037872 2.0332756 -1.93644714
v -0.87259483 1.35820651 -1.76781464
v -0.85881805 1.36520135 -1.80060196
v -0.86238861 1.34242487 -1.80696487
v -0.87616158 1.33543003 -1.77417755
v -0.70376205 1.34961927 -1.68862534
v -0.6780014 1.35826075 -1.73572159
v -0.53103065 1.23551059 -1.67052841
v -0.7075119 1.31497848 -1.69781113
v -0.68185043 1.32441401 -1.7443428
v -0.8451767 1.36126542 -1.79249573
v -0.88412857 1.35913789 -1.82365036
v -0.89042091 1.33676994 -1.81425095
v -0.85146713 1.33889735 -1.78310013
v -0.72078133 1.31544638 -1.92476273
v -0.77569389 1.3092556 -1.97501755
v -0.66140366 1.15519917 -2.04823303
v -0.72949219 1.28100944 -1.91194916
v -0.78380394 1.27571356 -1.96216583
v -0.87844467 1.34613037 -1.77545929
v -0.85198784 1.34507132 -1.80020142
v -0.86044502 1.33042562 -1.80861664
v -0.88689423 1.33148491 -1.7838707
v -0.77737045 1.2546159 -1.65010834
v -0.73507881 1.24911416 -1.68383408
v -0.6865921 1.08578002 -1.58574295
v -0.78907394 1.23150003 -1.66191864
v -0.74679756 1.22660995 -1.69511414
v -0.88817215 1.36848819 -1.7869606
v -0.8512764 1.36823595 -1.79722595
v -0.85521507 1.34047258 -1.81070709
v -0.89211464 1.34072495 -1.80043793
v -0.84558105 1.32570112 -1.59690475
v -0.78916931 1.32204533 -1.60722351
v -0.78305817 1.14393854 -1.47525406
v -0.85089111 1.28310764 -1.61571503
v -0.7947464 1.28053033 -1.62549591
v -0.87246895 0.64826721 -1.77205276
v -0.8806839 0.64883709 -1.73675537
v -0.87903976 0.62498993 -1.73598862
v -0.87082291 0.62442017 -1.7712822
v -1.05034637 0.67255914 -1.8232193
v -1.06819153 0.67253244 -1.77186584
v -1.23638153 0.58099395 -1.83706284
v -1.04956436 0.63654613 -1.82225418
v -1.06729698 0.63740802 -1.7712822
v -0.88844109 0.65921468 -1.75765228
v -0.84602928 0.65565926 -1.73156357
v -0.84051704 0.63428253 -1.74343872
v -0.88292885 0.63783729 -1.76952362
v -0.99541664 0.5997594 -1.61592484
v -0.93481827 0.59106421 -1.57312775
v -1.03694153 0.42870283 -1.49988174
v -0.98770714 0.5666905 -1.63244247
v -0.92772293 0.55887473 -1.5895462
v -0.83796692 0.64332813 -1.7671814
v -0.8735466 0.64691442 -1.77303314
v -0.87660599 0.63027793 -1.76463699
v -0.8410244 0.626692 -1.75877762
v -0.80616379 0.58445138 -1.93987656
v -0.85873413 0.58681232 -1.95355606
v -0.8241539 0.44461206 -2.08482742
v -0.81079674 0.55864888 -1.92876434
v -0.86288071 0.56163174 -1.94261169
v -0.83932304 0.66219902 -1.7479744
v -0.86945724 0.6697644 -1.7703743
v -0.88045502 0.64111459 -1.76525116
v -0.85032272 0.63354915 -1.74285126
v -0.71659088 0.64105541 -1.90371323
v -0.75865364 0.64974821 -1.9418869
v -0.6731987 0.48546699 -2.06388092
v -0.73240662 0.59737605 -1.89754868
v -0.77378464 0.60708636 -1.9356041
v -0.83478355 2.0113678 -1.96773148
v -0.87009239 2.01540637 -1.96064377
v -0.87196732 1.99191022 -1.95660019
v -0.83665848 1.98787141 -1.96368408
v -0.86140251 2.02047372 -2.15228271
v -0.91533089 2.02519226 -2.14722061
v -0.93429756 1.91829693 -2.3178978
v -0.8647728 1.98487985 -2.147789
v -0.91823578 1.99044371 -2.14286804
v -0.85311127 2.00259876 -1.96899033
v -0.89585495 2.00290728 -1.94320679
v -0.89257431 1.9787277 -1.9374733
v -0.84983253 1.97841907 -1.96326447
v -0.93878174 1.99298525 -2.1352272
v -1.00537109 1.99146938 -2.10142517
v -1.05549622 1.86410117 -2.2544632
v -0.93492508 1.95615017 -2.12786865
v -1.00113487 1.9555546 -2.09447861
v -0.83714676 1.9982295 -1.95997238
v -0.87224579 1.9958303 -1.96865082
v -0.87365341 1.97992063 -1.9585762
v -0.83855629 1.98232031 -1.94989014
v -0.78274918 1.92658043 -2.12186813
v -0.83376312 1.91961026 -2.13932037
v -0.76849747 1.77090406 -2.25012207
v -0.78465843 1.90171742 -2.10811615
v -0.83526421 1.89541209 -2.12578964
v -0.82744217 2.04024172 -1.95031738
v -0.85976791 2.0407927 -1.97085953
v -0.86580467 2.01153994 -1.96214676
v -0.83347702 2.01098895 -1.94161224
v -0.71320343 2.0210402 -2.11262894
v -0.75848007 2.01923299 -2.14797592
v -0.65643692 1.8573879 -2.26008224
v -0.72156906 1.97640777 -2.10105515
v -0.76631927 1.97571599 -2.13642883
v -0.88284111 2.02175713 -1.93495941
v -0.84920883 2.0325489 -1.92686081
v -0.84055328 2.01191831 -1.93531418
v -0.87418938 2.001127 -1.9434166
v -0.92106056 1.97725499 -1.75773239
v -0.87122726 1.99060082 -1.74055481
v -0.88418198 1.84006524 -1.60606384
v -0.90799904 1.9455725 -1.76887894
v -0.85884094 1.9596076 -1.7515564
v -0.89522552 2.03174162 -1.9405098
v -0.85944748 2.02531314 -1.97471619
v -0.85745621 2.00121903 -1.96810913
v -0.89323235 2.00764847 -1.93389511
v -0.78096581 2.11621189 -1.81853485
v -0.7235508 2.10757804 -1.86552811
v -0.61545944 2.07918286 -1.69329453
v -0.77659416 2.08032799 -1.80762482
v -0.71969604 2.07264018 -1.85455322
v -0.875 2.01209116 -1.94409943
v -0.84518051 2.01194406 -1.92351151
v -0.83679199 2.00024843 -1.93574142
v -0.8666172 2.0003953 -1.95632553
v -0.96057892 1.88745415 -1.83711624
v -0.9179821 1.88247526 -1.80369568
v -0.97836304 1.69948363 -1.76472855
v -0.94839668 1.86852145 -1.85454559
v -0.90640068 1.86404753 -1.82093048
v -0.86105347 2.01599479 -1.96992493
v -0.85253906 2.01479149 -1.93260574
v -0.86240768 1.98531318 -1.93130112
v -0.870924 1.98651648 -1.9686203
v -1.02533722 2.12466669 -1.93886185
v -1.01845932 2.12426233 -1.88180542
v -1.2369194 2.09168434 -1.86210632
v -1.04179192 2.080863 -1.93629837
v -1.03455353 2.08154178 -1.87971878
v -0.75273514 2.64388514 -2.18779755
v -0.73640442 2.64916706 -2.15587997
v -0.73771858 2.62572455 -2.15132904
v -0.75404358 2.62044215 -2.18325043
v -0.91740036 2.70435572 -2.12393188
v -0.89821625 2.71257067 -2.07373428
v -1.07927322 2.65735745 -2.00239944
v -0.92079163 2.66932988 -2.11617661
v -0.90165901 2.67834997 -2.06651688
v -0.75147629 2.63752246 -2.16849899
v -0.71662903 2.63493061 -2.13285446
v -0.71779633 2.60990262 -2.13353348
v -0.75264549 2.61249471 -2.16918564
v -0.8888092 2.68066931 -2.04872894
v -0.84097672 2.67641664 -1.99152374
v -1.00262833 2.59976959 -1.89077377
v -0.89158821 2.64301252 -2.04837036
v -0.84402466 2.63971853 -1.99158096
v -0.7479744 2.62943172 -2.18516541
v -0.74804497 2.63272858 -2.14907837
v -0.74200439 2.61491013 -2.14743805
v -0.74193573 2.61161375 -2.18352509
v -0.9305172 2.5988276 -2.19190216
v -0.93598557 2.60156822 -2.13787079
v -1.09149551 2.48240042 -2.15421677
v -0.92303085 2.57148886 -2.1891861
v -0.92864799 2.57488608 -2.1356163
v -0.73133469 2.66624832 -2.20304871
v -0.74252319 2.67527866 -2.16755295
v -0.73979378 2.6454587 -2.15910339
v -0.72860527 2.63642836 -2.19460678
v -0.91658592 2.68047047 -2.27547455
v -0.93904495 2.69239879 -2.2239418
v -1.10797119 2.55754066 -2.27345657
v -0.91423988 2.63535213 -2.26303482
v -0.9365921 2.64830995 -2.21217346
v -0.70761871 2.64959478 -2.15007019
v -0.70574951 2.65464306 -2.18590927
v -0.72072411 2.63630176 -2.18927002
v -0.72259331 2.63125396 -2.15343475
v -0.54223824 2.56318474 -2.14438629
v -0.53522873 2.56674671 -2.19818878
v -0.44140244 2.38767314 -2.19141388
v -0.56344986 2.53454781 -2.14972687
v -0.55597305 2.53879523 -2.20301056
v -0.70741081 2.6618104 -2.1384697
v -0.74990654 2.66143155 -2.16465378
v -0.74990654 2.63636947 -2.1642952
v -0.70740318 2.63674903 -2.1381073
v -0.60095596 2.69960785 -2.28782272
v -0.66132355 2.69850206 -2.33179474
v -0.53290558 2.61520004 -2.46863937
v -0.60029602 2.66186714 -2.28887177
v -0.66025162 2.66169977 -2.33250046
v -0.75165939 2.65914989 -2.15678024
v -0.73339462 2.65129733 -2.18707657
v -0.74546814 2.63723636 -2.19070435
v -0.7637291 2.64508891 -2.16040802
v -0.63101006 2.56828284 -2.04957962
v -0.60063553 2.55265355 -2.0918808
v -0.54594421 2.39610505 -1.98627472
v -0.64809799 2.54600883 -2.05434036
v -0.61751556 2.53104115 -2.09622574
v -0.74721527 2.65136361 -2.16270065
v -0.71453476 2.6394527 -2.17873383
v -0.71787453 2.61175299 -2.16496277
v -0.75055885 2.62366295 -2.1489296
v -0.65169144 2.76266074 -2.02759933
v -0.59988213 2.74640489 -2.04641342
v -0.53519821 2.73031235 -1.83491516
v -0.65562439 2.72149944 -2.00555038
v -0.60408974 2.70637465 -2.02476883
v -0.05660057 3.92616868 0.48968506
v -0.18306732 3.92616868 0.48968506
v -0.25326347 0 0.55988312
v 0.0135994 0 0.55988312
v -0.05660057 3.92616868 0.3632164
v -0.18306732 3.92616868 0.3632164
v -0.18306732 3.92616868 0.48968506
v -0.05660057 3.92616868 0.48968506
v 0.0135994 0 0.29301834
v -0.25326347 0 0.29301834
v -0.18306732 3.92616868 0.3632164
v -0.05660057 3.92616868 0.3632164
v 0.15304184 3.687778 0.89106369
v 0.0678196 3.687778 0.81935501
v -0.01928711 0 0.82686234
v 0.16054726 0 0.9781723
v 0.2247467 3.687778 0.80583572
v 0.13952255 3.687778 0.73413849
v 0.0678196 3.687778 0.81935501
v 0.15304184 3.687778 0.89106369
v 0.31185341 0 0.79833603
v 0.13201904 0 0.64703369
v 0.13952255 3.687778 0.73413849
v 0.2247467 3.687778 0.80583572
v 0.46076965 3.82173395 0.46041489
v 0.4492569 3.82173395 0.34557343
v 0.37911606 0 0.28821564
v 0.40341187 0 0.53055573
v 0.57561493 3.82173395 0.44890594
v 0.56410027 3.82173395 0.33406067
v 0.4492569 3.82173395 0.34557343
v 0.46076965 3.82173395 0.46041489
v 0.64575577 0 0.50626373
v 0.62145996 0 0.26391983
v 0.56410027 3.82173395 0.33406067
v 0.57561493 3.82173395 0.44890594
v 0.12186813 3.583992 0.0021019
v 0.15083885 3.583992 -0.10219193
v 0.10902977 0 -0.17616653
v 0.04789734 0 0.04391098
v 0.22615623 3.583992 0.03107071
v 0.25513077 3.583992 -0.0732193
v 0.15083885 3.583992 -0.10219193
v 0.12186813 3.583992 0.0021019
v 0.26796722 0 0.1050415
v 0.32909966 0 -0.11502838
v 0.25513077 3.583992 -0.0732193
v 0.22615623 3.583992 0.03107071
v -0.49701881 3.57317424 0.93638229
v -0.39648056 3.57317424 0.89717865
v -0.36244202 0 0.81960297
v -0.57459068 0 0.90234375
v -0.45780945 3.57317424 1.03692627
v -0.3572731 3.57317424 0.99771881
v -0.39648056 3.57317424 0.89717865
v -0.49701881 3.57317424 0.93638229
v -0.49184799 0 1.11449432
v -0.27969933 0 1.03174973
v -0.3572731 3.57317424 0.99771881
v -0.45780945 3.57317424 1.03692627
v -0.49731064 3.90539217 -0.22337723
v -0.46346474 3.90539217 -0.11038971
v -0.3819561 0 -0.06646729
v -0.4533844 0 -0.30488205
v -0.61029816 3.90539217 -0.18952179
v -0.57644653 3.90539217 -0.07653809
v -0.46346474 3.90539217 -0.11038971
v -0.49731064 3.90539217 -0.22337723
v -0.69180298 0 -0.23345184
v -0.62037277 0 0.00496674
v -0.57644653 3.90539217 -0.07653809
v -0.61029816 3.90539217 -0.18952179
v -0.53269386 3.687778 0.45872116
v -0.56873894 3.687778 0.56410599
v -0.53024864 0 0.64260864
v -0.4541893 0 0.42023849
v -0.63807297 3.687778 0.42268372
v -0.67411995 3.687778 0.52806091
v -0.56873894 3.687778 0.56410599
v -0.53269386 3.687778 0.45872116
v -0.67655945 0 0.34417725
v -0.7526207 0 0.56654358
v -0.67411995 3.687778 0.52806091
v -0.63807297 3.687778 0.42268372
v 0.25082016 3.5724473 -0.73868179
v 0.28947067 3.5724473 -0.6451416
v 0.36284256 0 -0.61467361
v 0.28129005 0 -0.8120575
v 0.15728378 3.5724473 -0.7000351
v 0.19593239 3.5724473 -0.60650253
v 0.28947067 3.5724473 -0.6451416
v 0.25082016 3.5724473 -0.73868179
v 0.0839119 0 -0.73049927
v 0.1654644 0 -0.53312683
v 0.19593239 3.5724473 -0.60650253
v 0.15728378 3.5724473 -0.7000351
v 0.4836216 3.14612556 -1.01639557
v 0.45663452 3.14612556 -0.93144989
v 0.48880386 0 -0.8693161
v 0.54575539 0 -1.04856491
v 0.39867973 3.14612556 -1.04338455
v 0.37168884 3.14612556 -0.9584465
v 0.45663452 3.14612556 -0.93144989
v 0.4836216 3.14612556 -1.01639557
v 0.36650848 0 -1.10551834
v 0.30955696 0 -0.92627335
v 0.37168884 3.14612556 -0.9584465
v 0.39867973 3.14612556 -1.04338455
v 0.07106972 3.26040626 -1.11239624
v -0.010355 3.26040626 -1.06878662
v -0.03134155 0 -0.9993782
v 0.14047241 0 -1.09141159
v 0.02745819 3.26040626 -1.19381714
v -0.05396652 3.26040626 -1.1502037
v -0.010355 3.26040626 -1.06878662
v 0.07106972 3.26040626 -1.11239624
v 0.04844666 0 -1.26322174
v -0.12336922 0 -1.17119598
v -0.05396652 3.26040626 -1.1502037
v 0.02745819 3.26040626 -1.19381714
v -0.16434288 3.05758357 -0.72167587
v -0.25033188 3.05758357 -0.71123886
v -0.29226685 0 -0.6577034
v -0.11081314 0 -0.67974091
v -0.17478752 3.05758357 -0.80766296
v -0.26077271 3.05758357 -0.79721832
v -0.25033188 3.05758357 -0.71123886
v -0.16434288 3.05758357 -0.72167587
v -0.13285065 0 -0.86119461
v -0.31430435 0 -0.83915329
v -0.26077271 3.05758357 -0.79721832
v -0.17478752 3.05758357 -0.80766296
v 0.71580505 3.04835439 -0.54944611
v 0.65608215 3.04835439 -0.61182404
v 0.5883007 0 -0.61329651
v 0.71433258 0 -0.48167419
v 0.77818108 3.04835439 -0.60917282
v 0.71845818 3.04835439 -0.67155457
v 0.65608215 3.04835439 -0.61182404
v 0.71580505 3.04835439 -0.54944611
v 0.8459568 0 -0.60770416
v 0.71992493 0 -0.73932648
v 0.71845818 3.04835439 -0.67155457
v 0.77818108 3.04835439 -0.60917282
v -0.14189148 3.3317771 -0.19480896
v -0.06867218 3.3317771 -0.25437546
v -0.06108856 0 -0.32808304
v -0.21560097 0 -0.20239258
v -0.08232689 3.3317771 -0.12159348
v -0.00910568 3.3317771 -0.18115234
v -0.06867218 3.3317771 -0.25437546
v -0.14189148 3.3317771 -0.19480896
v -0.08991051 0 -0.04788208
v 0.06459999 0 -0.17357635
v -0.00910568 3.3317771 -0.18115234
v -0.08232689 3.3317771 -0.12159348
v 0.3734169 3.14612556 -0.37709045
v 0.46237564 3.14612556 -0.38264084
v 0.50867271 0 -0.43509293
v 0.320961 0 -0.42339706
v 0.37896347 3.14612556 -0.28813934
v 0.4679184 3.14612556 -0.29367828
v 0.46237564 3.14612556 -0.38264084
v 0.3734169 3.14612556 -0.37709045
v 0.33266068 0 -0.23567963
v 0.5203743 0 -0.24738693
v 0.4679184 3.14612556 -0.29367828
v 0.37896347 3.14612556 -0.28813934
v -0.98324013 3.70377064 -0.76587296
v -1.06971741 3.70377064 -0.82529449
v -1.15070534 0 -0.81027222
v -0.96821976 0 -0.68488312
v -0.92381668 3.70377064 -0.85235214
v -1.01029587 3.70377064 -0.91176987
v -1.06971741 3.70377064 -0.82529449
v -0.98324013 3.70377064 -0.76587296
v -0.84283066 0 -0.86737442
v -1.02531624 0 -0.99275589
v -1.01029587 3.70377064 -0.91176987
v -0.92381668 3.70377064 -0.85235214
v -1.02847672 3.26177764 -0.39290237
v -1.05306244 3.26177764 -0.48197174
v -1.11615372 0 -0.51776886
v -1.06427765 0 -0.32980728
v -0.93940353 3.26177764 -0.41748428
v -0.96398926 3.26177764 -0.50656509
v -1.05306244 3.26177764 -0.48197174
v -1.02847672 3.26177764 -0.39290237
v -0.87631226 0 -0.38168335
v -0.92819214 0 -0.56964874
v -0.96398926 3.26177764 -0.50656509
v -0.93940353 3.26177764 -0.41748428
v -0.61570549 3.38025928 -0.54279327
v -0.56961441 3.38025928 -0.62673187
v -0.59062576 0 -0.69890976
v -0.68788147 0 -0.52177811
v -0.53176117 3.38025928 -0.49670029
v -0.485672 3.38025928 -0.58064651
v -0.56961441 3.38025928 -0.62673187
v -0.61570549 3.38025928 -0.54279327
v -0.51074982 0 -0.42452621
v -0.41349602 0 -0.60165405
v -0.485672 3.38025928 -0.58064651
v -0.53176117 3.38025928 -0.49670029
v -0.63210297 3.16998029 -1.01543045
v -0.56328964 3.16998029 -1.07313919
v -0.55712318 0 -1.14336014
v -0.70233154 0 -1.02160263
v -0.57440186 3.16998029 -0.94661713
v -0.50558853 3.16998029 -1.00431824
v -0.56328964 3.16998029 -1.07313919
v -0.63210297 3.16998029 -1.01543045
v -0.58056641 0 -0.87639236
v -0.43535995 0 -0.99815369
v -0.50558853 3.16998029 -1.00431824
v -0.57440186 3.16998029 -0.94661713
v -1.49429703 3.16041231 -0.66735077
v -1.40712357 3.16041231 -0.64691925
v -1.34739685 0 -0.68397522
v -1.53134537 0 -0.72707367
v -1.51472282 3.16041231 -0.58017731
v -1.42755127 3.16041231 -0.5597496
v -1.40712357 3.16041231 -0.64691925
v -1.49429703 3.16041231 -0.66735077
v -1.57444763 0 -0.54312515
v -1.39050102 0 -0.50002289
v -1.42755127 3.16041231 -0.5597496
v -1.51472282 3.16041231 -0.58017731
v -0.94956207 3.45425367 -1.4605484
v -0.97950554 3.45425367 -1.36738205
v -0.94440842 0 -1.29904938
v -0.8812294 0 -1.49564362
v -1.04272842 3.45425367 -1.49048615
v -1.07267189 3.45425367 -1.39731979
v -0.97950554 3.45425367 -1.36738205
v -0.94956207 3.45425367 -1.4605484
v -1.07782364 0 -1.55882263
v -1.14100647 0 -1.36222839
v -1.07267189 3.45425367 -1.39731979
v -1.04272842 3.45425367 -1.49048615
v -1.2942543 3.26177764 -1.01073837
v -1.36841583 3.26177764 -0.95561218
v -1.37898254 0 -0.88385391
v -1.2224884 0 -1.00017548
v -1.34938049 3.26177764 -1.08490372
v -1.42354202 3.26177764 -1.02977753
v -1.36841583 3.26177764 -0.95561218
v -1.2942543 3.26177764 -1.01073837
v -1.33880997 0 -1.15667343
v -1.49530602 0 -1.04034805
v -1.42354202 3.26177764 -1.02977753
v -1.34938049 3.26177764 -1.08490372
v -1.13407326 3.70377064 0.5777359
v -1.13454628 3.70377064 0.47280884
v -1.19305611 0 0.41482925
v -1.19205093 0 0.6362381
v -1.02914619 3.70377064 0.57726288
v -1.02962112 3.70377064 0.472332
v -1.13454628 3.70377064 0.47280884
v -1.13407326 3.70377064 0.5777359
v -0.97064018 0 0.63523865
v -0.97164154 0 0.41383362
v -1.02962112 3.70377064 0.472332
v -1.02914619 3.70377064 0.57726288
v -1.46629715 3.26177764 0.75317764
v -1.40712738 3.26177764 0.68220139
v -1.41368103 0 0.60995865
v -1.53853989 0 0.75973129
v -1.3953228 3.26177764 0.81234741
v -1.33615112 3.26177764 0.74137115
v -1.40712738 3.26177764 0.68220139
v -1.46629715 3.26177764 0.75317764
v -1.38876915 0 0.88458633
v -1.26390839 0 0.73481369
v -1.33615112 3.26177764 0.74137115
v -1.3953228 3.26177764 0.81234741
v -1.10784531 3.38025928 1.00687408
v -1.01260757 3.38025928 0.99689102
v -0.96528053 0 0.93848419
v -1.16625595 0 0.95955276
v -1.09786224 3.38025928 1.10211563
v -1.0026226 3.38025928 1.09212875
v -1.01260757 3.38025928 0.99689102
v -1.10784531 3.38025928 1.00687408
v -1.14518738 0 1.16052246
v -0.94421387 0 1.13945389
v -1.0026226 3.38025928 1.09212875
v -1.09786224 3.38025928 1.10211563
v -0.72886658 3.16998029 0.72397232
v -0.64223289 3.16998029 0.74761963
v -0.58101273 0 0.71265411
v -0.76383209 0 0.66275787
v -0.75251007 3.16998029 0.81061172
v -0.66587448 3.16998029 0.83425522
v -0.64223289 3.16998029 0.74761963
v -0.72886658 3.16998029 0.72397232
v -0.81372452 0 0.84557343
v -0.63090897 0 0.89546585
v -0.66587448 3.16998029 0.83425522
v -0.75251007 3.16998029 0.81061172
v -1.50634575 3.16041231 0.21400833
v -1.47343636 3.16041231 0.29727173
v -1.40894699 0 0.32522202
v -1.47839355 0 0.14951706
v -1.58961105 3.16041231 0.24691772
v -1.55670166 3.16041231 0.33018112
v -1.47343636 3.16041231 0.29727173
v -1.50634575 3.16041231 0.21400833
v -1.65409851 0 0.21896362
v -1.58465195 0 0.39466858
v -1.55670166 3.16041231 0.33018112
v -1.58961105 3.16041231 0.24691772
v -0.54411697 3.45425367 0.20941162
v -0.63773155 3.45425367 0.23792267
v -0.67387009 0 0.30570221
v -0.4763298 0 0.24555206
v -0.57262611 3.45425367 0.11579514
v -0.66624069 3.45425367 0.14430237
v -0.63773155 3.45425367 0.23792267
v -0.54411697 3.45425367 0.20941162
v -0.53648758 0 0.04800415
v -0.73402786 0 0.10816574
v -0.66624069 3.45425367 0.14430237
v -0.57262611 3.45425367 0.11579514
v -1.11017227 3.26177764 0.18261337
v -1.19773865 3.26177764 0.15310669
v -1.26272583 0 0.18533325
v -1.07794762 0 0.24760437
v -1.08066177 3.26177764 0.09504318
v -1.16823196 3.26177764 0.0655365
v -1.19773865 3.26177764 0.15310669
v -1.11017227 3.26177764 0.18261337
v -1.01567841 0 0.06282043
v -1.20045853 0 0.00055695
v -1.16823196 3.26177764 0.0655365
v -1.08066177 3.26177764 0.09504318
v -0.21430206 3.70377064 1.60650253
v -0.21477699 3.70377064 1.50157547
v -0.27328491 0 1.44359207
v -0.27228165 0 1.66500473
v -0.10937881 3.70377064 1.60602188
v -0.10985374 3.70377064 1.50110245
v -0.21477699 3.70377064 1.50157547
v -0.21430206 3.70377064 1.60650253
v -0.0508709 0 1.66400909
v -0.05187225 0 1.44259644
v -0.10985374 3.70377064 1.50110245
v -0.10937881 3.70377064 1.60602188
v -0.54652786 3.26177764 1.78194046
v -0.48735619 3.26177764 1.71096802
v -0.49391174 0 1.63872528
v -0.61877251 0 1.78849792
v -0.47555542 3.26177764 1.84111786
v -0.41638374 3.26177764 1.7701416
v -0.48735619 3.26177764 1.71096802
v -0.54652786 3.26177764 1.78194046
v -0.46899986 0 1.91335678
v -0.3441391 0 1.76358032
v -0.41638374 3.26177764 1.7701416
v -0.47555542 3.26177764 1.84111786
v -0.18807602 3.38025928 2.03564453
v -0.09284019 3.38025928 2.02565384
v -0.04551315 0 1.96724701
v -0.24648666 0 1.9883194
v -0.17809296 3.38025928 2.13087845
v -0.08285332 3.38025928 2.12089539
v -0.09284019 3.38025928 2.02565384
v -0.18807602 3.38025928 2.03564453
v -0.22541809 0 2.18928909
v -0.02444649 0 2.16822433
v -0.08285332 3.38025928 2.12089539
v -0.17809296 3.38025928 2.13087845
v 0.19090271 3.16998029 1.75273514
v 0.27753639 3.16998029 1.77638626
v 0.33875656 0 1.74142075
v 0.15593719 0 1.69152832
v 0.16725922 3.16998029 1.83937454
v 0.25389481 3.16998029 1.86302185
v 0.27753639 3.16998029 1.77638626
v 0.19090271 3.16998029 1.75273514
v 0.10604477 0 1.87434006
v 0.28886032 0 1.92423248
v 0.25389481 3.16998029 1.86302185
v 0.16725922 3.16998029 1.83937454
v -0.58657455 3.16041231 1.24277496
v -0.55366707 3.16041231 1.32604218
v -0.48917961 0 1.35399246
v -0.55862427 0 1.17827988
v -0.66984177 3.16041231 1.27568054
v -0.63693428 3.16041231 1.35894394
v -0.55366707 3.16041231 1.32604218
v -0.58657455 3.16041231 1.24277496
v -0.73432732 0 1.24773407
v -0.66488266 0 1.42343903
v -0.63693428 3.16041231 1.35894394
v -0.66984177 3.16041231 1.27568054
v 0.37565231 3.45425367 1.23817444
v 0.28203964 3.45425367 1.26668167
v 0.2458992 0 1.33446884
v 0.44344139 0 1.27431107
v 0.34714508 3.45425367 1.14456177
v 0.25352859 3.45425367 1.17307281
v 0.28203964 3.45425367 1.26668167
v 0.37565231 3.45425367 1.23817444
v 0.38328171 0 1.07677078
v 0.18574142 0 1.13693237
v 0.25352859 3.45425367 1.17307281
v 0.34714508 3.45425367 1.14456177
v -0.19040298 3.26177764 1.21138
v -0.27797127 3.26177764 1.18187332
v -0.34295845 0 1.21409988
v -0.15817642 0 1.27636719
v -0.16089249 3.26177764 1.12381363
v -0.24846268 3.26177764 1.09430695
v -0.27797127 3.26177764 1.18187332
v -0.19040298 3.26177764 1.21138
v -0.09591103 0 1.09159088
v -0.28068924 0 1.02931976
v -0.24846268 3.26177764 1.09430695
v -0.16089249 3.26177764 1.12381363
v 1.02659607 3.42343307 -0.00795364
v 1.12352371 3.42343307 -0.00463104
v 1.17917252 0 -0.05659103
v 0.97463417 0 -0.06359863
v 1.02327156 3.42343307 0.08897018
v 1.1201992 3.42343307 0.09230042
v 1.12352371 3.42343307 -0.00463104
v 1.02659607 3.42343307 -0.00795364
v 0.96762848 0 0.14093781
v 1.17216301 0 0.14794159
v 1.1201992 3.42343307 0.09230042
v 1.02327156 3.42343307 0.08897018
v 0.87646103 3.01489425 -0.3210907
v 0.93989372 3.01489425 -0.26389694
v 1.00685501 0 -0.26736069
v 0.87299728 0 -0.38804626
v 0.81926727 3.01489425 -0.25765228
v 0.88270187 3.01489425 -0.20046234
v 0.93989372 3.01489425 -0.26389694
v 0.87646103 3.01489425 -0.3210907
v 0.75230789 0 -0.25418854
v 0.88616562 0 -0.13349915
v 0.88270187 3.01489425 -0.20046234
v 0.81926727 3.01489425 -0.25765228
v 0.62929726 3.12440825 0.00088882
v 0.63510513 3.12440825 0.08921051
v 0.68735504 0 0.1350174
v 0.67509842 0 -0.05136108
v 0.54097366 3.12440825 0.00669861
v 0.54678154 3.12440825 0.09502029
v 0.63510513 3.12440825 0.08921051
v 0.62929726 3.12440825 0.00088882
v 0.48872375 0 -0.03910065
v 0.50098038 0 0.14727402
v 0.54678154 3.12440825 0.09502029
v 0.54097366 3.12440825 0.00669861
v 0.87700462 2.93004513 0.3610611
v 0.85206223 2.93004513 0.44023514
v 0.882164 0 0.49802017
v 0.93479919 0 0.33095932
v 0.7978363 2.93004513 0.33611679
v 0.772892 2.93004513 0.41529083
v 0.85206223 2.93004513 0.44023514
v 0.87700462 2.93004513 0.3610611
v 0.76773453 0 0.27832413
v 0.71509933 0 0.44539261
v 0.772892 2.93004513 0.41529083
v 0.7978363 2.93004513 0.33611679
v 1.3758831 2.92120171 -0.33875275
v 1.29779816 2.92120171 -0.31134415
v 1.26966858 0 -0.25278473
v 1.43444443 0 -0.31062698
v 1.34847069 2.92120171 -0.4168396
v 1.27038574 2.92120171 -0.38942719
v 1.29779816 2.92120171 -0.31134415
v 1.3758831 2.92120171 -0.33875275
v 1.37659836 0 -0.47539902
v 1.21182442 0 -0.41755295
v 1.27038574 2.92120171 -0.38942719
v 1.34847069 2.92120171 -0.4168396
v 1.3456459 3.19280171 0.55014038
v 1.32266998 3.19280171 0.46265411
v 1.26135635 0 0.42684174
v 1.30984116 0 0.61145782
v 1.43313026 3.19280171 0.52715683
v 1.41015625 3.19280171 0.43967819
v 1.32266998 3.19280171 0.46265411
v 1.3456459 3.19280171 0.55014038
v 1.49444389 0 0.56296921
v 1.445961 0 0.37835693
v 1.41015625 3.19280171 0.43967819
v 1.43313026 3.19280171 0.52715683
v 1.3906765 3.01489425 0.02827835
v 1.4210701 3.01489425 -0.05153656
v 1.3936348 0 -0.11272049
v 1.32950211 0 0.05571365
v 1.47050095 3.01489425 0.05867004
v 1.50089264 3.01489425 -0.02114105
v 1.4210701 3.01489425 -0.05153656
v 1.3906765 3.01489425 0.02827835
v 1.49793625 0 0.11985397
v 1.56207085 0 -0.04858017
v 1.50089264 3.01489425 -0.02114105
v 1.47050095 3.01489425 0.05867004
v 1.02043915 3.70377064 1.06158829
v 1.0717926 3.70377064 1.15309143
v 1.15109062 0 1.17537308
v 1.0427227 0 0.9822998
v 0.92893982 3.70377064 1.11294937
v 0.98029709 3.70377064 1.20444489
v 1.0717926 3.70377064 1.15309143
v 1.02043915 3.70377064 1.06158829
v 0.8496418 0 1.0906601
v 0.95800972 0 1.28374481
v 0.98029709 3.70377064 1.20444489
v 0.92893982 3.70377064 1.11294937
v 1.22571373 3.26177764 0.74692154
v 1.20843887 3.26177764 0.83769608
v 1.24924088 0 0.89767838
v 1.28569031 0 0.70612335
v 1.13493538 3.26177764 0.7296524
v 1.11766434 3.26177764 0.82043076
v 1.20843887 3.26177764 0.83769608
v 1.22571373 3.26177764 0.74692154
v 1.09413528 0 0.66967773
v 1.05768776 0 0.86122894
v 1.11766434 3.26177764 0.82043076
v 1.13493538 3.26177764 0.7296524
v 0.78917313 3.38025928 0.6991539
v 0.71075821 3.38025928 0.75411606
v 0.69773865 0 0.82815552
v 0.86321259 0 0.71216965
v 0.73420715 3.38025928 0.62073135
v 0.65578651 3.38025928 0.67570114
v 0.71075821 3.38025928 0.75411606
v 0.78917313 3.38025928 0.6991539
v 0.7472229 0 0.54669571
v 0.58175278 0 0.66268539
v 0.65578651 3.38025928 0.67570114
v 0.73420715 3.38025928 0.62073135
v 0.59519386 3.16998029 1.13047028
v 0.50797081 3.16998029 1.15185547
v 0.47143173 0 1.21213913
v 0.65548134 0 1.16700745
v 0.57380295 3.16998029 1.04325104
v 0.48658371 3.16998029 1.06463242
v 0.50797081 3.16998029 1.15185547
v 0.59519386 3.16998029 1.13047028
v 0.61034775 0 0.98295593
v 0.42629623 0 1.02809525
v 0.48658371 3.16998029 1.06463242
v 0.57380295 3.16998029 1.04325104
v 1.52248192 3.16041231 1.19884491
v 1.45328712 3.16041231 1.14202499
v 1.38334274 0 1.14890289
v 1.52935219 0 1.26879883
v 1.57929802 3.16041231 1.12965393
v 1.51010513 3.16041231 1.07283783
v 1.45328712 3.16041231 1.14202499
v 1.52248192 3.16041231 1.19884491
v 1.64924812 0 1.12277985
v 1.50323486 0 1.00288773
v 1.51010513 3.16041231 1.07283783
v 1.57929802 3.16041231 1.12965393
v 0.68349266 3.45425367 1.67002106
v 0.75149155 3.45425367 1.59964371
v 0.75017738 0 1.52283096
v 0.60668373 0 1.6713295
v 0.75386429 3.45425367 1.73801041
v 0.82186508 3.45425367 1.66764832
v 0.75149155 3.45425367 1.59964371
v 0.68349266 3.45425367 1.67002106
v 0.75518417 0 1.81482315
v 0.89867401 0 1.66632462
v 0.82186508 3.45425367 1.66764832
v 0.75386429 3.45425367 1.73801041
v 1.19137192 3.26177764 1.41862488
v 1.28225327 3.26177764 1.4019165
v 1.32342339 0 1.34218216
v 1.13164711 0 1.37745667
v 1.20808601 3.26177764 1.50951004
v 1.29896736 3.26177764 1.49279785
v 1.28225327 3.26177764 1.4019165
v 1.19137192 3.26177764 1.41862488
v 1.1669178 0 1.56923294
v 1.35869026 0 1.53396606
v 1.29896736 3.26177764 1.49279785
v 1.20808601 3.26177764 1.50951004
v 1.13307571 3.13479471 -1.01176453
v 1.11587906 3.13479471 -1.09889603
v 1.05796814 0 -1.13771057
v 1.09426117 0 -0.95386124
v 1.22020149 3.13479471 -1.028965
v 1.20300293 3.13479471 -1.11609268
v 1.11587906 3.13479471 -1.09889603
v 1.13307571 3.13479471 -1.01176453
v 1.27811432 0 -0.99015427
v 1.24182129 0 -1.17399979
v 1.20300293 3.13479471 -1.11609268
v 1.22020149 3.13479471 -1.028965
v 0.88506317 2.76070046 -0.81275558
v 0.92287445 2.76070046 -0.88122177
v 0.90585709 0 -0.94020844
v 0.82607651 0 -0.79573441
v 0.95352745 2.76070046 -0.77494431
v 0.99133492 2.76070046 -0.84340668
v 0.92287445 2.76070046 -0.88122177
v 0.88506317 2.76070046 -0.81275558
v 0.97054672 0 -0.71595383
v 1.0503273 0 -0.86042023
v 0.99133492 2.76070046 -0.84340668
v 0.95352745 2.76070046 -0.77494431
v 1.22360229 2.86098123 -0.6593132
v 1.30115509 2.86098123 -0.68286133
v 1.33113098 0 -0.73898315
v 1.16747856 0 -0.68928909
v 1.24715042 2.86098123 -0.58175659
v 1.32470322 2.86098123 -0.60531235
v 1.30115509 2.86098123 -0.68286133
v 1.22360229 2.86098123 -0.6593132
v 1.21717262 0 -0.52563477
v 1.38082504 0 -0.57533264
v 1.32470322 2.86098123 -0.60531235
v 1.24715042 2.86098123 -0.58175659
v 1.49325943 2.68300557 -0.95512772
v 1.56904984 2.68300557 -0.94935226
v 1.61432457 0 -0.98820877
v 1.45439339 0 -1.00040054
v 1.48748398 2.68300557 -0.87933731
v 1.56327438 2.68300557 -0.87356186
v 1.56904984 2.68300557 -0.94935226
v 1.49325943 2.68300557 -0.95512772
v 1.44220734 0 -0.84046936
v 1.60213661 0 -0.8282814
v 1.56327438 2.68300557 -0.87356186
v 1.48748398 2.68300557 -0.87933731
v 0.76543427 2.67490745 -1.25443649
v 0.80611801 2.67490745 -1.19050598
v 0.86418915 0 -1.17760468
v 0.77833557 0 -1.31250763
v 0.70150375 2.67490745 -1.21375275
v 0.7421875 2.67490745 -1.14981842
v 0.80611801 2.67490745 -1.19050598
v 0.76543427 2.67490745 -1.25443649
v 0.64343071 0 -1.22665787
v 0.72928429 0 -1.0917511
v 0.7421875 2.67490745 -1.14981842
v 0.70150375 2.67490745 -1.21375275
v 1.56439209 2.92360854 -1.41236115
v 1.49115753 2.92360854 -1.3736763
v 1.47198105 0 -1.31155014
v 1.62652016 0 -1.39318848
v 1.52570724 2.92360854 -1.48559952
v 1.45247078 2.92360854 -1.44691086
v 1.49115753 2.92360854 -1.3736763
v 1.56439209 2.92360854 -1.41236115
v 1.54488564 0 -1.54772568
v 1.39034653 0 -1.46609116
v 1.45247078 2.92360854 -1.44691086
v 1.52570724 2.92360854 -1.48559952
v 1.08965874 2.76070046 -1.34397125
v 1.01215744 2.76070046 -1.35447693
v 0.96330833 0 -1.31728745
v 1.12685204 0 -1.29512405
v 1.10016251 2.76070046 -1.42147446
v 1.0226593 2.76070046 -1.43197632
v 1.01215744 2.76070046 -1.35447693
v 1.08965874 2.76070046 -1.34397125
v 1.1490078 0 -1.45866394
v 0.985466 0 -1.48083115
v 1.0226593 2.76070046 -1.43197632
v 1.10016251 2.76070046 -1.42147446
v -0.28696251 2.43024325 -0.25507736
v -0.28375626 2.43357205 -0.19841003
v -0.26008224 2.39392662 -0.19741821
v -0.26328278 2.39059782 -0.25408173
v -0.57083321 2.3466022 -0.24850082
v -0.57338715 2.34620047 -0.16323853
v -0.74742889 2.06725049 -0.17921448
v -0.53746414 2.28559947 -0.24648666
v -0.54080963 2.28670859 -0.16188431
v -0.4908905 3.66409969 -0.1967926
v -0.54941559 3.68483281 -0.16529465
v -0.55097771 3.64519787 -0.1421051
v -0.49245262 3.62446594 -0.17359924
v -0.66322136 3.57860422 -0.49948502
v -0.75656509 3.60424376 -0.46022034
v -0.91032028 3.31503892 -0.66937256
v -0.66765022 3.5177362 -0.46679688
v -0.76021194 3.54470038 -0.42861176
v -0.56705284 3.68422747 -0.19294357
v -0.56647301 3.67703962 -0.09731293
v -0.54200363 3.63569164 -0.10057068
v -0.54259872 3.64287567 -0.19620132
v -0.90821075 3.57412767 -0.22335434
v -0.91643524 3.55700016 -0.08111954
v -1.14340401 3.24806547 -0.1740799
v -0.87419128 3.51020908 -0.22784805
v -0.88319969 3.4947834 -0.08650208
v -0.11093521 3.91502953 0.47320557
v -0.11164665 3.9251771 0.40432739
v -0.10548973 3.88013935 0.39763641
v -0.10478973 3.86999178 0.46650696
v 0.22690773 4.03120327 0.50460434
v 0.23698425 4.04698658 0.4018364
v 0.60941887 3.94091296 0.43444061
v 0.23939896 3.96391392 0.49417496
v 0.24908447 3.98124218 0.3923912
v -0.10746574 3.93072867 0.46684265
v -0.15441704 3.9199183 0.38392258
v -0.16046143 3.87310672 0.39343643
v -0.11351013 3.88391662 0.47636414
v 0.21658134 3.93599057 0.31065369
v 0.1560173 3.91670418 0.18200684
v 0.47759056 3.69982243 0.11025238
v 0.21003151 3.86480975 0.32303619
v 0.15005684 3.84741712 0.19498825
v -0.11685944 3.88726282 0.46459579
v -0.08580399 3.8935957 0.40261459
v -0.09478188 3.85936379 0.39461517
v -0.12584686 3.85303044 0.456604
v 0.1911869 3.82846618 0.63269424
v 0.24692154 3.83373189 0.54450226
v 0.50026321 3.60479045 0.70592499
v 0.18063927 3.77594328 0.62161636
v 0.23623657 3.78246999 0.53432083
v -0.15728951 3.93940139 0.41615295
v -0.08493805 3.942945 0.40324402
v -0.08688545 3.88900924 0.37754822
v -0.15923882 3.88546562 0.39046097
v -0.10525513 3.88571024 0.79180527
v 0.00475121 3.88495493 0.78245544
v 0.01216316 3.54649162 1.04107666
v -0.10716248 3.80308247 0.75611877
v 0.0021019 3.80437398 0.74768829
v -0.15615463 3.92599821 0.36965942
v -0.19009399 3.93569732 0.4296608
v -0.16723442 3.90045953 0.44829178
v -0.13328934 3.89076352 0.38828278
v -0.43560982 3.75999022 0.21808243
v -0.49378395 3.76683354 0.30456543
v -0.64929008 3.42280269 0.21247101
v -0.40372086 3.70497394 0.24545288
v -0.4622612 3.71313429 0.33065414
v -0.13015747 3.94946671 0.35748672
v -0.07954025 3.94873857 0.43893814
v -0.07923508 3.9005897 0.43832397
v -0.12985611 3.90131927 0.35686493
v -0.44122696 4.02208233 0.52298737
v -0.37515259 4.01995754 0.65034485
v -0.71325684 3.85992098 0.77549744
v -0.44325829 3.9495759 0.52422333
v -0.3775959 3.94925475 0.65065002
v -0.13765144 3.91146469 0.38772202
v -0.18662834 3.89528537 0.43448257
v -0.16168976 3.8784976 0.45479584
v -0.11271286 3.89467692 0.40803909
v -0.22839165 3.64229941 0.17342377
v -0.30299187 3.6083436 0.23816681
v -0.24999428 3.26199365 0.0971489
v -0.1917038 3.61416268 0.20265961
v -0.26669312 3.581146 0.26623917
v -0.0989151 3.92939687 0.42531967
v -0.1688385 3.90651464 0.42486572
v -0.1512928 3.85329819 0.40405273
v -0.08135796 3.8761797 0.40451813
v -0.14729691 4.14321852 0.11115265
v -0.25249672 4.11198807 0.09906769
v -0.1823597 4.08107042 -0.32001114
v -0.12162399 4.0641408 0.07661057
v -0.22670364 4.03508282 0.06547546
v -0.15446281 3.90807843 0.39565277
v -0.12083435 3.91282821 0.46092224
v -0.068367 3.90122938 0.43472672
v -0.10201454 3.89647484 0.36945724
v -0.31559372 3.57190228 0.48358917
v -0.26611137 3.56727958 0.58217621
v -0.17471123 3.15868974 0.50345612
v -0.23694038 3.55110669 0.44501877
v -0.18975258 3.54703999 0.54385757
v -0.03670502 3.88043237 0.41490936
v -0.08185387 3.87923908 0.36192703
v -0.11476707 3.86432934 0.39031601
v -0.06961441 3.86552978 0.44330215
v 0.11735153 3.57281375 0.313591
v 0.05223656 3.56024194 0.23289108
v 0.07024384 3.17686462 0.29387665
v 0.0684166 3.5473032 0.35538101
v 0.00495911 3.53545928 0.27422714
v -0.14133263 3.93147302 0.45149994
v -0.16126251 3.9462204 0.3588562
v -0.13149834 3.91036654 0.34674454
v -0.11155701 3.89562273 0.43939209
v 0.08202934 4.21266365 0.4732132
v 0.06126976 4.24119949 0.33412552
v 0.44184113 4.34466219 0.3421402
v 0.12919807 4.16089773 0.45428467
v 0.10741806 4.19050694 0.31665039
v -1.46429825 2.01227927 0.72949982
v -1.46040726 2.01503539 0.77633286
v -1.44079018 1.98220837 0.77663803
v -1.44468117 1.97945213 0.72980118
v -1.69912529 1.9430232 0.7411499
v -1.69937515 1.94269025 0.81177139
v -1.84378052 1.71171558 0.80236816
v -1.6714592 1.89251196 0.7420845
v -1.67237854 1.89343023 0.81218719
v -0.09480095 3.03986716 0.63731384
v -0.14293289 3.05703425 0.61063385
v -0.15979004 3.02421618 0.61991882
v -0.11166 3.0070498 0.64659882
v 0.03898048 2.96907496 0.38182068
v -0.03013611 2.99030519 0.33434677
v 0.04678726 2.75083899 0.13364029
v 0.01422882 2.9186759 0.39335251
v -0.05378914 2.94100261 0.34595108
v -0.13156319 3.05653334 0.58597183
v -0.19793129 3.05058146 0.62916565
v -0.18471146 3.01634431 0.64476013
v -0.11835098 3.02229333 0.60155487
v -0.26301575 2.96536851 0.33467865
v -0.36579514 2.9511869 0.39258957
v -0.40258217 2.69538426 0.19286346
v -0.24466896 2.91244316 0.35636902
v -0.34716797 2.89967012 0.41333389
v 1.11843872 3.42396283 0.08880615
v 1.08662605 3.43236589 0.0414772
v 1.08784294 3.39507389 0.03404236
v 1.11964607 3.3866713 0.08137894
v 1.36649132 3.52015734 -0.04309845
v 1.32673264 3.53322577 -0.11878967
v 1.5992775 3.44539475 -0.26558304
v 1.37039375 3.46444035 -0.05599213
v 1.33080864 3.47878861 -0.13082886
v 1.11794472 3.4369626 0.08282852
v 1.04774857 3.42801189 0.04679489
v 1.04789352 3.38925076 0.0561409
v 1.11809158 3.39820147 0.0921669
v 1.27114868 3.44131994 -0.17260742
v 1.17073822 3.42535043 -0.2340889
v 1.36063385 3.24576879 -0.42996216
v 1.27224922 3.38238096 -0.16106033
v 1.17252159 3.36797929 -0.22238922
v 1.11042213 3.40097189 0.0855484
v 1.10372925 3.40621614 0.02853394
v 1.0938797 3.37787175 0.02708054
v 1.10057259 3.3726275 0.08410263
v 1.40002632 3.35228777 0.06177902
v 1.39848709 3.35664773 -0.02458954
v 1.64719582 3.16708088 -0.0280838
v 1.38768578 3.30879784 0.05891037
v 1.38645744 3.31420231 -0.02676773
v 1.06042099 3.44414353 0.0704155
v 1.10461235 3.44707799 0.02857208
v 1.09157944 3.40241838 0.01167679
v 1.04738808 3.39948416 0.05352402
v 1.26725197 3.39968681 0.3066864
v 1.33912086 3.3990612 0.25019073
v 1.46184731 3.11880851 0.42578888
v 1.24970055 3.3312695 0.28285599
v 1.32147598 3.33233881 0.22734833
v 1.04006195 3.43304586 0.03771973
v 1.0438633 3.44107676 0.09468079
v 1.06815338 3.41189981 0.09717178
v 1.06435013 3.40387058 0.04021072
v 0.77775574 3.29558825 0.05991745
v 0.77683258 3.30125523 0.14621735
v 0.62734604 3.01639223 0.15320587
v 0.81227112 3.25003433 0.06435394
v 0.81050873 3.25679111 0.14993286
v 1.05251694 3.45247817 0.01748276
v 1.12458611 3.45187521 0.05082321
v 1.12451172 3.41200709 0.05025864
v 1.05244064 3.41261125 0.01691055
v 0.91251945 3.51260495 0.27346039
v 1.01616287 3.5108459 0.33153152
v 0.83911324 3.37833285 0.57189178
v 0.91167831 3.45256853 0.27522659
v 1.01460838 3.45230293 0.33285141
v 1.06108093 3.42101216 0.04180527
v 1.04845047 3.40761495 0.09643173
v 1.07494736 3.39371419 0.09915161
v 1.0875721 3.40711141 0.04452896
v 0.90084076 3.19813895 -0.06521606
v 0.8786602 3.17002273 0.01350784
v 0.85120583 2.88323951 -0.10817719
v 0.93951988 3.17484117 -0.0616684
v 0.91654587 3.1475029 0.01641846
v 1.10498238 3.43585992 0.05020905
v 1.05638885 3.41691303 0.08169174
v 1.05906677 3.37284923 0.05931473
v 1.10766983 3.3917954 0.02783203
v 0.92863846 3.61290741 -0.14518738
v 0.85034943 3.58704805 -0.10570908
v 0.70830917 3.56144834 -0.42759323
v 0.93069649 3.54743028 -0.18075943
v 0.85292053 3.52336907 -0.14068222
v 1.05305099 3.41820812 0.05494308
v 1.10600281 3.4221406 0.08481216
v 1.13039589 3.41253662 0.04283142
v 1.07743835 3.40859985 0.01295853
v 0.98154259 3.13984895 0.18906021
v 1.06061172 3.13602114 0.23477936
v 1.08806229 2.79770231 0.13874435
v 1.0184288 3.12262988 0.12660599
v 1.09602928 3.11926222 0.17354202
v 1.14329529 3.3953166 0.01471329
v 1.0879612 3.39432812 -0.00141144
v 1.07809448 3.38198328 0.0331955
v 1.1334343 3.38297653 0.04932785
v 1.20382118 3.14060307 -0.12545013
v 1.12206841 3.13019395 -0.15167236
v 1.16225815 2.81275177 -0.11766815
v 1.18896484 3.11948037 -0.07427597
v 1.10814476 3.1096735 -0.10157776
v 1.08753395 3.43757915 0.08760452
v 1.0316124 3.44979048 0.03257751
v 1.04670525 3.4201026 0.01065826
v 1.10263062 3.40789413 0.06569672
v 1.25196648 3.67040944 0.0010643
v 1.17435455 3.69403791 -0.08573914
v 1.4413414 3.779706 -0.25325394
v 1.27599907 3.62754655 -0.03347397
v 1.19833946 3.65206361 -0.11882019
v -0.6800499 1.84942329 0.03787994
v -0.71527481 1.85195661 0.01289749
v -0.72710609 1.82178617 0.02650452
v -0.69187164 1.81925297 0.05149078
v -0.5492382 1.78577232 -0.13411713
v -0.59875107 1.78546643 -0.1761055
v -0.50665474 1.57318461 -0.27205658
v -0.56627655 1.73934889 -0.11522293
v -0.61501884 1.74019289 -0.15737152
v -0.7594223 3.06403804 0.09347153
v -0.75038719 3.0798161 0.04370499
v -0.76344299 3.04965353 0.0317688
v -0.7724762 3.03387666 0.08153152
v -0.49757004 2.99897528 0.13459396
v -0.47662735 3.01848722 0.06042862
v -0.27923393 2.79840159 0.06822586
v -0.51491547 2.95265484 0.11644745
v -0.49370384 2.97317481 0.0432663
v -0.72557068 3.07935524 0.0463295
v -0.78273773 3.07388544 0.00129318
v -0.7924118 3.0424192 0.01739883
v -0.73523903 3.04788661 0.06243134
v -0.545578 2.99556875 -0.14218903
v -0.62629128 2.98253489 -0.21458435
v -0.46327209 2.74743462 -0.30548859
v -0.5590477 2.94692659 -0.11981964
v -0.6388588 2.93518758 -0.1922493
v -0.98897552 3.32784939 0.22759247
v -0.94766808 3.335572 0.25984955
v -0.94660378 3.30129814 0.26669312
v -0.98791122 3.29357576 0.23441696
v -1.16798592 3.41625834 0.4136734
v -1.11163139 3.42826939 0.46843719
v -1.3077774 3.34754682 0.67453003
v -1.16770744 3.36505079 0.42605591
v -1.11175537 3.37823772 0.48011398
v -0.98683929 3.33979678 0.23266983
v -0.91522598 3.33157039 0.24409485
v -0.91802406 3.29594636 0.23597336
v -0.98963547 3.30417252 0.22455978
v -1.04770279 3.3438015 0.49957275
v -0.94242859 3.32912421 0.52459717
v -1.05235481 3.16407633 0.74994659
v -1.05195999 3.2896328 0.4897995
v -0.94732666 3.27639627 0.51488113
v -0.98104477 3.30671883 0.2281456
v -0.9589138 3.31153846 0.27603912
v -0.94989586 3.28548789 0.27449799
v -0.97202492 3.28066826 0.22659683
v -1.2272377 3.26197481 0.33163834
v -1.20122147 3.26598239 0.40664673
v -1.41748047 3.09175682 0.48075104
v -1.21564102 3.22200465 0.33061981
v -1.19009209 3.22697163 0.40511703
v -0.93304062 3.34639668 0.22708511
v -0.95969582 3.34909368 0.27625656
v -0.94348145 3.30804801 0.28728867
v -0.91683197 3.3053515 0.23811722
v -1.18121338 3.30553794 0.07976913
v -1.22785378 3.30496311 0.14964676
v -1.3852253 3.04739118 0.03132248
v -1.15907288 3.24265766 0.09557343
v -1.20591354 3.24364018 0.16456985
v -0.90591812 3.3361969 0.24982834
v -0.92550659 3.34357762 0.20115662
v -0.94743919 3.31676197 0.20591736
v -0.92784882 3.30938292 0.2545929
v -0.68312454 3.20986414 0.15550613
v -0.7069664 3.21507215 0.07985687
v -0.57837868 2.95326352 0.03106308
v -0.71453857 3.16799664 0.16149521
v -0.73744583 3.17420673 0.08623505
v -0.91101456 3.3540566 0.27106476
v -0.9834938 3.35350227 0.26252747
v -0.98327255 3.31686115 0.26299667
v -0.91078949 3.31741619 0.27154541
v -0.86184692 3.40931749 0.00747299
v -0.96897125 3.40770078 -0.01365662
v -0.88297272 3.28591204 -0.27419281
v -0.86161423 3.35414004 0.00568008
v -0.96799088 3.35389566 -0.01525497
v -0.92544937 3.32513714 0.25226593
v -0.93002129 3.31282449 0.20093155
v -0.95393944 3.30004883 0.20613098
v -0.94936752 3.31236124 0.25745773
v -0.75489426 3.12030125 0.29998779
v -0.75800705 3.09446073 0.2248764
v -0.69926834 2.83088708 0.32332611
v -0.78970146 3.09888911 0.30792999
v -0.79193497 3.07376313 0.23315048
v -0.96619797 3.3387835 0.25746155
v -0.93274117 3.32137012 0.21607971
v -0.92868996 3.28087187 0.23639679
v -0.96214867 3.29828501 0.27778625
v -0.7563343 3.50150228 0.37778091
v -0.69922066 3.47773576 0.32092667
v -0.48319817 3.45420766 0.56153107
v -0.74797058 3.44132376 0.40943909
v -0.69147682 3.41921043 0.35221863
v -0.92218399 3.32256007 0.2385025
v -0.97697258 3.3261745 0.22753143
v -0.98628998 3.317348 0.27117538
v -0.93149567 3.31372952 0.28212738
v -0.89803314 3.06672883 0.10091019
v -0.98016167 3.06321073 0.08356476
v -0.97670937 2.75227237 0.17528915
v -0.91241455 3.05090332 0.16600037
v -0.99360657 3.04780841 0.14717102
v -0.98952484 3.30152106 0.29941559
v -0.93658066 3.30061293 0.29769897
v -0.93784714 3.28926682 0.26464462
v -0.99080086 3.29018021 0.26635742
v -1.0023613 3.06742239 0.43914413
v -0.92345047 3.05785513 0.43870544
v -0.96827316 2.76610374 0.42048264
v -1.00399971 3.04800892 0.39020538
v -0.92560768 3.0389955 0.39096832
v -0.9616394 3.34036326 0.21981049
v -0.89706802 3.35158658 0.25191498
v -0.9039917 3.32430124 0.27537155
v -0.96856689 3.31308103 0.24326706
v -1.08055878 3.55435061 0.34238434
v -0.98796082 3.57606649 0.39603806
v -1.17333984 3.65480137 0.61863708
v -1.09168243 3.51495695 0.37942505
v -0.99946404 3.53748965 0.43178558
v -0.15384293 1.84942329 2.13157272
v -0.1116333 1.85195661 2.12241745
v -0.11370087 1.82178617 2.10451126
v -0.15591431 1.81925297 2.11365891
v -0.11510849 1.78577232 2.3441658
v -0.05071831 1.78546643 2.33592987
v -0.04200554 1.57318461 2.46865463
v -0.11756516 1.73934889 2.31884384
v -0.05357933 1.74019289 2.31128693
v -0.2081089 3.06403804 1.83391571
v -0.1704731 3.0798161 1.80011749
v -0.17346954 3.04965353 1.78269196
v -0.21111107 3.03387666 1.81647873
v -0.02638245 2.99897528 2.02687073
v 0.03561401 3.01848722 1.98110199
v 0.18683052 2.79840159 2.10821533
v -0.028965 2.95265484 2.00190735
v 0.03264236 2.97317481 1.95707703
v -0.15246964 3.07935524 1.81740952
v -0.17004395 3.07388544 1.74677658
v -0.18756294 3.0424192 1.75357819
v -0.16996765 3.04788661 1.82419586
v 0.10529709 2.99556875 1.77872849
v 0.08587456 2.98253489 1.67206573
v 0.27040863 2.74743462 1.70011139
v 0.08094406 2.94692659 1.78815079
v 0.06225967 2.93518758 1.68200684
v -0.47169685 3.32784939 1.79922867
v -0.45882416 3.335572 1.85003281
v -0.46217537 3.30129814 1.85609055
v -0.47504425 3.29357576 1.80528259
v -0.72718811 3.41625834 1.836586
v -0.71621323 3.42826939 1.91439056
v -0.9975071 3.34754682 1.95705414
v -0.7345562 3.36505079 1.84653854
v -0.72346878 3.37823772 1.92354584
v -0.47312355 3.33979678 1.80455017
v -0.42353249 3.33157039 1.85745621
v -0.42076302 3.29594636 1.84934235
v -0.47035599 3.30417252 1.7964325
v -0.68477631 3.3438015 1.9781723
v -0.61691475 3.32912421 2.06245804
v -0.84188271 3.16407633 2.17317581
v -0.68214798 3.2896328 1.96783829
v -0.61483765 3.27639627 2.0517807
v -0.46577263 3.30671883 1.80452347
v -0.4776268 3.31153846 1.85593796
v -0.46955681 3.28548789 1.86024094
v -0.4576931 3.28066826 1.80882645
v -0.72373581 3.26197481 1.73544312
v -0.7491436 3.26598239 1.8106575
v -0.96545029 3.09175682 1.73670197
v -0.7139473 3.22200465 1.741745
v -0.73941422 3.22697163 1.81627274
v -0.42718315 3.34639668 1.83310318
v -0.4783783 3.34909368 1.85563278
v -0.472332 3.30804801 1.87427902
v -0.42113495 3.3053515 1.85176086
v -0.53302574 3.30553794 1.56461334
v -0.61270714 3.30496311 1.59125519
v -0.6645546 3.04739118 1.40130997
v -0.52521133 3.24265766 1.59066391
v -0.60450935 3.24364018 1.61648178
v -0.41968918 3.3361969 1.86769867
v -0.40534592 3.34357762 1.81723404
v -0.42559242 3.31676197 1.80755234
v -0.43993568 3.30938292 1.85802841
v -0.18583107 3.20986414 1.92970276
v -0.15831566 3.21507215 1.8553009
v -0.02679062 2.95326352 1.8955307
v -0.21432304 3.16799664 1.91517258
v -0.186306 3.17420673 1.84165955
v -0.43673325 3.3540566 1.88136292
v -0.48877335 3.35350227 1.83018875
v -0.48888779 3.31686115 1.83071136
v -0.43684387 3.31741619 1.88187408
v -0.2363472 3.40931749 1.70318222
v -0.30805016 3.40770078 1.62083817
v -0.08043289 3.28591204 1.467659
v -0.23506546 3.35414004 1.70191193
v -0.3062973 3.35389566 1.62018204
v -0.43661499 3.32513714 1.85765457
v -0.40877151 3.31282449 1.81429291
v -0.43086052 3.30004883 1.80374146
v -0.45869827 3.31236124 1.8470993
v -0.33107758 3.12030125 1.99987793
v -0.28751564 3.09446073 1.93862152
v -0.30142593 2.83088708 2.05241013
v -0.36345482 3.09888911 1.98482895
v -0.31939507 3.07376313 1.924366
v -0.47200012 3.3387835 1.83679962
v -0.42020607 3.32137012 1.82460022
v -0.42945099 3.28087187 1.84313202
v -0.48125458 3.29828501 1.85533142
v -0.37989044 3.50150228 2.06047058
v -0.29991913 3.47773576 2.05055237
v -0.27665329 3.45420766 2.37306213
v -0.39268494 3.44132376 2.09062195
v -0.31297112 3.41921043 2.0800209
v -0.42560005 3.32256007 1.84877777
v -0.46217537 3.3261745 1.80653381
v -0.49628067 3.317348 1.83531952
v -0.45969772 3.31372952 1.87755585
v -0.32219887 3.06672883 1.75485229
v -0.37646675 3.06321073 1.69080734
v -0.42995262 2.75227237 1.76541901
v -0.37345505 3.05090332 1.79747772
v -0.42607307 3.04780841 1.73284149
v -0.5161438 3.30152106 1.85564804
v -0.47325706 3.30061293 1.88674164
v -0.45399857 3.28926682 1.85984421
v -0.49689293 3.29018021 1.8287468
v -0.6119175 3.06742239 1.95820618
v -0.54928589 3.05785513 2.00620651
v -0.57353592 2.76610374 1.96434784
v -0.58321571 3.04800892 1.9185257
v -0.52173615 3.0389955 1.96717072
v -0.44532585 3.34036326 1.80982971
v -0.41397095 3.35158658 1.87477112
v -0.43382263 3.32430124 1.88906479
v -0.46517181 3.31308103 1.82412338
v -0.61441231 3.55435061 1.83381653
v -0.57411957 3.57606649 1.93296432
v -0.85702133 3.65480137 1.99526596
v -0.64590263 3.51495695 1.85626984
v -0.60511971 3.53748965 1.95415878
v -0.78357697 1.84942329 -0.64513397
v -0.75317192 1.85195661 -0.67580414
v -0.7646637 1.82178617 -0.68970108
v -0.79507637 1.81925297 -0.6590271
v -0.63527679 1.78577232 -0.48796844
v -0.58576584 1.78546643 -0.529953
v -0.50615311 1.57318461 -0.42341232
v -0.65113258 1.73934889 -0.50786972
v -0.6015892 1.74019289 -0.54906845
v -0.8254509 3.06403804 -0.7325325
v -0.77783203 3.0798161 -0.71548462
v -0.76391983 3.04965353 -0.72641373
v -0.8115387 3.03387666 -0.74345398
v -0.90882492 2.99897528 -0.4809227
v -0.83908463 3.01848722 -0.44813538
v -0.87903214 2.79840159 -0.25466919
v -0.88808823 2.95265484 -0.49506378
v -0.81935501 2.97317481 -0.46217346
v -0.78448105 3.07935524 -0.69142914
v -0.73070145 3.07388544 -0.74046326
v -0.74500656 3.0424192 -0.75263596
v -0.79877663 3.04788661 -0.70360184
v -0.62791824 2.99556875 -0.48303986
v -0.54330254 2.98253489 -0.55083466
v -0.48025894 2.74743462 -0.37514496
v -0.64777946 2.94692659 -0.49998474
v -0.5632782 2.93518758 -0.56687927
v -0.92024231 3.32784939 -0.98091888
v -0.95882416 3.335572 -0.94543457
v -0.96574974 3.30129814 -0.94550323
v -0.92716026 3.29357576 -0.98098373
v -1.07456398 3.41625834 -1.18793488
v -1.13780403 3.42826939 -1.1413002
v -1.30906105 3.34754682 -1.3684845
v -1.08682632 3.36505079 -1.18968582
v -1.14930534 3.37823772 -1.14332581
v -0.92560959 3.33979678 -0.97964096
v -0.94857979 3.33157039 -0.91085815
v -0.94011688 3.29594636 -0.91228485
v -0.91714096 3.30417252 -0.98107529
v -1.17897034 3.3438015 -1.08330917
v -1.22085953 3.32912421 -0.9835434
v -1.42521667 3.16407633 -1.12882996
v -1.1686306 3.2896328 -1.08591461
v -1.21048546 3.27639627 -0.9867897
v -0.92208862 3.30671883 -0.97318649
v -0.9729557 3.31153846 -0.95917511
v -0.97290611 3.28548789 -0.95002747
v -0.92203522 3.28066826 -0.96403503
v -0.98394966 3.26197481 -1.23297882
v -1.06219482 3.26598239 -1.21957397
v -1.09995842 3.09175682 -1.44503784
v -0.98483658 3.22200465 -1.22137451
v -1.06251144 3.22697163 -1.20835114
v -0.92888832 3.34639668 -0.92565155
v -0.97304535 3.34909368 -0.95998764
v -0.9865799 3.30804801 -0.94579697
v -0.94242096 3.3053515 -0.91146851
v -0.74299049 3.30553794 -1.14640427
v -0.80430794 3.30496311 -1.20384598
v -0.66185188 3.04739118 -1.33975601
v -0.76219749 3.24265766 -1.12714386
v -0.82261276 3.24364018 -1.18463516
v -0.95576096 3.3361969 -0.90261078
v -0.90454102 3.34357762 -0.91398239
v -0.90565109 3.31676197 -0.93639374
v -0.95687485 3.30938292 -0.92502594
v -0.89913177 3.20986414 -0.66740036
v -0.8205986 3.21507215 -0.67855453
v -0.79346848 2.95326352 -0.54372025
v -0.89990044 3.16799664 -0.69936752
v -0.82190514 3.17420673 -0.70966721
v -0.97587967 3.3540566 -0.91111755
v -0.95560455 3.35350227 -0.98122025
v -0.95611191 3.31686115 -0.98108292
v -0.97639084 3.31741619 -0.91096878
v -0.72386169 3.40931749 -0.81951904
v -0.68551064 3.40770078 -0.92174911
v -0.44253349 3.28591204 -0.79432297
v -0.72213554 3.35414004 -0.81900024
v -0.68409348 3.35389566 -0.92052078
v -0.95497131 3.32513714 -0.92227936
v -0.90358353 3.31282449 -0.918396
v -0.90480042 3.30004883 -0.94285202
v -0.95618439 3.31236124 -0.94672394
v -1.0299263 3.12030125 -0.76181793
v -0.95531845 3.09446073 -0.75261307
v -1.06205177 2.83088708 -0.71075439
v -1.03207779 3.09888911 -0.79745865
v -0.95793724 3.07376313 -0.78743744
v -0.95343971 3.3387835 -0.96332932
v -0.9180851 3.32137012 -0.92355728
v -0.93878555 3.28087187 -0.92287827
v -0.97414589 3.29828501 -0.96265793
v -1.10643768 3.50150228 -0.7759552
v -1.05969238 3.47773576 -0.7103157
v -1.33236885 3.45420766 -0.53652954
v -1.1390419 3.44132376 -0.77287674
v -1.09182358 3.41921043 -0.70778656
v -0.94192314 3.32256007 -0.91680145
v -0.92214584 3.3261745 -0.96906662
v -0.96367836 3.317348 -0.98539352
v -0.98344803 3.31372952 -0.93312073
v -0.81013489 3.06672883 -0.87049103
v -0.77959442 3.06321073 -0.94867706
v -0.87065506 2.75227237 -0.96026611
v -0.87200165 3.05090332 -0.89531708
v -0.84014893 3.04780841 -0.97234344
v -0.99101257 3.30152106 -0.99320221
v -0.9979744 3.30061293 -0.94068909
v -0.96515846 3.28926682 -0.93653107
v -0.95819855 3.29018021 -0.98905182
v -1.12677002 3.06742239 -1.0287056
v -1.13922882 3.05785513 -0.95078659
v -1.11392403 2.76610374 -0.99201965
v -1.07821274 3.04800892 -1.02231598
v -1.09178162 3.0389955 -0.94509888
v -0.91703415 3.34036326 -0.95267487
v -0.95926285 3.35158658 -0.89422226
v -0.98127365 3.32430124 -0.90488815
v -0.93904686 3.31308103 -0.96334076
v -1.01851845 3.55435061 -1.09003067
v -1.08659363 3.57606649 -1.00744629
v -1.27589417 3.65480137 -1.22672653
v -1.05324554 3.51495695 -1.10705948
v -1.11997986 3.53748965 -1.02464676
v 1.54538155 1.84942329 -1.45733643
v 1.51346779 1.85195661 -1.48643494
v 1.50006676 1.82178617 -1.47437286
v 1.53198242 1.81925297 -1.44526291
v 1.69623184 1.78577232 -1.61205292
v 1.65221786 1.78546643 -1.65977859
v 1.75535583 1.57318461 -1.74375534
v 1.67700958 1.73934889 -1.59538269
v 1.63378525 1.74019289 -1.6431694
v 1.34235382 3.06403804 -1.22738647
v 1.35739708 3.0798161 -1.27568054
v 1.34590149 3.04965353 -1.28911972
v 1.33085251 3.03387666 -1.24082947
v 1.59721756 2.99897528 -1.15457153
v 1.62706566 3.01848722 -1.22561646
v 1.82202911 2.79840159 -1.19376755
v 1.58222198 2.95265484 -1.17470169
v 1.61222076 2.97317481 -1.24474716
v 1.38171196 3.07935524 -1.27003479
v 1.33047485 3.07388544 -1.32172775
v 1.31890869 3.0424192 -1.30692673
v 1.37014771 3.04788661 -1.25524902
v 1.5833931 2.99556875 -1.43514633
v 1.51213455 2.98253489 -1.51686096
v 1.68503952 2.74743462 -1.58717728
v 1.56728554 2.94692659 -1.41459656
v 1.49692917 2.93518758 -1.49623871
v 1.09812927 3.32784939 -1.1223259
v 1.13518715 3.335572 -1.0852623
v 1.13540077 3.30129814 -1.07833862
v 1.09835243 3.29357576 -1.11541748
v 0.89772034 3.41625834 -0.95951843
v 0.94695663 3.42826939 -0.89827728
v 0.72709846 3.34754682 -0.71769714
v 0.89648056 3.36505079 -0.94718933
v 0.94540787 3.37823772 -0.88669968
v 1.09962845 3.33979678 -1.11701965
v 1.16930771 3.33157039 -1.09693146
v 1.16752625 3.29594636 -1.10533524
v 1.09784698 3.30417252 -1.12541962
v 1.00660133 3.3438015 -0.85956192
v 1.10803032 3.32912421 -0.82186508
v 0.97138977 3.16407633 -0.61162949
v 1.00356865 3.2896328 -0.86978149
v 1.10435677 3.27639627 -0.83209229
v 1.10593033 3.30671883 -1.12080765
v 1.12204742 3.31153846 -1.0705719
v 1.13118744 3.28548789 -1.07099915
v 1.11507416 3.28066826 -1.12123871
v 0.84893608 3.26197481 -1.04817963
v 0.86559105 3.26598239 -0.97055435
v 0.64189911 3.09175682 -0.92343521
v 0.86057281 3.22200465 -1.04777908
v 0.87682343 3.22697163 -0.97070312
v 1.1537056 3.34639668 -1.1159935
v 1.12124634 3.34909368 -1.07044983
v 1.13598251 3.30804801 -1.05751038
v 1.16844559 3.3053515 -1.10306168
v 0.92539406 3.30553794 -1.29253387
v 0.87056732 3.30496311 -1.22887421
v 0.72883606 3.04739118 -1.36553955
v 0.9454422 3.24265766 -1.27414703
v 0.89051628 3.24364018 -1.21139145
v 1.17784309 3.3361969 -1.09010696
v 1.16435242 3.34357762 -1.14080811
v 1.14200401 3.31676197 -1.13875961
v 1.15550232 3.30938292 -1.08805847
v 1.41049576 3.20986414 -1.15649033
v 1.3960743 3.21507215 -1.23448944
v 1.52966499 2.95326352 -1.26721573
v 1.378582 3.16799664 -1.15438843
v 1.36504745 3.17420673 -1.23188782
v 1.170187 3.3540566 -1.06964874
v 1.09929657 3.35350227 -1.08698654
v 1.09946442 3.31686115 -1.086483
v 1.17036057 3.31741619 -1.06914902
v 1.25120354 3.40931749 -1.32526398
v 1.14746475 3.40770078 -1.35932159
v 1.26465988 3.28591204 -1.60739899
v 1.25165176 3.35414004 -1.32700729
v 1.14863396 3.35389566 -1.36078644
v 1.15816498 3.32513714 -1.09007645
v 1.15990067 3.31282449 -1.14158249
v 1.13552475 3.30004883 -1.13934326
v 1.13379097 3.31236124 -1.08784485
v 1.3216095 3.12030125 -1.02187347
v 1.32769394 3.09446073 -1.09679413
v 1.3739624 2.83088708 -0.9919014
v 1.28609085 3.09888911 -1.01823425
v 1.2930088 3.07376313 -1.09272766
v 1.1170826 3.3387835 -1.08989334
v 1.15534782 3.32137012 -1.12687683
v 1.15688705 3.28087187 -1.10621643
v 1.11861992 3.29828501 -1.06923294
v 1.31066895 3.50150228 -0.94483566
v 1.37430573 3.47773576 -0.99427795
v 1.5593071 3.45420766 -0.72907639
v 1.31510353 3.44132376 -0.91239166
v 1.37817001 3.41921043 -0.96228027
v 1.16309166 3.32256007 -1.10334015
v 1.11004829 3.3261745 -1.12091827
v 1.09547043 3.317348 -1.07874298
v 1.14851379 3.31372952 -1.0611763
v 1.20387268 3.06672883 -1.23694992
v 1.1244812 3.06321073 -1.26420212
v 1.1166954 2.75227237 -1.17273712
v 1.18164253 3.05090332 -1.17409515
v 1.10335922 3.04780841 -1.20271301
v 1.08880615 3.30152106 -1.05110931
v 1.14156342 3.30061293 -1.04634476
v 1.14434433 3.28926682 -1.07930374
v 1.09158325 3.29018021 -1.08407211
v 1.05898857 3.06742239 -0.91399384
v 1.13736153 3.05785513 -0.90479279
v 1.09510231 2.76610374 -0.92835236
v 1.06334496 3.04800892 -0.96277618
v 1.14105988 3.0389955 -0.95243454
v 1.12620926 3.34036326 -1.1267128
v 1.18637466 3.35158658 -1.08695984
v 1.17663574 3.32430124 -1.06452179
v 1.11646652 3.31308103 -1.10427094
v 0.99320602 3.55435061 -1.01959229
v 1.07855034 3.57606649 -0.9550209
v 0.86735916 3.65480137 -0.7567482
v 0.97763443 3.51495695 -0.98418808
v 1.06276321 3.53748965 -0.92094421
v -0.99784851 1.33490694 -1.50121307
v -1.03412247 1.33744001 -1.4777832
v -1.02587891 1.30726969 -1.46174622
v -0.98959541 1.30473673 -1.48518372
v -1.10899162 1.27125597 -1.68653107
v -1.16635132 1.27095008 -1.65614319
v -1.22126389 1.05866826 -1.77728271
v -1.09777069 1.22483265 -1.66369629
v -1.15499496 1.22567654 -1.63409042
v -0.97569466 2.54952168 -1.40687943
v -1.01854706 2.56529951 -1.43373871
v -1.03447723 2.53513741 -1.42604828
v -0.99162483 2.51936007 -1.399189
v -0.84029198 2.48445916 -1.63475037
v -0.90138435 2.50397086 -1.68172455
v -0.82086945 2.283885 -1.86212158
v -0.8635807 2.43813872 -1.62538147
v -0.92366028 2.45865822 -1.67224503
v -1.00689507 2.56483865 -1.45581055
v -1.06993866 2.55936885 -1.41944504
v -1.05857849 2.5279026 -1.40448761
v -0.99554062 2.53337026 -1.44085693
v -1.11512184 2.48105264 -1.69292831
v -1.21230698 2.46801829 -1.64486313
v -1.23620224 2.23291826 -1.82997131
v -1.0993557 2.43241 -1.67211533
v -1.19623566 2.42067099 -1.62490082
v 0.23302841 3.32784939 -1.29957199
v 0.18151855 3.335572 -1.3092804
v 0.17743683 3.30129814 -1.31487656
v 0.22894287 3.29357576 -1.30516052
v 0.30669403 3.41625834 -1.54705048
v 0.231493 3.42826939 -1.56985474
v 0.31119919 3.34754682 -1.84296799
v 0.30076599 3.36505079 -1.55792236
v 0.22624207 3.37823772 -1.58028412
v 0.22879791 3.33979678 -1.30310822
v 0.15992737 3.33157039 -1.28039551
v 0.16613579 3.29594636 -1.27446747
v 0.23500443 3.30417252 -1.29717636
v 0.16040421 3.3438015 -1.56817627
v 0.05538559 3.32912421 -1.54210663
v 0.04964828 3.16407633 -1.79277039
v 0.16867256 3.2896328 -1.56145096
v 0.06419182 3.27639627 -1.53572845
v 0.22572708 3.30671883 -1.29642868
v 0.18408203 3.31153846 -1.3288269
v 0.17677879 3.28548789 -1.32331467
v 0.21842194 3.28066826 -1.29091263
v 0.39698029 3.26197481 -1.5013504
v 0.33944702 3.26598239 -1.55605316
v 0.49758911 3.09175682 -1.72113037
v 0.387146 3.22200465 -1.49511719
v 0.33025932 3.22697163 -1.54959106
v 0.18355751 3.34639668 -1.2734642
v 0.18467522 3.34909368 -1.32938385
v 0.16521072 3.30804801 -1.33174133
v 0.16409683 3.3053515 -1.2758255
v 0.47165871 3.30553794 -1.25644302
v 0.48103333 3.30496311 -1.33993912
v 0.67515373 3.04739118 -1.30701828
v 0.44473648 3.24265766 -1.26032639
v 0.45469475 3.24364018 -1.3431282
v 0.14902496 3.3361969 -1.2812233
v 0.18876266 3.34357762 -1.24696732
v 0.20606232 3.31676197 -1.2612648
v 0.16632462 3.30938292 -1.29551697
v -0.00565338 3.20986414 -1.09518433
v 0.0502491 3.21507215 -1.03890991
v -0.04160881 2.95326352 -0.93654251
v 0.01951599 3.16799664 -1.11492157
v 0.07440567 3.17420673 -1.05855942
v 0.14381027 3.3540566 -1.30243301
v 0.21212769 3.35350227 -1.32810593
v 0.21170616 3.31686115 -1.32841492
v 0.14338684 3.31741619 -1.30274963
v 0.22107697 3.40931749 -1.04566193
v 0.32595444 3.40770078 -1.07603836
v 0.36909294 3.28591204 -0.80509567
v 0.22169495 3.35414004 -1.04396439
v 0.32581329 3.35389566 -1.07417297
v 0.16526031 3.32513714 -1.29234695
v 0.19287491 3.31282449 -1.2488327
v 0.21174431 3.30004883 -1.264431
v 0.18412971 3.31236124 -1.30793381
v -0.00817299 3.12030125 -1.2564888
v 0.02905464 3.09446073 -1.19117737
v -0.06830978 2.83088708 -1.25169754
v 0.019104 3.09888911 -1.27952194
v 0.05540466 3.07376313 -1.21409988
v 0.19908142 3.3387835 -1.31567001
v 0.18834114 3.32137012 -1.26354218
v 0.17542076 3.28087187 -1.27973557
v 0.18616104 3.29828501 -1.33185959
v -0.04259109 3.50150228 -1.32626724
v -0.06725121 3.47773576 -1.24954987
v -0.36959457 3.45420766 -1.36420059
v -0.0645504 3.44132376 -1.35056686
v -0.08848953 3.41921043 -1.27378845
v 0.16867447 3.32256007 -1.27861404
v 0.22238922 3.3261745 -1.29401398
v 0.21064186 3.317348 -1.33706665
v 0.15692902 3.31372952 -1.32165909
v 0.21035385 3.06672883 -1.14528656
v 0.29128075 3.06321073 -1.16756058
v 0.24612427 2.75227237 -1.24747849
v 0.19326401 3.05090332 -1.20972443
v 0.27404404 3.04780841 -1.2302475
v 0.20055771 3.30152106 -1.36363983
v 0.1543045 3.30061293 -1.33782196
v 0.17059517 3.28926682 -1.30903625
v 0.2168541 3.29018021 -1.33485794
v 0.14784431 3.06742239 -1.49368286
v 0.07793808 3.05785513 -1.45708847
v 0.12611961 2.76610374 -1.46146011
v 0.17175865 3.04800892 -1.45094681
v 0.10175133 3.0389955 -1.41566086
v 0.21231079 3.34036326 -1.28011322
v 0.14020538 3.35158658 -1.27901459
v 0.13559341 3.32430124 -1.30303192
v 0.20769882 3.31308103 -1.30413818
v 0.26172447 3.55435061 -1.44358826
v 0.15482903 3.57606649 -1.44877243
v 0.21739578 3.65480137 -1.73161316
v 0.25461388 3.51495695 -1.48160553
v 0.14864922 3.53748965 -1.48582077
v 1.26856613 2.22808003 1.47835159
v 1.2966671 2.23061299 1.44555664
v 1.28419495 2.20044255 1.43253326
v 1.25609207 2.19790936 1.46533585
v 1.4278698 2.16442895 1.62434769
v 1.47420883 2.16412306 1.57888412
v 1.56134033 1.95184124 1.67938232
v 1.41061783 2.11800551 1.60565567
v 1.45704079 2.11884952 1.56097794
v 1.15269089 3.44269466 1.34275436
v 1.20141983 3.45847249 1.35630798
v 1.21450043 3.42830992 1.3443985
v 1.16577339 3.41253304 1.33084869
v 1.08778381 3.37763214 1.59974289
v 1.15971756 3.39714384 1.62738419
v 1.1339035 3.17705798 1.82324219
v 1.10743713 3.33131146 1.58413696
v 1.17837524 3.3518312 1.61195374
v 1.19653511 3.45801163 1.38077545
v 1.24661255 3.45254183 1.3279686
v 1.23146057 3.42107558 1.31686401
v 1.18139267 3.426543 1.36967087
v 1.36779785 3.37422538 1.57725906
v 1.44727516 3.36119127 1.50351334
v 1.52288818 3.126091 1.67415619
v 1.34675407 3.32558298 1.56180191
v 1.42618179 3.31384397 1.48894882
v 1.04013824 3.70650601 1.10189056
v 1.00422478 3.71422839 1.1400795
v 0.99732208 3.67995477 1.14050674
v 1.03323364 3.67223215 1.10232925
v 0.87120819 3.79491472 0.90661621
v 0.81151962 3.80692577 0.9577179
v 0.62423325 3.72620344 0.7435379
v 0.85885048 3.74370694 0.90575027
v 0.79989624 3.75689411 0.95652771
v 1.03487778 3.71845341 1.10355377
v 1.01695251 3.71022677 1.17382431
v 1.02529144 3.67460275 1.17178345
v 1.04322052 3.6828289 1.10151291
v 0.77466011 3.72245812 1.0185318
v 0.74011803 3.70778084 1.12107468
v 0.52576065 3.54273272 0.99099731
v 0.78478622 3.66828918 1.0151825
v 0.7502327 3.6550529 1.11708832
v 1.03885078 3.68537521 1.10974121
v 0.98913002 3.69019508 1.12740326
v 0.98984528 3.66414452 1.13652039
v 1.03956985 3.65932465 1.11886597
v 0.95832062 3.6406312 0.8551178
v 0.88125038 3.64463878 0.87414932
v 0.82723808 3.47041345 0.65202332
v 0.95827293 3.60066128 0.86675262
v 0.88175011 3.60562825 0.88538361
v 1.03552055 3.72505307 1.15763855
v 0.9889946 3.72775006 1.12660217
v 0.97652054 3.6867044 1.14173508
v 1.0230484 3.68400812 1.17276764
v 1.20492172 3.68419409 0.92398453
v 1.13959885 3.6836195 0.87114334
v 1.27182007 3.42604756 0.72526169
v 1.18715668 3.62131429 0.94459152
v 1.12273216 3.62229681 0.89163208
v 1.01038933 3.71485353 1.18257141
v 1.06064796 3.72223425 1.16751099
v 1.05791664 3.6954186 1.14523697
v 1.00765228 3.68803978 1.16028976
v 1.08392715 3.58852077 1.41305923
v 1.1614418 3.59372878 1.3962326
v 1.19827843 3.33191991 1.52874374
v 1.08084679 3.54665303 1.38122559
v 1.15788651 3.55286312 1.36529922
v 0.98970795 3.73271322 1.17554474
v 1.00484467 3.73215866 1.10415268
v 1.00434875 3.69551754 1.10433197
v 0.98921013 3.69607258 1.17573166
v 1.24769783 3.78797412 1.24862671
v 1.27853966 3.78635716 1.14388275
v 1.53011513 3.66456842 1.25336075
v 1.24946594 3.73279643 1.24902344
v 1.28003883 3.73255229 1.14500046
v 1.00975227 3.70379376 1.1628952
v 1.06128311 3.69148088 1.16303635
v 1.05829811 3.67870522 1.13874817
v 1.00676918 3.69101763 1.13860321
v 0.94662857 3.49895811 1.32836533
v 1.02170372 3.47311711 1.33214569
v 0.918293 3.2095437 1.38162231
v 0.94189644 3.47754574 1.29298401
v 1.01657104 3.45241976 1.29759979
v 1.00829697 3.71743989 1.12184143
v 1.04644775 3.70002651 1.15894318
v 1.02584648 3.65952826 1.16112518
v 0.98769951 3.67694163 1.12401199
v 0.86929321 3.88015866 1.3198204
v 0.92067719 3.85639238 1.38189316
v 0.66132164 3.83286428 1.57500458
v 0.83699799 3.81998014 1.3252449
v 0.88881493 3.79786706 1.38674545
v 1.02315903 3.7012167 1.1674118
v 1.03909111 3.70483088 1.11385345
v 0.99648666 3.69600415 1.10058594
v 0.9805603 3.69238567 1.15414047
v 1.1579628 3.44538522 1.20404434
v 1.18274879 3.44186735 1.12384415
v 1.09109116 3.13092923 1.11889648
v 1.09445572 3.42955971 1.18376541
v 1.12063789 3.42646503 1.10463715
v 0.96866035 3.68017745 1.09477997
v 0.96552467 3.67926955 1.14765167
v 0.99855804 3.66792369 1.14941406
v 1.00168991 3.66883659 1.09653091
v 0.83068657 3.44607878 1.06920624
v 0.82390785 3.43651175 1.14783478
v 0.84615898 3.14476037 1.10486603
v 0.87957954 3.42666554 1.07205963
v 0.87164688 3.41765213 1.15005112
v 1.04537964 3.71901989 1.12982559
v 1.00750351 3.73024297 1.19119263
v 0.98477554 3.70295763 1.18215179
v 1.02265739 3.69173741 1.12078094
v 0.93420029 3.93300724 1.00019836
v 0.87229919 3.95472312 1.08749008
v 0.66759491 4.03345823 0.88253021
v 0.8983345 3.8936131 0.9857254
v 0.8377533 3.91614604 1.07276535
v -1.75774765 2.56326771 -0.84371948
v -1.79226112 2.56326771 -0.84694672
v -1.79207611 2.60419464 -0.84645844
v -1.75810242 2.60419464 -0.84328842
v -1.78814316 3.47225952 -0.83628082
v -1.80163193 3.47225952 -0.81981659
v -1.79513931 3.47225952 -0.79811096
v -1.76557922 3.47225952 -0.8341713
v -1.8026123 2.60419464 -0.78899384
v -1.81239319 2.60419464 -0.82168961
v -1.81290436 2.56326771 -0.82178116
v -1.80296707 2.56326771 -0.78856277
v -1.74832916 2.60419464 -0.81060028
v -1.76864624 2.60419464 -0.78581619
v -1.76845551 2.56326771 -0.78533936
v -1.74781609 2.56326771 -0.81050873
v -1.77257919 3.47225952 -0.79600906
v -1.75908852 3.47225952 -0.81246185
v -1.75501251 1.69520259 -0.84705734
v -1.74388123 1.69520259 -0.80983353
v -1.74017525 0.86806488 -0.80918121
v -1.75243759 0.86806488 -0.85019684
v -1.7950592 0.86806488 -0.85417938
v -1.79370499 1.69520259 -0.85067368
v -1.81684113 1.69520259 -0.82245255
v -1.82055092 0.86806488 -0.82310104
v -1.80570602 1.69520259 -0.78522491
v -1.80827904 0.86806488 -0.7820816
v -1.76565933 0.86806488 -0.77810287
v -1.76702118 1.69520259 -0.78160477
v -1.75243759 0.86806488 -0.85019684
v -1.74017525 0.86806488 -0.80918121
v -1.74002266 0.82713765 -0.80915833
v -1.75233269 0.82713765 -0.85033035
v -1.79511642 0.82713765 -0.85432434
v -1.7950592 0.86806488 -0.85417938
v -1.82055092 0.86806488 -0.82310104
v -1.82069969 0.82713765 -0.82312393
v -1.80827904 0.86806488 -0.7820816
v -1.80838585 0.82713765 -0.7819519
v -1.76560593 0.82713765 -0.77795792
v -1.76565933 0.86806488 -0.77810287
v -1.81239319 2.60419464 -0.82168961
v -1.8026123 2.60419464 -0.78899384
v -1.79207611 2.60419464 -0.84645844
v -1.75810242 2.60419464 -0.84328842
v -1.74832916 2.60419464 -0.81060028
v -1.76864624 2.60419464 -0.78581619
v -1.75233269 0.82713765 -0.85033035
v -1.74002266 0.82713765 -0.80915833
v -1.73202515 0 -0.8077774
v -1.74677658 0 -0.85710144
v -1.79804039 0 -0.86190033
v -1.79511642 0.82713765 -0.85432434
v -1.82069969 0.82713765 -0.82312393
v -1.8286972 0 -0.82450867
v -1.81393814 0 -0.775177
v -1.80838585 0.82713765 -0.7819519
v -1.76268005 0 -0.77038956
v -1.76560593 0.82713765 -0.77795792
v -1.80557251 1.73612976 -0.78538895
v -1.81665421 1.73612976 -0.82241821
v -1.81684113 1.69520259 -0.82245255
v -1.80570602 1.69520259 -0.78522491
v -1.79363441 1.73612976 -0.8504982
v -1.79370499 1.69520259 -0.85067368
v -1.75501251 1.69520259 -0.84705734
v -1.75514412 1.73612976 -0.84689331
v -1.74406815 1.73612976 -0.80986404
v -1.74388123 1.69520259 -0.80983353
v -1.76708603 1.73612976 -0.78178787
v -1.76702118 1.69520259 -0.78160477
v -1.75774765 2.56326771 -0.84371948
v -1.74781609 2.56326771 -0.81050873
v -1.74406815 1.73612976 -0.80986404
v -1.75514412 1.73612976 -0.84689331
v -1.79363441 1.73612976 -0.8504982
v -1.79226112 2.56326771 -0.84694672
v -1.81290436 2.56326771 -0.82178116
v -1.81665421 1.73612976 -0.82241821
v -1.80296707 2.56326771 -0.78856277
v -1.80557251 1.73612976 -0.78538895
v -1.76708603 1.73612976 -0.78178787
v -1.76845551 2.56326771 -0.78533936
v -1.79404831 1.71999586 -0.84362411
v -1.80809975 1.72053719 -0.80872345
v -1.79860687 1.69179904 -0.80445099
v -1.78454971 1.69125807 -0.83935547
v -1.97128105 1.70113182 -0.92493057
v -1.99731445 1.69935679 -0.87487411
v -2.12386703 1.54035974 -0.95337296
v -1.958601 1.65728498 -0.91892242
v -1.98475838 1.65660584 -0.86936188
v -1.76194 2.57050967 -0.77731323
v -1.75960922 2.58423066 -0.82123566
v -1.77218246 2.55800033 -0.83010101
v -1.77451324 2.54428005 -0.78617859
v -1.53153038 2.51392889 -0.77058792
v -1.52160645 2.5308969 -0.83686829
v -1.35046387 2.33950233 -0.85181808
v -1.54848671 2.47364688 -0.78433228
v -1.53822136 2.49149156 -0.84980011
v -1.73791313 2.58383012 -0.82170105
v -1.79217529 2.57907295 -0.85427475
v -1.79875183 2.55170894 -0.83932114
v -1.74448776 2.55646396 -0.80675888
v -1.60333633 2.5109663 -1.00408936
v -1.68091202 2.49963164 -1.05768204
v -1.55026245 2.29517961 -1.15401077
v -1.61250305 2.46866512 -0.98331833
v -1.68930244 2.45845628 -1.03704453
v -1.80973816 3.47103167 -0.86073685
v -1.7705574 3.47774768 -0.83744049
v -1.76889229 3.44794202 -0.83165741
v -1.80806732 3.44122601 -0.8549614
v -1.94373512 3.5479157 -0.68054962
v -1.88910675 3.55836058 -0.63949585
v -2.03569221 3.4881618 -0.4401741
v -1.94213676 3.50338364 -0.66989899
v -1.88793373 3.51485157 -0.6294136
v -1.80733681 3.48142195 -0.85659409
v -1.74430466 3.47426772 -0.85459518
v -1.74760628 3.44328761 -0.86129379
v -1.81064224 3.45044184 -0.86328125
v -1.8305397 3.48490429 -0.61965942
v -1.73697281 3.47214055 -0.60963058
v -1.80706406 3.32860899 -0.40315247
v -1.83528519 3.43779707 -0.62762451
v -1.74226379 3.42628646 -0.61746979
v -1.80283546 3.45265603 -0.86113358
v -1.77848244 3.45684743 -0.82224274
v -1.77087212 3.4341929 -0.82456589
v -1.79522514 3.4300015 -0.86345673
v -2.00385857 3.41374493 -0.74482346
v -1.97317886 3.41722989 -0.68296814
v -2.15160561 3.26571727 -0.59529877
v -1.99396706 3.3789854 -0.74697113
v -1.96374702 3.38330483 -0.68551254
v -1.76153946 3.48716116 -0.8673172
v -1.77913284 3.48950648 -0.82197189
v -1.763937 3.45381188 -0.81423187
v -1.74634552 3.4514668 -0.85957718
v -1.99180603 3.45162892 -0.96715546
v -2.02436829 3.4511292 -0.90174484
v -2.1731205 3.22713494 -0.98654175
v -1.97097015 3.39694595 -0.95594788
v -2.00380898 3.39780068 -0.89128494
v -1.73564339 3.47829127 -0.85067368
v -1.75788689 3.48470998 -0.89050674
v -1.77628326 3.46139002 -0.88399887
v -1.75403786 3.45497298 -0.84415436
v -1.55380058 3.36842752 -0.95650101
v -1.58267593 3.37295675 -1.01914215
v -1.47710419 3.14527845 -1.07536316
v -1.58024597 3.33201814 -0.94788742
v -1.60826874 3.33741832 -1.01029968
v -1.73771095 3.49382281 -0.83179092
v -1.80117416 3.49334073 -0.83120346
v -1.80092621 3.46147609 -0.83081818
v -1.73746109 3.46195889 -0.83140182
v -1.72423744 3.54187942 -1.06458664
v -1.81896973 3.54047346 -1.07105255
v -1.77338219 3.43456149 -1.3052597
v -1.72423363 3.49389482 -1.06615829
v -1.81829834 3.49368262 -1.07254028
v -1.75222397 3.46867323 -0.84642792
v -1.76180458 3.45796537 -0.8902092
v -1.78186989 3.44685555 -0.88309479
v -1.77228737 3.45756292 -0.83932114
v -1.59985161 3.29054046 -0.82398605
v -1.61078453 3.26806855 -0.88843918
v -1.54930305 3.03885531 -0.8099556
v -1.62900734 3.27191973 -0.81330872
v -1.6391449 3.25006914 -0.87757111
v -1.78680801 3.48054028 -0.83746338
v -1.76248741 3.46539712 -0.87683868
v -1.75676346 3.43017864 -0.8597641
v -1.78108788 3.4453218 -0.82038498
v -1.59255409 3.62204671 -0.75671768
v -1.54952431 3.60137844 -0.81202698
v -1.33675003 3.5809176 -0.62818146
v -1.58186531 3.56971335 -0.73031616
v -1.53940773 3.55048275 -0.78588867
v -1.75091743 3.46643209 -0.85865784
v -1.7993927 3.46957517 -0.86210632
v -1.80263519 3.46189952 -0.82343674
v -1.75416183 3.45875263 -0.81999588
v -1.74519157 3.24395204 -0.98000336
v -1.81794548 3.24089241 -0.98595428
v -1.80489731 2.97048926 -0.90719986
v -1.75045013 3.23018956 -0.92227173
v -1.82256317 3.22749805 -0.92960739
v -1.80232811 3.44813585 -0.79871368
v -1.75684166 3.44734597 -0.8060112
v -1.76156235 3.43747926 -0.8343811
v -1.80705261 3.43827319 -0.8270874
v -1.79805756 3.244555 -0.67676163
v -1.73003197 3.2362349 -0.68580627
v -1.77070236 2.98251748 -0.6966095
v -1.8048439 3.22767234 -0.71881104
v -1.73713303 3.21983409 -0.72675323
v -1.78701019 3.48191428 -0.8704567
v -1.7277813 3.49167442 -0.84984589
v -1.73117828 3.46794629 -0.82884598
v -1.79040909 3.45818877 -0.84945297
v -1.87614059 3.6680057 -0.75165558
v -1.79036713 3.6868906 -0.71553421
v -1.92585182 3.75536132 -0.50315094
v -1.88167191 3.63374734 -0.71847916
v -1.79636765 3.65334272 -0.68342972
v 0.63114166 2.18195128 -1.6477623
v 0.64669609 2.18195128 -1.62268448
v 0.6469326 2.21678996 -1.62306213
v 0.63162231 2.21678996 -1.64774704
v 0.65181732 2.95571971 -1.63097
v 0.66991997 2.95571971 -1.63027573
v 0.68130875 2.95571971 -1.64583969
v 0.64164734 2.95571971 -1.64735413
v 0.69133377 2.21678996 -1.64546204
v 0.67418861 2.21678996 -1.62202454
v 0.67438889 2.18195128 -1.62162018
v 0.69181442 2.18195128 -1.64544296
v 0.64877129 2.21678996 -1.67118073
v 0.6760273 2.21678996 -1.6701355
v 0.67625618 2.18195128 -1.67052078
v 0.6485672 2.18195128 -1.67156982
v 0.67113876 2.95571971 -1.66223145
v 0.65303802 2.95571971 -1.66292572
v 0.62747002 1.44302118 -1.64790344
v 0.64700508 1.44302118 -1.67459106
v 0.64553452 0.73892993 -1.67743683
v 0.62401772 0.73892993 -1.64802933
v 0.64323044 0.73892993 -1.61706543
v 0.64491272 1.44302118 -1.61978912
v 0.67595291 1.44302118 -1.61859894
v 0.67742157 0.73892993 -1.61576462
v 0.69548607 1.44302118 -1.645298
v 0.69893456 0.73892993 -1.64516449
v 0.67972946 0.73892993 -1.6761322
v 0.67804718 1.44302118 -1.67340851
v 0.62401772 0.73892993 -1.64802933
v 0.64553452 0.73892993 -1.67743683
v 0.64547348 0.70409113 -1.67755127
v 0.62387276 0.70409113 -1.64803696
v 0.64315796 0.70409113 -1.6169548
v 0.64323044 0.73892993 -1.61706543
v 0.67742157 0.73892993 -1.61576462
v 0.6774826 0.70409113 -1.61564636
v 0.69893456 0.73892993 -1.64516449
v 0.69907951 0.70409113 -1.64516068
v 0.67979813 0.70409113 -1.67624283
v 0.67972946 0.73892993 -1.6761322
v 0.67418861 2.21678996 -1.62202454
v 0.69133377 2.21678996 -1.64546204
v 0.6469326 2.21678996 -1.62306213
v 0.63162231 2.21678996 -1.64774704
v 0.64877129 2.21678996 -1.67118073
v 0.6760273 2.21678996 -1.6701355
v 0.62387276 0.70409113 -1.64803696
v 0.64547348 0.70409113 -1.67755127
v 0.64230156 0 -1.68369293
v 0.61642075 0 -1.64831924
v 0.63952637 0 -1.61108017
v 0.64315796 0.70409113 -1.6169548
v 0.6774826 0.70409113 -1.61564636
v 0.68065453 0 -1.6095047
v 0.70653343 0 -1.64487839
v 0.69907951 0.70409113 -1.64516068
v 0.68342972 0 -1.68212128
v 0.67979813 0.70409113 -1.67624283
v 0.69530869 1.47785985 -1.64530945
v 0.67587662 1.47785985 -1.61875534
v 0.67595291 1.44302118 -1.61859894
v 0.69548607 1.44302118 -1.645298
v 0.64499664 1.47785985 -1.61992645
v 0.64491272 1.44302118 -1.61978912
v 0.62747002 1.44302118 -1.64790344
v 0.62764549 1.47785985 -1.64789963
v 0.64707947 1.47785985 -1.67444611
v 0.64700508 1.44302118 -1.67459106
v 0.67795944 1.47785985 -1.67327118
v 0.67804718 1.44302118 -1.67340851
v 0.63114166 2.18195128 -1.6477623
v 0.6485672 2.18195128 -1.67156982
v 0.64707947 1.47785985 -1.67444611
v 0.62764549 1.47785985 -1.64789963
v 0.64499664 1.47785985 -1.61992645
v 0.64669609 2.18195128 -1.62268448
v 0.67438889 2.18195128 -1.62162018
v 0.67587662 1.47785985 -1.61875534
v 0.69181442 2.18195128 -1.64544296
v 0.69530869 1.47785985 -1.64530945
v 0.67795944 1.47785985 -1.67327118
v 0.67625618 2.18195128 -1.67052078
v 0.65459061 2.19453979 -1.6319046
v 0.67488289 2.19091773 -1.66527557
v 0.66524124 2.17333317 -1.66923141
v 0.64495468 2.17695522 -1.63586044
v 0.8059082 2.12444019 -1.52068329
v 0.84046173 2.11556959 -1.56748199
v 0.93705368 1.9608866 -1.45785904
v 0.79281425 2.09703636 -1.52590942
v 0.82744598 2.08890653 -1.57225418
v 0.65024948 2.2081213 -1.62354279
v 0.69024086 2.20871782 -1.6344223
v 0.68767357 2.17705822 -1.64560318
v 0.64767838 2.17646194 -1.63471985
v 0.69679451 2.18733978 -1.41382599
v 0.75806999 2.18538404 -1.42427826
v 0.77335548 2.01022172 -1.26092529
v 0.69363213 2.13903522 -1.42895889
v 0.75455475 2.13828635 -1.43896484
v 0.67834854 2.18811607 -1.67905426
v 0.64735222 2.19979572 -1.65805435
v 0.64780235 2.17746758 -1.64496994
v 0.67880058 2.16578841 -1.66597366
v 0.5644455 2.13995218 -1.83883286
v 0.5143795 2.15439606 -1.81148911
v 0.4162426 1.99147367 -1.9199028
v 0.56383896 2.10566258 -1.82026291
v 0.5141449 2.12085271 -1.79356384
v 0.63588333 2.19945455 -1.67253876
v 0.64168358 2.19540548 -1.61897659
v 0.65520859 2.17211223 -1.62220383
v 0.64940262 2.17615962 -1.67576218
v 0.4429512 2.13743043 -1.6700592
v 0.4464798 2.12778163 -1.58987808
v 0.31395912 1.95374453 -1.62898254
v 0.46175575 2.10142183 -1.6745224
v 0.46479607 2.09273195 -1.59479904
v 0.69117737 2.19860554 -1.64353943
v 0.66812706 2.20399499 -1.67481232
v 0.65386963 2.19202781 -1.66635895
v 0.67692566 2.18663764 -1.63509369
v 0.80069351 2.0584898 -1.73603058
v 0.76860046 2.06130528 -1.78527069
v 0.82143402 1.85863376 -1.82276154
v 0.77986908 2.03904343 -1.72429657
v 0.74851227 2.04232192 -1.77347946
v 0.64632797 2.95467472 -1.60374069
v 0.64198875 2.96039176 -1.64229584
v 0.64505577 2.93502021 -1.64640427
v 0.64939117 2.92930341 -1.60784149
v 0.83746338 3.0201211 -1.60547638
v 0.83723068 3.0290122 -1.66364288
v 1.04782295 2.9692564 -1.6666832
v 0.84386635 2.9822135 -1.61203384
v 0.84346962 2.99197578 -1.66962814
v 0.64790726 2.96351933 -1.60749817
v 0.61685181 2.95742941 -1.65128326
v 0.61400414 2.93105793 -1.64560699
v 0.6450634 2.93714762 -1.60181427
v 0.82057571 2.96648335 -1.71357727
v 0.77927017 2.95561862 -1.7822113
v 0.95538712 2.83343887 -1.84082031
v 0.8176136 2.92638421 -1.70626068
v 0.77667618 2.91658592 -1.77459335
v 0.64251328 2.93903255 -1.60822296
v 0.65637589 2.94260049 -1.64474106
v 0.65088463 2.923316 -1.64870453
v 0.63702393 2.91974807 -1.61219025
v 0.8247757 2.90591002 -1.53164673
v 0.85096169 2.90887666 -1.58426285
v 1.00217819 2.7799027 -1.50828934
v 0.81823158 2.87632132 -1.53725433
v 0.84438896 2.87999845 -1.58935547
v 0.6170826 2.96840477 -1.63305283
v 0.65689278 2.97040105 -1.6444397
v 0.65433502 2.94001675 -1.65872192
v 0.61452293 2.93802047 -1.64733887
v 0.66774559 2.93815827 -1.42550659
v 0.72886086 2.93773246 -1.43704987
v 0.74781036 2.7470603 -1.29253387
v 0.66463089 2.89161015 -1.44540024
v 0.72538376 2.89233756 -1.45637131
v 0.61506081 2.96085429 -1.65917969
v 0.59947205 2.96631813 -1.62361145
v 0.61334801 2.9464674 -1.61448288
v 0.62893867 2.94100475 -1.65005112
v 0.44976997 2.86733413 -1.72813797
v 0.42211723 2.87118959 -1.67634201
v 0.32969856 2.67738104 -1.71905899
v 0.46920776 2.83634114 -1.71462631
v 0.44127464 2.84093809 -1.66352081
v 0.62893295 2.97407532 -1.66749191
v 0.6619606 2.973665 -1.62473679
v 0.66209793 2.94654059 -1.625103
v 0.62906647 2.94695163 -1.66785431
v 0.46406746 3.01498294 -1.55694199
v 0.50838852 3.01378584 -1.48934174
v 0.32606316 2.92363 -1.39985275
v 0.46300125 2.97413683 -1.55613327
v 0.50703812 2.97395587 -1.48903656
v 0.62646484 2.952667 -1.65011597
v 0.6016922 2.94355202 -1.62110901
v 0.61682892 2.93409443 -1.61115646
v 0.64160347 2.94320917 -1.64016342
v 0.56334686 2.80103374 -1.76502609
v 0.52524376 2.7819047 -1.72447205
v 0.54687691 2.58678985 -1.80653381
v 0.58558083 2.78518271 -1.75073624
v 0.54719543 2.76658297 -1.71081543
v 0.65032387 2.96276879 -1.63126373
v 0.61111069 2.94987845 -1.62751389
v 0.61975479 2.91989899 -1.64018631
v 0.65897369 2.93278909 -1.64392853
v 0.60523224 3.0832243 -1.80456543
v 0.54558182 3.06563091 -1.80531693
v 0.56090736 3.04821396 -2.04418945
v 0.61764526 3.03867602 -1.82538605
v 0.5581131 3.02230644 -1.82561493
v 0.64601517 2.85734248 -1.63452148
v 0.68182373 2.85709786 -1.65052414
v 0.67567062 2.83585763 -1.66397095
v 0.63985825 2.83610272 -1.64797592
v 0.71227455 2.77834272 -1.46076965
v 0.76765442 2.7740016 -1.48019409
v 0.78750992 2.59090853 -1.36182404
v 0.70381737 2.74532557 -1.47973251
v 0.75900841 2.74183345 -1.49855042
v 0.64279747 2.86121845 -1.66119003
v 0.65616989 2.85954189 -1.6219902
v 0.67438889 2.83219886 -1.62937546
v 0.66101074 2.83387589 -1.66857147
v 0.44496155 2.79434538 -1.60689545
v 0.46012115 2.7874794 -1.54696655
v 0.3450985 2.57684755 -1.54915619
v 0.47094727 2.75205827 -1.61732864
v 0.48535919 2.74628687 -1.55757141
v 0.6860981 2.84141493 -1.64072418
v 0.65264702 2.85951972 -1.65027237
v 0.63926125 2.83854103 -1.64315796
v 0.67271805 2.82043672 -1.63359833
v 0.72974586 2.79901361 -1.83338928
v 0.68002129 2.82336879 -1.85332489
v 0.67540169 2.66972852 -2.00921631
v 0.70954323 2.76687884 -1.82442474
v 0.66067505 2.79185724 -1.84443665
v 0.66983223 2.96058369 -1.61338043
v 0.62188339 2.9698658 -1.63648224
v 0.62778282 2.9519093 -1.65593719
v 0.67573357 2.94262958 -1.63284683
v 0.75276184 3.13098407 -1.68522644
v 0.68388748 3.14905524 -1.7234993
v 0.81977844 3.22990966 -1.87963104
v 0.76212692 3.10534835 -1.71565628
v 0.69350433 3.12392282 -1.75289154
v 0.67547798 2.8319211 -1.63198853
v 0.64491272 2.83852577 -1.65565872
v 0.63316345 2.82676244 -1.64377213
v 0.66373062 2.82015729 -1.62010193
v 0.75117683 2.69091821 -1.75268555
v 0.70692062 2.69554114 -1.7911911
v 0.74131203 2.49236989 -1.84421158
v 0.73378563 2.67178178 -1.73592758
v 0.69026947 2.67684793 -1.77456665
v 1.80942345 2.01606107 -0.30492783
v 1.83202744 2.01606107 -0.32017517
v 1.83166885 2.04825091 -0.32037735
v 1.80942345 2.04825091 -0.30536652
v 1.82419968 2.73100162 -0.32460785
v 1.82419968 2.73100162 -0.34134674
v 1.80942535 2.73100162 -0.35131073
v 1.80942535 2.73100162 -0.31463623
v 1.80942345 2.04825091 -0.36058044
v 1.83166885 2.04825091 -0.34557343
v 1.83202744 2.01606107 -0.3457756
v 1.80942345 2.01606107 -0.36102676
v 1.78717804 2.04825091 -0.32037735
v 1.78717804 2.04825091 -0.34557343
v 1.78682137 2.01606107 -0.3457756
v 1.78682137 2.01606107 -0.32017517
v 1.79464912 2.73100162 -0.34134674
v 1.79464912 2.73100162 -0.32460785
v 1.80942345 1.3333106 -0.30152893
v 1.78408813 1.3333106 -0.3186264
v 1.78151321 0.6827504 -0.31716537
v 1.80942345 0.6827504 -0.29833221
v 1.83733368 0.6827504 -0.31716537
v 1.83475876 1.3333106 -0.3186264
v 1.83475876 1.3333106 -0.34732819
v 1.83733368 0.6827504 -0.3487854
v 1.80942345 1.3333106 -0.36442184
v 1.80942345 0.6827504 -0.36760712
v 1.78151321 0.6827504 -0.3487854
v 1.78408813 1.3333106 -0.34732819
v 1.80942345 0.6827504 -0.29833221
v 1.78151321 0.6827504 -0.31716537
v 1.78141022 0.65056026 -0.31710815
v 1.80942345 0.65056026 -0.29820251
v 1.83744049 0.65056026 -0.31710815
v 1.83733368 0.6827504 -0.31716537
v 1.83733368 0.6827504 -0.3487854
v 1.83744049 0.65056026 -0.34884644
v 1.80942345 0.6827504 -0.36760712
v 1.80942345 0.65056026 -0.36774063
v 1.78141022 0.65056026 -0.34884644
v 1.78151321 0.6827504 -0.3487854
v 1.83166885 2.04825091 -0.34557343
v 1.80942345 2.04825091 -0.36058044
v 1.83166885 2.04825091 -0.32037735
v 1.80942345 2.04825091 -0.30536652
v 1.78717804 2.04825091 -0.32037735
v 1.78717804 2.04825091 -0.34557343
v 1.80942345 0.65056026 -0.29820251
v 1.78141022 0.65056026 -0.31710815
v 1.77585411 0 -0.31396103
v 1.80942345 0 -0.29131699
v 1.84299278 0 -0.31396103
v 1.83744049 0.65056026 -0.31710815
v 1.83744049 0.65056026 -0.34884644
v 1.84299278 0 -0.35199356
v 1.80942345 0 -0.3746376
v 1.80942345 0.65056026 -0.36774063
v 1.77585411 0 -0.35199356
v 1.78141022 0.65056026 -0.34884644
v 1.80942345 1.36550081 -0.36425781
v 1.83462715 1.36550081 -0.34725189
v 1.83475876 1.3333106 -0.34732819
v 1.80942345 1.3333106 -0.36442184
v 1.83462715 1.36550081 -0.31869888
v 1.83475876 1.3333106 -0.3186264
v 1.80942345 1.3333106 -0.30152893
v 1.80942345 1.36550081 -0.30168915
v 1.78421783 1.36550081 -0.31869888
v 1.78408813 1.3333106 -0.3186264
v 1.78421783 1.36550081 -0.34725189
v 1.78408813 1.3333106 -0.34732819
v 1.80942345 2.01606107 -0.30492783
v 1.78682137 2.01606107 -0.32017517
v 1.78421783 1.36550081 -0.31869888
v 1.80942345 1.36550081 -0.30168915
v 1.83462715 1.36550081 -0.31869888
v 1.83202744 2.01606107 -0.32017517
v 1.83202744 2.01606107 -0.3457756
v 1.83462715 1.36550081 -0.34725189
v 1.80942345 2.01606107 -0.36102676
v 1.80942345 1.36550081 -0.36425781
v 1.78421783 1.36550081 -0.34725189
v 1.78682137 2.01606107 -0.3457756
v 1.81333923 1.33767986 -0.30509567
v 1.82728195 1.34467471 -0.33779907
v 1.82374382 1.32189822 -0.34418106
v 1.8098011 1.31490326 -0.31147003
v 1.9817524 1.32909286 -0.22501755
v 2.00775719 1.33773422 -0.27197647
v 2.15438461 1.21498394 -0.20601654
v 1.97804832 1.29445195 -0.2342186
v 2.00395584 1.30388761 -0.2806282
v 1.84088135 1.34073901 -0.32962799
v 1.8020916 1.33861136 -0.3609848
v 1.79574966 1.31624353 -0.35161591
v 1.83454132 1.31837082 -0.32027054
v 1.96596527 1.29491973 -0.46124649
v 1.91131783 1.28872907 -0.51177979
v 2.02598953 1.13467252 -0.58439636
v 1.95718765 1.26048291 -0.44847488
v 1.90314102 1.25518703 -0.49897385
v 1.78181458 0.64826721 -0.31226349
v 1.81376839 0.64883709 -0.29518127
v 1.81493568 0.62498993 -0.29656982
v 1.78298187 0.62442017 -0.31365204
v 1.68625832 0.67255914 -0.15374756
v 1.7312355 0.67253244 -0.12319565
v 1.62464905 0.58099395 0.02232742
v 1.687397 0.63654613 -0.1542511
v 1.73202896 0.63740802 -0.123909
v 1.79546738 0.64332813 -0.34433365
v 1.78058243 0.64691442 -0.31147766
v 1.78790283 0.63027793 -0.30635452
v 1.80278778 0.626692 -0.33919525
v 1.63692474 0.58445138 -0.41982651
v 1.61008453 0.58681232 -0.37260437
v 1.4922657 0.44461206 -0.44005203
v 1.64645767 0.55864888 -0.41247559
v 1.61957359 0.56163174 -0.36576462
v 1.81366539 0.66219902 -0.33803558
v 1.78421593 0.6697644 -0.31474304
v 1.78630447 0.64111459 -0.3027916
v 1.81575584 0.63354915 -0.32608795
v 1.69508743 0.64105541 -0.49695587
v 1.64730835 0.64974821 -0.4662323
v 1.551651 0.48546699 -0.58040619
v 1.69693756 0.59737605 -0.48008728
v 1.64945602 0.60708636 -0.44998932
v 1.84827614 2.0113678 -0.32531738
v 1.81672287 2.01540637 -0.34267044
v 1.81267738 1.99191022 -0.34078598
v 1.84423447 1.98787141 -0.32343292
v 1.94694901 2.02047372 -0.48352432
v 1.90247154 2.02519226 -0.51443863
v 1.99804878 1.91829693 -0.65711212
v 1.94147301 1.98487985 -0.48226547
v 1.89744186 1.99044371 -0.51298523
v 1.83508301 2.00259876 -0.33810043
v 1.78578568 2.00290728 -0.34595871
v 1.7845993 1.9787277 -0.33946228
v 1.83389473 1.97841907 -0.331604
v 1.8768158 1.99298525 -0.520401
v 1.80412292 1.99146938 -0.5375061
v 1.86450958 1.86410117 -0.68679428
v 1.87501526 1.95615017 -0.51228333
v 1.80288124 1.9555546 -0.52946854
v 1.84146309 1.9982295 -0.32090759
v 1.82023811 1.9958303 -0.35018158
v 1.81266594 1.97992063 -0.34338379
v 1.83388901 1.98232031 -0.31411362
v 1.98744583 1.92658043 -0.40955734
v 1.95971489 1.91961026 -0.4557991
v 2.08105278 1.77090406 -0.4983902
v 1.97712135 1.90171742 -0.40028
v 1.94984245 1.89541209 -0.44642258
v 1.8426609 2.04024172 -0.30727386
v 1.83120155 2.0407927 -0.34381866
v 1.82096863 2.01153994 -0.34104919
v 1.83242607 2.01098895 -0.30450439
v 2.03464508 2.0210402 -0.35764694
v 2.02283287 2.01923299 -0.41385651
v 2.17311859 1.8573879 -0.43373489
v 2.02078629 1.97640777 -0.35419464
v 2.0093956 1.97571599 -0.41008759
v 1.7904129 2.02175713 -0.33126068
v 1.81089592 2.0325489 -0.30338669
v 1.82296371 2.01191831 -0.30426025
v 1.80247879 2.001127 -0.33214188
v 1.64691162 1.97725499 -0.2204628
v 1.67391968 1.99060082 -0.1751976
v 1.57728386 1.84006524 -0.08076859
v 1.66407776 1.9455725 -0.22055054
v 1.69047737 1.9596076 -0.1756134
v 1.78452682 2.03174162 -0.3434906
v 1.83393288 2.02531314 -0.34656525
v 1.83119583 2.00121903 -0.34022522
v 1.78178596 2.00764847 -0.33715057
v 1.79319572 2.11621189 -0.17658234
v 1.86737633 2.10757804 -0.17547226
v 1.83890915 2.07918286 0.02587509
v 1.78949738 2.08032799 -0.16542816
v 1.86324692 2.07264018 -0.16459656
v 1.8022995 2.01209116 -0.33319092
v 1.81181335 2.01194406 -0.29822159
v 1.82610893 2.00024843 -0.30216599
v 1.81659126 2.0003953 -0.3371315
v 1.66790009 1.88745415 -0.30661774
v 1.67890167 1.88247526 -0.25360489
v 1.60762596 1.69948363 -0.26276779
v 1.68845177 1.86852145 -0.31208038
v 1.69887161 1.86404753 -0.25931168
v 1.82961273 2.01599479 -0.34393311
v 1.81204796 2.01479149 -0.30991364
v 1.80366707 1.98531318 -0.31528854
v 1.82123375 1.98651648 -0.34930801
v 1.684021 2.12466669 -0.42613983
v 1.65248871 2.12426233 -0.37810135
v 1.47282028 2.09168434 -0.50392914
v 1.6697979 2.080863 -0.43479538
v 1.63884163 2.08154178 -0.3868866
v 1.84130669 2.73003578 -0.33617401
v 1.8058567 2.73531771 -0.33081436
v 1.80195618 2.71187544 -0.33349609
v 1.83740616 2.70659304 -0.33885956
v 1.83295631 2.79050612 -0.51259613
v 1.77925873 2.79872155 -0.51032257
v 1.76902771 2.74350882 -0.70465088
v 1.82667542 2.75548077 -0.5182724
v 1.77351379 2.76450062 -0.51587677
v 1.83777046 2.73820782 -0.33750153
v 1.79843903 2.7325809 -0.30728531
v 1.80378723 2.70821428 -0.30486298
v 1.84311867 2.7138412 -0.33508301
v 1.73374176 2.74094653 -0.49319077
v 1.6718235 2.73090792 -0.45262909
v 1.6115036 2.61801744 -0.61316681
v 1.74060059 2.70389605 -0.4907074
v 1.67895508 2.69484258 -0.4505043
v 1.83729935 2.71558285 -0.33250046
v 1.80309486 2.71887946 -0.3440094
v 1.7996254 2.70106125 -0.33879852
v 1.83382797 2.69776464 -0.32728577
v 1.90157318 2.68497849 -0.50348282
v 1.85206795 2.68771958 -0.52580261
v 1.91688156 2.56855154 -0.66810226
v 1.89662933 2.65763927 -0.49724197
v 1.84759712 2.66103673 -0.51955414
v 1.81526756 2.74272203 -0.30814743
v 1.80335617 2.74456668 -0.3445015
v 1.79025269 2.71649194 -0.34163284
v 1.80216408 2.71464729 -0.30527878
v 2.00510788 2.71477485 -0.36224365
v 1.99230003 2.71438146 -0.41825867
v 2.12506104 2.53820586 -0.44085693
v 1.98685074 2.67176557 -0.35866165
v 1.97457886 2.67243791 -0.41437149
v 1.7912178 2.73574567 -0.30535507
v 1.82461166 2.74079394 -0.29221344
v 1.83255005 2.7224524 -0.30535507
v 1.79915428 2.71740508 -0.31849289
v 1.73338127 2.64933562 -0.15031052
v 1.78218079 2.65289783 -0.12660217
v 1.74600029 2.47382402 -0.03976822
v 1.74517059 2.62069869 -0.1687355
v 1.79333878 2.62494636 -0.14474487
v 1.78305817 2.74796128 -0.31787109
v 1.82136726 2.7475822 -0.34986877
v 1.82102394 2.72251987 -0.34998322
v 1.78271484 2.72289968 -0.31797791
v 1.89094543 2.78575897 -0.16954803
v 1.95179367 2.78465271 -0.21285629
v 2.04084778 2.7013514 -0.04767227
v 1.89172554 2.74801803 -0.16859818
v 1.95211983 2.74785089 -0.21161652
v 1.7991848 2.72818065 -0.31620026
v 1.82684326 2.71975851 -0.29435349
v 1.83550072 2.71102023 -0.30867767
v 1.80784416 2.71944189 -0.33053207
v 1.6953125 2.58807588 -0.25387192
v 1.73410416 2.57040119 -0.22012711
v 1.65756989 2.39012051 -0.23719788
v 1.70772552 2.57342958 -0.27490616
v 1.74593735 2.55624413 -0.24086761
v 1.81574821 2.7375145 -0.33889771
v 1.82059479 2.72560406 -0.30282211
v 1.80859375 2.69790387 -0.31035614
v 1.8037529 2.70981383 -0.34643555
v 1.65732956 2.84881163 -0.29115295
v 1.658741 2.83255601 -0.23605347
v 1.43764687 2.81646299 -0.24177551
v 1.63766289 2.80765057 -0.30187988
v 1.63955307 2.79252505 -0.24690247
v 1.46476746 2.56326771 1.6581955
v 1.4966507 2.56326771 1.67179871
v 1.49662399 2.60419464 1.67127609
v 1.46524048 2.60419464 1.65789032
v 1.49598122 3.47225952 1.6603775
v 1.51385117 3.47225952 1.64882278
v 1.51428986 3.47225952 1.62617493
v 1.47513962 3.47225952 1.65148544
v 1.5241909 2.60419464 1.61976624
v 1.52352905 2.60419464 1.65388107
v 1.52398491 2.56326771 1.65412521
v 1.52466202 2.56326771 1.61945724
v 1.46590424 2.60419464 1.62377548
v 1.49281693 2.60419464 1.60637665
v 1.49278259 2.56326771 1.60585403
v 1.46544266 2.56326771 1.62353516
v 1.49345207 3.47225952 1.61727524
v 1.47558022 3.47225952 1.62882614
v 1.46114159 1.69520259 1.66053391
v 1.46190262 1.69520259 1.62168884
v 1.45856857 0.86806488 1.61994171
v 1.45773315 0.86806488 1.66274261
v 1.49710655 0.86806488 1.67954254
v 1.49688721 1.69520259 1.67578506
v 1.52753067 1.69520259 1.65597153
v 1.53086472 0.86806488 1.65771103
v 1.52828789 1.69520259 1.61711884
v 1.53169441 0.86806488 1.61491013
v 1.49232483 0.86806488 1.5981102
v 1.4925499 1.69520259 1.60187149
v 1.45773315 0.86806488 1.66274261
v 1.45856857 0.86806488 1.61994171
v 1.45843315 0.82713765 1.61987305
v 1.45759201 0.82713765 1.66283417
v 1.497118 0.82713765 1.67969513
v 1.49710655 0.86806488 1.67954254
v 1.53086472 0.86806488 1.65771103
v 1.53100204 0.82713765 1.65778351
v 1.53169441 0.86806488 1.61491013
v 1.53183556 0.82713765 1.61482239
v 1.49231911 0.82713765 1.59796143
v 1.49232483 0.86806488 1.5981102
v 1.52352905 2.60419464 1.65388107
v 1.5241909 2.60419464 1.61976624
v 1.49662399 2.60419464 1.67127609
v 1.46524048 2.60419464 1.65789032
v 1.46590424 2.60419464 1.62377548
v 1.49281693 2.60419464 1.60637665
v 1.45759201 0.82713765 1.66283417
v 1.45843315 0.82713765 1.61987305
v 1.45123863 0 1.61611557
v 1.45023727 0 1.66758728
v 1.49758911 0 1.68779373
v 1.497118 0.82713765 1.67969513
v 1.53100204 0.82713765 1.65778351
v 1.53819275 0 1.6615448
v 1.5391922 0 1.61006546
v 1.53183556 0.82713765 1.61482239
v 1.49184227 0 1.58985901
v 1.49231911 0.82713765 1.59796143
v 1.52811241 1.73612976 1.61722946
v 1.52736282 1.73612976 1.65587997
v 1.52753067 1.69520259 1.65597153
v 1.52828789 1.69520259 1.61711884
v 1.49687576 1.73612976 1.67559052
v 1.49688721 1.69520259 1.67578506
v 1.46114159 1.69520259 1.66053391
v 1.46131897 1.73612976 1.66041946
v 1.46207047 1.73612976 1.62177277
v 1.46190262 1.69520259 1.62168884
v 1.49255943 1.73612976 1.60206604
v 1.4925499 1.69520259 1.60187149
v 1.46476746 2.56326771 1.6581955
v 1.46544266 2.56326771 1.62353516
v 1.46207047 1.73612976 1.62177277
v 1.46131897 1.73612976 1.66041946
v 1.49687576 1.73612976 1.67559052
v 1.4966507 2.56326771 1.67179871
v 1.52398491 2.56326771 1.65412521
v 1.52736282 1.73612976 1.65587997
v 1.52466202 2.56326771 1.61945724
v 1.52811241 1.73612976 1.61722946
v 1.49255943 1.73612976 1.60206604
v 1.49278259 2.56326771 1.60585403
v 1.49936676 1.71999586 1.66918182
v 1.52339554 1.72053719 1.64023209
v 1.51565742 1.69179904 1.63326263
v 1.49162483 1.69125807 1.66221237
v 1.64333344 1.70113182 1.80068588
v 1.68340492 1.69935679 1.76095581
v 1.77996826 1.54035974 1.8743248
v 1.63309288 1.65728498 1.7910881
v 1.67313004 1.65660584 1.75187683
v 1.48902321 2.57050967 1.59623718
v 1.47340012 2.58423066 1.63735199
v 1.48266792 2.55800033 1.6496315
v 1.49828911 2.54428005 1.60851288
v 1.27165031 2.51392889 1.51951599
v 1.2419796 2.5308969 1.57960892
v 1.07443619 2.33950233 1.54162598
v 1.28360367 2.47364688 1.53778458
v 1.25385666 2.49149156 1.59699631
v 1.45259857 2.58383012 1.63116837
v 1.49433327 2.57907295 1.67874527
v 1.50515556 2.55170894 1.66651154
v 1.46341896 2.55646396 1.61894226
v 1.26878166 2.5109663 1.76379776
v 1.32630539 2.49963164 1.83850861
v 1.1724968 2.29517961 1.89037704
v 1.28384972 2.46866512 1.7468071
v 1.34059525 2.45845628 1.82140732
v 1.50908661 3.47103167 1.69026184
v 1.47888374 3.47774768 1.6561203
v 1.47906113 3.44794202 1.65010452
v 1.50925827 3.44122601 1.68424988
v 1.69167328 3.5479157 1.55955887
v 1.6521759 3.55836058 1.50379181
v 1.85258865 3.4881618 1.3586998
v 1.69340134 3.50338364 1.54892731
v 1.65413666 3.51485157 1.49382401
v 1.50806236 3.48142195 1.68557739
v 1.44864655 3.47426772 1.6644516
v 1.44974709 3.44328761 1.67183304
v 1.50916672 3.45044184 1.69296265
v 1.60245514 3.48490429 1.46702576
v 1.51641083 3.47214055 1.42892456
v 1.64616394 3.32860899 1.25368118
v 1.60454559 3.43779707 1.47605896
v 1.51906204 3.42628646 1.43800735
v 1.50239372 3.45265603 1.68852997
v 1.49106789 3.45684743 1.64406204
v 1.48311043 3.4341929 1.64395142
v 1.49443626 3.4300015 1.68842316
v 1.7293148 3.41374493 1.63910294
v 1.71897507 3.41722989 1.57084274
v 1.91564178 3.26571727 1.54179764
v 1.71923828 3.3789854 1.63813782
v 1.70921707 3.38330483 1.57038116
v 1.46117592 3.48716116 1.68181229
v 1.49176788 3.48950648 1.64399719
v 1.47966003 3.45381188 1.63199615
v 1.44906998 3.4514668 1.66981125
v 1.65000153 3.45162892 1.84715652
v 1.70096588 3.4511292 1.79480743
v 1.81674767 3.22713494 1.92094803
v 1.63357544 3.39694595 1.83012772
v 1.68457794 3.39780068 1.77856827
v 1.44159698 3.47829127 1.6580658
v 1.45062065 3.48470998 1.70278549
v 1.47013092 3.46139002 1.70220184
v 1.46110153 3.45497298 1.6574707
v 1.23613167 3.36842752 1.70336151
v 1.24451256 3.37295675 1.7718277
v 1.12682343 3.14527845 1.79315186
v 1.26394272 3.33201814 1.70323181
v 1.27158737 3.33741832 1.77121353
v 1.44932747 3.49382281 1.64071274
v 1.50994301 3.49334073 1.65952301
v 1.50982666 3.46147609 1.65907669
v 1.44920731 3.46195889 1.64027405
v 1.36545753 3.54187942 1.85829926
v 1.45369911 3.54047346 1.89336395
v 1.33882523 3.43456149 2.10248566
v 1.36497307 3.49389482 1.85979462
v 1.45260811 3.49368262 1.89457703
v 1.45868111 3.46867323 1.65908051
v 1.45444489 3.45796537 1.70370102
v 1.47572327 3.44685555 1.70304489
v 1.47995758 3.45756292 1.65843964
v 1.32042313 3.29054046 1.59122086
v 1.31116676 3.26806855 1.65592957
v 1.27656555 3.03885531 1.56243515
v 1.35144615 3.27191973 1.58994675
v 1.34148788 3.25006914 1.65423965
v 1.49435043 3.48054028 1.66110229
v 1.45917511 3.46539712 1.69117737
v 1.45893288 3.43017864 1.67316818
v 1.49411392 3.4453218 1.64308929
v 1.33399963 3.62204671 1.52493286
v 1.27614594 3.60137844 1.56447601
v 1.12961578 3.5809176 1.32447433
v 1.33187294 3.56971335 1.49652863
v 1.27448654 3.55048275 1.53649521
v 1.45370483 3.46643209 1.67033768
v 1.49881363 3.46957517 1.6884079
v 1.51370239 3.46189952 1.65256882
v 1.4685936 3.45875263 1.63450241
v 1.41122246 3.24395204 1.78414917
v 1.47869492 3.24089241 1.81201172
v 1.49029922 2.97048926 1.73302841
v 1.43384743 3.23018956 1.73077393
v 1.50028419 3.22749805 1.759758
v 1.52095222 3.44813585 1.62893295
v 1.47541046 3.44734597 1.62200165
v 1.47125053 3.43747926 1.6504631
v 1.51679611 3.43827319 1.65739822
v 1.55410004 3.244555 1.5114975
v 1.48655701 3.2362349 1.49935532
v 1.52199173 2.98251748 1.52204895
v 1.5477314 3.22767234 1.55360413
v 1.48082161 3.21983409 1.5405159
v 1.484478 3.48191428 1.69257355
v 1.4343605 3.49167442 1.65488434
v 1.44400215 3.46794629 1.63592148
v 1.49412155 3.45818877 1.67362213
v 1.60560608 3.6680057 1.60664368
v 1.53494644 3.6868906 1.54607391
v 1.72877121 3.75536132 1.38515854
v 1.62099648 3.63374734 1.57673645
v 1.55045319 3.65334272 1.51733398
v -1.05553436 2.18195128 1.69495392
v -1.06269836 2.18195128 1.66632462
v -1.06303406 2.21678996 1.6666069
v -1.05598831 2.21678996 1.6947937
v -1.07009888 2.95571971 1.67264557
v -1.08712769 2.95571971 1.66646957
v -1.10272217 2.95571971 1.6778183
v -1.06541824 2.95571971 1.69136047
v -1.11215591 2.21678996 1.6743927
v -1.08867455 2.21678996 1.65730286
v -1.08874321 2.18195128 1.65686798
v -1.11260605 2.18195128 1.67422867
v -1.07946968 2.21678996 1.7118721
v -1.10510635 2.21678996 1.70256424
v -1.10543823 2.18195128 1.70285416
v -1.0793972 2.18195128 1.71231461
v -1.09804153 2.95571971 1.69652939
v -1.08101463 2.95571971 1.7027092
v -1.05208015 1.44302118 1.69620514
v -1.0788269 1.44302118 1.71566391
v -1.07829666 0.73892993 1.71882248
v -1.04883194 0.73892993 1.6973877
v -1.05768204 0.73892993 1.66202927
v -1.06011391 1.44302118 1.66411591
v -1.0893116 1.44302118 1.65351105
v -1.08984375 0.73892993 1.65036011
v -1.11605835 1.44302118 1.67297745
v -1.11930466 0.73892993 1.67179871
v -1.1104641 0.73892993 1.70714569
v -1.10802841 1.44302118 1.70506287
v -1.04883194 0.73892993 1.6973877
v -1.07829666 0.73892993 1.71882248
v -1.07827377 0.70409113 1.71895218
v -1.04870033 0.70409113 1.69743347
v -1.05757904 0.70409113 1.66194916
v -1.05768204 0.73892993 1.66202927
v -1.08984375 0.73892993 1.65036011
v -1.08986664 0.70409113 1.65023041
v -1.11930466 0.73892993 1.67179871
v -1.11943817 0.70409113 1.67174911
v -1.11056328 0.70409113 1.7072258
v -1.1104641 0.73892993 1.70714569
v -1.08867455 2.21678996 1.65730286
v -1.11215591 2.21678996 1.6743927
v -1.06303406 2.21678996 1.6666069
v -1.05598831 2.21678996 1.6947937
v -1.07946968 2.21678996 1.7118721
v -1.10510635 2.21678996 1.70256424
v -1.04870033 0.70409113 1.69743347
v -1.07827377 0.70409113 1.71895218
v -1.07712746 0 1.72576523
v -1.04168701 0 1.69997787
v -1.0523262 0 1.65745926
v -1.05757904 0.70409113 1.66194916
v -1.08986664 0.70409113 1.65023041
v -1.09101486 0 1.64341736
v -1.12645531 0 1.66920471
v -1.11943817 0.70409113 1.67174911
v -1.11581612 0 1.71171951
v -1.11056328 0.70409113 1.7072258
v -1.11589432 1.47785985 1.6730423
v -1.08928871 1.47785985 1.65367508
v -1.0893116 1.44302118 1.65351105
v -1.11605835 1.44302118 1.67297745
v -1.06023598 1.47785985 1.66422272
v -1.06011391 1.44302118 1.66411591
v -1.05208015 1.44302118 1.69620514
v -1.05224609 1.47785985 1.6961441
v -1.07885742 1.47785985 1.71550751
v -1.0788269 1.44302118 1.71566391
v -1.10790253 1.47785985 1.70495987
v -1.10802841 1.44302118 1.70506287
v -1.05553436 2.18195128 1.69495392
v -1.0793972 2.18195128 1.71231461
v -1.07885742 1.47785985 1.71550751
v -1.05224609 1.47785985 1.6961441
v -1.06023598 1.47785985 1.66422272
v -1.06269836 2.18195128 1.66632462
v -1.08874321 2.18195128 1.65686798
v -1.08928871 1.47785985 1.65367508
v -1.11260605 2.18195128 1.67422867
v -1.11589432 1.47785985 1.6730423
v -1.10790253 1.47785985 1.70495987
v -1.10543823 2.18195128 1.70285416
v -1.07302856 2.19453979 1.67269516
v -1.10253525 2.19091773 1.69828033
v -1.09456062 2.17333317 1.7049942
v -1.06505775 2.17695522 1.6794014
v -1.18318939 2.12444019 1.52060699
v -1.23037338 2.11556959 1.55462646
v -1.28891373 1.9608866 1.42076492
v -1.1723175 2.09703636 1.52958298
v -1.21943855 2.08890653 1.56314468
v -1.0663414 2.2081213 1.6660614
v -1.10774612 2.20871782 1.6642189
v -1.10871315 2.17705822 1.67564774
v -1.06730843 2.17646194 1.67749023
v -1.04667473 2.18733978 1.45214844
v -1.10822296 2.18538404 1.44340515
v -1.07292938 2.01022172 1.28317261
v -1.04828453 2.13903522 1.46752167
v -1.10935402 2.13828635 1.45846558
v -1.11003876 2.18811607 1.71035004
v -1.07411575 2.19979572 1.69980621
v -1.07054901 2.17746758 1.68721008
v -1.10647583 2.16578841 1.69775391
v -1.05031967 2.13995218 1.89726257
v -0.99430084 2.15439606 1.88650131
v -0.93392754 1.99147367 2.01968765
v -1.04407501 2.10566258 1.87976074
v -0.98861122 2.12085271 1.86950302
v -1.06760979 2.19945455 1.71710587
v -1.05679321 2.19540548 1.66432571
v -1.07065582 2.17211223 1.66326523
v -1.08147049 2.17615962 1.71604919
v -0.88312531 2.13743043 1.77361298
v -0.86202049 2.12778163 1.69617844
v -0.74775314 1.95374453 1.7738533
v -0.90239334 2.10142183 1.77212524
v -0.88096428 2.09273195 1.69527054
v -1.11141968 2.19860554 1.67261124
v -1.09900856 2.20399499 1.70942688
v -1.08285522 2.19202781 1.70573044
v -1.09527206 2.18663764 1.66892242
v -1.24393654 2.0584898 1.72727585
v -1.22839737 2.06130528 1.78396606
v -1.2901516 1.85863376 1.80354691
v -1.22052002 2.03904343 1.72245407
v -1.2056675 2.04232192 1.77885818
v -1.05656433 2.95467472 1.64839172
v -1.06419754 2.96039176 1.6864357
v -1.06837273 2.93502021 1.68941116
v -1.0607338 2.92930341 1.65136719
v -1.23911476 3.0201211 1.59172821
v -1.25664139 3.0290122 1.64719772
v -1.45811844 2.9692564 1.58583069
v -1.24721336 2.9822135 1.59602356
v -1.26440811 2.99197578 1.65099335
v -1.05921745 2.96351933 1.65149307
v -1.04300308 2.95742941 1.70267105
v -1.03856087 2.93105793 1.69813156
v -1.05477524 2.93714762 1.64694977
v -1.2560215 2.96648335 1.69982529
v -1.23762894 2.95561862 1.77779388
v -1.4232254 2.83343887 1.77986526
v -1.25096512 2.92638421 1.69376755
v -1.23283005 2.91658592 1.77132797
v -1.0542984 2.93903255 1.65383148
v -1.07864571 2.94260049 1.68437576
v -1.07462692 2.923316 1.68983078
v -1.05028152 2.91974807 1.65928268
v -1.20450592 2.90591002 1.52528763
v -1.24549484 2.90887666 1.5674057
v -1.36631775 2.7799027 1.44891739
v -1.1999836 2.87632132 1.53262711
v -1.24079323 2.87999845 1.57426071
v -1.03765869 2.96840477 1.6852417
v -1.07904434 2.97040105 1.68392944
v -1.08096886 2.94001675 1.69831467
v -1.0395813 2.93802047 1.69962311
v -1.0225811 2.93815827 1.47212982
v -1.08429718 2.93773246 1.46446991
v -1.05825043 2.7470603 1.321064
v -1.02568054 2.89161015 1.49202347
v -1.08688545 2.89233756 1.48394012
v -1.04370499 2.96085429 1.71073151
v -1.01800728 2.96631813 1.68161392
v -1.02843475 2.9464674 1.66868591
v -1.05413628 2.94100475 1.69780731
v -0.9073391 2.86733413 1.82683945
v -0.86520004 2.87118959 1.78594589
v -0.79022217 2.67738104 1.85482788
v -0.92172623 2.83634114 1.8080368
v -0.87953568 2.84093809 1.76789474
v -1.05945206 2.97407532 1.7144165
v -1.07785797 2.973665 1.66361618
v -1.0780983 2.94654059 1.66392899
v -1.05969429 2.94695163 1.71472168
v -0.86871719 3.01498294 1.6594429
v -0.89029884 3.01378584 1.58153915
v -0.68936348 2.92363 1.55195618
v -0.86745453 2.97413683 1.65899658
v -0.88891602 2.97395587 1.58166504
v -1.05179977 2.952667 1.69861984
v -1.01935577 2.94355202 1.67855453
v -1.03073502 2.93409443 1.66445923
v -1.06317711 2.94320917 1.68452072
v -1.02675629 2.80103374 1.82731247
v -0.97809219 2.7819047 1.80032349
v -1.02373505 2.58678985 1.87186432
v -1.04356766 2.78518271 1.80692291
v -0.99483109 2.76658297 1.78061676
v -1.06876945 2.96276879 1.67338562
v -1.03028107 2.94987845 1.68178177
v -1.04237938 2.91989899 1.6912117
v -1.08087158 2.93278909 1.68281174
v -1.07871056 3.0832243 1.85218811
v -1.02213287 3.06563091 1.87109756
v -1.10961723 3.04821396 2.09391022
v -1.09688377 3.03867602 1.8682251
v -1.04026031 3.02230644 1.88661194
v -1.06565857 2.85734248 1.67781067
v -1.10464096 2.85709786 1.68212128
v -1.10288811 2.83585763 1.69680405
v -1.06390381 2.83610272 1.69249344
v -1.07574081 2.77834272 1.49212265
v -1.13440323 2.7740016 1.49371719
v -1.11719894 2.59090853 1.37493896
v -1.07347107 2.74532557 1.51276398
v -1.1317749 2.74183345 1.51383972
v -1.07073402 2.86121845 1.70418167
v -1.0715065 2.85954189 1.66277313
v -1.09110641 2.83219886 1.66424561
v -1.09033203 2.83387589 1.70565414
v -0.86576462 2.79434538 1.71284485
v -0.86191368 2.7874794 1.65114975
v -0.75304604 2.57684755 1.6883316
v -0.89369202 2.75205827 1.71484756
v -0.88918304 2.74628687 1.65354919
v -1.10572624 2.84141493 1.6714859
v -1.07678223 2.85951972 1.69078064
v -1.06186295 2.83854103 1.68809128
v -1.09080887 2.82043672 1.6687851
v -1.20607758 2.79901361 1.84164429
v -1.16481018 2.82336879 1.87579727
v -1.20797729 2.66972852 2.02565765
v -1.18410492 2.76687884 1.83926392
v -1.14367294 2.79185724 1.87323761
v -1.08189011 2.96058369 1.65041351
v -1.04327774 2.9698658 1.68703842
v -1.05483246 2.9519093 1.70376587
v -1.09344864 2.94262958 1.66713715
v -1.18278885 3.13098407 1.69352341
v -1.12887573 3.14905524 1.75098419
v -1.30592728 3.22990966 1.85820007
v -1.20098877 3.10534835 1.71963882
v -1.14700317 3.12392282 1.77604675
v -1.0929451 2.8319211 1.66640091
v -1.07106209 2.83852577 1.69826889
v -1.0562439 2.82676244 1.69054031
v -1.07812881 2.82015729 1.65866852
v -1.20186234 2.69091821 1.75825119
v -1.17146683 2.69554114 1.80842209
v -1.22039986 2.49236989 1.84841537
v -1.18018913 2.67178178 1.74759293
v -1.15053558 2.67684793 1.79766846
v -1.76787567 2.01606107 0.05662537
v -1.79405594 2.01606107 0.06424713
v -1.79377747 2.04825091 0.06454468
v -1.768013 2.04825091 0.05704117
v -1.78795433 2.73100162 0.070858
v -1.7930603 2.73100162 0.08679962
v -1.78203201 2.73100162 0.10079575
v -1.77084351 2.73100162 0.06587219
v -1.78486061 2.04825091 0.10962677
v -1.8014679 2.04825091 0.08854675
v -1.80186844 2.01606107 0.08863068
v -1.78499603 2.01606107 0.11004257
v -1.75140762 2.04825091 0.07812119
v -1.75909996 2.04825091 0.10212326
v -1.75881767 2.01606107 0.10242081
v -1.75100517 2.01606107 0.07804108
v -1.76491928 2.73100162 0.09580994
v -1.75981331 2.73100162 0.07986832
v -1.76684189 1.3333106 0.0533905
v -1.74792862 1.3333106 0.07740021
v -1.74503326 0.6827504 0.07679367
v -1.76586723 0.6827504 0.05034637
v -1.79819107 0.6827504 0.05976486
v -1.79618454 1.3333106 0.06193542
v -1.80494499 1.3333106 0.08927155
v -1.80784035 0.6827504 0.08987427
v -1.78602982 1.3333106 0.11327744
v -1.78700447 0.6827504 0.11631393
v -1.75468063 0.6827504 0.10690308
v -1.75668716 1.3333106 0.10473251
v -1.76586723 0.6827504 0.05034637
v -1.74503326 0.6827504 0.07679367
v -1.74491501 0.65056026 0.07676697
v -1.76582718 0.65056026 0.0502243
v -1.79827499 0.65056026 0.05967712
v -1.79819107 0.6827504 0.05976486
v -1.80784035 0.6827504 0.08987427
v -1.8079586 0.65056026 0.08989716
v -1.78700447 0.6827504 0.11631393
v -1.78704453 0.65056026 0.11644363
v -1.75460052 0.65056026 0.10699081
v -1.75468063 0.6827504 0.10690308
v -1.8014679 2.04825091 0.08854675
v -1.78486061 2.04825091 0.10962677
v -1.79377747 2.04825091 0.06454468
v -1.768013 2.04825091 0.05704117
v -1.75140762 2.04825091 0.07812119
v -1.75909996 2.04825091 0.10212326
v -1.76582718 0.65056026 0.0502243
v -1.74491501 0.65056026 0.07676697
v -1.73866653 0 0.07546616
v -1.76372337 0 0.0436554
v -1.80260468 0 0.05498505
v -1.79827499 0.65056026 0.05967712
v -1.8079586 0.65056026 0.08989716
v -1.81420708 0 0.09120178
v -1.78915024 0 0.12300873
v -1.78704453 0.65056026 0.11644363
v -1.75027084 0 0.11168289
v -1.75460052 0.65056026 0.10699081
v -1.78598213 1.36550081 0.11312103
v -1.80479431 1.36550081 0.08923721
v -1.80494499 1.3333106 0.08927155
v -1.78602982 1.3333106 0.11327744
v -1.79608345 1.36550081 0.06204987
v -1.79618454 1.3333106 0.06193542
v -1.76684189 1.3333106 0.0533905
v -1.76689148 1.36550081 0.05354691
v -1.74807739 1.36550081 0.07743073
v -1.74792862 1.3333106 0.07740021
v -1.75679207 1.36550081 0.10462189
v -1.75668716 1.3333106 0.10473251
v -1.76787567 2.01606107 0.05662537
v -1.75100517 2.01606107 0.07804108
v -1.74807739 1.36550081 0.07743073
v -1.76689148 1.36550081 0.05354691
v -1.79608345 1.36550081 0.06204987
v -1.79405594 2.01606107 0.06424713
v -1.80186844 2.01606107 0.08863068
v -1.80479431 1.36550081 0.08923721
v -1.78499603 2.01606107 0.11004257
v -1.78598213 1.36550081 0.11312103
v -1.75679207 1.36550081 0.10462189
v -1.75881767 2.01606107 0.10242081
v -1.77165604 1.33767986 0.05558395
v -1.79491615 1.34467471 0.0824852
v -1.79349327 1.32189822 0.08963776
v -1.77023315 1.31490326 0.06274414
v -1.90760612 1.32909286 -0.07205963
v -1.94669724 1.33773422 -0.03527451
v -2.06620789 1.21498394 -0.14283371
v -1.90688705 1.29445195 -0.06216049
v -1.94571495 1.30388761 -0.02587891
v -1.80537224 1.34073901 0.07054901
v -1.7780056 1.33861136 0.11224365
v -1.769104 1.31624353 0.10526276
v -1.79647827 1.31837082 0.06356812
v -1.96465111 1.29491973 0.15771866
v -1.92803574 1.28872907 0.22252274
v -2.05939102 1.13467252 0.25669098
v -1.9523983 1.26048291 0.14823914
v -1.91633606 1.25518703 0.21282196
v -1.74382591 0.64826721 0.07204056
v -1.76904297 0.64883709 0.04602051
v -1.77058029 0.62498993 0.04698944
v -1.74536133 0.62442017 0.07300568
v -1.60445786 0.67255914 -0.04976654
v -1.63796616 0.67253244 -0.09257889
v -1.4920578 0.58099395 -0.19864273
v -1.60569763 0.63654613 -0.04962921
v -1.6389389 0.63740802 -0.0921402
v -1.76660919 0.64332813 0.09840393
v -1.74241638 0.64691442 0.07167053
v -1.74781799 0.63027793 0.06454468
v -1.77201462 0.626692 0.09128571
v -1.63866997 0.58445138 0.21868134
v -1.59869576 0.58681232 0.18190765
v -1.50707626 0.44461206 0.2820816
v -1.64550209 0.55864888 0.20876694
v -1.60564613 0.56163174 0.17248917
v -1.78202057 0.66219902 0.08686447
v -1.74686813 0.6697644 0.07366562
v -1.74521065 0.64111459 0.06164169
v -1.78036499 0.63354915 0.07484436
v -1.71758842 0.64105541 0.27439117
v -1.66271591 0.64974821 0.2597084
v -1.60645676 0.48546699 0.39762497
v -1.71420288 0.59737605 0.25775528
v -1.65980721 0.60708636 0.24357986
v -1.81110001 2.0113678 0.0641861
v -1.78634644 2.01540637 0.09033585
v -1.78191948 1.99191022 0.08978271
v -1.80667496 1.98787141 0.06362915
v -1.95334244 2.02047372 0.18474579
v -1.92041779 2.02519226 0.22775269
v -2.05496979 1.91829693 0.33445358
v -1.94774437 1.98487985 0.18521118
v -1.91518593 1.99044371 0.22790527
v -1.80243492 2.00259876 0.08038712
v -1.75788498 2.00290728 0.1029129
v -1.754776 1.9787277 0.09709167
v -1.79932594 1.97841907 0.07456589
v -1.89780426 1.99298525 0.24125671
v -1.83379745 1.99146938 0.27972794
v -1.93685722 1.86410117 0.4034729
v -1.89361382 1.95615017 0.23407745
v -1.83016586 1.9555546 0.27244949
v -1.80326653 1.9982295 0.06206512
v -1.79198837 1.9958303 0.09641647
v -1.7827034 1.97992063 0.09225845
v -1.79398155 1.98232031 0.0579071
v -1.96933746 1.92658043 0.10194397
v -1.95703888 1.91961026 0.15444565
v -2.08558655 1.77090406 0.15798187
v -1.95667648 1.90171742 0.09625626
v -1.94477654 1.89541209 0.14852905
v -1.80024529 2.04024172 0.04872131
v -1.8004837 2.0407927 0.08702087
v -1.78989792 2.01153994 0.08750534
v -1.78965759 2.01098895 0.04920959
v -1.99844551 2.0210402 0.03810883
v -2.00434875 2.01923299 0.09524155
v -2.15353012 1.8573879 0.0683136
v -1.9841938 1.97640777 0.03905106
v -1.99040222 1.97571599 0.09575653
v -1.75780869 2.02175713 0.08750153
v -1.76881027 2.0325489 0.05470657
v -1.78056908 2.01191831 0.05186462
v -1.76956749 2.001127 0.08465958
v -1.58734131 1.97725499 0.02577972
v -1.59925461 1.99060082 -0.0255661
v -1.47840881 1.84006524 -0.08601379
v -1.6037178 1.9455725 0.02062225
v -1.61514854 1.9596076 -0.03022003
v -1.75593567 2.03174162 0.10094452
v -1.80392456 2.02531314 0.08879471
v -1.79938126 2.00121903 0.08359528
v -1.75139046 2.00764847 0.09574127
v -1.71326065 2.11621189 -0.06063843
v -1.78356743 2.10757804 -0.08433533
v -1.69501877 2.07918286 -0.26739883
v -1.70633316 2.08032799 -0.07014465
v -1.77631378 2.07264018 -0.09343338
v -1.76972008 2.01209116 0.08571243
v -1.76810646 2.01194406 0.04951096
v -1.78292274 2.00024843 0.0489006
v -1.78453255 2.0003953 0.0851059
v -1.63361931 1.88745415 0.10141754
v -1.62792206 1.88247526 0.0475769
v -1.56284142 1.69948363 0.07804489
v -1.65486145 1.86852145 0.10034943
v -1.64867973 1.86404753 0.04691696
v -1.79900742 2.01599479 0.08761215
v -1.77190399 2.01479149 0.06057739
v -1.76556015 1.98531318 0.06825256
v -1.79266548 1.98651648 0.09527969
v -1.68544197 2.12466669 0.2103157
v -1.64075279 2.12426233 0.17419434
v -1.50804901 2.09168434 0.34884644
v -1.67453766 2.080863 0.22290421
v -1.63043976 2.08154178 0.1867218
v -1.8077755 2.73003578 0.07665634
v -1.77238083 2.73531771 0.08236694
v -1.76948547 2.71187544 0.08610916
v -1.80488205 2.70659304 0.08040619
v -1.85365677 2.79050612 0.24720764
v -1.80182648 2.79872155 0.26143265
v -1.85137939 2.74350882 0.44961166
v -1.8494072 2.75548077 0.25453186
v -1.79804611 2.76450062 0.26847076
v -1.8048172 2.73820782 0.07899857
v -1.75813675 2.7325809 0.06222534
v -1.76249123 2.70821428 0.05828094
v -1.80917168 2.7138412 0.07505417
v -1.75325012 2.74094653 0.25900269
v -1.68191147 2.73090792 0.23926926
v -1.67345428 2.61801744 0.41056061
v -1.75902557 2.70389605 0.25454712
v -1.68804932 2.69484258 0.23506927
v -1.80283737 2.71558285 0.07437897
v -1.77377701 2.71887946 0.0957756
v -1.76888275 2.70106125 0.09186935
v -1.79794312 2.69776464 0.07047272
v -1.9162178 2.68497849 0.21759033
v -1.87588882 2.68771958 0.25395203
v -1.9810276 2.56855154 0.36969376
v -1.90960693 2.65763927 0.21315384
v -1.86972427 2.66103673 0.24937057
v -1.7744236 2.74272203 0.0579071
v -1.77417374 2.74456668 0.09616089
v -1.7608223 2.71649194 0.09742737
v -1.76107216 2.71464729 0.05917358
v -1.97172165 2.71477485 0.05149841
v -1.97661781 2.71438146 0.10874557
v -2.10994148 2.53820586 0.08975983
v -1.95323944 2.67176557 0.05366135
v -1.9585495 2.67243791 0.11045456
v -1.75067139 2.73574567 0.06258774
v -1.77846146 2.74079394 0.03988647
v -1.79003143 2.7224524 0.04997253
v -1.76223755 2.71740508 0.07267761
v -1.648283 2.64933562 -0.06741714
v -1.68752289 2.65289783 -0.1048851
v -1.62657356 2.47382402 -0.17654037
v -1.66513634 2.62069869 -0.05347061
v -1.70368195 2.62494636 -0.09100723
v -1.74671745 2.74796128 0.07699203
v -1.79296494 2.7475822 0.09578323
v -1.79267502 2.72251987 0.09599686
v -1.74642563 2.72289968 0.07720947
v -1.80420303 2.78575897 -0.09717178
v -1.8753624 2.78465271 -0.07449722
v -1.90976906 2.7013514 -0.2589798
v -1.80465698 2.74801803 -0.09832001
v -1.87529945 2.74785089 -0.07577515
v -1.76156998 2.72818065 0.07048416
v -1.78123856 2.71975851 0.04124069
v -1.79385948 2.71102023 0.05224609
v -1.77418709 2.71944189 0.08148575
v -1.64363098 2.58807588 0.04282379
v -1.67027283 2.57040119 -0.00115204
v -1.6026001 2.39012051 0.03846741
v -1.66186905 2.57342958 0.05906677
v -1.68787575 2.55624413 0.01499557
v -1.78426933 2.7375145 0.08705139
v -1.77787399 2.72560406 0.05121231
v -1.76874542 2.69790387 0.06204987
v -1.77514267 2.70981383 0.09788132
v -1.61883545 2.84881163 0.08991623
v -1.60336685 2.83255601 0.03701401
v -1.39456367 2.81646299 0.10992432
v -1.6033802 2.80765057 0.10613251
v -1.5884037 2.79252505 0.05320358
vn 0.99133 -0.09049 0.09528
vn 0.99133 -0.09049 0.09528
vn 0.99133 -0.09049 0.09528
vn 0.99133 -0.09049 0.09528
vn 0.1246 0.95494 -0.26937
vn 0.1246 0.95494 -0.26937
vn -0.30774 -0.20969 -0.92808
vn -0.30774 -0.20969 -0.92808
vn -0.30774 -0.20969 -0.92808
vn -0.30774 -0.20969 -0.92808
vn 0.61015 -0.2774 -0.74214
vn 0.61015 -0.2774 -0.74214
vn 0.61015 -0.2774 -0.74214
vn -0.60731 0.29844 0.73628
vn -0.60731 0.29844 0.73628
vn -0.60731 0.29844 0.73628
vn 0.12456 0.95492 -0.26945
vn 0.12456 0.95492 -0.26945
vn 0.12456 0.95492 -0.26945
vn 0.12456 0.95492 -0.26945
vn 0.31037 0.23153 0.92199
vn 0.31037 0.23153 0.92199
vn 0.31037 0.23153 0.92199
vn -0.98849 0.11225 -0.10141
vn -0.98849 0.11225 -0.10141
vn -0.98849 0.11225 -0.10141
vn 0.14686 0.07576 0.98625
vn 0.14686 0.07576 0.98625
vn 0.14686 0.07576 0.98625
vn 0.14686 0.07576 0.98625
vn 0.97202 0.03358 0.23249
vn 0.97202 0.03358 0.23249
vn 0.97202 0.03358 0.23249
vn 0.73714 -0.03338 -0.67491
vn 0.73714 -0.03338 -0.67491
vn 0.73714 -0.03338 -0.67491
vn 0.73714 -0.03338 -0.67491
vn -0.14668 -0.0673 -0.98689
vn -0.14668 -0.0673 -0.98689
vn -0.14668 -0.0673 -0.98689
vn -0.97213 -0.02621 -0.23299
vn -0.97213 -0.02621 -0.23299
vn -0.97213 -0.02621 -0.23299
vn -0.97213 -0.02621 -0.23299
vn -0.73715 0.04122 0.67447
vn -0.73715 0.04122 0.67447
vn -0.73715 0.04122 0.67447
vn 0.10737 0.00337 0.99421
vn 0.10737 0.00337 0.99421
vn 0.10737 0.00337 0.99421
vn 0.10737 0.00337 0.99421
vn 0.96203 0.00331 0.27294
vn 0.96203 0.00331 0.27294
vn 0.96203 0.00331 0.27294
vn 0.96203 0.00331 0.27294
vn 0.76436 0.00325 -0.64479
vn 0.76436 0.00325 -0.64479
vn -0.10726 0.00337 -0.99423
vn -0.10726 0.00337 -0.99423
vn -0.10726 0.00337 -0.99423
vn -0.96205 0.00347 -0.27285
vn -0.96205 0.00347 -0.27285
vn -0.96205 0.00347 -0.27285
vn -0.76423 0.00326 0.64494
vn -0.76423 0.00326 0.64494
vn -0.76423 0.00326 0.64494
vn -0.76423 0.00326 0.64494
vn -0.31564 -0.27443 -0.90833
vn -0.31564 -0.27443 -0.90833
vn 0.59443 -0.37735 -0.71011
vn 0.59443 -0.37735 -0.71011
vn 0.98434 -0.13866 0.1088
vn 0.98434 -0.13866 0.1088
vn 0.98434 -0.13866 0.1088
vn 0.98434 -0.13866 0.1088
vn 0.31782 0.29678 0.90051
vn 0.31782 0.29678 0.90051
vn 0.31782 0.29678 0.90051
vn 0.31782 0.29678 0.90051
vn -0.58971 0.39856 0.70242
vn -0.58971 0.39856 0.70242
vn -0.58971 0.39856 0.70242
vn -0.58971 0.39856 0.70242
vn -0.98018 0.1612 -0.11515
vn -0.98018 0.1612 -0.11515
vn -0.98018 0.1612 -0.11515
vn 0.10719 0.00879 0.9942
vn 0.10719 0.00879 0.9942
vn 0.10719 0.00879 0.9942
vn 0.10719 0.00879 0.9942
vn 0.962 0.00879 0.27289
vn 0.962 0.00879 0.27289
vn 0.962 0.00879 0.27289
vn 0.76421 0.00854 -0.64491
vn 0.76421 0.00854 -0.64491
vn 0.76421 0.00854 -0.64491
vn -0.10702 0.00878 -0.99422
vn -0.10702 0.00878 -0.99422
vn -0.10702 0.00878 -0.99422
vn -0.962 0.00879 -0.27289
vn -0.962 0.00879 -0.27289
vn -0.962 0.00879 -0.27289
vn -0.76422 0.00854 0.64489
vn -0.76422 0.00854 0.64489
vn -0.76422 0.00854 0.64489
vn -0.1911 -0.09778 -0.97669
vn -0.1911 -0.09778 -0.97669
vn -0.1911 -0.09778 -0.97669
vn -0.1911 -0.09778 -0.97669
vn 0.70657 -0.08455 -0.70257
vn 0.70657 -0.08455 -0.70257
vn 0.70657 -0.08455 -0.70257
vn 0.98166 0.00685 0.19052
vn 0.98166 0.00685 0.19052
vn 0.98166 0.00685 0.19052
vn 0.1912 0.10624 0.97578
vn 0.1912 0.10624 0.97578
vn 0.1912 0.10624 0.97578
vn -0.7064 0.09273 0.70171
vn -0.7064 0.09273 0.70171
vn -0.7064 0.09273 0.70171
vn -0.9815 0.00152 -0.19148
vn -0.9815 0.00152 -0.19148
vn -0.9815 0.00152 -0.19148
vn -0.9815 0.00152 -0.19148
vn 0.24614 0.20552 0.94719
vn 0.24614 0.20552 0.94719
vn 0.24614 0.20552 0.94719
vn 0.99114 0.01504 0.13197
vn 0.99114 0.01504 0.13197
vn 0.99114 0.01504 0.13197
vn 0.99114 0.01504 0.13197
vn 0.66464 -0.16574 -0.72855
vn 0.66464 -0.16574 -0.72855
vn -0.24567 -0.19737 -0.94905
vn -0.24567 -0.19737 -0.94905
vn -0.99103 -0.00765 -0.13345
vn -0.99103 -0.00765 -0.13345
vn -0.99103 -0.00765 -0.13345
vn -0.66417 0.17361 0.72715
vn -0.66417 0.17361 0.72715
vn -0.66417 0.17361 0.72715
vn -0.91286 0.23602 -0.33314
vn -0.91286 0.23602 -0.33314
vn -0.91286 0.23602 -0.33314
vn 0.15097 0.95194 0.2665
vn 0.1852 0.94126 0.28238
vn -0.02961 0.98361 0.17787
vn -0.02961 0.98361 0.17787
vn -0.33574 -0.8698 -0.36156
vn -0.12783 -0.95537 -0.26631
vn -0.14832 -0.94958 -0.27624
vn -0.36686 -0.19914 0.90871
vn -0.42446 -0.18589 0.88616
vn -0.42446 -0.18589 0.88616
vn -0.35397 -0.20195 0.91319
vn 0.50761 0.15797 -0.84698
vn 0.40574 0.18389 -0.8953
vn 0.39287 0.1869 -0.9004
vn 0.47461 0.78243 0.40317
vn -0.02257 -0.97667 -0.21354
vn -0.02257 -0.97667 -0.21354
vn -0.2462 -0.22343 0.94311
vn 0.33828 0.19906 -0.91975
vn 0.33828 0.19906 -0.91975
vn -0.57285 0.4492 0.68561
vn -0.57285 0.4492 0.68561
vn -0.57285 0.4492 0.68561
vn -0.57285 0.4492 0.68561
vn 0.25338 0.89065 -0.37755
vn 0.2718 0.87683 -0.3966
vn 0.11511 0.96601 -0.23144
vn 0.11511 0.96601 -0.23144
vn -0.39555 -0.76485 0.50846
vn -0.24421 -0.90154 0.35718
vn -0.25551 -0.89374 0.36871
vn 0.79086 0.03036 0.61124
vn 0.73887 0.06701 0.67051
vn 0.73887 0.06701 0.67051
vn 0.80151 0.02226 0.59757
vn -0.65195 -0.12864 -0.74727
vn -0.75778 -0.06293 -0.64947
vn -0.76957 -0.05468 -0.63622
vn 0.47798 0.64035 -0.60123
vn -0.16277 -0.94813 0.27305
vn -0.16277 -0.94813 0.27305
vn 0.87698 -0.04377 0.47852
vn -0.81545 -0.02013 -0.57848
vn -0.81545 -0.02013 -0.57848
vn -0.51642 0.63081 -0.57913
vn -0.51642 0.63081 -0.57913
vn -0.51642 0.63081 -0.57913
vn -0.51642 0.63081 -0.57913
vn 0.44805 0.77495 0.44576
vn 0.462 0.75488 0.46553
vn 0.36978 0.86555 0.33776
vn 0.36978 0.86555 0.33776
vn -0.51334 -0.65243 -0.55752
vn -0.43469 -0.78571 -0.44012
vn -0.44301 -0.77412 -0.4522
vn -0.72351 0.01683 0.69011
vn -0.75682 0.05511 0.6513
vn -0.75682 0.05511 0.6513
vn -0.71604 0.00867 0.69801
vn 0.79748 -0.11855 -0.59158
vn 0.74342 -0.04977 -0.66697
vn 0.73635 -0.04156 -0.67532
vn 0.56612 0.5414 0.6216
vn -0.39027 -0.84013 -0.37667
vn -0.39027 -0.84013 -0.37667
vn -0.64862 -0.05937 0.75879
vn 0.70371 -0.00549 -0.71047
vn 0.70371 -0.00549 -0.71047
vn -0.23638 0.45136 -0.86046
vn -0.23638 0.45136 -0.86046
vn 0.12747 0.89085 0.43605
vn 0.13448 0.8685 0.4771
vn 0.08598 0.97506 0.2046
vn 0.08598 0.97506 0.2046
vn -0.14864 -0.73743 -0.65886
vn -0.11144 -0.90316 -0.41458
vn -0.11549 -0.89056 -0.43995
vn -0.96027 -0.00167 0.27907
vn -0.97414 0.02502 0.22457
vn -0.97414 0.02502 0.22457
vn -0.95644 -0.00799 0.29181
vn 0.98749 -0.07059 -0.14103
vn 0.9695 -0.02107 -0.24419
vn 0.96617 -0.01455 -0.25749
vn 0.18223 0.58938 0.78703
vn -0.08926 -0.95605 -0.27929
vn -0.08926 -0.95605 -0.27929
vn -0.91988 -0.05671 0.38807
vn 0.95138 0.01044 -0.30786
vn 0.97153 0.07427 0.22496
vn 0.97153 0.07427 0.22496
vn 0.97153 0.07427 0.22496
vn -0.07052 0.99698 -0.03248
vn -0.10766 0.99319 -0.04457
vn 0.123 0.99193 0.03078
vn 0.123 0.99193 0.03078
vn 0.27506 -0.9549 0.11184
vn 0.04732 -0.99826 0.03524
vn 0.06953 -0.99666 0.04276
vn 0.21249 -0.01954 -0.97697
vn 0.27373 -0.01681 -0.96166
vn 0.27373 -0.01681 -0.96166
vn 0.19889 -0.02013 -0.97981
vn -0.36432 0.00623 0.93125
vn -0.25434 0.01142 0.96705
vn -0.24062 0.01205 0.97054
vn -0.4279 0.89159 -0.1482
vn -0.06596 -0.99782 -0.00328
vn -0.06596 -0.99782 -0.00328
vn 0.08641 -0.02482 -0.99595
vn -0.18278 0.01464 0.98304
vn -0.18278 0.01464 0.98304
vn 0.47939 0.51734 -0.7089
vn 0.47939 0.51734 -0.7089
vn 0.47939 0.51734 -0.7089
vn -0.22178 0.85085 0.47631
vn -0.23757 0.83507 0.49621
vn -0.10315 0.94122 0.32167
vn -0.10315 0.94122 0.32167
vn 0.3452 -0.71133 -0.61225
vn 0.21525 -0.86356 -0.45599
vn 0.22495 -0.85457 -0.46808
vn -0.85836 0.05767 -0.5098
vn -0.81441 0.10025 -0.57156
vn -0.81441 0.10025 -0.57156
vn -0.86717 0.04823 -0.49567
vn 0.73858 -0.17003 0.65238
vn 0.8307 -0.09407 0.54871
vn 0.84067 -0.0845 0.53492
vn -0.41392 0.57771 0.7035
vn 0.14517 -0.91883 -0.36699
vn 0.14517 -0.91883 -0.36699
vn -0.92682 -0.02898 -0.37438
vn 0.87871 -0.04431 0.4753
vn 0.87871 -0.04431 0.4753
vn -0.09824 0.46288 0.88096
vn -0.09824 0.46288 0.88096
vn -0.09824 0.46288 0.88096
vn 0.16207 0.8805 -0.44549
vn 0.16776 0.86526 -0.47242
vn 0.13044 0.94467 -0.30099
vn 0.13044 0.94467 -0.30099
vn -0.20152 -0.78258 0.58903
vn -0.16653 -0.88761 0.42944
vn -0.17019 -0.87892 0.44558
vn 0.98272 -0.10908 0.14955
vn 0.97499 -0.08163 0.20673
vn 0.97499 -0.08163 0.20673
vn 0.98385 -0.11487 0.13728
vn -0.95722 0.03267 -0.28753
vn -0.97906 0.08305 -0.18587
vn -0.98078 0.08895 -0.17366
vn 0.2112 0.69024 -0.69207
vn -0.14713 -0.92681 0.3455
vn -0.14713 -0.92681 0.3455
vn 0.98616 -0.16226 0.03421
vn -0.98617 0.11464 -0.11966
vn -0.98617 0.11464 -0.11966
vn -0.50605 0.3363 0.79424
vn -0.50605 0.3363 0.79424
vn -0.50605 0.3363 0.79424
vn 0.35516 0.91974 -0.16713
vn 0.38177 0.90193 -0.20191
vn 0.20252 0.97904 0.02139
vn 0.20252 0.97904 0.02139
vn -0.50663 -0.788 0.34982
vn -0.34867 -0.92684 0.13931
vn -0.36539 -0.91694 0.16032
vn 0.79287 -0.20419 0.57417
vn 0.75999 -0.18447 0.6232
vn 0.75999 -0.18447 0.6232
vn 0.8002 -0.20874 0.56223
vn -0.70516 0.14803 -0.69343
vn -0.7725 0.18616 -0.60711
vn -0.78057 0.19098 -0.59518
vn 0.57552 0.65901 -0.48423
vn -0.25855 -0.96554 0.0299
vn 0.85097 -0.24238 0.46595
vn -0.8098 0.20902 -0.54821
vn 0.211 0.14949 0.96599
vn 0.211 0.14949 0.96599
vn 0.211 0.14949 0.96599
vn 0.07798 0.98218 -0.171
vn 0.073 0.97514 -0.20923
vn 0.10178 0.99433 0.03091
vn 0.10178 0.99433 0.03091
vn -0.06031 -0.92088 0.38515
vn -0.09031 -0.98436 0.15126
vn -0.08764 -0.98078 0.17431
vn 0.9709 -0.11628 -0.20934
vn 0.98304 -0.10862 -0.14775
vn 0.98304 -0.10862 -0.14775
vn 0.96771 -0.11791 -0.22279
vn -0.99448 0.08987 0.0542
vn -0.98018 0.10483 0.16809
vn -0.97752 0.10657 0.1819
vn 0.02403 0.84605 -0.53256
vn -0.10312 -0.99413 0.03268
vn 0.93458 -0.13033 -0.33101
vn -0.9643 0.1136 0.2392
vn -0.9643 0.1136 0.2392
vn 0.49979 0.26333 0.82515
vn 0.49979 0.26333 0.82515
vn 0.49979 0.26333 0.82515
vn -0.13276 0.96365 -0.23183
vn -0.14598 0.95524 -0.2573
vn -0.03489 0.99843 -0.04379
vn -0.03489 0.99843 -0.04379
vn 0.22252 -0.87707 0.42571
vn 0.11558 -0.96976 0.21494
vn 0.12343 -0.96524 0.23039
vn 0.84638 -0.01495 -0.53237
vn 0.88838 0.00542 -0.45908
vn 0.88838 0.00542 -0.45908
vn 0.83626 -0.01943 -0.54799
vn -0.93796 -0.04402 0.34393
vn -0.87488 -0.00698 0.48428
vn -0.86555 -0.00238 0.50082
vn -0.29754 0.77947 -0.55127
vn 0.05939 -0.99275 0.10452
vn 0.05939 -0.99275 0.10452
vn 0.74286 -0.05545 -0.66715
vn -0.82313 0.01677 0.56761
vn -0.82313 0.01677 0.56761
vn -0.23709 0.5348 0.81104
vn -0.23709 0.5348 0.81104
vn -0.23709 0.5348 0.81104
vn -0.23709 0.5348 0.81104
vn 0.07456 0.84193 -0.53442
vn 0.08459 0.82494 -0.55886
vn 0.02204 0.9158 -0.40104
vn 0.02204 0.9158 -0.40104
vn -0.13962 -0.73616 0.66225
vn -0.07673 -0.85132 0.51901
vn -0.08294 -0.84158 0.53373
vn 0.97186 0.05507 0.22902
vn 0.9555 0.08704 0.28187
vn 0.9555 0.08704 0.28187
vn 0.97483 0.04824 0.21767
vn -0.92413 -0.14125 -0.35502
vn -0.96147 -0.08407 -0.26173
vn -0.96505 -0.07721 -0.25042
vn 0.1707 0.63579 -0.75275
vn -0.04492 -0.89597 0.44185
vn -0.04492 -0.89597 0.44185
vn 0.99257 -0.00906 0.12136
vn -0.9786 -0.04697 -0.20032
vn -0.9786 -0.04697 -0.20032
vn -0.50015 0.34023 0.7963
vn -0.50015 0.34023 0.7963
vn -0.50015 0.34023 0.7963
vn 0.19555 0.93911 -0.28256
vn 0.22234 0.92182 -0.3175
vn 0.04799 0.99487 -0.089
vn 0.04799 0.99487 -0.089
vn -0.35364 -0.81258 0.46331
vn -0.18982 -0.94809 0.25513
vn -0.20649 -0.93861 0.27637
vn 0.85034 -0.02124 0.52581
vn 0.81801 -0.00155 0.57521
vn 0.81801 -0.00155 0.57521
vn 0.85752 -0.0259 0.51381
vn -0.76299 -0.03386 -0.64553
vn -0.82963 0.00296 -0.5583
vn -0.83755 0.00779 -0.5463
vn 0.43306 0.68163 -0.58978
vn -0.102 -0.98444 0.14308
vn -0.102 -0.98444 0.14308
vn 0.90662 -0.06161 0.41743
vn -0.86611 0.02626 -0.49916
vn -0.86611 0.02626 -0.49916
vn 0.08761 0.40898 -0.90833
vn 0.08761 0.40898 -0.90833
vn 0.08761 0.40898 -0.90833
vn 0.08761 0.40898 -0.90833
vn -0.36197 0.86188 0.35515
vn -0.36825 0.84416 0.38959
vn -0.32061 0.9321 0.16853
vn -0.32061 0.9321 0.16853
vn 0.40136 -0.74074 -0.53871
vn 0.36737 -0.8683 -0.33332
vn 0.37163 -0.8582 -0.35411
vn -0.92835 -0.30612 -0.21087
vn -0.92113 -0.28161 -0.26872
vn -0.92113 -0.28161 -0.26872
vn -0.92943 -0.31134 -0.19804
vn 0.9054 0.23688 0.35234
vn 0.92604 0.28399 0.24859
vn 0.92772 0.28949 0.23567
vn -0.39837 0.62996 0.66668
vn 0.34259 -0.91219 -0.22481
vn 0.34259 -0.91219 -0.22481
vn -0.93158 -0.35178 -0.09168
vn 0.9327 0.31191 0.18104
vn 0.9327 0.31191 0.18104
vn -0.69281 -0.24352 -0.67876
vn -0.69281 -0.24352 -0.67876
vn -0.69281 -0.24352 -0.67876
vn -0.69281 -0.24352 -0.67876
vn -0.07691 0.96225 -0.26109
vn -0.05756 0.96921 -0.2394
vn -0.21318 0.88718 -0.40923
vn -0.21318 0.88718 -0.40923
vn -0.06593 -0.99437 0.08296
vn 0.09789 -0.95693 0.27331
vn 0.08644 -0.96164 0.26035
vn -0.70221 0.1302 0.69997
vn -0.76074 0.10635 0.64029
vn -0.76074 0.10635 0.64029
vn -0.68861 0.13532 0.71239
vn 0.83877 -0.07675 -0.53904
vn 0.74372 -0.12182 -0.6573
vn 0.73065 -0.12719 -0.67081
vn 0.18503 0.98167 0.04572
vn 0.17735 -0.91523 0.3618
vn 0.17735 -0.91523 0.3618
vn -0.56888 0.17504 0.80358
vn 0.67324 -0.14901 -0.72425
vn 0.67324 -0.14901 -0.72425
vn 0.3544 0.78515 -0.50788
vn 0.3544 0.78515 -0.50788
vn -0.44426 0.61859 0.64806
vn -0.45738 0.59369 0.66207
vn -0.37024 0.7363 0.56637
vn -0.37025 0.7363 0.56637
vn 0.52014 -0.47081 -0.71259
vn 0.44333 -0.63186 -0.63577
vn 0.45149 -0.61733 -0.64425
vn -0.82672 -0.0102 -0.56252
vn -0.80216 0.03839 -0.59587
vn -0.83152 -0.02055 -0.55512
vn 0.76235 -0.11608 0.63667
vn 0.81344 -0.02851 0.58095
vn 0.81878 -0.01809 0.57382
vn -0.55435 0.34423 0.75776
vn 0.39969 -0.70196 -0.58949
vn 0.39969 -0.70196 -0.58949
vn -0.86548 -0.10659 -0.48947
vn 0.84037 0.0276 0.54131
vn 0.84037 0.0276 0.54131
vn 0.92191 -0.31843 -0.22063
vn 0.92191 -0.31843 -0.22063
vn 0.92191 -0.31843 -0.22063
vn 0.31412 0.94849 -0.0411
vn 0.26939 0.96241 -0.03467
vn 0.53695 0.84042 -0.07327
vn 0.53695 0.84042 -0.07327
vn -0.04847 -0.99866 0.01819
vn -0.33751 -0.93961 0.0567
vn -0.31072 -0.94901 0.05318
vn -0.23572 0.03354 -0.97124
vn -0.17865 0.01224 -0.98384
vn -0.17865 0.01224 -0.98384
vn -0.24911 0.03856 -0.96771
vn 0.08749 0.01569 0.99604
vn 0.19522 -0.024 0.98046
vn 0.20917 -0.02919 0.97744
vn -0.14531 0.98908 0.02452
vn -0.47039 -0.87935 0.07402
vn -0.47039 -0.87935 0.07402
vn -0.3506 0.07707 -0.93335
vn 0.26213 -0.04899 0.96379
vn 0.26213 -0.04899 0.96379
vn 0.89106 -0.13393 -0.43367
vn 0.89106 -0.13393 -0.43367
vn 0.05321 0.98045 -0.18946
vn 0.01688 0.98435 -0.17539
vn 0.23994 0.93599 -0.25761
vn 0.15816 -0.98044 0.11716
vn -0.06928 -0.97611 0.20593
vn -0.04741 -0.97908 0.19786
vn -0.46386 -0.14639 -0.87373
vn -0.40717 -0.15658 -0.89983
vn -0.40717 -0.15658 -0.89983
vn -0.47607 -0.14407 -0.86752
vn 0.3176 0.16499 0.93376
vn 0.42472 0.14749 0.89323
vn 0.43748 0.14521 0.88743
vn -0.3055 0.9514 -0.03895
vn -0.17986 -0.95265 0.24518
vn -0.17986 -0.95265 0.24518
vn -0.57249 -0.12406 -0.81047
vn 0.48975 0.13536 0.86129
vn 0.48975 0.13536 0.86129
vn 0.71453 -0.01428 -0.69946
vn 0.71453 -0.01428 -0.69946
vn 0.71453 -0.01428 -0.69946
vn 0.71453 -0.01428 -0.69946
vn 0.04369 0.9986 0.02976
vn 0.02105 0.99856 0.04925
vn 0.20446 0.97263 -0.11036
vn 0.20446 0.97263 -0.11036
vn 0.13689 -0.97567 -0.17125
vn -0.05675 -0.99835 -0.00859
vn -0.0431 -0.99887 -0.02018
vn -0.71259 0.04876 -0.69989
vn -0.64922 0.0449 -0.75927
vn -0.64922 0.0449 -0.75927
vn -0.72582 0.04956 -0.68609
vn 0.5441 -0.04647 0.83773
vn 0.66922 -0.05426 0.74108
vn 0.68357 -0.05513 0.7278
vn -0.25946 0.92257 0.28555
vn -0.15208 -0.98568 0.07284
vn -0.15208 -0.98568 0.07284
vn -0.82332 0.05538 -0.56487
vn 0.74039 -0.05852 0.66962
vn 0.74039 -0.05852 0.66962
vn 0.9475 0.3186 -0.02728
vn 0.9475 0.3186 -0.02728
vn 0.9475 0.3186 -0.02728
vn -0.32064 0.94323 -0.08669
vn -0.35013 0.93251 -0.08851
vn -0.16485 0.98338 -0.07602
vn -0.16485 0.98338 -0.07602
vn 0.482 -0.86978 0.10568
vn 0.30451 -0.94791 0.09346
vn 0.32219 -0.94192 0.09479
vn -0.01152 -0.09924 -0.995
vn 0.04977 -0.08114 -0.99546
vn -0.02456 -0.10304 -0.99437
vn -0.13897 0.04542 0.98925
vn -0.02856 0.07887 0.99648
vn -0.01542 0.08277 0.99645
vn -0.59841 0.79481 -0.10088
vn 0.21353 -0.97313 0.0862
vn 0.21353 -0.97313 0.0862
vn -0.13304 -0.13397 -0.98201
vn 0.04215 0.09968 0.99413
vn 0.04215 0.09968 0.99413
vn 0.95234 0.16064 0.25932
vn 0.95234 0.16064 0.25932
vn 0.95234 0.16064 0.25932
vn -0.09086 0.9579 -0.27233
vn -0.13435 0.94816 -0.288
vn 0.14068 0.97354 -0.18007
vn 0.14068 0.97354 -0.18007
vn 0.3297 -0.87002 0.36656
vn 0.06153 -0.95975 0.27403
vn 0.08782 -0.95477 0.28408
vn 0.27913 -0.24005 -0.92976
vn 0.33823 -0.23129 -0.9122
vn 0.33823 -0.23129 -0.9122
vn 0.26497 -0.24199 -0.9334
vn -0.42631 0.21105 0.87961
vn -0.31914 0.22928 0.91955
vn -0.30476 0.23145 0.92388
vn -0.49916 0.77075 -0.39596
vn -0.07407 -0.97292 0.21894
vn 0.15374 -0.25519 -0.95459
vn -0.24904 0.23924 0.93848
vn -0.24904 0.23924 0.93848
vn -0.77795 0.62651 0.04767
vn -0.77795 0.62651 0.04767
vn -0.77795 0.62651 0.04767
vn 0.62757 0.76576 0.14057
vn 0.65726 0.74017 0.14197
vn 0.45872 0.87904 0.12987
vn 0.45872 0.87904 0.12987
vn -0.78104 -0.60423 -0.15775
vn -0.60993 -0.77824 -0.14943
vn -0.62812 -0.7634 -0.15063
vn -0.0417 -0.15065 0.98771
vn -0.09204 -0.11242 0.98939
vn -0.09204 -0.11242 0.98939
vn -0.0306 -0.15899 0.98681
vn 0.1637 0.04849 -0.98532
vn 0.07228 0.11942 -0.99021
vn 0.06101 0.12801 -0.98989
vn 0.87418 0.46357 0.14459
vn -0.51226 -0.847 -0.14206
vn -0.51226 -0.847 -0.14206
vn 0.06032 -0.22592 0.97228
vn 0.01376 0.16361 -0.98643
vn 0.01376 0.16361 -0.98643
vn -0.52465 0.01214 0.85123
vn -0.52465 0.01214 0.85123
vn -0.52465 0.01214 0.85123
vn 0.00207 0.99984 -0.01767
vn 0.01932 0.99893 -0.04205
vn -0.12131 0.98011 0.1571
vn -0.12131 0.98011 0.1571
vn -0.14178 -0.96977 0.19859
vn 0.0055 -0.99997 -0.00603
vn -0.00496 -0.99995 0.00851
vn 0.86181 0.00374 0.50721
vn 0.81455 0.00225 0.58009
vn 0.81455 0.00225 0.58009
vn 0.87136 0.00406 0.49063
vn -0.73173 -0.00827 -0.68155
vn -0.83003 -0.01105 -0.55762
vn -0.84077 -0.01137 -0.54128
vn 0.23029 0.91212 -0.33911
vn 0.07891 -0.99101 -0.10806
vn 0.07891 -0.99101 -0.10806
vn 0.9369 0.00663 0.34953
vn -0.88197 -0.01268 -0.47114
vn -0.88197 -0.01268 -0.47114
vn -0.58092 0.63129 -0.51382
vn -0.58092 0.63129 -0.51382
vn -0.58092 0.63129 -0.51382
vn 0.63983 0.74396 0.19273
vn 0.65631 0.72439 0.211
vn 0.5456 0.83249 0.09631
vn 0.5456 0.83249 0.09631
vn -0.71889 -0.62658 -0.30099
vn -0.6267 -0.75594 -0.18924
vn -0.63665 -0.74467 -0.20036
vn -0.497 0.20447 0.84331
vn -0.53513 0.24272 0.80915
vn -0.53513 0.24272 0.80915
vn -0.48863 0.19622 0.85014
vn 0.5833 -0.30423 -0.75313
vn 0.51878 -0.23708 -0.82138
vn 0.51066 -0.2289 -0.82875
vn 0.7744 0.51676 0.36505
vn -0.57303 -0.80884 -0.132
vn -0.57303 -0.80884 -0.132
vn -0.4153 0.12607 0.90091
vn 0.47397 -0.19255 -0.85923
vn 0.47397 -0.19255 -0.85923
vn -0.51034 -0.33266 -0.79303
vn -0.51034 -0.33266 -0.79303
vn -0.51034 -0.33266 -0.79303
vn 0.10903 0.89138 -0.43995
vn 0.12939 0.90718 -0.40035
vn -0.00183 0.77547 -0.63139
vn -0.00183 0.77547 -0.63139
vn -0.20802 -0.95822 0.1963
vn -0.08644 -0.88483 0.45782
vn -0.0986 -0.89542 0.43416
vn -0.8464 0.31349 0.43051
vn -0.87737 0.29111 0.38141
vn -0.87737 0.29111 0.38141
vn -0.83858 0.31861 0.44189
vn 0.91795 -0.25903 -0.30044
vn 0.86733 -0.30301 -0.39488
vn 0.85981 -0.30849 -0.40689
vn 0.29368 0.95575 -0.0171
vn -0.02306 -0.81922 0.57301
vn -0.02306 -0.81922 0.57301
vn -0.7721 0.35583 0.52654
vn 0.82923 -0.32878 -0.45198
vn 0.82923 -0.32878 -0.45198
vn 0 0.01788 0.99984
vn 0 0.01788 0.99984
vn 0 1 0
vn 0 0.01788 -0.99984
vn 0 0.01788 -0.99984
vn 0.99984 0.01788 0
vn 0.99984 0.01788 0
vn -0.99984 0.01788 0
vn -0.99984 0.01788 0
vn -0.64373 0.01676 0.76507
vn -0.64373 0.01676 0.76507
vn -0.64373 0.01676 0.76507
vn 0.64369 0.01676 -0.76511
vn 0.64369 0.01676 -0.7651
vn 0.64369 0.01676 -0.76511
vn 0.76509 0.01676 0.6437
vn 0.76509 0.01676 0.6437
vn -0.76507 0.01676 -0.64373
vn -0.76507 0.01676 -0.64373
vn -0.76507 0.01676 -0.64373
vn -0.76507 0.01676 -0.64373
vn -0.99487 0.01676 0.09974
vn -0.99487 0.01676 0.09974
vn -0.99487 0.01676 0.09974
vn -0.99487 0.01676 0.09974
vn 0.99487 0.01676 -0.09974
vn 0.99487 0.01676 -0.09974
vn 0.99487 0.01676 -0.09974
vn 0.09973 0.01676 0.99487
vn 0.09973 0.01676 0.99487
vn 0.09973 0.01676 0.99487
vn 0.09973 0.01676 0.99487
vn -0.09973 0.01676 -0.99487
vn -0.09973 0.01676 -0.99487
vn -0.09973 0.01676 -0.99487
vn -0.09973 0.01676 -0.99487
vn -0.96338 0.01676 -0.26761
vn -0.96338 0.01676 -0.26761
vn -0.96338 0.01676 -0.26761
vn 0 1 -0
vn 0 1 -0
vn 0.96338 0.01676 0.26762
vn 0.96338 0.01676 0.26762
vn 0.96338 0.01676 0.26762
vn -0.26762 0.01676 0.96338
vn -0.26762 0.01676 0.96338
vn -0.26762 0.01676 0.96338
vn -0.26762 0.01676 0.96338
vn 0.26764 0.01676 -0.96337
vn 0.26764 0.01676 -0.96337
vn 0.26764 0.01676 -0.96337
vn -0.36329 0.01676 -0.93153
vn -0.36329 0.01676 -0.93153
vn -0.36329 0.01676 -0.93153
vn -0.36329 0.01676 -0.93153
vn 0 1 0
vn 0 1 0
vn 0 1 0
vn 0.36329 0.01676 0.93153
vn -0.93152 0.01676 0.3633
vn -0.93152 0.01676 0.3633
vn -0.93152 0.01676 0.3633
vn 0.93152 0.01676 -0.36329
vn 0.93152 0.01676 -0.36329
vn 0.9578 0.01676 -0.28694
vn 0.9578 0.01676 -0.28694
vn -0.9578 0.01676 0.28696
vn -0.9578 0.01676 0.28696
vn -0.9578 0.01676 0.28696
vn -0.28696 0.01676 -0.9578
vn -0.28696 0.01676 -0.9578
vn -0.28696 0.01676 -0.9578
vn -0.28696 0.01676 -0.9578
vn 0.28698 0.01676 0.95779
vn 0.28698 0.01676 0.95779
vn 0.28698 0.01676 0.95779
vn 0.28698 0.01676 0.95779
vn 0.94605 0.01676 0.32359
vn 0.94605 0.01676 0.32359
vn -0.94604 0.01676 -0.3236
vn -0.94604 0.01676 -0.3236
vn -0.94604 0.01676 -0.3236
vn 0.32357 0.01676 -0.94606
vn 0.32357 0.01676 -0.94606
vn 0.32357 0.01676 -0.94606
vn 0.32357 0.01676 -0.94606
vn -0.32359 0.01676 0.94605
vn 0.9241 0.01572 -0.38182
vn 0.9241 0.01572 -0.38182
vn 0.9241 0.01572 -0.38182
vn 0 1 -0
vn 0 1 -0
vn 0 1 -0
vn 0 1 -0
vn -0.9241 0.01572 0.38183
vn -0.9241 0.01572 0.38183
vn -0.9241 0.01572 0.38183
vn -0.38185 0.01572 -0.92409
vn -0.38185 0.01572 -0.92409
vn 0.3818 0.01572 0.92411
vn 0.3818 0.01572 0.92411
vn 0.3818 0.01572 0.92411
vn 0.3818 0.01572 0.92411
vn 0.95294 0.01572 0.30276
vn 0.95294 0.01572 0.30276
vn 0.95294 0.01572 0.30276
vn 0 1 0
vn 0 1 0
vn 0 1 0
vn -0.95293 0.01572 -0.30279
vn -0.95293 0.01572 -0.30279
vn -0.95293 0.01572 -0.30279
vn -0.95293 0.01572 -0.30279
vn 0.30275 0.01572 -0.95294
vn 0.30275 0.01572 -0.95294
vn 0.30276 0.01572 -0.95294
vn 0.30275 0.01572 -0.95294
vn -0.30281 0.01572 0.95292
vn -0.30281 0.01572 0.95292
vn 0.47209 0.01572 0.88141
vn 0.47209 0.01572 0.88141
vn 0.47209 0.01572 0.88141
vn -0.47209 0.01572 -0.88141
vn -0.47209 0.01572 -0.88141
vn -0.47209 0.01572 -0.88141
vn -0.47209 0.01572 -0.88141
vn 0.88141 0.01572 -0.4721
vn 0.88141 0.01572 -0.4721
vn 0.88141 0.01572 -0.4721
vn -0.8814 0.01572 0.4721
vn -0.8814 0.01572 0.4721
vn -0.8814 0.01572 0.4721
vn -0.8814 0.01572 0.4721
vn 0.12054 0.01573 0.99258
vn 0.12054 0.01573 0.99258
vn 0.12054 0.01573 0.99258
vn 0 1 -0
vn -0.12058 0.01572 -0.99258
vn -0.12058 0.01572 -0.99258
vn -0.12058 0.01572 -0.99258
vn 0.99258 0.01572 -0.12056
vn 0.99258 0.01572 -0.12056
vn 0.99258 0.01572 -0.12056
vn -0.99258 0.01572 0.12055
vn -0.99258 0.01572 0.12055
vn -0.99258 0.01572 0.12055
vn -0.72219 0.01572 0.69151
vn -0.72219 0.01572 0.69151
vn -0.72219 0.01572 0.69151
vn 0.72219 0.01572 -0.69151
vn 0.72219 0.01572 -0.69151
vn 0.72219 0.01572 -0.69151
vn 0.69151 0.01572 0.7222
vn 0.69151 0.01572 0.7222
vn -0.69151 0.01572 -0.7222
vn -0.69151 0.01572 -0.7222
vn -0.69151 0.01572 -0.7222
vn -0.63098 0.01572 -0.77564
vn -0.63098 0.01572 -0.77564
vn -0.63098 0.01572 -0.77564
vn 0 1 -0
vn 0 1 -0
vn 0.63098 0.01572 0.77564
vn 0.63098 0.01572 0.77564
vn 0.63098 0.01572 0.77564
vn 0.63098 0.01572 0.77564
vn -0.77565 0.01572 0.63097
vn -0.77565 0.01572 0.63097
vn -0.77565 0.01572 0.63097
vn 0.77565 0.01572 -0.63097
vn 0.77565 0.01572 -0.63097
vn 0.77565 0.01572 -0.63097
vn -0.06224 0.01572 -0.99794
vn -0.06224 0.01572 -0.99794
vn -0.06224 0.01572 -0.99794
vn 0.06224 0.01572 0.99794
vn 0.06224 0.01572 0.99794
vn 0.06224 0.01572 0.99794
vn -0.99794 0.01572 0.06221
vn -0.99794 0.01572 0.06221
vn -0.99794 0.01572 0.06221
vn 0.99794 0.01572 -0.0622
vn -0.56626 0.01572 0.82408
vn -0.56626 0.01572 0.82408
vn -0.56626 0.01572 0.82408
vn 0 1 0
vn 0 1 0
vn 0 1 0
vn 0.56622 0.01572 -0.82411
vn 0.56622 0.01572 -0.82411
vn 0.56622 0.01572 -0.82411
vn 0.56622 0.01572 -0.82411
vn 0.82409 0.01572 0.56624
vn 0.82409 0.01572 0.56624
vn 0.82409 0.01572 0.56624
vn 0.82409 0.01572 0.56624
vn -0.82408 0.01572 -0.56626
vn -0.82408 0.01572 -0.56626
vn -0.82408 0.01572 -0.56626
vn -0.82408 0.01572 -0.56626
vn -0.96384 0.01572 0.26603
vn -0.96384 0.01572 0.26603
vn -0.96384 0.01572 0.26603
vn 0.96384 0.01572 -0.26603
vn 0.96384 0.01572 -0.26603
vn 0.96384 0.01572 -0.26603
vn 0.96384 0.01572 -0.26603
vn 0.26601 0.01572 0.96384
vn 0.26601 0.01572 0.96384
vn -0.26604 0.01572 -0.96383
vn -0.26604 0.01572 -0.96383
vn -0.26604 0.01572 -0.96383
vn -0.87646 0.01572 -0.48123
vn -0.87646 0.01572 -0.48123
vn -0.87646 0.01572 -0.48123
vn 0 1 -0
vn 0 1 -0
vn 0.87647 0.01572 0.4812
vn 0.87647 0.01572 0.4812
vn 0.87647 0.01572 0.4812
vn -0.48123 0.01572 0.87645
vn -0.48123 0.01572 0.87645
vn 0.48122 0.01572 -0.87646
vn 0.48122 0.01572 -0.87646
vn 0.48122 0.01572 -0.87646
vn -0.64244 0.01572 -0.76617
vn -0.64244 0.01572 -0.76617
vn -0.64244 0.01572 -0.76617
vn 0.64246 0.01572 0.76615
vn 0.64246 0.01572 0.76615
vn 0.64246 0.01572 0.76615
vn -0.76617 0.01572 0.64245
vn -0.76617 0.01572 0.64245
vn -0.76617 0.01572 0.64245
vn 0.76616 0.01572 -0.64246
vn 0.76616 0.01572 -0.64246
vn 0.76616 0.01572 -0.64246
vn 0.76616 0.01572 -0.64246
vn 0.22811 0.01572 -0.97351
vn 0.22811 0.01572 -0.97351
vn 0.22811 0.01572 -0.97351
vn -0.22808 0.01572 0.97352
vn -0.22808 0.01572 0.97352
vn -0.22808 0.01572 0.97352
vn -0.22808 0.01572 0.97352
vn -0.97351 0.01572 -0.2281
vn -0.97351 0.01572 -0.2281
vn -0.97351 0.01572 -0.2281
vn 0.9735 0.01572 0.22813
vn 0.9735 0.01572 0.22812
vn 0.9735 0.01572 0.22812
vn 0.95193 0.01572 0.30592
vn 0.95193 0.01572 0.30592
vn 0.95193 0.01572 0.30592
vn 0.95193 0.01572 0.30592
vn -0.95192 0.01572 -0.30594
vn -0.95192 0.01572 -0.30594
vn -0.95192 0.01572 -0.30594
vn 0.30589 0.01572 -0.95194
vn 0.30589 0.01572 -0.95194
vn 0.30589 0.01572 -0.95194
vn -0.30589 0.01572 0.95194
vn -0.30589 0.01572 0.95194
vn -0.30589 0.01572 0.95194
vn 0.59649 0.01572 0.80247
vn 0.59649 0.01572 0.80247
vn 0.59649 0.01572 0.80247
vn -0.59649 0.01572 -0.80247
vn -0.59649 0.01572 -0.80247
vn 0.80247 0.01572 -0.59648
vn 0.80247 0.01572 -0.59648
vn 0.80247 0.01572 -0.59648
vn -0.80247 0.01572 0.59649
vn -0.80247 0.01572 0.59649
vn -0.80247 0.01572 0.59649
vn -0.99987 0.01572 0.00453
vn -0.99987 0.01572 0.00453
vn -0.99987 0.01572 0.00453
vn 0.99987 0.01572 -0.00452
vn 0.99987 0.01572 -0.00452
vn 0.99987 0.01572 -0.00452
vn 0.99987 0.01572 -0.00452
vn 0.00452 0.01572 0.99987
vn 0.00452 0.01572 0.99987
vn -0.00454 0.01572 -0.99987
vn -0.00454 0.01572 -0.99987
vn -0.00454 0.01572 -0.99987
vn -0.00454 0.01572 -0.99987
vn -0.768 0.01572 -0.64025
vn -0.768 0.01572 -0.64025
vn 0.768 0.01572 0.64026
vn 0.768 0.01572 0.64026
vn 0.768 0.01572 0.64026
vn -0.64025 0.01572 0.768
vn -0.64025 0.01572 0.768
vn -0.64025 0.01572 0.768
vn 0.64025 0.01572 -0.76801
vn 0.64025 0.01572 -0.76801
vn 0.64025 0.01572 -0.76801
vn 0.64025 0.01572 -0.76801
vn -0.10423 0.01572 -0.99443
vn -0.10423 0.01572 -0.99443
vn -0.10423 0.01572 -0.99443
vn 0 1 0
vn 0 1 0
vn 0 1 0
vn 0 1 0
vn 0.10429 0.01572 0.99442
vn 0.10429 0.01572 0.99442
vn 0.10429 0.01572 0.99442
vn -0.99443 0.01572 0.10424
vn -0.99443 0.01572 0.10424
vn 0.99443 0.01572 -0.10425
vn 0.99443 0.01572 -0.10425
vn 0.26326 0.01572 -0.9646
vn 0.26326 0.01572 -0.9646
vn -0.26327 0.01572 0.9646
vn -0.9646 0.01572 -0.26325
vn -0.9646 0.01572 -0.26325
vn -0.9646 0.01572 -0.26325
vn -0.9646 0.01572 -0.26325
vn 0.9646 0.01572 0.26325
vn 0.9646 0.01572 0.26325
vn 0.9646 0.01572 0.26325
vn 0.92987 0.01572 -0.36754
vn 0.92987 0.01572 -0.36754
vn 0.92987 0.01572 -0.36754
vn -0.92987 0.01572 0.36754
vn -0.92987 0.01572 0.36754
vn -0.92987 0.01572 0.36754
vn -0.36753 0.01572 -0.92988
vn -0.36753 0.01572 -0.92988
vn -0.36753 0.01572 -0.92988
vn -0.36753 0.01572 -0.92988
vn 0.36753 0.01572 0.92988
vn 0.36753 0.01572 0.92988
vn 0.36753 0.01572 0.92988
vn 0.29126 0.01572 0.95651
vn 0.29126 0.01572 0.95651
vn 0.29126 0.01572 0.95651
vn 0 1 0
vn 0 1 0
vn -0.29129 0.01572 -0.95651
vn -0.29129 0.01572 -0.95651
vn -0.29129 0.01572 -0.95651
vn 0.95651 0.01572 -0.29128
vn 0.95651 0.01572 -0.29128
vn 0.95651 0.01572 -0.29128
vn -0.95651 0.01572 0.29129
vn -0.95651 0.01572 0.29129
vn -0.3193 0.01572 0.94752
vn -0.3193 0.01572 0.94752
vn 0 1 -0
vn 0 1 -0
vn 0 1 -0
vn 0.31926 0.01572 -0.94754
vn 0.31926 0.01572 -0.94754
vn 0.94752 0.01572 0.3193
vn 0.94752 0.01572 0.3193
vn 0.94752 0.01572 0.3193
vn -0.94753 0.01572 -0.31929
vn -0.94753 0.01572 -0.31929
vn -0.99987 0.01572 0.00453
vn -0.99987 0.01572 0.00453
vn -0.99987 0.01572 0.00453
vn -0.99987 0.01572 0.00453
vn 0.99987 0.01572 -0.00452
vn 0.99987 0.01572 -0.00452
vn 0.00454 0.01572 0.99987
vn 0.00454 0.01572 0.99987
vn 0.00454 0.01572 0.99987
vn -0.00449 0.01572 -0.99987
vn -0.00449 0.01572 -0.99987
vn -0.768 0.01572 -0.64026
vn -0.768 0.01572 -0.64026
vn -0.768 0.01572 -0.64026
vn 0.76801 0.01572 0.64024
vn 0.76801 0.01572 0.64024
vn 0.76801 0.01572 0.64024
vn -0.64027 0.01572 0.76799
vn -0.64027 0.01572 0.76799
vn -0.64027 0.01572 0.76799
vn 0.64025 0.01572 -0.768
vn 0.64025 0.01572 -0.768
vn 0.64025 0.01572 -0.768
vn 0.64025 0.01572 -0.768
vn -0.10429 0.01572 -0.99442
vn -0.10429 0.01572 -0.99442
vn -0.10429 0.01572 -0.99442
vn 0 1 -0
vn 0 1 -0
vn 0.10423 0.01572 0.99443
vn 0.10423 0.01572 0.99443
vn 0.10423 0.01572 0.99443
vn -0.99443 0.01572 0.10425
vn -0.99443 0.01572 0.10425
vn -0.99443 0.01572 0.10425
vn 0.99443 0.01572 -0.10425
vn 0.99443 0.01572 -0.10425
vn 0.26323 0.01572 -0.9646
vn 0.26323 0.01572 -0.9646
vn 0.26323 0.01572 -0.9646
vn -0.26327 0.01572 0.9646
vn -0.26327 0.01572 0.9646
vn -0.26327 0.01572 0.9646
vn -0.26327 0.01572 0.9646
vn -0.9646 0.01572 -0.26326
vn -0.9646 0.01572 -0.26326
vn -0.9646 0.01572 -0.26326
vn 0.92988 0.01572 -0.36752
vn 0.92988 0.01572 -0.36752
vn 0.92988 0.01572 -0.36752
vn -0.92988 0.01572 0.36752
vn -0.92988 0.01572 0.36752
vn -0.92988 0.01572 0.36752
vn -0.36753 0.01572 -0.92988
vn -0.36753 0.01572 -0.92988
vn -0.36753 0.01572 -0.92988
vn 0.36753 0.01572 0.92988
vn 0.36753 0.01572 0.92988
vn 0.36753 0.01572 0.92988
vn 0.29126 0.01572 0.95651
vn 0 1 0
vn 0 1 0
vn -0.29128 0.01572 -0.95651
vn -0.29128 0.01572 -0.95651
vn -0.29128 0.01572 -0.95651
vn 0.9565 0.01572 -0.29129
vn 0.9565 0.01572 -0.29129
vn 0.9565 0.01572 -0.29129
vn -0.9565 0.01572 0.29131
vn -0.9565 0.01572 0.29131
vn -0.9565 0.01572 0.29131
vn -0.31929 0.01572 0.94753
vn -0.31929 0.01572 0.94753
vn -0.31929 0.01572 0.94753
vn 0 1 0
vn 0 1 0
vn 0 1 0
vn 0.31929 0.01572 -0.94753
vn 0.31929 0.01572 -0.94753
vn 0.31929 0.01572 -0.94753
vn 0.94752 0.01572 0.3193
vn 0.94752 0.01572 0.3193
vn -0.94752 0.01572 -0.3193
vn -0.94752 0.01572 -0.3193
vn 0.03425 0.01572 -0.99929
vn 0.03425 0.01572 -0.99929
vn 0 1 0
vn 0 1 0
vn -0.03425 0.01572 0.99929
vn -0.03425 0.01572 0.99929
vn -0.03425 0.01572 0.99929
vn -0.03425 0.01572 0.99929
vn -0.99929 0.01572 -0.03424
vn -0.99929 0.01572 -0.03424
vn -0.99929 0.01572 -0.03424
vn 0.99929 0.01572 0.03425
vn 0.99929 0.01572 0.03425
vn 0.99929 0.01572 0.03425
vn 0.66954 0.01572 -0.74261
vn 0.66954 0.01572 -0.74261
vn 0.66954 0.01572 -0.74261
vn -0.66954 0.01572 0.74261
vn -0.66954 0.01572 0.74261
vn -0.66954 0.01572 0.74261
vn -0.66954 0.01572 0.74261
vn -0.7426 0.01572 -0.66955
vn -0.7426 0.01572 -0.66955
vn -0.7426 0.01572 -0.66955
vn 0.74261 0.01572 0.66954
vn 0.74261 0.01572 0.66954
vn 0.74261 0.01572 0.66954
vn 0.74261 0.01572 0.66954
vn 0.99772 0.01572 -0.06561
vn 0.99772 0.01572 -0.06561
vn 0.99772 0.01572 -0.06561
vn -0.99772 0.01572 0.06561
vn -0.99772 0.01572 0.06561
vn -0.0656 0.01572 -0.99772
vn -0.0656 0.01572 -0.99772
vn -0.0656 0.01572 -0.99772
vn 0.06563 0.01572 0.99772
vn 0.06563 0.01572 0.99772
vn 0.95366 0.01572 0.30046
vn 0.95366 0.01572 0.30046
vn -0.95366 0.01572 -0.30047
vn -0.95366 0.01572 -0.30047
vn -0.95366 0.01572 -0.30047
vn 0.30048 0.01572 -0.95366
vn 0.30048 0.01572 -0.95366
vn 0.30048 0.01572 -0.95366
vn -0.30048 0.01572 0.95366
vn -0.30048 0.01572 0.95366
vn -0.30048 0.01572 0.95366
vn 0.33116 0.01572 0.94344
vn 0.33116 0.01572 0.94344
vn 0.33116 0.01572 0.94344
vn 0 1 0
vn -0.33116 0.01572 -0.94344
vn -0.33116 0.01572 -0.94344
vn 0.94343 0.01572 -0.3312
vn 0.94343 0.01572 -0.3312
vn 0.94343 0.01572 -0.3312
vn -0.94343 0.01572 0.33119
vn -0.94343 0.01572 0.33119
vn -0.96708 0.01572 0.25398
vn -0.96708 0.01572 0.25398
vn -0.96708 0.01572 0.25398
vn 0.96708 0.01572 -0.25397
vn 0.96708 0.01572 -0.25397
vn 0.25401 0.01572 0.96707
vn 0.25401 0.01572 0.96707
vn 0.25401 0.01572 0.96707
vn 0.25401 0.01572 0.96707
vn -0.25398 0.01573 -0.96708
vn -0.25398 0.01573 -0.96708
vn -0.25398 0.01573 -0.96708
vn -0.93443 0.01572 -0.3558
vn -0.93443 0.01572 -0.3558
vn -0.93443 0.01572 -0.3558
vn -0.93443 0.01572 -0.3558
vn 0.93442 0.01572 0.35582
vn 0.93442 0.01572 0.35582
vn 0.93442 0.01572 0.35582
vn -0.35578 0.01572 0.93444
vn -0.35578 0.01572 0.93444
vn 0.35581 0.01572 -0.93443
vn 0.35581 0.01572 -0.93443
vn 0.35581 0.01572 -0.93443
vn 0.35581 0.01572 -0.93443
vn 0.87193 0.01572 -0.48938
vn 0.87193 0.01572 -0.48938
vn 0.87193 0.01572 -0.48938
vn 0.87193 0.01572 -0.48938
vn -0.87193 0.01572 0.48938
vn -0.87193 0.01572 0.48938
vn -0.87193 0.01572 0.48938
vn -0.48936 0.01572 -0.87194
vn -0.48936 0.01572 -0.87194
vn -0.48936 0.01572 -0.87194
vn 0.48937 0.01572 0.87194
vn 0.48937 0.01572 0.87194
vn 0.48937 0.01572 0.87194
vn 0.98225 0.01572 0.18691
vn 0.98225 0.01572 0.18691
vn 0.98225 0.01572 0.18691
vn 0.98225 0.01572 0.18691
vn -0.98225 0.01572 -0.18689
vn -0.98225 0.01572 -0.18689
vn -0.98225 0.01572 -0.18689
vn 0.18687 0.01572 -0.98226
vn 0.18687 0.01572 -0.98226
vn 0.18687 0.01572 -0.98226
vn -0.18688 0.01572 0.98226
vn -0.18688 0.01572 0.98226
vn -0.18688 0.01572 0.98226
vn -0.18688 0.01572 0.98226
vn 0.57388 0.01572 0.81879
vn 0.57388 0.01572 0.81879
vn 0.57388 0.01572 0.81879
vn -0.57392 0.01572 -0.81876
vn -0.57392 0.01572 -0.81876
vn 0.81877 0.01572 -0.57391
vn 0.81877 0.01572 -0.57391
vn 0.81877 0.01572 -0.57391
vn -0.81875 0.01572 0.57394
vn -0.81875 0.01572 0.57394
vn -0.81875 0.01572 0.57394
vn 0.23811 0.01572 0.97111
vn 0.23811 0.01572 0.97111
vn 0 1 -0
vn 0 1 -0
vn -0.23814 0.01572 -0.9711
vn -0.23814 0.01572 -0.9711
vn 0.9711 0.01573 -0.23815
vn 0.9711 0.01573 -0.23815
vn 0.9711 0.01573 -0.23815
vn -0.9711 0.01572 0.23815
vn -0.9711 0.01572 0.23815
vn -0.9711 0.01572 0.23815
vn -0.63452 0.01572 0.77275
vn -0.63452 0.01572 0.77275
vn -0.63452 0.01572 0.77275
vn 0 1 0
vn 0 1 0
vn 0.63452 0.01572 -0.77275
vn 0.63452 0.01572 -0.77275
vn 0.63452 0.01572 -0.77275
vn 0.77275 0.01572 0.63452
vn 0.77275 0.01572 0.63452
vn 0.77275 0.01572 0.63452
vn -0.77275 0.01572 -0.63452
vn -0.71902 0.01573 -0.69481
vn -0.71902 0.01573 -0.69481
vn -0.71902 0.01573 -0.69481
vn 0.71901 0.01572 0.69482
vn 0.71901 0.01572 0.69482
vn -0.69478 0.01572 0.71905
vn -0.69478 0.01572 0.71905
vn 0.6948 0.01572 -0.71903
vn 0.6948 0.01572 -0.71903
vn 0.6948 0.01572 -0.71903
vn -0.18085 0.01572 -0.98338
vn -0.18085 0.01572 -0.98338
vn -0.18085 0.01572 -0.98338
vn -0.18085 0.01572 -0.98338
vn 0 1 0
vn 0 1 0
vn 0.18085 0.01572 0.98338
vn 0.18085 0.01572 0.98338
vn 0.18085 0.01572 0.98338
vn -0.98338 0.01572 0.18086
vn -0.98338 0.01572 0.18086
vn 0.98339 0.01572 -0.18085
vn 0.98339 0.01572 -0.18085
vn 0.98339 0.01572 -0.18085
vn 0.98339 0.01572 -0.18085
vn -0.98095 0.01572 0.19363
vn -0.98095 0.01572 0.19363
vn 0.98095 0.01572 -0.19364
vn 0.98095 0.01572 -0.19364
vn 0.19362 0.01572 0.98095
vn 0.19362 0.01572 0.98095
vn -0.19362 0.01572 -0.98095
vn -0.19362 0.01572 -0.98095
vn -0.19362 0.01572 -0.98095
vn -0.19362 0.01572 -0.98095
vn -0.87528 0.01572 -0.48336
vn -0.87528 0.01572 -0.48336
vn -0.87528 0.01572 -0.48336
vn -0.87528 0.01572 -0.48336
vn 0 1 -0
vn 0.87528 0.01572 0.48337
vn 0.87528 0.01572 0.48337
vn -0.48338 0.01572 0.87527
vn -0.48338 0.01572 0.87527
vn -0.48338 0.01572 0.87527
vn 0.48342 0.01572 -0.87525
vn 0.48342 0.01572 -0.87525
vn 0.48342 0.01572 -0.87525
vn 0.48342 0.01572 -0.87525
vn -0.29054 0.01572 -0.95673
vn -0.29054 0.01572 -0.95673
vn 0 1 0
vn 0 1 0
vn 0.29054 0.01572 0.95673
vn 0.29054 0.01572 0.95673
vn -0.95674 0.01572 0.29051
vn -0.95674 0.01572 0.29051
vn 0.95674 0.01572 -0.29051
vn 0.95674 0.01572 -0.29051
vn 0.07596 0.01572 -0.99699
vn 0.07596 0.01572 -0.99699
vn 0.07596 0.01572 -0.99699
vn 0 1 -0
vn -0.07601 0.01573 0.99698
vn -0.07601 0.01573 0.99698
vn -0.07601 0.01573 0.99698
vn -0.07601 0.01573 0.99698
vn -0.99699 0.01573 -0.07597
vn -0.99699 0.01573 -0.07597
vn -0.99699 0.01573 -0.07597
vn -0.99699 0.01573 -0.07597
vn 0.99699 0.01572 0.07598
vn 0.99699 0.01572 0.07598
vn 0.99699 0.01572 0.07598
vn 0.99699 0.01572 0.07598
vn 0.84354 0.01572 -0.53683
vn 0.84354 0.01572 -0.53683
vn -0.84356 0.01572 0.53681
vn -0.84356 0.01572 0.53681
vn -0.84356 0.01572 0.53681
vn -0.53682 0.01572 -0.84355
vn -0.53682 0.01572 -0.84355
vn -0.53682 0.01572 -0.84355
vn 0.53686 0.01572 0.84353
vn 0.53685 0.01572 0.84353
vn 0.53686 0.01572 0.84353
vn 0.46703 0.01572 0.8841
vn 0.46703 0.01572 0.8841
vn 0.46703 0.01572 0.8841
vn -0.46703 0.01572 -0.8841
vn -0.46703 0.01572 -0.8841
vn -0.46703 0.01572 -0.8841
vn -0.46703 0.01572 -0.8841
vn 0.88411 0.01572 -0.46702
vn 0.88411 0.01572 -0.46702
vn 0.88411 0.01572 -0.46702
vn -0.8841 0.01572 0.46703
vn -0.8841 0.01572 0.46703
vn -0.8841 0.01572 0.46703
vn -0.8841 0.01572 0.46703
vn -0.13427 0.01572 0.99082
vn -0.13427 0.01572 0.99082
vn 0 1 0
vn 0.13427 0.01572 -0.99082
vn 0.13427 0.01572 -0.99082
vn 0.13427 0.01572 -0.99082
vn 0.99082 0.01572 0.13425
vn 0.99082 0.01572 0.13425
vn 0.99082 0.01572 0.13425
vn -0.99082 0.01572 -0.13425
vn -0.99082 0.01572 -0.13425
vn -0.99082 0.01572 -0.13425
vn 0.85679 0.50968 -0.07837
vn 0.85679 0.50968 -0.07837
vn 0.85679 0.50968 -0.07837
vn 0.85679 0.50968 -0.07837
vn -0.5153 0.85674 -0.02125
vn -0.55522 0.83142 -0.02164
vn -0.28695 0.95777 -0.01843
vn -0.28695 0.95777 -0.01843
vn 0.72607 -0.68659 0.03771
vn 0.49188 -0.87003 0.03308
vn 0.51655 -0.8556 0.03365
vn -0.06695 -0.06756 -0.99547
vn -0.01284 -0.03715 -0.99923
vn -0.01284 -0.03715 -0.99923
vn -0.07973 -0.07473 -0.99401
vn -0.06812 -0.01461 0.99757
vn 0.03269 0.04235 0.99857
vn 0.04588 0.04978 0.99771
vn -0.84758 0.53017 -0.02289
vn 0.35908 -0.93284 0.02968
vn 0.35908 -0.93284 0.02968
vn -0.17778 -0.12949 -0.97551
vn 0.09633 0.07815 0.99228
vn 0.54052 0.40892 0.73527
vn 0.54052 0.40892 0.73527
vn 0.54052 0.40892 0.73527
vn 0.54052 0.40892 0.73527
vn 0.03283 0.86188 -0.50605
vn 0.01456 0.84418 -0.53587
vn 0.12648 0.93211 -0.33937
vn 0.06026 -0.74076 0.66906
vn -0.05143 -0.86831 0.49336
vn -0.04074 -0.85822 0.51167
vn 0.83243 -0.30622 -0.46183
vn 0.86561 -0.28174 -0.41393
vn 0.86561 -0.28174 -0.41393
vn 0.82468 -0.31144 -0.47213
vn -0.90965 0.23685 0.34122
vn -0.85586 0.28399 0.43227
vn -0.84847 0.28951 0.44303
vn -0.14779 0.62993 -0.76246
vn -0.10536 -0.9122 0.39596
vn -0.10536 -0.9122 0.39596
vn 0.75538 -0.35185 -0.55281
vn -0.81577 0.31193 0.48704
vn -0.81577 0.31193 0.48704
vn 0.86134 0.50697 0.0328
vn 0.86134 0.50697 0.0328
vn -0.51141 0.85669 0.06744
vn -0.53681 0.84123 0.06454
vn -0.31636 0.9447 0.0864
vn -0.31636 0.9447 0.0864
vn 0.69369 -0.71945 -0.03431
vn 0.49053 -0.8692 -0.06223
vn 0.50603 -0.8604 -0.06037
vn -0.02177 0.06161 -0.99786
vn 0.05433 0.10331 -0.99316
vn 0.05433 0.10331 -0.99316
vn -0.0385 0.05237 -0.99788
vn -0.16409 -0.17171 0.97139
vn -0.02632 -0.09738 0.9949
vn -0.0092 -0.088 0.99608
vn -0.80907 0.58723 0.02393
vn 0.37728 -0.92309 -0.07468
vn 0.37728 -0.92309 -0.07468
vn -0.17379 -0.02335 -0.9845
vn 0.06204 -0.04862 0.99689
vn 0.06204 -0.04862 0.99689
vn -0.99095 -0.13389 -0.00958
vn -0.99095 -0.13389 -0.00958
vn -0.99095 -0.13389 -0.00958
vn -0.99095 -0.13389 -0.00958
vn -0.1322 0.98044 0.14578
vn -0.09335 0.98436 0.14941
vn -0.32969 0.93599 0.12341
vn -0.32969 0.93599 0.12341
vn -0.08927 -0.98044 -0.17541
vn 0.15388 -0.97612 -0.15336
vn 0.13071 -0.97909 -0.1559
vn 0.02512 -0.14645 0.9889
vn -0.03725 -0.15667 0.98695
vn -0.03725 -0.15667 0.98695
vn 0.03885 -0.14412 0.9888
vn 0.13249 0.16481 -0.97739
vn 0.01862 0.14735 -0.98891
vn 0.00464 0.14507 -0.98941
vn 0.25598 0.9514 0.17121
vn 0.27036 -0.95265 -0.13915
vn 0.27036 -0.95265 -0.13915
vn 0.15061 -0.12406 0.98078
vn -0.05378 0.13525 -0.98935
vn -0.05378 0.13525 -0.98935
vn -0.8629 0.20529 0.46181
vn -0.8629 0.20529 0.46181
vn -0.8629 0.20529 0.46181
vn -0.8629 0.20529 0.46181
vn 0.12904 0.97135 -0.19957
vn 0.15563 0.96489 -0.21159
vn -0.06438 0.99202 -0.1084
vn -0.06438 0.99202 -0.1084
vn -0.33373 -0.90055 0.27863
vn -0.11111 -0.97678 0.1832
vn -0.1272 -0.97343 0.19039
vn 0.50647 0.10504 0.85584
vn 0.4302 0.12016 0.8947
vn 0.4302 0.12016 0.8947
vn 0.52275 0.1016 0.84641
vn -0.31017 -0.14923 -0.9389
vn -0.45547 -0.12348 -0.88165
vn -0.47268 -0.12007 -0.87301
vn 0.47121 0.81234 -0.34361
vn 0.00272 -0.99136 0.13115
vn 0.00272 -0.99136 0.13115
vn 0.64775 0.07234 0.75841
vn -0.54233 -0.10541 -0.83352
vn -0.54233 -0.10541 -0.83352
vn -0.86005 0.31872 -0.39841
vn -0.86005 0.31872 -0.39841
vn -0.86005 0.31872 -0.39841
vn 0.24824 0.94322 0.22071
vn 0.27383 0.93249 0.23552
vn 0.1136 0.98338 0.14161
vn 0.1136 0.98338 0.14161
vn -0.3841 -0.86981 -0.30966
vn -0.23076 -0.94792 -0.21952
vn -0.24599 -0.94193 -0.2286
vn -0.43368 -0.09902 0.89561
vn -0.48876 -0.0809 0.86866
vn -0.48876 -0.0809 0.86866
vn -0.42173 -0.10283 0.90087
vn 0.56582 0.04558 -0.82327
vn 0.47027 0.07902 -0.87898
vn 0.45851 0.08292 -0.88481
vn 0.49048 0.79478 0.35743
vn -0.15262 -0.97313 -0.17243
vn -0.15262 -0.97313 -0.17243
vn -0.31906 -0.13379 0.93824
vn 0.40597 0.09982 -0.90842
vn 0.40597 0.09982 -0.90842
vn -0.17905 0.4284 -0.88567
vn -0.17905 0.4284 -0.88567
vn -0.17905 0.4284 -0.88567
vn -0.17905 0.4284 -0.88567
vn 0.02894 0.91555 0.40117
vn 0.03379 0.89373 0.44733
vn 0.00267 0.9893 0.14587
vn 0.00267 0.9893 0.14587
vn -0.04194 -0.75116 -0.65879
vn -0.01441 -0.92592 -0.37745
vn -0.01721 -0.91318 -0.4072
vn -0.98001 -0.05775 0.1904
vn -0.99057 -0.03188 0.13326
vn -0.97767 -0.06241 0.20069
vn 0.99887 -0.01309 -0.04576
vn 0.9875 0.03545 -0.15356
vn 0.98549 0.04055 -0.16483
vn 0.07148 0.60659 0.7918
vn -5E-05 -0.97519 -0.22135
vn -5E-05 -0.97519 -0.22135
vn -0.94786 -0.10766 0.29995
vn 0.97338 0.06544 -0.21964
vn 0.97338 0.06544 -0.21964
vn 0.71745 0.6265 0.30457
vn 0.71745 0.6265 0.30457
vn 0.71745 0.6265 0.30457
vn -0.49888 0.76575 -0.40589
vn -0.52482 0.74016 -0.42039
vn -0.35252 0.87905 -0.32095
vn -0.35252 0.87905 -0.32095
vn 0.62849 -0.60427 0.48975
vn 0.4791 -0.77825 0.40593
vn 0.49483 -0.76342 0.41512
vn 0.47818 -0.15064 -0.86525
vn 0.52391 -0.1124 -0.84433
vn 0.52391 -0.1124 -0.84433
vn 0.46786 -0.15897 -0.86939
vn -0.58636 0.04859 0.80859
vn -0.50679 0.1196 0.85374
vn -0.49656 0.1282 0.85848
vn -0.71779 0.46354 -0.51953
vn 0.395 -0.847 0.35575
vn 0.395 -0.847 0.35575
vn 0.38017 -0.22591 -0.8969
vn -0.45276 0.16384 0.87645
vn 0.84936 0.01211 -0.52767
vn 0.84936 0.01211 -0.52767
vn 0.84936 0.01211 -0.52767
vn -0.00972 0.99984 0.01487
vn -0.03606 0.99893 0.029
vn 0.17868 0.9801 -0.08645
vn 0.17868 0.9801 -0.08645
vn 0.21554 -0.96977 -0.11441
vn -0.00761 -0.99997 0.00295
vn 0.00826 -0.99995 -0.0054
vn -0.54489 0.00373 -0.8385
vn -0.47007 0.00224 -0.88263
vn -0.47007 0.00224 -0.88263
vn -0.56083 0.00406 -0.82792
vn 0.35044 -0.00805 0.93655
vn 0.49387 -0.01087 0.86947
vn 0.51079 -0.0112 0.85963
vn -0.35744 0.91212 0.20067
vn -0.11885 -0.99101 0.06147
vn -0.11885 -0.99101 0.06147
vn -0.68244 0.00665 -0.73091
vn 0.57902 -0.01253 0.81521
vn 0.57902 -0.01253 0.81521
vn 0.18061 0.85552 0.48525
vn 0.18061 0.85552 0.48525
vn 0.18061 0.85552 0.48525
vn -0.68757 0.46193 -0.56024
vn -0.69095 0.43553 -0.57698
vn -0.65963 0.58972 -0.46595
vn -0.65963 0.58972 -0.46595
vn 0.69056 -0.31007 0.65344
vn 0.67996 -0.47787 0.55615
vn 0.68211 -0.46243 0.56647
vn 0.70282 0.21766 -0.67725
vn 0.71532 0.2709 -0.64415
vn 0.71532 0.2709 -0.64415
vn 0.69979 0.20621 -0.68394
vn -0.72328 -0.35248 0.59381
vn -0.70651 -0.25841 0.65884
vn -0.70389 -0.24702 0.66597
vn -0.6902 0.17978 -0.70093
vn 0.66546 -0.55338 0.50094
vn 0.66546 -0.55338 0.50094
vn 0.66949 0.10935 -0.73473
vn -0.69086 -0.19653 0.69577
vn -0.69086 -0.19653 0.69577
vn 0.10267 -0.33265 0.93744
vn 0.10267 -0.33265 0.93744
vn 0.10267 -0.33265 0.93744
vn -0.29392 0.89137 0.34507
vn -0.29447 0.90718 0.30052
vn -0.28015 0.77544 0.56587
vn -0.28015 0.77544 0.56587
vn 0.27376 -0.95823 -0.08282
vn 0.28171 -0.88484 -0.37107
vn 0.28204 -0.89542 -0.3445
vn 0.94954 0.31354 -0.00748
vn 0.95535 0.29116 0.05029
vn 0.94763 0.31867 -0.02117
vn -0.95558 -0.25892 -0.14082
vn -0.95242 -0.30292 -0.03372
vn -0.95106 -0.30839 -0.01964
vn -0.27044 0.95575 -0.11577
vn 0.27642 -0.81923 -0.50245
vn 0.27642 -0.81923 -0.50245
vn 0.92592 0.35588 -0.1266
vn -0.94381 -0.32869 0.03437
vn -0.94381 -0.32869 0.03437
vn 0.14387 0.97885 -0.14542
vn 0.14387 0.97885 -0.14542
vn 0.14387 0.97885 -0.14542
vn 0.14387 0.97885 -0.14542
vn -0.87171 0.2251 0.43526
vn -0.88134 0.17487 0.43894
vn -0.78501 0.47489 0.3978
vn -0.78501 0.47489 0.3978
vn 0.90083 0.0793 -0.42687
vn 0.87092 -0.25173 -0.42207
vn 0.8782 -0.22014 -0.42463
vn -0.45775 -0.08245 -0.88525
vn -0.44684 -0.02043 -0.89438
vn -0.44684 -0.02043 -0.89438
vn -0.45953 -0.09365 -0.88321
vn 0.43097 -0.07685 0.89909
vn 0.45503 0.03904 0.88962
vn 0.4572 0.05127 0.88788
vn -0.86453 -0.27449 0.42101
vn 0.82018 -0.40675 -0.40232
vn 0.82018 -0.40675 -0.40232
vn -0.47373 -0.20277 -0.85701
vn 0.46678 0.11098 0.87738
vn 0.46678 0.11098 0.87738
vn -0.2575 0.94576 0.19807
vn -0.2575 0.94576 0.19807
vn 0.71677 0.3226 -0.6182
vn 0.72843 0.28546 -0.62282
vn 0.63879 0.50661 -0.57905
vn 0.63879 0.50661 -0.57905
vn -0.77559 -0.10711 0.62208
vn -0.71604 -0.34348 0.60771
vn -0.72368 -0.32147 0.61069
vn 0.6504 0.00231 0.75959
vn 0.63207 0.06142 0.77247
vn 0.63207 0.06142 0.77247
vn 0.65409 -0.0107 0.75634
vn -0.60377 -0.15283 -0.78237
vn -0.64249 -0.04505 -0.76497
vn -0.64665 -0.0318 -0.76213
vn 0.78144 -0.06205 -0.62089
vn -0.67104 -0.45248 0.58735
vn -0.67104 -0.45248 0.58735
vn 0.67946 -0.11691 0.72434
vn -0.6626 0.02365 -0.7486
vn -0.6626 0.02365 -0.7486
vn -0.75796 -0.64956 0.05972
vn -0.75796 -0.64956 0.05972
vn -0.75796 -0.64956 0.05972
vn -0.75796 -0.64956 0.05972
vn -0.61532 0.74711 0.2514
vn -0.59198 0.76577 0.25131
vn -0.76602 0.59411 0.24547
vn 0.42082 -0.87088 -0.25395
vn 0.63225 -0.73034 -0.25858
vn 0.61855 -0.7419 -0.25881
vn 0.22533 -0.14319 0.9637
vn 0.16063 -0.20119 0.96629
vn 0.16063 -0.20119 0.96629
vn 0.23935 -0.13028 0.96215
vn -0.05587 0.2796 -0.95849
vn -0.17596 0.17705 -0.96834
vn -0.19054 0.16404 -0.96788
vn -0.25978 0.9376 0.23113
vn 0.72263 -0.6426 -0.25468
vn 0.72263 -0.6426 -0.25468
vn 0.34985 -0.0237 0.93651
vn -0.25039 0.10922 -0.96196
vn -0.25039 0.10922 -0.96196
vn 0.85442 0.50967 -0.10098
vn 0.85442 0.50967 -0.10098
vn 0.85442 0.50967 -0.10098
vn -0.51568 0.85675 -0.00764
vn -0.55561 0.83141 -0.00697
vn -0.28731 0.95778 -0.01085
vn -0.28731 0.95778 -0.01085
vn 0.72682 -0.68658 0.01853
vn 0.49256 -0.87004 0.02007
vn 0.51724 -0.85561 0.01999
vn -0.09328 -0.06751 -0.99335
vn -0.03924 -0.03706 -0.99854
vn -0.03924 -0.03706 -0.99854
vn -0.10603 -0.07468 -0.99155
vn -0.04168 -0.0145 0.99903
vn 0.05905 0.04245 0.99735
vn 0.0722 0.04987 0.99614
vn -0.84791 0.53014 -0.0005
vn 0.3597 -0.93285 0.02017
vn 0.3597 -0.93285 0.02017
vn -0.20365 -0.12949 -0.97044
vn 0.12246 0.07824 0.98938
vn 0.12246 0.07824 0.98938
vn -0.32656 0.40887 0.85216
vn -0.32656 0.40887 0.85216
vn -0.32656 0.40887 0.85216
vn 0.4436 0.86187 -0.24576
vn 0.45884 0.84416 -0.27726
vn 0.35391 0.93211 -0.07694
vn 0.35391 0.93211 -0.07694
vn -0.53041 -0.74078 0.41221
vn -0.44292 -0.8683 0.22331
vn -0.45256 -0.85822 0.24219
vn 0.8384 -0.30627 0.45088
vn 0.81603 -0.28181 0.50466
vn 0.81603 -0.28181 0.50466
vn 0.84287 -0.31149 0.43879
vn -0.77869 0.23683 -0.581
vn -0.82621 0.28396 -0.48656
vn -0.83127 0.28948 -0.47454
vn 0.56184 0.62992 -0.53622
vn -0.39012 -0.9122 0.12531
vn -0.39012 -0.9122 0.12531
vn 0.87331 -0.35189 0.3369
vn -0.85063 0.31191 -0.42325
vn -0.85063 0.31191 -0.42325
vn 0.43778 0.50706 0.74246
vn 0.43778 0.50706 0.74246
vn 0.43778 0.50706 0.74246
vn -0.33309 0.85668 -0.39388
vn -0.34438 0.84123 -0.41682
vn -0.24365 0.9447 -0.21951
vn -0.24365 0.9447 -0.21951
vn 0.40371 -0.71946 0.56516
vn 0.31745 -0.86919 0.37913
vn 0.32426 -0.86039 0.39317
vn 0.82785 0.06155 -0.55756
vn 0.86506 0.10324 -0.49093
vn 0.86506 0.10324 -0.49093
vn 0.81882 0.05231 -0.57166
vn -0.90596 -0.17186 0.38691
vn -0.85134 -0.09748 0.51547
vn -0.84309 -0.08809 0.5305
vn -0.45733 0.58723 -0.66784
vn 0.26673 -0.92307 0.27711
vn 0.73437 -0.02341 -0.67835
vn -0.80531 -0.04869 0.59085
vn -0.80531 -0.04869 0.59085
vn -0.83338 -0.13397 0.53622
vn -0.83338 -0.13397 0.53622
vn -0.03037 0.98044 0.19444
vn 0.00409 0.98436 0.17613
vn -0.20769 0.936 0.28421
vn -0.20769 0.936 0.28421
vn -0.17092 -0.98044 -0.09757
vn 0.04435 -0.97612 -0.21267
vn 0.0236 -0.97909 -0.20207
vn 0.56411 -0.14637 0.81262
vn 0.51091 -0.1566 0.84525
vn 0.57552 -0.14404 0.805
vn -0.42603 0.16485 -0.88956
vn -0.52757 0.14742 -0.83663
vn -0.53953 0.14514 -0.82936
vn 0.30797 0.95139 0.00251
vn 0.1495 -0.95265 -0.26477
vn 0.1495 -0.95265 -0.26477
vn 0.66451 -0.12394 0.73693
vn -0.58833 0.13532 -0.79721
vn -0.58833 0.13532 -0.79722
vn -0.46754 0.20548 0.85976
vn -0.46754 0.20548 0.85976
vn -0.46754 0.20548 0.85976
vn -0.46754 0.20548 0.85976
vn -0.00176 0.97135 -0.23765
vn 0.01386 0.96489 -0.26229
vn -0.11334 0.99202 -0.05523
vn -0.11334 0.99202 -0.05523
vn -0.12583 -0.90054 0.41616
vn 0.00777 -0.97677 0.21413
vn -0.00172 -0.97343 0.22897
vn 0.89327 0.10507 0.43708
vn 0.85087 0.12021 0.51143
vn 0.85087 0.12021 0.51143
vn 0.90169 0.10163 0.42026
vn -0.77487 -0.14937 -0.61422
vn -0.86482 -0.12363 -0.48662
vn -0.87446 -0.12023 -0.46996
vn 0.2051 0.81233 -0.54594
vn 0.0743 -0.99136 0.1081
vn 0.95783 0.07234 0.27808
vn -0.91098 -0.10557 -0.39872
vn -0.91098 -0.10557 -0.39872
vn -0.93757 0.31867 0.13935
vn -0.93757 0.31867 0.13935
vn -0.93757 0.31867 0.13935
vn 0.32868 0.94321 0.04811
vn 0.3582 0.93249 0.04643
vn 0.1727 0.98338 0.05596
vn 0.1727 0.98338 0.05596
vn -0.49107 -0.86981 -0.04783
vn -0.31342 -0.94792 -0.05671
vn -0.33113 -0.94193 -0.05595
vn 0.12941 -0.09904 0.98663
vn 0.06862 -0.08092 0.99436
vn 0.06862 -0.08092 0.99436
vn 0.14226 -0.10284 0.98447
vn 0.02048 0.04542 -0.99876
vn -0.08983 0.0789 -0.99283
vn -0.10282 0.08279 -0.99125
vn 0.60624 0.79474 0.02931
vn -0.22226 -0.97312 -0.06028
vn -0.22226 -0.97312 -0.06028
vn 0.24847 -0.1338 0.95935
vn -0.15964 0.09972 -0.98212
vn -0.15964 0.09972 -0.98212
vn -0.63617 0.42834 -0.64173
vn -0.63617 0.42834 -0.64173
vn -0.63617 0.42834 -0.64173
vn 0.24449 0.91556 0.31935
vn 0.27389 0.89374 0.35526
vn 0.08234 0.9893 0.12042
vn 0.08234 0.9893 0.12042
vn -0.39681 -0.75114 -0.52756
vn -0.21929 -0.92593 -0.30753
vn -0.23798 -0.91317 -0.33087
vn -0.71442 -0.05776 0.69733
vn -0.75462 -0.0319 0.65538
vn -0.75462 -0.0319 0.65538
vn -0.70683 -0.06242 0.70462
vn 0.80955 -0.01317 -0.58691
vn 0.74089 0.03538 -0.67069
vn 0.73301 0.04049 -0.67901
vn 0.49455 0.6066 0.62246
vn -0.12159 -0.9752 -0.18496
vn -0.12159 -0.9752 -0.18496
vn -0.62744 -0.10766 0.77119
vn 0.69283 0.06538 -0.71813
vn 0.69283 0.06538 -0.71813
vn 0.76685 0.62648 -0.13949
vn 0.76685 0.62648 -0.13949
vn 0.76685 0.62648 -0.13949
vn -0.6398 0.76577 -0.06519
vn -0.66943 0.74019 -0.06306
vn -0.47086 0.87905 -0.07459
vn -0.47086 0.87905 -0.07459
vn 0.79422 -0.60425 0.06406
vn 0.62333 -0.77825 0.07608
vn 0.64153 -0.76341 0.07511
vn -0.07565 -0.15065 -0.98569
vn -0.02584 -0.11241 -0.99333
vn -0.02584 -0.11241 -0.99333
vn -0.08656 -0.15898 -0.98348
vn -0.04594 0.04858 0.99776
vn 0.04534 0.11955 0.99179
vn 0.05648 0.12814 0.99015
vn -0.88516 0.46358 -0.03991
vn 0.52548 -0.847 0.08034
vn -0.17515 -0.22592 -0.95827
vn 0.10294 0.16376 0.98111
vn 0.10294 0.16376 0.98111
vn 0.42001 0.01215 -0.90744
vn 0.42001 0.01215 -0.90744
vn 0.42001 0.01215 -0.90744
vn 0.42001 0.01215 -0.90744
vn 2E-05 0.99984 0.0178
vn -0.01421 0.99893 0.04403
vn 0.1018 0.98011 -0.17037
vn 0.11732 -0.96977 -0.21398
vn -0.00473 -0.99997 0.00664
vn 0.00395 -0.99995 -0.00905
vn -0.91585 0.00376 -0.4015
vn -0.87753 0.0023 -0.47952
vn -0.87753 0.0023 -0.47952
vn -0.92335 0.00408 -0.38394
vn 0.80723 -0.00814 0.59018
vn 0.89023 -0.01094 0.45538
vn 0.89896 -0.01127 0.43788
vn -0.18847 0.91212 0.36402
vn -0.06557 -0.99101 0.11665
vn -0.06557 -0.99101 0.11665
vn -0.97173 0.0066 -0.23602
vn 0.93159 -0.01258 0.3633
vn 0.93159 -0.01258 0.3633
vn 0.41741 0.85553 0.30633
vn 0.41741 0.85553 0.30633
vn 0.41741 0.85553 0.30633
vn 0.41741 0.85553 0.30633
vn -0.88227 0.46194 -0.09059
vn -0.89429 0.43554 -0.10273
vn -0.80715 0.58972 -0.02713
vn -0.80715 0.58972 -0.02713
vn 0.93598 -0.31003 0.1668
vn 0.87369 -0.47783 0.0913
vn 0.88116 -0.46239 0.09875
vn 0.21549 0.21762 -0.95195
vn 0.24421 0.27081 -0.93114
vn 0.24421 0.27081 -0.93114
vn 0.20926 0.20617 -0.95588
vn -0.27813 -0.35252 0.89352
vn -0.22852 -0.25845 0.93861
vn -0.22243 -0.24705 0.94313
vn -0.96173 0.1798 -0.20676
vn 0.83125 -0.55335 0.05312
vn 0.83125 -0.55335 0.05312
vn 0.15585 0.10936 -0.98171
vn -0.19525 -0.19657 0.96085
vn -0.19525 -0.19657 0.96085
vn 0.60072 -0.3326 0.72699
vn 0.60072 -0.3326 0.72699
vn 0.60072 -0.3326 0.72699
vn -0.05611 0.89138 0.44977
vn -0.08103 0.90719 0.41285
vn 0.07666 0.77546 0.62672
vn 0.07666 0.77546 0.62672
vn 0.1833 -0.95822 -0.21956
vn 0.03163 -0.88484 -0.46482
vn 0.0465 -0.89542 -0.44279
vn 0.78942 0.31353 -0.52774
vn 0.82601 0.29113 -0.48265
vn 0.82601 0.29113 -0.48265
vn 0.78031 0.31866 -0.53812
vn -0.87591 -0.25893 0.40712
vn -0.81445 -0.30292 0.49489
vn -0.80557 -0.3084 0.50591
vn -0.28958 0.95575 0.05177
vn -0.04495 -0.81923 -0.5717
vn -0.04495 -0.81923 -0.5717
vn 0.70424 0.35592 -0.6143
vn -0.76985 -0.3287 0.54707
vn -0.76985 -0.3287 0.54707
vn 0.04038 0.97886 -0.20052
vn 0.04038 0.97886 -0.20052
vn 0.04038 0.97886 -0.20052
vn -0.48945 0.2251 0.84248
vn -0.49548 0.17487 0.85084
vn -0.43758 0.47489 0.76355
vn -0.43758 0.47489 0.76355
vn 0.51841 0.07929 -0.85145
vn 0.49606 -0.25171 -0.83101
vn 0.50073 -0.22012 -0.83715
vn -0.86873 -0.08246 -0.48838
vn -0.86459 -0.02044 -0.50207
vn -0.86459 -0.02044 -0.50207
vn -0.8691 -0.09365 -0.48569
vn 0.85386 -0.07684 0.51479
vn 0.8688 0.03905 0.49363
vn 0.86966 0.05129 0.49098
vn -0.49125 -0.27451 0.82663
vn 0.4645 -0.40674 -0.78664
vn 0.4645 -0.40674 -0.78664
vn -0.86663 -0.20273 -0.4559
vn 0.87191 0.11101 0.47691
vn 0.87191 0.11101 0.47691
vn -0.10642 0.94576 0.30693
vn -0.10642 0.94576 0.30693
vn -0.10642 0.94576 0.30693
vn 0.25939 0.3226 -0.9103
vn 0.2666 0.28546 -0.92056
vn 0.2157 0.50661 -0.83476
vn 0.2157 0.50661 -0.83476
vn -0.30642 -0.10712 0.94585
vn -0.26465 -0.34347 0.90111
vn -0.26939 -0.32146 0.9078
vn 0.96072 0.00233 0.27752
vn 0.95247 0.06144 0.29838
vn 0.95247 0.06144 0.29838
vn 0.96202 -0.01068 0.27278
vn -0.93425 -0.15278 -0.32224
vn -0.95702 -0.04502 -0.28649
vn -0.95893 -0.03176 -0.28184
vn 0.312 -0.06206 -0.94805
vn -0.23828 -0.45245 0.85936
vn -0.23828 -0.45245 0.85936
vn 0.96565 -0.11691 0.23208
vn -0.96483 0.02369 -0.26181
vn -0.96483 0.02369 -0.26181
vn -0.60057 -0.64957 0.46623
vn -0.60057 -0.64957 0.46623
vn -0.37613 0.74711 0.54805
vn -0.35667 0.76577 0.53515
vn -0.5053 0.5941 0.62587
vn 0.21225 -0.87089 -0.44328
vn 0.38638 -0.73036 -0.56329
vn 0.37481 -0.74192 -0.55594
vn 0.71754 -0.14307 0.68166
vn 0.66489 -0.2011 0.71936
vn 0.66489 -0.2011 0.71936
vn 0.7284 -0.13016 0.67268
vn -0.57303 0.27967 -0.77034
vn -0.67887 0.17708 -0.71259
vn -0.6908 0.16406 -0.70419
vn -0.09017 0.9376 0.33583
vn 0.46405 -0.64262 -0.60967
vn 0.46405 -0.64262 -0.60967
vn 0.80665 -0.02354 0.59056
vn -0.73759 0.10922 -0.66636
vn -0.73759 0.10922 -0.66636
vn -0.47299 0.50962 0.71873
vn -0.47299 0.50962 0.71873
vn -0.47299 0.50962 0.71873
vn 0.33799 0.85674 -0.38956
vn 0.36321 0.8314 -0.42054
vn 0.19335 0.95777 -0.2128
vn 0.19335 0.95777 -0.2128
vn -0.48239 -0.68656 0.544
vn -0.33265 -0.87003 0.36386
vn -0.34851 -0.85558 0.38279
vn 0.81994 -0.06757 0.56844
vn 0.78912 -0.03715 0.61312
vn 0.78912 -0.03715 0.61312
vn 0.82678 -0.07474 0.55753
vn -0.73724 -0.01458 -0.67548
vn -0.80095 0.04244 -0.59722
vn -0.80851 0.04988 -0.58636
vn 0.54652 0.53012 -0.64829
vn -0.24715 -0.93284 0.26218
vn -0.24715 -0.93284 0.26218
vn 0.8735 -0.12953 0.46928
vn -0.83576 0.07827 -0.54349
vn -0.83576 0.07827 -0.54349
vn -0.91188 0.40888 -0.0359
vn -0.91188 0.40888 -0.0359
vn -0.91188 0.40889 -0.0359
vn -0.91188 0.40889 -0.0359
vn 0.37509 0.86188 0.34128
vn 0.4098 0.84417 0.3456
vn 0.18643 0.93211 0.31051
vn 0.18643 0.93211 0.31051
vn -0.56055 -0.74077 -0.37019
vn -0.35357 -0.86831 -0.34789
vn -0.37455 -0.85822 -0.35096
vn -0.15807 -0.30625 0.93873
vn -0.21625 -0.28179 0.93479
vn -0.21625 -0.28179 0.93479
vn -0.14519 -0.31147 0.9391
vn 0.30049 0.23672 -0.92394
vn 0.19576 0.28391 -0.93865
vn 0.18275 0.28943 -0.93959
vn 0.68813 0.62995 0.36005
vn -0.24381 -0.91221 -0.3293
vn -0.03885 -0.35185 0.93525
vn 0.12794 0.31188 -0.94147
vn 0.12794 0.31188 -0.94147
vn -0.56272 0.50707 0.65286
vn -0.56272 0.50707 0.65286
vn -0.56272 0.50707 0.65286
vn 0.26622 0.85668 -0.44185
vn 0.28432 0.84122 -0.4599
vn 0.12975 0.94469 -0.30119
vn 0.12975 0.94469 -0.30119
vn -0.40576 -0.71944 0.56371
vn -0.25726 -0.86918 0.4223
vn -0.26837 -0.86039 0.43326
vn 0.79367 0.06166 0.60522
vn 0.74251 0.10336 0.66182
vn 0.74251 0.10336 0.66182
vn 0.80412 0.05242 0.59215
vn -0.65711 -0.17182 -0.73395
vn -0.76136 -0.09747 -0.64096
vn -0.77295 -0.08809 -0.62833
vn 0.48585 0.58721 -0.64741
vn -0.17691 -0.92307 0.34153
vn 0.87806 -0.0233 0.47798
vn -0.81799 -0.04869 -0.57316
vn 0.6254 -0.13386 -0.76874
vn 0.6254 -0.13386 -0.76874
vn 0.6254 -0.13386 -0.76874
vn -0.03157 0.98044 -0.19425
vn -0.05863 0.98436 -0.16614
vn 0.10906 0.93599 -0.3347
vn 0.10906 0.93599 -0.3347
vn 0.19279 -0.98044 0.03961
vn 0.02392 -0.97612 0.21592
vn 0.04035 -0.97909 0.1994
vn -0.78873 -0.14638 -0.59706
vn -0.74832 -0.15658 -0.64459
vn -0.74832 -0.15658 -0.64459
vn -0.79721 -0.14406 -0.58626
vn 0.68146 0.16481 0.71306
vn 0.76146 0.14739 0.63123
vn 0.77057 0.14512 0.62061
vn -0.29348 0.9514 0.09334
vn -0.05983 -0.95265 0.29811
vn -0.05983 -0.95265 0.29811
vn -0.86062 -0.12403 -0.49391
vn 0.80695 0.13531 0.57491
vn 0.17705 0.20537 -0.96254
vn 0.17705 0.20537 -0.96254
vn 0.17705 0.20537 -0.96254
vn 0.17705 0.20537 -0.96254
vn 0.07555 0.97135 0.22533
vn 0.06837 0.96489 0.25361
vn 0.12489 0.99202 0.01727
vn 0.12489 0.99202 0.01727
vn -0.00975 -0.90055 -0.43465
vn -0.07395 -0.97677 -0.20111
vn -0.06954 -0.97343 -0.21816
vn -0.98488 0.10503 -0.1378
vn -0.9677 0.12016 -0.22164
vn -0.9677 0.12016 -0.22164
vn -0.98766 0.10159 -0.11919
vn 0.92738 -0.14934 0.34302
vn 0.97324 -0.1236 0.19373
vn 0.97722 -0.1202 0.1749
vn -0.02522 0.81234 0.58264
vn -0.10423 -0.99136 -0.07965
vn -0.99682 0.0723 0.03339
vn 0.98979 -0.10554 0.09582
vn 0.98979 -0.10554 0.09582
vn 0.84786 0.31861 -0.42382
vn 0.84786 0.31861 -0.42382
vn 0.84786 0.31861 -0.42382
vn 0.84786 0.31861 -0.42382
vn -0.32733 0.94322 0.05641
vn -0.35487 0.9325 0.06719
vn -0.18154 0.98338 0.00049
vn -0.18154 0.98338 0.00049
vn 0.48157 -0.86983 -0.10717
vn 0.31552 -0.94792 -0.0435
vn 0.33211 -0.94193 -0.04974
vn -0.4297 -0.09905 -0.89752
vn -0.37429 -0.08095 -0.92377
vn -0.37429 -0.08095 -0.92377
vn -0.44126 -0.10285 -0.89147
vn 0.29077 0.04548 0.95571
vn 0.39387 0.07895 0.91577
vn 0.40575 0.08285 0.91022
vn -0.58527 0.79479 0.16054
vn 0.23 -0.97312 -0.01178
vn 0.23 -0.97312 -0.01178
vn -0.53446 -0.13378 -0.83454
vn 0.45696 0.09977 0.88387
vn 0.45696 0.09977 0.88387
vn 0.80403 0.42841 0.41231
vn 0.80403 0.42841 0.41231
vn 0.80403 0.42841 0.41231
vn -0.33165 0.91555 -0.22754
vn -0.37076 0.89374 -0.25254
vn -0.1157 0.9893 -0.08887
vn -0.1157 0.9893 -0.08887
vn 0.54117 -0.75113 0.37807
vn 0.30406 -0.92591 0.22413
vn 0.32908 -0.91316 0.2405
vn 0.46227 -0.05778 -0.88485
vn 0.51353 -0.03192 -0.85748
vn 0.51353 -0.03192 -0.85748
vn 0.45279 -0.06244 -0.88943
vn -0.58716 -0.01309 0.80936
vn -0.49579 0.03542 0.86772
vn -0.48572 0.04053 0.87318
vn -0.66354 0.60659 -0.4379
vn 0.17309 -0.97519 0.138
vn 0.17309 -0.97519 0.138
vn 0.35661 -0.10768 -0.92803
vn -0.43532 0.0654 0.8979
vn -0.68546 0.62657 0.37089
vn -0.68546 0.62657 0.37089
vn -0.68546 0.62657 0.37089
vn -0.68546 0.62657 0.37089
vn 0.6284 0.76575 -0.13689
vn 0.65591 0.74016 -0.14812
vn 0.47072 0.87905 -0.07544
vn 0.47072 0.87905 -0.07544
vn -0.77479 -0.60425 0.18596
vn -0.61611 -0.77824 0.12142
vn -0.6331 -0.76341 0.12799
vn 0.37826 -0.15056 0.91338
vn 0.33334 -0.11234 0.93609
vn 0.33334 -0.11234 0.93609
vn 0.38793 -0.15888 0.90789
vn -0.2665 0.0485 -0.96261
vn -0.35139 0.11952 -0.92857
vn -0.36147 0.12811 -0.92354
vn 0.85376 0.46352 -0.23716
vn -0.52443 -0.847 0.08696
vn -0.52443 -0.847 0.08696
vn 0.46423 -0.22578 0.85646
vn -0.40282 0.16375 -0.90051
vn -0.40282 0.16375 -0.90051
vn -0.11722 0.01215 0.99303
vn -0.11722 0.01215 0.99303
vn -0.11722 0.01215 0.99303
vn -0.11722 0.01215 0.99303
vn -0.00554 0.99984 -0.01689
vn -0.00017 0.99893 -0.04628
vn -0.04382 0.98011 0.19358
vn -0.04382 0.98011 0.19358
vn -0.04497 -0.96977 0.23984
vn 0.00245 -0.99997 -0.00779
vn -0.00092 -0.99995 0.00983
vn 0.99528 0.00381 0.09696
vn 0.98311 0.00229 0.18301
vn 0.98311 0.00229 0.18301
vn 0.99695 0.00414 0.0779
vn -0.9507 -0.00813 -0.31002
vn -0.98768 -0.01093 -0.15611
vn -0.99054 -0.01126 -0.13675
vn 0.06604 0.91212 -0.40458
vn 0.02607 -0.99101 -0.13125
vn 0.02607 -0.99101 -0.13125
vn 0.99695 0.00676 -0.07772
vn -0.99837 -0.01258 -0.05574
vn -0.99837 -0.01258 -0.05574
vn -0.49202 0.8555 -0.16139
vn -0.49202 0.8555 -0.16139
vn -0.49202 0.8555 -0.16139
vn 0.86674 0.46193 -0.1881
vn 0.88193 0.43553 -0.1803
vn 0.77562 0.58971 -0.22507
vn 0.77562 0.58971 -0.22507
vn -0.94146 -0.31007 0.13231
vn -0.8588 -0.47785 0.18471
vn -0.86821 -0.46241 0.17995
vn 0.09107 0.21756 0.97179
vn 0.05735 0.27078 0.96093
vn 0.05735 0.27078 0.96093
vn 0.0982 0.20612 0.97359
vn -0.01335 -0.35245 -0.93574
vn -0.07458 -0.25843 -0.96315
vn -0.08178 -0.24705 -0.96555
vn 0.97836 0.17978 -0.10239
vn -0.80661 -0.55335 0.20781
vn -0.80661 -0.55335 0.20781
vn 0.15689 0.10928 0.98155
vn -0.11316 -0.19659 -0.97393
vn -0.11316 -0.19659 -0.97393
vn -0.79689 -0.33272 -0.50425
vn -0.79689 -0.33272 -0.50425
vn -0.79689 -0.33272 -0.50425
vn -0.08646 0.89138 -0.44493
vn -0.05131 0.90719 -0.41759
vn -0.26765 0.77546 -0.57186
vn -0.26765 0.77546 -0.57186
vn -0.10598 -0.95822 0.26568
vn 0.11443 -0.88483 0.45165
vn 0.09344 -0.89541 0.43532
vn -0.5863 0.31351 0.74697
vn -0.63509 0.29112 0.71548
vn -0.63509 0.29112 0.71548
vn -0.57441 0.31863 0.754
vn 0.70597 -0.25901 -0.65918
vn 0.62028 -0.30301 -0.72349
vn 0.60841 -0.30848 -0.73122
vn 0.25913 0.95576 -0.1392
vn 0.22043 -0.81922 0.52943
vn 0.22043 -0.81922 0.52943
vn -0.47844 0.35585 0.80279
vn 0.56167 -0.32878 -0.75923
vn 0.56167 -0.32878 -0.75923
vn 0.02399 0.97885 0.20316
vn 0.02399 0.97885 0.20316
vn 0.02399 0.97885 0.20316
vn 0.20329 0.22512 -0.95289
vn 0.20641 0.17489 -0.96271
vn 0.17855 0.47489 -0.86174
vn 0.17855 0.47489 -0.86174
vn -0.22799 0.07929 0.97043
vn -0.21315 -0.2517 0.94404
vn -0.21567 -0.22011 0.95133
vn 0.97749 -0.08247 0.19419
vn 0.97782 -0.02047 0.20846
vn 0.97782 -0.02047 0.20846
vn 0.97701 -0.09366 0.19152
vn -0.97156 -0.07687 -0.22399
vn -0.97919 0.03906 -0.19917
vn -0.97919 0.0513 -0.19638
vn 0.20989 -0.2745 -0.9384
vn -0.19697 -0.40672 0.89207
vn -0.19697 -0.40672 0.89207
vn 0.9654 -0.20274 0.16401
vn -0.97696 0.11103 -0.18228
vn -0.97696 0.11103 -0.18228
vn 0.00576 0.94577 -0.32477
vn 0.00576 0.94577 -0.32477
vn 0.03627 0.32261 0.94584
vn 0.03261 0.28546 0.95784
vn 0.0543 0.50661 0.86047
vn 0.0543 0.50661 0.86047
vn -0.00279 -0.10711 -0.99424
vn -0.02854 -0.34349 -0.93872
vn -0.02612 -0.32148 -0.94656
vn -0.99939 0.00234 0.03481
vn -0.99803 0.06144 0.01243
vn -0.99915 -0.01068 0.03972
vn 0.98813 -0.15283 0.01571
vn 0.99866 -0.04505 -0.0253
vn 0.99903 -0.03179 -0.03031
vn -0.00195 -0.06204 0.99807
vn -0.04061 -0.45249 -0.89085
vn -0.04061 -0.45249 -0.89085
vn -0.98995 -0.11694 0.07954
vn 0.99841 0.02365 -0.05115
vn 0.99841 0.02365 -0.05115
vn 0.42599 -0.64956 -0.62977
vn 0.42599 -0.64956 -0.62977
vn 0.42599 -0.64956 -0.62977
vn 0.42599 -0.64956 -0.62977
vn 0.18715 0.74712 -0.6378
vn 0.17268 0.76577 -0.6195
vn 0.28576 0.59409 -0.75193
vn 0.28576 0.59409 -0.75193
vn -0.06393 -0.87088 0.48732
vn -0.19214 -0.73035 0.6555
vn -0.18343 -0.7419 0.64493
vn -0.89388 -0.14318 -0.42482
vn -0.85556 -0.20117 -0.47701
vn -0.85556 -0.20117 -0.47701
vn -0.90141 -0.13027 -0.41291
vn 0.78412 0.27958 0.55407
vn 0.86672 0.17703 0.46632
vn 0.87544 0.16402 0.45464
vn -0.0187 0.93761 -0.3472
vn -0.25155 -0.64261 0.72373
vn -0.25155 -0.64261 0.72373
vn -0.95026 -0.02371 -0.31056
vn 0.90815 0.10919 0.40415
vn 0.90815 0.10919 0.40415
vn -0.21142 0.50961 -0.83403
vn -0.21142 0.50961 -0.83403
vn -0.21142 0.50961 -0.83403
vn 0.05959 0.85673 0.5123
vn 0.06545 0.83143 0.55177
vn 0.02665 0.95777 0.28629
vn 0.02665 0.95777 0.28629
vn -0.07633 -0.68658 -0.72304
vn -0.04427 -0.87004 -0.491
vn -0.04756 -0.8556 -0.51545
vn -0.97274 -0.06757 0.22185
vn -0.98492 -0.03716 0.16896
vn -0.98492 -0.03716 0.16896
vn -0.9693 -0.07474 0.23425
vn 0.99594 -0.01466 -0.08877
vn 0.98116 0.04236 -0.18848
vn 0.97825 0.04981 -0.20138
vn 0.10995 0.53017 0.84074
vn -0.02685 -0.93284 -0.35929
vn -0.02685 -0.93284 -0.35929
vn -0.93567 -0.12951 0.32826
vn 0.96499 0.0782 -0.25036
vn 0.96499 0.0782 -0.25036
vn -0.69859 0.40884 -0.58722
vn -0.69859 0.40884 -0.58722
vn 0.08727 0.86188 0.49955
vn 0.11206 0.84416 0.52425
vn -0.04295 0.93211 0.35962
vn -0.04295 0.93211 0.35962
vn -0.21615 -0.74073 -0.63608
vn -0.06621 -0.8683 -0.4916
vn -0.08091 -0.85821 -0.50689
vn -0.70018 -0.30624 0.64496
vn -0.7437 -0.2818 0.60622
vn -0.7437 -0.2818 0.60622
vn -0.69021 -0.31146 0.65314
vn 0.80361 0.23684 -0.546
vn 0.7299 0.28396 -0.62178
vn 0.72019 0.28947 -0.6305
vn 0.32315 0.6299 0.70626
vn 0.00914 -0.9122 -0.40965
vn 0.00914 -0.9122 -0.40965
vn -0.60388 -0.35181 0.71523
vn 0.67806 0.31189 -0.66556
vn 0.67806 0.31189 -0.66556
vn -0.84483 0.50694 0.17108
vn -0.84483 0.50694 0.17108
vn -0.84483 0.50694 0.17108
vn 0.48112 0.85669 -0.18604
vn 0.50649 0.84123 -0.1892
vn 0.28711 0.94469 -0.1585
vn 0.28711 0.94469 -0.1585
vn -0.66604 -0.71948 0.19682
vn -0.46205 -0.8692 0.17609
vn -0.47755 -0.8604 0.17794
vn 0.25626 0.06157 0.96465
vn 0.18116 0.10324 0.97802
vn 0.18116 0.10324 0.97802
vn 0.27253 0.05233 0.96072
vn -0.06939 -0.17172 -0.9827
vn -0.20878 -0.09742 -0.9731
vn -0.22569 -0.08804 -0.97021
vn 0.78064 0.58723 -0.21391
vn -0.34908 -0.92307 0.1615
vn 0.40089 -0.02335 0.91583
vn -0.29509 -0.04868 -0.95423
vn -0.29509 -0.04868 -0.95423
vn 0.9653 -0.13393 -0.22421
vn 0.9653 -0.13393 -0.22421
vn 0.9653 -0.13393 -0.22421
vn 0.09413 0.98044 -0.17284
vn 0.05551 0.98436 -0.16721
vn 0.29136 0.93598 -0.19763
vn 0.29136 0.93598 -0.19763
vn 0.12808 -0.98044 0.14945
vn -0.11341 -0.97611 0.18532
vn -0.0903 -0.97908 0.18232
vn -0.25745 -0.14641 -0.95513
vn -0.19642 -0.15662 -0.96793
vn -0.27076 -0.14408 -0.9518
vn 0.10156 0.1648 0.98108
vn 0.21492 0.14738 0.96545
vn 0.22863 0.14511 0.96264
vn -0.28915 0.95139 -0.10608
vn -0.22996 -0.95265 0.19895
vn -0.22996 -0.95265 0.19895
vn -0.37741 -0.12403 -0.9177
vn 0.28537 0.1353 0.94882
vn 0.28537 0.1353 0.94882
vn 0.72974 0.20524 -0.6522
vn 0.72974 0.20524 -0.6522
vn -0.07838 0.97135 0.22437
vn -0.10137 0.96489 0.24231
vn 0.08811 0.99202 0.09018
vn 0.08811 0.99202 0.09018
vn 0.25865 -0.90056 -0.34941
vn 0.06481 -0.97678 -0.20423
vn 0.07874 -0.97344 -0.215
vn -0.69385 0.10501 -0.71243
vn -0.62888 0.12008 -0.76817
vn -0.62888 0.12008 -0.76817
vn -0.70744 0.10159 -0.69944
vn 0.5227 -0.14937 0.83933
vn 0.65039 -0.12352 0.74949
vn 0.66508 -0.1201 0.73705
vn -0.37696 0.81234 0.44499
vn -0.03355 -0.99136 -0.12682
vn -0.03355 -0.99136 -0.12682
vn -0.80817 0.07242 -0.58447
vn 0.72346 -0.10539 0.68228
vn 0.72346 -0.10539 0.68228
vn 0.92974 0.31863 0.18455
vn 0.92974 0.31863 0.18455
vn 0.92974 0.31863 0.18455
vn -0.29324 0.94322 -0.15601
vn -0.32161 0.93249 -0.16438
vn -0.14376 0.98338 -0.11086
vn -0.14376 0.98338 -0.11086
vn 0.44623 -0.86982 0.21046
vn 0.27598 -0.94792 0.15898
vn 0.29292 -0.94193 0.16422
vn 0.21044 -0.09906 -0.97258
vn 0.2703 -0.08095 -0.95937
vn 0.2703 -0.08095 -0.95937
vn 0.1976 -0.10286 -0.97487
vn -0.35594 0.04561 0.9334
vn -0.24993 0.07902 0.96503
vn -0.23714 0.08291 0.96793
vn -0.56089 0.79477 -0.23183
vn 0.18895 -0.97312 0.13163
vn 0.18895 -0.97312 0.13163
vn 0.08908 -0.1338 -0.987
vn -0.18049 0.0998 0.9785
vn -0.18049 0.0998 0.9785
vn 0.38273 0.42836 0.81855
vn 0.38273 0.42836 0.81855
vn 0.38273 0.42836 0.81855
vn -0.12267 0.91555 -0.38304
vn -0.13826 0.89374 -0.42675
vn -0.037 0.9893 -0.14111
vn -0.037 0.9893 -0.14111
vn 0.19597 -0.75113 0.6304
vn 0.10291 -0.92592 0.36343
vn 0.11265 -0.91317 0.3917
vn 0.90755 -0.05777 -0.41596
vn 0.93128 -0.03192 -0.3629
vn 0.93128 -0.03192 -0.3629
vn 0.90285 -0.06243 -0.4254
vn -0.95995 -0.01312 0.27986
vn -0.92352 0.03539 0.38193
vn -0.91889 0.0405 0.39242
vn -0.25603 0.60658 -0.75267
vn 0.05219 -0.97519 0.21511
vn 0.05219 -0.97519 0.21511
vn 0.85049 -0.10765 -0.51486
vn -0.89423 0.06536 0.44282
vn -0.89423 0.06536 0.44282
vn -0.76905 0.62646 -0.12695
vn -0.76905 0.62646 -0.12695
vn -0.76905 0.62646 -0.12695
vn 0.58048 0.76575 0.27688
vn 0.6091 0.74017 0.28485
vn 0.41823 0.87905 0.22882
vn 0.41823 0.87905 0.22882
vn -0.72623 -0.60425 -0.32783
vn -0.56132 -0.77823 -0.28157
vn -0.57876 -0.7634 -0.28679
vn -0.26088 -0.15068 0.95354
vn -0.31031 -0.11243 0.94396
vn -0.31031 -0.11243 0.94396
vn -0.24986 -0.15902 0.95513
vn 0.37931 0.04859 -0.92399
vn 0.29143 0.11959 -0.94909
vn 0.28039 0.12819 -0.95129
vn 0.82 0.46356 0.33572
vn -0.46777 -0.84698 -0.25262
vn -0.46777 -0.84698 -0.25262
vn -0.15801 -0.22599 0.96123
vn 0.23365 0.16382 -0.95842
vn 0.23365 0.16382 -0.95842
vn -0.70107 0.01224 0.71299
vn -0.70107 0.01224 0.71299
vn -0.70107 0.01224 0.71299
vn 0.00597 0.99984 -0.01674
vn 0.02823 0.99893 -0.03668
vn -0.15327 0.9801 0.12611
vn -0.15327 0.9801 0.12611
vn -0.18251 -0.96977 0.16198
vn 0.0067 -0.99997 -0.00466
vn -0.00675 -0.99995 0.0072
vn 0.72709 0.00379 0.68653
vn 0.66474 0.0023 0.74707
vn 0.66474 0.0023 0.74707
vn 0.74008 0.00412 0.67251
vn -0.56129 -0.0082 -0.82758
vn -0.68482 -0.01103 -0.72863
vn -0.69893 -0.01136 -0.7151
vn 0.30014 0.91211 -0.27924
vn 0.10103 -0.99101 -0.08775
vn 0.10103 -0.99101 -0.08775
vn 0.83545 0.0067 0.54953
vn -0.75477 -0.0127 -0.65587
vn -0.75477 -0.0127 -0.65587
vn -0.28984 0.85551 -0.42906
vn -0.28984 0.85551 -0.42906
vn -0.28984 0.85551 -0.42906
vn 0.80022 0.46192 0.38247
vn 0.80744 0.43552 0.39795
vn 0.75088 0.58969 0.29741
vn 0.75088 0.58969 0.29741
vn -0.82502 -0.31012 -0.4724
vn -0.79184 -0.47787 -0.3803
vn -0.79636 -0.46243 -0.38984
vn -0.52359 0.21758 0.82372
vn -0.54356 0.2708 0.79449
vn -0.54356 0.2708 0.79449
vn -0.51907 0.20614 0.8295
vn 0.56299 -0.3524 -0.74757
vn 0.53135 -0.25838 -0.80679
vn 0.52713 -0.247 -0.8131
vn 0.83589 0.17978 0.51863
vn -0.76476 -0.55336 -0.33005
vn -0.76476 -0.55336 -0.33005
vn -0.47761 0.10931 0.87175
vn 0.50744 -0.19653 -0.83897
vn 0.50744 -0.19653 -0.83897
vn -0.3207 -0.33259 -0.88687
vn -0.3207 -0.33259 -0.88687
vn -0.3207 -0.33259 -0.88687
vn 0.20435 0.89136 -0.40462
vn 0.21539 0.90718 -0.36142
vn 0.13897 0.77543 -0.61595
vn -0.24651 -0.95823 0.14499
vn -0.18636 -0.88484 0.427
vn -0.19293 -0.89542 0.40124
vn -0.92105 0.31355 0.23099
vn -0.94031 0.29114 0.17621
vn -0.94031 0.29114 0.17621
vn -0.91596 0.31868 0.24384
vn 0.96184 -0.25897 -0.08828
vn 0.93355 -0.30294 -0.19163
vn 0.9289 -0.3084 -0.205
vn 0.29008 0.95576 0.0488
vn -0.15028 -0.81922 0.55344
vn -0.15028 -0.81922 0.55344
vn -0.87 0.35593 0.34118
vn 0.90914 -0.32869 -0.25578
vn 0.90914 -0.32869 -0.25578
vn -0.10556 0.97886 0.1752
vn -0.10556 0.97886 0.1752
vn -0.10556 0.97886 0.1752
vn 0.74463 0.22511 -0.62837
vn 0.75312 0.17489 -0.63421
vn 0.66919 0.4749 -0.57153
vn 0.66919 0.4749 -0.57153
vn -0.77493 0.07928 0.62705
vn -0.74699 -0.2517 0.61534
vn -0.75346 -0.22011 0.61955
vn 0.65346 -0.08246 0.75245
vn 0.64499 -0.02046 0.76392
vn 0.64499 -0.02046 0.76392
vn 0.65472 -0.09366 0.75005
vn -0.63057 -0.07685 -0.77232
vn -0.65182 0.03903 -0.75737
vn -0.65353 0.05127 -0.75516
vn 0.741 -0.27452 -0.61282
vn -0.70234 -0.40672 0.58421
vn -0.70234 -0.40672 0.58421
vn 0.66239 -0.20273 0.72121
vn -0.66041 0.11097 -0.74266
vn -0.66041 0.11097 -0.74266
vn 0.20358 0.94578 -0.2531
vn 0.20358 0.94578 -0.2531
vn 0.20358 0.94578 -0.2531
vn 0.20358 0.94578 -0.2531
vn -0.55095 0.32258 0.76967
vn -0.56119 0.28544 0.77691
vn -0.48438 0.50658 0.71327
vn -0.48438 0.50658 0.71327
vn 0.60727 -0.10712 -0.78724
vn 0.55276 -0.3435 -0.75925
vn 0.55949 -0.32148 -0.76395
vn -0.81105 0.00231 -0.58497
vn -0.79625 0.06142 -0.60185
vn -0.79625 0.06142 -0.60185
vn -0.81387 -0.0107 -0.58094
vn 0.7712 -0.15275 0.61799
vn 0.80463 -0.04499 0.59206
vn 0.80799 -0.03173 0.58834
vn -0.61317 -0.06204 0.78751
vn 0.51382 -0.4525 -0.72886
vn 0.51382 -0.4525 -0.72886
vn -0.83102 -0.11691 -0.54381
vn 0.82026 0.02371 0.5715
vn 0.82026 0.02371 0.5715
vn 0.72255 -0.64957 -0.23659
vn 0.72255 -0.64957 -0.23659
vn 0.72255 -0.64957 -0.23659
vn 0.72255 -0.64957 -0.23659
vn 0.53876 0.74711 -0.38931
vn 0.5161 0.76577 -0.38372
vn 0.68661 0.5941 -0.41906
vn 0.68661 0.5941 -0.41906
vn -0.3491 -0.8709 0.34593
vn -0.55351 -0.73037 0.40024
vn -0.54014 -0.74193 0.39723
vn -0.4461 -0.14317 -0.88346
vn -0.38385 -0.20119 -0.90121
vn -0.38385 -0.20119 -0.90121
vn -0.45935 -0.13025 -0.87865
vn 0.28005 0.27951 0.91839
vn 0.39909 0.17697 0.89967
vn 0.41315 0.16395 0.89578
vn 0.198 0.93761 -0.28582
vn -0.64228 -0.64263 0.41774
vn -0.64228 -0.64263 0.41774
vn -0.56066 -0.02364 -0.82771
vn 0.46992 0.10914 0.87594
vn 0.46992 0.10914 0.87594
vn -0.63163 0.50967 -0.58419
vn -0.63163 0.50967 -0.58419
vn 0.32904 0.85676 0.39712
vn 0.35546 0.83144 0.42704
vn 0.17835 0.95777 0.22553
vn -0.45783 -0.68662 -0.56475
vn -0.3046 -0.87004 -0.38761
vn -0.32067 -0.85561 -0.40633
vn -0.69482 -0.06762 0.716
vn -0.73385 -0.03719 0.6783
vn -0.73385 -0.03719 0.6783
vn -0.68518 -0.07479 0.72452
vn 0.78691 -0.01449 -0.61689
vn 0.72013 0.04249 -0.69254
vn 0.71065 0.04992 -0.70177
vn 0.55015 0.5302 0.64516
vn -0.21827 -0.93284 -0.28665
vn -0.21827 -0.93284 -0.28665
vn -0.60578 -0.12958 0.78501
vn 0.67281 0.0783 -0.73566
vn 0.67281 0.0783 -0.73566
vn 0.18442 0.40882 -0.89378
vn 0.18442 0.40882 -0.89378
vn -0.39802 0.86188 0.31424
vn -0.40796 0.84416 0.34779
vn -0.33683 0.93211 0.13314
vn -0.33683 0.93211 0.13314
vn 0.45683 -0.74075 -0.49254
vn 0.40098 -0.86831 -0.29197
vn 0.40744 -0.85822 -0.31217
vn -0.90028 -0.30625 -0.30938
vn -0.88687 -0.2818 -0.36612
vn -0.88687 -0.2818 -0.36612
vn -0.90274 -0.31147 -0.29672
vn 0.86238 0.23685 0.44743
vn 0.894 0.284 0.34657
vn 0.89705 0.28952 0.33389
vn -0.46771 0.62993 0.62003
vn 0.36468 -0.91222 -0.18673
vn -0.91633 -0.35181 -0.19121
vn 0.90785 0.31195 0.28016
vn 0.90785 0.31195 0.28016
vn -0.55206 0.50697 -0.66198
vn -0.55206 0.50697 -0.66198
vn -0.55206 0.50697 -0.66198
vn 0.39238 0.85669 0.33486
vn 0.40722 0.84123 0.35567
vn 0.27593 0.9447 0.17724
vn 0.27593 0.9447 0.17724
vn -0.48979 -0.71945 -0.49244
vn -0.37454 -0.8692 -0.32283
vn -0.38354 -0.8604 -0.33558
vn -0.72686 0.06157 0.68402
vn -0.77433 0.10325 0.6243
vn -0.77433 0.10325 0.6243
vn -0.71567 0.05233 0.69648
vn 0.83152 -0.17177 -0.52827
vn 0.75681 -0.09749 -0.64633
vn 0.74623 -0.08811 -0.65983
vn 0.55926 0.58724 0.58513
vn -0.30797 -0.92309 -0.23036
vn -0.30797 -0.92309 -0.23036
vn -0.61513 -0.02337 0.78808
vn 0.69917 -0.04875 -0.71329
vn 0.69917 -0.04875 -0.71329
vn 0.65616 -0.13391 0.74265
vn 0.1968 0.98044 0.00067
vn 0.17348 0.98436 -0.03066
vn 0.31233 0.936 0.16236
vn 0.31233 0.936 0.16236
vn -0.07059 -0.98044 0.18374
vn -0.21695 -0.97611 -0.01169
vn -0.20333 -0.97908 0.00723
vn 0.71792 -0.14648 -0.68054
vn 0.7582 -0.15669 -0.63291
vn 0.7582 -0.15669 -0.63291
vn 0.70866 -0.14416 -0.69066
vn -0.8149 0.16481 0.55567
vn -0.74723 0.14744 0.648
vn -0.73825 0.14517 0.65872
vn -0.04408 0.95139 -0.3048
vn -0.28434 -0.95265 -0.10774
vn -0.28434 -0.95265 -0.10774
vn 0.62794 -0.12412 -0.7683
vn -0.6991 0.13538 0.70209
vn -0.6991 0.13538 0.70209
vn 0.92063 0.20544 0.33202
vn 0.92063 0.20544 0.33202
vn 0.92063 0.20544 0.33202
vn 0.92063 0.20544 0.33202
vn -0.23466 0.97135 0.03771
vn -0.26137 0.96489 0.02601
vn -0.03745 0.99202 0.1204
vn -0.03745 0.99202 0.1204
vn 0.43036 -0.90056 0.06148
vn 0.21047 -0.97678 -0.04006
vn 0.22658 -0.97344 -0.03292
vn 0.2969 0.10512 -0.94911
vn 0.37683 0.12026 -0.91844
vn 0.37683 0.12026 -0.91844
vn 0.279 0.10168 -0.95489
vn -0.48997 -0.14929 0.85886
vn -0.35021 -0.12354 0.92849
vn -0.33227 -0.12013 0.9355
vn -0.57069 0.81234 -0.12011
vn 0.09562 -0.99136 -0.08979
vn 0.09562 -0.99136 -0.08979
vn 0.12994 0.07237 -0.98888
vn -0.25634 -0.10548 0.96082
vn -0.25634 -0.10548 0.96082
vn 0.27959 0.31863 0.90571
vn 0.27959 0.31863 0.90571
vn 0.27959 0.31863 0.90571
vn -0.00216 0.94322 -0.33216
vn -0.00829 0.9325 -0.36108
vn 0.02918 0.98338 -0.17918
vn 0.02699 -0.86982 0.49262
vn -0.00866 -0.94792 0.31838
vn -0.00522 -0.94193 0.33578
vn 0.95569 -0.09898 -0.27723
vn 0.97253 -0.08092 -0.21826
vn 0.97253 -0.08092 -0.21826
vn 0.95161 -0.10277 -0.28963
vn -0.99038 0.04559 0.13062
vn -0.96783 0.07899 0.23888
vn -0.96429 0.08289 0.25153
vn -0.06273 0.79477 -0.60366
vn -0.02597 -0.97312 0.22882
vn 0.91068 -0.13363 -0.39091
vn -0.94667 0.09977 0.30636
vn -0.94667 0.09977 0.30636
vn -0.53825 0.42833 0.72583
vn -0.53825 0.42833 0.72583
vn 0.27871 0.91555 -0.28999
vn 0.30978 0.89372 -0.32449
vn 0.10658 0.9893 -0.09962
vn 0.10658 0.9893 -0.09962
vn -0.46143 -0.75114 0.47208
vn -0.2708 -0.92592 0.26332
vn -0.29105 -0.91317 0.28532
vn 0.79739 -0.05777 0.60069
vn 0.762 -0.03191 0.64679
vn 0.762 -0.03191 0.64679
vn 0.80346 -0.06243 0.59207
vn -0.70259 -0.01317 -0.71147
vn -0.77504 0.03541 -0.63092
vn -0.78207 0.04051 -0.62188
vn 0.54054 0.60656 -0.58301
vn -0.16443 -0.97519 0.14819
vn -0.16443 -0.97519 0.14819
vn 0.85728 -0.10767 0.50347
vn -0.81467 0.06542 -0.57623
vn -0.81467 0.06542 -0.57623
vn -0.25378 0.6265 -0.73694
vn -0.25378 0.6265 -0.73694
vn 0.03232 0.76575 0.64233
vn 0.03891 0.74015 0.67131
vn -0.00253 0.87905 0.47673
vn -0.00253 0.87905 0.47673
vn -0.05686 -0.60425 -0.79476
vn -0.01909 -0.77824 -0.62767
vn -0.0228 -0.76342 -0.64551
vn -0.96292 -0.15061 0.22384
vn -0.97799 -0.11237 0.17579
vn -0.97799 -0.11237 0.17579
vn -0.95908 -0.15895 0.23429
vn 0.99323 0.04859 -0.10553
vn 0.97352 0.11957 -0.19485
vn 0.9702 0.12815 -0.20562
vn 0.09441 0.46352 0.88104
vn -5E-05 -0.847 -0.5316
vn -0.92078 -0.2259 0.31802
vn 0.95425 0.16377 -0.25018
vn 0.95425 0.16377 -0.25018
vn -0.96053 0.01226 -0.27792
vn -0.96053 0.01226 -0.27792
vn -0.96053 0.01226 -0.27792
vn 0.01759 0.99984 -0.00271
vn 0.0457 0.99893 0.00739
vn -0.1838 0.98011 -0.07488
vn -0.1838 0.98011 -0.07488
vn -0.22929 -0.96976 -0.08358
vn 0.00728 -0.99997 0.00369
vn -0.00955 -0.99995 -0.00252
vn -0.25835 0.00378 0.96604
vn -0.34123 0.0023 0.93998
vn -0.34123 0.0023 0.93998
vn -0.23985 0.00411 0.9708
vn 0.46127 -0.00807 -0.88722
vn 0.31545 -0.01089 -0.94888
vn 0.29682 -0.01122 -0.95487
vn 0.38837 0.91211 0.13127
vn 0.12522 -0.99101 0.04717
vn -0.08638 0.00666 0.99624
vn 0.21815 -0.01254 -0.97584
vn 0.21815 -0.01254 -0.97584
vn 0.23968 0.85552 -0.45895
vn 0.23968 0.85552 -0.45895
vn 0.04394 0.46194 0.88582
vn 0.03376 0.43554 0.89954
vn 0.09527 0.58972 0.80197
vn 0.02347 -0.3101 -0.95041
vn -0.04189 -0.47786 -0.87744
vn -0.03564 -0.46242 -0.88594
vn -0.97359 0.21761 -0.06901
vn -0.95736 0.27085 -0.1005
vn -0.95736 0.27085 -0.1005
vn -0.97653 0.20617 -0.06227
vn 0.92529 -0.35251 0.13992
vn 0.96237 -0.25846 0.08395
vn 0.96591 -0.24707 0.07724
vn -0.0588 0.17979 0.98195
vn -0.07329 -0.55336 -0.82971
vn -0.07329 -0.55336 -0.82971
vn -0.99399 0.10934 -0.00568
vn 0.97932 -0.19661 0.04763
vn 0.97932 -0.19661 0.04763
vn 0.62785 -0.33267 -0.70366
vn 0.62785 -0.33267 -0.70366
vn 0.45309 0.89138 -0.01257
vn 0.42034 0.90719 0.01767
vn 0.60791 0.77547 -0.17057
vn 0.60791 0.77547 -0.17057
vn -0.24477 -0.95822 -0.14799
vn -0.46426 -0.88484 0.03903
vn -0.44472 -0.89542 0.021
vn -0.64107 0.31354 -0.70052
vn -0.60202 0.29117 -0.7435
vn -0.60202 0.29117 -0.7435
vn -0.64995 0.31866 -0.68994
vn 0.53489 -0.25897 0.80426
vn 0.61237 -0.30294 0.73023
vn 0.62193 -0.30841 0.71979
vn 0.09497 0.95575 0.27841
vn -0.55832 -0.81923 0.13089
vn -0.55832 -0.81923 0.13089
vn -0.71377 0.35585 -0.60324
vn 0.65721 -0.32869 0.67826
vn 0.65721 -0.32869 0.67826
vn -0.20431 0.97886 -0.00957
vn -0.20431 0.97886 -0.00957
vn 0.90682 0.22512 0.35636
vn 0.916 0.17489 0.36105
vn 0.82097 0.47488 0.31701
vn 0.82097 0.47488 0.31701
vn -0.92006 0.0793 -0.38367
vn -0.89649 -0.2517 -0.36464
vn -0.90326 -0.22011 -0.36834
vn -0.35125 -0.08248 0.93264
vn -0.36544 -0.02047 0.93061
vn -0.36544 -0.02047 0.93061
vn -0.34853 -0.09367 0.9326
vn 0.37979 -0.07688 -0.92187
vn 0.35657 0.03905 -0.93345
vn 0.35381 0.0513 -0.93391
vn 0.89142 -0.27451 0.36057
vn -0.84787 -0.40672 -0.34015
vn -0.84787 -0.40672 -0.34015
vn -0.31939 -0.20277 0.92568
vn 0.33955 0.11102 -0.93401
vn 0.33955 0.11102 -0.93401
vn 0.31947 0.94577 0.05875
vn 0.31947 0.94577 0.05875
vn 0.31947 0.94577 0.05875
vn -0.93906 0.32259 -0.11876
vn -0.9503 0.28544 -0.12433
vn -0.85777 0.50661 -0.08703
vn -0.85777 0.50661 -0.08703
vn 0.9813 -0.10711 0.15993
vn 0.93077 -0.34346 0.1253
vn 0.9381 -0.32145 0.12898
vn 0.12905 0.00228 -0.99164
vn 0.15087 0.06138 -0.98665
vn 0.15087 0.06138 -0.98665
vn 0.12417 -0.01073 -0.9922
vn -0.17731 -0.15277 0.97222
vn -0.13849 -0.04498 0.98934
vn -0.1336 -0.03172 0.99053
vn -0.98434 -0.06205 -0.16498
vn 0.88553 -0.45245 0.10549
vn 0.88553 -0.45245 0.10549
vn 0.08347 -0.11692 -0.98963
vn -0.11289 0.02374 0.99332
vn -0.11289 0.02374 0.99332
vn 0.55166 -0.64955 0.52321
vn 0.55166 -0.64955 0.52321
vn 0.55166 -0.64955 0.52321
vn 0.55166 -0.64955 0.52321
vn 0.59862 0.74712 0.28892
vn 0.58292 0.76577 0.27165
vn 0.69509 0.59409 0.40486
vn 0.69509 0.59409 0.40486
vn -0.47027 -0.87091 -0.14272
vn -0.61524 -0.73037 -0.29672
vn -0.60624 -0.74193 -0.28639
vn 0.5652 -0.14322 -0.81243
vn 0.61044 -0.20122 -0.76608
vn 0.61044 -0.20122 -0.76608
vn 0.55467 -0.13031 -0.82181
vn -0.67486 0.27952 0.68296
vn -0.60181 0.17697 0.77878
vn -0.59171 0.16395 0.78931
vn 0.34557 0.93761 0.03832
vn -0.67285 -0.64262 -0.36649
vn -0.67285 -0.64262 -0.36649
vn 0.46164 -0.02374 -0.88675
vn -0.54727 0.10914 0.82981
vn -0.54727 0.10914 0.82981
vn -0.55732 0.50967 0.65546
vn -0.55732 0.50967 0.65546
vn -0.55732 0.50967 0.65546
vn 0.38306 0.85673 -0.34537
vn 0.41186 0.8314 -0.37303
vn 0.21793 0.95777 -0.18759
vn 0.21793 0.95777 -0.18759
vn -0.54522 -0.68656 0.48101
vn -0.3746 -0.87004 0.32048
vn -0.39265 -0.85559 0.33733
vn 0.74436 -0.06757 0.66435
vn 0.7083 -0.03713 0.70493
vn 0.7083 -0.03713 0.70493
vn 0.75248 -0.07475 0.65436
vn -0.64928 -0.01462 -0.76041
vn -0.72202 0.0424 -0.69057
vn -0.73085 0.04983 -0.68072
vn 0.6216 0.53014 -0.57668
vn -0.27732 -0.93284 0.23
vn -0.27732 -0.93284 0.23
vn 0.80962 -0.12955 0.57248
vn -0.7631 0.07823 -0.64153
vn -0.7631 0.07823 -0.64153
vn -0.90065 0.4089 -0.14704
vn -0.90065 0.4089 -0.14704
vn -0.90065 0.4089 -0.14704
vn -0.90065 0.4089 -0.14704
vn 0.33056 0.86188 0.38456
vn 0.36448 0.84418 0.39309
vn 0.14707 0.93211 0.33096
vn 0.14707 0.93211 0.33096
vn -0.51115 -0.74075 -0.43591
vn -0.30844 -0.8683 -0.38847
vn -0.32889 -0.85821 -0.39409
vn -0.27159 -0.30623 0.91239
vn -0.32881 -0.28176 0.90138
vn -0.32881 -0.28176 0.90138
vn -0.25885 -0.31145 0.91433
vn 0.41132 0.23687 -0.88017
vn 0.30911 0.28403 -0.90762
vn 0.2963 0.28955 -0.91015
vn 0.63898 0.62994 0.44146
vn -0.20178 -0.9122 -0.35661
vn -0.20178 -0.9122 -0.35661
vn -0.1529 -0.35184 0.92349
vn 0.2421 0.31197 -0.91873
vn -0.6384 0.50694 0.57919
vn -0.6384 0.50693 0.57919
vn -0.6384 0.50694 0.57919
vn 0.31824 0.85668 -0.40598
vn 0.33843 0.84122 -0.42169
vn 0.16559 0.9447 -0.28307
vn -0.47156 -0.71948 0.50988
vn -0.30692 -0.8692 0.38768
vn -0.3193 -0.86039 0.39721
vn 0.71369 0.0615 0.69775
vn 0.65603 0.10316 0.74765
vn 0.65603 0.10316 0.74765
vn 0.72567 0.05226 0.68606
vn -0.56253 -0.17167 -0.80876
vn -0.6773 -0.09738 -0.72923
vn -0.69034 -0.08801 -0.71811
vn 0.56137 0.58721 -0.58313
vn -0.21733 -0.92307 0.31734
vn -0.21733 -0.92307 0.31734
vn 0.81297 -0.0234 0.58183
vn -0.74177 -0.04864 -0.66888
vn 0.71471 -0.13397 -0.68648
vn 0.71471 -0.13397 -0.68648
vn 0.71471 -0.13397 -0.68648
vn -0.00756 0.98044 -0.19666
vn -0.03787 0.98436 -0.17206
vn 0.14918 0.93599 -0.31886
vn 0.18651 -0.98044 0.06287
vn -0.00263 -0.97612 0.21724
vn 0.01569 -0.97908 0.20285
vn -0.70986 -0.1465 -0.68894
vn -0.66396 -0.15665 -0.73117
vn -0.66396 -0.15665 -0.73117
vn -0.7196 -0.14418 -0.67926
vn 0.58921 0.16482 0.79099
vn 0.67861 0.14739 0.71956
vn 0.68895 0.14512 0.71014
vn -0.30268 0.9514 0.05676
vn -0.0958 -0.95265 0.28857
vn -0.0958 -0.95265 0.28857
vn -0.7938 -0.12423 -0.59536
vn 0.73063 0.13531 0.66923
vn 0.73063 0.13531 0.66923
vn 0.29339 0.20553 -0.93364
vn 0.29339 0.20553 -0.93364
vn 0.29339 0.20553 -0.93364
vn 0.04745 0.97135 0.23289
vn 0.03687 0.96489 0.26006
vn 0.12185 0.99202 0.0324
vn 0.12185 0.99202 0.0324
vn 0.04349 -0.90054 -0.43259
vn -0.0488 -0.97677 -0.20864
vn -0.04233 -0.97343 -0.22503
vn -0.96065 0.10505 -0.25712
vn -0.93335 0.12019 -0.33826
vn -0.93335 0.12019 -0.33826
vn -0.96569 0.1016 -0.23899
vn 0.8785 -0.14928 0.45381
vn 0.94227 -0.12356 0.31124
vn 0.94853 -0.12015 0.29301
vn -0.09621 0.81235 0.57518
vn -0.09371 -0.99136 -0.0918
vn -0.09371 -0.99136 -0.0918
vn -0.99344 0.0723 -0.08865
vn 0.97066 -0.1055 0.21607
vn 0.97066 -0.1055 0.21607
vn 0.89323 0.31871 -0.31713
vn 0.89323 0.31871 -0.31713
vn 0.89323 0.31871 -0.31713
vn 0.89323 0.31871 -0.31713
vn -0.33176 0.94323 0.01599
vn -0.3604 0.9325 0.02332
vn -0.18023 0.98339 -0.0217
vn -0.18023 0.98339 -0.0217
vn 0.49104 -0.86984 -0.04749
vn 0.31845 -0.94793 -0.00461
vn 0.33568 -0.94193 -0.00877
vn -0.31681 -0.09902 -0.94331
vn -0.25855 -0.08094 -0.9626
vn -0.25855 -0.08094 -0.9626
vn -0.32902 -0.10281 -0.93871
vn 0.17165 0.04568 0.9841
vn 0.27895 0.07912 0.95704
vn 0.29143 0.08302 0.95298
vn -0.60049 0.7948 0.08781
vn 0.22969 -0.97313 0.01642
vn -0.42857 -0.13369 -0.89356
vn 0.34552 0.09992 0.93308
vn 0.74765 0.42838 0.50745
vn 0.74765 0.42838 0.50745
vn 0.74765 0.42838 0.50745
vn -0.30139 0.91554 -0.26635
vn -0.33714 0.89374 -0.29592
vn -0.10398 0.9893 -0.10233
vn 0.49091 -0.75111 0.4414
vn 0.27436 -0.92592 0.25961
vn 0.2972 -0.91317 0.27892
vn 0.56694 -0.05773 -0.82173
vn 0.61449 -0.03188 -0.78828
vn 0.61449 -0.03188 -0.78828
vn 0.55808 -0.06239 -0.82744
vn -0.68165 -0.01317 0.73156
vn -0.59811 0.03543 0.80063
vn -0.58877 0.04055 0.80728
vn -0.60511 0.60657 -0.51567
vn 0.1549 -0.9752 0.15811
vn 0.1549 -0.9752 0.15811
vn 0.46733 -0.1076 -0.87751
vn -0.54179 0.06546 0.83796
vn -0.54179 0.06546 0.83796
vn -0.7257 0.62649 0.28438
vn -0.7257 0.62649 0.28438
vn 0.64042 0.76575 -0.05907
vn 0.6691 0.74016 -0.06687
vn 0.47642 0.87905 -0.01734
vn 0.47642 0.87905 -0.01734
vn -0.79169 -0.60427 0.08985
vn -0.6263 -0.77827 0.04521
vn -0.64397 -0.76344 0.04966
vn 0.26371 -0.15061 0.95277
vn 0.21637 -0.11236 0.96982
vn 0.21637 -0.11236 0.96982
vn 0.27397 -0.15894 0.94851
vn -0.14665 0.04858 -0.98799
vn -0.23524 0.11953 -0.96456
vn -0.24588 0.12812 -0.9608
vn 0.87633 0.46353 -0.13107
vn -0.53108 -0.84703 0.02222
vn -0.53108 -0.84703 0.02222
vn 0.35593 -0.2259 0.9068
vn -0.28982 0.16372 -0.94297
vn -0.28982 0.16372 -0.94297
vn -0.23766 0.0122 0.97127
vn -0.23766 0.0122 0.97127
vn -0.23766 0.0122 0.97127
vn -0.23766 0.0122 0.97127
vn -0.00344 0.99984 -0.01745
vn 0.00548 0.99893 -0.04595
vn -0.06716 0.9801 0.18678
vn -0.07394 -0.96977 0.23254
vn 0.00338 -0.99997 -0.00743
vn -0.00212 -0.99995 0.00964
vn 0.97597 0.00386 0.21786
vn 0.95337 0.0024 0.30178
vn 0.97995 0.00418 0.19918
vn -0.90569 -0.00813 -0.42387
vn -0.96119 -0.011 -0.27565
vn -0.9664 -0.01134 -0.2568
vn 0.11497 0.91211 -0.39348
vn 0.04191 -0.99101 -0.12708
vn 0.04191 -0.99101 -0.12708
vn 0.99898 0.0067 0.04472
vn -0.98407 -0.0127 -0.17735
vn -0.98407 -0.0127 -0.17735
vn -0.46861 0.85549 -0.22032
vn -0.46861 0.85549 -0.22032
vn -0.46861 0.85549 -0.22032
vn 0.88323 0.46193 -0.08082
vn 0.89735 0.43553 -0.07122
vn 0.79731 0.58971 -0.12864
vn -0.95058 -0.31005 0.01631
vn -0.87494 -0.47785 0.07841
vn -0.88369 -0.46241 0.07254
vn -0.02842 0.21765 0.97561
vn -0.06048 0.27087 0.96071
vn -0.02158 0.2062 0.97827
vn 0.10155 -0.35247 -0.9303
vn 0.04382 -0.25845 -0.96503
vn 0.03693 -0.24707 -0.96829
vn 0.98355 0.17977 0.01788
vn -0.82595 -0.55336 0.10771
vn -0.82595 -0.55336 0.10771
vn 0.03557 0.10935 0.99337
vn 0.00664 -0.19661 -0.98046
vn 0.00664 -0.19661 -0.98046
vn -0.72926 -0.3327 -0.5979
vn -0.72926 -0.3327 -0.5979
vn -0.03143 0.89137 -0.45218
vn 0.00015 0.90719 -0.42072
vn -0.19571 0.77547 -0.60029
vn -0.19571 0.77547 -0.60029
vn -0.13767 -0.95822 0.25073
vn 0.05836 -0.88483 0.46225
vn 0.03952 -0.89541 0.44348
vn -0.67321 0.31345 0.66973
vn -0.71777 0.29106 0.63253
vn -0.71777 0.29106 0.63253
vn -0.66227 0.31857 0.67817
vn 0.78126 -0.25891 -0.56797
vn 0.70406 -0.30294 -0.64228
vn 0.69322 -0.30842 -0.6514
vn 0.2742 0.95576 -0.10649
vn 0.15407 -0.81921 0.55241
vn 0.15407 -0.81921 0.55241
vn -0.573 0.3558 0.7383
vn 0.65025 -0.32874 -0.68491
vn 0.65025 -0.32874 -0.68491
vn -0.00103 0.97885 0.20458
vn -0.00103 0.97885 0.20458
vn -0.00103 0.97885 0.20458
vn 0.31818 0.22515 -0.92091
vn 0.32248 0.17492 -0.93027
vn 0.28248 0.47492 -0.83346
vn 0.28248 0.47492 -0.83346
vn -0.34497 0.07929 0.93526
vn -0.32696 -0.25169 0.91091
vn -0.33037 -0.2201 0.91783
vn 0.94644 -0.08249 0.31216
vn 0.94501 -0.0205 0.32639
vn 0.94501 -0.0205 0.32639
vn 0.94629 -0.09367 0.30945
vn -0.93689 -0.07687 -0.34106
vn -0.94751 0.03904 -0.31734
vn -0.94785 0.05128 -0.31457
vn 0.32297 -0.27451 -0.90572
vn -0.30453 -0.40672 0.8613
vn -0.30453 -0.40672 0.8613
vn 0.93815 -0.2027 0.28069
vn -0.94737 0.11099 -0.30029
vn -0.94737 0.11099 -0.30029
vn 0.04536 0.94577 -0.32166
vn 0.04536 0.94577 -0.32166
vn 0.04536 0.94577 -0.32166
vn -0.07954 0.3226 0.94319
vn -0.08465 0.28546 0.95465
vn -0.05122 0.5066 0.86066
vn -0.05122 0.5066 0.86066
vn 0.11877 -0.10714 -0.98712
vn 0.0864 -0.34349 -0.93517
vn 0.08976 -0.32148 -0.94265
vn -0.99615 0.00232 -0.08763
vn -0.99207 0.06143 -0.10968
vn -0.99207 0.06143 -0.10968
vn -0.99651 -0.01069 -0.08273
vn 0.97879 -0.1528 0.13647
vn 0.99426 -0.04503 0.09701
vn 0.99524 -0.03177 0.09208
vn -0.12388 -0.06203 0.99036
vn 0.06856 -0.45248 -0.88914
vn 0.06856 -0.45248 -0.88914
vn -0.99225 -0.11693 -0.04208
vn 0.99717 0.02367 0.07129
vn 0.99717 0.02367 0.07129
vn 0.4997 -0.64963 -0.57296
vn 0.4997 -0.64963 -0.57296
vn 0.4997 -0.64963 -0.57296
vn 0.4997 -0.64963 -0.57296
vn 0.26372 0.74711 -0.61015
vn 0.24711 0.76577 -0.59375
vn 0.37553 0.5941 -0.71135
vn 0.37553 0.5941 -0.71135
vn -0.12293 -0.8709 0.47585
vn -0.27081 -0.73035 0.6271
vn -0.26086 -0.74191 0.61767
vn -0.83527 -0.14315 -0.53088
vn -0.79086 -0.20119 -0.57798
vn -0.8442 -0.13023 -0.51997
vn 0.71044 0.2797 0.64579
vn 0.80324 0.17708 0.56873
vn 0.81334 0.16406 0.55818
vn 0.02391 0.9376 -0.34689
vn -0.33815 -0.6426 0.68755
vn -0.33815 -0.6426 0.68755
vn -0.90518 -0.02358 -0.42437
vn 0.85199 0.10921 0.51204
vn 0.85199 0.10921 0.51204
vn 0.49162 0.50969 0.70606
vn 0.49162 0.50969 0.70606
vn -0.23628 0.85673 -0.45846
vn -0.25567 0.83141 -0.49334
vn -0.12584 0.95777 -0.25854
vn -0.12584 0.95777 -0.25854
vn 0.32609 -0.68655 0.64985
vn 0.21437 -0.87004 0.44393
vn 0.22607 -0.85559 0.46568
vn 0.83222 -0.06754 -0.55032
vn 0.86225 -0.03708 -0.50513
vn 0.86225 -0.03708 -0.50513
vn 0.82463 -0.07472 -0.56071
vn -0.90087 -0.01462 0.43385
vn -0.85188 0.04238 0.52201
vn -0.8446 0.04982 0.53307
vn -0.39909 0.53017 -0.7481
vn 0.15169 -0.93285 0.32679
vn 0.15169 -0.93285 0.32679
vn 0.76005 -0.12956 -0.63682
vn -0.81493 0.0782 0.57426
vn -0.81493 0.0782 0.57426
vn -0.37183 0.40886 0.83341
vn -0.37183 0.40886 0.83341
vn -0.37183 0.40886 0.83341
vn -0.37183 0.40886 0.83341
vn 0.45613 0.86187 -0.22162
vn 0.47302 0.84418 -0.25223
vn 0.35751 0.93212 -0.05782
vn 0.35751 0.93212 -0.05782
vn -0.55183 -0.74075 0.3831
vn -0.45427 -0.86831 0.19918
vn -0.46491 -0.85822 0.21752
vn 0.81297 -0.30621 0.49529
vn 0.78773 -0.28175 0.54781
vn 0.78773 -0.28175 0.54781
vn 0.81808 -0.31143 0.48347
vn -0.74632 0.23684 -0.62203
vn -0.79886 0.284 -0.53025
vn -0.80456 0.28953 -0.51851
vn 0.58978 0.62992 -0.50534
vn -0.39625 -0.91221 0.10416
vn -0.39625 -0.91221 0.10416
vn 0.85396 -0.35183 0.38336
vn -0.82665 0.31196 -0.46833
vn -0.82665 0.31196 -0.46833
vn 0.39724 0.50698 0.76496
vn 0.39724 0.50698 0.76496
vn 0.39724 0.50698 0.76496
vn 0.39724 0.50698 0.76496
vn -0.31141 0.85669 -0.41122
vn -0.32145 0.84123 -0.43475
vn -0.23148 0.9447 -0.23228
vn -0.23148 0.9447 -0.23228
vn 0.37273 -0.71947 0.58603
vn 0.29659 -0.8692 0.39564
vn 0.30264 -0.8604 0.41003
vn 0.85664 0.0616 -0.51223
vn 0.89019 0.10327 -0.44373
vn 0.89019 0.10327 -0.44373
vn 0.84838 0.05235 -0.52679
vn -0.92548 -0.17176 0.33763
vn -0.87783 -0.09742 0.46896
vn -0.8704 -0.08804 0.48441
vn -0.42073 0.5872 -0.69151
vn 0.25144 -0.92308 0.29105
vn 0.25144 -0.92308 0.29105
vn 0.76985 -0.02333 -0.6378
vn -0.8359 -0.04866 0.54672
vn -0.8359 -0.04866 0.54672
vn -0.20296 -0.13407 0.96997
vn -0.20296 -0.13407 0.96997
vn -0.20296 -0.13407 0.96997
vn 0.11714 0.98044 0.15814
vn 0.1283 0.98436 0.12072
vn 0.05661 0.936 0.34743
vn 0.05661 0.936 0.34743
vn -0.18949 -0.98044 0.05327
vn -0.12038 -0.97611 -0.18087
vn -0.1274 -0.97908 -0.15864
vn 0.97475 -0.14648 0.16853
vn 0.96066 -0.15669 0.22931
vn 0.96066 -0.15669 0.22931
vn 0.97733 -0.14415 0.15505
vn -0.93266 0.16482 -0.3209
vn -0.96621 0.14737 -0.21147
vn -0.96943 0.1451 -0.19787
vn 0.21794 0.9514 -0.21759
vn -0.08369 -0.95265 -0.29233
vn -0.08369 -0.95265 -0.29233
vn 0.9913 -0.12409 0.0439
vn -0.98079 0.13527 -0.14056
vn -0.98079 0.13527 -0.14056
vn 0.28429 0.20542 0.93647
vn 0.28429 0.20542 0.93647
vn -0.17049 0.97135 -0.16554
vn -0.17709 0.96489 -0.19397
vn -0.11889 0.99202 0.04197
vn -0.11889 0.99202 0.04197
vn 0.20809 -0.90055 0.38172
vn 0.15798 -0.97677 0.14476
vn 0.16188 -0.97343 0.16194
vn 0.93828 0.10508 -0.32952
vn 0.96151 0.12018 -0.24711
vn 0.96151 0.12018 -0.24711
vn 0.93221 0.10165 -0.34734
vn -0.9814 -0.14927 0.12076
vn -0.95363 -0.12357 0.27443
vn -0.94853 -0.12017 0.29301
vn -0.24487 0.81234 -0.52928
vn 0.12915 -0.99136 0.02295
vn 0.12915 -0.99136 0.02295
vn 0.8703 0.07243 -0.48717
vn -0.92341 -0.10554 0.36903
vn -0.92341 -0.10554 0.36903
vn -0.55876 0.31872 0.76564
vn -0.55876 0.31872 0.76564
vn -0.55876 0.31872 0.76564
vn 0.26496 0.94322 -0.20034
vn 0.28448 0.9325 -0.22254
vn 0.16107 0.98338 -0.08374
vn 0.16107 0.98338 -0.08374
vn -0.37874 -0.86981 0.3162
vn -0.26037 -0.94793 0.18343
vn -0.27226 -0.94193 0.19658
vn 0.79365 -0.09897 0.60027
vn 0.75644 -0.08086 0.64904
vn 0.75644 -0.08086 0.64904
vn 0.80113 -0.10276 0.5896
vn -0.69694 0.04555 -0.71568
vn -0.7702 0.07901 -0.63289
vn -0.77821 0.0829 -0.62251
vn 0.44638 0.79476 -0.41122
vn -0.19891 -0.97313 0.11599
vn -0.19891 -0.97313 0.11599
vn 0.85784 -0.13369 0.49622
vn -0.81161 0.09982 -0.57561
vn -0.81161 0.09982 -0.57561
vn -0.90361 0.42835 0.00263
vn -0.90361 0.42835 0.00263
vn 0.39909 0.91555 0.04998
vn 0.44529 0.89374 0.05424
vn 0.14357 0.9893 0.02586
vn 0.14357 0.9893 0.02586
vn -0.6543 -0.75114 -0.0876
vn -0.37299 -0.92592 -0.05963
vn -0.40273 -0.91317 -0.0627
vn -0.00473 -0.05777 0.99832
vn -0.06286 -0.03189 0.99751
vn -0.06286 -0.03189 0.99751
vn 0.00581 -0.06243 0.99803
vn 0.15023 -0.01312 -0.98856
vn 0.04231 0.03538 -0.99848
vn 0.03086 0.04048 -0.9987
vn 0.79049 0.6066 0.08458
vn -0.2171 -0.97519 -0.0432
vn -0.2171 -0.97519 -0.0432
vn 0.10901 -0.1077 0.98819
vn -0.02524 0.06535 -0.99754
vn -0.02524 0.06535 -0.99754
vn 0.43886 0.62652 -0.6441
vn 0.43886 0.62652 -0.6441
vn 0.43886 0.62652 -0.6441
vn 0.43886 0.62652 -0.6441
vn -0.49552 0.76574 0.41
vn -0.51479 0.74016 0.4326
vn -0.38363 0.87905 0.28304
vn -0.38363 0.87905 0.28304
vn 0.60306 -0.60428 -0.52074
vn 0.49169 -0.77825 -0.3906
vn 0.50377 -0.76342 -0.40423
vn -0.75516 -0.15062 -0.638
vn -0.72567 -0.11236 -0.67881
vn -0.76124 -0.15895 -0.62869
vn 0.67834 0.0486 0.73314
vn 0.73826 0.11954 0.66384
vn 0.74492 0.12813 0.65474
vn -0.64971 0.46354 0.60251
vn 0.42605 -0.847 -0.31791
vn 0.42605 -0.847 -0.31791
vn -0.80541 -0.22593 -0.54797
vn 0.77114 0.16373 0.61526
vn 0.77114 0.16373 0.61526
vn -0.35152 0.01203 -0.9361
vn -0.35152 0.01203 -0.9361
vn -0.35152 0.01203 -0.9361
vn 0.01266 0.99984 0.01245
vn 0.02137 0.99893 0.04105
vn -0.04988 0.98011 -0.19211
vn -0.04988 0.98011 -0.19211
vn -0.07011 -0.96977 -0.23374
vn 0.00139 -0.99997 0.00804
vn -0.0037 -0.99995 -0.00916
vn -0.92881 0.00378 0.37055
vn -0.95748 0.00231 0.2885
vn -0.95748 0.00231 0.2885
vn -0.92155 0.0041 0.38824
vn 0.98695 -0.00807 -0.1608
vn 0.9492 -0.01098 -0.3145
vn 0.94286 -0.01132 -0.33299
vn 0.12694 0.91211 0.38979
vn 0.03706 -0.99101 0.12858
vn 0.03706 -0.99101 0.12858
vn -0.85013 0.00664 0.52653
vn 0.91264 -0.01269 -0.40857
vn 0.91264 -0.01269 -0.40857
vn 0.51117 0.85552 -0.08234
vn 0.51117 0.85552 -0.08234
vn 0.51117 0.85552 -0.08234
vn -0.6838 0.46196 0.56481
vn -0.70088 0.43556 0.56485
vn -0.58589 0.58973 0.55583
vn -0.58589 0.58973 0.55583
vn 0.77579 -0.31009 -0.54955
vn 0.67828 -0.47786 -0.55819
vn 0.68883 -0.46242 -0.55828
vn -0.52685 0.21761 -0.82163
vn -0.49184 0.27085 -0.82749
vn -0.49184 0.27085 -0.82749
vn -0.53403 0.20616 -0.81995
vn 0.441 -0.35247 0.8254
vn 0.50808 -0.25845 0.82162
vn 0.51559 -0.24707 0.82044
vn -0.82229 0.17981 0.53991
vn 0.6213 -0.55337 -0.55477
vn 0.6213 -0.55337 -0.55477
vn -0.58995 0.10929 -0.80001
vn 0.54737 -0.19662 0.81347
vn 0.54737 -0.19662 0.81347
vn 0.93944 -0.33265 0.08243
vn 0.93944 -0.33265 0.08243
vn 0.93944 -0.33265 0.08243
vn 0.28101 0.89137 0.35566
vn 0.2372 0.90718 0.34749
vn 0.50023 0.77545 0.38528
vn 0.50023 0.77545 0.38528
vn -0.02773 -0.95823 -0.28464
vn -0.30889 -0.88484 -0.34877
vn -0.28275 -0.89543 -0.34389
vn 0.17816 0.31354 -0.93271
vn 0.23594 0.29112 -0.92714
vn 0.23594 0.29112 -0.92714
vn 0.16437 0.31867 -0.9335
vn -0.32482 -0.25887 0.90966
vn -0.21912 -0.3029 0.92749
vn -0.20503 -0.30838 0.9289
vn -0.16638 0.95575 0.2426
vn -0.43878 -0.81922 -0.36925
vn -0.43878 -0.81922 -0.36925
vn 0.05674 0.35596 -0.93278
vn -0.15063 -0.3287 0.93234
vn -0.15063 -0.3287 0.93234
vn -0.11451 0.97886 -0.1695
vn -0.11451 0.97886 -0.1695
vn -0.11451 0.97886 -0.1695
vn 0.25659 0.22512 0.93994
vn 0.25831 0.1749 0.9501
vn 0.23682 0.4749 0.84758
vn 0.23682 0.4749 0.84758
vn -0.24261 0.07929 -0.96688
vn -0.24378 -0.2517 -0.9366
vn -0.24487 -0.22012 -0.94424
vn -0.95762 -0.08248 0.27597
vn -0.96446 -0.0205 0.26343
vn -0.96446 -0.0205 0.26343
vn -0.95597 -0.09367 0.27811
vn 0.96603 -0.07686 -0.24674
vn 0.96142 0.03907 -0.27231
vn 0.96013 0.05131 -0.27479
vn 0.24395 -0.27452 0.93012
vn -0.23434 -0.40673 -0.88298
vn -0.23434 -0.40673 -0.88298
vn -0.93304 -0.20272 0.29723
vn 0.95169 0.11102 -0.2863
vn 0.95169 0.11102 -0.2863
vn 0.14394 0.94576 0.29123
vn 0.14394 0.94576 0.29123
vn 0.14394 0.94576 0.29123
vn -0.46627 0.32262 -0.82372
vn -0.46853 0.28547 -0.83606
vn -0.44305 0.50663 -0.73961
vn -0.44305 0.50663 -0.73961
vn 0.4584 -0.10713 0.88226
vn 0.45603 -0.34349 0.82101
vn 0.45745 -0.32147 0.82909
vn 0.87203 0.0023 -0.48945
vn 0.88107 0.06141 -0.46898
vn 0.88107 0.06141 -0.46898
vn 0.86957 -0.0107 -0.49369
vn -0.88525 -0.15279 0.43931
vn -0.87579 -0.04501 0.48059
vn -0.87382 -0.03175 0.48521
vn -0.45637 -0.06203 -0.88763
vn 0.4449 -0.45247 0.77287
vn 0.4449 -0.45247 0.77287
vn 0.8432 -0.11689 -0.52474
vn -0.86371 0.02369 0.50344
vn -0.86371 0.02369 0.50344
vn -0.08955 -0.64958 0.755
vn -0.08955 -0.64958 0.755
vn -0.08955 -0.64958 0.755
vn -0.08955 -0.64958 0.755
vn 0.12633 0.74711 0.65258
vn 0.1308 0.76577 0.62967
vn 0.09105 0.5941 0.79922
vn 0.09105 0.5941 0.79922
vn -0.16677 -0.8709 -0.4623
vn -0.13003 -0.73036 -0.67057
vn -0.13292 -0.74192 -0.65718
vn 0.98916 -0.14317 -0.03272
vn 0.97905 -0.20121 0.03122
vn 0.99038 -0.13025 -0.04676
vn -0.95093 0.27957 -0.13252
vn -0.98406 0.17706 -0.01664
vn -0.98645 0.16404 -0.00224
vn 0.17594 0.9376 0.29992
vn -0.10855 -0.64262 -0.75845
vn 0.98682 -0.02358 -0.16012
vn -0.99234 0.10924 0.05762
vn -0.99234 0.10924 0.05762
vn -0.67243 0.50963 -0.53676
vn -0.67243 0.50963 -0.53676
vn 0.35707 0.85672 0.37219
vn 0.38561 0.83139 0.40012
vn 0.19424 0.95777 0.212
vn 0.19424 0.95777 0.212
vn -0.49759 -0.68659 -0.53009
vn -0.3319 -0.87005 -0.3645
vn -0.34929 -0.85561 -0.38201
vn -0.6411 -0.06756 0.76447
vn -0.68275 -0.03713 0.72971
vn -0.68275 -0.03713 0.72971
vn -0.63087 -0.07474 0.77228
vn 0.73987 -0.01466 -0.67259
vn 0.6679 0.04232 -0.74305
vn 0.65779 0.04976 -0.75156
vn 0.59566 0.53013 0.60345
vn -0.23847 -0.93285 -0.27005
vn -0.23847 -0.93285 -0.27005
vn -0.5473 -0.12953 0.82685
vn 0.61768 0.07813 -0.78254
vn 0.61768 0.07813 -0.78254
vn 0.11917 0.40889 -0.90477
vn 0.11917 0.40889 -0.90477
vn 0.11917 0.40889 -0.90477
vn -0.3742 0.86187 0.34228
vn -0.38169 0.84416 0.37645
vn -0.32627 0.93211 0.15723
vn -0.32627 0.93211 0.15723
vn 0.4199 -0.74075 -0.52438
vn 0.37876 -0.86831 -0.32029
vn 0.38374 -0.85822 -0.34089
vn -0.92035 -0.30621 -0.24328
vn -0.91111 -0.28174 -0.30084
vn -0.91111 -0.28174 -0.30084
vn -0.9219 -0.31143 -0.23048
vn 0.89256 0.23681 0.38373
vn 0.91678 0.28399 0.28084
vn 0.9189 0.28951 0.26796
vn -0.42158 0.62992 0.65228
vn 0.35021 -0.91221 -0.21268
vn 0.35021 -0.91221 -0.21268
vn -0.92779 -0.35181 -0.12425
vn 0.92578 0.31196 0.21358
vn 0.92578 0.31196 0.21358
vn -0.59865 0.50696 -0.62016
vn -0.59865 0.50696 -0.62016
vn 0.41561 0.85669 0.30553
vn 0.43194 0.84122 0.32523
vn 0.28804 0.9447 0.15676
vn 0.28804 0.9447 0.15676
vn -0.52422 -0.71945 -0.45562
vn -0.39701 -0.86918 -0.2948
vn -0.4069 -0.86038 -0.30687
vn -0.67528 0.06162 0.73499
vn -0.72697 0.1033 0.67886
vn -0.66321 0.05237 0.7466
vn 0.79096 -0.1718 -0.58725
vn 0.70793 -0.09744 -0.69953
vn 0.69642 -0.08807 -0.71221
vn 0.60021 0.58722 0.54307
vn -0.32394 -0.92306 -0.2074
vn -0.32394 -0.92306 -0.2074
vn -0.55627 -0.02333 0.83067
vn 0.64563 -0.04867 -0.76209
vn 0.64563 -0.04867 -0.76209
vn 0.70821 -0.13391 0.69318
vn 0.70821 -0.13391 0.69318
vn 0.19634 0.98044 -0.01361
vn 0.17082 0.98436 -0.04314
vn 0.32331 0.93599 0.13929
vn 0.32331 0.93599 0.13929
vn -0.05708 -0.98044 0.18834
vn -0.21721 -0.97612 0.00409
vn -0.20226 -0.97909 0.02196
vn 0.66669 -0.14638 -0.73082
vn 0.7103 -0.15663 -0.68625
vn 0.7103 -0.15663 -0.68625
vn 0.65672 -0.14405 -0.74025
vn -0.77245 0.16488 0.61329
vn -0.69828 0.14737 0.70049
vn -0.68853 0.14509 0.71054
vn -0.06608 0.9514 -0.30079
vn -0.29141 -0.95265 -0.08683
vn -0.29141 -0.95265 -0.08683
vn 0.5706 -0.12393 -0.81182
vn -0.64635 0.13523 0.75096
vn 0.94226 0.20548 0.26445
vn 0.94226 0.20548 0.26445
vn 0.94226 0.20548 0.26445
vn -0.23129 0.97135 0.05462
vn -0.25878 0.96489 0.04489
vn -0.02862 0.99202 0.12278
vn 0.43371 -0.90055 0.03009
vn 0.20703 -0.97678 -0.05522
vn 0.2236 -0.97344 -0.04927
vn 0.22725 0.10509 -0.96815
vn 0.30921 0.12023 -0.94337
vn 0.30921 0.12023 -0.94337
vn 0.20898 0.10166 -0.97262
vn -0.42644 -0.14924 0.89212
vn -0.28197 -0.12353 0.95144
vn -0.26357 -0.12013 0.95713
vn -0.57789 0.81234 -0.07839
vn 0.08886 -0.99136 -0.09649
vn 0.08886 -0.99136 -0.09649
vn 0.05783 0.07238 -0.9957
vn -0.18598 -0.10548 0.97688
vn -0.18598 -0.10548 0.97688
vn 0.34452 0.31867 0.88304
vn 0.34452 0.31867 0.88304
vn 0.34452 0.31867 0.88304
vn -0.0262 0.94322 -0.33112
vn -0.03441 0.93249 -0.35956
vn 0.01612 0.98338 -0.18083
vn 0.01612 0.98338 -0.18083
vn 0.06276 -0.86983 0.48935
vn 0.0145 -0.94792 0.31818
vn 0.01919 -0.94193 0.33526
vn 0.93308 -0.09904 -0.34577
vn 0.95415 -0.08093 -0.28819
vn 0.95415 -0.08093 -0.28819
vn 0.9281 -0.10285 -0.35785
vn -0.9783 0.04576 0.20208
vn -0.94796 0.07906 0.30843
vn -0.94353 0.08293 0.32074
vn -0.10625 0.79477 -0.59754
vn -0.00931 -0.97312 0.2301
vn -0.00931 -0.97312 0.2301
vn 0.87993 -0.1338 -0.45587
vn -0.92197 0.09977 0.37418
vn -0.48419 0.42834 0.76294
vn -0.48419 0.42834 0.76294
vn -0.48419 0.42834 0.76294
vn 0.25696 0.91554 -0.30945
vn 0.28544 0.89372 -0.34611
vn 0.09908 0.9893 -0.10708
vn 0.09908 0.9893 -0.10708
vn -0.42603 -0.75113 0.50429
vn -0.25101 -0.92592 0.28226
vn -0.26961 -0.91317 0.30568
vn 0.83884 -0.0578 0.5413
vn 0.80688 -0.03193 0.58985
vn 0.80688 -0.03193 0.58985
vn 0.84427 -0.06246 0.53227
vn -0.75232 -0.01314 -0.65866
vn -0.81875 0.03545 -0.57306
vn -0.8251 0.04056 -0.56354
vn 0.49684 0.60655 -0.62069
vn -0.15324 -0.97519 0.15972
vn -0.15324 -0.97519 0.15972
vn 0.89151 -0.10769 0.44001
vn -0.85431 0.06548 -0.51563
vn -0.85431 0.06548 -0.51563
vn -0.30658 0.62656 -0.71654
vn -0.30658 0.62656 -0.71654
vn -0.30658 0.62656 -0.71654
vn -0.30658 0.62656 -0.71654
vn 0.07886 0.76576 0.63827
vn 0.08754 0.74018 0.66668
vn 0.03208 0.87906 0.47563
vn 0.03208 0.87906 0.47563
vn -0.11433 -0.60424 -0.78856
vn -0.06456 -0.77825 -0.62463
vn -0.06955 -0.76342 -0.64215
vn -0.94415 -0.15074 0.293
vn -0.96267 -0.11252 0.2462
vn -0.96267 -0.11252 0.2462
vn -0.93957 -0.15908 0.30314
vn 0.98298 0.04862 -0.17718
vn 0.95684 0.11959 -0.26487
vn 0.95275 0.12819 -0.27538
vn 0.15813 0.46354 0.87185
vn -0.03861 -0.847 -0.53018
vn -0.03861 -0.847 -0.53018
vn -0.89533 -0.226 0.38382
vn 0.9336 0.16381 -0.31869
vn 0.9336 0.16381 -0.31869
vn -0.97816 0.01223 -0.20748
vn -0.97816 0.01223 -0.20748
vn -0.97816 0.01223 -0.20748
vn -0.97816 0.01223 -0.20748
vn 0.01736 0.99984 -0.00398
vn 0.04613 0.99893 0.00406
vn -0.18874 0.98011 -0.06136
vn -0.18874 0.98011 -0.06136
vn -0.23472 -0.96977 -0.06671
vn 0.00752 -0.99997 0.00315
vn -0.00969 -0.99995 -0.00182
vn -0.18764 0.00384 0.98223
vn -0.27219 0.00234 0.96224
vn -0.27219 0.00234 0.96224
vn -0.1688 0.00416 0.98564
vn 0.39568 -0.00807 -0.91835
vn 0.24578 -0.0109 -0.96926
vn 0.22678 -0.01123 -0.97388
vn 0.39689 0.91209 0.10277
vn 0.12832 -0.99101 0.03796
vn 0.12832 -0.99101 0.03796
vn -0.01384 0.00675 0.99988
vn 0.14679 -0.01256 -0.98909
vn 0.14679 -0.01256 -0.98909
vn 0.20571 0.85548 -0.47522
vn 0.20571 0.85548 -0.47522
vn 0.20571 0.85548 -0.47522
vn 0.10791 0.46195 0.88032
vn 0.09873 0.43553 0.89474
vn 0.15314 0.58972 0.79296
vn -0.04553 -0.31006 -0.94963
vn -0.10536 -0.47785 -0.8721
vn -0.09975 -0.46241 -0.88104
vn -0.97603 0.21765 0.0018
vn -0.96212 0.27087 -0.03079
vn -0.96212 0.27087 -0.03079
vn -0.97847 0.20619 0.00874
vn 0.93305 -0.35236 0.07252
vn 0.96595 -0.25834 0.01402
vn 0.969 -0.24696 0.00708
vn 0.0122 0.17979 0.98363
vn -0.13318 -0.55336 -0.82222
vn -0.13318 -0.55336 -0.82222
vn -0.99178 0.10932 0.06649
vn 0.98023 -0.19648 -0.02343
vn 0.98023 -0.19648 -0.02343
vn 0.5751 -0.33269 -0.74738
vn 0.5751 -0.33269 -0.74738
vn 0.45101 0.89136 -0.04541
vn 0.42055 0.90718 -0.01288
vn 0.59397 0.77544 -0.21422
vn 0.59397 0.77544 -0.21422
vn -0.25486 -0.95822 -0.12982
vn -0.46024 -0.88482 0.0726
vn -0.44205 -0.89541 0.05319
vn -0.69019 0.31356 -0.65217
vn -0.65437 0.29114 -0.69789
vn -0.65437 0.29114 -0.69789
vn -0.69828 0.31869 -0.64098
vn 0.59187 -0.25893 0.76331
vn 0.66376 -0.30291 0.68387
vn 0.67253 -0.30838 0.67276
vn 0.11493 0.95575 0.2708
vn -0.5474 -0.81921 0.17103
vn -0.5474 -0.81921 0.17103
vn -0.75561 0.35596 -0.54985
vn 0.7047 -0.32867 0.62878
vn 0.7047 -0.32867 0.62878
vn -0.2045 0.97885 0.00527
vn -0.2045 0.97885 0.00527
vn -0.2045 0.97885 0.00527
vn -0.2045 0.97885 0.00527
vn 0.93029 0.22514 0.28961
vn 0.93978 0.17491 0.29362
vn 0.84178 0.47493 0.25662
vn 0.84178 0.47493 0.25662
vn -0.94546 0.07928 -0.31593
vn -0.92056 -0.25169 -0.29869
vn -0.92759 -0.2201 -0.30188
vn -0.28285 -0.08249 0.95561
vn -0.29705 -0.02051 0.95464
vn -0.29705 -0.02051 0.95464
vn -0.28015 -0.09368 0.95537
vn 0.31198 -0.07687 -0.94697
vn 0.2879 0.03905 -0.95686
vn 0.28511 0.05129 -0.95712
vn 0.91526 -0.27448 0.29489
vn -0.87029 -0.40673 -0.2778
vn -0.87029 -0.40673 -0.2778
vn -0.25177 -0.20273 0.94632
vn 0.27083 0.11101 -0.9562
vn 0.27083 0.11101 -0.9562
vn 0.32292 0.94576 0.03542
vn -0.94519 0.32261 -0.05039
vn -0.9568 0.28546 -0.05513
vn -0.86181 0.50663 -0.02462
vn -0.86181 0.50663 -0.02462
vn 0.99031 -0.10713 0.08835
vn 0.9374 -0.34348 0.05747
vn 0.94498 -0.32146 0.06062
vn 0.05685 0.0023 -0.99838
vn 0.07897 0.06142 -0.99498
vn 0.07897 0.06142 -0.99498
vn 0.05195 -0.01071 -0.99859
vn -0.10599 -0.15279 0.98256
vn -0.06609 -0.04504 0.9968
vn -0.06113 -0.03179 0.99762
vn -0.99371 -0.06206 -0.09323
vn 0.89084 -0.45246 0.041
vn 0.01155 -0.11694 -0.99307
vn -0.0403 0.02365 0.99891
vn 0.58815 -0.64959 0.48178
vn 0.58815 -0.64959 0.48178
vn 0.58815 -0.64959 0.48178
vn 0.58815 -0.64959 0.48178
vn 0.61799 0.74712 0.24475
vn 0.60108 0.76578 0.22865
vn 0.7226 0.59412 0.35338
vn 0.7226 0.59412 0.35338
vn -0.4794 -0.8709 -0.10823
vn -0.63518 -0.73034 -0.25131
vn -0.62545 -0.7419 -0.24166
vn 0.50488 -0.14309 -0.85125
vn 0.55334 -0.20113 -0.80831
vn 0.55334 -0.20113 -0.80831
vn 0.4937 -0.13017 -0.85984
vn -0.62349 0.27964 0.73011
vn -0.54359 0.17708 0.82046
vn -0.53274 0.16406 0.83022
vn 0.34745 0.93761 0.01315
vn -0.69769 -0.64259 -0.31671
vn -0.69769 -0.64259 -0.31671
vn 0.39623 -0.02352 -0.91785
vn -0.48541 0.10923 0.86743
vn -0.48541 0.10923 0.86743
vn 0.09298 0.01137 -0.9956
vn 0.09298 0.01137 -0.9956
vn 0.09298 0.01137 -0.9956
vn 0 1 1E-05
vn 0 1 1E-05
vn -0.958 0.01131 0.28655
vn -0.958 0.01131 0.28655
vn -0.958 0.01131 0.28655
vn -0.77312 0.01109 -0.63416
vn -0.77312 0.01109 -0.63416
vn 0.77322 0.01102 0.63404
vn 0.77322 0.01102 0.63404
vn 0 1 1E-05
vn 0 1 1E-05
vn 0.95802 0.01137 -0.28647
vn 0.95802 0.01137 -0.28647
vn 0.95802 0.01137 -0.28647
vn -0.09283 0.01123 0.99562
vn -0.09283 0.01123 0.99562
vn 0.95809 0.00407 -0.28645
vn 0.95809 0.00407 -0.28645
vn 0.09306 0.00407 -0.99565
vn 0.09306 0.00407 -0.99565
vn 0.09306 0.00407 -0.99565
vn -0.7733 0.00396 -0.63403
vn -0.7733 0.00396 -0.63403
vn -0.7733 0.00396 -0.63403
vn -0.7733 0.00396 -0.63403
vn -0.95804 0.00407 0.2866
vn -0.95804 0.00407 0.2866
vn -0.95804 0.00407 0.2866
vn -0.95804 0.00407 0.2866
vn -0.09307 0.00407 0.99565
vn -0.09307 0.00407 0.99565
vn -0.09307 0.00407 0.99565
vn -0.09307 0.00407 0.99565
vn 0.77332 0.00396 0.634
vn 0.77332 0.00396 0.634
vn 0.95809 0.00342 -0.28646
vn 0.95809 0.00342 -0.28646
vn 0.95809 0.00342 -0.28646
vn 0.95809 0.00342 -0.28646
vn 0.09304 0.00345 -0.99566
vn 0.09304 0.00345 -0.99566
vn 0.09304 0.00345 -0.99566
vn -0.7732 0.00326 -0.63415
vn -0.7732 0.00326 -0.63415
vn -0.7732 0.00326 -0.63415
vn -0.7732 0.00326 -0.63415
vn -0.95806 0.00337 0.28656
vn -0.95806 0.00337 0.28656
vn -0.95806 0.00337 0.28656
vn -0.09291 0.0034 0.99567
vn -0.09291 0.0034 0.99567
vn -0.09291 0.0034 0.99567
vn 0.77325 0.00323 0.6341
vn 0.77325 0.00323 0.6341
vn 0.77325 0.00323 0.6341
vn 0.77325 0.00323 0.6341
vn -0.95798 0.01126 0.2866
vn -0.95798 0.01126 0.2866
vn -0.95798 0.01126 0.2866
vn -0.95798 0.01126 0.2866
vn -0.77331 0.01094 -0.63394
vn -0.77331 0.01094 -0.63394
vn -0.77331 0.01094 -0.63394
vn 0.09302 0.01126 -0.9956
vn 0.09302 0.01126 -0.9956
vn 0.95803 0.01126 -0.28645
vn 0.95803 0.01126 -0.28645
vn 0.95803 0.01126 -0.28645
vn 0.95803 0.01126 -0.28645
vn 0.77329 0.01095 0.63396
vn 0.77329 0.01095 0.63396
vn 0.77329 0.01095 0.63396
vn 0.77329 0.01095 0.63396
vn -0.09304 0.01126 0.9956
vn -0.09304 0.01126 0.9956
vn -0.09304 0.01126 0.9956
vn -0.09304 0.01126 0.9956
vn 0.95804 0.00878 -0.28649
vn 0.95804 0.00878 -0.28649
vn 0.95804 0.00878 -0.28649
vn 0.95804 0.00878 -0.28649
vn 0.09306 0.00878 -0.99562
vn 0.09306 0.00878 -0.99562
vn 0.09306 0.00878 -0.99562
vn -0.77325 0.00854 -0.63404
vn -0.77325 0.00854 -0.63404
vn -0.77325 0.00854 -0.63404
vn -0.95802 0.00878 0.28658
vn -0.95802 0.00878 0.28658
vn -0.95802 0.00878 0.28658
vn -0.95802 0.00878 0.28658
vn -0.09297 0.00878 0.99563
vn -0.09297 0.00878 0.99563
vn -0.09297 0.00878 0.99563
vn 0.77326 0.00854 0.63403
vn 0.77326 0.00854 0.63403
vn 0.77326 0.00854 0.63403
vn -0.95805 0.00421 0.28657
vn -0.95805 0.00421 0.28657
vn -0.95805 0.00421 0.28657
vn -0.77331 0.00404 -0.63401
vn -0.77331 0.00404 -0.63401
vn -0.77331 0.00404 -0.63401
vn 0.09333 0.0042 -0.99563
vn 0.09333 0.0042 -0.99563
vn 0.95805 0.00425 -0.28658
vn 0.95805 0.00425 -0.28658
vn 0.95805 0.00425 -0.28658
vn 0.95805 0.00425 -0.28658
vn 0.77336 0.00402 0.63395
vn 0.77336 0.00402 0.63395
vn 0.77336 0.00402 0.63395
vn -0.09305 0.0043 0.99565
vn -0.09305 0.0043 0.99565
vn -0.09305 0.0043 0.99565
vn -0.09305 0.0043 0.99565
vn 0.95807 0.00411 -0.28651
vn 0.95807 0.00411 -0.28651
vn 0.95807 0.00411 -0.28651
vn 0.09309 0.00412 -0.99565
vn 0.09309 0.00412 -0.99565
vn 0.09309 0.00412 -0.99565
vn -0.77322 0.004 -0.63413
vn -0.77322 0.004 -0.63413
vn -0.77322 0.004 -0.63413
vn -0.77322 0.004 -0.63413
vn -0.95803 0.00412 0.28665
vn -0.95803 0.00412 0.28665
vn -0.0931 0.00412 0.99565
vn -0.0931 0.00412 0.99565
vn -0.0931 0.00412 0.99565
vn -0.0931 0.00412 0.99565
vn 0.77326 0.004 0.63408
vn 0.77326 0.004 0.63408
vn 0.87404 0.34038 0.34669
vn 0.87404 0.34038 0.34669
vn -0.31348 0.93909 -0.14084
vn -0.3527 0.92182 -0.16081
vn -0.09624 0.99488 -0.03097
vn -0.09624 0.99488 -0.03097
vn 0.51999 -0.81257 0.26331
vn 0.28546 -0.94809 0.14016
vn 0.30936 -0.93861 0.15267
vn 0.36213 -0.02117 -0.93189
vn 0.41654 -0.00143 -0.90912
vn 0.41654 -0.00143 -0.90912
vn 0.34904 -0.02584 -0.93675
vn -0.49586 -0.03371 0.86775
vn -0.39789 0.00303 0.91743
vn -0.38464 0.00784 0.92303
vn -0.65881 0.68158 -0.31845
vn 0.15927 -0.98444 0.07422
vn 0.24543 -0.06165 -0.96745
vn -0.33306 0.02628 0.94254
vn -0.33306 0.02628 0.94254
vn -0.90912 0.40888 0.07948
vn -0.90912 0.40888 0.07948
vn -0.90912 0.40888 0.07948
vn -0.90912 0.40888 0.07948
vn 0.41519 0.86187 0.29119
vn 0.45017 0.84416 0.2911
vn 0.22415 0.9321 0.28449
vn 0.22415 0.9321 0.28449
vn -0.60284 -0.74075 -0.29642
vn -0.39469 -0.8683 -0.30044
vn -0.4159 -0.85821 -0.30084
vn -0.0382 -0.30615 0.95122
vn -0.09642 -0.2817 0.95464
vn -0.09642 -0.2817 0.95464
vn -0.02537 -0.31137 0.94995
vn 0.18143 0.23675 -0.95448
vn 0.07571 0.28394 -0.95585
vn 0.06268 0.28947 -0.95513
vn 0.7281 0.62993 0.27028
vn -0.28346 -0.91221 -0.29586
vn -0.28346 -0.91221 -0.29586
vn 0.07965 -0.35172 0.93271
vn 0.00809 0.31192 -0.95007
vn 0.00809 0.31192 -0.95007
vn -0.47589 0.50691 0.71873
vn -0.47589 0.50691 0.71873
vn -0.47589 0.50691 0.71873
vn 0.2083 0.85669 -0.47191
vn 0.22399 0.84123 -0.49211
vn 0.09069 0.9447 -0.31516
vn 0.09069 0.9447 -0.31516
vn -0.33137 -0.71945 0.6104
vn -0.20188 -0.86919 0.45139
vn -0.21153 -0.86038 0.46368
vn 0.8637 0.06154 0.50023
vn 0.82011 0.10321 0.56282
vn 0.82011 0.10321 0.56282
vn 0.87243 0.05229 0.48594
vn -0.74446 -0.17172 -0.64521
vn -0.83615 -0.09744 -0.53977
vn -0.84607 -0.08806 -0.52576
vn 0.40022 0.58723 -0.70355
vn -0.13236 -0.92307 0.36114
vn -0.13236 -0.92307 0.36114
vn 0.93135 -0.02339 0.36337
vn -0.88379 -0.04871 -0.46534
vn -0.88379 -0.04871 -0.46534
vn 0.52339 -0.13385 -0.84151
vn 0.52339 -0.13385 -0.84151
vn 0.52339 -0.13385 -0.84151
vn -0.0558 0.98045 -0.18871
vn -0.07908 0.98436 -0.15742
vn 0.06596 0.93599 -0.34579
vn 0.06596 0.93599 -0.34579
vn 0.19626 -0.98044 0.01496
vn 0.05101 -0.97611 0.21119
vn 0.06521 -0.97908 0.19273
vn -0.8578 -0.14643 -0.49268
vn -0.82372 -0.15662 -0.54493
vn -0.82372 -0.15662 -0.54493
vn -0.86485 -0.1441 -0.48091
vn 0.76604 0.16456 0.62137
vn 0.83507 0.14719 0.53009
vn 0.84276 0.14492 0.51842
vn -0.27927 0.95142 0.12964
vn -0.02171 -0.95265 0.3033
vn -0.02171 -0.95265 0.3033
vn -0.91609 -0.12409 -0.3813
vn 0.87307 0.13514 0.46849
vn 0.87307 0.13514 0.46849
vn 0.05422 0.20533 -0.97719
vn 0.05422 0.20533 -0.97719
vn 0.10338 0.97135 0.21399
vn 0.09983 0.96489 0.24295
vn 0.12607 0.99202 0.00136
vn 0.12607 0.99202 0.00136
vn -0.06447 -0.90056 -0.42993
vn -0.09872 -0.97678 -0.19016
vn -0.09649 -0.97344 -0.20763
vn -0.99439 0.10505 -0.01234
vn -0.98793 0.12021 -0.09769
vn -0.98793 0.12021 -0.09769
vn -0.9948 0.10161 0.00646
vn 0.96327 -0.14933 0.2232
vn 0.98991 -0.12356 0.06933
vn 0.99149 -0.12016 0.05013
vn 0.04852 0.81234 0.58116
vn -0.11345 -0.99136 -0.06586
vn -0.11345 -0.99136 -0.06586
vn -0.98463 0.07229 0.15896
vn 0.99397 -0.10548 -0.0299
vn 0.99397 -0.10548 -0.0299
vn 0.7875 0.31864 -0.52755
vn 0.7875 0.31864 -0.52755
vn -0.3176 0.94322 0.09729
vn -0.34356 0.93249 0.11146
vn -0.18001 0.98339 0.02341
vn -0.18001 0.98339 0.02341
vn 0.46423 -0.86981 -0.16712
vn 0.3075 -0.94792 -0.083
vn 0.32317 -0.94193 -0.09127
vn -0.53948 -0.09914 -0.83614
vn -0.48788 -0.08104 -0.86914
vn -0.55018 -0.10293 -0.82867
vn 0.40931 0.04544 0.91126
vn 0.50643 0.0789 0.85867
vn 0.51749 0.08279 0.85167
vn -0.56035 0.79477 0.23314
vn 0.22664 -0.97313 -0.04073
vn 0.22664 -0.97313 -0.04073
vn -0.63539 -0.13385 -0.7605
vn 0.56492 0.09971 0.8191
vn 0.84967 0.42839 0.30749
vn 0.84967 0.42839 0.30749
vn 0.84967 0.42839 0.30749
vn -0.35778 0.91553 -0.18383
vn -0.39973 0.89372 -0.20368
vn -0.12599 0.9893 -0.07354
vn 0.58445 -0.75119 0.3068
vn 0.32985 -0.92593 0.18397
vn 0.35675 -0.91318 0.19707
vn 0.34688 -0.05784 -0.93612
vn 0.40118 -0.03197 -0.91544
vn 0.40118 -0.03197 -0.91544
vn 0.3369 -0.0625 -0.93946
vn -0.48009 -0.01311 0.87712
vn -0.38219 0.03544 0.92341
vn -0.3715 0.04055 0.92755
vn -0.7136 0.60654 -0.35055
vn 0.18911 -0.97519 0.11505
vn 0.18911 -0.97519 0.11505
vn 0.23665 -0.10773 -0.9656
vn -0.31846 0.06544 0.94568
vn -0.31846 0.06544 0.94568
vn -0.63315 0.62652 0.45453
vn -0.63315 0.62652 0.45453
vn 0.60608 0.76575 -0.21515
vn 0.63194 0.74017 -0.22977
vn 0.45745 0.87904 -0.13427
vn 0.45745 0.87904 -0.13427
vn -0.7451 -0.60426 0.28229
vn -0.59584 -0.77825 0.19823
vn -0.61187 -0.76342 0.2069
vn 0.49053 -0.15059 0.85832
vn 0.44881 -0.11236 0.88654
vn 0.44881 -0.11236 0.88654
vn 0.49944 -0.15892 0.85165
vn -0.3858 0.04861 -0.9213
vn -0.46575 0.11963 -0.87679
vn -0.47513 0.12822 -0.87052
vn 0.81694 0.46355 -0.34311
vn -0.50926 -0.847 0.15247
vn 0.56866 -0.22585 0.79096
vn -0.51326 0.16386 -0.84245
vn -0.51326 0.16386 -0.84245
vn 0.00914 0.01222 0.99988
vn 0.00914 0.01222 0.99988
vn 0.00914 0.01222 0.99988
vn -0.00763 0.99984 -0.01606
vn -0.00601 0.99893 -0.04589
vn -0.01903 0.9801 0.19757
vn -0.01903 0.9801 0.19757
vn -0.01435 -0.96977 0.24359
vn 0.00144 -0.99997 -0.00803
vn 0.00032 -0.99995 0.00987
vn 0.99956 0.00384 -0.02948
vn 0.99835 0.00236 0.05741
vn 0.99835 0.00236 0.05741
vn 0.99881 0.00416 -0.04859
vn -0.98223 -0.00815 -0.18751
vn -0.99948 -0.01094 -0.03017
vn -0.99988 -0.01127 -0.0106
vn 0.01443 0.91212 -0.40966
vn 0.00929 -0.99101 -0.13348
vn 0.00929 -0.99101 -0.13348
vn 0.97917 0.00673 -0.20295
vn -0.99741 -0.01258 0.07075
vn -0.99741 -0.01258 0.07075
vn -0.50845 0.8555 -0.09798
vn -0.50845 0.8555 -0.09798
vn -0.50845 0.8555 -0.09798
vn 0.83603 0.46195 -0.29606
vn 0.85209 0.43555 -0.29023
vn 0.74093 0.58977 -0.32124
vn 0.74093 0.58977 -0.32124
vn -0.9172 -0.31011 0.25015
vn -0.82858 -0.47788 0.2917
vn -0.83852 -0.46244 0.28816
vn 0.21312 0.2176 0.95249
vn 0.17836 0.27083 0.94596
vn 0.17836 0.27083 0.94596
vn 0.2204 0.20616 0.95337
vn -0.13172 -0.35243 -0.92652
vn -0.19571 -0.25846 -0.94599
vn -0.20313 -0.24708 -0.94746
vn 0.95761 0.17975 -0.2251
vn -0.77389 -0.55336 0.30802
vn 0.27953 0.10931 0.95389
vn -0.23522 -0.19665 -0.95184
vn -0.23522 -0.19665 -0.95184
vn -0.8542 -0.33258 -0.39967
vn -0.8542 -0.33258 -0.39967
vn -0.8542 -0.33258 -0.39967
vn -0.14191 0.89137 -0.43049
vn -0.10356 0.90719 -0.40779
vn -0.33765 0.77547 -0.53351
vn -0.33765 0.77547 -0.53351
vn -0.07159 -0.95823 0.27691
vn 0.17051 -0.88484 0.43357
vn 0.14763 -0.89542 0.42003
vn -0.48731 0.31356 0.81499
vn -0.53968 0.29114 0.78993
vn -0.53968 0.29114 0.78993
vn -0.47463 0.31869 0.82047
vn 0.61714 -0.2589 -0.74304
vn 0.52404 -0.3029 -0.79602
vn 0.51129 -0.30837 -0.80218
vn 0.23953 0.95574 -0.17083
vn 0.28548 -0.81923 0.49736
vn -0.37328 0.35596 0.85671
vn 0.46141 -0.32867 -0.82406
vn 0.46141 -0.32867 -0.82406
vn 0.04943 0.97885 0.19852
vn 0.04943 0.97885 0.19852
vn 0.04943 0.97885 0.19852
vn 0.08139 0.22512 -0.97093
vn 0.08325 0.17489 -0.98106
vn 0.06835 0.47489 -0.87739
vn 0.06835 0.47489 -0.87739
vn -0.1037 0.0793 0.99144
vn -0.09233 -0.25169 0.96339
vn -0.09392 -0.2201 0.97095
vn 0.99419 -0.08248 0.06921
vn 0.99631 -0.02047 0.08333
vn 0.99631 -0.02047 0.08333
vn 0.99337 -0.09367 0.06663
vn -0.99205 -0.0769 -0.09959
vn -0.9965 0.03903 -0.07396
vn -0.99614 0.05128 -0.07119
vn 0.08976 -0.27451 -0.95739
vn -0.08286 -0.40672 0.90979
vn -0.08286 -0.40672 0.90979
vn 0.97838 -0.20278 0.04079
vn -0.99216 0.11099 -0.05746
vn -0.99216 0.11099 -0.05746
vn -0.03531 0.94576 -0.32295
vn -0.03531 0.94576 -0.32295
vn 0.15541 0.3226 0.93369
vn 0.15328 0.28546 0.94605
vn 0.16257 0.50661 0.84671
vn 0.16257 0.50661 0.84671
vn -0.12804 -0.10712 -0.98597
vn -0.1467 -0.34347 -0.92763
vn -0.14527 -0.32146 -0.93571
vn -0.98701 0.00228 0.16064
vn -0.98849 0.06138 0.13825
vn -0.98849 0.06138 0.13825
vn -0.98616 -0.01072 0.16547
vn 0.98221 -0.15281 -0.10913
vn 0.98748 -0.04505 -0.15115
vn 0.98722 -0.03179 -0.15617
vn 0.12398 -0.06206 0.99034
vn -0.15269 -0.45246 -0.87862
vn -0.972 -0.11691 0.20382
vn 0.98397 0.02365 -0.17677
vn 0.98397 0.02365 -0.17677
vn 0.34314 -0.64962 -0.67842
vn 0.34314 -0.64962 -0.67842
vn 0.34314 -0.64962 -0.67842
vn 0.34314 -0.64962 -0.67842
vn 0.1052 0.74711 -0.65632
vn 0.09314 0.76577 -0.63634
vn 0.18862 0.59409 -0.78197
vn -0.00192 -0.87088 0.49148
vn -0.10788 -0.73035 0.6745
vn -0.10057 -0.74191 0.66291
vn -0.94036 -0.14318 -0.30857
vn -0.90895 -0.2012 -0.36515
vn -0.90895 -0.2012 -0.36515
vn -0.94633 -0.13026 -0.2958
vn 0.8478 0.27957 0.45064
vn 0.91866 0.17704 0.35316
vn 0.92584 0.16402 0.34046
vn -0.06237 0.93761 -0.34206
vn -0.1582 -0.64262 0.74968
vn -0.1582 -0.64262 0.74968
vn -0.98186 -0.02363 -0.18812
vn 0.95191 0.10922 0.28625
vn 0.95191 0.10922 0.28625
vn -0.84977 0.01147 0.52703
vn -0.84977 0.01147 0.52703
vn -0.84977 0.01147 0.52703
vn -0.84977 0.01147 0.52703
vn 0 1 -1E-05
vn 0 1 -1E-05
vn 0.80698 0.01145 0.59046
vn 0.80698 0.01145 0.59046
vn 0.80698 0.01145 0.59046
vn 0.80698 0.01145 0.59046
vn -0.03808 0.01123 0.99921
vn -0.03808 0.01123 0.99921
vn -0.03808 0.01123 0.99921
vn 0.03783 0.01112 -0.99922
vn 0 1 1E-05
vn 0 1 1E-05
vn -0.80687 0.01139 -0.59062
vn -0.80687 0.01139 -0.59062
vn -0.80687 0.01139 -0.59062
vn 0.84977 0.01141 -0.52703
vn 0.84977 0.01141 -0.52703
vn -0.80699 0.00407 -0.59055
vn -0.84972 0.00407 0.52722
vn -0.84972 0.00407 0.52722
vn -0.84972 0.00407 0.52722
vn -0.03818 0.00395 0.99926
vn -0.03818 0.00395 0.99926
vn 0.80703 0.00406 0.5905
vn 0.80703 0.00406 0.5905
vn 0.84979 0.00406 -0.52711
vn 0.84979 0.00406 -0.52711
vn 0.84979 0.00406 -0.52711
vn 0.03817 0.00396 -0.99926
vn 0.03817 0.00396 -0.99926
vn -0.807 0.00343 -0.59054
vn -0.807 0.00343 -0.59054
vn -0.84971 0.00346 0.52725
vn -0.84971 0.00346 0.52725
vn -0.84971 0.00346 0.52725
vn -0.03813 0.00329 0.99927
vn -0.03813 0.00329 0.99927
vn 0.80705 0.00344 0.59047
vn 0.80705 0.00344 0.59047
vn 0.80705 0.00344 0.59047
vn 0.80705 0.00344 0.59047
vn 0.84983 0.00343 -0.52705
vn 0.84983 0.00343 -0.52705
vn 0.84983 0.00343 -0.52705
vn 0.03793 0.00323 -0.99928
vn 0.03793 0.00323 -0.99928
vn 0.03793 0.00323 -0.99928
vn 0.80699 0.01125 0.59046
vn 0.80699 0.01125 0.59046
vn 0.80699 0.01125 0.59046
vn -0.03844 0.01094 0.9992
vn -0.03844 0.01094 0.9992
vn -0.03844 0.01094 0.9992
vn -0.03844 0.01094 0.9992
vn -0.84959 0.01126 0.52733
vn -0.84959 0.01126 0.52733
vn -0.84959 0.01126 0.52733
vn -0.80708 0.01125 -0.59034
vn -0.80708 0.01125 -0.59034
vn -0.80708 0.01125 -0.59034
vn 0.03844 0.01094 -0.9992
vn 0.03844 0.01094 -0.9992
vn 0.84974 0.01126 -0.52708
vn 0.84974 0.01126 -0.52708
vn 0.84974 0.01126 -0.52708
vn 0.84974 0.01126 -0.52708
vn -0.80697 0.00879 -0.59053
vn -0.80697 0.00879 -0.59053
vn -0.80697 0.00879 -0.59053
vn -0.80697 0.00879 -0.59053
vn -0.84969 0.00878 0.52721
vn -0.03817 0.00854 0.99923
vn -0.03817 0.00854 0.99923
vn -0.03817 0.00854 0.99923
vn 0.807 0.00878 0.59048
vn 0.807 0.00878 0.59048
vn 0.807 0.00878 0.59048
vn 0.84972 0.00879 -0.52716
vn 0.84972 0.00879 -0.52716
vn 0.84972 0.00879 -0.52716
vn 0.03817 0.00854 -0.99923
vn 0.03817 0.00854 -0.99923
vn 0.03817 0.00854 -0.99923
vn 0.80704 0.00438 0.59048
vn 0.80704 0.00438 0.59048
vn -0.03799 0.00422 0.99927
vn -0.03799 0.00422 0.99927
vn -0.84977 0.00421 0.52714
vn -0.84977 0.00421 0.52714
vn -0.84977 0.00421 0.52714
vn -0.80694 0.00416 -0.59061
vn -0.80694 0.00416 -0.59061
vn -0.80694 0.00416 -0.59061
vn 0.03821 0.00406 -0.99926
vn 0.03821 0.00406 -0.99926
vn 0.84969 0.00418 -0.52726
vn 0.84969 0.00418 -0.52726
vn 0.84969 0.00418 -0.52726
vn 0.84969 0.00418 -0.52726
vn -0.80691 0.00412 -0.59066
vn -0.80691 0.00412 -0.59066
vn -0.80691 0.00412 -0.59066
vn -0.8498 0.00412 0.52709
vn -0.8498 0.00412 0.52709
vn -0.8498 0.00412 0.52709
vn -0.0379 0.004 0.99927
vn -0.0379 0.004 0.99927
vn -0.0379 0.004 0.99927
vn 0.80698 0.00411 0.59056
vn 0.80698 0.00411 0.59056
vn 0.80698 0.00411 0.59056
vn 0.84974 0.00412 -0.52719
vn 0.84974 0.00412 -0.52719
vn 0.84974 0.00412 -0.52719
vn 0.0379 0.004 -0.99927
vn 0.0379 0.004 -0.99927
vn 0.0379 0.004 -0.99927
vn -0.71406 0.50138 -0.4886
vn -0.71406 0.50138 -0.4886
vn -0.71406 0.50138 -0.4886
vn 0.47232 0.85987 0.19373
vn 0.49302 0.84398 0.21125
vn 0.35917 0.92778 0.10111
vn 0.35917 0.92778 0.10111
vn -0.57714 -0.76036 -0.29792
vn -0.45685 -0.86885 -0.19075
vn -0.46924 -0.85979 -0.20143
vn -0.50773 0.08179 0.85762
vn -0.55401 0.1115 0.82501
vn -0.55401 0.1115 0.82501
vn -0.49762 0.07543 0.86411
vn 0.6155 -0.16237 -0.77123
vn 0.53647 -0.10934 -0.8368
vn 0.52662 -0.10295 -0.84384
vn 0.65617 0.66394 0.35864
vn -0.39176 -0.91 -0.13573
vn -0.40972 0.02184 0.91195
vn 0.48226 -0.0747 -0.87284
vn 0.48226 -0.0747 -0.87284
vn -0.25152 0.34035 -0.90603
vn -0.25152 0.34035 -0.90603
vn -0.25152 0.34035 -0.90603
vn -0.25152 0.34035 -0.90603
vn 0.07707 0.93909 0.33493
vn 0.08484 0.92181 0.37823
vn 0.03344 0.99487 0.09543
vn 0.03344 0.99487 0.09543
vn -0.10408 -0.81256 -0.57352
vn -0.06066 -0.94809 -0.31216
vn -0.06512 -0.93861 -0.33879
vn -0.96142 -0.02114 0.27428
vn -0.97615 -0.00137 0.21711
vn -0.95739 -0.02581 0.28766
vn 0.99108 -0.03383 -0.12893
vn 0.9715 0.00301 -0.23704
vn 0.96796 0.00784 -0.251
vn 0.14408 0.68161 0.71739
vn -0.03704 -0.98444 -0.17175
vn -0.03704 -0.98444 -0.17175
vn -0.91924 -0.06165 0.38884
vn 0.95234 0.02633 -0.3039
vn 0.95234 0.02633 -0.3039
vn 0.61236 0.40882 0.67667
vn 0.61236 0.40882 0.67667
vn 0.61236 0.40882 0.67667
vn 0.61236 0.40882 0.67667
vn -0.0187 0.86188 -0.50677
vn -0.0399 0.84417 -0.53459
vn 0.09138 0.93211 -0.35046
vn 0.09138 0.93211 -0.35046
vn 0.12791 -0.74074 0.6595
vn -0.00103 -0.8683 0.49603
vn 0.01146 -0.85821 0.51317
vn 0.78119 -0.30614 -0.54407
vn 0.8191 -0.28163 -0.49977
vn 0.8191 -0.28163 -0.49977
vn 0.77244 -0.31136 -0.55353
vn -0.87031 0.23682 0.43182
vn -0.80753 0.28397 0.51696
vn -0.7991 0.28949 0.52692
vn -0.2244 0.62992 -0.74353
vn -0.06457 -0.91221 0.40461
vn -0.06457 -0.91221 0.40461
vn 0.69525 -0.35182 -0.62678
vn -0.76207 0.31192 0.5674
vn -0.76207 0.31192 0.5674
vn 0.86022 0.50697 -0.05488
vn 0.86022 0.50697 -0.05488
vn 0.86022 0.50697 -0.05488
vn -0.50192 0.85669 0.11904
vn -0.52749 0.84122 0.11873
vn -0.30594 0.9447 0.1181
vn -0.30594 0.9447 0.1181
vn 0.68662 -0.71945 -0.1046
vn 0.48168 -0.86919 -0.11175
vn 0.49729 -0.86039 -0.11148
vn -0.12303 0.06159 -0.99049
vn -0.04685 0.10326 -0.99355
vn -0.04685 0.10326 -0.99355
vn -0.13969 0.05234 -0.98881
vn -0.06463 -0.17175 0.98302
vn 0.07484 -0.09745 0.99242
vn 0.092 -0.08806 0.99186
vn -0.80246 0.58722 0.10598
vn 0.36776 -0.92308 -0.11263
vn 0.36776 -0.92308 -0.11263
vn -0.27293 -0.02334 -0.96175
vn 0.16296 -0.04869 0.98543
vn -0.41002 0.79896 0.43995
vn -0.41002 0.79896 0.43995
vn -0.41002 0.79896 0.43995
vn -0.41002 0.79896 0.43995
vn 0.69776 0.58479 -0.41371
vn 0.71183 0.55909 -0.4251
vn 0.61496 0.70707 -0.34909
vn 0.61496 0.70707 -0.34909
vn -0.77344 -0.43157 0.46427
vn -0.69437 -0.59742 0.40117
vn -0.70316 -0.58237 0.40794
vn 0.59158 -0.15172 0.79184
vn 0.56306 -0.10201 0.8201
vn 0.59735 -0.16223 0.7854
vn -0.52114 0.02189 -0.85319
vn -0.57747 0.11256 -0.80861
vn -0.58365 0.12322 -0.8026
vn 0.80593 0.30408 -0.50794
vn -0.64618 -0.67035 0.36481
vn -0.64618 -0.67035 0.36481
vn 0.64104 -0.24858 0.72614
vn -0.6094 0.16967 -0.7745
vn -0.6094 0.16967 -0.7745
vn -0.98678 -0.13403 0.09115
vn -0.98678 -0.13403 0.09115
vn -0.98678 -0.13403 0.09115
vn -0.98678 -0.13403 0.09115
vn -0.11665 0.98045 0.15846
vn -0.07762 0.98436 0.15813
vn -0.31538 0.93601 0.15627
vn -0.31538 0.93601 0.15627
vn -0.10662 -0.98044 -0.16546
vn 0.13751 -0.97611 -0.16821
vn 0.1142 -0.97908 -0.16838
vn 0.12542 -0.14635 0.98125
vn 0.06313 -0.15656 0.98565
vn 0.06313 -0.15656 0.98565
vn 0.13907 -0.14402 0.97975
vn 0.03247 0.16479 -0.98579
vn -0.08197 0.1474 -0.98567
vn -0.09593 0.14513 -0.98475
vn 0.27208 0.95139 0.14434
vn 0.25483 -0.95265 -0.16589
vn 0.2495 -0.12397 0.96041
vn -0.15404 0.13533 -0.97875
vn -0.15404 0.13533 -0.97875
vn -0.81152 0.20543 0.54702
vn -0.81152 0.20543 0.54702
vn -0.81152 0.20543 0.54702
vn 0.1081 0.97135 -0.21165
vn 0.13332 0.96489 -0.22631
vn -0.07506 0.99202 -0.1013
vn -0.07506 0.99202 -0.1013
vn -0.3037 -0.90056 0.31108
vn -0.09193 -0.97678 0.19353
vn -0.1072 -0.97344 0.20231
vn 0.59079 0.10509 0.79995
vn 0.51886 0.1202 0.84637
vn 0.51886 0.1202 0.84637
vn 0.60602 0.10166 0.78892
vn -0.40405 -0.14927 -0.90248
vn -0.54269 -0.12349 -0.8308
vn -0.55895 -0.12007 -0.82046
vn 0.43386 0.81234 -0.38971
vn 0.01602 -0.99136 0.13019
vn 0.01602 -0.99136 0.13019
vn 0.72144 0.07242 0.68868
vn -0.62419 -0.10539 -0.77413
vn -0.62419 -0.10539 -0.77413
vn -0.8961 0.31859 -0.30902
vn -0.8961 0.31859 -0.30902
vn -0.8961 0.31859 -0.30902
vn 0.26936 0.94322 0.19435
vn 0.29632 0.93251 0.20647
vn 0.1274 0.98338 0.12934
vn -0.41365 -0.86978 -0.26902
vn -0.25191 -0.94791 -0.19494
vn -0.26797 -0.94192 -0.20243
vn -0.34043 -0.09915 0.93503
vn -0.398 -0.08103 0.9138
vn -0.398 -0.08103 0.9138
vn -0.328 -0.10295 0.93905
vn 0.47929 0.04544 -0.87648
vn 0.37853 0.07884 -0.92222
vn 0.36625 0.08274 -0.92683
vn 0.52423 0.7948 0.30573
vn -0.16935 -0.97312 -0.15604
vn -0.16935 -0.97312 -0.15604
vn -0.22202 -0.13391 0.9658
vn 0.31155 0.09962 -0.94499
vn 0.31155 0.09962 -0.94499
vn -0.26825 0.42823 -0.86293
vn -0.26825 0.42823 -0.86293
vn 0.06959 0.91554 0.39615
vn 0.0791 0.89375 0.44154
vn 0.01751 0.9893 0.14483
vn 0.01751 0.9893 0.14483
vn -0.10858 -0.75112 -0.65117
vn -0.05265 -0.92592 -0.37403
vn -0.05845 -0.91317 -0.40336
vn -0.95558 -0.05779 0.28901
vn -0.9719 -0.03194 0.2332
vn -0.9719 -0.03194 0.2332
vn -0.95221 -0.06245 0.29899
vn 0.98904 -0.01316 -0.14703
vn 0.9668 0.03538 -0.25309
vn 0.96364 0.0405 -0.26412
vn 0.15161 0.60656 0.78045
vn -0.02254 -0.9752 -0.2202
vn -0.02254 -0.9752 -0.2202
vn -0.91246 -0.10766 0.39474
vn 0.94604 0.06539 -0.31739
vn 0.94604 0.06539 -0.31739
vn 0.7447 0.62646 0.23015
vn 0.7447 0.62646 0.23015
vn 0.7447 0.62646 0.23015
vn 0.7447 0.62646 0.23015
vn -0.53751 0.76576 -0.35313
vn -0.56478 0.74018 -0.36491
vn -0.38328 0.87905 -0.28349
vn -0.38328 0.87905 -0.28349
vn 0.67509 -0.60422 0.42329
vn 0.51791 -0.77823 0.35515
vn 0.53449 -0.7634 0.36268
vn 0.38778 -0.15063 -0.90936
vn 0.43544 -0.1124 -0.89317
vn 0.43544 -0.1124 -0.89317
vn 0.37708 -0.15896 -0.91244
vn -0.50127 0.04866 0.86392
vn -0.41747 0.11964 0.90078
vn -0.40682 0.12823 0.90447
vn -0.76682 0.46356 -0.44395
vn 0.4291 -0.847 0.31379
vn 0.4291 -0.847 0.31379
vn 0.28693 -0.22588 -0.93094
vn -0.36139 0.16385 0.91791
vn -0.36139 0.16385 0.91791
vn 0.79137 0.01214 -0.61121
vn 0.79137 0.01214 -0.61121
vn 0.79137 0.01214 -0.61121
vn -0.00819 0.99984 0.01578
vn -0.03296 0.99893 0.03252
vn 0.16896 0.98011 -0.10414
vn 0.16896 0.98011 -0.10414
vn 0.20277 -0.96978 -0.13572
vn -0.00728 -0.99997 0.0037
vn 0.00766 -0.99995 -0.00622
vn -0.62722 0.00374 -0.77883
vn -0.55724 0.00223 -0.83035
vn -0.55724 0.00223 -0.83035
vn -0.64201 0.00407 -0.76669
vn 0.44388 -0.00817 0.89605
vn 0.57969 -0.01095 0.81477
vn 0.5955 -0.01128 0.80328
vn -0.33526 0.91211 0.23593
vn -0.112 -0.99101 0.07323
vn -0.75318 0.00668 -0.65778
vn 0.65885 -0.01259 0.75217
vn 0.65885 -0.01259 0.75217
vn 0.22911 0.85545 0.46445
vn 0.22911 0.85545 0.46445
vn 0.22911 0.85545 0.46445
vn -0.74093 0.46192 -0.4875
vn -0.74599 0.43552 -0.50382
vn -0.70359 0.58969 -0.39651
vn 0.7534 -0.31005 0.57988
vn 0.73296 -0.47784 0.48418
vn 0.73615 -0.4624 0.49423
vn 0.6303 0.21768 -0.74521
vn 0.64615 0.2709 -0.71352
vn 0.64615 0.2709 -0.71352
vn 0.6266 0.20623 -0.75156
vn -0.6592 -0.35244 0.66426
vn -0.63585 -0.25839 0.72727
vn -0.63252 -0.24701 0.7341
vn -0.75778 0.17978 -0.62726
vn 0.71293 -0.55335 0.43074
vn 0.71293 -0.55335 0.43074
vn 0.5912 0.10937 -0.79908
vn -0.6165 -0.19653 0.76243
vn -0.6165 -0.19653 0.76243
vn 0.19745 -0.33271 0.92213
vn 0.19745 -0.33271 0.92213
vn 0.19745 -0.33271 0.92213
vn 0.19745 -0.33271 0.92213
vn -0.25731 0.89138 0.37315
vn -0.26238 0.90719 0.32889
vn -0.22117 0.77546 0.5914
vn -0.22117 0.77546 0.5914
vn 0.26389 -0.95824 -0.1102
vn 0.24256 -0.88484 -0.39777
vn 0.24558 -0.89542 -0.37136
vn 0.94386 0.31357 -0.1039
vn 0.95552 0.29117 -0.047
vn 0.95552 0.29117 -0.047
vn 0.94057 0.31869 -0.11731
vn -0.96497 -0.25879 -0.04303
vn -0.95093 -0.30289 0.0632
vn -0.94814 -0.30837 0.07707
vn -0.28078 0.95576 -0.08771
vn 0.22397 -0.81921 -0.52796
vn 0.22397 -0.81921 -0.52796
vn 0.90825 0.35593 -0.22
vn -0.93543 -0.32873 0.13007
vn -0.33149 0.57144 -0.75071
vn -0.33149 0.57144 -0.75071
vn -0.33149 0.57144 -0.75071
vn 0.23847 0.81954 0.52105
vn 0.2481 0.79656 0.5513
vn 0.18281 0.91808 0.35172
vn -0.27635 -0.67337 -0.68572
vn -0.22381 -0.83198 -0.50766
vn -0.22949 -0.81878 -0.52624
vn -0.90867 -0.00446 0.4175
vn -0.92909 0.03005 0.36864
vn -0.92909 0.03005 0.36864
vn -0.90369 -0.01205 0.42802
vn 0.9515 -0.08754 -0.29493
vn 0.92161 -0.02453 -0.38733
vn 0.9171 -0.01678 -0.39831
vn 0.31609 0.53901 0.78074
vn -0.19303 -0.89197 -0.40881
vn -0.85642 -0.074 0.51094
vn 0.89625 0.01563 -0.44328
vn 0.89625 0.01563 -0.44328
vn 0.77671 0.58229 -0.24012
vn 0.77671 0.58229 -0.24012
vn 0.77671 0.58229 -0.24012
vn -0.51538 0.82991 0.21361
vn -0.55662 0.80061 0.2218
vn -0.28046 0.94605 0.16225
vn -0.28046 0.94605 0.16225
vn 0.74197 -0.6262 -0.23947
vn 0.49595 -0.84561 -0.19744
vn 0.52281 -0.82803 -0.20258
vn -0.33524 0.02826 -0.94171
vn -0.28473 0.06396 -0.95647
vn -0.28473 0.06396 -0.95647
vn -0.34424 0.02178 -0.93863
vn 0.20696 -0.12309 0.97058
vn 0.30364 -0.05695 0.95108
vn 0.31363 -0.0499 0.94823
vn -0.84699 0.45974 0.26692
vn 0.35267 -0.92048 -0.16833
vn 0.35267 -0.92048 -0.16833
vn -0.43008 -0.04189 -0.90182
vn 0.36172 -0.01533 0.93216
vn 0.36172 -0.01533 0.93216
vn -0.07046 0.3606 0.93005
vn -0.07046 0.3606 0.93005
vn -0.07046 0.3606 0.93005
vn 0.51719 0.80984 -0.27692
vn 0.5224 0.7935 -0.31217
vn 0.47743 0.87427 -0.08786
vn 0.47743 0.87427 -0.08786
vn -0.54654 -0.69543 0.46656
vn -0.52235 -0.81389 0.25443
vn -0.52606 -0.80453 0.27566
vn 0.85256 -0.46905 0.23049
vn 0.84622 -0.44732 0.28952
vn 0.84622 -0.44732 0.28952
vn 0.8535 -0.47359 0.21738
vn -0.83332 0.4059 -0.37527
vn -0.85177 0.44929 -0.26951
vn -0.85324 0.45419 -0.25629
vn 0.53266 0.59483 -0.60204
vn -0.49901 -0.85449 0.14433
vn -0.49901 -0.85449 0.14433
vn 0.85497 -0.50717 0.10868
vn -0.85756 0.4737 -0.20052
vn -0.85756 0.4737 -0.20052
vn -0.4062 -0.72967 0.55007
vn -0.4062 -0.72967 0.55007
vn -0.4062 -0.72967 0.55007
vn -0.21585 0.66477 0.71518
vn -0.20192 0.68585 0.69917
vn -0.30966 0.49678 0.81075
vn -0.30966 0.49678 0.81075
vn 0.09611 -0.8086 -0.58045
vn 0.22015 -0.64598 -0.73092
vn 0.2118 -0.65892 -0.72178
vn 0.89636 -0.15932 0.41372
vn 0.85986 -0.22402 0.45876
vn 0.85986 -0.22402 0.45876
vn 0.90349 -0.1449 0.40337
vn -0.79075 0.31279 -0.52619
vn -0.87016 0.1984 -0.45107
vn -0.87848 0.18389 -0.44098
vn -0.01527 0.89326 0.44928
vn 0.27681 -0.54923 -0.78849
vn 0.27681 -0.54923 -0.78849
vn 0.94908 -0.02599 0.31397
vn -0.9095 0.12271 -0.39717
vn -0.9095 0.12271 -0.39717
vn -0.24947 0.80021 0.54538
vn -0.24947 0.80021 0.54538
vn -0.24947 0.80021 0.54538
vn -0.24947 0.80021 0.54538
vn 0.57497 0.57486 -0.58219
vn 0.58461 0.54904 -0.59732
vn 0.51677 0.69793 -0.49583
vn 0.51677 0.69793 -0.49583
vn -0.6292 -0.4208 0.65347
vn -0.57559 -0.58728 0.56902
vn -0.58173 -0.57216 0.57813
vn 0.78109 -0.1827 0.59709
vn 0.7629 -0.13287 0.63271
vn 0.7629 -0.13287 0.63271
vn 0.78456 -0.19323 0.58918
vn -0.73415 0.05232 -0.67697
vn -0.77327 0.14354 -0.61762
vn -0.77722 0.15424 -0.61003
vn 0.64467 0.29337 -0.70593
vn -0.54149 -0.66065 0.51993
vn -0.54149 -0.66065 0.51993
vn 0.80774 -0.27943 0.5191
vn -0.79284 0.20078 -0.57541
vn 0.55931 0.01134 0.82888
vn 0.55931 0.01134 0.82888
vn 0.55931 0.01134 0.82888
vn 0.55922 0.01148 -0.82894
vn 0.55922 0.01148 -0.82894
vn 0.55922 0.01148 -0.82894
vn 0.55922 0.01148 -0.82894
vn 0.99994 0.01114 0
vn 0.99994 0.01114 0
vn -0.99994 0.01109 0
vn -0.55933 0.01135 0.82887
vn -0.55933 0.01135 0.82887
vn -0.55923 0.01142 -0.82893
vn -0.55924 0.01142 -0.82893
vn -0.55938 0.00408 0.8289
vn -0.55938 0.00408 0.8289
vn 0.55938 0.00408 0.8289
vn 0.55938 0.00408 0.8289
vn 0.55938 0.00408 0.8289
vn 0.55938 0.00408 0.8289
vn 0.99999 0.00396 0
vn 0.99999 0.00396 0
vn 0.55926 0.00407 -0.82898
vn 0.55926 0.00407 -0.82898
vn 0.55926 0.00407 -0.82898
vn -0.55926 0.00407 -0.82898
vn -0.55926 0.00407 -0.82898
vn -0.55926 0.00407 -0.82898
vn -0.99999 0.00396 0
vn -0.55935 0.00326 0.82893
vn -0.55935 0.00326 0.82893
vn -0.55935 0.00326 0.82893
vn 0.55932 0.00334 0.82894
vn 0.55932 0.00334 0.82894
vn 0.55932 0.00334 0.82894
vn 0.55932 0.00334 0.82894
vn 0.99999 0.00334 0
vn 0.99999 0.00334 0
vn 0.99999 0.00334 0
vn 0.55902 0.00344 -0.82915
vn 0.55902 0.00344 -0.82915
vn 0.55902 0.00344 -0.82915
vn 0.55902 0.00344 -0.82915
vn -0.55905 0.00336 -0.82913
vn -0.55905 0.00336 -0.82913
vn -0.55905 0.00336 -0.82913
vn -1 0.00315 0
vn -1 0.00315 0
vn 0.55906 0.01125 -0.82905
vn 0.55906 0.01125 -0.82905
vn 0.55906 0.01125 -0.82905
vn 0.99994 0.01094 0
vn 0.99994 0.01094 0
vn 0.5594 0.01125 0.82882
vn 0.5594 0.01125 0.82882
vn 0.5594 0.01125 0.82882
vn 0.5594 0.01125 0.82882
vn -0.55938 0.01125 0.82883
vn -0.55938 0.01125 0.82883
vn -0.55938 0.01125 0.82883
vn -0.99994 0.01094 0
vn -0.99994 0.01094 0
vn -0.55904 0.01125 -0.82906
vn -0.55904 0.01125 -0.82906
vn -0.55904 0.01125 -0.82906
vn -0.55904 0.01125 -0.82906
vn -0.55929 0.00878 0.82893
vn -0.55929 0.00878 0.82893
vn -0.55929 0.00878 0.82893
vn -0.55929 0.00878 0.82893
vn 0.55926 0.00878 0.82894
vn 0.55926 0.00878 0.82895
vn 0.55926 0.00878 0.82894
vn 0.99996 0.00853 0
vn 0.99996 0.00853 0
vn 0.55904 0.00879 -0.82909
vn 0.55904 0.00879 -0.82909
vn 0.55904 0.00879 -0.82909
vn 0.55904 0.00879 -0.82909
vn -0.55907 0.00879 -0.82908
vn -0.55907 0.00879 -0.82908
vn -0.55907 0.00879 -0.82908
vn -0.55907 0.00879 -0.82908
vn -0.99996 0.00854 0
vn -0.99996 0.00854 0
vn 0.55923 0.00422 -0.829
vn 0.55923 0.00422 -0.829
vn 0.99999 0.00409 0
vn 0.99999 0.00409 0
vn 0.55931 0.00409 0.82895
vn -0.5593 0.00414 0.82896
vn -0.5593 0.00414 0.82896
vn -0.5593 0.00414 0.82896
vn -0.5593 0.00414 0.82896
vn -0.99999 0.00396 0
vn -0.99999 0.00396 0
vn -0.99999 0.00396 0
vn -0.55921 0.00423 -0.82901
vn -0.55921 0.00423 -0.82901
vn -0.55921 0.00423 -0.82901
vn -0.55937 0.00412 0.82891
vn -0.55937 0.00412 0.82891
vn -0.55937 0.00412 0.82891
vn -0.55937 0.00412 0.82891
vn 0.55937 0.00412 0.82891
vn 0.55937 0.00412 0.82891
vn 0.99999 0.004 0
vn 0.55937 0.00412 -0.82891
vn 0.55937 0.00412 -0.82891
vn -0.55937 0.00412 -0.82891
vn -0.55937 0.00412 -0.82891
vn -0.55937 0.00412 -0.82891
vn -0.99999 0.004 0
vn -0.99999 0.004 0
vn -0.9111 0.23612 -0.33785
vn -0.9111 0.23612 -0.33785
vn -0.9111 0.23612 -0.33785
vn 0.14958 0.95193 0.26731
vn 0.18372 0.94125 0.28336
vn -0.03055 0.9836 0.17773
vn -0.03055 0.9836 0.17773
vn -0.33388 -0.86982 -0.36324
vn -0.12647 -0.95538 -0.26694
vn -0.14689 -0.94958 -0.27697
vn -0.37168 -0.19894 0.9068
vn -0.42914 -0.18566 0.88395
vn -0.42914 -0.18566 0.88395
vn -0.35882 -0.20175 0.91134
vn 0.51216 0.15829 -0.84418
vn 0.41046 0.18413 -0.8931
vn 0.39761 0.18712 -0.89827
vn 0.47249 0.78242 0.40566
vn -0.02146 -0.97668 -0.21364
vn -0.25124 -0.22328 0.94182
vn 0.34306 0.19924 -0.91794
vn 0.34306 0.19924 -0.91794
vn -0.57637 0.44923 0.68263
vn -0.57637 0.44923 0.68263
vn -0.57637 0.44923 0.68263
vn 0.25538 0.89063 -0.37624
vn 0.27388 0.87682 -0.39519
vn 0.11633 0.96601 -0.23086
vn 0.11633 0.96601 -0.23086
vn -0.39819 -0.76487 0.50638
vn -0.24605 -0.90155 0.35591
vn -0.25741 -0.89374 0.36738
vn 0.78763 0.03039 0.6154
vn 0.73533 0.06702 0.67439
vn 0.73533 0.06702 0.67439
vn 0.79834 0.0223 0.6018
vn -0.6482 -0.12855 -0.75054
vn -0.75441 -0.06292 -0.65338
vn -0.76626 -0.05468 -0.6402
vn 0.48113 0.64034 -0.59873
vn -0.16417 -0.94813 0.27221
vn 0.87444 -0.04371 0.48316
vn -0.8124 -0.02017 -0.58276
vn 0.46896 0.07421 -0.8801
vn 0.46896 0.07421 -0.8801
vn 0.46896 0.07421 -0.8801
vn 0.46896 0.07421 -0.8801
vn -0.04965 0.99698 0.05969
vn -0.07093 0.99319 0.09238
vn 0.06161 0.99193 -0.11082
vn 0.06161 0.99193 -0.11082
vn 0.17934 -0.95489 -0.23669
vn 0.04632 -0.99826 -0.03658
vn 0.05933 -0.99666 -0.05607
vn -0.88844 -0.01963 -0.45858
vn -0.85775 -0.01687 -0.51379
vn -0.89472 -0.02023 -0.44618
vn 0.80488 0.00623 0.5934
vn 0.868 0.01141 0.49644
vn 0.87494 0.01203 0.48409
vn -0.25401 0.89164 0.37478
vn -0.02027 -0.99782 0.06286
vn -0.02027 -0.99782 0.06286
vn -0.93949 -0.02497 -0.34166
vn 0.90202 0.01461 0.43145
vn 0.90202 0.01461 0.43145
vn 0.82525 0.46296 0.32346
vn 0.82525 0.46296 0.32346
vn 0.82525 0.46296 0.32346
vn 0.82525 0.46296 0.32346
vn -0.38824 0.88051 -0.27198
vn -0.41276 0.86528 -0.28445
vn -0.25689 0.94466 -0.20401
vn -0.25689 0.94466 -0.20401
vn 0.51671 -0.78255 0.34732
vn 0.37155 -0.88762 0.27218
vn 0.38621 -0.87892 0.2799
vn 0.39921 -0.10906 -0.91035
vn 0.45252 -0.08164 -0.88801
vn 0.45252 -0.08164 -0.88801
vn 0.38764 -0.11484 -0.91463
vn -0.52585 0.03263 0.84995
vn -0.43334 0.08288 0.89741
vn -0.42198 0.08877 0.90225
vn -0.61366 0.69028 -0.38332
vn 0.29546 -0.92683 0.2317
vn 0.29546 -0.92683 0.2317
vn 0.28851 -0.16216 -0.94364
vn -0.37125 0.11439 0.92146
vn -0.37125 0.11439 0.92146
vn 0.63589 0.33615 0.69473
vn 0.63589 0.33615 0.69473
vn 0.63589 0.33615 0.69473
vn 0.63589 0.33615 0.69473
vn -0.06929 0.91972 -0.3864
vn -0.09598 0.9019 -0.42114
vn 0.07318 0.97904 -0.19005
vn 0.07318 0.97904 -0.19005
vn 0.20654 -0.78801 0.57999
vn 0.04417 -0.92684 0.37285
vn 0.06012 -0.91696 0.39442
vn 0.76013 -0.20418 -0.61685
vn 0.79899 -0.18447 -0.57235
vn 0.79899 -0.18447 -0.57235
vn 0.75048 -0.20874 -0.62706
vn -0.85252 0.14795 0.50132
vn -0.78666 0.18616 0.58865
vn -0.77723 0.19099 0.59953
vn -0.31834 0.65898 -0.68147
vn -0.03816 -0.96555 0.25742
vn 0.67058 -0.24236 -0.70113
vn -0.73947 0.20908 0.6399
vn -0.73947 0.20908 0.6399
vn -0.46163 0.14955 0.87438
vn -0.46163 0.14955 0.87438
vn -0.46163 0.14955 0.87437
vn 0.16988 0.98218 -0.08038
vn 0.19074 0.97513 -0.11283
vn 0.05785 0.99433 0.08926
vn 0.05785 0.99433 0.08926
vn -0.29455 -0.92088 0.25538
vn -0.1666 -0.98436 0.05734
vn -0.17944 -0.98078 0.07669
vn 0.87701 -0.11635 0.46618
vn 0.84658 -0.10869 0.52105
vn 0.84658 -0.10869 0.52105
vn 0.88323 -0.11798 0.45385
vn -0.79494 0.08993 -0.59999
vn -0.85751 0.10488 -0.50367
vn -0.86439 0.10662 -0.4914
vn 0.36185 0.84606 -0.39148
vn -0.09989 -0.99413 -0.04153
vn 0.92769 -0.13039 0.34985
vn -0.89125 0.11364 -0.43905
vn -0.89125 0.11364 -0.43905
vn -0.15024 0.26341 0.95291
vn -0.15024 0.26341 0.95291
vn -0.15024 0.26341 0.95291
vn 0.04803 0.96365 -0.26282
vn 0.05435 0.95524 -0.29079
vn 0.00158 0.99843 -0.05597
vn 0.00158 0.99843 -0.05597
vn -0.10449 -0.87705 0.4689
vn -0.0503 -0.96976 0.23881
vn -0.05426 -0.96523 0.2557
vn 0.99018 -0.01501 0.13896
vn 0.97502 0.0054 0.22207
vn 0.97502 0.0054 0.22207
vn 0.99252 -0.01949 0.12052
vn -0.93864 -0.04402 -0.34208
vn -0.98096 -0.00698 -0.1941
vn -0.98449 -0.00238 -0.17543
vn 0.12809 0.77945 -0.61323
vn -0.02203 -0.99275 0.11817
vn -0.02203 -0.99275 0.11817
vn 0.99798 -0.05558 -0.03077
vn -0.99514 0.01677 -0.09702
vn -0.99514 0.01677 -0.09702
vn -0.70434 0.53475 0.46685
vn -0.70434 0.53475 0.46685
vn -0.70434 0.53475 0.46685
vn 0.40158 0.84197 -0.36032
vn 0.42502 0.82497 -0.37254
vn 0.27545 0.91582 -0.29224
vn 0.27545 0.91582 -0.29224
vn -0.53377 -0.73615 0.41613
vn -0.39327 -0.85134 0.34722
vn -0.40751 -0.8416 0.35446
vn 0.59506 0.05507 0.80179
vn 0.54849 0.08702 0.83162
vn 0.54849 0.08702 0.83162
vn 0.60466 0.04825 0.79502
vn -0.47737 -0.14124 -0.86727
vn -0.56611 -0.08413 -0.82003
vn -0.57613 -0.07728 -0.81369
vn 0.61586 0.63583 -0.46523
vn -0.31916 -0.896 0.30875
vn 0.68032 -0.00901 0.73286
vn -0.61881 -0.04708 -0.78413
vn -0.61881 -0.04708 -0.78413
vn -0.89571 0.34045 0.28601
vn -0.89571 0.34045 0.28601
vn -0.89571 0.34045 0.28601
vn -0.89571 0.34045 0.28601
vn 0.33168 0.93911 -0.08982
vn 0.37466 0.92183 -0.09925
vn 0.09407 0.99488 -0.03708
vn 0.09407 0.99488 -0.03708
vn -0.56902 -0.81261 0.12603
vn -0.30959 -0.9481 0.07258
vn -0.33601 -0.93862 0.07806
vn 0.31076 -0.0212 0.95025
vn 0.25424 -0.00146 0.96714
vn 0.32397 -0.02587 0.94571
vn -0.16672 -0.03384 -0.98542
vn -0.27399 0.0029 -0.96173
vn -0.2878 0.00772 -0.95766
vn 0.71131 0.68166 -0.17142
vn -0.17021 -0.98444 0.04357
vn -0.17021 -0.98444 0.04357
vn 0.42358 -0.06167 0.90376
vn -0.34006 0.02615 -0.94004
vn -0.34006 0.02615 -0.94004
vn 0.65267 0.40885 -0.63785
vn 0.65267 0.40885 -0.63785
vn 0.65267 0.40885 -0.63785
vn -0.5057 0.86188 0.03798
vn -0.53271 0.84415 0.06024
vn -0.3537 0.93211 -0.07794
vn -0.3537 0.93211 -0.07794
vn 0.65419 -0.7407 -0.15294
vn 0.49573 -0.86829 -0.01787
vn 0.51238 -0.8582 -0.031
vn -0.57346 -0.3062 -0.75986
vn -0.53066 -0.28174 -0.79939
vn -0.58259 -0.31142 -0.75074
vn 0.4647 0.23684 0.85321
vn 0.54738 0.28402 0.78722
vn 0.55701 0.28955 0.7784
vn -0.73448 0.62989 0.25253
vn 0.40679 -0.9122 0.0491
vn -0.65283 -0.3518 -0.67086
vn 0.59604 0.31199 0.73987
vn 0.59603 0.31199 0.73987
vn -0.09166 -0.24363 -0.96553
vn -0.09166 -0.24363 -0.96553
vn -0.09166 -0.24363 -0.96553
vn 0.10961 0.96225 -0.24912
vn 0.11041 0.96921 -0.22008
vn 0.10099 0.88719 -0.45022
vn 0.10099 0.88719 -0.45022
vn -0.10389 -0.99437 0.02088
vn -0.10146 -0.95693 0.27202
vn -0.10185 -0.96164 0.25472
vn -0.98808 0.13022 0.08208
vn -0.99432 0.10638 -0.00127
vn -0.99432 0.10638 -0.00127
vn -0.98571 0.13533 0.10032
vn 0.98869 -0.07661 0.12896
vn 0.9923 -0.12175 -0.02275
vn 0.99102 -0.12713 -0.04151
vn 0.11195 0.98167 0.15427
vn -0.09781 -0.91523 0.39088
vn -0.09781 -0.91523 0.39088
vn -0.95303 0.17502 0.2472
vn 0.98161 -0.14899 -0.11937
vn 0.98161 -0.14899 -0.11937
vn 0.59845 0.78511 -0.15956
vn 0.59845 0.78511 -0.15956
vn 0.59845 0.78511 -0.15956
vn -0.75745 0.61861 0.20878
vn -0.77651 0.59371 0.21103
vn -0.64821 0.73632 0.19406
vn -0.64821 0.73632 0.19406
vn 0.85708 -0.47082 -0.20916
vn 0.74882 -0.63188 -0.2
vn 0.76052 -0.61735 -0.20122
vn -0.269 -0.0102 -0.96309
vn -0.22871 0.03837 -0.97274
vn -0.22871 0.03837 -0.97274
vn -0.27744 -0.02055 -0.96052
vn 0.17238 -0.11611 0.97816
vn 0.24724 -0.02863 0.96853
vn 0.2559 -0.01822 0.96653
vn -0.91233 0.34425 0.22167
vn 0.68561 -0.70198 -0.19278
vn -0.34573 -0.10653 -0.93227
vn 0.29331 0.02744 0.95562
vn 0.84682 -0.31843 0.42602
vn 0.84682 -0.31843 0.42602
vn 0.84682 -0.31843 0.42602
vn 0.84682 -0.31843 0.42602
vn 0.26662 0.94847 0.1712
vn 0.22832 0.96238 0.14728
vn 0.45768 0.84038 0.29031
vn 0.45768 0.84038 0.29031
vn -0.04878 -0.99866 -0.01735
vn -0.29455 -0.93959 -0.17437
vn -0.2718 -0.949 -0.15978
vn 0.44628 0.03369 -0.89426
vn 0.49806 0.01242 -0.86706
vn 0.49806 0.01242 -0.86706
vn 0.43376 0.03871 -0.9002
vn -0.57547 0.01569 0.81767
vn -0.48319 -0.02405 0.87519
vn -0.47059 -0.02924 0.88187
vn -0.12689 0.98908 -0.07495
vn -0.40727 -0.87932 -0.24683
vn -0.40727 -0.87932 -0.24683
vn 0.33396 0.07717 -0.93942
vn -0.42137 -0.04906 0.90556
vn -0.42137 -0.04906 0.90556
vn 0.12847 -0.1339 0.98263
vn 0.16281 0.98044 0.11056
vn 0.16098 0.98436 0.07162
vn 0.16825 0.93598 0.30924
vn 0.16825 0.93598 0.30924
vn -0.16124 -0.98044 0.11285
vn -0.17336 -0.97611 -0.13099
vn -0.17264 -0.97908 -0.10769
vn 0.97573 -0.14642 -0.16285
vn 0.98249 -0.15665 -0.10083
vn 0.98249 -0.15665 -0.10083
vn 0.97371 -0.14409 -0.1764
vn -0.98632 0.16475 0.00512
vn -0.98184 0.14734 0.11948
vn -0.98039 0.14506 0.13341
vn 0.13378 0.9514 -0.27737
vn -0.17554 -0.95264 -0.2483
vn -0.17554 -0.95264 -0.2483
vn 0.9502 -0.124 -0.28592
vn -0.97218 0.13527 0.19124
vn -0.97218 0.13527 0.19124
vn 0.57767 0.20528 0.79004
vn 0.57767 0.20528 0.79004
vn 0.57767 0.20528 0.79004
vn 0.57767 0.20528 0.79004
vn -0.21562 0.97135 -0.09996
vn -0.23122 0.96489 -0.1246
vn -0.09836 0.99202 0.07887
vn 0.32245 -0.90055 0.29162
vn 0.19691 -0.97678 0.08447
vn 0.20627 -0.97343 0.09941
vn 0.77685 0.10501 -0.62087
vn 0.82595 0.12018 -0.55079
vn 0.82595 0.12018 -0.55079
vn 0.76526 0.10156 -0.63565
vn -0.88642 -0.14949 0.43807
vn -0.80947 -0.12374 0.57397
vn -0.79852 -0.12033 0.58982
vn -0.40595 0.81235 -0.41868
vn 0.12949 -0.99136 -0.02099
vn 0.66076 0.07222 -0.74711
vn -0.7497 -0.10567 0.65329
vn -0.7497 -0.10567 0.65329
vn -0.2745 0.31888 0.90718
vn -0.2745 0.31888 0.90718
vn 0.18389 0.94322 -0.27662
vn 0.19497 0.9325 -0.30401
vn 0.12439 0.98338 -0.13224
vn 0.12439 0.98338 -0.13224
vn -0.25302 -0.86982 0.42356
vn -0.18517 -0.94792 0.25915
vn -0.19203 -0.94193 0.27548
vn 0.94734 -0.09908 0.30453
vn 0.92833 -0.081 0.36281
vn 0.92833 -0.081 0.36281
vn 0.95088 -0.10287 0.29197
vn -0.89417 0.04544 -0.44541
vn -0.93601 0.07888 -0.34303
vn -0.94014 0.08278 -0.33058
vn 0.2854 0.79478 -0.5356
vn -0.14945 -0.97313 0.17519
vn 0.97356 -0.13375 0.18516
vn -0.95619 0.09969 -0.27526
vn -0.95619 0.09969 -0.27526
vn -0.85198 0.42846 0.30093
vn -0.85198 0.42846 0.30093
vn 0.39325 0.91553 -0.08463
vn 0.43827 0.89372 -0.09587
vn 0.14407 0.9893 -0.02301
vn 0.14407 0.9893 -0.02301
vn -0.64654 -0.75113 0.13335
vn -0.37176 -0.92592 0.06687
vn -0.40086 -0.91316 0.0738
vn 0.32526 -0.05768 0.94386
vn 0.27012 -0.03183 0.9623
vn 0.33511 -0.06234 0.94011
vn -0.18462 -0.01307 -0.98272
vn -0.28978 0.03546 -0.95644
vn -0.30068 0.04057 -0.95286
vn 0.77413 0.60653 -0.18124
vn -0.2192 -0.97519 0.03091
vn 0.42929 -0.10755 0.89674
vn -0.35324 0.06544 -0.93324
vn -0.35324 0.06544 -0.93324
vn 0.20148 0.6266 -0.75285
vn 0.20148 0.6266 -0.75285
vn 0.20148 0.6266 -0.75285
vn -0.33234 0.76576 0.5506
vn -0.34309 0.74016 0.57832
vn -0.26864 0.87905 0.39383
vn 0.39721 -0.60423 -0.69074
vn 0.33514 -0.77823 -0.53108
vn 0.34203 -0.76339 -0.54794
vn -0.92351 -0.15062 -0.35277
vn -0.90915 -0.11237 -0.40102
vn -0.90915 -0.11237 -0.40102
vn -0.92617 -0.15895 -0.34197
vn 0.88247 0.04852 0.46786
vn 0.91609 0.11951 0.38275
vn 0.91936 0.1281 0.37197
vn -0.41434 0.46353 0.78323
vn 0.29722 -0.84698 -0.44078
vn 0.29722 -0.84698 -0.44078
vn -0.94121 -0.2259 -0.25119
vn 0.93106 0.16373 0.32608
vn 0.93106 0.16373 0.32608
vn -0.64095 0.01217 -0.76749
vn -0.64095 0.01217 -0.76749
vn -0.64095 0.01217 -0.76749
vn -0.64095 0.01217 -0.76749
vn 0.0161 0.99984 0.00758
vn 0.03376 0.99893 0.03167
vn -0.11053 0.98011 -0.16485
vn -0.11053 0.98011 -0.16485
vn -0.14334 -0.96977 -0.19748
vn 0.00398 -0.99997 0.00713
vn -0.00651 -0.99995 -0.00743
vn -0.75434 0.00375 0.65647
vn -0.80848 0.0023 0.58853
vn -0.80848 0.0023 0.58853
vn -0.74167 0.00406 0.67075
vn 0.87844 -0.00841 -0.47777
vn 0.79205 -0.01113 -0.61036
vn 0.77996 -0.01145 -0.62572
vn 0.24861 0.91211 0.32595
vn 0.07743 -0.99101 0.10912
vn 0.07743 -0.99101 0.10912
vn -0.62867 0.00657 0.77764
vn 0.72648 -0.01272 -0.68707
vn 0.72648 -0.01272 -0.68707
vn 0.45542 0.85544 -0.24661
vn 0.45542 0.85544 -0.24661
vn 0.45542 0.85544 -0.24661
vn 0.45542 0.85544 -0.24661
vn -0.45878 0.4619 0.75906
vn -0.47487 0.43551 0.76474
vn -0.36938 0.58967 0.71823
vn -0.36938 0.58967 0.71823
vn 0.55085 -0.31009 -0.77486
vn 0.45591 -0.47788 -0.75085
vn 0.46585 -0.46244 -0.75441
vn -0.76867 0.21759 -0.6015
vn -0.7376 0.27085 -0.61853
vn -0.77487 0.20615 -0.59756
vn 0.68887 -0.35238 0.63348
vn 0.75094 -0.25832 0.60775
vn 0.75765 -0.24692 0.60416
vn -0.59765 0.17978 0.78134
vn 0.40323 -0.55339 -0.72881
vn 0.40323 -0.55339 -0.72881
vn -0.82099 0.10927 -0.56039
vn 0.78534 -0.19644 0.58707
vn 0.78534 -0.19644 0.58707
vn 0.91393 -0.33266 -0.23254
vn 0.91393 -0.33266 -0.23254
vn 0.91393 -0.33266 -0.23254
vn 0.91393 -0.33266 -0.23254
vn 0.38271 0.89137 0.24287
vn 0.33869 0.90718 0.24963
vn 0.59943 0.77545 0.19842
vn 0.59943 0.77545 0.19842
vn -0.12019 -0.95823 -0.2595
vn -0.40673 -0.88485 -0.22717
vn -0.38046 -0.89543 -0.2312
vn -0.13985 0.31357 -0.93921
vn -0.08344 0.29115 -0.95303
vn -0.08344 0.29115 -0.95303
vn -0.15313 0.3187 -0.9354
vn -0.00615 -0.25882 0.96591
vn 0.09945 -0.30285 0.94783
vn 0.11322 -0.30833 0.94452
vn -0.07691 0.95575 0.28393
vn -0.53609 -0.81924 -0.20361
vn -0.53609 -0.81924 -0.20361
vn -0.25452 0.35597 -0.89917
vn 0.16568 -0.32865 0.92981
vn 0.16568 -0.32865 0.92981
vn -0.39229 0.01145 0.91977
vn -0.39229 0.01145 0.91977
vn -0.39229 0.01145 0.91977
vn -0.39229 0.01145 0.91977
vn 0 1 1E-05
vn 0 1 1E-05
vn 0.99975 0.01126 0.01946
vn 0.99975 0.01126 0.01946
vn 0.54293 0.01108 0.83971
vn -0.54296 0.0111 -0.83969
vn -0.54296 0.0111 -0.83969
vn -0.54296 0.0111 -0.83969
vn 0 1 -1E-05
vn 0 1 -1E-05
vn -0.99975 0.01141 -0.01946
vn -0.99975 0.01141 -0.01946
vn 0.3925 0.01146 -0.91968
vn 0.3925 0.01146 -0.91968
vn 0.3925 0.01146 -0.91968
vn -0.9998 0.00407 -0.01955
vn -0.9998 0.00407 -0.01955
vn -0.9998 0.00407 -0.01955
vn -0.39236 0.00407 0.9198
vn -0.39236 0.00407 0.9198
vn -0.39236 0.00407 0.9198
vn 0.54301 0.00396 0.83972
vn 0.54301 0.00396 0.83972
vn 0.54301 0.00396 0.83972
vn 0.9998 0.00407 0.01943
vn 0.9998 0.00407 0.01943
vn 0.9998 0.00407 0.01943
vn 0.39251 0.00407 -0.91974
vn 0.39251 0.00407 -0.91974
vn 0.39251 0.00407 -0.91974
vn -0.54308 0.00396 -0.83967
vn -0.54308 0.00396 -0.83967
vn -0.54308 0.00396 -0.83967
vn -0.54308 0.00396 -0.83967
vn -0.9998 0.00341 -0.01955
vn -0.9998 0.00341 -0.01955
vn -0.9998 0.00341 -0.01955
vn -0.39239 0.00337 0.91979
vn -0.39239 0.00337 0.91979
vn -0.39239 0.00337 0.91979
vn 0.54298 0.00332 0.83974
vn 0.54298 0.00332 0.83974
vn 0.99981 0.00331 0.01939
vn 0.99981 0.00331 0.01939
vn 0.99981 0.00331 0.01939
vn 0.39256 0.00332 -0.91972
vn 0.39256 0.00332 -0.91972
vn 0.39256 0.00332 -0.91972
vn -0.54308 0.00315 -0.83968
vn -0.54308 0.00315 -0.83968
vn -0.54308 0.00315 -0.83968
vn 0.99975 0.01126 0.01938
vn 0.99975 0.01126 0.01938
vn 0.99975 0.01126 0.01938
vn 0.54294 0.01094 0.8397
vn 0.54294 0.01094 0.8397
vn -0.39237 0.01126 0.91974
vn -0.39237 0.01126 0.91974
vn -0.39237 0.01126 0.91974
vn -0.39237 0.01126 0.91974
vn -0.99975 0.01126 -0.01945
vn -0.99975 0.01126 -0.01945
vn -0.99975 0.01126 -0.01945
vn -0.54274 0.01094 -0.83983
vn -0.54274 0.01094 -0.83983
vn -0.54274 0.01094 -0.83983
vn 0.39246 0.01126 -0.9197
vn 0.39246 0.01126 -0.9197
vn 0.39246 0.01126 -0.9197
vn 0.39246 0.01126 -0.9197
vn -0.99977 0.00878 -0.01951
vn -0.99977 0.00878 -0.01951
vn -0.99977 0.00878 -0.01951
vn -0.39237 0.00878 0.91977
vn -0.39237 0.00878 0.91977
vn -0.39237 0.00878 0.91977
vn 0.54291 0.00853 0.83975
vn 0.54291 0.00853 0.83975
vn 0.54291 0.00853 0.83975
vn 0.99977 0.00878 0.01941
vn 0.99977 0.00878 0.01941
vn 0.99977 0.00878 0.01941
vn 0.99977 0.00878 0.01941
vn 0.39249 0.00878 -0.91971
vn 0.39249 0.00878 -0.91971
vn 0.39249 0.00878 -0.91971
vn -0.54298 0.00854 -0.83971
vn -0.54298 0.00854 -0.83971
vn -0.54298 0.00854 -0.83971
vn 0.9998 0.00418 0.01944
vn 0.9998 0.00418 0.01944
vn 0.9998 0.00418 0.01944
vn 0.5429 0.00412 0.83978
vn 0.5429 0.00412 0.83978
vn 0.5429 0.00412 0.83978
vn -0.39241 0.00426 0.91978
vn -0.39241 0.00426 0.91978
vn -0.39241 0.00426 0.91978
vn -0.9998 0.00423 -0.01952
vn -0.9998 0.00423 -0.01952
vn -0.9998 0.00423 -0.01952
vn -0.9998 0.00423 -0.01952
vn -0.54287 0.00402 -0.83981
vn -0.54287 0.00402 -0.83981
vn -0.54287 0.00402 -0.83981
vn 0.39234 0.00421 -0.91981
vn 0.39234 0.00421 -0.91981
vn -0.9998 0.00412 -0.01946
vn -0.9998 0.00412 -0.01946
vn -0.9998 0.00412 -0.01946
vn -0.9998 0.00412 -0.01946
vn -0.39248 0.00411 0.91975
vn -0.39248 0.00411 0.91975
vn -0.39248 0.00411 0.91975
vn 0.54294 0.004 0.83976
vn 0.54294 0.004 0.83976
vn 0.54294 0.004 0.83976
vn 0.54294 0.004 0.83976
vn 0.9998 0.00412 0.01946
vn 0.9998 0.00412 0.01946
vn 0.39241 0.00411 -0.91978
vn 0.39241 0.00411 -0.91978
vn 0.39241 0.00411 -0.91978
vn -0.54289 0.004 -0.83979
vn -0.54289 0.004 -0.83979
vn -0.54289 0.004 -0.83979
vn -0.72668 0.34037 -0.59672
vn -0.72668 0.34037 -0.59672
vn -0.72668 0.34037 -0.59672
vn 0.25559 0.93908 0.22979
vn 0.28686 0.92179 0.26078
vn 0.08223 0.99487 0.05886
vn 0.08223 0.99487 0.05886
vn -0.41484 -0.81255 -0.40949
vn -0.22908 -0.94808 -0.2206
vn -0.24804 -0.93859 -0.23983
vn -0.62925 -0.02131 0.77691
vn -0.6741 -0.00158 0.73864
vn -0.6741 -0.00158 0.73864
vn -0.61828 -0.02597 0.78553
vn 0.73699 -0.03374 -0.67506
vn 0.65885 0.00303 -0.75227
vn 0.64794 0.00786 -0.76165
vn 0.53028 0.68154 0.50429
vn -0.12904 -0.98444 -0.11928
vn -0.12904 -0.98444 -0.11928
vn -0.52904 -0.06174 0.84634
vn 0.60476 0.02631 -0.79597
vn 0.60476 0.02631 -0.79597
vn 0.89004 0.40882 0.20173
vn 0.89004 0.40882 0.20173
vn 0.89004 0.40882 0.20173
vn -0.30653 0.86188 -0.40398
vn -0.33985 0.84419 -0.41455
vn -0.12661 0.93211 -0.33931
vn -0.12661 0.93211 -0.33931
vn 0.48361 -0.74079 0.46622
vn 0.28419 -0.86831 0.40653
vn 0.30424 -0.85823 0.41337
vn 0.32675 -0.30621 -0.89413
vn 0.38314 -0.28175 -0.87967
vn 0.38314 -0.28175 -0.87967
vn 0.31418 -0.31143 -0.89683
vn -0.46394 0.23679 0.85363
vn -0.36375 0.28397 0.88716
vn -0.35114 0.28949 0.89045
vn -0.61091 0.62996 -0.47952
vn 0.17968 -0.91221 0.36823
vn 0.17968 -0.91221 0.36823
vn 0.2091 -0.35182 -0.91241
vn -0.29765 0.31194 0.90227
vn -0.29765 0.31194 0.90227
vn 0.67243 0.50697 -0.53927
vn 0.67243 0.50697 -0.53927
vn 0.67243 0.50697 -0.53927
vn 0.67243 0.50697 -0.53927
vn -0.34236 0.85669 0.38583
vn -0.36347 0.84123 0.40028
vn -0.18249 0.9447 0.27245
vn -0.18249 0.9447 0.27245
vn 0.50182 -0.71946 -0.48016
vn 0.33001 -0.86919 -0.36825
vn 0.34294 -0.86038 -0.37701
vn -0.66991 0.0616 -0.73988
vn -0.6093 0.10331 -0.78618
vn -0.68257 0.05236 -0.72894
vn 0.51216 -0.17179 0.84154
vn 0.6316 -0.09748 0.76914
vn 0.6453 -0.08811 0.75883
vn -0.59587 0.58722 0.54783
vn 0.23627 -0.92307 -0.30351
vn -0.77608 -0.02339 -0.63021
vn 0.69964 -0.04873 0.71283
vn 0.69964 -0.04873 0.71283
vn -0.75523 -0.13388 0.64164
vn -0.75523 -0.13388 0.64164
vn -0.00448 0.98045 0.19674
vn 0.02725 0.98436 0.17404
vn -0.16836 0.93599 0.30916
vn -0.16836 0.93599 0.30916
vn -0.18233 -0.98044 -0.07413
vn 0.01585 -0.97612 -0.21667
vn -0.00331 -0.97908 -0.20342
vn 0.66656 -0.14645 0.73093
vn 0.61815 -0.15667 0.77029
vn 0.61815 -0.15667 0.77029
vn 0.67686 -0.14412 0.72186
vn -0.53984 0.1648 -0.82548
vn -0.63348 0.14733 -0.75961
vn -0.64438 0.14505 -0.75082
vn 0.30553 0.95141 -0.03824
vn 0.11319 -0.95265 -0.2822
vn 0.11319 -0.95265 -0.2822
vn 0.75607 -0.12405 0.64262
vn -0.6885 0.13521 -0.71252
vn -0.6885 0.13521 -0.71252
vn -0.34971 0.20541 0.91406
vn -0.34971 0.20541 0.91406
vn -0.34971 0.20541 0.91406
vn -0.34971 0.20541 0.91406
vn -0.03317 0.97135 -0.23533
vn -0.02095 0.96489 -0.26183
vn -0.11964 0.99202 -0.03977
vn -0.11964 0.99202 -0.03977
vn -0.06977 -0.90055 0.42912
vn 0.03599 -0.97677 0.21123
vn 0.02854 -0.97343 0.22718
vn 0.9432 0.10507 0.31518
vn 0.91101 0.12018 0.39449
vn 0.91101 0.12018 0.39449
vn 0.94933 0.10163 0.29741
vn -0.84922 -0.14943 -0.50646
vn -0.92154 -0.12369 -0.36805
vn -0.9289 -0.12029 -0.35026
vn 0.13109 0.81234 -0.56825
vn 0.08795 -0.99136 0.09734
vn 0.08795 -0.99136 0.09734
vn 0.98618 0.07238 0.14905
vn -0.95568 -0.10563 -0.27481
vn -0.95568 -0.10563 -0.27481
vn -0.91093 0.31865 0.26204
vn -0.91093 0.31865 0.26204
vn -0.91093 0.31865 0.26204
vn 0.33213 0.94323 0.00427
vn 0.36117 0.9325 -0.0013
vn 0.1786 0.98338 0.03264
vn 0.1786 0.98338 0.03264
vn -0.49312 -0.86979 0.01748
vn -0.31817 -0.94792 -0.0148
vn -0.33563 -0.94192 -0.0117
vn 0.25871 -0.09899 0.96087
vn 0.19947 -0.08088 0.97656
vn 0.27117 -0.10278 0.95703
vn -0.11151 0.04558 -0.99272
vn -0.22017 0.07902 -0.97226
vn -0.23286 0.08292 -0.96897
vn 0.60472 0.7948 -0.05103
vn -0.22826 -0.97313 -0.03038
vn -0.22826 -0.97313 -0.03038
vn 0.37316 -0.13372 0.91808
vn -0.28802 0.09983 -0.95241
vn -0.28802 0.09983 -0.95241
vn -0.71533 0.42829 -0.55216
vn -0.71533 0.42829 -0.55216
vn -0.71533 0.42829 -0.55216
vn 0.28458 0.91555 0.28422
vn 0.31847 0.89374 0.31592
vn 0.09754 0.9893 0.10848
vn 0.09754 0.9893 0.10848
vn -0.46309 -0.75112 -0.4705
vn -0.25804 -0.92592 -0.27585
vn -0.27966 -0.91316 -0.29653
vn -0.616 -0.05778 0.78562
vn -0.66138 -0.03191 0.74938
vn -0.66138 -0.03191 0.74938
vn -0.60752 -0.06244 0.79185
vn 0.72497 -0.01307 -0.68865
vn 0.64579 0.03543 -0.76269
vn 0.63687 0.04054 -0.7699
vn 0.57255 0.60657 0.5516
vn -0.14499 -0.97519 -0.16727
vn -0.14499 -0.97519 -0.16727
vn -0.52007 -0.10768 0.84731
vn 0.59184 0.06541 -0.8034
vn 0.59184 0.06541 -0.8034
vn 0.74168 0.6265 -0.23959
vn 0.74168 0.6265 -0.23959
vn 0.74168 0.6265 -0.23959
vn 0.74168 0.6265 -0.23959
vn -0.64286 0.76573 0.01991
vn -0.67196 0.74014 0.02594
vn -0.47661 0.87904 -0.01174
vn -0.47661 0.87904 -0.01174
vn 0.79574 -0.60422 -0.04148
vn 0.62792 -0.77825 -0.00698
vn 0.64583 -0.76341 -0.01034
vn -0.20516 -0.15065 -0.96707
vn -0.15685 -0.1124 -0.9812
vn -0.15685 -0.1124 -0.9812
vn -0.21567 -0.15898 -0.96344
vn 0.08621 0.04857 0.99509
vn 0.17602 0.11961 0.97709
vn 0.18686 0.12821 0.97399
vn -0.88271 0.46351 0.07739
vn 0.53148 -0.84701 0.01018
vn 0.53148 -0.84701 0.01018
vn -0.30006 -0.22593 -0.92678
vn 0.23177 0.16386 0.95887
vn 0.23177 0.16386 0.95887
vn 0.2964 0.01216 -0.95499
vn 0.2964 0.01216 -0.95499
vn 0.2964 0.01216 -0.95499
vn 0.00237 0.99984 0.01762
vn -0.00828 0.99893 0.04554
vn 0.07842 0.98011 -0.18233
vn 0.07842 0.98011 -0.18233
vn 0.08799 -0.96977 -0.2276
vn -0.00382 -0.99997 0.00721
vn 0.00271 -0.99995 -0.00949
vn -0.96088 0.00386 -0.27694
vn -0.93321 0.00234 -0.35931
vn -0.93321 0.00234 -0.35931
vn -0.966 0.00419 -0.25851
vn 0.87817 -0.00807 0.47828
vn 0.94261 -0.01094 0.3337
vn 0.94896 -0.01127 0.31519
vn -0.13875 0.91212 0.38573
vn -0.04957 -0.99101 0.12429
vn -0.04957 -0.99101 0.12429
vn -0.9944 0.00681 -0.10549
vn 0.97144 -0.01263 0.23696
vn 0.97144 -0.01263 0.23696
vn 0.45426 0.85552 0.24846
vn 0.45426 0.85552 0.24846
vn 0.45426 0.85552 0.24846
vn -0.8865 0.46195 0.02681
vn -0.90002 0.43555 0.01636
vn -0.80368 0.58969 0.07978
vn -0.80368 0.58969 0.07978
vn 0.94979 -0.31008 0.04173
vn 0.87808 -0.47786 -0.0249
vn 0.88647 -0.46242 -0.0185
vn 0.08784 0.21759 -0.97208
vn 0.11916 0.2708 -0.95523
vn 0.11916 0.2708 -0.95523
vn 0.08113 0.20615 -0.97515
vn -0.15798 -0.35244 0.92241
vn -0.10255 -0.25845 0.96057
vn -0.09588 -0.24707 0.96424
vn -0.98061 0.17983 -0.07785
vn 0.83098 -0.55337 -0.05715
vn 0.83098 -0.55337 -0.05715
vn 0.02461 0.10933 -0.9937
vn -0.06643 -0.19663 0.97822
vn -0.06643 -0.19663 0.97822
vn 0.69142 -0.33266 0.64131
vn 0.69142 -0.33266 0.64131
vn 0.69142 -0.33266 0.64131
vn 0.00382 0.89137 0.45326
vn -0.02577 0.90718 0.41994
vn 0.15879 0.77546 0.61111
vn 0.15879 0.77546 0.61111
vn 0.15267 -0.95822 -0.24187
vn -0.03008 -0.88484 -0.46493
vn -0.01243 -0.89542 -0.44505
vn 0.71273 0.31355 -0.62745
vn 0.75495 0.29116 -0.58761
vn 0.75495 0.29116 -0.58761
vn 0.70232 0.31868 -0.63654
vn -0.81441 -0.25897 0.5193
vn -0.74187 -0.30296 0.5982
vn -0.73161 -0.30843 0.60797
vn -0.28019 0.95575 0.08959
vn -0.12011 -0.81923 -0.56074
vn -0.12011 -0.81923 -0.56074
vn 0.61687 0.35592 -0.70199
vn -0.69075 -0.32873 0.64405
vn 0.01352 0.97886 -0.20409
vn -0.37365 0.22512 0.89984
vn -0.37852 0.17489 0.90892
vn -0.33266 0.47491 0.81474
vn -0.33266 0.47491 0.81474
vn 0.40137 0.07931 -0.91247
vn 0.38191 -0.25169 -0.88927
vn 0.38573 -0.2201 -0.89597
vn -0.92566 -0.08246 -0.36926
vn -0.92339 -0.02046 -0.38331
vn -0.92567 -0.09366 -0.36656
vn 0.91435 -0.0769 0.39755
vn 0.92641 0.03903 0.3745
vn 0.92692 0.05127 0.37175
vn -0.37757 -0.27452 0.88435
vn 0.35648 -0.40672 -0.84113
vn 0.35648 -0.40672 -0.84113
vn -0.91924 -0.20279 -0.33745
vn 0.92731 0.11097 0.35746
vn -0.06492 0.94576 0.3183
vn -0.06492 0.94576 0.3183
vn -0.06492 0.94576 0.3183
vn 0.13689 0.32258 -0.93659
vn 0.14269 0.28544 -0.94772
vn 0.10355 0.50658 -0.85595
vn -0.1787 -0.10713 0.97805
vn -0.14322 -0.34347 0.92818
vn -0.14703 -0.32146 0.93544
vn 0.98895 0.00233 0.1482
vn 0.98354 0.06142 0.16995
vn 0.98354 0.06142 0.16995
vn 0.98962 -0.01068 0.14333
vn -0.96866 -0.15279 -0.19583
vn -0.98651 -0.04503 -0.15741
vn -0.98778 -0.03178 -0.15255
vn 0.18408 -0.06204 -0.98095
vn -0.1226 -0.45246 0.88332
vn -0.1226 -0.45246 0.88332
vn 0.98784 -0.11689 0.10252
vn -0.99098 0.02368 -0.13193
vn -0.53371 -0.64957 0.54149
vn -0.53371 -0.64957 0.54149
vn -0.30037 0.74711 0.59296
vn -0.28279 0.76576 0.57761
vn -0.41814 0.59409 0.68718
vn -0.41814 0.59409 0.68718
vn 0.1517 -0.8709 -0.46746
vn 0.30849 -0.73036 -0.60943
vn 0.29799 -0.74192 -0.60063
vn 0.80137 -0.14312 0.58079
vn 0.75417 -0.20113 0.62512
vn 0.75417 -0.20113 0.62512
vn 0.81095 -0.13021 0.57044
vn -0.66982 0.27967 -0.68784
vn -0.76713 0.17707 -0.61657
vn -0.77784 0.16405 -0.60667
vn -0.04496 0.9376 0.3448
vn 0.37937 -0.64261 -0.66568
vn 0.37937 -0.64261 -0.66568
vn 0.87765 -0.02363 0.47871
vn -0.81923 0.10921 -0.56297
vn -0.81923 0.10921 -0.56297
vn 0.97005 0.01144 -0.24262
vn 0.97005 0.01144 -0.24262
vn 0.97005 0.01144 -0.24262
vn 0 1 1E-05
vn 0 1 1E-05
vn -0.58834 0.01133 -0.80854
vn -0.58834 0.01133 -0.80854
vn -0.58834 0.01133 -0.80854
vn -0.58834 0.01133 -0.80854
vn 0.34102 0.011 -0.93999
vn 0.34102 0.011 -0.93999
vn 0.34102 0.011 -0.93999
vn 0.34102 0.011 -0.93999
vn -0.34151 0.01113 0.93981
vn -0.34151 0.01113 0.93981
vn -0.34151 0.01113 0.93981
vn -0.34151 0.01113 0.93981
vn 0 1 1E-05
vn 0 1 1E-05
vn 0.58833 0.01143 0.80854
vn 0.58833 0.01143 0.80854
vn 0.58833 0.01143 0.80854
vn -0.97 0.0113 0.24285
vn -0.97 0.0113 0.24285
vn -0.97 0.0113 0.24285
vn 0.58829 0.00407 0.80864
vn 0.58829 0.00407 0.80864
vn 0.58829 0.00407 0.80864
vn 0.97006 0.00407 -0.24285
vn 0.97006 0.00407 -0.24285
vn 0.97006 0.00407 -0.24285
vn 0.97006 0.00407 -0.24285
vn 0.34128 0.00396 -0.93995
vn 0.34128 0.00396 -0.93995
vn 0.34128 0.00396 -0.93995
vn -0.58842 0.00407 -0.80855
vn -0.58842 0.00407 -0.80855
vn -0.58842 0.00407 -0.80855
vn -0.97009 0.00407 0.24271
vn -0.97009 0.00407 0.24271
vn -0.97009 0.00407 0.24271
vn -0.97009 0.00407 0.24271
vn -0.34123 0.00396 0.93997
vn -0.34123 0.00396 0.93997
vn 0.58828 0.00333 0.80865
vn 0.58828 0.00333 0.80865
vn 0.58828 0.00333 0.80865
vn 0.97008 0.00343 -0.24276
vn 0.97008 0.00343 -0.24276
vn 0.97008 0.00343 -0.24276
vn 0.97008 0.00343 -0.24276
vn 0.34116 0.0032 -0.94
vn 0.34116 0.0032 -0.94
vn 0.34116 0.0032 -0.94
vn 0.34116 0.0032 -0.94
vn -0.58832 0.00341 -0.80862
vn -0.58832 0.00341 -0.80862
vn -0.58832 0.00341 -0.80862
vn -0.58832 0.00341 -0.80862
vn -0.97012 0.00341 0.24259
vn -0.97012 0.00341 0.24259
vn -0.97012 0.00341 0.24259
vn -0.97012 0.00341 0.24259
vn -0.34112 0.0032 0.94001
vn -0.34112 0.0032 0.94001
vn -0.34112 0.0032 0.94001
vn -0.58835 0.01126 -0.80853
vn -0.58835 0.01126 -0.80853
vn -0.58835 0.01126 -0.80853
vn -0.58835 0.01126 -0.80853
vn 0.34116 0.01094 -0.93994
vn 0.34116 0.01094 -0.93994
vn 0.34116 0.01094 -0.93994
vn 0.34116 0.01094 -0.93994
vn 0.97007 0.01126 -0.24257
vn 0.97007 0.01126 -0.24257
vn 0.97007 0.01126 -0.24257
vn 0.58819 0.01126 0.80864
vn 0.58819 0.01126 0.80864
vn 0.58819 0.01126 0.80864
vn 0.58819 0.01126 0.80864
vn -0.3412 0.01094 0.93993
vn -0.3412 0.01094 0.93993
vn -0.3412 0.01094 0.93993
vn -0.97004 0.01126 0.24269
vn -0.97004 0.01126 0.24269
vn -0.97004 0.01126 0.24269
vn -0.97004 0.01126 0.24269
vn 0.58836 0.00878 0.80855
vn 0.58836 0.00878 0.80855
vn 0.97006 0.00878 -0.24272
vn 0.97006 0.00878 -0.24272
vn 0.97006 0.00878 -0.24272
vn 0.34111 0.00854 -0.93998
vn 0.34111 0.00854 -0.93998
vn -0.58837 0.00878 -0.80854
vn -0.58837 0.00878 -0.80854
vn -0.97006 0.00879 0.2427
vn -0.97006 0.00879 0.2427
vn -0.97006 0.00879 0.2427
vn -0.34123 0.00854 0.93994
vn -0.34123 0.00854 0.93994
vn -0.34123 0.00854 0.93994
vn -0.58845 0.0042 -0.80852
vn -0.58845 0.0042 -0.80852
vn 0.34143 0.00414 -0.9399
vn 0.34143 0.00414 -0.9399
vn 0.34143 0.00414 -0.9399
vn 0.97005 0.00412 -0.24287
vn 0.97005 0.00412 -0.24287
vn 0.97005 0.00412 -0.24287
vn 0.58841 0.00417 0.80856
vn 0.58841 0.00417 0.80856
vn 0.58841 0.00417 0.80856
vn -0.34125 0.00397 0.93996
vn -0.34125 0.00397 0.93996
vn -0.34125 0.00397 0.93996
vn -0.97007 0.00415 0.24279
vn -0.97007 0.00415 0.24279
vn -0.97007 0.00415 0.24279
vn 0.58831 0.00412 0.80862
vn 0.58831 0.00412 0.80862
vn 0.58831 0.00412 0.80862
vn 0.97007 0.00412 -0.24278
vn 0.97007 0.00412 -0.24278
vn 0.97007 0.00412 -0.24278
vn 0.34125 0.004 -0.93996
vn 0.34125 0.004 -0.93996
vn -0.58836 0.00412 -0.80859
vn -0.58836 0.00412 -0.80859
vn -0.58836 0.00412 -0.80859
vn -0.58836 0.00412 -0.80859
vn -0.97005 0.00412 0.24287
vn -0.97005 0.00412 0.24287
vn -0.97005 0.00412 0.24287
vn -0.97005 0.00412 0.24287
vn -0.34131 0.004 0.93994
vn -0.34131 0.004 0.93994
vn -0.34131 0.004 0.93994
vn 0.53097 0.50138 0.68315
vn 0.53097 0.50138 0.68315
vn -0.39073 0.85985 -0.32861
vn -0.40511 0.84395 -0.35163
vn -0.31114 0.92779 -0.20589
vn -0.31114 0.92779 -0.20589
vn 0.4587 -0.76036 0.45984
vn 0.37681 -0.86887 0.32107
vn 0.38535 -0.8598 0.33502
vn 0.74526 0.08175 -0.66175
vn 0.77933 0.11148 -0.61662
vn 0.73761 0.07538 -0.671
vn -0.82145 -0.16224 0.54671
vn -0.76622 -0.10924 0.63323
vn -0.75898 -0.10285 0.64293
vn -0.51561 0.66384 -0.54172
vn 0.3316 -0.91002 0.2488
vn 0.3316 -0.91002 0.2488
vn 0.66862 0.02176 -0.74329
vn -0.7256 -0.07464 0.68405
vn -0.7256 -0.07464 0.68405
vn -0.0369 0.34031 0.93959
vn -0.0369 0.34031 0.93959
vn -0.0369 0.34031 0.93959
vn 0.02878 0.93909 -0.34248
vn 0.03459 0.92181 -0.38608
vn -0.00275 0.99487 -0.10108
vn -0.00275 0.99487 -0.10108
vn -0.07578 -0.81256 0.57793
vn -0.03745 -0.94808 0.31581
vn -0.04132 -0.93861 0.34251
vn 0.99926 -0.02126 0.03219
vn 0.99584 -0.00154 0.09111
vn 0.99584 -0.00154 0.09111
vn 0.9995 -0.02593 0.01821
vn -0.98316 -0.03383 -0.17958
vn -0.9975 0.00294 -0.07067
vn -0.99838 0.00776 -0.05631
vn 0.08168 0.68161 -0.72715
vn -0.01712 -0.98444 0.17487
vn -0.01712 -0.98444 0.17487
vn 0.99405 -0.0617 -0.08978
vn -0.99966 0.02622 -0.00117
vn -0.99966 0.02622 -0.00117
vn -0.37685 0.40876 -0.8312
vn -0.37685 0.40876 -0.8312
vn -0.37685 0.40876 -0.8312
vn -0.37685 0.40876 -0.8312
vn -0.13684 0.86187 0.48832
vn -0.12513 0.84416 0.52128
vn -0.19397 0.93211 0.30587
vn -0.19397 0.93211 0.30587
vn 0.07945 -0.74076 -0.66706
vn 0.15235 -0.86831 -0.47204
vn 0.14568 -0.85822 -0.49217
vn -0.90998 -0.3061 0.27973
vn -0.93252 -0.28165 0.226
vn -0.93252 -0.28165 0.226
vn -0.90453 -0.31131 0.29139
vn 0.96055 0.23685 -0.14577
vn 0.92674 0.28402 -0.24593
vn 0.92175 0.28954 -0.25797
vn -0.01318 0.62989 0.77658
vn 0.18495 -0.91221 -0.36559
vn 0.18495 -0.91221 -0.36559
vn -0.85345 -0.35165 0.38466
vn 0.89885 0.31198 -0.30778
vn -0.83597 0.50692 -0.21019
vn -0.83597 0.50692 -0.21019
vn -0.83597 0.50692 -0.21019
vn 0.51428 0.8567 0.03978
vn 0.53853 0.84124 0.04788
vn 0.32737 0.9447 -0.01912
vn 0.32737 0.9447 -0.01912
vn -0.68578 -0.71946 -0.10988
vn -0.49282 -0.86919 -0.04056
vn -0.50759 -0.86039 -0.04557
vn -0.18507 0.06157 0.98079
vn -0.25857 0.10324 0.96046
vn -0.25857 0.10324 0.96046
vn -0.16869 0.05232 0.98428
vn 0.36147 -0.17164 -0.91645
vn 0.23163 -0.09729 -0.96793
vn 0.21513 -0.08791 -0.97262
vn 0.79651 0.58725 0.14393
vn -0.38461 -0.92306 -0.00496
vn -0.38461 -0.92306 -0.00496
vn -0.03352 -0.02337 0.99916
vn 0.14564 -0.04852 -0.98815
vn 0.14564 -0.04852 -0.98815
vn 0.52478 0.79888 -0.29394
vn 0.52478 0.79888 -0.29394
vn 0.52478 0.79888 -0.29394
vn 0.52478 0.79888 -0.29394
vn -0.79071 0.5848 0.18108
vn -0.80759 0.5591 0.18763
vn -0.6921 0.70712 0.14483
vn -0.6921 0.70712 0.14483
vn 0.8782 -0.43158 -0.20614
vn 0.78365 -0.59743 -0.17018
vn 0.79409 -0.58238 -0.17394
vn -0.32174 -0.15177 -0.93458
vn -0.28584 -0.10206 -0.95283
vn -0.32922 -0.16226 -0.93021
vn 0.2366 0.02177 0.97136
vn 0.3034 0.11248 0.9462
vn 0.31105 0.12314 0.94238
vn -0.92251 0.30404 0.23775
vn 0.72666 -0.67036 -0.15026
vn 0.72666 -0.67036 -0.15026
vn -0.3891 -0.24857 -0.88702
vn 0.34394 0.16963 0.92354
vn 0.34394 0.16963 0.92354
vn 0.96753 -0.1339 0.21435
vn 0.96753 -0.1339 0.21435
vn 0.96753 -0.1339 0.21435
vn 0.96753 -0.1339 0.21435
vn 0.1595 0.98044 -0.11529
vn 0.12225 0.98436 -0.12687
vn 0.34809 0.93599 -0.05256
vn 0.34809 0.93599 -0.05256
vn 0.05105 -0.98044 0.19008
vn -0.18226 -0.97612 0.11823
vn -0.16012 -0.97909 0.12551
vn 0.17987 -0.14648 -0.97272
vn 0.24045 -0.15669 -0.95793
vn 0.24045 -0.15669 -0.95793
vn 0.16643 -0.14415 -0.97546
vn -0.33183 0.16478 0.92884
vn -0.22275 0.14737 0.96367
vn -0.20917 0.1451 0.96705
vn -0.215 0.95141 -0.22045
vn -0.29328 -0.95265 0.08023
vn -0.29328 -0.95265 0.08023
vn 0.0555 -0.12411 -0.99071
vn -0.15197 0.1353 0.97908
vn -0.15197 0.1353 0.97908
vn 0.93977 0.20527 -0.2733
vn 0.93977 0.20527 -0.2733
vn -0.16752 0.97135 0.16856
vn -0.19601 0.96489 0.17482
vn 0.04057 0.99202 0.11937
vn 0.38417 -0.90054 -0.20358
vn 0.14661 -0.97678 -0.15626
vn 0.16383 -0.97343 -0.15996
vn -0.31854 0.10496 -0.94208
vn -0.23586 0.12009 -0.96434
vn -0.23586 0.12009 -0.96434
vn -0.33642 0.10152 -0.93622
vn 0.10927 -0.14935 0.98273
vn 0.26328 -0.12358 0.95677
vn 0.28191 -0.12017 0.95189
vn -0.5321 0.81233 0.23872
vn 0.02446 -0.99136 -0.12888
vn -0.47694 0.07224 -0.87596
vn 0.35823 -0.10549 0.92765
vn 0.75906 0.31862 0.56772
vn 0.75906 0.31862 0.56772
vn 0.75906 0.31862 0.56772
vn -0.19719 0.94323 -0.26727
vn -0.21915 0.93252 -0.28703
vn -0.08183 0.98339 -0.16203
vn -0.08183 0.98339 -0.16203
vn 0.31179 -0.8698 0.3824
vn 0.1804 -0.94792 0.26249
vn 0.19341 -0.94193 0.27453
vn 0.60954 -0.09915 -0.78653
vn 0.65783 -0.08104 -0.7488
vn 0.65783 -0.08104 -0.7488
vn 0.59895 -0.10295 -0.79414
vn -0.72391 0.04552 0.68839
vn -0.64192 0.07899 0.76269
vn -0.63161 0.08289 0.77084
vn -0.40592 0.79481 -0.45112
vn 0.11368 -0.97312 0.20027
vn 0.11368 -0.97312 0.20027
vn 0.50632 -0.1339 -0.85189
vn -0.58506 0.09981 0.80482
vn -0.58506 0.09981 0.80482
vn -0.00803 0.42823 0.90363
vn -0.00803 0.42823 0.90363
vn 0.05464 0.91555 -0.39848
vn 0.05944 0.89374 -0.44463
vn 0.02753 0.9893 -0.14327
vn -0.09523 -0.75113 0.65325
vn -0.06397 -0.92592 0.37227
vn -0.06738 -0.91318 0.40196
vn 0.9982 -0.0577 0.01633
vn 0.99671 -0.03186 0.07446
vn 0.99671 -0.03186 0.07446
vn 0.99804 -0.06236 0.00579
vn -0.98674 -0.01316 -0.16176
vn -0.99791 0.03542 -0.05399
vn -0.99827 0.04053 -0.04254
vn 0.09384 0.60657 -0.78947
vn -0.04572 -0.9752 0.21657
vn -0.04572 -0.9752 0.21657
vn 0.9894 -0.10756 -0.09754
vn -0.99776 0.06544 0.01356
vn -0.99776 0.06544 0.01356
vn -0.6389 0.62648 -0.44646
vn -0.6389 0.62648 -0.44646
vn -0.6389 0.62648 -0.44646
vn -0.6389 0.62648 -0.44646
vn 0.40421 0.76573 0.50027
vn 0.42658 0.74016 0.51981
vn 0.27856 0.87904 0.3869
vn 0.27856 0.87904 0.3869
vn -0.51372 -0.60425 -0.60908
vn -0.38487 -0.77823 -0.49621
vn -0.39836 -0.76341 -0.50844
vn -0.6468 -0.15065 0.74763
vn -0.68726 -0.11239 0.71767
vn -0.68726 -0.11239 0.71767
vn -0.63755 -0.15898 0.75383
vn 0.74085 0.04858 -0.66991
vn 0.6724 0.11957 -0.73046
vn 0.6634 0.12816 -0.73721
vn 0.59487 0.46354 0.6567
vn -0.31295 -0.84699 -0.42973
vn -0.31295 -0.84699 -0.42973
vn -0.55733 -0.22596 0.79895
vn 0.62431 0.16378 -0.76382
vn 0.62431 0.16378 -0.76382
vn -0.94015 0.01234 0.34054
vn -0.94015 0.01234 0.34054
vn 0.0126 0.99984 -0.01254
vn 0.04129 0.99893 -0.02091
vn -0.19269 0.9801 0.04762
vn -0.19269 0.9801 0.04762
vn -0.23453 -0.96977 0.06737
vn 0.00806 -0.99997 -0.0013
vn -0.0092 -0.99995 0.00358
vn 0.35962 0.00369 0.93309
vn 0.2773 0.00218 0.96078
vn 0.3774 0.00402 0.92604
vn -0.14936 -0.00832 -0.98875
vn -0.30342 -0.01114 -0.95279
vn -0.32199 -0.01147 -0.94667
vn 0.39125 0.91211 -0.12239
vn 0.12899 -0.99101 -0.03556
vn 0.12899 -0.99101 -0.03556
vn 0.51645 0.00663 0.85629
vn -0.39788 -0.01279 -0.91735
vn -0.39788 -0.01279 -0.91735
vn -0.07637 0.85545 -0.51222
vn -0.07637 0.85545 -0.51222
vn -0.07637 0.85545 -0.51222
vn 0.55682 0.46194 0.69033
vn 0.55666 0.43553 0.70742
vn 0.549 0.58973 0.5923
vn 0.549 0.58973 0.5923
vn -0.54044 -0.31006 -0.78217
vn -0.55023 -0.47785 -0.68477
vn -0.55019 -0.46241 -0.69532
vn -0.82778 0.2176 0.51714
vn -0.83317 0.27083 0.48216
vn -0.82619 0.20615 0.52432
vn 0.83041 -0.35252 -0.43145
vn 0.82745 -0.25846 -0.49852
vn 0.82637 -0.24708 -0.50603
vn 0.53027 0.17978 0.82855
vn -0.54747 -0.55336 -0.62775
vn -0.54747 -0.55336 -0.62775
vn -0.80703 0.10929 0.58031
vn 0.81979 -0.19659 -0.53786
vn 0.81979 -0.19659 -0.53786
vn 0.09334 -0.33276 -0.93838
vn 0.09334 -0.33276 -0.93838
vn 0.09334 -0.33276 -0.93838
vn 0.09334 -0.33276 -0.93838
vn 0.35887 0.8914 -0.2768
vn 0.35021 0.90719 -0.23315
vn 0.39104 0.77549 -0.49568
vn -0.28494 -0.95823 0.02442
vn -0.35237 -0.88484 0.30479
vn -0.34719 -0.89542 0.2787
vn -0.93056 0.31354 -0.18907
vn -0.92429 0.29117 -0.24681
vn -0.92429 0.29117 -0.24681
vn -0.93152 0.31866 -0.1753
vn 0.90582 -0.25881 0.33543
vn 0.92486 -0.30291 0.22997
vn 0.92643 -0.3084 0.21589
vn 0.24065 0.95575 0.1692
vn -0.37438 -0.81922 0.43442
vn -0.37438 -0.81922 0.43442
vn -0.93209 0.35585 -0.06763
vn 0.9305 -0.32875 0.16156
vn 0.9305 -0.32875 0.16156
vn 0.08656 0.5713 0.81616
vn 0.08656 0.5713 0.81616
vn 0.08656 0.5713 0.81616
vn -0.06818 0.81956 -0.56893
vn -0.06812 0.79657 -0.6007
vn -0.06678 0.91809 -0.3907
vn -0.06678 0.91809 -0.3907
vn 0.05387 -0.67338 0.73733
vn 0.05819 -0.83199 0.55174
vn 0.05793 -0.81878 0.57118
vn 0.99272 -0.00453 -0.12034
vn 0.99726 0.03 -0.06756
vn 0.99726 0.03 -0.06756
vn 0.99119 -0.01211 -0.13188
vn -0.99613 -0.08736 -0.00959
vn -0.99586 -0.02439 0.08759
vn -0.99491 -0.01665 0.09942
vn -0.06295 0.539 -0.83995
vn 0.05905 -0.89198 0.44821
vn 0.05905 -0.89198 0.44821
vn 0.97148 -0.07405 -0.22526
vn -0.98877 0.01574 0.14864
vn -0.98877 0.01574 0.14864
vn -0.81298 0.58223 -0.00839
vn -0.81298 0.58223 -0.00839
vn 0.55596 0.82993 -0.04616
vn 0.59774 0.80062 -0.04137
vn 0.31656 0.94606 -0.06893
vn -0.77972 -0.62612 0.0016
vn -0.53255 -0.8456 0.03667
vn -0.55971 -0.82802 0.03337
vn 0.03186 0.02823 0.99909
vn -0.02071 0.06392 0.99774
vn -0.02071 0.06392 0.99774
vn 0.04137 0.02175 0.99891
vn 0.09925 -0.1231 -0.98742
vn 0.00115 -0.05696 -0.99838
vn -0.00924 -0.04991 -0.99871
vn 0.88804 0.45974 0.00427
vn -0.38718 -0.9205 0.05268
vn -0.38718 -0.9205 0.05268
vn 0.1343 -0.04189 0.99005
vn -0.05999 -0.01534 -0.99808
vn -0.05999 -0.01534 -0.99808
vn 0.35079 0.3605 -0.86428
vn 0.35079 0.3605 -0.86428
vn 0.35079 0.3605 -0.86428
vn 0.35079 0.3605 -0.86428
vn -0.57703 0.80983 0.1059
vn -0.59275 0.7935 0.13786
vn -0.4815 0.87425 -0.06202
vn -0.4815 0.87425 -0.06202
vn 0.66292 -0.69534 -0.27756
vn 0.57511 -0.81387 -0.08292
vn 0.58513 -0.8045 -0.10202
vn -0.74162 -0.46902 -0.47961
vn -0.71754 -0.4473 -0.53391
vn -0.74651 -0.47353 -0.46742
vn 0.67908 0.40582 0.61168
vn 0.72891 0.44927 0.51658
vn 0.73435 0.45418 0.50443
vn -0.69095 0.59484 0.4108
vn 0.51925 -0.85449 0.01481
vn 0.51925 -0.85449 0.01481
vn -0.78113 -0.50706 -0.36431
vn 0.75546 0.47372 0.45263
vn 0.75546 0.47372 0.45263
vn 0.55469 -0.72961 -0.39998
vn 0.55469 -0.72961 -0.39998
vn 0.55469 -0.72961 -0.39998
vn 0.42376 0.66476 -0.61524
vn 0.40562 0.68583 -0.60424
vn 0.54223 0.49678 -0.67764
vn -0.2687 -0.8086 0.52341
vn -0.43276 -0.64599 0.62882
vn -0.42201 -0.65894 0.62266
vn -0.72732 -0.15925 -0.66757
vn -0.67873 -0.22398 -0.6994
vn -0.67873 -0.22398 -0.6994
vn -0.73728 -0.14483 -0.65988
vn 0.59243 0.31291 0.74237
vn 0.69103 0.19847 0.69505
vn 0.70204 0.18395 0.68797
vn 0.1517 0.89325 -0.4232
vn -0.50428 -0.54926 0.66634
vn -0.50428 -0.54926 0.66634
vn -0.80806 -0.02593 -0.58853
vn 0.74497 0.12276 0.65571
vn 0.404 0.8002 -0.44325
vn 0.404 0.8002 -0.44325
vn 0.404 0.8002 -0.44325
vn 0.404 0.8002 -0.44325
vn -0.72521 0.57486 0.37895
vn -0.73902 0.54902 0.39041
vn -0.64337 0.69797 0.31451
vn -0.64337 0.69797 0.31451
vn 0.79857 -0.42082 -0.43033
vn 0.72174 -0.58731 -0.36628
vn 0.73035 -0.57219 -0.37308
vn -0.56178 -0.18265 -0.80687
vn -0.53361 -0.13283 -0.83524
vn -0.53361 -0.13283 -0.83524
vn -0.56748 -0.19317 -0.8004
vn 0.49302 0.05227 0.86845
vn 0.54802 0.14356 0.82405
vn 0.55406 0.15426 0.81806
vn -0.82943 0.29333 0.4754
vn 0.67427 -0.66068 -0.32994
vn -0.61091 -0.27937 -0.74077
vn 0.57933 0.20087 0.78996
vn 0.57933 0.20087 0.78996
vn -0.27954 0.01125 -0.96007
vn -0.27954 0.01125 -0.96007
vn -0.27954 0.01125 -0.96007
vn -0.27954 0.01125 -0.96007
vn 0 1 0
vn -0.78543 0.01138 0.61885
vn -0.78543 0.01138 0.61885
vn -0.95226 0.01105 -0.3051
vn -0.95226 0.01105 -0.3051
vn 0.95223 0.01114 0.30517
vn 0.95223 0.01114 0.30517
vn 0.95223 0.01114 0.30517
vn 0.95223 0.01114 0.30517
vn 0 1 -0
vn 0 1 -0
vn 0 1 -0
vn 0.78552 0.01134 -0.61874
vn 0.78552 0.01134 -0.61874
vn 0.78552 0.01134 -0.61874
vn 0.27956 0.01127 0.96006
vn 0.27956 0.01127 0.96006
vn 0.78557 0.00407 -0.61876
vn 0.78557 0.00407 -0.61876
vn -0.27972 0.00407 -0.96007
vn -0.27972 0.00407 -0.96007
vn -0.27972 0.00407 -0.96007
vn -0.27972 0.00407 -0.96007
vn -0.95228 0.00396 -0.3052
vn -0.95228 0.00396 -0.3052
vn -0.95228 0.00396 -0.3052
vn -0.78547 0.00407 0.61888
vn -0.78547 0.00407 0.61888
vn -0.78547 0.00407 0.61888
vn 0.27972 0.00406 0.96007
vn 0.27972 0.00406 0.96007
vn 0.95228 0.00395 0.3052
vn 0.95228 0.00395 0.3052
vn 0.95228 0.00395 0.3052
vn 0.78549 0.00337 -0.61886
vn 0.78549 0.00337 -0.61886
vn 0.78549 0.00337 -0.61886
vn 0.78549 0.00337 -0.61886
vn -0.27963 0.00332 -0.9601
vn -0.27963 0.00332 -0.9601
vn -0.27963 0.00332 -0.9601
vn -0.9523 0.00326 -0.30515
vn -0.9523 0.00326 -0.30515
vn -0.9523 0.00326 -0.30515
vn -0.9523 0.00326 -0.30515
vn -0.78547 0.00334 0.6189
vn -0.78547 0.00334 0.6189
vn -0.78547 0.00334 0.6189
vn 0.27964 0.00341 0.9601
vn 0.27964 0.00341 0.9601
vn 0.27964 0.00341 0.9601
vn 0.9523 0.00328 0.30515
vn 0.9523 0.00328 0.30515
vn 0.9523 0.00328 0.30515
vn -0.78545 0.01125 0.61882
vn -0.78545 0.01125 0.61882
vn -0.95228 0.01094 -0.30503
vn -0.95228 0.01094 -0.30503
vn -0.95228 0.01094 -0.30503
vn -0.2795 0.01126 -0.96008
vn -0.2795 0.01126 -0.96008
vn 0.78545 0.01126 -0.61882
vn 0.78545 0.01126 -0.61882
vn 0.78545 0.01126 -0.61882
vn 0.95224 0.01094 0.30515
vn 0.95224 0.01094 0.30515
vn 0.95224 0.01094 0.30515
vn 0.27974 0.01126 0.96001
vn 0.27974 0.01126 0.96001
vn 0.27974 0.01126 0.96001
vn 0.78545 0.00879 -0.61886
vn 0.78545 0.00879 -0.61886
vn 0.78545 0.00879 -0.61886
vn 0.78545 0.00879 -0.61886
vn -0.2797 0.00879 -0.96005
vn -0.2797 0.00879 -0.96005
vn -0.95228 0.00854 -0.30511
vn -0.95228 0.00854 -0.30511
vn -0.95228 0.00854 -0.30511
vn -0.78544 0.00879 0.61887
vn -0.78544 0.00879 0.61887
vn -0.78544 0.00879 0.61887
vn 0.27957 0.00879 0.96008
vn 0.27957 0.00879 0.96008
vn 0.27957 0.00879 0.96008
vn 0.95228 0.00854 0.30511
vn 0.95228 0.00854 0.30511
vn 0.95228 0.00854 0.30511
vn 0.95228 0.00854 0.30511
vn -0.78557 0.00425 0.61876
vn -0.78557 0.00425 0.61876
vn -0.78557 0.00425 0.61876
vn -0.95229 0.00409 -0.30517
vn -0.95229 0.00409 -0.30517
vn -0.95229 0.00409 -0.30517
vn -0.27954 0.00427 -0.96012
vn -0.27954 0.00427 -0.96012
vn -0.27954 0.00427 -0.96012
vn -0.27954 0.00427 -0.96012
vn 0.78552 0.00418 -0.61882
vn 0.78552 0.00418 -0.61882
vn 0.78552 0.00418 -0.61882
vn 0.95229 0.0041 0.30516
vn 0.95229 0.0041 0.30516
vn 0.95229 0.0041 0.30516
vn 0.27955 0.00423 0.96012
vn 0.27955 0.00423 0.96012
vn 0.78556 0.00412 -0.61877
vn 0.78556 0.00412 -0.61877
vn 0.78556 0.00412 -0.61877
vn -0.2796 0.00412 -0.96011
vn -0.2796 0.00412 -0.96011
vn -0.2796 0.00412 -0.96011
vn -0.9523 0.00399 -0.30515
vn -0.9523 0.00399 -0.30515
vn -0.9523 0.00399 -0.30515
vn -0.78556 0.00411 0.61877
vn -0.78556 0.00411 0.61877
vn -0.78556 0.00411 0.61877
vn -0.78556 0.00411 0.61877
vn 0.27962 0.00412 0.9601
vn 0.27962 0.00412 0.9601
vn 0.95228 0.004 0.30521
vn 0.95228 0.004 0.30521
vn 0.95228 0.004 0.30521
vn 0.95228 0.004 0.30521
vn 0.7646 0.2362 0.59966
vn 0.7646 0.2362 0.59966
vn 0.7646 0.2362 0.59966
vn -0.06092 0.95193 -0.30018
vn -0.08853 0.94126 -0.32588
vn 0.08332 0.98361 -0.15992
vn 0.08332 0.98361 -0.15992
vn 0.20707 -0.86982 0.4478
vn 0.03895 -0.95537 0.29282
vn 0.05535 -0.94958 0.30861
vn 0.63063 -0.19915 -0.7501
vn 0.67835 -0.18591 -0.71083
vn 0.67835 -0.18591 -0.71083
vn 0.61979 -0.20195 -0.75834
vn -0.74535 0.1582 0.64763
vn -0.66342 0.18399 0.72527
vn -0.65276 0.18699 0.73412
vn -0.32629 0.7824 -0.53046
vn -0.04477 -0.97667 0.21003
vn -0.04477 -0.97667 0.21003
vn 0.52671 -0.22341 -0.82016
vn -0.60682 0.19908 0.7695
vn -0.60682 0.19908 0.7695
vn 0.75727 0.44917 -0.47413
vn 0.75727 0.44917 -0.47413
vn 0.75727 0.44917 -0.47413
vn -0.35801 0.89064 0.28033
vn -0.38144 0.87681 0.29274
vn -0.18126 0.96601 0.18433
vn -0.18126 0.96601 0.18433
vn 0.53374 -0.76484 -0.36074
vn 0.34293 -0.90155 -0.26384
vn 0.35724 -0.89374 -0.2713
vn -0.56228 0.03039 -0.82639
vn -0.4945 0.06702 -0.86659
vn -0.4945 0.06702 -0.86659
vn -0.57664 0.02229 -0.81669
vn 0.38805 -0.12856 0.91263
vn 0.51899 -0.06282 0.85247
vn 0.53431 -0.05457 0.84353
vn -0.64089 0.64036 0.42331
vn 0.2394 -0.94813 -0.20912
vn 0.2394 -0.94813 -0.20912
vn -0.68531 -0.04371 -0.72694
vn 0.59583 -0.02001 0.80286
vn 0.59583 -0.02001 0.80286
vn -0.71519 0.07428 0.69497
vn -0.71519 0.07428 0.69497
vn 0.06548 0.99698 -0.04169
vn 0.09571 0.9932 -0.06632
vn -0.09249 0.99193 0.08673
vn -0.09249 0.99193 0.08673
vn -0.24306 -0.95488 0.17066
vn -0.05528 -0.99826 0.0207
vn -0.07363 -0.99666 0.03528
vn 0.70616 -0.01957 0.70778
vn 0.66008 -0.01681 0.75101
vn 0.66008 -0.01681 0.75101
vn 0.71592 -0.02017 0.69789
vn -0.58552 0.00608 -0.81064
vn -0.67514 0.01132 -0.7376
vn -0.68551 0.01196 -0.72797
vn 0.35624 0.89164 -0.2794
vn 0.03848 -0.99782 -0.05367
vn 0.03848 -0.99782 -0.05367
vn 0.79046 -0.02489 0.612
vn -0.72733 0.01457 -0.68614
vn -0.72733 0.01457 -0.68614
vn -0.68728 0.46283 -0.55985
vn -0.68728 0.46283 -0.55985
vn -0.68728 0.46283 -0.55985
vn 0.28664 0.88051 0.37754
vn 0.3062 0.86527 0.39693
vn 0.18232 0.94467 0.27269
vn 0.18232 0.94467 0.27269
vn -0.38612 -0.78254 -0.48841
vn -0.27083 -0.88761 -0.37255
vn -0.28243 -0.87891 -0.38438
vn -0.65795 -0.10906 0.74513
vn -0.70184 -0.08158 0.70765
vn -0.70184 -0.08158 0.70765
vn -0.64825 -0.11485 0.75272
vn 0.76033 0.03285 -0.64871
vn 0.68663 0.08322 -0.72222
vn 0.67729 0.08912 -0.7303
vn 0.46731 0.69025 0.55242
vn -0.21074 -0.92682 -0.31079
vn -0.21074 -0.92682 -0.31079
vn -0.56281 -0.16229 0.8105
vn 0.63477 0.11481 -0.76413
vn 0.63477 0.11481 -0.76413
vn -0.39352 0.33625 -0.85562
vn -0.39352 0.33625 -0.85562
vn -0.0519 0.91973 0.38911
vn -0.03709 0.90192 0.43031
vn -0.12766 0.97905 0.15865
vn -0.12766 0.97905 0.15865
vn -0.01974 -0.78802 -0.61533
vn 0.07169 -0.92684 -0.36854
vn 0.06309 -0.91697 -0.39394
vn -0.91211 -0.20425 0.35544
vn -0.93551 -0.18458 0.30125
vn -0.93551 -0.18458 0.30125
vn -0.90605 -0.2088 0.36808
vn 0.96482 0.14794 -0.21734
vn 0.92876 0.18614 -0.32056
vn 0.92311 0.19096 -0.33378
vn 0.09524 0.65896 0.74613
vn 0.11488 -0.96554 -0.23351
vn -0.85264 -0.24234 0.4629
vn 0.89946 0.20905 -0.38375
vn 0.89946 0.20905 -0.38375
vn 0.70648 0.14945 -0.69178
vn 0.70648 0.14945 -0.69178
vn 0.70648 0.14945 -0.69178
vn -0.18627 0.98219 0.02472
vn -0.21601 0.97515 0.04924
vn -0.02786 0.99433 -0.10267
vn 0.35845 -0.92087 -0.15331
vn 0.17616 -0.98436 -0.00377
vn 0.19429 -0.98077 -0.01828
vn -0.69299 -0.11625 -0.71151
vn -0.64723 -0.10865 -0.75451
vn -0.64723 -0.10865 -0.75451
vn -0.70268 -0.11786 -0.70168
vn 0.57389 0.09001 0.81397
vn 0.66288 0.10499 0.74132
vn 0.67319 0.10673 0.73173
vn -0.46394 0.8461 0.26245
vn 0.08245 -0.99413 0.07003
vn 0.08245 -0.99413 0.07003
vn -0.77679 -0.13017 -0.61616
vn 0.71475 0.11377 0.69007
vn 0.71475 0.11377 0.69007
vn 0.43387 0.26322 -0.86167
vn 0.43387 0.26322 -0.86167
vn 0.43387 0.26322 -0.86167
vn -0.12592 0.96365 0.23563
vn -0.14048 0.95524 0.26034
vn -0.01857 0.99843 0.05282
vn -0.01857 0.99843 0.05282
vn 0.24262 -0.87704 -0.41466
vn 0.12077 -0.96976 -0.21208
vn 0.1297 -0.96523 -0.22695
vn -0.90056 -0.01499 -0.43447
vn -0.86075 0.00544 -0.509
vn -0.90842 -0.01947 -0.41762
vn 0.7896 -0.04422 0.61203
vn 0.87497 -0.00714 0.48412
vn 0.88402 -0.00253 0.46743
vn -0.30908 0.77947 0.54489
vn 0.05702 -0.99275 -0.10582
vn 0.05702 -0.99275 -0.10582
vn -0.95978 -0.05558 -0.27519
vn 0.91807 0.01665 0.39607
vn 0.91807 0.01665 0.39607
vn 0.81327 0.53465 -0.22965
vn 0.81327 0.53465 -0.22965
vn 0.81327 0.53465 -0.22965
vn -0.49248 0.84192 0.22055
vn -0.51854 0.82491 0.22503
vn -0.35157 0.9158 0.19422
vn -0.35157 0.9158 0.19422
vn 0.63533 -0.73613 -0.23341
vn 0.48054 -0.8513 -0.21063
vn 0.49631 -0.84157 -0.21318
vn -0.32215 0.0551 -0.94508
vn -0.26861 0.08706 -0.95931
vn -0.26861 0.08706 -0.95931
vn -0.33337 0.04827 -0.94156
vn 0.1904 -0.14121 0.9715
vn 0.28899 -0.08408 0.95363
vn 0.30043 -0.07722 0.95067
vn -0.72854 0.63576 0.25504
vn 0.39824 -0.89596 -0.19659
vn 0.39824 -0.89596 -0.19659
vn -0.4245 -0.00901 -0.90538
vn 0.34994 -0.047 0.93559
vn 0.34994 -0.047 0.93559
vn 0.94029 0.34038 0.00098
vn 0.94029 0.34038 0.00098
vn -0.34328 0.9391 -0.01568
vn -0.38709 0.92183 -0.01982
vn -0.1009 0.99487 0.00661
vn -0.1009 0.99487 0.00661
vn 0.58034 -0.81261 0.05363
vn 0.31697 -0.9481 0.02536
vn 0.34381 -0.93862 0.02821
vn -0.00599 -0.02123 -0.99976
vn 0.05304 -0.00151 -0.99859
vn -0.01997 -0.02589 -0.99947
vn -0.14212 -0.03378 0.98927
vn -0.03262 0.00294 0.99946
vn -0.01822 0.00776 0.9998
vn -0.7297 0.68164 -0.05385
vn 0.17538 -0.98444 0.01045
vn 0.17538 -0.98444 0.01045
vn -0.12772 -0.06167 -0.98989
vn 0.03698 0.02619 0.99897
vn 0.03698 0.02619 0.99897
vn -0.81607 0.40898 0.40836
vn -0.81607 0.40898 0.40836
vn -0.81607 0.40898 0.40836
vn 0.49316 0.86189 0.1181
vn 0.52565 0.84418 0.10515
vn 0.31304 0.93211 0.18214
vn 0.31304 0.93211 0.18214
vn -0.66955 -0.74081 -0.05395
vn -0.47751 -0.86831 -0.13424
vn -0.49735 -0.85823 -0.12682
vn 0.31418 -0.30626 0.89861
vn 0.26137 -0.28176 0.9232
vn 0.26137 -0.28176 0.9232
vn 0.32565 -0.31149 0.89271
vn -0.18237 0.23682 -0.95428
vn -0.28115 0.28393 -0.9167
vn -0.29299 0.28945 -0.91125
vn 0.77644 0.62998 -0.01643
vn -0.37241 -0.9122 -0.17089
vn -0.37241 -0.9122 -0.17089
vn 0.41688 -0.35193 0.83807
vn -0.34188 0.31186 -0.88649
vn -0.34188 0.31186 -0.88649
vn -0.20732 -0.24362 0.94745
vn -0.20732 -0.24362 0.94745
vn -0.20732 -0.24362 0.94745
vn -0.20732 -0.24362 0.94745
vn -0.18037 0.96225 0.20381
vn -0.17228 0.96922 0.17589
vn -0.23352 0.88718 0.39796
vn -0.23352 0.88718 0.39796
vn 0.1053 -0.99437 0.01181
vn 0.17959 -0.95693 -0.22809
vn 0.17469 -0.96164 -0.21151
vn 0.966 0.13019 0.22335
vn 0.94652 0.10632 0.30461
vn 0.94652 0.10632 0.30461
vn 0.96932 0.13533 0.20521
vn -0.90218 -0.07668 -0.42449
vn -0.95191 -0.12183 -0.28112
vn -0.95641 -0.12721 -0.26286
vn -0.05954 0.98167 -0.18106
vn 0.21237 -0.91523 -0.34242
vn 0.21237 -0.91523 -0.34242
vn 0.983 0.17508 0.05536
vn -0.97121 -0.14907 -0.18584
vn -0.97121 -0.14907 -0.18584
vn -0.61857 0.78513 -0.03073
vn -0.61857 0.78513 -0.03073
vn -0.61857 0.78513 -0.03073
vn 0.78508 0.61856 0.03231
vn 0.80391 0.59366 0.03598
vn 0.67654 0.73629 0.01302
vn 0.67654 0.73629 0.01302
vn -0.88002 -0.47083 -0.06239
vn -0.77413 -0.63188 -0.03809
vn -0.78565 -0.61734 -0.0405
vn -0.03752 -0.01018 0.99924
vn -0.07892 0.03843 0.99614
vn -0.07892 0.03843 0.99614
vn -0.02869 -0.02052 0.99938
vn 0.13409 -0.11608 -0.98415
vn 0.06 -0.02856 -0.99779
vn 0.05115 -0.01815 -0.99853
vn 0.93649 0.3442 0.06725
vn -0.71173 -0.70198 -0.02568
vn -0.71173 -0.70198 -0.02568
vn 0.04512 -0.10655 0.99328
vn 0.01227 0.02753 -0.99955
vn 0.01227 0.02753 -0.99955
vn -0.67646 -0.31839 -0.6641
vn -0.67646 -0.31839 -0.6641
vn -0.67646 -0.31839 -0.6641
vn -0.20168 0.94847 -0.24441
vn -0.17248 0.96239 -0.20992
vn -0.34726 0.84038 -0.41614
vn -0.34726 0.84038 -0.41614
vn 0.04114 -0.99866 0.03141
vn 0.22727 -0.93961 0.25591
vn 0.21006 -0.949 0.23509
vn -0.69784 0.03369 0.71547
vn -0.73883 0.01234 0.67378
vn -0.73883 0.01234 0.67378
vn -0.68772 0.03873 0.72494
vn 0.79753 0.01569 -0.60307
vn 0.72712 -0.02402 -0.68609
vn 0.71716 -0.0292 -0.6963
vn 0.09794 0.98908 0.11009
vn 0.31252 -0.87932 0.35934
vn -0.60467 0.07732 0.79271
vn 0.67746 -0.04901 -0.73392
vn 0.67746 -0.04901 -0.73392
vn 0.17716 -0.13393 -0.97503
vn 0.17716 -0.13393 -0.97503
vn -0.12128 0.98045 -0.15496
vn -0.13144 0.98436 -0.1173
vn -0.06578 0.93599 -0.34582
vn -0.06578 0.93599 -0.34582
vn 0.18801 -0.98044 -0.05827
vn 0.12513 -0.97611 0.17762
vn 0.13155 -0.97908 0.15522
vn -0.97888 -0.14645 -0.14266
vn -0.96641 -0.15662 -0.20378
vn -0.96641 -0.15662 -0.20378
vn -0.9811 -0.14413 -0.12913
vn 0.94082 0.16487 0.29609
vn 0.97146 0.14743 0.18581
vn 0.97432 0.14515 0.17211
vn -0.21211 0.9514 0.22328
vn 0.0914 -0.95265 0.29001
vn 0.0914 -0.95265 0.29001
vn -0.99211 -0.12415 -0.01765
vn 0.98416 0.13533 0.11452
vn 0.98416 0.13533 0.11452
vn -0.30887 0.20552 -0.92864
vn -0.30887 0.20552 -0.92864
vn 0.17482 0.97135 0.16098
vn 0.18216 0.96489 0.1892
vn 0.11773 0.99202 -0.0451
vn 0.11773 0.99202 -0.0451
vn -0.21808 -0.90055 -0.37609
vn -0.16173 -0.97678 -0.14052
vn -0.16609 -0.97343 -0.1576
vn -0.92924 0.10502 0.35425
vn -0.95462 0.12015 0.2725
vn -0.95462 0.12015 0.2725
vn -0.92271 0.10158 0.37187
vn 0.97785 -0.14931 -0.1467
vn 0.94602 -0.12359 -0.2996
vn 0.94043 -0.12019 -0.31804
vn 0.25881 0.81234 0.52261
vn -0.12971 -0.99136 -0.01952
vn -0.85716 0.07229 0.50996
vn 0.9133 -0.10555 -0.39338
vn 0.9133 -0.10555 -0.39338
vn 0.53822 0.31883 -0.78017
vn 0.53822 0.31883 -0.78017
vn -0.25954 0.94322 0.20729
vn -0.27846 0.9325 0.23
vn -0.15879 0.98338 0.08799
vn -0.15879 0.98338 0.08799
vn 0.37025 -0.86981 -0.32611
vn 0.25543 -0.94792 -0.19026
vn 0.26697 -0.94192 -0.20373
vn -0.80926 -0.09901 -0.57905
vn -0.77338 -0.08091 -0.62876
vn -0.77338 -0.08091 -0.62876
vn -0.81647 -0.10281 -0.56817
vn 0.71561 0.04554 0.69702
vn 0.78668 0.07899 0.61229
vn 0.79442 0.08289 0.60169
vn -0.43527 0.7948 0.42288
vn 0.19579 -0.97312 -0.12123
vn 0.19579 -0.97312 -0.12123
vn -0.87066 -0.13374 -0.47335
vn 0.82657 0.0998 0.55391
vn 0.90322 0.42835 -0.02655
vn 0.90322 0.42835 -0.02655
vn -0.40022 0.91557 -0.03939
vn -0.44653 0.89376 -0.04243
vn -0.14419 0.9893 -0.02206
vn -0.14419 0.9893 -0.02206
vn 0.65644 -0.7511 0.07026
vn 0.37446 -0.92591 0.04974
vn 0.40428 -0.91315 0.05202
vn -0.02177 -0.05776 -0.99809
vn 0.0364 -0.0319 -0.99883
vn 0.0364 -0.0319 -0.99883
vn -0.0323 -0.06242 -0.99753
vn -0.12422 -0.01303 0.99217
vn -0.01597 0.03552 0.99924
vn -0.0045 0.04062 0.99916
vn -0.79244 0.60662 -0.06362
vn 0.21818 -0.97519 0.03744
vn 0.21818 -0.97519 0.03744
vn -0.13527 -0.10765 -0.98494
vn 0.0516 0.06551 0.99652
vn 0.0516 0.06551 0.99652
vn -0.42158 0.62655 0.65552
vn -0.42158 0.62655 0.65552
vn -0.42158 0.62655 0.65552
vn 0.48452 0.76574 -0.42295
vn 0.50321 0.74014 -0.44606
vn 0.37599 0.87905 -0.29308
vn -0.58901 -0.60428 0.53657
vn -0.48119 -0.77824 0.40349
vn -0.4929 -0.76341 0.41745
vn 0.7718 -0.15068 0.61776
vn 0.74341 -0.11244 0.65932
vn 0.74341 -0.11244 0.65932
vn 0.77763 -0.15901 0.60828
vn -0.69788 0.04847 -0.71457
vn -0.75572 0.11946 -0.64391
vn -0.76211 0.12805 -0.63466
vn 0.63362 0.4635 -0.61943
vn -0.41753 -0.84697 0.32909
vn -0.41753 -0.84697 0.32909
vn 0.81964 -0.22595 0.52644
vn -0.78718 0.16368 -0.5946
vn -0.78718 0.16368 -0.5946
vn 0.3764 0.01232 0.92638
vn 0.3764 0.01232 0.92638
vn 0.3764 0.01232 0.92638
vn -0.01303 0.99984 -0.01212
vn -0.02249 0.99893 -0.04046
vn 0.05494 0.98011 0.19071
vn 0.05494 0.98011 0.19071
vn 0.07628 -0.96977 0.23178
vn -0.00161 -0.99997 -0.008
vn 0.00393 -0.99995 0.00905
vn 0.91866 0.00373 -0.39504
vn 0.94948 0.00221 -0.31381
vn 0.94948 0.00221 -0.31381
vn 0.91094 0.00406 -0.41253
vn -0.98234 -0.00827 0.18691
vn -0.94052 -0.01095 0.33956
vn -0.9337 -0.01126 0.35787
vn -0.13728 0.91212 -0.38625
vn -0.04046 -0.99101 -0.12754
vn -0.04046 -0.99101 -0.12754
vn 0.83592 0.0067 -0.54881
vn -0.90149 -0.01251 0.43261
vn -0.90149 -0.01251 0.43261
vn -0.50884 0.8555 0.09587
vn -0.50884 0.8555 0.09587
vn 0.66854 0.46192 -0.58283
vn 0.6856 0.43552 -0.58332
vn 0.57091 0.58969 -0.57125
vn -0.76101 -0.31005 0.56986
vn -0.66326 -0.47782 0.57599
vn -0.67381 -0.46239 0.57635
vn 0.54848 0.21758 0.80736
vn 0.51368 0.27082 0.81412
vn 0.55559 0.20614 0.8055
vn -0.46266 -0.35246 -0.81346
vn -0.52956 -0.25841 -0.80795
vn -0.53702 -0.24703 -0.80659
vn 0.80763 0.17979 -0.56162
vn -0.60635 -0.55334 0.5711
vn 0.61087 0.1093 0.78415
vn -0.56858 -0.19655 -0.7988
vn -0.56858 -0.19655 -0.7988
vn -0.94132 -0.33258 -0.05745
vn -0.94132 -0.33258 -0.05745
vn -0.94132 -0.33258 -0.05745
vn -0.29033 0.89138 -0.34807
vn -0.24634 0.90719 -0.34107
vn -0.51025 0.77548 -0.37186
vn -0.51025 0.77548 -0.37186
vn 0.03531 -0.95823 0.28382
vn 0.31803 -0.88484 0.34047
vn 0.29178 -0.89542 0.33629
vn -0.15343 0.31349 0.93711
vn -0.21141 0.29105 0.93306
vn -0.21141 0.29105 0.93306
vn -0.13961 0.31863 0.93754
vn 0.30055 -0.25887 -0.91796
vn 0.19449 -0.3029 -0.93297
vn 0.18037 -0.30838 -0.93401
vn 0.15989 0.95575 -0.24694
vn 0.44841 -0.81922 0.3575
vn 0.44841 -0.81922 0.3575
vn -0.03193 0.35594 0.93396
vn 0.12594 -0.3287 -0.936
vt 0.50032 0.04722
vt 0.47089 0.04829
vt 0.47089 0.04829
vt 0.92121 0.46699
vt 0.92121 0.46699
vt 0.92121 0.46699
vt 0.87247 0.47304
vt 0.99599 0.04896
vt 0.00401 0.04898
vt 0.00401 0.04892
vt 0.99599 0.04893
vt 0.80928 0.04905
vt 0.80928 0.04903
vt 0.09993 0.04903
vt 0.09993 0.04907
vt 0.09993 0.04903
vt 0.09993 0.04899
vt 0.80928 0.04901
vt 0.80928 0.04903
vt 0.96961 0.04895
vt 0.96961 0.04893
vt 0.00401 0.04891
vt 0.00401 0.04897
vt 0.00401 0.04896
vt 0.00401 0.04891
vt 0.96961 0.04892
vt 0.96961 0.04895
vt 0.9489 0.04885
vt 0.9489 0.04883
vt 0.1197 0.04881
vt 0.1197 0.04886
vt 0.1197 0.04887
vt 0.1197 0.04882
vt 0.9489 0.04883
vt 0.9489 0.04886
vt 0.9464 0.04906
vt 0.9464 0.04905
vt 0.1197 0.04903
vt 0.1197 0.04905
vt 0.1197 0.0491
vt 0.1197 0.04908
vt 0.9464 0.04907
vt 0.9464 0.04908
vt 0.99074 0.0488
vt 0.99074 0.04883
vt 0.00401 0.04884
vt 0.00401 0.04878
vt 0.00401 0.0488
vt 0.00401 0.04885
vt 0.99074 0.04883
vt 0.99074 0.04881
vt 0.93576 0.04895
vt 0.93576 0.04898
vt 0.00401 0.04899
vt 0.00401 0.04894
vt 0.00401 0.04893
vt 0.00401 0.04898
vt 0.93576 0.04897
vt 0.93576 0.04894
vt 0.90662 0.04869
vt 0.90662 0.04871
vt 0.00401 0.04871
vt 0.00401 0.04867
vt 0.00401 0.04869
vt 0.00401 0.04873
vt 0.90662 0.04871
vt 0.90662 0.04869
vt 0.79891 0.04862
vt 0.79891 0.04864
vt 0.00401 0.04866
vt 0.00401 0.04862
vt 0.00401 0.0486
vt 0.00401 0.04864
vt 0.79891 0.04864
vt 0.79891 0.04862
vt 0.72707 0.0486
vt 0.72707 0.04861
vt 0.09993 0.04863
vt 0.09993 0.04861
vt 0.09993 0.04857
vt 0.09993 0.04859
vt 0.72707 0.04859
vt 0.72707 0.04858
vt 0.82711 0.04869
vt 0.82711 0.04869
vt 0.1197 0.0487
vt 0.1197 0.0487
vt 0.1197 0.04866
vt 0.1197 0.04866
vt 0.82711 0.04867
vt 0.82711 0.04867
vt 0.68628 0.04873
vt 0.68628 0.04871
vt 0.09993 0.04871
vt 0.09993 0.04874
vt 0.09993 0.04871
vt 0.09993 0.04869
vt 0.68628 0.0487
vt 0.68628 0.04871
vt 0.7408 0.04881
vt 0.7408 0.04879
vt 0.09993 0.04878
vt 0.09993 0.04881
vt 0.09993 0.04884
vt 0.09993 0.04881
vt 0.7408 0.04881
vt 0.7408 0.04882
vt 0.79891 0.04877
vt 0.79891 0.04876
vt 0.00401 0.04875
vt 0.00401 0.04876
vt 0.00401 0.0488
vt 0.00401 0.04879
vt 0.79891 0.04878
vt 0.79891 0.04879
vt 0.9398 0.04868
vt 0.9398 0.04867
vt 0.00401 0.04867
vt 0.00401 0.0487
vt 0.00401 0.04866
vt 0.00401 0.04863
vt 0.9398 0.04865
vt 0.9398 0.04866
vt 0.87435 0.04876
vt 0.87435 0.04874
vt 0.1197 0.04873
vt 0.1197 0.04878
vt 0.1197 0.04877
vt 0.1197 0.04872
vt 0.87435 0.04874
vt 0.87435 0.04876
vt 0.85806 0.04873
vt 0.85806 0.04871
vt 0.00401 0.04869
vt 0.00401 0.04873
vt 0.00401 0.04876
vt 0.00401 0.04872
vt 0.85806 0.04872
vt 0.85806 0.04874
vt 0.80493 0.04862
vt 0.80493 0.04861
vt 0.00401 0.0486
vt 0.00401 0.04862
vt 0.00401 0.04865
vt 0.00401 0.04863
vt 0.80493 0.04863
vt 0.80493 0.04864
vt 0.7642 0.0487
vt 0.7642 0.04871
vt 0.20753 0.0487
vt 0.20753 0.04869
vt 0.20753 0.04873
vt 0.20753 0.04874
vt 0.7642 0.04873
vt 0.7642 0.04872
vt 0.76436 0.04852
vt 0.76436 0.04855
vt 0.09993 0.04856
vt 0.09993 0.04852
vt 0.09993 0.0485
vt 0.09993 0.04855
vt 0.76436 0.04854
vt 0.76436 0.04852
vt 0.82813 0.04862
vt 0.82813 0.04864
vt 0.00401 0.04865
vt 0.00401 0.04863
vt 0.00401 0.04859
vt 0.00401 0.04862
vt 0.82813 0.04862
vt 0.82813 0.04861
vt 0.9398 0.04898
vt 0.9398 0.04896
vt 0.00401 0.04894
vt 0.00401 0.04899
vt 0.00401 0.04899
vt 0.00401 0.04894
vt 0.9398 0.04896
vt 0.9398 0.04898
vt 0.78205 0.04902
vt 0.78205 0.049
vt 0.20753 0.04899
vt 0.20753 0.04902
vt 0.20753 0.04905
vt 0.20753 0.04901
vt 0.78205 0.04902
vt 0.78205 0.04903
vt 0.85806 0.04908
vt 0.85806 0.04907
vt 0.00401 0.04906
vt 0.00401 0.04906
vt 0.00401 0.04911
vt 0.00401 0.0491
vt 0.85806 0.04909
vt 0.85806 0.0491
vt 0.70968 0.04901
vt 0.70968 0.04902
vt 0.09993 0.04901
vt 0.09993 0.049
vt 0.09993 0.04904
vt 0.09993 0.04905
vt 0.70968 0.04904
vt 0.70968 0.04903
vt 0.80252 0.0489
vt 0.80252 0.04892
vt 0.00401 0.04892
vt 0.00401 0.04888
vt 0.00401 0.0489
vt 0.00401 0.04894
vt 0.80252 0.04892
vt 0.80252 0.04891
vt 0.87676 0.0489
vt 0.87676 0.0489
vt 0.00401 0.04892
vt 0.00401 0.04891
vt 0.00401 0.04886
vt 0.00401 0.04887
vt 0.87676 0.04888
vt 0.87676 0.04888
vt 0.82813 0.04889
vt 0.82813 0.04888
vt 0.00401 0.04889
vt 0.00401 0.04891
vt 0.00401 0.04886
vt 0.00401 0.04885
vt 0.82813 0.04886
vt 0.82813 0.04887
vt 0.9398 0.04921
vt 0.9398 0.04919
vt 0.00401 0.04917
vt 0.00401 0.04922
vt 0.00401 0.04922
vt 0.00401 0.04917
vt 0.9398 0.04919
vt 0.82813 0.04925
vt 0.82813 0.04923
vt 0.00401 0.04922
vt 0.00401 0.04925
vt 0.00401 0.04928
vt 0.00401 0.04924
vt 0.82813 0.04925
vt 0.82813 0.04926
vt 0.75013 0.0493
vt 0.75013 0.0493
vt 0.09993 0.04929
vt 0.09993 0.04929
vt 0.09993 0.04934
vt 0.09993 0.04933
vt 0.75013 0.04932
vt 0.75013 0.04933
vt 0.85311 0.04924
vt 0.85311 0.04925
vt 0.1197 0.04924
vt 0.1197 0.04923
vt 0.1197 0.04927
vt 0.1197 0.04928
vt 0.85311 0.04927
vt 0.85311 0.04926
vt 0.70784 0.04913
vt 0.70784 0.04915
vt 0.09993 0.04915
vt 0.09993 0.04911
vt 0.09993 0.04913
vt 0.09993 0.04917
vt 0.70784 0.04915
vt 0.70784 0.04914
vt 0.87676 0.04913
vt 0.87676 0.04913
vt 0.00401 0.04915
vt 0.00401 0.04913
vt 0.00401 0.04909
vt 0.00401 0.0491
vt 0.87676 0.04911
vt 0.87676 0.04911
vt 0.82813 0.04912
vt 0.82813 0.04911
vt 0.00401 0.04912
vt 0.00401 0.04914
vt 0.00401 0.04909
vt 0.00401 0.04908
vt 0.82813 0.04909
vt 0.82813 0.0491
vt 0.91175 0.04885
vt 0.91175 0.04885
vt 0.1197 0.04884
vt 0.1197 0.04884
vt 0.1197 0.04888
vt 0.1197 0.04888
vt 0.91175 0.04887
vt 0.91175 0.04887
vt 0.67985 0.04878
vt 0.67985 0.04879
vt 0.09993 0.04879
vt 0.09993 0.04876
vt 0.09993 0.04879
vt 0.09993 0.04882
vt 0.67985 0.04881
vt 0.67985 0.04879
vt 0.79342 0.04885
vt 0.79342 0.04887
vt 0.00401 0.04888
vt 0.00401 0.04884
vt 0.00401 0.04884
vt 0.00401 0.04888
vt 0.79342 0.04887
vt 0.79342 0.04885
vt 0.74431 0.04893
vt 0.74431 0.04895
vt 0.00401 0.04896
vt 0.00401 0.04892
vt 0.00401 0.04891
vt 0.00401 0.04895
vt 0.74431 0.04894
vt 0.74431 0.04893
vt 0.74208 0.04877
vt 0.74208 0.04878
vt 0.00401 0.04879
vt 0.00401 0.04878
vt 0.00401 0.04874
vt 0.00401 0.04876
vt 0.74208 0.04876
vt 0.74208 0.04876
vt 0.7699 0.04897
vt 0.7699 0.04895
vt 0.20753 0.04895
vt 0.20753 0.04899
vt 0.20753 0.04898
vt 0.20753 0.04893
vt 0.7699 0.04895
vt 0.7699 0.04897
vt 0.76575 0.04886
vt 0.76575 0.04884
vt 0.00401 0.04883
vt 0.00401 0.04886
vt 0.00401 0.04888
vt 0.00401 0.04884
vt 0.76575 0.04885
vt 0.76575 0.04886
vt 0.97661 0.04909
vt 0.97661 0.04911
vt 0.1197 0.04911
vt 0.1197 0.04907
vt 0.1197 0.04909
vt 0.1197 0.04914
vt 0.97661 0.04912
vt 0.97661 0.0491
vt 0.82813 0.04902
vt 0.82813 0.04904
vt 0.00401 0.04905
vt 0.00401 0.04901
vt 0.00401 0.049
vt 0.00401 0.04904
vt 0.82813 0.04903
vt 0.82813 0.04901
vt 0.75013 0.04901
vt 0.75013 0.04902
vt 0.09993 0.04904
vt 0.09993 0.04901
vt 0.09993 0.04897
vt 0.09993 0.049
vt 0.75013 0.049
vt 0.75013 0.04899
vt 0.80493 0.0491
vt 0.80493 0.04911
vt 0.00401 0.04912
vt 0.00401 0.04911
vt 0.00401 0.04907
vt 0.00401 0.04908
vt 0.80493 0.04909
vt 0.80493 0.04908
vt 0.70784 0.04912
vt 0.70784 0.04911
vt 0.09993 0.04911
vt 0.09993 0.04913
vt 0.09993 0.0491
vt 0.09993 0.04907
vt 0.70784 0.04909
vt 0.70784 0.0491
vt 0.76436 0.04922
vt 0.76436 0.04921
vt 0.09993 0.04919
vt 0.09993 0.04922
vt 0.09993 0.04926
vt 0.09993 0.04922
vt 0.76436 0.04922
vt 0.76436 0.04924
vt 0.82813 0.04917
vt 0.82813 0.04916
vt 0.00401 0.04915
vt 0.00401 0.04916
vt 0.00401 0.0492
vt 0.00401 0.04919
vt 0.82813 0.04918
vt 0.82813 0.04919
vt 0.79604 0.04862
vt 0.79604 0.0486
vt 0.00401 0.0486
vt 0.00401 0.04864
vt 0.00401 0.04863
vt 0.00401 0.04859
vt 0.79604 0.0486
vt 0.79604 0.04862
vt 0.70153 0.04867
vt 0.70153 0.04865
vt 0.00401 0.04864
vt 0.00401 0.04867
vt 0.00401 0.04869
vt 0.00401 0.04866
vt 0.70153 0.04866
vt 0.70153 0.04868
vt 0.72686 0.0487
vt 0.72686 0.0487
vt 0.00401 0.04869
vt 0.00401 0.0487
vt 0.00401 0.04873
vt 0.00401 0.04872
vt 0.72686 0.04872
vt 0.72686 0.04872
vt 0.68011 0.04864
vt 0.68011 0.04864
vt 0.20753 0.04863
vt 0.20753 0.04863
vt 0.20753 0.04866
vt 0.20753 0.04867
vt 0.68011 0.04866
vt 0.68011 0.04865
vt 0.73857 0.04857
vt 0.73857 0.04858
vt 0.1197 0.04859
vt 0.1197 0.04856
vt 0.1197 0.04858
vt 0.1197 0.04861
vt 0.73857 0.04859
vt 0.73857 0.04858
vt 0.66229 0.04853
vt 0.66229 0.04854
vt 0.09993 0.04856
vt 0.09993 0.04854
vt 0.09993 0.0485
vt 0.09993 0.04852
vt 0.66229 0.04853
vt 0.66229 0.04852
vt 0.70153 0.04855
vt 0.70153 0.04855
vt 0.00401 0.04856
vt 0.00401 0.04856
vt 0.00401 0.04852
vt 0.00401 0.04852
vt 0.70153 0.04853
vt 0.70153 0.04853
vt 0.14911 0.47508
usemtl mat0
f 1/1/1 2/1/2 3/1/3
f 3/1/3 4/1/4 1/1/1
f 5/2/5 6/2/6 7/2/6
f 7/2/6 8/2/5 5/2/5
f 9/1/7 10/1/8 11/1/9
f 11/1/9 12/1/10 9/1/7
f 10/1/11 3/1/12 2/1/12
f 2/1/12 11/1/13 10/1/11
f 13/1/14 14/1/15 15/1/16
f 15/1/16 16/1/15 13/1/14
f 7/2/17 17/2/18 18/2/19
f 18/2/19 8/2/20 7/2/17
f 4/1/21 13/1/21 16/1/22
f 16/1/22 1/1/23 4/1/21
f 12/1/24 15/1/25 14/1/25
f 14/1/25 9/1/26 12/1/24
f 19/3/27 20/2/28 21/2/29
f 21/2/29 22/2/30 19/3/27
f 22/2/31 23/2/32 24/2/33
f 24/2/33 19/3/33 22/2/31
f 25/3/34 24/2/35 23/2/36
f 23/2/36 26/2/37 25/3/34
f 27/2/38 25/3/39 26/2/38
f 26/2/38 28/2/40 27/2/38
f 28/2/41 29/2/42 30/3/43
f 30/3/43 27/2/44 28/2/41
f 20/2/45 30/3/45 29/2/46
f 29/2/46 21/2/47 20/2/45
f 31/1/48 32/1/49 33/1/50
f 33/1/50 34/1/51 31/1/48
f 34/1/52 35/1/53 36/1/54
f 36/1/54 31/1/55 34/1/52
f 37/1/56 36/1/56 35/1/56
f 35/1/56 38/1/57 37/1/56
f 39/1/58 37/1/59 38/1/60
f 38/1/60 40/1/59 39/1/58
f 40/1/61 41/1/62 42/1/63
f 42/1/63 39/1/63 40/1/61
f 32/1/64 42/1/65 41/1/66
f 41/1/66 33/1/67 32/1/64
f 7/2/68 6/2/68 43/2/69
f 43/2/69 44/2/68 7/2/68
f 6/2/70 5/2/70 45/2/71
f 45/2/71 43/2/71 6/2/70
f 45/2/72 5/2/73 8/2/74
f 8/2/74 46/2/75 45/2/72
f 8/2/76 18/2/77 47/2/78
f 47/2/78 46/2/79 8/2/76
f 18/2/80 17/2/81 48/2/82
f 48/2/82 47/2/83 18/2/80
f 44/2/84 48/2/84 17/2/85
f 17/2/85 7/2/86 44/2/84
f 49/3/87 50/2/88 51/2/89
f 51/2/89 52/2/90 49/3/87
f 52/2/91 53/2/92 54/2/93
f 54/2/93 49/3/93 52/2/91
f 55/3/94 54/2/95 53/2/95
f 53/2/95 56/2/96 55/3/94
f 55/3/97 56/2/97 57/2/98
f 57/2/98 58/2/99 55/3/97
f 57/2/100 59/2/100 60/3/101
f 60/3/101 58/2/102 57/2/100
f 50/2/103 60/3/103 59/2/104
f 59/2/104 51/2/105 50/2/103
f 61/1/106 62/1/107 63/1/108
f 63/1/108 64/1/109 61/1/106
f 62/1/110 65/1/111 66/1/112
f 66/1/112 63/1/112 62/1/110
f 67/1/113 66/1/114 65/1/114
f 65/1/114 68/1/115 67/1/113
f 68/1/116 69/1/117 70/1/117
f 70/1/117 67/1/118 68/1/116
f 69/1/119 71/1/120 72/1/120
f 72/1/120 70/1/121 69/1/119
f 64/1/122 72/1/123 71/1/124
f 71/1/124 61/1/125 64/1/122
f 73/3/126 74/2/127 75/2/128
f 75/2/128 76/2/126 73/3/126
f 76/2/129 77/2/130 78/2/131
f 78/2/131 73/3/132 76/2/129
f 79/3/133 78/2/133 77/2/133
f 77/2/133 80/2/134 79/3/133
f 81/2/135 79/3/135 80/2/136
f 80/2/136 82/2/135 81/2/135
f 82/2/137 83/2/138 84/3/138
f 84/3/138 81/2/139 82/2/137
f 74/2/140 84/3/141 83/2/141
f 83/2/141 75/2/142 74/2/140
f 85/4/143 86/4/144 87/4/145
f 87/4/145 88/4/145 85/4/143
f 89/4/146 90/4/147 86/4/148
f 86/4/148 85/4/149 89/4/146
f 91/4/150 92/4/151 93/5/152
f 89/4/153 85/4/154 88/4/155
f 88/4/155 92/4/156 89/4/153
f 91/4/157 93/5/158 90/4/159
f 90/4/147 89/4/146 91/4/160
f 88/4/161 87/4/162 93/5/152
f 93/5/152 92/4/151 88/4/161
f 89/4/153 92/4/156 91/4/163
f 87/4/164 86/4/165 90/4/159
f 90/4/159 93/5/158 87/4/164
f 94/6/166 95/6/167 96/6/168
f 96/6/168 97/6/169 94/6/166
f 98/6/170 99/6/171 95/6/172
f 95/6/172 94/6/173 98/6/170
f 100/6/174 101/6/175 102/6/176
f 98/6/177 94/6/178 97/6/179
f 97/6/179 101/6/180 98/6/177
f 100/6/181 102/6/182 99/6/183
f 99/6/171 98/6/170 100/6/184
f 97/6/185 96/6/186 102/6/176
f 102/6/176 101/6/175 97/6/185
f 98/6/177 101/6/180 100/6/187
f 96/6/188 95/6/189 99/6/183
f 99/6/183 102/6/182 96/6/188
f 103/7/190 104/7/191 105/7/192
f 105/7/192 106/7/193 103/7/190
f 107/7/194 108/7/195 104/7/196
f 104/7/196 103/7/197 107/7/194
f 109/7/198 110/7/199 111/7/200
f 107/7/201 103/7/202 106/7/203
f 106/7/203 110/7/204 107/7/201
f 109/7/205 111/7/206 108/7/207
f 108/7/195 107/7/194 109/7/208
f 106/7/209 105/7/210 111/7/200
f 111/7/200 110/7/199 106/7/209
f 107/7/201 110/7/204 109/7/211
f 105/7/212 104/7/213 108/7/207
f 108/7/207 111/7/206 105/7/212
f 112/6/214 113/6/214 114/6/215
f 114/6/215 115/6/215 112/6/214
f 116/6/216 117/6/217 113/6/218
f 113/6/218 112/6/219 116/6/216
f 118/6/220 119/6/221 120/6/222
f 116/6/223 112/6/224 115/6/225
f 115/6/225 119/6/226 116/6/223
f 118/6/227 120/6/228 117/6/229
f 117/6/217 116/6/216 118/6/230
f 115/6/231 114/6/232 120/6/222
f 120/6/222 119/6/221 115/6/231
f 116/6/223 119/6/226 118/6/233
f 114/6/234 113/6/234 117/6/229
f 117/6/229 120/6/228 114/6/234
f 121/4/235 122/4/235 123/4/236
f 123/4/236 124/4/237 121/4/235
f 125/4/238 126/4/239 122/4/240
f 122/4/240 121/4/241 125/4/238
f 127/4/242 128/4/243 129/5/244
f 125/4/245 121/4/246 124/4/247
f 124/4/247 128/4/248 125/4/245
f 127/4/249 129/5/250 126/4/251
f 126/4/239 125/4/238 127/4/252
f 124/4/253 123/4/254 129/5/244
f 129/5/244 128/4/243 124/4/253
f 125/4/245 128/4/248 127/4/255
f 123/4/256 122/4/257 126/4/251
f 126/4/251 129/5/250 123/4/256
f 130/6/258 131/6/259 132/6/260
f 132/6/260 133/6/260 130/6/258
f 134/6/261 135/6/262 131/6/263
f 131/6/263 130/6/264 134/6/261
f 136/6/265 137/6/266 138/6/267
f 134/6/268 130/6/269 133/6/270
f 133/6/270 137/6/271 134/6/268
f 136/6/272 138/6/273 135/6/274
f 135/6/262 134/6/261 136/6/275
f 133/6/276 132/6/277 138/6/267
f 138/6/267 137/6/266 133/6/276
f 134/6/268 137/6/271 136/6/278
f 132/6/279 131/6/280 135/6/274
f 135/6/274 138/6/273 132/6/279
f 139/7/281 140/7/282 141/7/282
f 141/7/282 142/7/283 139/7/281
f 143/7/284 144/7/285 140/7/286
f 140/7/286 139/7/287 143/7/284
f 145/7/288 146/7/289 147/7/290
f 143/7/291 139/7/292 142/7/293
f 142/7/293 146/7/294 143/7/291
f 145/7/295 147/7/296 144/7/297
f 144/7/285 143/7/284 145/7/298
f 142/7/299 141/7/300 147/7/290
f 147/7/290 146/7/289 142/7/299
f 143/7/291 146/7/294 145/7/301
f 141/7/302 140/7/303 144/7/297
f 144/7/297 147/7/296 141/7/302
f 148/6/304 149/6/305 150/6/304
f 150/6/304 151/6/306 148/6/304
f 152/6/307 153/6/308 149/6/309
f 149/6/309 148/6/310 152/6/307
f 154/6/311 155/6/312 156/6/313
f 152/6/314 148/6/315 151/6/316
f 151/6/316 155/6/317 152/6/314
f 154/6/318 156/6/319 153/6/320
f 153/6/308 152/6/307 154/6/321
f 151/6/322 150/6/322 156/6/313
f 156/6/313 155/6/312 151/6/322
f 152/6/314 155/6/317 154/6/323
f 150/6/324 149/6/324 153/6/320
f 153/6/320 156/6/319 150/6/324
f 157/4/325 158/4/326 159/4/327
f 159/4/327 160/4/325 157/4/325
f 161/4/328 162/4/329 158/4/330
f 158/4/330 157/4/331 161/4/328
f 163/4/332 164/4/333 165/5/334
f 161/4/335 157/4/336 160/4/337
f 160/4/337 164/4/338 161/4/335
f 163/4/339 165/5/340 162/4/341
f 162/4/329 161/4/328 163/4/342
f 160/4/343 159/4/343 165/5/334
f 165/5/334 164/4/333 160/4/343
f 161/4/335 164/4/338 163/4/344
f 159/4/345 158/4/346 162/4/341
f 162/4/341 165/5/340 159/4/345
f 166/6/347 167/6/348 168/6/349
f 168/6/349 169/6/347 166/6/347
f 170/6/350 171/6/351 167/6/352
f 167/6/352 166/6/353 170/6/350
f 172/6/354 173/6/355 174/6/356
f 170/6/357 166/6/358 169/6/359
f 169/6/359 173/6/360 170/6/357
f 172/6/361 174/6/362 171/6/363
f 171/6/351 170/6/350 172/6/364
f 169/6/365 168/6/366 174/6/356
f 174/6/356 173/6/355 169/6/365
f 170/6/357 173/6/360 172/6/367
f 168/6/368 167/6/369 171/6/363
f 171/6/363 174/6/362 168/6/368
f 175/7/370 176/7/371 177/7/372
f 177/7/372 178/7/373 175/7/370
f 179/7/374 180/7/375 176/7/376
f 176/7/376 175/7/377 179/7/374
f 181/7/378 182/7/379 183/7/380
f 179/7/381 175/7/382 178/7/383
f 178/7/383 182/7/384 179/7/381
f 181/7/385 183/7/386 180/7/387
f 180/7/375 179/7/374 181/7/388
f 178/7/389 177/7/390 183/7/380
f 183/7/380 182/7/379 178/7/389
f 179/7/381 182/7/384 181/7/391
f 177/7/392 176/7/393 180/7/387
f 180/7/387 183/7/386 177/7/392
f 184/6/394 185/6/395 186/6/396
f 186/6/396 187/6/394 184/6/394
f 188/6/397 189/6/398 185/6/399
f 185/6/399 184/6/400 188/6/397
f 190/6/401 191/6/402 192/6/403
f 188/6/404 184/6/405 187/6/406
f 187/6/406 191/6/407 188/6/404
f 190/6/408 192/6/409 189/6/410
f 189/6/398 188/6/397 190/6/411
f 187/6/412 186/6/413 192/6/403
f 192/6/403 191/6/402 187/6/412
f 188/6/404 191/6/407 190/6/414
f 186/6/415 185/6/416 189/6/410
f 189/6/410 192/6/409 186/6/415
f 193/4/417 194/4/418 195/4/419
f 195/4/419 196/4/420 193/4/417
f 197/4/421 198/4/422 194/4/423
f 194/4/423 193/4/424 197/4/421
f 199/4/425 200/4/426 201/5/427
f 197/4/428 193/4/429 196/4/430
f 196/4/430 200/4/431 197/4/428
f 199/4/432 201/5/433 198/4/434
f 198/4/422 197/4/421 199/4/435
f 196/4/436 195/4/437 201/5/427
f 201/5/427 200/4/426 196/4/436
f 197/4/428 200/4/431 199/4/438
f 195/4/439 194/4/440 198/4/434
f 198/4/434 201/5/433 195/4/439
f 202/6/441 203/6/442 204/6/443
f 204/6/443 205/6/444 202/6/441
f 206/6/445 207/6/446 203/6/447
f 203/6/447 202/6/448 206/6/445
f 208/6/449 209/6/450 210/6/451
f 206/6/452 202/6/453 205/6/454
f 205/6/454 209/6/455 206/6/452
f 208/6/456 210/6/457 207/6/458
f 207/6/446 206/6/445 208/6/459
f 205/6/460 204/6/461 210/6/451
f 210/6/451 209/6/450 205/6/460
f 206/6/452 209/6/455 208/6/462
f 204/6/463 203/6/464 207/6/458
f 207/6/458 210/6/457 204/6/463
f 211/7/465 212/7/466 213/7/465
f 213/7/465 214/7/465 211/7/465
f 215/7/467 216/7/468 212/7/469
f 212/7/469 211/7/470 215/7/467
f 217/7/471 218/7/472 219/7/473
f 215/7/474 211/7/475 214/7/475
f 214/7/475 218/7/476 215/7/474
f 217/7/477 219/7/478 216/7/479
f 216/7/468 215/7/467 217/7/480
f 214/7/481 213/7/482 219/7/473
f 219/7/473 218/7/472 214/7/481
f 215/7/474 218/7/476 217/7/483
f 213/7/484 212/7/485 216/7/479
f 216/7/479 219/7/478 213/7/484
f 220/6/486 221/6/487 222/6/488
f 222/6/488 223/6/486 220/6/486
f 224/6/489 225/6/490 221/6/491
f 221/6/491 220/6/492 224/6/489
f 226/6/493 227/6/494 228/6/495
f 224/6/496 220/6/497 223/6/498
f 223/6/498 227/6/499 224/6/496
f 226/6/500 228/6/501 225/6/502
f 225/6/490 224/6/489 226/6/503
f 223/6/504 222/6/505 228/6/495
f 228/6/495 227/6/494 223/6/504
f 224/6/496 227/6/499 226/6/506
f 222/6/507 221/6/508 225/6/502
f 225/6/502 228/6/501 222/6/507
f 229/4/509 230/4/509 231/4/509
f 231/4/509 232/4/510 229/4/509
f 233/4/511 234/4/512 230/4/513
f 230/4/513 229/4/513 233/4/511
f 235/4/514 236/4/515 237/5/516
f 233/4/517 229/4/518 232/4/519
f 232/4/519 236/4/520 233/4/517
f 235/4/521 237/5/522 234/4/523
f 234/4/512 233/4/511 235/4/524
f 232/4/525 231/4/526 237/5/516
f 237/5/516 236/4/515 232/4/525
f 233/4/517 236/4/520 235/4/527
f 231/4/528 230/4/529 234/4/523
f 234/4/523 237/5/522 231/4/528
f 238/6/530 239/6/531 240/6/532
f 240/6/532 241/6/533 238/6/530
f 242/6/534 243/6/535 239/6/536
f 239/6/536 238/6/537 242/6/534
f 244/6/538 245/6/539 246/6/540
f 242/6/541 238/6/542 241/6/543
f 241/6/543 245/6/544 242/6/541
f 244/6/545 246/6/546 243/6/547
f 243/6/535 242/6/534 244/6/548
f 241/6/549 240/6/550 246/6/540
f 246/6/540 245/6/539 241/6/549
f 242/6/541 245/6/544 244/6/551
f 240/6/552 239/6/553 243/6/547
f 243/6/547 246/6/546 240/6/552
f 247/7/554 248/7/555 249/7/556
f 249/7/556 250/7/556 247/7/554
f 251/7/557 252/7/558 248/7/559
f 248/7/559 247/7/560 251/7/557
f 253/7/561 254/7/562 255/7/563
f 251/7/564 247/7/565 250/7/565
f 250/7/565 254/7/566 251/7/564
f 253/7/567 255/7/568 252/7/569
f 252/7/558 251/7/557 253/7/570
f 250/7/571 249/7/572 255/7/563
f 255/7/563 254/7/562 250/7/571
f 251/7/564 254/7/566 253/7/573
f 249/7/574 248/7/575 252/7/569
f 252/7/569 255/7/568 249/7/574
f 256/6/576 257/6/577 258/6/577
f 258/6/577 259/6/578 256/6/576
f 260/6/579 261/6/580 257/6/581
f 257/6/581 256/6/582 260/6/579
f 262/6/583 263/6/584 264/6/585
f 260/6/586 256/6/587 259/6/588
f 259/6/588 263/6/589 260/6/586
f 262/6/590 264/6/591 261/6/592
f 261/6/580 260/6/579 262/6/593
f 259/6/594 258/6/594 264/6/585
f 264/6/585 263/6/584 259/6/594
f 260/6/586 263/6/589 262/6/595
f 258/6/596 257/6/597 261/6/592
f 261/6/592 264/6/591 258/6/596
f 265/4/598 266/4/599 267/4/600
f 267/4/600 268/4/598 265/4/598
f 269/4/601 270/4/602 266/4/603
f 266/4/603 265/4/604 269/4/601
f 271/4/605 272/4/606 273/5/607
f 269/4/608 265/4/609 268/4/610
f 268/4/610 272/4/611 269/4/608
f 271/4/612 273/5/613 270/4/614
f 270/4/602 269/4/601 271/4/615
f 268/4/616 267/4/617 273/5/607
f 273/5/607 272/4/606 268/4/616
f 269/4/608 272/4/611 271/4/618
f 267/4/619 266/4/620 270/4/614
f 270/4/614 273/5/613 267/4/619
f 274/6/621 275/6/622 276/6/621
f 276/6/621 277/6/623 274/6/621
f 278/6/624 279/6/625 275/6/626
f 275/6/626 274/6/627 278/6/624
f 280/6/628 281/6/629 282/6/630
f 278/6/631 274/6/632 277/6/633
f 277/6/633 281/6/634 278/6/631
f 280/6/635 282/6/636 279/6/637
f 279/6/625 278/6/624 280/6/638
f 277/6/639 276/6/640 282/6/630
f 282/6/630 281/6/629 277/6/639
f 278/6/631 281/6/634 280/6/641
f 276/6/642 275/6/643 279/6/637
f 279/6/637 282/6/636 276/6/642
f 283/7/644 284/7/645 285/7/646
f 285/7/646 286/7/644 283/7/644
f 287/7/647 288/7/648 284/7/649
f 284/7/649 283/7/650 287/7/647
f 289/7/651 290/7/652 291/7/653
f 287/7/654 283/7/655 286/7/656
f 286/7/656 290/7/657 287/7/654
f 289/7/658 291/7/659 288/7/660
f 288/7/648 287/7/647 289/7/661
f 286/7/662 285/7/663 291/7/653
f 291/7/653 290/7/652 286/7/662
f 287/7/654 290/7/657 289/7/664
f 285/7/665 284/7/666 288/7/660
f 288/7/660 291/7/659 285/7/665
f 292/6/667 293/6/668 294/6/667
f 294/6/667 295/6/669 292/6/667
f 296/6/670 297/6/671 293/6/672
f 293/6/672 292/6/673 296/6/670
f 298/6/674 299/6/675 300/6/676
f 296/6/677 292/6/678 295/6/679
f 295/6/679 299/6/680 296/6/677
f 298/6/681 300/6/682 297/6/683
f 297/6/671 296/6/670 298/6/684
f 295/6/685 294/6/686 300/6/676
f 300/6/676 299/6/675 295/6/685
f 296/6/677 299/6/680 298/6/687
f 294/6/688 293/6/689 297/6/683
f 297/6/683 300/6/682 294/6/688
f 301/8/690 302/8/690 303/9/691
f 303/9/691 304/9/691 301/8/690
f 305/1/692 306/1/692 307/1/692
f 307/1/692 308/1/692 305/1/692
f 309/10/693 310/10/693 311/11/694
f 311/11/694 312/11/694 309/10/693
f 312/11/695 301/8/695 304/9/696
f 304/9/696 309/10/696 312/11/695
f 302/8/697 311/11/697 310/10/698
f 310/10/698 303/9/698 302/8/697
f 313/12/699 314/13/700 315/14/701
f 315/14/701 316/15/699 313/12/699
f 317/1/692 318/1/692 319/1/692
f 319/1/692 320/1/692 317/1/692
f 321/16/702 322/17/703 323/18/704
f 323/18/704 324/19/704 321/16/702
f 324/19/705 313/12/706 316/15/705
f 316/15/705 321/16/705 324/19/705
f 314/13/707 323/18/708 322/17/709
f 322/17/709 315/14/710 314/13/707
f 325/20/711 326/21/712 327/22/713
f 327/22/713 328/23/714 325/20/711
f 329/1/692 330/1/692 331/1/692
f 331/1/692 332/1/692 329/1/692
f 333/24/715 334/25/716 335/26/717
f 335/26/717 336/27/717 333/24/715
f 336/27/718 325/20/719 328/23/720
f 328/23/720 333/24/721 336/27/718
f 326/21/722 335/26/723 334/25/724
f 334/25/724 327/22/725 326/21/722
f 337/28/726 338/29/727 339/30/728
f 339/30/728 340/31/727 337/28/726
f 341/1/729 342/1/730 343/1/730
f 343/1/730 344/1/729 341/1/729
f 345/32/731 346/33/732 347/34/733
f 347/34/733 348/35/731 345/32/731
f 348/35/734 337/28/735 340/31/736
f 340/31/736 345/32/737 348/35/734
f 338/29/738 347/34/739 346/33/739
f 346/33/739 339/30/740 338/29/738
f 349/36/741 350/37/742 351/38/743
f 351/38/743 352/39/744 349/36/741
f 353/1/745 354/1/745 355/1/746
f 355/1/746 356/1/747 353/1/745
f 357/40/748 358/41/748 359/42/748
f 359/42/748 360/43/748 357/40/748
f 360/43/749 349/36/750 352/39/750
f 352/39/750 357/40/751 360/43/749
f 350/37/752 359/42/752 358/41/752
f 358/41/752 351/38/753 350/37/752
f 361/44/754 362/45/754 363/46/755
f 363/46/755 364/47/755 361/44/754
f 365/1/692 366/1/692 367/1/692
f 367/1/692 368/1/692 365/1/692
f 369/48/756 370/49/757 371/50/758
f 371/50/758 372/51/757 369/48/756
f 372/51/759 361/44/760 364/47/761
f 364/47/761 369/48/762 372/51/759
f 362/45/763 371/50/764 370/49/765
f 370/49/765 363/46/766 362/45/763
f 373/52/767 374/53/768 375/54/768
f 375/54/768 376/55/768 373/52/767
f 377/1/692 378/1/692 379/1/692
f 379/1/692 380/1/692 377/1/692
f 381/56/769 382/57/770 383/58/771
f 383/58/771 384/59/769 381/56/769
f 384/59/772 373/52/773 376/55/774
f 376/55/774 381/56/775 384/59/772
f 374/53/776 383/58/776 382/57/776
f 382/57/776 375/54/776 374/53/776
f 385/60/777 386/61/777 387/62/778
f 387/62/778 388/63/779 385/60/777
f 389/1/780 390/1/781 391/1/782
f 391/1/782 392/1/783 389/1/780
f 393/64/784 394/65/785 395/66/784
f 395/66/784 396/67/786 393/64/784
f 396/67/787 385/60/788 388/63/787
f 388/63/787 393/64/787 396/67/787
f 386/61/789 395/66/790 394/65/791
f 394/65/791 387/62/792 386/61/789
f 397/68/793 398/69/794 399/70/794
f 399/70/794 400/71/795 397/68/793
f 401/1/796 402/1/797 403/1/798
f 403/1/798 404/1/796 401/1/796
f 405/72/799 406/73/800 407/74/801
f 407/74/801 408/75/802 405/72/799
f 408/75/803 397/68/804 400/71/805
f 400/71/805 405/72/806 408/75/803
f 398/69/807 407/74/808 406/73/808
f 406/73/808 399/70/808 398/69/807
f 409/76/809 410/77/810 411/78/811
f 411/78/811 412/79/810 409/76/809
f 413/1/692 414/1/692 415/1/692
f 415/1/692 416/1/692 413/1/692
f 417/80/812 418/81/813 419/82/814
f 419/82/814 420/83/815 417/80/812
f 420/83/816 409/76/817 412/79/816
f 412/79/816 417/80/818 420/83/816
f 410/77/819 419/82/820 418/81/821
f 418/81/821 411/78/822 410/77/819
f 421/84/823 422/85/824 423/86/825
f 423/86/825 424/87/825 421/84/823
f 425/1/826 426/1/826 427/1/826
f 427/1/826 428/1/826 425/1/826
f 429/88/827 430/89/828 431/90/828
f 431/90/828 432/91/829 429/88/827
f 432/91/830 421/84/831 424/87/832
f 424/87/832 429/88/831 432/91/830
f 422/85/833 431/90/834 430/89/835
f 430/89/835 423/86/833 422/85/833
f 433/92/836 434/93/836 435/94/837
f 435/94/837 436/95/838 433/92/836
f 437/1/692 438/1/692 439/1/692
f 439/1/692 440/1/692 437/1/692
f 441/96/839 442/97/840 443/98/840
f 443/98/840 444/99/841 441/96/839
f 444/99/842 433/92/842 436/95/842
f 436/95/842 441/96/843 444/99/842
f 434/93/844 443/98/845 442/97/846
f 442/97/846 435/94/846 434/93/844
f 445/100/847 446/101/847 447/102/848
f 447/102/848 448/103/849 445/100/847
f 449/1/850 450/1/851 451/1/850
f 451/1/850 452/1/850 449/1/850
f 453/104/852 454/105/853 455/106/854
f 455/106/854 456/107/855 453/104/852
f 456/107/856 445/100/857 448/103/858
f 448/103/858 453/104/857 456/107/856
f 446/101/859 455/106/860 454/105/860
f 454/105/860 447/102/861 446/101/859
f 457/108/862 458/109/863 459/110/862
f 459/110/862 460/111/864 457/108/862
f 461/1/692 462/1/692 463/1/692
f 463/1/692 464/1/692 461/1/692
f 465/112/865 466/113/865 467/114/866
f 467/114/866 468/115/867 465/112/865
f 468/115/868 457/108/869 460/111/868
f 460/111/868 465/112/870 468/115/868
f 458/109/871 467/114/871 466/113/871
f 466/113/871 459/110/871 458/109/871
f 469/116/872 470/117/872 471/118/873
f 471/118/873 472/119/874 469/116/872
f 473/1/875 474/1/875 475/1/876
f 475/1/876 476/1/877 473/1/875
f 477/120/878 478/121/879 479/122/880
f 479/122/880 480/123/881 477/120/878
f 480/123/882 469/116/883 472/119/884
f 472/119/884 477/120/885 480/123/882
f 470/117/886 479/122/887 478/121/888
f 478/121/888 471/118/889 470/117/886
f 481/124/890 482/125/891 483/126/890
f 483/126/890 484/127/892 481/124/890
f 485/1/692 486/1/692 487/1/692
f 487/1/692 488/1/692 485/1/692
f 489/128/893 490/129/894 491/130/895
f 491/130/895 492/131/896 489/128/893
f 492/131/897 481/124/897 484/127/898
f 484/127/898 489/128/897 492/131/897
f 482/125/899 491/130/900 490/129/901
f 490/129/901 483/126/900 482/125/899
f 493/132/902 494/133/903 495/134/903
f 495/134/903 496/135/904 493/132/902
f 497/1/905 498/1/905 499/1/905
f 499/1/905 500/1/906 497/1/905
f 501/136/907 502/137/907 503/138/908
f 503/138/908 504/139/909 501/136/907
f 504/139/910 493/132/911 496/135/911
f 496/135/911 501/136/911 504/139/910
f 494/133/912 503/138/913 502/137/914
f 502/137/914 495/134/914 494/133/912
f 505/140/915 506/141/916 507/142/917
f 507/142/917 508/143/915 505/140/915
f 509/1/692 510/1/692 511/1/692
f 511/1/692 512/1/692 509/1/692
f 513/144/918 514/145/919 515/146/918
f 515/146/918 516/147/920 513/144/918
f 516/147/921 505/140/921 508/143/922
f 508/143/922 513/144/923 516/147/921
f 506/141/924 515/146/925 514/145/926
f 514/145/926 507/142/927 506/141/924
f 517/148/928 518/149/929 519/150/929
f 519/150/929 520/151/930 517/148/928
f 521/1/692 522/1/692 523/1/692
f 523/1/692 524/1/692 521/1/692
f 525/152/931 526/153/932 527/154/933
f 527/154/933 528/155/934 525/152/931
f 528/155/935 517/148/936 520/151/935
f 520/151/935 525/152/937 528/155/935
f 518/149/938 527/154/939 526/153/938
f 526/153/938 519/150/940 518/149/938
f 529/156/941 530/157/942 531/158/943
f 531/158/943 532/159/944 529/156/941
f 533/1/692 534/1/692 535/1/692
f 535/1/692 536/1/692 533/1/692
f 537/160/945 538/161/946 539/162/947
f 539/162/947 540/163/947 537/160/945
f 540/163/948 529/156/949 532/159/950
f 532/159/950 537/160/949 540/163/948
f 530/157/951 539/162/952 538/161/951
f 538/161/951 531/158/953 530/157/951
f 541/164/954 542/165/955 543/166/956
f 543/166/956 544/167/955 541/164/954
f 545/1/692 546/1/692 547/1/692
f 547/1/692 548/1/692 545/1/692
f 549/168/957 550/169/958 551/170/958
f 551/170/958 552/171/957 549/168/957
f 552/171/959 541/164/960 544/167/961
f 544/167/961 549/168/961 552/171/959
f 542/165/962 551/170/962 550/169/963
f 550/169/963 543/166/964 542/165/962
f 553/172/965 554/173/966 555/174/967
f 555/174/967 556/175/965 553/172/965
f 557/1/692 558/1/692 559/1/692
f 559/1/692 560/1/692 557/1/692
f 561/176/968 562/177/969 563/178/970
f 563/178/970 564/179/971 561/176/968
f 564/179/972 553/172/972 556/175/972
f 556/175/972 561/176/973 564/179/972
f 554/173/974 563/178/975 562/177/976
f 562/177/976 555/174/977 554/173/974
f 565/180/978 566/181/978 567/182/979
f 567/182/979 568/183/979 565/180/978
f 569/1/692 570/1/692 571/1/692
f 571/1/692 572/1/692 569/1/692
f 573/184/980 574/185/981 575/186/981
f 575/186/981 576/187/982 573/184/980
f 576/187/983 565/180/984 568/183/985
f 568/183/985 573/184/984 576/187/983
f 566/181/986 575/186/987 574/185/988
f 574/185/988 567/182/989 566/181/986
f 577/188/990 578/189/991 579/190/992
f 579/190/992 580/191/992 577/188/990
f 581/1/993 582/1/994 583/1/995
f 583/1/995 584/1/996 581/1/993
f 585/192/997 586/193/998 587/194/998
f 587/194/998 588/195/999 585/192/997
f 588/195/1000 577/188/1001 580/191/1000
f 580/191/1000 585/192/1000 588/195/1000
f 578/189/1002 587/194/1003 586/193/1003
f 586/193/1003 579/190/1003 578/189/1002
f 589/196/1004 590/197/1005 591/198/1004
f 591/198/1004 592/199/1004 589/196/1004
f 593/1/692 594/1/692 595/1/692
f 595/1/692 596/1/692 593/1/692
f 597/200/1006 598/201/1006 599/202/1006
f 599/202/1006 600/203/1006 597/200/1006
f 600/203/1007 589/196/1008 592/199/1009
f 592/199/1009 597/200/1010 600/203/1007
f 590/197/1011 599/202/1012 598/201/1013
f 598/201/1013 591/198/1012 590/197/1011
f 601/204/1014 602/205/1014 603/206/1015
f 603/206/1015 604/207/1016 601/204/1014
f 605/1/692 606/1/692 607/1/692
f 607/1/692 608/1/692 605/1/692
f 609/208/1017 610/209/1018 611/210/1018
f 611/210/1018 612/211/1019 609/208/1017
f 612/211/1020 601/204/1021 604/207/1022
f 604/207/1022 609/208/1023 612/211/1020
f 602/205/1024 611/210/1025 610/209/1026
f 610/209/1026 603/206/1026 602/205/1024
f 613/212/1027 614/213/1028 615/214/1029
f 615/214/1029 616/215/1028 613/212/1027
f 617/1/1030 618/1/1030 619/1/1031
f 619/1/1031 620/1/1030 617/1/1030
f 621/216/1032 622/217/1032 623/218/1033
f 623/218/1033 624/219/1034 621/216/1032
f 624/219/1035 613/212/1036 616/215/1035
f 616/215/1035 621/216/1037 624/219/1035
f 614/213/1038 623/218/1039 622/217/1039
f 622/217/1039 615/214/1039 614/213/1038
f 625/220/1040 626/221/1041 627/222/1040
f 627/222/1040 628/223/1040 625/220/1040
f 629/1/1042 630/1/1043 631/1/1044
f 631/1/1044 632/1/1042 629/1/1042
f 633/224/1045 634/225/1046 635/226/1045
f 635/226/1045 636/227/1045 633/224/1045
f 636/227/1047 625/220/1048 628/223/1049
f 628/223/1049 633/224/1047 636/227/1047
f 626/221/1050 635/226/1051 634/225/1051
f 634/225/1051 627/222/1051 626/221/1050
f 637/228/1052 638/229/1053 639/230/1054
f 639/230/1054 640/231/1055 637/228/1052
f 641/1/692 642/1/692 643/1/692
f 643/1/692 644/1/692 641/1/692
f 645/232/1056 646/233/1057 647/234/1056
f 647/234/1056 648/228/1057 645/232/1056
f 648/228/1058 637/228/1059 640/231/1059
f 640/231/1059 645/232/1060 648/228/1058
f 638/229/1061 647/234/1061 646/233/1061
f 646/233/1061 639/230/1062 638/229/1061
f 649/235/1063 650/236/1064 651/237/1065
f 651/237/1065 652/238/1064 649/235/1063
f 653/1/692 654/1/692 655/1/692
f 655/1/692 656/1/692 653/1/692
f 657/239/1066 658/240/1066 659/241/1067
f 659/241/1067 660/242/1068 657/239/1066
f 660/242/1069 649/235/1070 652/238/1071
f 652/238/1071 657/239/1071 660/242/1069
f 650/236/1072 659/241/1073 658/240/1074
f 658/240/1074 651/237/1075 650/236/1072
f 661/243/1076 662/244/1076 663/245/1077
f 663/245/1077 664/246/1078 661/243/1076
f 665/1/1079 666/1/1080 667/1/1080
f 667/1/1080 668/1/1080 665/1/1079
f 669/247/1081 670/248/1082 671/249/1082
f 671/249/1082 672/250/1083 669/247/1081
f 672/250/1084 661/243/1084 664/246/1085
f 664/246/1085 669/247/1086 672/250/1084
f 662/244/1087 671/249/1088 670/248/1087
f 670/248/1087 663/245/1088 662/244/1087
f 673/251/1089 674/252/1089 675/253/1090
f 675/253/1090 676/254/1091 673/251/1089
f 677/1/692 678/1/692 679/1/692
f 679/1/692 680/1/692 677/1/692
f 681/255/1092 682/256/1093 683/257/1094
f 683/257/1094 684/258/1095 681/255/1092
f 684/258/1096 673/251/1097 676/254/1098
f 676/254/1098 681/255/1097 684/258/1096
f 674/252/1012 683/257/1012 682/256/1012
f 682/256/1012 675/253/1012 674/252/1012
f 685/259/1099 686/260/1100 687/261/1100
f 687/261/1100 688/262/1101 685/259/1099
f 689/1/692 690/1/692 691/1/692
f 691/1/692 692/1/692 689/1/692
f 693/263/1102 694/264/1103 695/265/1103
f 695/265/1103 696/266/1104 693/263/1102
f 696/266/1105 685/259/1106 688/262/1107
f 688/262/1107 693/263/1106 696/266/1105
f 686/260/1108 695/265/1109 694/264/1110
f 694/264/1110 687/261/1110 686/260/1108
f 697/267/1027 698/268/1027 699/269/1111
f 699/269/1111 700/270/1029 697/267/1027
f 701/1/1112 702/1/1113 703/1/1113
f 703/1/1113 704/1/1112 701/1/1112
f 705/271/1114 706/272/1115 707/273/1116
f 707/273/1116 708/274/1114 705/271/1114
f 708/274/1117 697/267/1118 700/270/1119
f 700/270/1119 705/271/1119 708/274/1117
f 698/268/1120 707/273/1121 706/272/1120
f 706/272/1120 699/269/1122 698/268/1120
f 709/275/1123 710/276/1124 711/277/1125
f 711/277/1125 712/278/1125 709/275/1123
f 713/1/1126 714/1/1127 715/1/1126
f 715/1/1126 716/1/1128 713/1/1126
f 717/279/1129 718/280/1130 719/281/1131
f 719/281/1131 720/282/1131 717/279/1129
f 720/282/1132 709/275/1133 712/278/1132
f 712/278/1132 717/279/1132 720/282/1132
f 710/276/1134 719/281/1134 718/280/1134
f 718/280/1134 711/277/1135 710/276/1134
f 721/283/1136 722/284/1136 723/285/1137
f 723/285/1137 724/286/1136 721/283/1136
f 725/1/1138 726/1/1139 727/1/1138
f 727/1/1138 728/1/1138 725/1/1138
f 729/287/1140 730/288/1141 731/289/1142
f 731/289/1142 732/290/1143 729/287/1140
f 732/290/1144 721/283/1145 724/286/1146
f 724/286/1146 729/287/1146 732/290/1144
f 722/284/1147 731/289/1148 730/288/1149
f 730/288/1149 723/285/1147 722/284/1147
f 733/291/1150 734/292/1151 735/293/1151
f 735/293/1151 736/294/1152 733/291/1150
f 737/1/692 738/1/692 739/1/692
f 739/1/692 740/1/692 737/1/692
f 741/295/1153 742/296/1154 743/297/1155
f 743/297/1155 744/298/1156 741/295/1153
f 744/298/1157 733/291/1158 736/294/1159
f 736/294/1159 741/295/1159 744/298/1157
f 734/292/1160 743/297/1161 742/296/1162
f 742/296/1162 735/293/1163 734/292/1160
f 745/299/1164 746/300/1165 747/301/1166
f 747/301/1166 748/302/1164 745/299/1164
f 749/1/692 750/1/692 751/1/692
f 751/1/692 752/1/692 749/1/692
f 753/303/1167 754/304/1167 755/305/1167
f 755/305/1167 756/306/1168 753/303/1167
f 756/306/1169 745/299/1169 748/302/1170
f 748/302/1170 753/303/1171 756/306/1169
f 746/300/1172 755/305/1173 754/304/1172
f 754/304/1172 747/301/1172 746/300/1172
f 757/307/1174 758/308/1175 759/309/1175
f 759/309/1175 760/310/1175 757/307/1174
f 761/1/692 762/1/692 763/1/692
f 763/1/692 764/1/692 761/1/692
f 765/311/1176 766/312/1177 767/313/1178
f 767/313/1178 768/314/1177 765/311/1176
f 768/314/1179 757/307/1179 760/310/1180
f 760/310/1180 765/311/1181 768/314/1179
f 758/308/1182 767/313/1183 766/312/1184
f 766/312/1184 759/309/1184 758/308/1182
f 769/315/1185 770/316/1185 771/317/1186
f 771/317/1186 772/318/1187 769/315/1185
f 773/1/1188 774/1/1188 775/1/1188
f 775/1/1188 776/1/1188 773/1/1188
f 777/319/1189 778/320/1190 779/321/1190
f 779/321/1190 780/322/1189 777/319/1189
f 780/322/1191 769/315/1192 772/318/1193
f 772/318/1193 777/319/1193 780/322/1191
f 770/316/1194 779/321/1195 778/320/1195
f 778/320/1195 771/317/1194 770/316/1194
f 781/323/1196 782/324/1197 783/325/1198
f 783/325/1198 784/326/1197 781/323/1196
f 785/1/692 786/1/692 787/1/692
f 787/1/692 788/1/692 785/1/692
f 789/327/1199 790/328/1200 791/329/1199
f 791/329/1199 792/330/1199 789/327/1199
f 792/330/1201 781/323/1202 784/326/1203
f 784/326/1203 789/327/1204 792/330/1201
f 782/324/1205 791/329/1206 790/328/1205
f 790/328/1205 783/325/1207 782/324/1205
f 793/331/1208 794/332/1209 795/333/1210
f 795/333/1210 796/334/1211 793/331/1208
f 797/1/692 798/1/692 799/1/692
f 799/1/692 800/1/692 797/1/692
f 801/335/1212 802/336/1213 803/337/1213
f 803/337/1213 804/338/1214 801/335/1212
f 804/338/1215 793/331/1216 796/334/1216
f 796/334/1216 801/335/1215 804/338/1215
f 794/332/1217 803/337/1218 802/336/1219
f 802/336/1219 795/333/1220 794/332/1217
f 805/339/1221 806/340/1222 807/341/1223
f 807/341/1223 808/342/1224 805/339/1221
f 809/1/692 810/1/692 811/1/692
f 811/1/692 812/1/692 809/1/692
f 813/343/1225 814/344/1226 815/345/1227
f 815/345/1227 816/346/1227 813/343/1225
f 816/346/1228 805/339/1229 808/342/1230
f 808/342/1230 813/343/1228 816/346/1228
f 806/340/1231 815/345/1231 814/344/1232
f 814/344/1232 807/341/1233 806/340/1231
f 817/347/1234 818/348/1235 819/349/1236
f 819/349/1236 820/350/1237 817/347/1234
f 821/1/692 822/1/692 823/1/692
f 823/1/692 824/1/692 821/1/692
f 825/351/1238 826/352/1239 827/353/1239
f 827/353/1239 828/354/1240 825/351/1238
f 828/354/1241 817/347/1241 820/350/1242
f 820/350/1242 825/351/1243 828/354/1241
f 818/348/1244 827/353/1245 826/352/1246
f 826/352/1246 819/349/1247 818/348/1244
f 829/355/1248 830/356/1249 831/357/1250
f 831/357/1250 832/358/1250 829/355/1248
f 833/1/692 834/1/692 835/1/692
f 835/1/692 836/1/692 833/1/692
f 837/359/1251 838/360/1252 839/361/1251
f 839/361/1251 840/362/1252 837/359/1251
f 840/362/1253 829/355/1254 832/358/1255
f 832/358/1255 837/359/1255 840/362/1253
f 830/356/1256 839/361/1256 838/360/1257
f 838/360/1257 831/357/1258 830/356/1256
f 841/363/1259 842/364/1259 843/365/1259
f 843/365/1259 844/366/1260 841/363/1259
f 845/1/1261 846/1/1262 847/1/1261
f 847/1/1261 848/1/1262 845/1/1261
f 849/367/1263 850/368/1264 851/369/1263
f 851/369/1263 852/370/1263 849/367/1263
f 852/370/1265 841/363/1266 844/366/1265
f 844/366/1265 849/367/1267 852/370/1265
f 842/364/1268 851/369/1269 850/368/1268
f 850/368/1268 843/365/1270 842/364/1268
f 853/371/1271 854/372/1272 855/373/1272
f 855/373/1272 856/374/1273 853/371/1271
f 857/1/1274 858/1/1274 859/1/1275
f 859/1/1275 860/1/1274 857/1/1274
f 861/375/1276 862/376/1277 863/377/1278
f 863/377/1278 864/378/1276 861/375/1276
f 864/378/1279 853/371/1280 856/374/1281
f 856/374/1281 861/375/1280 864/378/1279
f 854/372/1282 863/377/1282 862/376/1282
f 862/376/1282 855/373/1282 854/372/1282
f 865/379/1283 866/380/1284 867/381/1285
f 867/381/1285 868/382/1283 865/379/1283
f 869/1/692 870/1/692 871/1/692
f 871/1/692 872/1/692 869/1/692
f 873/383/1286 874/384/1287 875/385/1287
f 875/385/1287 876/386/1287 873/383/1286
f 876/386/1288 865/379/1289 868/382/1289
f 868/382/1289 873/383/1289 876/386/1288
f 866/380/1290 875/385/1291 874/384/1292
f 874/384/1292 867/381/1291 866/380/1290
f 877/387/1293 878/388/1294 879/389/1295
f 879/389/1295 880/390/1296 877/387/1293
f 881/1/1297 882/1/1298 883/1/1298
f 883/1/1298 884/1/1298 881/1/1297
f 885/391/1299 886/392/1299 887/393/1300
f 887/393/1300 888/394/1301 885/391/1299
f 888/394/1302 877/387/1302 880/390/1302
f 880/390/1302 885/391/1303 888/394/1302
f 878/388/1304 887/393/1305 886/392/1306
f 886/392/1306 879/389/1307 878/388/1304
f 889/395/1308 890/396/1309 891/397/1309
f 891/397/1309 892/398/1309 889/395/1308
f 893/1/692 894/1/692 895/1/692
f 895/1/692 896/1/692 893/1/692
f 897/399/1310 898/400/1311 899/401/1310
f 899/401/1310 900/402/1310 897/399/1310
f 900/402/1312 889/395/1313 892/398/1312
f 892/398/1312 897/399/1312 900/402/1312
f 890/396/1314 899/401/1315 898/400/1316
f 898/400/1316 891/397/1317 890/396/1314
f 901/403/1318 902/404/1319 903/405/1320
f 903/405/1320 904/406/1321 901/403/1318
f 905/1/1322 906/1/1322 907/1/1322
f 907/1/1322 908/1/1322 905/1/1322
f 909/407/1323 910/408/1323 911/409/1324
f 911/409/1324 912/410/1323 909/407/1323
f 912/410/1325 901/403/1326 904/406/1326
f 904/406/1326 909/407/1327 912/410/1325
f 902/404/1328 911/409/1329 910/408/1330
f 910/408/1330 903/405/1331 902/404/1328
f 913/411/1332 914/412/1333 915/413/1332
f 915/413/1332 916/414/1333 913/411/1332
f 917/1/1334 918/1/1335 919/1/1335
f 919/1/1335 920/1/1335 917/1/1334
f 921/415/1336 922/416/1336 923/417/1337
f 923/417/1337 924/418/1337 921/415/1336
f 924/418/1338 913/411/1339 916/414/1339
f 916/414/1339 921/415/1339 924/418/1338
f 914/412/1340 923/417/1341 922/416/1340
f 922/416/1340 915/413/1341 914/412/1340
f 925/419/1342 926/420/1343 927/421/1344
f 927/421/1344 928/422/1343 925/419/1342
f 929/1/1345 930/1/1345 931/1/1345
f 931/1/1345 932/1/1345 929/1/1345
f 933/423/1346 934/424/1347 935/425/1348
f 935/425/1348 936/426/1349 933/423/1346
f 936/426/1350 925/419/1351 928/422/1352
f 928/422/1352 933/423/1353 936/426/1350
f 926/420/1354 935/425/1355 934/424/1356
f 934/424/1356 927/421/1357 926/420/1354
f 937/427/1358 938/428/1359 939/429/1359
f 939/429/1359 940/430/1359 937/427/1358
f 941/1/692 942/1/692 943/1/692
f 943/1/692 944/1/692 941/1/692
f 945/431/1360 946/432/1360 947/433/1361
f 947/433/1361 948/434/1362 945/431/1360
f 948/434/1363 937/427/1364 940/430/1365
f 940/430/1365 945/431/1363 948/434/1363
f 938/428/1366 947/433/1367 946/432/1368
f 946/432/1368 939/429/1366 938/428/1366
f 949/435/1369 950/436/1370 951/437/1371
f 951/437/1371 952/438/1369 949/435/1369
f 953/1/692 954/1/692 955/1/692
f 955/1/692 956/1/692 953/1/692
f 957/439/1372 958/440/1373 959/441/1374
f 959/441/1374 960/442/1375 957/439/1372
f 960/442/1376 949/435/1377 952/438/1378
f 952/438/1378 957/439/1376 960/442/1376
f 950/436/1379 959/441/1380 958/440/1381
f 958/440/1381 951/437/1382 950/436/1379
f 961/443/1383 962/444/1384 963/445/1384
f 963/445/1384 964/446/1383 961/443/1383
f 965/1/1385 966/1/1385 967/1/1385
f 967/1/1385 968/1/1385 965/1/1385
f 969/447/1386 970/448/1387 971/449/1388
f 971/449/1388 972/450/1386 969/447/1386
f 972/450/1389 961/443/1390 964/446/1391
f 964/446/1391 969/447/1391 972/450/1389
f 962/444/1392 971/449/1393 970/448/1394
f 970/448/1394 963/445/1393 962/444/1392
f 973/6/1395 974/6/1396 975/6/1397
f 975/6/1397 976/6/1398 973/6/1395
f 977/6/1399 978/6/1400 974/6/1401
f 974/6/1401 973/6/1402 977/6/1399
f 979/6/1403 980/6/1404 981/6/1405
f 977/6/1406 973/6/1407 976/6/1408
f 976/6/1408 980/6/1409 977/6/1406
f 979/6/1410 981/6/1411 978/6/1412
f 978/6/1400 977/6/1399 979/6/1413
f 976/6/1414 975/6/1415 981/6/1405
f 981/6/1405 980/6/1404 976/6/1414
f 977/6/1406 980/6/1409 979/6/1416
f 975/6/1417 974/6/1417 978/6/1412
f 978/6/1412 981/6/1411 975/6/1417
f 982/4/1418 983/4/1419 984/4/1420
f 984/4/1420 985/4/1421 982/4/1418
f 986/4/1422 987/4/1423 983/4/1424
f 983/4/1424 982/4/1424 986/4/1422
f 988/4/1425 989/4/1426 990/5/1427
f 986/4/1428 982/4/1429 985/4/1430
f 985/4/1430 989/4/1431 986/4/1428
f 988/4/1432 990/5/1433 987/4/1434
f 987/4/1423 986/4/1422 988/4/1435
f 985/4/1436 984/4/1437 990/5/1427
f 990/5/1427 989/4/1426 985/4/1436
f 986/4/1428 989/4/1431 988/4/1438
f 984/4/1439 983/4/1440 987/4/1434
f 987/4/1434 990/5/1433 984/4/1439
f 991/6/1441 992/6/1441 993/6/1441
f 993/6/1441 994/6/1442 991/6/1441
f 995/6/1443 996/6/1444 992/6/1445
f 992/6/1445 991/6/1446 995/6/1443
f 997/6/1447 998/6/1448 999/6/1449
f 995/6/1450 991/6/1451 994/6/1452
f 994/6/1452 998/6/1453 995/6/1450
f 997/6/1454 999/6/1455 996/6/1456
f 996/6/1444 995/6/1443 997/6/1457
f 994/6/1458 993/6/1459 999/6/1449
f 999/6/1449 998/6/1448 994/6/1458
f 995/6/1450 998/6/1453 997/6/1460
f 993/6/1461 992/6/1462 996/6/1456
f 996/6/1456 999/6/1455 993/6/1461
f 1000/4/1463 1001/4/1464 1002/4/1465
f 1002/4/1465 1003/4/1466 1000/4/1463
f 1004/4/1467 1005/4/1468 1001/4/1469
f 1001/4/1469 1000/4/1470 1004/4/1467
f 1006/4/1471 1007/4/1472 1008/5/1473
f 1004/4/1474 1000/4/1475 1003/4/1476
f 1003/4/1476 1007/4/1477 1004/4/1474
f 1006/4/1478 1008/5/1479 1005/4/1480
f 1005/4/1468 1004/4/1467 1006/4/1481
f 1003/4/1482 1002/4/1483 1008/5/1473
f 1008/5/1473 1007/4/1472 1003/4/1482
f 1004/4/1474 1007/4/1477 1006/4/1484
f 1002/4/1485 1001/4/1486 1005/4/1480
f 1005/4/1480 1008/5/1479 1002/4/1485
f 1009/6/1487 1010/6/1488 1011/6/1489
f 1011/6/1489 1012/6/1490 1009/6/1487
f 1013/6/1491 1014/6/1492 1010/6/1493
f 1010/6/1493 1009/6/1494 1013/6/1491
f 1015/6/1495 1016/6/1496 1017/6/1497
f 1013/6/1498 1009/6/1499 1012/6/1500
f 1012/6/1500 1016/6/1501 1013/6/1498
f 1015/6/1502 1017/6/1503 1014/6/1504
f 1014/6/1492 1013/6/1491 1015/6/1505
f 1012/6/1506 1011/6/1507 1017/6/1497
f 1017/6/1497 1016/6/1496 1012/6/1506
f 1013/6/1498 1016/6/1501 1015/6/1508
f 1011/6/1509 1010/6/1510 1014/6/1504
f 1014/6/1504 1017/6/1503 1011/6/1509
f 1018/7/1511 1019/7/1512 1020/7/1513
f 1020/7/1513 1021/7/1511 1018/7/1511
f 1022/7/1514 1023/7/1515 1019/7/1516
f 1019/7/1516 1018/7/1517 1022/7/1514
f 1024/7/1518 1025/7/1519 1026/7/1520
f 1022/7/1521 1018/7/1522 1021/7/1523
f 1021/7/1523 1025/7/1524 1022/7/1521
f 1024/7/1525 1026/7/1526 1023/7/1527
f 1023/7/1515 1022/7/1514 1024/7/1528
f 1021/7/1529 1020/7/1530 1026/7/1520
f 1026/7/1520 1025/7/1519 1021/7/1529
f 1022/7/1521 1025/7/1524 1024/7/1531
f 1020/7/1532 1019/7/1533 1023/7/1527
f 1023/7/1527 1026/7/1526 1020/7/1532
f 1027/6/1534 1028/6/1535 1029/6/1536
f 1029/6/1536 1030/6/1537 1027/6/1534
f 1031/6/1538 1032/6/1539 1028/6/1540
f 1028/6/1540 1027/6/1541 1031/6/1538
f 1033/6/1542 1034/6/1543 1035/6/1544
f 1031/6/1545 1027/6/1546 1030/6/1546
f 1030/6/1546 1034/6/1547 1031/6/1545
f 1033/6/1548 1035/6/1549 1032/6/1550
f 1032/6/1539 1031/6/1538 1033/6/1551
f 1030/6/1552 1029/6/1553 1035/6/1544
f 1035/6/1544 1034/6/1543 1030/6/1552
f 1031/6/1545 1034/6/1547 1033/6/1554
f 1029/6/1555 1028/6/1556 1032/6/1550
f 1032/6/1550 1035/6/1549 1029/6/1555
f 1036/4/1557 1037/4/1558 1038/4/1559
f 1038/4/1559 1039/4/1558 1036/4/1557
f 1040/4/1560 1041/4/1561 1037/4/1562
f 1037/4/1562 1036/4/1563 1040/4/1560
f 1042/4/1564 1043/4/1565 1044/5/1566
f 1040/4/1567 1036/4/1568 1039/4/1569
f 1039/4/1569 1043/4/1570 1040/4/1567
f 1042/4/1571 1044/5/1572 1041/4/1573
f 1041/4/1561 1040/4/1560 1042/4/1574
f 1039/4/1575 1038/4/1576 1044/5/1566
f 1044/5/1566 1043/4/1565 1039/4/1575
f 1040/4/1567 1043/4/1570 1042/4/1577
f 1038/4/1578 1037/4/1578 1041/4/1573
f 1041/4/1573 1044/5/1572 1038/4/1578
f 1045/6/1579 1046/6/1580 1047/6/1579
f 1047/6/1579 1048/6/1581 1045/6/1579
f 1049/6/1582 1050/6/1583 1046/6/1584
f 1046/6/1584 1045/6/1585 1049/6/1582
f 1051/6/1586 1052/6/1587 1053/6/1588
f 1049/6/1589 1045/6/1590 1048/6/1591
f 1048/6/1591 1052/6/1592 1049/6/1589
f 1051/6/1593 1053/6/1594 1050/6/1595
f 1050/6/1583 1049/6/1582 1051/6/1596
f 1048/6/1597 1047/6/1598 1053/6/1588
f 1053/6/1588 1052/6/1587 1048/6/1597
f 1049/6/1589 1052/6/1592 1051/6/1599
f 1047/6/1600 1046/6/1601 1050/6/1595
f 1050/6/1595 1053/6/1594 1047/6/1600
f 1054/7/1602 1055/7/1603 1056/7/1602
f 1056/7/1602 1057/7/1604 1054/7/1602
f 1058/7/1605 1059/7/1606 1055/7/1607
f 1055/7/1607 1054/7/1608 1058/7/1605
f 1060/7/1609 1061/7/1610 1062/7/1611
f 1058/7/1612 1054/7/1613 1057/7/1614
f 1057/7/1614 1061/7/1615 1058/7/1612
f 1060/7/1616 1062/7/1617 1059/7/1618
f 1059/7/1606 1058/7/1605 1060/7/1619
f 1057/7/1620 1056/7/1621 1062/7/1611
f 1062/7/1611 1061/7/1610 1057/7/1620
f 1058/7/1612 1061/7/1615 1060/7/1622
f 1056/7/1623 1055/7/1624 1059/7/1618
f 1059/7/1618 1062/7/1617 1056/7/1623
f 1063/6/1625 1064/6/1626 1065/6/1627
f 1065/6/1627 1066/6/1627 1063/6/1625
f 1067/6/1628 1068/6/1629 1064/6/1630
f 1064/6/1630 1063/6/1631 1067/6/1628
f 1069/6/1632 1070/6/1633 1071/6/1634
f 1067/6/1635 1063/6/1636 1066/6/1636
f 1066/6/1636 1070/6/1637 1067/6/1635
f 1069/6/1638 1071/6/1639 1068/6/1640
f 1068/6/1629 1067/6/1628 1069/6/1641
f 1066/6/1642 1065/6/1643 1071/6/1634
f 1071/6/1634 1070/6/1633 1066/6/1642
f 1067/6/1635 1070/6/1637 1069/6/1644
f 1065/6/1645 1064/6/1646 1068/6/1640
f 1068/6/1640 1071/6/1639 1065/6/1645
f 1072/451/1647 1073/451/1648 1074/451/1649
f 1074/451/1649 1075/451/1650 1072/451/1647
f 1076/451/1651 1077/451/1652 1073/451/1653
f 1073/451/1653 1072/451/1654 1076/451/1651
f 1078/451/1655 1079/451/1656 1080/451/1657
f 1076/451/1658 1072/451/1659 1075/451/1660
f 1075/451/1660 1079/451/1661 1076/451/1658
f 1078/451/1662 1080/451/1663 1077/451/1664
f 1077/451/1652 1076/451/1651 1078/451/1665
f 1075/451/1666 1074/451/1667 1080/451/1657
f 1080/451/1657 1079/451/1656 1075/451/1666
f 1076/451/1658 1079/451/1661 1078/451/1668
f 1074/451/1669 1073/451/1670 1077/451/1664
f 1077/451/1664 1080/451/1663 1074/451/1669
f 1081/451/1671 1082/451/1671 1083/451/1672
f 1083/451/1672 1084/451/1671 1081/451/1671
f 1085/451/1673 1086/451/1674 1082/451/1675
f 1082/451/1675 1081/451/1676 1085/451/1673
f 1087/451/1677 1088/451/1678 1089/451/1679
f 1085/451/1680 1081/451/1681 1084/451/1682
f 1084/451/1682 1088/451/1683 1085/451/1680
f 1087/451/1684 1089/451/1685 1086/451/1686
f 1086/451/1674 1085/451/1673 1087/451/1687
f 1084/451/1688 1083/451/1689 1089/451/1679
f 1089/451/1679 1088/451/1678 1084/451/1688
f 1085/451/1680 1088/451/1683 1087/451/1690
f 1083/451/1691 1082/451/1692 1086/451/1686
f 1086/451/1686 1089/451/1685 1083/451/1691
f 1090/6/1693 1091/6/1694 1092/6/1695
f 1092/6/1695 1093/6/1696 1090/6/1693
f 1094/6/1697 1095/6/1698 1091/6/1699
f 1091/6/1699 1090/6/1699 1094/6/1697
f 1096/6/1700 1097/6/1701 1098/6/1702
f 1094/6/1703 1090/6/1704 1093/6/1705
f 1093/6/1705 1097/6/1706 1094/6/1703
f 1096/6/1707 1098/6/1708 1095/6/1709
f 1095/6/1698 1094/6/1697 1096/6/1710
f 1093/6/1711 1092/6/1712 1098/6/1702
f 1098/6/1702 1097/6/1701 1093/6/1711
f 1094/6/1703 1097/6/1706 1096/6/1713
f 1092/6/1714 1091/6/1715 1095/6/1709
f 1095/6/1709 1098/6/1708 1092/6/1714
f 1099/6/1716 1100/6/1717 1101/6/1718
f 1101/6/1718 1102/6/1718 1099/6/1716
f 1103/6/1719 1104/6/1720 1100/6/1721
f 1100/6/1721 1099/6/1722 1103/6/1719
f 1105/6/1723 1106/6/1724 1107/6/1725
f 1103/6/1726 1099/6/1727 1102/6/1728
f 1102/6/1728 1106/6/1729 1103/6/1726
f 1105/6/1730 1107/6/1731 1104/6/1732
f 1104/6/1720 1103/6/1719 1105/6/1733
f 1102/6/1734 1101/6/1735 1107/6/1725
f 1107/6/1725 1106/6/1724 1102/6/1734
f 1103/6/1726 1106/6/1729 1105/6/1736
f 1101/6/1737 1100/6/1738 1104/6/1732
f 1104/6/1732 1107/6/1731 1101/6/1737
f 1108/4/1739 1109/4/1740 1110/4/1741
f 1110/4/1741 1111/4/1741 1108/4/1739
f 1112/4/1742 1113/4/1743 1109/4/1744
f 1109/4/1744 1108/4/1745 1112/4/1742
f 1114/4/1746 1115/4/1747 1116/5/1748
f 1112/4/1749 1108/4/1750 1111/4/1751
f 1111/4/1751 1115/4/1752 1112/4/1749
f 1114/4/1753 1116/5/1754 1113/4/1755
f 1113/4/1743 1112/4/1742 1114/4/1756
f 1111/4/1757 1110/4/1758 1116/5/1748
f 1116/5/1748 1115/4/1747 1111/4/1757
f 1112/4/1749 1115/4/1752 1114/4/1759
f 1110/4/1760 1109/4/1761 1113/4/1755
f 1113/4/1755 1116/5/1754 1110/4/1760
f 1117/6/1762 1118/6/1762 1119/6/1763
f 1119/6/1763 1120/6/1764 1117/6/1762
f 1121/6/1765 1122/6/1766 1118/6/1767
f 1118/6/1767 1117/6/1768 1121/6/1765
f 1123/6/1769 1124/6/1770 1125/6/1771
f 1121/6/1772 1117/6/1773 1120/6/1774
f 1120/6/1774 1124/6/1775 1121/6/1772
f 1123/6/1776 1125/6/1777 1122/6/1778
f 1122/6/1766 1121/6/1765 1123/6/1779
f 1120/6/1780 1119/6/1780 1125/6/1771
f 1125/6/1771 1124/6/1770 1120/6/1780
f 1121/6/1772 1124/6/1775 1123/6/1781
f 1119/6/1782 1118/6/1783 1122/6/1778
f 1122/6/1778 1125/6/1777 1119/6/1782
f 1126/4/1784 1127/4/1784 1128/4/1785
f 1128/4/1785 1129/4/1784 1126/4/1784
f 1130/4/1786 1131/4/1787 1127/4/1788
f 1127/4/1788 1126/4/1789 1130/4/1786
f 1132/4/1790 1133/4/1791 1134/5/1792
f 1130/4/1793 1126/4/1794 1129/4/1794
f 1129/4/1794 1133/4/1795 1130/4/1793
f 1132/4/1796 1134/5/1797 1131/4/1798
f 1131/4/1787 1130/4/1786 1132/4/1799
f 1129/4/1800 1128/4/1801 1134/5/1792
f 1134/5/1792 1133/4/1791 1129/4/1800
f 1130/4/1793 1133/4/1795 1132/4/1802
f 1128/4/1803 1127/4/1804 1131/4/1798
f 1131/4/1798 1134/5/1797 1128/4/1803
f 1135/6/1805 1136/6/1806 1137/6/1807
f 1137/6/1807 1138/6/1808 1135/6/1805
f 1139/6/1809 1140/6/1810 1136/6/1811
f 1136/6/1811 1135/6/1812 1139/6/1809
f 1141/6/1813 1142/6/1814 1143/6/1815
f 1139/6/1816 1135/6/1817 1138/6/1818
f 1138/6/1818 1142/6/1819 1139/6/1816
f 1141/6/1820 1143/6/1821 1140/6/1822
f 1140/6/1810 1139/6/1809 1141/6/1823
f 1138/6/1824 1137/6/1824 1143/6/1815
f 1143/6/1815 1142/6/1814 1138/6/1824
f 1139/6/1816 1142/6/1819 1141/6/1825
f 1137/6/1826 1136/6/1827 1140/6/1822
f 1140/6/1822 1143/6/1821 1137/6/1826
f 1144/7/1828 1145/7/1829 1146/7/1829
f 1146/7/1829 1147/7/1830 1144/7/1828
f 1148/7/1831 1149/7/1832 1145/7/1833
f 1145/7/1833 1144/7/1834 1148/7/1831
f 1150/7/1835 1151/7/1836 1152/7/1837
f 1148/7/1838 1144/7/1839 1147/7/1840
f 1147/7/1840 1151/7/1841 1148/7/1838
f 1150/7/1842 1152/7/1843 1149/7/1844
f 1149/7/1832 1148/7/1831 1150/7/1845
f 1147/7/1846 1146/7/1847 1152/7/1837
f 1152/7/1837 1151/7/1836 1147/7/1846
f 1148/7/1838 1151/7/1841 1150/7/1848
f 1146/7/1849 1145/7/1850 1149/7/1844
f 1149/7/1844 1152/7/1843 1146/7/1849
f 1153/6/1851 1154/6/1851 1155/6/1852
f 1155/6/1852 1156/6/1853 1153/6/1851
f 1157/6/1854 1158/6/1855 1154/6/1856
f 1154/6/1856 1153/6/1857 1157/6/1854
f 1159/6/1858 1160/6/1859 1161/6/1860
f 1157/6/1861 1153/6/1862 1156/6/1863
f 1156/6/1863 1160/6/1864 1157/6/1861
f 1159/6/1865 1161/6/1866 1158/6/1867
f 1158/6/1855 1157/6/1854 1159/6/1868
f 1156/6/1869 1155/6/1870 1161/6/1860
f 1161/6/1860 1160/6/1859 1156/6/1869
f 1157/6/1861 1160/6/1864 1159/6/1871
f 1155/6/1872 1154/6/1873 1158/6/1867
f 1158/6/1867 1161/6/1866 1155/6/1872
f 1162/4/1874 1163/4/1875 1164/4/1876
f 1164/4/1876 1165/4/1876 1162/4/1874
f 1166/4/1877 1167/4/1878 1163/4/1879
f 1163/4/1879 1162/4/1880 1166/4/1877
f 1168/4/1881 1169/4/1882 1170/5/1883
f 1166/4/1884 1162/4/1885 1165/4/1886
f 1165/4/1886 1169/4/1887 1166/4/1884
f 1168/4/1888 1170/5/1889 1167/4/1890
f 1167/4/1878 1166/4/1877 1168/4/1891
f 1165/4/1892 1164/4/1892 1170/5/1883
f 1170/5/1883 1169/4/1882 1165/4/1892
f 1166/4/1884 1169/4/1887 1168/4/1893
f 1164/4/1894 1163/4/1895 1167/4/1890
f 1167/4/1890 1170/5/1889 1164/4/1894
f 1171/6/1896 1172/6/1897 1173/6/1898
f 1173/6/1898 1174/6/1899 1171/6/1896
f 1175/6/1900 1176/6/1901 1172/6/1902
f 1172/6/1902 1171/6/1902 1175/6/1900
f 1177/6/1903 1178/6/1904 1179/6/1905
f 1175/6/1906 1171/6/1907 1174/6/1908
f 1174/6/1908 1178/6/1909 1175/6/1906
f 1177/6/1910 1179/6/1911 1176/6/1912
f 1176/6/1901 1175/6/1900 1177/6/1913
f 1174/6/1914 1173/6/1915 1179/6/1905
f 1179/6/1905 1178/6/1904 1174/6/1914
f 1175/6/1906 1178/6/1909 1177/6/1916
f 1173/6/1917 1172/6/1918 1176/6/1912
f 1176/6/1912 1179/6/1911 1173/6/1917
f 1180/7/1919 1181/7/1920 1182/7/1921
f 1182/7/1921 1183/7/1922 1180/7/1919
f 1184/7/1923 1185/7/1924 1181/7/1925
f 1181/7/1925 1180/7/1926 1184/7/1923
f 1186/7/1927 1187/7/1928 1188/7/1929
f 1184/7/1930 1180/7/1931 1183/7/1932
f 1183/7/1932 1187/7/1933 1184/7/1930
f 1186/7/1934 1188/7/1935 1185/7/1936
f 1185/7/1924 1184/7/1923 1186/7/1937
f 1183/7/1938 1182/7/1939 1188/7/1929
f 1188/7/1929 1187/7/1928 1183/7/1938
f 1184/7/1930 1187/7/1933 1186/7/1940
f 1182/7/1941 1181/7/1942 1185/7/1936
f 1185/7/1936 1188/7/1935 1182/7/1941
f 1189/6/1943 1190/6/1944 1191/6/1945
f 1191/6/1945 1192/6/1943 1189/6/1943
f 1193/6/1946 1194/6/1947 1190/6/1948
f 1190/6/1948 1189/6/1949 1193/6/1946
f 1195/6/1950 1196/6/1951 1197/6/1952
f 1193/6/1953 1189/6/1954 1192/6/1955
f 1192/6/1955 1196/6/1956 1193/6/1953
f 1195/6/1957 1197/6/1958 1194/6/1959
f 1194/6/1947 1193/6/1946 1195/6/1960
f 1192/6/1961 1191/6/1962 1197/6/1952
f 1197/6/1952 1196/6/1951 1192/6/1961
f 1193/6/1953 1196/6/1956 1195/6/1963
f 1191/6/1964 1190/6/1965 1194/6/1959
f 1194/6/1959 1197/6/1958 1191/6/1964
f 1198/451/1966 1199/451/1967 1200/451/1968
f 1200/451/1968 1201/451/1968 1198/451/1966
f 1202/451/1969 1203/451/1970 1199/451/1971
f 1199/451/1971 1198/451/1972 1202/451/1969
f 1204/451/1973 1205/451/1974 1206/451/1975
f 1202/451/1976 1198/451/1977 1201/451/1978
f 1201/451/1978 1205/451/1979 1202/451/1976
f 1204/451/1980 1206/451/1981 1203/451/1982
f 1203/451/1970 1202/451/1969 1204/451/1983
f 1201/451/1984 1200/451/1985 1206/451/1975
f 1206/451/1975 1205/451/1974 1201/451/1984
f 1202/451/1976 1205/451/1979 1204/451/1986
f 1200/451/1987 1199/451/1988 1203/451/1982
f 1203/451/1982 1206/451/1981 1200/451/1987
f 1207/451/1989 1208/451/1990 1209/451/1991
f 1209/451/1991 1210/451/1991 1207/451/1989
f 1211/451/1992 1212/451/1993 1208/451/1994
f 1208/451/1994 1207/451/1995 1211/451/1992
f 1213/451/1996 1214/451/1997 1215/451/1998
f 1211/451/1999 1207/451/2000 1210/451/2001
f 1210/451/2001 1214/451/2002 1211/451/1999
f 1213/451/2003 1215/451/2004 1212/451/2005
f 1212/451/1993 1211/451/1992 1213/451/2006
f 1210/451/2007 1209/451/2008 1215/451/1998
f 1215/451/1998 1214/451/1997 1210/451/2007
f 1211/451/1999 1214/451/2002 1213/451/2009
f 1209/451/2010 1208/451/2011 1212/451/2005
f 1212/451/2005 1215/451/2004 1209/451/2010
f 1216/6/2012 1217/6/2012 1218/6/2012
f 1218/6/2012 1219/6/2013 1216/6/2012
f 1220/6/2014 1221/6/2015 1217/6/2016
f 1217/6/2016 1216/6/2016 1220/6/2014
f 1222/6/2017 1223/6/2018 1224/6/2019
f 1220/6/2020 1216/6/2021 1219/6/2022
f 1219/6/2022 1223/6/2023 1220/6/2020
f 1222/6/2024 1224/6/2025 1221/6/2026
f 1221/6/2015 1220/6/2014 1222/6/2027
f 1219/6/2028 1218/6/2029 1224/6/2019
f 1224/6/2019 1223/6/2018 1219/6/2028
f 1220/6/2020 1223/6/2023 1222/6/2030
f 1218/6/2031 1217/6/2032 1221/6/2026
f 1221/6/2026 1224/6/2025 1218/6/2031
f 1225/6/2033 1226/6/2034 1227/6/2035
f 1227/6/2035 1228/6/2033 1225/6/2033
f 1229/6/2036 1230/6/2037 1226/6/2038
f 1226/6/2038 1225/6/2039 1229/6/2036
f 1231/6/2040 1232/6/2041 1233/6/2042
f 1229/6/2043 1225/6/2044 1228/6/2045
f 1228/6/2045 1232/6/2046 1229/6/2043
f 1231/6/2047 1233/6/2048 1230/6/2049
f 1230/6/2037 1229/6/2036 1231/6/2050
f 1228/6/2051 1227/6/2052 1233/6/2042
f 1233/6/2042 1232/6/2041 1228/6/2051
f 1229/6/2043 1232/6/2046 1231/6/2053
f 1227/6/2054 1226/6/2055 1230/6/2049
f 1230/6/2049 1233/6/2048 1227/6/2054
f 1234/4/2056 1235/4/2057 1236/4/2058
f 1236/4/2058 1237/4/2059 1234/4/2056
f 1238/4/2060 1239/4/2061 1235/4/2062
f 1235/4/2062 1234/4/2063 1238/4/2060
f 1240/4/2064 1241/4/2065 1242/5/2066
f 1238/4/2067 1234/4/2068 1237/4/2069
f 1237/4/2069 1241/4/2070 1238/4/2067
f 1240/4/2071 1242/5/2072 1239/4/2073
f 1239/4/2061 1238/4/2060 1240/4/2074
f 1237/4/2075 1236/4/2075 1242/5/2066
f 1242/5/2066 1241/4/2065 1237/4/2075
f 1238/4/2067 1241/4/2070 1240/4/2076
f 1236/4/2077 1235/4/2078 1239/4/2073
f 1239/4/2073 1242/5/2072 1236/4/2077
f 1243/6/2079 1244/6/2080 1245/6/2079
f 1245/6/2079 1246/6/2081 1243/6/2079
f 1247/6/2082 1248/6/2083 1244/6/2084
f 1244/6/2084 1243/6/2085 1247/6/2082
f 1249/6/2086 1250/6/2087 1251/6/2088
f 1247/6/2089 1243/6/2090 1246/6/2091
f 1246/6/2091 1250/6/2092 1247/6/2089
f 1249/6/2093 1251/6/2094 1248/6/2095
f 1248/6/2083 1247/6/2082 1249/6/2096
f 1246/6/2097 1245/6/2097 1251/6/2088
f 1251/6/2088 1250/6/2087 1246/6/2097
f 1247/6/2089 1250/6/2092 1249/6/2098
f 1245/6/2099 1244/6/2099 1248/6/2095
f 1248/6/2095 1251/6/2094 1245/6/2099
f 1252/4/2100 1253/4/2100 1254/4/2101
f 1254/4/2101 1255/4/2102 1252/4/2100
f 1256/4/2103 1257/4/2104 1253/4/2105
f 1253/4/2105 1252/4/2106 1256/4/2103
f 1258/4/2107 1259/4/2108 1260/5/2109
f 1256/4/2110 1252/4/2111 1255/4/2112
f 1255/4/2112 1259/4/2113 1256/4/2110
f 1258/4/2114 1260/5/2115 1257/4/2116
f 1257/4/2104 1256/4/2103 1258/4/2117
f 1255/4/2118 1254/4/2119 1260/5/2109
f 1260/5/2109 1259/4/2108 1255/4/2118
f 1256/4/2110 1259/4/2113 1258/4/2120
f 1254/4/2121 1253/4/2121 1257/4/2116
f 1257/4/2116 1260/5/2115 1254/4/2121
f 1261/6/2122 1262/6/2123 1263/6/2124
f 1263/6/2124 1264/6/2125 1261/6/2122
f 1265/6/2126 1266/6/2127 1262/6/2128
f 1262/6/2128 1261/6/2129 1265/6/2126
f 1267/6/2130 1268/6/2131 1269/6/2132
f 1265/6/2133 1261/6/2134 1264/6/2135
f 1264/6/2135 1268/6/2136 1265/6/2133
f 1267/6/2137 1269/6/2138 1266/6/2139
f 1266/6/2127 1265/6/2126 1267/6/2140
f 1264/6/2141 1263/6/2141 1269/6/2132
f 1269/6/2132 1268/6/2131 1264/6/2141
f 1265/6/2133 1268/6/2136 1267/6/2142
f 1263/6/2143 1262/6/2144 1266/6/2139
f 1266/6/2139 1269/6/2138 1263/6/2143
f 1270/7/2145 1271/7/2146 1272/7/2147
f 1272/7/2147 1273/7/2148 1270/7/2145
f 1274/7/2149 1275/7/2150 1271/7/2151
f 1271/7/2151 1270/7/2152 1274/7/2149
f 1276/7/2153 1277/7/2154 1278/7/2155
f 1274/7/2156 1270/7/2157 1273/7/2158
f 1273/7/2158 1277/7/2159 1274/7/2156
f 1276/7/2160 1278/7/2161 1275/7/2162
f 1275/7/2150 1274/7/2149 1276/7/2163
f 1273/7/2164 1272/7/2165 1278/7/2155
f 1278/7/2155 1277/7/2154 1273/7/2164
f 1274/7/2156 1277/7/2159 1276/7/2166
f 1272/7/2167 1271/7/2168 1275/7/2162
f 1275/7/2162 1278/7/2161 1272/7/2167
f 1279/6/2169 1280/6/2170 1281/6/2170
f 1281/6/2170 1282/6/2171 1279/6/2169
f 1283/6/2172 1284/6/2173 1280/6/2174
f 1280/6/2174 1279/6/2175 1283/6/2172
f 1285/6/2176 1286/6/2177 1287/6/2178
f 1283/6/2179 1279/6/2180 1282/6/2181
f 1282/6/2181 1286/6/2182 1283/6/2179
f 1285/6/2183 1287/6/2184 1284/6/2185
f 1284/6/2173 1283/6/2172 1285/6/2186
f 1282/6/2187 1281/6/2188 1287/6/2178
f 1287/6/2178 1286/6/2177 1282/6/2187
f 1283/6/2179 1286/6/2182 1285/6/2189
f 1281/6/2190 1280/6/2190 1284/6/2185
f 1284/6/2185 1287/6/2184 1281/6/2190
f 1288/4/2191 1289/4/2192 1290/4/2193
f 1290/4/2193 1291/4/2194 1288/4/2191
f 1292/4/2195 1293/4/2196 1289/4/2197
f 1289/4/2197 1288/4/2198 1292/4/2195
f 1294/4/2199 1295/4/2200 1296/5/2201
f 1292/4/2202 1288/4/2203 1291/4/2204
f 1291/4/2204 1295/4/2205 1292/4/2202
f 1294/4/2206 1296/5/2207 1293/4/2208
f 1293/4/2196 1292/4/2195 1294/4/2209
f 1291/4/2210 1290/4/2211 1296/5/2201
f 1296/5/2201 1295/4/2200 1291/4/2210
f 1292/4/2202 1295/4/2205 1294/4/2212
f 1290/4/2213 1289/4/2214 1293/4/2208
f 1293/4/2208 1296/5/2207 1290/4/2213
f 1297/6/2215 1298/6/2216 1299/6/2217
f 1299/6/2217 1300/6/2218 1297/6/2215
f 1301/6/2219 1302/6/2220 1298/6/2221
f 1298/6/2221 1297/6/2222 1301/6/2219
f 1303/6/2223 1304/6/2224 1305/6/2225
f 1301/6/2226 1297/6/2227 1300/6/2228
f 1300/6/2228 1304/6/2229 1301/6/2226
f 1303/6/2230 1305/6/2231 1302/6/2232
f 1302/6/2220 1301/6/2219 1303/6/2233
f 1300/6/2234 1299/6/2235 1305/6/2225
f 1305/6/2225 1304/6/2224 1300/6/2234
f 1301/6/2226 1304/6/2229 1303/6/2236
f 1299/6/2237 1298/6/2238 1302/6/2232
f 1302/6/2232 1305/6/2231 1299/6/2237
f 1306/7/2239 1307/7/2240 1308/7/2240
f 1308/7/2240 1309/7/2241 1306/7/2239
f 1310/7/2242 1311/7/2243 1307/7/2244
f 1307/7/2244 1306/7/2245 1310/7/2242
f 1312/7/2246 1313/7/2247 1314/7/2248
f 1310/7/2249 1306/7/2250 1309/7/2251
f 1309/7/2251 1313/7/2252 1310/7/2249
f 1312/7/2253 1314/7/2254 1311/7/2255
f 1311/7/2243 1310/7/2242 1312/7/2256
f 1309/7/2257 1308/7/2258 1314/7/2248
f 1314/7/2248 1313/7/2247 1309/7/2257
f 1310/7/2249 1313/7/2252 1312/7/2259
f 1308/7/2260 1307/7/2261 1311/7/2255
f 1311/7/2255 1314/7/2254 1308/7/2260
f 1315/6/2262 1316/6/2263 1317/6/2263
f 1317/6/2263 1318/6/2264 1315/6/2262
f 1319/6/2265 1320/6/2266 1316/6/2267
f 1316/6/2267 1315/6/2268 1319/6/2265
f 1321/6/2269 1322/6/2270 1323/6/2271
f 1319/6/2272 1315/6/2273 1318/6/2274
f 1318/6/2274 1322/6/2275 1319/6/2272
f 1321/6/2276 1323/6/2277 1320/6/2278
f 1320/6/2266 1319/6/2265 1321/6/2279
f 1318/6/2280 1317/6/2281 1323/6/2271
f 1323/6/2271 1322/6/2270 1318/6/2280
f 1319/6/2272 1322/6/2275 1321/6/2282
f 1317/6/2283 1316/6/2284 1320/6/2278
f 1320/6/2278 1323/6/2277 1317/6/2283
f 1324/451/2285 1325/451/2286 1326/451/2285
f 1326/451/2285 1327/451/2287 1324/451/2285
f 1328/451/2288 1329/451/2289 1325/451/2290
f 1325/451/2290 1324/451/2291 1328/451/2288
f 1330/451/2292 1331/451/2293 1332/451/2294
f 1328/451/2295 1324/451/2296 1327/451/2297
f 1327/451/2297 1331/451/2298 1328/451/2295
f 1330/451/2299 1332/451/2300 1329/451/2301
f 1329/451/2289 1328/451/2288 1330/451/2302
f 1327/451/2303 1326/451/2304 1332/451/2294
f 1332/451/2294 1331/451/2293 1327/451/2303
f 1328/451/2295 1331/451/2298 1330/451/2305
f 1326/451/2306 1325/451/2307 1329/451/2301
f 1329/451/2301 1332/451/2300 1326/451/2306
f 1333/451/2308 1334/451/2309 1335/451/2308
f 1335/451/2308 1336/451/2308 1333/451/2308
f 1337/451/2310 1338/451/2311 1334/451/2312
f 1334/451/2312 1333/451/2313 1337/451/2310
f 1339/451/2314 1340/451/2315 1341/451/2316
f 1337/451/2317 1333/451/2318 1336/451/2318
f 1336/451/2318 1340/451/2319 1337/451/2317
f 1339/451/2320 1341/451/2321 1338/451/2322
f 1338/451/2311 1337/451/2310 1339/451/2323
f 1336/451/2324 1335/451/2325 1341/451/2316
f 1341/451/2316 1340/451/2315 1336/451/2324
f 1337/451/2317 1340/451/2319 1339/451/2326
f 1335/451/2327 1334/451/2328 1338/451/2322
f 1338/451/2322 1341/451/2321 1335/451/2327
f 1342/6/2329 1343/6/2330 1344/6/2331
f 1344/6/2331 1345/6/2332 1342/6/2329
f 1346/6/2333 1347/6/2334 1343/6/2335
f 1343/6/2335 1342/6/2336 1346/6/2333
f 1348/6/2337 1349/6/2338 1350/6/2339
f 1346/6/2340 1342/6/2341 1345/6/2342
f 1345/6/2342 1349/6/2343 1346/6/2340
f 1348/6/2344 1350/6/2345 1347/6/2346
f 1347/6/2334 1346/6/2333 1348/6/2347
f 1345/6/2348 1344/6/2349 1350/6/2339
f 1350/6/2339 1349/6/2338 1345/6/2348
f 1346/6/2340 1349/6/2343 1348/6/2350
f 1344/6/2351 1343/6/2352 1347/6/2346
f 1347/6/2346 1350/6/2345 1344/6/2351
f 1351/6/2353 1352/6/2354 1353/6/2354
f 1353/6/2354 1354/6/2355 1351/6/2353
f 1355/6/2356 1356/6/2357 1352/6/2358
f 1352/6/2358 1351/6/2359 1355/6/2356
f 1357/6/2360 1358/6/2361 1359/6/2362
f 1355/6/2363 1351/6/2364 1354/6/2365
f 1354/6/2365 1358/6/2366 1355/6/2363
f 1357/6/2367 1359/6/2368 1356/6/2369
f 1356/6/2357 1355/6/2356 1357/6/2370
f 1354/6/2371 1353/6/2372 1359/6/2362
f 1359/6/2362 1358/6/2361 1354/6/2371
f 1355/6/2363 1358/6/2366 1357/6/2373
f 1353/6/2374 1352/6/2375 1356/6/2369
f 1356/6/2369 1359/6/2368 1353/6/2374
f 1360/4/2376 1361/4/2377 1362/4/2376
f 1362/4/2376 1363/4/2376 1360/4/2376
f 1364/4/2378 1365/4/2379 1361/4/2380
f 1361/4/2380 1360/4/2381 1364/4/2378
f 1366/4/2382 1367/4/2383 1368/5/2384
f 1364/4/2385 1360/4/2386 1363/4/2387
f 1363/4/2387 1367/4/2388 1364/4/2385
f 1366/4/2389 1368/5/2390 1365/4/2391
f 1365/4/2379 1364/4/2378 1366/4/2392
f 1363/4/2393 1362/4/2394 1368/5/2384
f 1368/5/2384 1367/4/2383 1363/4/2393
f 1364/4/2385 1367/4/2388 1366/4/2395
f 1362/4/2396 1361/4/2397 1365/4/2391
f 1365/4/2391 1368/5/2390 1362/4/2396
f 1369/6/2398 1370/6/2399 1371/6/2400
f 1371/6/2400 1372/6/2400 1369/6/2398
f 1373/6/2401 1374/6/2402 1370/6/2403
f 1370/6/2403 1369/6/2404 1373/6/2401
f 1375/6/2405 1376/6/2406 1377/6/2407
f 1373/6/2408 1369/6/2409 1372/6/2410
f 1372/6/2410 1376/6/2411 1373/6/2408
f 1375/6/2412 1377/6/2413 1374/6/2414
f 1374/6/2402 1373/6/2401 1375/6/2415
f 1372/6/2416 1371/6/2416 1377/6/2407
f 1377/6/2407 1376/6/2406 1372/6/2416
f 1373/6/2408 1376/6/2411 1375/6/2417
f 1371/6/2418 1370/6/2419 1374/6/2414
f 1374/6/2414 1377/6/2413 1371/6/2418
f 1378/4/2420 1379/4/2420 1380/4/2421
f 1380/4/2421 1381/4/2422 1378/4/2420
f 1382/4/2423 1383/4/2424 1379/4/2425
f 1379/4/2425 1378/4/2426 1382/4/2423
f 1384/4/2427 1385/4/2428 1386/5/2429
f 1382/4/2430 1378/4/2431 1381/4/2431
f 1381/4/2431 1385/4/2432 1382/4/2430
f 1384/4/2433 1386/5/2434 1383/4/2435
f 1383/4/2424 1382/4/2423 1384/4/2436
f 1381/4/2437 1380/4/2438 1386/5/2429
f 1386/5/2429 1385/4/2428 1381/4/2437
f 1382/4/2430 1385/4/2432 1384/4/2439
f 1380/4/2440 1379/4/2441 1383/4/2435
f 1383/4/2435 1386/5/2434 1380/4/2440
f 1387/6/2442 1388/6/2442 1389/6/2442
f 1389/6/2442 1390/6/2443 1387/6/2442
f 1391/6/2444 1392/6/2445 1388/6/2446
f 1388/6/2446 1387/6/2447 1391/6/2444
f 1393/6/2448 1394/6/2449 1395/6/2450
f 1391/6/2451 1387/6/2452 1390/6/2453
f 1390/6/2453 1394/6/2454 1391/6/2451
f 1393/6/2455 1395/6/2456 1392/6/2457
f 1392/6/2445 1391/6/2444 1393/6/2458
f 1390/6/2459 1389/6/2460 1395/6/2450
f 1395/6/2450 1394/6/2449 1390/6/2459
f 1391/6/2451 1394/6/2454 1393/6/2461
f 1389/6/2462 1388/6/2463 1392/6/2457
f 1392/6/2457 1395/6/2456 1389/6/2462
f 1396/7/2464 1397/7/2465 1398/7/2466
f 1398/7/2466 1399/7/2464 1396/7/2464
f 1400/7/2467 1401/7/2468 1397/7/2469
f 1397/7/2469 1396/7/2470 1400/7/2467
f 1402/7/2471 1403/7/2472 1404/7/2473
f 1400/7/2474 1396/7/2475 1399/7/2476
f 1399/7/2476 1403/7/2477 1400/7/2474
f 1402/7/2478 1404/7/2479 1401/7/2480
f 1401/7/2468 1400/7/2467 1402/7/2481
f 1399/7/2482 1398/7/2483 1404/7/2473
f 1404/7/2473 1403/7/2472 1399/7/2482
f 1400/7/2474 1403/7/2477 1402/7/2484
f 1398/7/2485 1397/7/2486 1401/7/2480
f 1401/7/2480 1404/7/2479 1398/7/2485
f 1405/6/2487 1406/6/2487 1407/6/2488
f 1407/6/2488 1408/6/2489 1405/6/2487
f 1409/6/2490 1410/6/2491 1406/6/2492
f 1406/6/2492 1405/6/2493 1409/6/2490
f 1411/6/2494 1412/6/2495 1413/6/2496
f 1409/6/2497 1405/6/2498 1408/6/2499
f 1408/6/2499 1412/6/2500 1409/6/2497
f 1411/6/2501 1413/6/2502 1410/6/2503
f 1410/6/2491 1409/6/2490 1411/6/2504
f 1408/6/2505 1407/6/2506 1413/6/2496
f 1413/6/2496 1412/6/2495 1408/6/2505
f 1409/6/2497 1412/6/2500 1411/6/2507
f 1407/6/2508 1406/6/2509 1410/6/2503
f 1410/6/2503 1413/6/2502 1407/6/2508
f 1414/4/2510 1415/4/2511 1416/4/2512
f 1416/4/2512 1417/4/2511 1414/4/2510
f 1418/4/2513 1419/4/2514 1415/4/2515
f 1415/4/2515 1414/4/2516 1418/4/2513
f 1420/4/2517 1421/4/2518 1422/5/2519
f 1418/4/2520 1414/4/2521 1417/4/2522
f 1417/4/2522 1421/4/2523 1418/4/2520
f 1420/4/2524 1422/5/2525 1419/4/2526
f 1419/4/2514 1418/4/2513 1420/4/2527
f 1417/4/2528 1416/4/2529 1422/5/2519
f 1422/5/2519 1421/4/2518 1417/4/2528
f 1418/4/2520 1421/4/2523 1420/4/2530
f 1416/4/2531 1415/4/2532 1419/4/2526
f 1419/4/2526 1422/5/2525 1416/4/2531
f 1423/6/2533 1424/6/2534 1425/6/2533
f 1425/6/2533 1426/6/2535 1423/6/2533
f 1427/6/2536 1428/6/2537 1424/6/2538
f 1424/6/2538 1423/6/2539 1427/6/2536
f 1429/6/2540 1430/6/2541 1431/6/2542
f 1427/6/2543 1423/6/2544 1426/6/2545
f 1426/6/2545 1430/6/2546 1427/6/2543
f 1429/6/2547 1431/6/2548 1428/6/2549
f 1428/6/2537 1427/6/2536 1429/6/2550
f 1426/6/2551 1425/6/2552 1431/6/2542
f 1431/6/2542 1430/6/2541 1426/6/2551
f 1427/6/2543 1430/6/2546 1429/6/2553
f 1425/6/2554 1424/6/2555 1428/6/2549
f 1428/6/2549 1431/6/2548 1425/6/2554
f 1432/7/2556 1433/7/2556 1434/7/2557
f 1434/7/2557 1435/7/2558 1432/7/2556
f 1436/7/2559 1437/7/2560 1433/7/2561
f 1433/7/2561 1432/7/2562 1436/7/2559
f 1438/7/2563 1439/7/2564 1440/7/2565
f 1436/7/2566 1432/7/2567 1435/7/2568
f 1435/7/2568 1439/7/2569 1436/7/2566
f 1438/7/2570 1440/7/2571 1437/7/2572
f 1437/7/2560 1436/7/2559 1438/7/2573
f 1435/7/2574 1434/7/2575 1440/7/2565
f 1440/7/2565 1439/7/2564 1435/7/2574
f 1436/7/2566 1439/7/2569 1438/7/2576
f 1434/7/2577 1433/7/2578 1437/7/2572
f 1437/7/2572 1440/7/2571 1434/7/2577
f 1441/6/2579 1442/6/2579 1443/6/2580
f 1443/6/2580 1444/6/2581 1441/6/2579
f 1445/6/2582 1446/6/2583 1442/6/2584
f 1442/6/2584 1441/6/2584 1445/6/2582
f 1447/6/2585 1448/6/2586 1449/6/2587
f 1445/6/2588 1441/6/2589 1444/6/2590
f 1444/6/2590 1448/6/2591 1445/6/2588
f 1447/6/2592 1449/6/2593 1446/6/2594
f 1446/6/2583 1445/6/2582 1447/6/2595
f 1444/6/2596 1443/6/2597 1449/6/2587
f 1449/6/2587 1448/6/2586 1444/6/2596
f 1445/6/2588 1448/6/2591 1447/6/2598
f 1443/6/2599 1442/6/2600 1446/6/2594
f 1446/6/2594 1449/6/2593 1443/6/2599
f 1450/451/2601 1451/451/2602 1452/451/2602
f 1452/451/2602 1453/451/2603 1450/451/2601
f 1454/451/2604 1455/451/2605 1451/451/2606
f 1451/451/2606 1450/451/2607 1454/451/2604
f 1456/451/2608 1457/451/2609 1458/451/2610
f 1454/451/2611 1450/451/2612 1453/451/2613
f 1453/451/2613 1457/451/2614 1454/451/2611
f 1456/451/2615 1458/451/2616 1455/451/2617
f 1455/451/2605 1454/451/2604 1456/451/2618
f 1453/451/2619 1452/451/2620 1458/451/2610
f 1458/451/2610 1457/451/2609 1453/451/2619
f 1454/451/2611 1457/451/2614 1456/451/2621
f 1452/451/2622 1451/451/2623 1455/451/2617
f 1455/451/2617 1458/451/2616 1452/451/2622
f 1459/451/2624 1460/451/2625 1461/451/2626
f 1461/451/2626 1462/451/2627 1459/451/2624
f 1463/451/2628 1464/451/2629 1460/451/2630
f 1460/451/2630 1459/451/2631 1463/451/2628
f 1465/451/2632 1466/451/2633 1467/451/2634
f 1463/451/2635 1459/451/2636 1462/451/2637
f 1462/451/2637 1466/451/2638 1463/451/2635
f 1465/451/2639 1467/451/2640 1464/451/2641
f 1464/451/2629 1463/451/2628 1465/451/2642
f 1462/451/2643 1461/451/2644 1467/451/2634
f 1467/451/2634 1466/451/2633 1462/451/2643
f 1463/451/2635 1466/451/2638 1465/451/2645
f 1461/451/2646 1460/451/2647 1464/451/2641
f 1464/451/2641 1467/451/2640 1461/451/2646
f 1468/6/2648 1469/6/2649 1470/6/2650
f 1470/6/2650 1471/6/2651 1468/6/2648
f 1472/6/2652 1473/6/2653 1469/6/2654
f 1469/6/2654 1468/6/2655 1472/6/2652
f 1474/6/2656 1475/6/2657 1476/6/2658
f 1472/6/2659 1468/6/2660 1471/6/2661
f 1471/6/2661 1475/6/2662 1472/6/2659
f 1474/6/2663 1476/6/2664 1473/6/2665
f 1473/6/2653 1472/6/2652 1474/6/2666
f 1471/6/2667 1470/6/2668 1476/6/2658
f 1476/6/2658 1475/6/2657 1471/6/2667
f 1472/6/2659 1475/6/2662 1474/6/2669
f 1470/6/2670 1469/6/2671 1473/6/2665
f 1473/6/2665 1476/6/2664 1470/6/2670
f 1477/6/2672 1478/6/2673 1479/6/2673
f 1479/6/2673 1480/6/2673 1477/6/2672
f 1481/6/2674 1482/6/2675 1478/6/2676
f 1478/6/2676 1477/6/2676 1481/6/2674
f 1483/6/2677 1484/6/2678 1485/6/2679
f 1481/6/2680 1477/6/2681 1480/6/2682
f 1480/6/2682 1484/6/2683 1481/6/2680
f 1483/6/2684 1485/6/2685 1482/6/2686
f 1482/6/2675 1481/6/2674 1483/6/2687
f 1480/6/2688 1479/6/2689 1485/6/2679
f 1485/6/2679 1484/6/2678 1480/6/2688
f 1481/6/2680 1484/6/2683 1483/6/2690
f 1479/6/2691 1478/6/2692 1482/6/2686
f 1482/6/2686 1485/6/2685 1479/6/2691
f 1486/4/2693 1487/4/2694 1488/4/2693
f 1488/4/2693 1489/4/2693 1486/4/2693
f 1490/4/2695 1491/4/2696 1487/4/2697
f 1487/4/2697 1486/4/2698 1490/4/2695
f 1492/4/2699 1493/4/2700 1494/5/2701
f 1490/4/2702 1486/4/2703 1489/4/2704
f 1489/4/2704 1493/4/2705 1490/4/2702
f 1492/4/2706 1494/5/2707 1491/4/2708
f 1491/4/2696 1490/4/2695 1492/4/2709
f 1489/4/2710 1488/4/2710 1494/5/2701
f 1494/5/2701 1493/4/2700 1489/4/2710
f 1490/4/2702 1493/4/2705 1492/4/2711
f 1488/4/2712 1487/4/2713 1491/4/2708
f 1491/4/2708 1494/5/2707 1488/4/2712
f 1495/6/2714 1496/6/2715 1497/6/2716
f 1497/6/2716 1498/6/2716 1495/6/2714
f 1499/6/2717 1500/6/2718 1496/6/2719
f 1496/6/2719 1495/6/2720 1499/6/2717
f 1501/6/2721 1502/6/2722 1503/6/2723
f 1499/6/2724 1495/6/2725 1498/6/2726
f 1498/6/2726 1502/6/2727 1499/6/2724
f 1501/6/2728 1503/6/2729 1500/6/2730
f 1500/6/2718 1499/6/2717 1501/6/2731
f 1498/6/2732 1497/6/2733 1503/6/2723
f 1503/6/2723 1502/6/2722 1498/6/2732
f 1499/6/2724 1502/6/2727 1501/6/2734
f 1497/6/2735 1496/6/2736 1500/6/2730
f 1500/6/2730 1503/6/2729 1497/6/2735
f 1504/4/2737 1505/4/2737 1506/4/2737
f 1506/4/2737 1507/4/2737 1504/4/2737
f 1508/4/2738 1509/4/2739 1505/4/2740
f 1505/4/2740 1504/4/2741 1508/4/2738
f 1510/4/2742 1511/4/2743 1512/5/2744
f 1508/4/2745 1504/4/2746 1507/4/2747
f 1507/4/2747 1511/4/2748 1508/4/2745
f 1510/4/2749 1512/5/2750 1509/4/2751
f 1509/4/2739 1508/4/2738 1510/4/2752
f 1507/4/2753 1506/4/2754 1512/5/2744
f 1512/5/2744 1511/4/2743 1507/4/2753
f 1508/4/2745 1511/4/2748 1510/4/2755
f 1506/4/2756 1505/4/2757 1509/4/2751
f 1509/4/2751 1512/5/2750 1506/4/2756
f 1513/6/2758 1514/6/2759 1515/6/2760
f 1515/6/2760 1516/6/2761 1513/6/2758
f 1517/6/2762 1518/6/2763 1514/6/2764
f 1514/6/2764 1513/6/2765 1517/6/2762
f 1519/6/2766 1520/6/2767 1521/6/2768
f 1517/6/2769 1513/6/2770 1516/6/2771
f 1516/6/2771 1520/6/2772 1517/6/2769
f 1519/6/2773 1521/6/2774 1518/6/2775
f 1518/6/2763 1517/6/2762 1519/6/2776
f 1516/6/2777 1515/6/2778 1521/6/2768
f 1521/6/2768 1520/6/2767 1516/6/2777
f 1517/6/2769 1520/6/2772 1519/6/2779
f 1515/6/2780 1514/6/2781 1518/6/2775
f 1518/6/2775 1521/6/2774 1515/6/2780
f 1522/7/2782 1523/7/2783 1524/7/2782
f 1524/7/2782 1525/7/2784 1522/7/2782
f 1526/7/2785 1527/7/2786 1523/7/2787
f 1523/7/2787 1522/7/2787 1526/7/2785
f 1528/7/2788 1529/7/2789 1530/7/2790
f 1526/7/2791 1522/7/2792 1525/7/2793
f 1525/7/2793 1529/7/2794 1526/7/2791
f 1528/7/2795 1530/7/2796 1527/7/2797
f 1527/7/2786 1526/7/2785 1528/7/2798
f 1525/7/2799 1524/7/2799 1530/7/2790
f 1530/7/2790 1529/7/2789 1525/7/2799
f 1526/7/2791 1529/7/2794 1528/7/2800
f 1524/7/2801 1523/7/2802 1527/7/2797
f 1527/7/2797 1530/7/2796 1524/7/2801
f 1531/6/2803 1532/6/2804 1533/6/2804
f 1533/6/2804 1534/6/2803 1531/6/2803
f 1535/6/2805 1536/6/2806 1532/6/2807
f 1532/6/2807 1531/6/2808 1535/6/2805
f 1537/6/2809 1538/6/2810 1539/6/2811
f 1535/6/2812 1531/6/2813 1534/6/2814
f 1534/6/2814 1538/6/2815 1535/6/2812
f 1537/6/2816 1539/6/2817 1536/6/2818
f 1536/6/2806 1535/6/2805 1537/6/2819
f 1534/6/2820 1533/6/2821 1539/6/2811
f 1539/6/2811 1538/6/2810 1534/6/2820
f 1535/6/2812 1538/6/2815 1537/6/2822
f 1533/6/2823 1532/6/2824 1536/6/2818
f 1536/6/2818 1539/6/2817 1533/6/2823
f 1540/4/2825 1541/4/2826 1542/4/2825
f 1542/4/2825 1543/4/2826 1540/4/2825
f 1544/4/2827 1545/4/2828 1541/4/2829
f 1541/4/2829 1540/4/2830 1544/4/2827
f 1546/4/2831 1547/4/2832 1548/5/2833
f 1544/4/2834 1540/4/2835 1543/4/2836
f 1543/4/2836 1547/4/2837 1544/4/2834
f 1546/4/2838 1548/5/2839 1545/4/2840
f 1545/4/2828 1544/4/2827 1546/4/2841
f 1543/4/2842 1542/4/2842 1548/5/2833
f 1548/5/2833 1547/4/2832 1543/4/2842
f 1544/4/2834 1547/4/2837 1546/4/2843
f 1542/4/2844 1541/4/2845 1545/4/2840
f 1545/4/2840 1548/5/2839 1542/4/2844
f 1549/6/2846 1550/6/2847 1551/6/2848
f 1551/6/2848 1552/6/2848 1549/6/2846
f 1553/6/2849 1554/6/2850 1550/6/2851
f 1550/6/2851 1549/6/2852 1553/6/2849
f 1555/6/2853 1556/6/2854 1557/6/2855
f 1553/6/2856 1549/6/2857 1552/6/2858
f 1552/6/2858 1556/6/2859 1553/6/2856
f 1555/6/2860 1557/6/2861 1554/6/2862
f 1554/6/2850 1553/6/2849 1555/6/2863
f 1552/6/2864 1551/6/2864 1557/6/2855
f 1557/6/2855 1556/6/2854 1552/6/2864
f 1553/6/2856 1556/6/2859 1555/6/2865
f 1551/6/2866 1550/6/2867 1554/6/2862
f 1554/6/2862 1557/6/2861 1551/6/2866
f 1558/7/2868 1559/7/2869 1560/7/2869
f 1560/7/2869 1561/7/2869 1558/7/2868
f 1562/7/2870 1563/7/2871 1559/7/2872
f 1559/7/2872 1558/7/2872 1562/7/2870
f 1564/7/2873 1565/7/2874 1566/7/2875
f 1562/7/2876 1558/7/2877 1561/7/2878
f 1561/7/2878 1565/7/2879 1562/7/2876
f 1564/7/2880 1566/7/2881 1563/7/2882
f 1563/7/2871 1562/7/2870 1564/7/2883
f 1561/7/2884 1560/7/2885 1566/7/2875
f 1566/7/2875 1565/7/2874 1561/7/2884
f 1562/7/2876 1565/7/2879 1564/7/2886
f 1560/7/2887 1559/7/2888 1563/7/2882
f 1563/7/2882 1566/7/2881 1560/7/2887
f 1567/6/2889 1568/6/2890 1569/6/2890
f 1569/6/2890 1570/6/2889 1567/6/2889
f 1571/6/2891 1572/6/2892 1568/6/2893
f 1568/6/2893 1567/6/2894 1571/6/2891
f 1573/6/2895 1574/6/2896 1575/6/2897
f 1571/6/2898 1567/6/2899 1570/6/2900
f 1570/6/2900 1574/6/2901 1571/6/2898
f 1573/6/2902 1575/6/2903 1572/6/2904
f 1572/6/2892 1571/6/2891 1573/6/2905
f 1570/6/2906 1569/6/2907 1575/6/2897
f 1575/6/2897 1574/6/2896 1570/6/2906
f 1571/6/2898 1574/6/2901 1573/6/2908
f 1569/6/2909 1568/6/2910 1572/6/2904
f 1572/6/2904 1575/6/2903 1569/6/2909
f 1576/451/2911 1577/451/2912 1578/451/2912
f 1578/451/2912 1579/451/2912 1576/451/2911
f 1580/451/2913 1581/451/2914 1577/451/2915
f 1577/451/2915 1576/451/2916 1580/451/2913
f 1582/451/2917 1583/451/2918 1584/451/2919
f 1580/451/2920 1576/451/2921 1579/451/2922
f 1579/451/2922 1583/451/2923 1580/451/2920
f 1582/451/2924 1584/451/2925 1581/451/2926
f 1581/451/2914 1580/451/2913 1582/451/2927
f 1579/451/2928 1578/451/2929 1584/451/2919
f 1584/451/2919 1583/451/2918 1579/451/2928
f 1580/451/2920 1583/451/2923 1582/451/2930
f 1578/451/2931 1577/451/2932 1581/451/2926
f 1581/451/2926 1584/451/2925 1578/451/2931
f 1585/451/2933 1586/451/2934 1587/451/2935
f 1587/451/2935 1588/451/2934 1585/451/2933
f 1589/451/2936 1590/451/2937 1586/451/2938
f 1586/451/2938 1585/451/2939 1589/451/2936
f 1591/451/2940 1592/451/2941 1593/451/2942
f 1589/451/2943 1585/451/2944 1588/451/2945
f 1588/451/2945 1592/451/2946 1589/451/2943
f 1591/451/2947 1593/451/2948 1590/451/2949
f 1590/451/2937 1589/451/2936 1591/451/2950
f 1588/451/2951 1587/451/2952 1593/451/2942
f 1593/451/2942 1592/451/2941 1588/451/2951
f 1589/451/2943 1592/451/2946 1591/451/2953
f 1587/451/2954 1586/451/2955 1590/451/2949
f 1590/451/2949 1593/451/2948 1587/451/2954
f 1594/6/2956 1595/6/2957 1596/6/2958
f 1596/6/2958 1597/6/2959 1594/6/2956
f 1598/6/2960 1599/6/2961 1595/6/2962
f 1595/6/2962 1594/6/2963 1598/6/2960
f 1600/6/2964 1601/6/2965 1602/6/2966
f 1598/6/2967 1594/6/2968 1597/6/2969
f 1597/6/2969 1601/6/2970 1598/6/2967
f 1600/6/2971 1602/6/2972 1599/6/2973
f 1599/6/2961 1598/6/2960 1600/6/2974
f 1597/6/2975 1596/6/2976 1602/6/2966
f 1602/6/2966 1601/6/2965 1597/6/2975
f 1598/6/2967 1601/6/2970 1600/6/2977
f 1596/6/2978 1595/6/2979 1599/6/2973
f 1599/6/2973 1602/6/2972 1596/6/2978
f 1603/6/2980 1604/6/2981 1605/6/2982
f 1605/6/2982 1606/6/2980 1603/6/2980
f 1607/6/2983 1608/6/2984 1604/6/2985
f 1604/6/2985 1603/6/2986 1607/6/2983
f 1609/6/2987 1610/6/2988 1611/6/2989
f 1607/6/2990 1603/6/2991 1606/6/2992
f 1606/6/2992 1610/6/2993 1607/6/2990
f 1609/6/2994 1611/6/2995 1608/6/2996
f 1608/6/2984 1607/6/2983 1609/6/2997
f 1606/6/2998 1605/6/2999 1611/6/2989
f 1611/6/2989 1610/6/2988 1606/6/2998
f 1607/6/2990 1610/6/2993 1609/6/3000
f 1605/6/3001 1604/6/3002 1608/6/2996
f 1608/6/2996 1611/6/2995 1605/6/3001
f 1612/4/3003 1613/4/3004 1614/4/3005
f 1614/4/3005 1615/4/3006 1612/4/3003
f 1616/4/3007 1617/4/3008 1613/4/3009
f 1613/4/3009 1612/4/3010 1616/4/3007
f 1618/4/3011 1619/4/3012 1620/5/3013
f 1616/4/3014 1612/4/3015 1615/4/3016
f 1615/4/3016 1619/4/3017 1616/4/3014
f 1618/4/3018 1620/5/3019 1617/4/3020
f 1617/4/3008 1616/4/3007 1618/4/3021
f 1615/4/3022 1614/4/3023 1620/5/3013
f 1620/5/3013 1619/4/3012 1615/4/3022
f 1616/4/3014 1619/4/3017 1618/4/3024
f 1614/4/3025 1613/4/3025 1617/4/3020
f 1617/4/3020 1620/5/3019 1614/4/3025
f 1621/6/3026 1622/6/3027 1623/6/3028
f 1623/6/3028 1624/6/3027 1621/6/3026
f 1625/6/3029 1626/6/3030 1622/6/3031
f 1622/6/3031 1621/6/3031 1625/6/3029
f 1627/6/3032 1628/6/3033 1629/6/3034
f 1625/6/3035 1621/6/3036 1624/6/3037
f 1624/6/3037 1628/6/3038 1625/6/3035
f 1627/6/3039 1629/6/3040 1626/6/3041
f 1626/6/3030 1625/6/3029 1627/6/3042
f 1624/6/3043 1623/6/3044 1629/6/3034
f 1629/6/3034 1628/6/3033 1624/6/3043
f 1625/6/3035 1628/6/3038 1627/6/3045
f 1623/6/3046 1622/6/3046 1626/6/3041
f 1626/6/3041 1629/6/3040 1623/6/3046
f 1630/4/3047 1631/4/3048 1632/4/3049
f 1632/4/3049 1633/4/3047 1630/4/3047
f 1634/4/3050 1635/4/3051 1631/4/3052
f 1631/4/3052 1630/4/3052 1634/4/3050
f 1636/4/3053 1637/4/3054 1638/5/3055
f 1634/4/3056 1630/4/3057 1633/4/3058
f 1633/4/3058 1637/4/3059 1634/4/3056
f 1636/4/3060 1638/5/3061 1635/4/3062
f 1635/4/3051 1634/4/3050 1636/4/3063
f 1633/4/3064 1632/4/3065 1638/5/3055
f 1638/5/3055 1637/4/3054 1633/4/3064
f 1634/4/3056 1637/4/3059 1636/4/3066
f 1632/4/3067 1631/4/3068 1635/4/3062
f 1635/4/3062 1638/5/3061 1632/4/3067
f 1639/6/3069 1640/6/3070 1641/6/3071
f 1641/6/3071 1642/6/3069 1639/6/3069
f 1643/6/3072 1644/6/3073 1640/6/3074
f 1640/6/3074 1639/6/3075 1643/6/3072
f 1645/6/3076 1646/6/3077 1647/6/3078
f 1643/6/3079 1639/6/3080 1642/6/3081
f 1642/6/3081 1646/6/3082 1643/6/3079
f 1645/6/3083 1647/6/3084 1644/6/3085
f 1644/6/3073 1643/6/3072 1645/6/3086
f 1642/6/3087 1641/6/3088 1647/6/3078
f 1647/6/3078 1646/6/3077 1642/6/3087
f 1643/6/3079 1646/6/3082 1645/6/3089
f 1641/6/3090 1640/6/3091 1644/6/3085
f 1644/6/3085 1647/6/3084 1641/6/3090
f 1648/7/3092 1649/7/3093 1650/7/3094
f 1650/7/3094 1651/7/3095 1648/7/3092
f 1652/7/3096 1653/7/3097 1649/7/3098
f 1649/7/3098 1648/7/3099 1652/7/3096
f 1654/7/3100 1655/7/3101 1656/7/3102
f 1652/7/3103 1648/7/3104 1651/7/3105
f 1651/7/3105 1655/7/3106 1652/7/3103
f 1654/7/3107 1656/7/3108 1653/7/3109
f 1653/7/3097 1652/7/3096 1654/7/3110
f 1651/7/3111 1650/7/3111 1656/7/3102
f 1656/7/3102 1655/7/3101 1651/7/3111
f 1652/7/3103 1655/7/3106 1654/7/3112
f 1650/7/3113 1649/7/3113 1653/7/3109
f 1653/7/3109 1656/7/3108 1650/7/3113
f 1657/6/3114 1658/6/3115 1659/6/3116
f 1659/6/3116 1660/6/3116 1657/6/3114
f 1661/6/3117 1662/6/3118 1658/6/3119
f 1658/6/3119 1657/6/3119 1661/6/3117
f 1663/6/3120 1664/6/3121 1665/6/3122
f 1661/6/3123 1657/6/3124 1660/6/3125
f 1660/6/3125 1664/6/3126 1661/6/3123
f 1663/6/3127 1665/6/3128 1662/6/3129
f 1662/6/3118 1661/6/3117 1663/6/3130
f 1660/6/3131 1659/6/3132 1665/6/3122
f 1665/6/3122 1664/6/3121 1660/6/3131
f 1661/6/3123 1664/6/3126 1663/6/3133
f 1659/6/3134 1658/6/3135 1662/6/3129
f 1662/6/3129 1665/6/3128 1659/6/3134
f 1666/4/3136 1667/4/3137 1668/4/3137
f 1668/4/3137 1669/4/3137 1666/4/3136
f 1670/4/3138 1671/4/3139 1667/4/3140
f 1667/4/3140 1666/4/3141 1670/4/3138
f 1672/4/3142 1673/4/3143 1674/5/3144
f 1670/4/3145 1666/4/3146 1669/4/3147
f 1669/4/3147 1673/4/3148 1670/4/3145
f 1672/4/3149 1674/5/3150 1671/4/3151
f 1671/4/3139 1670/4/3138 1672/4/3152
f 1669/4/3153 1668/4/3154 1674/5/3144
f 1674/5/3144 1673/4/3143 1669/4/3153
f 1670/4/3145 1673/4/3148 1672/4/3155
f 1668/4/3156 1667/4/3157 1671/4/3151
f 1671/4/3151 1674/5/3150 1668/4/3156
f 1675/6/3158 1676/6/3159 1677/6/3160
f 1677/6/3160 1678/6/3161 1675/6/3158
f 1679/6/3162 1680/6/3163 1676/6/3164
f 1676/6/3164 1675/6/3164 1679/6/3162
f 1681/6/3165 1682/6/3166 1683/6/3167
f 1679/6/3168 1675/6/3169 1678/6/3169
f 1678/6/3169 1682/6/3170 1679/6/3168
f 1681/6/3171 1683/6/3172 1680/6/3173
f 1680/6/3163 1679/6/3162 1681/6/3174
f 1678/6/3175 1677/6/3176 1683/6/3167
f 1683/6/3167 1682/6/3166 1678/6/3175
f 1679/6/3168 1682/6/3170 1681/6/3177
f 1677/6/3178 1676/6/3179 1680/6/3173
f 1680/6/3173 1683/6/3172 1677/6/3178
f 1684/7/3180 1685/7/3181 1686/7/3182
f 1686/7/3182 1687/7/3182 1684/7/3180
f 1688/7/3183 1689/7/3184 1685/7/3185
f 1685/7/3185 1684/7/3185 1688/7/3183
f 1690/7/3186 1691/7/3187 1692/7/3188
f 1688/7/3189 1684/7/3190 1687/7/3190
f 1687/7/3190 1691/7/3191 1688/7/3189
f 1690/7/3192 1692/7/3193 1689/7/3194
f 1689/7/3184 1688/7/3183 1690/7/3195
f 1687/7/3196 1686/7/3197 1692/7/3188
f 1692/7/3188 1691/7/3187 1687/7/3196
f 1688/7/3189 1691/7/3191 1690/7/3198
f 1686/7/3199 1685/7/3200 1689/7/3194
f 1689/7/3194 1692/7/3193 1686/7/3199
f 1693/6/3201 1694/6/3201 1695/6/3202
f 1695/6/3202 1696/6/3201 1693/6/3201
f 1697/6/3203 1698/6/3204 1694/6/3205
f 1694/6/3205 1693/6/3206 1697/6/3203
f 1699/6/3207 1700/6/3208 1701/6/3209
f 1697/6/3210 1693/6/3211 1696/6/3212
f 1696/6/3212 1700/6/3213 1697/6/3210
f 1699/6/3214 1701/6/3215 1698/6/3216
f 1698/6/3204 1697/6/3203 1699/6/3217
f 1696/6/3218 1695/6/3219 1701/6/3209
f 1701/6/3209 1700/6/3208 1696/6/3218
f 1697/6/3210 1700/6/3213 1699/6/3220
f 1695/6/3221 1694/6/3222 1698/6/3216
f 1698/6/3216 1701/6/3215 1695/6/3221
f 1702/451/3223 1703/451/3224 1704/451/3224
f 1704/451/3224 1705/451/3225 1702/451/3223
f 1706/451/3226 1707/451/3227 1703/451/3228
f 1703/451/3228 1702/451/3229 1706/451/3226
f 1708/451/3230 1709/451/3231 1710/451/3232
f 1706/451/3233 1702/451/3234 1705/451/3235
f 1705/451/3235 1709/451/3236 1706/451/3233
f 1708/451/3237 1710/451/3238 1707/451/3239
f 1707/451/3227 1706/451/3226 1708/451/3240
f 1705/451/3241 1704/451/3242 1710/451/3232
f 1710/451/3232 1709/451/3231 1705/451/3241
f 1706/451/3233 1709/451/3236 1708/451/3243
f 1704/451/3244 1703/451/3245 1707/451/3239
f 1707/451/3239 1710/451/3238 1704/451/3244
f 1711/451/3246 1712/451/3246 1713/451/3247
f 1713/451/3247 1714/451/3248 1711/451/3246
f 1715/451/3249 1716/451/3250 1712/451/3251
f 1712/451/3251 1711/451/3252 1715/451/3249
f 1717/451/3253 1718/451/3254 1719/451/3255
f 1715/451/3256 1711/451/3257 1714/451/3258
f 1714/451/3258 1718/451/3259 1715/451/3256
f 1717/451/3260 1719/451/3261 1716/451/3262
f 1716/451/3250 1715/451/3249 1717/451/3263
f 1714/451/3264 1713/451/3265 1719/451/3255
f 1719/451/3255 1718/451/3254 1714/451/3264
f 1715/451/3256 1718/451/3259 1717/451/3266
f 1713/451/3267 1712/451/3268 1716/451/3262
f 1716/451/3262 1719/451/3261 1713/451/3267
f 1720/6/3269 1721/6/3270 1722/6/3271
f 1722/6/3271 1723/6/3272 1720/6/3269
f 1724/6/3273 1725/6/3274 1721/6/3275
f 1721/6/3275 1720/6/3276 1724/6/3273
f 1726/6/3277 1727/6/3278 1728/6/3279
f 1724/6/3280 1720/6/3281 1723/6/3281
f 1723/6/3281 1727/6/3282 1724/6/3280
f 1726/6/3283 1728/6/3284 1725/6/3285
f 1725/6/3274 1724/6/3273 1726/6/3286
f 1723/6/3287 1722/6/3288 1728/6/3279
f 1728/6/3279 1727/6/3278 1723/6/3287
f 1724/6/3280 1727/6/3282 1726/6/3289
f 1722/6/3290 1721/6/3291 1725/6/3285
f 1725/6/3285 1728/6/3284 1722/6/3290
f 1729/6/3292 1730/6/3293 1731/6/3293
f 1731/6/3293 1732/6/3293 1729/6/3292
f 1733/6/3294 1734/6/3295 1730/6/3296
f 1730/6/3296 1729/6/3297 1733/6/3294
f 1735/6/3298 1736/6/3299 1737/6/3300
f 1733/6/3301 1729/6/3302 1732/6/3303
f 1732/6/3303 1736/6/3304 1733/6/3301
f 1735/6/3305 1737/6/3306 1734/6/3307
f 1734/6/3295 1733/6/3294 1735/6/3308
f 1732/6/3309 1731/6/3310 1737/6/3300
f 1737/6/3300 1736/6/3299 1732/6/3309
f 1733/6/3301 1736/6/3304 1735/6/3311
f 1731/6/3312 1730/6/3313 1734/6/3307
f 1734/6/3307 1737/6/3306 1731/6/3312
f 1738/4/3314 1739/4/3315 1740/4/3316
f 1740/4/3316 1741/4/3317 1738/4/3314
f 1742/4/3318 1743/4/3319 1739/4/3320
f 1739/4/3320 1738/4/3321 1742/4/3318
f 1744/4/3322 1745/4/3323 1746/5/3324
f 1742/4/3325 1738/4/3326 1741/4/3327
f 1741/4/3327 1745/4/3328 1742/4/3325
f 1744/4/3329 1746/5/3330 1743/4/3331
f 1743/4/3319 1742/4/3318 1744/4/3332
f 1741/4/3333 1740/4/3334 1746/5/3324
f 1746/5/3324 1745/4/3323 1741/4/3333
f 1742/4/3325 1745/4/3328 1744/4/3335
f 1740/4/3336 1739/4/3337 1743/4/3331
f 1743/4/3331 1746/5/3330 1740/4/3336
f 1747/6/3338 1748/6/3339 1749/6/3340
f 1749/6/3340 1750/6/3341 1747/6/3338
f 1751/6/3342 1752/6/3343 1748/6/3344
f 1748/6/3344 1747/6/3345 1751/6/3342
f 1753/6/3346 1754/6/3347 1755/6/3348
f 1751/6/3349 1747/6/3350 1750/6/3351
f 1750/6/3351 1754/6/3352 1751/6/3349
f 1753/6/3353 1755/6/3354 1752/6/3355
f 1752/6/3343 1751/6/3342 1753/6/3356
f 1750/6/3357 1749/6/3358 1755/6/3348
f 1755/6/3348 1754/6/3347 1750/6/3357
f 1751/6/3349 1754/6/3352 1753/6/3359
f 1749/6/3360 1748/6/3361 1752/6/3355
f 1752/6/3355 1755/6/3354 1749/6/3360
f 1756/4/3362 1757/4/3363 1758/4/3364
f 1758/4/3364 1759/4/3363 1756/4/3362
f 1760/4/3365 1761/4/3366 1757/4/3367
f 1757/4/3367 1756/4/3368 1760/4/3365
f 1762/4/3369 1763/4/3370 1764/5/3371
f 1760/4/3372 1756/4/3373 1759/4/3374
f 1759/4/3374 1763/4/3375 1760/4/3372
f 1762/4/3376 1764/5/3377 1761/4/3378
f 1761/4/3366 1760/4/3365 1762/4/3379
f 1759/4/3380 1758/4/3381 1764/5/3371
f 1764/5/3371 1763/4/3370 1759/4/3380
f 1760/4/3372 1763/4/3375 1762/4/3382
f 1758/4/3383 1757/4/3384 1761/4/3378
f 1761/4/3378 1764/5/3377 1758/4/3383
f 1765/6/3385 1766/6/3386 1767/6/3385
f 1767/6/3385 1768/6/3386 1765/6/3385
f 1769/6/3387 1770/6/3388 1766/6/3389
f 1766/6/3389 1765/6/3390 1769/6/3387
f 1771/6/3391 1772/6/3392 1773/6/3393
f 1769/6/3394 1765/6/3395 1768/6/3396
f 1768/6/3396 1772/6/3397 1769/6/3394
f 1771/6/3398 1773/6/3399 1770/6/3400
f 1770/6/3388 1769/6/3387 1771/6/3401
f 1768/6/3402 1767/6/3403 1773/6/3393
f 1773/6/3393 1772/6/3392 1768/6/3402
f 1769/6/3394 1772/6/3397 1771/6/3404
f 1767/6/3405 1766/6/3406 1770/6/3400
f 1770/6/3400 1773/6/3399 1767/6/3405
f 1774/7/3407 1775/7/3408 1776/7/3409
f 1776/7/3409 1777/7/3409 1774/7/3407
f 1778/7/3410 1779/7/3411 1775/7/3412
f 1775/7/3412 1774/7/3413 1778/7/3410
f 1780/7/3414 1781/7/3415 1782/7/3416
f 1778/7/3417 1774/7/3418 1777/7/3419
f 1777/7/3419 1781/7/3420 1778/7/3417
f 1780/7/3421 1782/7/3422 1779/7/3423
f 1779/7/3411 1778/7/3410 1780/7/3424
f 1777/7/3425 1776/7/3426 1782/7/3416
f 1782/7/3416 1781/7/3415 1777/7/3425
f 1778/7/3417 1781/7/3420 1780/7/3427
f 1776/7/3428 1775/7/3429 1779/7/3423
f 1779/7/3423 1782/7/3422 1776/7/3428
f 1783/6/3430 1784/6/3431 1785/6/3430
f 1785/6/3430 1786/6/3430 1783/6/3430
f 1787/6/3432 1788/6/3433 1784/6/3434
f 1784/6/3434 1783/6/3435 1787/6/3432
f 1789/6/3436 1790/6/3437 1791/6/3438
f 1787/6/3439 1783/6/3440 1786/6/3441
f 1786/6/3441 1790/6/3442 1787/6/3439
f 1789/6/3443 1791/6/3444 1788/6/3445
f 1788/6/3433 1787/6/3432 1789/6/3446
f 1786/6/3447 1785/6/3448 1791/6/3438
f 1791/6/3438 1790/6/3437 1786/6/3447
f 1787/6/3439 1790/6/3442 1789/6/3449
f 1785/6/3450 1784/6/3451 1788/6/3445
f 1788/6/3445 1791/6/3444 1785/6/3450
f 1792/4/3452 1793/4/3453 1794/4/3454
f 1794/4/3454 1795/4/3455 1792/4/3452
f 1796/4/3456 1797/4/3457 1793/4/3458
f 1793/4/3458 1792/4/3459 1796/4/3456
f 1798/4/3460 1799/4/3461 1800/5/3462
f 1796/4/3463 1792/4/3464 1795/4/3464
f 1795/4/3464 1799/4/3465 1796/4/3463
f 1798/4/3466 1800/5/3467 1797/4/3468
f 1797/4/3457 1796/4/3456 1798/4/3469
f 1795/4/3470 1794/4/3471 1800/5/3462
f 1800/5/3462 1799/4/3461 1795/4/3470
f 1796/4/3463 1799/4/3465 1798/4/3472
f 1794/4/3473 1793/4/3474 1797/4/3468
f 1797/4/3468 1800/5/3467 1794/4/3473
f 1801/6/3475 1802/6/3475 1803/6/3476
f 1803/6/3476 1804/6/3477 1801/6/3475
f 1805/6/3478 1806/6/3479 1802/6/3480
f 1802/6/3480 1801/6/3481 1805/6/3478
f 1807/6/3482 1808/6/3483 1809/6/3484
f 1805/6/3485 1801/6/3486 1804/6/3487
f 1804/6/3487 1808/6/3488 1805/6/3485
f 1807/6/3489 1809/6/3490 1806/6/3491
f 1806/6/3479 1805/6/3478 1807/6/3492
f 1804/6/3493 1803/6/3494 1809/6/3484
f 1809/6/3484 1808/6/3483 1804/6/3493
f 1805/6/3485 1808/6/3488 1807/6/3495
f 1803/6/3496 1802/6/3497 1806/6/3491
f 1806/6/3491 1809/6/3490 1803/6/3496
f 1810/7/3498 1811/7/3499 1812/7/3500
f 1812/7/3500 1813/7/3498 1810/7/3498
f 1814/7/3501 1815/7/3502 1811/7/3503
f 1811/7/3503 1810/7/3504 1814/7/3501
f 1816/7/3505 1817/7/3506 1818/7/3507
f 1814/7/3508 1810/7/3509 1813/7/3510
f 1813/7/3510 1817/7/3511 1814/7/3508
f 1816/7/3512 1818/7/3513 1815/7/3514
f 1815/7/3502 1814/7/3501 1816/7/3515
f 1813/7/3516 1812/7/3517 1818/7/3507
f 1818/7/3507 1817/7/3506 1813/7/3516
f 1814/7/3508 1817/7/3511 1816/7/3518
f 1812/7/3519 1811/7/3520 1815/7/3514
f 1815/7/3514 1818/7/3513 1812/7/3519
f 1819/6/3521 1820/6/3522 1821/6/3523
f 1821/6/3523 1822/6/3523 1819/6/3521
f 1823/6/3524 1824/6/3525 1820/6/3526
f 1820/6/3526 1819/6/3527 1823/6/3524
f 1825/6/3528 1826/6/3529 1827/6/3530
f 1823/6/3531 1819/6/3532 1822/6/3533
f 1822/6/3533 1826/6/3534 1823/6/3531
f 1825/6/3535 1827/6/3536 1824/6/3537
f 1824/6/3525 1823/6/3524 1825/6/3538
f 1822/6/3539 1821/6/3540 1827/6/3530
f 1827/6/3530 1826/6/3529 1822/6/3539
f 1823/6/3531 1826/6/3534 1825/6/3541
f 1821/6/3542 1820/6/3543 1824/6/3537
f 1824/6/3537 1827/6/3536 1821/6/3542
f 1828/451/3544 1829/451/3545 1830/451/3546
f 1830/451/3546 1831/451/3545 1828/451/3544
f 1832/451/3547 1833/451/3548 1829/451/3549
f 1829/451/3549 1828/451/3550 1832/451/3547
f 1834/451/3551 1835/451/3552 1836/451/3553
f 1832/451/3554 1828/451/3555 1831/451/3556
f 1831/451/3556 1835/451/3557 1832/451/3554
f 1834/451/3558 1836/451/3559 1833/451/3560
f 1833/451/3548 1832/451/3547 1834/451/3561
f 1831/451/3562 1830/451/3563 1836/451/3553
f 1836/451/3553 1835/451/3552 1831/451/3562
f 1832/451/3554 1835/451/3557 1834/451/3564
f 1830/451/3565 1829/451/3566 1833/451/3560
f 1833/451/3560 1836/451/3559 1830/451/3565
f 1837/451/3567 1838/451/3568 1839/451/3569
f 1839/451/3569 1840/451/3568 1837/451/3567
f 1841/451/3570 1842/451/3571 1838/451/3572
f 1838/451/3572 1837/451/3573 1841/451/3570
f 1843/451/3574 1844/451/3575 1845/451/3576
f 1841/451/3577 1837/451/3578 1840/451/3579
f 1840/451/3579 1844/451/3580 1841/451/3577
f 1843/451/3581 1845/451/3582 1842/451/3583
f 1842/451/3571 1841/451/3570 1843/451/3584
f 1840/451/3585 1839/451/3586 1845/451/3576
f 1845/451/3576 1844/451/3575 1840/451/3585
f 1841/451/3577 1844/451/3580 1843/451/3587
f 1839/451/3588 1838/451/3589 1842/451/3583
f 1842/451/3583 1845/451/3582 1839/451/3588
f 1846/6/3590 1847/6/3591 1848/6/3592
f 1848/6/3592 1849/6/3593 1846/6/3590
f 1850/6/3594 1851/6/3595 1847/6/3596
f 1847/6/3596 1846/6/3597 1850/6/3594
f 1852/6/3598 1853/6/3599 1854/6/3600
f 1850/6/3601 1846/6/3602 1849/6/3602
f 1849/6/3602 1853/6/3603 1850/6/3601
f 1852/6/3604 1854/6/3605 1851/6/3606
f 1851/6/3595 1850/6/3594 1852/6/3607
f 1849/6/3608 1848/6/3608 1854/6/3600
f 1854/6/3600 1853/6/3599 1849/6/3608
f 1850/6/3601 1853/6/3603 1852/6/3609
f 1848/6/3610 1847/6/3611 1851/6/3606
f 1851/6/3606 1854/6/3605 1848/6/3610
f 1855/6/3612 1856/6/3612 1857/6/3613
f 1857/6/3613 1858/6/3612 1855/6/3612
f 1859/6/3614 1860/6/3615 1856/6/3616
f 1856/6/3616 1855/6/3617 1859/6/3614
f 1861/6/3618 1862/6/3619 1863/6/3620
f 1859/6/3621 1855/6/3622 1858/6/3623
f 1858/6/3623 1862/6/3624 1859/6/3621
f 1861/6/3625 1863/6/3626 1860/6/3627
f 1860/6/3615 1859/6/3614 1861/6/3628
f 1858/6/3629 1857/6/3630 1863/6/3620
f 1863/6/3620 1862/6/3619 1858/6/3629
f 1859/6/3621 1862/6/3624 1861/6/3631
f 1857/6/3632 1856/6/3633 1860/6/3627
f 1860/6/3627 1863/6/3626 1857/6/3632
f 1864/4/3634 1865/4/3635 1866/4/3635
f 1866/4/3635 1867/4/3636 1864/4/3634
f 1868/4/3637 1869/4/3638 1865/4/3639
f 1865/4/3639 1864/4/3640 1868/4/3637
f 1870/4/3641 1871/4/3642 1872/5/3643
f 1868/4/3644 1864/4/3645 1867/4/3646
f 1867/4/3646 1871/4/3647 1868/4/3644
f 1870/4/3648 1872/5/3649 1869/4/3650
f 1869/4/3638 1868/4/3637 1870/4/3651
f 1867/4/3652 1866/4/3653 1872/5/3643
f 1872/5/3643 1871/4/3642 1867/4/3652
f 1868/4/3644 1871/4/3647 1870/4/3654
f 1866/4/3655 1865/4/3656 1869/4/3650
f 1869/4/3650 1872/5/3649 1866/4/3655
f 1873/6/3657 1874/6/3658 1875/6/3657
f 1875/6/3657 1876/6/3657 1873/6/3657
f 1877/6/3659 1878/6/3660 1874/6/3661
f 1874/6/3661 1873/6/3662 1877/6/3659
f 1879/6/3663 1880/6/3664 1881/6/3665
f 1877/6/3666 1873/6/3667 1876/6/3667
f 1876/6/3667 1880/6/3668 1877/6/3666
f 1879/6/3669 1881/6/3670 1878/6/3671
f 1878/6/3660 1877/6/3659 1879/6/3672
f 1876/6/3673 1875/6/3674 1881/6/3665
f 1881/6/3665 1880/6/3664 1876/6/3673
f 1877/6/3666 1880/6/3668 1879/6/3675
f 1875/6/3676 1874/6/3677 1878/6/3671
f 1878/6/3671 1881/6/3670 1875/6/3676
f 1882/4/3678 1883/4/3679 1884/4/3678
f 1884/4/3678 1885/4/3678 1882/4/3678
f 1886/4/3680 1887/4/3681 1883/4/3682
f 1883/4/3682 1882/4/3683 1886/4/3680
f 1888/4/3684 1889/4/3685 1890/5/3686
f 1886/4/3687 1882/4/3688 1885/4/3689
f 1885/4/3689 1889/4/3690 1886/4/3687
f 1888/4/3691 1890/5/3692 1887/4/3693
f 1887/4/3681 1886/4/3680 1888/4/3694
f 1885/4/3695 1884/4/3696 1890/5/3686
f 1890/5/3686 1889/4/3685 1885/4/3695
f 1886/4/3687 1889/4/3690 1888/4/3697
f 1884/4/3698 1883/4/3698 1887/4/3693
f 1887/4/3693 1890/5/3692 1884/4/3698
f 1891/6/3699 1892/6/3699 1893/6/3700
f 1893/6/3700 1894/6/3701 1891/6/3699
f 1895/6/3702 1896/6/3703 1892/6/3704
f 1892/6/3704 1891/6/3704 1895/6/3702
f 1897/6/3705 1898/6/3706 1899/6/3707
f 1895/6/3708 1891/6/3709 1894/6/3710
f 1894/6/3710 1898/6/3711 1895/6/3708
f 1897/6/3712 1899/6/3713 1896/6/3714
f 1896/6/3703 1895/6/3702 1897/6/3715
f 1894/6/3716 1893/6/3717 1899/6/3707
f 1899/6/3707 1898/6/3706 1894/6/3716
f 1895/6/3708 1898/6/3711 1897/6/3718
f 1893/6/3719 1892/6/3720 1896/6/3714
f 1896/6/3714 1899/6/3713 1893/6/3719
f 1900/7/3721 1901/7/3722 1902/7/3722
f 1902/7/3722 1903/7/3723 1900/7/3721
f 1904/7/3724 1905/7/3725 1901/7/3726
f 1901/7/3726 1900/7/3727 1904/7/3724
f 1906/7/3728 1907/7/3729 1908/7/3730
f 1904/7/3731 1900/7/3732 1903/7/3733
f 1903/7/3733 1907/7/3734 1904/7/3731
f 1906/7/3735 1908/7/3736 1905/7/3737
f 1905/7/3725 1904/7/3724 1906/7/3738
f 1903/7/3739 1902/7/3740 1908/7/3730
f 1908/7/3730 1907/7/3729 1903/7/3739
f 1904/7/3731 1907/7/3734 1906/7/3741
f 1902/7/3742 1901/7/3742 1905/7/3737
f 1905/7/3737 1908/7/3736 1902/7/3742
f 1909/6/3743 1910/6/3743 1911/6/3744
f 1911/6/3744 1912/6/3745 1909/6/3743
f 1913/6/3746 1914/6/3747 1910/6/3748
f 1910/6/3748 1909/6/3749 1913/6/3746
f 1915/6/3750 1916/6/3751 1917/6/3752
f 1913/6/3753 1909/6/3754 1912/6/3755
f 1912/6/3755 1916/6/3756 1913/6/3753
f 1915/6/3757 1917/6/3758 1914/6/3759
f 1914/6/3747 1913/6/3746 1915/6/3760
f 1912/6/3761 1911/6/3762 1917/6/3752
f 1917/6/3752 1916/6/3751 1912/6/3761
f 1913/6/3753 1916/6/3756 1915/6/3763
f 1911/6/3764 1910/6/3765 1914/6/3759
f 1914/6/3759 1917/6/3758 1911/6/3764
f 1918/4/3766 1919/4/3767 1920/4/3768
f 1920/4/3768 1921/4/3769 1918/4/3766
f 1922/4/3770 1923/4/3771 1919/4/3772
f 1919/4/3772 1918/4/3773 1922/4/3770
f 1924/4/3774 1925/4/3775 1926/5/3776
f 1922/4/3777 1918/4/3778 1921/4/3779
f 1921/4/3779 1925/4/3780 1922/4/3777
f 1924/4/3781 1926/5/3782 1923/4/3783
f 1923/4/3771 1922/4/3770 1924/4/3784
f 1921/4/3785 1920/4/3786 1926/5/3776
f 1926/5/3776 1925/4/3775 1921/4/3785
f 1922/4/3777 1925/4/3780 1924/4/3787
f 1920/4/3788 1919/4/3789 1923/4/3783
f 1923/4/3783 1926/5/3782 1920/4/3788
f 1927/6/3790 1928/6/3791 1929/6/3792
f 1929/6/3792 1930/6/3793 1927/6/3790
f 1931/6/3794 1932/6/3795 1928/6/3796
f 1928/6/3796 1927/6/3797 1931/6/3794
f 1933/6/3798 1934/6/3799 1935/6/3800
f 1931/6/3801 1927/6/3802 1930/6/3803
f 1930/6/3803 1934/6/3804 1931/6/3801
f 1933/6/3805 1935/6/3806 1932/6/3807
f 1932/6/3795 1931/6/3794 1933/6/3808
f 1930/6/3809 1929/6/3810 1935/6/3800
f 1935/6/3800 1934/6/3799 1930/6/3809
f 1931/6/3801 1934/6/3804 1933/6/3811
f 1929/6/3812 1928/6/3813 1932/6/3807
f 1932/6/3807 1935/6/3806 1929/6/3812
f 1936/7/3814 1937/7/3815 1938/7/3814
f 1938/7/3814 1939/7/3816 1936/7/3814
f 1940/7/3817 1941/7/3818 1937/7/3819
f 1937/7/3819 1936/7/3819 1940/7/3817
f 1942/7/3820 1943/7/3821 1944/7/3822
f 1940/7/3823 1936/7/3824 1939/7/3825
f 1939/7/3825 1943/7/3826 1940/7/3823
f 1942/7/3827 1944/7/3828 1941/7/3829
f 1941/7/3818 1940/7/3817 1942/7/3830
f 1939/7/3831 1938/7/3832 1944/7/3822
f 1944/7/3822 1943/7/3821 1939/7/3831
f 1940/7/3823 1943/7/3826 1942/7/3833
f 1938/7/3834 1937/7/3835 1941/7/3829
f 1941/7/3829 1944/7/3828 1938/7/3834
f 1945/6/3836 1946/6/3837 1947/6/3837
f 1947/6/3837 1948/6/3837 1945/6/3836
f 1949/6/3838 1950/6/3839 1946/6/3840
f 1946/6/3840 1945/6/3841 1949/6/3838
f 1951/6/3842 1952/6/3843 1953/6/3844
f 1949/6/3845 1945/6/3846 1948/6/3847
f 1948/6/3847 1952/6/3848 1949/6/3845
f 1951/6/3849 1953/6/3850 1950/6/3851
f 1950/6/3839 1949/6/3838 1951/6/3852
f 1948/6/3853 1947/6/3854 1953/6/3844
f 1953/6/3844 1952/6/3843 1948/6/3853
f 1949/6/3845 1952/6/3848 1951/6/3855
f 1947/6/3856 1946/6/3857 1950/6/3851
f 1950/6/3851 1953/6/3850 1947/6/3856
f 1954/451/3858 1955/451/3859 1956/451/3860
f 1956/451/3860 1957/451/3861 1954/451/3858
f 1958/451/3862 1959/451/3863 1955/451/3864
f 1955/451/3864 1954/451/3865 1958/451/3862
f 1960/451/3866 1961/451/3867 1962/451/3868
f 1958/451/3869 1954/451/3870 1957/451/3871
f 1957/451/3871 1961/451/3872 1958/451/3869
f 1960/451/3873 1962/451/3874 1959/451/3875
f 1959/451/3863 1958/451/3862 1960/451/3876
f 1957/451/3877 1956/451/3878 1962/451/3868
f 1962/451/3868 1961/451/3867 1957/451/3877
f 1958/451/3869 1961/451/3872 1960/451/3879
f 1956/451/3880 1955/451/3881 1959/451/3875
f 1959/451/3875 1962/451/3874 1956/451/3880
f 1963/451/3882 1964/451/3882 1965/451/3882
f 1965/451/3882 1966/451/3882 1963/451/3882
f 1967/451/3883 1968/451/3884 1964/451/3885
f 1964/451/3885 1963/451/3886 1967/451/3883
f 1969/451/3887 1970/451/3888 1971/451/3889
f 1967/451/3890 1963/451/3891 1966/451/3892
f 1966/451/3892 1970/451/3893 1967/451/3890
f 1969/451/3894 1971/451/3895 1968/451/3896
f 1968/451/3884 1967/451/3883 1969/451/3897
f 1966/451/3898 1965/451/3898 1971/451/3889
f 1971/451/3889 1970/451/3888 1966/451/3898
f 1967/451/3890 1970/451/3893 1969/451/3899
f 1965/451/3900 1964/451/3900 1968/451/3896
f 1968/451/3896 1971/451/3895 1965/451/3900
f 1972/6/3901 1973/6/3902 1974/6/3903
f 1974/6/3903 1975/6/3904 1972/6/3901
f 1976/6/3905 1977/6/3906 1973/6/3907
f 1973/6/3907 1972/6/3908 1976/6/3905
f 1978/6/3909 1979/6/3910 1980/6/3911
f 1976/6/3912 1972/6/3913 1975/6/3914
f 1975/6/3914 1979/6/3915 1976/6/3912
f 1978/6/3916 1980/6/3917 1977/6/3918
f 1977/6/3906 1976/6/3905 1978/6/3919
f 1975/6/3920 1974/6/3921 1980/6/3911
f 1980/6/3911 1979/6/3910 1975/6/3920
f 1976/6/3912 1979/6/3915 1978/6/3922
f 1974/6/3923 1973/6/3924 1977/6/3918
f 1977/6/3918 1980/6/3917 1974/6/3923
f 1981/1/3925 1982/1/3926 1983/1/3927
f 1983/1/3927 1984/1/3925 1981/1/3925
f 1985/2/3928 1986/2/3928 1987/2/3928
f 1987/2/3928 1988/2/3929 1985/2/3928
f 1989/1/3930 1990/1/3931 1991/1/3931
f 1991/1/3931 1992/1/3932 1989/1/3930
f 1990/1/3933 1983/1/3933 1982/1/3933
f 1982/1/3933 1991/1/3934 1990/1/3933
f 1993/1/3935 1994/1/3936 1995/1/3936
f 1995/1/3936 1996/1/3936 1993/1/3935
f 1987/2/3937 1997/2/3937 1998/2/3938
f 1998/2/3938 1988/2/3938 1987/2/3937
f 1984/1/3939 1993/1/3940 1996/1/3941
f 1996/1/3941 1981/1/3939 1984/1/3939
f 1992/1/3942 1995/1/3942 1994/1/3942
f 1994/1/3942 1989/1/3943 1992/1/3942
f 1999/3/3944 2000/2/3945 2001/2/3944
f 2001/2/3944 2002/2/3945 1999/3/3944
f 2002/2/3946 2003/2/3947 2004/2/3948
f 2004/2/3948 1999/3/3948 2002/2/3946
f 2005/3/3949 2004/2/3950 2003/2/3951
f 2003/2/3951 2006/2/3952 2005/3/3949
f 2007/2/3953 2005/3/3954 2006/2/3955
f 2006/2/3955 2008/2/3956 2007/2/3953
f 2008/2/3957 2009/2/3958 2010/3/3959
f 2010/3/3959 2007/2/3960 2008/2/3957
f 2000/2/3961 2010/3/3961 2009/2/3961
f 2009/2/3961 2001/2/3962 2000/2/3961
f 2011/1/3963 2012/1/3964 2013/1/3965
f 2013/1/3965 2014/1/3966 2011/1/3963
f 2014/1/3967 2015/1/3968 2016/1/3969
f 2016/1/3969 2011/1/3967 2014/1/3967
f 2017/1/3970 2016/1/3971 2015/1/3972
f 2015/1/3972 2018/1/3973 2017/1/3970
f 2019/1/3974 2017/1/3975 2018/1/3976
f 2018/1/3976 2020/1/3976 2019/1/3974
f 2020/1/3977 2021/1/3978 2022/1/3978
f 2022/1/3978 2019/1/3979 2020/1/3977
f 2012/1/3980 2022/1/3981 2021/1/3982
f 2021/1/3982 2013/1/3983 2012/1/3980
f 1987/2/3984 1986/2/3985 2023/2/3986
f 2023/2/3986 2024/2/3987 1987/2/3984
f 1986/2/3988 1985/2/3989 2025/2/3990
f 2025/2/3990 2023/2/3988 1986/2/3988
f 2025/2/3991 1985/2/3991 1988/2/3991
f 1988/2/3991 2026/2/3992 2025/2/3991
f 1988/2/3993 1998/2/3994 2027/2/3995
f 2027/2/3995 2026/2/3996 1988/2/3993
f 1998/2/3997 1997/2/3998 2028/2/3999
f 2028/2/3999 2027/2/4000 1998/2/3997
f 2024/2/4001 2028/2/4002 1997/2/4003
f 1997/2/4003 1987/2/4004 2024/2/4001
f 2029/3/4005 2030/2/4006 2031/2/4007
f 2031/2/4007 2032/2/4008 2029/3/4005
f 2032/2/4009 2033/2/4010 2034/2/4011
f 2034/2/4011 2029/3/4009 2032/2/4009
f 2035/3/4012 2034/2/4013 2033/2/4014
f 2033/2/4014 2036/2/4014 2035/3/4012
f 2035/3/4015 2036/2/4016 2037/2/4017
f 2037/2/4017 2038/2/4018 2035/3/4015
f 2037/2/4019 2039/2/4020 2040/3/4019
f 2040/3/4019 2038/2/4021 2037/2/4019
f 2030/2/4022 2040/3/4023 2039/2/4023
f 2039/2/4023 2031/2/4024 2030/2/4022
f 2041/1/4025 2042/1/4025 2043/1/4026
f 2043/1/4026 2044/1/4027 2041/1/4025
f 2042/1/4028 2045/1/4029 2046/1/4028
f 2046/1/4028 2043/1/4030 2042/1/4028
f 2047/1/4031 2046/1/4032 2045/1/4031
f 2045/1/4031 2048/1/4031 2047/1/4031
f 2048/1/4033 2049/1/4034 2050/1/4035
f 2050/1/4035 2047/1/4036 2048/1/4033
f 2049/1/4037 2051/1/4038 2052/1/4038
f 2052/1/4038 2050/1/4039 2049/1/4037
f 2044/1/4040 2052/1/4041 2051/1/4042
f 2051/1/4042 2041/1/4043 2044/1/4040
f 2053/3/4044 2054/2/4045 2055/2/4044
f 2055/2/4044 2056/2/4046 2053/3/4044
f 2056/2/4047 2057/2/4048 2058/2/4047
f 2058/2/4047 2053/3/4049 2056/2/4047
f 2059/3/4050 2058/2/4051 2057/2/4052
f 2057/2/4052 2060/2/4053 2059/3/4050
f 2061/2/4054 2059/3/4054 2060/2/4054
f 2060/2/4054 2062/2/4055 2061/2/4054
f 2062/2/4056 2063/2/4057 2064/3/4058
f 2064/3/4058 2061/2/4059 2062/2/4056
f 2054/2/4060 2064/3/4060 2063/2/4061
f 2063/2/4061 2055/2/4060 2054/2/4060
f 2065/6/4062 2066/6/4063 2067/6/4062
f 2067/6/4062 2068/6/4062 2065/6/4062
f 2069/6/4064 2070/6/4065 2066/6/4066
f 2066/6/4066 2065/6/4067 2069/6/4064
f 2071/6/4068 2072/6/4069 2073/6/4070
f 2069/6/4071 2065/6/4072 2068/6/4073
f 2068/6/4073 2072/6/4074 2069/6/4071
f 2071/6/4075 2073/6/4076 2070/6/4077
f 2070/6/4065 2069/6/4064 2071/6/4078
f 2068/6/4079 2067/6/4079 2073/6/4070
f 2073/6/4070 2072/6/4069 2068/6/4079
f 2069/6/4071 2072/6/4074 2071/6/4080
f 2067/6/4081 2066/6/4082 2070/6/4077
f 2070/6/4077 2073/6/4076 2067/6/4081
f 2074/4/4083 2075/4/4084 2076/4/4085
f 2076/4/4085 2077/4/4086 2074/4/4083
f 2078/4/4087 2079/4/4088 2075/4/4089
f 2075/4/4089 2074/4/4090 2078/4/4087
f 2080/4/4091 2081/4/4092 2082/5/4093
f 2078/4/4094 2074/4/4095 2077/4/4096
f 2077/4/4096 2081/4/4097 2078/4/4094
f 2080/4/4098 2082/5/4099 2079/4/4100
f 2079/4/4088 2078/4/4087 2080/4/4101
f 2077/4/4102 2076/4/4103 2082/5/4093
f 2082/5/4093 2081/4/4092 2077/4/4102
f 2078/4/4094 2081/4/4097 2080/4/4104
f 2076/4/4105 2075/4/4106 2079/4/4100
f 2079/4/4100 2082/5/4099 2076/4/4105
f 2083/6/4107 2084/6/4108 2085/6/4108
f 2085/6/4108 2086/6/4109 2083/6/4107
f 2087/6/4110 2088/6/4111 2084/6/4112
f 2084/6/4112 2083/6/4113 2087/6/4110
f 2089/6/4114 2090/6/4115 2091/6/4116
f 2087/6/4117 2083/6/4118 2086/6/4119
f 2086/6/4119 2090/6/4120 2087/6/4117
f 2089/6/4121 2091/6/4122 2088/6/4123
f 2088/6/4111 2087/6/4110 2089/6/4124
f 2086/6/4125 2085/6/4126 2091/6/4116
f 2091/6/4116 2090/6/4115 2086/6/4125
f 2087/6/4117 2090/6/4120 2089/6/4127
f 2085/6/4128 2084/6/4129 2088/6/4123
f 2088/6/4123 2091/6/4122 2085/6/4128
f 2092/4/4130 2093/4/4131 2094/4/4130
f 2094/4/4130 2095/4/4132 2092/4/4130
f 2096/4/4133 2097/4/4134 2093/4/4135
f 2093/4/4135 2092/4/4136 2096/4/4133
f 2098/4/4137 2099/4/4138 2100/5/4139
f 2096/4/4140 2092/4/4141 2095/4/4142
f 2095/4/4142 2099/4/4143 2096/4/4140
f 2098/4/4144 2100/5/4145 2097/4/4146
f 2097/4/4134 2096/4/4133 2098/4/4147
f 2095/4/4148 2094/4/4149 2100/5/4139
f 2100/5/4139 2099/4/4138 2095/4/4148
f 2096/4/4140 2099/4/4143 2098/4/4150
f 2094/4/4151 2093/4/4152 2097/4/4146
f 2097/4/4146 2100/5/4145 2094/4/4151
f 2101/6/4153 2102/6/4154 2103/6/4153
f 2103/6/4153 2104/6/4154 2101/6/4153
f 2105/6/4155 2106/6/4156 2102/6/4157
f 2102/6/4157 2101/6/4158 2105/6/4155
f 2107/6/4159 2108/6/4160 2109/6/4161
f 2105/6/4162 2101/6/4163 2104/6/4164
f 2104/6/4164 2108/6/4165 2105/6/4162
f 2107/6/4166 2109/6/4167 2106/6/4168
f 2106/6/4156 2105/6/4155 2107/6/4169
f 2104/6/4170 2103/6/4171 2109/6/4161
f 2109/6/4161 2108/6/4160 2104/6/4170
f 2105/6/4162 2108/6/4165 2107/6/4172
f 2103/6/4173 2102/6/4174 2106/6/4168
f 2106/6/4168 2109/6/4167 2103/6/4173
f 2110/7/4175 2111/7/4176 2112/7/4175
f 2112/7/4175 2113/7/4176 2110/7/4175
f 2114/7/4177 2115/7/4178 2111/7/4179
f 2111/7/4179 2110/7/4180 2114/7/4177
f 2116/7/4181 2117/7/4182 2118/7/4183
f 2114/7/4184 2110/7/4185 2113/7/4185
f 2113/7/4185 2117/7/4186 2114/7/4184
f 2116/7/4187 2118/7/4188 2115/7/4189
f 2115/7/4178 2114/7/4177 2116/7/4190
f 2113/7/4191 2112/7/4192 2118/7/4183
f 2118/7/4183 2117/7/4182 2113/7/4191
f 2114/7/4184 2117/7/4186 2116/7/4193
f 2112/7/4194 2111/7/4194 2115/7/4189
f 2115/7/4189 2118/7/4188 2112/7/4194
f 2119/6/4195 2120/6/4196 2121/6/4196
f 2121/6/4196 2122/6/4197 2119/6/4195
f 2123/6/4198 2124/6/4199 2120/6/4200
f 2120/6/4200 2119/6/4200 2123/6/4198
f 2125/6/4201 2126/6/4202 2127/6/4203
f 2123/6/4204 2119/6/4205 2122/6/4206
f 2122/6/4206 2126/6/4207 2123/6/4204
f 2125/6/4208 2127/6/4209 2124/6/4210
f 2124/6/4199 2123/6/4198 2125/6/4211
f 2122/6/4212 2121/6/4213 2127/6/4203
f 2127/6/4203 2126/6/4202 2122/6/4212
f 2123/6/4204 2126/6/4207 2125/6/4214
f 2121/6/4215 2120/6/4216 2124/6/4210
f 2124/6/4210 2127/6/4209 2121/6/4215
f 2128/4/4217 2129/4/4218 2130/4/4217
f 2130/4/4217 2131/4/4217 2128/4/4217
f 2132/4/4219 2133/4/4220 2129/4/4221
f 2129/4/4221 2128/4/4222 2132/4/4219
f 2134/4/4223 2135/4/4224 2136/5/4225
f 2132/4/4226 2128/4/4227 2131/4/4228
f 2131/4/4228 2135/4/4229 2132/4/4226
f 2134/4/4230 2136/5/4231 2133/4/4232
f 2133/4/4220 2132/4/4219 2134/4/4233
f 2131/4/4234 2130/4/4234 2136/5/4225
f 2136/5/4225 2135/4/4224 2131/4/4234
f 2132/4/4226 2135/4/4229 2134/4/4235
f 2130/4/4236 2129/4/4237 2133/4/4232
f 2133/4/4232 2136/5/4231 2130/4/4236
f 2137/6/4238 2138/6/4239 2139/6/4240
f 2139/6/4240 2140/6/4238 2137/6/4238
f 2141/6/4241 2142/6/4242 2138/6/4243
f 2138/6/4243 2137/6/4244 2141/6/4241
f 2143/6/4245 2144/6/4246 2145/6/4247
f 2141/6/4248 2137/6/4249 2140/6/4250
f 2140/6/4250 2144/6/4251 2141/6/4248
f 2143/6/4252 2145/6/4253 2142/6/4254
f 2142/6/4242 2141/6/4241 2143/6/4255
f 2140/6/4256 2139/6/4257 2145/6/4247
f 2145/6/4247 2144/6/4246 2140/6/4256
f 2141/6/4248 2144/6/4251 2143/6/4258
f 2139/6/4259 2138/6/4260 2142/6/4254
f 2142/6/4254 2145/6/4253 2139/6/4259
f 2146/7/4261 2147/7/4262 2148/7/4261
f 2148/7/4261 2149/7/4263 2146/7/4261
f 2150/7/4264 2151/7/4265 2147/7/4266
f 2147/7/4266 2146/7/4267 2150/7/4264
f 2152/7/4268 2153/7/4269 2154/7/4270
f 2150/7/4271 2146/7/4272 2149/7/4273
f 2149/7/4273 2153/7/4274 2150/7/4271
f 2152/7/4275 2154/7/4276 2151/7/4277
f 2151/7/4265 2150/7/4264 2152/7/4278
f 2149/7/4279 2148/7/4279 2154/7/4270
f 2154/7/4270 2153/7/4269 2149/7/4279
f 2150/7/4271 2153/7/4274 2152/7/4280
f 2148/7/4281 2147/7/4282 2151/7/4277
f 2151/7/4277 2154/7/4276 2148/7/4281
f 2155/6/4283 2156/6/4284 2157/6/4283
f 2157/6/4283 2158/6/4285 2155/6/4283
f 2159/6/4286 2160/6/4287 2156/6/4288
f 2156/6/4288 2155/6/4289 2159/6/4286
f 2161/6/4290 2162/6/4291 2163/6/4292
f 2159/6/4293 2155/6/4294 2158/6/4295
f 2158/6/4295 2162/6/4296 2159/6/4293
f 2161/6/4297 2163/6/4298 2160/6/4299
f 2160/6/4287 2159/6/4286 2161/6/4300
f 2158/6/4301 2157/6/4301 2163/6/4292
f 2163/6/4292 2162/6/4291 2158/6/4301
f 2159/6/4293 2162/6/4296 2161/6/4302
f 2157/6/4303 2156/6/4304 2160/6/4299
f 2160/6/4299 2163/6/4298 2157/6/4303
f 2164/451/4305 2165/451/4306 2166/451/4307
f 2166/451/4307 2167/451/4307 2164/451/4305
f 2168/451/4308 2169/451/4309 2165/451/4310
f 2165/451/4310 2164/451/4311 2168/451/4308
f 2170/451/4312 2171/451/4313 2172/451/4314
f 2168/451/4315 2164/451/4316 2167/451/4317
f 2167/451/4317 2171/451/4318 2168/451/4315
f 2170/451/4319 2172/451/4320 2169/451/4321
f 2169/451/4309 2168/451/4308 2170/451/4322
f 2167/451/4323 2166/451/4324 2172/451/4314
f 2172/451/4314 2171/451/4313 2167/451/4323
f 2168/451/4315 2171/451/4318 2170/451/4325
f 2166/451/4326 2165/451/4327 2169/451/4321
f 2169/451/4321 2172/451/4320 2166/451/4326
f 2173/451/4328 2174/451/4328 2175/451/4328
f 2175/451/4328 2176/451/4329 2173/451/4328
f 2177/451/4330 2178/451/4331 2174/451/4332
f 2174/451/4332 2173/451/4333 2177/451/4330
f 2179/451/4334 2180/451/4335 2181/451/4336
f 2177/451/4337 2173/451/4338 2176/451/4339
f 2176/451/4339 2180/451/4340 2177/451/4337
f 2179/451/4341 2181/451/4342 2178/451/4343
f 2178/451/4331 2177/451/4330 2179/451/4344
f 2176/451/4345 2175/451/4345 2181/451/4336
f 2181/451/4336 2180/451/4335 2176/451/4345
f 2177/451/4337 2180/451/4340 2179/451/4346
f 2175/451/4347 2174/451/4348 2178/451/4343
f 2178/451/4343 2181/451/4342 2175/451/4347
f 2182/6/4349 2183/6/4350 2184/6/4351
f 2184/6/4351 2185/6/4352 2182/6/4349
f 2186/6/4353 2187/6/4354 2183/6/4355
f 2183/6/4355 2182/6/4355 2186/6/4353
f 2188/6/4356 2189/6/4357 2190/6/4358
f 2186/6/4359 2182/6/4360 2185/6/4361
f 2185/6/4361 2189/6/4362 2186/6/4359
f 2188/6/4363 2190/6/4364 2187/6/4365
f 2187/6/4354 2186/6/4353 2188/6/4366
f 2185/6/4367 2184/6/4368 2190/6/4358
f 2190/6/4358 2189/6/4357 2185/6/4367
f 2186/6/4359 2189/6/4362 2188/6/4369
f 2184/6/4370 2183/6/4371 2187/6/4365
f 2187/6/4365 2190/6/4364 2184/6/4370
f 2191/1/4372 2192/1/4373 2193/1/4374
f 2193/1/4374 2194/1/4375 2191/1/4372
f 2195/2/4376 2196/2/4377 2197/2/4377
f 2197/2/4377 2198/2/4376 2195/2/4376
f 2199/1/4378 2200/1/4379 2201/1/4380
f 2201/1/4380 2202/1/4381 2199/1/4378
f 2200/1/4382 2193/1/4382 2192/1/4383
f 2192/1/4383 2201/1/4384 2200/1/4382
f 2203/1/4385 2204/1/4385 2205/1/4385
f 2205/1/4385 2206/1/4385 2203/1/4385
f 2197/2/4386 2207/2/4386 2208/2/4386
f 2208/2/4386 2198/2/4387 2197/2/4386
f 2194/1/4388 2203/1/4389 2206/1/4390
f 2206/1/4390 2191/1/4390 2194/1/4388
f 2202/1/4391 2205/1/4392 2204/1/4391
f 2204/1/4391 2199/1/4391 2202/1/4391
f 2209/3/4393 2210/2/4393 2211/2/4393
f 2211/2/4393 2212/2/4393 2209/3/4393
f 2212/2/4394 2213/2/4395 2214/2/4396
f 2214/2/4396 2209/3/4396 2212/2/4394
f 2215/3/4397 2214/2/4397 2213/2/4398
f 2213/2/4398 2216/2/4397 2215/3/4397
f 2217/2/4399 2215/3/4400 2216/2/4399
f 2216/2/4399 2218/2/4399 2217/2/4399
f 2218/2/4401 2219/2/4402 2220/3/4403
f 2220/3/4403 2217/2/4401 2218/2/4401
f 2210/2/4404 2220/3/4404 2219/2/4405
f 2219/2/4405 2211/2/4404 2210/2/4404
f 2221/1/4406 2222/1/4406 2223/1/4407
f 2223/1/4407 2224/1/4406 2221/1/4406
f 2224/1/4408 2225/1/4409 2226/1/4410
f 2226/1/4410 2221/1/4410 2224/1/4408
f 2227/1/4411 2226/1/4411 2225/1/4411
f 2225/1/4411 2228/1/4412 2227/1/4411
f 2229/1/4413 2227/1/4414 2228/1/4415
f 2228/1/4415 2230/1/4416 2229/1/4413
f 2230/1/4417 2231/1/4418 2232/1/4417
f 2232/1/4417 2229/1/4419 2230/1/4417
f 2222/1/4420 2232/1/4420 2231/1/4421
f 2231/1/4421 2223/1/4422 2222/1/4420
f 2197/2/4423 2196/2/4424 2233/2/4425
f 2233/2/4425 2234/2/4424 2197/2/4423
f 2196/2/4426 2195/2/4427 2235/2/4428
f 2235/2/4428 2233/2/4429 2196/2/4426
f 2235/2/4430 2195/2/4431 2198/2/4432
f 2198/2/4432 2236/2/4431 2235/2/4430
f 2198/2/4433 2208/2/4434 2237/2/4433
f 2237/2/4433 2236/2/4435 2198/2/4433
f 2208/2/4436 2207/2/4437 2238/2/4436
f 2238/2/4436 2237/2/4436 2208/2/4436
f 2234/2/4438 2238/2/4439 2207/2/4440
f 2207/2/4440 2197/2/4441 2234/2/4438
f 2239/3/4442 2240/2/4443 2241/2/4444
f 2241/2/4444 2242/2/4445 2239/3/4442
f 2242/2/4446 2243/2/4446 2244/2/4446
f 2244/2/4446 2239/3/4446 2242/2/4446
f 2245/3/4447 2244/2/4447 2243/2/4448
f 2243/2/4448 2246/2/4449 2245/3/4447
f 2245/3/4450 2246/2/4451 2247/2/4451
f 2247/2/4451 2248/2/4452 2245/3/4450
f 2247/2/4453 2249/2/4454 2250/3/4455
f 2250/3/4455 2248/2/4454 2247/2/4453
f 2240/2/4456 2250/3/4456 2249/2/4457
f 2249/2/4457 2241/2/4458 2240/2/4456
f 2251/1/4459 2252/1/4459 2253/1/4460
f 2253/1/4460 2254/1/4459 2251/1/4459
f 2252/1/4461 2255/1/4462 2256/1/4462
f 2256/1/4462 2253/1/4461 2252/1/4461
f 2257/1/4463 2256/1/4464 2255/1/4463
f 2255/1/4463 2258/1/4465 2257/1/4463
f 2258/1/4466 2259/1/4467 2260/1/4468
f 2260/1/4468 2257/1/4467 2258/1/4466
f 2259/1/4469 2261/1/4469 2262/1/4470
f 2262/1/4470 2260/1/4470 2259/1/4469
f 2254/1/4471 2262/1/4472 2261/1/4473
f 2261/1/4473 2251/1/4474 2254/1/4471
f 2263/3/4475 2264/2/4476 2265/2/4477
f 2265/2/4477 2266/2/4477 2263/3/4475
f 2266/2/4478 2267/2/4479 2268/2/4479
f 2268/2/4479 2263/3/4480 2266/2/4478
f 2269/3/4481 2268/2/4481 2267/2/4482
f 2267/2/4482 2270/2/4483 2269/3/4481
f 2271/2/4484 2269/3/4485 2270/2/4484
f 2270/2/4484 2272/2/4486 2271/2/4484
f 2272/2/4487 2273/2/4488 2274/3/4489
f 2274/3/4489 2271/2/4487 2272/2/4487
f 2264/2/4490 2274/3/4491 2273/2/4491
f 2273/2/4491 2265/2/4492 2264/2/4490
f 2275/7/4493 2276/7/4494 2277/7/4493
f 2277/7/4493 2278/7/4495 2275/7/4493
f 2279/7/4496 2280/7/4497 2276/7/4498
f 2276/7/4498 2275/7/4499 2279/7/4496
f 2281/7/4500 2282/7/4501 2283/7/4502
f 2279/7/4503 2275/7/4504 2278/7/4505
f 2278/7/4505 2282/7/4506 2279/7/4503
f 2281/7/4507 2283/7/4508 2280/7/4509
f 2280/7/4497 2279/7/4496 2281/7/4510
f 2278/7/4511 2277/7/4511 2283/7/4502
f 2283/7/4502 2282/7/4501 2278/7/4511
f 2279/7/4503 2282/7/4506 2281/7/4512
f 2277/7/4513 2276/7/4514 2280/7/4509
f 2280/7/4509 2283/7/4508 2277/7/4513
f 2284/6/4515 2285/6/4516 2286/6/4517
f 2286/6/4517 2287/6/4518 2284/6/4515
f 2288/6/4519 2289/6/4520 2285/6/4521
f 2285/6/4521 2284/6/4522 2288/6/4519
f 2290/6/4523 2291/6/4524 2292/6/4525
f 2288/6/4526 2284/6/4527 2287/6/4527
f 2287/6/4527 2291/6/4528 2288/6/4526
f 2290/6/4529 2292/6/4530 2289/6/4531
f 2289/6/4520 2288/6/4519 2290/6/4532
f 2287/6/4533 2286/6/4534 2292/6/4525
f 2292/6/4525 2291/6/4524 2287/6/4533
f 2288/6/4526 2291/6/4528 2290/6/4535
f 2286/6/4536 2285/6/4537 2289/6/4531
f 2289/6/4531 2292/6/4530 2286/6/4536
f 2293/4/4538 2294/4/4539 2295/4/4540
f 2295/4/4540 2296/4/4541 2293/4/4538
f 2297/4/4542 2298/4/4543 2294/4/4544
f 2294/4/4544 2293/4/4545 2297/4/4542
f 2299/4/4546 2300/4/4547 2301/5/4548
f 2297/4/4549 2293/4/4550 2296/4/4551
f 2296/4/4551 2300/4/4552 2297/4/4549
f 2299/4/4553 2301/5/4554 2298/4/4555
f 2298/4/4543 2297/4/4542 2299/4/4556
f 2296/4/4557 2295/4/4558 2301/5/4548
f 2301/5/4548 2300/4/4547 2296/4/4557
f 2297/4/4549 2300/4/4552 2299/4/4559
f 2295/4/4560 2294/4/4561 2298/4/4555
f 2298/4/4555 2301/5/4554 2295/4/4560
f 2302/6/4562 2303/6/4563 2304/6/4563
f 2304/6/4563 2305/6/4564 2302/6/4562
f 2306/6/4565 2307/6/4566 2303/6/4567
f 2303/6/4567 2302/6/4568 2306/6/4565
f 2308/6/4569 2309/6/4570 2310/6/4571
f 2306/6/4572 2302/6/4573 2305/6/4574
f 2305/6/4574 2309/6/4575 2306/6/4572
f 2308/6/4576 2310/6/4577 2307/6/4578
f 2307/6/4566 2306/6/4565 2308/6/4579
f 2305/6/4580 2304/6/4581 2310/6/4571
f 2310/6/4571 2309/6/4570 2305/6/4580
f 2306/6/4572 2309/6/4575 2308/6/4582
f 2304/6/4583 2303/6/4583 2307/6/4578
f 2307/6/4578 2310/6/4577 2304/6/4583
f 2311/7/4584 2312/7/4585 2313/7/4586
f 2313/7/4586 2314/7/4587 2311/7/4584
f 2315/7/4588 2316/7/4589 2312/7/4590
f 2312/7/4590 2311/7/4591 2315/7/4588
f 2317/7/4592 2318/7/4593 2319/7/4594
f 2315/7/4595 2311/7/4596 2314/7/4596
f 2314/7/4596 2318/7/4597 2315/7/4595
f 2317/7/4598 2319/7/4599 2316/7/4600
f 2316/7/4589 2315/7/4588 2317/7/4601
f 2314/7/4602 2313/7/4603 2319/7/4594
f 2319/7/4594 2318/7/4593 2314/7/4602
f 2315/7/4595 2318/7/4597 2317/7/4604
f 2313/7/4605 2312/7/4606 2316/7/4600
f 2316/7/4600 2319/7/4599 2313/7/4605
f 2320/4/4607 2321/4/4608 2322/4/4609
f 2322/4/4609 2323/4/4610 2320/4/4607
f 2324/4/4611 2325/4/4612 2321/4/4613
f 2321/4/4613 2320/4/4614 2324/4/4611
f 2326/4/4615 2327/4/4616 2328/5/4617
f 2324/4/4618 2320/4/4619 2323/4/4620
f 2323/4/4620 2327/4/4621 2324/4/4618
f 2326/4/4622 2328/5/4623 2325/4/4624
f 2325/4/4612 2324/4/4611 2326/4/4625
f 2323/4/4626 2322/4/4626 2328/5/4617
f 2328/5/4617 2327/4/4616 2323/4/4626
f 2324/4/4618 2327/4/4621 2326/4/4627
f 2322/4/4628 2321/4/4629 2325/4/4624
f 2325/4/4624 2328/5/4623 2322/4/4628
f 2329/6/4630 2330/6/4631 2331/6/4632
f 2331/6/4632 2332/6/4632 2329/6/4630
f 2333/6/4633 2334/6/4634 2330/6/4635
f 2330/6/4635 2329/6/4636 2333/6/4633
f 2335/6/4637 2336/6/4638 2337/6/4639
f 2333/6/4640 2329/6/4641 2332/6/4642
f 2332/6/4642 2336/6/4643 2333/6/4640
f 2335/6/4644 2337/6/4645 2334/6/4646
f 2334/6/4634 2333/6/4633 2335/6/4647
f 2332/6/4648 2331/6/4649 2337/6/4639
f 2337/6/4639 2336/6/4638 2332/6/4648
f 2333/6/4640 2336/6/4643 2335/6/4650
f 2331/6/4651 2330/6/4652 2334/6/4646
f 2334/6/4646 2337/6/4645 2331/6/4651
f 2338/7/4653 2339/7/4654 2340/7/4655
f 2340/7/4655 2341/7/4655 2338/7/4653
f 2342/7/4656 2343/7/4657 2339/7/4658
f 2339/7/4658 2338/7/4658 2342/7/4656
f 2344/7/4659 2345/7/4660 2346/7/4661
f 2342/7/4662 2338/7/4663 2341/7/4664
f 2341/7/4664 2345/7/4665 2342/7/4662
f 2344/7/4666 2346/7/4667 2343/7/4668
f 2343/7/4657 2342/7/4656 2344/7/4669
f 2341/7/4670 2340/7/4671 2346/7/4661
f 2346/7/4661 2345/7/4660 2341/7/4670
f 2342/7/4662 2345/7/4665 2344/7/4672
f 2340/7/4673 2339/7/4674 2343/7/4668
f 2343/7/4668 2346/7/4667 2340/7/4673
f 2347/6/4675 2348/6/4675 2349/6/4676
f 2349/6/4676 2350/6/4676 2347/6/4675
f 2351/6/4677 2352/6/4678 2348/6/4679
f 2348/6/4679 2347/6/4680 2351/6/4677
f 2353/6/4681 2354/6/4682 2355/6/4683
f 2351/6/4684 2347/6/4685 2350/6/4686
f 2350/6/4686 2354/6/4687 2351/6/4684
f 2353/6/4688 2355/6/4689 2352/6/4690
f 2352/6/4678 2351/6/4677 2353/6/4691
f 2350/6/4692 2349/6/4693 2355/6/4683
f 2355/6/4683 2354/6/4682 2350/6/4692
f 2351/6/4684 2354/6/4687 2353/6/4694
f 2349/6/4695 2348/6/4696 2352/6/4690
f 2352/6/4690 2355/6/4689 2349/6/4695
f 2356/4/4697 2357/4/4698 2358/4/4699
f 2358/4/4699 2359/4/4700 2356/4/4697
f 2360/4/4701 2361/4/4702 2357/4/4703
f 2357/4/4703 2356/4/4704 2360/4/4701
f 2362/4/4705 2363/4/4706 2364/5/4707
f 2360/4/4708 2356/4/4709 2359/4/4710
f 2359/4/4710 2363/4/4711 2360/4/4708
f 2362/4/4712 2364/5/4713 2361/4/4714
f 2361/4/4702 2360/4/4701 2362/4/4715
f 2359/4/4716 2358/4/4717 2364/5/4707
f 2364/5/4707 2363/4/4706 2359/4/4716
f 2360/4/4708 2363/4/4711 2362/4/4718
f 2358/4/4719 2357/4/4720 2361/4/4714
f 2361/4/4714 2364/5/4713 2358/4/4719
f 2365/6/4721 2366/6/4722 2367/6/4723
f 2367/6/4723 2368/6/4721 2365/6/4721
f 2369/6/4724 2370/6/4725 2366/6/4726
f 2366/6/4726 2365/6/4727 2369/6/4724
f 2371/6/4728 2372/6/4729 2373/6/4730
f 2369/6/4731 2365/6/4732 2368/6/4733
f 2368/6/4733 2372/6/4734 2369/6/4731
f 2371/6/4735 2373/6/4736 2370/6/4737
f 2370/6/4725 2369/6/4724 2371/6/4738
f 2368/6/4739 2367/6/4739 2373/6/4730
f 2373/6/4730 2372/6/4729 2368/6/4739
f 2369/6/4731 2372/6/4734 2371/6/4740
f 2367/6/4741 2366/6/4742 2370/6/4737
f 2370/6/4737 2373/6/4736 2367/6/4741
f 2374/7/4743 2375/7/4744 2376/7/4743
f 2376/7/4743 2377/7/4745 2374/7/4743
f 2378/7/4746 2379/7/4747 2375/7/4748
f 2375/7/4748 2374/7/4748 2378/7/4746
f 2380/7/4749 2381/7/4750 2382/7/4751
f 2378/7/4752 2374/7/4753 2377/7/4754
f 2377/7/4754 2381/7/4755 2378/7/4752
f 2380/7/4756 2382/7/4757 2379/7/4758
f 2379/7/4747 2378/7/4746 2380/7/4759
f 2377/7/4760 2376/7/4761 2382/7/4751
f 2382/7/4751 2381/7/4750 2377/7/4760
f 2378/7/4752 2381/7/4755 2380/7/4762
f 2376/7/4763 2375/7/4764 2379/7/4758
f 2379/7/4758 2382/7/4757 2376/7/4763
f 2383/6/4765 2384/6/4766 2385/6/4767
f 2385/6/4767 2386/6/4768 2383/6/4765
f 2387/6/4769 2388/6/4770 2384/6/4771
f 2384/6/4771 2383/6/4772 2387/6/4769
f 2389/6/4773 2390/6/4774 2391/6/4775
f 2387/6/4776 2383/6/4777 2386/6/4778
f 2386/6/4778 2390/6/4779 2387/6/4776
f 2389/6/4780 2391/6/4781 2388/6/4782
f 2388/6/4770 2387/6/4769 2389/6/4783
f 2386/6/4784 2385/6/4785 2391/6/4775
f 2391/6/4775 2390/6/4774 2386/6/4784
f 2387/6/4776 2390/6/4779 2389/6/4786
f 2385/6/4787 2384/6/4787 2388/6/4782
f 2388/6/4782 2391/6/4781 2385/6/4787
f 2392/4/4788 2393/4/4789 2394/4/4790
f 2394/4/4790 2395/4/4788 2392/4/4788
f 2396/4/4791 2397/4/4792 2393/4/4793
f 2393/4/4793 2392/4/4793 2396/4/4791
f 2398/4/4794 2399/4/4795 2400/5/4796
f 2396/4/4797 2392/4/4798 2395/4/4799
f 2395/4/4799 2399/4/4800 2396/4/4797
f 2398/4/4801 2400/5/4802 2397/4/4803
f 2397/4/4792 2396/4/4791 2398/4/4804
f 2395/4/4805 2394/4/4805 2400/5/4796
f 2400/5/4796 2399/4/4795 2395/4/4805
f 2396/4/4797 2399/4/4800 2398/4/4806
f 2394/4/4807 2393/4/4808 2397/4/4803
f 2397/4/4803 2400/5/4802 2394/4/4807
f 2401/6/4809 2402/6/4810 2403/6/4811
f 2403/6/4811 2404/6/4810 2401/6/4809
f 2405/6/4812 2406/6/4813 2402/6/4814
f 2402/6/4814 2401/6/4815 2405/6/4812
f 2407/6/4816 2408/6/4817 2409/6/4818
f 2405/6/4819 2401/6/4820 2404/6/4821
f 2404/6/4821 2408/6/4822 2405/6/4819
f 2407/6/4823 2409/6/4824 2406/6/4825
f 2406/6/4813 2405/6/4812 2407/6/4826
f 2404/6/4827 2403/6/4828 2409/6/4818
f 2409/6/4818 2408/6/4817 2404/6/4827
f 2405/6/4819 2408/6/4822 2407/6/4829
f 2403/6/4830 2402/6/4831 2406/6/4825
f 2406/6/4825 2409/6/4824 2403/6/4830
f 2410/4/4832 2411/4/4833 2412/4/4833
f 2412/4/4833 2413/4/4834 2410/4/4832
f 2414/4/4835 2415/4/4836 2411/4/4837
f 2411/4/4837 2410/4/4838 2414/4/4835
f 2416/4/4839 2417/4/4840 2418/5/4841
f 2414/4/4842 2410/4/4843 2413/4/4844
f 2413/4/4844 2417/4/4845 2414/4/4842
f 2416/4/4846 2418/5/4847 2415/4/4848
f 2415/4/4836 2414/4/4835 2416/4/4849
f 2413/4/4850 2412/4/4851 2418/5/4841
f 2418/5/4841 2417/4/4840 2413/4/4850
f 2414/4/4842 2417/4/4845 2416/4/4852
f 2412/4/4853 2411/4/4854 2415/4/4848
f 2415/4/4848 2418/5/4847 2412/4/4853
f 2419/6/4855 2420/6/4856 2421/6/4855
f 2421/6/4855 2422/6/4857 2419/6/4855
f 2423/6/4858 2424/6/4859 2420/6/4860
f 2420/6/4860 2419/6/4861 2423/6/4858
f 2425/6/4862 2426/6/4863 2427/6/4864
f 2423/6/4865 2419/6/4866 2422/6/4867
f 2422/6/4867 2426/6/4868 2423/6/4865
f 2425/6/4869 2427/6/4870 2424/6/4871
f 2424/6/4859 2423/6/4858 2425/6/4872
f 2422/6/4873 2421/6/4874 2427/6/4864
f 2427/6/4864 2426/6/4863 2422/6/4873
f 2423/6/4865 2426/6/4868 2425/6/4875
f 2421/6/4876 2420/6/4877 2424/6/4871
f 2424/6/4871 2427/6/4870 2421/6/4876
f 2428/7/4878 2429/7/4879 2430/7/4880
f 2430/7/4880 2431/7/4881 2428/7/4878
f 2432/7/4882 2433/7/4883 2429/7/4884
f 2429/7/4884 2428/7/4885 2432/7/4882
f 2434/7/4886 2435/7/4887 2436/7/4888
f 2432/7/4889 2428/7/4890 2431/7/4891
f 2431/7/4891 2435/7/4892 2432/7/4889
f 2434/7/4893 2436/7/4894 2433/7/4895
f 2433/7/4883 2432/7/4882 2434/7/4896
f 2431/7/4897 2430/7/4898 2436/7/4888
f 2436/7/4888 2435/7/4887 2431/7/4897
f 2432/7/4889 2435/7/4892 2434/7/4899
f 2430/7/4900 2429/7/4900 2433/7/4895
f 2433/7/4895 2436/7/4894 2430/7/4900
f 2437/1/4901 2438/1/4902 2439/1/4903
f 2439/1/4903 2440/1/4903 2437/1/4901
f 2441/2/692 2442/2/692 2443/2/692
f 2443/2/692 2444/2/692 2441/2/692
f 2445/1/4904 2446/1/4905 2447/1/4906
f 2447/1/4906 2448/1/4907 2445/1/4904
f 2446/1/4908 2439/1/4908 2438/1/4909
f 2438/1/4909 2447/1/4909 2446/1/4908
f 2449/1/4910 2450/1/4910 2451/1/4910
f 2451/1/4910 2452/1/4910 2449/1/4910
f 2443/2/692 2453/2/692 2454/2/692
f 2454/2/692 2444/2/692 2443/2/692
f 2440/1/4911 2449/1/4912 2452/1/4911
f 2452/1/4911 2437/1/4911 2440/1/4911
f 2448/1/4913 2451/1/4914 2450/1/4913
f 2450/1/4913 2445/1/4913 2448/1/4913
f 2455/3/4915 2456/2/4916 2457/2/4916
f 2457/2/4916 2458/2/4916 2455/3/4915
f 2458/2/4917 2459/2/4918 2460/2/4919
f 2460/2/4919 2455/3/4920 2458/2/4917
f 2461/3/4921 2460/2/4921 2459/2/4922
f 2459/2/4922 2462/2/4922 2461/3/4921
f 2463/2/4923 2461/3/4924 2462/2/4923
f 2462/2/4923 2464/2/4925 2463/2/4923
f 2464/2/4926 2465/2/4927 2466/3/4928
f 2466/3/4928 2463/2/4927 2464/2/4926
f 2456/2/4929 2466/3/4929 2465/2/4929
f 2465/2/4929 2457/2/4929 2456/2/4929
f 2467/1/4930 2468/1/4931 2469/1/4930
f 2469/1/4930 2470/1/4932 2467/1/4930
f 2470/1/4933 2471/1/4934 2472/1/4935
f 2472/1/4935 2467/1/4936 2470/1/4933
f 2473/1/4937 2472/1/4938 2471/1/4939
f 2471/1/4939 2474/1/4939 2473/1/4937
f 2475/1/4940 2473/1/4941 2474/1/4942
f 2474/1/4942 2476/1/4943 2475/1/4940
f 2476/1/4944 2477/1/4945 2478/1/4944
f 2478/1/4944 2475/1/4946 2476/1/4944
f 2468/1/4947 2478/1/4948 2477/1/4948
f 2477/1/4948 2469/1/4948 2468/1/4947
f 2443/2/4949 2442/2/4950 2479/2/4951
f 2479/2/4951 2480/2/4950 2443/2/4949
f 2442/2/4952 2441/2/4952 2481/2/4952
f 2481/2/4952 2479/2/4953 2442/2/4952
f 2481/2/4954 2441/2/4955 2444/2/4956
f 2444/2/4956 2482/2/4957 2481/2/4954
f 2444/2/4958 2454/2/4959 2483/2/4960
f 2483/2/4960 2482/2/4958 2444/2/4958
f 2454/2/4961 2453/2/4962 2484/2/4962
f 2484/2/4962 2483/2/4962 2454/2/4961
f 2480/2/4963 2484/2/4964 2453/2/4965
f 2453/2/4965 2443/2/4966 2480/2/4963
f 2485/3/4967 2486/2/4968 2487/2/4969
f 2487/2/4969 2488/2/4970 2485/3/4967
f 2488/2/4971 2489/2/4972 2490/2/4973
f 2490/2/4973 2485/3/4973 2488/2/4971
f 2491/3/4974 2490/2/4974 2489/2/4975
f 2489/2/4975 2492/2/4975 2491/3/4974
f 2491/3/4976 2492/2/4977 2493/2/4978
f 2493/2/4978 2494/2/4979 2491/3/4976
f 2493/2/4980 2495/2/4981 2496/3/4982
f 2496/3/4982 2494/2/4983 2493/2/4980
f 2486/2/4984 2496/3/4984 2495/2/4985
f 2495/2/4985 2487/2/4985 2486/2/4984
f 2497/1/4986 2498/1/4987 2499/1/4986
f 2499/1/4986 2500/1/4986 2497/1/4986
f 2498/1/4988 2501/1/4989 2502/1/4989
f 2502/1/4989 2499/1/4988 2498/1/4988
f 2503/1/4990 2502/1/4990 2501/1/4990
f 2501/1/4990 2504/1/4990 2503/1/4990
f 2504/1/4991 2505/1/4992 2506/1/4993
f 2506/1/4993 2503/1/4994 2504/1/4991
f 2505/1/4995 2507/1/4996 2508/1/4997
f 2508/1/4997 2506/1/4997 2505/1/4995
f 2500/1/4998 2508/1/4999 2507/1/5000
f 2507/1/5000 2497/1/4999 2500/1/4998
f 2509/3/5001 2510/2/5002 2511/2/5003
f 2511/2/5003 2512/2/5004 2509/3/5001
f 2512/2/5005 2513/2/5006 2514/2/5005
f 2514/2/5005 2509/3/5005 2512/2/5005
f 2515/3/5007 2514/2/5007 2513/2/5007
f 2513/2/5007 2516/2/5007 2515/3/5007
f 2517/2/5008 2515/3/5009 2516/2/5008
f 2516/2/5008 2518/2/5009 2517/2/5008
f 2518/2/5010 2519/2/5010 2520/3/5011
f 2520/3/5011 2517/2/5012 2518/2/5010
f 2510/2/5013 2520/3/5013 2519/2/5014
f 2519/2/5014 2511/2/5014 2510/2/5013
f 2521/4/5015 2522/4/5016 2523/4/5017
f 2523/4/5017 2524/4/5017 2521/4/5015
f 2525/4/5018 2526/4/5019 2522/4/5020
f 2522/4/5020 2521/4/5021 2525/4/5018
f 2527/4/5022 2528/4/5023 2529/5/5024
f 2525/4/5025 2521/4/5026 2524/4/5027
f 2524/4/5027 2528/4/5028 2525/4/5025
f 2527/4/5029 2529/5/5030 2526/4/5031
f 2526/4/5019 2525/4/5018 2527/4/5032
f 2524/4/5033 2523/4/5033 2529/5/5024
f 2529/5/5024 2528/4/5023 2524/4/5033
f 2525/4/5025 2528/4/5028 2527/4/5034
f 2523/4/5035 2522/4/5036 2526/4/5031
f 2526/4/5031 2529/5/5030 2523/4/5035
f 2530/6/5037 2531/6/5038 2532/6/5039
f 2532/6/5039 2533/6/5037 2530/6/5037
f 2534/6/5040 2535/6/5041 2531/6/5042
f 2531/6/5042 2530/6/5043 2534/6/5040
f 2536/6/5044 2537/6/5045 2538/6/5046
f 2534/6/5047 2530/6/5048 2533/6/5049
f 2533/6/5049 2537/6/5050 2534/6/5047
f 2536/6/5051 2538/6/5052 2535/6/5053
f 2535/6/5041 2534/6/5040 2536/6/5054
f 2533/6/5055 2532/6/5055 2538/6/5046
f 2538/6/5046 2537/6/5045 2533/6/5055
f 2534/6/5047 2537/6/5050 2536/6/5056
f 2532/6/5057 2531/6/5057 2535/6/5053
f 2535/6/5053 2538/6/5052 2532/6/5057
f 2539/4/5058 2540/4/5059 2541/4/5060
f 2541/4/5060 2542/4/5061 2539/4/5058
f 2543/4/5062 2544/4/5063 2540/4/5064
f 2540/4/5064 2539/4/5065 2543/4/5062
f 2545/4/5066 2546/4/5067 2547/5/5068
f 2543/4/5069 2539/4/5070 2542/4/5070
f 2542/4/5070 2546/4/5071 2543/4/5069
f 2545/4/5072 2547/5/5073 2544/4/5074
f 2544/4/5063 2543/4/5062 2545/4/5075
f 2542/4/5076 2541/4/5077 2547/5/5068
f 2547/5/5068 2546/4/5067 2542/4/5076
f 2543/4/5069 2546/4/5071 2545/4/5078
f 2541/4/5079 2540/4/5080 2544/4/5074
f 2544/4/5074 2547/5/5073 2541/4/5079
f 2548/7/5081 2549/7/5082 2550/7/5083
f 2550/7/5083 2551/7/5084 2548/7/5081
f 2552/7/5085 2553/7/5086 2549/7/5087
f 2549/7/5087 2548/7/5088 2552/7/5085
f 2554/7/5089 2555/7/5090 2556/7/5091
f 2552/7/5092 2548/7/5093 2551/7/5094
f 2551/7/5094 2555/7/5095 2552/7/5092
f 2554/7/5096 2556/7/5097 2553/7/5098
f 2553/7/5086 2552/7/5085 2554/7/5099
f 2551/7/5100 2550/7/5101 2556/7/5091
f 2556/7/5091 2555/7/5090 2551/7/5100
f 2552/7/5092 2555/7/5095 2554/7/5102
f 2550/7/5103 2549/7/5104 2553/7/5098
f 2553/7/5098 2556/7/5097 2550/7/5103
f 2557/6/5105 2558/6/5106 2559/6/5107
f 2559/6/5107 2560/6/5108 2557/6/5105
f 2561/6/5109 2562/6/5110 2558/6/5111
f 2558/6/5111 2557/6/5112 2561/6/5109
f 2563/6/5113 2564/6/5114 2565/6/5115
f 2561/6/5116 2557/6/5117 2560/6/5118
f 2560/6/5118 2564/6/5119 2561/6/5116
f 2563/6/5120 2565/6/5121 2562/6/5122
f 2562/6/5110 2561/6/5109 2563/6/5123
f 2560/6/5124 2559/6/5124 2565/6/5115
f 2565/6/5115 2564/6/5114 2560/6/5124
f 2561/6/5116 2564/6/5119 2563/6/5125
f 2559/6/5126 2558/6/5127 2562/6/5122
f 2562/6/5122 2565/6/5121 2559/6/5126
f 2566/4/5128 2567/4/5129 2568/4/5130
f 2568/4/5130 2569/4/5129 2566/4/5128
f 2570/4/5131 2571/4/5132 2567/4/5133
f 2567/4/5133 2566/4/5134 2570/4/5131
f 2572/4/5135 2573/4/5136 2574/5/5137
f 2570/4/5138 2566/4/5139 2569/4/5140
f 2569/4/5140 2573/4/5141 2570/4/5138
f 2572/4/5142 2574/5/5143 2571/4/5144
f 2571/4/5132 2570/4/5131 2572/4/5145
f 2569/4/5146 2568/4/5146 2574/5/5137
f 2574/5/5137 2573/4/5136 2569/4/5146
f 2570/4/5138 2573/4/5141 2572/4/5147
f 2568/4/5148 2567/4/5149 2571/4/5144
f 2571/4/5144 2574/5/5143 2568/4/5148
f 2575/6/5150 2576/6/5151 2577/6/5150
f 2577/6/5150 2578/6/5152 2575/6/5150
f 2579/6/5153 2580/6/5154 2576/6/5155
f 2576/6/5155 2575/6/5156 2579/6/5153
f 2581/6/5157 2582/6/5158 2583/6/5159
f 2579/6/5160 2575/6/5161 2578/6/5162
f 2578/6/5162 2582/6/5163 2579/6/5160
f 2581/6/5164 2583/6/5165 2580/6/5166
f 2580/6/5154 2579/6/5153 2581/6/5167
f 2578/6/5168 2577/6/5169 2583/6/5159
f 2583/6/5159 2582/6/5158 2578/6/5168
f 2579/6/5160 2582/6/5163 2581/6/5170
f 2577/6/5171 2576/6/5172 2580/6/5166
f 2580/6/5166 2583/6/5165 2577/6/5171
f 2584/7/5173 2585/7/5174 2586/7/5175
f 2586/7/5175 2587/7/5175 2584/7/5173
f 2588/7/5176 2589/7/5177 2585/7/5178
f 2585/7/5178 2584/7/5179 2588/7/5176
f 2590/7/5180 2591/7/5181 2592/7/5182
f 2588/7/5183 2584/7/5184 2587/7/5185
f 2587/7/5185 2591/7/5186 2588/7/5183
f 2590/7/5187 2592/7/5188 2589/7/5189
f 2589/7/5177 2588/7/5176 2590/7/5190
f 2587/7/5191 2586/7/5191 2592/7/5182
f 2592/7/5182 2591/7/5181 2587/7/5191
f 2588/7/5183 2591/7/5186 2590/7/5192
f 2586/7/5193 2585/7/5194 2589/7/5189
f 2589/7/5189 2592/7/5188 2586/7/5193
f 2593/6/5195 2594/6/5196 2595/6/5197
f 2595/6/5197 2596/6/5198 2593/6/5195
f 2597/6/5199 2598/6/5200 2594/6/5201
f 2594/6/5201 2593/6/5202 2597/6/5199
f 2599/6/5203 2600/6/5204 2601/6/5205
f 2597/6/5206 2593/6/5207 2596/6/5207
f 2596/6/5207 2600/6/5208 2597/6/5206
f 2599/6/5209 2601/6/5210 2598/6/5211
f 2598/6/5200 2597/6/5199 2599/6/5212
f 2596/6/5213 2595/6/5214 2601/6/5205
f 2601/6/5205 2600/6/5204 2596/6/5213
f 2597/6/5206 2600/6/5208 2599/6/5215
f 2595/6/5216 2594/6/5217 2598/6/5211
f 2598/6/5211 2601/6/5210 2595/6/5216
f 2602/4/5218 2603/4/5219 2604/4/5218
f 2604/4/5218 2605/4/5220 2602/4/5218
f 2606/4/5221 2607/4/5222 2603/4/5223
f 2603/4/5223 2602/4/5224 2606/4/5221
f 2608/4/5225 2609/4/5226 2610/5/5227
f 2606/4/5228 2602/4/5229 2605/4/5229
f 2605/4/5229 2609/4/5230 2606/4/5228
f 2608/4/5231 2610/5/5232 2607/4/5233
f 2607/4/5222 2606/4/5221 2608/4/5234
f 2605/4/5235 2604/4/5235 2610/5/5227
f 2610/5/5227 2609/4/5226 2605/4/5235
f 2606/4/5228 2609/4/5230 2608/4/5236
f 2604/4/5237 2603/4/5238 2607/4/5233
f 2607/4/5233 2610/5/5232 2604/4/5237
f 2611/6/5239 2612/6/5240 2613/6/5241
f 2613/6/5241 2614/6/5239 2611/6/5239
f 2615/6/5242 2616/6/5243 2612/6/5244
f 2612/6/5244 2611/6/5245 2615/6/5242
f 2617/6/5246 2618/6/5247 2619/6/5248
f 2615/6/5249 2611/6/5250 2614/6/5251
f 2614/6/5251 2618/6/5252 2615/6/5249
f 2617/6/5253 2619/6/5254 2616/6/5255
f 2616/6/5243 2615/6/5242 2617/6/5256
f 2614/6/5257 2613/6/5258 2619/6/5248
f 2619/6/5248 2618/6/5247 2614/6/5257
f 2615/6/5249 2618/6/5252 2617/6/5259
f 2613/6/5260 2612/6/5261 2616/6/5255
f 2616/6/5255 2619/6/5254 2613/6/5260
f 2620/7/5262 2621/7/5263 2622/7/5263
f 2622/7/5263 2623/7/5264 2620/7/5262
f 2624/7/5265 2625/7/5266 2621/7/5267
f 2621/7/5267 2620/7/5268 2624/7/5265
f 2626/7/5269 2627/7/5270 2628/7/5271
f 2624/7/5272 2620/7/5273 2623/7/5274
f 2623/7/5274 2627/7/5275 2624/7/5272
f 2626/7/5276 2628/7/5277 2625/7/5278
f 2625/7/5266 2624/7/5265 2626/7/5279
f 2623/7/5280 2622/7/5280 2628/7/5271
f 2628/7/5271 2627/7/5270 2623/7/5280
f 2624/7/5272 2627/7/5275 2626/7/5281
f 2622/7/5282 2621/7/5282 2625/7/5278
f 2625/7/5278 2628/7/5277 2622/7/5282
f 2629/6/5283 2630/6/5284 2631/6/5285
f 2631/6/5285 2632/6/5286 2629/6/5283
f 2633/6/5287 2634/6/5288 2630/6/5289
f 2630/6/5289 2629/6/5290 2633/6/5287
f 2635/6/5291 2636/6/5292 2637/6/5293
f 2633/6/5294 2629/6/5295 2632/6/5296
f 2632/6/5296 2636/6/5297 2633/6/5294
f 2635/6/5298 2637/6/5299 2634/6/5300
f 2634/6/5288 2633/6/5287 2635/6/5301
f 2632/6/5302 2631/6/5303 2637/6/5293
f 2637/6/5293 2636/6/5292 2632/6/5302
f 2633/6/5294 2636/6/5297 2635/6/5304
f 2631/6/5305 2630/6/5306 2634/6/5300
f 2634/6/5300 2637/6/5299 2631/6/5305
f 2638/4/5307 2639/4/5307 2640/4/5307
f 2640/4/5307 2641/4/5307 2638/4/5307
f 2642/4/5308 2643/4/5309 2639/4/5310
f 2639/4/5310 2638/4/5311 2642/4/5308
f 2644/4/5312 2645/4/5313 2646/5/5314
f 2642/4/5315 2638/4/5316 2641/4/5317
f 2641/4/5317 2645/4/5318 2642/4/5315
f 2644/4/5319 2646/5/5320 2643/4/5321
f 2643/4/5309 2642/4/5308 2644/4/5322
f 2641/4/5323 2640/4/5324 2646/5/5314
f 2646/5/5314 2645/4/5313 2641/4/5323
f 2642/4/5315 2645/4/5318 2644/4/5325
f 2640/4/5326 2639/4/5327 2643/4/5321
f 2643/4/5321 2646/5/5320 2640/4/5326
f 2647/6/5328 2648/6/5329 2649/6/5330
f 2649/6/5330 2650/6/5331 2647/6/5328
f 2651/6/5332 2652/6/5333 2648/6/5334
f 2648/6/5334 2647/6/5334 2651/6/5332
f 2653/6/5335 2654/6/5336 2655/6/5337
f 2651/6/5338 2647/6/5339 2650/6/5340
f 2650/6/5340 2654/6/5341 2651/6/5338
f 2653/6/5342 2655/6/5343 2652/6/5344
f 2652/6/5333 2651/6/5332 2653/6/5345
f 2650/6/5346 2649/6/5346 2655/6/5337
f 2655/6/5337 2654/6/5336 2650/6/5346
f 2651/6/5338 2654/6/5341 2653/6/5347
f 2649/6/5348 2648/6/5349 2652/6/5344
f 2652/6/5344 2655/6/5343 2649/6/5348
f 2656/7/5350 2657/7/5350 2658/7/5351
f 2658/7/5351 2659/7/5351 2656/7/5350
f 2660/7/5352 2661/7/5353 2657/7/5354
f 2657/7/5354 2656/7/5355 2660/7/5352
f 2662/7/5356 2663/7/5357 2664/7/5358
f 2660/7/5359 2656/7/5360 2659/7/5361
f 2659/7/5361 2663/7/5362 2660/7/5359
f 2662/7/5363 2664/7/5364 2661/7/5365
f 2661/7/5353 2660/7/5352 2662/7/5366
f 2659/7/5367 2658/7/5367 2664/7/5358
f 2664/7/5358 2663/7/5357 2659/7/5367
f 2660/7/5359 2663/7/5362 2662/7/5368
f 2658/7/5369 2657/7/5370 2661/7/5365
f 2661/7/5365 2664/7/5364 2658/7/5369
f 2665/6/5371 2666/6/5372 2667/6/5371
f 2667/6/5371 2668/6/5372 2665/6/5371
f 2669/6/5373 2670/6/5374 2666/6/5375
f 2666/6/5375 2665/6/5376 2669/6/5373
f 2671/6/5377 2672/6/5378 2673/6/5379
f 2669/6/5380 2665/6/5381 2668/6/5381
f 2668/6/5381 2672/6/5382 2669/6/5380
f 2671/6/5383 2673/6/5384 2670/6/5385
f 2670/6/5374 2669/6/5373 2671/6/5386
f 2668/6/5387 2667/6/5387 2673/6/5379
f 2673/6/5379 2672/6/5378 2668/6/5387
f 2669/6/5380 2672/6/5382 2671/6/5388
f 2667/6/5389 2666/6/5390 2670/6/5385
f 2670/6/5385 2673/6/5384 2667/6/5389
f 2674/4/5391 2675/4/5392 2676/4/5392
f 2676/4/5392 2677/4/5393 2674/4/5391
f 2678/4/5394 2679/4/5395 2675/4/5396
f 2675/4/5396 2674/4/5396 2678/4/5394
f 2680/4/5397 2681/4/5398 2682/5/5399
f 2678/4/5400 2674/4/5401 2677/4/5402
f 2677/4/5402 2681/4/5403 2678/4/5400
f 2680/4/5404 2682/5/5405 2679/4/5406
f 2679/4/5395 2678/4/5394 2680/4/5407
f 2677/4/5408 2676/4/5409 2682/5/5399
f 2682/5/5399 2681/4/5398 2677/4/5408
f 2678/4/5400 2681/4/5403 2680/4/5410
f 2676/4/5411 2675/4/5412 2679/4/5406
f 2679/4/5406 2682/5/5405 2676/4/5411
f 2683/6/5413 2684/6/5414 2685/6/5415
f 2685/6/5415 2686/6/5416 2683/6/5413
f 2687/6/5417 2688/6/5418 2684/6/5419
f 2684/6/5419 2683/6/5420 2687/6/5417
f 2689/6/5421 2690/6/5422 2691/6/5423
f 2687/6/5424 2683/6/5425 2686/6/5426
f 2686/6/5426 2690/6/5427 2687/6/5424
f 2689/6/5428 2691/6/5429 2688/6/5430
f 2688/6/5418 2687/6/5417 2689/6/5431
f 2686/6/5432 2685/6/5433 2691/6/5423
f 2691/6/5423 2690/6/5422 2686/6/5432
f 2687/6/5424 2690/6/5427 2689/6/5434
f 2685/6/5435 2684/6/5436 2688/6/5430
f 2688/6/5430 2691/6/5429 2685/6/5435
f 2692/7/5437 2693/7/5438 2694/7/5439
f 2694/7/5439 2695/7/5440 2692/7/5437
f 2696/7/5441 2697/7/5442 2693/7/5443
f 2693/7/5443 2692/7/5444 2696/7/5441
f 2698/7/5445 2699/7/5446 2700/7/5447
f 2696/7/5448 2692/7/5449 2695/7/5449
f 2695/7/5449 2699/7/5450 2696/7/5448
f 2698/7/5451 2700/7/5452 2697/7/5453
f 2697/7/5442 2696/7/5441 2698/7/5454
f 2695/7/5455 2694/7/5456 2700/7/5447
f 2700/7/5447 2699/7/5446 2695/7/5455
f 2696/7/5448 2699/7/5450 2698/7/5457
f 2694/7/5458 2693/7/5459 2697/7/5453
f 2697/7/5453 2700/7/5452 2694/7/5458
f 2701/6/5460 2702/6/5461 2703/6/5462
f 2703/6/5462 2704/6/5463 2701/6/5460
f 2705/6/5464 2706/6/5465 2702/6/5466
f 2702/6/5466 2701/6/5467 2705/6/5464
f 2707/6/5468 2708/6/5469 2709/6/5470
f 2705/6/5471 2701/6/5472 2704/6/5473
f 2704/6/5473 2708/6/5474 2705/6/5471
f 2707/6/5475 2709/6/5476 2706/6/5477
f 2706/6/5465 2705/6/5464 2707/6/5478
f 2704/6/5479 2703/6/5480 2709/6/5470
f 2709/6/5470 2708/6/5469 2704/6/5479
f 2705/6/5471 2708/6/5474 2707/6/5481
f 2703/6/5482 2702/6/5483 2706/6/5477
f 2706/6/5477 2709/6/5476 2703/6/5482
f 2710/1/5484 2711/1/5485 2712/1/5486
f 2712/1/5486 2713/1/5487 2710/1/5484
f 2714/2/5488 2715/2/5488 2716/2/5489
f 2716/2/5489 2717/2/5488 2714/2/5488
f 2718/1/5490 2719/1/5490 2720/1/5491
f 2720/1/5491 2721/1/5490 2718/1/5490
f 2719/1/5492 2712/1/5492 2711/1/5492
f 2711/1/5492 2720/1/5492 2719/1/5492
f 2722/1/5493 2723/1/5493 2724/1/5494
f 2724/1/5494 2725/1/5495 2722/1/5493
f 2716/2/5496 2726/2/5497 2727/2/5496
f 2727/2/5496 2717/2/5497 2716/2/5496
f 2713/1/5498 2722/1/5499 2725/1/5499
f 2725/1/5499 2710/1/5498 2713/1/5498
f 2721/1/5500 2724/1/5501 2723/1/5502
f 2723/1/5502 2718/1/5502 2721/1/5500
f 2728/3/5503 2729/2/5504 2730/2/5504
f 2730/2/5504 2731/2/5505 2728/3/5503
f 2731/2/5506 2732/2/5507 2733/2/5508
f 2733/2/5508 2728/3/5506 2731/2/5506
f 2734/3/5509 2733/2/5510 2732/2/5511
f 2732/2/5511 2735/2/5511 2734/3/5509
f 2736/2/5512 2734/3/5513 2735/2/5514
f 2735/2/5514 2737/2/5513 2736/2/5512
f 2737/2/5515 2738/2/5515 2739/3/5516
f 2739/3/5516 2736/2/5517 2737/2/5515
f 2729/2/5518 2739/3/5519 2738/2/5520
f 2738/2/5520 2730/2/5521 2729/2/5518
f 2740/1/5522 2741/1/5522 2742/1/5523
f 2742/1/5523 2743/1/5524 2740/1/5522
f 2743/1/5525 2744/1/5525 2745/1/5526
f 2745/1/5526 2740/1/5527 2743/1/5525
f 2746/1/5528 2745/1/5528 2744/1/5528
f 2744/1/5528 2747/1/5529 2746/1/5528
f 2748/1/5530 2746/1/5531 2747/1/5532
f 2747/1/5532 2749/1/5531 2748/1/5530
f 2749/1/5533 2750/1/5534 2751/1/5535
f 2751/1/5535 2748/1/5533 2749/1/5533
f 2741/1/5536 2751/1/5537 2750/1/5538
f 2750/1/5538 2742/1/5538 2741/1/5536
f 2716/2/5539 2715/2/5540 2752/2/5540
f 2752/2/5540 2753/2/5541 2716/2/5539
f 2715/2/5542 2714/2/5542 2754/2/5542
f 2754/2/5542 2752/2/5543 2715/2/5542
f 2754/2/5544 2714/2/5545 2717/2/5546
f 2717/2/5546 2755/2/5547 2754/2/5544
f 2717/2/5548 2727/2/5549 2756/2/5550
f 2756/2/5550 2755/2/5549 2717/2/5548
f 2727/2/5551 2726/2/5552 2757/2/5553
f 2757/2/5553 2756/2/5553 2727/2/5551
f 2753/2/5554 2757/2/5555 2726/2/5556
f 2726/2/5556 2716/2/5557 2753/2/5554
f 2758/3/5558 2759/2/5558 2760/2/5559
f 2760/2/5559 2761/2/5560 2758/3/5558
f 2761/2/5561 2762/2/5562 2763/2/5561
f 2763/2/5561 2758/3/5563 2761/2/5561
f 2764/3/5564 2763/2/5565 2762/2/5566
f 2762/2/5566 2765/2/5566 2764/3/5564
f 2764/3/5567 2765/2/5568 2766/2/5569
f 2766/2/5569 2767/2/5570 2764/3/5567
f 2766/2/5571 2768/2/5572 2769/3/5573
f 2769/3/5573 2767/2/5572 2766/2/5571
f 2759/2/5574 2769/3/5575 2768/2/5575
f 2768/2/5575 2760/2/5576 2759/2/5574
f 2770/1/5577 2771/1/5577 2772/1/5578
f 2772/1/5578 2773/1/5579 2770/1/5577
f 2771/1/5580 2774/1/5581 2775/1/5582
f 2775/1/5582 2772/1/5580 2771/1/5580
f 2776/1/5583 2775/1/5584 2774/1/5583
f 2774/1/5583 2777/1/5585 2776/1/5583
f 2777/1/5586 2778/1/5587 2779/1/5588
f 2779/1/5588 2776/1/5589 2777/1/5586
f 2778/1/5590 2780/1/5591 2781/1/5592
f 2781/1/5592 2779/1/5592 2778/1/5590
f 2773/1/5593 2781/1/5594 2780/1/5593
f 2780/1/5593 2770/1/5594 2773/1/5593
f 2782/3/5595 2783/2/5596 2784/2/5597
f 2784/2/5597 2785/2/5598 2782/3/5595
f 2785/2/5599 2786/2/5599 2787/2/5600
f 2787/2/5600 2782/3/5601 2785/2/5599
f 2788/3/5602 2787/2/5603 2786/2/5604
f 2786/2/5604 2789/2/5605 2788/3/5602
f 2790/2/5606 2788/3/5606 2789/2/5606
f 2789/2/5606 2791/2/5607 2790/2/5606
f 2791/2/5608 2792/2/5609 2793/3/5610
f 2793/3/5610 2790/2/5608 2791/2/5608
f 2783/2/5611 2793/3/5611 2792/2/5612
f 2792/2/5612 2784/2/5613 2783/2/5611
f 2794/6/5614 2795/6/5614 2796/6/5615
f 2796/6/5615 2797/6/5616 2794/6/5614
f 2798/6/5617 2799/6/5618 2795/6/5619
f 2795/6/5619 2794/6/5620 2798/6/5617
f 2800/6/5621 2801/6/5622 2802/6/5623
f 2798/6/5624 2794/6/5625 2797/6/5626
f 2797/6/5626 2801/6/5627 2798/6/5624
f 2800/6/5628 2802/6/5629 2799/6/5630
f 2799/6/5618 2798/6/5617 2800/6/5631
f 2797/6/5632 2796/6/5633 2802/6/5623
f 2802/6/5623 2801/6/5622 2797/6/5632
f 2798/6/5624 2801/6/5627 2800/6/5634
f 2796/6/5635 2795/6/5636 2799/6/5630
f 2799/6/5630 2802/6/5629 2796/6/5635
f 2803/4/5637 2804/4/5637 2805/4/5638
f 2805/4/5638 2806/4/5639 2803/4/5637
f 2807/4/5640 2808/4/5641 2804/4/5642
f 2804/4/5642 2803/4/5643 2807/4/5640
f 2809/4/5644 2810/4/5645 2811/5/5646
f 2807/4/5647 2803/4/5648 2806/4/5649
f 2806/4/5649 2810/4/5650 2807/4/5647
f 2809/4/5651 2811/5/5652 2808/4/5653
f 2808/4/5641 2807/4/5640 2809/4/5654
f 2806/4/5655 2805/4/5656 2811/5/5646
f 2811/5/5646 2810/4/5645 2806/4/5655
f 2807/4/5647 2810/4/5650 2809/4/5657
f 2805/4/5658 2804/4/5659 2808/4/5653
f 2808/4/5653 2811/5/5652 2805/4/5658
f 2812/6/5660 2813/6/5661 2814/6/5662
f 2814/6/5662 2815/6/5663 2812/6/5660
f 2816/6/5664 2817/6/5665 2813/6/5666
f 2813/6/5666 2812/6/5667 2816/6/5664
f 2818/6/5668 2819/6/5669 2820/6/5670
f 2816/6/5671 2812/6/5672 2815/6/5672
f 2815/6/5672 2819/6/5673 2816/6/5671
f 2818/6/5674 2820/6/5675 2817/6/5676
f 2817/6/5665 2816/6/5664 2818/6/5677
f 2815/6/5678 2814/6/5678 2820/6/5670
f 2820/6/5670 2819/6/5669 2815/6/5678
f 2816/6/5671 2819/6/5673 2818/6/5679
f 2814/6/5680 2813/6/5681 2817/6/5676
f 2817/6/5676 2820/6/5675 2814/6/5680
f 2821/4/5682 2822/4/5683 2823/4/5683
f 2823/4/5683 2824/4/5683 2821/4/5682
f 2825/4/5684 2826/4/5685 2822/4/5686
f 2822/4/5686 2821/4/5687 2825/4/5684
f 2827/4/5688 2828/4/5689 2829/5/5690
f 2825/4/5691 2821/4/5692 2824/4/5693
f 2824/4/5693 2828/4/5694 2825/4/5691
f 2827/4/5695 2829/5/5696 2826/4/5697
f 2826/4/5685 2825/4/5684 2827/4/5698
f 2824/4/5699 2823/4/5700 2829/5/5690
f 2829/5/5690 2828/4/5689 2824/4/5699
f 2825/4/5691 2828/4/5694 2827/4/5701
f 2823/4/5702 2822/4/5703 2826/4/5697
f 2826/4/5697 2829/5/5696 2823/4/5702
f 2830/6/5704 2831/6/5705 2832/6/5706
f 2832/6/5706 2833/6/5707 2830/6/5704
f 2834/6/5708 2835/6/5709 2831/6/5710
f 2831/6/5710 2830/6/5711 2834/6/5708
f 2836/6/5712 2837/6/5713 2838/6/5714
f 2834/6/5715 2830/6/5716 2833/6/5717
f 2833/6/5717 2837/6/5718 2834/6/5715
f 2836/6/5719 2838/6/5720 2835/6/5721
f 2835/6/5709 2834/6/5708 2836/6/5722
f 2833/6/5723 2832/6/5724 2838/6/5714
f 2838/6/5714 2837/6/5713 2833/6/5723
f 2834/6/5715 2837/6/5718 2836/6/5725
f 2832/6/5726 2831/6/5727 2835/6/5721
f 2835/6/5721 2838/6/5720 2832/6/5726
f 2839/7/5728 2840/7/5729 2841/7/5730
f 2841/7/5730 2842/7/5729 2839/7/5728
f 2843/7/5731 2844/7/5732 2840/7/5733
f 2840/7/5733 2839/7/5734 2843/7/5731
f 2845/7/5735 2846/7/5736 2847/7/5737
f 2843/7/5738 2839/7/5739 2842/7/5739
f 2842/7/5739 2846/7/5740 2843/7/5738
f 2845/7/5741 2847/7/5742 2844/7/5743
f 2844/7/5732 2843/7/5731 2845/7/5744
f 2842/7/5745 2841/7/5746 2847/7/5737
f 2847/7/5737 2846/7/5736 2842/7/5745
f 2843/7/5738 2846/7/5740 2845/7/5747
f 2841/7/5748 2840/7/5749 2844/7/5743
f 2844/7/5743 2847/7/5742 2841/7/5748
f 2848/6/5750 2849/6/5751 2850/6/5750
f 2850/6/5750 2851/6/5752 2848/6/5750
f 2852/6/5753 2853/6/5754 2849/6/5755
f 2849/6/5755 2848/6/5756 2852/6/5753
f 2854/6/5757 2855/6/5758 2856/6/5759
f 2852/6/5760 2848/6/5761 2851/6/5762
f 2851/6/5762 2855/6/5763 2852/6/5760
f 2854/6/5764 2856/6/5765 2853/6/5766
f 2853/6/5754 2852/6/5753 2854/6/5767
f 2851/6/5768 2850/6/5769 2856/6/5759
f 2856/6/5759 2855/6/5758 2851/6/5768
f 2852/6/5760 2855/6/5763 2854/6/5770
f 2850/6/5771 2849/6/5772 2853/6/5766
f 2853/6/5766 2856/6/5765 2850/6/5771
f 2857/4/5773 2858/4/5774 2859/4/5775
f 2859/4/5775 2860/4/5776 2857/4/5773
f 2861/4/5777 2862/4/5778 2858/4/5779
f 2858/4/5779 2857/4/5780 2861/4/5777
f 2863/4/5781 2864/4/5782 2865/5/5783
f 2861/4/5784 2857/4/5785 2860/4/5786
f 2860/4/5786 2864/4/5787 2861/4/5784
f 2863/4/5788 2865/5/5789 2862/4/5790
f 2862/4/5778 2861/4/5777 2863/4/5791
f 2860/4/5792 2859/4/5793 2865/5/5783
f 2865/5/5783 2864/4/5782 2860/4/5792
f 2861/4/5784 2864/4/5787 2863/4/5794
f 2859/4/5795 2858/4/5796 2862/4/5790
f 2862/4/5790 2865/5/5789 2859/4/5795
f 2866/6/5797 2867/6/5798 2868/6/5797
f 2868/6/5797 2869/6/5799 2866/6/5797
f 2870/6/5800 2871/6/5801 2867/6/5802
f 2867/6/5802 2866/6/5803 2870/6/5800
f 2872/6/5804 2873/6/5805 2874/6/5806
f 2870/6/5807 2866/6/5808 2869/6/5809
f 2869/6/5809 2873/6/5810 2870/6/5807
f 2872/6/5811 2874/6/5812 2871/6/5813
f 2871/6/5801 2870/6/5800 2872/6/5814
f 2869/6/5815 2868/6/5816 2874/6/5806
f 2874/6/5806 2873/6/5805 2869/6/5815
f 2870/6/5807 2873/6/5810 2872/6/5817
f 2868/6/5818 2867/6/5819 2871/6/5813
f 2871/6/5813 2874/6/5812 2868/6/5818
f 2875/7/5820 2876/7/5820 2877/7/5821
f 2877/7/5821 2878/7/5822 2875/7/5820
f 2879/7/5823 2880/7/5824 2876/7/5825
f 2876/7/5825 2875/7/5826 2879/7/5823
f 2881/7/5827 2882/7/5828 2883/7/5829
f 2879/7/5830 2875/7/5831 2878/7/5832
f 2878/7/5832 2882/7/5833 2879/7/5830
f 2881/7/5834 2883/7/5835 2880/7/5836
f 2880/7/5824 2879/7/5823 2881/7/5837
f 2878/7/5838 2877/7/5839 2883/7/5829
f 2883/7/5829 2882/7/5828 2878/7/5838
f 2879/7/5830 2882/7/5833 2881/7/5840
f 2877/7/5841 2876/7/5842 2880/7/5836
f 2880/7/5836 2883/7/5835 2877/7/5841
f 2884/6/5843 2885/6/5844 2886/6/5845
f 2886/6/5845 2887/6/5844 2884/6/5843
f 2888/6/5846 2889/6/5847 2885/6/5848
f 2885/6/5848 2884/6/5849 2888/6/5846
f 2890/6/5850 2891/6/5851 2892/6/5852
f 2888/6/5853 2884/6/5854 2887/6/5855
f 2887/6/5855 2891/6/5856 2888/6/5853
f 2890/6/5857 2892/6/5858 2889/6/5859
f 2889/6/5847 2888/6/5846 2890/6/5860
f 2887/6/5861 2886/6/5862 2892/6/5852
f 2892/6/5852 2891/6/5851 2887/6/5861
f 2888/6/5853 2891/6/5856 2890/6/5863
f 2886/6/5864 2885/6/5864 2889/6/5859
f 2889/6/5859 2892/6/5858 2886/6/5864
f 2893/451/5865 2894/451/5865 2895/451/5865
f 2895/451/5865 2896/451/5865 2893/451/5865
f 2897/451/5866 2898/451/5867 2894/451/5868
f 2894/451/5868 2893/451/5869 2897/451/5866
f 2899/451/5870 2900/451/5871 2901/451/5872
f 2897/451/5873 2893/451/5874 2896/451/5874
f 2896/451/5874 2900/451/5875 2897/451/5873
f 2899/451/5876 2901/451/5877 2898/451/5878
f 2898/451/5867 2897/451/5866 2899/451/5879
f 2896/451/5880 2895/451/5881 2901/451/5872
f 2901/451/5872 2900/451/5871 2896/451/5880
f 2897/451/5873 2900/451/5875 2899/451/5882
f 2895/451/5883 2894/451/5883 2898/451/5878
f 2898/451/5878 2901/451/5877 2895/451/5883
f 2902/451/5884 2903/451/5885 2904/451/5886
f 2904/451/5886 2905/451/5884 2902/451/5884
f 2906/451/5887 2907/451/5888 2903/451/5889
f 2903/451/5889 2902/451/5889 2906/451/5887
f 2908/451/5890 2909/451/5891 2910/451/5892
f 2906/451/5893 2902/451/5894 2905/451/5895
f 2905/451/5895 2909/451/5896 2906/451/5893
f 2908/451/5897 2910/451/5898 2907/451/5899
f 2907/451/5888 2906/451/5887 2908/451/5900
f 2905/451/5901 2904/451/5902 2910/451/5892
f 2910/451/5892 2909/451/5891 2905/451/5901
f 2906/451/5893 2909/451/5896 2908/451/5903
f 2904/451/5904 2903/451/5904 2907/451/5899
f 2907/451/5899 2910/451/5898 2904/451/5904
f 2911/6/5905 2912/6/5905 2913/6/5905
f 2913/6/5905 2914/6/5906 2911/6/5905
f 2915/6/5907 2916/6/5908 2912/6/5909
f 2912/6/5909 2911/6/5910 2915/6/5907
f 2917/6/5911 2918/6/5912 2919/6/5913
f 2915/6/5914 2911/6/5915 2914/6/5916
f 2914/6/5916 2918/6/5917 2915/6/5914
f 2917/6/5918 2919/6/5919 2916/6/5920
f 2916/6/5908 2915/6/5907 2917/6/5921
f 2914/6/5922 2913/6/5923 2919/6/5913
f 2919/6/5913 2918/6/5912 2914/6/5922
f 2915/6/5914 2918/6/5917 2917/6/5924
f 2913/6/5925 2912/6/5926 2916/6/5920
f 2916/6/5920 2919/6/5919 2913/6/5925
f 2920/1/5927 2921/1/5928 2922/1/5928
f 2922/1/5928 2923/1/5929 2920/1/5927
f 2924/2/5930 2925/2/5931 2926/2/5931
f 2926/2/5931 2927/2/5931 2924/2/5930
f 2928/1/5932 2929/1/5933 2930/1/5934
f 2930/1/5934 2931/1/5935 2928/1/5932
f 2929/1/5936 2922/1/5937 2921/1/5938
f 2921/1/5938 2930/1/5939 2929/1/5936
f 2932/1/5940 2933/1/5941 2934/1/5942
f 2934/1/5942 2935/1/5943 2932/1/5940
f 2926/2/5944 2936/2/5945 2937/2/5944
f 2937/2/5944 2927/2/5945 2926/2/5944
f 2923/1/5946 2932/1/5947 2935/1/5948
f 2935/1/5948 2920/1/5948 2923/1/5946
f 2931/1/5949 2934/1/5950 2933/1/5950
f 2933/1/5950 2928/1/5951 2931/1/5949
f 2938/3/5952 2939/2/5953 2940/2/5954
f 2940/2/5954 2941/2/5952 2938/3/5952
f 2941/2/5955 2942/2/5956 2943/2/5957
f 2943/2/5957 2938/3/5958 2941/2/5955
f 2944/3/5959 2943/2/5960 2942/2/5960
f 2942/2/5960 2945/2/5961 2944/3/5959
f 2946/2/5962 2944/3/5963 2945/2/5964
f 2945/2/5964 2947/2/5963 2946/2/5962
f 2947/2/5965 2948/2/5966 2949/3/5967
f 2949/3/5967 2946/2/5968 2947/2/5965
f 2939/2/5969 2949/3/5969 2948/2/5970
f 2948/2/5970 2940/2/5970 2939/2/5969
f 2950/1/5971 2951/1/5972 2952/1/5972
f 2952/1/5972 2953/1/5973 2950/1/5971
f 2953/1/5974 2954/1/5975 2955/1/5976
f 2955/1/5976 2950/1/5977 2953/1/5974
f 2956/1/5978 2955/1/5979 2954/1/5980
f 2954/1/5980 2957/1/5981 2956/1/5978
f 2958/1/5982 2956/1/5983 2957/1/5984
f 2957/1/5984 2959/1/5985 2958/1/5982
f 2959/1/5986 2960/1/5987 2961/1/5988
f 2961/1/5988 2958/1/5989 2959/1/5986
f 2951/1/5990 2961/1/5990 2960/1/5991
f 2960/1/5991 2952/1/5992 2951/1/5990
f 2926/2/5993 2925/2/5994 2962/2/5995
f 2962/2/5995 2963/2/5996 2926/2/5993
f 2925/2/5997 2924/2/5998 2964/2/5999
f 2964/2/5999 2962/2/6000 2925/2/5997
f 2964/2/6001 2924/2/6002 2927/2/6002
f 2927/2/6002 2965/2/6003 2964/2/6001
f 2927/2/6004 2937/2/6005 2966/2/6006
f 2966/2/6006 2965/2/6007 2927/2/6004
f 2937/2/6008 2936/2/6009 2967/2/6010
f 2967/2/6010 2966/2/6010 2937/2/6008
f 2963/2/6011 2967/2/6012 2936/2/6013
f 2936/2/6013 2926/2/6014 2963/2/6011
f 2968/3/6015 2969/2/6016 2970/2/6015
f 2970/2/6015 2971/2/6016 2968/3/6015
f 2971/2/6017 2972/2/6018 2973/2/6017
f 2973/2/6017 2968/3/6019 2971/2/6017
f 2974/3/6020 2973/2/6021 2972/2/6021
f 2972/2/6021 2975/2/6020 2974/3/6020
f 2974/3/6022 2975/2/6022 2976/2/6023
f 2976/2/6023 2977/2/6023 2974/3/6022
f 2976/2/6024 2978/2/6025 2979/3/6024
f 2979/3/6024 2977/2/6026 2976/2/6024
f 2969/2/6027 2979/3/6027 2978/2/6028
f 2978/2/6028 2970/2/6029 2969/2/6027
f 2980/1/6030 2981/1/6031 2982/1/6031
f 2982/1/6031 2983/1/6030 2980/1/6030
f 2981/1/6032 2984/1/6033 2985/1/6034
f 2985/1/6034 2982/1/6034 2981/1/6032
f 2986/1/6035 2985/1/6036 2984/1/6035
f 2984/1/6035 2987/1/6037 2986/1/6035
f 2987/1/6038 2988/1/6039 2989/1/6040
f 2989/1/6040 2986/1/6038 2987/1/6038
f 2988/1/6041 2990/1/6042 2991/1/6043
f 2991/1/6043 2989/1/6042 2988/1/6041
f 2983/1/6044 2991/1/6045 2990/1/6044
f 2990/1/6044 2980/1/6046 2983/1/6044
f 2992/3/6047 2993/2/6047 2994/2/6048
f 2994/2/6048 2995/2/6049 2992/3/6047
f 2995/2/6050 2996/2/6051 2997/2/6052
f 2997/2/6052 2992/3/6051 2995/2/6050
f 2998/3/6053 2997/2/6054 2996/2/6053
f 2996/2/6053 2999/2/6053 2998/3/6053
f 3000/2/6055 2998/3/6056 2999/2/6057
f 2999/2/6057 3001/2/6058 3000/2/6055
f 3001/2/6059 3002/2/6060 3003/3/6061
f 3003/3/6061 3000/2/6062 3001/2/6059
f 2993/2/6063 3003/3/6064 3002/2/6065
f 3002/2/6065 2994/2/6065 2993/2/6063
f 3004/7/6066 3005/7/6067 3006/7/6067
f 3006/7/6067 3007/7/6067 3004/7/6066
f 3008/7/6068 3009/7/6069 3005/7/6070
f 3005/7/6070 3004/7/6071 3008/7/6068
f 3010/7/6072 3011/7/6073 3012/7/6074
f 3008/7/6075 3004/7/6076 3007/7/6076
f 3007/7/6076 3011/7/6077 3008/7/6075
f 3010/7/6078 3012/7/6079 3009/7/6080
f 3009/7/6069 3008/7/6068 3010/7/6081
f 3007/7/6082 3006/7/6083 3012/7/6074
f 3012/7/6074 3011/7/6073 3007/7/6082
f 3008/7/6075 3011/7/6077 3010/7/6084
f 3006/7/6085 3005/7/6086 3009/7/6080
f 3009/7/6080 3012/7/6079 3006/7/6085
f 3013/6/6087 3014/6/6087 3015/6/6088
f 3015/6/6088 3016/6/6089 3013/6/6087
f 3017/6/6090 3018/6/6091 3014/6/6092
f 3014/6/6092 3013/6/6093 3017/6/6090
f 3019/6/6094 3020/6/6095 3021/6/6096
f 3017/6/6097 3013/6/6098 3016/6/6099
f 3016/6/6099 3020/6/6100 3017/6/6097
f 3019/6/6101 3021/6/6102 3018/6/6103
f 3018/6/6091 3017/6/6090 3019/6/6104
f 3016/6/6105 3015/6/6106 3021/6/6096
f 3021/6/6096 3020/6/6095 3016/6/6105
f 3017/6/6097 3020/6/6100 3019/6/6107
f 3015/6/6108 3014/6/6109 3018/6/6103
f 3018/6/6103 3021/6/6102 3015/6/6108
f 3022/4/6110 3023/4/6111 3024/4/6112
f 3024/4/6112 3025/4/6113 3022/4/6110
f 3026/4/6114 3027/4/6115 3023/4/6116
f 3023/4/6116 3022/4/6117 3026/4/6114
f 3028/4/6118 3029/4/6119 3030/5/6120
f 3026/4/6121 3022/4/6122 3025/4/6123
f 3025/4/6123 3029/4/6124 3026/4/6121
f 3028/4/6125 3030/5/6126 3027/4/6127
f 3027/4/6115 3026/4/6114 3028/4/6128
f 3025/4/6129 3024/4/6130 3030/5/6120
f 3030/5/6120 3029/4/6119 3025/4/6129
f 3026/4/6121 3029/4/6124 3028/4/6131
f 3024/4/6132 3023/4/6132 3027/4/6127
f 3027/4/6127 3030/5/6126 3024/4/6132
f 3031/6/6133 3032/6/6134 3033/6/6133
f 3033/6/6133 3034/6/6135 3031/6/6133
f 3035/6/6136 3036/6/6137 3032/6/6138
f 3032/6/6138 3031/6/6139 3035/6/6136
f 3037/6/6140 3038/6/6141 3039/6/6142
f 3035/6/6143 3031/6/6144 3034/6/6145
f 3034/6/6145 3038/6/6146 3035/6/6143
f 3037/6/6147 3039/6/6148 3036/6/6149
f 3036/6/6137 3035/6/6136 3037/6/6150
f 3034/6/6151 3033/6/6152 3039/6/6142
f 3039/6/6142 3038/6/6141 3034/6/6151
f 3035/6/6143 3038/6/6146 3037/6/6153
f 3033/6/6154 3032/6/6155 3036/6/6149
f 3036/6/6149 3039/6/6148 3033/6/6154
f 3040/7/6156 3041/7/6157 3042/7/6158
f 3042/7/6158 3043/7/6159 3040/7/6156
f 3044/7/6160 3045/7/6161 3041/7/6162
f 3041/7/6162 3040/7/6163 3044/7/6160
f 3046/7/6164 3047/7/6165 3048/7/6166
f 3044/7/6167 3040/7/6168 3043/7/6168
f 3043/7/6168 3047/7/6169 3044/7/6167
f 3046/7/6170 3048/7/6171 3045/7/6172
f 3045/7/6161 3044/7/6160 3046/7/6173
f 3043/7/6174 3042/7/6175 3048/7/6166
f 3048/7/6166 3047/7/6165 3043/7/6174
f 3044/7/6167 3047/7/6169 3046/7/6176
f 3042/7/6177 3041/7/6178 3045/7/6172
f 3045/7/6172 3048/7/6171 3042/7/6177
f 3049/4/6179 3050/4/6180 3051/4/6181
f 3051/4/6181 3052/4/6182 3049/4/6179
f 3053/4/6183 3054/4/6184 3050/4/6185
f 3050/4/6185 3049/4/6186 3053/4/6183
f 3055/4/6187 3056/4/6188 3057/5/6189
f 3053/4/6190 3049/4/6191 3052/4/6192
f 3052/4/6192 3056/4/6193 3053/4/6190
f 3055/4/6194 3057/5/6195 3054/4/6196
f 3054/4/6184 3053/4/6183 3055/4/6197
f 3052/4/6198 3051/4/6199 3057/5/6189
f 3057/5/6189 3056/4/6188 3052/4/6198
f 3053/4/6190 3056/4/6193 3055/4/6200
f 3051/4/6201 3050/4/6202 3054/4/6196
f 3054/4/6196 3057/5/6195 3051/4/6201
f 3058/6/6203 3059/6/6203 3060/6/6204
f 3060/6/6204 3061/6/6204 3058/6/6203
f 3062/6/6205 3063/6/6206 3059/6/6207
f 3059/6/6207 3058/6/6207 3062/6/6205
f 3064/6/6208 3065/6/6209 3066/6/6210
f 3062/6/6211 3058/6/6212 3061/6/6213
f 3061/6/6213 3065/6/6214 3062/6/6211
f 3064/6/6215 3066/6/6216 3063/6/6217
f 3063/6/6206 3062/6/6205 3064/6/6218
f 3061/6/6219 3060/6/6219 3066/6/6210
f 3066/6/6210 3065/6/6209 3061/6/6219
f 3062/6/6211 3065/6/6214 3064/6/6220
f 3060/6/6221 3059/6/6221 3063/6/6217
f 3063/6/6217 3066/6/6216 3060/6/6221
f 3067/7/6222 3068/7/6223 3069/7/6224
f 3069/7/6224 3070/7/6222 3067/7/6222
f 3071/7/6225 3072/7/6226 3068/7/6227
f 3068/7/6227 3067/7/6228 3071/7/6225
f 3073/7/6229 3074/7/6230 3075/7/6231
f 3071/7/6232 3067/7/6233 3070/7/6234
f 3070/7/6234 3074/7/6235 3071/7/6232
f 3073/7/6236 3075/7/6237 3072/7/6238
f 3072/7/6226 3071/7/6225 3073/7/6239
f 3070/7/6240 3069/7/6241 3075/7/6231
f 3075/7/6231 3074/7/6230 3070/7/6240
f 3071/7/6232 3074/7/6235 3073/7/6242
f 3069/7/6243 3068/7/6244 3072/7/6238
f 3072/7/6238 3075/7/6237 3069/7/6243
f 3076/6/6245 3077/6/6246 3078/6/6245
f 3078/6/6245 3079/6/6245 3076/6/6245
f 3080/6/6247 3081/6/6248 3077/6/6249
f 3077/6/6249 3076/6/6249 3080/6/6247
f 3082/6/6250 3083/6/6251 3084/6/6252
f 3080/6/6253 3076/6/6254 3079/6/6255
f 3079/6/6255 3083/6/6256 3080/6/6253
f 3082/6/6257 3084/6/6258 3081/6/6259
f 3081/6/6248 3080/6/6247 3082/6/6260
f 3079/6/6261 3078/6/6262 3084/6/6252
f 3084/6/6252 3083/6/6251 3079/6/6261
f 3080/6/6253 3083/6/6256 3082/6/6263
f 3078/6/6264 3077/6/6265 3081/6/6259
f 3081/6/6259 3084/6/6258 3078/6/6264
f 3085/4/6266 3086/4/6267 3087/4/6268
f 3087/4/6268 3088/4/6269 3085/4/6266
f 3089/4/6270 3090/4/6271 3086/4/6272
f 3086/4/6272 3085/4/6273 3089/4/6270
f 3091/4/6274 3092/4/6275 3093/5/6276
f 3089/4/6277 3085/4/6278 3088/4/6279
f 3088/4/6279 3092/4/6280 3089/4/6277
f 3091/4/6281 3093/5/6282 3090/4/6283
f 3090/4/6271 3089/4/6270 3091/4/6284
f 3088/4/6285 3087/4/6286 3093/5/6276
f 3093/5/6276 3092/4/6275 3088/4/6285
f 3089/4/6277 3092/4/6280 3091/4/6287
f 3087/4/6288 3086/4/6289 3090/4/6283
f 3090/4/6283 3093/5/6282 3087/4/6288
f 3094/6/6290 3095/6/6290 3096/6/6291
f 3096/6/6291 3097/6/6290 3094/6/6290
f 3098/6/6292 3099/6/6293 3095/6/6294
f 3095/6/6294 3094/6/6295 3098/6/6292
f 3100/6/6296 3101/6/6297 3102/6/6298
f 3098/6/6299 3094/6/6300 3097/6/6300
f 3097/6/6300 3101/6/6301 3098/6/6299
f 3100/6/6302 3102/6/6303 3099/6/6304
f 3099/6/6293 3098/6/6292 3100/6/6305
f 3097/6/6306 3096/6/6307 3102/6/6298
f 3102/6/6298 3101/6/6297 3097/6/6306
f 3098/6/6299 3101/6/6301 3100/6/6308
f 3096/6/6309 3095/6/6310 3099/6/6304
f 3099/6/6304 3102/6/6303 3096/6/6309
f 3103/7/6311 3104/7/6312 3105/7/6313
f 3105/7/6313 3106/7/6313 3103/7/6311
f 3107/7/6314 3108/7/6315 3104/7/6316
f 3104/7/6316 3103/7/6317 3107/7/6314
f 3109/7/6318 3110/7/6319 3111/7/6320
f 3107/7/6321 3103/7/6322 3106/7/6322
f 3106/7/6322 3110/7/6323 3107/7/6321
f 3109/7/6324 3111/7/6325 3108/7/6326
f 3108/7/6315 3107/7/6314 3109/7/6327
f 3106/7/6328 3105/7/6329 3111/7/6320
f 3111/7/6320 3110/7/6319 3106/7/6328
f 3107/7/6321 3110/7/6323 3109/7/6330
f 3105/7/6331 3104/7/6332 3108/7/6326
f 3108/7/6326 3111/7/6325 3105/7/6331
f 3112/6/6333 3113/6/6334 3114/6/6335
f 3114/6/6335 3115/6/6336 3112/6/6333
f 3116/6/6337 3117/6/6338 3113/6/6339
f 3113/6/6339 3112/6/6339 3116/6/6337
f 3118/6/6340 3119/6/6341 3120/6/6342
f 3116/6/6343 3112/6/6344 3115/6/6345
f 3115/6/6345 3119/6/6346 3116/6/6343
f 3118/6/6347 3120/6/6348 3117/6/6349
f 3117/6/6338 3116/6/6337 3118/6/6350
f 3115/6/6351 3114/6/6352 3120/6/6342
f 3120/6/6342 3119/6/6341 3115/6/6351
f 3116/6/6343 3119/6/6346 3118/6/6353
f 3114/6/6354 3113/6/6355 3117/6/6349
f 3117/6/6349 3120/6/6348 3114/6/6354
f 3121/4/6356 3122/4/6357 3123/4/6358
f 3123/4/6358 3124/4/6357 3121/4/6356
f 3125/4/6359 3126/4/6360 3122/4/6361
f 3122/4/6361 3121/4/6362 3125/4/6359
f 3127/4/6363 3128/4/6364 3129/5/6365
f 3125/4/6366 3121/4/6367 3124/4/6368
f 3124/4/6368 3128/4/6369 3125/4/6366
f 3127/4/6370 3129/5/6371 3126/4/6372
f 3126/4/6360 3125/4/6359 3127/4/6373
f 3124/4/6374 3123/4/6375 3129/5/6365
f 3129/5/6365 3128/4/6364 3124/4/6374
f 3125/4/6366 3128/4/6369 3127/4/6376
f 3123/4/6377 3122/4/6378 3126/4/6372
f 3126/4/6372 3129/5/6371 3123/4/6377
f 3130/6/6379 3131/6/6379 3132/6/6380
f 3132/6/6380 3133/6/6380 3130/6/6379
f 3134/6/6381 3135/6/6382 3131/6/6383
f 3131/6/6383 3130/6/6383 3134/6/6381
f 3136/6/6384 3137/6/6385 3138/6/6386
f 3134/6/6387 3130/6/6388 3133/6/6389
f 3133/6/6389 3137/6/6390 3134/6/6387
f 3136/6/6391 3138/6/6392 3135/6/6393
f 3135/6/6382 3134/6/6381 3136/6/6394
f 3133/6/6395 3132/6/6396 3138/6/6386
f 3138/6/6386 3137/6/6385 3133/6/6395
f 3134/6/6387 3137/6/6390 3136/6/6397
f 3132/6/6398 3131/6/6399 3135/6/6393
f 3135/6/6393 3138/6/6392 3132/6/6398
f 3139/4/6400 3140/4/6401 3141/4/6402
f 3141/4/6402 3142/4/6403 3139/4/6400
f 3143/4/6404 3144/4/6405 3140/4/6406
f 3140/4/6406 3139/4/6407 3143/4/6404
f 3145/4/6408 3146/4/6409 3147/5/6410
f 3143/4/6411 3139/4/6412 3142/4/6412
f 3142/4/6412 3146/4/6413 3143/4/6411
f 3145/4/6414 3147/5/6415 3144/4/6416
f 3144/4/6405 3143/4/6404 3145/4/6417
f 3142/4/6418 3141/4/6419 3147/5/6410
f 3147/5/6410 3146/4/6409 3142/4/6418
f 3143/4/6411 3146/4/6413 3145/4/6420
f 3141/4/6421 3140/4/6422 3144/4/6416
f 3144/4/6416 3147/5/6415 3141/4/6421
f 3148/6/6423 3149/6/6424 3150/6/6424
f 3150/6/6424 3151/6/6425 3148/6/6423
f 3152/6/6426 3153/6/6427 3149/6/6428
f 3149/6/6428 3148/6/6428 3152/6/6426
f 3154/6/6429 3155/6/6430 3156/6/6431
f 3152/6/6432 3148/6/6433 3151/6/6434
f 3151/6/6434 3155/6/6435 3152/6/6432
f 3154/6/6436 3156/6/6437 3153/6/6438
f 3153/6/6427 3152/6/6426 3154/6/6439
f 3151/6/6440 3150/6/6441 3156/6/6431
f 3156/6/6431 3155/6/6430 3151/6/6440
f 3152/6/6432 3155/6/6435 3154/6/6442
f 3150/6/6443 3149/6/6443 3153/6/6438
f 3153/6/6438 3156/6/6437 3150/6/6443
f 3157/7/6444 3158/7/6445 3159/7/6446
f 3159/7/6446 3160/7/6447 3157/7/6444
f 3161/7/6448 3162/7/6449 3158/7/6450
f 3158/7/6450 3157/7/6451 3161/7/6448
f 3163/7/6452 3164/7/6453 3165/7/6454
f 3161/7/6455 3157/7/6456 3160/7/6457
f 3160/7/6457 3164/7/6458 3161/7/6455
f 3163/7/6459 3165/7/6460 3162/7/6461
f 3162/7/6449 3161/7/6448 3163/7/6462
f 3160/7/6463 3159/7/6463 3165/7/6454
f 3165/7/6454 3164/7/6453 3160/7/6463
f 3161/7/6455 3164/7/6458 3163/7/6464
f 3159/7/6465 3158/7/6466 3162/7/6461
f 3162/7/6461 3165/7/6460 3159/7/6465
f 3166/1/6467 3167/1/6468 3168/1/6469
f 3168/1/6469 3169/1/6470 3166/1/6467
f 3170/2/6471 3171/2/6471 3172/2/6471
f 3172/2/6471 3173/2/6471 3170/2/6471
f 3174/1/6472 3175/1/6473 3176/1/6472
f 3176/1/6472 3177/1/6473 3174/1/6472
f 3175/1/6474 3168/1/6475 3167/1/6475
f 3167/1/6475 3176/1/6475 3175/1/6474
f 3178/1/6476 3179/1/6477 3180/1/6478
f 3180/1/6478 3181/1/6479 3178/1/6476
f 3172/2/6480 3182/2/6481 3183/2/6481
f 3183/2/6481 3173/2/6482 3172/2/6480
f 3169/1/6483 3178/1/6484 3181/1/6483
f 3181/1/6483 3166/1/6485 3169/1/6483
f 3177/1/6486 3180/1/6486 3179/1/6487
f 3179/1/6487 3174/1/6487 3177/1/6486
f 3184/3/6488 3185/2/6489 3186/2/6488
f 3186/2/6488 3187/2/6488 3184/3/6488
f 3187/2/6490 3188/2/6491 3189/2/6492
f 3189/2/6492 3184/3/6493 3187/2/6490
f 3190/3/6494 3189/2/6495 3188/2/6496
f 3188/2/6496 3191/2/6494 3190/3/6494
f 3192/2/6497 3190/3/6498 3191/2/6498
f 3191/2/6498 3193/2/6499 3192/2/6497
f 3193/2/6500 3194/2/6500 3195/3/6500
f 3195/3/6500 3192/2/6501 3193/2/6500
f 3185/2/6502 3195/3/6503 3194/2/6502
f 3194/2/6502 3186/2/6504 3185/2/6502
f 3196/1/6505 3197/1/6506 3198/1/6507
f 3198/1/6507 3199/1/6508 3196/1/6505
f 3199/1/6509 3200/1/6510 3201/1/6510
f 3201/1/6510 3196/1/6511 3199/1/6509
f 3202/1/6512 3201/1/6513 3200/1/6514
f 3200/1/6514 3203/1/6515 3202/1/6512
f 3204/1/6516 3202/1/6517 3203/1/6518
f 3203/1/6518 3205/1/6517 3204/1/6516
f 3205/1/6519 3206/1/6520 3207/1/6521
f 3207/1/6521 3204/1/6521 3205/1/6519
f 3197/1/6522 3207/1/6523 3206/1/6524
f 3206/1/6524 3198/1/6524 3197/1/6522
f 3172/2/6525 3171/2/6525 3208/2/6526
f 3208/2/6526 3209/2/6525 3172/2/6525
f 3171/2/6527 3170/2/6528 3210/2/6529
f 3210/2/6529 3208/2/6527 3171/2/6527
f 3210/2/6530 3170/2/6531 3173/2/6530
f 3173/2/6530 3211/2/6530 3210/2/6530
f 3173/2/6532 3183/2/6533 3212/2/6534
f 3212/2/6534 3211/2/6534 3173/2/6532
f 3183/2/6535 3182/2/6535 3213/2/6536
f 3213/2/6536 3212/2/6537 3183/2/6535
f 3209/2/6538 3213/2/6539 3182/2/6540
f 3182/2/6540 3172/2/6538 3209/2/6538
f 3214/3/6541 3215/2/6542 3216/2/6543
f 3216/2/6543 3217/2/6544 3214/3/6541
f 3217/2/6545 3218/2/6546 3219/2/6545
f 3219/2/6545 3214/3/6546 3217/2/6545
f 3220/3/6547 3219/2/6548 3218/2/6548
f 3218/2/6548 3221/2/6549 3220/3/6547
f 3220/3/6550 3221/2/6551 3222/2/6550
f 3222/2/6550 3223/2/6552 3220/3/6550
f 3222/2/6553 3224/2/6554 3225/3/6555
f 3225/3/6555 3223/2/6555 3222/2/6553
f 3215/2/6556 3225/3/6557 3224/2/6558
f 3224/2/6558 3216/2/6559 3215/2/6556
f 3226/1/6560 3227/1/6561 3228/1/6562
f 3228/1/6562 3229/1/6561 3226/1/6560
f 3227/1/6563 3230/1/6564 3231/1/6565
f 3231/1/6565 3228/1/6563 3227/1/6563
f 3232/1/6566 3231/1/6567 3230/1/6568
f 3230/1/6568 3233/1/6569 3232/1/6566
f 3233/1/6570 3234/1/6571 3235/1/6572
f 3235/1/6572 3232/1/6570 3233/1/6570
f 3234/1/6573 3236/1/6573 3237/1/6574
f 3237/1/6574 3235/1/6575 3234/1/6573
f 3229/1/6576 3237/1/6576 3236/1/6577
f 3236/1/6577 3226/1/6576 3229/1/6576
f 3238/3/6578 3239/2/6579 3240/2/6580
f 3240/2/6580 3241/2/6579 3238/3/6578
f 3241/2/6581 3242/2/6582 3243/2/6583
f 3243/2/6583 3238/3/6583 3241/2/6581
f 3244/3/6584 3243/2/6585 3242/2/6584
f 3242/2/6584 3245/2/6586 3244/3/6584
f 3246/2/6587 3244/3/6588 3245/2/6589
f 3245/2/6589 3247/2/6590 3246/2/6587
f 3247/2/6591 3248/2/6591 3249/3/6592
f 3249/3/6592 3246/2/6592 3247/2/6591
f 3239/2/6593 3249/3/6594 3248/2/6595
f 3248/2/6595 3240/2/6596 3239/2/6593
f 3250/4/6597 3251/4/6598 3252/4/6599
f 3252/4/6599 3253/4/6599 3250/4/6597
f 3254/4/6600 3255/4/6601 3251/4/6602
f 3251/4/6602 3250/4/6603 3254/4/6600
f 3256/4/6604 3257/4/6605 3258/5/6606
f 3254/4/6607 3250/4/6608 3253/4/6609
f 3253/4/6609 3257/4/6610 3254/4/6607
f 3256/4/6611 3258/5/6612 3255/4/6613
f 3255/4/6601 3254/4/6600 3256/4/6614
f 3253/4/6615 3252/4/6616 3258/5/6606
f 3258/5/6606 3257/4/6605 3253/4/6615
f 3254/4/6607 3257/4/6610 3256/4/6617
f 3252/4/6618 3251/4/6619 3255/4/6613
f 3255/4/6613 3258/5/6612 3252/4/6618
f 3259/6/6620 3260/6/6620 3261/6/6621
f 3261/6/6621 3262/6/6622 3259/6/6620
f 3263/6/6623 3264/6/6624 3260/6/6625
f 3260/6/6625 3259/6/6626 3263/6/6623
f 3265/6/6627 3266/6/6628 3267/6/6629
f 3263/6/6630 3259/6/6631 3262/6/6632
f 3262/6/6632 3266/6/6633 3263/6/6630
f 3265/6/6634 3267/6/6635 3264/6/6636
f 3264/6/6624 3263/6/6623 3265/6/6637
f 3262/6/6638 3261/6/6639 3267/6/6629
f 3267/6/6629 3266/6/6628 3262/6/6638
f 3263/6/6630 3266/6/6633 3265/6/6640
f 3261/6/6641 3260/6/6642 3264/6/6636
f 3264/6/6636 3267/6/6635 3261/6/6641
f 3268/4/6643 3269/4/6643 3270/4/6644
f 3270/4/6644 3271/4/6643 3268/4/6643
f 3272/4/6645 3273/4/6646 3269/4/6647
f 3269/4/6647 3268/4/6648 3272/4/6645
f 3274/4/6649 3275/4/6650 3276/5/6651
f 3272/4/6652 3268/4/6653 3271/4/6654
f 3271/4/6654 3275/4/6655 3272/4/6652
f 3274/4/6656 3276/5/6657 3273/4/6658
f 3273/4/6646 3272/4/6645 3274/4/6659
f 3271/4/6660 3270/4/6661 3276/5/6651
f 3276/5/6651 3275/4/6650 3271/4/6660
f 3272/4/6652 3275/4/6655 3274/4/6662
f 3270/4/6663 3269/4/6664 3273/4/6658
f 3273/4/6658 3276/5/6657 3270/4/6663
f 3277/7/6665 3278/7/6666 3279/7/6666
f 3279/7/6666 3280/7/6667 3277/7/6665
f 3281/7/6668 3282/7/6669 3278/7/6670
f 3278/7/6670 3277/7/6671 3281/7/6668
f 3283/7/6672 3284/7/6673 3285/7/6674
f 3281/7/6675 3277/7/6676 3280/7/6677
f 3280/7/6677 3284/7/6678 3281/7/6675
f 3283/7/6679 3285/7/6680 3282/7/6681
f 3282/7/6669 3281/7/6668 3283/7/6682
f 3280/7/6683 3279/7/6684 3285/7/6674
f 3285/7/6674 3284/7/6673 3280/7/6683
f 3281/7/6675 3284/7/6678 3283/7/6685
f 3279/7/6686 3278/7/6687 3282/7/6681
f 3282/7/6681 3285/7/6680 3279/7/6686
f 3286/6/6688 3287/6/6689 3288/6/6688
f 3288/6/6688 3289/6/6689 3286/6/6688
f 3290/6/6690 3291/6/6691 3287/6/6692
f 3287/6/6692 3286/6/6693 3290/6/6690
f 3292/6/6694 3293/6/6695 3294/6/6696
f 3290/6/6697 3286/6/6698 3289/6/6699
f 3289/6/6699 3293/6/6700 3290/6/6697
f 3292/6/6701 3294/6/6702 3291/6/6703
f 3291/6/6691 3290/6/6690 3292/6/6704
f 3289/6/6705 3288/6/6705 3294/6/6696
f 3294/6/6696 3293/6/6695 3289/6/6705
f 3290/6/6697 3293/6/6700 3292/6/6706
f 3288/6/6707 3287/6/6708 3291/6/6703
f 3291/6/6703 3294/6/6702 3288/6/6707
f 3295/4/6709 3296/4/6710 3297/4/6711
f 3297/4/6711 3298/4/6710 3295/4/6709
f 3299/4/6712 3300/4/6713 3296/4/6714
f 3296/4/6714 3295/4/6714 3299/4/6712
f 3301/4/6715 3302/4/6716 3303/5/6717
f 3299/4/6718 3295/4/6719 3298/4/6720
f 3298/4/6720 3302/4/6721 3299/4/6718
f 3301/4/6722 3303/5/6723 3300/4/6724
f 3300/4/6713 3299/4/6712 3301/4/6725
f 3298/4/6726 3297/4/6727 3303/5/6717
f 3303/5/6717 3302/4/6716 3298/4/6726
f 3299/4/6718 3302/4/6721 3301/4/6728
f 3297/4/6729 3296/4/6730 3300/4/6724
f 3300/4/6724 3303/5/6723 3297/4/6729
f 3304/6/6731 3305/6/6732 3306/6/6732
f 3306/6/6732 3307/6/6733 3304/6/6731
f 3308/6/6734 3309/6/6735 3305/6/6736
f 3305/6/6736 3304/6/6737 3308/6/6734
f 3310/6/6738 3311/6/6739 3312/6/6740
f 3308/6/6741 3304/6/6742 3307/6/6742
f 3307/6/6742 3311/6/6743 3308/6/6741
f 3310/6/6744 3312/6/6745 3309/6/6746
f 3309/6/6735 3308/6/6734 3310/6/6747
f 3307/6/6748 3306/6/6749 3312/6/6740
f 3312/6/6740 3311/6/6739 3307/6/6748
f 3308/6/6741 3311/6/6743 3310/6/6750
f 3306/6/6751 3305/6/6752 3309/6/6746
f 3309/6/6746 3312/6/6745 3306/6/6751
f 3313/7/6753 3314/7/6754 3315/7/6753
f 3315/7/6753 3316/7/6755 3313/7/6753
f 3317/7/6756 3318/7/6757 3314/7/6758
f 3314/7/6758 3313/7/6759 3317/7/6756
f 3319/7/6760 3320/7/6761 3321/7/6762
f 3317/7/6763 3313/7/6764 3316/7/6765
f 3316/7/6765 3320/7/6766 3317/7/6763
f 3319/7/6767 3321/7/6768 3318/7/6769
f 3318/7/6757 3317/7/6756 3319/7/6770
f 3316/7/6771 3315/7/6772 3321/7/6762
f 3321/7/6762 3320/7/6761 3316/7/6771
f 3317/7/6763 3320/7/6766 3319/7/6773
f 3315/7/6774 3314/7/6775 3318/7/6769
f 3318/7/6769 3321/7/6768 3315/7/6774
f 3322/6/6776 3323/6/6776 3324/6/6777
f 3324/6/6777 3325/6/6777 3322/6/6776
f 3326/6/6778 3327/6/6779 3323/6/6780
f 3323/6/6780 3322/6/6781 3326/6/6778
f 3328/6/6782 3329/6/6783 3330/6/6784
f 3326/6/6785 3322/6/6786 3325/6/6786
f 3325/6/6786 3329/6/6787 3326/6/6785
f 3328/6/6788 3330/6/6789 3327/6/6790
f 3327/6/6779 3326/6/6778 3328/6/6791
f 3325/6/6792 3324/6/6793 3330/6/6784
f 3330/6/6784 3329/6/6783 3325/6/6792
f 3326/6/6785 3329/6/6787 3328/6/6794
f 3324/6/6795 3323/6/6796 3327/6/6790
f 3327/6/6790 3330/6/6789 3324/6/6795
f 3331/4/6797 3332/4/6798 3333/4/6799
f 3333/4/6799 3334/4/6799 3331/4/6797
f 3335/4/6800 3336/4/6801 3332/4/6802
f 3332/4/6802 3331/4/6803 3335/4/6800
f 3337/4/6804 3338/4/6805 3339/5/6806
f 3335/4/6807 3331/4/6808 3334/4/6809
f 3334/4/6809 3338/4/6810 3335/4/6807
f 3337/4/6811 3339/5/6812 3336/4/6813
f 3336/4/6801 3335/4/6800 3337/4/6814
f 3334/4/6815 3333/4/6816 3339/5/6806
f 3339/5/6806 3338/4/6805 3334/4/6815
f 3335/4/6807 3338/4/6810 3337/4/6817
f 3333/4/6818 3332/4/6819 3336/4/6813
f 3336/4/6813 3339/5/6812 3333/4/6818
f 3340/6/6820 3341/6/6821 3342/6/6822
f 3342/6/6822 3343/6/6823 3340/6/6820
f 3344/6/6824 3345/6/6825 3341/6/6826
f 3341/6/6826 3340/6/6827 3344/6/6824
f 3346/6/6828 3347/6/6829 3348/6/6830
f 3344/6/6831 3340/6/6832 3343/6/6833
f 3343/6/6833 3347/6/6834 3344/6/6831
f 3346/6/6835 3348/6/6836 3345/6/6837
f 3345/6/6825 3344/6/6824 3346/6/6838
f 3343/6/6839 3342/6/6840 3348/6/6830
f 3348/6/6830 3347/6/6829 3343/6/6839
f 3344/6/6831 3347/6/6834 3346/6/6841
f 3342/6/6842 3341/6/6843 3345/6/6837
f 3345/6/6837 3348/6/6836 3342/6/6842
f 3349/7/6844 3350/7/6845 3351/7/6846
f 3351/7/6846 3352/7/6845 3349/7/6844
f 3353/7/6847 3354/7/6848 3350/7/6849
f 3350/7/6849 3349/7/6850 3353/7/6847
f 3355/7/6851 3356/7/6852 3357/7/6853
f 3353/7/6854 3349/7/6855 3352/7/6856
f 3352/7/6856 3356/7/6857 3353/7/6854
f 3355/7/6858 3357/7/6859 3354/7/6860
f 3354/7/6848 3353/7/6847 3355/7/6861
f 3352/7/6862 3351/7/6863 3357/7/6853
f 3357/7/6853 3356/7/6852 3352/7/6862
f 3353/7/6854 3356/7/6857 3355/7/6864
f 3351/7/6865 3350/7/6866 3354/7/6860
f 3354/7/6860 3357/7/6859 3351/7/6865
f 3358/6/6867 3359/6/6868 3360/6/6867
f 3360/6/6867 3361/6/6869 3358/6/6867
f 3362/6/6870 3363/6/6871 3359/6/6872
f 3359/6/6872 3358/6/6873 3362/6/6870
f 3364/6/6874 3365/6/6875 3366/6/6876
f 3362/6/6877 3358/6/6878 3361/6/6879
f 3361/6/6879 3365/6/6880 3362/6/6877
f 3364/6/6881 3366/6/6882 3363/6/6883
f 3363/6/6871 3362/6/6870 3364/6/6884
f 3361/6/6885 3360/6/6885 3366/6/6876
f 3366/6/6876 3365/6/6875 3361/6/6885
f 3362/6/6877 3365/6/6880 3364/6/6886
f 3360/6/6887 3359/6/6888 3363/6/6883
f 3363/6/6883 3366/6/6882 3360/6/6887
f 3367/4/6889 3368/4/6890 3369/4/6889
f 3369/4/6889 3370/4/6889 3367/4/6889
f 3371/4/6891 3372/4/6892 3368/4/6893
f 3368/4/6893 3367/4/6894 3371/4/6891
f 3373/4/6895 3374/4/6896 3375/5/6897
f 3371/4/6898 3367/4/6899 3370/4/6900
f 3370/4/6900 3374/4/6901 3371/4/6898
f 3373/4/6902 3375/5/6903 3372/4/6904
f 3372/4/6892 3371/4/6891 3373/4/6905
f 3370/4/6906 3369/4/6907 3375/5/6897
f 3375/5/6897 3374/4/6896 3370/4/6906
f 3371/4/6898 3374/4/6901 3373/4/6908
f 3369/4/6909 3368/4/6910 3372/4/6904
f 3372/4/6904 3375/5/6903 3369/4/6909
f 3376/6/6911 3377/6/6912 3378/6/6911
f 3378/6/6911 3379/6/6912 3376/6/6911
f 3380/6/6913 3381/6/6914 3377/6/6915
f 3377/6/6915 3376/6/6916 3380/6/6913
f 3382/6/6917 3383/6/6918 3384/6/6919
f 3380/6/6920 3376/6/6921 3379/6/6922
f 3379/6/6922 3383/6/6923 3380/6/6920
f 3382/6/6924 3384/6/6925 3381/6/6926
f 3381/6/6914 3380/6/6913 3382/6/6927
f 3379/6/6928 3378/6/6928 3384/6/6919
f 3384/6/6919 3383/6/6918 3379/6/6928
f 3380/6/6920 3383/6/6923 3382/6/6929
f 3378/6/6930 3377/6/6931 3381/6/6926
f 3381/6/6926 3384/6/6925 3378/6/6930
f 3385/7/6932 3386/7/6933 3387/7/6932
f 3387/7/6932 3388/7/6933 3385/7/6932
f 3389/7/6934 3390/7/6935 3386/7/6936
f 3386/7/6936 3385/7/6937 3389/7/6934
f 3391/7/6938 3392/7/6939 3393/7/6940
f 3389/7/6941 3385/7/6942 3388/7/6943
f 3388/7/6943 3392/7/6944 3389/7/6941
f 3391/7/6945 3393/7/6946 3390/7/6947
f 3390/7/6935 3389/7/6934 3391/7/6948
f 3388/7/6949 3387/7/6950 3393/7/6940
f 3393/7/6940 3392/7/6939 3388/7/6949
f 3389/7/6941 3392/7/6944 3391/7/6951
f 3387/7/6952 3386/7/6952 3390/7/6947
f 3390/7/6947 3393/7/6946 3387/7/6952
f 3394/6/6953 3395/6/6954 3396/6/6953
f 3396/6/6953 3397/6/6954 3394/6/6953
f 3398/6/6955 3399/6/6956 3395/6/6957
f 3395/6/6957 3394/6/6958 3398/6/6955
f 3400/6/6959 3401/6/6960 3402/6/6961
f 3398/6/6962 3394/6/6963 3397/6/6964
f 3397/6/6964 3401/6/6965 3398/6/6962
f 3400/6/6966 3402/6/6967 3399/6/6968
f 3399/6/6956 3398/6/6955 3400/6/6969
f 3397/6/6970 3396/6/6971 3402/6/6961
f 3402/6/6961 3401/6/6960 3397/6/6970
f 3398/6/6962 3401/6/6965 3400/6/6972
f 3396/6/6973 3395/6/6974 3399/6/6968
f 3399/6/6968 3402/6/6967 3396/6/6973
f 3403/4/6975 3404/4/6976 3405/4/6977
f 3405/4/6977 3406/4/6976 3403/4/6975
f 3407/4/6978 3408/4/6979 3404/4/6980
f 3404/4/6980 3403/4/6980 3407/4/6978
f 3409/4/6981 3410/4/6982 3411/5/6983
f 3407/4/6984 3403/4/6985 3406/4/6986
f 3406/4/6986 3410/4/6987 3407/4/6984
f 3409/4/6988 3411/5/6989 3408/4/6990
f 3408/4/6979 3407/4/6978 3409/4/6991
f 3406/4/6992 3405/4/6993 3411/5/6983
f 3411/5/6983 3410/4/6982 3406/4/6992
f 3407/4/6984 3410/4/6987 3409/4/6994
f 3405/4/6995 3404/4/6996 3408/4/6990
f 3408/4/6990 3411/5/6989 3405/4/6995
f 3412/6/6997 3413/6/6998 3414/6/6999
f 3414/6/6999 3415/6/6999 3412/6/6997
f 3416/6/7000 3417/6/7001 3413/6/7002
f 3413/6/7002 3412/6/7003 3416/6/7000
f 3418/6/7004 3419/6/7005 3420/6/7006
f 3416/6/7007 3412/6/7008 3415/6/7009
f 3415/6/7009 3419/6/7010 3416/6/7007
f 3418/6/7011 3420/6/7012 3417/6/7013
f 3417/6/7001 3416/6/7000 3418/6/7014
f 3415/6/7015 3414/6/7016 3420/6/7006
f 3420/6/7006 3419/6/7005 3415/6/7015
f 3416/6/7007 3419/6/7010 3418/6/7017
f 3414/6/7018 3413/6/7019 3417/6/7013
f 3417/6/7013 3420/6/7012 3414/6/7018
f 3421/7/7020 3422/7/7021 3423/7/7021
f 3423/7/7021 3424/7/7021 3421/7/7020
f 3425/7/7022 3426/7/7023 3422/7/7024
f 3422/7/7024 3421/7/7024 3425/7/7022
f 3427/7/7025 3428/7/7026 3429/7/7027
f 3425/7/7028 3421/7/7029 3424/7/7029
f 3424/7/7029 3428/7/7030 3425/7/7028
f 3427/7/7031 3429/7/7032 3426/7/7033
f 3426/7/7023 3425/7/7022 3427/7/7034
f 3424/7/7035 3423/7/7035 3429/7/7027
f 3429/7/7027 3428/7/7026 3424/7/7035
f 3425/7/7028 3428/7/7030 3427/7/7036
f 3423/7/7037 3422/7/7038 3426/7/7033
f 3426/7/7033 3429/7/7032 3423/7/7037
f 3430/6/7039 3431/6/7040 3432/6/7040
f 3432/6/7040 3433/6/7041 3430/6/7039
f 3434/6/7042 3435/6/7043 3431/6/7044
f 3431/6/7044 3430/6/7045 3434/6/7042
f 3436/6/7046 3437/6/7047 3438/6/7048
f 3434/6/7049 3430/6/7050 3433/6/7051
f 3433/6/7051 3437/6/7052 3434/6/7049
f 3436/6/7053 3438/6/7054 3435/6/7055
f 3435/6/7043 3434/6/7042 3436/6/7056
f 3433/6/7057 3432/6/7058 3438/6/7048
f 3438/6/7048 3437/6/7047 3433/6/7057
f 3434/6/7049 3437/6/7052 3436/6/7059
f 3432/6/7060 3431/6/7060 3435/6/7055
f 3435/6/7055 3438/6/7054 3432/6/7060
# Vertices: 3438, normals: 7060, texture coordinates: 451, faces: 4564

