# exported by gszh.xyz
mtllib gszh_xyz.mtl
g SM_Env_Tree_Pine_Cluster_01
v 85.6328125 -385.75433349609375 343.35791015625
v 61.71484375 -385.75433349609375 321.02880859375
v 75.6953125 403.89471435546875 334.58251953125
v 85.6328125 -385.75433349609375 343.35791015625
v 75.6953125 403.89471435546875 334.58251953125
v 92.8828125 402.03472900390625 350.62353515625
v 76.8203125 402.03472900390625 367.82861328125
v 59.63671875 403.89471435546875 351.78759765625
v 39.359375 -385.75433349609375 344.97802734375
v 76.8203125 402.03472900390625 367.82861328125
v 39.359375 -385.75433349609375 344.97802734375
v 63.27734375 -385.75433349609375 367.30712890625
v 61.71484375 -385.75433349609375 321.02880859375
v 39.359375 -385.75433349609375 344.97802734375
v 59.63671875 403.89471435546875 351.78759765625
v 61.71484375 -385.75433349609375 321.02880859375
v 59.63671875 403.89471435546875 351.78759765625
v 75.6953125 403.89471435546875 334.58251953125
v 63.27734375 -385.75433349609375 367.30712890625
v 85.6328125 -385.75433349609375 343.35791015625
v 92.8828125 402.03472900390625 350.62353515625
v 63.27734375 -385.75433349609375 367.30712890625
v 92.8828125 402.03472900390625 350.62353515625
v 76.8203125 402.03472900390625 367.82861328125
v 92.8828125 402.03472900390625 350.62353515625
v 75.6953125 403.89471435546875 334.58251953125
v 78.32421875 703.383544921875 356.84814453125
v 92.8828125 402.03472900390625 350.62353515625
v 78.32421875 703.383544921875 356.84814453125
v 92.078125 701.8950805664062 369.68505859375
v 75.6953125 403.89471435546875 334.58251953125
v 59.63671875 403.89471435546875 351.78759765625
v 65.47265625 703.383544921875 370.61572265625
v 75.6953125 403.89471435546875 334.58251953125
v 65.47265625 703.383544921875 370.61572265625
v 78.32421875 703.383544921875 356.84814453125
v 59.63671875 403.89471435546875 351.78759765625
v 76.8203125 402.03472900390625 367.82861328125
v 79.22265625 701.8950805664062 383.45263671875
v 59.63671875 403.89471435546875 351.78759765625
v 79.22265625 701.8950805664062 383.45263671875
v 65.47265625 703.383544921875 370.61572265625
v 76.8203125 402.03472900390625 367.82861328125
v 92.8828125 402.03472900390625 350.62353515625
v 92.078125 701.8950805664062 369.68505859375
v 76.8203125 402.03472900390625 367.82861328125
v 92.078125 701.8950805664062 369.68505859375
v 79.22265625 701.8950805664062 383.45263671875
v 92.078125 701.8950805664062 369.68505859375
v 78.32421875 703.383544921875 356.84814453125
v 87.60546875 972.4393310546875 353.28955078125
v 92.078125 701.8950805664062 369.68505859375
v 87.60546875 972.4393310546875 353.28955078125
v 101.38671875 970.939208984375 366.34912109375
v 78.32421875 703.383544921875 356.84814453125
v 65.47265625 703.383544921875 370.61572265625
v 74.65625 972.4192504882812 367.16455078125
v 78.32421875 703.383544921875 356.84814453125
v 74.65625 972.4192504882812 367.16455078125
v 87.60546875 972.4393310546875 353.28955078125
v 65.47265625 703.383544921875 370.61572265625
v 79.22265625 701.8950805664062 383.45263671875
v 88.4375 970.939208984375 380.22314453125
v 65.47265625 703.383544921875 370.61572265625
v 88.4375 970.939208984375 380.22314453125
v 74.65625 972.4192504882812 367.16455078125
v 79.22265625 701.8950805664062 383.45263671875
v 92.078125 701.8950805664062 369.68505859375
v 101.38671875 970.939208984375 366.34912109375
v 79.22265625 701.8950805664062 383.45263671875
v 101.38671875 970.939208984375 366.34912109375
v 88.4375 970.939208984375 380.22314453125
v -211.96875 -385.75433349609375 335.86083984375
v -187.1484375 -385.75433349609375 323.07763671875
v -195.51953125 181.88766479492188 331.72900390625
v -211.96875 -385.75433349609375 335.86083984375
v -195.51953125 181.88766479492188 331.72900390625
v -213.3515625 180.3958740234375 340.91259765625
v -222.56640625 181.23928833007812 323.07861328125
v -204.73046875 182.73121643066406 313.89501953125
v -199.96875 -385.75433349609375 298.25341796875
v -222.56640625 181.23928833007812 323.07861328125
v -199.96875 -385.75433349609375 298.25341796875
v -224.79296875 -385.75433349609375 311.03564453125
v -187.1484375 -385.75433349609375 323.07763671875
v -199.96875 -385.75433349609375 298.25341796875
v -204.73046875 182.73121643066406 313.89501953125
v -187.1484375 -385.75433349609375 323.07763671875
v -204.73046875 182.73121643066406 313.89501953125
v -195.51953125 181.88766479492188 331.72900390625
v -224.79296875 -385.75433349609375 311.03564453125
v -211.96875 -385.75433349609375 335.86083984375
v -213.3515625 180.3958740234375 340.91259765625
v -224.79296875 -385.75433349609375 311.03564453125
v -213.3515625 180.3958740234375 340.91259765625
v -222.56640625 181.23928833007812 323.07861328125
v -213.3515625 180.3958740234375 340.91259765625
v -195.51953125 181.88766479492188 331.72900390625
v -208.36328125 431.4891357421875 344.95263671875
v -213.3515625 180.3958740234375 340.91259765625
v -208.36328125 431.4891357421875 344.95263671875
v -222.6328125 430.2956237792969 352.30029296875
v -195.51953125 181.88766479492188 331.72900390625
v -204.73046875 182.73121643066406 313.89501953125
v -215.734375 432.16400146484375 330.68115234375
v -195.51953125 181.88766479492188 331.72900390625
v -215.734375 432.16400146484375 330.68115234375
v -208.36328125 431.4891357421875 344.95263671875
v -204.73046875 182.73121643066406 313.89501953125
v -222.56640625 181.23928833007812 323.07861328125
v -230.00390625 430.9701232910156 338.02978515625
v -204.73046875 182.73121643066406 313.89501953125
v -230.00390625 430.9701232910156 338.02978515625
v -215.734375 432.16400146484375 330.68115234375
v -222.56640625 181.23928833007812 323.07861328125
v -213.3515625 180.3958740234375 340.91259765625
v -222.6328125 430.2956237792969 352.30029296875
v -222.56640625 181.23928833007812 323.07861328125
v -222.6328125 430.2956237792969 352.30029296875
v -230.00390625 430.9701232910156 338.02978515625
v -222.6328125 430.2956237792969 352.30029296875
v -208.36328125 431.4891357421875 344.95263671875
v -209.4453125 660.9814453125 342.38720703125
v -222.6328125 430.2956237792969 352.30029296875
v -209.4453125 660.9814453125 342.38720703125
v -223.82421875 659.7786254882812 349.79248046875
v -208.36328125 431.4891357421875 344.95263671875
v -215.734375 432.16400146484375 330.68115234375
v -216.875 661.6614379882812 328.00634765625
v -208.36328125 431.4891357421875 344.95263671875
v -216.875 661.6614379882812 328.00634765625
v -209.4453125 660.9814453125 342.38720703125
v -215.734375 432.16400146484375 330.68115234375
v -230.00390625 430.9701232910156 338.02978515625
v -231.25390625 660.4586181640625 335.41162109375
v -215.734375 432.16400146484375 330.68115234375
v -231.25390625 660.4586181640625 335.41162109375
v -216.875 661.6614379882812 328.00634765625
v -230.00390625 430.9701232910156 338.02978515625
v -222.6328125 430.2956237792969 352.30029296875
v -223.82421875 659.7786254882812 349.79248046875
v -230.00390625 430.9701232910156 338.02978515625
v -223.82421875 659.7786254882812 349.79248046875
v -231.25390625 660.4586181640625 335.41162109375
v -266.6640625 -385.75433349609375 -99.32177734375
v -233.90234375 -385.75433349609375 -99.32177734375
v -238.640625 403.557373046875 -99.68798828125
v -266.6640625 -385.75433349609375 -99.32177734375
v -238.640625 403.557373046875 -99.68798828125
v -262.17578125 403.557373046875 -99.68798828125
v -262.17578125 403.557373046875 -123.22509765625
v -238.640625 403.557373046875 -123.22509765625
v -233.90234375 -385.75433349609375 -132.08447265625
v -262.17578125 403.557373046875 -123.22509765625
v -233.90234375 -385.75433349609375 -132.08447265625
v -266.6640625 -385.75433349609375 -132.08447265625
v -233.90234375 -385.75433349609375 -99.32177734375
v -233.90234375 -385.75433349609375 -132.08447265625
v -238.640625 403.557373046875 -123.22509765625
v -233.90234375 -385.75433349609375 -99.32177734375
v -238.640625 403.557373046875 -123.22509765625
v -238.640625 403.557373046875 -99.68798828125
v -266.6640625 -385.75433349609375 -132.08447265625
v -266.6640625 -385.75433349609375 -99.32177734375
v -262.17578125 403.557373046875 -99.68798828125
v -266.6640625 -385.75433349609375 -132.08447265625
v -262.17578125 403.557373046875 -99.68798828125
v -262.17578125 403.557373046875 -123.22509765625
v -262.17578125 403.557373046875 -99.68798828125
v -238.640625 403.557373046875 -99.68798828125
v -242.47265625 846.2066040039062 -105.45166015625
v -262.17578125 403.557373046875 -99.68798828125
v -242.47265625 846.2066040039062 -105.45166015625
v -261.30859375 846.2066040039062 -105.45166015625
v -238.640625 403.557373046875 -99.68798828125
v -238.640625 403.557373046875 -123.22509765625
v -242.47265625 846.2066040039062 -124.28564453125
v -238.640625 403.557373046875 -99.68798828125
v -242.47265625 846.2066040039062 -124.28564453125
v -242.47265625 846.2066040039062 -105.45166015625
v -238.640625 403.557373046875 -123.22509765625
v -262.17578125 403.557373046875 -123.22509765625
v -261.30859375 846.2066040039062 -124.28564453125
v -238.640625 403.557373046875 -123.22509765625
v -261.30859375 846.2066040039062 -124.28564453125
v -242.47265625 846.2066040039062 -124.28564453125
v -262.17578125 403.557373046875 -123.22509765625
v -262.17578125 403.557373046875 -99.68798828125
v -261.30859375 846.2066040039062 -105.45166015625
v -262.17578125 403.557373046875 -123.22509765625
v -261.30859375 846.2066040039062 -105.45166015625
v -261.30859375 846.2066040039062 -124.28564453125
v -261.30859375 846.2066040039062 -105.45166015625
v -242.47265625 846.2066040039062 -105.45166015625
v -242.40234375 1115.5880126953125 -105.37841796875
v -261.30859375 846.2066040039062 -105.45166015625
v -242.40234375 1115.5880126953125 -105.37841796875
v -261.37890625 1115.5880126953125 -105.37841796875
v -242.47265625 846.2066040039062 -105.45166015625
v -242.47265625 846.2066040039062 -124.28564453125
v -242.40234375 1115.5880126953125 -124.35791015625
v -242.47265625 846.2066040039062 -105.45166015625
v -242.40234375 1115.5880126953125 -124.35791015625
v -242.40234375 1115.5880126953125 -105.37841796875
v -242.47265625 846.2066040039062 -124.28564453125
v -261.30859375 846.2066040039062 -124.28564453125
v -261.37890625 1115.5880126953125 -124.35791015625
v -242.47265625 846.2066040039062 -124.28564453125
v -261.37890625 1115.5880126953125 -124.35791015625
v -242.40234375 1115.5880126953125 -124.35791015625
v -261.30859375 846.2066040039062 -124.28564453125
v -261.30859375 846.2066040039062 -105.45166015625
v -261.37890625 1115.5880126953125 -105.37841796875
v -261.30859375 846.2066040039062 -124.28564453125
v -261.37890625 1115.5880126953125 -105.37841796875
v -261.37890625 1115.5880126953125 -124.35791015625
v -70.25390625 -385.75433349609375 110.06005859375
v -96.4296875 -385.75433349609375 90.37744140625
v -97.34765625 225.05068969726562 91.98681640625
v -70.25390625 -385.75433349609375 110.06005859375
v -97.34765625 225.05068969726562 91.98681640625
v -78.5390625 225.96176147460938 106.12744140625
v -92.6796875 225.6641082763672 124.94189453125
v -111.48828125 224.7530517578125 110.80126953125
v -116.11328125 -385.75433349609375 116.56591796875
v -92.6796875 225.6641082763672 124.94189453125
v -116.11328125 -385.75433349609375 116.56591796875
v -89.9375 -385.75433349609375 136.24951171875
v -96.4296875 -385.75433349609375 90.37744140625
v -116.11328125 -385.75433349609375 116.56591796875
v -111.48828125 224.7530517578125 110.80126953125
v -96.4296875 -385.75433349609375 90.37744140625
v -111.48828125 224.7530517578125 110.80126953125
v -97.34765625 225.05068969726562 91.98681640625
v -89.9375 -385.75433349609375 136.24951171875
v -70.25390625 -385.75433349609375 110.06005859375
v -78.5390625 225.96176147460938 106.12744140625
v -89.9375 -385.75433349609375 136.24951171875
v -78.5390625 225.96176147460938 106.12744140625
v -92.6796875 225.6641082763672 124.94189453125
v -78.5390625 225.96176147460938 106.12744140625
v -97.34765625 225.05068969726562 91.98681640625
v -102.1953125 518.0618896484375 97.37841796875
v -78.5390625 225.96176147460938 106.12744140625
v -102.1953125 518.0618896484375 97.37841796875
v -87.1484375 518.791015625 108.69384765625
v -97.34765625 225.05068969726562 91.98681640625
v -111.48828125 224.7530517578125 110.80126953125
v -113.51171875 517.8237915039062 112.43408203125
v -97.34765625 225.05068969726562 91.98681640625
v -113.51171875 517.8237915039062 112.43408203125
v -102.1953125 518.0618896484375 97.37841796875
v -111.48828125 224.7530517578125 110.80126953125
v -92.6796875 225.6641082763672 124.94189453125
v -98.46484375 518.552490234375 123.74951171875
v -111.48828125 224.7530517578125 110.80126953125
v -98.46484375 518.552490234375 123.74951171875
v -113.51171875 517.8237915039062 112.43408203125
v -92.6796875 225.6641082763672 124.94189453125
v -78.5390625 225.96176147460938 106.12744140625
v -87.1484375 518.791015625 108.69384765625
v -92.6796875 225.6641082763672 124.94189453125
v -87.1484375 518.791015625 108.69384765625
v -98.46484375 518.552490234375 123.74951171875
v -87.1484375 518.791015625 108.69384765625
v -102.1953125 518.0618896484375 97.37841796875
v -106.3046875 787.3533325195312 95.88037109375
v -87.1484375 518.791015625 108.69384765625
v -106.3046875 787.3533325195312 95.88037109375
v -91.13671875 788.087890625 107.28369140625
v -102.1953125 518.0618896484375 97.37841796875
v -113.51171875 517.8237915039062 112.43408203125
v -117.70703125 787.11328125 111.05224609375
v -102.1953125 518.0618896484375 97.37841796875
v -117.70703125 787.11328125 111.05224609375
v -106.3046875 787.3533325195312 95.88037109375
v -113.51171875 517.8237915039062 112.43408203125
v -98.46484375 518.552490234375 123.74951171875
v -102.54296875 787.8479614257812 122.45458984375
v -113.51171875 517.8237915039062 112.43408203125
v -102.54296875 787.8479614257812 122.45458984375
v -117.70703125 787.11328125 111.05224609375
v -98.46484375 518.552490234375 123.74951171875
v -87.1484375 518.791015625 108.69384765625
v -91.13671875 788.087890625 107.28369140625
v -98.46484375 518.552490234375 123.74951171875
v -91.13671875 788.087890625 107.28369140625
v -102.54296875 787.8479614257812 122.45458984375
v 195.48046875 -385.75433349609375 93.37646484375
v 171.00390625 -385.75433349609375 68.74169921875
v 174.265625 431.9599609375 72.57666015625
v 195.48046875 -385.75433349609375 93.37646484375
v 174.265625 431.9599609375 72.57666015625
v 191.8515625 431.9599609375 90.27490234375
v 174.15625 431.9599609375 107.86181640625
v 156.5703125 431.9599609375 90.16259765625
v 146.3671875 -385.75433349609375 93.22021484375
v 174.15625 431.9599609375 107.86181640625
v 146.3671875 -385.75433349609375 93.22021484375
v 170.84765625 -385.75433349609375 117.85595703125
v 171.00390625 -385.75433349609375 68.74169921875
v 146.3671875 -385.75433349609375 93.22021484375
v 156.5703125 431.9599609375 90.16259765625
v 171.00390625 -385.75433349609375 68.74169921875
v 156.5703125 431.9599609375 90.16259765625
v 174.265625 431.9599609375 72.57666015625
v 170.84765625 -385.75433349609375 117.85595703125
v 195.48046875 -385.75433349609375 93.37646484375
v 191.8515625 431.9599609375 90.27490234375
v 170.84765625 -385.75433349609375 117.85595703125
v 191.8515625 431.9599609375 90.27490234375
v 174.15625 431.9599609375 107.86181640625
v 191.8515625 431.9599609375 90.27490234375
v 174.265625 431.9599609375 72.57666015625
v 169.7265625 901.1851196289062 88.82470703125
v 191.8515625 431.9599609375 90.27490234375
v 169.7265625 901.1851196289062 88.82470703125
v 183.796875 901.1851196289062 102.98681640625
v 174.265625 431.9599609375 72.57666015625
v 156.5703125 431.9599609375 90.16259765625
v 155.5625 901.1851196289062 102.89697265625
v 174.265625 431.9599609375 72.57666015625
v 155.5625 901.1851196289062 102.89697265625
v 169.7265625 901.1851196289062 88.82470703125
v 156.5703125 431.9599609375 90.16259765625
v 174.15625 431.9599609375 107.86181640625
v 169.63671875 901.1851196289062 117.05908203125
v 156.5703125 431.9599609375 90.16259765625
v 169.63671875 901.1851196289062 117.05908203125
v 155.5625 901.1851196289062 102.89697265625
v 174.15625 431.9599609375 107.86181640625
v 191.8515625 431.9599609375 90.27490234375
v 183.796875 901.1851196289062 102.98681640625
v 174.15625 431.9599609375 107.86181640625
v 183.796875 901.1851196289062 102.98681640625
v 169.63671875 901.1851196289062 117.05908203125
v 183.796875 901.1851196289062 102.98681640625
v 169.7265625 901.1851196289062 88.82470703125
v 172.796875 1186.739501953125 79.65673828125
v 183.796875 901.1851196289062 102.98681640625
v 172.796875 1186.739501953125 79.65673828125
v 186.98046875 1186.739501953125 93.92822265625
v 169.7265625 901.1851196289062 88.82470703125
v 155.5625 901.1851196289062 102.89697265625
v 158.52734375 1186.739501953125 93.83837890625
v 169.7265625 901.1851196289062 88.82470703125
v 158.52734375 1186.739501953125 93.83837890625
v 172.796875 1186.739501953125 79.65673828125
v 155.5625 901.1851196289062 102.89697265625
v 169.63671875 901.1851196289062 117.05908203125
v 172.70703125 1186.739501953125 108.10986328125
v 155.5625 901.1851196289062 102.89697265625
v 172.70703125 1186.739501953125 108.10986328125
v 158.52734375 1186.739501953125 93.83837890625
v 169.63671875 901.1851196289062 117.05908203125
v 183.796875 901.1851196289062 102.98681640625
v 186.98046875 1186.739501953125 93.92822265625
v 169.63671875 901.1851196289062 117.05908203125
v 186.98046875 1186.739501953125 93.92822265625
v 172.70703125 1186.739501953125 108.10986328125
v 20.73046875 -385.75433349609375 -145.67333984375
v 55.75 -385.75433349609375 -148.32177734375
v 47.16796875 247.5905303955078 -153.98779296875
v 20.73046875 -385.75433349609375 -145.67333984375
v 47.16796875 247.5905303955078 -153.98779296875
v 22.0078125 246.97206115722656 -152.08447265625
v 20.1171875 245.776611328125 -177.23583984375
v 45.27734375 246.39517211914062 -179.13916015625
v 53.1171875 -385.75433349609375 -183.33154296875
v 20.1171875 245.776611328125 -177.23583984375
v 53.1171875 -385.75433349609375 -183.33154296875
v 18.09765625 -385.75433349609375 -180.68310546875
v 55.75 -385.75433349609375 -148.32177734375
v 53.1171875 -385.75433349609375 -183.33154296875
v 45.27734375 246.39517211914062 -179.13916015625
v 55.75 -385.75433349609375 -148.32177734375
v 45.27734375 246.39517211914062 -179.13916015625
v 47.16796875 247.5905303955078 -153.98779296875
v 18.09765625 -385.75433349609375 -180.68310546875
v 20.73046875 -385.75433349609375 -145.67333984375
v 22.0078125 246.97206115722656 -152.08447265625
v 18.09765625 -385.75433349609375 -180.68310546875
v 22.0078125 246.97206115722656 -152.08447265625
v 20.1171875 245.776611328125 -177.23583984375
v 22.0078125 246.97206115722656 -152.08447265625
v 47.16796875 247.5905303955078 -153.98779296875
v 39.13671875 561.170166015625 -165.45849609375
v 22.0078125 246.97206115722656 -152.08447265625
v 39.13671875 561.170166015625 -165.45849609375
v 19.0078125 560.6753540039062 -163.93505859375
v 47.16796875 247.5905303955078 -153.98779296875
v 45.27734375 246.39517211914062 -179.13916015625
v 37.625 560.2138671875 -185.58349609375
v 47.16796875 247.5905303955078 -153.98779296875
v 37.625 560.2138671875 -185.58349609375
v 39.13671875 561.170166015625 -165.45849609375
v 45.27734375 246.39517211914062 -179.13916015625
v 20.1171875 245.776611328125 -177.23583984375
v 17.4921875 559.7191162109375 -184.06103515625
v 45.27734375 246.39517211914062 -179.13916015625
v 17.4921875 559.7191162109375 -184.06103515625
v 37.625 560.2138671875 -185.58349609375
v 20.1171875 245.776611328125 -177.23583984375
v 22.0078125 246.97206115722656 -152.08447265625
v 19.0078125 560.6753540039062 -163.93505859375
v 20.1171875 245.776611328125 -177.23583984375
v 19.0078125 560.6753540039062 -163.93505859375
v 17.4921875 559.7191162109375 -184.06103515625
v 19.0078125 560.6753540039062 -163.93505859375
v 39.13671875 561.170166015625 -165.45849609375
v 36.03515625 849.8089599609375 -170.55419921875
v 19.0078125 560.6753540039062 -163.93505859375
v 36.03515625 849.8089599609375 -170.55419921875
v 15.74609375 849.310302734375 -169.02001953125
v 39.13671875 561.170166015625 -165.45849609375
v 37.625 560.2138671875 -185.58349609375
v 34.5078125 848.8450927734375 -190.83544921875
v 39.13671875 561.170166015625 -165.45849609375
v 34.5078125 848.8450927734375 -190.83544921875
v 36.03515625 849.8089599609375 -170.55419921875
v 37.625 560.2138671875 -185.58349609375
v 17.4921875 559.7191162109375 -184.06103515625
v 14.22265625 848.346435546875 -189.30126953125
v 37.625 560.2138671875 -185.58349609375
v 14.22265625 848.346435546875 -189.30126953125
v 34.5078125 848.8450927734375 -190.83544921875
v 17.4921875 559.7191162109375 -184.06103515625
v 19.0078125 560.6753540039062 -163.93505859375
v 15.74609375 849.310302734375 -169.02001953125
v 17.4921875 559.7191162109375 -184.06103515625
v 15.74609375 849.310302734375 -169.02001953125
v 14.22265625 848.346435546875 -189.30126953125
v 305.796875 -385.75433349609375 -134.58349609375
v 320.62109375 -385.75433349609375 -105.63720703125
v 318.80078125 223.23171997070312 -109.98876953125
v 305.796875 -385.75433349609375 -134.58349609375
v 318.80078125 223.23171997070312 -109.98876953125
v 308.1484375 223.23171997070312 -130.78369140625
v 328.9453125 223.23171997070312 -141.43505859375
v 339.59765625 223.23171997070312 -120.64013671875
v 349.56640625 -385.75433349609375 -120.46435546875
v 328.9453125 223.23171997070312 -141.43505859375
v 349.56640625 -385.75433349609375 -120.46435546875
v 334.7421875 -385.75433349609375 -149.40966796875
v 320.62109375 -385.75433349609375 -105.63720703125
v 349.56640625 -385.75433349609375 -120.46435546875
v 339.59765625 223.23171997070312 -120.64013671875
v 320.62109375 -385.75433349609375 -105.63720703125
v 339.59765625 223.23171997070312 -120.64013671875
v 318.80078125 223.23171997070312 -109.98876953125
v 334.7421875 -385.75433349609375 -149.40966796875
v 305.796875 -385.75433349609375 -134.58349609375
v 308.1484375 223.23171997070312 -130.78369140625
v 334.7421875 -385.75433349609375 -149.40966796875
v 308.1484375 223.23171997070312 -130.78369140625
v 328.9453125 223.23171997070312 -141.43505859375
v 308.1484375 223.23171997070312 -130.78369140625
v 318.80078125 223.23171997070312 -109.98876953125
v 322.16015625 514.11376953125 -115.98486328125
v 308.1484375 223.23171997070312 -130.78369140625
v 322.16015625 514.11376953125 -115.98486328125
v 313.63671875 514.11376953125 -132.62451171875
v 318.80078125 223.23171997070312 -109.98876953125
v 339.59765625 223.23171997070312 -120.64013671875
v 338.796875 514.11376953125 -124.50732421875
v 318.80078125 223.23171997070312 -109.98876953125
v 338.796875 514.11376953125 -124.50732421875
v 322.16015625 514.11376953125 -115.98486328125
v 339.59765625 223.23171997070312 -120.64013671875
v 328.9453125 223.23171997070312 -141.43505859375
v 330.2734375 514.11376953125 -141.14794921875
v 339.59765625 223.23171997070312 -120.64013671875
v 330.2734375 514.11376953125 -141.14794921875
v 338.796875 514.11376953125 -124.50732421875
v 328.9453125 223.23171997070312 -141.43505859375
v 308.1484375 223.23171997070312 -130.78369140625
v 313.63671875 514.11376953125 -132.62451171875
v 328.9453125 223.23171997070312 -141.43505859375
v 313.63671875 514.11376953125 -132.62451171875
v 330.2734375 514.11376953125 -141.14794921875
v 313.63671875 514.11376953125 -132.62451171875
v 322.16015625 514.11376953125 -115.98486328125
v 319.44921875 781.2720947265625 -116.99072265625
v 313.63671875 514.11376953125 -132.62451171875
v 319.44921875 781.2720947265625 -116.99072265625
v 310.37890625 781.4281005859375 -133.67822265625
v 322.16015625 514.11376953125 -115.98486328125
v 338.796875 514.11376953125 -124.50732421875
v 335.9765625 781.070068359375 -125.90380859375
v 322.16015625 514.11376953125 -115.98486328125
v 335.9765625 781.070068359375 -125.90380859375
v 319.44921875 781.2720947265625 -116.99072265625
v 338.796875 514.11376953125 -124.50732421875
v 330.2734375 514.11376953125 -141.14794921875
v 327.20703125 781.2442626953125 -142.48193359375
v 338.796875 514.11376953125 -124.50732421875
v 327.20703125 781.2442626953125 -142.48193359375
v 335.9765625 781.070068359375 -125.90380859375
v 330.2734375 514.11376953125 -141.14794921875
v 313.63671875 514.11376953125 -132.62451171875
v 310.37890625 781.4281005859375 -133.67822265625
v 330.2734375 514.11376953125 -141.14794921875
v 310.37890625 781.4281005859375 -133.67822265625
v 327.20703125 781.2442626953125 -142.48193359375
v -164.703125 -385.75433349609375 -335.36376953125
v -147.09765625 -385.75433349609375 -362.99365234375
v -154.43359375 226.0445098876953 -360.72314453125
v -164.703125 -385.75433349609375 -335.36376953125
v -154.43359375 226.0445098876953 -360.72314453125
v -167.078125 225.8181915283203 -340.87353515625
v -186.921875 224.88671875 -353.52001953125
v -174.2734375 225.11334228515625 -373.36962890625
v -174.71875 -385.75433349609375 -380.59619140625
v -186.921875 224.88671875 -353.52001953125
v -174.71875 -385.75433349609375 -380.59619140625
v -192.3203125 -385.75433349609375 -352.96630859375
v -147.09765625 -385.75433349609375 -362.99365234375
v -174.71875 -385.75433349609375 -380.59619140625
v -174.2734375 225.11334228515625 -373.36962890625
v -147.09765625 -385.75433349609375 -362.99365234375
v -174.2734375 225.11334228515625 -373.36962890625
v -154.43359375 226.0445098876953 -360.72314453125
v -192.3203125 -385.75433349609375 -352.96630859375
v -164.703125 -385.75433349609375 -335.36376953125
v -167.078125 225.8181915283203 -340.87353515625
v -192.3203125 -385.75433349609375 -352.96630859375
v -167.078125 225.8181915283203 -340.87353515625
v -186.921875 224.88671875 -353.52001953125
v -167.078125 225.8181915283203 -340.87353515625
v -154.43359375 226.0445098876953 -360.72314453125
v -164.06640625 428.21759033203125 -363.04345703125
v -167.078125 225.8181915283203 -340.87353515625
v -164.06640625 428.21759033203125 -363.04345703125
v -174.1875 428.0365295410156 -347.15966796875
v -154.43359375 226.0445098876953 -360.72314453125
v -174.2734375 225.11334228515625 -373.36962890625
v -179.9453125 427.4725036621094 -373.16357421875
v -154.43359375 226.0445098876953 -360.72314453125
v -179.9453125 427.4725036621094 -373.16357421875
v -164.06640625 428.21759033203125 -363.04345703125
v -174.2734375 225.11334228515625 -373.36962890625
v -186.921875 224.88671875 -353.52001953125
v -190.0625 427.29144287109375 -357.27978515625
v -174.2734375 225.11334228515625 -373.36962890625
v -190.0625 427.29144287109375 -357.27978515625
v -179.9453125 427.4725036621094 -373.16357421875
v -186.921875 224.88671875 -353.52001953125
v -167.078125 225.8181915283203 -340.87353515625
v -174.1875 428.0365295410156 -347.15966796875
v -186.921875 224.88671875 -353.52001953125
v -174.1875 428.0365295410156 -347.15966796875
v -190.0625 427.29144287109375 -357.27978515625
v -174.1875 428.0365295410156 -347.15966796875
v -164.06640625 428.21759033203125 -363.04345703125
v -166.56640625 697.90234375 -364.12841796875
v -174.1875 428.0365295410156 -347.15966796875
v -166.56640625 697.90234375 -364.12841796875
v -176.5625 697.7426147460938 -348.02001953125
v -164.06640625 428.21759033203125 -363.04345703125
v -179.9453125 427.4725036621094 -373.16357421875
v -182.59765625 697.0353393554688 -374.17041015625
v -164.06640625 428.21759033203125 -363.04345703125
v -182.59765625 697.0353393554688 -374.17041015625
v -166.56640625 697.90234375 -364.12841796875
v -179.9453125 427.4725036621094 -373.16357421875
v -190.0625 427.29144287109375 -357.27978515625
v -192.7109375 696.8499755859375 -358.09716796875
v -179.9453125 427.4725036621094 -373.16357421875
v -192.7109375 696.8499755859375 -358.09716796875
v -182.59765625 697.0353393554688 -374.17041015625
v -190.0625 427.29144287109375 -357.27978515625
v -174.1875 428.0365295410156 -347.15966796875
v -176.5625 697.7426147460938 -348.02001953125
v -190.0625 427.29144287109375 -357.27978515625
v -176.5625 697.7426147460938 -348.02001953125
v -192.7109375 696.8499755859375 -358.09716796875
v 318.33203125 -385.75433349609375 214.72607421875
v 342.4765625 -385.75433349609375 236.82666015625
v 343.09765625 127.51014709472656 236.50048828125
v 318.33203125 -385.75433349609375 214.72607421875
v 343.09765625 127.51014709472656 236.50048828125
v 325.75 129.11720275878906 220.62353515625
v 341.6484375 129.48329162597656 203.26904296875
v 358.99609375 127.87654113769531 219.14599609375
v 364.609375 -385.75433349609375 212.66943359375
v 341.6484375 129.48329162597656 203.26904296875
v 364.609375 -385.75433349609375 212.66943359375
v 340.46484375 -385.75433349609375 190.56982421875
v 342.4765625 -385.75433349609375 236.82666015625
v 364.609375 -385.75433349609375 212.66943359375
v 358.99609375 127.87654113769531 219.14599609375
v 342.4765625 -385.75433349609375 236.82666015625
v 358.99609375 127.87654113769531 219.14599609375
v 343.09765625 127.51014709472656 236.50048828125
v 340.46484375 -385.75433349609375 190.56982421875
v 318.33203125 -385.75433349609375 214.72607421875
v 325.75 129.11720275878906 220.62353515625
v 340.46484375 -385.75433349609375 190.56982421875
v 325.75 129.11720275878906 220.62353515625
v 341.6484375 129.48329162597656 203.26904296875
v 325.75 129.11720275878906 220.62353515625
v 343.09765625 127.51014709472656 236.50048828125
v 348.66796875 330.08746337890625 234.86083984375
v 325.75 129.11720275878906 220.62353515625
v 348.66796875 330.08746337890625 234.86083984375
v 334.78515625 331.373291015625 222.15576171875
v 343.09765625 127.51014709472656 236.50048828125
v 358.99609375 127.87654113769531 219.14599609375
v 361.390625 330.3804931640625 220.97412109375
v 343.09765625 127.51014709472656 236.50048828125
v 361.390625 330.3804931640625 220.97412109375
v 348.66796875 330.08746337890625 234.86083984375
v 358.99609375 127.87654113769531 219.14599609375
v 341.6484375 129.48329162597656 203.26904296875
v 347.5078125 331.6663513183594 208.26904296875
v 358.99609375 127.87654113769531 219.14599609375
v 347.5078125 331.6663513183594 208.26904296875
v 361.390625 330.3804931640625 220.97412109375
v 341.6484375 129.48329162597656 203.26904296875
v 325.75 129.11720275878906 220.62353515625
v 334.78515625 331.373291015625 222.15576171875
v 341.6484375 129.48329162597656 203.26904296875
v 334.78515625 331.373291015625 222.15576171875
v 347.5078125 331.6663513183594 208.26904296875
v 334.78515625 331.373291015625 222.15576171875
v 348.66796875 330.08746337890625 234.86083984375
v 352.90234375 599.202392578125 241.07861328125
v 334.78515625 331.373291015625 222.15576171875
v 352.90234375 599.202392578125 241.07861328125
v 338.9140625 600.4981689453125 228.27490234375
v 348.66796875 330.08746337890625 234.86083984375
v 361.390625 330.3804931640625 220.97412109375
v 365.72265625 599.4979248046875 227.08349609375
v 348.66796875 330.08746337890625 234.86083984375
v 365.72265625 599.4979248046875 227.08349609375
v 352.90234375 599.202392578125 241.07861328125
v 361.390625 330.3804931640625 220.97412109375
v 347.5078125 331.6663513183594 208.26904296875
v 351.734375 600.7935791015625 214.28076171875
v 361.390625 330.3804931640625 220.97412109375
v 351.734375 600.7935791015625 214.28076171875
v 365.72265625 599.4979248046875 227.08349609375
v 347.5078125 331.6663513183594 208.26904296875
v 334.78515625 331.373291015625 222.15576171875
v 338.9140625 600.4981689453125 228.27490234375
v 347.5078125 331.6663513183594 208.26904296875
v 338.9140625 600.4981689453125 228.27490234375
v 351.734375 600.7935791015625 214.28076171875
v -302.62890625 -385.75433349609375 100.44677734375
v -280.4609375 -385.75433349609375 76.34326171875
v -292.8125 113.04426574707031 71.64794921875
v -302.62890625 -385.75433349609375 100.44677734375
v -292.8125 113.04426574707031 71.64794921875
v -308.7421875 111.94624328613281 88.96337890625
v -325.890625 107.56974792480469 73.07958984375
v -309.96484375 108.66767883300781 55.76416015625
v -304.33203125 -385.75433349609375 54.23388671875
v -325.890625 107.56974792480469 73.07958984375
v -304.33203125 -385.75433349609375 54.23388671875
v -326.5 -385.75433349609375 78.33642578125
v -280.4609375 -385.75433349609375 76.34326171875
v -304.33203125 -385.75433349609375 54.23388671875
v -309.96484375 108.66767883300781 55.76416015625
v -280.4609375 -385.75433349609375 76.34326171875
v -309.96484375 108.66767883300781 55.76416015625
v -292.8125 113.04426574707031 71.64794921875
v -326.5 -385.75433349609375 78.33642578125
v -302.62890625 -385.75433349609375 100.44677734375
v -308.7421875 111.94624328613281 88.96337890625
v -326.5 -385.75433349609375 78.33642578125
v -308.7421875 111.94624328613281 88.96337890625
v -325.890625 107.56974792480469 73.07958984375
v -308.7421875 111.94624328613281 88.96337890625
v -292.8125 113.04426574707031 71.64794921875
v -307.09375 303.27923583984375 67.68701171875
v -308.7421875 111.94624328613281 88.96337890625
v -307.09375 303.27923583984375 67.68701171875
v -319.83984375 302.4006652832031 81.54345703125
v -292.8125 113.04426574707031 71.64794921875
v -309.96484375 108.66767883300781 55.76416015625
v -320.81640625 299.7771301269531 54.97705078125
v -292.8125 113.04426574707031 71.64794921875
v -320.81640625 299.7771301269531 54.97705078125
v -307.09375 303.27923583984375 67.68701171875
v -309.96484375 108.66767883300781 55.76416015625
v -325.890625 107.56974792480469 73.07958984375
v -333.5625 298.89849853515625 68.83251953125
v -309.96484375 108.66767883300781 55.76416015625
v -333.5625 298.89849853515625 68.83251953125
v -320.81640625 299.7771301269531 54.97705078125
v -325.890625 107.56974792480469 73.07958984375
v -308.7421875 111.94624328613281 88.96337890625
v -319.83984375 302.4006652832031 81.54345703125
v -325.890625 107.56974792480469 73.07958984375
v -319.83984375 302.4006652832031 81.54345703125
v -333.5625 298.89849853515625 68.83251953125
v -319.83984375 302.4006652832031 81.54345703125
v -307.09375 303.27923583984375 67.68701171875
v -330.59375 518.8014526367188 64.34619140625
v -319.83984375 302.4006652832031 81.54345703125
v -330.59375 518.8014526367188 64.34619140625
v -343.4375 517.916015625 78.30908203125
v -307.09375 303.27923583984375 67.68701171875
v -320.81640625 299.7771301269531 54.97705078125
v -344.421875 515.2720336914062 51.53759765625
v -307.09375 303.27923583984375 67.68701171875
v -344.421875 515.2720336914062 51.53759765625
v -330.59375 518.8014526367188 64.34619140625
v -320.81640625 299.7771301269531 54.97705078125
v -333.5625 298.89849853515625 68.83251953125
v -357.265625 514.386962890625 65.50048828125
v -320.81640625 299.7771301269531 54.97705078125
v -357.265625 514.386962890625 65.50048828125
v -344.421875 515.2720336914062 51.53759765625
v -333.5625 298.89849853515625 68.83251953125
v -319.83984375 302.4006652832031 81.54345703125
v -343.4375 517.916015625 78.30908203125
v -333.5625 298.89849853515625 68.83251953125
v -343.4375 517.916015625 78.30908203125
v -357.265625 514.386962890625 65.50048828125
v -204.7109375 1091.0574951171875 -190.99169921875
v -276.75390625 1092.4947509765625 -198.35888671875
v -292.78515625 1169.081298828125 -251.31787109375
v -204.7109375 1091.0574951171875 -190.99169921875
v -292.78515625 1169.081298828125 -251.31787109375
v -143.4765625 1136.572265625 -209.55029296875
v -276.75390625 1092.4947509765625 -198.35888671875
v -342.91796875 1111.390380859375 -157.47412109375
v -384.6796875 1144.773193359375 -165.49365234375
v -276.75390625 1092.4947509765625 -198.35888671875
v -384.6796875 1144.773193359375 -165.49365234375
v -292.78515625 1169.081298828125 -251.31787109375
v -342.91796875 1111.390380859375 -157.47412109375
v -330.0546875 1112.77783203125 -76.76904296875
v -385.26953125 1143.6580810546875 -76.16650390625
v -342.91796875 1111.390380859375 -157.47412109375
v -385.26953125 1143.6580810546875 -76.16650390625
v -384.6796875 1144.773193359375 -165.49365234375
v -330.0546875 1112.77783203125 -76.76904296875
v -269.17578125 1112.77783203125 -28.21923828125
v -284.26953125 1160.579833984375 18.98876953125
v -330.0546875 1112.77783203125 -76.76904296875
v -284.26953125 1160.579833984375 18.98876953125
v -385.26953125 1143.6580810546875 -76.16650390625
v -269.17578125 1112.77783203125 -28.21923828125
v -194.03515625 1090.13720703125 -48.96630859375
v -150.875 1130.5250244140625 -13.60302734375
v -269.17578125 1112.77783203125 -28.21923828125
v -150.875 1130.5250244140625 -13.60302734375
v -284.26953125 1160.579833984375 18.98876953125
v -194.03515625 1090.13720703125 -48.96630859375
v -159.4765625 1112.77783203125 -115.70361328125
v -112.82421875 1160.579833984375 -113.25927734375
v -194.03515625 1090.13720703125 -48.96630859375
v -112.82421875 1160.579833984375 -113.25927734375
v -150.875 1130.5250244140625 -13.60302734375
v -159.4765625 1112.77783203125 -115.70361328125
v -204.7109375 1091.0574951171875 -190.99169921875
v -143.4765625 1136.572265625 -209.55029296875
v -159.4765625 1112.77783203125 -115.70361328125
v -143.4765625 1136.572265625 -209.55029296875
v -112.82421875 1160.579833984375 -113.25927734375
v -276.75390625 1092.4947509765625 -198.35888671875
v -204.7109375 1091.0574951171875 -190.99169921875
v -250.28515625 1063.4974365234375 -115.70361328125
v -342.91796875 1111.390380859375 -157.47412109375
v -276.75390625 1092.4947509765625 -198.35888671875
v -250.28515625 1063.4974365234375 -115.70361328125
v -330.0546875 1112.77783203125 -76.76904296875
v -342.91796875 1111.390380859375 -157.47412109375
v -250.28515625 1063.4974365234375 -115.70361328125
v -269.17578125 1112.77783203125 -28.21923828125
v -330.0546875 1112.77783203125 -76.76904296875
v -250.28515625 1063.4974365234375 -115.70361328125
v -194.03515625 1090.13720703125 -48.96630859375
v -269.17578125 1112.77783203125 -28.21923828125
v -250.28515625 1063.4974365234375 -115.70361328125
v -159.4765625 1112.77783203125 -115.70361328125
v -194.03515625 1090.13720703125 -48.96630859375
v -250.28515625 1063.4974365234375 -115.70361328125
v -204.7109375 1091.0574951171875 -190.99169921875
v -159.4765625 1112.77783203125 -115.70361328125
v -250.28515625 1063.4974365234375 -115.70361328125
v -148.74609375 1357.780029296875 -201.17724609375
v -233.8671875 1393.4202880859375 -251.18408203125
v -235.9609375 1510.437744140625 -191.24658203125
v -148.74609375 1357.780029296875 -201.17724609375
v -235.9609375 1510.437744140625 -191.24658203125
v -183.71875 1510.437744140625 -150.08544921875
v -233.8671875 1393.4202880859375 -251.18408203125
v -356.37109375 1377.8310546875 -205.44873046875
v -301.109375 1510.437744140625 -175.88427734375
v -233.8671875 1393.4202880859375 -251.18408203125
v -301.109375 1510.437744140625 -175.88427734375
v -235.9609375 1510.437744140625 -191.24658203125
v -356.37109375 1377.8310546875 -205.44873046875
v -374.48046875 1380.47021484375 -66.76904296875
v -329.40625 1510.437744140625 -114.92529296875
v -356.37109375 1377.8310546875 -205.44873046875
v -329.40625 1510.437744140625 -114.92529296875
v -301.109375 1510.437744140625 -175.88427734375
v -374.48046875 1380.47021484375 -66.76904296875
v -308.1640625 1357.780029296875 6.63916015625
v -306.1796875 1497.667236328125 -56.19287109375
v -374.48046875 1380.47021484375 -66.76904296875
v -306.1796875 1497.667236328125 -56.19287109375
v -329.40625 1510.437744140625 -114.92529296875
v -308.1640625 1357.780029296875 6.63916015625
v -180.265625 1368.2933349609375 -3.42138671875
v -233.8671875 1510.437744140625 -41.71728515625
v -308.1640625 1357.780029296875 6.63916015625
v -233.8671875 1510.437744140625 -41.71728515625
v -306.1796875 1497.667236328125 -56.19287109375
v -180.265625 1368.2933349609375 -3.42138671875
v -129.03125 1387.9349365234375 -70.38134765625
v -173.75390625 1483.811279296875 -98.63037109375
v -180.265625 1368.2933349609375 -3.42138671875
v -173.75390625 1483.811279296875 -98.63037109375
v -233.8671875 1510.437744140625 -41.71728515625
v -129.03125 1387.9349365234375 -70.38134765625
v -148.74609375 1357.780029296875 -201.17724609375
v -183.71875 1510.437744140625 -150.08544921875
v -129.03125 1387.9349365234375 -70.38134765625
v -183.71875 1510.437744140625 -150.08544921875
v -173.75390625 1483.811279296875 -98.63037109375
v -183.71875 1510.437744140625 -150.08544921875
v -235.9609375 1510.437744140625 -191.24658203125
v -224.63671875 1553.9566650390625 -209.90966796875
v -183.71875 1510.437744140625 -150.08544921875
v -224.63671875 1553.9566650390625 -209.90966796875
v -164.36328125 1525.7421875 -155.85693359375
v -235.9609375 1510.437744140625 -191.24658203125
v -301.109375 1510.437744140625 -175.88427734375
v -315.7265625 1553.584716796875 -188.28466796875
v -235.9609375 1510.437744140625 -191.24658203125
v -315.7265625 1553.584716796875 -188.28466796875
v -224.63671875 1553.9566650390625 -209.90966796875
v -301.109375 1510.437744140625 -175.88427734375
v -329.40625 1510.437744140625 -114.92529296875
v -351.7578125 1525.7421875 -119.09619140625
v -301.109375 1510.437744140625 -175.88427734375
v -351.7578125 1525.7421875 -119.09619140625
v -315.7265625 1553.584716796875 -188.28466796875
v -329.40625 1510.437744140625 -114.92529296875
v -306.1796875 1497.667236328125 -56.19287109375
v -308.4453125 1552.502197265625 -40.35302734375
v -329.40625 1510.437744140625 -114.92529296875
v -308.4453125 1552.502197265625 -40.35302734375
v -351.7578125 1525.7421875 -119.09619140625
v -306.1796875 1497.667236328125 -56.19287109375
v -233.8671875 1510.437744140625 -41.71728515625
v -251.7421875 1555.966064453125 -16.76708984375
v -306.1796875 1497.667236328125 -56.19287109375
v -251.7421875 1555.966064453125 -16.76708984375
v -308.4453125 1552.502197265625 -40.35302734375
v -233.8671875 1510.437744140625 -41.71728515625
v -173.75390625 1483.811279296875 -98.63037109375
v -162.66015625 1539.6484375 -79.24658203125
v -233.8671875 1510.437744140625 -41.71728515625
v -162.66015625 1539.6484375 -79.24658203125
v -251.7421875 1555.966064453125 -16.76708984375
v -173.75390625 1483.811279296875 -98.63037109375
v -183.71875 1510.437744140625 -150.08544921875
v -164.36328125 1525.7421875 -155.85693359375
v -173.75390625 1483.811279296875 -98.63037109375
v -164.36328125 1525.7421875 -155.85693359375
v -162.66015625 1539.6484375 -79.24658203125
v -164.36328125 1525.7421875 -155.85693359375
v -224.63671875 1553.9566650390625 -209.90966796875
v -236.515625 1703.51806640625 -150.73095703125
v -164.36328125 1525.7421875 -155.85693359375
v -236.515625 1703.51806640625 -150.73095703125
v -214.53515625 1688.573486328125 -134.22705078125
v -224.63671875 1553.9566650390625 -209.90966796875
v -315.7265625 1553.584716796875 -188.28466796875
v -270.171875 1703.51806640625 -151.30029296875
v -224.63671875 1553.9566650390625 -209.90966796875
v -270.171875 1703.51806640625 -151.30029296875
v -236.515625 1703.51806640625 -150.73095703125
v -315.7265625 1553.584716796875 -188.28466796875
v -351.7578125 1525.7421875 -119.09619140625
v -297.05859375 1688.4971923828125 -115.01904296875
v -315.7265625 1553.584716796875 -188.28466796875
v -297.05859375 1688.4971923828125 -115.01904296875
v -270.171875 1703.51806640625 -151.30029296875
v -351.7578125 1525.7421875 -119.09619140625
v -308.4453125 1552.502197265625 -40.35302734375
v -284.25 1703.51806640625 -92.14990234375
v -351.7578125 1525.7421875 -119.09619140625
v -284.25 1703.51806640625 -92.14990234375
v -297.05859375 1688.4971923828125 -115.01904296875
v -308.4453125 1552.502197265625 -40.35302734375
v -251.7421875 1555.966064453125 -16.76708984375
v -257.72265625 1719.50244140625 -79.43408203125
v -308.4453125 1552.502197265625 -40.35302734375
v -257.72265625 1719.50244140625 -79.43408203125
v -284.25 1703.51806640625 -92.14990234375
v -251.7421875 1555.966064453125 -16.76708984375
v -162.66015625 1539.6484375 -79.24658203125
v -223.8671875 1703.51806640625 -91.68115234375
v -251.7421875 1555.966064453125 -16.76708984375
v -223.8671875 1703.51806640625 -91.68115234375
v -257.72265625 1719.50244140625 -79.43408203125
v -162.66015625 1539.6484375 -79.24658203125
v -164.36328125 1525.7421875 -155.85693359375
v -214.53515625 1688.573486328125 -134.22705078125
v -162.66015625 1539.6484375 -79.24658203125
v -214.53515625 1688.573486328125 -134.22705078125
v -223.8671875 1703.51806640625 -91.68115234375
v -214.53515625 1688.573486328125 -134.22705078125
v -236.515625 1703.51806640625 -150.73095703125
v -249.3671875 1799.68310546875 -125.16552734375
v -236.515625 1703.51806640625 -150.73095703125
v -270.171875 1703.51806640625 -151.30029296875
v -249.3671875 1799.68310546875 -125.16552734375
v -270.171875 1703.51806640625 -151.30029296875
v -297.05859375 1688.4971923828125 -115.01904296875
v -249.3671875 1799.68310546875 -125.16552734375
v -297.05859375 1688.4971923828125 -115.01904296875
v -284.25 1703.51806640625 -92.14990234375
v -249.3671875 1799.68310546875 -125.16552734375
v -284.25 1703.51806640625 -92.14990234375
v -257.72265625 1719.50244140625 -79.43408203125
v -249.3671875 1799.68310546875 -125.16552734375
v -257.72265625 1719.50244140625 -79.43408203125
v -223.8671875 1703.51806640625 -91.68115234375
v -249.3671875 1799.68310546875 -125.16552734375
v -223.8671875 1703.51806640625 -91.68115234375
v -214.53515625 1688.573486328125 -134.22705078125
v -249.3671875 1799.68310546875 -125.16552734375
v -292.78515625 1169.081298828125 -251.31787109375
v -384.6796875 1144.773193359375 -165.49365234375
v -333.5390625 1318.926513671875 -171.69873046875
v -292.78515625 1169.081298828125 -251.31787109375
v -333.5390625 1318.926513671875 -171.69873046875
v -258.515625 1318.926513671875 -215.17822265625
v -143.4765625 1136.572265625 -209.55029296875
v -292.78515625 1169.081298828125 -251.31787109375
v -258.515625 1318.926513671875 -215.17822265625
v -143.4765625 1136.572265625 -209.55029296875
v -258.515625 1318.926513671875 -215.17822265625
v -178.76953125 1310.091552734375 -184.41162109375
v -112.82421875 1160.579833984375 -113.25927734375
v -143.4765625 1136.572265625 -209.55029296875
v -178.76953125 1310.091552734375 -184.41162109375
v -112.82421875 1160.579833984375 -113.25927734375
v -178.76953125 1310.091552734375 -184.41162109375
v -152.4921875 1318.926513671875 -101.53271484375
v -150.875 1130.5250244140625 -13.60302734375
v -112.82421875 1160.579833984375 -113.25927734375
v -152.4921875 1318.926513671875 -101.53271484375
v -150.875 1130.5250244140625 -13.60302734375
v -152.4921875 1318.926513671875 -101.53271484375
v -200.34375 1318.926513671875 -30.09619140625
v -284.26953125 1160.579833984375 18.98876953125
v -150.875 1130.5250244140625 -13.60302734375
v -200.34375 1318.926513671875 -30.09619140625
v -284.26953125 1160.579833984375 18.98876953125
v -200.34375 1318.926513671875 -30.09619140625
v -286.3203125 1318.926513671875 -22.71826171875
v -385.26953125 1143.6580810546875 -76.16650390625
v -284.26953125 1160.579833984375 18.98876953125
v -286.3203125 1318.926513671875 -22.71826171875
v -385.26953125 1143.6580810546875 -76.16650390625
v -286.3203125 1318.926513671875 -22.71826171875
v -335.16796875 1311.15234375 -75.06884765625
v -384.6796875 1144.773193359375 -165.49365234375
v -385.26953125 1143.6580810546875 -76.16650390625
v -335.16796875 1311.15234375 -75.06884765625
v -384.6796875 1144.773193359375 -165.49365234375
v -335.16796875 1311.15234375 -75.06884765625
v -333.5390625 1318.926513671875 -171.69873046875
v -333.5390625 1318.926513671875 -171.69873046875
v -335.16796875 1311.15234375 -75.06884765625
v -374.48046875 1380.47021484375 -66.76904296875
v -333.5390625 1318.926513671875 -171.69873046875
v -374.48046875 1380.47021484375 -66.76904296875
v -356.37109375 1377.8310546875 -205.44873046875
v -258.515625 1318.926513671875 -215.17822265625
v -333.5390625 1318.926513671875 -171.69873046875
v -356.37109375 1377.8310546875 -205.44873046875
v -258.515625 1318.926513671875 -215.17822265625
v -356.37109375 1377.8310546875 -205.44873046875
v -233.8671875 1393.4202880859375 -251.18408203125
v -178.76953125 1310.091552734375 -184.41162109375
v -258.515625 1318.926513671875 -215.17822265625
v -233.8671875 1393.4202880859375 -251.18408203125
v -178.76953125 1310.091552734375 -184.41162109375
v -233.8671875 1393.4202880859375 -251.18408203125
v -148.74609375 1357.780029296875 -201.17724609375
v -152.4921875 1318.926513671875 -101.53271484375
v -178.76953125 1310.091552734375 -184.41162109375
v -148.74609375 1357.780029296875 -201.17724609375
v -152.4921875 1318.926513671875 -101.53271484375
v -148.74609375 1357.780029296875 -201.17724609375
v -129.03125 1387.9349365234375 -70.38134765625
v -200.34375 1318.926513671875 -30.09619140625
v -152.4921875 1318.926513671875 -101.53271484375
v -129.03125 1387.9349365234375 -70.38134765625
v -200.34375 1318.926513671875 -30.09619140625
v -129.03125 1387.9349365234375 -70.38134765625
v -180.265625 1368.2933349609375 -3.42138671875
v -286.3203125 1318.926513671875 -22.71826171875
v -200.34375 1318.926513671875 -30.09619140625
v -180.265625 1368.2933349609375 -3.42138671875
v -286.3203125 1318.926513671875 -22.71826171875
v -180.265625 1368.2933349609375 -3.42138671875
v -308.1640625 1357.780029296875 6.63916015625
v -335.16796875 1311.15234375 -75.06884765625
v -286.3203125 1318.926513671875 -22.71826171875
v -308.1640625 1357.780029296875 6.63916015625
v -335.16796875 1311.15234375 -75.06884765625
v -308.1640625 1357.780029296875 6.63916015625
v -374.48046875 1380.47021484375 -66.76904296875
v -187.953125 760.279052734375 141.63818359375
v -134.83203125 764.411376953125 190.80517578125
v -152.6328125 850.7151489257812 242.38720703125
v -187.953125 760.279052734375 141.63818359375
v -152.6328125 850.7151489257812 242.38720703125
v -248.63671875 813.291748046875 120.40283203125
v -134.83203125 764.411376953125 190.80517578125
v -57.69140625 786.3785400390625 197.77587890625
v -29.66796875 830.5991821289062 227.43994140625
v -134.83203125 764.411376953125 190.80517578125
v -29.66796875 830.5991821289062 227.43994140625
v -152.6328125 850.7151489257812 242.38720703125
v -57.69140625 786.3785400390625 197.77587890625
v -19.50390625 788.2886352539062 125.52880859375
v 23.41796875 830.51123046875 156.38037109375
v -57.69140625 786.3785400390625 197.77587890625
v 23.41796875 830.51123046875 156.38037109375
v -29.66796875 830.5991821289062 227.43994140625
v -19.50390625 788.2886352539062 125.52880859375
v -38.9765625 786.5460815429688 50.14404296875
v -2.05859375 844.87109375 19.88037109375
v -19.50390625 788.2886352539062 125.52880859375
v -2.05859375 844.87109375 19.88037109375
v 23.41796875 830.51123046875 156.38037109375
v -38.9765625 786.5460815429688 50.14404296875
v -111.13671875 760.7421875 21.70166015625
v -126.3203125 809.7482299804688 -31.99267578125
v -38.9765625 786.5460815429688 50.14404296875
v -126.3203125 809.7482299804688 -31.99267578125
v -2.05859375 844.87109375 19.88037109375
v -111.13671875 760.7421875 21.70166015625
v -179.19140625 781.1936645507812 54.16650390625
v -217.48828125 837.2703857421875 26.06103515625
v -111.13671875 760.7421875 21.70166015625
v -217.48828125 837.2703857421875 26.06103515625
v -126.3203125 809.7482299804688 -31.99267578125
v -179.19140625 781.1936645507812 54.16650390625
v -187.953125 760.279052734375 141.63818359375
v -248.63671875 813.291748046875 120.40283203125
v -179.19140625 781.1936645507812 54.16650390625
v -248.63671875 813.291748046875 120.40283203125
v -217.48828125 837.2703857421875 26.06103515625
v -134.83203125 764.411376953125 190.80517578125
v -187.953125 760.279052734375 141.63818359375
v -105.88671875 735.4440307617188 108.97900390625
v -57.69140625 786.3785400390625 197.77587890625
v -134.83203125 764.411376953125 190.80517578125
v -105.88671875 735.4440307617188 108.97900390625
v -19.50390625 788.2886352539062 125.52880859375
v -57.69140625 786.3785400390625 197.77587890625
v -105.88671875 735.4440307617188 108.97900390625
v -38.9765625 786.5460815429688 50.14404296875
v -19.50390625 788.2886352539062 125.52880859375
v -105.88671875 735.4440307617188 108.97900390625
v -111.13671875 760.7421875 21.70166015625
v -38.9765625 786.5460815429688 50.14404296875
v -105.88671875 735.4440307617188 108.97900390625
v -179.19140625 781.1936645507812 54.16650390625
v -111.13671875 760.7421875 21.70166015625
v -105.88671875 735.4440307617188 108.97900390625
v -187.953125 760.279052734375 141.63818359375
v -179.19140625 781.1936645507812 54.16650390625
v -105.88671875 735.4440307617188 108.97900390625
v -240.31640625 1035.1212158203125 141.18798828125
v -179.4765625 1045.586669921875 224.49169921875
v -145.984375 1181.8734130859375 175.56005859375
v -240.31640625 1035.1212158203125 141.18798828125
v -145.984375 1181.8734130859375 175.56005859375
v -189 1179.545654296875 124.65966796875
v -179.4765625 1045.586669921875 224.49169921875
v -52.46484375 1034.5802001953125 229.62451171875
v -79.375 1184.4161376953125 173.64892578125
v -179.4765625 1045.586669921875 224.49169921875
v -79.375 1184.4161376953125 173.64892578125
v -145.984375 1181.8734130859375 175.56005859375
v -52.46484375 1034.5802001953125 229.62451171875
v 18.9453125 1066.68359375 110.48583984375
v -39.32421875 1185.259033203125 120.36474609375
v -52.46484375 1034.5802001953125 229.62451171875
v -39.32421875 1185.259033203125 120.36474609375
v -79.375 1184.4161376953125 173.64892578125
v 18.9453125 1066.68359375 110.48583984375
v -8.49609375 1041.9227294921875 21.22509765625
v -47.9140625 1171.360595703125 60.07080078125
v 18.9453125 1066.68359375 110.48583984375
v -47.9140625 1171.360595703125 60.07080078125
v -39.32421875 1185.259033203125 120.36474609375
v -8.49609375 1041.9227294921875 21.22509765625
v -130.09765625 1047.5498046875 -24.61572265625
v -116.8359375 1181.064697265625 28.64501953125
v -8.49609375 1041.9227294921875 21.22509765625
v -116.8359375 1181.064697265625 28.64501953125
v -47.9140625 1171.360595703125 60.07080078125
v -130.09765625 1047.5498046875 -24.61572265625
v -207.83203125 1064.940673828125 17.59326171875
v -185.90625 1152.299072265625 69.11083984375
v -130.09765625 1047.5498046875 -24.61572265625
v -185.90625 1152.299072265625 69.11083984375
v -116.8359375 1181.064697265625 28.64501953125
v -207.83203125 1064.940673828125 17.59326171875
v -240.31640625 1035.1212158203125 141.18798828125
v -189 1179.545654296875 124.65966796875
v -207.83203125 1064.940673828125 17.59326171875
v -189 1179.545654296875 124.65966796875
v -185.90625 1152.299072265625 69.11083984375
v -189 1179.545654296875 124.65966796875
v -145.984375 1181.8734130859375 175.56005859375
v -155.75 1235.0146484375 193.74658203125
v -189 1179.545654296875 124.65966796875
v -155.75 1235.0146484375 193.74658203125
v -209.1171875 1204.1136474609375 129.99951171875
v -145.984375 1181.8734130859375 175.56005859375
v -79.375 1184.4161376953125 173.64892578125
v -63.5703125 1237.8004150390625 183.35400390625
v -145.984375 1181.8734130859375 175.56005859375
v -63.5703125 1237.8004150390625 183.35400390625
v -155.75 1235.0146484375 193.74658203125
v -79.375 1184.4161376953125 173.64892578125
v -39.32421875 1185.259033203125 120.36474609375
v -19.51953125 1210.80322265625 124.55908203125
v -79.375 1184.4161376953125 173.64892578125
v -19.51953125 1210.80322265625 124.55908203125
v -63.5703125 1237.8004150390625 183.35400390625
v -39.32421875 1185.259033203125 120.36474609375
v -47.9140625 1171.360595703125 60.07080078125
v -51.4296875 1235.3782958984375 37.60888671875
v -39.32421875 1185.259033203125 120.36474609375
v -51.4296875 1235.3782958984375 37.60888671875
v -19.51953125 1210.80322265625 124.55908203125
v -47.9140625 1171.360595703125 60.07080078125
v -116.8359375 1181.064697265625 28.64501953125
v -103.80078125 1236.599609375 6.57861328125
v -47.9140625 1171.360595703125 60.07080078125
v -103.80078125 1236.599609375 6.57861328125
v -51.4296875 1235.3782958984375 37.60888671875
v -116.8359375 1181.064697265625 28.64501953125
v -185.90625 1152.299072265625 69.11083984375
v -199.5703125 1217.454345703125 55.11767578125
v -116.8359375 1181.064697265625 28.64501953125
v -199.5703125 1217.454345703125 55.11767578125
v -103.80078125 1236.599609375 6.57861328125
v -185.90625 1152.299072265625 69.11083984375
v -189 1179.545654296875 124.65966796875
v -209.1171875 1204.1136474609375 129.99951171875
v -185.90625 1152.299072265625 69.11083984375
v -209.1171875 1204.1136474609375 129.99951171875
v -199.5703125 1217.454345703125 55.11767578125
v -209.1171875 1204.1136474609375 129.99951171875
v -155.75 1235.0146484375 193.74658203125
v -132.8671875 1335.6434326171875 139.10791015625
v -209.1171875 1204.1136474609375 129.99951171875
v -132.8671875 1335.6434326171875 139.10791015625
v -155.51953125 1319.612548828125 123.23876953125
v -155.75 1235.0146484375 193.74658203125
v -63.5703125 1237.8004150390625 183.35400390625
v -99.296875 1336.925048828125 138.14501953125
v -155.75 1235.0146484375 193.74658203125
v -99.296875 1336.925048828125 138.14501953125
v -132.8671875 1335.6434326171875 139.10791015625
v -63.5703125 1237.8004150390625 183.35400390625
v -19.51953125 1210.80322265625 124.55908203125
v -73.578125 1322.4127197265625 101.77783203125
v -63.5703125 1237.8004150390625 183.35400390625
v -73.578125 1322.4127197265625 101.77783203125
v -99.296875 1336.925048828125 138.14501953125
v -19.51953125 1210.80322265625 124.55908203125
v -51.4296875 1235.3782958984375 37.60888671875
v -87.515625 1336.59814453125 78.76806640625
v -19.51953125 1210.80322265625 124.55908203125
v -87.515625 1336.59814453125 78.76806640625
v -73.578125 1322.4127197265625 101.77783203125
v -51.4296875 1235.3782958984375 37.60888671875
v -103.80078125 1236.599609375 6.57861328125
v -115.19140625 1351.364013671875 66.82177734375
v -51.4296875 1235.3782958984375 37.60888671875
v -115.19140625 1351.364013671875 66.82177734375
v -87.515625 1336.59814453125 78.76806640625
v -103.80078125 1236.599609375 6.57861328125
v -199.5703125 1217.454345703125 55.11767578125
v -148.0078125 1334.2890625 80.50341796875
v -103.80078125 1236.599609375 6.57861328125
v -148.0078125 1334.2890625 80.50341796875
v -115.19140625 1351.364013671875 66.82177734375
v -199.5703125 1217.454345703125 55.11767578125
v -209.1171875 1204.1136474609375 129.99951171875
v -155.51953125 1319.612548828125 123.23876953125
v -199.5703125 1217.454345703125 55.11767578125
v -155.51953125 1319.612548828125 123.23876953125
v -148.0078125 1334.2890625 80.50341796875
v -155.51953125 1319.612548828125 123.23876953125
v -132.8671875 1335.6434326171875 139.10791015625
v -121.015625 1405.87890625 116.61279296875
v -132.8671875 1335.6434326171875 139.10791015625
v -99.296875 1336.925048828125 138.14501953125
v -121.015625 1405.87890625 116.61279296875
v -99.296875 1336.925048828125 138.14501953125
v -73.578125 1322.4127197265625 101.77783203125
v -121.015625 1405.87890625 116.61279296875
v -73.578125 1322.4127197265625 101.77783203125
v -87.515625 1336.59814453125 78.76806640625
v -121.015625 1405.87890625 116.61279296875
v -87.515625 1336.59814453125 78.76806640625
v -115.19140625 1351.364013671875 66.82177734375
v -121.015625 1405.87890625 116.61279296875
v -115.19140625 1351.364013671875 66.82177734375
v -148.0078125 1334.2890625 80.50341796875
v -121.015625 1405.87890625 116.61279296875
v -148.0078125 1334.2890625 80.50341796875
v -155.51953125 1319.612548828125 123.23876953125
v -121.015625 1405.87890625 116.61279296875
v -152.6328125 850.7151489257812 242.38720703125
v -29.66796875 830.5991821289062 227.43994140625
v -65.1015625 993.6807861328125 195.55029296875
v -152.6328125 850.7151489257812 242.38720703125
v -65.1015625 993.6807861328125 195.55029296875
v -151.46875 990.384033203125 198.02783203125
v -248.63671875 813.291748046875 120.40283203125
v -152.6328125 850.7151489257812 242.38720703125
v -151.46875 990.384033203125 198.02783203125
v -248.63671875 813.291748046875 120.40283203125
v -151.46875 990.384033203125 198.02783203125
v -207.10546875 978.5335693359375 132.07861328125
v -217.48828125 837.2703857421875 26.06103515625
v -248.63671875 813.291748046875 120.40283203125
v -207.10546875 978.5335693359375 132.07861328125
v -217.48828125 837.2703857421875 26.06103515625
v -207.10546875 978.5335693359375 132.07861328125
v -190.41796875 986.8992309570312 47.26025390625
v -126.3203125 809.7482299804688 -31.99267578125
v -217.48828125 837.2703857421875 26.06103515625
v -190.41796875 986.8992309570312 47.26025390625
v -126.3203125 809.7482299804688 -31.99267578125
v -190.41796875 986.8992309570312 47.26025390625
v -113.67578125 989.33544921875 7.54638671875
v -2.05859375 844.87109375 19.88037109375
v -126.3203125 809.7482299804688 -31.99267578125
v -113.67578125 989.33544921875 7.54638671875
v -2.05859375 844.87109375 19.88037109375
v -113.67578125 989.33544921875 7.54638671875
v -34.79296875 992.8399047851562 42.79541015625
v 23.41796875 830.51123046875 156.38037109375
v -2.05859375 844.87109375 19.88037109375
v -34.79296875 992.8399047851562 42.79541015625
v 23.41796875 830.51123046875 156.38037109375
v -34.79296875 992.8399047851562 42.79541015625
v -17.36328125 986.6534423828125 112.60400390625
v -29.66796875 830.5991821289062 227.43994140625
v 23.41796875 830.51123046875 156.38037109375
v -17.36328125 986.6534423828125 112.60400390625
v -29.66796875 830.5991821289062 227.43994140625
v -17.36328125 986.6534423828125 112.60400390625
v -65.1015625 993.6807861328125 195.55029296875
v -65.1015625 993.6807861328125 195.55029296875
v -17.36328125 986.6534423828125 112.60400390625
v 18.9453125 1066.68359375 110.48583984375
v -65.1015625 993.6807861328125 195.55029296875
v 18.9453125 1066.68359375 110.48583984375
v -52.46484375 1034.5802001953125 229.62451171875
v -151.46875 990.384033203125 198.02783203125
v -65.1015625 993.6807861328125 195.55029296875
v -52.46484375 1034.5802001953125 229.62451171875
v -151.46875 990.384033203125 198.02783203125
v -52.46484375 1034.5802001953125 229.62451171875
v -179.4765625 1045.586669921875 224.49169921875
v -207.10546875 978.5335693359375 132.07861328125
v -151.46875 990.384033203125 198.02783203125
v -179.4765625 1045.586669921875 224.49169921875
v -207.10546875 978.5335693359375 132.07861328125
v -179.4765625 1045.586669921875 224.49169921875
v -240.31640625 1035.1212158203125 141.18798828125
v -190.41796875 986.8992309570312 47.26025390625
v -207.10546875 978.5335693359375 132.07861328125
v -240.31640625 1035.1212158203125 141.18798828125
v -190.41796875 986.8992309570312 47.26025390625
v -240.31640625 1035.1212158203125 141.18798828125
v -207.83203125 1064.940673828125 17.59326171875
v -113.67578125 989.33544921875 7.54638671875
v -190.41796875 986.8992309570312 47.26025390625
v -207.83203125 1064.940673828125 17.59326171875
v -113.67578125 989.33544921875 7.54638671875
v -207.83203125 1064.940673828125 17.59326171875
v -130.09765625 1047.5498046875 -24.61572265625
v -34.79296875 992.8399047851562 42.79541015625
v -113.67578125 989.33544921875 7.54638671875
v -130.09765625 1047.5498046875 -24.61572265625
v -34.79296875 992.8399047851562 42.79541015625
v -130.09765625 1047.5498046875 -24.61572265625
v -8.49609375 1041.9227294921875 21.22509765625
v -17.36328125 986.6534423828125 112.60400390625
v -34.79296875 992.8399047851562 42.79541015625
v -8.49609375 1041.9227294921875 21.22509765625
v -17.36328125 986.6534423828125 112.60400390625
v -8.49609375 1041.9227294921875 21.22509765625
v 18.9453125 1066.68359375 110.48583984375
v 1.8515625 950.768798828125 390.27294921875
v 49.33984375 946.62109375 444.96044921875
v 33.27734375 1012.8922119140625 497.78857421875
v 1.8515625 950.768798828125 390.27294921875
v 33.27734375 1012.8922119140625 497.78857421875
v -50.30859375 993.8154907226562 362.50244140625
v 49.33984375 946.62109375 444.96044921875
v 125.9765625 960.2646484375 460.56884765625
v 156.4375 985.5599365234375 495.63134765625
v 49.33984375 946.62109375 444.96044921875
v 156.4375 985.5599365234375 495.63134765625
v 33.27734375 1012.8922119140625 497.78857421875
v 125.9765625 960.2646484375 460.56884765625
v 171.6875 962.6669921875 392.83837890625
v 217.23046875 986.3007202148438 429.79541015625
v 125.9765625 960.2646484375 460.56884765625
v 217.23046875 986.3007202148438 429.79541015625
v 156.4375 985.5599365234375 495.63134765625
v 171.6875 962.6669921875 392.83837890625
v 160.37109375 967.4781494140625 315.85595703125
v 207.765625 1015.6573486328125 289.04248046875
v 171.6875 962.6669921875 392.83837890625
v 207.765625 1015.6573486328125 289.04248046875
v 217.23046875 986.3007202148438 429.79541015625
v 160.37109375 967.4781494140625 315.85595703125
v 91.23828125 951.27978515625 278.61962890625
v 88.36328125 999.225830078125 220.95263671875
v 160.37109375 967.4781494140625 315.85595703125
v 88.36328125 999.225830078125 220.95263671875
v 207.765625 1015.6573486328125 289.04248046875
v 91.23828125 951.27978515625 278.61962890625
v 22.24609375 976.844482421875 302.43798828125
v -5.33984375 1030.00830078125 268.50048828125
v 91.23828125 951.27978515625 278.61962890625
v -5.33984375 1030.00830078125 268.50048828125
v 88.36328125 999.225830078125 220.95263671875
v 22.24609375 976.844482421875 302.43798828125
v 1.8515625 950.768798828125 390.27294921875
v -50.30859375 993.8154907226562 362.50244140625
v 22.24609375 976.844482421875 302.43798828125
v -50.30859375 993.8154907226562 362.50244140625
v -5.33984375 1030.00830078125 268.50048828125
v 49.33984375 946.62109375 444.96044921875
v 1.8515625 950.768798828125 390.27294921875
v 85.7578125 919.7515258789062 365.88134765625
v 125.9765625 960.2646484375 460.56884765625
v 49.33984375 946.62109375 444.96044921875
v 85.7578125 919.7515258789062 365.88134765625
v 171.6875 962.6669921875 392.83837890625
v 125.9765625 960.2646484375 460.56884765625
v 85.7578125 919.7515258789062 365.88134765625
v 160.37109375 967.4781494140625 315.85595703125
v 171.6875 962.6669921875 392.83837890625
v 85.7578125 919.7515258789062 365.88134765625
v 91.23828125 951.27978515625 278.61962890625
v 160.37109375 967.4781494140625 315.85595703125
v 85.7578125 919.7515258789062 365.88134765625
v 22.24609375 976.844482421875 302.43798828125
v 91.23828125 951.27978515625 278.61962890625
v 85.7578125 919.7515258789062 365.88134765625
v 1.8515625 950.768798828125 390.27294921875
v 22.24609375 976.844482421875 302.43798828125
v 85.7578125 919.7515258789062 365.88134765625
v -34.1328125 1199.7425537109375 415.02392578125
v 34.64453125 1209.9989013671875 502.78564453125
v 75.44140625 1335.7037353515625 466.98291015625
v -34.1328125 1199.7425537109375 415.02392578125
v 75.44140625 1335.7037353515625 466.98291015625
v 22.01171875 1352.8402099609375 429.88427734375
v 34.64453125 1209.9989013671875 502.78564453125
v 159.66015625 1196.257080078125 499.11669921875
v 139.48046875 1339.259033203125 450.23095703125
v 34.64453125 1209.9989013671875 502.78564453125
v 139.48046875 1339.259033203125 450.23095703125
v 75.44140625 1335.7037353515625 466.98291015625
v 159.66015625 1196.257080078125 499.11669921875
v 226.65234375 1232.552978515625 375.90673828125
v 166.06640625 1360.9854736328125 389.15771484375
v 159.66015625 1196.257080078125 499.11669921875
v 166.06640625 1360.9854736328125 389.15771484375
v 139.48046875 1339.259033203125 450.23095703125
v 226.65234375 1232.552978515625 375.90673828125
v 199.265625 1233.779052734375 290.89501953125
v 144.80078125 1370.5999755859375 334.08935546875
v 226.65234375 1232.552978515625 375.90673828125
v 144.80078125 1370.5999755859375 334.08935546875
v 166.06640625 1360.9854736328125 389.15771484375
v 199.265625 1233.779052734375 290.89501953125
v 77.859375 1255.8046875 248.03173828125
v 72.3984375 1391.78271484375 321.03173828125
v 199.265625 1233.779052734375 290.89501953125
v 72.3984375 1391.78271484375 321.03173828125
v 144.80078125 1370.5999755859375 334.08935546875
v 77.859375 1255.8046875 248.03173828125
v -5.86328125 1267.0869140625 300.18701171875
v 13.26171875 1348.0474853515625 368.13818359375
v 77.859375 1255.8046875 248.03173828125
v 13.26171875 1348.0474853515625 368.13818359375
v 72.3984375 1391.78271484375 321.03173828125
v -5.86328125 1267.0869140625 300.18701171875
v -34.1328125 1199.7425537109375 415.02392578125
v 22.01171875 1352.8402099609375 429.88427734375
v -5.86328125 1267.0869140625 300.18701171875
v 22.01171875 1352.8402099609375 429.88427734375
v 13.26171875 1348.0474853515625 368.13818359375
v 22.01171875 1352.8402099609375 429.88427734375
v 75.44140625 1335.7037353515625 466.98291015625
v 78.13671875 1369.15478515625 502.55029296875
v 22.01171875 1352.8402099609375 429.88427734375
v 78.13671875 1369.15478515625 502.55029296875
v 6.04296875 1361.7109375 453.47314453125
v 75.44140625 1335.7037353515625 466.98291015625
v 139.48046875 1339.259033203125 450.23095703125
v 164.08203125 1376.4384765625 465.11572265625
v 75.44140625 1335.7037353515625 466.98291015625
v 164.08203125 1376.4384765625 465.11572265625
v 78.13671875 1369.15478515625 502.55029296875
v 139.48046875 1339.259033203125 450.23095703125
v 166.06640625 1360.9854736328125 389.15771484375
v 188.16015625 1371.740234375 393.84716796875
v 139.48046875 1339.259033203125 450.23095703125
v 188.16015625 1371.740234375 393.84716796875
v 164.08203125 1376.4384765625 465.11572265625
v 166.06640625 1360.9854736328125 389.15771484375
v 144.80078125 1370.5999755859375 334.08935546875
v 132.05078125 1426.687255859375 324.87646484375
v 166.06640625 1360.9854736328125 389.15771484375
v 132.05078125 1426.687255859375 324.87646484375
v 188.16015625 1371.740234375 393.84716796875
v 144.80078125 1370.5999755859375 334.08935546875
v 72.3984375 1391.78271484375 321.03173828125
v 74.6640625 1438.4564208984375 311.85791015625
v 144.80078125 1370.5999755859375 334.08935546875
v 74.6640625 1438.4564208984375 311.85791015625
v 132.05078125 1426.687255859375 324.87646484375
v 72.3984375 1391.78271484375 321.03173828125
v 13.26171875 1348.0474853515625 368.13818359375
v -5.47265625 1401.67236328125 382.19677734375
v 72.3984375 1391.78271484375 321.03173828125
v -5.47265625 1401.67236328125 382.19677734375
v 74.6640625 1438.4564208984375 311.85791015625
v 13.26171875 1348.0474853515625 368.13818359375
v 22.01171875 1352.8402099609375 429.88427734375
v 6.04296875 1361.7109375 453.47314453125
v 13.26171875 1348.0474853515625 368.13818359375
v 6.04296875 1361.7109375 453.47314453125
v -5.47265625 1401.67236328125 382.19677734375
v 6.04296875 1361.7109375 453.47314453125
v 78.13671875 1369.15478515625 502.55029296875
v 91.34765625 1536.970703125 458.86083984375
v 6.04296875 1361.7109375 453.47314453125
v 91.34765625 1536.970703125 458.86083984375
v 63.53125 1527.285400390625 451.42529296875
v 78.13671875 1369.15478515625 502.55029296875
v 164.08203125 1376.4384765625 465.11572265625
v 121.859375 1539.163818359375 444.87158203125
v 78.13671875 1369.15478515625 502.55029296875
v 121.859375 1539.163818359375 444.87158203125
v 91.34765625 1536.970703125 458.86083984375
v 164.08203125 1376.4384765625 465.11572265625
v 188.16015625 1371.740234375 393.84716796875
v 130.58984375 1539.830078125 400.25439453125
v 164.08203125 1376.4384765625 465.11572265625
v 130.58984375 1539.830078125 400.25439453125
v 121.859375 1539.163818359375 444.87158203125
v 188.16015625 1371.740234375 393.84716796875
v 132.05078125 1426.687255859375 324.87646484375
v 109.68359375 1562.38037109375 387.39404296875
v 188.16015625 1371.740234375 393.84716796875
v 109.68359375 1562.38037109375 387.39404296875
v 130.58984375 1539.830078125 400.25439453125
v 132.05078125 1426.687255859375 324.87646484375
v 74.6640625 1438.4564208984375 311.85791015625
v 80.4765625 1580.9107666015625 389.89794921875
v 132.05078125 1426.687255859375 324.87646484375
v 80.4765625 1580.9107666015625 389.89794921875
v 109.68359375 1562.38037109375 387.39404296875
v 74.6640625 1438.4564208984375 311.85791015625
v -5.47265625 1401.67236328125 382.19677734375
v 54.69921875 1558.4285888671875 412.60205078125
v 74.6640625 1438.4564208984375 311.85791015625
v 54.69921875 1558.4285888671875 412.60205078125
v 80.4765625 1580.9107666015625 389.89794921875
v -5.47265625 1401.67236328125 382.19677734375
v 6.04296875 1361.7109375 453.47314453125
v 63.53125 1527.285400390625 451.42529296875
v -5.47265625 1401.67236328125 382.19677734375
v 63.53125 1527.285400390625 451.42529296875
v 54.69921875 1558.4285888671875 412.60205078125
v 63.53125 1527.285400390625 451.42529296875
v 91.34765625 1536.970703125 458.86083984375
v 106.90234375 1637.349853515625 431.86767578125
v 91.34765625 1536.970703125 458.86083984375
v 121.859375 1539.163818359375 444.87158203125
v 106.90234375 1637.349853515625 431.86767578125
v 121.859375 1539.163818359375 444.87158203125
v 130.58984375 1539.830078125 400.25439453125
v 106.90234375 1637.349853515625 431.86767578125
v 130.58984375 1539.830078125 400.25439453125
v 109.68359375 1562.38037109375 387.39404296875
v 106.90234375 1637.349853515625 431.86767578125
v 109.68359375 1562.38037109375 387.39404296875
v 80.4765625 1580.9107666015625 389.89794921875
v 106.90234375 1637.349853515625 431.86767578125
v 80.4765625 1580.9107666015625 389.89794921875
v 54.69921875 1558.4285888671875 412.60205078125
v 106.90234375 1637.349853515625 431.86767578125
v 54.69921875 1558.4285888671875 412.60205078125
v 63.53125 1527.285400390625 451.42529296875
v 106.90234375 1637.349853515625 431.86767578125
v 33.27734375 1012.8922119140625 497.78857421875
v 156.4375 985.5599365234375 495.63134765625
v 137.515625 1153.4569091796875 458.85400390625
v 33.27734375 1012.8922119140625 497.78857421875
v 137.515625 1153.4569091796875 458.85400390625
v 51.65625 1153.8701171875 458.11767578125
v -50.30859375 993.8154907226562 362.50244140625
v 33.27734375 1012.8922119140625 497.78857421875
v 51.65625 1153.8701171875 458.11767578125
v -50.30859375 993.8154907226562 362.50244140625
v 51.65625 1153.8701171875 458.11767578125
v -2.15625 1161.15576171875 389.69384765625
v -5.33984375 1030.00830078125 268.50048828125
v -50.30859375 993.8154907226562 362.50244140625
v -2.15625 1161.15576171875 389.69384765625
v -5.33984375 1030.00830078125 268.50048828125
v -2.15625 1161.15576171875 389.69384765625
v 21.24609375 1193.203857421875 306.77880859375
v 88.36328125 999.225830078125 220.95263671875
v -5.33984375 1030.00830078125 268.50048828125
v 21.24609375 1193.203857421875 306.77880859375
v 88.36328125 999.225830078125 220.95263671875
v 21.24609375 1193.203857421875 306.77880859375
v 100.42578125 1199.8262939453125 271.18408203125
v 207.765625 1015.6573486328125 289.04248046875
v 88.36328125 999.225830078125 220.95263671875
v 100.42578125 1199.8262939453125 271.18408203125
v 207.765625 1015.6573486328125 289.04248046875
v 100.42578125 1199.8262939453125 271.18408203125
v 175.125 1189.184326171875 309.38525390625
v 217.23046875 986.3007202148438 429.79541015625
v 207.765625 1015.6573486328125 289.04248046875
v 175.125 1189.184326171875 309.38525390625
v 217.23046875 986.3007202148438 429.79541015625
v 175.125 1189.184326171875 309.38525390625
v 188.34765625 1163.84326171875 378.29345703125
v 156.4375 985.5599365234375 495.63134765625
v 217.23046875 986.3007202148438 429.79541015625
v 188.34765625 1163.84326171875 378.29345703125
v 156.4375 985.5599365234375 495.63134765625
v 188.34765625 1163.84326171875 378.29345703125
v 137.515625 1153.4569091796875 458.85400390625
v 137.515625 1153.4569091796875 458.85400390625
v 188.34765625 1163.84326171875 378.29345703125
v 226.65234375 1232.552978515625 375.90673828125
v 137.515625 1153.4569091796875 458.85400390625
v 226.65234375 1232.552978515625 375.90673828125
v 159.66015625 1196.257080078125 499.11669921875
v 51.65625 1153.8701171875 458.11767578125
v 137.515625 1153.4569091796875 458.85400390625
v 159.66015625 1196.257080078125 499.11669921875
v 51.65625 1153.8701171875 458.11767578125
v 159.66015625 1196.257080078125 499.11669921875
v 34.64453125 1209.9989013671875 502.78564453125
v -2.15625 1161.15576171875 389.69384765625
v 51.65625 1153.8701171875 458.11767578125
v 34.64453125 1209.9989013671875 502.78564453125
v -2.15625 1161.15576171875 389.69384765625
v 34.64453125 1209.9989013671875 502.78564453125
v -34.1328125 1199.7425537109375 415.02392578125
v 21.24609375 1193.203857421875 306.77880859375
v -2.15625 1161.15576171875 389.69384765625
v -34.1328125 1199.7425537109375 415.02392578125
v 21.24609375 1193.203857421875 306.77880859375
v -34.1328125 1199.7425537109375 415.02392578125
v -5.86328125 1267.0869140625 300.18701171875
v 100.42578125 1199.8262939453125 271.18408203125
v 21.24609375 1193.203857421875 306.77880859375
v -5.86328125 1267.0869140625 300.18701171875
v 100.42578125 1199.8262939453125 271.18408203125
v -5.86328125 1267.0869140625 300.18701171875
v 77.859375 1255.8046875 248.03173828125
v 175.125 1189.184326171875 309.38525390625
v 100.42578125 1199.8262939453125 271.18408203125
v 77.859375 1255.8046875 248.03173828125
v 175.125 1189.184326171875 309.38525390625
v 77.859375 1255.8046875 248.03173828125
v 199.265625 1233.779052734375 290.89501953125
v 188.34765625 1163.84326171875 378.29345703125
v 175.125 1189.184326171875 309.38525390625
v 199.265625 1233.779052734375 290.89501953125
v 188.34765625 1163.84326171875 378.29345703125
v 199.265625 1233.779052734375 290.89501953125
v 226.65234375 1232.552978515625 375.90673828125
v 80.26171875 1162.5885009765625 115.28271484375
v 128.55078125 1164.11181640625 174.96240234375
v 102.9921875 1238.21240234375 230.87353515625
v 80.26171875 1162.5885009765625 115.28271484375
v 102.9921875 1238.21240234375 230.87353515625
v 18.359375 1203.751708984375 84.73583984375
v 128.55078125 1164.11181640625 174.96240234375
v 208.73046875 1184.1419677734375 194.16455078125
v 236.90234375 1212.4453125 233.77001953125
v 128.55078125 1164.11181640625 174.96240234375
v 236.90234375 1212.4453125 233.77001953125
v 102.9921875 1238.21240234375 230.87353515625
v 208.73046875 1184.1419677734375 194.16455078125
v 259.8046875 1185.6129150390625 124.19189453125
v 304.91796875 1211.26318359375 165.76708984375
v 208.73046875 1184.1419677734375 194.16455078125
v 304.91796875 1211.26318359375 165.76708984375
v 236.90234375 1212.4453125 233.77001953125
v 259.8046875 1185.6129150390625 124.19189453125
v 250.82421875 1185.6129150390625 42.13916015625
v 299.06640625 1229.200927734375 15.45654296875
v 259.8046875 1185.6129150390625 124.19189453125
v 299.06640625 1229.200927734375 15.45654296875
v 304.91796875 1211.26318359375 165.76708984375
v 250.82421875 1185.6129150390625 42.13916015625
v 179.08203125 1161.613037109375 1.14013671875
v 173.2421875 1197.3416748046875 -59.81787109375
v 250.82421875 1185.6129150390625 42.13916015625
v 173.2421875 1197.3416748046875 -59.81787109375
v 299.06640625 1229.200927734375 15.45654296875
v 179.08203125 1161.613037109375 1.14013671875
v 103.07421875 1185.6129150390625 25.01611328125
v 66.86328125 1229.200927734375 -11.45361328125
v 179.08203125 1161.613037109375 1.14013671875
v 66.86328125 1229.200927734375 -11.45361328125
v 173.2421875 1197.3416748046875 -59.81787109375
v 103.07421875 1185.6129150390625 25.01611328125
v 80.26171875 1162.5885009765625 115.28271484375
v 18.359375 1203.751708984375 84.73583984375
v 103.07421875 1185.6129150390625 25.01611328125
v 18.359375 1203.751708984375 84.73583984375
v 66.86328125 1229.200927734375 -11.45361328125
v 128.55078125 1164.11181640625 174.96240234375
v 80.26171875 1162.5885009765625 115.28271484375
v 170.92578125 1133.3736572265625 93.29833984375
v 208.73046875 1184.1419677734375 194.16455078125
v 128.55078125 1164.11181640625 174.96240234375
v 170.92578125 1133.3736572265625 93.29833984375
v 259.8046875 1185.6129150390625 124.19189453125
v 208.73046875 1184.1419677734375 194.16455078125
v 170.92578125 1133.3736572265625 93.29833984375
v 250.82421875 1185.6129150390625 42.13916015625
v 259.8046875 1185.6129150390625 124.19189453125
v 170.92578125 1133.3736572265625 93.29833984375
v 179.08203125 1161.613037109375 1.14013671875
v 250.82421875 1185.6129150390625 42.13916015625
v 170.92578125 1133.3736572265625 93.29833984375
v 103.07421875 1185.6129150390625 25.01611328125
v 179.08203125 1161.613037109375 1.14013671875
v 170.92578125 1133.3736572265625 93.29833984375
v 80.26171875 1162.5885009765625 115.28271484375
v 103.07421875 1185.6129150390625 25.01611328125
v 170.92578125 1133.3736572265625 93.29833984375
v 27.76953125 1438.24072265625 110.23486328125
v 80.72265625 1476.020751953125 209.41357421875
v 126.1015625 1609.537109375 160.81884765625
v 27.76953125 1438.24072265625 110.23486328125
v 126.1015625 1609.537109375 160.81884765625
v 88.69921875 1609.537109375 100.86962890625
v 80.72265625 1476.020751953125 209.41357421875
v 216 1459.495361328125 234.56298828125
v 196.29296875 1609.537109375 168.95263671875
v 80.72265625 1476.020751953125 209.41357421875
v 196.29296875 1609.537109375 168.95263671875
v 126.1015625 1609.537109375 160.81884765625
v 216 1459.495361328125 234.56298828125
v 311.21484375 1462.29345703125 117.84912109375
v 246.41796875 1609.537109375 119.14697265625
v 216 1459.495361328125 234.56298828125
v 246.41796875 1609.537109375 119.14697265625
v 196.29296875 1609.537109375 168.95263671875
v 311.21484375 1462.29345703125 117.84912109375
v 295.25390625 1438.24072265625 17.58935546875
v 246.37109375 1595.9998779296875 54.48486328125
v 311.21484375 1462.29345703125 117.84912109375
v 246.37109375 1595.9998779296875 54.48486328125
v 246.41796875 1609.537109375 119.14697265625
v 295.25390625 1438.24072265625 17.58935546875
v 172.03125 1449.385009765625 -50.44775390625
v 179.015625 1609.537109375 11.12255859375
v 295.25390625 1438.24072265625 17.58935546875
v 179.015625 1609.537109375 11.12255859375
v 246.37109375 1595.9998779296875 54.48486328125
v 172.03125 1449.385009765625 -50.44775390625
v 82.35546875 1470.20556640625 -17.08642578125
v 99.984375 1581.3116455078125 42.85693359375
v 172.03125 1449.385009765625 -50.44775390625
v 99.984375 1581.3116455078125 42.85693359375
v 179.015625 1609.537109375 11.12255859375
v 82.35546875 1470.20556640625 -17.08642578125
v 27.76953125 1438.24072265625 110.23486328125
v 88.69921875 1609.537109375 100.86962890625
v 82.35546875 1470.20556640625 -17.08642578125
v 88.69921875 1609.537109375 100.86962890625
v 99.984375 1581.3116455078125 42.85693359375
v 88.69921875 1609.537109375 100.86962890625
v 126.1015625 1609.537109375 160.81884765625
v 113.6640625 1646.1956787109375 181.48876953125
v 88.69921875 1609.537109375 100.86962890625
v 113.6640625 1646.1956787109375 181.48876953125
v 65.8125 1616.2864990234375 104.52587890625
v 126.1015625 1609.537109375 160.81884765625
v 196.29296875 1609.537109375 168.95263671875
v 214.22265625 1645.80126953125 184.68603515625
v 126.1015625 1609.537109375 160.81884765625
v 214.22265625 1645.80126953125 184.68603515625
v 113.6640625 1646.1956787109375 181.48876953125
v 196.29296875 1609.537109375 168.95263671875
v 246.41796875 1609.537109375 119.14697265625
v 270.17578125 1616.2864990234375 128.20947265625
v 196.29296875 1609.537109375 168.95263671875
v 270.17578125 1616.2864990234375 128.20947265625
v 214.22265625 1645.80126953125 184.68603515625
v 246.41796875 1609.537109375 119.14697265625
v 246.37109375 1595.9998779296875 54.48486328125
v 249.8828125 1644.654052734375 30.15771484375
v 246.41796875 1609.537109375 119.14697265625
v 249.8828125 1644.654052734375 30.15771484375
v 270.17578125 1616.2864990234375 128.20947265625
v 246.37109375 1595.9998779296875 54.48486328125
v 179.015625 1609.537109375 11.12255859375
v 198.55078125 1648.3251953125 -11.26904296875
v 246.37109375 1595.9998779296875 54.48486328125
v 198.55078125 1648.3251953125 -11.26904296875
v 249.8828125 1644.654052734375 30.15771484375
v 179.015625 1609.537109375 11.12255859375
v 99.984375 1581.3116455078125 42.85693359375
v 87.93359375 1631.0279541015625 25.77001953125
v 179.015625 1609.537109375 11.12255859375
v 87.93359375 1631.0279541015625 25.77001953125
v 198.55078125 1648.3251953125 -11.26904296875
v 99.984375 1581.3116455078125 42.85693359375
v 88.69921875 1609.537109375 100.86962890625
v 65.8125 1616.2864990234375 104.52587890625
v 99.984375 1581.3116455078125 42.85693359375
v 65.8125 1616.2864990234375 104.52587890625
v 87.93359375 1631.0279541015625 25.77001953125
v 65.8125 1616.2864990234375 104.52587890625
v 113.6640625 1646.1956787109375 181.48876953125
v 146.9453125 1814.20947265625 125.33544921875
v 65.8125 1616.2864990234375 104.52587890625
v 146.9453125 1814.20947265625 125.33544921875
v 125.36328125 1798.367919921875 105.12255859375
v 113.6640625 1646.1956787109375 181.48876953125
v 214.22265625 1645.80126953125 184.68603515625
v 182.3203125 1814.20947265625 129.43505859375
v 113.6640625 1646.1956787109375 181.48876953125
v 182.3203125 1814.20947265625 129.43505859375
v 146.9453125 1814.20947265625 125.33544921875
v 214.22265625 1645.80126953125 184.68603515625
v 270.17578125 1616.2864990234375 128.20947265625
v 214.60546875 1798.2864990234375 95.07958984375
v 214.22265625 1645.80126953125 184.68603515625
v 214.60546875 1798.2864990234375 95.07958984375
v 182.3203125 1814.20947265625 129.43505859375
v 270.17578125 1616.2864990234375 128.20947265625
v 249.8828125 1644.654052734375 30.15771484375
v 203.70703125 1814.20947265625 68.93408203125
v 270.17578125 1616.2864990234375 128.20947265625
v 203.70703125 1814.20947265625 68.93408203125
v 214.60546875 1798.2864990234375 95.07958984375
v 249.8828125 1644.654052734375 30.15771484375
v 198.55078125 1648.3251953125 -11.26904296875
v 176.72265625 1831.154052734375 52.31201171875
v 249.8828125 1644.654052734375 30.15771484375
v 176.72265625 1831.154052734375 52.31201171875
v 203.70703125 1814.20947265625 68.93408203125
v 198.55078125 1648.3251953125 -11.26904296875
v 87.93359375 1631.0279541015625 25.77001953125
v 139.96484375 1814.20947265625 61.54736328125
v 198.55078125 1648.3251953125 -11.26904296875
v 139.96484375 1814.20947265625 61.54736328125
v 176.72265625 1831.154052734375 52.31201171875
v 87.93359375 1631.0279541015625 25.77001953125
v 65.8125 1616.2864990234375 104.52587890625
v 125.36328125 1798.367919921875 105.12255859375
v 87.93359375 1631.0279541015625 25.77001953125
v 125.36328125 1798.367919921875 105.12255859375
v 139.96484375 1814.20947265625 61.54736328125
v 125.36328125 1798.367919921875 105.12255859375
v 146.9453125 1814.20947265625 125.33544921875
v 157.1484375 1933.5013427734375 103.49462890625
v 146.9453125 1814.20947265625 125.33544921875
v 182.3203125 1814.20947265625 129.43505859375
v 157.1484375 1933.5013427734375 103.49462890625
v 182.3203125 1814.20947265625 129.43505859375
v 214.60546875 1798.2864990234375 95.07958984375
v 157.1484375 1933.5013427734375 103.49462890625
v 214.60546875 1798.2864990234375 95.07958984375
v 203.70703125 1814.20947265625 68.93408203125
v 157.1484375 1933.5013427734375 103.49462890625
v 203.70703125 1814.20947265625 68.93408203125
v 176.72265625 1831.154052734375 52.31201171875
v 157.1484375 1933.5013427734375 103.49462890625
v 176.72265625 1831.154052734375 52.31201171875
v 139.96484375 1814.20947265625 61.54736328125
v 157.1484375 1933.5013427734375 103.49462890625
v 139.96484375 1814.20947265625 61.54736328125
v 125.36328125 1798.367919921875 105.12255859375
v 157.1484375 1933.5013427734375 103.49462890625
v 102.9921875 1238.21240234375 230.87353515625
v 236.90234375 1212.4453125 233.77001953125
v 205.0390625 1406.52783203125 192.61767578125
v 102.9921875 1238.21240234375 230.87353515625
v 205.0390625 1406.52783203125 192.61767578125
v 114.03515625 1406.52783203125 182.07080078125
v 18.359375 1203.751708984375 84.73583984375
v 102.9921875 1238.21240234375 230.87353515625
v 114.03515625 1406.52783203125 182.07080078125
v 18.359375 1203.751708984375 84.73583984375
v 114.03515625 1406.52783203125 182.07080078125
v 65.5390625 1397.162353515625 104.34521484375
v 66.86328125 1229.200927734375 -11.45361328125
v 18.359375 1203.751708984375 84.73583984375
v 65.5390625 1397.162353515625 104.34521484375
v 66.86328125 1229.200927734375 -11.45361328125
v 65.5390625 1397.162353515625 104.34521484375
v 96.0703125 1406.52783203125 17.96826171875
v 173.2421875 1197.3416748046875 -59.81787109375
v 66.86328125 1229.200927734375 -11.45361328125
v 96.0703125 1406.52783203125 17.96826171875
v 173.2421875 1197.3416748046875 -59.81787109375
v 96.0703125 1406.52783203125 17.96826171875
v 182.640625 1406.52783203125 -12.01513671875
v 299.06640625 1229.200927734375 15.45654296875
v 173.2421875 1197.3416748046875 -59.81787109375
v 182.640625 1406.52783203125 -12.01513671875
v 299.06640625 1229.200927734375 15.45654296875
v 182.640625 1406.52783203125 -12.01513671875
v 260.05859375 1406.52783203125 36.97216796875
v 304.91796875 1211.26318359375 165.76708984375
v 299.06640625 1229.200927734375 15.45654296875
v 260.05859375 1406.52783203125 36.97216796875
v 304.91796875 1211.26318359375 165.76708984375
v 260.05859375 1406.52783203125 36.97216796875
v 267.625 1398.286865234375 112.80322265625
v 236.90234375 1212.4453125 233.77001953125
v 304.91796875 1211.26318359375 165.76708984375
v 267.625 1398.286865234375 112.80322265625
v 236.90234375 1212.4453125 233.77001953125
v 267.625 1398.286865234375 112.80322265625
v 205.0390625 1406.52783203125 192.61767578125
v 205.0390625 1406.52783203125 192.61767578125
v 267.625 1398.286865234375 112.80322265625
v 311.21484375 1462.29345703125 117.84912109375
v 205.0390625 1406.52783203125 192.61767578125
v 311.21484375 1462.29345703125 117.84912109375
v 216 1459.495361328125 234.56298828125
v 114.03515625 1406.52783203125 182.07080078125
v 205.0390625 1406.52783203125 192.61767578125
v 216 1459.495361328125 234.56298828125
v 114.03515625 1406.52783203125 182.07080078125
v 216 1459.495361328125 234.56298828125
v 80.72265625 1476.020751953125 209.41357421875
v 65.5390625 1397.162353515625 104.34521484375
v 114.03515625 1406.52783203125 182.07080078125
v 80.72265625 1476.020751953125 209.41357421875
v 65.5390625 1397.162353515625 104.34521484375
v 80.72265625 1476.020751953125 209.41357421875
v 27.76953125 1438.24072265625 110.23486328125
v 96.0703125 1406.52783203125 17.96826171875
v 65.5390625 1397.162353515625 104.34521484375
v 27.76953125 1438.24072265625 110.23486328125
v 96.0703125 1406.52783203125 17.96826171875
v 27.76953125 1438.24072265625 110.23486328125
v 82.35546875 1470.20556640625 -17.08642578125
v 182.640625 1406.52783203125 -12.01513671875
v 96.0703125 1406.52783203125 17.96826171875
v 82.35546875 1470.20556640625 -17.08642578125
v 182.640625 1406.52783203125 -12.01513671875
v 82.35546875 1470.20556640625 -17.08642578125
v 172.03125 1449.385009765625 -50.44775390625
v 260.05859375 1406.52783203125 36.97216796875
v 182.640625 1406.52783203125 -12.01513671875
v 172.03125 1449.385009765625 -50.44775390625
v 260.05859375 1406.52783203125 36.97216796875
v 172.03125 1449.385009765625 -50.44775390625
v 295.25390625 1438.24072265625 17.58935546875
v 267.625 1398.286865234375 112.80322265625
v 260.05859375 1406.52783203125 36.97216796875
v 295.25390625 1438.24072265625 17.58935546875
v 267.625 1398.286865234375 112.80322265625
v 295.25390625 1438.24072265625 17.58935546875
v 311.21484375 1462.29345703125 117.84912109375
v 69.37109375 822.3723754882812 -265.20654296875
v -8.24609375 821.6451416015625 -267.28271484375
v -35.515625 903.9132690429688 -327.17529296875
v 69.37109375 822.3723754882812 -265.20654296875
v -35.515625 903.9132690429688 -327.17529296875
v 133.74609375 874.599365234375 -295.45654296875
v -8.24609375 821.6451416015625 -267.28271484375
v -75.91015625 842.2291259765625 -218.60693359375
v -125.875 879.7317504882812 -225.06884765625
v -8.24609375 821.6451416015625 -267.28271484375
v -125.875 879.7317504882812 -225.06884765625
v -35.515625 903.9132690429688 -327.17529296875
v -75.91015625 842.2291259765625 -218.60693359375
v -55.69140625 848.1522216796875 -133.43505859375
v -118.23046875 882.7069091796875 -127.60107421875
v -75.91015625 842.2291259765625 -218.60693359375
v -118.23046875 882.7069091796875 -127.60107421875
v -125.875 879.7317504882812 -225.06884765625
v -55.69140625 848.1522216796875 -133.43505859375
v 13.28125 852.217529296875 -86.47705078125
v 1.5625 907.725341796875 -33.28955078125
v -55.69140625 848.1522216796875 -133.43505859375
v 1.5625 907.725341796875 -33.28955078125
v -118.23046875 882.7069091796875 -127.60107421875
v 13.28125 852.217529296875 -86.47705078125
v 92.19921875 828.8795166015625 -114.28662109375
v 143.234375 877.137939453125 -80.22216796875
v 13.28125 852.217529296875 -86.47705078125
v 143.234375 877.137939453125 -80.22216796875
v 1.5625 907.725341796875 -33.28955078125
v 92.19921875 828.8795166015625 -114.28662109375
v 123.51171875 850.6571044921875 -188.82861328125
v 175.72265625 905.5093383789062 -195.00146484375
v 92.19921875 828.8795166015625 -114.28662109375
v 175.72265625 905.5093383789062 -195.00146484375
v 143.234375 877.137939453125 -80.22216796875
v 123.51171875 850.6571044921875 -188.82861328125
v 69.37109375 822.3723754882812 -265.20654296875
v 133.74609375 874.599365234375 -295.45654296875
v 123.51171875 850.6571044921875 -188.82861328125
v 133.74609375 874.599365234375 -295.45654296875
v 175.72265625 905.5093383789062 -195.00146484375
v -8.24609375 821.6451416015625 -267.28271484375
v 69.37109375 822.3723754882812 -265.20654296875
v 27.03125 795.4688720703125 -180.54248046875
v -75.91015625 842.2291259765625 -218.60693359375
v -8.24609375 821.6451416015625 -267.28271484375
v 27.03125 795.4688720703125 -180.54248046875
v -55.69140625 848.1522216796875 -133.43505859375
v -75.91015625 842.2291259765625 -218.60693359375
v 27.03125 795.4688720703125 -180.54248046875
v 13.28125 852.217529296875 -86.47705078125
v -55.69140625 848.1522216796875 -133.43505859375
v 27.03125 795.4688720703125 -180.54248046875
v 92.19921875 828.8795166015625 -114.28662109375
v 13.28125 852.217529296875 -86.47705078125
v 27.03125 795.4688720703125 -180.54248046875
v 123.51171875 850.6571044921875 -188.82861328125
v 92.19921875 828.8795166015625 -114.28662109375
v 27.03125 795.4688720703125 -180.54248046875
v 69.37109375 822.3723754882812 -265.20654296875
v 123.51171875 850.6571044921875 -188.82861328125
v 27.03125 795.4688720703125 -180.54248046875
v 104.91015625 1110.572998046875 -309.73193359375
v -7.171875 1144.9486083984375 -335.01416015625
v -1.18359375 1272.98681640625 -268.66259765625
v 104.91015625 1110.572998046875 -309.73193359375
v -1.18359375 1272.98681640625 -268.66259765625
v 69.47265625 1275.447509765625 -258.06591796875
v -7.171875 1144.9486083984375 -335.01416015625
v -115.75 1129.0966796875 -246.72314453125
v -53.55078125 1273.72802734375 -220.03857421875
v -7.171875 1144.9486083984375 -335.01416015625
v -53.55078125 1273.72802734375 -220.03857421875
v -1.18359375 1272.98681640625 -268.66259765625
v -115.75 1129.0966796875 -246.72314453125
v -88.48046875 1138.7606201171875 -96.16455078125
v -48.1953125 1277.11328125 -148.80908203125
v -115.75 1129.0966796875 -246.72314453125
v -48.1953125 1277.11328125 -148.80908203125
v -53.55078125 1273.72802734375 -220.03857421875
v -88.48046875 1138.7606201171875 -96.16455078125
v -0.1640625 1118.862548828125 -41.85302734375
v 1.6875 1266.7501220703125 -106.15087890625
v -88.48046875 1138.7606201171875 -96.16455078125
v 1.6875 1266.7501220703125 -106.15087890625
v -48.1953125 1277.11328125 -148.80908203125
v -0.1640625 1118.862548828125 -41.85302734375
v 133.6640625 1131.4459228515625 -92.41748046875
v 79.12109375 1281.547607421875 -129.71533203125
v -0.1640625 1118.862548828125 -41.85302734375
v 79.12109375 1281.547607421875 -129.71533203125
v 1.6875 1266.7501220703125 -106.15087890625
v 133.6640625 1131.4459228515625 -92.41748046875
v 166.8515625 1149.6051025390625 -184.16162109375
v 106.96484375 1250.0836181640625 -210.79833984375
v 133.6640625 1131.4459228515625 -92.41748046875
v 106.96484375 1250.0836181640625 -210.79833984375
v 79.12109375 1281.547607421875 -129.71533203125
v 166.8515625 1149.6051025390625 -184.16162109375
v 104.91015625 1110.572998046875 -309.73193359375
v 69.47265625 1275.447509765625 -258.06591796875
v 166.8515625 1149.6051025390625 -184.16162109375
v 69.47265625 1275.447509765625 -258.06591796875
v 106.96484375 1250.0836181640625 -210.79833984375
v 69.47265625 1275.447509765625 -258.06591796875
v -1.18359375 1272.98681640625 -268.66259765625
v -9.46484375 1318.7452392578125 -294.55224609375
v 69.47265625 1275.447509765625 -258.06591796875
v -9.46484375 1318.7452392578125 -294.55224609375
v 81.984375 1291.3709716796875 -280.14306640625
v -1.18359375 1272.98681640625 -268.66259765625
v -53.55078125 1273.72802734375 -220.03857421875
v -78.34765625 1319.6982421875 -218.93212890625
v -1.18359375 1272.98681640625 -268.66259765625
v -78.34765625 1319.6982421875 -218.93212890625
v -9.46484375 1318.7452392578125 -294.55224609375
v -53.55078125 1273.72802734375 -220.03857421875
v -48.1953125 1277.11328125 -148.80908203125
v -71.296875 1293.3211669921875 -137.81884765625
v -53.55078125 1273.72802734375 -220.03857421875
v -71.296875 1293.3211669921875 -137.81884765625
v -78.34765625 1319.6982421875 -218.93212890625
v -48.1953125 1277.11328125 -148.80908203125
v 1.6875 1266.7501220703125 -106.15087890625
v 17.5234375 1326.240966796875 -89.36865234375
v -48.1953125 1277.11328125 -148.80908203125
v 17.5234375 1326.240966796875 -89.36865234375
v -71.296875 1293.3211669921875 -137.81884765625
v 1.6875 1266.7501220703125 -106.15087890625
v 79.12109375 1281.547607421875 -129.71533203125
v 83.3984375 1331.1082763671875 -101.77978515625
v 1.6875 1266.7501220703125 -106.15087890625
v 83.3984375 1331.1082763671875 -101.77978515625
v 17.5234375 1326.240966796875 -89.36865234375
v 79.12109375 1281.547607421875 -129.71533203125
v 106.96484375 1250.0836181640625 -210.79833984375
v 128.046875 1310.25537109375 -211.36962890625
v 79.12109375 1281.547607421875 -129.71533203125
v 128.046875 1310.25537109375 -211.36962890625
v 83.3984375 1331.1082763671875 -101.77978515625
v 106.96484375 1250.0836181640625 -210.79833984375
v 69.47265625 1275.447509765625 -258.06591796875
v 81.984375 1291.3709716796875 -280.14306640625
v 106.96484375 1250.0836181640625 -210.79833984375
v 81.984375 1291.3709716796875 -280.14306640625
v 128.046875 1310.25537109375 -211.36962890625
v 81.984375 1291.3709716796875 -280.14306640625
v -9.46484375 1318.7452392578125 -294.55224609375
v 10.11328125 1482.0318603515625 -233.05029296875
v 81.984375 1291.3709716796875 -280.14306640625
v 10.11328125 1482.0318603515625 -233.05029296875
v 40.0078125 1466.7010498046875 -236.08837890625
v -9.46484375 1318.7452392578125 -294.55224609375
v -78.34765625 1319.6982421875 -218.93212890625
v -16.27734375 1482.4053955078125 -208.54443359375
v -9.46484375 1318.7452392578125 -294.55224609375
v -16.27734375 1482.4053955078125 -208.54443359375
v 10.11328125 1482.0318603515625 -233.05029296875
v -78.34765625 1319.6982421875 -218.93212890625
v -71.296875 1293.3211669921875 -137.81884765625
v -10.90625 1468.6085205078125 -160.88134765625
v -78.34765625 1319.6982421875 -218.93212890625
v -10.90625 1468.6085205078125 -160.88134765625
v -16.27734375 1482.4053955078125 -208.54443359375
v -71.296875 1293.3211669921875 -137.81884765625
v 17.5234375 1326.240966796875 -89.36865234375
v 16.17578125 1485.865234375 -152.38720703125
v -71.296875 1293.3211669921875 -137.81884765625
v 16.17578125 1485.865234375 -152.38720703125
v -10.90625 1468.6085205078125 -160.88134765625
v 17.5234375 1326.240966796875 -89.36865234375
v 83.3984375 1331.1082763671875 -101.77978515625
v 46.4921875 1503.400146484375 -162.52880859375
v 17.5234375 1326.240966796875 -89.36865234375
v 46.4921875 1503.400146484375 -162.52880859375
v 16.17578125 1485.865234375 -152.38720703125
v 83.3984375 1331.1082763671875 -101.77978515625
v 128.046875 1310.25537109375 -211.36962890625
v 63.734375 1485.192138671875 -196.54443359375
v 83.3984375 1331.1082763671875 -101.77978515625
v 63.734375 1485.192138671875 -196.54443359375
v 46.4921875 1503.400146484375 -162.52880859375
v 128.046875 1310.25537109375 -211.36962890625
v 81.984375 1291.3709716796875 -280.14306640625
v 40.0078125 1466.7010498046875 -236.08837890625
v 128.046875 1310.25537109375 -211.36962890625
v 40.0078125 1466.7010498046875 -236.08837890625
v 63.734375 1485.192138671875 -196.54443359375
v 40.0078125 1466.7010498046875 -236.08837890625
v 10.11328125 1482.0318603515625 -233.05029296875
v 42.23046875 1596.3818359375 -194.25732421875
v 10.11328125 1482.0318603515625 -233.05029296875
v -16.27734375 1482.4053955078125 -208.54443359375
v 42.23046875 1596.3818359375 -194.25732421875
v -16.27734375 1482.4053955078125 -208.54443359375
v -10.90625 1468.6085205078125 -160.88134765625
v 42.23046875 1596.3818359375 -194.25732421875
v -10.90625 1468.6085205078125 -160.88134765625
v 16.17578125 1485.865234375 -152.38720703125
v 42.23046875 1596.3818359375 -194.25732421875
v 16.17578125 1485.865234375 -152.38720703125
v 46.4921875 1503.400146484375 -162.52880859375
v 42.23046875 1596.3818359375 -194.25732421875
v 46.4921875 1503.400146484375 -162.52880859375
v 63.734375 1485.192138671875 -196.54443359375
v 42.23046875 1596.3818359375 -194.25732421875
v 63.734375 1485.192138671875 -196.54443359375
v 40.0078125 1466.7010498046875 -236.08837890625
v 42.23046875 1596.3818359375 -194.25732421875
v -35.515625 903.9132690429688 -327.17529296875
v -125.875 879.7317504882812 -225.06884765625
v -75.22265625 1067.459716796875 -225.17529296875
v -35.515625 903.9132690429688 -327.17529296875
v -75.22265625 1067.459716796875 -225.17529296875
v -7.32421875 1066.4986572265625 -288.21826171875
v 133.74609375 874.599365234375 -295.45654296875
v -35.515625 903.9132690429688 -327.17529296875
v -7.32421875 1066.4986572265625 -288.21826171875
v 133.74609375 874.599365234375 -295.45654296875
v -7.32421875 1066.4986572265625 -288.21826171875
v 84.38671875 1060.222412109375 -274.31005859375
v 175.72265625 905.5093383789062 -195.00146484375
v 133.74609375 874.599365234375 -295.45654296875
v 84.38671875 1060.222412109375 -274.31005859375
v 175.72265625 905.5093383789062 -195.00146484375
v 84.38671875 1060.222412109375 -274.31005859375
v 130.62109375 1074.62890625 -194.30517578125
v 143.234375 877.137939453125 -80.22216796875
v 175.72265625 905.5093383789062 -195.00146484375
v 130.62109375 1074.62890625 -194.30517578125
v 143.234375 877.137939453125 -80.22216796875
v 130.62109375 1074.62890625 -194.30517578125
v 96.79296875 1077.59814453125 -108.06689453125
v 1.5625 907.725341796875 -33.28955078125
v 143.234375 877.137939453125 -80.22216796875
v 96.79296875 1077.59814453125 -108.06689453125
v 1.5625 907.725341796875 -33.28955078125
v 96.79296875 1077.59814453125 -108.06689453125
v 8.2734375 1076.36083984375 -80.70556640625
v -118.23046875 882.7069091796875 -127.60107421875
v 1.5625 907.725341796875 -33.28955078125
v 8.2734375 1076.36083984375 -80.70556640625
v -118.23046875 882.7069091796875 -127.60107421875
v 8.2734375 1076.36083984375 -80.70556640625
v -54.89453125 1064.261962890625 -124.51708984375
v -125.875 879.7317504882812 -225.06884765625
v -118.23046875 882.7069091796875 -127.60107421875
v -54.89453125 1064.261962890625 -124.51708984375
v -125.875 879.7317504882812 -225.06884765625
v -54.89453125 1064.261962890625 -124.51708984375
v -75.22265625 1067.459716796875 -225.17529296875
v -75.22265625 1067.459716796875 -225.17529296875
v -54.89453125 1064.261962890625 -124.51708984375
v -88.48046875 1138.7606201171875 -96.16455078125
v -75.22265625 1067.459716796875 -225.17529296875
v -88.48046875 1138.7606201171875 -96.16455078125
v -115.75 1129.0966796875 -246.72314453125
v -7.32421875 1066.4986572265625 -288.21826171875
v -75.22265625 1067.459716796875 -225.17529296875
v -115.75 1129.0966796875 -246.72314453125
v -7.32421875 1066.4986572265625 -288.21826171875
v -115.75 1129.0966796875 -246.72314453125
v -7.171875 1144.9486083984375 -335.01416015625
v 84.38671875 1060.222412109375 -274.31005859375
v -7.32421875 1066.4986572265625 -288.21826171875
v -7.171875 1144.9486083984375 -335.01416015625
v 84.38671875 1060.222412109375 -274.31005859375
v -7.171875 1144.9486083984375 -335.01416015625
v 104.91015625 1110.572998046875 -309.73193359375
v 130.62109375 1074.62890625 -194.30517578125
v 84.38671875 1060.222412109375 -274.31005859375
v 104.91015625 1110.572998046875 -309.73193359375
v 130.62109375 1074.62890625 -194.30517578125
v 104.91015625 1110.572998046875 -309.73193359375
v 166.8515625 1149.6051025390625 -184.16162109375
v 96.79296875 1077.59814453125 -108.06689453125
v 130.62109375 1074.62890625 -194.30517578125
v 166.8515625 1149.6051025390625 -184.16162109375
v 96.79296875 1077.59814453125 -108.06689453125
v 166.8515625 1149.6051025390625 -184.16162109375
v 133.6640625 1131.4459228515625 -92.41748046875
v 8.2734375 1076.36083984375 -80.70556640625
v 96.79296875 1077.59814453125 -108.06689453125
v 133.6640625 1131.4459228515625 -92.41748046875
v 8.2734375 1076.36083984375 -80.70556640625
v 133.6640625 1131.4459228515625 -92.41748046875
v -0.1640625 1118.862548828125 -41.85302734375
v -54.89453125 1064.261962890625 -124.51708984375
v 8.2734375 1076.36083984375 -80.70556640625
v -0.1640625 1118.862548828125 -41.85302734375
v -54.89453125 1064.261962890625 -124.51708984375
v -0.1640625 1118.862548828125 -41.85302734375
v -88.48046875 1138.7606201171875 -96.16455078125
v 411.61328125 755.299560546875 -124.40087890625
v 384.609375 757.4320678710938 -190.66064453125
v 402.23046875 837.7129516601562 -249.06787109375
v 411.61328125 755.299560546875 -124.40087890625
v 402.23046875 837.7129516601562 -249.06787109375
v 455.66796875 801.7083129882812 -92.71044921875
v 384.609375 757.4320678710938 -190.66064453125
v 316.6796875 777.25927734375 -229.70263671875
v 285.87890625 822.5556030273438 -275.90380859375
v 384.609375 757.4320678710938 -190.66064453125
v 285.87890625 822.5556030273438 -275.90380859375
v 402.23046875 837.7129516601562 -249.06787109375
v 316.6796875 777.25927734375 -229.70263671875
v 250.65234375 779.9580688476562 -180.31494140625
v 205.80859375 826.3497314453125 -226.80029296875
v 316.6796875 777.25927734375 -229.70263671875
v 205.80859375 826.3497314453125 -226.80029296875
v 285.87890625 822.5556030273438 -275.90380859375
v 250.65234375 779.9580688476562 -180.31494140625
v 237.78515625 779.8194580078125 -104.15087890625
v 179.83984375 844.2451782226562 -84.74951171875
v 250.65234375 779.9580688476562 -180.31494140625
v 179.83984375 844.2451782226562 -84.74951171875
v 205.80859375 826.3497314453125 -226.80029296875
v 237.78515625 779.8194580078125 -104.15087890625
v 292.99609375 755.9510498046875 -48.13037109375
v 282.54296875 805.492431640625 10.06591796875
v 237.78515625 779.8194580078125 -104.15087890625
v 282.54296875 805.492431640625 10.06591796875
v 179.83984375 844.2451782226562 -84.74951171875
v 292.99609375 755.9510498046875 -48.13037109375
v 366.56640625 776.86962890625 -50.19677734375
v 391.1015625 827.60693359375 -15.07373046875
v 292.99609375 755.9510498046875 -48.13037109375
v 391.1015625 827.60693359375 -15.07373046875
v 282.54296875 805.492431640625 10.06591796875
v 366.56640625 776.86962890625 -50.19677734375
v 411.61328125 755.299560546875 -124.40087890625
v 455.66796875 801.7083129882812 -92.71044921875
v 366.56640625 776.86962890625 -50.19677734375
v 455.66796875 801.7083129882812 -92.71044921875
v 391.1015625 827.60693359375 -15.07373046875
v 384.609375 757.4320678710938 -190.66064453125
v 411.61328125 755.299560546875 -124.40087890625
v 326.14453125 729.4321899414062 -128.15869140625
v 316.6796875 777.25927734375 -229.70263671875
v 384.609375 757.4320678710938 -190.66064453125
v 326.14453125 729.4321899414062 -128.15869140625
v 250.65234375 779.9580688476562 -180.31494140625
v 316.6796875 777.25927734375 -229.70263671875
v 326.14453125 729.4321899414062 -128.15869140625
v 237.78515625 779.8194580078125 -104.15087890625
v 250.65234375 779.9580688476562 -180.31494140625
v 326.14453125 729.4321899414062 -128.15869140625
v 292.99609375 755.9510498046875 -48.13037109375
v 237.78515625 779.8194580078125 -104.15087890625
v 326.14453125 729.4321899414062 -128.15869140625
v 366.56640625 776.86962890625 -50.19677734375
v 292.99609375 755.9510498046875 -48.13037109375
v 326.14453125 729.4321899414062 -128.15869140625
v 411.61328125 755.299560546875 -124.40087890625
v 366.56640625 776.86962890625 -50.19677734375
v 326.14453125 729.4321899414062 -128.15869140625
v 432.16796875 996.3462524414062 -164.39306640625
v 376.8359375 1047.510986328125 -258.52294921875
v 335.01953125 1161.703125 -213.22802734375
v 432.16796875 996.3462524414062 -164.39306640625
v 335.01953125 1161.703125 -213.22802734375
v 378.734375 1140.3934326171875 -166.92724609375
v 376.8359375 1047.510986328125 -258.52294921875
v 253.98828125 1066.8546142578125 -272.75341796875
v 272.29296875 1189.7041015625 -206.58251953125
v 376.8359375 1047.510986328125 -258.52294921875
v 272.29296875 1189.7041015625 -206.58251953125
v 335.01953125 1161.703125 -213.22802734375
v 253.98828125 1066.8546142578125 -272.75341796875
v 168.015625 1092.17041015625 -154.02685546875
v 236.828125 1205.4462890625 -150.17626953125
v 253.98828125 1066.8546142578125 -272.75341796875
v 236.828125 1205.4462890625 -150.17626953125
v 272.29296875 1189.7041015625 -206.58251953125
v 168.015625 1092.17041015625 -154.02685546875
v 186.90625 1058.10498046875 -64.08349609375
v 247.28125 1185.2645263671875 -92.17333984375
v 168.015625 1092.17041015625 -154.02685546875
v 247.28125 1185.2645263671875 -92.17333984375
v 236.828125 1205.4462890625 -150.17626953125
v 186.90625 1058.10498046875 -64.08349609375
v 305.28125 1036.75634765625 -3.84033203125
v 316.52734375 1167.26953125 -65.19775390625
v 186.90625 1058.10498046875 -64.08349609375
v 316.52734375 1167.26953125 -65.19775390625
v 247.28125 1185.2645263671875 -92.17333984375
v 305.28125 1036.75634765625 -3.84033203125
v 391.203125 1033.0947265625 -42.63330078125
v 377.01953125 1115.5643310546875 -107.81103515625
v 305.28125 1036.75634765625 -3.84033203125
v 377.01953125 1115.5643310546875 -107.81103515625
v 316.52734375 1167.26953125 -65.19775390625
v 391.203125 1033.0947265625 -42.63330078125
v 432.16796875 996.3462524414062 -164.39306640625
v 378.734375 1140.3934326171875 -166.92724609375
v 391.203125 1033.0947265625 -42.63330078125
v 378.734375 1140.3934326171875 -166.92724609375
v 377.01953125 1115.5643310546875 -107.81103515625
v 378.734375 1140.3934326171875 -166.92724609375
v 335.01953125 1161.703125 -213.22802734375
v 350.984375 1211.181640625 -238.56005859375
v 378.734375 1140.3934326171875 -166.92724609375
v 350.984375 1211.181640625 -238.56005859375
v 405.61328125 1157.6640625 -179.22607421875
v 335.01953125 1161.703125 -213.22802734375
v 272.29296875 1189.7041015625 -206.58251953125
v 261.90234375 1249.78515625 -216.56298828125
v 335.01953125 1161.703125 -213.22802734375
v 261.90234375 1249.78515625 -216.56298828125
v 350.984375 1211.181640625 -238.56005859375
v 272.29296875 1189.7041015625 -206.58251953125
v 236.828125 1205.4462890625 -150.17626953125
v 220.50390625 1237.57470703125 -151.80419921875
v 272.29296875 1189.7041015625 -206.58251953125
v 220.50390625 1237.57470703125 -151.80419921875
v 261.90234375 1249.78515625 -216.56298828125
v 236.828125 1205.4462890625 -150.17626953125
v 247.28125 1185.2645263671875 -92.17333984375
v 266.82421875 1244.8851318359375 -65.89892578125
v 236.828125 1205.4462890625 -150.17626953125
v 266.82421875 1244.8851318359375 -65.89892578125
v 220.50390625 1237.57470703125 -151.80419921875
v 247.28125 1185.2645263671875 -92.17333984375
v 316.52734375 1167.26953125 -65.19775390625
v 321.15234375 1224.0072021484375 -40.43798828125
v 247.28125 1185.2645263671875 -92.17333984375
v 321.15234375 1224.0072021484375 -40.43798828125
v 266.82421875 1244.8851318359375 -65.89892578125
v 316.52734375 1167.26953125 -65.19775390625
v 377.01953125 1115.5643310546875 -107.81103515625
v 407.0234375 1170.766357421875 -101.06298828125
v 316.52734375 1167.26953125 -65.19775390625
v 407.0234375 1170.766357421875 -101.06298828125
v 321.15234375 1224.0072021484375 -40.43798828125
v 377.01953125 1115.5643310546875 -107.81103515625
v 378.734375 1140.3934326171875 -166.92724609375
v 405.61328125 1157.6640625 -179.22607421875
v 377.01953125 1115.5643310546875 -107.81103515625
v 405.61328125 1157.6640625 -179.22607421875
v 407.0234375 1170.766357421875 -101.06298828125
v 405.61328125 1157.6640625 -179.22607421875
v 350.984375 1211.181640625 -238.56005859375
v 355.30859375 1349.4749755859375 -179.13916015625
v 405.61328125 1157.6640625 -179.22607421875
v 355.30859375 1349.4749755859375 -179.13916015625
v 376.04296875 1322.207275390625 -167.71826171875
v 350.984375 1211.181640625 -238.56005859375
v 261.90234375 1249.78515625 -216.56298828125
v 324.52734375 1366.58740234375 -172.13037109375
v 350.984375 1211.181640625 -238.56005859375
v 324.52734375 1366.58740234375 -172.13037109375
v 355.30859375 1349.4749755859375 -179.13916015625
v 261.90234375 1249.78515625 -216.56298828125
v 220.50390625 1237.57470703125 -151.80419921875
v 304.15625 1362.0595703125 -131.95947265625
v 261.90234375 1249.78515625 -216.56298828125
v 304.15625 1362.0595703125 -131.95947265625
v 324.52734375 1366.58740234375 -172.13037109375
v 220.50390625 1237.57470703125 -151.80419921875
v 266.82421875 1244.8851318359375 -65.89892578125
v 323.7890625 1366.8983154296875 -112.04443359375
v 220.50390625 1237.57470703125 -151.80419921875
v 323.7890625 1366.8983154296875 -112.04443359375
v 304.15625 1362.0595703125 -131.95947265625
v 266.82421875 1244.8851318359375 -65.89892578125
v 321.15234375 1224.0072021484375 -40.43798828125
v 354.38671875 1366.674072265625 -105.41357421875
v 266.82421875 1244.8851318359375 -65.89892578125
v 354.38671875 1366.674072265625 -105.41357421875
v 323.7890625 1366.8983154296875 -112.04443359375
v 321.15234375 1224.0072021484375 -40.43798828125
v 407.0234375 1170.766357421875 -101.06298828125
v 379.2578125 1336.0625 -124.67333984375
v 321.15234375 1224.0072021484375 -40.43798828125
v 379.2578125 1336.0625 -124.67333984375
v 354.38671875 1366.674072265625 -105.41357421875
v 407.0234375 1170.766357421875 -101.06298828125
v 405.61328125 1157.6640625 -179.22607421875
v 376.04296875 1322.207275390625 -167.71826171875
v 407.0234375 1170.766357421875 -101.06298828125
v 376.04296875 1322.207275390625 -167.71826171875
v 379.2578125 1336.0625 -124.67333984375
v 376.04296875 1322.207275390625 -167.71826171875
v 355.30859375 1349.4749755859375 -179.13916015625
v 376.09375 1456.204345703125 -156.63232421875
v 355.30859375 1349.4749755859375 -179.13916015625
v 324.52734375 1366.58740234375 -172.13037109375
v 376.09375 1456.204345703125 -156.63232421875
v 324.52734375 1366.58740234375 -172.13037109375
v 304.15625 1362.0595703125 -131.95947265625
v 376.09375 1456.204345703125 -156.63232421875
v 304.15625 1362.0595703125 -131.95947265625
v 323.7890625 1366.8983154296875 -112.04443359375
v 376.09375 1456.204345703125 -156.63232421875
v 323.7890625 1366.8983154296875 -112.04443359375
v 354.38671875 1366.674072265625 -105.41357421875
v 376.09375 1456.204345703125 -156.63232421875
v 354.38671875 1366.674072265625 -105.41357421875
v 379.2578125 1336.0625 -124.67333984375
v 376.09375 1456.204345703125 -156.63232421875
v 379.2578125 1336.0625 -124.67333984375
v 376.04296875 1322.207275390625 -167.71826171875
v 376.09375 1456.204345703125 -156.63232421875
v 402.23046875 837.7129516601562 -249.06787109375
v 285.87890625 822.5556030273438 -275.90380859375
v 274.41015625 990.6851806640625 -233.23291015625
v 402.23046875 837.7129516601562 -249.06787109375
v 274.41015625 990.6851806640625 -233.23291015625
v 355.84375 971.8501586914062 -221.09814453125
v 455.66796875 801.7083129882812 -92.71044921875
v 402.23046875 837.7129516601562 -249.06787109375
v 355.84375 971.8501586914062 -221.09814453125
v 455.66796875 801.7083129882812 -92.71044921875
v 355.84375 971.8501586914062 -221.09814453125
v 398.0859375 951.3042602539062 -146.99755859375
v 391.1015625 827.60693359375 -15.07373046875
v 455.66796875 801.7083129882812 -92.71044921875
v 398.0859375 951.3042602539062 -146.99755859375
v 391.1015625 827.60693359375 -15.07373046875
v 398.0859375 951.3042602539062 -146.99755859375
v 368.33984375 965.146484375 -66.12060546875
v 282.54296875 805.492431640625 10.06591796875
v 391.1015625 827.60693359375 -15.07373046875
v 368.33984375 965.146484375 -66.12060546875
v 282.54296875 805.492431640625 10.06591796875
v 368.33984375 965.146484375 -66.12060546875
v 287.0625 982.4336547851562 -40.79345703125
v 179.83984375 844.2451782226562 -84.74951171875
v 282.54296875 805.492431640625 10.06591796875
v 287.0625 982.4336547851562 -40.79345703125
v 179.83984375 844.2451782226562 -84.74951171875
v 287.0625 982.4336547851562 -40.79345703125
v 216.5 1000.1778564453125 -88.81201171875
v 205.80859375 826.3497314453125 -226.80029296875
v 179.83984375 844.2451782226562 -84.74951171875
v 216.5 1000.1778564453125 -88.81201171875
v 205.80859375 826.3497314453125 -226.80029296875
v 216.5 1000.1778564453125 -88.81201171875
v 210.796875 995.7057495117188 -160.11279296875
v 285.87890625 822.5556030273438 -275.90380859375
v 205.80859375 826.3497314453125 -226.80029296875
v 210.796875 995.7057495117188 -160.11279296875
v 285.87890625 822.5556030273438 -275.90380859375
v 210.796875 995.7057495117188 -160.11279296875
v 274.41015625 990.6851806640625 -233.23291015625
v 274.41015625 990.6851806640625 -233.23291015625
v 210.796875 995.7057495117188 -160.11279296875
v 168.015625 1092.17041015625 -154.02685546875
v 274.41015625 990.6851806640625 -233.23291015625
v 168.015625 1092.17041015625 -154.02685546875
v 253.98828125 1066.8546142578125 -272.75341796875
v 355.84375 971.8501586914062 -221.09814453125
v 274.41015625 990.6851806640625 -233.23291015625
v 253.98828125 1066.8546142578125 -272.75341796875
v 355.84375 971.8501586914062 -221.09814453125
v 253.98828125 1066.8546142578125 -272.75341796875
v 376.8359375 1047.510986328125 -258.52294921875
v 398.0859375 951.3042602539062 -146.99755859375
v 355.84375 971.8501586914062 -221.09814453125
v 376.8359375 1047.510986328125 -258.52294921875
v 398.0859375 951.3042602539062 -146.99755859375
v 376.8359375 1047.510986328125 -258.52294921875
v 432.16796875 996.3462524414062 -164.39306640625
v 368.33984375 965.146484375 -66.12060546875
v 398.0859375 951.3042602539062 -146.99755859375
v 432.16796875 996.3462524414062 -164.39306640625
v 368.33984375 965.146484375 -66.12060546875
v 432.16796875 996.3462524414062 -164.39306640625
v 391.203125 1033.0947265625 -42.63330078125
v 287.0625 982.4336547851562 -40.79345703125
v 368.33984375 965.146484375 -66.12060546875
v 391.203125 1033.0947265625 -42.63330078125
v 287.0625 982.4336547851562 -40.79345703125
v 391.203125 1033.0947265625 -42.63330078125
v 305.28125 1036.75634765625 -3.84033203125
v 216.5 1000.1778564453125 -88.81201171875
v 287.0625 982.4336547851562 -40.79345703125
v 305.28125 1036.75634765625 -3.84033203125
v 216.5 1000.1778564453125 -88.81201171875
v 305.28125 1036.75634765625 -3.84033203125
v 186.90625 1058.10498046875 -64.08349609375
v 210.796875 995.7057495117188 -160.11279296875
v 216.5 1000.1778564453125 -88.81201171875
v 186.90625 1058.10498046875 -64.08349609375
v 210.796875 995.7057495117188 -160.11279296875
v 186.90625 1058.10498046875 -64.08349609375
v 168.015625 1092.17041015625 -154.02685546875
v -214.49609375 640.9720458984375 262.96142578125
v -271.98828125 637.8935546875 285.52294921875
v -307.203125 700.451904296875 258.28369140625
v -214.49609375 640.9720458984375 262.96142578125
v -307.203125 700.451904296875 258.28369140625
v -178.4921875 680.2691650390625 229.03564453125
v -271.98828125 637.8935546875 285.52294921875
v -306.41015625 648.3321533203125 342.77197265625
v -340.24609375 671.6940307617188 356.18896484375
v -271.98828125 637.8935546875 285.52294921875
v -340.24609375 671.6940307617188 356.18896484375
v -307.203125 700.451904296875 258.28369140625
v -306.41015625 648.3321533203125 342.77197265625
v -265.1015625 647.437744140625 398.93896484375
v -305.69921875 667.8223876953125 422.50244140625
v -306.41015625 648.3321533203125 342.77197265625
v -305.69921875 667.8223876953125 422.50244140625
v -340.24609375 671.6940307617188 356.18896484375
v -265.1015625 647.437744140625 398.93896484375
v -199.97265625 649.55712890625 411.97314453125
v -193.14453125 685.1129150390625 453.87255859375
v -265.1015625 647.437744140625 398.93896484375
v -193.14453125 685.1129150390625 453.87255859375
v -305.69921875 667.8223876953125 422.50244140625
v -199.97265625 649.55712890625 411.97314453125
v -150.80859375 635.775634765625 366.39208984375
v -107.40234375 668.291015625 377.54443359375
v -199.97265625 649.55712890625 411.97314453125
v -107.40234375 668.291015625 377.54443359375
v -193.14453125 685.1129150390625 453.87255859375
v -150.80859375 635.775634765625 366.39208984375
v -151.09765625 659.6455078125 302.88232421875
v -118.90234375 699.439208984375 288.15576171875
v -150.80859375 635.775634765625 366.39208984375
v -118.90234375 699.439208984375 288.15576171875
v -107.40234375 668.291015625 377.54443359375
v -151.09765625 659.6455078125 302.88232421875
v -214.49609375 640.9720458984375 262.96142578125
v -178.4921875 680.2691650390625 229.03564453125
v -151.09765625 659.6455078125 302.88232421875
v -178.4921875 680.2691650390625 229.03564453125
v -118.90234375 699.439208984375 288.15576171875
v -271.98828125 637.8935546875 285.52294921875
v -214.49609375 640.9720458984375 262.96142578125
v -219.125 611.9065551757812 337.12939453125
v -306.41015625 648.3321533203125 342.77197265625
v -271.98828125 637.8935546875 285.52294921875
v -219.125 611.9065551757812 337.12939453125
v -265.1015625 647.437744140625 398.93896484375
v -306.41015625 648.3321533203125 342.77197265625
v -219.125 611.9065551757812 337.12939453125
v -199.97265625 649.55712890625 411.97314453125
v -265.1015625 647.437744140625 398.93896484375
v -219.125 611.9065551757812 337.12939453125
v -150.80859375 635.775634765625 366.39208984375
v -199.97265625 649.55712890625 411.97314453125
v -219.125 611.9065551757812 337.12939453125
v -151.09765625 659.6455078125 302.88232421875
v -150.80859375 635.775634765625 366.39208984375
v -219.125 611.9065551757812 337.12939453125
v -214.49609375 640.9720458984375 262.96142578125
v -151.09765625 659.6455078125 302.88232421875
v -219.125 611.9065551757812 337.12939453125
v -212.45703125 870.8533935546875 231.96142578125
v -299.0859375 893.191650390625 258.99072265625
v -277.9609375 983.8358154296875 310.53466796875
v -212.45703125 870.8533935546875 231.96142578125
v -277.9609375 983.8358154296875 310.53466796875
v -229.12109375 994.0985717773438 283.62255859375
v -299.0859375 893.191650390625 258.99072265625
v -337.8203125 865.5555419921875 355.10009765625
v -287.44921875 970.5230102539062 365.52392578125
v -299.0859375 893.191650390625 258.99072265625
v -287.44921875 970.5230102539062 365.52392578125
v -277.9609375 983.8358154296875 310.53466796875
v -337.8203125 865.5555419921875 355.10009765625
v -261.82421875 858.6328735351562 446.92919921875
v -248.77734375 962.5101318359375 408.29248046875
v -337.8203125 865.5555419921875 355.10009765625
v -248.77734375 962.5101318359375 408.29248046875
v -287.44921875 970.5230102539062 365.52392578125
v -261.82421875 858.6328735351562 446.92919921875
v -186.13671875 846.244140625 450.38037109375
v -197.78515625 956.3355712890625 410.35791015625
v -261.82421875 858.6328735351562 446.92919921875
v -197.78515625 956.3355712890625 410.35791015625
v -248.77734375 962.5101318359375 408.29248046875
v -186.13671875 846.244140625 450.38037109375
v -114.35546875 869.136474609375 370.17236328125
v -160.1171875 981.838623046875 360.80712890625
v -186.13671875 846.244140625 450.38037109375
v -160.1171875 981.838623046875 360.80712890625
v -197.78515625 956.3355712890625 410.35791015625
v -114.35546875 869.136474609375 370.17236328125
v -125.71875 894.329345703125 293.80419921875
v -179.45703125 971.7894897460938 294.80517578125
v -114.35546875 869.136474609375 370.17236328125
v -179.45703125 971.7894897460938 294.80517578125
v -160.1171875 981.838623046875 360.80712890625
v -125.71875 894.329345703125 293.80419921875
v -212.45703125 870.8533935546875 231.96142578125
v -229.12109375 994.0985717773438 283.62255859375
v -125.71875 894.329345703125 293.80419921875
v -229.12109375 994.0985717773438 283.62255859375
v -179.45703125 971.7894897460938 294.80517578125
v -229.12109375 994.0985717773438 283.62255859375
v -277.9609375 983.8358154296875 310.53466796875
v -295.91015625 1022.6612548828125 311.60107421875
v -229.12109375 994.0985717773438 283.62255859375
v -295.91015625 1022.6612548828125 311.60107421875
v -234.74609375 1012.359619140625 272.39794921875
v -277.9609375 983.8358154296875 310.53466796875
v -287.44921875 970.5230102539062 365.52392578125
v -298.1875 1002.737060546875 388.77587890625
v -277.9609375 983.8358154296875 310.53466796875
v -298.1875 1002.737060546875 388.77587890625
v -295.91015625 1022.6612548828125 311.60107421875
v -287.44921875 970.5230102539062 365.52392578125
v -248.77734375 962.5101318359375 408.29248046875
v -254.234375 972.5696411132812 428.89013671875
v -287.44921875 970.5230102539062 365.52392578125
v -254.234375 972.5696411132812 428.89013671875
v -298.1875 1002.737060546875 388.77587890625
v -248.77734375 962.5101318359375 408.29248046875
v -197.78515625 956.3355712890625 410.35791015625
v -177.93359375 1003.526123046875 416.57373046875
v -248.77734375 962.5101318359375 408.29248046875
v -177.93359375 1003.526123046875 416.57373046875
v -254.234375 972.5696411132812 428.89013671875
v -197.78515625 956.3355712890625 410.35791015625
v -160.1171875 981.838623046875 360.80712890625
v -146.2890625 1019.0325317382812 378.67138671875
v -197.78515625 956.3355712890625 410.35791015625
v -146.2890625 1019.0325317382812 378.67138671875
v -177.93359375 1003.526123046875 416.57373046875
v -160.1171875 981.838623046875 360.80712890625
v -179.45703125 971.7894897460938 294.80517578125
v -173.77734375 1024.0692138671875 291.62060546875
v -160.1171875 981.838623046875 360.80712890625
v -173.77734375 1024.0692138671875 291.62060546875
v -146.2890625 1019.0325317382812 378.67138671875
v -179.45703125 971.7894897460938 294.80517578125
v -229.12109375 994.0985717773438 283.62255859375
v -234.74609375 1012.359619140625 272.39794921875
v -179.45703125 971.7894897460938 294.80517578125
v -234.74609375 1012.359619140625 272.39794921875
v -173.77734375 1024.0692138671875 291.62060546875
v -234.74609375 1012.359619140625 272.39794921875
v -295.91015625 1022.6612548828125 311.60107421875
v -258.37109375 1140.15576171875 352.72998046875
v -234.74609375 1012.359619140625 272.39794921875
v -258.37109375 1140.15576171875 352.72998046875
v -243.22265625 1134.64404296875 333.00634765625
v -295.91015625 1022.6612548828125 311.60107421875
v -298.1875 1002.737060546875 388.77587890625
v -259.3203125 1131.049560546875 380.79833984375
v -295.91015625 1022.6612548828125 311.60107421875
v -259.3203125 1131.049560546875 380.79833984375
v -258.37109375 1140.15576171875 352.72998046875
v -298.1875 1002.737060546875 388.77587890625
v -254.234375 972.5696411132812 428.89013671875
v -229.28515625 1113.236572265625 402.64404296875
v -298.1875 1002.737060546875 388.77587890625
v -229.28515625 1113.236572265625 402.64404296875
v -259.3203125 1131.049560546875 380.79833984375
v -254.234375 972.5696411132812 428.89013671875
v -177.93359375 1003.526123046875 416.57373046875
v -209.4375 1130.5784912109375 394.16162109375
v -254.234375 972.5696411132812 428.89013671875
v -209.4375 1130.5784912109375 394.16162109375
v -229.28515625 1113.236572265625 402.64404296875
v -177.93359375 1003.526123046875 416.57373046875
v -146.2890625 1019.0325317382812 378.67138671875
v -198.3046875 1151.95556640625 373.67138671875
v -177.93359375 1003.526123046875 416.57373046875
v -198.3046875 1151.95556640625 373.67138671875
v -209.4375 1130.5784912109375 394.16162109375
v -146.2890625 1019.0325317382812 378.67138671875
v -173.77734375 1024.0692138671875 291.62060546875
v -207.72265625 1146.9874267578125 343.58349609375
v -146.2890625 1019.0325317382812 378.67138671875
v -207.72265625 1146.9874267578125 343.58349609375
v -198.3046875 1151.95556640625 373.67138671875
v -173.77734375 1024.0692138671875 291.62060546875
v -234.74609375 1012.359619140625 272.39794921875
v -243.22265625 1134.64404296875 333.00634765625
v -173.77734375 1024.0692138671875 291.62060546875
v -243.22265625 1134.64404296875 333.00634765625
v -207.72265625 1146.9874267578125 343.58349609375
v -243.22265625 1134.64404296875 333.00634765625
v -258.37109375 1140.15576171875 352.72998046875
v -243.04296875 1233.371826171875 371.43310546875
v -258.37109375 1140.15576171875 352.72998046875
v -259.3203125 1131.049560546875 380.79833984375
v -243.04296875 1233.371826171875 371.43310546875
v -259.3203125 1131.049560546875 380.79833984375
v -229.28515625 1113.236572265625 402.64404296875
v -243.04296875 1233.371826171875 371.43310546875
v -229.28515625 1113.236572265625 402.64404296875
v -209.4375 1130.5784912109375 394.16162109375
v -243.04296875 1233.371826171875 371.43310546875
v -209.4375 1130.5784912109375 394.16162109375
v -198.3046875 1151.95556640625 373.67138671875
v -243.04296875 1233.371826171875 371.43310546875
v -198.3046875 1151.95556640625 373.67138671875
v -207.72265625 1146.9874267578125 343.58349609375
v -243.04296875 1233.371826171875 371.43310546875
v -207.72265625 1146.9874267578125 343.58349609375
v -243.22265625 1134.64404296875 333.00634765625
v -243.04296875 1233.371826171875 371.43310546875
v -307.203125 700.451904296875 258.28369140625
v -340.24609375 671.6940307617188 356.18896484375
v -307.28515625 817.5174560546875 347.91552734375
v -307.203125 700.451904296875 258.28369140625
v -307.28515625 817.5174560546875 347.91552734375
v -279.93359375 825.32763671875 279.89404296875
v -178.4921875 680.2691650390625 229.03564453125
v -307.203125 700.451904296875 258.28369140625
v -279.93359375 825.32763671875 279.89404296875
v -178.4921875 680.2691650390625 229.03564453125
v -279.93359375 825.32763671875 279.89404296875
v -209.21875 823.747802734375 258.35205078125
v -118.90234375 699.439208984375 288.15576171875
v -178.4921875 680.2691650390625 229.03564453125
v -209.21875 823.747802734375 258.35205078125
v -118.90234375 699.439208984375 288.15576171875
v -209.21875 823.747802734375 258.35205078125
v -148.5859375 830.4332275390625 300.95458984375
v -107.40234375 668.291015625 377.54443359375
v -118.90234375 699.439208984375 288.15576171875
v -148.5859375 830.4332275390625 300.95458984375
v -107.40234375 668.291015625 377.54443359375
v -148.5859375 830.4332275390625 300.95458984375
v -144.078125 823.8944091796875 375.20849609375
v -193.14453125 685.1129150390625 453.87255859375
v -107.40234375 668.291015625 377.54443359375
v -144.078125 823.8944091796875 375.20849609375
v -193.14453125 685.1129150390625 453.87255859375
v -144.078125 823.8944091796875 375.20849609375
v -197.4921875 815.60205078125 423.46630859375
v -305.69921875 667.8223876953125 422.50244140625
v -193.14453125 685.1129150390625 453.87255859375
v -197.4921875 815.60205078125 423.46630859375
v -305.69921875 667.8223876953125 422.50244140625
v -197.4921875 815.60205078125 423.46630859375
v -257.90625 806.6885986328125 413.25830078125
v -340.24609375 671.6940307617188 356.18896484375
v -305.69921875 667.8223876953125 422.50244140625
v -257.90625 806.6885986328125 413.25830078125
v -340.24609375 671.6940307617188 356.18896484375
v -257.90625 806.6885986328125 413.25830078125
v -307.28515625 817.5174560546875 347.91552734375
v -307.28515625 817.5174560546875 347.91552734375
v -257.90625 806.6885986328125 413.25830078125
v -261.82421875 858.6328735351562 446.92919921875
v -307.28515625 817.5174560546875 347.91552734375
v -261.82421875 858.6328735351562 446.92919921875
v -337.8203125 865.5555419921875 355.10009765625
v -279.93359375 825.32763671875 279.89404296875
v -307.28515625 817.5174560546875 347.91552734375
v -337.8203125 865.5555419921875 355.10009765625
v -279.93359375 825.32763671875 279.89404296875
v -337.8203125 865.5555419921875 355.10009765625
v -299.0859375 893.191650390625 258.99072265625
v -209.21875 823.747802734375 258.35205078125
v -279.93359375 825.32763671875 279.89404296875
v -299.0859375 893.191650390625 258.99072265625
v -209.21875 823.747802734375 258.35205078125
v -299.0859375 893.191650390625 258.99072265625
v -212.45703125 870.8533935546875 231.96142578125
v -148.5859375 830.4332275390625 300.95458984375
v -209.21875 823.747802734375 258.35205078125
v -212.45703125 870.8533935546875 231.96142578125
v -148.5859375 830.4332275390625 300.95458984375
v -212.45703125 870.8533935546875 231.96142578125
v -125.71875 894.329345703125 293.80419921875
v -144.078125 823.8944091796875 375.20849609375
v -148.5859375 830.4332275390625 300.95458984375
v -125.71875 894.329345703125 293.80419921875
v -144.078125 823.8944091796875 375.20849609375
v -125.71875 894.329345703125 293.80419921875
v -114.35546875 869.136474609375 370.17236328125
v -197.4921875 815.60205078125 423.46630859375
v -144.078125 823.8944091796875 375.20849609375
v -114.35546875 869.136474609375 370.17236328125
v -197.4921875 815.60205078125 423.46630859375
v -114.35546875 869.136474609375 370.17236328125
v -186.13671875 846.244140625 450.38037109375
v -257.90625 806.6885986328125 413.25830078125
v -197.4921875 815.60205078125 423.46630859375
v -186.13671875 846.244140625 450.38037109375
v -257.90625 806.6885986328125 413.25830078125
v -186.13671875 846.244140625 450.38037109375
v -261.82421875 858.6328735351562 446.92919921875
v -219.18359375 669.7357788085938 -441.39794921875
v -263.48828125 670.1583251953125 -384.22216796875
v -314.80859375 743.0238037109375 -387.79443359375
v -219.18359375 669.7357788085938 -441.39794921875
v -314.80859375 743.0238037109375 -387.79443359375
v -205.875 715.0904541015625 -502.78564453125
v -263.48828125 670.1583251953125 -384.22216796875
v -263.8671875 690.38720703125 -306.30029296875
v -286.5625 725.169677734375 -268.92041015625
v -263.48828125 670.1583251953125 -384.22216796875
v -286.5625 725.169677734375 -268.92041015625
v -314.80859375 743.0238037109375 -387.79443359375
v -263.8671875 690.38720703125 -306.30029296875
v -187.5078125 696.0828247070312 -274.44482421875
v -206.6796875 730.6044921875 -223.99560546875
v -263.8671875 690.38720703125 -306.30029296875
v -206.6796875 730.6044921875 -223.99560546875
v -286.5625 725.169677734375 -268.92041015625
v -187.5078125 696.0828247070312 -274.44482421875
v -114.20703125 699.1900024414062 -300.80029296875
v -70.49609375 756.6937255859375 -268.13037109375
v -187.5078125 696.0828247070312 -274.44482421875
v -70.49609375 756.6937255859375 -268.13037109375
v -206.6796875 730.6044921875 -223.99560546875
v -114.20703125 699.1900024414062 -300.80029296875
v -93.375 675.409912109375 -375.15087890625
v -37.77734375 721.7716064453125 -397.70361328125
v -114.20703125 699.1900024414062 -300.80029296875
v -37.77734375 721.7716064453125 -397.70361328125
v -70.49609375 756.6937255859375 -268.13037109375
v -93.375 675.409912109375 -375.15087890625
v -131.671875 695.471923828125 -440.18017578125
v -107.50390625 746.0769653320312 -483.76904296875
v -93.375 675.409912109375 -375.15087890625
v -107.50390625 746.0769653320312 -483.76904296875
v -37.77734375 721.7716064453125 -397.70361328125
v -131.671875 695.471923828125 -440.18017578125
v -219.18359375 669.7357788085938 -441.39794921875
v -205.875 715.0904541015625 -502.78564453125
v -131.671875 695.471923828125 -440.18017578125
v -205.875 715.0904541015625 -502.78564453125
v -107.50390625 746.0769653320312 -483.76904296875
v -263.48828125 670.1583251953125 -384.22216796875
v -219.18359375 669.7357788085938 -441.39794921875
v -179.9375 645.1000366210938 -363.02685546875
v -263.8671875 690.38720703125 -306.30029296875
v -263.48828125 670.1583251953125 -384.22216796875
v -179.9375 645.1000366210938 -363.02685546875
v -187.5078125 696.0828247070312 -274.44482421875
v -263.8671875 690.38720703125 -306.30029296875
v -179.9375 645.1000366210938 -363.02685546875
v -114.20703125 699.1900024414062 -300.80029296875
v -187.5078125 696.0828247070312 -274.44482421875
v -179.9375 645.1000366210938 -363.02685546875
v -93.375 675.409912109375 -375.15087890625
v -114.20703125 699.1900024414062 -300.80029296875
v -179.9375 645.1000366210938 -363.02685546875
v -131.671875 695.471923828125 -440.18017578125
v -93.375 675.409912109375 -375.15087890625
v -179.9375 645.1000366210938 -363.02685546875
v -219.18359375 669.7357788085938 -441.39794921875
v -131.671875 695.471923828125 -440.18017578125
v -179.9375 645.1000366210938 -363.02685546875
v -236.046875 927.7333984375 -481.68505859375
v -300.9296875 959.8073120117188 -397.24755859375
v -246.19140625 1085.154541015625 -377.16064453125
v -236.046875 927.7333984375 -481.68505859375
v -246.19140625 1085.154541015625 -377.16064453125
v -215.05078125 1084.2431640625 -435.85498046875
v -300.9296875 959.8073120117188 -397.24755859375
v -270.89453125 961.0435791015625 -274.36181640625
v -220.78125 1099.590087890625 -316.51416015625
v -300.9296875 959.8073120117188 -397.24755859375
v -220.78125 1099.590087890625 -316.51416015625
v -246.19140625 1085.154541015625 -377.16064453125
v -270.89453125 961.0435791015625 -274.36181640625
v -131.82421875 990.4154052734375 -239.90771484375
v -156.125 1117.7926025390625 -299.79150390625
v -270.89453125 961.0435791015625 -274.36181640625
v -156.125 1117.7926025390625 -299.79150390625
v -220.78125 1099.590087890625 -316.51416015625
v -131.82421875 990.4154052734375 -239.90771484375
v -55.59765625 972.8615112304688 -290.14306640625
v -103.75390625 1112.281494140625 -329.25439453125
v -131.82421875 990.4154052734375 -239.90771484375
v -103.75390625 1112.281494140625 -329.25439453125
v -156.125 1117.7926025390625 -299.79150390625
v -55.59765625 972.8615112304688 -290.14306640625
v -45.62890625 972.60400390625 -420.84130859375
v -100.68359375 1115.1795654296875 -404.60205078125
v -55.59765625 972.8615112304688 -290.14306640625
v -100.68359375 1115.1795654296875 -404.60205078125
v -103.75390625 1112.281494140625 -329.25439453125
v -45.62890625 972.60400390625 -420.84130859375
v -109.6640625 977.744140625 -487.16650390625
v -160.06640625 1067.88330078125 -452.54931640625
v -45.62890625 972.60400390625 -420.84130859375
v -160.06640625 1067.88330078125 -452.54931640625
v -100.68359375 1115.1795654296875 -404.60205078125
v -109.6640625 977.744140625 -487.16650390625
v -236.046875 927.7333984375 -481.68505859375
v -215.05078125 1084.2431640625 -435.85498046875
v -109.6640625 977.744140625 -487.16650390625
v -215.05078125 1084.2431640625 -435.85498046875
v -160.06640625 1067.88330078125 -452.54931640625
v -215.05078125 1084.2431640625 -435.85498046875
v -246.19140625 1085.154541015625 -377.16064453125
v -273.08984375 1125.7373046875 -381.58447265625
v -215.05078125 1084.2431640625 -435.85498046875
v -273.08984375 1125.7373046875 -381.58447265625
v -232.09765625 1096.486572265625 -455.73193359375
v -246.19140625 1085.154541015625 -377.16064453125
v -220.78125 1099.590087890625 -316.51416015625
v -227.34765625 1147.210693359375 -300.54443359375
v -246.19140625 1085.154541015625 -377.16064453125
v -227.34765625 1147.210693359375 -300.54443359375
v -273.08984375 1125.7373046875 -381.58447265625
v -220.78125 1099.590087890625 -316.51416015625
v -156.125 1117.7926025390625 -299.79150390625
v -153.6875 1138.042236328125 -282.20849609375
v -220.78125 1099.590087890625 -316.51416015625
v -153.6875 1138.042236328125 -282.20849609375
v -227.34765625 1147.210693359375 -300.54443359375
v -156.125 1117.7926025390625 -299.79150390625
v -103.75390625 1112.281494140625 -329.25439453125
v -87.98046875 1171.9658203125 -348.98388671875
v -156.125 1117.7926025390625 -299.79150390625
v -87.98046875 1171.9658203125 -348.98388671875
v -153.6875 1138.042236328125 -282.20849609375
v -103.75390625 1112.281494140625 -329.25439453125
v -100.68359375 1115.1795654296875 -404.60205078125
v -80.33203125 1168.3282470703125 -409.18408203125
v -103.75390625 1112.281494140625 -329.25439453125
v -80.33203125 1168.3282470703125 -409.18408203125
v -87.98046875 1171.9658203125 -348.98388671875
v -100.68359375 1115.1795654296875 -404.60205078125
v -160.06640625 1067.88330078125 -452.54931640625
v -160.54296875 1124.0799560546875 -477.77978515625
v -100.68359375 1115.1795654296875 -404.60205078125
v -160.54296875 1124.0799560546875 -477.77978515625
v -80.33203125 1168.3282470703125 -409.18408203125
v -160.06640625 1067.88330078125 -452.54931640625
v -215.05078125 1084.2431640625 -435.85498046875
v -232.09765625 1096.486572265625 -455.73193359375
v -160.06640625 1067.88330078125 -452.54931640625
v -232.09765625 1096.486572265625 -455.73193359375
v -160.54296875 1124.0799560546875 -477.77978515625
v -232.09765625 1096.486572265625 -455.73193359375
v -273.08984375 1125.7373046875 -381.58447265625
v -225.21484375 1285.25341796875 -388.71435546875
v -232.09765625 1096.486572265625 -455.73193359375
v -225.21484375 1285.25341796875 -388.71435546875
v -218.9140625 1267.33544921875 -415.16943359375
v -273.08984375 1125.7373046875 -381.58447265625
v -227.34765625 1147.210693359375 -300.54443359375
v -210.3515625 1294.38427734375 -359.13916015625
v -273.08984375 1125.7373046875 -381.58447265625
v -210.3515625 1294.38427734375 -359.13916015625
v -225.21484375 1285.25341796875 -388.71435546875
v -227.34765625 1147.210693359375 -300.54443359375
v -153.6875 1138.042236328125 -282.20849609375
v -165.56640625 1292.934326171875 -351.34423828125
v -227.34765625 1147.210693359375 -300.54443359375
v -165.56640625 1292.934326171875 -351.34423828125
v -210.3515625 1294.38427734375 -359.13916015625
v -153.6875 1138.042236328125 -282.20849609375
v -87.98046875 1171.9658203125 -348.98388671875
v -152.45703125 1308.05419921875 -374.60400390625
v -153.6875 1138.042236328125 -282.20849609375
v -152.45703125 1308.05419921875 -374.60400390625
v -165.56640625 1292.934326171875 -351.34423828125
v -87.98046875 1171.9658203125 -348.98388671875
v -80.33203125 1168.3282470703125 -409.18408203125
v -155.05078125 1318.492919921875 -405.34326171875
v -87.98046875 1171.9658203125 -348.98388671875
v -155.05078125 1318.492919921875 -405.34326171875
v -152.45703125 1308.05419921875 -374.60400390625
v -80.33203125 1168.3282470703125 -409.18408203125
v -160.54296875 1124.0799560546875 -477.77978515625
v -179.24609375 1291.600830078125 -427.89697265625
v -80.33203125 1168.3282470703125 -409.18408203125
v -179.24609375 1291.600830078125 -427.89697265625
v -155.05078125 1318.492919921875 -405.34326171875
v -160.54296875 1124.0799560546875 -477.77978515625
v -232.09765625 1096.486572265625 -455.73193359375
v -218.9140625 1267.33544921875 -415.16943359375
v -160.54296875 1124.0799560546875 -477.77978515625
v -218.9140625 1267.33544921875 -415.16943359375
v -179.24609375 1291.600830078125 -427.89697265625
v -218.9140625 1267.33544921875 -415.16943359375
v -225.21484375 1285.25341796875 -388.71435546875
v -208.76953125 1356.7354736328125 -387.49951171875
v -225.21484375 1285.25341796875 -388.71435546875
v -210.3515625 1294.38427734375 -359.13916015625
v -208.76953125 1356.7354736328125 -387.49951171875
v -210.3515625 1294.38427734375 -359.13916015625
v -165.56640625 1292.934326171875 -351.34423828125
v -208.76953125 1356.7354736328125 -387.49951171875
v -165.56640625 1292.934326171875 -351.34423828125
v -152.45703125 1308.05419921875 -374.60400390625
v -208.76953125 1356.7354736328125 -387.49951171875
v -152.45703125 1308.05419921875 -374.60400390625
v -155.05078125 1318.492919921875 -405.34326171875
v -208.76953125 1356.7354736328125 -387.49951171875
v -155.05078125 1318.492919921875 -405.34326171875
v -179.24609375 1291.600830078125 -427.89697265625
v -208.76953125 1356.7354736328125 -387.49951171875
v -179.24609375 1291.600830078125 -427.89697265625
v -218.9140625 1267.33544921875 -415.16943359375
v -208.76953125 1356.7354736328125 -387.49951171875
v -314.80859375 743.0238037109375 -387.79443359375
v -286.5625 725.169677734375 -268.92041015625
v -244.39453125 901.0589599609375 -299.39990234375
v -314.80859375 743.0238037109375 -387.79443359375
v -244.39453125 901.0589599609375 -299.39990234375
v -265.18359375 891.4921875 -381.93798828125
v -205.875 715.0904541015625 -502.78564453125
v -314.80859375 743.0238037109375 -387.79443359375
v -265.18359375 891.4921875 -381.93798828125
v -205.875 715.0904541015625 -502.78564453125
v -265.18359375 891.4921875 -381.93798828125
v -214.25 884.537109375 -451.56396484375
v -107.50390625 746.0769653320312 -483.76904296875
v -205.875 715.0904541015625 -502.78564453125
v -214.25 884.537109375 -451.56396484375
v -107.50390625 746.0769653320312 -483.76904296875
v -214.25 884.537109375 -451.56396484375
v -128.78515625 905.0914306640625 -455.42919921875
v -37.77734375 721.7716064453125 -397.70361328125
v -107.50390625 746.0769653320312 -483.76904296875
v -128.78515625 905.0914306640625 -455.42919921875
v -37.77734375 721.7716064453125 -397.70361328125
v -128.78515625 905.0914306640625 -455.42919921875
v -72.9375 917.607666015625 -389.33251953125
v -70.49609375 756.6937255859375 -268.13037109375
v -37.77734375 721.7716064453125 -397.70361328125
v -72.9375 917.607666015625 -389.33251953125
v -70.49609375 756.6937255859375 -268.13037109375
v -72.9375 917.607666015625 -389.33251953125
v -87.56640625 923.4532470703125 -305.75439453125
v -206.6796875 730.6044921875 -223.99560546875
v -70.49609375 756.6937255859375 -268.13037109375
v -87.56640625 923.4532470703125 -305.75439453125
v -206.6796875 730.6044921875 -223.99560546875
v -87.56640625 923.4532470703125 -305.75439453125
v -151.0546875 908.8409423828125 -272.02783203125
v -286.5625 725.169677734375 -268.92041015625
v -206.6796875 730.6044921875 -223.99560546875
v -151.0546875 908.8409423828125 -272.02783203125
v -286.5625 725.169677734375 -268.92041015625
v -151.0546875 908.8409423828125 -272.02783203125
v -244.39453125 901.0589599609375 -299.39990234375
v -244.39453125 901.0589599609375 -299.39990234375
v -151.0546875 908.8409423828125 -272.02783203125
v -131.82421875 990.4154052734375 -239.90771484375
v -244.39453125 901.0589599609375 -299.39990234375
v -131.82421875 990.4154052734375 -239.90771484375
v -270.89453125 961.0435791015625 -274.36181640625
v -265.18359375 891.4921875 -381.93798828125
v -244.39453125 901.0589599609375 -299.39990234375
v -270.89453125 961.0435791015625 -274.36181640625
v -265.18359375 891.4921875 -381.93798828125
v -270.89453125 961.0435791015625 -274.36181640625
v -300.9296875 959.8073120117188 -397.24755859375
v -214.25 884.537109375 -451.56396484375
v -265.18359375 891.4921875 -381.93798828125
v -300.9296875 959.8073120117188 -397.24755859375
v -214.25 884.537109375 -451.56396484375
v -300.9296875 959.8073120117188 -397.24755859375
v -236.046875 927.7333984375 -481.68505859375
v -128.78515625 905.0914306640625 -455.42919921875
v -214.25 884.537109375 -451.56396484375
v -236.046875 927.7333984375 -481.68505859375
v -128.78515625 905.0914306640625 -455.42919921875
v -236.046875 927.7333984375 -481.68505859375
v -109.6640625 977.744140625 -487.16650390625
v -72.9375 917.607666015625 -389.33251953125
v -128.78515625 905.0914306640625 -455.42919921875
v -109.6640625 977.744140625 -487.16650390625
v -72.9375 917.607666015625 -389.33251953125
v -109.6640625 977.744140625 -487.16650390625
v -45.62890625 972.60400390625 -420.84130859375
v -87.56640625 923.4532470703125 -305.75439453125
v -72.9375 917.607666015625 -389.33251953125
v -45.62890625 972.60400390625 -420.84130859375
v -87.56640625 923.4532470703125 -305.75439453125
v -45.62890625 972.60400390625 -420.84130859375
v -55.59765625 972.8615112304688 -290.14306640625
v -151.0546875 908.8409423828125 -272.02783203125
v -87.56640625 923.4532470703125 -305.75439453125
v -55.59765625 972.8615112304688 -290.14306640625
v -151.0546875 908.8409423828125 -272.02783203125
v -55.59765625 972.8615112304688 -290.14306640625
v -131.82421875 990.4154052734375 -239.90771484375
v 438.609375 573.4244384765625 203.52294921875
v 390.51171875 579.8939208984375 149.52294921875
v 412.640625 650.0218505859375 103.39306640625
v 438.609375 573.4244384765625 203.52294921875
v 412.640625 650.0218505859375 103.39306640625
v 495.48046875 607.4702758789062 232.11376953125
v 390.51171875 579.8939208984375 149.52294921875
v 314.4296875 602.6519165039062 135.46533203125
v 290.01953125 630.1173095703125 105.97607421875
v 390.51171875 579.8939208984375 149.52294921875
v 290.01953125 630.1173095703125 105.97607421875
v 412.640625 650.0218505859375 103.39306640625
v 314.4296875 602.6519165039062 135.46533203125
v 269.41796875 601.9041748046875 203.68017578125
v 230.89453125 627.7100830078125 170.87548828125
v 314.4296875 602.6519165039062 135.46533203125
v 230.89453125 627.7100830078125 170.87548828125
v 290.01953125 630.1173095703125 105.97607421875
v 269.41796875 601.9041748046875 203.68017578125
v 281.4921875 596.992431640625 280.54443359375
v 242.9140625 636.8204956054688 308.02099609375
v 269.41796875 601.9041748046875 203.68017578125
v 242.9140625 636.8204956054688 308.02099609375
v 230.89453125 627.7100830078125 170.87548828125
v 281.4921875 596.992431640625 280.54443359375
v 350.52734375 569.56640625 315.42041015625
v 360.328125 599.0059814453125 370.43017578125
v 281.4921875 596.992431640625 280.54443359375
v 360.328125 599.0059814453125 370.43017578125
v 242.9140625 636.8204956054688 308.02099609375
v 350.52734375 569.56640625 315.42041015625
v 421.4296875 590.8642578125 290.04052734375
v 455.765625 628.1179809570312 322.46435546875
v 350.52734375 569.56640625 315.42041015625
v 455.765625 628.1179809570312 322.46435546875
v 360.328125 599.0059814453125 370.43017578125
v 421.4296875 590.8642578125 290.04052734375
v 438.609375 573.4244384765625 203.52294921875
v 495.48046875 607.4702758789062 232.11376953125
v 421.4296875 590.8642578125 290.04052734375
v 495.48046875 607.4702758789062 232.11376953125
v 455.765625 628.1179809570312 322.46435546875
v 390.51171875 579.8939208984375 149.52294921875
v 438.609375 573.4244384765625 203.52294921875
v 353.734375 547.8311157226562 227.66650390625
v 314.4296875 602.6519165039062 135.46533203125
v 390.51171875 579.8939208984375 149.52294921875
v 353.734375 547.8311157226562 227.66650390625
v 269.41796875 601.9041748046875 203.68017578125
v 314.4296875 602.6519165039062 135.46533203125
v 353.734375 547.8311157226562 227.66650390625
v 281.4921875 596.992431640625 280.54443359375
v 269.41796875 601.9041748046875 203.68017578125
v 353.734375 547.8311157226562 227.66650390625
v 350.52734375 569.56640625 315.42041015625
v 281.4921875 596.992431640625 280.54443359375
v 353.734375 547.8311157226562 227.66650390625
v 421.4296875 590.8642578125 290.04052734375
v 350.52734375 569.56640625 315.42041015625
v 353.734375 547.8311157226562 227.66650390625
v 438.609375 573.4244384765625 203.52294921875
v 421.4296875 590.8642578125 290.04052734375
v 353.734375 547.8311157226562 227.66650390625
v 489.53515625 830.052490234375 214.66064453125
v 437.63671875 872.3535766601562 127.43798828125
v 400.62890625 996.5159912109375 173.12255859375
v 489.53515625 830.052490234375 214.66064453125
v 400.62890625 996.5159912109375 173.12255859375
v 438.50390625 991.848388671875 227.89697265625
v 437.63671875 872.3535766601562 127.43798828125
v 312.96875 862.3289794921875 110.01123046875
v 334.1484375 999.4271240234375 168.61083984375
v 437.63671875 872.3535766601562 127.43798828125
v 334.1484375 999.4271240234375 168.61083984375
v 400.62890625 996.5159912109375 173.12255859375
v 312.96875 862.3289794921875 110.01123046875
v 231.171875 862.0662231445312 220.57763671875
v 289.125 998.39013671875 217.75927734375
v 312.96875 862.3289794921875 110.01123046875
v 289.125 998.39013671875 217.75927734375
v 334.1484375 999.4271240234375 168.61083984375
v 231.171875 862.0662231445312 220.57763671875
v 249.6171875 833.8173828125 310.70458984375
v 291.8125 982.0073852539062 278.35888671875
v 231.171875 862.0662231445312 220.57763671875
v 291.8125 982.0073852539062 278.35888671875
v 289.125 998.39013671875 217.75927734375
v 249.6171875 833.8173828125 310.70458984375
v 365.03125 836.9808959960938 367.61962890625
v 357.37109375 989.9794311523438 316.46044921875
v 249.6171875 833.8173828125 310.70458984375
v 357.37109375 989.9794311523438 316.46044921875
v 291.8125 982.0073852539062 278.35888671875
v 365.03125 836.9808959960938 367.61962890625
v 445.703125 855.4576416015625 333.80029296875
v 430.01171875 962.3919677734375 282.42822265625
v 365.03125 836.9808959960938 367.61962890625
v 430.01171875 962.3919677734375 282.42822265625
v 357.37109375 989.9794311523438 316.46044921875
v 445.703125 855.4576416015625 333.80029296875
v 489.53515625 830.052490234375 214.66064453125
v 438.50390625 991.848388671875 227.89697265625
v 445.703125 855.4576416015625 333.80029296875
v 438.50390625 991.848388671875 227.89697265625
v 430.01171875 962.3919677734375 282.42822265625
v 438.50390625 991.848388671875 227.89697265625
v 400.62890625 996.5159912109375 173.12255859375
v 411.4921875 1032.3624267578125 158.22119140625
v 438.50390625 991.848388671875 227.89697265625
v 411.4921875 1032.3624267578125 158.22119140625
v 457.91796875 998.7655639648438 225.59912109375
v 400.62890625 996.5159912109375 173.12255859375
v 334.1484375 999.4271240234375 168.61083984375
v 319.66796875 1035.331298828125 159.66357421875
v 400.62890625 996.5159912109375 173.12255859375
v 319.66796875 1035.331298828125 159.66357421875
v 411.4921875 1032.3624267578125 158.22119140625
v 334.1484375 999.4271240234375 168.61083984375
v 289.125 998.39013671875 217.75927734375
v 270.58984375 1006.4246826171875 212.88525390625
v 334.1484375 999.4271240234375 168.61083984375
v 270.58984375 1006.4246826171875 212.88525390625
v 319.66796875 1035.331298828125 159.66357421875
v 289.125 998.39013671875 217.75927734375
v 291.8125 982.0073852539062 278.35888671875
v 293.71875 1027.5538330078125 302.01611328125
v 289.125 998.39013671875 217.75927734375
v 293.71875 1027.5538330078125 302.01611328125
v 270.58984375 1006.4246826171875 212.88525390625
v 291.8125 982.0073852539062 278.35888671875
v 357.37109375 989.9794311523438 316.46044921875
v 342.34375 1027.2939453125 337.62646484375
v 291.8125 982.0073852539062 278.35888671875
v 342.34375 1027.2939453125 337.62646484375
v 293.71875 1027.5538330078125 302.01611328125
v 357.37109375 989.9794311523438 316.46044921875
v 430.01171875 962.3919677734375 282.42822265625
v 441.34375 1009.3704833984375 298.67236328125
v 357.37109375 989.9794311523438 316.46044921875
v 441.34375 1009.3704833984375 298.67236328125
v 342.34375 1027.2939453125 337.62646484375
v 430.01171875 962.3919677734375 282.42822265625
v 438.50390625 991.848388671875 227.89697265625
v 457.91796875 998.7655639648438 225.59912109375
v 430.01171875 962.3919677734375 282.42822265625
v 457.91796875 998.7655639648438 225.59912109375
v 441.34375 1009.3704833984375 298.67236328125
v 457.91796875 998.7655639648438 225.59912109375
v 411.4921875 1032.3624267578125 158.22119140625
v 385.58984375 1188.150146484375 211.85400390625
v 457.91796875 998.7655639648438 225.59912109375
v 385.58984375 1188.150146484375 211.85400390625
v 406.578125 1171.332763671875 229.58056640625
v 411.4921875 1032.3624267578125 158.22119140625
v 319.66796875 1035.331298828125 159.66357421875
v 352.0859375 1189.6175537109375 209.57958984375
v 411.4921875 1032.3624267578125 158.22119140625
v 352.0859375 1189.6175537109375 209.57958984375
v 385.58984375 1188.150146484375 211.85400390625
v 319.66796875 1035.331298828125 159.66357421875
v 270.58984375 1006.4246826171875 212.88525390625
v 322.9453125 1173.81591796875 243.03857421875
v 319.66796875 1035.331298828125 159.66357421875
v 322.9453125 1173.81591796875 243.03857421875
v 352.0859375 1189.6175537109375 209.57958984375
v 270.58984375 1006.4246826171875 212.88525390625
v 293.71875 1027.5538330078125 302.01611328125
v 334.6015625 1186.975830078125 267.51123046875
v 270.58984375 1006.4246826171875 212.88525390625
v 334.6015625 1186.975830078125 267.51123046875
v 322.9453125 1173.81591796875 243.03857421875
v 293.71875 1027.5538330078125 302.01611328125
v 342.34375 1027.2939453125 337.62646484375
v 361.00390625 1201.0694580078125 282.31591796875
v 293.71875 1027.5538330078125 302.01611328125
v 361.00390625 1201.0694580078125 282.31591796875
v 334.6015625 1186.975830078125 267.51123046875
v 342.34375 1027.2939453125 337.62646484375
v 441.34375 1009.3704833984375 298.67236328125
v 394.9765625 1184.33203125 271.60888671875
v 342.34375 1027.2939453125 337.62646484375
v 394.9765625 1184.33203125 271.60888671875
v 361.00390625 1201.0694580078125 282.31591796875
v 441.34375 1009.3704833984375 298.67236328125
v 457.91796875 998.7655639648438 225.59912109375
v 406.578125 1171.332763671875 229.58056640625
v 441.34375 1009.3704833984375 298.67236328125
v 406.578125 1171.332763671875 229.58056640625
v 394.9765625 1184.33203125 271.60888671875
v 406.578125 1171.332763671875 229.58056640625
v 385.58984375 1188.150146484375 211.85400390625
v 378.70703125 1299.71044921875 235.43310546875
v 385.58984375 1188.150146484375 211.85400390625
v 352.0859375 1189.6175537109375 209.57958984375
v 378.70703125 1299.71044921875 235.43310546875
v 352.0859375 1189.6175537109375 209.57958984375
v 322.9453125 1173.81591796875 243.03857421875
v 378.70703125 1299.71044921875 235.43310546875
v 322.9453125 1173.81591796875 243.03857421875
v 334.6015625 1186.975830078125 267.51123046875
v 378.70703125 1299.71044921875 235.43310546875
v 334.6015625 1186.975830078125 267.51123046875
v 361.00390625 1201.0694580078125 282.31591796875
v 378.70703125 1299.71044921875 235.43310546875
v 361.00390625 1201.0694580078125 282.31591796875
v 394.9765625 1184.33203125 271.60888671875
v 378.70703125 1299.71044921875 235.43310546875
v 394.9765625 1184.33203125 271.60888671875
v 406.578125 1171.332763671875 229.58056640625
v 378.70703125 1299.71044921875 235.43310546875
v 412.640625 650.0218505859375 103.39306640625
v 290.01953125 630.1173095703125 105.97607421875
v 321.86328125 809.7333984375 142.37060546875
v 412.640625 650.0218505859375 103.39306640625
v 321.86328125 809.7333984375 142.37060546875
v 408.0546875 805.9588623046875 148.22021484375
v 495.48046875 607.4702758789062 232.11376953125
v 412.640625 650.0218505859375 103.39306640625
v 408.0546875 805.9588623046875 148.22021484375
v 495.48046875 607.4702758789062 232.11376953125
v 408.0546875 805.9588623046875 148.22021484375
v 457.0234375 791.0803833007812 219.03759765625
v 455.765625 628.1179809570312 322.46435546875
v 495.48046875 607.4702758789062 232.11376953125
v 457.0234375 791.0803833007812 219.03759765625
v 455.765625 628.1179809570312 322.46435546875
v 457.0234375 791.0803833007812 219.03759765625
v 432.203125 796.135498046875 301.94677734375
v 360.328125 599.0059814453125 370.43017578125
v 455.765625 628.1179809570312 322.46435546875
v 432.203125 796.135498046875 301.94677734375
v 360.328125 599.0059814453125 370.43017578125
v 432.203125 796.135498046875 301.94677734375
v 351.96875 797.4840087890625 334.06396484375
v 242.9140625 636.8204956054688 308.02099609375
v 360.328125 599.0059814453125 370.43017578125
v 351.96875 797.4840087890625 334.06396484375
v 242.9140625 636.8204956054688 308.02099609375
v 351.96875 797.4840087890625 334.06396484375
v 276.8828125 802.937255859375 291.40576171875
v 230.89453125 627.7100830078125 170.87548828125
v 242.9140625 636.8204956054688 308.02099609375
v 276.8828125 802.937255859375 291.40576171875
v 230.89453125 627.7100830078125 170.87548828125
v 276.8828125 802.937255859375 291.40576171875
v 266.296875 799.68408203125 220.16064453125
v 290.01953125 630.1173095703125 105.97607421875
v 230.89453125 627.7100830078125 170.87548828125
v 266.296875 799.68408203125 220.16064453125
v 290.01953125 630.1173095703125 105.97607421875
v 266.296875 799.68408203125 220.16064453125
v 321.86328125 809.7333984375 142.37060546875
v 321.86328125 809.7333984375 142.37060546875
v 266.296875 799.68408203125 220.16064453125
v 231.171875 862.0662231445312 220.57763671875
v 321.86328125 809.7333984375 142.37060546875
v 231.171875 862.0662231445312 220.57763671875
v 312.96875 862.3289794921875 110.01123046875
v 408.0546875 805.9588623046875 148.22021484375
v 321.86328125 809.7333984375 142.37060546875
v 312.96875 862.3289794921875 110.01123046875
v 408.0546875 805.9588623046875 148.22021484375
v 312.96875 862.3289794921875 110.01123046875
v 437.63671875 872.3535766601562 127.43798828125
v 457.0234375 791.0803833007812 219.03759765625
v 408.0546875 805.9588623046875 148.22021484375
v 437.63671875 872.3535766601562 127.43798828125
v 457.0234375 791.0803833007812 219.03759765625
v 437.63671875 872.3535766601562 127.43798828125
v 489.53515625 830.052490234375 214.66064453125
v 432.203125 796.135498046875 301.94677734375
v 457.0234375 791.0803833007812 219.03759765625
v 489.53515625 830.052490234375 214.66064453125
v 432.203125 796.135498046875 301.94677734375
v 489.53515625 830.052490234375 214.66064453125
v 445.703125 855.4576416015625 333.80029296875
v 351.96875 797.4840087890625 334.06396484375
v 432.203125 796.135498046875 301.94677734375
v 445.703125 855.4576416015625 333.80029296875
v 351.96875 797.4840087890625 334.06396484375
v 445.703125 855.4576416015625 333.80029296875
v 365.03125 836.9808959960938 367.61962890625
v 276.8828125 802.937255859375 291.40576171875
v 351.96875 797.4840087890625 334.06396484375
v 365.03125 836.9808959960938 367.61962890625
v 276.8828125 802.937255859375 291.40576171875
v 365.03125 836.9808959960938 367.61962890625
v 249.6171875 833.8173828125 310.70458984375
v 266.296875 799.68408203125 220.16064453125
v 276.8828125 802.937255859375 291.40576171875
v 249.6171875 833.8173828125 310.70458984375
v 266.296875 799.68408203125 220.16064453125
v 249.6171875 833.8173828125 310.70458984375
v 231.171875 862.0662231445312 220.57763671875
v -367.88671875 480.0638732910156 -21.38916015625
v -422.10546875 476.75958251953125 26.59130859375
v -481.29296875 549.5115966796875 1.07177734375
v -367.88671875 480.0638732910156 -21.38916015625
v -481.29296875 549.5115966796875 1.07177734375
v -348.34765625 530.5447998046875 -81.60498046875
v -422.10546875 476.75958251953125 26.59130859375
v -438.33984375 500.03350830078125 102.17431640625
v -477.27734375 536.2778930664062 125.13427734375
v -422.10546875 476.75958251953125 26.59130859375
v -477.27734375 536.2778930664062 125.13427734375
v -481.29296875 549.5115966796875 1.07177734375
v -438.33984375 500.03350830078125 102.17431640625
v -370.921875 517.017822265625 147.12451171875
v -412.4765625 550.4269409179688 184.75048828125
v -438.33984375 500.03350830078125 102.17431640625
v -412.4765625 550.4269409179688 184.75048828125
v -477.27734375 536.2778930664062 125.13427734375
v -370.921875 517.017822265625 147.12451171875
v -294.34765625 528.885986328125 135.10009765625
v -276.359375 587.764892578125 172.32275390625
v -370.921875 517.017822265625 147.12451171875
v -276.359375 587.764892578125 172.32275390625
v -412.4765625 550.4269409179688 184.75048828125
v -294.34765625 528.885986328125 135.10009765625
v -257.1171875 506.05755615234375 66.63916015625
v -209.94921875 557.8416748046875 54.73486328125
v -294.34765625 528.885986328125 135.10009765625
v -209.94921875 557.8416748046875 54.73486328125
v -276.359375 587.764892578125 172.32275390625
v -257.1171875 506.05755615234375 66.63916015625
v -283.86328125 517.7361450195312 -4.64501953125
v -260.26953125 571.9314575195312 -42.08642578125
v -257.1171875 506.05755615234375 66.63916015625
v -260.26953125 571.9314575195312 -42.08642578125
v -209.94921875 557.8416748046875 54.73486328125
v -283.86328125 517.7361450195312 -4.64501953125
v -367.88671875 480.0638732910156 -21.38916015625
v -348.34765625 530.5447998046875 -81.60498046875
v -283.86328125 517.7361450195312 -4.64501953125
v -348.34765625 530.5447998046875 -81.60498046875
v -260.26953125 571.9314575195312 -42.08642578125
v -422.10546875 476.75958251953125 26.59130859375
v -367.88671875 480.0638732910156 -21.38916015625
v -342.0390625 464.57745361328125 63.94580078125
v -438.33984375 500.03350830078125 102.17431640625
v -422.10546875 476.75958251953125 26.59130859375
v -342.0390625 464.57745361328125 63.94580078125
v -370.921875 517.017822265625 147.12451171875
v -438.33984375 500.03350830078125 102.17431640625
v -342.0390625 464.57745361328125 63.94580078125
v -294.34765625 528.885986328125 135.10009765625
v -370.921875 517.017822265625 147.12451171875
v -342.0390625 464.57745361328125 63.94580078125
v -257.1171875 506.05755615234375 66.63916015625
v -294.34765625 528.885986328125 135.10009765625
v -342.0390625 464.57745361328125 63.94580078125
v -283.86328125 517.7361450195312 -4.64501953125
v -257.1171875 506.05755615234375 66.63916015625
v -342.0390625 464.57745361328125 63.94580078125
v -367.88671875 480.0638732910156 -21.38916015625
v -283.86328125 517.7361450195312 -4.64501953125
v -342.0390625 464.57745361328125 63.94580078125
v -387.19140625 747.370361328125 -80.52880859375
v -478.5546875 773.343017578125 -29.06884765625
v -439.3046875 893.3361206054688 7.09912109375
v -387.19140625 747.370361328125 -80.52880859375
v -439.3046875 893.3361206054688 7.09912109375
v -384.5234375 899.1258544921875 -30.70068359375
v -478.5546875 773.343017578125 -29.06884765625
v -495.48046875 765.7656860351562 96.85302734375
v -444.2890625 898.6328735351562 73.48779296875
v -478.5546875 773.343017578125 -29.06884765625
v -444.2890625 898.6328735351562 73.48779296875
v -439.3046875 893.3361206054688 7.09912109375
v -495.48046875 765.7656860351562 96.85302734375
v -385.3671875 792.754150390625 179.23486328125
v -395.71875 911.02783203125 118.47314453125
v -495.48046875 765.7656860351562 96.85302734375
v -395.71875 911.02783203125 118.47314453125
v -444.2890625 898.6328735351562 73.48779296875
v -385.3671875 792.754150390625 179.23486328125
v -292.5859375 782.9110107421875 161.19775390625
v -334.26171875 908.35986328125 116.07666015625
v -385.3671875 792.754150390625 179.23486328125
v -334.26171875 908.35986328125 116.07666015625
v -395.71875 911.02783203125 118.47314453125
v -292.5859375 782.9110107421875 161.19775390625
v -235.609375 792.4680786132812 44.72119140625
v -297 921.460693359375 50.35888671875
v -292.5859375 782.9110107421875 161.19775390625
v -297 921.460693359375 50.35888671875
v -334.26171875 908.35986328125 116.07666015625
v -235.609375 792.4680786132812 44.72119140625
v -270.83984375 799.7294921875 -36.98876953125
v -327.953125 882.7308349609375 -21.64892578125
v -235.609375 792.4680786132812 44.72119140625
v -327.953125 882.7308349609375 -21.64892578125
v -297 921.460693359375 50.35888671875
v -270.83984375 799.7294921875 -36.98876953125
v -387.19140625 747.370361328125 -80.52880859375
v -384.5234375 899.1258544921875 -30.70068359375
v -270.83984375 799.7294921875 -36.98876953125
v -384.5234375 899.1258544921875 -30.70068359375
v -327.953125 882.7308349609375 -21.64892578125
v -384.5234375 899.1258544921875 -30.70068359375
v -439.3046875 893.3361206054688 7.09912109375
v -463.296875 939.400390625 -6.28271484375
v -384.5234375 899.1258544921875 -30.70068359375
v -463.296875 939.400390625 -6.28271484375
v -392.60546875 918.1209716796875 -52.39892578125
v -439.3046875 893.3361206054688 7.09912109375
v -444.2890625 898.6328735351562 73.48779296875
v -462.5 947.071044921875 86.22607421875
v -439.3046875 893.3361206054688 7.09912109375
v -462.5 947.071044921875 86.22607421875
v -463.296875 939.400390625 -6.28271484375
v -444.2890625 898.6328735351562 73.48779296875
v -395.71875 911.02783203125 118.47314453125
v -406.76953125 932.0560302734375 136.30517578125
v -444.2890625 898.6328735351562 73.48779296875
v -406.76953125 932.0560302734375 136.30517578125
v -462.5 947.071044921875 86.22607421875
v -395.71875 911.02783203125 118.47314453125
v -334.26171875 908.35986328125 116.07666015625
v -319.7109375 970.6297607421875 112.44970703125
v -395.71875 911.02783203125 118.47314453125
v -319.7109375 970.6297607421875 112.44970703125
v -406.76953125 932.0560302734375 136.30517578125
v -334.26171875 908.35986328125 116.07666015625
v -297 921.460693359375 50.35888671875
v -283.9375 975.531982421875 63.40576171875
v -334.26171875 908.35986328125 116.07666015625
v -283.9375 975.531982421875 63.40576171875
v -319.7109375 970.6297607421875 112.44970703125
v -297 921.460693359375 50.35888671875
v -327.953125 882.7308349609375 -21.64892578125
v -320.72265625 944.813720703125 -35.97607421875
v -297 921.460693359375 50.35888671875
v -320.72265625 944.813720703125 -35.97607421875
v -283.9375 975.531982421875 63.40576171875
v -327.953125 882.7308349609375 -21.64892578125
v -384.5234375 899.1258544921875 -30.70068359375
v -392.60546875 918.1209716796875 -52.39892578125
v -327.953125 882.7308349609375 -21.64892578125
v -392.60546875 918.1209716796875 -52.39892578125
v -320.72265625 944.813720703125 -35.97607421875
v -392.60546875 918.1209716796875 -52.39892578125
v -463.296875 939.400390625 -6.28271484375
v -418.0703125 1092.4542236328125 18.17236328125
v -392.60546875 918.1209716796875 -52.39892578125
v -418.0703125 1092.4542236328125 18.17236328125
v -398.9453125 1078.732421875 -2.47216796875
v -463.296875 939.400390625 -6.28271484375
v -462.5 947.071044921875 86.22607421875
v -420.58203125 1095.12353515625 51.63037109375
v -463.296875 939.400390625 -6.28271484375
v -420.58203125 1095.12353515625 51.63037109375
v -418.0703125 1092.4542236328125 18.17236328125
v -462.5 947.071044921875 86.22607421875
v -406.76953125 932.0560302734375 136.30517578125
v -386.16796875 1088.54833984375 81.05224609375
v -462.5 947.071044921875 86.22607421875
v -386.16796875 1088.54833984375 81.05224609375
v -420.58203125 1095.12353515625 51.63037109375
v -406.76953125 932.0560302734375 136.30517578125
v -319.7109375 970.6297607421875 112.44970703125
v -363.06640625 1106.4906005859375 69.11376953125
v -406.76953125 932.0560302734375 136.30517578125
v -363.06640625 1106.4906005859375 69.11376953125
v -386.16796875 1088.54833984375 81.05224609375
v -319.7109375 970.6297607421875 112.44970703125
v -283.9375 975.531982421875 63.40576171875
v -349.5625 1122.4122314453125 42.42431640625
v -319.7109375 970.6297607421875 112.44970703125
v -349.5625 1122.4122314453125 42.42431640625
v -363.06640625 1106.4906005859375 69.11376953125
v -283.9375 975.531982421875 63.40576171875
v -320.72265625 944.813720703125 -35.97607421875
v -358.54296875 1101.68017578125 8.82470703125
v -283.9375 975.531982421875 63.40576171875
v -358.54296875 1101.68017578125 8.82470703125
v -349.5625 1122.4122314453125 42.42431640625
v -320.72265625 944.813720703125 -35.97607421875
v -392.60546875 918.1209716796875 -52.39892578125
v -398.9453125 1078.732421875 -2.47216796875
v -320.72265625 944.813720703125 -35.97607421875
v -398.9453125 1078.732421875 -2.47216796875
v -358.54296875 1101.68017578125 8.82470703125
v -398.9453125 1078.732421875 -2.47216796875
v -418.0703125 1092.4542236328125 18.17236328125
v -404.6796875 1208.507080078125 22.74462890625
v -418.0703125 1092.4542236328125 18.17236328125
v -420.58203125 1095.12353515625 51.63037109375
v -404.6796875 1208.507080078125 22.74462890625
v -420.58203125 1095.12353515625 51.63037109375
v -386.16796875 1088.54833984375 81.05224609375
v -404.6796875 1208.507080078125 22.74462890625
v -386.16796875 1088.54833984375 81.05224609375
v -363.06640625 1106.4906005859375 69.11376953125
v -404.6796875 1208.507080078125 22.74462890625
v -363.06640625 1106.4906005859375 69.11376953125
v -349.5625 1122.4122314453125 42.42431640625
v -404.6796875 1208.507080078125 22.74462890625
v -349.5625 1122.4122314453125 42.42431640625
v -358.54296875 1101.68017578125 8.82470703125
v -404.6796875 1208.507080078125 22.74462890625
v -358.54296875 1101.68017578125 8.82470703125
v -398.9453125 1078.732421875 -2.47216796875
v -404.6796875 1208.507080078125 22.74462890625
v -481.29296875 549.5115966796875 1.07177734375
v -477.27734375 536.2778930664062 125.13427734375
v -453.4375 705.66650390625 89.68017578125
v -481.29296875 549.5115966796875 1.07177734375
v -453.4375 705.66650390625 89.68017578125
v -446.9765625 698.798828125 3.60400390625
v -348.34765625 530.5447998046875 -81.60498046875
v -481.29296875 549.5115966796875 1.07177734375
v -446.9765625 698.798828125 3.60400390625
v -348.34765625 530.5447998046875 -81.60498046875
v -446.9765625 698.798828125 3.60400390625
v -375.359375 697.5346069335938 -45.08544921875
v -260.26953125 571.9314575195312 -42.08642578125
v -348.34765625 530.5447998046875 -81.60498046875
v -375.359375 697.5346069335938 -45.08544921875
v -260.26953125 571.9314575195312 -42.08642578125
v -375.359375 697.5346069335938 -45.08544921875
v -293.8359375 722.5341796875 -20.44482421875
v -209.94921875 557.8416748046875 54.73486328125
v -260.26953125 571.9314575195312 -42.08642578125
v -293.8359375 722.5341796875 -20.44482421875
v -209.94921875 557.8416748046875 54.73486328125
v -293.8359375 722.5341796875 -20.44482421875
v -262.47265625 735.2638549804688 59.69189453125
v -276.359375 587.764892578125 172.32275390625
v -209.94921875 557.8416748046875 54.73486328125
v -262.47265625 735.2638549804688 59.69189453125
v -276.359375 587.764892578125 172.32275390625
v -262.47265625 735.2638549804688 59.69189453125
v -305.4765625 734.9090576171875 134.65869140625
v -412.4765625 550.4269409179688 184.75048828125
v -276.359375 587.764892578125 172.32275390625
v -305.4765625 734.9090576171875 134.65869140625
v -412.4765625 550.4269409179688 184.75048828125
v -305.4765625 734.9090576171875 134.65869140625
v -375.75390625 716.1549072265625 145.36279296875
v -477.27734375 536.2778930664062 125.13427734375
v -412.4765625 550.4269409179688 184.75048828125
v -375.75390625 716.1549072265625 145.36279296875
v -477.27734375 536.2778930664062 125.13427734375
v -375.75390625 716.1549072265625 145.36279296875
v -453.4375 705.66650390625 89.68017578125
v -453.4375 705.66650390625 89.68017578125
v -375.75390625 716.1549072265625 145.36279296875
v -385.3671875 792.754150390625 179.23486328125
v -453.4375 705.66650390625 89.68017578125
v -385.3671875 792.754150390625 179.23486328125
v -495.48046875 765.7656860351562 96.85302734375
v -446.9765625 698.798828125 3.60400390625
v -453.4375 705.66650390625 89.68017578125
v -495.48046875 765.7656860351562 96.85302734375
v -446.9765625 698.798828125 3.60400390625
v -495.48046875 765.7656860351562 96.85302734375
v -478.5546875 773.343017578125 -29.06884765625
v -375.359375 697.5346069335938 -45.08544921875
v -446.9765625 698.798828125 3.60400390625
v -478.5546875 773.343017578125 -29.06884765625
v -375.359375 697.5346069335938 -45.08544921875
v -478.5546875 773.343017578125 -29.06884765625
v -387.19140625 747.370361328125 -80.52880859375
v -293.8359375 722.5341796875 -20.44482421875
v -375.359375 697.5346069335938 -45.08544921875
v -387.19140625 747.370361328125 -80.52880859375
v -293.8359375 722.5341796875 -20.44482421875
v -387.19140625 747.370361328125 -80.52880859375
v -270.83984375 799.7294921875 -36.98876953125
v -262.47265625 735.2638549804688 59.69189453125
v -293.8359375 722.5341796875 -20.44482421875
v -270.83984375 799.7294921875 -36.98876953125
v -262.47265625 735.2638549804688 59.69189453125
v -270.83984375 799.7294921875 -36.98876953125
v -235.609375 792.4680786132812 44.72119140625
v -305.4765625 734.9090576171875 134.65869140625
v -262.47265625 735.2638549804688 59.69189453125
v -235.609375 792.4680786132812 44.72119140625
v -305.4765625 734.9090576171875 134.65869140625
v -235.609375 792.4680786132812 44.72119140625
v -292.5859375 782.9110107421875 161.19775390625
v -375.75390625 716.1549072265625 145.36279296875
v -305.4765625 734.9090576171875 134.65869140625
v -292.5859375 782.9110107421875 161.19775390625
v -375.75390625 716.1549072265625 145.36279296875
v -292.5859375 782.9110107421875 161.19775390625
v -385.3671875 792.754150390625 179.23486328125
vn 0.6824331879615784 0.001093254191800952 -0.7309471368789673
vn 0.6824331879615784 0.001093254191800952 -0.7309471368789673
vn 0.6824331879615784 0.001093254191800952 -0.7309471368789673
vn 0.6824331879615784 0.001093254191800952 -0.7309471368789673
vn 0.6824331879615784 0.001093254191800952 -0.7309471368789673
vn 0.6824331283569336 0.0010932540753856301 -0.7309472560882568
vn -0.6810676455497742 0.02647939696907997 0.7317416071891785
vn -0.6810676455497742 0.02647939696907997 0.7317416071891785
vn -0.6810675859451294 0.02647939696907997 0.7317416071891785
vn -0.6810676455497742 0.02647939696907997 0.7317416071891785
vn -0.6810675859451294 0.02647939696907997 0.7317416071891785
vn -0.6810676455497742 0.02647939883172512 0.7317416071891785
vn -0.7297448515892029 0.0583021342754364 -0.6812292337417603
vn -0.7297447919845581 0.0583021380007267 -0.681229293346405
vn -0.7297448515892029 0.0583021342754364 -0.6812292337417603
vn -0.7297448515892029 0.0583021342754364 -0.6812292337417603
vn -0.7297448515892029 0.0583021342754364 -0.6812292337417603
vn -0.7297448515892029 0.0583021342754364 -0.6812292337417603
vn 0.7306435108184814 -0.030701830983161926 0.6820684671401978
vn 0.7306435108184814 -0.030701827257871628 0.6820684671401978
vn 0.7306435108184814 -0.03070182353258133 0.6820684671401978
vn 0.7306435108184814 -0.030701830983161926 0.6820684671401978
vn 0.7306435108184814 -0.03070182353258133 0.6820684671401978
vn 0.7306435704231262 -0.03070182539522648 0.682068407535553
vn 0.683242917060852 0.027148142457008362 -0.7296862602233887
vn 0.683242917060852 0.02714814431965351 -0.7296862602233887
vn 0.683242917060852 0.027148142457008362 -0.7296862602233887
vn 0.683242917060852 0.027148142457008362 -0.7296862602233887
vn 0.683242917060852 0.027148142457008362 -0.7296862602233887
vn 0.683242917060852 0.027148142457008362 -0.7296863198280334
vn -0.7295718789100647 0.06220676004886627 -0.6810691952705383
vn -0.7295718789100647 0.062206752598285675 -0.6810691952705383
vn -0.7295718789100647 0.062206752598285675 -0.6810691952705383
vn -0.7295718789100647 0.06220676004886627 -0.6810691952705383
vn -0.7295718789100647 0.062206752598285675 -0.6810691952705383
vn -0.7295718789100647 0.062206752598285675 -0.6810691952705383
vn -0.6825859546661377 -0.004996543284505606 0.7307882905006409
vn -0.6825859546661377 -0.004996542818844318 0.7307882308959961
vn -0.6825859546661377 -0.004996541887521744 0.7307882308959961
vn -0.6825859546661377 -0.004996543284505606 0.7307882905006409
vn -0.6825859546661377 -0.004996541887521744 0.7307882308959961
vn -0.6825859546661377 -0.004996541887521744 0.7307882308959961
vn 0.7304060459136963 -0.04003416746854782 0.6818389296531677
vn 0.7304060459136963 -0.04003417119383812 0.6818389296531677
vn 0.7304060459136963 -0.04003417119383812 0.6818389296531677
vn 0.7304060459136963 -0.04003416746854782 0.6818389296531677
vn 0.7304060459136963 -0.04003417119383812 0.6818389296531677
vn 0.7304060459136963 -0.04003416746854782 0.6818389296531677
vn 0.6851159334182739 -0.0009241212392225862 -0.7284334897994995
vn 0.6851158738136292 -0.000924121355637908 -0.7284334897994995
vn 0.6851159334182739 -0.0009241212392225862 -0.7284334301948547
vn 0.6851159334182739 -0.0009241212392225862 -0.7284334897994995
vn 0.6851159334182739 -0.0009241212392225862 -0.7284334301948547
vn 0.6851159334182739 -0.0009241212392225862 -0.7284334897994995
vn -0.7303363680839539 0.04360245168209076 -0.6816946268081665
vn -0.7303364276885986 0.04360245540738106 -0.6816946268081665
vn -0.7303364276885986 0.04360245540738106 -0.6816945672035217
vn -0.7303363680839539 0.04360245168209076 -0.6816946268081665
vn -0.7303364276885986 0.04360245540738106 -0.6816945672035217
vn -0.7303364276885986 0.04360245540738106 -0.6816945672035217
vn -0.6851441264152527 0.00015952278045006096 0.7284075021743774
vn -0.6851441264152527 0.00015952278045006096 0.7284075021743774
vn -0.6851441264152527 0.0001595227950019762 0.7284075021743774
vn -0.6851441264152527 0.00015952278045006096 0.7284075021743774
vn -0.6851441264152527 0.0001595227950019762 0.7284075021743774
vn -0.6851441264152527 0.00015952278045006096 0.7284075617790222
vn 0.7302640080451965 -0.044513341039419174 0.681713342666626
vn 0.7302640080451965 -0.04451335221529007 0.6817132830619812
vn 0.7302640080451965 -0.044513341039419174 0.681713342666626
vn 0.7302640080451965 -0.044513341039419174 0.681713342666626
vn 0.7302640080451965 -0.044513341039419174 0.681713342666626
vn 0.7302640080451965 -0.044513341039419174 0.6817132830619812
vn 0.45874279737472534 -0.021695071831345558 0.8883042335510254
vn 0.45874279737472534 -0.021695075556635857 0.8883042335510254
vn 0.45874279737472534 -0.021695075556635857 0.8883042335510254
vn 0.45874279737472534 -0.021695071831345558 0.8883042335510254
vn 0.45874279737472534 -0.021695075556635857 0.8883042335510254
vn 0.45874276757240295 -0.021695075556635857 0.8883042335510254
vn -0.45990893244743347 0.06589233875274658 -0.8855178952217102
vn -0.45990893244743347 0.06589233875274658 -0.8855178952217102
vn -0.45990896224975586 0.06589234620332718 -0.8855178952217102
vn -0.45990893244743347 0.06589233875274658 -0.8855178952217102
vn -0.45990896224975586 0.06589234620332718 -0.8855178952217102
vn -0.4599089026451111 0.06589234620332718 -0.885517954826355
vn 0.8875119090080261 0.06420864164829254 -0.45628923177719116
vn 0.8875119090080261 0.06420864164829254 -0.45628926157951355
vn 0.8875119090080261 0.06420864909887314 -0.45628923177719116
vn 0.8875119090080261 0.06420864164829254 -0.45628923177719116
vn 0.8875119090080261 0.06420864909887314 -0.45628923177719116
vn 0.8875118494033813 0.06420865654945374 -0.4562893211841583
vn -0.8885704278945923 -0.019953528419137 0.45830607414245605
vn -0.8885704278945923 -0.019953528419137 0.45830607414245605
vn -0.8885704278945923 -0.019953528419137 0.45830604434013367
vn -0.8885704278945923 -0.019953528419137 0.45830607414245605
vn -0.8885704278945923 -0.019953528419137 0.45830604434013367
vn -0.8885704278945923 -0.019953528419137 0.45830607414245605
vn 0.4576137065887451 0.00436415383592248 0.8891403675079346
vn 0.4576137363910675 0.004364155698567629 0.8891403675079346
vn 0.4576137363910675 0.004364154767245054 0.8891403675079346
vn 0.4576137065887451 0.00436415383592248 0.8891403675079346
vn 0.4576137363910675 0.004364154767245054 0.8891403675079346
vn 0.4576137363910675 0.004364154767245054 0.8891403675079346
vn 0.8876929879188538 0.05999702587723732 -0.45651018619537354
vn 0.8876929879188538 0.05999702960252762 -0.45651018619537354
vn 0.8876929879188538 0.05999702960252762 -0.45651018619537354
vn 0.8876929879188538 0.05999702587723732 -0.45651018619537354
vn 0.8876929879188538 0.05999702960252762 -0.45651018619537354
vn 0.8876929879188538 0.05999702215194702 -0.45651018619537354
vn -0.4586094319820404 0.018330417573451996 -0.8884488344192505
vn -0.4586094319820404 0.018330415710806847 -0.8884488344192505
vn -0.458609402179718 0.018330415710806847 -0.8884488940238953
vn -0.4586094319820404 0.018330417573451996 -0.8884488344192505
vn -0.458609402179718 0.018330415710806847 -0.8884488940238953
vn -0.4586094319820404 0.018330417573451996 -0.8884488344192505
vn -0.888364851474762 -0.0372919961810112 0.45762118697166443
vn -0.8883649110794067 -0.0372919961810112 0.45762115716934204
vn -0.888364851474762 -0.0372919961810112 0.4576212167739868
vn -0.888364851474762 -0.0372919961810112 0.45762118697166443
vn -0.888364851474762 -0.0372919961810112 0.4576212167739868
vn -0.8883649110794067 -0.0372919961810112 0.45762118697166443
vn 0.45880529284477234 -0.02383139543235302 0.8882171511650085
vn 0.45880529284477234 -0.02383139543235302 0.8882171511650085
vn 0.45880529284477234 -0.02383139729499817 0.8882172107696533
vn 0.45880529284477234 -0.02383139543235302 0.8882171511650085
vn 0.45880529284477234 -0.02383139729499817 0.8882172107696533
vn 0.4588053226470947 -0.02383139170706272 0.8882171511650085
vn 0.8882858157157898 0.041104353964328766 -0.4574480950832367
vn 0.8882858157157898 0.04110434651374817 -0.4574481248855591
vn 0.8882858157157898 0.041104353964328766 -0.4574480950832367
vn 0.8882858157157898 0.041104353964328766 -0.4574480950832367
vn 0.8882858157157898 0.041104353964328766 -0.4574480950832367
vn 0.8882858157157898 0.041104353964328766 -0.4574481248855591
vn -0.4587862491607666 0.02306625247001648 -0.8882472515106201
vn -0.4587862193584442 0.02306624874472618 -0.8882472515106201
vn -0.4587862491607666 0.023066246882081032 -0.8882471919059753
vn -0.4587862491607666 0.02306625247001648 -0.8882472515106201
vn -0.4587862491607666 0.023066246882081032 -0.8882471919059753
vn -0.4587862491607666 0.023066246882081032 -0.8882471919059753
vn -0.888265073299408 -0.04187088832259178 0.45741885900497437
vn -0.888265073299408 -0.04187088832259178 0.457418829202652
vn -0.888265073299408 -0.04187088459730148 0.457418829202652
vn -0.888265073299408 -0.04187088832259178 0.45741885900497437
vn -0.888265073299408 -0.04187088459730148 0.457418829202652
vn -0.888265073299408 -0.04187088832259178 0.45741885900497437
vn 0 0.0010945091489702463 0.9999994039535522
vn 0 0.0010945089161396027 0.9999994039535522
vn 0 0.0010945089161396027 0.9999994039535522
vn 0 0.0010945091489702463 0.9999994039535522
vn 0 0.0010945089161396027 0.9999994039535522
vn 0 0.0010945089161396027 0.9999994039535522
vn 0 0.026512164622545242 -0.9996485114097595
vn 0 0.02651216648519039 -0.9996485114097595
vn 0 0.02651216648519039 -0.9996485114097595
vn 0 0.026512164622545242 -0.9996485114097595
vn 0 0.02651216648519039 -0.9996485114097595
vn 0 0.026512162759900093 -0.9996485114097595
vn 0.9998994469642639 0.014180061407387257 0
vn 0.9998994469642639 0.014180061407387257 0
vn 0.9998994469642639 0.014180061407387257 0
vn 0.9998994469642639 0.014180061407387257 0
vn 0.9998994469642639 0.014180061407387257 0
vn 0.9998994469642639 0.014180061407387257 0
vn -0.9999097585678101 0.013433145359158516 0
vn -0.9999097585678101 0.013433143496513367 0
vn -0.9999097585678101 0.013433143496513367 0
vn -0.9999097585678101 0.013433145359158516 0
vn -0.9999097585678101 0.013433143496513367 0
vn -0.9999097585678101 0.013433143496513367 0
vn 0 0.018435606732964516 0.9998300671577454
vn 0 0.018435606732964516 0.9998300671577454
vn 0 0.018435608595609665 0.9998300671577454
vn 0 0.018435606732964516 0.9998300671577454
vn 0 0.018435608595609665 0.9998300671577454
vn 0 0.018435608595609665 0.9998300671577454
vn 0.9999247789382935 0.012266094796359539 0
vn 0.9999247789382935 0.012266094796359539 0
vn 0.9999247789382935 0.012266094796359539 0
vn 0.9999247789382935 0.012266094796359539 0
vn 0.9999247789382935 0.012266094796359539 0
vn 0.9999247789382935 0.012266094796359539 0
vn 0 -0.0033924905583262444 -0.9999942183494568
vn 0 -0.003392490791156888 -0.9999942183494568
vn 0 -0.0033924905583262444 -0.9999942183494568
vn 0 -0.0033924905583262444 -0.9999942183494568
vn 0 -0.0033924905583262444 -0.9999942183494568
vn 0 -0.003392490791156888 -0.9999942183494568
vn -0.9999961256980896 0.002779452595859766 0
vn -0.9999961256980896 0.0027794528286904097 0
vn -0.9999961256980896 0.0027794528286904097 0
vn -0.9999961256980896 0.002779452595859766 0
vn -0.9999961256980896 0.0027794528286904097 0
vn -0.9999961256980896 0.002779452595859766 0
vn 0 -0.00038272878737188876 0.9999999403953552
vn 0 -0.00038272878737188876 0.9999999403953552
vn 0 -0.0003827288164757192 0.9999999403953552
vn 0 -0.00038272878737188876 0.9999999403953552
vn 0 -0.0003827288164757192 0.9999999403953552
vn 0 -0.0003827288164757192 0.9999999403953552
vn 0.9999999403953552 -0.000383063597837463 0
vn 0.9999999403953552 -0.0003830636269412935 0
vn 0.9999999403953552 -0.000383063597837463 0
vn 0.9999999403953552 -0.000383063597837463 0
vn 0.9999999403953552 -0.000383063597837463 0
vn 0.9999999403953552 -0.000383063597837463 0
vn 0 -0.00038311368552967906 -0.9999999403953552
vn 0 -0.00038311368552967906 -0.9999999403953552
vn 0 -0.0003831137146335095 -0.9999999403953552
vn 0 -0.00038311368552967906 -0.9999999403953552
vn 0 -0.0003831137146335095 -0.9999999403953552
vn 0 -0.00038311368552967906 -0.9999999403953552
vn -0.9999999403953552 -0.000382984901079908 0
vn -0.9999999403953552 -0.000382984901079908 0
vn -0.9999999403953552 -0.000382984901079908 0
vn -0.9999999403953552 -0.000382984901079908 0
vn -0.9999999403953552 -0.000382984901079908 0
vn -0.9999999403953552 -0.00038298493018373847 0
vn 0.6007593274116516 0.008815552107989788 -0.7993813753128052
vn 0.6007593274116516 0.008815553039312363 -0.7993813753128052
vn 0.6007593274116516 0.008815553039312363 -0.7993813157081604
vn 0.6007593274116516 0.008815552107989788 -0.7993813753128052
vn 0.6007593274116516 0.008815553039312363 -0.7993813157081604
vn 0.6007593274116516 0.008815552107989788 -0.7993813753128052
vn -0.6013739705085754 0.03543471917510033 0.7981815338134766
vn -0.6013739705085754 0.03543471917510033 0.7981815338134766
vn -0.6013739705085754 0.03543471917510033 0.7981815338134766
vn -0.6013739705085754 0.03543471917510033 0.7981815338134766
vn -0.6013739705085754 0.03543471917510033 0.7981815338134766
vn -0.6013739705085754 0.03543471917510033 0.7981815338134766
vn -0.7993894815444946 0.0011332457652315497 -0.6008120775222778
vn -0.7993894815444946 0.0011332458816468716 -0.6008120775222778
vn -0.7993894815444946 0.0011332458816468716 -0.6008121371269226
vn -0.7993894815444946 0.0011332457652315497 -0.6008120775222778
vn -0.7993894815444946 0.0011332458816468716 -0.6008121371269226
vn -0.7993894815444946 0.0011332458816468716 -0.6008120775222778
vn 0.7984113693237305 0.04314909875392914 0.6005642414093018
vn 0.7984113693237305 0.04314909502863884 0.6005642414093018
vn 0.7984113693237305 0.04314909502863884 0.6005642414093018
vn 0.7984113693237305 0.04314909875392914 0.6005642414093018
vn 0.7984113693237305 0.04314909502863884 0.6005642414093018
vn 0.7984113693237305 0.04314909875392914 0.6005643010139465
vn 0.5998469591140747 0.03489319980144501 -0.7993535399436951
vn 0.5998468399047852 0.03489319607615471 -0.7993535995483398
vn 0.5998468995094299 0.03489319607615471 -0.7993535995483398
vn 0.5998469591140747 0.03489319980144501 -0.7993535399436951
vn 0.5998468995094299 0.03489319607615471 -0.7993535995483398
vn 0.5998468995094299 0.03489319607615471 -0.7993535995483398
vn -0.7993658185005188 -0.003082687733694911 -0.6008366942405701
vn -0.7993658185005188 -0.003082687733694911 -0.6008366942405701
vn -0.7993658185005188 -0.0030826879665255547 -0.6008367538452148
vn -0.7993658185005188 -0.003082687733694911 -0.6008366942405701
vn -0.7993658185005188 -0.0030826879665255547 -0.6008367538452148
vn -0.7993658185005188 -0.0030826875008642673 -0.6008366942405701
vn -0.6006613969802856 -0.01218348927795887 0.7994107007980347
vn -0.6006614565849304 -0.012183488346636295 0.7994106411933899
vn -0.6006613373756409 -0.01218348927795887 0.7994107604026794
vn -0.6006613969802856 -0.01218348927795887 0.7994107007980347
vn -0.6006613373756409 -0.01218348927795887 0.7994107604026794
vn -0.6006613969802856 -0.01218348927795887 0.7994107007980347
vn 0.7989788055419922 0.025806652382016182 0.6008052229881287
vn 0.7989788055419922 0.025806652382016182 0.6008051633834839
vn 0.7989788055419922 0.02580665610730648 0.6008052229881287
vn 0.7989788055419922 0.025806652382016182 0.6008052229881287
vn 0.7989788055419922 0.02580665610730648 0.6008052229881287
vn 0.7989787459373474 0.025806650519371033 0.6008052229881287
vn 0.6008140444755554 0.006677302066236734 -0.7993609309196472
vn 0.6008140444755554 0.006677302531898022 -0.7993609309196472
vn 0.6008140444755554 0.006677302066236734 -0.7993609309196472
vn 0.6008140444755554 0.006677302066236734 -0.7993609309196472
vn 0.6008140444755554 0.006677302066236734 -0.7993609309196472
vn 0.6008141040802002 0.006677301600575447 -0.7993609309196472
vn -0.7990723848342896 -0.02199181169271469 -0.6008325219154358
vn -0.7990723848342896 -0.021991809830069542 -0.600832462310791
vn -0.7990723848342896 -0.02199181355535984 -0.600832462310791
vn -0.7990723848342896 -0.02199181169271469 -0.6008325219154358
vn -0.7990723848342896 -0.02199181355535984 -0.600832462310791
vn -0.7990723848342896 -0.021991809830069542 -0.600832462310791
vn -0.600797176361084 -0.007443497888743877 0.79936683177948
vn -0.600797176361084 -0.007443497888743877 0.79936683177948
vn -0.600797176361084 -0.00744349742308259 0.79936683177948
vn -0.600797176361084 -0.007443497888743877 0.79936683177948
vn -0.600797176361084 -0.00744349742308259 0.79936683177948
vn -0.6007970571517944 -0.00744349742308259 0.7993668913841248
vn 0.7990913987159729 0.02122589200735092 0.6008347868919373
vn 0.7990913391113281 0.021225890144705772 0.6008347868919373
vn 0.7990913391113281 0.021225890144705772 0.6008347868919373
vn 0.7990913987159729 0.02122589200735092 0.6008347868919373
vn 0.7990913391113281 0.021225890144705772 0.6008347868919373
vn 0.7990913987159729 0.02122589573264122 0.6008347868919373
vn 0.7093468904495239 0.001094626379199326 -0.7048587203025818
vn 0.7093468904495239 0.0010946262627840042 -0.7048587203025818
vn 0.7093468904495239 0.001094626379199326 -0.704858660697937
vn 0.7093468904495239 0.001094626379199326 -0.7048587203025818
vn 0.7093468904495239 0.001094626379199326 -0.704858660697937
vn 0.7093468904495239 0.0010946262627840042 -0.7048587203025818
vn -0.7090979218482971 0.026512250304222107 0.7046113610267639
vn -0.7090979814529419 0.026512255892157555 0.7046113610267639
vn -0.7090979218482971 0.026512257754802704 0.7046114206314087
vn -0.7090979218482971 0.026512250304222107 0.7046113610267639
vn -0.7090979218482971 0.026512257754802704 0.7046114206314087
vn -0.7090979218482971 0.026512254029512405 0.7046113610267639
vn -0.7047884464263916 0.014180214144289494 -0.7092757821083069
vn -0.7047883868217468 0.014180213212966919 -0.7092758417129517
vn -0.7047883868217468 0.014180215075612068 -0.7092758417129517
vn -0.7047884464263916 0.014180214144289494 -0.7092757821083069
vn -0.7047883868217468 0.014180215075612068 -0.7092758417129517
vn -0.7047883868217468 0.014180213212966919 -0.7092758417129517
vn 0.7047957181930542 0.013433151878416538 0.709283173084259
vn 0.7047957181930542 0.013433153741061687 0.709283173084259
vn 0.7047957181930542 0.013433153741061687 0.709283173084259
vn 0.7047957181930542 0.013433151878416538 0.709283173084259
vn 0.7047957181930542 0.013433153741061687 0.709283173084259
vn 0.7047957181930542 0.013433152809739113 0.709283173084259
vn 0.7092266082763672 0.018435675650835037 -0.704739511013031
vn 0.709226667881012 0.018435675650835037 -0.7047393918037415
vn 0.709226667881012 0.018435673788189888 -0.7047393918037415
vn 0.7092266082763672 0.018435675650835037 -0.704739511013031
vn 0.709226667881012 0.018435673788189888 -0.7047393918037415
vn 0.709226667881012 0.018435677513480186 -0.7047393918037415
vn -0.704807460308075 0.012265832163393497 -0.7092925906181335
vn -0.7048075199127197 0.012265835888683796 -0.7092925906181335
vn -0.704807460308075 0.012265834957361221 -0.7092925906181335
vn -0.704807460308075 0.012265832163393497 -0.7092925906181335
vn -0.704807460308075 0.012265834957361221 -0.7092925906181335
vn -0.7048075199127197 0.012265834026038647 -0.7092925906181335
vn -0.7093414068222046 -0.003392496146261692 0.7048569321632385
vn -0.7093413472175598 -0.0033924959134310484 0.7048569917678833
vn -0.7093414068222046 -0.0033924956806004047 0.7048569321632385
vn -0.7093414068222046 -0.003392496146261692 0.7048569321632385
vn -0.7093414068222046 -0.0033924956806004047 0.7048569321632385
vn -0.7093414068222046 -0.0033924956806004047 0.7048569321632385
vn 0.7048560976982117 0.002779580419883132 0.7093448638916016
vn 0.7048560976982117 0.0027795801870524883 0.7093449234962463
vn 0.7048560380935669 0.0027795801870524883 0.7093449831008911
vn 0.7048560976982117 0.002779580419883132 0.7093448638916016
vn 0.7048560380935669 0.0027795801870524883 0.7093449831008911
vn 0.7048560976982117 0.0027795801870524883 0.7093449234962463
vn 0.7093489766120911 -0.0003830615896731615 -0.7048572897911072
vn 0.7093489766120911 -0.0003830615896731615 -0.7048572897911072
vn 0.7093489766120911 -0.00038306161877699196 -0.7048572897911072
vn 0.7093489766120911 -0.0003830615896731615 -0.7048572897911072
vn 0.7093489766120911 -0.00038306161877699196 -0.7048572897911072
vn 0.7093489766120911 -0.0003830615896731615 -0.7048572897911072
vn -0.7048611044883728 -0.00038316502468660474 -0.7093452215194702
vn -0.7048611044883728 -0.00038316502468660474 -0.709345281124115
vn -0.7048611044883728 -0.0003831650537904352 -0.709345281124115
vn -0.7048611044883728 -0.00038316502468660474 -0.7093452215194702
vn -0.7048611044883728 -0.0003831650537904352 -0.709345281124115
vn -0.704861044883728 -0.00038316493737511337 -0.7093453407287598
vn -0.7093449831008911 -0.00038304069312289357 0.7048614025115967
vn -0.7093449234962463 -0.0003830406640190631 0.7048614025115967
vn -0.7093449831008911 -0.00038304063491523266 0.7048614025115967
vn -0.7093449831008911 -0.00038304069312289357 0.7048614025115967
vn -0.7093449831008911 -0.00038304063491523266 0.7048614025115967
vn -0.7093449831008911 -0.0003830406640190631 0.7048614025115967
vn 0.7048587799072266 -0.0003833819355349988 0.7093475461006165
vn 0.7048588395118713 -0.00038338196463882923 0.7093475461006165
vn 0.7048587799072266 -0.0003833819064311683 0.7093475461006165
vn 0.7048587799072266 -0.0003833819355349988 0.7093475461006165
vn 0.7048587799072266 -0.0003833819064311683 0.7093475461006165
vn 0.7048587799072266 -0.0003833819355349988 0.7093475461006165
vn 0.07489986717700958 0.028203392401337624 0.9967921376228333
vn 0.07489986717700958 0.028203390538692474 0.9967921376228333
vn 0.07489986717700958 0.028203390538692474 0.9967921376228333
vn 0.07489986717700958 0.028203392401337624 0.9967921376228333
vn 0.07489986717700958 0.028203390538692474 0.9967921376228333
vn 0.07489986717700958 0.028203390538692474 0.9967921376228333
vn -0.07568510621786118 0.016056401655077934 -0.9970024824142456
vn -0.07568510621786118 0.016056401655077934 -0.9970024824142456
vn -0.07568511366844177 0.016056399792432785 -0.9970024824142456
vn -0.07568510621786118 0.016056401655077934 -0.9970024824142456
vn -0.07568511366844177 0.016056399792432785 -0.9970024824142456
vn -0.07568510621786118 0.016056399792432785 -0.9970024824142456
vn 0.9964330792427063 0.03641285374760628 -0.07612670958042145
vn 0.9964330792427063 0.03641285002231598 -0.07612670958042145
vn 0.9964330792427063 0.03641285374760628 -0.07612671703100204
vn 0.9964330792427063 0.03641285374760628 -0.07612670958042145
vn 0.9964330792427063 0.03641285374760628 -0.07612671703100204
vn 0.9964330792427063 0.03641285374760628 -0.07612671703100204
vn -0.9971753358840942 0.007853798568248749 0.07469699531793594
vn -0.9971753358840942 0.007853798568248749 0.07469699531793594
vn -0.9971753358840942 0.007853798568248749 0.07469699531793594
vn -0.9971753358840942 0.007853798568248749 0.07469699531793594
vn -0.9971753358840942 0.007853798568248749 0.07469699531793594
vn -0.9971753358840942 0.007853797636926174 0.07469698786735535
vn 0.07436589151620865 0.0542779304087162 0.9957528114318848
vn 0.07436589151620865 0.0542779341340065 0.9957528114318848
vn 0.07436589151620865 0.0542779304087162 0.9957528114318848
vn 0.07436589151620865 0.0542779304087162 0.9957528114318848
vn 0.07436589151620865 0.0542779304087162 0.9957528114318848
vn 0.07436588406562805 0.0542779304087162 0.9957528114318848
vn 0.9965880513191223 0.032200295478105545 -0.07599639147520065
vn 0.9965880513191223 0.032200295478105545 -0.07599637657403946
vn 0.9965880513191223 0.03220029175281525 -0.07599637657403946
vn 0.9965880513191223 0.032200295478105545 -0.07599639147520065
vn 0.9965880513191223 0.03220029175281525 -0.07599637657403946
vn 0.9965880513191223 0.032200295478105545 -0.07599637657403946
vn -0.07483400404453278 -0.031570982187986374 -0.9966961145401001
vn -0.07483400404453278 -0.031570982187986374 -0.9966961145401001
vn -0.07483400404453278 -0.031570982187986374 -0.9966961145401001
vn -0.07483400404453278 -0.031570982187986374 -0.9966961145401001
vn -0.07483400404453278 -0.031570982187986374 -0.9966961145401001
vn -0.07483400404453278 -0.031570982187986374 -0.9966961145401001
vn -0.9971177577972412 -0.00948655977845192 0.07527417689561844
vn -0.9971177577972412 -0.009486556984484196 0.07527416944503784
vn -0.9971177577972412 -0.00948655977845192 0.07527417689561844
vn -0.9971177577972412 -0.00948655977845192 0.07527417689561844
vn -0.9971177577972412 -0.00948655977845192 0.07527417689561844
vn -0.9971177577972412 -0.00948655977845192 0.07527416944503784
vn 0.07494205981492996 0.02606520988047123 0.9968471527099609
vn 0.07494205236434937 0.02606520801782608 0.9968471527099609
vn 0.07494205981492996 0.02606521174311638 0.9968471527099609
vn 0.07494205981492996 0.02606520988047123 0.9968471527099609
vn 0.07494205981492996 0.02606521174311638 0.9968471527099609
vn 0.07494205981492996 0.02606521174311638 0.9968471527099609
vn 0.9970647692680359 0.01329993549734354 -0.07539858669042587
vn 0.9970647692680359 0.013299933634698391 -0.07539857923984528
vn 0.9970647692680359 0.013299934566020966 -0.07539858669042587
vn 0.9970647692680359 0.01329993549734354 -0.07539858669042587
vn 0.9970647692680359 0.013299934566020966 -0.07539858669042587
vn 0.9970647692680359 0.01329993549734354 -0.07539857923984528
vn -0.0749271810054779 -0.02683098241686821 -0.9968279600143433
vn -0.0749271884560585 -0.02683098055422306 -0.9968279600143433
vn -0.0749271810054779 -0.02683098241686821 -0.9968279600143433
vn -0.0749271810054779 -0.02683098241686821 -0.9968279600143433
vn -0.0749271810054779 -0.02683098241686821 -0.9968279600143433
vn -0.0749271810054779 -0.02683098241686821 -0.9968279600143433
vn -0.9970524311065674 -0.01406592782586813 0.07542312145233154
vn -0.9970524311065674 -0.014065928757190704 0.07542312890291214
vn -0.9970524311065674 -0.01406592782586813 0.07542313635349274
vn -0.9970524311065674 -0.01406592782586813 0.07542312145233154
vn -0.9970524311065674 -0.01406592782586813 0.07542313635349274
vn -0.9970524311065674 -0.014065929688513279 0.07542312890291214
vn -0.8900328278541565 0.001756233163177967 0.4558930993080139
vn -0.8900328278541565 0.001756233163177967 0.4558931291103363
vn -0.8900328278541565 0.0017562330467626452 0.45589306950569153
vn -0.8900328278541565 0.001756233163177967 0.4558930993080139
vn -0.8900328278541565 0.0017562330467626452 0.45589306950569153
vn -0.8900328278541565 0.0017562330467626452 0.4558930993080139
vn 0.8892307877540588 0.04250529780983925 -0.45547983050346375
vn 0.8892307877540588 0.04250529780983925 -0.45547983050346375
vn 0.8892307877540588 0.04250529780983925 -0.4554798901081085
vn 0.8892307877540588 0.04250529780983925 -0.45547983050346375
vn 0.8892307877540588 0.04250529780983925 -0.4554798901081085
vn 0.8892307877540588 0.04250530153512955 -0.45547983050346375
vn 0.4557729959487915 0.022742876783013344 0.8898054361343384
vn 0.4557730257511139 0.022742878645658493 0.8898054361343384
vn 0.4557730257511139 0.02274288237094879 0.8898054361343384
vn 0.4557729959487915 0.022742876783013344 0.8898054361343384
vn 0.4557730257511139 0.02274288237094879 0.8898054361343384
vn 0.4557730257511139 0.022742878645658493 0.8898054361343384
vn -0.4557863771915436 0.021545708179473877 -0.8898283839225769
vn -0.4557863771915436 0.021545710042119026 -0.8898283839225769
vn -0.45578643679618835 0.021545710042119026 -0.8898283839225769
vn -0.4557863771915436 0.021545708179473877 -0.8898283839225769
vn -0.45578643679618835 0.021545710042119026 -0.8898283839225769
vn -0.4557863771915436 0.021545708179473877 -0.8898283839225769
vn -0.8896888494491577 0.027843091636896133 0.4557175934314728
vn -0.8896888494491577 0.027843087911605835 0.4557175934314728
vn -0.8896888494491577 0.027843087911605835 0.4557175934314728
vn -0.8896888494491577 0.027843091636896133 0.4557175934314728
vn -0.8896888494491577 0.027843087911605835 0.4557175934314728
vn -0.8896888494491577 0.027843087911605835 0.4557175636291504
vn 0.45581650733947754 0.018527043983340263 0.889880895614624
vn 0.45581650733947754 0.018527045845985413 0.889880895614624
vn 0.45581650733947754 0.018527045845985413 0.889880895614624
vn 0.45581650733947754 0.018527043983340263 0.889880895614624
vn 0.45581650733947754 0.018527045845985413 0.889880895614624
vn 0.45581650733947754 0.018527045845985413 0.889880895614624
vn 0.8900229930877686 -0.005124486982822418 -0.4558868110179901
vn 0.8900229930877686 -0.005124486517161131 -0.4558868110179901
vn 0.8900229930877686 -0.0051244874484837055 -0.4558868408203125
vn 0.8900229930877686 -0.005124486982822418 -0.4558868110179901
vn 0.8900229930877686 -0.0051244874484837055 -0.4558868408203125
vn 0.8900229930877686 -0.005124487914144993 -0.4558867812156677
vn -0.4558870196342468 0.0041986010037362576 -0.8900277614593506
vn -0.45588698983192444 0.0041986010037362576 -0.8900277614593506
vn -0.4558870196342468 0.0041986010037362576 -0.8900277614593506
vn -0.4558870196342468 0.0041986010037362576 -0.8900277614593506
vn -0.4558870196342468 0.0041986010037362576 -0.8900277614593506
vn -0.4558870196342468 0.004198601469397545 -0.8900277614593506
vn -0.8842974305152893 -0.011427759192883968 0.46678417921066284
vn -0.8842974901199341 -0.011427759192883968 0.46678411960601807
vn -0.8842974305152893 -0.011427761986851692 0.46678420901298523
vn -0.8842974305152893 -0.011427759192883968 0.46678417921066284
vn -0.8842974305152893 -0.011427761986851692 0.46678420901298523
vn -0.8842974305152893 -0.011427759192883968 0.46678414940834045
vn 0.46532580256462097 0.012461481615900993 0.8850517272949219
vn 0.46532580256462097 0.012461483478546143 0.8850517272949219
vn 0.46532583236694336 0.012461483478546143 0.8850517272949219
vn 0.46532580256462097 0.012461481615900993 0.8850517272949219
vn 0.46532583236694336 0.012461483478546143 0.8850517272949219
vn 0.46532580256462097 0.012461482547223568 0.8850517272949219
vn 0.8869450092315674 0.010511169210076332 -0.4617554247379303
vn 0.8869450092315674 0.010511168278753757 -0.4617554247379303
vn 0.8869450092315674 0.010511167347431183 -0.4617553949356079
vn 0.8869450092315674 0.010511169210076332 -0.4617554247379303
vn 0.8869450092315674 0.010511167347431183 -0.4617553949356079
vn 0.8869450092315674 0.010511168278753757 -0.4617554247379303
vn -0.4597580134868622 -0.01332517247647047 -0.8879442811012268
vn -0.45975810289382935 -0.01332517247647047 -0.887944221496582
vn -0.4597580134868622 -0.01332517247647047 -0.8879442811012268
vn -0.4597580134868622 -0.01332517247647047 -0.8879442811012268
vn -0.4597580134868622 -0.01332517247647047 -0.8879442811012268
vn -0.45975804328918457 -0.01332517247647047 -0.887944221496582
vn 0.8430413007736206 0.02384532243013382 0.5373199582099915
vn 0.8430413603782654 0.02384531870484352 0.5373198986053467
vn 0.8430413007736206 0.02384532056748867 0.5373199582099915
vn 0.8430413007736206 0.02384532243013382 0.5373199582099915
vn 0.8430413007736206 0.02384532056748867 0.5373199582099915
vn 0.8430413007736206 0.02384532243013382 0.5373199582099915
vn -0.8432662487030029 0.020419441163539886 -0.5371080636978149
vn -0.8432662487030029 0.020419441163539886 -0.5371080636978149
vn -0.8432662487030029 0.020419437438249588 -0.5371080636978149
vn -0.8432662487030029 0.020419441163539886 -0.5371080636978149
vn -0.8432662487030029 0.020419437438249588 -0.5371080636978149
vn -0.8432662487030029 0.020419439300894737 -0.5371080636978149
vn 0.5365878939628601 0.028106287121772766 -0.8433762192726135
vn 0.5365878939628601 0.028106287121772766 -0.8433762192726135
vn 0.5365879535675049 0.028106288984417915 -0.8433762192726135
vn 0.5365878939628601 0.028106287121772766 -0.8433762192726135
vn 0.5365879535675049 0.028106288984417915 -0.8433762192726135
vn 0.5365878939628601 0.028106288984417915 -0.8433762192726135
vn -0.5377745628356934 0.016168108209967613 0.8429336547851562
vn -0.5377745628356934 0.016168110072612762 0.8429336547851562
vn -0.5377745628356934 0.016168110072612762 0.8429336547851562
vn -0.5377745628356934 0.016168108209967613 0.8429336547851562
vn -0.5377745628356934 0.016168110072612762 0.8429336547851562
vn -0.5377745032310486 0.016168110072612762 0.8429336547851562
vn 0.8413184881210327 0.06549428403377533 0.5365573167800903
vn 0.8413184881210327 0.06549428403377533 0.5365572571754456
vn 0.8413184881210327 0.06549428403377533 0.5365573167800903
vn 0.8413184881210327 0.06549428403377533 0.5365573167800903
vn 0.8413184881210327 0.06549428403377533 0.5365573167800903
vn 0.8413184285163879 0.06549429148435593 0.5365573763847351
vn 0.5367950797080994 0.022514918819069862 -0.8434122204780579
vn 0.5367950201034546 0.022514916956424713 -0.8434122204780579
vn 0.5367950797080994 0.02251492254436016 -0.8434122204780579
vn 0.5367950797080994 0.022514918819069862 -0.8434122204780579
vn 0.5367950797080994 0.02251492254436016 -0.8434122204780579
vn 0.5367950797080994 0.02251492254436016 -0.8434122204780579
vn -0.8427990674972534 -0.032659634947776794 -0.5372365117073059
vn -0.8427990674972534 -0.032659634947776794 -0.5372365117073059
vn -0.8427990674972534 -0.03265963867306709 -0.5372365117073059
vn -0.8427990674972534 -0.032659634947776794 -0.5372365117073059
vn -0.8427990674972534 -0.03265963867306709 -0.5372365117073059
vn -0.8427991271018982 -0.032659631222486496 -0.5372364521026611
vn -0.537677526473999 0.010359127074480057 0.8430868983268738
vn -0.537677526473999 0.010359128005802631 0.8430868983268738
vn -0.5376775860786438 0.010359128005802631 0.8430868983268738
vn -0.537677526473999 0.010359127074480057 0.8430868983268738
vn -0.5376775860786438 0.010359128005802631 0.8430868983268738
vn -0.5376775860786438 0.010359128937125206 0.8430868983268738
vn 0.8463991284370422 0.013557206839323044 0.5323764681816101
vn 0.8463991284370422 0.01355720590800047 0.5323764681816101
vn 0.8463991284370422 0.013557206839323044 0.5323764681816101
vn 0.8463991284370422 0.013557206839323044 0.5323764681816101
vn 0.8463991284370422 0.013557206839323044 0.5323764681816101
vn 0.8463991284370422 0.01355720590800047 0.5323764681816101
vn 0.5340722799301147 0.0025866234209388494 -0.845434844493866
vn 0.5340723395347595 0.002586623188108206 -0.845434844493866
vn 0.5340722799301147 0.002586623188108206 -0.845434844493866
vn 0.5340722799301147 0.0025866234209388494 -0.845434844493866
vn 0.5340722799301147 0.002586623188108206 -0.845434844493866
vn 0.5340723395347595 0.0025866234209388494 -0.845434844493866
vn -0.8447520732879639 -0.014334357343614101 -0.5349658131599426
vn -0.8447520732879639 -0.01433435920625925 -0.5349658131599426
vn -0.8447520732879639 -0.014334357343614101 -0.5349658131599426
vn -0.8447520732879639 -0.014334357343614101 -0.5349658131599426
vn -0.8447520732879639 -0.014334357343614101 -0.5349658131599426
vn -0.8447520732879639 -0.014334360137581825 -0.5349658727645874
vn -0.5333330631256104 -0.0033137588761746883 0.8458988666534424
vn -0.5333330631256104 -0.003313759109005332 0.8458988666534424
vn -0.5333330631256104 -0.0033137588761746883 0.8458988666534424
vn -0.5333330631256104 -0.0033137588761746883 0.8458988666534424
vn -0.5333330631256104 -0.0033137588761746883 0.8458988666534424
vn -0.5333331227302551 -0.003313759109005332 0.8458988070487976
vn -0.6750115156173706 0.004691023379564285 0.7377922534942627
vn -0.6750115156173706 0.004691023379564285 0.7377923130989075
vn -0.6750115156173706 0.004691023379564285 0.7377923130989075
vn -0.6750115156173706 0.004691023379564285 0.7377922534942627
vn -0.6750115156173706 0.004691023379564285 0.7377923130989075
vn -0.6750115752220154 0.004691023379564285 0.7377922534942627
vn 0.6761009097099304 0.06107853353023529 -0.7342730760574341
vn 0.6761009097099304 0.06107853353023529 -0.7342730760574341
vn 0.6761009097099304 0.06107853353023529 -0.7342731356620789
vn 0.6761009097099304 0.06107853353023529 -0.7342730760574341
vn 0.6761009097099304 0.06107853353023529 -0.7342731356620789
vn 0.6761009097099304 0.06107853353023529 -0.7342730760574341
vn 0.7373719215393066 -0.0016802941681817174 0.675484836101532
vn 0.7373719215393066 -0.0016802942845970392 0.6754848957061768
vn 0.7373719215393066 -0.0016802941681817174 0.675484836101532
vn 0.7373719215393066 -0.0016802941681817174 0.675484836101532
vn 0.7373719215393066 -0.0016802941681817174 0.675484836101532
vn 0.7373719215393066 -0.0016802942845970392 0.6754848957061768
vn -0.7361803650856018 0.06753098219633102 -0.6734077334403992
vn -0.7361803650856018 0.06753097474575043 -0.673407793045044
vn -0.7361802458763123 0.06753098219633102 -0.6734078526496887
vn -0.7361803650856018 0.06753098219633102 -0.6734077334403992
vn -0.7361802458763123 0.06753098219633102 -0.6734078526496887
vn -0.736180305480957 0.06753098219633102 -0.673407793045044
vn -0.6735448241233826 0.03469689190387726 0.7383315563201904
vn -0.6735448241233826 0.03469689190387726 0.7383315563201904
vn -0.6735448837280273 0.03469689562916756 0.7383315563201904
vn -0.6735448241233826 0.03469689190387726 0.7383315563201904
vn -0.6735448837280273 0.03469689562916756 0.7383315563201904
vn -0.6735448241233826 0.03469689190387726 0.7383315563201904
vn 0.7373528480529785 -0.020975669845938683 0.6751821041107178
vn 0.737352728843689 -0.020975667983293533 0.6751821637153625
vn 0.7373527884483337 -0.020975667983293533 0.6751821041107178
vn 0.7373528480529785 -0.020975669845938683 0.6751821041107178
vn 0.7373527884483337 -0.020975667983293533 0.6751821041107178
vn 0.7373527884483337 -0.020975664258003235 0.6751821637153625
vn 0.6751211881637573 -0.0018750575836747885 -0.7377044558525085
vn 0.6751212477684021 -0.0018750580493360758 -0.7377044558525085
vn 0.6751212477684021 -0.0018750580493360758 -0.7377044558525085
vn 0.6751211881637573 -0.0018750575836747885 -0.7377044558525085
vn 0.6751212477684021 -0.0018750580493360758 -0.7377044558525085
vn 0.6751212477684021 -0.0018750580493360758 -0.7377044558525085
vn -0.7366931438446045 0.0538480281829834 -0.6740798354148865
vn -0.7366931438446045 0.0538480319082737 -0.6740797758102417
vn -0.7366931438446045 0.0538480281829834 -0.6740798354148865
vn -0.7366931438446045 0.0538480281829834 -0.6740798354148865
vn -0.7366931438446045 0.0538480281829834 -0.6740798354148865
vn -0.7366931438446045 0.0538480281829834 -0.6740797758102417
vn -0.6754874587059021 -0.009069693274796009 0.7373156547546387
vn -0.6754875183105469 -0.009069694206118584 0.7373156547546387
vn -0.6754874587059021 -0.009069693274796009 0.7373156547546387
vn -0.6754874587059021 -0.009069693274796009 0.7373156547546387
vn -0.6754874587059021 -0.009069693274796009 0.7373156547546387
vn -0.6754874587059021 -0.009069692343473434 0.7373156547546387
vn 0.7371032238006592 -0.038503579795360565 0.6746823787689209
vn 0.7371032238006592 -0.03850357607007027 0.6746823787689209
vn 0.7371032238006592 -0.03850357607007027 0.6746824383735657
vn 0.7371032238006592 -0.038503579795360565 0.6746823787689209
vn 0.7371032238006592 -0.03850357607007027 0.6746824383735657
vn 0.7371032238006592 -0.038503579795360565 0.6746823787689209
vn 0.675462007522583 0.008303540758788586 -0.7373480200767517
vn 0.6754620671272278 0.00830354169011116 -0.7373480200767517
vn 0.6754620671272278 0.00830354169011116 -0.7373480200767517
vn 0.675462007522583 0.008303540758788586 -0.7373480200767517
vn 0.6754620671272278 0.00830354169011116 -0.7373480200767517
vn 0.6754620671272278 0.00830354169011116 -0.7373480200767517
vn -0.7371145486831665 0.03773827105760574 -0.6747131943702698
vn -0.7371145486831665 0.03773827850818634 -0.6747131943702698
vn -0.737114667892456 0.03773827478289604 -0.674713134765625
vn -0.7371145486831665 0.03773827105760574 -0.6747131943702698
vn -0.737114667892456 0.03773827478289604 -0.674713134765625
vn -0.7371145486831665 0.03773827850818634 -0.6747131943702698
vn 0.7304028272628784 0.09664053469896317 0.6761451959609985
vn 0.7304027676582336 0.09664051979780197 0.6761451959609985
vn 0.7304028272628784 0.09664052724838257 0.6761451959609985
vn 0.7304028272628784 0.09664053469896317 0.6761451959609985
vn 0.7304028272628784 0.09664052724838257 0.6761451959609985
vn 0.7304028272628784 0.09664051979780197 0.6761451363563538
vn -0.7352468371391296 -0.024360135197639465 -0.6773615479469299
vn -0.7352468967437744 -0.024360137060284615 -0.6773614883422852
vn -0.7352468371391296 -0.024360135197639465 -0.6773615479469299
vn -0.7352468371391296 -0.024360135197639465 -0.6773615479469299
vn -0.7352468371391296 -0.024360135197639465 -0.6773615479469299
vn -0.7352468371391296 -0.024360137060284615 -0.6773615479469299
vn 0.6752371191978455 0.038682885468006134 -0.7365857362747192
vn 0.6752371191978455 0.038682885468006134 -0.7365857362747192
vn 0.6752371191978455 0.038682885468006134 -0.7365857362747192
vn 0.6752371191978455 0.038682885468006134 -0.7365857362747192
vn 0.6752371191978455 0.038682885468006134 -0.7365857362747192
vn 0.6752370595932007 0.03868289291858673 -0.7365857362747192
vn -0.6823505163192749 0.03331809118390083 0.7302654385566711
vn -0.6823505759239197 0.03331809118390083 0.7302653789520264
vn -0.6823505163192749 0.03331809118390083 0.7302654385566711
vn -0.6823505163192749 0.03331809118390083 0.7302654385566711
vn -0.6823505163192749 0.03331809118390083 0.7302654385566711
vn -0.6823505759239197 0.03331809118390083 0.7302654385566711
vn 0.7303186655044556 0.09757344424724579 0.6761021018028259
vn 0.7303186655044556 0.09757344424724579 0.6761021018028259
vn 0.7303186655044556 0.09757345169782639 0.6761021018028259
vn 0.7303186655044556 0.09757344424724579 0.6761021018028259
vn 0.7303186655044556 0.09757345169782639 0.6761021018028259
vn 0.7303186655044556 0.09757344424724579 0.6761021018028259
vn 0.6738020777702332 0.04989505186676979 -0.7372254133224487
vn 0.6738021373748779 0.04989505931735039 -0.737225353717804
vn 0.6738021373748779 0.049895063042640686 -0.737225353717804
vn 0.6738020777702332 0.04989505186676979 -0.7372254133224487
vn 0.6738021373748779 0.049895063042640686 -0.737225353717804
vn 0.6738020777702332 0.04989505186676979 -0.7372254133224487
vn -0.7331481575965881 -0.06291352212429047 -0.6771526336669922
vn -0.7331481575965881 -0.06291351467370987 -0.6771526336669922
vn -0.7331482172012329 -0.06291352212429047 -0.6771525144577026
vn -0.7331481575965881 -0.06291352212429047 -0.6771526336669922
vn -0.7331482172012329 -0.06291352212429047 -0.6771525144577026
vn -0.7331482172012329 -0.06291351467370987 -0.6771525144577026
vn -0.6779281497001648 -0.015390846878290176 0.734967052936554
vn -0.6779282093048096 -0.015390846878290176 0.7349669933319092
vn -0.6779281497001648 -0.015390846878290176 0.734967052936554
vn -0.6779281497001648 -0.015390846878290176 0.734967052936554
vn -0.6779281497001648 -0.015390846878290176 0.734967052936554
vn -0.6779281497001648 -0.015390846878290176 0.734967052936554
vn 0.7271990776062012 0.1270914524793625 0.6745585203170776
vn 0.7271990776062012 0.1270914375782013 0.6745585203170776
vn 0.727199137210846 0.1270914375782013 0.6745585203170776
vn 0.7271990776062012 0.1270914524793625 0.6745585203170776
vn 0.727199137210846 0.1270914375782013 0.6745585203170776
vn 0.727199137210846 0.1270914375782013 0.6745585203170776
vn 0.6684473752975464 0.0869935154914856 -0.7386543154716492
vn 0.6684473752975464 0.08699353784322739 -0.7386543154716492
vn 0.6684474349021912 0.08699353784322739 -0.7386543154716492
vn 0.6684473752975464 0.0869935154914856 -0.7386543154716492
vn 0.6684474349021912 0.08699353784322739 -0.7386543154716492
vn 0.6684474349021912 0.08699353784322739 -0.7386543154716492
vn -0.727090060710907 -0.12803201377391815 -0.6744982004165649
vn -0.7270901203155518 -0.12803204357624054 -0.6744981408119202
vn -0.7270901203155518 -0.12803201377391815 -0.6744982004165649
vn -0.727090060710907 -0.12803201377391815 -0.6744982004165649
vn -0.7270901203155518 -0.12803201377391815 -0.6744982004165649
vn -0.7270901203155518 -0.12803201377391815 -0.6744982004165649
vn -0.6682994365692139 -0.08792588859796524 0.7386778593063354
vn -0.6682994365692139 -0.08792588859796524 0.7386777997016907
vn -0.6682994365692139 -0.08792589604854584 0.7386778593063354
vn -0.6682994365692139 -0.08792588859796524 0.7386778593063354
vn -0.6682994365692139 -0.08792589604854584 0.7386778593063354
vn -0.6682994365692139 -0.08792588114738464 0.7386777997016907
vn 0.14518246054649353 -0.4318259358406067 -0.8901957273483276
vn 0.14518246054649353 -0.4318259358406067 -0.8901957273483276
vn 0.14518246054649353 -0.4318258762359619 -0.8901957273483276
vn 0.14518246054649353 -0.4318259358406067 -0.8901957273483276
vn 0.14518246054649353 -0.4318258762359619 -0.8901957273483276
vn 0.14518246054649353 -0.4318258762359619 -0.8901957273483276
vn -0.5376607179641724 -0.4823451340198517 -0.6915664672851562
vn -0.5376606583595276 -0.4823450744152069 -0.691566526889801
vn -0.5376606583595276 -0.4823451042175293 -0.6915664672851562
vn -0.5376607179641724 -0.4823451340198517 -0.6915664672851562
vn -0.5376606583595276 -0.4823451042175293 -0.6915664672851562
vn -0.5376606583595276 -0.4823450744152069 -0.691566526889801
vn -0.7391365170478821 -0.6711633205413818 0.05671889707446098
vn -0.7391364574432373 -0.6711633205413818 0.056718893349170685
vn -0.7391364574432373 -0.6711633801460266 0.05671891197562218
vn -0.7391365170478821 -0.6711633205413818 0.05671889707446098
vn -0.7391364574432373 -0.6711633801460266 0.05671891197562218
vn -0.7391364574432373 -0.6711633205413818 0.05671889707446098
vn -0.5258339643478394 -0.5566283464431763 0.6431668400764465
vn -0.5258340239524841 -0.5566282868385315 0.6431667804718018
vn -0.5258340239524841 -0.5566283464431763 0.643166720867157
vn -0.5258339643478394 -0.5566283464431763 0.6431668400764465
vn -0.5258340239524841 -0.5566283464431763 0.643166720867157
vn -0.5258340239524841 -0.5566283464431763 0.643166720867157
vn 0.10749945789575577 -0.5537953972816467 0.8256843090057373
vn 0.10749945789575577 -0.5537953972816467 0.8256843090057373
vn 0.10749945044517517 -0.5537954568862915 0.8256842494010925
vn 0.10749945789575577 -0.5537953972816467 0.8256843090057373
vn 0.10749945044517517 -0.5537954568862915 0.8256842494010925
vn 0.10749946534633636 -0.5537954568862915 0.8256842494010925
vn 0.7691641449928284 -0.6086515188217163 0.1947556883096695
vn 0.7691641449928284 -0.6086515784263611 0.1947556585073471
vn 0.7691642045974731 -0.6086515188217163 0.1947556734085083
vn 0.7691641449928284 -0.6086515188217163 0.1947556883096695
vn 0.7691642045974731 -0.6086515188217163 0.1947556734085083
vn 0.7691642045974731 -0.6086515188217163 0.1947556734085083
vn 0.7336235046386719 -0.6492062211036682 -0.20081809163093567
vn 0.7336235046386719 -0.6492062211036682 -0.20081809163093567
vn 0.7336235046386719 -0.6492062211036682 -0.20081807672977448
vn 0.7336235046386719 -0.6492062211036682 -0.20081809163093567
vn 0.7336235046386719 -0.6492062211036682 -0.20081807672977448
vn 0.7336235046386719 -0.6492062211036682 -0.20081807672977448
vn 0.011277083307504654 -0.9697486162185669 -0.24384509027004242
vn 0.011277081444859505 -0.9697486162185669 -0.24384507536888123
vn 0.011277083307504654 -0.9697486162185669 -0.24384509027004242
vn -0.2809489369392395 -0.9486998319625854 -0.1450391262769699
vn -0.2809489667415619 -0.9486998319625854 -0.1450391560792923
vn -0.2809489667415619 -0.9486998319625854 -0.1450391560792923
vn -0.36986979842185974 -0.926427960395813 0.0701967105269432
vn -0.36986979842185974 -0.926427960395813 0.07019670307636261
vn -0.36986976861953735 -0.926427960395813 0.0701967179775238
vn -0.24823659658432007 -0.9173240065574646 0.31128010153770447
vn -0.24823659658432007 -0.9173240065574646 0.31128010153770447
vn -0.24823661148548126 -0.9173240065574646 0.31128010153770447
vn -0.1019946038722992 -0.9317113161087036 0.3485844135284424
vn -0.10199461132287979 -0.9317113161087036 0.3485844135284424
vn -0.101994588971138 -0.9317113161087036 0.3485844135284424
vn 0.3575748801231384 -0.9330966472625732 -0.03835204616189003
vn 0.3575747609138489 -0.9330966472625732 -0.03835204616189003
vn 0.35757485032081604 -0.9330966472625732 -0.03835204616189003
vn 0.3577282428741455 -0.9334974884986877 -0.024757975712418556
vn 0.3577282130718231 -0.9334974884986877 -0.024757973849773407
vn 0.3577282428741455 -0.9334974884986877 -0.024757975712418556
vn 0.5446460843086243 0.5045096278190613 -0.6699482798576355
vn 0.5446460843086243 0.5045096278190613 -0.6699482798576355
vn 0.5446460843086243 0.5045095682144165 -0.6699482798576355
vn 0.5446460843086243 0.5045096278190613 -0.6699482798576355
vn 0.5446460843086243 0.5045095682144165 -0.6699482798576355
vn 0.5446460247039795 0.5045095682144165 -0.6699483394622803
vn -0.2928275167942047 0.5095515847206116 -0.8090792298316956
vn -0.2928275167942047 0.5095516443252563 -0.8090791702270508
vn -0.2928275167942047 0.5095515847206116 -0.8090792298316956
vn -0.2928275167942047 0.5095515847206116 -0.8090792298316956
vn -0.2928275167942047 0.5095515847206116 -0.8090792298316956
vn -0.2928274869918823 0.5095516443252563 -0.8090792298316956
vn -0.8697897791862488 0.4456319212913513 -0.21184416115283966
vn -0.8697897791862488 0.4456319212913513 -0.21184414625167847
vn -0.8697897791862488 0.4456319212913513 -0.21184413135051727
vn -0.8697897791862488 0.4456319212913513 -0.21184416115283966
vn -0.8697897791862488 0.4456319212913513 -0.21184413135051727
vn -0.8697897791862488 0.4456319212913513 -0.21184414625167847
vn -0.678274393081665 0.48811864852905273 0.5492576956748962
vn -0.678274393081665 0.48811861872673035 0.5492576956748962
vn -0.678274393081665 0.48811864852905273 0.549257755279541
vn -0.678274393081665 0.48811864852905273 0.5492576956748962
vn -0.678274393081665 0.48811864852905273 0.549257755279541
vn -0.678274393081665 0.48811864852905273 0.549257755279541
vn -0.062355391681194305 0.4344472885131836 0.8985362648963928
vn -0.06235538423061371 0.43444719910621643 0.8985362648963928
vn -0.06235538795590401 0.43444716930389404 0.8985362648963928
vn -0.062355391681194305 0.4344472885131836 0.8985362648963928
vn -0.06235538795590401 0.43444716930389404 0.8985362648963928
vn -0.06235538050532341 0.43444716930389404 0.8985362648963928
vn 0.6066336631774902 0.5977475643157959 0.5241120457649231
vn 0.6066336631774902 0.5977475643157959 0.5241119861602783
vn 0.6066336631774902 0.5977475643157959 0.5241120457649231
vn 0.6066336631774902 0.5977475643157959 0.5241120457649231
vn 0.6066336631774902 0.5977475643157959 0.5241120457649231
vn 0.6066336631774902 0.5977475643157959 0.5241119861602783
vn 0.8944814801216125 0.4203186333179474 -0.15243086218833923
vn 0.8944814205169678 0.4203186631202698 -0.15243087708950043
vn 0.8944814801216125 0.4203186333179474 -0.15243086218833923
vn 0.8944814801216125 0.4203186333179474 -0.15243086218833923
vn 0.8944814801216125 0.4203186333179474 -0.15243086218833923
vn 0.8944814205169678 0.4203186631202698 -0.15243087708950043
vn 0.5836848020553589 -0.2952674329280853 -0.756392240524292
vn 0.5836849212646484 -0.2952674329280853 -0.7563921213150024
vn 0.5836849212646484 -0.2952674627304077 -0.7563921213150024
vn 0.5836848020553589 -0.2952674329280853 -0.756392240524292
vn 0.5836849212646484 -0.2952674627304077 -0.7563921213150024
vn 0.5836848616600037 -0.2952674627304077 -0.7563921213150024
vn -0.2265874147415161 -0.17270934581756592 -0.9585559964179993
vn -0.2265874147415161 -0.17270933091640472 -0.9585559964179993
vn -0.2265874296426773 -0.17270933091640472 -0.9585559964179993
vn -0.2265874147415161 -0.17270934581756592 -0.9585559964179993
vn -0.2265874296426773 -0.17270933091640472 -0.9585559964179993
vn -0.2265874743461609 -0.1727093756198883 -0.9585559964179993
vn -0.8322033882141113 -0.3105350136756897 -0.45935341715812683
vn -0.8322033882141113 -0.3105350732803345 -0.45935338735580444
vn -0.8322033882141113 -0.3105349838733673 -0.45935335755348206
vn -0.8322033882141113 -0.3105350136756897 -0.45935341715812683
vn -0.8322033882141113 -0.3105349838733673 -0.45935335755348206
vn -0.8322033882141113 -0.3105350434780121 -0.45935338735580444
vn -0.8869343400001526 -0.14784707129001617 0.4375941753387451
vn -0.8869343400001526 -0.14784707129001617 0.4375942349433899
vn -0.8869343400001526 -0.14784705638885498 0.4375942647457123
vn -0.8869343400001526 -0.14784707129001617 0.4375941753387451
vn -0.8869343400001526 -0.14784705638885498 0.4375942647457123
vn -0.8869343400001526 -0.14784705638885498 0.4375942647457123
vn -0.24636687338352203 -0.2654969394207001 0.9321023225784302
vn -0.24636687338352203 -0.2654969394207001 0.9321023225784302
vn -0.24636684358119965 -0.2654969096183777 0.9321023225784302
vn -0.24636687338352203 -0.2654969394207001 0.9321023225784302
vn -0.24636684358119965 -0.2654969096183777 0.9321023225784302
vn -0.24636685848236084 -0.2654969394207001 0.9321023225784302
vn 0.5964962840080261 -0.16703614592552185 0.7850421071052551
vn 0.5964963436126709 -0.16703613102436066 0.7850420475006104
vn 0.5964962244033813 -0.16703613102436066 0.7850421667098999
vn 0.5964962840080261 -0.16703614592552185 0.7850421071052551
vn 0.5964962244033813 -0.16703613102436066 0.7850421667098999
vn 0.5964962840080261 -0.16703614592552185 0.7850421071052551
vn 0.9796864986419678 -0.170686736702919 -0.10526334494352341
vn 0.9796864986419678 -0.1706867218017578 -0.10526334494352341
vn 0.9796864986419678 -0.170686736702919 -0.10526334494352341
vn 0.9796864986419678 -0.170686736702919 -0.10526334494352341
vn 0.9796864986419678 -0.170686736702919 -0.10526334494352341
vn 0.9796864986419678 -0.1706867218017578 -0.10526334494352341
vn 0.679248571395874 0.4245193898677826 -0.5986690521240234
vn 0.6792486310005188 0.4245193600654602 -0.5986689925193787
vn 0.6792486310005188 0.4245193302631378 -0.5986690521240234
vn 0.679248571395874 0.4245193898677826 -0.5986690521240234
vn 0.6792486310005188 0.4245193302631378 -0.5986690521240234
vn 0.679248571395874 0.4245193600654602 -0.5986690521240234
vn -0.1464119702577591 0.4438457190990448 -0.884061336517334
vn -0.14641202986240387 0.44384580850601196 -0.884061336517334
vn -0.14641200006008148 0.44384580850601196 -0.884061336517334
vn -0.1464119702577591 0.4438457190990448 -0.884061336517334
vn -0.14641200006008148 0.44384580850601196 -0.884061336517334
vn -0.1464119702577591 0.4438457489013672 -0.884061336517334
vn -0.8183966279029846 0.45214611291885376 -0.354669988155365
vn -0.8183966279029846 0.45214611291885376 -0.354669988155365
vn -0.8183966875076294 0.45214608311653137 -0.354669988155365
vn -0.8183966279029846 0.45214611291885376 -0.354669988155365
vn -0.8183966875076294 0.45214608311653137 -0.354669988155365
vn -0.8183966875076294 0.45214614272117615 -0.3546699583530426
vn -0.8535040616989136 0.3835074305534363 0.35277870297431946
vn -0.8535041213035583 0.3835074007511139 0.35277870297431946
vn -0.8535041213035583 0.3835074007511139 0.35277870297431946
vn -0.8535040616989136 0.3835074305534363 0.35277870297431946
vn -0.8535041213035583 0.3835074007511139 0.35277870297431946
vn -0.8535041213035583 0.3835074305534363 0.35277867317199707
vn -0.4223572313785553 0.45428329706192017 0.7843730449676514
vn -0.4223572015762329 0.45428329706192017 0.7843730449676514
vn -0.4223572015762329 0.45428329706192017 0.7843730449676514
vn -0.4223572313785553 0.45428329706192017 0.7843730449676514
vn -0.4223572015762329 0.45428329706192017 0.7843730449676514
vn -0.4223572611808777 0.45428332686424255 0.7843729853630066
vn 0.5284654498100281 0.4091986417770386 0.7438284158706665
vn 0.5284653902053833 0.4091986119747162 0.7438284754753113
vn 0.5284654498100281 0.4091986417770386 0.7438284158706665
vn 0.5284654498100281 0.4091986417770386 0.7438284158706665
vn 0.5284654498100281 0.4091986417770386 0.7438284158706665
vn 0.5284653902053833 0.40919867157936096 0.7438284754753113
vn 0.8928945064544678 0.44983312487602234 -0.01973644457757473
vn 0.8928945064544678 0.44983312487602234 -0.01973644457757473
vn 0.8928945064544678 0.4498331546783447 -0.01973644457757473
vn 0.8928945064544678 0.44983312487602234 -0.01973644457757473
vn 0.8928945064544678 0.4498331546783447 -0.01973644457757473
vn 0.8928945064544678 0.44983312487602234 -0.01973644457757473
vn 0.6648494601249695 0.3700963854789734 -0.6488480567932129
vn 0.6648495197296143 0.370096355676651 -0.6488480567932129
vn 0.6648494601249695 0.3700963258743286 -0.6488481163978577
vn 0.015815066173672676 0.35491618514060974 -0.9347643256187439
vn 0.015815066173672676 0.35491615533828735 -0.9347643852233887
vn 0.015815066173672676 0.35491618514060974 -0.9347643256187439
vn -0.7842889428138733 0.41705748438835144 -0.45929720997810364
vn -0.7842888832092285 0.41705748438835144 -0.459297239780426
vn -0.7842889428138733 0.41705745458602905 -0.459297239780426
vn -0.8218837380409241 0.5271604061126709 0.21589121222496033
vn -0.8218837976455688 0.5271603465080261 0.21589121222496033
vn -0.8218837976455688 0.5271603465080261 0.21589121222496033
vn -0.5394943952560425 0.5758131146430969 0.6143167614936829
vn -0.5394943356513977 0.5758131146430969 0.6143167614936829
vn -0.5394943952560425 0.5758131146430969 0.6143167018890381
vn 0.4388241171836853 0.5245377421379089 0.7295845150947571
vn 0.4388241469860077 0.5245376825332642 0.7295845150947571
vn 0.4388241171836853 0.5245377421379089 0.7295845150947571
vn 0.9134904146194458 0.3936769366264343 0.10273108631372452
vn 0.9134904146194458 0.3936769962310791 0.1027311161160469
vn 0.9134904742240906 0.39367690682411194 0.10273110121488571
vn -0.6030493378639221 0.28097039461135864 -0.7465836405754089
vn -0.6030492186546326 0.28097036480903625 -0.7465837001800537
vn -0.6030492782592773 0.28097042441368103 -0.7465837001800537
vn -0.6030493378639221 0.28097039461135864 -0.7465836405754089
vn -0.6030492782592773 0.28097042441368103 -0.7465837001800537
vn -0.6030492782592773 0.28097042441368103 -0.7465837001800537
vn 0.3218611180782318 0.20001764595508575 -0.925417959690094
vn 0.3218611180782318 0.20001764595508575 -0.925417959690094
vn 0.3218611180782318 0.20001764595508575 -0.925417959690094
vn 0.3218611180782318 0.20001764595508575 -0.925417959690094
vn 0.3218611180782318 0.20001764595508575 -0.925417959690094
vn 0.3218611180782318 0.20001764595508575 -0.925417959690094
vn 0.8966768383979797 0.3000445067882538 -0.3254903256893158
vn 0.8966768383979797 0.3000444769859314 -0.3254903256893158
vn 0.8966768383979797 0.3000444769859314 -0.3254903256893158
vn 0.8966768383979797 0.3000445067882538 -0.3254903256893158
vn 0.8966768383979797 0.3000444769859314 -0.3254903256893158
vn 0.8966768383979797 0.3000445067882538 -0.3254903554916382
vn 0.8420708775520325 0.27556657791137695 0.4636590778827667
vn 0.8420708179473877 0.27556657791137695 0.4636591374874115
vn 0.8420708775520325 0.27556657791137695 0.4636590778827667
vn 0.8420708775520325 0.27556657791137695 0.4636590778827667
vn 0.8420708775520325 0.27556657791137695 0.4636590778827667
vn 0.8420708179473877 0.27556654810905457 0.4636591374874115
vn 0.1936456710100174 0.2221619337797165 0.9555864334106445
vn 0.1936456710100174 0.2221618890762329 0.9555864334106445
vn 0.1936456710100174 0.2221618890762329 0.9555864334106445
vn 0.1936456710100174 0.2221619337797165 0.9555864334106445
vn 0.1936456710100174 0.2221618890762329 0.9555864334106445
vn 0.1936456710100174 0.2221618890762329 0.9555864334106445
vn -0.6990821361541748 0.21679094433784485 0.6813852787017822
vn -0.6990821361541748 0.21679092943668365 0.6813852787017822
vn -0.6990821361541748 0.21679092943668365 0.6813852787017822
vn -0.6990821361541748 0.21679094433784485 0.6813852787017822
vn -0.6990821361541748 0.21679092943668365 0.6813852787017822
vn -0.6990821361541748 0.21679094433784485 0.6813852787017822
vn -0.932436466217041 0.3613314628601074 0.0013570167357102036
vn -0.932436466217041 0.36133143305778503 0.0013570166192948818
vn -0.932436466217041 0.36133140325546265 0.0013570168521255255
vn -0.932436466217041 0.3613314628601074 0.0013570167357102036
vn -0.932436466217041 0.36133140325546265 0.0013570168521255255
vn -0.932436466217041 0.36133140325546265 0.0013570168521255255
vn -0.9389296770095825 -0.33420589566230774 -0.08196017146110535
vn -0.9389296770095825 -0.33420586585998535 -0.08196017146110535
vn -0.9389296770095825 -0.3342059552669525 -0.08196017146110535
vn -0.9389296770095825 -0.33420589566230774 -0.08196017146110535
vn -0.9389296770095825 -0.3342059552669525 -0.08196017146110535
vn -0.9389296770095825 -0.33420589566230774 -0.08196017891168594
vn -0.3779737055301666 -0.31652578711509705 -0.8700271844863892
vn -0.3779737055301666 -0.31652572751045227 -0.8700271844863892
vn -0.3779737055301666 -0.31652578711509705 -0.8700271844863892
vn -0.3779737055301666 -0.31652578711509705 -0.8700271844863892
vn -0.3779737055301666 -0.31652578711509705 -0.8700271844863892
vn -0.3779737055301666 -0.31652572751045227 -0.8700271844863892
vn 0.34453073143959045 -0.37235185503959656 -0.8617729544639587
vn 0.34453073143959045 -0.37235182523727417 -0.8617730140686035
vn 0.34453073143959045 -0.37235185503959656 -0.8617729544639587
vn 0.34453073143959045 -0.37235185503959656 -0.8617729544639587
vn 0.34453073143959045 -0.37235185503959656 -0.8617729544639587
vn 0.34453073143959045 -0.37235182523727417 -0.8617730140686035
vn 0.9502532482147217 -0.25930482149124146 -0.17256803810596466
vn 0.9502532482147217 -0.25930488109588623 -0.17256803810596466
vn 0.9502532482147217 -0.25930485129356384 -0.17256803810596466
vn 0.9502532482147217 -0.25930482149124146 -0.17256803810596466
vn 0.9502532482147217 -0.25930485129356384 -0.17256803810596466
vn 0.9502532482147217 -0.25930485129356384 -0.17256803810596466
vn 0.7728729844093323 -0.3737499713897705 0.5128141045570374
vn 0.7728729844093323 -0.3737499713897705 0.5128141045570374
vn 0.7728729844093323 -0.3737500309944153 0.5128141045570374
vn 0.7728729844093323 -0.3737499713897705 0.5128141045570374
vn 0.7728729844093323 -0.3737500309944153 0.5128141045570374
vn 0.7728729844093323 -0.3737500011920929 0.5128141045570374
vn 0.08892236649990082 -0.34682026505470276 0.9337068796157837
vn 0.08892236649990082 -0.34682029485702515 0.9337068796157837
vn 0.08892235904932022 -0.34682023525238037 0.9337068796157837
vn 0.08892236649990082 -0.34682026505470276 0.9337068796157837
vn 0.08892235904932022 -0.34682023525238037 0.9337068796157837
vn 0.08892236649990082 -0.34682026505470276 0.9337068796157837
vn -0.6907081604003906 -0.40794849395751953 0.5970764756202698
vn -0.6907081604003906 -0.40794849395751953 0.5970764756202698
vn -0.6907081604003906 -0.40794849395751953 0.5970764756202698
vn -0.6907081604003906 -0.40794849395751953 0.5970764756202698
vn -0.6907081604003906 -0.40794849395751953 0.5970764756202698
vn -0.6907081604003906 -0.40794849395751953 0.597076416015625
vn -0.6347099542617798 -0.4393620491027832 0.6356920003890991
vn -0.6347100138664246 -0.4393620491027832 0.6356919407844543
vn -0.6347099542617798 -0.4393619894981384 0.6356920003890991
vn -0.6347099542617798 -0.4393620491027832 0.6356920003890991
vn -0.6347099542617798 -0.4393619894981384 0.6356920003890991
vn -0.6347099542617798 -0.4393620491027832 0.6356920003890991
vn 0.03482498973608017 -0.47315075993537903 0.8802928924560547
vn 0.03482498973608017 -0.47315070033073425 0.8802928924560547
vn 0.03482498973608017 -0.47315070033073425 0.8802928924560547
vn 0.03482498973608017 -0.47315075993537903 0.8802928924560547
vn 0.03482498973608017 -0.47315070033073425 0.8802928924560547
vn 0.03482499346137047 -0.4731507897377014 0.8802928924560547
vn 0.6473587155342102 -0.646614134311676 0.4035056233406067
vn 0.6473587155342102 -0.6466141939163208 0.4035056531429291
vn 0.6473587155342102 -0.6466141939163208 0.4035056233406067
vn 0.6473587155342102 -0.646614134311676 0.4035056233406067
vn 0.6473587155342102 -0.6466141939163208 0.4035056233406067
vn 0.647358775138855 -0.6466141939163208 0.4035055935382843
vn 0.824279248714447 -0.5299100875854492 -0.19939668476581573
vn 0.824279248714447 -0.5299100875854492 -0.19939672946929932
vn 0.824279248714447 -0.5299100279808044 -0.19939671456813812
vn 0.824279248714447 -0.5299100875854492 -0.19939668476581573
vn 0.824279248714447 -0.5299100279808044 -0.19939671456813812
vn 0.824279248714447 -0.5299100875854492 -0.19939671456813812
vn 0.42105281352996826 -0.5510419607162476 -0.720463216304779
vn 0.42105281352996826 -0.5510419607162476 -0.7204632759094238
vn 0.42105281352996826 -0.5510419607162476 -0.720463216304779
vn 0.42105281352996826 -0.5510419607162476 -0.720463216304779
vn 0.42105281352996826 -0.5510419607162476 -0.720463216304779
vn 0.4210527837276459 -0.5510419607162476 -0.720463216304779
vn -0.4835669994354248 -0.6303634643554688 -0.6072930097579956
vn -0.4835669696331024 -0.6303635239601135 -0.6072930693626404
vn -0.4835669994354248 -0.6303634643554688 -0.6072930693626404
vn -0.4835669994354248 -0.6303634643554688 -0.6072930097579956
vn -0.4835669994354248 -0.6303634643554688 -0.6072930693626404
vn -0.4835669696331024 -0.6303634643554688 -0.6072930693626404
vn -0.6868093013763428 -0.674780011177063 -0.27012020349502563
vn -0.6868093609809875 -0.674780011177063 -0.27012020349502563
vn -0.6868093609809875 -0.6747799515724182 -0.27012020349502563
vn -0.6868093013763428 -0.674780011177063 -0.27012020349502563
vn -0.6868093609809875 -0.6747799515724182 -0.27012020349502563
vn -0.6868093013763428 -0.6747799515724182 -0.270120233297348
vn -0.1291767656803131 -0.9718087911605835 0.19723345339298248
vn -0.12917675077915192 -0.9718087911605835 0.19723345339298248
vn -0.1291767656803131 -0.9718087911605835 0.19723345339298248
vn 0.16294416785240173 -0.9420800805091858 0.29314562678337097
vn 0.16294418275356293 -0.9420800805091858 0.29314562678337097
vn 0.16294416785240173 -0.9420800805091858 0.29314562678337097
vn 0.36214813590049744 -0.9156732559204102 0.1743309497833252
vn 0.3621481657028198 -0.9156731963157654 0.1743309199810028
vn 0.36214813590049744 -0.9156732559204102 0.1743309497833252
vn 0.4095517694950104 -0.9077375531196594 -0.09099386632442474
vn 0.4095517694950104 -0.9077375531196594 -0.09099387377500534
vn 0.40955179929733276 -0.9077375531196594 -0.09099387377500534
vn 0.3158946633338928 -0.9256106019020081 -0.20845994353294373
vn 0.31589460372924805 -0.9256106615066528 -0.20845992863178253
vn 0.31589463353157043 -0.9256106615066528 -0.20845992863178253
vn -0.28390640020370483 -0.9425898790359497 -0.17584501206874847
vn -0.28390634059906006 -0.9425898790359497 -0.17584502696990967
vn -0.28390640020370483 -0.9425898790359497 -0.17584501206874847
vn -0.27582791447639465 -0.9428773522377014 -0.18681874871253967
vn -0.27582791447639465 -0.9428773522377014 -0.18681874871253967
vn -0.27582791447639465 -0.9428773522377014 -0.18681876361370087
vn -0.738163948059082 0.4926728308200836 0.4608551561832428
vn -0.738163948059082 0.492672860622406 0.460855096578598
vn -0.7381640076637268 0.49267280101776123 0.460855096578598
vn -0.738163948059082 0.4926728308200836 0.4608551561832428
vn -0.7381640076637268 0.49267280101776123 0.460855096578598
vn -0.738163948059082 0.4926728904247284 0.460855096578598
vn 0.004076316952705383 0.5279780030250549 0.8492482900619507
vn 0.004076316021382809 0.5279780030250549 0.8492482900619507
vn 0.004076315555721521 0.5279778838157654 0.8492483496665955
vn 0.004076316952705383 0.5279780030250549 0.8492482900619507
vn 0.004076315555721521 0.5279778838157654 0.8492483496665955
vn 0.004076315555721521 0.5279778838157654 0.8492483496665955
vn 0.734153151512146 0.47429779171943665 0.48586079478263855
vn 0.7341532111167908 0.47429779171943665 0.48586079478263855
vn 0.734153151512146 0.4742978513240814 0.48586079478263855
vn 0.734153151512146 0.47429779171943665 0.48586079478263855
vn 0.734153151512146 0.4742978513240814 0.48586079478263855
vn 0.7341532111167908 0.47429779171943665 0.48586076498031616
vn 0.811528205871582 0.5073027014732361 -0.2899411916732788
vn 0.8115282654762268 0.5073027014732361 -0.2899412214756012
vn 0.8115282654762268 0.5073026418685913 -0.2899411916732788
vn 0.811528205871582 0.5073027014732361 -0.2899411916732788
vn 0.8115282654762268 0.5073026418685913 -0.2899411916732788
vn 0.8115282654762268 0.5073026418685913 -0.2899411916732788
vn 0.36231163144111633 0.4295712113380432 -0.8271631002426147
vn 0.36231163144111633 0.4295712411403656 -0.8271631598472595
vn 0.36231163144111633 0.4295712113380432 -0.8271631002426147
vn 0.36231163144111633 0.4295712113380432 -0.8271631002426147
vn 0.36231163144111633 0.4295712113380432 -0.8271631002426147
vn 0.36231163144111633 0.4295712411403656 -0.8271631598472595
vn -0.43173137307167053 0.5574029088020325 -0.7091614603996277
vn -0.4317314028739929 0.5574029088020325 -0.7091615200042725
vn -0.43173137307167053 0.557403028011322 -0.7091614007949829
vn -0.43173137307167053 0.5574029088020325 -0.7091614603996277
vn -0.43173137307167053 0.557403028011322 -0.7091614007949829
vn -0.4317314326763153 0.5574029684066772 -0.7091614007949829
vn -0.9008960127830505 0.3987318277359009 -0.17146216332912445
vn -0.9008960127830505 0.3987318277359009 -0.17146216332912445
vn -0.9008960127830505 0.39873185753822327 -0.17146214842796326
vn -0.9008960127830505 0.3987318277359009 -0.17146216332912445
vn -0.9008960127830505 0.39873185753822327 -0.17146214842796326
vn -0.9008960127830505 0.39873185753822327 -0.17146214842796326
vn -0.6982441544532776 -0.29815858602523804 0.6508122086524963
vn -0.6982442140579224 -0.29815858602523804 0.6508122086524963
vn -0.6982441544532776 -0.29815858602523804 0.6508122682571411
vn -0.6982441544532776 -0.29815858602523804 0.6508122086524963
vn -0.6982441544532776 -0.29815858602523804 0.6508122682571411
vn -0.6982441544532776 -0.29815858602523804 0.6508122682571411
vn 0.07857687771320343 -0.1575736403465271 0.984376072883606
vn 0.07857685536146164 -0.1575736403465271 0.984376072883606
vn 0.07857685536146164 -0.1575736552476883 0.984376072883606
vn 0.07857687771320343 -0.1575736403465271 0.984376072883606
vn 0.07857685536146164 -0.1575736552476883 0.984376072883606
vn 0.07857686281204224 -0.1575736552476883 0.984376072883606
vn 0.7426429986953735 -0.28474318981170654 0.6061375737190247
vn 0.7426429986953735 -0.28474318981170654 0.6061375737190247
vn 0.7426429390907288 -0.28474318981170654 0.6061375737190247
vn 0.7426429986953735 -0.28474318981170654 0.6061375737190247
vn 0.7426429390907288 -0.28474318981170654 0.6061375737190247
vn 0.7426429986953735 -0.28474318981170654 0.6061375737190247
vn 0.9594448208808899 -0.0962432250380516 -0.2649582028388977
vn 0.9594448208808899 -0.0962432250380516 -0.2649582028388977
vn 0.9594448208808899 -0.0962432250380516 -0.2649581730365753
vn 0.9594448208808899 -0.0962432250380516 -0.2649582028388977
vn 0.9594448208808899 -0.0962432250380516 -0.2649581730365753
vn 0.9594448208808899 -0.0962432250380516 -0.2649582028388977
vn 0.42427417635917664 -0.2734696865081787 -0.8632529973983765
vn 0.424274206161499 -0.2734696865081787 -0.8632529973983765
vn 0.424274206161499 -0.2734696567058563 -0.8632529973983765
vn 0.42427417635917664 -0.2734696865081787 -0.8632529973983765
vn 0.424274206161499 -0.2734696567058563 -0.8632529973983765
vn 0.4242742359638214 -0.2734696865081787 -0.8632529973983765
vn -0.4380907118320465 -0.18047797679901123 -0.8806272149085999
vn -0.4380907118320465 -0.18047796189785004 -0.8806272149085999
vn -0.4380907118320465 -0.18047797679901123 -0.8806272149085999
vn -0.4380907118320465 -0.18047797679901123 -0.8806272149085999
vn -0.4380907118320465 -0.18047797679901123 -0.8806272149085999
vn -0.4380907118320465 -0.18047796189785004 -0.8806272149085999
vn -0.9704594016075134 -0.22942708432674408 -0.07464414089918137
vn -0.9704594016075134 -0.2294270545244217 -0.07464414089918137
vn -0.9704594016075134 -0.2294270545244217 -0.07464414089918137
vn -0.9704594016075134 -0.22942708432674408 -0.07464414089918137
vn -0.9704594016075134 -0.2294270545244217 -0.07464414089918137
vn -0.9704594016075134 -0.2294270545244217 -0.07464413344860077
vn -0.712177038192749 0.5431866645812988 0.44469326734542847
vn -0.7121770977973938 0.5431866645812988 0.4446932077407837
vn -0.712177038192749 0.5431866645812988 0.44469326734542847
vn -0.712177038192749 0.5431866645812988 0.44469326734542847
vn -0.712177038192749 0.5431866645812988 0.44469326734542847
vn -0.712177038192749 0.5431866645812988 0.4446932077407837
vn 0.05676539987325668 0.5970256328582764 0.8002113103866577
vn 0.056765392422676086 0.5970256328582764 0.8002113103866577
vn 0.056765392422676086 0.5970256328582764 0.8002113103866577
vn 0.05676539987325668 0.5970256328582764 0.8002113103866577
vn 0.056765392422676086 0.5970256328582764 0.8002113103866577
vn 0.056765396147966385 0.5970256328582764 0.8002113103866577
vn 0.7197979092597961 0.6108577847480774 0.32976314425468445
vn 0.7197978496551514 0.6108578443527222 0.32976317405700684
vn 0.7197979092597961 0.6108577847480774 0.32976317405700684
vn 0.7197979092597961 0.6108577847480774 0.32976314425468445
vn 0.7197979092597961 0.6108577847480774 0.32976317405700684
vn 0.7197978496551514 0.6108578443527222 0.32976317405700684
vn 0.8224523663520813 0.5305729508399963 -0.2050960808992386
vn 0.8224523663520813 0.5305729508399963 -0.2050960659980774
vn 0.8224524259567261 0.5305729508399963 -0.20509609580039978
vn 0.8224523663520813 0.5305729508399963 -0.2050960808992386
vn 0.8224524259567261 0.5305729508399963 -0.20509609580039978
vn 0.8224523663520813 0.5305729508399963 -0.2050960659980774
vn 0.4441835284233093 0.6004692316055298 -0.6649343371391296
vn 0.44418349862098694 0.6004692316055298 -0.6649343371391296
vn 0.44418349862098694 0.6004692316055298 -0.6649343371391296
vn 0.4441835284233093 0.6004692316055298 -0.6649343371391296
vn 0.44418349862098694 0.6004692316055298 -0.6649343371391296
vn 0.44418346881866455 0.6004692912101746 -0.6649343371391296
vn -0.45955392718315125 0.5002344250679016 -0.7338771820068359
vn -0.45955392718315125 0.5002344250679016 -0.7338771820068359
vn -0.45955389738082886 0.5002343654632568 -0.7338772416114807
vn -0.45955392718315125 0.5002344250679016 -0.7338771820068359
vn -0.45955389738082886 0.5002343654632568 -0.7338772416114807
vn -0.45955392718315125 0.5002343654632568 -0.7338771820068359
vn -0.8379597663879395 0.5451159477233887 -0.02592354640364647
vn -0.8379597663879395 0.5451159477233887 -0.02592354640364647
vn -0.8379597663879395 0.5451158881187439 -0.02592354454100132
vn -0.8379597663879395 0.5451159477233887 -0.02592354640364647
vn -0.8379597663879395 0.5451158881187439 -0.02592354454100132
vn -0.8379597663879395 0.5451159477233887 -0.025923550128936768
vn -0.6523064374923706 0.4368373453617096 0.6194105744361877
vn -0.6523063778877258 0.43683740496635437 0.6194105744361877
vn -0.6523064374923706 0.4368373453617096 0.6194105744361877
vn 0.015107874758541584 0.4100276231765747 0.9119479656219482
vn 0.015107877552509308 0.4100276529788971 0.9119479656219482
vn 0.015107874758541584 0.4100276231765747 0.9119479656219482
vn 0.7619211077690125 0.514075756072998 0.3939572274684906
vn 0.7619211077690125 0.514075756072998 0.3939572870731354
vn 0.7619211077690125 0.514075756072998 0.3939572870731354
vn 0.7459114789962769 0.6435500979423523 -0.17163720726966858
vn 0.7459114789962769 0.6435501575469971 -0.17163722217082977
vn 0.7459114789962769 0.6435500979423523 -0.17163723707199097
vn 0.485683798789978 0.718130350112915 -0.49839743971824646
vn 0.4856838285923004 0.718130350112915 -0.4983974099159241
vn 0.4856838583946228 0.7181304097175598 -0.4983973503112793
vn -0.4821329414844513 0.6649168729782104 -0.5704677104949951
vn -0.4821329116821289 0.6649168729782104 -0.5704677104949951
vn -0.4821329414844513 0.6649168729782104 -0.5704677104949951
vn -0.871210515499115 0.48970821499824524 -0.03432270139455795
vn -0.871210515499115 0.4897083044052124 -0.03432270511984825
vn -0.871210515499115 0.4897083044052124 -0.03432270884513855
vn 0.09504539519548416 0.2972927391529083 0.9500439167022705
vn 0.09504538774490356 0.2972927689552307 0.9500438570976257
vn 0.09504540264606476 0.2972927689552307 0.9500438570976257
vn 0.09504539519548416 0.2972927391529083 0.9500439167022705
vn 0.09504540264606476 0.2972927689552307 0.9500438570976257
vn 0.09504539519548416 0.2972927689552307 0.9500439167022705
vn -0.7817369699478149 0.18484222888946533 0.5955843329429626
vn -0.7817369103431702 0.18484222888946533 0.5955843925476074
vn -0.7817369103431702 0.18484221398830414 0.5955843329429626
vn -0.7817369699478149 0.18484222888946533 0.5955843329429626
vn -0.7817369103431702 0.18484221398830414 0.5955843329429626
vn -0.7817369103431702 0.18484219908714294 0.5955843329429626
vn -0.9397763013839722 0.2673344314098358 -0.21296203136444092
vn -0.9397763013839722 0.2673344016075134 -0.21296200156211853
vn -0.9397763013839722 0.2673344314098358 -0.21296201646327972
vn -0.9397763013839722 0.2673344314098358 -0.21296203136444092
vn -0.9397763013839722 0.2673344314098358 -0.21296201646327972
vn -0.9397763013839722 0.2673344016075134 -0.21296201646327972
vn -0.46539804339408875 0.24817270040512085 -0.8495969176292419
vn -0.46539801359176636 0.24817273020744324 -0.8495969772338867
vn -0.46539804339408875 0.24817267060279846 -0.8495969772338867
vn -0.46539804339408875 0.24817270040512085 -0.8495969176292419
vn -0.46539804339408875 0.24817267060279846 -0.8495969772338867
vn -0.46539801359176636 0.24817268550395966 -0.8495969772338867
vn 0.3584921061992645 0.22053737938404083 -0.9071089625358582
vn 0.3584921061992645 0.22053737938404083 -0.9071089625358582
vn 0.3584921061992645 0.22053737938404083 -0.9071089625358582
vn 0.3584921061992645 0.22053737938404083 -0.9071089625358582
vn 0.3584921061992645 0.22053737938404083 -0.9071089625358582
vn 0.3584921061992645 0.22053737938404083 -0.9071089625358582
vn 0.9512814283370972 0.2500128149986267 -0.180436372756958
vn 0.9512814283370972 0.2500128149986267 -0.180436372756958
vn 0.9512813687324524 0.2500128448009491 -0.1804363876581192
vn 0.9512814283370972 0.2500128149986267 -0.180436372756958
vn 0.9512813687324524 0.2500128448009491 -0.1804363876581192
vn 0.9512814283370972 0.2500128149986267 -0.180436372756958
vn 0.7799880504608154 0.382723867893219 0.49511727690696716
vn 0.7799880504608154 0.382723867893219 0.49511727690696716
vn 0.7799880504608154 0.382723867893219 0.49511727690696716
vn 0.7799880504608154 0.382723867893219 0.49511727690696716
vn 0.7799880504608154 0.382723867893219 0.49511727690696716
vn 0.7799880504608154 0.382723867893219 0.49511727690696716
vn 0.8193264007568359 -0.30358314514160156 0.48635533452033997
vn 0.8193264007568359 -0.30358314514160156 0.48635536432266235
vn 0.8193264007568359 -0.30358314514160156 0.48635536432266235
vn 0.8193264007568359 -0.30358314514160156 0.48635533452033997
vn 0.8193264007568359 -0.30358314514160156 0.48635536432266235
vn 0.8193264007568359 -0.30358314514160156 0.48635533452033997
vn -0.01880732737481594 -0.30800363421440125 0.9511992931365967
vn -0.01880732551217079 -0.308003693819046 0.9511992335319519
vn -0.01880732551217079 -0.30800363421440125 0.9511992931365967
vn -0.01880732737481594 -0.30800363421440125 0.9511992931365967
vn -0.01880732551217079 -0.30800363421440125 0.9511992931365967
vn -0.01880732551217079 -0.308003693819046 0.9511992335319519
vn -0.679201602935791 -0.38144296407699585 0.6270458698272705
vn -0.6792015433311462 -0.38144293427467346 0.6270458698272705
vn -0.679201602935791 -0.38144293427467346 0.6270458698272705
vn -0.679201602935791 -0.38144296407699585 0.6270458698272705
vn -0.679201602935791 -0.38144293427467346 0.6270458698272705
vn -0.679201602935791 -0.38144293427467346 0.6270458698272705
vn -0.9192266464233398 -0.29896780848503113 -0.25620436668395996
vn -0.9192266464233398 -0.29896774888038635 -0.2562043368816376
vn -0.9192266464233398 -0.29896777868270874 -0.25620436668395996
vn -0.9192266464233398 -0.29896780848503113 -0.25620436668395996
vn -0.9192266464233398 -0.29896777868270874 -0.25620436668395996
vn -0.9192265868186951 -0.29896780848503113 -0.25620439648628235
vn -0.45117560029029846 -0.39956435561180115 -0.7979905009269714
vn -0.45117563009262085 -0.3995644152164459 -0.7979905009269714
vn -0.45117563009262085 -0.39956432580947876 -0.7979905009269714
vn -0.45117560029029846 -0.39956435561180115 -0.7979905009269714
vn -0.45117563009262085 -0.39956432580947876 -0.7979905009269714
vn -0.45117560029029846 -0.39956435561180115 -0.7979905009269714
vn 0.3508857786655426 -0.3431335985660553 -0.8712855577468872
vn 0.3508857786655426 -0.3431335985660553 -0.8712855577468872
vn 0.3508858382701874 -0.3431336283683777 -0.8712854981422424
vn 0.3508857786655426 -0.3431335985660553 -0.8712855577468872
vn 0.3508858382701874 -0.3431336283683777 -0.8712854981422424
vn 0.3508857786655426 -0.3431336283683777 -0.8712855577468872
vn 0.896411657333374 -0.3855206072330475 -0.21867774426937103
vn 0.896411657333374 -0.3855206072330475 -0.21867777407169342
vn 0.896411657333374 -0.3855206370353699 -0.21867775917053223
vn 0.896411657333374 -0.3855206072330475 -0.21867774426937103
vn 0.896411657333374 -0.3855206370353699 -0.21867775917053223
vn 0.896411657333374 -0.3855206072330475 -0.21867774426937103
vn -0.7462648749351501 -0.3874359428882599 0.5412783026695251
vn -0.7462648153305054 -0.3874359428882599 0.5412783622741699
vn -0.7462648153305054 -0.3874359130859375 0.5412783026695251
vn -0.7462648749351501 -0.3874359428882599 0.5412783026695251
vn -0.7462648153305054 -0.3874359130859375 0.5412783026695251
vn -0.7462648153305054 -0.3874358832836151 0.5412783026695251
vn -0.08772365003824234 -0.5127474069595337 0.8540460467338562
vn -0.08772364258766174 -0.5127474069595337 0.8540460467338562
vn -0.08772366493940353 -0.5127474069595337 0.8540460467338562
vn -0.08772365003824234 -0.5127474069595337 0.8540460467338562
vn -0.08772366493940353 -0.5127474069595337 0.8540460467338562
vn -0.08772365003824234 -0.5127474069595337 0.8540460467338562
vn 0.5436515212059021 -0.727896511554718 0.41786330938339233
vn 0.5436514616012573 -0.727896511554718 0.4178633391857147
vn 0.5436514616012573 -0.727896511554718 0.41786330938339233
vn 0.5436515212059021 -0.727896511554718 0.41786330938339233
vn 0.5436514616012573 -0.727896511554718 0.41786330938339233
vn 0.5436515212059021 -0.727896511554718 0.41786330938339233
vn 0.787689208984375 -0.598361611366272 -0.14665968716144562
vn 0.787689208984375 -0.598361611366272 -0.14665967226028442
vn 0.787689208984375 -0.598361611366272 -0.1466597020626068
vn 0.787689208984375 -0.598361611366272 -0.14665968716144562
vn 0.787689208984375 -0.598361611366272 -0.1466597020626068
vn 0.787689208984375 -0.5983616709709167 -0.14665968716144562
vn 0.4571051001548767 -0.5625287294387817 -0.6889240145683289
vn 0.4571051001548767 -0.5625287294387817 -0.6889240145683289
vn 0.4571050703525543 -0.5625287294387817 -0.6889240741729736
vn 0.4571051001548767 -0.5625287294387817 -0.6889240145683289
vn 0.4571050703525543 -0.5625287294387817 -0.6889240741729736
vn 0.4571050703525543 -0.5625287294387817 -0.6889240741729736
vn -0.44858911633491516 -0.5419765710830688 -0.7106540203094482
vn -0.44858911633491516 -0.5419765710830688 -0.710654079914093
vn -0.4485890865325928 -0.5419765710830688 -0.710654079914093
vn -0.44858911633491516 -0.5419765710830688 -0.7106540203094482
vn -0.4485890865325928 -0.5419765710830688 -0.710654079914093
vn -0.44858911633491516 -0.5419765710830688 -0.710654079914093
vn -0.7067074179649353 -0.5848782062530518 -0.39809802174568176
vn -0.7067074179649353 -0.5848782062530518 -0.39809802174568176
vn -0.7067074179649353 -0.5848782658576965 -0.39809802174568176
vn -0.7067074179649353 -0.5848782062530518 -0.39809802174568176
vn -0.7067074179649353 -0.5848782658576965 -0.39809802174568176
vn -0.7067074179649353 -0.5848782658576965 -0.39809802174568176
vn -0.21372546255588531 -0.967693030834198 0.13375964760780334
vn -0.21372546255588531 -0.967693030834198 0.13375966250896454
vn -0.21372546255588531 -0.967693030834198 0.13375966250896454
vn 0.06763460487127304 -0.9626622796058655 0.26211991906166077
vn 0.06763461232185364 -0.9626622796058655 0.26211994886398315
vn 0.06763461977243423 -0.9626622796058655 0.26211994886398315
vn 0.2812061607837677 -0.9451605677604675 0.16611605882644653
vn 0.2812061011791229 -0.9451606273651123 0.16611607372760773
vn 0.2812061309814453 -0.9451606273651123 0.16611605882644653
vn 0.3570847809314728 -0.9293792843818665 -0.09351257979869843
vn 0.35708481073379517 -0.9293792843818665 -0.09351258724927902
vn 0.35708481073379517 -0.9293792843818665 -0.09351257979869843
vn 0.2741639316082001 -0.9358195662498474 -0.22153069078922272
vn 0.2741639316082001 -0.9358195662498474 -0.22153069078922272
vn 0.2741639316082001 -0.9358195662498474 -0.22153069078922272
vn -0.3256736099720001 -0.9110320806503296 -0.252897709608078
vn -0.32567358016967773 -0.9110320806503296 -0.2528976500034332
vn -0.3256736397743225 -0.9110320806503296 -0.252897709608078
vn -0.3147827982902527 -0.9116547107696533 -0.26419204473495483
vn -0.3147827684879303 -0.9116547703742981 -0.26419201493263245
vn -0.3147827982902527 -0.9116547107696533 -0.26419204473495483
vn -0.6543742418289185 0.3624529242515564 0.6636431217193604
vn -0.6543742418289185 0.3624529242515564 0.6636431217193604
vn -0.6543742418289185 0.36245298385620117 0.6636431217193604
vn -0.6543742418289185 0.3624529242515564 0.6636431217193604
vn -0.6543742418289185 0.36245298385620117 0.6636431217193604
vn -0.6543742418289185 0.362452894449234 0.6636431813240051
vn 0.11882445961236954 0.3611219823360443 0.9249171018600464
vn 0.11882446706295013 0.3611220121383667 0.9249171018600464
vn 0.11882445216178894 0.3611219823360443 0.9249171018600464
vn 0.11882445961236954 0.3611219823360443 0.9249171018600464
vn 0.11882445216178894 0.3611219823360443 0.9249171018600464
vn 0.11882445216178894 0.3611219823360443 0.9249171018600464
vn 0.7776467204093933 0.3976622223854065 0.4869602620601654
vn 0.7776467800140381 0.3976622223854065 0.4869602620601654
vn 0.7776467800140381 0.3976622223854065 0.4869602620601654
vn 0.7776467204093933 0.3976622223854065 0.4869602620601654
vn 0.7776467800140381 0.3976622223854065 0.4869602620601654
vn 0.7776467800140381 0.3976621627807617 0.486960232257843
vn 0.7776632308959961 0.5820462703704834 -0.2376173585653305
vn 0.7776632308959961 0.5820462703704834 -0.2376173734664917
vn 0.7776632308959961 0.5820462703704834 -0.2376173585653305
vn 0.7776632308959961 0.5820462703704834 -0.2376173585653305
vn 0.7776632308959961 0.5820462703704834 -0.2376173585653305
vn 0.7776632905006409 0.5820462703704834 -0.2376173585653305
vn 0.31016093492507935 0.595683753490448 -0.7409190535545349
vn 0.31016093492507935 0.595683753490448 -0.7409190535545349
vn 0.31016093492507935 0.595683753490448 -0.7409190535545349
vn 0.31016093492507935 0.595683753490448 -0.7409190535545349
vn 0.31016093492507935 0.595683753490448 -0.7409190535545349
vn 0.3101609945297241 0.595683753490448 -0.7409190535545349
vn -0.5042476058006287 0.6542841196060181 -0.5636014938354492
vn -0.5042476654052734 0.6542841196060181 -0.5636014342308044
vn -0.5042476654052734 0.6542840600013733 -0.5636014938354492
vn -0.5042476058006287 0.6542841196060181 -0.5636014938354492
vn -0.5042476654052734 0.6542840600013733 -0.5636014938354492
vn -0.5042476654052734 0.6542840600013733 -0.5636014938354492
vn -0.912990927696228 0.4077271521091461 0.01435710396617651
vn -0.912990927696228 0.4077272415161133 0.01435710396617651
vn -0.912990927696228 0.4077271521091461 0.014357104897499084
vn -0.912990927696228 0.4077271521091461 0.01435710396617651
vn -0.912990927696228 0.4077271521091461 0.014357104897499084
vn -0.912990927696228 0.4077271521091461 0.014357103034853935
vn -0.5247716307640076 -0.44262006878852844 0.7271191477775574
vn -0.5247716903686523 -0.44262003898620605 0.7271190881729126
vn -0.5247716307640076 -0.44262006878852844 0.7271190881729126
vn -0.5247716307640076 -0.44262006878852844 0.7271191477775574
vn -0.5247716307640076 -0.44262006878852844 0.7271190881729126
vn -0.5247716307640076 -0.44262003898620605 0.7271191477775574
vn 0.33090445399284363 -0.36241304874420166 0.871297299861908
vn 0.33090445399284363 -0.36241304874420166 0.8712973594665527
vn 0.33090445399284363 -0.36241304874420166 0.8712973594665527
vn 0.33090445399284363 -0.36241304874420166 0.871297299861908
vn 0.33090445399284363 -0.36241304874420166 0.8712973594665527
vn 0.33090445399284363 -0.36241304874420166 0.8712973594665527
vn 0.8680057525634766 -0.398497998714447 0.2962522506713867
vn 0.8680056929588318 -0.398497998714447 0.2962522506713867
vn 0.8680057525634766 -0.398497998714447 0.2962522506713867
vn 0.8680057525634766 -0.398497998714447 0.2962522506713867
vn 0.8680057525634766 -0.398497998714447 0.2962522506713867
vn 0.8680057525634766 -0.398497998714447 0.2962522506713867
vn 0.8527945280075073 0.004367275629192591 -0.5222283601760864
vn 0.8527944684028625 0.004367276094853878 -0.5222284197807312
vn 0.8527944684028625 0.004367275629192591 -0.5222284197807312
vn 0.8527945280075073 0.004367275629192591 -0.5222283601760864
vn 0.8527944684028625 0.004367275629192591 -0.5222284197807312
vn 0.8527945280075073 0.004367275629192591 -0.5222283601760864
vn 0.1823015809059143 -0.07347441464662552 -0.9804935455322266
vn 0.1823015809059143 -0.07347441464662552 -0.9804935455322266
vn 0.1823015660047531 -0.07347440719604492 -0.9804935455322266
vn 0.1823015809059143 -0.07347441464662552 -0.9804935455322266
vn 0.1823015660047531 -0.07347440719604492 -0.9804935455322266
vn 0.1823015660047531 -0.07347440719604492 -0.9804935455322266
vn -0.6459622383117676 0.008462158031761646 -0.7633224725723267
vn -0.6459622383117676 0.008462157100439072 -0.7633224725723267
vn -0.6459622383117676 0.008462158031761646 -0.7633224725723267
vn -0.6459622383117676 0.008462158031761646 -0.7633224725723267
vn -0.6459622383117676 0.008462158031761646 -0.7633224725723267
vn -0.6459622383117676 0.008462158031761646 -0.7633224725723267
vn -0.9623573422431946 -0.254092276096344 0.09646490216255188
vn -0.9623573422431946 -0.254092276096344 0.09646489471197128
vn -0.9623573422431946 -0.254092276096344 0.09646490216255188
vn -0.9623573422431946 -0.254092276096344 0.09646490216255188
vn -0.9623573422431946 -0.254092276096344 0.09646490216255188
vn -0.9623573422431946 -0.254092276096344 0.09646487981081009
vn -0.4955117404460907 0.27002808451652527 0.8255621790885925
vn -0.4955117404460907 0.27002814412117004 0.8255621790885925
vn -0.4955117106437683 0.27002814412117004 0.8255621790885925
vn -0.4955117404460907 0.27002808451652527 0.8255621790885925
vn -0.4955117106437683 0.27002814412117004 0.8255621790885925
vn -0.4955117404460907 0.27002814412117004 0.8255621790885925
vn 0.3791956603527069 0.2458382546901703 0.8920617699623108
vn 0.3791956603527069 0.2458382546901703 0.8920617699623108
vn 0.3791956603527069 0.2458382546901703 0.8920617699623108
vn 0.3791956603527069 0.2458382546901703 0.8920617699623108
vn 0.3791956603527069 0.2458382546901703 0.8920617699623108
vn 0.3791956901550293 0.24583829939365387 0.8920617699623108
vn 0.8878288865089417 0.39357829093933105 0.2384449690580368
vn 0.8878288865089417 0.39357829093933105 0.2384449690580368
vn 0.8878288865089417 0.39357829093933105 0.2384449690580368
vn 0.8878288865089417 0.39357829093933105 0.2384449690580368
vn 0.8878288865089417 0.39357829093933105 0.2384449690580368
vn 0.8878288865089417 0.39357829093933105 0.2384449690580368
vn 0.7839346528053284 0.4671456217765808 -0.40892723202705383
vn 0.7839346528053284 0.4671456217765808 -0.40892723202705383
vn 0.7839346528053284 0.4671456217765808 -0.40892723202705383
vn 0.7839346528053284 0.4671456217765808 -0.40892723202705383
vn 0.7839346528053284 0.4671456217765808 -0.40892723202705383
vn 0.7839346528053284 0.4671456217765808 -0.40892714262008667
vn 0.25160667300224304 0.6426597237586975 -0.723659098148346
vn 0.25160670280456543 0.6426596641540527 -0.7236591577529907
vn 0.25160667300224304 0.6426597833633423 -0.723659098148346
vn 0.25160667300224304 0.6426597237586975 -0.723659098148346
vn 0.25160667300224304 0.6426597833633423 -0.723659098148346
vn 0.25160664319992065 0.6426597237586975 -0.7236591577529907
vn -0.6727285385131836 0.5395384430885315 -0.5062949061393738
vn -0.6727285981178284 0.5395383834838867 -0.5062949061393738
vn -0.6727286577224731 0.5395383238792419 -0.506294846534729
vn -0.6727285385131836 0.5395384430885315 -0.5062949061393738
vn -0.6727286577224731 0.5395383238792419 -0.506294846534729
vn -0.6727286577224731 0.5395383834838867 -0.506294846534729
vn -0.8491560220718384 0.3961334824562073 0.3493025600910187
vn -0.8491560220718384 0.3961334824562073 0.3493025600910187
vn -0.8491560220718384 0.3961334824562073 0.3493025600910187
vn -0.8491560220718384 0.3961334824562073 0.3493025600910187
vn -0.8491560220718384 0.3961334824562073 0.3493025600910187
vn -0.8491560220718384 0.3961334526538849 0.34930258989334106
vn -0.3269293010234833 0.3981301188468933 0.8570936918258667
vn -0.3269293010234833 0.3981301188468933 0.8570936918258667
vn -0.32692933082580566 0.3981301486492157 0.8570936918258667
vn 0.3929172158241272 0.25070977210998535 0.8847376108169556
vn 0.3929172158241272 0.25070977210998535 0.8847376108169556
vn 0.3929171562194824 0.25070974230766296 0.8847376704216003
vn 0.9520273804664612 0.24082522094249725 0.18880440294742584
vn 0.9520273804664612 0.24082517623901367 0.18880438804626465
vn 0.9520273804664612 0.24082520604133606 0.18880440294742584
vn 0.6952991485595703 0.48336583375930786 -0.5318990349769592
vn 0.6952991485595703 0.4833658039569855 -0.5318990349769592
vn 0.6952991485595703 0.4833658039569855 -0.5318990349769592
vn 0.22058264911174774 0.6341628432273865 -0.7410673499107361
vn 0.22058260440826416 0.6341628432273865 -0.7410673499107361
vn 0.22058260440826416 0.6341628432273865 -0.7410673499107361
vn -0.6600447297096252 0.7065134048461914 -0.2553032338619232
vn -0.66004478931427 0.7065133452415466 -0.2553032338619232
vn -0.6600447297096252 0.7065134048461914 -0.25530320405960083
vn -0.7223211526870728 0.518298864364624 0.45784109830856323
vn -0.7223211526870728 0.5182988047599792 0.45784109830856323
vn -0.722321093082428 0.5182989239692688 0.45784103870391846
vn 0.03442417457699776 0.28840166330337524 0.9568905234336853
vn 0.03442417457699776 0.28840166330337524 0.9568905234336853
vn 0.034424178302288055 0.28840166330337524 0.9568905234336853
vn 0.03442417457699776 0.28840166330337524 0.9568905234336853
vn 0.034424178302288055 0.28840166330337524 0.9568905234336853
vn 0.03442417457699776 0.28840163350105286 0.9568905234336853
vn -0.8098610043525696 0.23162385821342468 0.5389578342437744
vn -0.8098610043525696 0.2316238284111023 0.5389578342437744
vn -0.8098610639572144 0.2316238433122635 0.5389577746391296
vn -0.8098610043525696 0.23162385821342468 0.5389578342437744
vn -0.8098610639572144 0.2316238433122635 0.5389577746391296
vn -0.8098610043525696 0.23162385821342468 0.5389578342437744
vn -0.9082148671150208 0.3344677686691284 -0.2515494227409363
vn -0.9082148671150208 0.33446773886680603 -0.2515493929386139
vn -0.9082148671150208 0.33446773886680603 -0.2515493929386139
vn -0.9082148671150208 0.3344677686691284 -0.2515494227409363
vn -0.9082148671150208 0.33446773886680603 -0.2515493929386139
vn -0.9082148671150208 0.3344677984714508 -0.2515494227409363
vn -0.3806452453136444 0.3283267319202423 -0.8644713759422302
vn -0.3806452751159668 0.3283267319202423 -0.8644713759422302
vn -0.3806452453136444 0.32832664251327515 -0.864471435546875
vn -0.3806452453136444 0.3283267319202423 -0.8644713759422302
vn -0.3806452453136444 0.32832664251327515 -0.864471435546875
vn -0.3806452453136444 0.32832664251327515 -0.8644713759422302
vn 0.4636218845844269 0.22247296571731567 -0.8576482534408569
vn 0.4636218249797821 0.22247295081615448 -0.8576482534408569
vn 0.4636218845844269 0.22247296571731567 -0.8576482534408569
vn 0.4636218845844269 0.22247296571731567 -0.8576482534408569
vn 0.4636218845844269 0.22247296571731567 -0.8576482534408569
vn 0.4636218249797821 0.22247298061847687 -0.8576483130455017
vn 0.9809752106666565 0.1797015219926834 -0.07345028221607208
vn 0.9809752106666565 0.1797015219926834 -0.07345028221607208
vn 0.9809752106666565 0.1797015219926834 -0.07345028221607208
vn 0.9809752106666565 0.1797015219926834 -0.07345028221607208
vn 0.9809752106666565 0.1797015219926834 -0.07345028221607208
vn 0.9809752106666565 0.1797015368938446 -0.07345028221607208
vn 0.7476300597190857 0.3180784583091736 0.5829882621765137
vn 0.7476300597190857 0.3180784583091736 0.5829883217811584
vn 0.7476300001144409 0.31807848811149597 0.5829883217811584
vn 0.7476300597190857 0.3180784583091736 0.5829882621765137
vn 0.7476300001144409 0.31807848811149597 0.5829883217811584
vn 0.7476300597190857 0.31807848811149597 0.5829883217811584
vn 0.8268786668777466 -0.379673570394516 0.4148731231689453
vn 0.8268786668777466 -0.3796735405921936 0.4148731231689453
vn 0.8268786668777466 -0.37967348098754883 0.4148730933666229
vn 0.8268786668777466 -0.379673570394516 0.4148731231689453
vn 0.8268786668777466 -0.37967348098754883 0.4148730933666229
vn 0.8268786668777466 -0.3796735405921936 0.4148731231689453
vn -0.01263519562780857 -0.4824293255805969 0.8758437633514404
vn -0.01263519749045372 -0.4824293553829193 0.8758437633514404
vn -0.01263519749045372 -0.4824293553829193 0.8758437633514404
vn -0.01263519562780857 -0.4824293255805969 0.8758437633514404
vn -0.01263519749045372 -0.4824293553829193 0.8758437633514404
vn -0.012635196559131145 -0.4824293255805969 0.8758437633514404
vn -0.6847099661827087 -0.4846695363521576 0.5443047881126404
vn -0.684709906578064 -0.48466956615448 0.5443048477172852
vn -0.684709906578064 -0.48466956615448 0.5443047881126404
vn -0.6847099661827087 -0.4846695363521576 0.5443047881126404
vn -0.684709906578064 -0.48466956615448 0.5443047881126404
vn -0.6847099661827087 -0.4846694767475128 0.5443047881126404
vn -0.9087292551994324 -0.25240617990493774 -0.33241885900497437
vn -0.9087292551994324 -0.25240617990493774 -0.33241888880729675
vn -0.9087292551994324 -0.25240617990493774 -0.33241888880729675
vn -0.9087292551994324 -0.25240617990493774 -0.33241885900497437
vn -0.9087292551994324 -0.25240617990493774 -0.33241888880729675
vn -0.9087292551994324 -0.25240617990493774 -0.33241888880729675
vn -0.46207743883132935 -0.23668445646762848 -0.8546724319458008
vn -0.46207740902900696 -0.23668450117111206 -0.854672372341156
vn -0.46207746863365173 -0.23668450117111206 -0.854672372341156
vn -0.46207743883132935 -0.23668445646762848 -0.8546724319458008
vn -0.46207746863365173 -0.23668450117111206 -0.854672372341156
vn -0.46207743883132935 -0.23668450117111206 -0.854672372341156
vn 0.3577512800693512 -0.18837854266166687 -0.9146187901496887
vn 0.3577512502670288 -0.18837852776050568 -0.9146187901496887
vn 0.3577512502670288 -0.18837852776050568 -0.9146187901496887
vn 0.3577512800693512 -0.18837854266166687 -0.9146187901496887
vn 0.3577512502670288 -0.18837852776050568 -0.9146187901496887
vn 0.3577512502670288 -0.1883784979581833 -0.9146188497543335
vn 0.8978263735771179 -0.3415595591068268 -0.2779295742511749
vn 0.8978263735771179 -0.34155958890914917 -0.2779295742511749
vn 0.8978263735771179 -0.3415595591068268 -0.2779295742511749
vn 0.8978263735771179 -0.3415595591068268 -0.2779295742511749
vn 0.8978263735771179 -0.3415595591068268 -0.2779295742511749
vn 0.8978263735771179 -0.3415595591068268 -0.2779296040534973
vn -0.7351902723312378 -0.4177987277507782 0.5337972640991211
vn -0.735190212726593 -0.4177987575531006 0.5337972640991211
vn -0.735190212726593 -0.4177987277507782 0.5337973237037659
vn -0.7351902723312378 -0.4177987277507782 0.5337972640991211
vn -0.735190212726593 -0.4177987277507782 0.5337973237037659
vn -0.735190212726593 -0.4177987277507782 0.5337973237037659
vn -0.10439835488796234 -0.47318005561828613 0.8747580051422119
vn -0.10439836978912354 -0.4731801450252533 0.8747580051422119
vn -0.10439837723970413 -0.4731801450252533 0.8747580051422119
vn -0.10439835488796234 -0.47318005561828613 0.8747580051422119
vn -0.10439837723970413 -0.4731801450252533 0.8747580051422119
vn -0.10439835488796234 -0.47318005561828613 0.8747580051422119
vn 0.5728773474693298 -0.6574116349220276 0.48951148986816406
vn 0.5728773474693298 -0.6574116349220276 0.48951151967048645
vn 0.5728773474693298 -0.6574116349220276 0.48951148986816406
vn 0.5728773474693298 -0.6574116349220276 0.48951148986816406
vn 0.5728773474693298 -0.6574116349220276 0.48951148986816406
vn 0.5728773474693298 -0.6574116349220276 0.48951148986816406
vn 0.8364866375923157 -0.5411589741706848 -0.08623860031366348
vn 0.8364865779876709 -0.5411590933799744 -0.08623860776424408
vn 0.8364865779876709 -0.5411590337753296 -0.08623860776424408
vn 0.8364866375923157 -0.5411589741706848 -0.08623860031366348
vn 0.8364865779876709 -0.5411590337753296 -0.08623860776424408
vn 0.8364865779876709 -0.5411590933799744 -0.08623860776424408
vn 0.5081334114074707 -0.5445023775100708 -0.6673211455345154
vn 0.5081333518028259 -0.5445024371147156 -0.6673212051391602
vn 0.5081334114074707 -0.5445023775100708 -0.6673211455345154
vn 0.5081334114074707 -0.5445023775100708 -0.6673211455345154
vn 0.5081334114074707 -0.5445023775100708 -0.6673211455345154
vn 0.5081334114074707 -0.5445023775100708 -0.6673211455345154
vn -0.40803417563438416 -0.5965713262557983 -0.691093921661377
vn -0.40803420543670654 -0.5965712666511536 -0.691093921661377
vn -0.40803417563438416 -0.5965713262557983 -0.691093921661377
vn -0.40803417563438416 -0.5965713262557983 -0.691093921661377
vn -0.40803417563438416 -0.5965713262557983 -0.691093921661377
vn -0.40803420543670654 -0.5965712666511536 -0.691093921661377
vn -0.6714629530906677 -0.6386058926582336 -0.37592563033103943
vn -0.6714629530906677 -0.6386058330535889 -0.3759256601333618
vn -0.6714629530906677 -0.6386058330535889 -0.3759256601333618
vn -0.6714629530906677 -0.6386058926582336 -0.37592563033103943
vn -0.6714629530906677 -0.6386058330535889 -0.3759256601333618
vn -0.6714629530906677 -0.6386058330535889 -0.3759256601333618
vn -0.1809190958738327 -0.9697485566139221 0.1638782024383545
vn -0.1809190809726715 -0.9697485566139221 0.1638782024383545
vn -0.1809190958738327 -0.9697485566139221 0.1638782024383545
vn 0.09514448791742325 -0.9487002491950989 0.30152177810668945
vn 0.09514450281858444 -0.9487002491950989 0.30152177810668945
vn 0.09514450281858444 -0.9487002491950989 0.30152177810668945
vn 0.3105030059814453 -0.9264270663261414 0.21288661658763885
vn 0.3105030655860901 -0.9264270663261414 0.21288664638996124
vn 0.3105030059814453 -0.9264270663261414 0.21288664638996124
vn 0.39577606320381165 -0.9173246026039124 -0.043322816491127014
vn 0.39577606320381165 -0.9173246026039124 -0.04332282021641731
vn 0.39577606320381165 -0.9173246026039124 -0.043322816491127014
vn 0.319159597158432 -0.9317110180854797 -0.17335422337055206
vn 0.3191596567630768 -0.9317110180854797 -0.17335422337055206
vn 0.3191595673561096 -0.9317110776901245 -0.17335420846939087
vn -0.279244989156723 -0.933096706867218 -0.22661159932613373
vn -0.279244989156723 -0.933096706867218 -0.22661159932613373
vn -0.2792450189590454 -0.933096706867218 -0.22661159932613373
vn -0.26970911026000977 -0.9334971904754639 -0.23630495369434357
vn -0.2697090804576874 -0.9334971904754639 -0.23630493879318237
vn -0.26970911026000977 -0.9334971904754639 -0.23630490899085999
vn -0.7851487994194031 0.5058349967002869 0.3573126494884491
vn -0.7851487994194031 0.5058350563049316 0.3573126494884491
vn -0.7851487994194031 0.5058349967002869 0.3573126494884491
vn -0.7851487994194031 0.5058349967002869 0.3573126494884491
vn -0.7851487994194031 0.5058349967002869 0.3573126494884491
vn -0.7851487994194031 0.5058350563049316 0.3573126196861267
vn -0.10426466912031174 0.5210126042366028 0.8471568822860718
vn -0.10426466166973114 0.521012544631958 0.8471568822860718
vn -0.10426464676856995 0.521012544631958 0.8471568822860718
vn -0.10426466912031174 0.5210126042366028 0.8471568822860718
vn -0.10426464676856995 0.521012544631958 0.8471568822860718
vn -0.10426465421915054 0.521012544631958 0.8471568822860718
vn 0.667156457901001 0.4536920487880707 0.590817928314209
vn 0.667156457901001 0.4536920487880707 0.5908178687095642
vn 0.6671565175056458 0.4536919891834259 0.590817928314209
vn 0.667156457901001 0.4536920487880707 0.590817928314209
vn 0.6671565175056458 0.4536919891834259 0.590817928314209
vn 0.667156457901001 0.4536919891834259 0.590817928314209
vn 0.8557652831077576 0.4907994866371155 -0.16365088522434235
vn 0.8557652831077576 0.4907994568347931 -0.16365090012550354
vn 0.8557652831077576 0.4907994568347931 -0.16365090012550354
vn 0.8557652831077576 0.4907994866371155 -0.16365088522434235
vn 0.8557652831077576 0.4907994568347931 -0.16365090012550354
vn 0.8557652831077576 0.49079951643943787 -0.16365091502666473
vn 0.4880956709384918 0.4276171624660492 -0.7608588337898254
vn 0.4880956709384918 0.4276171326637268 -0.7608588337898254
vn 0.4880957305431366 0.4276171624660492 -0.7608588337898254
vn 0.4880956709384918 0.4276171624660492 -0.7608588337898254
vn 0.4880957305431366 0.4276171624660492 -0.7608588337898254
vn 0.4880957305431366 0.4276171922683716 -0.7608587741851807
vn -0.31174764037132263 0.572941243648529 -0.7579919099807739
vn -0.31174761056900024 0.5729411840438843 -0.7579919695854187
vn -0.31174761056900024 0.5729411840438843 -0.7579919695854187
vn -0.31174764037132263 0.572941243648529 -0.7579919099807739
vn -0.31174761056900024 0.5729411840438843 -0.7579919695854187
vn -0.31174764037132263 0.5729411840438843 -0.7579919695854187
vn -0.8584206700325012 0.4201742112636566 -0.2942236363887787
vn -0.858420729637146 0.4201742112636566 -0.2942236363887787
vn -0.858420729637146 0.42017418146133423 -0.2942236363887787
vn -0.8584206700325012 0.4201742112636566 -0.2942236363887787
vn -0.858420729637146 0.42017418146133423 -0.2942236363887787
vn -0.8584206700325012 0.4201742708683014 -0.2942236363887787
vn -0.7912495732307434 -0.28758615255355835 0.5396464467048645
vn -0.7912495732307434 -0.28758618235588074 0.5396464467048645
vn -0.7912495732307434 -0.28758618235588074 0.5396464467048645
vn -0.7912495732307434 -0.28758615255355835 0.5396464467048645
vn -0.7912495732307434 -0.28758618235588074 0.5396464467048645
vn -0.7912495732307434 -0.28758615255355835 0.5396464467048645
vn -0.06762024760246277 -0.1665019690990448 0.9837197661399841
vn -0.06762024760246277 -0.1665019541978836 0.9837197661399841
vn -0.06762024760246277 -0.1665019541978836 0.9837197661399841
vn -0.06762024760246277 -0.1665019690990448 0.9837197661399841
vn -0.06762024760246277 -0.1665019541978836 0.9837197661399841
vn -0.06762024760246277 -0.1665019690990448 0.9837197661399841
vn 0.641480028629303 -0.3055633306503296 0.7036579251289368
vn 0.641480028629303 -0.3055633008480072 0.7036579251289368
vn 0.641480028629303 -0.3055633306503296 0.7036579251289368
vn 0.641480028629303 -0.3055633306503296 0.7036579251289368
vn 0.641480028629303 -0.3055633306503296 0.7036579251289368
vn 0.641480028629303 -0.3055633306503296 0.7036579251289368
vn 0.9853418469429016 -0.11496824026107788 -0.1260308176279068
vn 0.9853418469429016 -0.11496824026107788 -0.1260308176279068
vn 0.9853418469429016 -0.11496823281049728 -0.1260308176279068
vn 0.9853418469429016 -0.11496824026107788 -0.1260308176279068
vn 0.9853418469429016 -0.11496823281049728 -0.1260308176279068
vn 0.9853418469429016 -0.11496824026107788 -0.1260308176279068
vn 0.5367897152900696 -0.27622532844543457 -0.7972179055213928
vn 0.5367896556854248 -0.2762252986431122 -0.7972179055213928
vn 0.5367897152900696 -0.27622535824775696 -0.7972179055213928
vn 0.5367897152900696 -0.27622532844543457 -0.7972179055213928
vn 0.5367897152900696 -0.27622535824775696 -0.7972179055213928
vn 0.5367897152900696 -0.27622532844543457 -0.7972179055213928
vn -0.3114197850227356 -0.16440989077091217 -0.9359418153762817
vn -0.3114197254180908 -0.16440987586975098 -0.9359418749809265
vn -0.3114197254180908 -0.16440987586975098 -0.9359418749809265
vn -0.3114197850227356 -0.16440989077091217 -0.9359418153762817
vn -0.3114197254180908 -0.16440987586975098 -0.9359418749809265
vn -0.3114197850227356 -0.16440989077091217 -0.9359418153762817
vn -0.9541258215904236 -0.2076670080423355 -0.21568118035793304
vn -0.9541258215904236 -0.2076670229434967 -0.21568118035793304
vn -0.9541258215904236 -0.2076670229434967 -0.21568116545677185
vn -0.9541258215904236 -0.2076670080423355 -0.21568118035793304
vn -0.9541258215904236 -0.2076670229434967 -0.21568116545677185
vn -0.9541258215904236 -0.2076670527458191 -0.21568118035793304
vn -0.8007391691207886 0.4200108051300049 0.4270920753479004
vn -0.8007391691207886 0.42001083493232727 0.4270920753479004
vn -0.8007391691207886 0.42001083493232727 0.42709213495254517
vn -0.8007391691207886 0.4200108051300049 0.4270920753479004
vn -0.8007391691207886 0.42001083493232727 0.42709213495254517
vn -0.8007391691207886 0.4200108051300049 0.4270920753479004
vn -0.048431314527988434 0.4480494260787964 0.892695963382721
vn -0.048431314527988434 0.4480494558811188 0.892695963382721
vn -0.04843131825327873 0.4480495750904083 0.8926959037780762
vn -0.048431314527988434 0.4480494260787964 0.892695963382721
vn -0.04843131825327873 0.4480495750904083 0.8926959037780762
vn -0.048431310802698135 0.44804951548576355 0.892695963382721
vn 0.716084897518158 0.4659850001335144 0.5196926593780518
vn 0.716084897518158 0.4659850001335144 0.5196926593780518
vn 0.716084897518158 0.4659850001335144 0.5196926593780518
vn 0.716084897518158 0.4659850001335144 0.5196926593780518
vn 0.716084897518158 0.4659850001335144 0.5196926593780518
vn 0.716084897518158 0.4659850001335144 0.5196926593780518
vn 0.9119245409965515 0.3905627727508545 -0.12591400742530823
vn 0.9119245409965515 0.3905627429485321 -0.12591399252414703
vn 0.9119245409965515 0.3905627727508545 -0.12591400742530823
vn 0.9119245409965515 0.3905627727508545 -0.12591400742530823
vn 0.9119245409965515 0.3905627727508545 -0.12591400742530823
vn 0.9119245409965515 0.3905627727508545 -0.12591400742530823
vn 0.5832746624946594 0.4639585018157959 -0.6667332053184509
vn 0.5832746624946594 0.4639585018157959 -0.6667332053184509
vn 0.5832745432853699 0.4639585018157959 -0.6667333245277405
vn 0.5832746624946594 0.4639585018157959 -0.6667332053184509
vn 0.5832745432853699 0.4639585018157959 -0.6667333245277405
vn 0.5832746624946594 0.4639585018157959 -0.6667332053184509
vn -0.3367193639278412 0.3910553753376007 -0.8565604090690613
vn -0.3367193639278412 0.3910553753376007 -0.8565604090690613
vn -0.3367193937301636 0.3910553753376007 -0.8565604090690613
vn -0.3367193639278412 0.3910553753376007 -0.8565604090690613
vn -0.3367193937301636 0.3910553753376007 -0.8565604090690613
vn -0.3367193639278412 0.3910553753376007 -0.8565604090690613
vn -0.8817368149757385 0.43435341119766235 -0.18405792117118835
vn -0.8817368149757385 0.43435341119766235 -0.18405793607234955
vn -0.8817368149757385 0.43435341119766235 -0.18405792117118835
vn -0.8817368149757385 0.43435341119766235 -0.18405792117118835
vn -0.8817368149757385 0.43435341119766235 -0.18405792117118835
vn -0.8817368149757385 0.43435341119766235 -0.18405792117118835
vn -0.7279621362686157 0.2533510625362396 0.6370905041694641
vn -0.7279621958732605 0.2533510625362396 0.6370905041694641
vn -0.7279621958732605 0.2533510625362396 0.6370904445648193
vn -0.11109515279531479 0.2620111405849457 0.9586490392684937
vn -0.11109514534473419 0.26201117038726807 0.9586490392684937
vn -0.11109516024589539 0.2620111405849457 0.9586490392684937
vn 0.7311501502990723 0.3907052278518677 0.5592573881149292
vn 0.731150209903717 0.3907051682472229 0.559257447719574
vn 0.731150209903717 0.3907051682472229 0.5592573881149292
vn 0.844637930393219 0.5196382403373718 -0.1286967545747757
vn 0.844637930393219 0.5196382403373718 -0.1286967545747757
vn 0.844637930393219 0.5196382999420166 -0.1286967545747757
vn 0.5997133851051331 0.564258873462677 -0.5674114227294922
vn 0.5997133851051331 0.5642589330673218 -0.567411482334137
vn 0.5997133851051331 0.5642589330673218 -0.567411482334137
vn -0.3565139174461365 0.473736435174942 -0.8052773475646973
vn -0.35651394724845886 0.4737364649772644 -0.8052773475646973
vn -0.3565139174461365 0.4737364947795868 -0.8052773475646973
vn -0.9241254925727844 0.30387160181999207 -0.23163364827632904
vn -0.9241254925727844 0.30387163162231445 -0.23163366317749023
vn -0.9241254329681396 0.30387166142463684 -0.23163364827632904
vn -0.03470512479543686 0.2879731357097626 0.9570094347000122
vn -0.03470512479543686 0.2879730761051178 0.9570094347000122
vn -0.034705132246017456 0.2879731357097626 0.9570094347000122
vn -0.03470512479543686 0.2879731357097626 0.9570094347000122
vn -0.034705132246017456 0.2879731357097626 0.9570094347000122
vn -0.03470512107014656 0.2879730761051178 0.9570094347000122
vn -0.8547342419624329 0.19735275208950043 0.480084627866745
vn -0.8547342419624329 0.19735276699066162 0.480084627866745
vn -0.8547342419624329 0.19735276699066162 0.480084627866745
vn -0.8547342419624329 0.19735275208950043 0.480084627866745
vn -0.8547342419624329 0.19735276699066162 0.480084627866745
vn -0.8547342419624329 0.19735275208950043 0.480084627866745
vn -0.8938142657279968 0.28949156403541565 -0.34247732162475586
vn -0.893814206123352 0.28949159383773804 -0.34247738122940063
vn -0.893814206123352 0.28949159383773804 -0.34247738122940063
vn -0.8938142657279968 0.28949156403541565 -0.34247732162475586
vn -0.893814206123352 0.28949159383773804 -0.34247738122940063
vn -0.8938142657279968 0.28949156403541565 -0.34247738122940063
vn -0.3325119912624359 0.26463136076927185 -0.9052104949951172
vn -0.3325119912624359 0.26463139057159424 -0.9052104949951172
vn -0.3325119614601135 0.26463139057159424 -0.9052104949951172
vn -0.3325119912624359 0.26463136076927185 -0.9052104949951172
vn -0.3325119614601135 0.26463139057159424 -0.9052104949951172
vn -0.3325119912624359 0.2646314203739166 -0.9052104949951172
vn 0.49051105976104736 0.21939712762832642 -0.8433645367622375
vn 0.49051108956336975 0.21939711272716522 -0.8433645963668823
vn 0.49051105976104736 0.21939711272716522 -0.8433645963668823
vn 0.49051105976104736 0.21939712762832642 -0.8433645367622375
vn 0.49051105976104736 0.21939711272716522 -0.8433645963668823
vn 0.49051108956336975 0.2193971425294876 -0.8433645367622375
vn 0.972292423248291 0.23050670325756073 -0.03891148790717125
vn 0.972292423248291 0.23050670325756073 -0.03891148790717125
vn 0.972292423248291 0.23050671815872192 -0.03891148790717125
vn 0.972292423248291 0.23050670325756073 -0.03891148790717125
vn 0.972292423248291 0.23050671815872192 -0.03891148790717125
vn 0.972292423248291 0.23050670325756073 -0.03891148790717125
vn 0.7089971899986267 0.36145108938217163 0.6055378317832947
vn 0.7089972496032715 0.36145108938217163 0.6055378317832947
vn 0.7089971899986267 0.36145108938217163 0.6055378913879395
vn 0.7089971899986267 0.36145108938217163 0.6055378317832947
vn 0.7089971899986267 0.36145108938217163 0.6055378913879395
vn 0.7089971899986267 0.36145105957984924 0.6055378317832947
vn 0.7343310117721558 -0.32525166869163513 0.5957930684089661
vn 0.734330952167511 -0.3252516984939575 0.5957930684089661
vn 0.7343310117721558 -0.32525166869163513 0.5957930684089661
vn 0.7343310117721558 -0.32525166869163513 0.5957930684089661
vn 0.7343310117721558 -0.32525166869163513 0.5957930684089661
vn 0.7343310713768005 -0.3252516984939575 0.5957929491996765
vn -0.1631200760602951 -0.3146481513977051 0.9350873827934265
vn -0.1631200611591339 -0.31464818120002747 0.9350873827934265
vn -0.1631200760602951 -0.3146481513977051 0.9350873827934265
vn -0.1631200760602951 -0.3146481513977051 0.9350873827934265
vn -0.1631200760602951 -0.3146481513977051 0.9350873827934265
vn -0.16312004625797272 -0.3146481215953827 0.9350873827934265
vn -0.7709853649139404 -0.3709348142147064 0.5176764130592346
vn -0.7709853649139404 -0.3709348142147064 0.5176764130592346
vn -0.7709854245185852 -0.3709348440170288 0.5176764130592346
vn -0.7709853649139404 -0.3709348142147064 0.5176764130592346
vn -0.7709854245185852 -0.3709348440170288 0.5176764130592346
vn -0.7709854245185852 -0.37093478441238403 0.5176764130592346
vn -0.8788846135139465 -0.2767537832260132 -0.3885475993156433
vn -0.8788846135139465 -0.2767537832260132 -0.3885475695133209
vn -0.8788846135139465 -0.2767537832260132 -0.3885475695133209
vn -0.8788846135139465 -0.2767537832260132 -0.3885475993156433
vn -0.8788846135139465 -0.2767537832260132 -0.3885475695133209
vn -0.8788845539093018 -0.27675384283065796 -0.3885475695133209
vn -0.3415101170539856 -0.383245587348938 -0.8581920862197876
vn -0.341510146856308 -0.3832456171512604 -0.8581920862197876
vn -0.3415100872516632 -0.383245587348938 -0.8581920862197876
vn -0.3415101170539856 -0.383245587348938 -0.8581920862197876
vn -0.3415100872516632 -0.383245587348938 -0.8581920862197876
vn -0.3415101170539856 -0.383245587348938 -0.8581920862197876
vn 0.4634900391101837 -0.3442077040672302 -0.8165158033370972
vn 0.4634900689125061 -0.3442077040672302 -0.8165157437324524
vn 0.4634900987148285 -0.34420767426490784 -0.8165158033370972
vn 0.4634900391101837 -0.3442077040672302 -0.8165158033370972
vn 0.4634900987148285 -0.34420767426490784 -0.8165158033370972
vn 0.4634900689125061 -0.3442077040672302 -0.8165158033370972
vn 0.9100847840309143 -0.40381601452827454 -0.09315768629312515
vn 0.9100847244262695 -0.4038160443305969 -0.09315769374370575
vn 0.9100847244262695 -0.4038160443305969 -0.09315770119428635
vn 0.9100847840309143 -0.40381601452827454 -0.09315768629312515
vn 0.9100847244262695 -0.4038160443305969 -0.09315770119428635
vn 0.9100847244262695 -0.4038160443305969 -0.09315769374370575
vn 0.07948790490627289 -0.4460499882698059 -0.891471266746521
vn 0.07948789745569229 -0.4460499882698059 -0.891471266746521
vn 0.07948790490627289 -0.4460499882698059 -0.8914713263511658
vn 0.07948790490627289 -0.4460499882698059 -0.891471266746521
vn 0.07948790490627289 -0.4460499882698059 -0.8914713263511658
vn 0.07948790490627289 -0.4460499882698059 -0.8914713263511658
vn -0.5868436098098755 -0.5071067214012146 -0.6312347650527954
vn -0.5868436098098755 -0.5071067214012146 -0.6312347650527954
vn -0.5868436694145203 -0.5071067214012146 -0.6312347650527954
vn -0.5868436098098755 -0.5071067214012146 -0.6312347650527954
vn -0.5868436694145203 -0.5071067214012146 -0.6312347650527954
vn -0.5868436098098755 -0.5071067214012146 -0.6312347650527954
vn -0.7320212125778198 -0.6669487357139587 0.1390119194984436
vn -0.7320212721824646 -0.6669487357139587 0.1390119194984436
vn -0.7320212721824646 -0.666948676109314 0.1390119194984436
vn -0.7320212125778198 -0.6669487357139587 0.1390119194984436
vn -0.7320212721824646 -0.666948676109314 0.1390119194984436
vn -0.7320212125778198 -0.6669487357139587 0.1390119194984436
vn -0.4693176746368408 -0.5236532688140869 0.7110050320625305
vn -0.4693176746368408 -0.5236532688140869 0.7110050320625305
vn -0.46931764483451843 -0.5236532688140869 0.7110050916671753
vn -0.4693176746368408 -0.5236532688140869 0.7110050320625305
vn -0.46931764483451843 -0.5236532688140869 0.7110050916671753
vn -0.46931764483451843 -0.5236532688140869 0.7110050916671753
vn 0.19117514789104462 -0.508139967918396 0.8397891521453857
vn 0.19117513298988342 -0.508139967918396 0.8397891521453857
vn 0.19117514789104462 -0.5081399083137512 0.8397892117500305
vn 0.19117514789104462 -0.508139967918396 0.8397891521453857
vn 0.19117514789104462 -0.5081399083137512 0.8397892117500305
vn 0.1911751627922058 -0.508139967918396 0.8397891521453857
vn 0.8049737811088562 -0.5712466239929199 0.1602950394153595
vn 0.8049737811088562 -0.5712466239929199 0.16029506921768188
vn 0.8049737811088562 -0.5712466239929199 0.16029506921768188
vn 0.8049737811088562 -0.5712466239929199 0.1602950394153595
vn 0.8049737811088562 -0.5712466239929199 0.16029506921768188
vn 0.8049737811088562 -0.5712466239929199 0.1602950394153595
vn 0.7363018989562988 -0.6295793652534485 -0.24797043204307556
vn 0.7363018989562988 -0.6295793652534485 -0.24797041714191437
vn 0.7363018989562988 -0.6295793652534485 -0.24797041714191437
vn 0.7363018989562988 -0.6295793652534485 -0.24797043204307556
vn 0.7363018989562988 -0.6295793652534485 -0.24797041714191437
vn 0.7363018989562988 -0.6295793652534485 -0.24797041714191437
vn 0.012164712883532047 -0.9769476056098938 -0.2131323665380478
vn 0.012164715677499771 -0.9769476056098938 -0.21313238143920898
vn 0.012164715677499771 -0.9769476056098938 -0.21313238143920898
vn -0.27271565794944763 -0.9575753808021545 -0.09314262121915817
vn -0.27271562814712524 -0.9575753808021545 -0.09314261376857758
vn -0.27271568775177 -0.9575753808021545 -0.09314262121915817
vn -0.3454221487045288 -0.9297263026237488 0.12764208018779755
vn -0.3454222083091736 -0.9297263026237488 0.12764209508895874
vn -0.3454221487045288 -0.9297263026237488 0.12764209508895874
vn -0.2057724893093109 -0.9107949137687683 0.35792505741119385
vn -0.2057725042104721 -0.9107948541641235 0.3579251170158386
vn -0.2057725042104721 -0.9107948541641235 0.3579251170158386
vn -0.05703430250287056 -0.9214783310890198 0.3842196464538574
vn -0.05703429877758026 -0.9214783310890198 0.3842196464538574
vn -0.05703429505228996 -0.9214783906936646 0.38421958684921265
vn 0.3716869652271271 -0.9276888370513916 -0.035244520753622055
vn 0.37168699502944946 -0.9276888370513916 -0.035244524478912354
vn 0.3716869652271271 -0.9276888370513916 -0.035244520753622055
vn 0.3728322386741638 -0.9276449084281921 -0.021703321486711502
vn 0.3728322684764862 -0.9276449084281921 -0.02170332334935665
vn 0.3728322982788086 -0.9276449084281921 -0.02170332334935665
vn 0.22794209420681 0.4871411919593811 -0.8430514931678772
vn 0.22794212400913239 0.4871412217617035 -0.8430514931678772
vn 0.22794213891029358 0.4871411919593811 -0.8430514931678772
vn 0.22794209420681 0.4871411919593811 -0.8430514931678772
vn 0.22794213891029358 0.4871411919593811 -0.8430514931678772
vn 0.22794213891029358 0.4871411919593811 -0.8430514931678772
vn -0.5844724774360657 0.49408018589019775 -0.643643319606781
vn -0.5844724774360657 0.49408018589019775 -0.6436432600021362
vn -0.5844724774360657 0.49408018589019775 -0.6436432600021362
vn -0.5844724774360657 0.49408018589019775 -0.643643319606781
vn -0.5844724774360657 0.49408018589019775 -0.6436432600021362
vn -0.5844724774360657 0.494080126285553 -0.643643319606781
vn -0.8902692794799805 0.4421994388103485 0.10899688303470612
vn -0.8902693390846252 0.44219931960105896 0.10899689048528671
vn -0.8902692794799805 0.44219937920570374 0.10899688303470612
vn -0.8902692794799805 0.4421994388103485 0.10899688303470612
vn -0.8902692794799805 0.44219937920570374 0.10899688303470612
vn -0.8902692794799805 0.44219937920570374 0.10899689793586731
vn -0.44194984436035156 0.5037714242935181 0.742222785949707
vn -0.44194984436035156 0.5037714838981628 0.742222785949707
vn -0.44194984436035156 0.5037714838981628 0.742222785949707
vn -0.44194984436035156 0.5037714242935181 0.742222785949707
vn -0.44194984436035156 0.5037714838981628 0.742222785949707
vn -0.4419497847557068 0.5037714838981628 0.742222785949707
vn 0.2535286545753479 0.4547640085220337 0.8537639379501343
vn 0.2535286545753479 0.4547640085220337 0.8537639379501343
vn 0.2535286247730255 0.4547639489173889 0.853763997554779
vn 0.2535286545753479 0.4547640085220337 0.8537639379501343
vn 0.2535286247730255 0.4547639489173889 0.853763997554779
vn 0.2535286247730255 0.45476391911506653 0.8537640571594238
vn 0.7694817781448364 0.5929425358772278 0.2373119592666626
vn 0.7694817781448364 0.5929425358772278 0.2373119443655014
vn 0.7694817781448364 0.5929425358772278 0.2373119443655014
vn 0.7694817781448364 0.5929425358772278 0.2373119592666626
vn 0.7694817781448364 0.5929425358772278 0.2373119443655014
vn 0.7694817185401917 0.5929425954818726 0.2373119592666626
vn 0.7729870080947876 0.4204706847667694 -0.4750741720199585
vn 0.7729870080947876 0.420470654964447 -0.4750741720199585
vn 0.7729870080947876 0.420470654964447 -0.4750741720199585
vn 0.7729870080947876 0.4204706847667694 -0.4750741720199585
vn 0.7729870080947876 0.420470654964447 -0.4750741720199585
vn 0.7729870676994324 0.420470654964447 -0.4750741422176361
vn 0.10973011702299118 -0.3104841709136963 -0.944223940372467
vn 0.10973013192415237 -0.3104841411113739 -0.944223940372467
vn 0.10973013192415237 -0.3104841411113739 -0.944223940372467
vn 0.10973011702299118 -0.3104841709136963 -0.944223940372467
vn 0.10973013192415237 -0.3104841411113739 -0.944223940372467
vn 0.10973012447357178 -0.3104841411113739 -0.944223940372467
vn -0.7014186978340149 -0.1951753795146942 -0.6855059862136841
vn -0.7014186978340149 -0.19517536461353302 -0.6855059862136841
vn -0.7014186978340149 -0.19517536461353302 -0.6855059862136841
vn -0.7014186978340149 -0.1951753795146942 -0.6855059862136841
vn -0.7014186978340149 -0.19517536461353302 -0.6855059862136841
vn -0.7014186978340149 -0.1951753795146942 -0.6855059862136841
vn -0.946587860584259 -0.3198590874671936 0.040762223303318024
vn -0.946587860584259 -0.3198591470718384 0.04076223447918892
vn -0.946587860584259 -0.3198590874671936 0.04076222702860832
vn -0.946587860584259 -0.3198590874671936 0.040762223303318024
vn -0.946587860584259 -0.3198590874671936 0.04076222702860832
vn -0.946587860584259 -0.3198590874671936 0.04076222702860832
vn -0.5418355464935303 -0.10231505334377289 0.8342337012290955
vn -0.5418355464935303 -0.10231506824493408 0.8342337012290955
vn -0.5418355464935303 -0.10231505334377289 0.8342337012290955
vn -0.5418355464935303 -0.10231505334377289 0.8342337012290955
vn -0.5418355464935303 -0.10231505334377289 0.8342337012290955
vn -0.5418355464935303 -0.10231505334377289 0.8342337012290955
vn 0.26217877864837646 -0.24810372292995453 0.9325807094573975
vn 0.2621787488460541 -0.24810370802879333 0.9325807690620422
vn 0.26217877864837646 -0.24810370802879333 0.9325807690620422
vn 0.26217877864837646 -0.24810372292995453 0.9325807094573975
vn 0.26217877864837646 -0.24810370802879333 0.9325807690620422
vn 0.26217877864837646 -0.24810370802879333 0.9325807690620422
vn 0.9160445928573608 -0.14049090445041656 0.3756656348705292
vn 0.9160445332527161 -0.14049091935157776 0.37566569447517395
vn 0.9160445928573608 -0.14049091935157776 0.3756656348705292
vn 0.9160445928573608 -0.14049090445041656 0.3756656348705292
vn 0.9160445928573608 -0.14049091935157776 0.3756656348705292
vn 0.9160445332527161 -0.14049090445041656 0.37566566467285156
vn 0.7879627346992493 -0.21016140282154083 -0.5787460207939148
vn 0.7879627346992493 -0.21016140282154083 -0.5787460207939148
vn 0.7879627346992493 -0.21016140282154083 -0.5787460207939148
vn 0.7879627346992493 -0.21016140282154083 -0.5787460207939148
vn 0.7879627346992493 -0.21016140282154083 -0.5787460207939148
vn 0.7879626750946045 -0.21016141772270203 -0.5787460803985596
vn 0.18685764074325562 0.39951929450035095 -0.8974789977073669
vn 0.18685762584209442 0.39951929450035095 -0.8974789977073669
vn 0.18685762584209442 0.39951926469802856 -0.8974789977073669
vn 0.18685764074325562 0.39951929450035095 -0.8974789977073669
vn 0.18685762584209442 0.39951926469802856 -0.8974789977073669
vn 0.18685762584209442 0.39951926469802856 -0.8974789977073669
vn -0.6539413928985596 0.4207933247089386 -0.6287238597869873
vn -0.6539413928985596 0.4207933247089386 -0.6287238597869873
vn -0.6539413928985596 0.420793354511261 -0.6287238001823425
vn -0.6539413928985596 0.4207933247089386 -0.6287238597869873
vn -0.6539413928985596 0.420793354511261 -0.6287238001823425
vn -0.65394127368927 0.420793354511261 -0.6287238597869873
vn -0.8684942126274109 0.4570451080799103 0.1919051855802536
vn -0.8684942126274109 0.4570451080799103 0.1919051706790924
vn -0.8684942126274109 0.4570450484752655 0.19190514087677002
vn -0.8684942126274109 0.4570451080799103 0.1919051855802536
vn -0.8684942126274109 0.4570450484752655 0.19190514087677002
vn -0.8684942126274109 0.4570451080799103 0.19190514087677002
vn -0.5050439834594727 0.4027186334133148 0.7633795142173767
vn -0.5050439834594727 0.40271860361099243 0.7633795142173767
vn -0.5050439238548279 0.4027186632156372 0.7633795142173767
vn -0.5050439834594727 0.4027186334133148 0.7633795142173767
vn -0.5050439238548279 0.4027186632156372 0.7633795142173767
vn -0.5050439834594727 0.4027186334133148 0.7633795142173767
vn 0.11903567612171173 0.4893936216831207 0.8639006614685059
vn 0.11903569102287292 0.48939359188079834 0.8639006614685059
vn 0.11903569847345352 0.4893936216831207 0.8639006614685059
vn 0.11903567612171173 0.4893936216831207 0.8639006614685059
vn 0.11903569847345352 0.4893936216831207 0.8639006614685059
vn 0.11903568357229233 0.4893936514854431 0.8639006614685059
vn 0.8639718294143677 0.41297075152397156 0.2881108224391937
vn 0.8639718294143677 0.41297075152397156 0.28811079263687134
vn 0.8639718294143677 0.41297075152397156 0.28811079263687134
vn 0.8639718294143677 0.41297075152397156 0.2881108224391937
vn 0.8639718294143677 0.41297075152397156 0.28811079263687134
vn 0.8639718294143677 0.41297075152397156 0.2881108224391937
vn 0.7038519382476807 0.4311383068561554 -0.5645459890365601
vn 0.7038519382476807 0.4311383068561554 -0.5645460486412048
vn 0.7038519382476807 0.4311383068561554 -0.5645459890365601
vn 0.7038519382476807 0.4311383068561554 -0.5645459890365601
vn 0.7038519382476807 0.4311383068561554 -0.5645459890365601
vn 0.7038519382476807 0.4311383068561554 -0.5645460486412048
vn 0.057454343885183334 0.413662314414978 -0.9086157083511353
vn 0.057454340159893036 0.41366228461265564 -0.9086157083511353
vn 0.057454340159893036 0.413662314414978 -0.9086157083511353
vn -0.5747196674346924 0.5286875367164612 -0.6246492862701416
vn -0.5747196674346924 0.5286875367164612 -0.6246492862701416
vn -0.5747196674346924 0.5286875367164612 -0.6246492862701416
vn -0.8087129592895508 0.5517112016677856 0.2039562165737152
vn -0.8087130188941956 0.5517110824584961 0.2039562612771988
vn -0.808712899684906 0.5517112016677856 0.2039562314748764
vn -0.4623286724090576 0.534102201461792 0.7078043818473816
vn -0.4623286724090576 0.5341021418571472 0.7078043818473816
vn -0.46232870221138 0.534102201461792 0.7078043222427368
vn 0.11903730779886246 0.4382644295692444 0.8909289240837097
vn 0.11903733015060425 0.4382644593715668 0.8909289240837097
vn 0.11903731524944305 0.4382644593715668 0.8909289240837097
vn 0.8998631238937378 0.23575514554977417 0.36696842312812805
vn 0.8998631834983826 0.23575514554977417 0.3669683635234833
vn 0.8998631834983826 0.23575514554977417 0.36696839332580566
vn 0.7974362969398499 0.23458604514598846 -0.5559358596801758
vn 0.7974364161491394 0.23458604514598846 -0.555935800075531
vn 0.7974364161491394 0.23458604514598846 -0.555935800075531
vn -0.7091109752655029 0.259848028421402 -0.6554698348045349
vn -0.7091109752655029 0.259848028421402 -0.6554697751998901
vn -0.7091109752655029 0.25984805822372437 -0.6554697751998901
vn -0.7091109752655029 0.259848028421402 -0.6554698348045349
vn -0.7091109752655029 0.25984805822372437 -0.6554697751998901
vn -0.7091109752655029 0.259848028421402 -0.6554697751998901
vn 0.1862603724002838 0.17565612494945526 -0.966670572757721
vn 0.186260387301445 0.17565612494945526 -0.966670572757721
vn 0.186260387301445 0.17565612494945526 -0.966670572757721
vn 0.1862603724002838 0.17565612494945526 -0.966670572757721
vn 0.186260387301445 0.17565612494945526 -0.966670572757721
vn 0.186260387301445 0.17565611004829407 -0.966670572757721
vn 0.8353071212768555 0.29092106223106384 -0.4665050208568573
vn 0.8353071808815002 0.29092106223106384 -0.4665049612522125
vn 0.8353071212768555 0.29092103242874146 -0.4665050506591797
vn 0.8353071212768555 0.29092106223106384 -0.4665050208568573
vn 0.8353071212768555 0.29092103242874146 -0.4665050506591797
vn 0.8353071808815002 0.29092106223106384 -0.4665049612522125
vn 0.9002647399902344 0.28758397698402405 0.32683148980140686
vn 0.9002647399902344 0.28758397698402405 0.32683148980140686
vn 0.9002647399902344 0.28758397698402405 0.32683148980140686
vn 0.9002647399902344 0.28758397698402405 0.32683148980140686
vn 0.9002647399902344 0.28758397698402405 0.32683148980140686
vn 0.9002647399902344 0.2875840365886688 0.32683151960372925
vn 0.31857895851135254 0.24808472394943237 0.91485595703125
vn 0.31857892870903015 0.24808476865291595 0.91485595703125
vn 0.31857892870903015 0.24808476865291595 0.91485595703125
vn 0.31857895851135254 0.24808472394943237 0.91485595703125
vn 0.31857892870903015 0.24808476865291595 0.91485595703125
vn 0.31857892870903015 0.24808475375175476 0.91485595703125
vn -0.6069748997688293 0.24049033224582672 0.7574601173400879
vn -0.6069749593734741 0.24049033224582672 0.7574600577354431
vn -0.6069748997688293 0.24049033224582672 0.7574601173400879
vn -0.6069748997688293 0.24049033224582672 0.7574601173400879
vn -0.6069748997688293 0.24049033224582672 0.7574601173400879
vn -0.6069748997688293 0.24049033224582672 0.7574601173400879
vn -0.9270151853561401 0.3501870632171631 0.13420842587947845
vn -0.9270151853561401 0.3501870334148407 0.13420841097831726
vn -0.9270151257514954 0.3501870930194855 0.13420842587947845
vn -0.9270151853561401 0.3501870632171631 0.13420842587947845
vn -0.9270151257514954 0.3501870930194855 0.13420842587947845
vn -0.9270151853561401 0.3501870334148407 0.13420841097831726
vn -0.9242504239082336 -0.3355591297149658 0.18210236728191376
vn -0.9242504239082336 -0.33555907011032104 0.18210235238075256
vn -0.9242503643035889 -0.3355591595172882 0.18210236728191376
vn -0.9242504239082336 -0.3355591297149658 0.18210236728191376
vn -0.9242503643035889 -0.3355591595172882 0.18210236728191376
vn -0.9242504239082336 -0.3355591297149658 0.18210236728191376
vn -0.5999864935874939 -0.34329649806022644 -0.7226089835166931
vn -0.5999864935874939 -0.34329649806022644 -0.7226089239120483
vn -0.5999864935874939 -0.34329649806022644 -0.7226089835166931
vn -0.5999864935874939 -0.34329649806022644 -0.7226089835166931
vn -0.5999864935874939 -0.34329649806022644 -0.7226089835166931
vn -0.5999864935874939 -0.34329649806022644 -0.7226089239120483
vn 0.1149684339761734 -0.39328303933143616 -0.9122010469436646
vn 0.11496841907501221 -0.39328300952911377 -0.9122010469436646
vn 0.11496841162443161 -0.3932829797267914 -0.9122010469436646
vn 0.1149684339761734 -0.39328303933143616 -0.9122010469436646
vn 0.11496841162443161 -0.3932829797267914 -0.9122010469436646
vn 0.11496841907501221 -0.39328303933143616 -0.9122010469436646
vn 0.8715296983718872 -0.27353373169898987 -0.40695852041244507
vn 0.8715296983718872 -0.2735337018966675 -0.40695852041244507
vn 0.8715296983718872 -0.2735337018966675 -0.40695852041244507
vn 0.8715296983718872 -0.27353373169898987 -0.40695852041244507
vn 0.8715296983718872 -0.2735337018966675 -0.40695852041244507
vn 0.8715296983718872 -0.2735337018966675 -0.40695852041244507
vn 0.8798454999923706 -0.3610546886920929 0.309049129486084
vn 0.8798454999923706 -0.3610546886920929 0.309049129486084
vn 0.8798454999923706 -0.3610547184944153 0.30904915928840637
vn 0.8798454999923706 -0.3610546886920929 0.309049129486084
vn 0.8798454999923706 -0.3610547184944153 0.30904915928840637
vn 0.8798454999923706 -0.3610547184944153 0.309049129486084
vn 0.3255270719528198 -0.3158835768699646 0.8912068605422974
vn 0.3255270719528198 -0.3158835470676422 0.8912069201469421
vn 0.3255270719528198 -0.3158835768699646 0.8912068605422974
vn 0.3255270719528198 -0.3158835768699646 0.8912068605422974
vn 0.3255270719528198 -0.3158835768699646 0.8912068605422974
vn 0.3255270719528198 -0.3158835470676422 0.8912069201469421
vn -0.5118160843849182 -0.3921926021575928 0.7643489241600037
vn -0.5118160843849182 -0.3921926021575928 0.7643489241600037
vn -0.5118160247802734 -0.3921926021575928 0.7643489837646484
vn -0.5118160843849182 -0.3921926021575928 0.7643489241600037
vn -0.5118160247802734 -0.3921926021575928 0.7643489837646484
vn -0.5118160247802734 -0.3921925723552704 0.7643489837646484
vn 0.8689433932304382 -0.3396868407726288 -0.35993078351020813
vn 0.8689433932304382 -0.33968690037727356 -0.3599308431148529
vn 0.8689433932304382 -0.3396868407726288 -0.3599308133125305
vn 0.8689433932304382 -0.3396868407726288 -0.35993078351020813
vn 0.8689433932304382 -0.3396868407726288 -0.3599308133125305
vn 0.8689433932304382 -0.3396868407726288 -0.3599308133125305
vn 0.28843945264816284 -0.5063948035240173 -0.8126296401023865
vn 0.28843945264816284 -0.5063948035240173 -0.8126296401023865
vn 0.28843942284584045 -0.5063948035240173 -0.8126296401023865
vn 0.28843945264816284 -0.5063948035240173 -0.8126296401023865
vn 0.28843942284584045 -0.5063948035240173 -0.8126296401023865
vn 0.28843945264816284 -0.5063948035240173 -0.8126296401023865
vn -0.4061085283756256 -0.7193901538848877 -0.5635189414024353
vn -0.4061085283756256 -0.7193902134895325 -0.5635189414024353
vn -0.4061085283756256 -0.7193901538848877 -0.5635189414024353
vn -0.4061085283756256 -0.7193901538848877 -0.5635189414024353
vn -0.4061085283756256 -0.7193901538848877 -0.5635189414024353
vn -0.4061084985733032 -0.7193902134895325 -0.5635189414024353
vn -0.7796621322631836 -0.6181298494338989 -0.1002117395401001
vn -0.7796621322631836 -0.6181298494338989 -0.1002117246389389
vn -0.7796621322631836 -0.6181298494338989 -0.1002117320895195
vn -0.7796621322631836 -0.6181298494338989 -0.1002117395401001
vn -0.7796621322631836 -0.6181298494338989 -0.1002117320895195
vn -0.7796621322631836 -0.6181298494338989 -0.1002117395401001
vn -0.644722044467926 -0.5884274840354919 0.4879412055015564
vn -0.644722044467926 -0.5884274840354919 0.4879412055015564
vn -0.6447219848632812 -0.5884275436401367 0.4879412055015564
vn -0.644722044467926 -0.5884274840354919 0.4879412055015564
vn -0.6447219848632812 -0.5884275436401367 0.4879412055015564
vn -0.644722044467926 -0.5884274840354919 0.4879412055015564
vn 0.21574775874614716 -0.5716541409492493 0.7916213870048523
vn 0.21574775874614716 -0.5716541409492493 0.7916213870048523
vn 0.21574774384498596 -0.5716541409492493 0.7916213870048523
vn 0.21574775874614716 -0.5716541409492493 0.7916213870048523
vn 0.21574774384498596 -0.5716541409492493 0.7916213870048523
vn 0.21574775874614716 -0.5716541409492493 0.7916213870048523
vn 0.585732638835907 -0.5890100598335266 0.5567624568939209
vn 0.5857326984405518 -0.5890099406242371 0.5567625164985657
vn 0.5857326984405518 -0.5890100002288818 0.5567624568939209
vn 0.585732638835907 -0.5890100598335266 0.5567624568939209
vn 0.5857326984405518 -0.5890100002288818 0.5567624568939209
vn 0.5857326984405518 -0.5890100002288818 0.5567624568939209
vn 0.21231961250305176 -0.9711461067199707 -0.10860737413167953
vn 0.21231961250305176 -0.9711461663246155 -0.10860736668109894
vn 0.21231961250305176 -0.9711461663246155 -0.10860735923051834
vn -0.014999352395534515 -0.9492053985595703 -0.3142993450164795
vn -0.01499935332685709 -0.9492053985595703 -0.3142993450164795
vn -0.01499935332685709 -0.9492053985595703 -0.3142993450164795
vn -0.2407180368900299 -0.9274895787239075 -0.28603821992874146
vn -0.2407180517911911 -0.9274895787239075 -0.28603824973106384
vn -0.2407180666923523 -0.9274895787239075 -0.28603824973106384
vn -0.3882578909397125 -0.919128954410553 -0.06676684319972992
vn -0.3882579207420349 -0.919128954410553 -0.06676683574914932
vn -0.38825786113739014 -0.919128954410553 -0.06676683574914932
vn -0.3560446500778198 -0.9318012595176697 0.07055900245904922
vn -0.3560446798801422 -0.9318012595176697 0.07055900245904922
vn -0.3560446798801422 -0.9318012595176697 0.07055898755788803
vn 0.19589340686798096 -0.9337306618690491 0.2996211051940918
vn 0.19589337706565857 -0.9337306618690491 0.2996211051940918
vn 0.19589337706565857 -0.9337306618690491 0.2996210753917694
vn 0.1862109899520874 -0.9340437650680542 0.3047748804092407
vn 0.1862110197544098 -0.9340437054634094 0.3047749400138855
vn 0.1862110048532486 -0.9340437650680542 0.3047749102115631
vn 0.8036137223243713 0.4393513798713684 -0.4014664590358734
vn 0.8036137223243713 0.439351350069046 -0.4014665186405182
vn 0.8036137819290161 0.439351350069046 -0.4014664888381958
vn 0.8036137223243713 0.4393513798713684 -0.4014664590358734
vn 0.8036137819290161 0.439351350069046 -0.4014664888381958
vn 0.8036137223243713 0.439351350069046 -0.4014665186405182
vn 0.12777307629585266 0.5038117170333862 -0.8543112874031067
vn 0.12777307629585266 0.5038116574287415 -0.8543113470077515
vn 0.12777309119701385 0.503811776638031 -0.8543112874031067
vn 0.12777307629585266 0.5038117170333862 -0.8543112874031067
vn 0.12777309119701385 0.503811776638031 -0.8543112874031067
vn 0.12777307629585266 0.5038116574287415 -0.8543113470077515
vn -0.668403148651123 0.4994763433933258 -0.5511448383331299
vn -0.6684030890464783 0.4994763135910034 -0.5511448979377747
vn -0.668403148651123 0.49947625398635864 -0.5511448979377747
vn -0.668403148651123 0.4994763433933258 -0.5511448383331299
vn -0.668403148651123 0.49947625398635864 -0.5511448979377747
vn -0.668403148651123 0.4994763433933258 -0.5511448383331299
vn -0.7701342105865479 0.55904620885849 0.30718183517456055
vn -0.7701342105865479 0.55904620885849 0.30718180537223816
vn -0.7701342105865479 0.55904620885849 0.30718183517456055
vn -0.7701342105865479 0.55904620885849 0.30718183517456055
vn -0.7701342105865479 0.55904620885849 0.30718183517456055
vn -0.7701341509819031 0.5590462684631348 0.30718180537223816
vn -0.30985429883003235 0.46253177523612976 0.8306953310966492
vn -0.3098542392253876 0.462531715631485 0.8306953310966492
vn -0.30985429883003235 0.462531715631485 0.8306953310966492
vn -0.30985429883003235 0.46253177523612976 0.8306953310966492
vn -0.30985429883003235 0.462531715631485 0.8306953310966492
vn -0.30985432863235474 0.46253177523612976 0.8306952714920044
vn 0.5272770524024963 0.5172252655029297 0.6741341948509216
vn 0.5272770524024963 0.5172252058982849 0.6741342544555664
vn 0.5272770524024963 0.5172252655029297 0.6741341948509216
vn 0.5272770524024963 0.5172252655029297 0.6741341948509216
vn 0.5272770524024963 0.5172252655029297 0.6741341948509216
vn 0.5272770524024963 0.5172253251075745 0.6741341948509216
vn 0.9047166109085083 0.38277754187583923 0.1870005875825882
vn 0.9047166109085083 0.38277754187583923 0.1870005875825882
vn 0.9047166109085083 0.38277754187583923 0.187000572681427
vn 0.9047166109085083 0.38277754187583923 0.1870005875825882
vn 0.9047166109085083 0.38277754187583923 0.187000572681427
vn 0.9047166109085083 0.382777601480484 0.1870005875825882
vn 0.5301191806793213 -0.4368312954902649 -0.7267407178878784
vn 0.5301191210746765 -0.4368312954902649 -0.7267407178878784
vn 0.5301191806793213 -0.4368313252925873 -0.7267407178878784
vn 0.5301191806793213 -0.4368312954902649 -0.7267407178878784
vn 0.5301191806793213 -0.4368313252925873 -0.7267407178878784
vn 0.5301191806793213 -0.4368313252925873 -0.7267407178878784
vn -0.22047549486160278 -0.1264580339193344 -0.9671602249145508
vn -0.22047550976276398 -0.1264580637216568 -0.9671602249145508
vn -0.2204754799604416 -0.1264580488204956 -0.9671602249145508
vn -0.22047549486160278 -0.1264580339193344 -0.9671602249145508
vn -0.2204754799604416 -0.1264580488204956 -0.9671602249145508
vn -0.22047550976276398 -0.1264580488204956 -0.9671602249145508
vn -0.8404942750930786 -0.110258549451828 -0.5304831862449646
vn -0.8404942750930786 -0.1102585569024086 -0.5304831862449646
vn -0.8404942750930786 -0.110258549451828 -0.5304831862449646
vn -0.8404942750930786 -0.110258549451828 -0.5304831862449646
vn -0.8404942750930786 -0.110258549451828 -0.5304831862449646
vn -0.8404942750930786 -0.1102585569024086 -0.5304832458496094
vn -0.9248932003974915 0.11279948800802231 0.36310988664627075
vn -0.9248932003974915 0.11279948800802231 0.36310988664627075
vn -0.9248932600021362 0.1127994954586029 0.36310985684394836
vn -0.9248932003974915 0.11279948800802231 0.36310988664627075
vn -0.9248932600021362 0.1127994954586029 0.36310985684394836
vn -0.9248932003974915 0.11279948800802231 0.36310991644859314
vn -0.41721299290657043 -0.17454707622528076 0.8918893933296204
vn -0.41721296310424805 -0.17454704642295837 0.8918893933296204
vn -0.41721296310424805 -0.17454707622528076 0.8918893933296204
vn -0.41721299290657043 -0.17454707622528076 0.8918893933296204
vn -0.41721296310424805 -0.17454707622528076 0.8918893933296204
vn -0.4172130227088928 -0.17454709112644196 0.8918893337249756
vn 0.4609270989894867 -0.25578317046165466 0.8497771620750427
vn 0.4609270691871643 -0.2557831406593323 0.8497771620750427
vn 0.4609270989894867 -0.25578317046165466 0.8497771620750427
vn 0.4609270989894867 -0.25578317046165466 0.8497771620750427
vn 0.4609270989894867 -0.25578317046165466 0.8497771620750427
vn 0.4609270691871643 -0.2557831406593323 0.8497771620750427
vn 0.895803689956665 -0.44372648000717163 -0.025347944349050522
vn 0.895803689956665 -0.443726509809494 -0.025347944349050522
vn 0.895803689956665 -0.4437265396118164 -0.02534794621169567
vn 0.895803689956665 -0.44372648000717163 -0.025347944349050522
vn 0.895803689956665 -0.4437265396118164 -0.02534794621169567
vn 0.895803689956665 -0.4437265396118164 -0.02534794621169567
vn 0.753440797328949 0.2173566222190857 -0.6205506324768066
vn 0.753440797328949 0.2173565924167633 -0.6205506324768066
vn 0.753440797328949 0.2173566222190857 -0.6205506324768066
vn 0.753440797328949 0.2173566222190857 -0.6205506324768066
vn 0.753440797328949 0.2173566222190857 -0.6205506324768066
vn 0.7534407377243042 0.2173566073179245 -0.6205506324768066
vn -0.04107730835676193 0.4780573546886444 -0.8773675560951233
vn -0.04107731208205223 0.4780573546886444 -0.8773675560951233
vn -0.04107731580734253 0.4780573546886444 -0.8773675560951233
vn -0.04107730835676193 0.4780573546886444 -0.8773675560951233
vn -0.04107731580734253 0.4780573546886444 -0.8773675560951233
vn -0.04107731580734253 0.47805729508399963 -0.8773675560951233
vn -0.6589528322219849 0.6887916922569275 -0.3022368252277374
vn -0.6589528322219849 0.6887916922569275 -0.3022368252277374
vn -0.6589528322219849 0.6887916922569275 -0.3022368252277374
vn -0.6589528322219849 0.6887916922569275 -0.3022368252277374
vn -0.6589528322219849 0.6887916922569275 -0.3022368252277374
vn -0.6589528322219849 0.6887916922569275 -0.3022368252277374
vn -0.6870700120925903 0.6201098561286926 0.37867996096611023
vn -0.6870700120925903 0.6201097965240479 0.3786800503730774
vn -0.6870700120925903 0.6201099157333374 0.378680020570755
vn -0.6870700120925903 0.6201098561286926 0.37867996096611023
vn -0.6870700120925903 0.6201099157333374 0.378680020570755
vn -0.6870700716972351 0.6201098561286926 0.378680020570755
vn -0.19364257156848907 0.5590482354164124 0.806205689907074
vn -0.19364257156848907 0.5590482354164124 0.806205689907074
vn -0.19364257156848907 0.5590482354164124 0.806205689907074
vn -0.19364257156848907 0.5590482354164124 0.806205689907074
vn -0.19364257156848907 0.5590482354164124 0.806205689907074
vn -0.19364258646965027 0.5590482354164124 0.806205689907074
vn 0.6528757214546204 0.22118313610553741 0.7244524359703064
vn 0.6528757214546204 0.2211831510066986 0.7244523763656616
vn 0.6528757214546204 0.22118312120437622 0.7244524359703064
vn 0.6528757214546204 0.22118313610553741 0.7244524359703064
vn 0.6528757214546204 0.22118312120437622 0.7244524359703064
vn 0.6528757214546204 0.22118310630321503 0.7244524359703064
vn 0.9837795495986938 0.1663518100976944 -0.06711799651384354
vn 0.9837795495986938 0.16635185480117798 -0.06711801141500473
vn 0.9837795495986938 0.1663518249988556 -0.06711800396442413
vn 0.9837795495986938 0.1663518100976944 -0.06711799651384354
vn 0.9837795495986938 0.1663518249988556 -0.06711800396442413
vn 0.9837795495986938 0.16635185480117798 -0.06711800396442413
vn 0.5478273630142212 0.09707445651292801 -0.8309402465820312
vn 0.5478273630142212 0.09707445651292801 -0.8309402465820312
vn 0.547827422618866 0.09707445651292801 -0.8309402465820312
vn -0.09432518482208252 0.3086658716201782 -0.9464820027351379
vn -0.09432519227266312 0.3086659014225006 -0.9464819431304932
vn -0.09432517737150192 0.3086658716201782 -0.9464820027351379
vn -0.7007277011871338 0.6454319357872009 -0.3039707839488983
vn -0.7007277011871338 0.6454319357872009 -0.3039708137512207
vn -0.7007277011871338 0.6454319357872009 -0.3039708137512207
vn -0.5408039093017578 0.7362043857574463 0.40685901045799255
vn -0.5408039689064026 0.7362043261528015 0.40685901045799255
vn -0.5408039689064026 0.7362043261528015 0.40685898065567017
vn -0.1570517122745514 0.6536785960197449 0.7402966022491455
vn -0.1570517122745514 0.6536785960197449 0.7402966022491455
vn -0.15705172717571259 0.6536785364151001 0.7402966022491455
vn 0.7241840958595276 0.26659318804740906 0.6359916925430298
vn 0.7241841554641724 0.26659321784973145 0.6359916925430298
vn 0.7241841554641724 0.26659318804740906 0.6359916925430298
vn 0.9970478415489197 0.008434362709522247 -0.07631832361221313
vn 0.9970478415489197 0.008434363640844822 -0.07631832361221313
vn 0.9970478415489197 0.008434362709522247 -0.07631832361221313
vn 0.18811024725437164 0.25874531269073486 -0.9474520683288574
vn 0.18811026215553284 0.25874531269073486 -0.9474520683288574
vn 0.18811024725437164 0.25874531269073486 -0.9474520683288574
vn 0.18811024725437164 0.25874531269073486 -0.9474520683288574
vn 0.18811024725437164 0.25874531269073486 -0.9474520683288574
vn 0.18811024725437164 0.25874531269073486 -0.9474520683288574
vn 0.8905418515205383 0.3299013674259186 -0.31320974230766296
vn 0.8905418515205383 0.32990139722824097 -0.3132097125053406
vn 0.8905418515205383 0.3299013674259186 -0.3132097125053406
vn 0.8905418515205383 0.3299013674259186 -0.31320974230766296
vn 0.8905418515205383 0.3299013674259186 -0.3132097125053406
vn 0.8905417919158936 0.3299013674259186 -0.31320974230766296
vn 0.8098098039627075 0.43946754932403564 0.3886854350566864
vn 0.8098098039627075 0.43946751952171326 0.3886854350566864
vn 0.8098097443580627 0.43946757912635803 0.3886854350566864
vn 0.8098098039627075 0.43946754932403564 0.3886854350566864
vn 0.8098097443580627 0.43946757912635803 0.3886854350566864
vn 0.8098098039627075 0.43946754932403564 0.3886854648590088
vn 0.2366373986005783 0.3474399447441101 0.9073523283004761
vn 0.2366373986005783 0.3474399745464325 0.9073523283004761
vn 0.2366373986005783 0.3474399745464325 0.9073523283004761
vn 0.2366373986005783 0.3474399447441101 0.9073523283004761
vn 0.2366373986005783 0.3474399745464325 0.9073523283004761
vn 0.23663738369941711 0.3474399447441101 0.9073523283004761
vn -0.5929188132286072 0.18999595940113068 0.7825272083282471
vn -0.5929188132286072 0.18999595940113068 0.7825272083282471
vn -0.592918872833252 0.18999597430229187 0.7825271487236023
vn -0.5929188132286072 0.18999595940113068 0.7825272083282471
vn -0.592918872833252 0.18999597430229187 0.7825271487236023
vn -0.5929187536239624 0.1899959295988083 0.7825272083282471
vn -0.9903764128684998 0.10041313618421555 -0.09524603933095932
vn -0.9903764128684998 0.10041315853595734 -0.09524606168270111
vn -0.9903764128684998 0.10041316598653793 -0.09524606168270111
vn -0.9903764128684998 0.10041313618421555 -0.09524603933095932
vn -0.9903764128684998 0.10041316598653793 -0.09524606168270111
vn -0.9903764128684998 0.10041316598653793 -0.09524606168270111
vn -0.6320308446884155 0.2245607078075409 -0.7416936755180359
vn -0.6320308446884155 0.2245606929063797 -0.7416936755180359
vn -0.6320308446884155 0.2245606929063797 -0.7416936755180359
vn -0.6320308446884155 0.2245607078075409 -0.7416936755180359
vn -0.6320308446884155 0.2245606929063797 -0.7416936755180359
vn -0.6320308446884155 0.2245607078075409 -0.7416936755180359
vn -0.7711437940597534 -0.2825270891189575 -0.5705398321151733
vn -0.7711437344551086 -0.2825271487236023 -0.5705398917198181
vn -0.7711436748504639 -0.2825271487236023 -0.5705399513244629
vn -0.7711437940597534 -0.2825270891189575 -0.5705398321151733
vn -0.7711436748504639 -0.2825271487236023 -0.5705399513244629
vn -0.7711437344551086 -0.2825271487236023 -0.5705398917198181
vn 0.0727182999253273 -0.3459569215774536 -0.9354281425476074
vn 0.0727183073759079 -0.345956951379776 -0.9354281425476074
vn 0.0727183073759079 -0.345956951379776 -0.9354281425476074
vn 0.0727182999253273 -0.3459569215774536 -0.9354281425476074
vn 0.0727183073759079 -0.345956951379776 -0.9354281425476074
vn 0.0727182999253273 -0.3459569215774536 -0.9354281425476074
vn 0.7170131802558899 -0.4256490468978882 -0.5520099401473999
vn 0.7170131802558899 -0.4256490468978882 -0.5520099997520447
vn 0.7170131802558899 -0.4256490468978882 -0.5520099997520447
vn 0.7170131802558899 -0.4256490468978882 -0.5520099401473999
vn 0.7170131802558899 -0.4256490468978882 -0.5520099997520447
vn 0.7170132398605347 -0.4256490170955658 -0.5520098805427551
vn 0.8807174563407898 -0.30174538493156433 0.3650842607021332
vn 0.8807174563407898 -0.30174532532691956 0.3650842308998108
vn 0.8807174563407898 -0.30174538493156433 0.3650842607021332
vn 0.8807174563407898 -0.30174538493156433 0.3650842607021332
vn 0.8807174563407898 -0.30174538493156433 0.3650842607021332
vn 0.8807174563407898 -0.30174538493156433 0.3650842607021332
vn 0.2958865165710449 -0.3838888108730316 0.8746888041496277
vn 0.29588648676872253 -0.38388875126838684 0.8746888637542725
vn 0.2958865463733673 -0.3838888108730316 0.8746888041496277
vn 0.2958865165710449 -0.3838888108730316 0.8746888041496277
vn 0.2958865463733673 -0.3838888108730316 0.8746888041496277
vn 0.2958865165710449 -0.38388875126838684 0.8746888637542725
vn -0.5119808912277222 -0.30181917548179626 0.804226815700531
vn -0.5119809508323669 -0.30181920528411865 0.8042267560958862
vn -0.5119808912277222 -0.3018191456794739 0.804226815700531
vn -0.5119808912277222 -0.30181917548179626 0.804226815700531
vn -0.5119808912277222 -0.3018191456794739 0.804226815700531
vn -0.5119808912277222 -0.30181917548179626 0.804226815700531
vn -0.9405224919319153 -0.3262190520763397 0.09486074000597
vn -0.9405224919319153 -0.32621902227401733 0.09486071765422821
vn -0.9405224919319153 -0.32621902227401733 0.0948607325553894
vn -0.9405224919319153 -0.3262190520763397 0.09486074000597
vn -0.9405224919319153 -0.32621902227401733 0.0948607325553894
vn -0.9405224919319153 -0.3262190520763397 0.0948607325553894
vn -0.2719065845012665 -0.41436630487442017 -0.868543267250061
vn -0.2719065546989441 -0.41436633467674255 -0.868543267250061
vn -0.2719065845012665 -0.41436630487442017 -0.868543267250061
vn -0.2719065845012665 -0.41436630487442017 -0.868543267250061
vn -0.2719065845012665 -0.41436630487442017 -0.868543267250061
vn -0.2719065546989441 -0.41436636447906494 -0.8685432076454163
vn -0.7616748213768005 -0.5248129963874817 -0.3800300061702728
vn -0.7616748213768005 -0.5248129963874817 -0.3800300061702728
vn -0.7616748213768005 -0.5248129963874817 -0.3800300061702728
vn -0.7616748213768005 -0.5248129963874817 -0.3800300061702728
vn -0.7616748213768005 -0.5248129963874817 -0.3800300061702728
vn -0.7616748213768005 -0.5248129963874817 -0.3800300061702728
vn -0.5591804385185242 -0.7619873285293579 0.32663822174072266
vn -0.5591804385185242 -0.7619873285293579 0.32663825154304504
vn -0.559180498123169 -0.7619873285293579 0.32663825154304504
vn -0.5591804385185242 -0.7619873285293579 0.32663822174072266
vn -0.559180498123169 -0.7619873285293579 0.32663825154304504
vn -0.559180498123169 -0.7619873285293579 0.32663822174072266
vn -0.13346609473228455 -0.6509101390838623 0.7473304867744446
vn -0.13346609473228455 -0.6509101390838623 0.7473304867744446
vn -0.13346609473228455 -0.6509100794792175 0.7473304867744446
vn -0.13346609473228455 -0.6509101390838623 0.7473304867744446
vn -0.13346609473228455 -0.6509100794792175 0.7473304867744446
vn -0.13346609473228455 -0.6509100794792175 0.7473305463790894
vn 0.4691389799118042 -0.6161124110221863 0.6327038407325745
vn 0.4691389799118042 -0.6161124110221863 0.6327038407325745
vn 0.4691389203071594 -0.616112470626831 0.6327038407325745
vn 0.4691389799118042 -0.6161124110221863 0.6327038407325745
vn 0.4691389203071594 -0.616112470626831 0.6327038407325745
vn 0.4691389799118042 -0.616112470626831 0.6327037811279297
vn 0.7665696144104004 -0.6043166518211365 -0.21719202399253845
vn 0.7665696740150452 -0.6043166518211365 -0.21719202399253845
vn 0.7665696740150452 -0.6043166518211365 -0.21719202399253845
vn 0.7665696144104004 -0.6043166518211365 -0.21719202399253845
vn 0.7665696740150452 -0.6043166518211365 -0.21719202399253845
vn 0.7665696740150452 -0.6043166518211365 -0.21719202399253845
vn 0.5640608072280884 -0.635368824005127 -0.5273914933204651
vn 0.5640608668327332 -0.635368824005127 -0.5273915529251099
vn 0.5640608668327332 -0.6353688836097717 -0.5273914933204651
vn 0.5640608072280884 -0.635368824005127 -0.5273914933204651
vn 0.5640608668327332 -0.6353688836097717 -0.5273914933204651
vn 0.5640608072280884 -0.635368824005127 -0.5273914933204651
vn -0.06968384236097336 -0.960310161113739 -0.2700899839401245
vn -0.06968384981155396 -0.960310161113739 -0.2700899839401245
vn -0.06968384981155396 -0.960310161113739 -0.2700900137424469
vn -0.2851983904838562 -0.9572538733482361 -0.04823747277259827
vn -0.2851983606815338 -0.9572539329528809 -0.04823747277259827
vn -0.2851984202861786 -0.9572538733482361 -0.048237480223178864
vn -0.26669740676879883 -0.9457555413246155 0.18552331626415253
vn -0.26669740676879883 -0.9457556009292603 0.18552327156066895
vn -0.26669737696647644 -0.9457556009292603 0.18552331626415253
vn -0.04753784090280533 -0.9373484253883362 0.3451349437236786
vn -0.04753784090280533 -0.9373484253883362 0.3451349437236786
vn -0.04753784090280533 -0.9373483657836914 0.34513503313064575
vn 0.10039585828781128 -0.9453774690628052 0.31013235449790955
vn 0.10039587318897247 -0.9453774690628052 0.31013238430023193
vn 0.10039587318897247 -0.9453774690628052 0.31013235449790955
vn 0.3294070363044739 -0.9122199416160583 -0.24360999464988708
vn 0.3294070363044739 -0.9122199416160583 -0.24360999464988708
vn 0.32940706610679626 -0.9122198820114136 -0.24361000955104828
vn 0.33579081296920776 -0.9129965901374817 -0.231693297624588
vn 0.33579084277153015 -0.9129965901374817 -0.23169328272342682
vn 0.33579081296920776 -0.9129965901374817 -0.23169328272342682
vn -0.27412813901901245 0.5693597793579102 -0.7750375270843506
vn -0.2741280794143677 0.5693597793579102 -0.7750375270843506
vn -0.27412810921669006 0.5693597793579102 -0.7750375270843506
vn -0.27412813901901245 0.5693597793579102 -0.7750375270843506
vn -0.27412810921669006 0.5693597793579102 -0.7750375270843506
vn -0.2741280794143677 0.5693597197532654 -0.7750375866889954
vn -0.834455132484436 0.5279731750488281 -0.15788914263248444
vn -0.834455132484436 0.5279731750488281 -0.15788914263248444
vn -0.834455132484436 0.5279731750488281 -0.15788914263248444
vn -0.834455132484436 0.5279731750488281 -0.15788914263248444
vn -0.834455132484436 0.5279731750488281 -0.15788914263248444
vn -0.834455132484436 0.5279731750488281 -0.15788914263248444
vn -0.6783088445663452 0.40664535760879517 0.6119940280914307
vn -0.6783088445663452 0.40664535760879517 0.6119940280914307
vn -0.6783087849617004 0.40664538741111755 0.6119940280914307
vn -0.6783088445663452 0.40664535760879517 0.6119940280914307
vn -0.6783087849617004 0.40664538741111755 0.6119940280914307
vn -0.6783088445663452 0.4066452980041504 0.6119940280914307
vn 0.01137955579906702 0.4633976221084595 0.8860774040222168
vn 0.011379556730389595 0.46339765191078186 0.886077344417572
vn 0.01137955579906702 0.4633976221084595 0.8860774040222168
vn 0.01137955579906702 0.4633976221084595 0.8860774040222168
vn 0.01137955579906702 0.4633976221084595 0.8860774040222168
vn 0.011379556730389595 0.46339765191078186 0.8860774040222168
vn 0.6279442310333252 0.43251487612724304 0.6470061540603638
vn 0.6279442310333252 0.43251487612724304 0.6470061540603638
vn 0.6279442310333252 0.43251484632492065 0.647006094455719
vn 0.6279442310333252 0.43251487612724304 0.6470061540603638
vn 0.6279442310333252 0.43251484632492065 0.647006094455719
vn 0.6279442310333252 0.43251487612724304 0.6470061540603638
vn 0.778621256351471 0.6155427098274231 -0.12188534438610077
vn 0.778621256351471 0.6155427098274231 -0.12188534438610077
vn 0.778621256351471 0.6155427098274231 -0.12188534438610077
vn 0.778621256351471 0.6155427098274231 -0.12188534438610077
vn 0.778621256351471 0.6155427098274231 -0.12188534438610077
vn 0.7786213159561157 0.6155427098274231 -0.12188533693552017
vn 0.4002223312854767 0.5053028464317322 -0.7645201683044434
vn 0.4002223312854767 0.5053028464317322 -0.7645201683044434
vn 0.40022239089012146 0.5053028464317322 -0.7645201683044434
vn 0.4002223312854767 0.5053028464317322 -0.7645201683044434
vn 0.40022239089012146 0.5053028464317322 -0.7645201683044434
vn 0.4002223312854767 0.5053028464317322 -0.7645201683044434
vn -0.5056619644165039 -0.18186940252780914 -0.8433442115783691
vn -0.5056620240211487 -0.18186940252780914 -0.8433442115783691
vn -0.5056620240211487 -0.18186940252780914 -0.8433442115783691
vn -0.5056619644165039 -0.18186940252780914 -0.8433442115783691
vn -0.5056620240211487 -0.18186940252780914 -0.8433442115783691
vn -0.5056619644165039 -0.18186941742897034 -0.8433442115783691
vn -0.9712299108505249 -0.20205003023147583 -0.12604866921901703
vn -0.9712299108505249 -0.20205003023147583 -0.12604868412017822
vn -0.9712299108505249 -0.20205003023147583 -0.12604868412017822
vn -0.9712299108505249 -0.20205003023147583 -0.12604866921901703
vn -0.9712299108505249 -0.20205003023147583 -0.12604868412017822
vn -0.9712299108505249 -0.20205003023147583 -0.12604866921901703
vn -0.7042551636695862 -0.4509585499763489 0.5483257174491882
vn -0.7042551636695862 -0.4509585499763489 0.5483257174491882
vn -0.7042551040649414 -0.45095857977867126 0.5483257174491882
vn -0.7042551636695862 -0.4509585499763489 0.5483257174491882
vn -0.7042551040649414 -0.45095857977867126 0.5483257174491882
vn -0.7042551040649414 -0.45095857977867126 0.5483257174491882
vn 0.11027320474386215 -0.25164154171943665 0.9615177512168884
vn 0.11027321964502335 -0.25164157152175903 0.9615177512168884
vn 0.11027319729328156 -0.25164151191711426 0.9615177512168884
vn 0.11027320474386215 -0.25164154171943665 0.9615177512168884
vn 0.11027319729328156 -0.25164151191711426 0.9615177512168884
vn 0.11027320474386215 -0.25164154171943665 0.9615177512168884
vn 0.7914493680000305 -0.3320782780647278 0.5131587386131287
vn 0.7914493680000305 -0.3320782780647278 0.5131587982177734
vn 0.7914494276046753 -0.3320782780647278 0.5131587386131287
vn 0.7914493680000305 -0.3320782780647278 0.5131587386131287
vn 0.7914494276046753 -0.3320782780647278 0.5131587386131287
vn 0.7914493680000305 -0.33207830786705017 0.5131587982177734
vn 0.9545626044273376 -0.06828264147043228 -0.29008233547210693
vn 0.9545626044273376 -0.06828264892101288 -0.29008233547210693
vn 0.9545626044273376 -0.06828264892101288 -0.29008233547210693
vn 0.9545626044273376 -0.06828264147043228 -0.29008233547210693
vn 0.9545626044273376 -0.06828264892101288 -0.29008233547210693
vn 0.9545625448226929 -0.06828264892101288 -0.2900823950767517
vn 0.2580292224884033 -0.07474715262651443 -0.9632412791252136
vn 0.2580292224884033 -0.07474716007709503 -0.9632412791252136
vn 0.2580292522907257 -0.07474717497825623 -0.9632412791252136
vn 0.2580292224884033 -0.07474715262651443 -0.9632412791252136
vn 0.2580292522907257 -0.07474717497825623 -0.9632412791252136
vn 0.2580292224884033 -0.07474716007709503 -0.9632412791252136
vn -0.46070730686187744 0.5464999079704285 -0.6993473172187805
vn -0.46070730686187744 0.5464999079704285 -0.6993473172187805
vn -0.46070730686187744 0.5464999079704285 -0.6993473172187805
vn -0.46070730686187744 0.5464999079704285 -0.6993473172187805
vn -0.46070730686187744 0.5464999079704285 -0.6993473172187805
vn -0.46070727705955505 0.5464998483657837 -0.6993473172187805
vn -0.9127693772315979 0.4047888219356537 0.05475469306111336
vn -0.9127693772315979 0.4047887921333313 0.05475469306111336
vn -0.9127693772315979 0.4047887921333313 0.05475469306111336
vn -0.9127693772315979 0.4047888219356537 0.05475469306111336
vn -0.9127693772315979 0.4047887921333313 0.05475469306111336
vn -0.9127693772315979 0.4047887921333313 0.054754696786403656
vn -0.5192553400993347 0.3069874346256256 0.7975792288780212
vn -0.5192553400993347 0.306987464427948 0.7975791692733765
vn -0.5192553997039795 0.306987464427948 0.7975791692733765
vn -0.5192553400993347 0.3069874346256256 0.7975792288780212
vn -0.5192553997039795 0.306987464427948 0.7975791692733765
vn -0.5192553997039795 0.3069874942302704 0.7975791692733765
vn 0.12498310953378677 0.23152920603752136 0.9647660255432129
vn 0.12498310953378677 0.23152919113636017 0.9647660255432129
vn 0.12498313188552856 0.23152923583984375 0.9647660255432129
vn 0.12498310953378677 0.23152920603752136 0.9647660255432129
vn 0.12498313188552856 0.23152923583984375 0.9647660255432129
vn 0.12498312443494797 0.23152919113636017 0.9647660255432129
vn 0.6448405385017395 0.3958284854888916 0.6538351774215698
vn 0.6448405385017395 0.3958284556865692 0.6538351774215698
vn 0.6448405981063843 0.3958284854888916 0.6538351774215698
vn 0.6448405385017395 0.3958284854888916 0.6538351774215698
vn 0.6448405981063843 0.3958284854888916 0.6538351774215698
vn 0.6448405385017395 0.3958284556865692 0.6538351774215698
vn 0.8273351788520813 0.4976664185523987 -0.2604699730873108
vn 0.8273351788520813 0.4976664185523987 -0.2604699730873108
vn 0.8273351788520813 0.4976664185523987 -0.2604699730873108
vn 0.8273351788520813 0.4976664185523987 -0.2604699730873108
vn 0.8273351788520813 0.4976664185523987 -0.2604699730873108
vn 0.8273352384567261 0.4976663887500763 -0.2604700028896332
vn 0.13231807947158813 0.6024360060691833 -0.7871230840682983
vn 0.13231807947158813 0.6024360060691833 -0.7871230840682983
vn 0.13231807947158813 0.6024360060691833 -0.7871230840682983
vn 0.13231807947158813 0.6024360060691833 -0.7871230840682983
vn 0.13231807947158813 0.6024360060691833 -0.7871230840682983
vn 0.13231807947158813 0.6024360060691833 -0.7871230840682983
vn -0.7121058702468872 0.34030309319496155 -0.6140838861465454
vn -0.712105929851532 0.34030309319496155 -0.6140838861465454
vn -0.712105929851532 0.34030309319496155 -0.6140838861465454
vn -0.9748973250389099 0.22193950414657593 0.017834559082984924
vn -0.9748973250389099 0.22193945944309235 0.017834559082984924
vn -0.9748973250389099 0.22193944454193115 0.017834557220339775
vn -0.5107119679450989 0.2226928025484085 0.8304102420806885
vn -0.5107120275497437 0.2226928174495697 0.8304102420806885
vn -0.5107120275497437 0.2226928174495697 0.8304102420806885
vn 0.1668926477432251 0.36416974663734436 0.9162572026252747
vn 0.1668926477432251 0.36416977643966675 0.9162572026252747
vn 0.1668926477432251 0.364169716835022 0.9162572026252747
vn 0.5774483680725098 0.4752306342124939 0.6638593077659607
vn 0.5774483680725098 0.4752306640148163 0.6638593673706055
vn 0.5774483680725098 0.47523069381713867 0.6638592481613159
vn 0.7574189901351929 0.5775803923606873 -0.30449527502059937
vn 0.7574189901351929 0.5775803923606873 -0.30449530482292175
vn 0.7574189901351929 0.5775803923606873 -0.3044952154159546
vn 0.14111056923866272 0.4776071608066559 -0.8671673536300659
vn 0.14111055433750153 0.4776070713996887 -0.8671674132347107
vn 0.14111056923866272 0.4776070713996887 -0.8671674132347107
vn -0.9155765771865845 0.2796850800514221 -0.2889563739299774
vn -0.9155765771865845 0.27968505024909973 -0.28895634412765503
vn -0.9155765771865845 0.2796851098537445 -0.28895634412765503
vn -0.9155765771865845 0.2796850800514221 -0.2889563739299774
vn -0.9155765771865845 0.2796851098537445 -0.28895634412765503
vn -0.9155765771865845 0.2796850800514221 -0.28895634412765503
vn -0.22575721144676208 0.2155616730451584 -0.9500352144241333
vn -0.2257571965456009 0.2155616283416748 -0.9500352144241333
vn -0.2257571965456009 0.2155616730451584 -0.9500352144241333
vn -0.22575721144676208 0.2155616730451584 -0.9500352144241333
vn -0.2257571965456009 0.2155616730451584 -0.9500352144241333
vn -0.22575722634792328 0.215561643242836 -0.9500352144241333
vn 0.5807040333747864 0.3177495002746582 -0.7495452165603638
vn 0.5807041525840759 0.3177495002746582 -0.749545156955719
vn 0.5807040333747864 0.3177495002746582 -0.7495452165603638
vn 0.5807040333747864 0.3177495002746582 -0.7495452165603638
vn 0.5807040333747864 0.3177495002746582 -0.7495452165603638
vn 0.5807040333747864 0.3177495002746582 -0.7495452165603638
vn 0.9570607542991638 0.28649285435676575 -0.04423244670033455
vn 0.9570608139038086 0.28649282455444336 -0.04423244670033455
vn 0.9570608139038086 0.28649282455444336 -0.04423243924975395
vn 0.9570607542991638 0.28649285435676575 -0.04423244670033455
vn 0.9570608139038086 0.28649282455444336 -0.04423243924975395
vn 0.9570607542991638 0.28649285435676575 -0.04423244670033455
vn 0.6570075750350952 0.21382062137126923 0.7229259014129639
vn 0.6570075154304504 0.21382059156894684 0.7229259610176086
vn 0.6570075154304504 0.21382060647010803 0.7229259610176086
vn 0.6570075750350952 0.21382062137126923 0.7229259014129639
vn 0.6570075154304504 0.21382060647010803 0.7229259610176086
vn 0.6570075750350952 0.21382062137126923 0.7229259014129639
vn -0.24956582486629486 0.21825940907001495 0.9434403777122498
vn -0.24956582486629486 0.21825940907001495 0.9434403777122498
vn -0.24956582486629486 0.21825942397117615 0.9434403777122498
vn -0.24956582486629486 0.21825940907001495 0.9434403777122498
vn -0.24956582486629486 0.21825942397117615 0.9434403777122498
vn -0.24956583976745605 0.21825942397117615 0.9434403777122498
vn -0.7791805267333984 0.33873236179351807 0.5273879766464233
vn -0.7791805267333984 0.3387323319911957 0.5273879766464233
vn -0.7791805863380432 0.3387323319911957 0.5273879766464233
vn -0.7791805267333984 0.33873236179351807 0.5273879766464233
vn -0.7791805863380432 0.3387323319911957 0.5273879766464233
vn -0.7791805863380432 0.3387323319911957 0.5273879766464233
vn -0.7402907013893127 -0.37400737404823303 0.5586484670639038
vn -0.7402907013893127 -0.3740074336528778 0.5586485266685486
vn -0.7402907013893127 -0.3740074634552002 0.5586484670639038
vn -0.7402907013893127 -0.37400737404823303 0.5586484670639038
vn -0.7402907013893127 -0.3740074634552002 0.5586484670639038
vn -0.7402907013893127 -0.3740074336528778 0.5586485266685486
vn -0.8576363325119019 -0.3267565965652466 -0.3971020579338074
vn -0.8576363325119019 -0.3267565965652466 -0.3971019983291626
vn -0.8576363921165466 -0.3267565369606018 -0.397102028131485
vn -0.8576363325119019 -0.3267565965652466 -0.3971020579338074
vn -0.8576363921165466 -0.3267565369606018 -0.397102028131485
vn -0.8576363325119019 -0.3267565965652466 -0.3971020579338074
vn -0.31166553497314453 -0.33687660098075867 -0.8884698748588562
vn -0.31166553497314453 -0.33687660098075867 -0.8884698748588562
vn -0.3116655945777893 -0.33687663078308105 -0.8884698748588562
vn -0.31166553497314453 -0.33687660098075867 -0.8884698748588562
vn -0.3116655945777893 -0.33687663078308105 -0.8884698748588562
vn -0.31166553497314453 -0.33687666058540344 -0.8884698748588562
vn 0.5849957466125488 -0.23971085250377655 -0.7748023271560669
vn 0.5849957466125488 -0.23971085250377655 -0.7748023271560669
vn 0.5849957466125488 -0.23971083760261536 -0.7748023867607117
vn 0.5849957466125488 -0.23971085250377655 -0.7748023271560669
vn 0.5849957466125488 -0.23971083760261536 -0.7748023867607117
vn 0.5849958062171936 -0.23971085250377655 -0.7748023271560669
vn 0.920635461807251 -0.3600298762321472 -0.1510258913040161
vn 0.920635461807251 -0.36002984642982483 -0.1510258913040161
vn 0.920635461807251 -0.36002984642982483 -0.1510259062051773
vn 0.920635461807251 -0.3600298762321472 -0.1510258913040161
vn 0.920635461807251 -0.36002984642982483 -0.1510259062051773
vn 0.920635461807251 -0.36002981662750244 -0.15102587640285492
vn 0.696628987789154 -0.368857204914093 0.6153473854064941
vn 0.6966289281845093 -0.368857204914093 0.6153474450111389
vn 0.696628987789154 -0.368857204914093 0.6153473854064941
vn 0.696628987789154 -0.368857204914093 0.6153473854064941
vn 0.696628987789154 -0.368857204914093 0.6153473854064941
vn 0.696628987789154 -0.368857204914093 0.6153473854064941
vn -0.0986802726984024 -0.46866878867149353 0.8778449296951294
vn -0.0986802726984024 -0.46866878867149353 0.8778449296951294
vn -0.098680280148983 -0.46866878867149353 0.8778449296951294
vn -0.0986802726984024 -0.46866878867149353 0.8778449296951294
vn -0.098680280148983 -0.46866878867149353 0.8778449296951294
vn -0.098680280148983 -0.46866878867149353 0.8778449296951294
vn -0.7131660580635071 -0.38732749223709106 -0.5842701196670532
vn -0.7131661176681519 -0.38732749223709106 -0.5842700600624084
vn -0.7131661176681519 -0.38732749223709106 -0.5842700004577637
vn -0.7131660580635071 -0.38732749223709106 -0.5842701196670532
vn -0.7131661176681519 -0.38732749223709106 -0.5842700004577637
vn -0.7131661176681519 -0.38732749223709106 -0.5842700004577637
vn -0.8865848183631897 -0.4454435408115387 0.12468939274549484
vn -0.8865848183631897 -0.4454435408115387 0.12468939274549484
vn -0.8865848183631897 -0.4454435110092163 0.12468937784433365
vn -0.8865848183631897 -0.4454435408115387 0.12468939274549484
vn -0.8865848183631897 -0.4454435110092163 0.12468937784433365
vn -0.8865848183631897 -0.4454435408115387 0.12468938529491425
vn -0.3021155595779419 -0.6576255559921265 0.6901121735572815
vn -0.3021155595779419 -0.6576255559921265 0.6901121735572815
vn -0.3021155595779419 -0.6576255559921265 0.6901122331619263
vn -0.3021155595779419 -0.6576255559921265 0.6901121735572815
vn -0.3021155595779419 -0.6576255559921265 0.6901122331619263
vn -0.3021155297756195 -0.6576255559921265 0.6901121735572815
vn 0.31891584396362305 -0.5415681004524231 0.7778153419494629
vn 0.31891584396362305 -0.5415681004524231 0.7778153419494629
vn 0.31891578435897827 -0.5415680408477783 0.7778153419494629
vn 0.31891584396362305 -0.5415681004524231 0.7778153419494629
vn 0.31891578435897827 -0.5415680408477783 0.7778153419494629
vn 0.31891581416130066 -0.5415681004524231 0.7778153419494629
vn 0.7629695534706116 -0.5607165098190308 0.3216743767261505
vn 0.7629695534706116 -0.5607165694236755 0.3216744065284729
vn 0.7629695534706116 -0.5607165694236755 0.3216744065284729
vn 0.7629695534706116 -0.5607165098190308 0.3216743767261505
vn 0.7629695534706116 -0.5607165694236755 0.3216744065284729
vn 0.7629694938659668 -0.5607165694236755 0.3216743767261505
vn 0.5735857486724854 -0.6146882176399231 -0.541440486907959
vn 0.5735857486724854 -0.6146882176399231 -0.5414404273033142
vn 0.5735858082771301 -0.6146882176399231 -0.5414404273033142
vn 0.5735857486724854 -0.6146882176399231 -0.541440486907959
vn 0.5735858082771301 -0.6146882176399231 -0.5414404273033142
vn 0.5735858082771301 -0.6146882176399231 -0.5414404273033142
vn 0.2233012616634369 -0.6519345641136169 -0.7246501445770264
vn 0.2233012467622757 -0.6519345641136169 -0.7246501445770264
vn 0.2233012318611145 -0.6519346833229065 -0.7246500849723816
vn 0.2233012616634369 -0.6519345641136169 -0.7246501445770264
vn 0.2233012318611145 -0.6519346833229065 -0.7246500849723816
vn 0.2233012318611145 -0.6519345641136169 -0.7246501445770264
vn -0.17385892570018768 -0.9762016534805298 -0.1296277493238449
vn -0.17385894060134888 -0.9762016534805298 -0.12962773442268372
vn -0.17385894060134888 -0.9762016534805298 -0.1296277493238449
vn -0.24599704146385193 -0.9535967707633972 0.17360474169254303
vn -0.24599705636501312 -0.9535967707633972 0.17360474169254303
vn -0.24599702656269073 -0.9535967707633972 0.17360474169254303
vn -0.10432117432355881 -0.9244353771209717 0.3667919337749481
vn -0.10432116687297821 -0.9244353771209717 0.3667919337749481
vn -0.10432115197181702 -0.9244354367256165 0.36679184436798096
vn 0.16506482660770416 -0.9087040424346924 0.38341954350471497
vn 0.16506479680538177 -0.9087041020393372 0.3834194839000702
vn 0.16506481170654297 -0.9087041020393372 0.3834194839000702
vn 0.26738277077674866 -0.9211091995239258 0.2829563021659851
vn 0.26738277077674866 -0.9211091995239258 0.2829563319683075
vn 0.26738277077674866 -0.9211091995239258 0.2829563319683075
vn 0.1864868551492691 -0.9313596487045288 -0.31271690130233765
vn 0.18648682534694672 -0.9313596487045288 -0.31271687150001526
vn 0.18648682534694672 -0.9313596487045288 -0.31271690130233765
vn 0.19767345488071442 -0.9313746690750122 -0.3057228922843933
vn 0.1976734697818756 -0.9313746094703674 -0.3057228922843933
vn 0.19767345488071442 -0.9313746690750122 -0.3057228922843933
vn -0.7144622802734375 0.43278151750564575 -0.5497670769691467
vn -0.7144622206687927 0.43278151750564575 -0.5497670769691467
vn -0.714462161064148 0.43278154730796814 -0.5497671365737915
vn -0.7144622802734375 0.43278151750564575 -0.5497670769691467
vn -0.714462161064148 0.43278154730796814 -0.5497671365737915
vn -0.7144622802734375 0.43278151750564575 -0.5497670769691467
vn -0.838326632976532 0.4968145489692688 0.22446317970752716
vn -0.8383266925811768 0.4968145191669464 0.22446317970752716
vn -0.8383266925811768 0.4968145191669464 0.22446317970752716
vn -0.838326632976532 0.4968145489692688 0.22446317970752716
vn -0.8383266925811768 0.4968145191669464 0.22446317970752716
vn -0.838326632976532 0.4968145489692688 0.22446317970752716
vn -0.29244881868362427 0.48725777864456177 0.8228326439857483
vn -0.2924487888813019 0.487257719039917 0.8228327035903931
vn -0.2924487590789795 0.48725780844688416 0.8228326439857483
vn -0.29244881868362427 0.48725777864456177 0.8228326439857483
vn -0.2924487590789795 0.48725780844688416 0.8228326439857483
vn -0.2924487590789795 0.48725780844688416 0.8228326439857483
vn 0.49219855666160583 0.5446176528930664 0.6790671348571777
vn 0.49219855666160583 0.5446176528930664 0.6790671348571777
vn 0.49219852685928345 0.5446176528930664 0.6790671348571777
vn 0.49219855666160583 0.5446176528930664 0.6790671348571777
vn 0.49219852685928345 0.5446176528930664 0.6790671348571777
vn 0.49219855666160583 0.5446176528930664 0.6790671348571777
vn 0.8928137421607971 0.4463989734649658 0.06009663641452789
vn 0.8928137421607971 0.4463989734649658 0.06009664013981819
vn 0.8928137421607971 0.4463990032672882 0.06009664013981819
vn 0.8928137421607971 0.4463989734649658 0.06009663641452789
vn 0.8928137421607971 0.4463990032672882 0.06009664013981819
vn 0.8928137421607971 0.4463989734649658 0.06009663641452789
vn 0.5013380646705627 0.5239400863647461 -0.688583254814148
vn 0.501338005065918 0.5239401459693909 -0.688583254814148
vn 0.5013380646705627 0.5239400863647461 -0.688583254814148
vn 0.5013380646705627 0.5239400863647461 -0.688583254814148
vn 0.5013380646705627 0.5239400863647461 -0.688583254814148
vn 0.5013380646705627 0.5239401459693909 -0.688583254814148
vn -0.16678060591220856 0.3537662625312805 -0.9203442931175232
vn -0.16678060591220856 0.35376623272895813 -0.9203442931175232
vn -0.16678062081336975 0.3537662625312805 -0.9203442931175232
vn -0.16678060591220856 0.3537662625312805 -0.9203442931175232
vn -0.16678062081336975 0.3537662625312805 -0.9203442931175232
vn -0.16678057610988617 0.35376623272895813 -0.920344352722168
vn -0.8247755169868469 -0.4221786558628082 -0.37617889046669006
vn -0.8247755169868469 -0.4221786558628082 -0.3761788606643677
vn -0.8247755169868469 -0.4221786856651306 -0.37617889046669006
vn -0.8247755169868469 -0.4221786558628082 -0.37617889046669006
vn -0.8247755169868469 -0.4221786856651306 -0.37617889046669006
vn -0.8247754573822021 -0.4221786856651306 -0.37617889046669006
vn -0.8570547699928284 -0.21529747545719147 0.4680855870246887
vn -0.8570547699928284 -0.21529746055603027 0.4680855870246887
vn -0.8570547699928284 -0.21529746055603027 0.4680855870246887
vn -0.8570547699928284 -0.21529747545719147 0.4680855870246887
vn -0.8570547699928284 -0.21529746055603027 0.4680855870246887
vn -0.8570547699928284 -0.21529746055603027 0.4680855870246887
vn -0.22772634029388428 -0.2403697818517685 0.943590521812439
vn -0.22772634029388428 -0.2403697967529297 0.943590521812439
vn -0.22772634029388428 -0.2403697818517685 0.943590521812439
vn -0.22772634029388428 -0.2403697818517685 0.943590521812439
vn -0.22772634029388428 -0.2403697818517685 0.943590521812439
vn -0.22772635519504547 -0.2403697818517685 0.943590521812439
vn 0.6226588487625122 0.035003241151571274 0.7817100882530212
vn 0.622658908367157 0.035003241151571274 0.7817100882530212
vn 0.6226588487625122 0.035003241151571274 0.781710147857666
vn 0.6226588487625122 0.035003241151571274 0.7817100882530212
vn 0.6226588487625122 0.035003241151571274 0.781710147857666
vn 0.622658908367157 0.035003241151571274 0.7817100882530212
vn 0.9849758148193359 -0.15477965772151947 0.07658914476633072
vn 0.9849758148193359 -0.15477965772151947 0.07658914476633072
vn 0.9849758148193359 -0.15477965772151947 0.07658915221691132
vn 0.9849758148193359 -0.15477965772151947 0.07658914476633072
vn 0.9849758148193359 -0.15477965772151947 0.07658915221691132
vn 0.9849758148193359 -0.15477965772151947 0.07658915221691132
vn 0.6769077777862549 -0.15925294160842896 -0.7186336517333984
vn 0.6769078373908997 -0.15925294160842896 -0.7186336517333984
vn 0.6769077777862549 -0.15925295650959015 -0.7186336517333984
vn 0.6769077777862549 -0.15925294160842896 -0.7186336517333984
vn 0.6769077777862549 -0.15925295650959015 -0.7186336517333984
vn 0.6769078373908997 -0.15925295650959015 -0.7186335921287537
vn -0.2556767463684082 -0.3337152898311615 -0.9073386788368225
vn -0.2556767165660858 -0.3337152600288391 -0.9073387384414673
vn -0.2556767463684082 -0.3337152898311615 -0.9073386788368225
vn -0.2556767463684082 -0.3337152898311615 -0.9073386788368225
vn -0.2556767463684082 -0.3337152898311615 -0.9073386788368225
vn -0.2556767761707306 -0.3337153196334839 -0.9073386788368225
vn -0.8384402990341187 0.25723713636398315 -0.4804653227329254
vn -0.8384402990341187 0.25723713636398315 -0.4804653227329254
vn -0.8384402990341187 0.25723716616630554 -0.480465292930603
vn -0.8384402990341187 0.25723713636398315 -0.4804653227329254
vn -0.8384402990341187 0.25723716616630554 -0.480465292930603
vn -0.8384402990341187 0.25723713636398315 -0.4804653227329254
vn -0.8453224897384644 0.3707715570926666 0.38465356826782227
vn -0.8453224897384644 0.37077149748802185 0.38465356826782227
vn -0.8453224897384644 0.37077152729034424 0.38465359807014465
vn -0.8453224897384644 0.3707715570926666 0.38465356826782227
vn -0.8453224897384644 0.37077152729034424 0.38465359807014465
vn -0.8453224897384644 0.37077152729034424 0.38465362787246704
vn -0.1459835171699524 0.5366936922073364 0.8310527801513672
vn -0.1459835320711136 0.5366937518119812 0.8310527205467224
vn -0.1459835320711136 0.5366937518119812 0.8310527205467224
vn -0.1459835171699524 0.5366936922073364 0.8310527801513672
vn -0.1459835320711136 0.5366937518119812 0.8310527205467224
vn -0.1459835320711136 0.5366937518119812 0.8310527205467224
vn 0.5146116614341736 0.537577748298645 0.6679707765579224
vn 0.5146116614341736 0.537577748298645 0.6679707765579224
vn 0.5146116018295288 0.537577748298645 0.6679708361625671
vn 0.5146116614341736 0.537577748298645 0.6679707765579224
vn 0.5146116018295288 0.537577748298645 0.6679708361625671
vn 0.5146116018295288 0.5375778079032898 0.6679707765579224
vn 0.7989984154701233 0.5967209935188293 0.074334055185318
vn 0.7989984154701233 0.5967210531234741 0.074334055185318
vn 0.7989984154701233 0.5967209935188293 0.074334055185318
vn 0.7989984154701233 0.5967209935188293 0.074334055185318
vn 0.7989984154701233 0.5967209935188293 0.074334055185318
vn 0.7989984154701233 0.5967209935188293 0.074334055185318
vn 0.4904029965400696 0.37895187735557556 -0.7847931981086731
vn 0.4904029965400696 0.37895187735557556 -0.7847931981086731
vn 0.49040302634239197 0.37895190715789795 -0.7847931981086731
vn 0.4904029965400696 0.37895187735557556 -0.7847931981086731
vn 0.49040302634239197 0.37895190715789795 -0.7847931981086731
vn 0.49040302634239197 0.3789518475532532 -0.7847931981086731
vn -0.37725186347961426 0.2928481698036194 -0.8785903453826904
vn -0.37725192308425903 0.2928481698036194 -0.8785903453826904
vn -0.37725186347961426 0.2928481698036194 -0.8785903453826904
vn -0.37725186347961426 0.2928481698036194 -0.8785903453826904
vn -0.37725186347961426 0.2928481698036194 -0.8785903453826904
vn -0.37725183367729187 0.2928481101989746 -0.8785903453826904
vn -0.8868373036384583 0.297467440366745 -0.3535996675491333
vn -0.8868373036384583 0.2974674105644226 -0.3535996377468109
vn -0.8868373036384583 0.2974674701690674 -0.3535996675491333
vn -0.881221354007721 0.27792149782180786 0.3823722302913666
vn -0.881221354007721 0.27792149782180786 0.38237228989601135
vn -0.881221354007721 0.27792152762413025 0.38237226009368896
vn -0.1323220133781433 0.5401070713996887 0.8311288952827454
vn -0.1323220133781433 0.5401070713996887 0.8311288952827454
vn -0.13232199847698212 0.5401070713996887 0.8311288952827454
vn 0.3426145613193512 0.7655560374259949 0.5445541143417358
vn 0.3426145613193512 0.7655560374259949 0.5445541143417358
vn 0.3426145911216736 0.7655559778213501 0.5445541739463806
vn 0.48614880442619324 0.8582051396369934 0.1647520512342453
vn 0.48614874482154846 0.8582051992416382 0.1647520661354065
vn 0.48614880442619324 0.8582051396369934 0.1647520661354065
vn 0.11445140093564987 0.6960359215736389 -0.7088263630867004
vn 0.11445139348506927 0.6960358619689941 -0.7088264226913452
vn 0.11445139348506927 0.6960358619689941 -0.7088264226913452
vn -0.43646544218063354 0.41908615827560425 -0.7961561679840088
vn -0.43646544218063354 0.41908615827560425 -0.7961561679840088
vn -0.43646544218063354 0.41908615827560425 -0.7961562275886536
vn -0.908595085144043 0.34721311926841736 0.2321595698595047
vn -0.908595085144043 0.34721311926841736 0.2321595549583435
vn -0.9085950255393982 0.34721317887306213 0.2321595847606659
vn -0.908595085144043 0.34721311926841736 0.2321595698595047
vn -0.9085950255393982 0.34721317887306213 0.2321595847606659
vn -0.908595085144043 0.34721314907073975 0.2321595549583435
vn -0.7172744870185852 0.24500672519207 -0.6522952318191528
vn -0.7172744274139404 0.24500669538974762 -0.6522952318191528
vn -0.7172744274139404 0.24500669538974762 -0.6522952318191528
vn -0.7172744870185852 0.24500672519207 -0.6522952318191528
vn -0.7172744274139404 0.24500669538974762 -0.6522952318191528
vn -0.7172744870185852 0.24500672519207 -0.6522952318191528
vn 0.01631081849336624 0.2766839265823364 -0.9608225226402283
vn 0.01631082035601139 0.2766839265823364 -0.9608225226402283
vn 0.01631081849336624 0.2766839265823364 -0.9608225226402283
vn 0.01631081849336624 0.2766839265823364 -0.9608225226402283
vn 0.01631081849336624 0.2766839265823364 -0.9608225226402283
vn 0.01631081849336624 0.2766839265823364 -0.9608225226402283
vn 0.7611241936683655 0.19915679097175598 -0.6172734498977661
vn 0.7611241936683655 0.1991567760705948 -0.6172734498977661
vn 0.7611241936683655 0.1991567760705948 -0.6172734498977661
vn 0.7611241936683655 0.19915679097175598 -0.6172734498977661
vn 0.7611241936683655 0.1991567760705948 -0.6172734498977661
vn 0.7611241936683655 0.1991567760705948 -0.6172735095024109
vn 0.969343364238739 0.15374241769313812 0.191668301820755
vn 0.969343364238739 0.15374241769313812 0.1916683167219162
vn 0.969343364238739 0.15374241769313812 0.191668301820755
vn 0.969343364238739 0.15374241769313812 0.191668301820755
vn 0.969343364238739 0.15374241769313812 0.191668301820755
vn 0.969343364238739 0.15374243259429932 0.191668301820755
vn 0.32985153794288635 0.21324315667152405 0.9196332693099976
vn 0.32985153794288635 0.21324317157268524 0.9196332693099976
vn 0.32985150814056396 0.21324317157268524 0.9196332693099976
vn 0.32985153794288635 0.21324315667152405 0.9196332693099976
vn 0.32985150814056396 0.21324317157268524 0.9196332693099976
vn 0.32985153794288635 0.21324317157268524 0.9196332693099976
vn -0.37054353952407837 0.37410759925842285 0.8501417636871338
vn -0.37054353952407837 0.37410762906074524 0.850141704082489
vn -0.37054353952407837 0.37410759925842285 0.8501417636871338
vn -0.37054353952407837 0.37410759925842285 0.8501417636871338
vn -0.37054353952407837 0.37410759925842285 0.8501417636871338
vn -0.37054356932640076 0.37410762906074524 0.850141704082489
vn -0.21821384131908417 -0.27016907930374146 0.9377586841583252
vn -0.21821384131908417 -0.27016907930374146 0.9377586841583252
vn -0.21821385622024536 -0.27016907930374146 0.9377586841583252
vn -0.21821384131908417 -0.27016907930374146 0.9377586841583252
vn -0.21821385622024536 -0.27016907930374146 0.9377586841583252
vn -0.21821387112140656 -0.27016907930374146 0.9377586841583252
vn -0.916323184967041 -0.32094764709472656 0.2394668608903885
vn -0.916323184967041 -0.32094764709472656 0.2394668608903885
vn -0.916323184967041 -0.32094767689704895 0.23946687579154968
vn -0.916323184967041 -0.32094764709472656 0.2394668608903885
vn -0.916323184967041 -0.32094767689704895 0.23946687579154968
vn -0.9163232445716858 -0.32094764709472656 0.2394668608903885
vn -0.7633187770843506 -0.41502121090888977 -0.49507763981819153
vn -0.7633187174797058 -0.41502121090888977 -0.4950776696205139
vn -0.7633187174797058 -0.41502121090888977 -0.4950776696205139
vn -0.7633187770843506 -0.41502121090888977 -0.49507763981819153
vn -0.7633187174797058 -0.41502121090888977 -0.4950776696205139
vn -0.7633187174797058 -0.41502121090888977 -0.4950776994228363
vn 0.03901827335357666 -0.3249661922454834 -0.9449204206466675
vn 0.03901826962828636 -0.3249661326408386 -0.9449204206466675
vn 0.03901826590299606 -0.3249661922454834 -0.9449204206466675
vn 0.03901827335357666 -0.3249661922454834 -0.9449204206466675
vn 0.03901826590299606 -0.3249661922454834 -0.9449204206466675
vn 0.03901826962828636 -0.3249661922454834 -0.9449204206466675
vn 0.6918759942054749 -0.388740599155426 -0.6084311008453369
vn 0.6918759942054749 -0.388740599155426 -0.6084311008453369
vn 0.6918759942054749 -0.388740599155426 -0.6084311008453369
vn 0.6918759942054749 -0.388740599155426 -0.6084311008453369
vn 0.6918759942054749 -0.388740599155426 -0.6084311008453369
vn 0.6918759942054749 -0.38874056935310364 -0.6084310412406921
vn 0.9459797739982605 -0.3023323118686676 0.11712143570184708
vn 0.9459797739982605 -0.3023322820663452 0.11712141335010529
vn 0.9459797739982605 -0.3023322820663452 0.11712141335010529
vn 0.9459797739982605 -0.3023323118686676 0.11712143570184708
vn 0.9459797739982605 -0.3023322820663452 0.11712141335010529
vn 0.9459797739982605 -0.3023323118686676 0.11712143570184708
vn 0.4806409776210785 -0.33010387420654297 0.8124135136604309
vn 0.48064088821411133 -0.33010387420654297 0.8124135136604309
vn 0.4806409478187561 -0.33010387420654297 0.8124135136604309
vn 0.4806409776210785 -0.33010387420654297 0.8124135136604309
vn 0.4806409478187561 -0.33010387420654297 0.8124135136604309
vn 0.4806409776210785 -0.33010387420654297 0.8124135136604309
vn 0.69366455078125 -0.4223257899284363 -0.5834984183311462
vn 0.6936646103858948 -0.4223257899284363 -0.5834982991218567
vn 0.6936646103858948 -0.4223257899284363 -0.5834982991218567
vn 0.69366455078125 -0.4223257899284363 -0.5834984183311462
vn 0.6936646103858948 -0.4223257899284363 -0.5834982991218567
vn 0.6936646103858948 -0.4223257899284363 -0.5834982991218567
vn 0.04996730759739876 -0.44421058893203735 -0.8945279121398926
vn 0.04996729642152786 -0.44421055912971497 -0.8945279121398926
vn 0.04996729642152786 -0.44421058893203735 -0.8945279121398926
vn 0.04996730759739876 -0.44421058893203735 -0.8945279121398926
vn 0.04996729642152786 -0.44421058893203735 -0.8945279121398926
vn 0.04996729642152786 -0.44421055912971497 -0.8945279121398926
vn -0.6082576513290405 -0.629000723361969 -0.48412880301475525
vn -0.6082575917243958 -0.6290007829666138 -0.48412877321243286
vn -0.6082575917243958 -0.6290007829666138 -0.48412880301475525
vn -0.6082576513290405 -0.629000723361969 -0.48412880301475525
vn -0.6082575917243958 -0.6290007829666138 -0.48412880301475525
vn -0.6082575917243958 -0.6290007829666138 -0.48412880301475525
vn -0.8405803442001343 -0.5317540764808655 0.10325833410024643
vn -0.8405803442001343 -0.5317540764808655 0.10325834900140762
vn -0.8405803442001343 -0.5317540764808655 0.10325834155082703
vn -0.8405803442001343 -0.5317540764808655 0.10325833410024643
vn -0.8405803442001343 -0.5317540764808655 0.10325834155082703
vn -0.8405803442001343 -0.5317540764808655 0.10325834900140762
vn -0.49031177163124084 -0.5720706582069397 0.657517671585083
vn -0.49031180143356323 -0.5720706582069397 0.6575177311897278
vn -0.490311861038208 -0.5720707178115845 0.6575176119804382
vn -0.49031177163124084 -0.5720706582069397 0.657517671585083
vn -0.490311861038208 -0.5720707178115845 0.6575176119804382
vn -0.49031180143356323 -0.5720707178115845 0.657517671585083
vn 0.4213588535785675 -0.6524257659912109 0.6299185156822205
vn 0.4213588237762451 -0.6524258255958557 0.6299185156822205
vn 0.4213588237762451 -0.6524258255958557 0.6299185156822205
vn 0.4213588535785675 -0.6524257659912109 0.6299185156822205
vn 0.4213588237762451 -0.6524258255958557 0.6299185156822205
vn 0.4213588237762451 -0.6524258255958557 0.6299185156822205
vn 0.6545100808143616 -0.6868681907653809 0.31595680117607117
vn 0.6545101404190063 -0.6868681311607361 0.3159567713737488
vn 0.6545100808143616 -0.6868681311607361 0.3159567713737488
vn 0.6545100808143616 -0.6868681907653809 0.31595680117607117
vn 0.6545100808143616 -0.6868681311607361 0.3159567713737488
vn 0.6545100808143616 -0.6868681311607361 0.3159567415714264
vn 0.14563795924186707 -0.9664717316627502 -0.21147577464580536
vn 0.14563795924186707 -0.9664717316627502 -0.21147577464580536
vn 0.14563795924186707 -0.9664717316627502 -0.21147580444812775
vn -0.13533511757850647 -0.9328203201293945 -0.3339621126651764
vn -0.13533513247966766 -0.9328202605247498 -0.33396217226982117
vn -0.13533511757850647 -0.9328203201293945 -0.3339621126651764
vn -0.34485697746276855 -0.9088676571846008 -0.2345915287733078
vn -0.34485697746276855 -0.9088676571846008 -0.2345915287733078
vn -0.34485697746276855 -0.9088676571846008 -0.2345915287733078
vn -0.4182360768318176 -0.9080020189285278 0.024716844782233238
vn -0.4182361662387848 -0.9080019593238831 0.024716846644878387
vn -0.41823610663414 -0.9080020189285278 0.024716844782233238
vn -0.3366905450820923 -0.9295476675033569 0.15026849508285522
vn -0.3366905450820923 -0.9295476675033569 0.15026849508285522
vn -0.3366905152797699 -0.9295476675033569 0.15026848018169403
vn 0.2639894485473633 -0.9484188556671143 0.17553114891052246
vn 0.2639894187450409 -0.948418915271759 0.17553111910820007
vn 0.2639894187450409 -0.948418915271759 0.17553113400936127
vn 0.25488847494125366 -0.9489754438400269 0.18568111956119537
vn 0.25488847494125366 -0.9489754438400269 0.18568111956119537
vn 0.25488853454589844 -0.9489753842353821 0.18568119406700134
vn 0.7810971140861511 0.5006123781204224 -0.37319499254226685
vn 0.7810971736907959 0.5006123781204224 -0.37319499254226685
vn 0.7810971736907959 0.5006123185157776 -0.37319502234458923
vn 0.7810971140861511 0.5006123781204224 -0.37319499254226685
vn 0.7810971736907959 0.5006123185157776 -0.37319502234458923
vn 0.7810971736907959 0.5006123781204224 -0.37319499254226685
vn 0.07953658699989319 0.5484167337417603 -0.8324139714241028
vn 0.07953658699989319 0.548416793346405 -0.832413911819458
vn 0.07953658699989319 0.5484167337417603 -0.8324139714241028
vn 0.07953658699989319 0.5484167337417603 -0.8324139714241028
vn 0.07953658699989319 0.5484167337417603 -0.8324139714241028
vn 0.07953659445047379 0.548416793346405 -0.8324139714241028
vn -0.6838354468345642 0.488667368888855 -0.5418239831924438
vn -0.683835506439209 0.4886673092842102 -0.5418239831924438
vn -0.6838355660438538 0.48866724967956543 -0.5418240427970886
vn -0.6838354468345642 0.488667368888855 -0.5418239831924438
vn -0.6838355660438538 0.48866724967956543 -0.5418240427970886
vn -0.683835506439209 0.4886673092842102 -0.5418239831924438
vn -0.8344191312789917 0.5033990740776062 0.2243526130914688
vn -0.8344191312789917 0.5033990740776062 0.22435259819030762
vn -0.8344191312789917 0.5033990740776062 0.22435258328914642
vn -0.8344191312789917 0.5033990740776062 0.2243526130914688
vn -0.8344191312789917 0.5033990740776062 0.22435258328914642
vn -0.8344191312789917 0.5033990740776062 0.22435258328914642
vn -0.43912068009376526 0.41137054562568665 0.7987160086631775
vn -0.43912070989608765 0.41137051582336426 0.7987160086631775
vn -0.43912068009376526 0.41137054562568665 0.7987160086631775
vn -0.43912068009376526 0.41137054562568665 0.7987160086631775
vn -0.43912068009376526 0.41137054562568665 0.7987160086631775
vn -0.43912070989608765 0.41137054562568665 0.7987160086631775
vn 0.36108675599098206 0.5382540822029114 0.761510968208313
vn 0.36108678579330444 0.5382540822029114 0.7615109086036682
vn 0.36108675599098206 0.5382540822029114 0.761510968208313
vn 0.36108675599098206 0.5382540822029114 0.761510968208313
vn 0.36108675599098206 0.5382540822029114 0.761510968208313
vn 0.36108675599098206 0.5382540822029114 0.761510968208313
vn 0.8801241517066956 0.3910679221153259 0.26916050910949707
vn 0.8801241517066956 0.39106786251068115 0.26916050910949707
vn 0.8801241517066956 0.3910679519176483 0.26916050910949707
vn 0.8801241517066956 0.3910679221153259 0.26916050910949707
vn 0.8801241517066956 0.3910679519176483 0.26916050910949707
vn 0.8801241517066956 0.3910679221153259 0.26916050910949707
vn 0.7567670345306396 -0.28575825691223145 -0.5879166126251221
vn 0.7567669749259949 -0.28575819730758667 -0.5879166126251221
vn 0.7567670345306396 -0.28575819730758667 -0.5879165530204773
vn 0.7567670345306396 -0.28575825691223145 -0.5879166126251221
vn 0.7567670345306396 -0.28575819730758667 -0.5879165530204773
vn 0.7567670345306396 -0.28575819730758667 -0.5879165530204773
vn 0.016919242218136787 -0.1349533349275589 -0.990707516670227
vn 0.016919242218136787 -0.1349533051252365 -0.990707516670227
vn 0.016919242218136787 -0.1349533498287201 -0.990707516670227
vn 0.016919242218136787 -0.1349533349275589 -0.990707516670227
vn 0.016919242218136787 -0.1349533498287201 -0.990707516670227
vn 0.016919244080781937 -0.1349533498287201 -0.990707516670227
vn -0.6801022887229919 -0.26790329813957214 -0.6824139356613159
vn -0.6801021695137024 -0.26790332794189453 -0.6824139356613159
vn -0.6801022291183472 -0.26790332794189453 -0.6824138760566711
vn -0.6801022887229919 -0.26790329813957214 -0.6824139356613159
vn -0.6801022291183472 -0.26790332794189453 -0.6824138760566711
vn -0.6801022291183472 -0.26790332794189453 -0.6824138760566711
vn -0.9808607697486877 -0.09859364479780197 0.1679031401872635
vn -0.9808607697486877 -0.09859365224838257 0.16790315508842468
vn -0.9808607697486877 -0.09859362989664078 0.1679031401872635
vn -0.9808607697486877 -0.09859364479780197 0.1679031401872635
vn -0.9808607697486877 -0.09859362989664078 0.1679031401872635
vn -0.9808607697486877 -0.09859364479780197 0.1679031401872635
vn -0.5071882605552673 -0.29161086678504944 0.8110013008117676
vn -0.5071882605552673 -0.29161083698272705 0.8110013604164124
vn -0.5071882605552673 -0.29161080718040466 0.8110013604164124
vn -0.5071882605552673 -0.29161086678504944 0.8110013008117676
vn -0.5071882605552673 -0.29161080718040466 0.8110013604164124
vn -0.5071882605552673 -0.29161083698272705 0.8110013604164124
vn 0.35066351294517517 -0.20209863781929016 0.9144349098205566
vn 0.35066351294517517 -0.20209862291812897 0.9144349098205566
vn 0.35066351294517517 -0.20209863781929016 0.9144349098205566
vn 0.35066351294517517 -0.20209863781929016 0.9144349098205566
vn 0.35066351294517517 -0.20209863781929016 0.9144349098205566
vn 0.35066351294517517 -0.20209862291812897 0.9144349098205566
vn 0.9585082530975342 -0.23473666608333588 0.16174252331256866
vn 0.9585082530975342 -0.23473668098449707 0.16174252331256866
vn 0.9585082530975342 -0.23473668098449707 0.16174253821372986
vn 0.9585082530975342 -0.23473666608333588 0.16174252331256866
vn 0.9585082530975342 -0.23473668098449707 0.16174253821372986
vn 0.9585082530975342 -0.23473669588565826 0.16174253821372986
vn 0.791257917881012 0.41705945134162903 -0.44718271493911743
vn 0.7912578582763672 0.4170595109462738 -0.44718268513679504
vn 0.7912578582763672 0.4170595407485962 -0.44718268513679504
vn 0.791257917881012 0.41705945134162903 -0.44718271493911743
vn 0.7912578582763672 0.4170595407485962 -0.44718268513679504
vn 0.791257917881012 0.41705945134162903 -0.44718271493911743
vn 0.019383162260055542 0.4778646230697632 -0.8782196044921875
vn 0.019383160397410393 0.47786468267440796 -0.8782196044921875
vn 0.019383160397410393 0.47786468267440796 -0.8782196044921875
vn 0.019383162260055542 0.4778646230697632 -0.8782196044921875
vn 0.019383160397410393 0.47786468267440796 -0.8782196044921875
vn 0.019383162260055542 0.47786468267440796 -0.8782196044921875
vn -0.7291662096977234 0.4996098279953003 -0.4676607847213745
vn -0.7291662096977234 0.4996098279953003 -0.4676607847213745
vn -0.7291662693023682 0.4996097981929779 -0.4676607847213745
vn -0.7291662096977234 0.4996098279953003 -0.4676607847213745
vn -0.7291662693023682 0.4996097981929779 -0.4676607847213745
vn -0.7291662693023682 0.4996097981929779 -0.4676607847213745
vn -0.8951345086097717 0.4055027961730957 0.18520720303058624
vn -0.8951345086097717 0.4055027961730957 0.18520717322826385
vn -0.8951345086097717 0.4055028557777405 0.18520718812942505
vn -0.8951345086097717 0.4055027961730957 0.18520720303058624
vn -0.8951345086097717 0.4055028557777405 0.18520718812942505
vn -0.8951345086097717 0.4055027961730957 0.18520715832710266
vn -0.5376116633415222 0.452901154756546 0.7112342715263367
vn -0.5376116633415222 0.452901154756546 0.7112342715263367
vn -0.537611722946167 0.45290106534957886 0.7112343311309814
vn -0.5376116633415222 0.452901154756546 0.7112342715263367
vn -0.537611722946167 0.45290106534957886 0.7112343311309814
vn -0.5376116633415222 0.452901154756546 0.7112342715263367
vn 0.3858517110347748 0.3540552258491516 0.8519174456596375
vn 0.38585174083709717 0.354055255651474 0.8519174456596375
vn 0.38585174083709717 0.354055255651474 0.8519174456596375
vn 0.3858517110347748 0.3540552258491516 0.8519174456596375
vn 0.38585174083709717 0.354055255651474 0.8519174456596375
vn 0.38585177063941956 0.3540552258491516 0.8519174456596375
vn 0.8988234996795654 0.40844452381134033 0.15902623534202576
vn 0.8988234996795654 0.4084445536136627 0.15902623534202576
vn 0.8988234996795654 0.4084445536136627 0.15902623534202576
vn 0.8988234996795654 0.40844452381134033 0.15902623534202576
vn 0.8988234996795654 0.4084445536136627 0.15902623534202576
vn 0.8988234996795654 0.40844452381134033 0.15902623534202576
vn 0.7046152949333191 0.2592640519142151 -0.6605296730995178
vn 0.7046152949333191 0.2592640519142151 -0.6605296730995178
vn 0.7046152353286743 0.2592640817165375 -0.6605296730995178
vn 0.07374304533004761 0.2918725609779358 -0.9536101818084717
vn 0.07374304533004761 0.2918725907802582 -0.9536101818084717
vn 0.0737430527806282 0.2918725907802582 -0.9536101818084717
vn -0.747917890548706 0.42554235458374023 -0.5094434022903442
vn -0.747917890548706 0.42554235458374023 -0.5094434022903442
vn -0.747917890548706 0.42554232478141785 -0.5094433426856995
vn -0.8242959380149841 0.5332950353622437 0.19008587300777435
vn -0.8242959380149841 0.5332949757575989 0.19008587300777435
vn -0.8242959380149841 0.5332950353622437 0.19008588790893555
vn -0.5559475421905518 0.5567425489425659 0.6172196269035339
vn -0.5559475421905518 0.5567426085472107 0.6172195672988892
vn -0.5559475421905518 0.5567425489425659 0.6172196269035339
vn 0.4052277207374573 0.43737268447875977 0.8028048276901245
vn 0.4052276909351349 0.43737268447875977 0.8028048276901245
vn 0.4052277207374573 0.43737268447875977 0.8028048276901245
vn 0.9402288198471069 0.2761908769607544 0.1992194950580597
vn 0.9402288198471069 0.2761908769607544 0.1992194801568985
vn 0.9402288198471069 0.2761908769607544 0.1992194801568985
vn -0.0018999141175299883 0.31949982047080994 -0.9475844502449036
vn -0.001899914350360632 0.31949982047080994 -0.9475844502449036
vn -0.0018999141175299883 0.31949982047080994 -0.9475844502449036
vn -0.0018999141175299883 0.31949982047080994 -0.9475844502449036
vn -0.0018999141175299883 0.31949982047080994 -0.9475844502449036
vn -0.0018999142339453101 0.31949982047080994 -0.9475844502449036
vn 0.8366027474403381 0.1953653246164322 -0.5117892622947693
vn 0.8366027474403381 0.1953653246164322 -0.5117892622947693
vn 0.8366027474403381 0.1953652948141098 -0.5117892622947693
vn 0.8366027474403381 0.1953653246164322 -0.5117892622947693
vn 0.8366027474403381 0.1953652948141098 -0.5117892622947693
vn 0.8366027474403381 0.195365309715271 -0.5117892622947693
vn 0.9146828651428223 0.2587847113609314 0.31046056747436523
vn 0.9146828651428223 0.258784681558609 0.31046056747436523
vn 0.9146828651428223 0.258784681558609 0.31046056747436523
vn 0.9146828651428223 0.2587847113609314 0.31046056747436523
vn 0.9146828651428223 0.258784681558609 0.31046056747436523
vn 0.9146828651428223 0.258784681558609 0.31046050786972046
vn 0.3808034658432007 0.22692705690860748 0.8963776230812073
vn 0.38080349564552307 0.2269269973039627 0.8963776230812073
vn 0.3808034658432007 0.22692705690860748 0.8963776230812073
vn 0.3808034658432007 0.22692705690860748 0.8963776230812073
vn 0.3808034658432007 0.22692705690860748 0.8963776230812073
vn 0.38080349564552307 0.22692705690860748 0.8963776230812073
vn -0.443855345249176 0.20117273926734924 0.8732250332832336
vn -0.4438554048538208 0.20117276906967163 0.8732249736785889
vn -0.4438554048538208 0.20117276906967163 0.8732250332832336
vn -0.443855345249176 0.20117273926734924 0.8732250332832336
vn -0.4438554048538208 0.20117276906967163 0.8732250332832336
vn -0.4438553750514984 0.20117276906967163 0.8732250332832336
vn -0.9637689590454102 0.24941693246364594 0.09455481916666031
vn -0.9637689590454102 0.24941693246364594 0.09455481916666031
vn -0.9637689590454102 0.24941693246364594 0.09455481916666031
vn -0.9637689590454102 0.24941693246364594 0.09455481916666031
vn -0.9637689590454102 0.24941693246364594 0.09455481916666031
vn -0.9637689590454102 0.24941693246364594 0.0945548340678215
vn -0.7286041378974915 0.3972327709197998 -0.5579804182052612
vn -0.7286041378974915 0.3972327709197998 -0.5579803586006165
vn -0.7286041378974915 0.3972327709197998 -0.5579803586006165
vn -0.7286041378974915 0.3972327709197998 -0.5579804182052612
vn -0.7286041378974915 0.3972327709197998 -0.5579803586006165
vn -0.7286041378974915 0.3972327709197998 -0.5579803586006165
vn -0.7680457234382629 -0.2891494333744049 -0.5714004039764404
vn -0.7680456638336182 -0.2891494035720825 -0.5714004635810852
vn -0.7680457830429077 -0.2891494333744049 -0.5714002847671509
vn -0.7680457234382629 -0.2891494333744049 -0.5714004039764404
vn -0.7680457830429077 -0.2891494333744049 -0.5714002847671509
vn -0.7680456638336182 -0.2891494035720825 -0.5714004039764404
vn 0.11016319692134857 -0.2860800325870514 -0.951852023601532
vn 0.11016322672367096 -0.28608009219169617 -0.951852023601532
vn 0.11016320437192917 -0.2860800325870514 -0.951852023601532
vn 0.11016319692134857 -0.2860800325870514 -0.951852023601532
vn 0.11016320437192917 -0.2860800325870514 -0.951852023601532
vn 0.11016319692134857 -0.2860800325870514 -0.951852023601532
vn 0.7352019548416138 -0.36931556463241577 -0.5684049129486084
vn 0.7352019548416138 -0.36931559443473816 -0.5684049129486084
vn 0.7352019548416138 -0.369315505027771 -0.5684048533439636
vn 0.7352019548416138 -0.36931556463241577 -0.5684049129486084
vn 0.7352019548416138 -0.369315505027771 -0.5684048533439636
vn 0.7352019548416138 -0.36931556463241577 -0.5684049129486084
vn 0.8901197910308838 -0.3083011209964752 0.3356145918369293
vn 0.8901197910308838 -0.3083011507987976 0.3356146216392517
vn 0.8901197910308838 -0.3083012104034424 0.3356146216392517
vn 0.8901197910308838 -0.3083011209964752 0.3356145918369293
vn 0.8901197910308838 -0.3083012104034424 0.3356146216392517
vn 0.8901197910308838 -0.3083011507987976 0.3356145918369293
vn 0.37168148159980774 -0.41997283697128296 0.8279345631599426
vn 0.37168148159980774 -0.41997283697128296 0.8279345631599426
vn 0.37168148159980774 -0.41997283697128296 0.8279345631599426
vn 0.37168148159980774 -0.41997283697128296 0.8279345631599426
vn 0.37168148159980774 -0.41997283697128296 0.8279345631599426
vn 0.37168145179748535 -0.41997286677360535 0.8279345631599426
vn -0.43512535095214844 -0.3619353175163269 0.8244202136993408
vn -0.4351254403591156 -0.3619353473186493 0.8244202136993408
vn -0.4351254105567932 -0.3619353175163269 0.8244202136993408
vn -0.43512535095214844 -0.3619353175163269 0.8244202136993408
vn -0.4351254105567932 -0.3619353175163269 0.8244202136993408
vn -0.4351254105567932 -0.3619353175163269 0.8244202136993408
vn -0.9142770171165466 -0.38701891899108887 0.1196407601237297
vn -0.9142770171165466 -0.38701891899108887 0.11964075267314911
vn -0.9142770171165466 -0.3870188891887665 0.11964073777198792
vn -0.9142770171165466 -0.38701891899108887 0.1196407601237297
vn -0.9142770171165466 -0.3870188891887665 0.11964073777198792
vn -0.9142770171165466 -0.3870188891887665 0.11964073032140732
vn -0.5034635066986084 -0.5477926731109619 -0.6681674718856812
vn -0.5034635663032532 -0.5477926731109619 -0.6681674122810364
vn -0.5034635663032532 -0.5477926731109619 -0.6681674122810364
vn -0.5034635066986084 -0.5477926731109619 -0.6681674718856812
vn -0.5034635663032532 -0.5477926731109619 -0.6681674122810364
vn -0.5034635663032532 -0.5477926731109619 -0.6681674122810364
vn -0.7992438673973083 -0.6002478003501892 -0.030197059735655785
vn -0.7992438077926636 -0.6002478003501892 -0.030197057873010635
vn -0.7992438077926636 -0.6002478003501892 -0.030197057873010635
vn -0.7992438673973083 -0.6002478003501892 -0.030197059735655785
vn -0.7992438077926636 -0.6002478003501892 -0.030197057873010635
vn -0.7992438673973083 -0.6002478003501892 -0.030197063460946083
vn -0.37446466088294983 -0.6835468411445618 0.626530110836029
vn -0.37446466088294983 -0.6835468411445618 0.626530110836029
vn -0.37446457147598267 -0.6835469007492065 0.626530110836029
vn -0.37446466088294983 -0.6835468411445618 0.626530110836029
vn -0.37446457147598267 -0.6835469007492065 0.626530110836029
vn -0.37446466088294983 -0.6835468411445618 0.626530110836029
vn 0.18069371581077576 -0.46742385625839233 0.8653696775436401
vn 0.18069373071193695 -0.46742385625839233 0.8653696775436401
vn 0.18069368600845337 -0.46742385625839233 0.8653697371482849
vn 0.18069371581077576 -0.46742385625839233 0.8653696775436401
vn 0.18069368600845337 -0.46742385625839233 0.8653697371482849
vn 0.18069371581077576 -0.46742385625839233 0.8653696775436401
vn 0.7525732517242432 -0.41999393701553345 0.5071868896484375
vn 0.7525732517242432 -0.41999393701553345 0.5071869492530823
vn 0.7525733113288879 -0.41999387741088867 0.5071868896484375
vn 0.7525732517242432 -0.41999393701553345 0.5071868896484375
vn 0.7525733113288879 -0.41999387741088867 0.5071868896484375
vn 0.7525732517242432 -0.41999393701553345 0.5071868896484375
vn 0.7390403747558594 -0.5433650016784668 -0.3982132375240326
vn 0.7390403747558594 -0.5433650016784668 -0.39821329712867737
vn 0.7390403747558594 -0.5433650016784668 -0.3982132375240326
vn 0.7390403747558594 -0.5433650016784668 -0.3982132375240326
vn 0.7390403747558594 -0.5433650016784668 -0.3982132375240326
vn 0.7390403747558594 -0.5433650016784668 -0.3982132375240326
vn 0.422595351934433 -0.6468614935874939 -0.634809672832489
vn 0.4225952923297882 -0.6468615531921387 -0.6348097324371338
vn 0.4225953221321106 -0.6468616127967834 -0.634809672832489
vn 0.422595351934433 -0.6468614935874939 -0.634809672832489
vn 0.4225953221321106 -0.6468616127967834 -0.634809672832489
vn 0.4225953221321106 -0.6468614935874939 -0.634809672832489
vn -0.055069051682949066 -0.9923509359359741 -0.11048535257577896
vn -0.05506904795765877 -0.9923509359359741 -0.11048534512519836
vn -0.05506904795765877 -0.9923509359359741 -0.11048533022403717
vn -0.1837826669216156 -0.9679786562919617 0.1710008829832077
vn -0.18378271162509918 -0.9679785966873169 0.1710008978843689
vn -0.1837826669216156 -0.9679786562919617 0.1710008829832077
vn -0.08894942700862885 -0.9210482835769653 0.3791544735431671
vn -0.08894943445920944 -0.9210482239723206 0.3791544735431671
vn -0.08894943445920944 -0.9210482239723206 0.3791545033454895
vn 0.16655640304088593 -0.8780189156532288 0.44871118664741516
vn 0.16655637323856354 -0.8780189752578735 0.4487111568450928
vn 0.16655638813972473 -0.8780189156532288 0.4487111568450928
vn 0.2928606867790222 -0.882857620716095 0.36714446544647217
vn 0.29286065697669983 -0.882857620716095 0.3671444058418274
vn 0.29286065697669983 -0.882857620716095 0.36714446544647217
vn 0.3239378035068512 -0.9182532429695129 -0.22776152193546295
vn 0.32393786311149597 -0.9182531833648682 -0.22776153683662415
vn 0.32393786311149597 -0.9182531833648682 -0.22776153683662415
vn 0.3338502049446106 -0.9169225692749023 -0.21862520277500153
vn 0.3338502049446106 -0.9169226288795471 -0.21862518787384033
vn 0.3338501751422882 -0.9169226288795471 -0.21862521767616272
vn -0.4421309530735016 0.4218745529651642 -0.7915440797805786
vn -0.44213101267814636 0.4218745231628418 -0.7915440797805786
vn -0.44213101267814636 0.4218745827674866 -0.7915440797805786
vn -0.4421309530735016 0.4218745529651642 -0.7915440797805786
vn -0.44213101267814636 0.4218745827674866 -0.7915440797805786
vn -0.442130982875824 0.4218745231628418 -0.7915440797805786
vn -0.8979623317718506 0.42911919951438904 -0.09757204353809357
vn -0.8979623913764954 0.42911919951438904 -0.09757205098867416
vn -0.8979623913764954 0.42911919951438904 -0.09757205098867416
vn -0.8979623317718506 0.42911919951438904 -0.09757204353809357
vn -0.8979623913764954 0.42911919951438904 -0.09757205098867416
vn -0.8979623913764954 0.42911913990974426 -0.09757204353809357
vn -0.6128498315811157 0.43208661675453186 0.6616013050079346
vn -0.612849771976471 0.43208664655685425 0.6616013050079346
vn -0.612849771976471 0.43208664655685425 0.6616013050079346
vn -0.6128498315811157 0.43208661675453186 0.6616013050079346
vn -0.612849771976471 0.43208664655685425 0.6616013050079346
vn -0.6128498315811157 0.43208661675453186 0.6616013050079346
vn 0.13956530392169952 0.5540372729301453 0.8207095861434937
vn 0.13956530392169952 0.5540372729301453 0.8207095861434937
vn 0.13956531882286072 0.5540372729301453 0.8207095861434937
vn 0.13956530392169952 0.5540372729301453 0.8207095861434937
vn 0.13956531882286072 0.5540372729301453 0.8207095861434937
vn 0.13956528902053833 0.5540372133255005 0.8207095861434937
vn 0.7333298325538635 0.5274597406387329 0.42896807193756104
vn 0.7333298325538635 0.5274598002433777 0.42896804213523865
vn 0.7333298325538635 0.5274596810340881 0.42896807193756104
vn 0.7333298325538635 0.5274597406387329 0.42896807193756104
vn 0.7333298325538635 0.5274596810340881 0.42896807193756104
vn 0.7333297729492188 0.5274597406387329 0.42896807193756104
vn 0.6777888536453247 0.6257840394973755 -0.3860008120536804
vn 0.6777888536453247 0.6257840394973755 -0.3860008120536804
vn 0.6777888536453247 0.6257840394973755 -0.38600078225135803
vn 0.6777888536453247 0.6257840394973755 -0.3860008120536804
vn 0.6777888536453247 0.6257840394973755 -0.38600078225135803
vn 0.6777888536453247 0.6257840394973755 -0.3860008120536804
vn 0.20762765407562256 0.39562708139419556 -0.8946340084075928
vn 0.20762766897678375 0.39562708139419556 -0.8946340084075928
vn 0.20762765407562256 0.39562711119651794 -0.8946340084075928
vn 0.20762765407562256 0.39562708139419556 -0.8946340084075928
vn 0.20762765407562256 0.39562711119651794 -0.8946340084075928
vn 0.20762766897678375 0.39562711119651794 -0.894633948802948
vn -0.5379348993301392 -0.38177239894866943 -0.7515822649002075
vn -0.5379348993301392 -0.38177239894866943 -0.7515822649002075
vn -0.5379348993301392 -0.38177239894866943 -0.7515822649002075
vn -0.5379348993301392 -0.38177239894866943 -0.7515822649002075
vn -0.5379348993301392 -0.38177239894866943 -0.7515822649002075
vn -0.5379348993301392 -0.38177239894866943 -0.7515822649002075
vn -0.965395450592041 -0.2605469226837158 -0.011265184730291367
vn -0.965395450592041 -0.2605469524860382 -0.011265184730291367
vn -0.965395450592041 -0.2605469524860382 -0.011265185661613941
vn -0.965395450592041 -0.2605469226837158 -0.011265184730291367
vn -0.965395450592041 -0.2605469524860382 -0.011265185661613941
vn -0.965395450592041 -0.2605469524860382 -0.011265184730291367
vn -0.6386953592300415 -0.3331233859062195 0.6936115622520447
vn -0.6386953592300415 -0.3331233263015747 0.6936116814613342
vn -0.6386953592300415 -0.3331233561038971 0.6936116218566895
vn -0.6386953592300415 -0.3331233859062195 0.6936115622520447
vn -0.6386953592300415 -0.3331233561038971 0.6936116218566895
vn -0.6386953592300415 -0.3331233263015747 0.6936116218566895
vn 0.1779480278491974 -0.04804622381925583 0.9828662276268005
vn 0.1779480278491974 -0.04804622754454613 0.9828662276268005
vn 0.1779480129480362 -0.04804622009396553 0.9828662276268005
vn 0.1779480278491974 -0.04804622381925583 0.9828662276268005
vn 0.1779480129480362 -0.04804622009396553 0.9828662276268005
vn 0.1779480278491974 -0.04804622381925583 0.9828662276268005
vn 0.8411520719528198 -0.17042888700962067 0.5132418274879456
vn 0.8411520719528198 -0.17042887210845947 0.5132418274879456
vn 0.8411520719528198 -0.17042891681194305 0.5132418274879456
vn 0.8411520719528198 -0.17042888700962067 0.5132418274879456
vn 0.8411520719528198 -0.17042891681194305 0.5132418274879456
vn 0.8411520719528198 -0.17042888700962067 0.5132418274879456
vn 0.9348282217979431 -0.09442965686321259 -0.3423144817352295
vn 0.9348282217979431 -0.09442965686321259 -0.3423144817352295
vn 0.9348282217979431 -0.09442964941263199 -0.3423144817352295
vn 0.9348282217979431 -0.09442965686321259 -0.3423144817352295
vn 0.9348282217979431 -0.09442964941263199 -0.3423144817352295
vn 0.9348282217979431 -0.09442964941263199 -0.3423144817352295
vn 0.20127880573272705 -0.23958101868629456 -0.9497830271720886
vn 0.20127880573272705 -0.23958101868629456 -0.9497830271720886
vn 0.20127880573272705 -0.23958098888397217 -0.9497830271720886
vn 0.20127880573272705 -0.23958101868629456 -0.9497830271720886
vn 0.20127880573272705 -0.23958098888397217 -0.9497830271720886
vn 0.20127882063388824 -0.23958101868629456 -0.9497830271720886
vn -0.5019084811210632 0.3307117521762848 -0.7991981506347656
vn -0.5019084215164185 0.3307117223739624 -0.7991981506347656
vn -0.5019084215164185 0.3307117223739624 -0.7991981506347656
vn -0.5019084811210632 0.3307117521762848 -0.7991981506347656
vn -0.5019084215164185 0.3307117223739624 -0.7991981506347656
vn -0.5019084215164185 0.3307117223739624 -0.7991981506347656
vn -0.9334309697151184 0.35696718096733093 -0.03579142689704895
vn -0.9334310293197632 0.35696709156036377 -0.03579142317175865
vn -0.9334310293197632 0.35696712136268616 -0.03579142317175865
vn -0.9334309697151184 0.35696718096733093 -0.03579142689704895
vn -0.9334310293197632 0.35696712136268616 -0.03579142317175865
vn -0.9334309697151184 0.35696718096733093 -0.03579142689704895
vn -0.5424114465713501 0.4539209008216858 0.7069268822669983
vn -0.5424114465713501 0.45392096042633057 0.7069268822669983
vn -0.5424113869667053 0.4539209306240082 0.7069268822669983
vn -0.5424114465713501 0.4539209008216858 0.7069268822669983
vn -0.5424113869667053 0.4539209306240082 0.7069268822669983
vn -0.5424114465713501 0.4539209008216858 0.7069268822669983
vn 0.11585306376218796 0.4526592195034027 0.8841253519058228
vn 0.11585306376218796 0.4526592195034027 0.8841253519058228
vn 0.11585307121276855 0.4526592195034027 0.8841253519058228
vn 0.11585306376218796 0.4526592195034027 0.8841253519058228
vn 0.11585307121276855 0.4526592195034027 0.8841253519058228
vn 0.11585305631160736 0.4526592493057251 0.8841253519058228
vn 0.6384028196334839 0.5607719421386719 0.5272348523139954
vn 0.6384028196334839 0.5607719421386719 0.5272349119186401
vn 0.6384028792381287 0.5607718229293823 0.5272349119186401
vn 0.6384028196334839 0.5607719421386719 0.5272348523139954
vn 0.6384028792381287 0.5607718229293823 0.5272349119186401
vn 0.6384028792381287 0.5607719421386719 0.5272348523139954
vn 0.7962374091148376 0.4509669840335846 -0.4032800793647766
vn 0.7962374091148376 0.4509669840335846 -0.4032800495624542
vn 0.7962374687194824 0.4509669244289398 -0.40328001976013184
vn 0.7962374091148376 0.4509669840335846 -0.4032800793647766
vn 0.7962374687194824 0.4509669244289398 -0.40328001976013184
vn 0.7962374091148376 0.4509669840335846 -0.4032800495624542
vn 0.09570996463298798 0.3977862596511841 -0.9124723076820374
vn 0.09570994228124619 0.3977862000465393 -0.9124723076820374
vn 0.09570994973182678 0.3977861702442169 -0.9124723076820374
vn 0.09570996463298798 0.3977862596511841 -0.9124723076820374
vn 0.09570994973182678 0.3977861702442169 -0.9124723076820374
vn 0.09570996463298798 0.3977862000465393 -0.9124723076820374
vn -0.6884629130363464 0.1520610749721527 -0.7091518044471741
vn -0.6884629130363464 0.1520610749721527 -0.7091518044471741
vn -0.6884629130363464 0.1520610898733139 -0.7091518044471741
vn -0.9827537536621094 0.16521543264389038 -0.08305943012237549
vn -0.9827537536621094 0.16521543264389038 -0.08305943012237549
vn -0.9827537536621094 0.16521543264389038 -0.08305943012237549
vn -0.5721328258514404 0.37650778889656067 0.7286328673362732
vn -0.5721328258514404 0.37650784850120544 0.728632926940918
vn -0.5721328258514404 0.37650784850120544 0.728632926940918
vn 0.1006239727139473 0.5789488554000854 0.8091310262680054
vn 0.1006239652633667 0.5789488554000854 0.8091310262680054
vn 0.1006239727139473 0.5789488554000854 0.8091310262680054
vn 0.5275559425354004 0.6538556218147278 0.5423628687858582
vn 0.5275559425354004 0.6538556218147278 0.5423629283905029
vn 0.5275559425354004 0.6538556218147278 0.5423629283905029
vn 0.7345378994941711 0.5279298424720764 -0.4263145923614502
vn 0.7345378398895264 0.5279298424720764 -0.42631465196609497
vn 0.7345378398895264 0.5279298424720764 -0.42631471157073975
vn 0.15678584575653076 0.27114298939704895 -0.9496839642524719
vn 0.15678583085536957 0.27114295959472656 -0.9496840238571167
vn 0.15678583085536957 0.27114295959472656 -0.9496840238571167
vn -0.9807393550872803 0.19511203467845917 -0.009033281356096268
vn -0.9807393550872803 0.19511204957962036 -0.009033283218741417
vn -0.9807393550872803 0.19511204957962036 -0.009033282287418842
vn -0.9807393550872803 0.19511203467845917 -0.009033281356096268
vn -0.9807393550872803 0.19511204957962036 -0.009033282287418842
vn -0.9807393550872803 0.19511206448078156 -0.009033282287418842
vn -0.5326003432273865 0.10428626835346222 -0.8399174213409424
vn -0.5326003432273865 0.10428626090288162 -0.8399174213409424
vn -0.5326003432273865 0.10428627580404282 -0.8399174213409424
vn -0.5326003432273865 0.10428626835346222 -0.8399174213409424
vn -0.5326003432273865 0.10428627580404282 -0.8399174213409424
vn -0.5326002836227417 0.10428626090288162 -0.8399174213409424
vn 0.2698166072368622 0.2689635157585144 -0.9245851039886475
vn 0.2698166072368622 0.2689635157585144 -0.9245851039886475
vn 0.2698165774345398 0.2689635157585144 -0.9245851039886475
vn 0.2698166072368622 0.2689635157585144 -0.9245851039886475
vn 0.2698165774345398 0.2689635157585144 -0.9245851039886475
vn 0.2698165774345398 0.2689635157585144 -0.9245851039886475
vn 0.8589324951171875 0.3289039731025696 -0.39250117540359497
vn 0.8589324951171875 0.3289039731025696 -0.39250120520591736
vn 0.8589324355125427 0.3289039731025696 -0.39250126481056213
vn 0.8589324951171875 0.3289039731025696 -0.39250117540359497
vn 0.8589324355125427 0.3289039731025696 -0.39250126481056213
vn 0.8589324951171875 0.3289039433002472 -0.39250120520591736
vn 0.8376708626747131 0.32460853457450867 0.4392458200454712
vn 0.8376708030700684 0.32460853457450867 0.4392458200454712
vn 0.8376708626747131 0.32460853457450867 0.4392458200454712
vn 0.8376708626747131 0.32460853457450867 0.4392458200454712
vn 0.8376708626747131 0.32460853457450867 0.4392458200454712
vn 0.8376708030700684 0.32460853457450867 0.4392457902431488
vn 0.050261303782463074 0.28723952174186707 0.9565392136573792
vn 0.05026130750775337 0.28723961114883423 0.9565391540527344
vn 0.05026130750775337 0.28723958134651184 0.9565392136573792
vn 0.050261303782463074 0.28723952174186707 0.9565392136573792
vn 0.05026130750775337 0.28723958134651184 0.9565392136573792
vn 0.05026131123304367 0.28723955154418945 0.9565392136573792
vn -0.6152393221855164 0.34191906452178955 0.7103322744369507
vn -0.6152393221855164 0.34191903471946716 0.7103323340415955
vn -0.6152393221855164 0.34191903471946716 0.7103322744369507
vn -0.6152393221855164 0.34191906452178955 0.7103322744369507
vn -0.6152393221855164 0.34191903471946716 0.7103322744369507
vn -0.6152393221855164 0.34191906452178955 0.7103322744369507
vn -0.5245641469955444 -0.337240070104599 0.7817298769950867
vn -0.5245641469955444 -0.337240070104599 0.7817298769950867
vn -0.5245640873908997 -0.3372400104999542 0.7817299365997314
vn -0.5245641469955444 -0.337240070104599 0.7817298769950867
vn -0.5245640873908997 -0.3372400104999542 0.7817299365997314
vn -0.5245640873908997 -0.3372400403022766 0.7817299365997314
vn -0.9062652587890625 -0.41071754693984985 -0.09997182339429855
vn -0.9062652587890625 -0.41071754693984985 -0.09997182339429855
vn -0.9062652587890625 -0.41071754693984985 -0.09997182339429855
vn -0.9062652587890625 -0.41071754693984985 -0.09997182339429855
vn -0.9062652587890625 -0.41071754693984985 -0.09997182339429855
vn -0.9062652587890625 -0.41071760654449463 -0.09997183829545975
vn -0.5059281587600708 -0.46275991201400757 -0.7279354333877563
vn -0.5059282183647156 -0.4627598524093628 -0.7279354333877563
vn -0.5059281587600708 -0.4627598822116852 -0.7279354333877563
vn -0.5059281587600708 -0.46275991201400757 -0.7279354333877563
vn -0.5059281587600708 -0.4627598822116852 -0.7279354333877563
vn -0.5059281587600708 -0.4627598822116852 -0.7279354333877563
vn 0.38419291377067566 -0.28795355558395386 -0.8771992921829224
vn 0.38419294357299805 -0.28795355558395386 -0.8771992325782776
vn 0.38419288396835327 -0.2879534959793091 -0.8771992921829224
vn 0.38419291377067566 -0.28795355558395386 -0.8771992921829224
vn 0.38419288396835327 -0.2879534959793091 -0.8771992921829224
vn 0.38419294357299805 -0.28795355558395386 -0.8771992325782776
vn 0.8795003294944763 -0.31883537769317627 -0.35330328345298767
vn 0.8795002698898315 -0.31883537769317627 -0.35330328345298767
vn 0.8795002698898315 -0.31883537769317627 -0.35330328345298767
vn 0.8795003294944763 -0.31883537769317627 -0.35330328345298767
vn 0.8795002698898315 -0.31883537769317627 -0.35330328345298767
vn 0.8795002698898315 -0.31883537769317627 -0.35330328345298767
vn 0.8638200759887695 -0.2393520325422287 0.443311870098114
vn 0.8638200759887695 -0.2393520325422287 0.443311870098114
vn 0.8638200759887695 -0.2393520325422287 0.443311870098114
vn 0.8638200759887695 -0.2393520325422287 0.443311870098114
vn 0.8638200759887695 -0.2393520325422287 0.443311870098114
vn 0.8638200759887695 -0.2393520325422287 0.443311870098114
vn 0.1757938414812088 -0.3399662971496582 0.9238611459732056
vn 0.1757938414812088 -0.3399663269519806 0.9238611459732056
vn 0.1757938414812088 -0.3399662971496582 0.9238611459732056
vn 0.1757938414812088 -0.3399662971496582 0.9238611459732056
vn 0.1757938414812088 -0.3399662971496582 0.9238611459732056
vn 0.1757938414812088 -0.3399662971496582 0.9238611459732056
vt 0.4963093101978302 0.18077383935451508
vt 0.4963093101978302 0.18077383935451508
vt 0.4963093101978302 0.18077386915683746
vt 0.4963093101978302 0.18077383935451508
vt 0.4963093101978302 0.18077386915683746
vt 0.4963093101978302 0.18077386915683746
vt 0.4963093101978302 0.18077389895915985
vt 0.4963093101978302 0.18077389895915985
vt 0.4963093101978302 0.18077383935451508
vt 0.4963093101978302 0.18077389895915985
vt 0.4963093101978302 0.18077383935451508
vt 0.4963093101978302 0.18077383935451508
vt 0.4963093101978302 0.18077383935451508
vt 0.4963092505931854 0.18077383935451508
vt 0.4963092505931854 0.18077386915683746
vt 0.4963093101978302 0.18077383935451508
vt 0.4963092505931854 0.18077386915683746
vt 0.4963093101978302 0.18077386915683746
vt 0.4963093101978302 0.18077383935451508
vt 0.4963093101978302 0.18077383935451508
vt 0.4963093101978302 0.18077386915683746
vt 0.4963093101978302 0.18077383935451508
vt 0.4963093101978302 0.18077386915683746
vt 0.4963093101978302 0.18077386915683746
vt 0.4963093101978302 0.18077386915683746
vt 0.4963093101978302 0.18077386915683746
vt 0.4963093101978302 0.18077386915683746
vt 0.4963093101978302 0.18077386915683746
vt 0.4963093101978302 0.18077386915683746
vt 0.4963093101978302 0.18077386915683746
vt 0.4963093101978302 0.18077386915683746
vt 0.4963093101978302 0.18077389895915985
vt 0.4963093101978302 0.18077389895915985
vt 0.4963093101978302 0.18077386915683746
vt 0.4963093101978302 0.18077389895915985
vt 0.4963093101978302 0.18077386915683746
vt 0.4963093101978302 0.18077389895915985
vt 0.4963093101978302 0.18077389895915985
vt 0.4963093101978302 0.18077389895915985
vt 0.4963093101978302 0.18077389895915985
vt 0.4963093101978302 0.18077389895915985
vt 0.4963093101978302 0.18077389895915985
vt 0.4963093101978302 0.18077389895915985
vt 0.4963093101978302 0.18077386915683746
vt 0.4963093101978302 0.18077386915683746
vt 0.4963093101978302 0.18077389895915985
vt 0.4963093101978302 0.18077386915683746
vt 0.4963093101978302 0.18077389895915985
vt 0.4963093101978302 0.18077386915683746
vt 0.4963093101978302 0.18077386915683746
vt 0.4963093101978302 0.18077386915683746
vt 0.4963093101978302 0.18077386915683746
vt 0.4963093101978302 0.18077386915683746
vt 0.4963093101978302 0.18077386915683746
vt 0.4963093101978302 0.18077386915683746
vt 0.4963093101978302 0.18077389895915985
vt 0.4963093101978302 0.18077389895915985
vt 0.4963093101978302 0.18077386915683746
vt 0.4963093101978302 0.18077389895915985
vt 0.4963093101978302 0.18077386915683746
vt 0.4963093101978302 0.18077389895915985
vt 0.4963093101978302 0.18077389895915985
vt 0.4963093101978302 0.18077389895915985
vt 0.4963093101978302 0.18077389895915985
vt 0.4963093101978302 0.18077389895915985
vt 0.4963093101978302 0.18077389895915985
vt 0.4963093101978302 0.18077389895915985
vt 0.4963093101978302 0.18077386915683746
vt 0.4963093101978302 0.18077386915683746
vt 0.4963093101978302 0.18077389895915985
vt 0.4963093101978302 0.18077386915683746
vt 0.4963093101978302 0.18077389895915985
vt 0.4963093101978302 0.2046836018562317
vt 0.4963093101978302 0.2046836018562317
vt 0.4963093101978302 0.20468363165855408
vt 0.4963093101978302 0.2046836018562317
vt 0.4963093101978302 0.20468363165855408
vt 0.4963093101978302 0.20468363165855408
vt 0.4963093101978302 0.20468366146087646
vt 0.4963093101978302 0.20468366146087646
vt 0.4963093101978302 0.2046836018562317
vt 0.4963093101978302 0.20468366146087646
vt 0.4963093101978302 0.2046836018562317
vt 0.4963093101978302 0.2046836018562317
vt 0.4963093101978302 0.2046836018562317
vt 0.4963092505931854 0.2046836018562317
vt 0.4963092505931854 0.20468363165855408
vt 0.4963093101978302 0.2046836018562317
vt 0.4963092505931854 0.20468363165855408
vt 0.4963093101978302 0.20468363165855408
vt 0.4963093101978302 0.2046836018562317
vt 0.4963093101978302 0.2046836018562317
vt 0.4963093101978302 0.20468363165855408
vt 0.4963093101978302 0.2046836018562317
vt 0.4963093101978302 0.20468363165855408
vt 0.4963093101978302 0.20468363165855408
vt 0.4963093101978302 0.20468363165855408
vt 0.4963093101978302 0.20468363165855408
vt 0.4963093101978302 0.20468363165855408
vt 0.4963093101978302 0.20468363165855408
vt 0.4963093101978302 0.20468363165855408
vt 0.4963093101978302 0.20468363165855408
vt 0.4963093101978302 0.20468363165855408
vt 0.4963093101978302 0.20468366146087646
vt 0.4963093101978302 0.20468366146087646
vt 0.4963093101978302 0.20468363165855408
vt 0.4963093101978302 0.20468366146087646
vt 0.4963093101978302 0.20468363165855408
vt 0.4963093101978302 0.20468366146087646
vt 0.4963093101978302 0.20468366146087646
vt 0.4963093101978302 0.20468366146087646
vt 0.4963093101978302 0.20468366146087646
vt 0.4963093101978302 0.20468366146087646
vt 0.4963093101978302 0.20468366146087646
vt 0.4963093101978302 0.20468366146087646
vt 0.4963093101978302 0.20468363165855408
vt 0.4963093101978302 0.20468363165855408
vt 0.4963093101978302 0.20468366146087646
vt 0.4963093101978302 0.20468363165855408
vt 0.4963093101978302 0.20468366146087646
vt 0.4963093101978302 0.20468363165855408
vt 0.4963093101978302 0.20468363165855408
vt 0.4963093101978302 0.20468363165855408
vt 0.4963093101978302 0.20468363165855408
vt 0.4963093101978302 0.20468363165855408
vt 0.4963093101978302 0.20468363165855408
vt 0.4963093101978302 0.20468363165855408
vt 0.4963093101978302 0.20468366146087646
vt 0.4963093101978302 0.20468366146087646
vt 0.4963093101978302 0.20468363165855408
vt 0.4963093101978302 0.20468366146087646
vt 0.4963093101978302 0.20468363165855408
vt 0.4963093101978302 0.20468366146087646
vt 0.4963093101978302 0.20468366146087646
vt 0.4963093101978302 0.20468366146087646
vt 0.4963093101978302 0.20468366146087646
vt 0.4963093101978302 0.20468366146087646
vt 0.4963093101978302 0.20468366146087646
vt 0.4963093101978302 0.20468366146087646
vt 0.4963093101978302 0.20468363165855408
vt 0.4963093101978302 0.20468363165855408
vt 0.4963093101978302 0.20468366146087646
vt 0.4963093101978302 0.20468363165855408
vt 0.4963093101978302 0.20468366146087646
vt 0.4963093101978302 0.2046836018562317
vt 0.4963093101978302 0.2046836018562317
vt 0.4963093101978302 0.20468363165855408
vt 0.4963093101978302 0.2046836018562317
vt 0.4963093101978302 0.20468363165855408
vt 0.4963093101978302 0.20468363165855408
vt 0.4963093101978302 0.20468366146087646
vt 0.4963093101978302 0.20468366146087646
vt 0.4963093101978302 0.2046836018562317
vt 0.4963093101978302 0.20468366146087646
vt 0.4963093101978302 0.2046836018562317
vt 0.4963093101978302 0.2046836018562317
vt 0.4963093101978302 0.2046836018562317
vt 0.4963092505931854 0.2046836018562317
vt 0.4963092505931854 0.20468363165855408
vt 0.4963093101978302 0.2046836018562317
vt 0.4963092505931854 0.20468363165855408
vt 0.4963093101978302 0.20468363165855408
vt 0.4963093101978302 0.2046836018562317
vt 0.4963093101978302 0.2046836018562317
vt 0.4963093101978302 0.20468363165855408
vt 0.4963093101978302 0.2046836018562317
vt 0.4963093101978302 0.20468363165855408
vt 0.4963093101978302 0.20468363165855408
vt 0.4963093101978302 0.20468363165855408
vt 0.4963093101978302 0.20468363165855408
vt 0.4963093101978302 0.20468363165855408
vt 0.4963093101978302 0.20468363165855408
vt 0.4963093101978302 0.20468363165855408
vt 0.4963093101978302 0.20468363165855408
vt 0.4963093101978302 0.20468363165855408
vt 0.4963093101978302 0.20468366146087646
vt 0.4963093101978302 0.20468366146087646
vt 0.4963093101978302 0.20468363165855408
vt 0.4963093101978302 0.20468366146087646
vt 0.4963093101978302 0.20468363165855408
vt 0.4963093101978302 0.20468366146087646
vt 0.4963093101978302 0.20468366146087646
vt 0.4963093101978302 0.20468366146087646
vt 0.4963093101978302 0.20468366146087646
vt 0.4963093101978302 0.20468366146087646
vt 0.4963093101978302 0.20468366146087646
vt 0.4963093101978302 0.20468366146087646
vt 0.4963093101978302 0.20468363165855408
vt 0.4963093101978302 0.20468363165855408
vt 0.4963093101978302 0.20468366146087646
vt 0.4963093101978302 0.20468363165855408
vt 0.4963093101978302 0.20468366146087646
vt 0.4963093101978302 0.20468363165855408
vt 0.4963093101978302 0.20468363165855408
vt 0.4963093101978302 0.20468363165855408
vt 0.4963093101978302 0.20468363165855408
vt 0.4963093101978302 0.20468363165855408
vt 0.4963093101978302 0.20468363165855408
vt 0.4963093101978302 0.20468363165855408
vt 0.4963093101978302 0.20468366146087646
vt 0.4963093101978302 0.20468366146087646
vt 0.4963093101978302 0.20468363165855408
vt 0.4963093101978302 0.20468366146087646
vt 0.4963093101978302 0.20468363165855408
vt 0.4963093101978302 0.20468366146087646
vt 0.4963093101978302 0.20468366146087646
vt 0.4963093101978302 0.20468366146087646
vt 0.4963093101978302 0.20468366146087646
vt 0.4963093101978302 0.20468366146087646
vt 0.4963093101978302 0.20468366146087646
vt 0.4963093101978302 0.20468366146087646
vt 0.4963093101978302 0.20468363165855408
vt 0.4963093101978302 0.20468363165855408
vt 0.4963093101978302 0.20468366146087646
vt 0.4963093101978302 0.20468363165855408
vt 0.4963093101978302 0.20468366146087646
vt 0.4963093101978302 0.15543662011623383
vt 0.4963093101978302 0.15543662011623383
vt 0.4963093101978302 0.1554366499185562
vt 0.4963093101978302 0.15543662011623383
vt 0.4963093101978302 0.1554366499185562
vt 0.4963093101978302 0.1554366499185562
vt 0.4963093101978302 0.1554366797208786
vt 0.4963093101978302 0.1554366797208786
vt 0.4963093101978302 0.15543662011623383
vt 0.4963093101978302 0.1554366797208786
vt 0.4963093101978302 0.15543662011623383
vt 0.4963093101978302 0.15543662011623383
vt 0.4963093101978302 0.15543662011623383
vt 0.4963092505931854 0.15543662011623383
vt 0.4963092505931854 0.1554366499185562
vt 0.4963093101978302 0.15543662011623383
vt 0.4963092505931854 0.1554366499185562
vt 0.4963093101978302 0.1554366499185562
vt 0.4963093101978302 0.15543662011623383
vt 0.4963093101978302 0.15543662011623383
vt 0.4963093101978302 0.1554366499185562
vt 0.4963093101978302 0.15543662011623383
vt 0.4963093101978302 0.1554366499185562
vt 0.4963093101978302 0.1554366499185562
vt 0.4963093101978302 0.1554366499185562
vt 0.4963093101978302 0.1554366499185562
vt 0.4963093101978302 0.1554366499185562
vt 0.4963093101978302 0.1554366499185562
vt 0.4963093101978302 0.1554366499185562
vt 0.4963093101978302 0.1554366499185562
vt 0.4963093101978302 0.1554366499185562
vt 0.4963093101978302 0.1554366797208786
vt 0.4963093101978302 0.1554366797208786
vt 0.4963093101978302 0.1554366499185562
vt 0.4963093101978302 0.1554366797208786
vt 0.4963093101978302 0.1554366499185562
vt 0.4963093101978302 0.1554366797208786
vt 0.4963093101978302 0.1554366797208786
vt 0.4963093101978302 0.1554366797208786
vt 0.4963093101978302 0.1554366797208786
vt 0.4963093101978302 0.1554366797208786
vt 0.4963093101978302 0.1554366797208786
vt 0.4963093101978302 0.1554366797208786
vt 0.4963093101978302 0.1554366499185562
vt 0.4963093101978302 0.1554366499185562
vt 0.4963093101978302 0.1554366797208786
vt 0.4963093101978302 0.1554366499185562
vt 0.4963093101978302 0.1554366797208786
vt 0.4963093101978302 0.1554366499185562
vt 0.4963093101978302 0.1554366499185562
vt 0.4963093101978302 0.1554366499185562
vt 0.4963093101978302 0.1554366499185562
vt 0.4963093101978302 0.1554366499185562
vt 0.4963093101978302 0.1554366499185562
vt 0.4963093101978302 0.1554366499185562
vt 0.4963093101978302 0.1554366797208786
vt 0.4963093101978302 0.1554366797208786
vt 0.4963093101978302 0.1554366499185562
vt 0.4963093101978302 0.1554366797208786
vt 0.4963093101978302 0.1554366499185562
vt 0.4963093101978302 0.1554366797208786
vt 0.4963093101978302 0.1554366797208786
vt 0.4963093101978302 0.1554366797208786
vt 0.4963093101978302 0.1554366797208786
vt 0.4963093101978302 0.1554366797208786
vt 0.4963093101978302 0.1554366797208786
vt 0.4963093101978302 0.1554366797208786
vt 0.4963093101978302 0.1554366499185562
vt 0.4963093101978302 0.1554366499185562
vt 0.4963093101978302 0.1554366797208786
vt 0.4963093101978302 0.1554366499185562
vt 0.4963093101978302 0.1554366797208786
vt 0.4963093101978302 0.2046836018562317
vt 0.4963093101978302 0.2046836018562317
vt 0.4963093101978302 0.20468363165855408
vt 0.4963093101978302 0.2046836018562317
vt 0.4963093101978302 0.20468363165855408
vt 0.4963093101978302 0.20468363165855408
vt 0.4963093101978302 0.20468366146087646
vt 0.4963093101978302 0.20468366146087646
vt 0.4963093101978302 0.2046836018562317
vt 0.4963093101978302 0.20468366146087646
vt 0.4963093101978302 0.2046836018562317
vt 0.4963093101978302 0.2046836018562317
vt 0.4963093101978302 0.2046836018562317
vt 0.4963092505931854 0.2046836018562317
vt 0.4963092505931854 0.20468363165855408
vt 0.4963093101978302 0.2046836018562317
vt 0.4963092505931854 0.20468363165855408
vt 0.4963093101978302 0.20468363165855408
vt 0.4963093101978302 0.2046836018562317
vt 0.4963093101978302 0.2046836018562317
vt 0.4963093101978302 0.20468363165855408
vt 0.4963093101978302 0.2046836018562317
vt 0.4963093101978302 0.20468363165855408
vt 0.4963093101978302 0.20468363165855408
vt 0.4963093101978302 0.20468363165855408
vt 0.4963093101978302 0.20468363165855408
vt 0.4963093101978302 0.20468363165855408
vt 0.4963093101978302 0.20468363165855408
vt 0.4963093101978302 0.20468363165855408
vt 0.4963093101978302 0.20468363165855408
vt 0.4963093101978302 0.20468363165855408
vt 0.4963093101978302 0.20468366146087646
vt 0.4963093101978302 0.20468366146087646
vt 0.4963093101978302 0.20468363165855408
vt 0.4963093101978302 0.20468366146087646
vt 0.4963093101978302 0.20468363165855408
vt 0.4963093101978302 0.20468366146087646
vt 0.4963093101978302 0.20468366146087646
vt 0.4963093101978302 0.20468366146087646
vt 0.4963093101978302 0.20468366146087646
vt 0.4963093101978302 0.20468366146087646
vt 0.4963093101978302 0.20468366146087646
vt 0.4963093101978302 0.20468366146087646
vt 0.4963093101978302 0.20468363165855408
vt 0.4963093101978302 0.20468363165855408
vt 0.4963093101978302 0.20468366146087646
vt 0.4963093101978302 0.20468363165855408
vt 0.4963093101978302 0.20468366146087646
vt 0.4963093101978302 0.20468363165855408
vt 0.4963093101978302 0.20468363165855408
vt 0.4963093101978302 0.20468363165855408
vt 0.4963093101978302 0.20468363165855408
vt 0.4963093101978302 0.20468363165855408
vt 0.4963093101978302 0.20468363165855408
vt 0.4963093101978302 0.20468363165855408
vt 0.4963093101978302 0.20468366146087646
vt 0.4963093101978302 0.20468366146087646
vt 0.4963093101978302 0.20468363165855408
vt 0.4963093101978302 0.20468366146087646
vt 0.4963093101978302 0.20468363165855408
vt 0.4963093101978302 0.20468366146087646
vt 0.4963093101978302 0.20468366146087646
vt 0.4963093101978302 0.20468366146087646
vt 0.4963093101978302 0.20468366146087646
vt 0.4963093101978302 0.20468366146087646
vt 0.4963093101978302 0.20468366146087646
vt 0.4963093101978302 0.20468366146087646
vt 0.4963093101978302 0.20468363165855408
vt 0.4963093101978302 0.20468363165855408
vt 0.4963093101978302 0.20468366146087646
vt 0.4963093101978302 0.20468363165855408
vt 0.4963093101978302 0.20468366146087646
vt 0.4963093101978302 0.18077383935451508
vt 0.4963093101978302 0.18077383935451508
vt 0.4963093101978302 0.18077386915683746
vt 0.4963093101978302 0.18077383935451508
vt 0.4963093101978302 0.18077386915683746
vt 0.4963093101978302 0.18077386915683746
vt 0.4963093101978302 0.18077389895915985
vt 0.4963093101978302 0.18077389895915985
vt 0.4963093101978302 0.18077383935451508
vt 0.4963093101978302 0.18077389895915985
vt 0.4963093101978302 0.18077383935451508
vt 0.4963093101978302 0.18077383935451508
vt 0.4963093101978302 0.18077383935451508
vt 0.4963092505931854 0.18077383935451508
vt 0.4963092505931854 0.18077386915683746
vt 0.4963093101978302 0.18077383935451508
vt 0.4963092505931854 0.18077386915683746
vt 0.4963093101978302 0.18077386915683746
vt 0.4963093101978302 0.18077383935451508
vt 0.4963093101978302 0.18077383935451508
vt 0.4963093101978302 0.18077386915683746
vt 0.4963093101978302 0.18077383935451508
vt 0.4963093101978302 0.18077386915683746
vt 0.4963093101978302 0.18077386915683746
vt 0.4963093101978302 0.18077386915683746
vt 0.4963093101978302 0.18077386915683746
vt 0.4963093101978302 0.18077386915683746
vt 0.4963093101978302 0.18077386915683746
vt 0.4963093101978302 0.18077386915683746
vt 0.4963093101978302 0.18077386915683746
vt 0.4963093101978302 0.18077386915683746
vt 0.4963093101978302 0.18077389895915985
vt 0.4963093101978302 0.18077389895915985
vt 0.4963093101978302 0.18077386915683746
vt 0.4963093101978302 0.18077389895915985
vt 0.4963093101978302 0.18077386915683746
vt 0.4963093101978302 0.18077389895915985
vt 0.4963093101978302 0.18077389895915985
vt 0.4963093101978302 0.18077389895915985
vt 0.4963093101978302 0.18077389895915985
vt 0.4963093101978302 0.18077389895915985
vt 0.4963093101978302 0.18077389895915985
vt 0.4963093101978302 0.18077389895915985
vt 0.4963093101978302 0.18077386915683746
vt 0.4963093101978302 0.18077386915683746
vt 0.4963093101978302 0.18077389895915985
vt 0.4963093101978302 0.18077386915683746
vt 0.4963093101978302 0.18077389895915985
vt 0.4963093101978302 0.18077386915683746
vt 0.4963093101978302 0.18077386915683746
vt 0.4963093101978302 0.18077386915683746
vt 0.4963093101978302 0.18077386915683746
vt 0.4963093101978302 0.18077386915683746
vt 0.4963093101978302 0.18077386915683746
vt 0.4963093101978302 0.18077386915683746
vt 0.4963093101978302 0.18077389895915985
vt 0.4963093101978302 0.18077389895915985
vt 0.4963093101978302 0.18077386915683746
vt 0.4963093101978302 0.18077389895915985
vt 0.4963093101978302 0.18077386915683746
vt 0.4963093101978302 0.18077389895915985
vt 0.4963093101978302 0.18077389895915985
vt 0.4963093101978302 0.18077389895915985
vt 0.4963093101978302 0.18077389895915985
vt 0.4963093101978302 0.18077389895915985
vt 0.4963093101978302 0.18077389895915985
vt 0.4963093101978302 0.18077389895915985
vt 0.4963093101978302 0.18077386915683746
vt 0.4963093101978302 0.18077386915683746
vt 0.4963093101978302 0.18077389895915985
vt 0.4963093101978302 0.18077386915683746
vt 0.4963093101978302 0.18077389895915985
vt 0.4963093101978302 0.18077383935451508
vt 0.4963093101978302 0.18077383935451508
vt 0.4963093101978302 0.18077386915683746
vt 0.4963093101978302 0.18077383935451508
vt 0.4963093101978302 0.18077386915683746
vt 0.4963093101978302 0.18077386915683746
vt 0.4963093101978302 0.18077389895915985
vt 0.4963093101978302 0.18077389895915985
vt 0.4963093101978302 0.18077383935451508
vt 0.4963093101978302 0.18077389895915985
vt 0.4963093101978302 0.18077383935451508
vt 0.4963093101978302 0.18077383935451508
vt 0.4963093101978302 0.18077383935451508
vt 0.4963092505931854 0.18077383935451508
vt 0.4963092505931854 0.18077386915683746
vt 0.4963093101978302 0.18077383935451508
vt 0.4963092505931854 0.18077386915683746
vt 0.4963093101978302 0.18077386915683746
vt 0.4963093101978302 0.18077383935451508
vt 0.4963093101978302 0.18077383935451508
vt 0.4963093101978302 0.18077386915683746
vt 0.4963093101978302 0.18077383935451508
vt 0.4963093101978302 0.18077386915683746
vt 0.4963093101978302 0.18077386915683746
vt 0.4963093101978302 0.18077386915683746
vt 0.4963093101978302 0.18077386915683746
vt 0.4963093101978302 0.18077386915683746
vt 0.4963093101978302 0.18077386915683746
vt 0.4963093101978302 0.18077386915683746
vt 0.4963093101978302 0.18077386915683746
vt 0.4963093101978302 0.18077386915683746
vt 0.4963093101978302 0.18077389895915985
vt 0.4963093101978302 0.18077389895915985
vt 0.4963093101978302 0.18077386915683746
vt 0.4963093101978302 0.18077389895915985
vt 0.4963093101978302 0.18077386915683746
vt 0.4963093101978302 0.18077389895915985
vt 0.4963093101978302 0.18077389895915985
vt 0.4963093101978302 0.18077389895915985
vt 0.4963093101978302 0.18077389895915985
vt 0.4963093101978302 0.18077389895915985
vt 0.4963093101978302 0.18077389895915985
vt 0.4963093101978302 0.18077389895915985
vt 0.4963093101978302 0.18077386915683746
vt 0.4963093101978302 0.18077386915683746
vt 0.4963093101978302 0.18077389895915985
vt 0.4963093101978302 0.18077386915683746
vt 0.4963093101978302 0.18077389895915985
vt 0.4963093101978302 0.18077386915683746
vt 0.4963093101978302 0.18077386915683746
vt 0.4963093101978302 0.18077386915683746
vt 0.4963093101978302 0.18077386915683746
vt 0.4963093101978302 0.18077386915683746
vt 0.4963093101978302 0.18077386915683746
vt 0.4963093101978302 0.18077386915683746
vt 0.4963093101978302 0.18077389895915985
vt 0.4963093101978302 0.18077389895915985
vt 0.4963093101978302 0.18077386915683746
vt 0.4963093101978302 0.18077389895915985
vt 0.4963093101978302 0.18077386915683746
vt 0.4963093101978302 0.18077389895915985
vt 0.4963093101978302 0.18077389895915985
vt 0.4963093101978302 0.18077389895915985
vt 0.4963093101978302 0.18077389895915985
vt 0.4963093101978302 0.18077389895915985
vt 0.4963093101978302 0.18077389895915985
vt 0.4963093101978302 0.18077389895915985
vt 0.4963093101978302 0.18077386915683746
vt 0.4963093101978302 0.18077386915683746
vt 0.4963093101978302 0.18077389895915985
vt 0.4963093101978302 0.18077386915683746
vt 0.4963093101978302 0.18077389895915985
vt 0.4963093101978302 0.15543662011623383
vt 0.4963093101978302 0.15543662011623383
vt 0.4963093101978302 0.1554366499185562
vt 0.4963093101978302 0.15543662011623383
vt 0.4963093101978302 0.1554366499185562
vt 0.4963093101978302 0.1554366499185562
vt 0.4963093101978302 0.1554366797208786
vt 0.4963093101978302 0.1554366797208786
vt 0.4963093101978302 0.15543662011623383
vt 0.4963093101978302 0.1554366797208786
vt 0.4963093101978302 0.15543662011623383
vt 0.4963093101978302 0.15543662011623383
vt 0.4963093101978302 0.15543662011623383
vt 0.4963092505931854 0.15543662011623383
vt 0.4963092505931854 0.1554366499185562
vt 0.4963093101978302 0.15543662011623383
vt 0.4963092505931854 0.1554366499185562
vt 0.4963093101978302 0.1554366499185562
vt 0.4963093101978302 0.15543662011623383
vt 0.4963093101978302 0.15543662011623383
vt 0.4963093101978302 0.1554366499185562
vt 0.4963093101978302 0.15543662011623383
vt 0.4963093101978302 0.1554366499185562
vt 0.4963093101978302 0.1554366499185562
vt 0.4963093101978302 0.1554366499185562
vt 0.4963093101978302 0.1554366499185562
vt 0.4963093101978302 0.1554366499185562
vt 0.4963093101978302 0.1554366499185562
vt 0.4963093101978302 0.1554366499185562
vt 0.4963093101978302 0.1554366499185562
vt 0.4963093101978302 0.1554366499185562
vt 0.4963093101978302 0.1554366797208786
vt 0.4963093101978302 0.1554366797208786
vt 0.4963093101978302 0.1554366499185562
vt 0.4963093101978302 0.1554366797208786
vt 0.4963093101978302 0.1554366499185562
vt 0.4963093101978302 0.1554366797208786
vt 0.4963093101978302 0.1554366797208786
vt 0.4963093101978302 0.1554366797208786
vt 0.4963093101978302 0.1554366797208786
vt 0.4963093101978302 0.1554366797208786
vt 0.4963093101978302 0.1554366797208786
vt 0.4963093101978302 0.1554366797208786
vt 0.4963093101978302 0.1554366499185562
vt 0.4963093101978302 0.1554366499185562
vt 0.4963093101978302 0.1554366797208786
vt 0.4963093101978302 0.1554366499185562
vt 0.4963093101978302 0.1554366797208786
vt 0.4963093101978302 0.1554366499185562
vt 0.4963093101978302 0.1554366499185562
vt 0.4963093101978302 0.1554366499185562
vt 0.4963093101978302 0.1554366499185562
vt 0.4963093101978302 0.1554366499185562
vt 0.4963093101978302 0.1554366499185562
vt 0.4963093101978302 0.1554366499185562
vt 0.4963093101978302 0.1554366797208786
vt 0.4963093101978302 0.1554366797208786
vt 0.4963093101978302 0.1554366499185562
vt 0.4963093101978302 0.1554366797208786
vt 0.4963093101978302 0.1554366499185562
vt 0.4963093101978302 0.1554366797208786
vt 0.4963093101978302 0.1554366797208786
vt 0.4963093101978302 0.1554366797208786
vt 0.4963093101978302 0.1554366797208786
vt 0.4963093101978302 0.1554366797208786
vt 0.4963093101978302 0.1554366797208786
vt 0.4963093101978302 0.1554366797208786
vt 0.4963093101978302 0.1554366499185562
vt 0.4963093101978302 0.1554366499185562
vt 0.4963093101978302 0.1554366797208786
vt 0.4963093101978302 0.1554366499185562
vt 0.4963093101978302 0.1554366797208786
vt 0.4963093101978302 0.2046836018562317
vt 0.4963093101978302 0.2046836018562317
vt 0.4963093101978302 0.20468363165855408
vt 0.4963093101978302 0.2046836018562317
vt 0.4963093101978302 0.20468363165855408
vt 0.4963093101978302 0.20468363165855408
vt 0.4963093101978302 0.20468366146087646
vt 0.4963093101978302 0.20468366146087646
vt 0.4963093101978302 0.2046836018562317
vt 0.4963093101978302 0.20468366146087646
vt 0.4963093101978302 0.2046836018562317
vt 0.4963093101978302 0.2046836018562317
vt 0.4963093101978302 0.2046836018562317
vt 0.4963092505931854 0.2046836018562317
vt 0.4963092505931854 0.20468363165855408
vt 0.4963093101978302 0.2046836018562317
vt 0.4963092505931854 0.20468363165855408
vt 0.4963093101978302 0.20468363165855408
vt 0.4963093101978302 0.2046836018562317
vt 0.4963093101978302 0.2046836018562317
vt 0.4963093101978302 0.20468363165855408
vt 0.4963093101978302 0.2046836018562317
vt 0.4963093101978302 0.20468363165855408
vt 0.4963093101978302 0.20468363165855408
vt 0.4963093101978302 0.20468363165855408
vt 0.4963093101978302 0.20468363165855408
vt 0.4963093101978302 0.20468363165855408
vt 0.4963093101978302 0.20468363165855408
vt 0.4963093101978302 0.20468363165855408
vt 0.4963093101978302 0.20468363165855408
vt 0.4963093101978302 0.20468363165855408
vt 0.4963093101978302 0.20468366146087646
vt 0.4963093101978302 0.20468366146087646
vt 0.4963093101978302 0.20468363165855408
vt 0.4963093101978302 0.20468366146087646
vt 0.4963093101978302 0.20468363165855408
vt 0.4963093101978302 0.20468366146087646
vt 0.4963093101978302 0.20468366146087646
vt 0.4963093101978302 0.20468366146087646
vt 0.4963093101978302 0.20468366146087646
vt 0.4963093101978302 0.20468366146087646
vt 0.4963093101978302 0.20468366146087646
vt 0.4963093101978302 0.20468366146087646
vt 0.4963093101978302 0.20468363165855408
vt 0.4963093101978302 0.20468363165855408
vt 0.4963093101978302 0.20468366146087646
vt 0.4963093101978302 0.20468363165855408
vt 0.4963093101978302 0.20468366146087646
vt 0.4963093101978302 0.20468363165855408
vt 0.4963093101978302 0.20468363165855408
vt 0.4963093101978302 0.20468363165855408
vt 0.4963093101978302 0.20468363165855408
vt 0.4963093101978302 0.20468363165855408
vt 0.4963093101978302 0.20468363165855408
vt 0.4963093101978302 0.20468363165855408
vt 0.4963093101978302 0.20468366146087646
vt 0.4963093101978302 0.20468366146087646
vt 0.4963093101978302 0.20468363165855408
vt 0.4963093101978302 0.20468366146087646
vt 0.4963093101978302 0.20468363165855408
vt 0.4963093101978302 0.20468366146087646
vt 0.4963093101978302 0.20468366146087646
vt 0.4963093101978302 0.20468366146087646
vt 0.4963093101978302 0.20468366146087646
vt 0.4963093101978302 0.20468366146087646
vt 0.4963093101978302 0.20468366146087646
vt 0.4963093101978302 0.20468366146087646
vt 0.4963093101978302 0.20468363165855408
vt 0.4963093101978302 0.20468363165855408
vt 0.4963093101978302 0.20468366146087646
vt 0.4963093101978302 0.20468363165855408
vt 0.4963093101978302 0.20468366146087646
vt 0.4963093101978302 0.18077383935451508
vt 0.4963093101978302 0.18077383935451508
vt 0.4963093101978302 0.18077386915683746
vt 0.4963093101978302 0.18077383935451508
vt 0.4963093101978302 0.18077386915683746
vt 0.4963093101978302 0.18077386915683746
vt 0.4963093101978302 0.18077389895915985
vt 0.4963093101978302 0.18077389895915985
vt 0.4963093101978302 0.18077383935451508
vt 0.4963093101978302 0.18077389895915985
vt 0.4963093101978302 0.18077383935451508
vt 0.4963093101978302 0.18077383935451508
vt 0.4963093101978302 0.18077383935451508
vt 0.4963092505931854 0.18077383935451508
vt 0.4963092505931854 0.18077386915683746
vt 0.4963093101978302 0.18077383935451508
vt 0.4963092505931854 0.18077386915683746
vt 0.4963093101978302 0.18077386915683746
vt 0.4963093101978302 0.18077383935451508
vt 0.4963093101978302 0.18077383935451508
vt 0.4963093101978302 0.18077386915683746
vt 0.4963093101978302 0.18077383935451508
vt 0.4963093101978302 0.18077386915683746
vt 0.4963093101978302 0.18077386915683746
vt 0.4963093101978302 0.18077386915683746
vt 0.4963093101978302 0.18077386915683746
vt 0.4963093101978302 0.18077386915683746
vt 0.4963093101978302 0.18077386915683746
vt 0.4963093101978302 0.18077386915683746
vt 0.4963093101978302 0.18077386915683746
vt 0.4963093101978302 0.18077386915683746
vt 0.4963093101978302 0.18077389895915985
vt 0.4963093101978302 0.18077389895915985
vt 0.4963093101978302 0.18077386915683746
vt 0.4963093101978302 0.18077389895915985
vt 0.4963093101978302 0.18077386915683746
vt 0.4963093101978302 0.18077389895915985
vt 0.4963093101978302 0.18077389895915985
vt 0.4963093101978302 0.18077389895915985
vt 0.4963093101978302 0.18077389895915985
vt 0.4963093101978302 0.18077389895915985
vt 0.4963093101978302 0.18077389895915985
vt 0.4963093101978302 0.18077389895915985
vt 0.4963093101978302 0.18077386915683746
vt 0.4963093101978302 0.18077386915683746
vt 0.4963093101978302 0.18077389895915985
vt 0.4963093101978302 0.18077386915683746
vt 0.4963093101978302 0.18077389895915985
vt 0.4963093101978302 0.18077386915683746
vt 0.4963093101978302 0.18077386915683746
vt 0.4963093101978302 0.18077386915683746
vt 0.4963093101978302 0.18077386915683746
vt 0.4963093101978302 0.18077386915683746
vt 0.4963093101978302 0.18077386915683746
vt 0.4963093101978302 0.18077386915683746
vt 0.4963093101978302 0.18077389895915985
vt 0.4963093101978302 0.18077389895915985
vt 0.4963093101978302 0.18077386915683746
vt 0.4963093101978302 0.18077389895915985
vt 0.4963093101978302 0.18077386915683746
vt 0.4963093101978302 0.18077389895915985
vt 0.4963093101978302 0.18077389895915985
vt 0.4963093101978302 0.18077389895915985
vt 0.4963093101978302 0.18077389895915985
vt 0.4963093101978302 0.18077389895915985
vt 0.4963093101978302 0.18077389895915985
vt 0.4963093101978302 0.18077389895915985
vt 0.4963093101978302 0.18077386915683746
vt 0.4963093101978302 0.18077386915683746
vt 0.4963093101978302 0.18077389895915985
vt 0.4963093101978302 0.18077386915683746
vt 0.4963093101978302 0.18077389895915985
vt 0.4409811794757843 0.2060307115316391
vt 0.4409811794757843 0.2060307115316391
vt 0.4409811794757843 0.2060307115316391
vt 0.4409811794757843 0.2060307115316391
vt 0.4409811794757843 0.2060307115316391
vt 0.4409811794757843 0.2060307115316391
vt 0.4409811794757843 0.2060307115316391
vt 0.4409811496734619 0.2060307115316391
vt 0.4409811496734619 0.2060307115316391
vt 0.4409811794757843 0.2060307115316391
vt 0.4409811496734619 0.2060307115316391
vt 0.4409811794757843 0.2060307115316391
vt 0.4409811496734619 0.2060307115316391
vt 0.4409811794757843 0.2060307115316391
vt 0.4409811794757843 0.2060307115316391
vt 0.4409811496734619 0.2060307115316391
vt 0.4409811794757843 0.2060307115316391
vt 0.4409811496734619 0.2060307115316391
vt 0.4409811794757843 0.2060307115316391
vt 0.4409811794757843 0.2060307115316391
vt 0.4409811794757843 0.2060307115316391
vt 0.4409811794757843 0.2060307115316391
vt 0.4409811794757843 0.2060307115316391
vt 0.4409811794757843 0.2060307115316391
vt 0.4409811794757843 0.2060307115316391
vt 0.4409811794757843 0.2060307115316391
vt 0.4409811794757843 0.2060307115316391
vt 0.4409811794757843 0.2060307115316391
vt 0.4409811794757843 0.2060307115316391
vt 0.4409811794757843 0.2060307115316391
vt 0.4409811794757843 0.2060307115316391
vt 0.4409811794757843 0.2060307115316391
vt 0.4409811794757843 0.2060307115316391
vt 0.4409811794757843 0.2060307115316391
vt 0.4409811794757843 0.2060307115316391
vt 0.4409811794757843 0.2060307115316391
vt 0.4409811794757843 0.2060307115316391
vt 0.4409811794757843 0.2060307115316391
vt 0.4409811794757843 0.2060307115316391
vt 0.4409811794757843 0.2060307115316391
vt 0.4409811794757843 0.2060307115316391
vt 0.4409811794757843 0.2060307115316391
vt 0.4409811794757843 0.2060307115316391
vt 0.4409811794757843 0.2060307115316391
vt 0.4409811794757843 0.2060306966304779
vt 0.4409811794757843 0.2060306966304779
vt 0.4409811794757843 0.2060307115316391
vt 0.4409811794757843 0.2060306966304779
vt 0.4409811794757843 0.2060306966304779
vt 0.4409811794757843 0.2060306966304779
vt 0.4409811794757843 0.2060306966304779
vt 0.4409811496734619 0.2060307264328003
vt 0.4409811794757843 0.2060306966304779
vt 0.4409811794757843 0.2060306966304779
vt 0.4409811794757843 0.2060307115316391
vt 0.4409811496734619 0.2060307264328003
vt 0.4409811794757843 0.2060306966304779
vt 0.4409811794757843 0.2060306966304779
vt 0.4409811794757843 0.2060307115316391
vt 0.4409811794757843 0.2060306966304779
vt 0.4409811794757843 0.2060307115316391
vt 0.4409811794757843 0.2060306966304779
vt 0.4409811794757843 0.2060306966304779
vt 0.4409811794757843 0.2060306966304779
vt 0.4409811496734619 0.2060306817293167
vt 0.4409811496734619 0.2060306817293167
vt 0.4409811794757843 0.2060306966304779
vt 0.4409811496734619 0.2060306817293167
vt 0.4409811794757843 0.2060306966304779
vt 0.4409811496734619 0.2060306817293167
vt 0.4409811794757843 0.2060306817293167
vt 0.4409811794757843 0.2060306817293167
vt 0.4409811496734619 0.2060306817293167
vt 0.4409811794757843 0.2060306817293167
vt 0.4409811496734619 0.2060306817293167
vt 0.4409811794757843 0.2060306817293167
vt 0.4409811794757843 0.2060306966304779
vt 0.4409811794757843 0.2060306966304779
vt 0.4409811794757843 0.2060306817293167
vt 0.4409811794757843 0.2060306966304779
vt 0.4409811794757843 0.2060306817293167
vt 0.4409811794757843 0.2060306966304779
vt 0.4409811794757843 0.2060307115316391
vt 0.4409811794757843 0.2060307115316391
vt 0.4409811794757843 0.2060306966304779
vt 0.4409811794757843 0.2060307115316391
vt 0.4409811794757843 0.2060306966304779
vt 0.4409811794757843 0.2060307115316391
vt 0.4409811794757843 0.2060307115316391
vt 0.4409811794757843 0.2060307115316391
vt 0.4409811794757843 0.2060307115316391
vt 0.4409811794757843 0.2060307115316391
vt 0.4409811794757843 0.2060307115316391
vt 0.4409811794757843 0.2060307115316391
vt 0.4409811794757843 0.2060306966304779
vt 0.4409811794757843 0.2060306966304779
vt 0.4409811794757843 0.2060307115316391
vt 0.4409811794757843 0.2060306966304779
vt 0.4409811794757843 0.2060307115316391
vt 0.4409811794757843 0.2060306966304779
vt 0.4409811794757843 0.2060306966304779
vt 0.4409811794757843 0.2060306966304779
vt 0.4409811794757843 0.2060306966304779
vt 0.4409811794757843 0.2060306966304779
vt 0.4409811794757843 0.2060306966304779
vt 0.4409811794757843 0.2060306966304779
vt 0.4409811496734619 0.2060306817293167
vt 0.4409811496734619 0.2060306817293167
vt 0.4409811794757843 0.2060306966304779
vt 0.4409811496734619 0.2060306817293167
vt 0.4409811794757843 0.2060306966304779
vt 0.4409811496734619 0.2060306817293167
vt 0.4409811794757843 0.2060306817293167
vt 0.4409811794757843 0.2060306817293167
vt 0.4409811496734619 0.2060306817293167
vt 0.4409811794757843 0.2060306817293167
vt 0.4409811496734619 0.2060306817293167
vt 0.4409811794757843 0.2060306817293167
vt 0.4409811794757843 0.2060306966304779
vt 0.4409811794757843 0.2060306966304779
vt 0.4409811794757843 0.2060306817293167
vt 0.4409811794757843 0.2060306966304779
vt 0.4409811794757843 0.2060306817293167
vt 0.4409811794757843 0.2060306966304779
vt 0.4409811794757843 0.2060307115316391
vt 0.4409811794757843 0.2060307115316391
vt 0.4409811794757843 0.2060306966304779
vt 0.4409811794757843 0.2060307115316391
vt 0.4409811794757843 0.2060306966304779
vt 0.4409811794757843 0.2060307115316391
vt 0.4409811794757843 0.2060307115316391
vt 0.4409811794757843 0.2060307115316391
vt 0.4409811794757843 0.2060307115316391
vt 0.4409811794757843 0.2060307115316391
vt 0.4409811794757843 0.2060307115316391
vt 0.4409811794757843 0.2060307115316391
vt 0.4409811794757843 0.2060306966304779
vt 0.4409811794757843 0.2060306966304779
vt 0.4409811794757843 0.2060307115316391
vt 0.4409811794757843 0.2060306966304779
vt 0.4409811794757843 0.2060307115316391
vt 0.4409811794757843 0.2060306966304779
vt 0.4409811794757843 0.2060306966304779
vt 0.4409811794757843 0.2060306966304779
vt 0.4409811794757843 0.2060306966304779
vt 0.4409811794757843 0.2060306966304779
vt 0.4409811794757843 0.2060306966304779
vt 0.4409811794757843 0.2060306966304779
vt 0.4409811496734619 0.2060306817293167
vt 0.4409811496734619 0.2060306817293167
vt 0.4409811794757843 0.2060306966304779
vt 0.4409811496734619 0.2060306817293167
vt 0.4409811794757843 0.2060306966304779
vt 0.4409811496734619 0.2060306817293167
vt 0.4409811794757843 0.2060306817293167
vt 0.4409811794757843 0.2060306817293167
vt 0.4409811496734619 0.2060306817293167
vt 0.4409811794757843 0.2060306817293167
vt 0.4409811496734619 0.2060306817293167
vt 0.4409811794757843 0.2060306817293167
vt 0.4409811794757843 0.2060306966304779
vt 0.4409811794757843 0.2060306966304779
vt 0.4409811794757843 0.2060306817293167
vt 0.4409811794757843 0.2060306966304779
vt 0.4409811794757843 0.2060306817293167
vt 0.4409811794757843 0.2060306966304779
vt 0.4409811794757843 0.2060307115316391
vt 0.4409811794757843 0.2060307115316391
vt 0.4409811794757843 0.2060306966304779
vt 0.4409811794757843 0.2060307115316391
vt 0.4409811794757843 0.2060306966304779
vt 0.4409811794757843 0.2060307115316391
vt 0.4409811794757843 0.2060307115316391
vt 0.4409811794757843 0.2060307115316391
vt 0.4409811794757843 0.2060307115316391
vt 0.4409811794757843 0.2060307115316391
vt 0.4409811794757843 0.2060307115316391
vt 0.4409811794757843 0.2060307115316391
vt 0.4409811794757843 0.2060306966304779
vt 0.4409811794757843 0.2060306966304779
vt 0.4409811794757843 0.2060307115316391
vt 0.4409811794757843 0.2060306966304779
vt 0.4409811794757843 0.2060307115316391
vt 0.4409811794757843 0.2060306966304779
vt 0.4409811794757843 0.2060306966304779
vt 0.4409811794757843 0.2060306966304779
vt 0.4409811794757843 0.2060306966304779
vt 0.4409811794757843 0.2060306966304779
vt 0.4409811794757843 0.2060306966304779
vt 0.4409811794757843 0.2060306966304779
vt 0.4409811496734619 0.2060306817293167
vt 0.4409811794757843 0.2060306966304779
vt 0.4409811496734619 0.2060306817293167
vt 0.4409811794757843 0.2060306817293167
vt 0.4409811794757843 0.2060306966304779
vt 0.4409811794757843 0.2060306817293167
vt 0.4409811794757843 0.2060306966304779
vt 0.4409811794757843 0.2060306966304779
vt 0.4409811794757843 0.2060306966304779
vt 0.4409811794757843 0.2060307115316391
vt 0.4409811794757843 0.2060306966304779
vt 0.4409811794757843 0.2060307115316391
vt 0.4409811794757843 0.2060307115316391
vt 0.4409811794757843 0.2060306966304779
vt 0.4409811794757843 0.2060307115316391
vt 0.4409811794757843 0.2060306966304779
vt 0.4409811794757843 0.2060306966304779
vt 0.4409811794757843 0.2060306966304779
vt 0.4409811794757843 0.2060306966304779
vt 0.4409811794757843 0.2060306966304779
vt 0.4409811794757843 0.2060307115316391
vt 0.4409811496734619 0.2060307115316391
vt 0.4409811496734619 0.2060307115316391
vt 0.4409811794757843 0.2060307115316391
vt 0.4409811496734619 0.2060307115316391
vt 0.4409811794757843 0.2060307115316391
vt 0.4409811794757843 0.2060307115316391
vt 0.4409811794757843 0.2060307115316391
vt 0.4409811794757843 0.2060307115316391
vt 0.4409811794757843 0.2060307115316391
vt 0.4409811794757843 0.2060307115316391
vt 0.4409811794757843 0.2060307115316391
vt 0.4409811794757843 0.2060307115316391
vt 0.4409811794757843 0.2060307115316391
vt 0.4409811794757843 0.2060307115316391
vt 0.4409811794757843 0.2060307115316391
vt 0.4409811794757843 0.2060307115316391
vt 0.4409811794757843 0.2060307115316391
vt 0.4409811794757843 0.2060307115316391
vt 0.4409811794757843 0.2060307115316391
vt 0.4409811794757843 0.2060307115316391
vt 0.4409811794757843 0.2060307115316391
vt 0.4409811794757843 0.2060307115316391
vt 0.4409811794757843 0.2060307115316391
vt 0.4409811794757843 0.2060307115316391
vt 0.4409811794757843 0.2060307115316391
vt 0.4409811794757843 0.2060307115316391
vt 0.4409811794757843 0.2060307115316391
vt 0.4409811794757843 0.2060307115316391
vt 0.4409811794757843 0.2060307115316391
vt 0.4409811794757843 0.2060307115316391
vt 0.4409811794757843 0.2060307115316391
vt 0.4409811794757843 0.2060307115316391
vt 0.4409811794757843 0.2060307115316391
vt 0.4409811794757843 0.2060307115316391
vt 0.4409811794757843 0.2060307115316391
vt 0.4409811496734619 0.2060307115316391
vt 0.4409811794757843 0.2060307115316391
vt 0.4409811794757843 0.2060307115316391
vt 0.4409811496734619 0.2060307115316391
vt 0.4409811794757843 0.2060307115316391
vt 0.4409811496734619 0.2060307115316391
vt 0.4409811496734619 0.2060307115316391
vt 0.4409811794757843 0.2060307115316391
vt 0.4409811794757843 0.2060307115316391
vt 0.4409811496734619 0.2060307115316391
vt 0.4409811794757843 0.2060307115316391
vt 0.4409811496734619 0.2060307115316391
vt 0.4409811794757843 0.2060307115316391
vt 0.4409811496734619 0.2060307115316391
vt 0.4409811496734619 0.2060307115316391
vt 0.4409811794757843 0.2060307115316391
vt 0.4409811496734619 0.2060307115316391
vt 0.4409811794757843 0.2060307115316391
vt 0.4409811794757843 0.2060307115316391
vt 0.4409811794757843 0.2060307115316391
vt 0.4409811794757843 0.2060307115316391
vt 0.4409811794757843 0.2060307115316391
vt 0.4409811794757843 0.2060307115316391
vt 0.4409811794757843 0.2060307115316391
vt 0.4409811794757843 0.2060307115316391
vt 0.4409811794757843 0.2060307115316391
vt 0.4409811794757843 0.2060307115316391
vt 0.4409811794757843 0.2060307115316391
vt 0.4409811794757843 0.2060307115316391
vt 0.4409811794757843 0.2060307115316391
vt 0.4409811794757843 0.2060307115316391
vt 0.4409811794757843 0.2060307115316391
vt 0.4409811794757843 0.2060307115316391
vt 0.4409811794757843 0.2060307115316391
vt 0.4409811794757843 0.2060307115316391
vt 0.4409811794757843 0.2060307115316391
vt 0.4409811794757843 0.2060307115316391
vt 0.4409811794757843 0.2060307115316391
vt 0.4409811794757843 0.2060307115316391
vt 0.4409811794757843 0.2060307115316391
vt 0.4409811794757843 0.2060307115316391
vt 0.4409811794757843 0.2060307115316391
vt 0.4409811794757843 0.2060307115316391
vt 0.4409811794757843 0.2060307115316391
vt 0.4409811794757843 0.2060307115316391
vt 0.4409811794757843 0.2060307115316391
vt 0.4409811794757843 0.2060307115316391
vt 0.4409811794757843 0.2060307115316391
vt 0.4409811794757843 0.17783859372138977
vt 0.4409811794757843 0.17783859372138977
vt 0.4409811794757843 0.17783859372138977
vt 0.4409811794757843 0.17783859372138977
vt 0.4409811794757843 0.17783859372138977
vt 0.4409811794757843 0.17783859372138977
vt 0.4409811794757843 0.17783859372138977
vt 0.4409811496734619 0.17783859372138977
vt 0.4409811496734619 0.17783859372138977
vt 0.4409811794757843 0.17783859372138977
vt 0.4409811496734619 0.17783859372138977
vt 0.4409811794757843 0.17783859372138977
vt 0.4409811496734619 0.17783859372138977
vt 0.4409811794757843 0.17783859372138977
vt 0.4409811794757843 0.17783859372138977
vt 0.4409811496734619 0.17783859372138977
vt 0.4409811794757843 0.17783859372138977
vt 0.4409811496734619 0.17783859372138977
vt 0.4409811794757843 0.17783859372138977
vt 0.4409811794757843 0.17783859372138977
vt 0.4409811794757843 0.17783859372138977
vt 0.4409811794757843 0.17783859372138977
vt 0.4409811794757843 0.17783859372138977
vt 0.4409811794757843 0.17783859372138977
vt 0.4409811794757843 0.17783859372138977
vt 0.4409811794757843 0.17783859372138977
vt 0.4409811794757843 0.17783859372138977
vt 0.4409811794757843 0.17783859372138977
vt 0.4409811794757843 0.17783859372138977
vt 0.4409811794757843 0.17783859372138977
vt 0.4409811794757843 0.17783859372138977
vt 0.4409811794757843 0.17783859372138977
vt 0.4409811794757843 0.17783859372138977
vt 0.4409811794757843 0.17783859372138977
vt 0.4409811794757843 0.17783859372138977
vt 0.4409811794757843 0.17783859372138977
vt 0.4409811794757843 0.17783859372138977
vt 0.4409811794757843 0.17783859372138977
vt 0.4409811794757843 0.17783859372138977
vt 0.4409811794757843 0.17783859372138977
vt 0.4409811794757843 0.17783859372138977
vt 0.4409811794757843 0.17783859372138977
vt 0.4409811794757843 0.17783859372138977
vt 0.4409811794757843 0.17783859372138977
vt 0.4409811794757843 0.17783857882022858
vt 0.4409811794757843 0.17783857882022858
vt 0.4409811794757843 0.17783859372138977
vt 0.4409811794757843 0.17783857882022858
vt 0.4409811794757843 0.17783857882022858
vt 0.4409811794757843 0.17783857882022858
vt 0.4409811794757843 0.17783857882022858
vt 0.4409811496734619 0.17783860862255096
vt 0.4409811794757843 0.17783857882022858
vt 0.4409811794757843 0.17783857882022858
vt 0.4409811794757843 0.17783859372138977
vt 0.4409811496734619 0.17783860862255096
vt 0.4409811794757843 0.17783857882022858
vt 0.4409811794757843 0.17783857882022858
vt 0.4409811794757843 0.17783859372138977
vt 0.4409811794757843 0.17783857882022858
vt 0.4409811794757843 0.17783859372138977
vt 0.4409811794757843 0.17783857882022858
vt 0.4409811794757843 0.17783857882022858
vt 0.4409811794757843 0.17783857882022858
vt 0.4409811496734619 0.17783856391906738
vt 0.4409811496734619 0.17783856391906738
vt 0.4409811794757843 0.17783857882022858
vt 0.4409811496734619 0.17783856391906738
vt 0.4409811794757843 0.17783857882022858
vt 0.4409811496734619 0.17783856391906738
vt 0.4409811794757843 0.17783856391906738
vt 0.4409811794757843 0.17783856391906738
vt 0.4409811496734619 0.17783856391906738
vt 0.4409811794757843 0.17783856391906738
vt 0.4409811496734619 0.17783856391906738
vt 0.4409811794757843 0.17783856391906738
vt 0.4409811794757843 0.17783857882022858
vt 0.4409811794757843 0.17783857882022858
vt 0.4409811794757843 0.17783856391906738
vt 0.4409811794757843 0.17783857882022858
vt 0.4409811794757843 0.17783856391906738
vt 0.4409811794757843 0.17783857882022858
vt 0.4409811794757843 0.17783859372138977
vt 0.4409811794757843 0.17783859372138977
vt 0.4409811794757843 0.17783857882022858
vt 0.4409811794757843 0.17783859372138977
vt 0.4409811794757843 0.17783857882022858
vt 0.4409811794757843 0.17783859372138977
vt 0.4409811794757843 0.17783859372138977
vt 0.4409811794757843 0.17783859372138977
vt 0.4409811794757843 0.17783859372138977
vt 0.4409811794757843 0.17783859372138977
vt 0.4409811794757843 0.17783859372138977
vt 0.4409811794757843 0.17783859372138977
vt 0.4409811794757843 0.17783857882022858
vt 0.4409811794757843 0.17783857882022858
vt 0.4409811794757843 0.17783859372138977
vt 0.4409811794757843 0.17783857882022858
vt 0.4409811794757843 0.17783859372138977
vt 0.4409811794757843 0.17783857882022858
vt 0.4409811794757843 0.17783857882022858
vt 0.4409811794757843 0.17783857882022858
vt 0.4409811794757843 0.17783857882022858
vt 0.4409811794757843 0.17783857882022858
vt 0.4409811794757843 0.17783857882022858
vt 0.4409811794757843 0.17783857882022858
vt 0.4409811496734619 0.17783856391906738
vt 0.4409811496734619 0.17783856391906738
vt 0.4409811794757843 0.17783857882022858
vt 0.4409811496734619 0.17783856391906738
vt 0.4409811794757843 0.17783857882022858
vt 0.4409811496734619 0.17783856391906738
vt 0.4409811794757843 0.17783856391906738
vt 0.4409811794757843 0.17783856391906738
vt 0.4409811496734619 0.17783856391906738
vt 0.4409811794757843 0.17783856391906738
vt 0.4409811496734619 0.17783856391906738
vt 0.4409811794757843 0.17783856391906738
vt 0.4409811794757843 0.17783857882022858
vt 0.4409811794757843 0.17783857882022858
vt 0.4409811794757843 0.17783856391906738
vt 0.4409811794757843 0.17783857882022858
vt 0.4409811794757843 0.17783856391906738
vt 0.4409811794757843 0.17783857882022858
vt 0.4409811794757843 0.17783859372138977
vt 0.4409811794757843 0.17783859372138977
vt 0.4409811794757843 0.17783857882022858
vt 0.4409811794757843 0.17783859372138977
vt 0.4409811794757843 0.17783857882022858
vt 0.4409811794757843 0.17783859372138977
vt 0.4409811794757843 0.17783859372138977
vt 0.4409811794757843 0.17783859372138977
vt 0.4409811794757843 0.17783859372138977
vt 0.4409811794757843 0.17783859372138977
vt 0.4409811794757843 0.17783859372138977
vt 0.4409811794757843 0.17783859372138977
vt 0.4409811794757843 0.17783857882022858
vt 0.4409811794757843 0.17783857882022858
vt 0.4409811794757843 0.17783859372138977
vt 0.4409811794757843 0.17783857882022858
vt 0.4409811794757843 0.17783859372138977
vt 0.4409811794757843 0.17783857882022858
vt 0.4409811794757843 0.17783857882022858
vt 0.4409811794757843 0.17783857882022858
vt 0.4409811794757843 0.17783857882022858
vt 0.4409811794757843 0.17783857882022858
vt 0.4409811794757843 0.17783857882022858
vt 0.4409811794757843 0.17783857882022858
vt 0.4409811496734619 0.17783856391906738
vt 0.4409811496734619 0.17783856391906738
vt 0.4409811794757843 0.17783857882022858
vt 0.4409811496734619 0.17783856391906738
vt 0.4409811794757843 0.17783857882022858
vt 0.4409811496734619 0.17783856391906738
vt 0.4409811794757843 0.17783856391906738
vt 0.4409811794757843 0.17783856391906738
vt 0.4409811496734619 0.17783856391906738
vt 0.4409811794757843 0.17783856391906738
vt 0.4409811496734619 0.17783856391906738
vt 0.4409811794757843 0.17783856391906738
vt 0.4409811794757843 0.17783857882022858
vt 0.4409811794757843 0.17783857882022858
vt 0.4409811794757843 0.17783856391906738
vt 0.4409811794757843 0.17783857882022858
vt 0.4409811794757843 0.17783856391906738
vt 0.4409811794757843 0.17783857882022858
vt 0.4409811794757843 0.17783859372138977
vt 0.4409811794757843 0.17783859372138977
vt 0.4409811794757843 0.17783857882022858
vt 0.4409811794757843 0.17783859372138977
vt 0.4409811794757843 0.17783857882022858
vt 0.4409811794757843 0.17783859372138977
vt 0.4409811794757843 0.17783859372138977
vt 0.4409811794757843 0.17783859372138977
vt 0.4409811794757843 0.17783859372138977
vt 0.4409811794757843 0.17783859372138977
vt 0.4409811794757843 0.17783859372138977
vt 0.4409811794757843 0.17783859372138977
vt 0.4409811794757843 0.17783857882022858
vt 0.4409811794757843 0.17783857882022858
vt 0.4409811794757843 0.17783859372138977
vt 0.4409811794757843 0.17783857882022858
vt 0.4409811794757843 0.17783859372138977
vt 0.4409811794757843 0.17783857882022858
vt 0.4409811794757843 0.17783857882022858
vt 0.4409811794757843 0.17783857882022858
vt 0.4409811794757843 0.17783857882022858
vt 0.4409811794757843 0.17783857882022858
vt 0.4409811794757843 0.17783857882022858
vt 0.4409811794757843 0.17783857882022858
vt 0.4409811496734619 0.17783856391906738
vt 0.4409811794757843 0.17783857882022858
vt 0.4409811496734619 0.17783856391906738
vt 0.4409811794757843 0.17783856391906738
vt 0.4409811794757843 0.17783857882022858
vt 0.4409811794757843 0.17783856391906738
vt 0.4409811794757843 0.17783857882022858
vt 0.4409811794757843 0.17783857882022858
vt 0.4409811794757843 0.17783857882022858
vt 0.4409811794757843 0.17783859372138977
vt 0.4409811794757843 0.17783857882022858
vt 0.4409811794757843 0.17783859372138977
vt 0.4409811794757843 0.17783859372138977
vt 0.4409811794757843 0.17783857882022858
vt 0.4409811794757843 0.17783859372138977
vt 0.4409811794757843 0.17783857882022858
vt 0.4409811794757843 0.17783857882022858
vt 0.4409811794757843 0.17783857882022858
vt 0.4409811794757843 0.17783857882022858
vt 0.4409811794757843 0.17783857882022858
vt 0.4409811794757843 0.17783859372138977
vt 0.4409811496734619 0.17783859372138977
vt 0.4409811496734619 0.17783859372138977
vt 0.4409811794757843 0.17783859372138977
vt 0.4409811496734619 0.17783859372138977
vt 0.4409811794757843 0.17783859372138977
vt 0.4409811794757843 0.17783859372138977
vt 0.4409811794757843 0.17783859372138977
vt 0.4409811794757843 0.17783859372138977
vt 0.4409811794757843 0.17783859372138977
vt 0.4409811794757843 0.17783859372138977
vt 0.4409811794757843 0.17783859372138977
vt 0.4409811794757843 0.17783859372138977
vt 0.4409811794757843 0.17783859372138977
vt 0.4409811794757843 0.17783859372138977
vt 0.4409811794757843 0.17783859372138977
vt 0.4409811794757843 0.17783859372138977
vt 0.4409811794757843 0.17783859372138977
vt 0.4409811794757843 0.17783859372138977
vt 0.4409811794757843 0.17783859372138977
vt 0.4409811794757843 0.17783859372138977
vt 0.4409811794757843 0.17783859372138977
vt 0.4409811794757843 0.17783859372138977
vt 0.4409811794757843 0.17783859372138977
vt 0.4409811794757843 0.17783859372138977
vt 0.4409811794757843 0.17783859372138977
vt 0.4409811794757843 0.17783859372138977
vt 0.4409811794757843 0.17783859372138977
vt 0.4409811794757843 0.17783859372138977
vt 0.4409811794757843 0.17783859372138977
vt 0.4409811794757843 0.17783859372138977
vt 0.4409811794757843 0.17783859372138977
vt 0.4409811794757843 0.17783859372138977
vt 0.4409811794757843 0.17783859372138977
vt 0.4409811794757843 0.17783859372138977
vt 0.4409811794757843 0.17783859372138977
vt 0.4409811496734619 0.17783859372138977
vt 0.4409811794757843 0.17783859372138977
vt 0.4409811794757843 0.17783859372138977
vt 0.4409811496734619 0.17783859372138977
vt 0.4409811794757843 0.17783859372138977
vt 0.4409811496734619 0.17783859372138977
vt 0.4409811496734619 0.17783859372138977
vt 0.4409811794757843 0.17783859372138977
vt 0.4409811794757843 0.17783859372138977
vt 0.4409811496734619 0.17783859372138977
vt 0.4409811794757843 0.17783859372138977
vt 0.4409811496734619 0.17783859372138977
vt 0.4409811794757843 0.17783859372138977
vt 0.4409811496734619 0.17783859372138977
vt 0.4409811496734619 0.17783859372138977
vt 0.4409811794757843 0.17783859372138977
vt 0.4409811496734619 0.17783859372138977
vt 0.4409811794757843 0.17783859372138977
vt 0.4409811794757843 0.17783859372138977
vt 0.4409811794757843 0.17783859372138977
vt 0.4409811794757843 0.17783859372138977
vt 0.4409811794757843 0.17783859372138977
vt 0.4409811794757843 0.17783859372138977
vt 0.4409811794757843 0.17783859372138977
vt 0.4409811794757843 0.17783859372138977
vt 0.4409811794757843 0.17783859372138977
vt 0.4409811794757843 0.17783859372138977
vt 0.4409811794757843 0.17783859372138977
vt 0.4409811794757843 0.17783859372138977
vt 0.4409811794757843 0.17783859372138977
vt 0.4409811794757843 0.17783859372138977
vt 0.4409811794757843 0.17783859372138977
vt 0.4409811794757843 0.17783859372138977
vt 0.4409811794757843 0.17783859372138977
vt 0.4409811794757843 0.17783859372138977
vt 0.4409811794757843 0.17783859372138977
vt 0.4409811794757843 0.17783859372138977
vt 0.4409811794757843 0.17783859372138977
vt 0.4409811794757843 0.17783859372138977
vt 0.4409811794757843 0.17783859372138977
vt 0.4409811794757843 0.17783859372138977
vt 0.4409811794757843 0.17783859372138977
vt 0.4409811794757843 0.17783859372138977
vt 0.4409811794757843 0.17783859372138977
vt 0.4409811794757843 0.17783859372138977
vt 0.4409811794757843 0.17783859372138977
vt 0.4409811794757843 0.17783859372138977
vt 0.4409811794757843 0.17783859372138977
vt 0.4409811794757843 0.1553562730550766
vt 0.4409811794757843 0.1553562730550766
vt 0.4409811794757843 0.1553562730550766
vt 0.4409811794757843 0.1553562730550766
vt 0.4409811794757843 0.1553562730550766
vt 0.4409811794757843 0.1553562730550766
vt 0.4409811794757843 0.1553562730550766
vt 0.4409811496734619 0.1553562730550766
vt 0.4409811496734619 0.1553562730550766
vt 0.4409811794757843 0.1553562730550766
vt 0.4409811496734619 0.1553562730550766
vt 0.4409811794757843 0.1553562730550766
vt 0.4409811496734619 0.1553562730550766
vt 0.4409811794757843 0.1553562730550766
vt 0.4409811794757843 0.1553562730550766
vt 0.4409811496734619 0.1553562730550766
vt 0.4409811794757843 0.1553562730550766
vt 0.4409811496734619 0.1553562730550766
vt 0.4409811794757843 0.1553562730550766
vt 0.4409811794757843 0.1553562730550766
vt 0.4409811794757843 0.1553562730550766
vt 0.4409811794757843 0.1553562730550766
vt 0.4409811794757843 0.1553562730550766
vt 0.4409811794757843 0.1553562730550766
vt 0.4409811794757843 0.1553562730550766
vt 0.4409811794757843 0.1553562730550766
vt 0.4409811794757843 0.1553562730550766
vt 0.4409811794757843 0.1553562730550766
vt 0.4409811794757843 0.1553562730550766
vt 0.4409811794757843 0.1553562730550766
vt 0.4409811794757843 0.1553562730550766
vt 0.4409811794757843 0.1553562730550766
vt 0.4409811794757843 0.1553562730550766
vt 0.4409811794757843 0.1553562730550766
vt 0.4409811794757843 0.1553562730550766
vt 0.4409811794757843 0.1553562730550766
vt 0.4409811794757843 0.1553562730550766
vt 0.4409811794757843 0.1553562730550766
vt 0.4409811794757843 0.1553562730550766
vt 0.4409811794757843 0.1553562730550766
vt 0.4409811794757843 0.1553562730550766
vt 0.4409811794757843 0.1553562730550766
vt 0.4409811794757843 0.1553562730550766
vt 0.4409811794757843 0.1553562730550766
vt 0.4409811794757843 0.1553562581539154
vt 0.4409811794757843 0.1553562581539154
vt 0.4409811794757843 0.1553562730550766
vt 0.4409811794757843 0.1553562581539154
vt 0.4409811794757843 0.1553562581539154
vt 0.4409811794757843 0.1553562581539154
vt 0.4409811794757843 0.1553562581539154
vt 0.4409811496734619 0.1553562879562378
vt 0.4409811794757843 0.1553562581539154
vt 0.4409811794757843 0.1553562581539154
vt 0.4409811794757843 0.1553562730550766
vt 0.4409811496734619 0.1553562879562378
vt 0.4409811794757843 0.1553562581539154
vt 0.4409811794757843 0.1553562581539154
vt 0.4409811794757843 0.1553562730550766
vt 0.4409811794757843 0.1553562581539154
vt 0.4409811794757843 0.1553562730550766
vt 0.4409811794757843 0.1553562581539154
vt 0.4409811794757843 0.1553562581539154
vt 0.4409811794757843 0.1553562581539154
vt 0.4409811496734619 0.1553562432527542
vt 0.4409811496734619 0.1553562432527542
vt 0.4409811794757843 0.1553562581539154
vt 0.4409811496734619 0.1553562432527542
vt 0.4409811794757843 0.1553562581539154
vt 0.4409811496734619 0.1553562432527542
vt 0.4409811794757843 0.1553562432527542
vt 0.4409811794757843 0.1553562432527542
vt 0.4409811496734619 0.1553562432527542
vt 0.4409811794757843 0.1553562432527542
vt 0.4409811496734619 0.1553562432527542
vt 0.4409811794757843 0.1553562432527542
vt 0.4409811794757843 0.1553562581539154
vt 0.4409811794757843 0.1553562581539154
vt 0.4409811794757843 0.1553562432527542
vt 0.4409811794757843 0.1553562581539154
vt 0.4409811794757843 0.1553562432527542
vt 0.4409811794757843 0.1553562581539154
vt 0.4409811794757843 0.1553562730550766
vt 0.4409811794757843 0.1553562730550766
vt 0.4409811794757843 0.1553562581539154
vt 0.4409811794757843 0.1553562730550766
vt 0.4409811794757843 0.1553562581539154
vt 0.4409811794757843 0.1553562730550766
vt 0.4409811794757843 0.1553562730550766
vt 0.4409811794757843 0.1553562730550766
vt 0.4409811794757843 0.1553562730550766
vt 0.4409811794757843 0.1553562730550766
vt 0.4409811794757843 0.1553562730550766
vt 0.4409811794757843 0.1553562730550766
vt 0.4409811794757843 0.1553562581539154
vt 0.4409811794757843 0.1553562581539154
vt 0.4409811794757843 0.1553562730550766
vt 0.4409811794757843 0.1553562581539154
vt 0.4409811794757843 0.1553562730550766
vt 0.4409811794757843 0.1553562581539154
vt 0.4409811794757843 0.1553562581539154
vt 0.4409811794757843 0.1553562581539154
vt 0.4409811794757843 0.1553562581539154
vt 0.4409811794757843 0.1553562581539154
vt 0.4409811794757843 0.1553562581539154
vt 0.4409811794757843 0.1553562581539154
vt 0.4409811496734619 0.1553562432527542
vt 0.4409811496734619 0.1553562432527542
vt 0.4409811794757843 0.1553562581539154
vt 0.4409811496734619 0.1553562432527542
vt 0.4409811794757843 0.1553562581539154
vt 0.4409811496734619 0.1553562432527542
vt 0.4409811794757843 0.1553562432527542
vt 0.4409811794757843 0.1553562432527542
vt 0.4409811496734619 0.1553562432527542
vt 0.4409811794757843 0.1553562432527542
vt 0.4409811496734619 0.1553562432527542
vt 0.4409811794757843 0.1553562432527542
vt 0.4409811794757843 0.1553562581539154
vt 0.4409811794757843 0.1553562581539154
vt 0.4409811794757843 0.1553562432527542
vt 0.4409811794757843 0.1553562581539154
vt 0.4409811794757843 0.1553562432527542
vt 0.4409811794757843 0.1553562581539154
vt 0.4409811794757843 0.1553562730550766
vt 0.4409811794757843 0.1553562730550766
vt 0.4409811794757843 0.1553562581539154
vt 0.4409811794757843 0.1553562730550766
vt 0.4409811794757843 0.1553562581539154
vt 0.4409811794757843 0.1553562730550766
vt 0.4409811794757843 0.1553562730550766
vt 0.4409811794757843 0.1553562730550766
vt 0.4409811794757843 0.1553562730550766
vt 0.4409811794757843 0.1553562730550766
vt 0.4409811794757843 0.1553562730550766
vt 0.4409811794757843 0.1553562730550766
vt 0.4409811794757843 0.1553562581539154
vt 0.4409811794757843 0.1553562581539154
vt 0.4409811794757843 0.1553562730550766
vt 0.4409811794757843 0.1553562581539154
vt 0.4409811794757843 0.1553562730550766
vt 0.4409811794757843 0.1553562581539154
vt 0.4409811794757843 0.1553562581539154
vt 0.4409811794757843 0.1553562581539154
vt 0.4409811794757843 0.1553562581539154
vt 0.4409811794757843 0.1553562581539154
vt 0.4409811794757843 0.1553562581539154
vt 0.4409811794757843 0.1553562581539154
vt 0.4409811496734619 0.1553562432527542
vt 0.4409811496734619 0.1553562432527542
vt 0.4409811794757843 0.1553562581539154
vt 0.4409811496734619 0.1553562432527542
vt 0.4409811794757843 0.1553562581539154
vt 0.4409811496734619 0.1553562432527542
vt 0.4409811794757843 0.1553562432527542
vt 0.4409811794757843 0.1553562432527542
vt 0.4409811496734619 0.1553562432527542
vt 0.4409811794757843 0.1553562432527542
vt 0.4409811496734619 0.1553562432527542
vt 0.4409811794757843 0.1553562432527542
vt 0.4409811794757843 0.1553562581539154
vt 0.4409811794757843 0.1553562581539154
vt 0.4409811794757843 0.1553562432527542
vt 0.4409811794757843 0.1553562581539154
vt 0.4409811794757843 0.1553562432527542
vt 0.4409811794757843 0.1553562581539154
vt 0.4409811794757843 0.1553562730550766
vt 0.4409811794757843 0.1553562730550766
vt 0.4409811794757843 0.1553562581539154
vt 0.4409811794757843 0.1553562730550766
vt 0.4409811794757843 0.1553562581539154
vt 0.4409811794757843 0.1553562730550766
vt 0.4409811794757843 0.1553562730550766
vt 0.4409811794757843 0.1553562730550766
vt 0.4409811794757843 0.1553562730550766
vt 0.4409811794757843 0.1553562730550766
vt 0.4409811794757843 0.1553562730550766
vt 0.4409811794757843 0.1553562730550766
vt 0.4409811794757843 0.1553562581539154
vt 0.4409811794757843 0.1553562581539154
vt 0.4409811794757843 0.1553562730550766
vt 0.4409811794757843 0.1553562581539154
vt 0.4409811794757843 0.1553562730550766
vt 0.4409811794757843 0.1553562581539154
vt 0.4409811794757843 0.1553562581539154
vt 0.4409811794757843 0.1553562581539154
vt 0.4409811794757843 0.1553562581539154
vt 0.4409811794757843 0.1553562581539154
vt 0.4409811794757843 0.1553562581539154
vt 0.4409811794757843 0.1553562581539154
vt 0.4409811496734619 0.1553562432527542
vt 0.4409811794757843 0.1553562581539154
vt 0.4409811496734619 0.1553562432527542
vt 0.4409811794757843 0.1553562432527542
vt 0.4409811794757843 0.1553562581539154
vt 0.4409811794757843 0.1553562432527542
vt 0.4409811794757843 0.1553562581539154
vt 0.4409811794757843 0.1553562581539154
vt 0.4409811794757843 0.1553562581539154
vt 0.4409811794757843 0.1553562730550766
vt 0.4409811794757843 0.1553562581539154
vt 0.4409811794757843 0.1553562730550766
vt 0.4409811794757843 0.1553562730550766
vt 0.4409811794757843 0.1553562581539154
vt 0.4409811794757843 0.1553562730550766
vt 0.4409811794757843 0.1553562581539154
vt 0.4409811794757843 0.1553562581539154
vt 0.4409811794757843 0.1553562581539154
vt 0.4409811794757843 0.1553562581539154
vt 0.4409811794757843 0.1553562581539154
vt 0.4409811794757843 0.1553562730550766
vt 0.4409811496734619 0.1553562730550766
vt 0.4409811496734619 0.1553562730550766
vt 0.4409811794757843 0.1553562730550766
vt 0.4409811496734619 0.1553562730550766
vt 0.4409811794757843 0.1553562730550766
vt 0.4409811794757843 0.1553562730550766
vt 0.4409811794757843 0.1553562730550766
vt 0.4409811794757843 0.1553562730550766
vt 0.4409811794757843 0.1553562730550766
vt 0.4409811794757843 0.1553562730550766
vt 0.4409811794757843 0.1553562730550766
vt 0.4409811794757843 0.1553562730550766
vt 0.4409811794757843 0.1553562730550766
vt 0.4409811794757843 0.1553562730550766
vt 0.4409811794757843 0.1553562730550766
vt 0.4409811794757843 0.1553562730550766
vt 0.4409811794757843 0.1553562730550766
vt 0.4409811794757843 0.1553562730550766
vt 0.4409811794757843 0.1553562730550766
vt 0.4409811794757843 0.1553562730550766
vt 0.4409811794757843 0.1553562730550766
vt 0.4409811794757843 0.1553562730550766
vt 0.4409811794757843 0.1553562730550766
vt 0.4409811794757843 0.1553562730550766
vt 0.4409811794757843 0.1553562730550766
vt 0.4409811794757843 0.1553562730550766
vt 0.4409811794757843 0.1553562730550766
vt 0.4409811794757843 0.1553562730550766
vt 0.4409811794757843 0.1553562730550766
vt 0.4409811794757843 0.1553562730550766
vt 0.4409811794757843 0.1553562730550766
vt 0.4409811794757843 0.1553562730550766
vt 0.4409811794757843 0.1553562730550766
vt 0.4409811794757843 0.1553562730550766
vt 0.4409811794757843 0.1553562730550766
vt 0.4409811496734619 0.1553562730550766
vt 0.4409811794757843 0.1553562730550766
vt 0.4409811794757843 0.1553562730550766
vt 0.4409811496734619 0.1553562730550766
vt 0.4409811794757843 0.1553562730550766
vt 0.4409811496734619 0.1553562730550766
vt 0.4409811496734619 0.1553562730550766
vt 0.4409811794757843 0.1553562730550766
vt 0.4409811794757843 0.1553562730550766
vt 0.4409811496734619 0.1553562730550766
vt 0.4409811794757843 0.1553562730550766
vt 0.4409811496734619 0.1553562730550766
vt 0.4409811794757843 0.1553562730550766
vt 0.4409811496734619 0.1553562730550766
vt 0.4409811496734619 0.1553562730550766
vt 0.4409811794757843 0.1553562730550766
vt 0.4409811496734619 0.1553562730550766
vt 0.4409811794757843 0.1553562730550766
vt 0.4409811794757843 0.1553562730550766
vt 0.4409811794757843 0.1553562730550766
vt 0.4409811794757843 0.1553562730550766
vt 0.4409811794757843 0.1553562730550766
vt 0.4409811794757843 0.1553562730550766
vt 0.4409811794757843 0.1553562730550766
vt 0.4409811794757843 0.1553562730550766
vt 0.4409811794757843 0.1553562730550766
vt 0.4409811794757843 0.1553562730550766
vt 0.4409811794757843 0.1553562730550766
vt 0.4409811794757843 0.1553562730550766
vt 0.4409811794757843 0.1553562730550766
vt 0.4409811794757843 0.1553562730550766
vt 0.4409811794757843 0.1553562730550766
vt 0.4409811794757843 0.1553562730550766
vt 0.4409811794757843 0.1553562730550766
vt 0.4409811794757843 0.1553562730550766
vt 0.4409811794757843 0.1553562730550766
vt 0.4409811794757843 0.1553562730550766
vt 0.4409811794757843 0.1553562730550766
vt 0.4409811794757843 0.1553562730550766
vt 0.4409811794757843 0.1553562730550766
vt 0.4409811794757843 0.1553562730550766
vt 0.4409811794757843 0.1553562730550766
vt 0.4409811794757843 0.1553562730550766
vt 0.4409811794757843 0.1553562730550766
vt 0.4409811794757843 0.1553562730550766
vt 0.4409811794757843 0.1553562730550766
vt 0.4409811794757843 0.1553562730550766
vt 0.4409811794757843 0.1553562730550766
vt 0.4409811794757843 0.1553562730550766
vt 0.4409811794757843 0.1553562730550766
vt 0.4409811794757843 0.1553562730550766
vt 0.4409811794757843 0.1553562730550766
vt 0.4409811794757843 0.1553562730550766
vt 0.4409811794757843 0.1553562730550766
vt 0.4409811794757843 0.1553562730550766
vt 0.4409811496734619 0.1553562730550766
vt 0.4409811496734619 0.1553562730550766
vt 0.4409811794757843 0.1553562730550766
vt 0.4409811496734619 0.1553562730550766
vt 0.4409811794757843 0.1553562730550766
vt 0.4409811496734619 0.1553562730550766
vt 0.4409811794757843 0.1553562730550766
vt 0.4409811794757843 0.1553562730550766
vt 0.4409811496734619 0.1553562730550766
vt 0.4409811794757843 0.1553562730550766
vt 0.4409811496734619 0.1553562730550766
vt 0.4409811794757843 0.1553562730550766
vt 0.4409811794757843 0.1553562730550766
vt 0.4409811794757843 0.1553562730550766
vt 0.4409811794757843 0.1553562730550766
vt 0.4409811794757843 0.1553562730550766
vt 0.4409811794757843 0.1553562730550766
vt 0.4409811794757843 0.1553562730550766
vt 0.4409811794757843 0.1553562730550766
vt 0.4409811794757843 0.1553562730550766
vt 0.4409811794757843 0.1553562730550766
vt 0.4409811794757843 0.1553562730550766
vt 0.4409811794757843 0.1553562730550766
vt 0.4409811794757843 0.1553562730550766
vt 0.4409811794757843 0.1553562730550766
vt 0.4409811794757843 0.1553562730550766
vt 0.4409811794757843 0.1553562730550766
vt 0.4409811794757843 0.1553562730550766
vt 0.4409811794757843 0.1553562730550766
vt 0.4409811794757843 0.1553562730550766
vt 0.4409811794757843 0.1553562730550766
vt 0.4409811794757843 0.1553562730550766
vt 0.4409811794757843 0.1553562730550766
vt 0.4409811794757843 0.1553562730550766
vt 0.4409811794757843 0.1553562730550766
vt 0.4409811794757843 0.1553562730550766
vt 0.4409811794757843 0.1553562730550766
vt 0.4409811794757843 0.1553562581539154
vt 0.4409811794757843 0.1553562581539154
vt 0.4409811794757843 0.1553562730550766
vt 0.4409811794757843 0.1553562581539154
vt 0.4409811794757843 0.1553562581539154
vt 0.4409811794757843 0.1553562581539154
vt 0.4409811794757843 0.1553562581539154
vt 0.4409811496734619 0.1553562879562378
vt 0.4409811794757843 0.1553562581539154
vt 0.4409811794757843 0.1553562581539154
vt 0.4409811794757843 0.1553562730550766
vt 0.4409811496734619 0.1553562879562378
vt 0.4409811794757843 0.1553562581539154
vt 0.4409811794757843 0.1553562581539154
vt 0.4409811794757843 0.1553562730550766
vt 0.4409811794757843 0.1553562581539154
vt 0.4409811794757843 0.1553562730550766
vt 0.4409811794757843 0.1553562581539154
vt 0.4409811794757843 0.1553562581539154
vt 0.4409811794757843 0.1553562581539154
vt 0.4409811496734619 0.1553562432527542
vt 0.4409811496734619 0.1553562432527542
vt 0.4409811794757843 0.1553562581539154
vt 0.4409811496734619 0.1553562432527542
vt 0.4409811794757843 0.1553562581539154
vt 0.4409811496734619 0.1553562432527542
vt 0.4409811794757843 0.1553562432527542
vt 0.4409811794757843 0.1553562432527542
vt 0.4409811496734619 0.1553562432527542
vt 0.4409811794757843 0.1553562432527542
vt 0.4409811496734619 0.1553562432527542
vt 0.4409811794757843 0.1553562432527542
vt 0.4409811794757843 0.1553562581539154
vt 0.4409811794757843 0.1553562581539154
vt 0.4409811794757843 0.1553562432527542
vt 0.4409811794757843 0.1553562581539154
vt 0.4409811794757843 0.1553562432527542
vt 0.4409811794757843 0.1553562581539154
vt 0.4409811794757843 0.1553562730550766
vt 0.4409811794757843 0.1553562730550766
vt 0.4409811794757843 0.1553562581539154
vt 0.4409811794757843 0.1553562730550766
vt 0.4409811794757843 0.1553562581539154
vt 0.4409811794757843 0.1553562730550766
vt 0.4409811794757843 0.1553562730550766
vt 0.4409811794757843 0.1553562730550766
vt 0.4409811794757843 0.1553562730550766
vt 0.4409811794757843 0.1553562730550766
vt 0.4409811794757843 0.1553562730550766
vt 0.4409811794757843 0.1553562730550766
vt 0.4409811794757843 0.1553562581539154
vt 0.4409811794757843 0.1553562581539154
vt 0.4409811794757843 0.1553562730550766
vt 0.4409811794757843 0.1553562581539154
vt 0.4409811794757843 0.1553562730550766
vt 0.4409811794757843 0.1553562581539154
vt 0.4409811794757843 0.1553562581539154
vt 0.4409811794757843 0.1553562581539154
vt 0.4409811794757843 0.1553562581539154
vt 0.4409811794757843 0.1553562581539154
vt 0.4409811794757843 0.1553562581539154
vt 0.4409811794757843 0.1553562581539154
vt 0.4409811496734619 0.1553562432527542
vt 0.4409811496734619 0.1553562432527542
vt 0.4409811794757843 0.1553562581539154
vt 0.4409811496734619 0.1553562432527542
vt 0.4409811794757843 0.1553562581539154
vt 0.4409811496734619 0.1553562432527542
vt 0.4409811794757843 0.1553562432527542
vt 0.4409811794757843 0.1553562432527542
vt 0.4409811496734619 0.1553562432527542
vt 0.4409811794757843 0.1553562432527542
vt 0.4409811496734619 0.1553562432527542
vt 0.4409811794757843 0.1553562432527542
vt 0.4409811794757843 0.1553562581539154
vt 0.4409811794757843 0.1553562581539154
vt 0.4409811794757843 0.1553562432527542
vt 0.4409811794757843 0.1553562581539154
vt 0.4409811794757843 0.1553562432527542
vt 0.4409811794757843 0.1553562581539154
vt 0.4409811794757843 0.1553562730550766
vt 0.4409811794757843 0.1553562730550766
vt 0.4409811794757843 0.1553562581539154
vt 0.4409811794757843 0.1553562730550766
vt 0.4409811794757843 0.1553562581539154
vt 0.4409811794757843 0.1553562730550766
vt 0.4409811794757843 0.1553562730550766
vt 0.4409811794757843 0.1553562730550766
vt 0.4409811794757843 0.1553562730550766
vt 0.4409811794757843 0.1553562730550766
vt 0.4409811794757843 0.1553562730550766
vt 0.4409811794757843 0.1553562730550766
vt 0.4409811794757843 0.1553562581539154
vt 0.4409811794757843 0.1553562581539154
vt 0.4409811794757843 0.1553562730550766
vt 0.4409811794757843 0.1553562581539154
vt 0.4409811794757843 0.1553562730550766
vt 0.4409811794757843 0.1553562581539154
vt 0.4409811794757843 0.1553562581539154
vt 0.4409811794757843 0.1553562581539154
vt 0.4409811794757843 0.1553562581539154
vt 0.4409811794757843 0.1553562581539154
vt 0.4409811794757843 0.1553562581539154
vt 0.4409811794757843 0.1553562581539154
vt 0.4409811496734619 0.1553562432527542
vt 0.4409811496734619 0.1553562432527542
vt 0.4409811794757843 0.1553562581539154
vt 0.4409811496734619 0.1553562432527542
vt 0.4409811794757843 0.1553562581539154
vt 0.4409811496734619 0.1553562432527542
vt 0.4409811794757843 0.1553562432527542
vt 0.4409811794757843 0.1553562432527542
vt 0.4409811496734619 0.1553562432527542
vt 0.4409811794757843 0.1553562432527542
vt 0.4409811496734619 0.1553562432527542
vt 0.4409811794757843 0.1553562432527542
vt 0.4409811794757843 0.1553562581539154
vt 0.4409811794757843 0.1553562581539154
vt 0.4409811794757843 0.1553562432527542
vt 0.4409811794757843 0.1553562581539154
vt 0.4409811794757843 0.1553562432527542
vt 0.4409811794757843 0.1553562581539154
vt 0.4409811794757843 0.1553562730550766
vt 0.4409811794757843 0.1553562730550766
vt 0.4409811794757843 0.1553562581539154
vt 0.4409811794757843 0.1553562730550766
vt 0.4409811794757843 0.1553562581539154
vt 0.4409811794757843 0.1553562730550766
vt 0.4409811794757843 0.1553562730550766
vt 0.4409811794757843 0.1553562730550766
vt 0.4409811794757843 0.1553562730550766
vt 0.4409811794757843 0.1553562730550766
vt 0.4409811794757843 0.1553562730550766
vt 0.4409811794757843 0.1553562730550766
vt 0.4409811794757843 0.1553562581539154
vt 0.4409811794757843 0.1553562581539154
vt 0.4409811794757843 0.1553562730550766
vt 0.4409811794757843 0.1553562581539154
vt 0.4409811794757843 0.1553562730550766
vt 0.4409811794757843 0.1553562581539154
vt 0.4409811794757843 0.1553562581539154
vt 0.4409811794757843 0.1553562581539154
vt 0.4409811794757843 0.1553562581539154
vt 0.4409811794757843 0.1553562581539154
vt 0.4409811794757843 0.1553562581539154
vt 0.4409811794757843 0.1553562581539154
vt 0.4409811496734619 0.1553562432527542
vt 0.4409811794757843 0.1553562581539154
vt 0.4409811496734619 0.1553562432527542
vt 0.4409811794757843 0.1553562432527542
vt 0.4409811794757843 0.1553562581539154
vt 0.4409811794757843 0.1553562432527542
vt 0.4409811794757843 0.1553562581539154
vt 0.4409811794757843 0.1553562581539154
vt 0.4409811794757843 0.1553562581539154
vt 0.4409811794757843 0.1553562730550766
vt 0.4409811794757843 0.1553562581539154
vt 0.4409811794757843 0.1553562730550766
vt 0.4409811794757843 0.1553562730550766
vt 0.4409811794757843 0.1553562581539154
vt 0.4409811794757843 0.1553562730550766
vt 0.4409811794757843 0.1553562581539154
vt 0.4409811794757843 0.1553562581539154
vt 0.4409811794757843 0.1553562581539154
vt 0.4409811794757843 0.1553562581539154
vt 0.4409811794757843 0.1553562581539154
vt 0.4409811794757843 0.1553562730550766
vt 0.4409811496734619 0.1553562730550766
vt 0.4409811496734619 0.1553562730550766
vt 0.4409811794757843 0.1553562730550766
vt 0.4409811496734619 0.1553562730550766
vt 0.4409811794757843 0.1553562730550766
vt 0.4409811794757843 0.1553562730550766
vt 0.4409811794757843 0.1553562730550766
vt 0.4409811794757843 0.1553562730550766
vt 0.4409811794757843 0.1553562730550766
vt 0.4409811794757843 0.1553562730550766
vt 0.4409811794757843 0.1553562730550766
vt 0.4409811794757843 0.1553562730550766
vt 0.4409811794757843 0.1553562730550766
vt 0.4409811794757843 0.1553562730550766
vt 0.4409811794757843 0.1553562730550766
vt 0.4409811794757843 0.1553562730550766
vt 0.4409811794757843 0.1553562730550766
vt 0.4409811794757843 0.1553562730550766
vt 0.4409811794757843 0.1553562730550766
vt 0.4409811794757843 0.1553562730550766
vt 0.4409811794757843 0.1553562730550766
vt 0.4409811794757843 0.1553562730550766
vt 0.4409811794757843 0.1553562730550766
vt 0.4409811794757843 0.1553562730550766
vt 0.4409811794757843 0.1553562730550766
vt 0.4409811794757843 0.1553562730550766
vt 0.4409811794757843 0.1553562730550766
vt 0.4409811794757843 0.1553562730550766
vt 0.4409811794757843 0.1553562730550766
vt 0.4409811794757843 0.1553562730550766
vt 0.4409811794757843 0.1553562730550766
vt 0.4409811794757843 0.1553562730550766
vt 0.4409811794757843 0.1553562730550766
vt 0.4409811794757843 0.1553562730550766
vt 0.4409811794757843 0.1553562730550766
vt 0.4409811496734619 0.1553562730550766
vt 0.4409811794757843 0.1553562730550766
vt 0.4409811794757843 0.1553562730550766
vt 0.4409811496734619 0.1553562730550766
vt 0.4409811794757843 0.1553562730550766
vt 0.4409811496734619 0.1553562730550766
vt 0.4409811496734619 0.1553562730550766
vt 0.4409811794757843 0.1553562730550766
vt 0.4409811794757843 0.1553562730550766
vt 0.4409811496734619 0.1553562730550766
vt 0.4409811794757843 0.1553562730550766
vt 0.4409811496734619 0.1553562730550766
vt 0.4409811794757843 0.1553562730550766
vt 0.4409811496734619 0.1553562730550766
vt 0.4409811496734619 0.1553562730550766
vt 0.4409811794757843 0.1553562730550766
vt 0.4409811496734619 0.1553562730550766
vt 0.4409811794757843 0.1553562730550766
vt 0.4409811794757843 0.1553562730550766
vt 0.4409811794757843 0.1553562730550766
vt 0.4409811794757843 0.1553562730550766
vt 0.4409811794757843 0.1553562730550766
vt 0.4409811794757843 0.1553562730550766
vt 0.4409811794757843 0.1553562730550766
vt 0.4409811794757843 0.1553562730550766
vt 0.4409811794757843 0.1553562730550766
vt 0.4409811794757843 0.1553562730550766
vt 0.4409811794757843 0.1553562730550766
vt 0.4409811794757843 0.1553562730550766
vt 0.4409811794757843 0.1553562730550766
vt 0.4409811794757843 0.1553562730550766
vt 0.4409811794757843 0.1553562730550766
vt 0.4409811794757843 0.1553562730550766
vt 0.4409811794757843 0.1553562730550766
vt 0.4409811794757843 0.1553562730550766
vt 0.4409811794757843 0.1553562730550766
vt 0.4409811794757843 0.1553562730550766
vt 0.4409811794757843 0.1553562730550766
vt 0.4409811794757843 0.1553562730550766
vt 0.4409811794757843 0.1553562730550766
vt 0.4409811794757843 0.1553562730550766
vt 0.4409811794757843 0.1553562730550766
vt 0.4409811794757843 0.1553562730550766
vt 0.4409811794757843 0.1553562730550766
vt 0.4409811794757843 0.1553562730550766
vt 0.4409811794757843 0.1553562730550766
vt 0.4409811794757843 0.1553562730550766
vt 0.4409811794757843 0.1553562730550766
vt 0.4409812092781067 0.17783856391906738
vt 0.4409812092781067 0.17783856391906738
vt 0.4409812092781067 0.17783856391906738
vt 0.4409812092781067 0.17783856391906738
vt 0.4409812092781067 0.17783856391906738
vt 0.4409812092781067 0.17783856391906738
vt 0.4409812092781067 0.17783856391906738
vt 0.4409811794757843 0.17783856391906738
vt 0.4409811794757843 0.17783856391906738
vt 0.4409812092781067 0.17783856391906738
vt 0.4409811794757843 0.17783856391906738
vt 0.4409812092781067 0.17783856391906738
vt 0.4409811794757843 0.17783856391906738
vt 0.4409812092781067 0.17783856391906738
vt 0.4409812092781067 0.17783856391906738
vt 0.4409811794757843 0.17783856391906738
vt 0.4409812092781067 0.17783856391906738
vt 0.4409811794757843 0.17783856391906738
vt 0.4409812092781067 0.17783856391906738
vt 0.4409812092781067 0.17783856391906738
vt 0.4409812092781067 0.17783856391906738
vt 0.4409812092781067 0.17783856391906738
vt 0.4409812092781067 0.17783856391906738
vt 0.4409812092781067 0.17783856391906738
vt 0.4409812092781067 0.17783856391906738
vt 0.4409812092781067 0.17783856391906738
vt 0.4409812092781067 0.17783856391906738
vt 0.4409812092781067 0.17783856391906738
vt 0.4409812092781067 0.17783856391906738
vt 0.4409812092781067 0.17783856391906738
vt 0.4409812092781067 0.17783856391906738
vt 0.4409812092781067 0.17783856391906738
vt 0.4409812092781067 0.17783856391906738
vt 0.4409812092781067 0.17783856391906738
vt 0.4409812092781067 0.17783856391906738
vt 0.4409812092781067 0.17783856391906738
vt 0.4409812092781067 0.17783856391906738
vt 0.4409812092781067 0.17783856391906738
vt 0.4409812092781067 0.17783856391906738
vt 0.4409812092781067 0.17783856391906738
vt 0.4409812092781067 0.17783856391906738
vt 0.4409812092781067 0.17783856391906738
vt 0.4409812092781067 0.17783856391906738
vt 0.4409812092781067 0.17783856391906738
vt 0.4409812092781067 0.17783856391906738
vt 0.4409812092781067 0.17783856391906738
vt 0.4409812092781067 0.17783856391906738
vt 0.4409812092781067 0.17783856391906738
vt 0.4409812092781067 0.17783856391906738
vt 0.4409812092781067 0.17783856391906738
vt 0.4409812092781067 0.17783856391906738
vt 0.4409811794757843 0.17783859372138977
vt 0.4409812092781067 0.17783856391906738
vt 0.4409812092781067 0.17783856391906738
vt 0.4409812092781067 0.17783856391906738
vt 0.4409811794757843 0.17783859372138977
vt 0.4409812092781067 0.17783856391906738
vt 0.4409812092781067 0.17783856391906738
vt 0.4409812092781067 0.17783856391906738
vt 0.4409812092781067 0.17783856391906738
vt 0.4409812092781067 0.17783856391906738
vt 0.4409812092781067 0.17783856391906738
vt 0.4409812092781067 0.17783856391906738
vt 0.4409812092781067 0.17783856391906738
vt 0.4409811794757843 0.177838534116745
vt 0.4409811794757843 0.177838534116745
vt 0.4409812092781067 0.17783856391906738
vt 0.4409811794757843 0.177838534116745
vt 0.4409812092781067 0.17783856391906738
vt 0.4409811794757843 0.177838534116745
vt 0.4409812092781067 0.177838534116745
vt 0.4409812092781067 0.177838534116745
vt 0.4409811794757843 0.177838534116745
vt 0.4409812092781067 0.177838534116745
vt 0.4409811794757843 0.177838534116745
vt 0.4409812092781067 0.177838534116745
vt 0.4409812092781067 0.17783856391906738
vt 0.4409812092781067 0.17783856391906738
vt 0.4409812092781067 0.177838534116745
vt 0.4409812092781067 0.17783856391906738
vt 0.4409812092781067 0.177838534116745
vt 0.4409812092781067 0.17783856391906738
vt 0.4409812092781067 0.17783856391906738
vt 0.4409812092781067 0.17783856391906738
vt 0.4409812092781067 0.17783856391906738
vt 0.4409812092781067 0.17783856391906738
vt 0.4409812092781067 0.17783856391906738
vt 0.4409812092781067 0.17783856391906738
vt 0.4409812092781067 0.17783856391906738
vt 0.4409812092781067 0.17783856391906738
vt 0.4409812092781067 0.17783856391906738
vt 0.4409812092781067 0.17783856391906738
vt 0.4409812092781067 0.17783856391906738
vt 0.4409812092781067 0.17783856391906738
vt 0.4409812092781067 0.17783856391906738
vt 0.4409812092781067 0.17783856391906738
vt 0.4409812092781067 0.17783856391906738
vt 0.4409812092781067 0.17783856391906738
vt 0.4409812092781067 0.17783856391906738
vt 0.4409812092781067 0.17783856391906738
vt 0.4409812092781067 0.17783856391906738
vt 0.4409812092781067 0.17783856391906738
vt 0.4409812092781067 0.17783856391906738
vt 0.4409812092781067 0.17783856391906738
vt 0.4409812092781067 0.17783856391906738
vt 0.4409812092781067 0.17783856391906738
vt 0.4409811794757843 0.177838534116745
vt 0.4409811794757843 0.177838534116745
vt 0.4409812092781067 0.17783856391906738
vt 0.4409811794757843 0.177838534116745
vt 0.4409812092781067 0.17783856391906738
vt 0.4409811794757843 0.177838534116745
vt 0.4409812092781067 0.177838534116745
vt 0.4409812092781067 0.177838534116745
vt 0.4409811794757843 0.177838534116745
vt 0.4409812092781067 0.177838534116745
vt 0.4409811794757843 0.177838534116745
vt 0.4409812092781067 0.177838534116745
vt 0.4409812092781067 0.17783856391906738
vt 0.4409812092781067 0.17783856391906738
vt 0.4409812092781067 0.177838534116745
vt 0.4409812092781067 0.17783856391906738
vt 0.4409812092781067 0.177838534116745
vt 0.4409812092781067 0.17783856391906738
vt 0.4409812092781067 0.17783856391906738
vt 0.4409812092781067 0.17783856391906738
vt 0.4409812092781067 0.17783856391906738
vt 0.4409812092781067 0.17783856391906738
vt 0.4409812092781067 0.17783856391906738
vt 0.4409812092781067 0.17783856391906738
vt 0.4409812092781067 0.17783856391906738
vt 0.4409812092781067 0.17783856391906738
vt 0.4409812092781067 0.17783856391906738
vt 0.4409812092781067 0.17783856391906738
vt 0.4409812092781067 0.17783856391906738
vt 0.4409812092781067 0.17783856391906738
vt 0.4409812092781067 0.17783856391906738
vt 0.4409812092781067 0.17783856391906738
vt 0.4409812092781067 0.17783856391906738
vt 0.4409812092781067 0.17783856391906738
vt 0.4409812092781067 0.17783856391906738
vt 0.4409812092781067 0.17783856391906738
vt 0.4409812092781067 0.17783856391906738
vt 0.4409812092781067 0.17783856391906738
vt 0.4409812092781067 0.17783856391906738
vt 0.4409812092781067 0.17783856391906738
vt 0.4409812092781067 0.17783856391906738
vt 0.4409812092781067 0.17783856391906738
vt 0.4409811794757843 0.177838534116745
vt 0.4409811794757843 0.177838534116745
vt 0.4409812092781067 0.17783856391906738
vt 0.4409811794757843 0.177838534116745
vt 0.4409812092781067 0.17783856391906738
vt 0.4409811794757843 0.177838534116745
vt 0.4409812092781067 0.177838534116745
vt 0.4409812092781067 0.177838534116745
vt 0.4409811794757843 0.177838534116745
vt 0.4409812092781067 0.177838534116745
vt 0.4409811794757843 0.177838534116745
vt 0.4409812092781067 0.177838534116745
vt 0.4409812092781067 0.17783856391906738
vt 0.4409812092781067 0.17783856391906738
vt 0.4409812092781067 0.177838534116745
vt 0.4409812092781067 0.17783856391906738
vt 0.4409812092781067 0.177838534116745
vt 0.4409812092781067 0.17783856391906738
vt 0.4409812092781067 0.17783856391906738
vt 0.4409812092781067 0.17783856391906738
vt 0.4409812092781067 0.17783856391906738
vt 0.4409812092781067 0.17783856391906738
vt 0.4409812092781067 0.17783856391906738
vt 0.4409812092781067 0.17783856391906738
vt 0.4409812092781067 0.17783856391906738
vt 0.4409812092781067 0.17783856391906738
vt 0.4409812092781067 0.17783856391906738
vt 0.4409812092781067 0.17783856391906738
vt 0.4409812092781067 0.17783856391906738
vt 0.4409812092781067 0.17783856391906738
vt 0.4409812092781067 0.17783856391906738
vt 0.4409812092781067 0.17783856391906738
vt 0.4409812092781067 0.17783856391906738
vt 0.4409812092781067 0.17783856391906738
vt 0.4409812092781067 0.17783856391906738
vt 0.4409812092781067 0.17783856391906738
vt 0.4409812092781067 0.17783856391906738
vt 0.4409812092781067 0.17783856391906738
vt 0.4409812092781067 0.17783856391906738
vt 0.4409812092781067 0.17783856391906738
vt 0.4409812092781067 0.17783856391906738
vt 0.4409812092781067 0.17783856391906738
vt 0.4409811794757843 0.177838534116745
vt 0.4409812092781067 0.17783856391906738
vt 0.4409811794757843 0.177838534116745
vt 0.4409812092781067 0.177838534116745
vt 0.4409812092781067 0.17783856391906738
vt 0.4409812092781067 0.177838534116745
vt 0.4409812092781067 0.17783856391906738
vt 0.4409812092781067 0.17783856391906738
vt 0.4409812092781067 0.17783856391906738
vt 0.4409812092781067 0.17783856391906738
vt 0.4409812092781067 0.17783856391906738
vt 0.4409812092781067 0.17783856391906738
vt 0.4409812092781067 0.17783856391906738
vt 0.4409812092781067 0.17783856391906738
vt 0.4409812092781067 0.17783856391906738
vt 0.4409812092781067 0.17783856391906738
vt 0.4409812092781067 0.17783856391906738
vt 0.4409812092781067 0.17783856391906738
vt 0.4409812092781067 0.17783856391906738
vt 0.4409812092781067 0.17783856391906738
vt 0.4409812092781067 0.17783856391906738
vt 0.4409811794757843 0.17783856391906738
vt 0.4409811794757843 0.17783856391906738
vt 0.4409812092781067 0.17783856391906738
vt 0.4409811794757843 0.17783856391906738
vt 0.4409812092781067 0.17783856391906738
vt 0.4409812092781067 0.17783856391906738
vt 0.4409812092781067 0.17783856391906738
vt 0.4409812092781067 0.17783856391906738
vt 0.4409812092781067 0.17783856391906738
vt 0.4409812092781067 0.17783856391906738
vt 0.4409812092781067 0.17783856391906738
vt 0.4409812092781067 0.17783856391906738
vt 0.4409812092781067 0.17783856391906738
vt 0.4409812092781067 0.17783856391906738
vt 0.4409812092781067 0.17783856391906738
vt 0.4409812092781067 0.17783856391906738
vt 0.4409812092781067 0.17783856391906738
vt 0.4409812092781067 0.17783856391906738
vt 0.4409812092781067 0.17783856391906738
vt 0.4409812092781067 0.17783856391906738
vt 0.4409812092781067 0.17783856391906738
vt 0.4409812092781067 0.17783856391906738
vt 0.4409812092781067 0.17783856391906738
vt 0.4409812092781067 0.17783856391906738
vt 0.4409812092781067 0.17783856391906738
vt 0.4409812092781067 0.17783856391906738
vt 0.4409812092781067 0.17783856391906738
vt 0.4409812092781067 0.17783856391906738
vt 0.4409812092781067 0.17783856391906738
vt 0.4409812092781067 0.17783856391906738
vt 0.4409812092781067 0.17783856391906738
vt 0.4409812092781067 0.17783856391906738
vt 0.4409812092781067 0.17783856391906738
vt 0.4409812092781067 0.17783856391906738
vt 0.4409812092781067 0.17783856391906738
vt 0.4409811794757843 0.17783856391906738
vt 0.4409812092781067 0.17783856391906738
vt 0.4409812092781067 0.17783856391906738
vt 0.4409811794757843 0.17783856391906738
vt 0.4409812092781067 0.17783856391906738
vt 0.4409811794757843 0.17783856391906738
vt 0.4409811794757843 0.17783856391906738
vt 0.4409812092781067 0.17783856391906738
vt 0.4409812092781067 0.17783856391906738
vt 0.4409811794757843 0.17783856391906738
vt 0.4409812092781067 0.17783856391906738
vt 0.4409811794757843 0.17783856391906738
vt 0.4409812092781067 0.17783856391906738
vt 0.4409811794757843 0.17783856391906738
vt 0.4409811794757843 0.17783856391906738
vt 0.4409812092781067 0.17783856391906738
vt 0.4409811794757843 0.17783856391906738
vt 0.4409812092781067 0.17783856391906738
vt 0.4409812092781067 0.17783856391906738
vt 0.4409812092781067 0.17783856391906738
vt 0.4409812092781067 0.17783856391906738
vt 0.4409812092781067 0.17783856391906738
vt 0.4409812092781067 0.17783856391906738
vt 0.4409812092781067 0.17783856391906738
vt 0.4409812092781067 0.17783856391906738
vt 0.4409812092781067 0.17783856391906738
vt 0.4409812092781067 0.17783856391906738
vt 0.4409812092781067 0.17783856391906738
vt 0.4409812092781067 0.17783856391906738
vt 0.4409812092781067 0.17783856391906738
vt 0.4409812092781067 0.17783856391906738
vt 0.4409812092781067 0.17783856391906738
vt 0.4409812092781067 0.17783856391906738
vt 0.4409812092781067 0.17783856391906738
vt 0.4409812092781067 0.17783856391906738
vt 0.4409812092781067 0.17783856391906738
vt 0.4409812092781067 0.17783856391906738
vt 0.4409812092781067 0.17783856391906738
vt 0.4409812092781067 0.17783856391906738
vt 0.4409812092781067 0.17783856391906738
vt 0.4409812092781067 0.17783856391906738
vt 0.4409812092781067 0.17783856391906738
vt 0.4409812092781067 0.17783856391906738
vt 0.4409812092781067 0.17783856391906738
vt 0.4409812092781067 0.17783856391906738
vt 0.4409812092781067 0.17783856391906738
vt 0.4409812092781067 0.17783856391906738
vt 0.4409812092781067 0.17783856391906738
vt 0.4409812092781067 0.17783856391906738
vt 0.4409812092781067 0.17783856391906738
vt 0.4409812092781067 0.17783856391906738
vt 0.4409812092781067 0.17783856391906738
vt 0.4409812092781067 0.17783856391906738
vt 0.4409812092781067 0.17783856391906738
vt 0.4409812092781067 0.17783856391906738
vt 0.4409811794757843 0.17783856391906738
vt 0.4409811794757843 0.17783856391906738
vt 0.4409812092781067 0.17783856391906738
vt 0.4409811794757843 0.17783856391906738
vt 0.4409812092781067 0.17783856391906738
vt 0.4409811794757843 0.17783856391906738
vt 0.4409812092781067 0.17783856391906738
vt 0.4409812092781067 0.17783856391906738
vt 0.4409811794757843 0.17783856391906738
vt 0.4409812092781067 0.17783856391906738
vt 0.4409811794757843 0.17783856391906738
vt 0.4409812092781067 0.17783856391906738
vt 0.4409812092781067 0.17783856391906738
vt 0.4409812092781067 0.17783856391906738
vt 0.4409812092781067 0.17783856391906738
vt 0.4409812092781067 0.17783856391906738
vt 0.4409812092781067 0.17783856391906738
vt 0.4409812092781067 0.17783856391906738
vt 0.4409812092781067 0.17783856391906738
vt 0.4409812092781067 0.17783856391906738
vt 0.4409812092781067 0.17783856391906738
vt 0.4409812092781067 0.17783856391906738
vt 0.4409812092781067 0.17783856391906738
vt 0.4409812092781067 0.17783856391906738
vt 0.4409812092781067 0.17783856391906738
vt 0.4409812092781067 0.17783856391906738
vt 0.4409812092781067 0.17783856391906738
vt 0.4409812092781067 0.17783856391906738
vt 0.4409812092781067 0.17783856391906738
vt 0.4409812092781067 0.17783856391906738
vt 0.4409812092781067 0.17783856391906738
vt 0.4409812092781067 0.17783856391906738
vt 0.4409812092781067 0.17783856391906738
vt 0.4409812092781067 0.17783856391906738
vt 0.4409812092781067 0.17783856391906738
vt 0.4409812092781067 0.17783856391906738
vt 0.4409812092781067 0.17783856391906738
vt 0.4409812092781067 0.17783856391906738
vt 0.4409812092781067 0.17783856391906738
vt 0.4409812092781067 0.17783856391906738
vt 0.4409812092781067 0.17783856391906738
vt 0.4409812092781067 0.17783856391906738
vt 0.4409812092781067 0.17783856391906738
vt 0.4409812092781067 0.17783856391906738
vt 0.4409811794757843 0.17783859372138977
vt 0.4409812092781067 0.17783856391906738
vt 0.4409812092781067 0.17783856391906738
vt 0.4409812092781067 0.17783856391906738
vt 0.4409811794757843 0.17783859372138977
vt 0.4409812092781067 0.17783856391906738
vt 0.4409812092781067 0.17783856391906738
vt 0.4409812092781067 0.17783856391906738
vt 0.4409812092781067 0.17783856391906738
vt 0.4409812092781067 0.17783856391906738
vt 0.4409812092781067 0.17783856391906738
vt 0.4409812092781067 0.17783856391906738
vt 0.4409812092781067 0.17783856391906738
vt 0.4409811794757843 0.177838534116745
vt 0.4409811794757843 0.177838534116745
vt 0.4409812092781067 0.17783856391906738
vt 0.4409811794757843 0.177838534116745
vt 0.4409812092781067 0.17783856391906738
vt 0.4409811794757843 0.177838534116745
vt 0.4409812092781067 0.177838534116745
vt 0.4409812092781067 0.177838534116745
vt 0.4409811794757843 0.177838534116745
vt 0.4409812092781067 0.177838534116745
vt 0.4409811794757843 0.177838534116745
vt 0.4409812092781067 0.177838534116745
vt 0.4409812092781067 0.17783856391906738
vt 0.4409812092781067 0.17783856391906738
vt 0.4409812092781067 0.177838534116745
vt 0.4409812092781067 0.17783856391906738
vt 0.4409812092781067 0.177838534116745
vt 0.4409812092781067 0.17783856391906738
vt 0.4409812092781067 0.17783856391906738
vt 0.4409812092781067 0.17783856391906738
vt 0.4409812092781067 0.17783856391906738
vt 0.4409812092781067 0.17783856391906738
vt 0.4409812092781067 0.17783856391906738
vt 0.4409812092781067 0.17783856391906738
vt 0.4409812092781067 0.17783856391906738
vt 0.4409812092781067 0.17783856391906738
vt 0.4409812092781067 0.17783856391906738
vt 0.4409812092781067 0.17783856391906738
vt 0.4409812092781067 0.17783856391906738
vt 0.4409812092781067 0.17783856391906738
vt 0.4409812092781067 0.17783856391906738
vt 0.4409812092781067 0.17783856391906738
vt 0.4409812092781067 0.17783856391906738
vt 0.4409812092781067 0.17783856391906738
vt 0.4409812092781067 0.17783856391906738
vt 0.4409812092781067 0.17783856391906738
vt 0.4409812092781067 0.17783856391906738
vt 0.4409812092781067 0.17783856391906738
vt 0.4409812092781067 0.17783856391906738
vt 0.4409812092781067 0.17783856391906738
vt 0.4409812092781067 0.17783856391906738
vt 0.4409812092781067 0.17783856391906738
vt 0.4409811794757843 0.177838534116745
vt 0.4409811794757843 0.177838534116745
vt 0.4409812092781067 0.17783856391906738
vt 0.4409811794757843 0.177838534116745
vt 0.4409812092781067 0.17783856391906738
vt 0.4409811794757843 0.177838534116745
vt 0.4409812092781067 0.177838534116745
vt 0.4409812092781067 0.177838534116745
vt 0.4409811794757843 0.177838534116745
vt 0.4409812092781067 0.177838534116745
vt 0.4409811794757843 0.177838534116745
vt 0.4409812092781067 0.177838534116745
vt 0.4409812092781067 0.17783856391906738
vt 0.4409812092781067 0.17783856391906738
vt 0.4409812092781067 0.177838534116745
vt 0.4409812092781067 0.17783856391906738
vt 0.4409812092781067 0.177838534116745
vt 0.4409812092781067 0.17783856391906738
vt 0.4409812092781067 0.17783856391906738
vt 0.4409812092781067 0.17783856391906738
vt 0.4409812092781067 0.17783856391906738
vt 0.4409812092781067 0.17783856391906738
vt 0.4409812092781067 0.17783856391906738
vt 0.4409812092781067 0.17783856391906738
vt 0.4409812092781067 0.17783856391906738
vt 0.4409812092781067 0.17783856391906738
vt 0.4409812092781067 0.17783856391906738
vt 0.4409812092781067 0.17783856391906738
vt 0.4409812092781067 0.17783856391906738
vt 0.4409812092781067 0.17783856391906738
vt 0.4409812092781067 0.17783856391906738
vt 0.4409812092781067 0.17783856391906738
vt 0.4409812092781067 0.17783856391906738
vt 0.4409812092781067 0.17783856391906738
vt 0.4409812092781067 0.17783856391906738
vt 0.4409812092781067 0.17783856391906738
vt 0.4409812092781067 0.17783856391906738
vt 0.4409812092781067 0.17783856391906738
vt 0.4409812092781067 0.17783856391906738
vt 0.4409812092781067 0.17783856391906738
vt 0.4409812092781067 0.17783856391906738
vt 0.4409812092781067 0.17783856391906738
vt 0.4409811794757843 0.177838534116745
vt 0.4409811794757843 0.177838534116745
vt 0.4409812092781067 0.17783856391906738
vt 0.4409811794757843 0.177838534116745
vt 0.4409812092781067 0.17783856391906738
vt 0.4409811794757843 0.177838534116745
vt 0.4409812092781067 0.177838534116745
vt 0.4409812092781067 0.177838534116745
vt 0.4409811794757843 0.177838534116745
vt 0.4409812092781067 0.177838534116745
vt 0.4409811794757843 0.177838534116745
vt 0.4409812092781067 0.177838534116745
vt 0.4409812092781067 0.17783856391906738
vt 0.4409812092781067 0.17783856391906738
vt 0.4409812092781067 0.177838534116745
vt 0.4409812092781067 0.17783856391906738
vt 0.4409812092781067 0.177838534116745
vt 0.4409812092781067 0.17783856391906738
vt 0.4409812092781067 0.17783856391906738
vt 0.4409812092781067 0.17783856391906738
vt 0.4409812092781067 0.17783856391906738
vt 0.4409812092781067 0.17783856391906738
vt 0.4409812092781067 0.17783856391906738
vt 0.4409812092781067 0.17783856391906738
vt 0.4409812092781067 0.17783856391906738
vt 0.4409812092781067 0.17783856391906738
vt 0.4409812092781067 0.17783856391906738
vt 0.4409812092781067 0.17783856391906738
vt 0.4409812092781067 0.17783856391906738
vt 0.4409812092781067 0.17783856391906738
vt 0.4409812092781067 0.17783856391906738
vt 0.4409812092781067 0.17783856391906738
vt 0.4409812092781067 0.17783856391906738
vt 0.4409812092781067 0.17783856391906738
vt 0.4409812092781067 0.17783856391906738
vt 0.4409812092781067 0.17783856391906738
vt 0.4409812092781067 0.17783856391906738
vt 0.4409812092781067 0.17783856391906738
vt 0.4409812092781067 0.17783856391906738
vt 0.4409812092781067 0.17783856391906738
vt 0.4409812092781067 0.17783856391906738
vt 0.4409812092781067 0.17783856391906738
vt 0.4409811794757843 0.177838534116745
vt 0.4409812092781067 0.17783856391906738
vt 0.4409811794757843 0.177838534116745
vt 0.4409812092781067 0.177838534116745
vt 0.4409812092781067 0.17783856391906738
vt 0.4409812092781067 0.177838534116745
vt 0.4409812092781067 0.17783856391906738
vt 0.4409812092781067 0.17783856391906738
vt 0.4409812092781067 0.17783856391906738
vt 0.4409812092781067 0.17783856391906738
vt 0.4409812092781067 0.17783856391906738
vt 0.4409812092781067 0.17783856391906738
vt 0.4409812092781067 0.17783856391906738
vt 0.4409812092781067 0.17783856391906738
vt 0.4409812092781067 0.17783856391906738
vt 0.4409812092781067 0.17783856391906738
vt 0.4409812092781067 0.17783856391906738
vt 0.4409812092781067 0.17783856391906738
vt 0.4409812092781067 0.17783856391906738
vt 0.4409812092781067 0.17783856391906738
vt 0.4409812092781067 0.17783856391906738
vt 0.4409811794757843 0.17783856391906738
vt 0.4409811794757843 0.17783856391906738
vt 0.4409812092781067 0.17783856391906738
vt 0.4409811794757843 0.17783856391906738
vt 0.4409812092781067 0.17783856391906738
vt 0.4409812092781067 0.17783856391906738
vt 0.4409812092781067 0.17783856391906738
vt 0.4409812092781067 0.17783856391906738
vt 0.4409812092781067 0.17783856391906738
vt 0.4409812092781067 0.17783856391906738
vt 0.4409812092781067 0.17783856391906738
vt 0.4409812092781067 0.17783856391906738
vt 0.4409812092781067 0.17783856391906738
vt 0.4409812092781067 0.17783856391906738
vt 0.4409812092781067 0.17783856391906738
vt 0.4409812092781067 0.17783856391906738
vt 0.4409812092781067 0.17783856391906738
vt 0.4409812092781067 0.17783856391906738
vt 0.4409812092781067 0.17783856391906738
vt 0.4409812092781067 0.17783856391906738
vt 0.4409812092781067 0.17783856391906738
vt 0.4409812092781067 0.17783856391906738
vt 0.4409812092781067 0.17783856391906738
vt 0.4409812092781067 0.17783856391906738
vt 0.4409812092781067 0.17783856391906738
vt 0.4409812092781067 0.17783856391906738
vt 0.4409812092781067 0.17783856391906738
vt 0.4409812092781067 0.17783856391906738
vt 0.4409812092781067 0.17783856391906738
vt 0.4409812092781067 0.17783856391906738
vt 0.4409812092781067 0.17783856391906738
vt 0.4409812092781067 0.17783856391906738
vt 0.4409812092781067 0.17783856391906738
vt 0.4409812092781067 0.17783856391906738
vt 0.4409812092781067 0.17783856391906738
vt 0.4409811794757843 0.17783856391906738
vt 0.4409812092781067 0.17783856391906738
vt 0.4409812092781067 0.17783856391906738
vt 0.4409811794757843 0.17783856391906738
vt 0.4409812092781067 0.17783856391906738
vt 0.4409811794757843 0.17783856391906738
vt 0.4409811794757843 0.17783856391906738
vt 0.4409812092781067 0.17783856391906738
vt 0.4409812092781067 0.17783856391906738
vt 0.4409811794757843 0.17783856391906738
vt 0.4409812092781067 0.17783856391906738
vt 0.4409811794757843 0.17783856391906738
vt 0.4409812092781067 0.17783856391906738
vt 0.4409811794757843 0.17783856391906738
vt 0.4409811794757843 0.17783856391906738
vt 0.4409812092781067 0.17783856391906738
vt 0.4409811794757843 0.17783856391906738
vt 0.4409812092781067 0.17783856391906738
vt 0.4409812092781067 0.17783856391906738
vt 0.4409812092781067 0.17783856391906738
vt 0.4409812092781067 0.17783856391906738
vt 0.4409812092781067 0.17783856391906738
vt 0.4409812092781067 0.17783856391906738
vt 0.4409812092781067 0.17783856391906738
vt 0.4409812092781067 0.17783856391906738
vt 0.4409812092781067 0.17783856391906738
vt 0.4409812092781067 0.17783856391906738
vt 0.4409812092781067 0.17783856391906738
vt 0.4409812092781067 0.17783856391906738
vt 0.4409812092781067 0.17783856391906738
vt 0.4409812092781067 0.17783856391906738
vt 0.4409812092781067 0.17783856391906738
vt 0.4409812092781067 0.17783856391906738
vt 0.4409812092781067 0.17783856391906738
vt 0.4409812092781067 0.17783856391906738
vt 0.4409812092781067 0.17783856391906738
vt 0.4409812092781067 0.17783856391906738
vt 0.4409812092781067 0.17783856391906738
vt 0.4409812092781067 0.17783856391906738
vt 0.4409812092781067 0.17783856391906738
vt 0.4409812092781067 0.17783856391906738
vt 0.4409812092781067 0.17783856391906738
vt 0.4409812092781067 0.17783856391906738
vt 0.4409812092781067 0.17783856391906738
vt 0.4409812092781067 0.17783856391906738
vt 0.4409812092781067 0.17783856391906738
vt 0.4409812092781067 0.17783856391906738
vt 0.4409812092781067 0.17783856391906738
vt 0.4409812092781067 0.2060306817293167
vt 0.4409812092781067 0.2060306817293167
vt 0.4409812092781067 0.2060306817293167
vt 0.4409812092781067 0.2060306817293167
vt 0.4409812092781067 0.2060306817293167
vt 0.4409812092781067 0.2060306817293167
vt 0.4409812092781067 0.2060306817293167
vt 0.4409811794757843 0.2060306817293167
vt 0.4409811794757843 0.2060306817293167
vt 0.4409812092781067 0.2060306817293167
vt 0.4409811794757843 0.2060306817293167
vt 0.4409812092781067 0.2060306817293167
vt 0.4409811794757843 0.2060306817293167
vt 0.4409812092781067 0.2060306817293167
vt 0.4409812092781067 0.2060306817293167
vt 0.4409811794757843 0.2060306817293167
vt 0.4409812092781067 0.2060306817293167
vt 0.4409811794757843 0.2060306817293167
vt 0.4409812092781067 0.2060306817293167
vt 0.4409812092781067 0.2060306817293167
vt 0.4409812092781067 0.2060306817293167
vt 0.4409812092781067 0.2060306817293167
vt 0.4409812092781067 0.2060306817293167
vt 0.4409812092781067 0.2060306817293167
vt 0.4409812092781067 0.2060306817293167
vt 0.4409812092781067 0.2060306817293167
vt 0.4409812092781067 0.2060306817293167
vt 0.4409812092781067 0.2060306817293167
vt 0.4409812092781067 0.2060306817293167
vt 0.4409812092781067 0.2060306817293167
vt 0.4409812092781067 0.2060306817293167
vt 0.4409812092781067 0.2060306817293167
vt 0.4409812092781067 0.2060306817293167
vt 0.4409812092781067 0.2060306817293167
vt 0.4409812092781067 0.2060306817293167
vt 0.4409812092781067 0.2060306817293167
vt 0.4409812092781067 0.2060306817293167
vt 0.4409812092781067 0.2060306817293167
vt 0.4409812092781067 0.2060306817293167
vt 0.4409812092781067 0.2060306817293167
vt 0.4409812092781067 0.2060306817293167
vt 0.4409812092781067 0.2060306817293167
vt 0.4409812092781067 0.2060306817293167
vt 0.4409812092781067 0.2060306817293167
vt 0.4409812092781067 0.2060306817293167
vt 0.4409812092781067 0.2060306817293167
vt 0.4409812092781067 0.2060306817293167
vt 0.4409812092781067 0.2060306817293167
vt 0.4409812092781067 0.2060306817293167
vt 0.4409812092781067 0.2060306817293167
vt 0.4409812092781067 0.2060306817293167
vt 0.4409811794757843 0.2060307115316391
vt 0.4409812092781067 0.2060306817293167
vt 0.4409812092781067 0.2060306817293167
vt 0.4409812092781067 0.2060306817293167
vt 0.4409811794757843 0.2060307115316391
vt 0.4409812092781067 0.2060306817293167
vt 0.4409812092781067 0.2060306817293167
vt 0.4409812092781067 0.2060306817293167
vt 0.4409812092781067 0.2060306817293167
vt 0.4409812092781067 0.2060306817293167
vt 0.4409812092781067 0.2060306817293167
vt 0.4409812092781067 0.2060306817293167
vt 0.4409812092781067 0.2060306817293167
vt 0.4409811794757843 0.20603065192699432
vt 0.4409811794757843 0.20603065192699432
vt 0.4409812092781067 0.2060306817293167
vt 0.4409811794757843 0.20603065192699432
vt 0.4409812092781067 0.2060306817293167
vt 0.4409811794757843 0.20603065192699432
vt 0.4409812092781067 0.20603065192699432
vt 0.4409812092781067 0.20603065192699432
vt 0.4409811794757843 0.20603065192699432
vt 0.4409812092781067 0.20603065192699432
vt 0.4409811794757843 0.20603065192699432
vt 0.4409812092781067 0.20603065192699432
vt 0.4409812092781067 0.2060306817293167
vt 0.4409812092781067 0.2060306817293167
vt 0.4409812092781067 0.20603065192699432
vt 0.4409812092781067 0.2060306817293167
vt 0.4409812092781067 0.20603065192699432
vt 0.4409812092781067 0.2060306817293167
vt 0.4409812092781067 0.2060306817293167
vt 0.4409812092781067 0.2060306817293167
vt 0.4409812092781067 0.2060306817293167
vt 0.4409812092781067 0.2060306817293167
vt 0.4409812092781067 0.2060306817293167
vt 0.4409812092781067 0.2060306817293167
vt 0.4409812092781067 0.2060306817293167
vt 0.4409812092781067 0.2060306817293167
vt 0.4409812092781067 0.2060306817293167
vt 0.4409812092781067 0.2060306817293167
vt 0.4409812092781067 0.2060306817293167
vt 0.4409812092781067 0.2060306817293167
vt 0.4409812092781067 0.2060306817293167
vt 0.4409812092781067 0.2060306817293167
vt 0.4409812092781067 0.2060306817293167
vt 0.4409812092781067 0.2060306817293167
vt 0.4409812092781067 0.2060306817293167
vt 0.4409812092781067 0.2060306817293167
vt 0.4409812092781067 0.2060306817293167
vt 0.4409812092781067 0.2060306817293167
vt 0.4409812092781067 0.2060306817293167
vt 0.4409812092781067 0.2060306817293167
vt 0.4409812092781067 0.2060306817293167
vt 0.4409812092781067 0.2060306817293167
vt 0.4409811794757843 0.20603065192699432
vt 0.4409811794757843 0.20603065192699432
vt 0.4409812092781067 0.2060306817293167
vt 0.4409811794757843 0.20603065192699432
vt 0.4409812092781067 0.2060306817293167
vt 0.4409811794757843 0.20603065192699432
vt 0.4409812092781067 0.20603065192699432
vt 0.4409812092781067 0.20603065192699432
vt 0.4409811794757843 0.20603065192699432
vt 0.4409812092781067 0.20603065192699432
vt 0.4409811794757843 0.20603065192699432
vt 0.4409812092781067 0.20603065192699432
vt 0.4409812092781067 0.2060306817293167
vt 0.4409812092781067 0.2060306817293167
vt 0.4409812092781067 0.20603065192699432
vt 0.4409812092781067 0.2060306817293167
vt 0.4409812092781067 0.20603065192699432
vt 0.4409812092781067 0.2060306817293167
vt 0.4409812092781067 0.2060306817293167
vt 0.4409812092781067 0.2060306817293167
vt 0.4409812092781067 0.2060306817293167
vt 0.4409812092781067 0.2060306817293167
vt 0.4409812092781067 0.2060306817293167
vt 0.4409812092781067 0.2060306817293167
vt 0.4409812092781067 0.2060306817293167
vt 0.4409812092781067 0.2060306817293167
vt 0.4409812092781067 0.2060306817293167
vt 0.4409812092781067 0.2060306817293167
vt 0.4409812092781067 0.2060306817293167
vt 0.4409812092781067 0.2060306817293167
vt 0.4409812092781067 0.2060306817293167
vt 0.4409812092781067 0.2060306817293167
vt 0.4409812092781067 0.2060306817293167
vt 0.4409812092781067 0.2060306817293167
vt 0.4409812092781067 0.2060306817293167
vt 0.4409812092781067 0.2060306817293167
vt 0.4409812092781067 0.2060306817293167
vt 0.4409812092781067 0.2060306817293167
vt 0.4409812092781067 0.2060306817293167
vt 0.4409812092781067 0.2060306817293167
vt 0.4409812092781067 0.2060306817293167
vt 0.4409812092781067 0.2060306817293167
vt 0.4409811794757843 0.20603065192699432
vt 0.4409811794757843 0.20603065192699432
vt 0.4409812092781067 0.2060306817293167
vt 0.4409811794757843 0.20603065192699432
vt 0.4409812092781067 0.2060306817293167
vt 0.4409811794757843 0.20603065192699432
vt 0.4409812092781067 0.20603065192699432
vt 0.4409812092781067 0.20603065192699432
vt 0.4409811794757843 0.20603065192699432
vt 0.4409812092781067 0.20603065192699432
vt 0.4409811794757843 0.20603065192699432
vt 0.4409812092781067 0.20603065192699432
vt 0.4409812092781067 0.2060306817293167
vt 0.4409812092781067 0.2060306817293167
vt 0.4409812092781067 0.20603065192699432
vt 0.4409812092781067 0.2060306817293167
vt 0.4409812092781067 0.20603065192699432
vt 0.4409812092781067 0.2060306817293167
vt 0.4409812092781067 0.2060306817293167
vt 0.4409812092781067 0.2060306817293167
vt 0.4409812092781067 0.2060306817293167
vt 0.4409812092781067 0.2060306817293167
vt 0.4409812092781067 0.2060306817293167
vt 0.4409812092781067 0.2060306817293167
vt 0.4409812092781067 0.2060306817293167
vt 0.4409812092781067 0.2060306817293167
vt 0.4409812092781067 0.2060306817293167
vt 0.4409812092781067 0.2060306817293167
vt 0.4409812092781067 0.2060306817293167
vt 0.4409812092781067 0.2060306817293167
vt 0.4409812092781067 0.2060306817293167
vt 0.4409812092781067 0.2060306817293167
vt 0.4409812092781067 0.2060306817293167
vt 0.4409812092781067 0.2060306817293167
vt 0.4409812092781067 0.2060306817293167
vt 0.4409812092781067 0.2060306817293167
vt 0.4409812092781067 0.2060306817293167
vt 0.4409812092781067 0.2060306817293167
vt 0.4409812092781067 0.2060306817293167
vt 0.4409812092781067 0.2060306817293167
vt 0.4409812092781067 0.2060306817293167
vt 0.4409812092781067 0.2060306817293167
vt 0.4409811794757843 0.20603065192699432
vt 0.4409812092781067 0.2060306817293167
vt 0.4409811794757843 0.20603065192699432
vt 0.4409812092781067 0.20603065192699432
vt 0.4409812092781067 0.2060306817293167
vt 0.4409812092781067 0.20603065192699432
vt 0.4409812092781067 0.2060306817293167
vt 0.4409812092781067 0.2060306817293167
vt 0.4409812092781067 0.2060306817293167
vt 0.4409812092781067 0.2060306817293167
vt 0.4409812092781067 0.2060306817293167
vt 0.4409812092781067 0.2060306817293167
vt 0.4409812092781067 0.2060306817293167
vt 0.4409812092781067 0.2060306817293167
vt 0.4409812092781067 0.2060306817293167
vt 0.4409812092781067 0.2060306817293167
vt 0.4409812092781067 0.2060306817293167
vt 0.4409812092781067 0.2060306817293167
vt 0.4409812092781067 0.2060306817293167
vt 0.4409812092781067 0.2060306817293167
vt 0.4409812092781067 0.2060306817293167
vt 0.4409811794757843 0.2060306817293167
vt 0.4409811794757843 0.2060306817293167
vt 0.4409812092781067 0.2060306817293167
vt 0.4409811794757843 0.2060306817293167
vt 0.4409812092781067 0.2060306817293167
vt 0.4409812092781067 0.2060306817293167
vt 0.4409812092781067 0.2060306817293167
vt 0.4409812092781067 0.2060306817293167
vt 0.4409812092781067 0.2060306817293167
vt 0.4409812092781067 0.2060306817293167
vt 0.4409812092781067 0.2060306817293167
vt 0.4409812092781067 0.2060306817293167
vt 0.4409812092781067 0.2060306817293167
vt 0.4409812092781067 0.2060306817293167
vt 0.4409812092781067 0.2060306817293167
vt 0.4409812092781067 0.2060306817293167
vt 0.4409812092781067 0.2060306817293167
vt 0.4409812092781067 0.2060306817293167
vt 0.4409812092781067 0.2060306817293167
vt 0.4409812092781067 0.2060306817293167
vt 0.4409812092781067 0.2060306817293167
vt 0.4409812092781067 0.2060306817293167
vt 0.4409812092781067 0.2060306817293167
vt 0.4409812092781067 0.2060306817293167
vt 0.4409812092781067 0.2060306817293167
vt 0.4409812092781067 0.2060306817293167
vt 0.4409812092781067 0.2060306817293167
vt 0.4409812092781067 0.2060306817293167
vt 0.4409812092781067 0.2060306817293167
vt 0.4409812092781067 0.2060306817293167
vt 0.4409812092781067 0.2060306817293167
vt 0.4409812092781067 0.2060306817293167
vt 0.4409812092781067 0.2060306817293167
vt 0.4409812092781067 0.2060306817293167
vt 0.4409812092781067 0.2060306817293167
vt 0.4409811794757843 0.2060306817293167
vt 0.4409812092781067 0.2060306817293167
vt 0.4409812092781067 0.2060306817293167
vt 0.4409811794757843 0.2060306817293167
vt 0.4409812092781067 0.2060306817293167
vt 0.4409811794757843 0.2060306817293167
vt 0.4409811794757843 0.2060306817293167
vt 0.4409812092781067 0.2060306817293167
vt 0.4409812092781067 0.2060306817293167
vt 0.4409811794757843 0.2060306817293167
vt 0.4409812092781067 0.2060306817293167
vt 0.4409811794757843 0.2060306817293167
vt 0.4409812092781067 0.2060306817293167
vt 0.4409811794757843 0.2060306817293167
vt 0.4409811794757843 0.2060306817293167
vt 0.4409812092781067 0.2060306817293167
vt 0.4409811794757843 0.2060306817293167
vt 0.4409812092781067 0.2060306817293167
vt 0.4409812092781067 0.2060306817293167
vt 0.4409812092781067 0.2060306817293167
vt 0.4409812092781067 0.2060306817293167
vt 0.4409812092781067 0.2060306817293167
vt 0.4409812092781067 0.2060306817293167
vt 0.4409812092781067 0.2060306817293167
vt 0.4409812092781067 0.2060306817293167
vt 0.4409812092781067 0.2060306817293167
vt 0.4409812092781067 0.2060306817293167
vt 0.4409812092781067 0.2060306817293167
vt 0.4409812092781067 0.2060306817293167
vt 0.4409812092781067 0.2060306817293167
vt 0.4409812092781067 0.2060306817293167
vt 0.4409812092781067 0.2060306817293167
vt 0.4409812092781067 0.2060306817293167
vt 0.4409812092781067 0.2060306817293167
vt 0.4409812092781067 0.2060306817293167
vt 0.4409812092781067 0.2060306817293167
vt 0.4409812092781067 0.2060306817293167
vt 0.4409812092781067 0.2060306817293167
vt 0.4409812092781067 0.2060306817293167
vt 0.4409812092781067 0.2060306817293167
vt 0.4409812092781067 0.2060306817293167
vt 0.4409812092781067 0.2060306817293167
vt 0.4409812092781067 0.2060306817293167
vt 0.4409812092781067 0.2060306817293167
vt 0.4409812092781067 0.2060306817293167
vt 0.4409812092781067 0.2060306817293167
vt 0.4409812092781067 0.2060306817293167
vt 0.4409812092781067 0.2060306817293167
vt 0.4409812092781067 0.1553562432527542
vt 0.4409812092781067 0.1553562432527542
vt 0.4409812092781067 0.1553562432527542
vt 0.4409812092781067 0.1553562432527542
vt 0.4409812092781067 0.1553562432527542
vt 0.4409812092781067 0.1553562432527542
vt 0.4409812092781067 0.1553562432527542
vt 0.4409811794757843 0.1553562432527542
vt 0.4409811794757843 0.1553562432527542
vt 0.4409812092781067 0.1553562432527542
vt 0.4409811794757843 0.1553562432527542
vt 0.4409812092781067 0.1553562432527542
vt 0.4409811794757843 0.1553562432527542
vt 0.4409812092781067 0.1553562432527542
vt 0.4409812092781067 0.1553562432527542
vt 0.4409811794757843 0.1553562432527542
vt 0.4409812092781067 0.1553562432527542
vt 0.4409811794757843 0.1553562432527542
vt 0.4409812092781067 0.1553562432527542
vt 0.4409812092781067 0.1553562432527542
vt 0.4409812092781067 0.1553562432527542
vt 0.4409812092781067 0.1553562432527542
vt 0.4409812092781067 0.1553562432527542
vt 0.4409812092781067 0.1553562432527542
vt 0.4409812092781067 0.1553562432527542
vt 0.4409812092781067 0.1553562432527542
vt 0.4409812092781067 0.1553562432527542
vt 0.4409812092781067 0.1553562432527542
vt 0.4409812092781067 0.1553562432527542
vt 0.4409812092781067 0.1553562432527542
vt 0.4409812092781067 0.1553562432527542
vt 0.4409812092781067 0.1553562432527542
vt 0.4409812092781067 0.1553562432527542
vt 0.4409812092781067 0.1553562432527542
vt 0.4409812092781067 0.1553562432527542
vt 0.4409812092781067 0.1553562432527542
vt 0.4409812092781067 0.1553562432527542
vt 0.4409812092781067 0.1553562432527542
vt 0.4409812092781067 0.1553562432527542
vt 0.4409812092781067 0.1553562432527542
vt 0.4409812092781067 0.1553562432527542
vt 0.4409812092781067 0.1553562432527542
vt 0.4409812092781067 0.1553562432527542
vt 0.4409812092781067 0.1553562432527542
vt 0.4409812092781067 0.1553562432527542
vt 0.4409812092781067 0.1553562432527542
vt 0.4409812092781067 0.1553562432527542
vt 0.4409812092781067 0.1553562432527542
vt 0.4409812092781067 0.1553562432527542
vt 0.4409812092781067 0.1553562432527542
vt 0.4409812092781067 0.1553562432527542
vt 0.4409811794757843 0.1553562730550766
vt 0.4409812092781067 0.1553562432527542
vt 0.4409812092781067 0.1553562432527542
vt 0.4409812092781067 0.1553562432527542
vt 0.4409811794757843 0.1553562730550766
vt 0.4409812092781067 0.1553562432527542
vt 0.4409812092781067 0.1553562432527542
vt 0.4409812092781067 0.1553562432527542
vt 0.4409812092781067 0.1553562432527542
vt 0.4409812092781067 0.1553562432527542
vt 0.4409812092781067 0.1553562432527542
vt 0.4409812092781067 0.1553562432527542
vt 0.4409812092781067 0.1553562432527542
vt 0.4409811794757843 0.15535621345043182
vt 0.4409811794757843 0.15535621345043182
vt 0.4409812092781067 0.1553562432527542
vt 0.4409811794757843 0.15535621345043182
vt 0.4409812092781067 0.1553562432527542
vt 0.4409811794757843 0.15535621345043182
vt 0.4409812092781067 0.15535621345043182
vt 0.4409812092781067 0.15535621345043182
vt 0.4409811794757843 0.15535621345043182
vt 0.4409812092781067 0.15535621345043182
vt 0.4409811794757843 0.15535621345043182
vt 0.4409812092781067 0.15535621345043182
vt 0.4409812092781067 0.1553562432527542
vt 0.4409812092781067 0.1553562432527542
vt 0.4409812092781067 0.15535621345043182
vt 0.4409812092781067 0.1553562432527542
vt 0.4409812092781067 0.15535621345043182
vt 0.4409812092781067 0.1553562432527542
vt 0.4409812092781067 0.1553562432527542
vt 0.4409812092781067 0.1553562432527542
vt 0.4409812092781067 0.1553562432527542
vt 0.4409812092781067 0.1553562432527542
vt 0.4409812092781067 0.1553562432527542
vt 0.4409812092781067 0.1553562432527542
vt 0.4409812092781067 0.1553562432527542
vt 0.4409812092781067 0.1553562432527542
vt 0.4409812092781067 0.1553562432527542
vt 0.4409812092781067 0.1553562432527542
vt 0.4409812092781067 0.1553562432527542
vt 0.4409812092781067 0.1553562432527542
vt 0.4409812092781067 0.1553562432527542
vt 0.4409812092781067 0.1553562432527542
vt 0.4409812092781067 0.1553562432527542
vt 0.4409812092781067 0.1553562432527542
vt 0.4409812092781067 0.1553562432527542
vt 0.4409812092781067 0.1553562432527542
vt 0.4409812092781067 0.1553562432527542
vt 0.4409812092781067 0.1553562432527542
vt 0.4409812092781067 0.1553562432527542
vt 0.4409812092781067 0.1553562432527542
vt 0.4409812092781067 0.1553562432527542
vt 0.4409812092781067 0.1553562432527542
vt 0.4409811794757843 0.15535621345043182
vt 0.4409811794757843 0.15535621345043182
vt 0.4409812092781067 0.1553562432527542
vt 0.4409811794757843 0.15535621345043182
vt 0.4409812092781067 0.1553562432527542
vt 0.4409811794757843 0.15535621345043182
vt 0.4409812092781067 0.15535621345043182
vt 0.4409812092781067 0.15535621345043182
vt 0.4409811794757843 0.15535621345043182
vt 0.4409812092781067 0.15535621345043182
vt 0.4409811794757843 0.15535621345043182
vt 0.4409812092781067 0.15535621345043182
vt 0.4409812092781067 0.1553562432527542
vt 0.4409812092781067 0.1553562432527542
vt 0.4409812092781067 0.15535621345043182
vt 0.4409812092781067 0.1553562432527542
vt 0.4409812092781067 0.15535621345043182
vt 0.4409812092781067 0.1553562432527542
vt 0.4409812092781067 0.1553562432527542
vt 0.4409812092781067 0.1553562432527542
vt 0.4409812092781067 0.1553562432527542
vt 0.4409812092781067 0.1553562432527542
vt 0.4409812092781067 0.1553562432527542
vt 0.4409812092781067 0.1553562432527542
vt 0.4409812092781067 0.1553562432527542
vt 0.4409812092781067 0.1553562432527542
vt 0.4409812092781067 0.1553562432527542
vt 0.4409812092781067 0.1553562432527542
vt 0.4409812092781067 0.1553562432527542
vt 0.4409812092781067 0.1553562432527542
vt 0.4409812092781067 0.1553562432527542
vt 0.4409812092781067 0.1553562432527542
vt 0.4409812092781067 0.1553562432527542
vt 0.4409812092781067 0.1553562432527542
vt 0.4409812092781067 0.1553562432527542
vt 0.4409812092781067 0.1553562432527542
vt 0.4409812092781067 0.1553562432527542
vt 0.4409812092781067 0.1553562432527542
vt 0.4409812092781067 0.1553562432527542
vt 0.4409812092781067 0.1553562432527542
vt 0.4409812092781067 0.1553562432527542
vt 0.4409812092781067 0.1553562432527542
vt 0.4409811794757843 0.15535621345043182
vt 0.4409811794757843 0.15535621345043182
vt 0.4409812092781067 0.1553562432527542
vt 0.4409811794757843 0.15535621345043182
vt 0.4409812092781067 0.1553562432527542
vt 0.4409811794757843 0.15535621345043182
vt 0.4409812092781067 0.15535621345043182
vt 0.4409812092781067 0.15535621345043182
vt 0.4409811794757843 0.15535621345043182
vt 0.4409812092781067 0.15535621345043182
vt 0.4409811794757843 0.15535621345043182
vt 0.4409812092781067 0.15535621345043182
vt 0.4409812092781067 0.1553562432527542
vt 0.4409812092781067 0.1553562432527542
vt 0.4409812092781067 0.15535621345043182
vt 0.4409812092781067 0.1553562432527542
vt 0.4409812092781067 0.15535621345043182
vt 0.4409812092781067 0.1553562432527542
vt 0.4409812092781067 0.1553562432527542
vt 0.4409812092781067 0.1553562432527542
vt 0.4409812092781067 0.1553562432527542
vt 0.4409812092781067 0.1553562432527542
vt 0.4409812092781067 0.1553562432527542
vt 0.4409812092781067 0.1553562432527542
vt 0.4409812092781067 0.1553562432527542
vt 0.4409812092781067 0.1553562432527542
vt 0.4409812092781067 0.1553562432527542
vt 0.4409812092781067 0.1553562432527542
vt 0.4409812092781067 0.1553562432527542
vt 0.4409812092781067 0.1553562432527542
vt 0.4409812092781067 0.1553562432527542
vt 0.4409812092781067 0.1553562432527542
vt 0.4409812092781067 0.1553562432527542
vt 0.4409812092781067 0.1553562432527542
vt 0.4409812092781067 0.1553562432527542
vt 0.4409812092781067 0.1553562432527542
vt 0.4409812092781067 0.1553562432527542
vt 0.4409812092781067 0.1553562432527542
vt 0.4409812092781067 0.1553562432527542
vt 0.4409812092781067 0.1553562432527542
vt 0.4409812092781067 0.1553562432527542
vt 0.4409812092781067 0.1553562432527542
vt 0.4409811794757843 0.15535621345043182
vt 0.4409812092781067 0.1553562432527542
vt 0.4409811794757843 0.15535621345043182
vt 0.4409812092781067 0.15535621345043182
vt 0.4409812092781067 0.1553562432527542
vt 0.4409812092781067 0.15535621345043182
vt 0.4409812092781067 0.1553562432527542
vt 0.4409812092781067 0.1553562432527542
vt 0.4409812092781067 0.1553562432527542
vt 0.4409812092781067 0.1553562432527542
vt 0.4409812092781067 0.1553562432527542
vt 0.4409812092781067 0.1553562432527542
vt 0.4409812092781067 0.1553562432527542
vt 0.4409812092781067 0.1553562432527542
vt 0.4409812092781067 0.1553562432527542
vt 0.4409812092781067 0.1553562432527542
vt 0.4409812092781067 0.1553562432527542
vt 0.4409812092781067 0.1553562432527542
vt 0.4409812092781067 0.1553562432527542
vt 0.4409812092781067 0.1553562432527542
vt 0.4409812092781067 0.1553562432527542
vt 0.4409811794757843 0.1553562432527542
vt 0.4409811794757843 0.1553562432527542
vt 0.4409812092781067 0.1553562432527542
vt 0.4409811794757843 0.1553562432527542
vt 0.4409812092781067 0.1553562432527542
vt 0.4409812092781067 0.1553562432527542
vt 0.4409812092781067 0.1553562432527542
vt 0.4409812092781067 0.1553562432527542
vt 0.4409812092781067 0.1553562432527542
vt 0.4409812092781067 0.1553562432527542
vt 0.4409812092781067 0.1553562432527542
vt 0.4409812092781067 0.1553562432527542
vt 0.4409812092781067 0.1553562432527542
vt 0.4409812092781067 0.1553562432527542
vt 0.4409812092781067 0.1553562432527542
vt 0.4409812092781067 0.1553562432527542
vt 0.4409812092781067 0.1553562432527542
vt 0.4409812092781067 0.1553562432527542
vt 0.4409812092781067 0.1553562432527542
vt 0.4409812092781067 0.1553562432527542
vt 0.4409812092781067 0.1553562432527542
vt 0.4409812092781067 0.1553562432527542
vt 0.4409812092781067 0.1553562432527542
vt 0.4409812092781067 0.1553562432527542
vt 0.4409812092781067 0.1553562432527542
vt 0.4409812092781067 0.1553562432527542
vt 0.4409812092781067 0.1553562432527542
vt 0.4409812092781067 0.1553562432527542
vt 0.4409812092781067 0.1553562432527542
vt 0.4409812092781067 0.1553562432527542
vt 0.4409812092781067 0.1553562432527542
vt 0.4409812092781067 0.1553562432527542
vt 0.4409812092781067 0.1553562432527542
vt 0.4409812092781067 0.1553562432527542
vt 0.4409812092781067 0.1553562432527542
vt 0.4409811794757843 0.1553562432527542
vt 0.4409812092781067 0.1553562432527542
vt 0.4409812092781067 0.1553562432527542
vt 0.4409811794757843 0.1553562432527542
vt 0.4409812092781067 0.1553562432527542
vt 0.4409811794757843 0.1553562432527542
vt 0.4409811794757843 0.1553562432527542
vt 0.4409812092781067 0.1553562432527542
vt 0.4409812092781067 0.1553562432527542
vt 0.4409811794757843 0.1553562432527542
vt 0.4409812092781067 0.1553562432527542
vt 0.4409811794757843 0.1553562432527542
vt 0.4409812092781067 0.1553562432527542
vt 0.4409811794757843 0.1553562432527542
vt 0.4409811794757843 0.1553562432527542
vt 0.4409812092781067 0.1553562432527542
vt 0.4409811794757843 0.1553562432527542
vt 0.4409812092781067 0.1553562432527542
vt 0.4409812092781067 0.1553562432527542
vt 0.4409812092781067 0.1553562432527542
vt 0.4409812092781067 0.1553562432527542
vt 0.4409812092781067 0.1553562432527542
vt 0.4409812092781067 0.1553562432527542
vt 0.4409812092781067 0.1553562432527542
vt 0.4409812092781067 0.1553562432527542
vt 0.4409812092781067 0.1553562432527542
vt 0.4409812092781067 0.1553562432527542
vt 0.4409812092781067 0.1553562432527542
vt 0.4409812092781067 0.1553562432527542
vt 0.4409812092781067 0.1553562432527542
vt 0.4409812092781067 0.1553562432527542
vt 0.4409812092781067 0.1553562432527542
vt 0.4409812092781067 0.1553562432527542
vt 0.4409812092781067 0.1553562432527542
vt 0.4409812092781067 0.1553562432527542
vt 0.4409812092781067 0.1553562432527542
vt 0.4409812092781067 0.1553562432527542
vt 0.4409812092781067 0.1553562432527542
vt 0.4409812092781067 0.1553562432527542
vt 0.4409812092781067 0.1553562432527542
vt 0.4409812092781067 0.1553562432527542
vt 0.4409812092781067 0.1553562432527542
vt 0.4409812092781067 0.1553562432527542
vt 0.4409812092781067 0.1553562432527542
vt 0.4409812092781067 0.1553562432527542
vt 0.4409812092781067 0.1553562432527542
vt 0.4409812092781067 0.1553562432527542
vt 0.4409812092781067 0.1553562432527542
vt 0.4409811794757843 0.2060307115316391
vt 0.4409811794757843 0.2060307115316391
vt 0.4409811794757843 0.2060307115316391
vt 0.4409811794757843 0.2060307115316391
vt 0.4409811794757843 0.2060307115316391
vt 0.4409811794757843 0.2060307115316391
vt 0.4409811794757843 0.2060307115316391
vt 0.4409811496734619 0.2060307115316391
vt 0.4409811496734619 0.2060307115316391
vt 0.4409811794757843 0.2060307115316391
vt 0.4409811496734619 0.2060307115316391
vt 0.4409811794757843 0.2060307115316391
vt 0.4409811496734619 0.2060307115316391
vt 0.4409811794757843 0.2060307115316391
vt 0.4409811794757843 0.2060307115316391
vt 0.4409811496734619 0.2060307115316391
vt 0.4409811794757843 0.2060307115316391
vt 0.4409811496734619 0.2060307115316391
vt 0.4409811794757843 0.2060307115316391
vt 0.4409811794757843 0.2060307115316391
vt 0.4409811794757843 0.2060307115316391
vt 0.4409811794757843 0.2060307115316391
vt 0.4409811794757843 0.2060307115316391
vt 0.4409811794757843 0.2060307115316391
vt 0.4409811794757843 0.2060307115316391
vt 0.4409811794757843 0.2060307115316391
vt 0.4409811794757843 0.2060307115316391
vt 0.4409811794757843 0.2060307115316391
vt 0.4409811794757843 0.2060307115316391
vt 0.4409811794757843 0.2060307115316391
vt 0.4409811794757843 0.2060307115316391
vt 0.4409811794757843 0.2060307115316391
vt 0.4409811794757843 0.2060307115316391
vt 0.4409811794757843 0.2060307115316391
vt 0.4409811794757843 0.2060307115316391
vt 0.4409811794757843 0.2060307115316391
vt 0.4409811794757843 0.2060307115316391
vt 0.4409811794757843 0.2060307115316391
vt 0.4409811794757843 0.2060307115316391
vt 0.4409811794757843 0.2060307115316391
vt 0.4409811794757843 0.2060307115316391
vt 0.4409811794757843 0.2060307115316391
vt 0.4409811794757843 0.2060307115316391
vt 0.4409811794757843 0.2060307115316391
vt 0.4409811794757843 0.2060306966304779
vt 0.4409811794757843 0.2060306966304779
vt 0.4409811794757843 0.2060307115316391
vt 0.4409811794757843 0.2060306966304779
vt 0.4409811794757843 0.2060306966304779
vt 0.4409811794757843 0.2060306966304779
vt 0.4409811794757843 0.2060306966304779
vt 0.4409811496734619 0.2060307264328003
vt 0.4409811794757843 0.2060306966304779
vt 0.4409811794757843 0.2060306966304779
vt 0.4409811794757843 0.2060307115316391
vt 0.4409811496734619 0.2060307264328003
vt 0.4409811794757843 0.2060306966304779
vt 0.4409811794757843 0.2060306966304779
vt 0.4409811794757843 0.2060307115316391
vt 0.4409811794757843 0.2060306966304779
vt 0.4409811794757843 0.2060307115316391
vt 0.4409811794757843 0.2060306966304779
vt 0.4409811794757843 0.2060306966304779
vt 0.4409811794757843 0.2060306966304779
vt 0.4409811496734619 0.2060306817293167
vt 0.4409811496734619 0.2060306817293167
vt 0.4409811794757843 0.2060306966304779
vt 0.4409811496734619 0.2060306817293167
vt 0.4409811794757843 0.2060306966304779
vt 0.4409811496734619 0.2060306817293167
vt 0.4409811794757843 0.2060306817293167
vt 0.4409811794757843 0.2060306817293167
vt 0.4409811496734619 0.2060306817293167
vt 0.4409811794757843 0.2060306817293167
vt 0.4409811496734619 0.2060306817293167
vt 0.4409811794757843 0.2060306817293167
vt 0.4409811794757843 0.2060306966304779
vt 0.4409811794757843 0.2060306966304779
vt 0.4409811794757843 0.2060306817293167
vt 0.4409811794757843 0.2060306966304779
vt 0.4409811794757843 0.2060306817293167
vt 0.4409811794757843 0.2060306966304779
vt 0.4409811794757843 0.2060307115316391
vt 0.4409811794757843 0.2060307115316391
vt 0.4409811794757843 0.2060306966304779
vt 0.4409811794757843 0.2060307115316391
vt 0.4409811794757843 0.2060306966304779
vt 0.4409811794757843 0.2060307115316391
vt 0.4409811794757843 0.2060307115316391
vt 0.4409811794757843 0.2060307115316391
vt 0.4409811794757843 0.2060307115316391
vt 0.4409811794757843 0.2060307115316391
vt 0.4409811794757843 0.2060307115316391
vt 0.4409811794757843 0.2060307115316391
vt 0.4409811794757843 0.2060306966304779
vt 0.4409811794757843 0.2060306966304779
vt 0.4409811794757843 0.2060307115316391
vt 0.4409811794757843 0.2060306966304779
vt 0.4409811794757843 0.2060307115316391
vt 0.4409811794757843 0.2060306966304779
vt 0.4409811794757843 0.2060306966304779
vt 0.4409811794757843 0.2060306966304779
vt 0.4409811794757843 0.2060306966304779
vt 0.4409811794757843 0.2060306966304779
vt 0.4409811794757843 0.2060306966304779
vt 0.4409811794757843 0.2060306966304779
vt 0.4409811496734619 0.2060306817293167
vt 0.4409811496734619 0.2060306817293167
vt 0.4409811794757843 0.2060306966304779
vt 0.4409811496734619 0.2060306817293167
vt 0.4409811794757843 0.2060306966304779
vt 0.4409811496734619 0.2060306817293167
vt 0.4409811794757843 0.2060306817293167
vt 0.4409811794757843 0.2060306817293167
vt 0.4409811496734619 0.2060306817293167
vt 0.4409811794757843 0.2060306817293167
vt 0.4409811496734619 0.2060306817293167
vt 0.4409811794757843 0.2060306817293167
vt 0.4409811794757843 0.2060306966304779
vt 0.4409811794757843 0.2060306966304779
vt 0.4409811794757843 0.2060306817293167
vt 0.4409811794757843 0.2060306966304779
vt 0.4409811794757843 0.2060306817293167
vt 0.4409811794757843 0.2060306966304779
vt 0.4409811794757843 0.2060307115316391
vt 0.4409811794757843 0.2060307115316391
vt 0.4409811794757843 0.2060306966304779
vt 0.4409811794757843 0.2060307115316391
vt 0.4409811794757843 0.2060306966304779
vt 0.4409811794757843 0.2060307115316391
vt 0.4409811794757843 0.2060307115316391
vt 0.4409811794757843 0.2060307115316391
vt 0.4409811794757843 0.2060307115316391
vt 0.4409811794757843 0.2060307115316391
vt 0.4409811794757843 0.2060307115316391
vt 0.4409811794757843 0.2060307115316391
vt 0.4409811794757843 0.2060306966304779
vt 0.4409811794757843 0.2060306966304779
vt 0.4409811794757843 0.2060307115316391
vt 0.4409811794757843 0.2060306966304779
vt 0.4409811794757843 0.2060307115316391
vt 0.4409811794757843 0.2060306966304779
vt 0.4409811794757843 0.2060306966304779
vt 0.4409811794757843 0.2060306966304779
vt 0.4409811794757843 0.2060306966304779
vt 0.4409811794757843 0.2060306966304779
vt 0.4409811794757843 0.2060306966304779
vt 0.4409811794757843 0.2060306966304779
vt 0.4409811496734619 0.2060306817293167
vt 0.4409811496734619 0.2060306817293167
vt 0.4409811794757843 0.2060306966304779
vt 0.4409811496734619 0.2060306817293167
vt 0.4409811794757843 0.2060306966304779
vt 0.4409811496734619 0.2060306817293167
vt 0.4409811794757843 0.2060306817293167
vt 0.4409811794757843 0.2060306817293167
vt 0.4409811496734619 0.2060306817293167
vt 0.4409811794757843 0.2060306817293167
vt 0.4409811496734619 0.2060306817293167
vt 0.4409811794757843 0.2060306817293167
vt 0.4409811794757843 0.2060306966304779
vt 0.4409811794757843 0.2060306966304779
vt 0.4409811794757843 0.2060306817293167
vt 0.4409811794757843 0.2060306966304779
vt 0.4409811794757843 0.2060306817293167
vt 0.4409811794757843 0.2060306966304779
vt 0.4409811794757843 0.2060307115316391
vt 0.4409811794757843 0.2060307115316391
vt 0.4409811794757843 0.2060306966304779
vt 0.4409811794757843 0.2060307115316391
vt 0.4409811794757843 0.2060306966304779
vt 0.4409811794757843 0.2060307115316391
vt 0.4409811794757843 0.2060307115316391
vt 0.4409811794757843 0.2060307115316391
vt 0.4409811794757843 0.2060307115316391
vt 0.4409811794757843 0.2060307115316391
vt 0.4409811794757843 0.2060307115316391
vt 0.4409811794757843 0.2060307115316391
vt 0.4409811794757843 0.2060306966304779
vt 0.4409811794757843 0.2060306966304779
vt 0.4409811794757843 0.2060307115316391
vt 0.4409811794757843 0.2060306966304779
vt 0.4409811794757843 0.2060307115316391
vt 0.4409811794757843 0.2060306966304779
vt 0.4409811794757843 0.2060306966304779
vt 0.4409811794757843 0.2060306966304779
vt 0.4409811794757843 0.2060306966304779
vt 0.4409811794757843 0.2060306966304779
vt 0.4409811794757843 0.2060306966304779
vt 0.4409811794757843 0.2060306966304779
vt 0.4409811496734619 0.2060306817293167
vt 0.4409811794757843 0.2060306966304779
vt 0.4409811496734619 0.2060306817293167
vt 0.4409811794757843 0.2060306817293167
vt 0.4409811794757843 0.2060306966304779
vt 0.4409811794757843 0.2060306817293167
vt 0.4409811794757843 0.2060306966304779
vt 0.4409811794757843 0.2060306966304779
vt 0.4409811794757843 0.2060306966304779
vt 0.4409811794757843 0.2060307115316391
vt 0.4409811794757843 0.2060306966304779
vt 0.4409811794757843 0.2060307115316391
vt 0.4409811794757843 0.2060307115316391
vt 0.4409811794757843 0.2060306966304779
vt 0.4409811794757843 0.2060307115316391
vt 0.4409811794757843 0.2060306966304779
vt 0.4409811794757843 0.2060306966304779
vt 0.4409811794757843 0.2060306966304779
vt 0.4409811794757843 0.2060306966304779
vt 0.4409811794757843 0.2060306966304779
vt 0.4409811794757843 0.2060307115316391
vt 0.4409811496734619 0.2060307115316391
vt 0.4409811496734619 0.2060307115316391
vt 0.4409811794757843 0.2060307115316391
vt 0.4409811496734619 0.2060307115316391
vt 0.4409811794757843 0.2060307115316391
vt 0.4409811794757843 0.2060307115316391
vt 0.4409811794757843 0.2060307115316391
vt 0.4409811794757843 0.2060307115316391
vt 0.4409811794757843 0.2060307115316391
vt 0.4409811794757843 0.2060307115316391
vt 0.4409811794757843 0.2060307115316391
vt 0.4409811794757843 0.2060307115316391
vt 0.4409811794757843 0.2060307115316391
vt 0.4409811794757843 0.2060307115316391
vt 0.4409811794757843 0.2060307115316391
vt 0.4409811794757843 0.2060307115316391
vt 0.4409811794757843 0.2060307115316391
vt 0.4409811794757843 0.2060307115316391
vt 0.4409811794757843 0.2060307115316391
vt 0.4409811794757843 0.2060307115316391
vt 0.4409811794757843 0.2060307115316391
vt 0.4409811794757843 0.2060307115316391
vt 0.4409811794757843 0.2060307115316391
vt 0.4409811794757843 0.2060307115316391
vt 0.4409811794757843 0.2060307115316391
vt 0.4409811794757843 0.2060307115316391
vt 0.4409811794757843 0.2060307115316391
vt 0.4409811794757843 0.2060307115316391
vt 0.4409811794757843 0.2060307115316391
vt 0.4409811794757843 0.2060307115316391
vt 0.4409811794757843 0.2060307115316391
vt 0.4409811794757843 0.2060307115316391
vt 0.4409811794757843 0.2060307115316391
vt 0.4409811794757843 0.2060307115316391
vt 0.4409811794757843 0.2060307115316391
vt 0.4409811496734619 0.2060307115316391
vt 0.4409811794757843 0.2060307115316391
vt 0.4409811794757843 0.2060307115316391
vt 0.4409811496734619 0.2060307115316391
vt 0.4409811794757843 0.2060307115316391
vt 0.4409811496734619 0.2060307115316391
vt 0.4409811496734619 0.2060307115316391
vt 0.4409811794757843 0.2060307115316391
vt 0.4409811794757843 0.2060307115316391
vt 0.4409811496734619 0.2060307115316391
vt 0.4409811794757843 0.2060307115316391
vt 0.4409811496734619 0.2060307115316391
vt 0.4409811794757843 0.2060307115316391
vt 0.4409811496734619 0.2060307115316391
vt 0.4409811496734619 0.2060307115316391
vt 0.4409811794757843 0.2060307115316391
vt 0.4409811496734619 0.2060307115316391
vt 0.4409811794757843 0.2060307115316391
vt 0.4409811794757843 0.2060307115316391
vt 0.4409811794757843 0.2060307115316391
vt 0.4409811794757843 0.2060307115316391
vt 0.4409811794757843 0.2060307115316391
vt 0.4409811794757843 0.2060307115316391
vt 0.4409811794757843 0.2060307115316391
vt 0.4409811794757843 0.2060307115316391
vt 0.4409811794757843 0.2060307115316391
vt 0.4409811794757843 0.2060307115316391
vt 0.4409811794757843 0.2060307115316391
vt 0.4409811794757843 0.2060307115316391
vt 0.4409811794757843 0.2060307115316391
vt 0.4409811794757843 0.2060307115316391
vt 0.4409811794757843 0.2060307115316391
vt 0.4409811794757843 0.2060307115316391
vt 0.4409811794757843 0.2060307115316391
vt 0.4409811794757843 0.2060307115316391
vt 0.4409811794757843 0.2060307115316391
vt 0.4409811794757843 0.2060307115316391
vt 0.4409811794757843 0.2060307115316391
vt 0.4409811794757843 0.2060307115316391
vt 0.4409811794757843 0.2060307115316391
vt 0.4409811794757843 0.2060307115316391
vt 0.4409811794757843 0.2060307115316391
vt 0.4409811794757843 0.2060307115316391
vt 0.4409811794757843 0.2060307115316391
vt 0.4409811794757843 0.2060307115316391
vt 0.4409811794757843 0.2060307115316391
vt 0.4409811794757843 0.2060307115316391
vt 0.4409811794757843 0.2060307115316391
vt 0.4409811794757843 0.1553562730550766
vt 0.4409811794757843 0.1553562730550766
vt 0.4409811794757843 0.1553562730550766
vt 0.4409811794757843 0.1553562730550766
vt 0.4409811794757843 0.1553562730550766
vt 0.4409811794757843 0.1553562730550766
vt 0.4409811794757843 0.1553562730550766
vt 0.4409811496734619 0.1553562730550766
vt 0.4409811496734619 0.1553562730550766
vt 0.4409811794757843 0.1553562730550766
vt 0.4409811496734619 0.1553562730550766
vt 0.4409811794757843 0.1553562730550766
vt 0.4409811496734619 0.1553562730550766
vt 0.4409811794757843 0.1553562730550766
vt 0.4409811794757843 0.1553562730550766
vt 0.4409811496734619 0.1553562730550766
vt 0.4409811794757843 0.1553562730550766
vt 0.4409811496734619 0.1553562730550766
vt 0.4409811794757843 0.1553562730550766
vt 0.4409811794757843 0.1553562730550766
vt 0.4409811794757843 0.1553562730550766
vt 0.4409811794757843 0.1553562730550766
vt 0.4409811794757843 0.1553562730550766
vt 0.4409811794757843 0.1553562730550766
vt 0.4409811794757843 0.1553562730550766
vt 0.4409811794757843 0.1553562730550766
vt 0.4409811794757843 0.1553562730550766
vt 0.4409811794757843 0.1553562730550766
vt 0.4409811794757843 0.1553562730550766
vt 0.4409811794757843 0.1553562730550766
vt 0.4409811794757843 0.1553562730550766
vt 0.4409811794757843 0.1553562730550766
vt 0.4409811794757843 0.1553562730550766
vt 0.4409811794757843 0.1553562730550766
vt 0.4409811794757843 0.1553562730550766
vt 0.4409811794757843 0.1553562730550766
vt 0.4409811794757843 0.1553562730550766
vt 0.4409811794757843 0.1553562730550766
vt 0.4409811794757843 0.1553562730550766
vt 0.4409811794757843 0.1553562730550766
vt 0.4409811794757843 0.1553562730550766
vt 0.4409811794757843 0.1553562730550766
vt 0.4409811794757843 0.1553562730550766
vt 0.4409811794757843 0.1553562730550766
vt 0.4409811794757843 0.1553562581539154
vt 0.4409811794757843 0.1553562581539154
vt 0.4409811794757843 0.1553562730550766
vt 0.4409811794757843 0.1553562581539154
vt 0.4409811794757843 0.1553562581539154
vt 0.4409811794757843 0.1553562581539154
vt 0.4409811794757843 0.1553562581539154
vt 0.4409811496734619 0.1553562879562378
vt 0.4409811794757843 0.1553562581539154
vt 0.4409811794757843 0.1553562581539154
vt 0.4409811794757843 0.1553562730550766
vt 0.4409811496734619 0.1553562879562378
vt 0.4409811794757843 0.1553562581539154
vt 0.4409811794757843 0.1553562581539154
vt 0.4409811794757843 0.1553562730550766
vt 0.4409811794757843 0.1553562581539154
vt 0.4409811794757843 0.1553562730550766
vt 0.4409811794757843 0.1553562581539154
vt 0.4409811794757843 0.1553562581539154
vt 0.4409811794757843 0.1553562581539154
vt 0.4409811496734619 0.1553562432527542
vt 0.4409811496734619 0.1553562432527542
vt 0.4409811794757843 0.1553562581539154
vt 0.4409811496734619 0.1553562432527542
vt 0.4409811794757843 0.1553562581539154
vt 0.4409811496734619 0.1553562432527542
vt 0.4409811794757843 0.1553562432527542
vt 0.4409811794757843 0.1553562432527542
vt 0.4409811496734619 0.1553562432527542
vt 0.4409811794757843 0.1553562432527542
vt 0.4409811496734619 0.1553562432527542
vt 0.4409811794757843 0.1553562432527542
vt 0.4409811794757843 0.1553562581539154
vt 0.4409811794757843 0.1553562581539154
vt 0.4409811794757843 0.1553562432527542
vt 0.4409811794757843 0.1553562581539154
vt 0.4409811794757843 0.1553562432527542
vt 0.4409811794757843 0.1553562581539154
vt 0.4409811794757843 0.1553562730550766
vt 0.4409811794757843 0.1553562730550766
vt 0.4409811794757843 0.1553562581539154
vt 0.4409811794757843 0.1553562730550766
vt 0.4409811794757843 0.1553562581539154
vt 0.4409811794757843 0.1553562730550766
vt 0.4409811794757843 0.1553562730550766
vt 0.4409811794757843 0.1553562730550766
vt 0.4409811794757843 0.1553562730550766
vt 0.4409811794757843 0.1553562730550766
vt 0.4409811794757843 0.1553562730550766
vt 0.4409811794757843 0.1553562730550766
vt 0.4409811794757843 0.1553562581539154
vt 0.4409811794757843 0.1553562581539154
vt 0.4409811794757843 0.1553562730550766
vt 0.4409811794757843 0.1553562581539154
vt 0.4409811794757843 0.1553562730550766
vt 0.4409811794757843 0.1553562581539154
vt 0.4409811794757843 0.1553562581539154
vt 0.4409811794757843 0.1553562581539154
vt 0.4409811794757843 0.1553562581539154
vt 0.4409811794757843 0.1553562581539154
vt 0.4409811794757843 0.1553562581539154
vt 0.4409811794757843 0.1553562581539154
vt 0.4409811496734619 0.1553562432527542
vt 0.4409811496734619 0.1553562432527542
vt 0.4409811794757843 0.1553562581539154
vt 0.4409811496734619 0.1553562432527542
vt 0.4409811794757843 0.1553562581539154
vt 0.4409811496734619 0.1553562432527542
vt 0.4409811794757843 0.1553562432527542
vt 0.4409811794757843 0.1553562432527542
vt 0.4409811496734619 0.1553562432527542
vt 0.4409811794757843 0.1553562432527542
vt 0.4409811496734619 0.1553562432527542
vt 0.4409811794757843 0.1553562432527542
vt 0.4409811794757843 0.1553562581539154
vt 0.4409811794757843 0.1553562581539154
vt 0.4409811794757843 0.1553562432527542
vt 0.4409811794757843 0.1553562581539154
vt 0.4409811794757843 0.1553562432527542
vt 0.4409811794757843 0.1553562581539154
vt 0.4409811794757843 0.1553562730550766
vt 0.4409811794757843 0.1553562730550766
vt 0.4409811794757843 0.1553562581539154
vt 0.4409811794757843 0.1553562730550766
vt 0.4409811794757843 0.1553562581539154
vt 0.4409811794757843 0.1553562730550766
vt 0.4409811794757843 0.1553562730550766
vt 0.4409811794757843 0.1553562730550766
vt 0.4409811794757843 0.1553562730550766
vt 0.4409811794757843 0.1553562730550766
vt 0.4409811794757843 0.1553562730550766
vt 0.4409811794757843 0.1553562730550766
vt 0.4409811794757843 0.1553562581539154
vt 0.4409811794757843 0.1553562581539154
vt 0.4409811794757843 0.1553562730550766
vt 0.4409811794757843 0.1553562581539154
vt 0.4409811794757843 0.1553562730550766
vt 0.4409811794757843 0.1553562581539154
vt 0.4409811794757843 0.1553562581539154
vt 0.4409811794757843 0.1553562581539154
vt 0.4409811794757843 0.1553562581539154
vt 0.4409811794757843 0.1553562581539154
vt 0.4409811794757843 0.1553562581539154
vt 0.4409811794757843 0.1553562581539154
vt 0.4409811496734619 0.1553562432527542
vt 0.4409811496734619 0.1553562432527542
vt 0.4409811794757843 0.1553562581539154
vt 0.4409811496734619 0.1553562432527542
vt 0.4409811794757843 0.1553562581539154
vt 0.4409811496734619 0.1553562432527542
vt 0.4409811794757843 0.1553562432527542
vt 0.4409811794757843 0.1553562432527542
vt 0.4409811496734619 0.1553562432527542
vt 0.4409811794757843 0.1553562432527542
vt 0.4409811496734619 0.1553562432527542
vt 0.4409811794757843 0.1553562432527542
vt 0.4409811794757843 0.1553562581539154
vt 0.4409811794757843 0.1553562581539154
vt 0.4409811794757843 0.1553562432527542
vt 0.4409811794757843 0.1553562581539154
vt 0.4409811794757843 0.1553562432527542
vt 0.4409811794757843 0.1553562581539154
vt 0.4409811794757843 0.1553562730550766
vt 0.4409811794757843 0.1553562730550766
vt 0.4409811794757843 0.1553562581539154
vt 0.4409811794757843 0.1553562730550766
vt 0.4409811794757843 0.1553562581539154
vt 0.4409811794757843 0.1553562730550766
vt 0.4409811794757843 0.1553562730550766
vt 0.4409811794757843 0.1553562730550766
vt 0.4409811794757843 0.1553562730550766
vt 0.4409811794757843 0.1553562730550766
vt 0.4409811794757843 0.1553562730550766
vt 0.4409811794757843 0.1553562730550766
vt 0.4409811794757843 0.1553562581539154
vt 0.4409811794757843 0.1553562581539154
vt 0.4409811794757843 0.1553562730550766
vt 0.4409811794757843 0.1553562581539154
vt 0.4409811794757843 0.1553562730550766
vt 0.4409811794757843 0.1553562581539154
vt 0.4409811794757843 0.1553562581539154
vt 0.4409811794757843 0.1553562581539154
vt 0.4409811794757843 0.1553562581539154
vt 0.4409811794757843 0.1553562581539154
vt 0.4409811794757843 0.1553562581539154
vt 0.4409811794757843 0.1553562581539154
vt 0.4409811496734619 0.1553562432527542
vt 0.4409811794757843 0.1553562581539154
vt 0.4409811496734619 0.1553562432527542
vt 0.4409811794757843 0.1553562432527542
vt 0.4409811794757843 0.1553562581539154
vt 0.4409811794757843 0.1553562432527542
vt 0.4409811794757843 0.1553562581539154
vt 0.4409811794757843 0.1553562581539154
vt 0.4409811794757843 0.1553562581539154
vt 0.4409811794757843 0.1553562730550766
vt 0.4409811794757843 0.1553562581539154
vt 0.4409811794757843 0.1553562730550766
vt 0.4409811794757843 0.1553562730550766
vt 0.4409811794757843 0.1553562581539154
vt 0.4409811794757843 0.1553562730550766
vt 0.4409811794757843 0.1553562581539154
vt 0.4409811794757843 0.1553562581539154
vt 0.4409811794757843 0.1553562581539154
vt 0.4409811794757843 0.1553562581539154
vt 0.4409811794757843 0.1553562581539154
vt 0.4409811794757843 0.1553562730550766
vt 0.4409811496734619 0.1553562730550766
vt 0.4409811496734619 0.1553562730550766
vt 0.4409811794757843 0.1553562730550766
vt 0.4409811496734619 0.1553562730550766
vt 0.4409811794757843 0.1553562730550766
vt 0.4409811794757843 0.1553562730550766
vt 0.4409811794757843 0.1553562730550766
vt 0.4409811794757843 0.1553562730550766
vt 0.4409811794757843 0.1553562730550766
vt 0.4409811794757843 0.1553562730550766
vt 0.4409811794757843 0.1553562730550766
vt 0.4409811794757843 0.1553562730550766
vt 0.4409811794757843 0.1553562730550766
vt 0.4409811794757843 0.1553562730550766
vt 0.4409811794757843 0.1553562730550766
vt 0.4409811794757843 0.1553562730550766
vt 0.4409811794757843 0.1553562730550766
vt 0.4409811794757843 0.1553562730550766
vt 0.4409811794757843 0.1553562730550766
vt 0.4409811794757843 0.1553562730550766
vt 0.4409811794757843 0.1553562730550766
vt 0.4409811794757843 0.1553562730550766
vt 0.4409811794757843 0.1553562730550766
vt 0.4409811794757843 0.1553562730550766
vt 0.4409811794757843 0.1553562730550766
vt 0.4409811794757843 0.1553562730550766
vt 0.4409811794757843 0.1553562730550766
vt 0.4409811794757843 0.1553562730550766
vt 0.4409811794757843 0.1553562730550766
vt 0.4409811794757843 0.1553562730550766
vt 0.4409811794757843 0.1553562730550766
vt 0.4409811794757843 0.1553562730550766
vt 0.4409811794757843 0.1553562730550766
vt 0.4409811794757843 0.1553562730550766
vt 0.4409811794757843 0.1553562730550766
vt 0.4409811496734619 0.1553562730550766
vt 0.4409811794757843 0.1553562730550766
vt 0.4409811794757843 0.1553562730550766
vt 0.4409811496734619 0.1553562730550766
vt 0.4409811794757843 0.1553562730550766
vt 0.4409811496734619 0.1553562730550766
vt 0.4409811496734619 0.1553562730550766
vt 0.4409811794757843 0.1553562730550766
vt 0.4409811794757843 0.1553562730550766
vt 0.4409811496734619 0.1553562730550766
vt 0.4409811794757843 0.1553562730550766
vt 0.4409811496734619 0.1553562730550766
vt 0.4409811794757843 0.1553562730550766
vt 0.4409811496734619 0.1553562730550766
vt 0.4409811496734619 0.1553562730550766
vt 0.4409811794757843 0.1553562730550766
vt 0.4409811496734619 0.1553562730550766
vt 0.4409811794757843 0.1553562730550766
vt 0.4409811794757843 0.1553562730550766
vt 0.4409811794757843 0.1553562730550766
vt 0.4409811794757843 0.1553562730550766
vt 0.4409811794757843 0.1553562730550766
vt 0.4409811794757843 0.1553562730550766
vt 0.4409811794757843 0.1553562730550766
vt 0.4409811794757843 0.1553562730550766
vt 0.4409811794757843 0.1553562730550766
vt 0.4409811794757843 0.1553562730550766
vt 0.4409811794757843 0.1553562730550766
vt 0.4409811794757843 0.1553562730550766
vt 0.4409811794757843 0.1553562730550766
vt 0.4409811794757843 0.1553562730550766
vt 0.4409811794757843 0.1553562730550766
vt 0.4409811794757843 0.1553562730550766
vt 0.4409811794757843 0.1553562730550766
vt 0.4409811794757843 0.1553562730550766
vt 0.4409811794757843 0.1553562730550766
vt 0.4409811794757843 0.1553562730550766
vt 0.4409811794757843 0.1553562730550766
vt 0.4409811794757843 0.1553562730550766
vt 0.4409811794757843 0.1553562730550766
vt 0.4409811794757843 0.1553562730550766
vt 0.4409811794757843 0.1553562730550766
vt 0.4409811794757843 0.1553562730550766
vt 0.4409811794757843 0.1553562730550766
vt 0.4409811794757843 0.1553562730550766
vt 0.4409811794757843 0.1553562730550766
vt 0.4409811794757843 0.1553562730550766
vt 0.4409811794757843 0.1553562730550766
usemtl lambert700
f 1/1/1 2/2/2 3/3/3
f 4/4/4 5/5/5 6/6/6
f 7/7/7 8/8/8 9/9/9
f 10/10/10 11/11/11 12/12/12
f 13/13/13 14/14/14 15/15/15
f 16/16/16 17/17/17 18/18/18
f 19/19/19 20/20/20 21/21/21
f 22/22/22 23/23/23 24/24/24
f 25/25/25 26/26/26 27/27/27
f 28/28/28 29/29/29 30/30/30
f 31/31/31 32/32/32 33/33/33
f 34/34/34 35/35/35 36/36/36
f 37/37/37 38/38/38 39/39/39
f 40/40/40 41/41/41 42/42/42
f 43/43/43 44/44/44 45/45/45
f 46/46/46 47/47/47 48/48/48
f 49/49/49 50/50/50 51/51/51
f 52/52/52 53/53/53 54/54/54
f 55/55/55 56/56/56 57/57/57
f 58/58/58 59/59/59 60/60/60
f 61/61/61 62/62/62 63/63/63
f 64/64/64 65/65/65 66/66/66
f 67/67/67 68/68/68 69/69/69
f 70/70/70 71/71/71 72/72/72
f 73/73/73 74/74/74 75/75/75
f 76/76/76 77/77/77 78/78/78
f 79/79/79 80/80/80 81/81/81
f 82/82/82 83/83/83 84/84/84
f 85/85/85 86/86/86 87/87/87
f 88/88/88 89/89/89 90/90/90
f 91/91/91 92/92/92 93/93/93
f 94/94/94 95/95/95 96/96/96
f 97/97/97 98/98/98 99/99/99
f 100/100/100 101/101/101 102/102/102
f 103/103/103 104/104/104 105/105/105
f 106/106/106 107/107/107 108/108/108
f 109/109/109 110/110/110 111/111/111
f 112/112/112 113/113/113 114/114/114
f 115/115/115 116/116/116 117/117/117
f 118/118/118 119/119/119 120/120/120
f 121/121/121 122/122/122 123/123/123
f 124/124/124 125/125/125 126/126/126
f 127/127/127 128/128/128 129/129/129
f 130/130/130 131/131/131 132/132/132
f 133/133/133 134/134/134 135/135/135
f 136/136/136 137/137/137 138/138/138
f 139/139/139 140/140/140 141/141/141
f 142/142/142 143/143/143 144/144/144
f 145/145/145 146/146/146 147/147/147
f 148/148/148 149/149/149 150/150/150
f 151/151/151 152/152/152 153/153/153
f 154/154/154 155/155/155 156/156/156
f 157/157/157 158/158/158 159/159/159
f 160/160/160 161/161/161 162/162/162
f 163/163/163 164/164/164 165/165/165
f 166/166/166 167/167/167 168/168/168
f 169/169/169 170/170/170 171/171/171
f 172/172/172 173/173/173 174/174/174
f 175/175/175 176/176/176 177/177/177
f 178/178/178 179/179/179 180/180/180
f 181/181/181 182/182/182 183/183/183
f 184/184/184 185/185/185 186/186/186
f 187/187/187 188/188/188 189/189/189
f 190/190/190 191/191/191 192/192/192
f 193/193/193 194/194/194 195/195/195
f 196/196/196 197/197/197 198/198/198
f 199/199/199 200/200/200 201/201/201
f 202/202/202 203/203/203 204/204/204
f 205/205/205 206/206/206 207/207/207
f 208/208/208 209/209/209 210/210/210
f 211/211/211 212/212/212 213/213/213
f 214/214/214 215/215/215 216/216/216
f 217/217/217 218/218/218 219/219/219
f 220/220/220 221/221/221 222/222/222
f 223/223/223 224/224/224 225/225/225
f 226/226/226 227/227/227 228/228/228
f 229/229/229 230/230/230 231/231/231
f 232/232/232 233/233/233 234/234/234
f 235/235/235 236/236/236 237/237/237
f 238/238/238 239/239/239 240/240/240
f 241/241/241 242/242/242 243/243/243
f 244/244/244 245/245/245 246/246/246
f 247/247/247 248/248/248 249/249/249
f 250/250/250 251/251/251 252/252/252
f 253/253/253 254/254/254 255/255/255
f 256/256/256 257/257/257 258/258/258
f 259/259/259 260/260/260 261/261/261
f 262/262/262 263/263/263 264/264/264
f 265/265/265 266/266/266 267/267/267
f 268/268/268 269/269/269 270/270/270
f 271/271/271 272/272/272 273/273/273
f 274/274/274 275/275/275 276/276/276
f 277/277/277 278/278/278 279/279/279
f 280/280/280 281/281/281 282/282/282
f 283/283/283 284/284/284 285/285/285
f 286/286/286 287/287/287 288/288/288
f 289/289/289 290/290/290 291/291/291
f 292/292/292 293/293/293 294/294/294
f 295/295/295 296/296/296 297/297/297
f 298/298/298 299/299/299 300/300/300
f 301/301/301 302/302/302 303/303/303
f 304/304/304 305/305/305 306/306/306
f 307/307/307 308/308/308 309/309/309
f 310/310/310 311/311/311 312/312/312
f 313/313/313 314/314/314 315/315/315
f 316/316/316 317/317/317 318/318/318
f 319/319/319 320/320/320 321/321/321
f 322/322/322 323/323/323 324/324/324
f 325/325/325 326/326/326 327/327/327
f 328/328/328 329/329/329 330/330/330
f 331/331/331 332/332/332 333/333/333
f 334/334/334 335/335/335 336/336/336
f 337/337/337 338/338/338 339/339/339
f 340/340/340 341/341/341 342/342/342
f 343/343/343 344/344/344 345/345/345
f 346/346/346 347/347/347 348/348/348
f 349/349/349 350/350/350 351/351/351
f 352/352/352 353/353/353 354/354/354
f 355/355/355 356/356/356 357/357/357
f 358/358/358 359/359/359 360/360/360
f 361/361/361 362/362/362 363/363/363
f 364/364/364 365/365/365 366/366/366
f 367/367/367 368/368/368 369/369/369
f 370/370/370 371/371/371 372/372/372
f 373/373/373 374/374/374 375/375/375
f 376/376/376 377/377/377 378/378/378
f 379/379/379 380/380/380 381/381/381
f 382/382/382 383/383/383 384/384/384
f 385/385/385 386/386/386 387/387/387
f 388/388/388 389/389/389 390/390/390
f 391/391/391 392/392/392 393/393/393
f 394/394/394 395/395/395 396/396/396
f 397/397/397 398/398/398 399/399/399
f 400/400/400 401/401/401 402/402/402
f 403/403/403 404/404/404 405/405/405
f 406/406/406 407/407/407 408/408/408
f 409/409/409 410/410/410 411/411/411
f 412/412/412 413/413/413 414/414/414
f 415/415/415 416/416/416 417/417/417
f 418/418/418 419/419/419 420/420/420
f 421/421/421 422/422/422 423/423/423
f 424/424/424 425/425/425 426/426/426
f 427/427/427 428/428/428 429/429/429
f 430/430/430 431/431/431 432/432/432
f 433/433/433 434/434/434 435/435/435
f 436/436/436 437/437/437 438/438/438
f 439/439/439 440/440/440 441/441/441
f 442/442/442 443/443/443 444/444/444
f 445/445/445 446/446/446 447/447/447
f 448/448/448 449/449/449 450/450/450
f 451/451/451 452/452/452 453/453/453
f 454/454/454 455/455/455 456/456/456
f 457/457/457 458/458/458 459/459/459
f 460/460/460 461/461/461 462/462/462
f 463/463/463 464/464/464 465/465/465
f 466/466/466 467/467/467 468/468/468
f 469/469/469 470/470/470 471/471/471
f 472/472/472 473/473/473 474/474/474
f 475/475/475 476/476/476 477/477/477
f 478/478/478 479/479/479 480/480/480
f 481/481/481 482/482/482 483/483/483
f 484/484/484 485/485/485 486/486/486
f 487/487/487 488/488/488 489/489/489
f 490/490/490 491/491/491 492/492/492
f 493/493/493 494/494/494 495/495/495
f 496/496/496 497/497/497 498/498/498
f 499/499/499 500/500/500 501/501/501
f 502/502/502 503/503/503 504/504/504
f 505/505/505 506/506/506 507/507/507
f 508/508/508 509/509/509 510/510/510
f 511/511/511 512/512/512 513/513/513
f 514/514/514 515/515/515 516/516/516
f 517/517/517 518/518/518 519/519/519
f 520/520/520 521/521/521 522/522/522
f 523/523/523 524/524/524 525/525/525
f 526/526/526 527/527/527 528/528/528
f 529/529/529 530/530/530 531/531/531
f 532/532/532 533/533/533 534/534/534
f 535/535/535 536/536/536 537/537/537
f 538/538/538 539/539/539 540/540/540
f 541/541/541 542/542/542 543/543/543
f 544/544/544 545/545/545 546/546/546
f 547/547/547 548/548/548 549/549/549
f 550/550/550 551/551/551 552/552/552
f 553/553/553 554/554/554 555/555/555
f 556/556/556 557/557/557 558/558/558
f 559/559/559 560/560/560 561/561/561
f 562/562/562 563/563/563 564/564/564
f 565/565/565 566/566/566 567/567/567
f 568/568/568 569/569/569 570/570/570
f 571/571/571 572/572/572 573/573/573
f 574/574/574 575/575/575 576/576/576
f 577/577/577 578/578/578 579/579/579
f 580/580/580 581/581/581 582/582/582
f 583/583/583 584/584/584 585/585/585
f 586/586/586 587/587/587 588/588/588
f 589/589/589 590/590/590 591/591/591
f 592/592/592 593/593/593 594/594/594
f 595/595/595 596/596/596 597/597/597
f 598/598/598 599/599/599 600/600/600
f 601/601/601 602/602/602 603/603/603
f 604/604/604 605/605/605 606/606/606
f 607/607/607 608/608/608 609/609/609
f 610/610/610 611/611/611 612/612/612
f 613/613/613 614/614/614 615/615/615
f 616/616/616 617/617/617 618/618/618
f 619/619/619 620/620/620 621/621/621
f 622/622/622 623/623/623 624/624/624
f 625/625/625 626/626/626 627/627/627
f 628/628/628 629/629/629 630/630/630
f 631/631/631 632/632/632 633/633/633
f 634/634/634 635/635/635 636/636/636
f 637/637/637 638/638/638 639/639/639
f 640/640/640 641/641/641 642/642/642
f 643/643/643 644/644/644 645/645/645
f 646/646/646 647/647/647 648/648/648
f 649/649/649 650/650/650 651/651/651
f 652/652/652 653/653/653 654/654/654
f 655/655/655 656/656/656 657/657/657
f 658/658/658 659/659/659 660/660/660
f 661/661/661 662/662/662 663/663/663
f 664/664/664 665/665/665 666/666/666
f 667/667/667 668/668/668 669/669/669
f 670/670/670 671/671/671 672/672/672
f 673/673/673 674/674/674 675/675/675
f 676/676/676 677/677/677 678/678/678
f 679/679/679 680/680/680 681/681/681
f 682/682/682 683/683/683 684/684/684
f 685/685/685 686/686/686 687/687/687
f 688/688/688 689/689/689 690/690/690
f 691/691/691 692/692/692 693/693/693
f 694/694/694 695/695/695 696/696/696
f 697/697/697 698/698/698 699/699/699
f 700/700/700 701/701/701 702/702/702
f 703/703/703 704/704/704 705/705/705
f 706/706/706 707/707/707 708/708/708
f 709/709/709 710/710/710 711/711/711
f 712/712/712 713/713/713 714/714/714
f 715/715/715 716/716/716 717/717/717
f 718/718/718 719/719/719 720/720/720
f 721/721/721 722/722/722 723/723/723
f 724/724/724 725/725/725 726/726/726
f 727/727/727 728/728/728 729/729/729
f 730/730/730 731/731/731 732/732/732
f 733/733/733 734/734/734 735/735/735
f 736/736/736 737/737/737 738/738/738
f 739/739/739 740/740/740 741/741/741
f 742/742/742 743/743/743 744/744/744
f 745/745/745 746/746/746 747/747/747
f 748/748/748 749/749/749 750/750/750
f 751/751/751 752/752/752 753/753/753
f 754/754/754 755/755/755 756/756/756
f 757/757/757 758/758/758 759/759/759
f 760/760/760 761/761/761 762/762/762
f 763/763/763 764/764/764 765/765/765
f 766/766/766 767/767/767 768/768/768
f 769/769/769 770/770/770 771/771/771
f 772/772/772 773/773/773 774/774/774
f 775/775/775 776/776/776 777/777/777
f 778/778/778 779/779/779 780/780/780
f 781/781/781 782/782/782 783/783/783
f 784/784/784 785/785/785 786/786/786
f 787/787/787 788/788/788 789/789/789
f 790/790/790 791/791/791 792/792/792
f 793/793/793 794/794/794 795/795/795
f 796/796/796 797/797/797 798/798/798
f 799/799/799 800/800/800 801/801/801
f 802/802/802 803/803/803 804/804/804
f 805/805/805 806/806/806 807/807/807
f 808/808/808 809/809/809 810/810/810
f 811/811/811 812/812/812 813/813/813
f 814/814/814 815/815/815 816/816/816
f 817/817/817 818/818/818 819/819/819
f 820/820/820 821/821/821 822/822/822
f 823/823/823 824/824/824 825/825/825
f 826/826/826 827/827/827 828/828/828
f 829/829/829 830/830/830 831/831/831
f 832/832/832 833/833/833 834/834/834
f 835/835/835 836/836/836 837/837/837
f 838/838/838 839/839/839 840/840/840
f 841/841/841 842/842/842 843/843/843
f 844/844/844 845/845/845 846/846/846
f 847/847/847 848/848/848 849/849/849
f 850/850/850 851/851/851 852/852/852
f 853/853/853 854/854/854 855/855/855
f 856/856/856 857/857/857 858/858/858
f 859/859/859 860/860/860 861/861/861
f 862/862/862 863/863/863 864/864/864
f 865/865/865 866/866/866 867/867/867
f 868/868/868 869/869/869 870/870/870
f 871/871/871 872/872/872 873/873/873
f 874/874/874 875/875/875 876/876/876
f 877/877/877 878/878/878 879/879/879
f 880/880/880 881/881/881 882/882/882
f 883/883/883 884/884/884 885/885/885
f 886/886/886 887/887/887 888/888/888
f 889/889/889 890/890/890 891/891/891
f 892/892/892 893/893/893 894/894/894
f 895/895/895 896/896/896 897/897/897
f 898/898/898 899/899/899 900/900/900
f 901/901/901 902/902/902 903/903/903
f 904/904/904 905/905/905 906/906/906
f 907/907/907 908/908/908 909/909/909
f 910/910/910 911/911/911 912/912/912
f 913/913/913 914/914/914 915/915/915
f 916/916/916 917/917/917 918/918/918
f 919/919/919 920/920/920 921/921/921
f 922/922/922 923/923/923 924/924/924
f 925/925/925 926/926/926 927/927/927
f 928/928/928 929/929/929 930/930/930
f 931/931/931 932/932/932 933/933/933
f 934/934/934 935/935/935 936/936/936
f 937/937/937 938/938/938 939/939/939
f 940/940/940 941/941/941 942/942/942
f 943/943/943 944/944/944 945/945/945
f 946/946/946 947/947/947 948/948/948
f 949/949/949 950/950/950 951/951/951
f 952/952/952 953/953/953 954/954/954
f 955/955/955 956/956/956 957/957/957
f 958/958/958 959/959/959 960/960/960
f 961/961/961 962/962/962 963/963/963
f 964/964/964 965/965/965 966/966/966
f 967/967/967 968/968/968 969/969/969
f 970/970/970 971/971/971 972/972/972
f 973/973/973 974/974/974 975/975/975
f 976/976/976 977/977/977 978/978/978
f 979/979/979 980/980/980 981/981/981
f 982/982/982 983/983/983 984/984/984
f 985/985/985 986/986/986 987/987/987
f 988/988/988 989/989/989 990/990/990
f 991/991/991 992/992/992 993/993/993
f 994/994/994 995/995/995 996/996/996
f 997/997/997 998/998/998 999/999/999
f 1000/1000/1000 1001/1001/1001 1002/1002/1002
f 1003/1003/1003 1004/1004/1004 1005/1005/1005
f 1006/1006/1006 1007/1007/1007 1008/1008/1008
f 1009/1009/1009 1010/1010/1010 1011/1011/1011
f 1012/1012/1012 1013/1013/1013 1014/1014/1014
f 1015/1015/1015 1016/1016/1016 1017/1017/1017
f 1018/1018/1018 1019/1019/1019 1020/1020/1020
f 1021/1021/1021 1022/1022/1022 1023/1023/1023
f 1024/1024/1024 1025/1025/1025 1026/1026/1026
f 1027/1027/1027 1028/1028/1028 1029/1029/1029
f 1030/1030/1030 1031/1031/1031 1032/1032/1032
f 1033/1033/1033 1034/1034/1034 1035/1035/1035
f 1036/1036/1036 1037/1037/1037 1038/1038/1038
f 1039/1039/1039 1040/1040/1040 1041/1041/1041
f 1042/1042/1042 1043/1043/1043 1044/1044/1044
f 1045/1045/1045 1046/1046/1046 1047/1047/1047
f 1048/1048/1048 1049/1049/1049 1050/1050/1050
f 1051/1051/1051 1052/1052/1052 1053/1053/1053
f 1054/1054/1054 1055/1055/1055 1056/1056/1056
f 1057/1057/1057 1058/1058/1058 1059/1059/1059
f 1060/1060/1060 1061/1061/1061 1062/1062/1062
f 1063/1063/1063 1064/1064/1064 1065/1065/1065
f 1066/1066/1066 1067/1067/1067 1068/1068/1068
f 1069/1069/1069 1070/1070/1070 1071/1071/1071
f 1072/1072/1072 1073/1073/1073 1074/1074/1074
f 1075/1075/1075 1076/1076/1076 1077/1077/1077
f 1078/1078/1078 1079/1079/1079 1080/1080/1080
f 1081/1081/1081 1082/1082/1082 1083/1083/1083
f 1084/1084/1084 1085/1085/1085 1086/1086/1086
f 1087/1087/1087 1088/1088/1088 1089/1089/1089
f 1090/1090/1090 1091/1091/1091 1092/1092/1092
f 1093/1093/1093 1094/1094/1094 1095/1095/1095
f 1096/1096/1096 1097/1097/1097 1098/1098/1098
f 1099/1099/1099 1100/1100/1100 1101/1101/1101
f 1102/1102/1102 1103/1103/1103 1104/1104/1104
f 1105/1105/1105 1106/1106/1106 1107/1107/1107
f 1108/1108/1108 1109/1109/1109 1110/1110/1110
f 1111/1111/1111 1112/1112/1112 1113/1113/1113
f 1114/1114/1114 1115/1115/1115 1116/1116/1116
f 1117/1117/1117 1118/1118/1118 1119/1119/1119
f 1120/1120/1120 1121/1121/1121 1122/1122/1122
f 1123/1123/1123 1124/1124/1124 1125/1125/1125
f 1126/1126/1126 1127/1127/1127 1128/1128/1128
f 1129/1129/1129 1130/1130/1130 1131/1131/1131
f 1132/1132/1132 1133/1133/1133 1134/1134/1134
f 1135/1135/1135 1136/1136/1136 1137/1137/1137
f 1138/1138/1138 1139/1139/1139 1140/1140/1140
f 1141/1141/1141 1142/1142/1142 1143/1143/1143
f 1144/1144/1144 1145/1145/1145 1146/1146/1146
f 1147/1147/1147 1148/1148/1148 1149/1149/1149
f 1150/1150/1150 1151/1151/1151 1152/1152/1152
f 1153/1153/1153 1154/1154/1154 1155/1155/1155
f 1156/1156/1156 1157/1157/1157 1158/1158/1158
f 1159/1159/1159 1160/1160/1160 1161/1161/1161
f 1162/1162/1162 1163/1163/1163 1164/1164/1164
f 1165/1165/1165 1166/1166/1166 1167/1167/1167
f 1168/1168/1168 1169/1169/1169 1170/1170/1170
f 1171/1171/1171 1172/1172/1172 1173/1173/1173
f 1174/1174/1174 1175/1175/1175 1176/1176/1176
f 1177/1177/1177 1178/1178/1178 1179/1179/1179
f 1180/1180/1180 1181/1181/1181 1182/1182/1182
f 1183/1183/1183 1184/1184/1184 1185/1185/1185
f 1186/1186/1186 1187/1187/1187 1188/1188/1188
f 1189/1189/1189 1190/1190/1190 1191/1191/1191
f 1192/1192/1192 1193/1193/1193 1194/1194/1194
f 1195/1195/1195 1196/1196/1196 1197/1197/1197
f 1198/1198/1198 1199/1199/1199 1200/1200/1200
f 1201/1201/1201 1202/1202/1202 1203/1203/1203
f 1204/1204/1204 1205/1205/1205 1206/1206/1206
f 1207/1207/1207 1208/1208/1208 1209/1209/1209
f 1210/1210/1210 1211/1211/1211 1212/1212/1212
f 1213/1213/1213 1214/1214/1214 1215/1215/1215
f 1216/1216/1216 1217/1217/1217 1218/1218/1218
f 1219/1219/1219 1220/1220/1220 1221/1221/1221
f 1222/1222/1222 1223/1223/1223 1224/1224/1224
f 1225/1225/1225 1226/1226/1226 1227/1227/1227
f 1228/1228/1228 1229/1229/1229 1230/1230/1230
f 1231/1231/1231 1232/1232/1232 1233/1233/1233
f 1234/1234/1234 1235/1235/1235 1236/1236/1236
f 1237/1237/1237 1238/1238/1238 1239/1239/1239
f 1240/1240/1240 1241/1241/1241 1242/1242/1242
f 1243/1243/1243 1244/1244/1244 1245/1245/1245
f 1246/1246/1246 1247/1247/1247 1248/1248/1248
f 1249/1249/1249 1250/1250/1250 1251/1251/1251
f 1252/1252/1252 1253/1253/1253 1254/1254/1254
f 1255/1255/1255 1256/1256/1256 1257/1257/1257
f 1258/1258/1258 1259/1259/1259 1260/1260/1260
f 1261/1261/1261 1262/1262/1262 1263/1263/1263
f 1264/1264/1264 1265/1265/1265 1266/1266/1266
f 1267/1267/1267 1268/1268/1268 1269/1269/1269
f 1270/1270/1270 1271/1271/1271 1272/1272/1272
f 1273/1273/1273 1274/1274/1274 1275/1275/1275
f 1276/1276/1276 1277/1277/1277 1278/1278/1278
f 1279/1279/1279 1280/1280/1280 1281/1281/1281
f 1282/1282/1282 1283/1283/1283 1284/1284/1284
f 1285/1285/1285 1286/1286/1286 1287/1287/1287
f 1288/1288/1288 1289/1289/1289 1290/1290/1290
f 1291/1291/1291 1292/1292/1292 1293/1293/1293
f 1294/1294/1294 1295/1295/1295 1296/1296/1296
f 1297/1297/1297 1298/1298/1298 1299/1299/1299
f 1300/1300/1300 1301/1301/1301 1302/1302/1302
f 1303/1303/1303 1304/1304/1304 1305/1305/1305
f 1306/1306/1306 1307/1307/1307 1308/1308/1308
f 1309/1309/1309 1310/1310/1310 1311/1311/1311
f 1312/1312/1312 1313/1313/1313 1314/1314/1314
f 1315/1315/1315 1316/1316/1316 1317/1317/1317
f 1318/1318/1318 1319/1319/1319 1320/1320/1320
f 1321/1321/1321 1322/1322/1322 1323/1323/1323
f 1324/1324/1324 1325/1325/1325 1326/1326/1326
f 1327/1327/1327 1328/1328/1328 1329/1329/1329
f 1330/1330/1330 1331/1331/1331 1332/1332/1332
f 1333/1333/1333 1334/1334/1334 1335/1335/1335
f 1336/1336/1336 1337/1337/1337 1338/1338/1338
f 1339/1339/1339 1340/1340/1340 1341/1341/1341
f 1342/1342/1342 1343/1343/1343 1344/1344/1344
f 1345/1345/1345 1346/1346/1346 1347/1347/1347
f 1348/1348/1348 1349/1349/1349 1350/1350/1350
f 1351/1351/1351 1352/1352/1352 1353/1353/1353
f 1354/1354/1354 1355/1355/1355 1356/1356/1356
f 1357/1357/1357 1358/1358/1358 1359/1359/1359
f 1360/1360/1360 1361/1361/1361 1362/1362/1362
f 1363/1363/1363 1364/1364/1364 1365/1365/1365
f 1366/1366/1366 1367/1367/1367 1368/1368/1368
f 1369/1369/1369 1370/1370/1370 1371/1371/1371
f 1372/1372/1372 1373/1373/1373 1374/1374/1374
f 1375/1375/1375 1376/1376/1376 1377/1377/1377
f 1378/1378/1378 1379/1379/1379 1380/1380/1380
f 1381/1381/1381 1382/1382/1382 1383/1383/1383
f 1384/1384/1384 1385/1385/1385 1386/1386/1386
f 1387/1387/1387 1388/1388/1388 1389/1389/1389
f 1390/1390/1390 1391/1391/1391 1392/1392/1392
f 1393/1393/1393 1394/1394/1394 1395/1395/1395
f 1396/1396/1396 1397/1397/1397 1398/1398/1398
f 1399/1399/1399 1400/1400/1400 1401/1401/1401
f 1402/1402/1402 1403/1403/1403 1404/1404/1404
f 1405/1405/1405 1406/1406/1406 1407/1407/1407
f 1408/1408/1408 1409/1409/1409 1410/1410/1410
f 1411/1411/1411 1412/1412/1412 1413/1413/1413
f 1414/1414/1414 1415/1415/1415 1416/1416/1416
f 1417/1417/1417 1418/1418/1418 1419/1419/1419
f 1420/1420/1420 1421/1421/1421 1422/1422/1422
f 1423/1423/1423 1424/1424/1424 1425/1425/1425
f 1426/1426/1426 1427/1427/1427 1428/1428/1428
f 1429/1429/1429 1430/1430/1430 1431/1431/1431
f 1432/1432/1432 1433/1433/1433 1434/1434/1434
f 1435/1435/1435 1436/1436/1436 1437/1437/1437
f 1438/1438/1438 1439/1439/1439 1440/1440/1440
f 1441/1441/1441 1442/1442/1442 1443/1443/1443
f 1444/1444/1444 1445/1445/1445 1446/1446/1446
f 1447/1447/1447 1448/1448/1448 1449/1449/1449
f 1450/1450/1450 1451/1451/1451 1452/1452/1452
f 1453/1453/1453 1454/1454/1454 1455/1455/1455
f 1456/1456/1456 1457/1457/1457 1458/1458/1458
f 1459/1459/1459 1460/1460/1460 1461/1461/1461
f 1462/1462/1462 1463/1463/1463 1464/1464/1464
f 1465/1465/1465 1466/1466/1466 1467/1467/1467
f 1468/1468/1468 1469/1469/1469 1470/1470/1470
f 1471/1471/1471 1472/1472/1472 1473/1473/1473
f 1474/1474/1474 1475/1475/1475 1476/1476/1476
f 1477/1477/1477 1478/1478/1478 1479/1479/1479
f 1480/1480/1480 1481/1481/1481 1482/1482/1482
f 1483/1483/1483 1484/1484/1484 1485/1485/1485
f 1486/1486/1486 1487/1487/1487 1488/1488/1488
f 1489/1489/1489 1490/1490/1490 1491/1491/1491
f 1492/1492/1492 1493/1493/1493 1494/1494/1494
f 1495/1495/1495 1496/1496/1496 1497/1497/1497
f 1498/1498/1498 1499/1499/1499 1500/1500/1500
f 1501/1501/1501 1502/1502/1502 1503/1503/1503
f 1504/1504/1504 1505/1505/1505 1506/1506/1506
f 1507/1507/1507 1508/1508/1508 1509/1509/1509
f 1510/1510/1510 1511/1511/1511 1512/1512/1512
f 1513/1513/1513 1514/1514/1514 1515/1515/1515
f 1516/1516/1516 1517/1517/1517 1518/1518/1518
f 1519/1519/1519 1520/1520/1520 1521/1521/1521
f 1522/1522/1522 1523/1523/1523 1524/1524/1524
f 1525/1525/1525 1526/1526/1526 1527/1527/1527
f 1528/1528/1528 1529/1529/1529 1530/1530/1530
f 1531/1531/1531 1532/1532/1532 1533/1533/1533
f 1534/1534/1534 1535/1535/1535 1536/1536/1536
f 1537/1537/1537 1538/1538/1538 1539/1539/1539
f 1540/1540/1540 1541/1541/1541 1542/1542/1542
f 1543/1543/1543 1544/1544/1544 1545/1545/1545
f 1546/1546/1546 1547/1547/1547 1548/1548/1548
f 1549/1549/1549 1550/1550/1550 1551/1551/1551
f 1552/1552/1552 1553/1553/1553 1554/1554/1554
f 1555/1555/1555 1556/1556/1556 1557/1557/1557
f 1558/1558/1558 1559/1559/1559 1560/1560/1560
f 1561/1561/1561 1562/1562/1562 1563/1563/1563
f 1564/1564/1564 1565/1565/1565 1566/1566/1566
f 1567/1567/1567 1568/1568/1568 1569/1569/1569
f 1570/1570/1570 1571/1571/1571 1572/1572/1572
f 1573/1573/1573 1574/1574/1574 1575/1575/1575
f 1576/1576/1576 1577/1577/1577 1578/1578/1578
f 1579/1579/1579 1580/1580/1580 1581/1581/1581
f 1582/1582/1582 1583/1583/1583 1584/1584/1584
f 1585/1585/1585 1586/1586/1586 1587/1587/1587
f 1588/1588/1588 1589/1589/1589 1590/1590/1590
f 1591/1591/1591 1592/1592/1592 1593/1593/1593
f 1594/1594/1594 1595/1595/1595 1596/1596/1596
f 1597/1597/1597 1598/1598/1598 1599/1599/1599
f 1600/1600/1600 1601/1601/1601 1602/1602/1602
f 1603/1603/1603 1604/1604/1604 1605/1605/1605
f 1606/1606/1606 1607/1607/1607 1608/1608/1608
f 1609/1609/1609 1610/1610/1610 1611/1611/1611
f 1612/1612/1612 1613/1613/1613 1614/1614/1614
f 1615/1615/1615 1616/1616/1616 1617/1617/1617
f 1618/1618/1618 1619/1619/1619 1620/1620/1620
f 1621/1621/1621 1622/1622/1622 1623/1623/1623
f 1624/1624/1624 1625/1625/1625 1626/1626/1626
f 1627/1627/1627 1628/1628/1628 1629/1629/1629
f 1630/1630/1630 1631/1631/1631 1632/1632/1632
f 1633/1633/1633 1634/1634/1634 1635/1635/1635
f 1636/1636/1636 1637/1637/1637 1638/1638/1638
f 1639/1639/1639 1640/1640/1640 1641/1641/1641
f 1642/1642/1642 1643/1643/1643 1644/1644/1644
f 1645/1645/1645 1646/1646/1646 1647/1647/1647
f 1648/1648/1648 1649/1649/1649 1650/1650/1650
f 1651/1651/1651 1652/1652/1652 1653/1653/1653
f 1654/1654/1654 1655/1655/1655 1656/1656/1656
f 1657/1657/1657 1658/1658/1658 1659/1659/1659
f 1660/1660/1660 1661/1661/1661 1662/1662/1662
f 1663/1663/1663 1664/1664/1664 1665/1665/1665
f 1666/1666/1666 1667/1667/1667 1668/1668/1668
f 1669/1669/1669 1670/1670/1670 1671/1671/1671
f 1672/1672/1672 1673/1673/1673 1674/1674/1674
f 1675/1675/1675 1676/1676/1676 1677/1677/1677
f 1678/1678/1678 1679/1679/1679 1680/1680/1680
f 1681/1681/1681 1682/1682/1682 1683/1683/1683
f 1684/1684/1684 1685/1685/1685 1686/1686/1686
f 1687/1687/1687 1688/1688/1688 1689/1689/1689
f 1690/1690/1690 1691/1691/1691 1692/1692/1692
f 1693/1693/1693 1694/1694/1694 1695/1695/1695
f 1696/1696/1696 1697/1697/1697 1698/1698/1698
f 1699/1699/1699 1700/1700/1700 1701/1701/1701
f 1702/1702/1702 1703/1703/1703 1704/1704/1704
f 1705/1705/1705 1706/1706/1706 1707/1707/1707
f 1708/1708/1708 1709/1709/1709 1710/1710/1710
f 1711/1711/1711 1712/1712/1712 1713/1713/1713
f 1714/1714/1714 1715/1715/1715 1716/1716/1716
f 1717/1717/1717 1718/1718/1718 1719/1719/1719
f 1720/1720/1720 1721/1721/1721 1722/1722/1722
f 1723/1723/1723 1724/1724/1724 1725/1725/1725
f 1726/1726/1726 1727/1727/1727 1728/1728/1728
f 1729/1729/1729 1730/1730/1730 1731/1731/1731
f 1732/1732/1732 1733/1733/1733 1734/1734/1734
f 1735/1735/1735 1736/1736/1736 1737/1737/1737
f 1738/1738/1738 1739/1739/1739 1740/1740/1740
f 1741/1741/1741 1742/1742/1742 1743/1743/1743
f 1744/1744/1744 1745/1745/1745 1746/1746/1746
f 1747/1747/1747 1748/1748/1748 1749/1749/1749
f 1750/1750/1750 1751/1751/1751 1752/1752/1752
f 1753/1753/1753 1754/1754/1754 1755/1755/1755
f 1756/1756/1756 1757/1757/1757 1758/1758/1758
f 1759/1759/1759 1760/1760/1760 1761/1761/1761
f 1762/1762/1762 1763/1763/1763 1764/1764/1764
f 1765/1765/1765 1766/1766/1766 1767/1767/1767
f 1768/1768/1768 1769/1769/1769 1770/1770/1770
f 1771/1771/1771 1772/1772/1772 1773/1773/1773
f 1774/1774/1774 1775/1775/1775 1776/1776/1776
f 1777/1777/1777 1778/1778/1778 1779/1779/1779
f 1780/1780/1780 1781/1781/1781 1782/1782/1782
f 1783/1783/1783 1784/1784/1784 1785/1785/1785
f 1786/1786/1786 1787/1787/1787 1788/1788/1788
f 1789/1789/1789 1790/1790/1790 1791/1791/1791
f 1792/1792/1792 1793/1793/1793 1794/1794/1794
f 1795/1795/1795 1796/1796/1796 1797/1797/1797
f 1798/1798/1798 1799/1799/1799 1800/1800/1800
f 1801/1801/1801 1802/1802/1802 1803/1803/1803
f 1804/1804/1804 1805/1805/1805 1806/1806/1806
f 1807/1807/1807 1808/1808/1808 1809/1809/1809
f 1810/1810/1810 1811/1811/1811 1812/1812/1812
f 1813/1813/1813 1814/1814/1814 1815/1815/1815
f 1816/1816/1816 1817/1817/1817 1818/1818/1818
f 1819/1819/1819 1820/1820/1820 1821/1821/1821
f 1822/1822/1822 1823/1823/1823 1824/1824/1824
f 1825/1825/1825 1826/1826/1826 1827/1827/1827
f 1828/1828/1828 1829/1829/1829 1830/1830/1830
f 1831/1831/1831 1832/1832/1832 1833/1833/1833
f 1834/1834/1834 1835/1835/1835 1836/1836/1836
f 1837/1837/1837 1838/1838/1838 1839/1839/1839
f 1840/1840/1840 1841/1841/1841 1842/1842/1842
f 1843/1843/1843 1844/1844/1844 1845/1845/1845
f 1846/1846/1846 1847/1847/1847 1848/1848/1848
f 1849/1849/1849 1850/1850/1850 1851/1851/1851
f 1852/1852/1852 1853/1853/1853 1854/1854/1854
f 1855/1855/1855 1856/1856/1856 1857/1857/1857
f 1858/1858/1858 1859/1859/1859 1860/1860/1860
f 1861/1861/1861 1862/1862/1862 1863/1863/1863
f 1864/1864/1864 1865/1865/1865 1866/1866/1866
f 1867/1867/1867 1868/1868/1868 1869/1869/1869
f 1870/1870/1870 1871/1871/1871 1872/1872/1872
f 1873/1873/1873 1874/1874/1874 1875/1875/1875
f 1876/1876/1876 1877/1877/1877 1878/1878/1878
f 1879/1879/1879 1880/1880/1880 1881/1881/1881
f 1882/1882/1882 1883/1883/1883 1884/1884/1884
f 1885/1885/1885 1886/1886/1886 1887/1887/1887
f 1888/1888/1888 1889/1889/1889 1890/1890/1890
f 1891/1891/1891 1892/1892/1892 1893/1893/1893
f 1894/1894/1894 1895/1895/1895 1896/1896/1896
f 1897/1897/1897 1898/1898/1898 1899/1899/1899
f 1900/1900/1900 1901/1901/1901 1902/1902/1902
f 1903/1903/1903 1904/1904/1904 1905/1905/1905
f 1906/1906/1906 1907/1907/1907 1908/1908/1908
f 1909/1909/1909 1910/1910/1910 1911/1911/1911
f 1912/1912/1912 1913/1913/1913 1914/1914/1914
f 1915/1915/1915 1916/1916/1916 1917/1917/1917
f 1918/1918/1918 1919/1919/1919 1920/1920/1920
f 1921/1921/1921 1922/1922/1922 1923/1923/1923
f 1924/1924/1924 1925/1925/1925 1926/1926/1926
f 1927/1927/1927 1928/1928/1928 1929/1929/1929
f 1930/1930/1930 1931/1931/1931 1932/1932/1932
f 1933/1933/1933 1934/1934/1934 1935/1935/1935
f 1936/1936/1936 1937/1937/1937 1938/1938/1938
f 1939/1939/1939 1940/1940/1940 1941/1941/1941
f 1942/1942/1942 1943/1943/1943 1944/1944/1944
f 1945/1945/1945 1946/1946/1946 1947/1947/1947
f 1948/1948/1948 1949/1949/1949 1950/1950/1950
f 1951/1951/1951 1952/1952/1952 1953/1953/1953
f 1954/1954/1954 1955/1955/1955 1956/1956/1956
f 1957/1957/1957 1958/1958/1958 1959/1959/1959
f 1960/1960/1960 1961/1961/1961 1962/1962/1962
f 1963/1963/1963 1964/1964/1964 1965/1965/1965
f 1966/1966/1966 1967/1967/1967 1968/1968/1968
f 1969/1969/1969 1970/1970/1970 1971/1971/1971
f 1972/1972/1972 1973/1973/1973 1974/1974/1974
f 1975/1975/1975 1976/1976/1976 1977/1977/1977
f 1978/1978/1978 1979/1979/1979 1980/1980/1980
f 1981/1981/1981 1982/1982/1982 1983/1983/1983
f 1984/1984/1984 1985/1985/1985 1986/1986/1986
f 1987/1987/1987 1988/1988/1988 1989/1989/1989
f 1990/1990/1990 1991/1991/1991 1992/1992/1992
f 1993/1993/1993 1994/1994/1994 1995/1995/1995
f 1996/1996/1996 1997/1997/1997 1998/1998/1998
f 1999/1999/1999 2000/2000/2000 2001/2001/2001
f 2002/2002/2002 2003/2003/2003 2004/2004/2004
f 2005/2005/2005 2006/2006/2006 2007/2007/2007
f 2008/2008/2008 2009/2009/2009 2010/2010/2010
f 2011/2011/2011 2012/2012/2012 2013/2013/2013
f 2014/2014/2014 2015/2015/2015 2016/2016/2016
f 2017/2017/2017 2018/2018/2018 2019/2019/2019
f 2020/2020/2020 2021/2021/2021 2022/2022/2022
f 2023/2023/2023 2024/2024/2024 2025/2025/2025
f 2026/2026/2026 2027/2027/2027 2028/2028/2028
f 2029/2029/2029 2030/2030/2030 2031/2031/2031
f 2032/2032/2032 2033/2033/2033 2034/2034/2034
f 2035/2035/2035 2036/2036/2036 2037/2037/2037
f 2038/2038/2038 2039/2039/2039 2040/2040/2040
f 2041/2041/2041 2042/2042/2042 2043/2043/2043
f 2044/2044/2044 2045/2045/2045 2046/2046/2046
f 2047/2047/2047 2048/2048/2048 2049/2049/2049
f 2050/2050/2050 2051/2051/2051 2052/2052/2052
f 2053/2053/2053 2054/2054/2054 2055/2055/2055
f 2056/2056/2056 2057/2057/2057 2058/2058/2058
f 2059/2059/2059 2060/2060/2060 2061/2061/2061
f 2062/2062/2062 2063/2063/2063 2064/2064/2064
f 2065/2065/2065 2066/2066/2066 2067/2067/2067
f 2068/2068/2068 2069/2069/2069 2070/2070/2070
f 2071/2071/2071 2072/2072/2072 2073/2073/2073
f 2074/2074/2074 2075/2075/2075 2076/2076/2076
f 2077/2077/2077 2078/2078/2078 2079/2079/2079
f 2080/2080/2080 2081/2081/2081 2082/2082/2082
f 2083/2083/2083 2084/2084/2084 2085/2085/2085
f 2086/2086/2086 2087/2087/2087 2088/2088/2088
f 2089/2089/2089 2090/2090/2090 2091/2091/2091
f 2092/2092/2092 2093/2093/2093 2094/2094/2094
f 2095/2095/2095 2096/2096/2096 2097/2097/2097
f 2098/2098/2098 2099/2099/2099 2100/2100/2100
f 2101/2101/2101 2102/2102/2102 2103/2103/2103
f 2104/2104/2104 2105/2105/2105 2106/2106/2106
f 2107/2107/2107 2108/2108/2108 2109/2109/2109
f 2110/2110/2110 2111/2111/2111 2112/2112/2112
f 2113/2113/2113 2114/2114/2114 2115/2115/2115
f 2116/2116/2116 2117/2117/2117 2118/2118/2118
f 2119/2119/2119 2120/2120/2120 2121/2121/2121
f 2122/2122/2122 2123/2123/2123 2124/2124/2124
f 2125/2125/2125 2126/2126/2126 2127/2127/2127
f 2128/2128/2128 2129/2129/2129 2130/2130/2130
f 2131/2131/2131 2132/2132/2132 2133/2133/2133
f 2134/2134/2134 2135/2135/2135 2136/2136/2136
f 2137/2137/2137 2138/2138/2138 2139/2139/2139
f 2140/2140/2140 2141/2141/2141 2142/2142/2142
f 2143/2143/2143 2144/2144/2144 2145/2145/2145
f 2146/2146/2146 2147/2147/2147 2148/2148/2148
f 2149/2149/2149 2150/2150/2150 2151/2151/2151
f 2152/2152/2152 2153/2153/2153 2154/2154/2154
f 2155/2155/2155 2156/2156/2156 2157/2157/2157
f 2158/2158/2158 2159/2159/2159 2160/2160/2160
f 2161/2161/2161 2162/2162/2162 2163/2163/2163
f 2164/2164/2164 2165/2165/2165 2166/2166/2166
f 2167/2167/2167 2168/2168/2168 2169/2169/2169
f 2170/2170/2170 2171/2171/2171 2172/2172/2172
f 2173/2173/2173 2174/2174/2174 2175/2175/2175
f 2176/2176/2176 2177/2177/2177 2178/2178/2178
f 2179/2179/2179 2180/2180/2180 2181/2181/2181
f 2182/2182/2182 2183/2183/2183 2184/2184/2184
f 2185/2185/2185 2186/2186/2186 2187/2187/2187
f 2188/2188/2188 2189/2189/2189 2190/2190/2190
f 2191/2191/2191 2192/2192/2192 2193/2193/2193
f 2194/2194/2194 2195/2195/2195 2196/2196/2196
f 2197/2197/2197 2198/2198/2198 2199/2199/2199
f 2200/2200/2200 2201/2201/2201 2202/2202/2202
f 2203/2203/2203 2204/2204/2204 2205/2205/2205
f 2206/2206/2206 2207/2207/2207 2208/2208/2208
f 2209/2209/2209 2210/2210/2210 2211/2211/2211
f 2212/2212/2212 2213/2213/2213 2214/2214/2214
f 2215/2215/2215 2216/2216/2216 2217/2217/2217
f 2218/2218/2218 2219/2219/2219 2220/2220/2220
f 2221/2221/2221 2222/2222/2222 2223/2223/2223
f 2224/2224/2224 2225/2225/2225 2226/2226/2226
f 2227/2227/2227 2228/2228/2228 2229/2229/2229
f 2230/2230/2230 2231/2231/2231 2232/2232/2232
f 2233/2233/2233 2234/2234/2234 2235/2235/2235
f 2236/2236/2236 2237/2237/2237 2238/2238/2238
f 2239/2239/2239 2240/2240/2240 2241/2241/2241
f 2242/2242/2242 2243/2243/2243 2244/2244/2244
f 2245/2245/2245 2246/2246/2246 2247/2247/2247
f 2248/2248/2248 2249/2249/2249 2250/2250/2250
f 2251/2251/2251 2252/2252/2252 2253/2253/2253
f 2254/2254/2254 2255/2255/2255 2256/2256/2256
f 2257/2257/2257 2258/2258/2258 2259/2259/2259
f 2260/2260/2260 2261/2261/2261 2262/2262/2262
f 2263/2263/2263 2264/2264/2264 2265/2265/2265
f 2266/2266/2266 2267/2267/2267 2268/2268/2268
f 2269/2269/2269 2270/2270/2270 2271/2271/2271
f 2272/2272/2272 2273/2273/2273 2274/2274/2274
f 2275/2275/2275 2276/2276/2276 2277/2277/2277
f 2278/2278/2278 2279/2279/2279 2280/2280/2280
f 2281/2281/2281 2282/2282/2282 2283/2283/2283
f 2284/2284/2284 2285/2285/2285 2286/2286/2286
f 2287/2287/2287 2288/2288/2288 2289/2289/2289
f 2290/2290/2290 2291/2291/2291 2292/2292/2292
f 2293/2293/2293 2294/2294/2294 2295/2295/2295
f 2296/2296/2296 2297/2297/2297 2298/2298/2298
f 2299/2299/2299 2300/2300/2300 2301/2301/2301
f 2302/2302/2302 2303/2303/2303 2304/2304/2304
f 2305/2305/2305 2306/2306/2306 2307/2307/2307
f 2308/2308/2308 2309/2309/2309 2310/2310/2310
f 2311/2311/2311 2312/2312/2312 2313/2313/2313
f 2314/2314/2314 2315/2315/2315 2316/2316/2316
f 2317/2317/2317 2318/2318/2318 2319/2319/2319
f 2320/2320/2320 2321/2321/2321 2322/2322/2322
f 2323/2323/2323 2324/2324/2324 2325/2325/2325
f 2326/2326/2326 2327/2327/2327 2328/2328/2328
f 2329/2329/2329 2330/2330/2330 2331/2331/2331
f 2332/2332/2332 2333/2333/2333 2334/2334/2334
f 2335/2335/2335 2336/2336/2336 2337/2337/2337
f 2338/2338/2338 2339/2339/2339 2340/2340/2340
f 2341/2341/2341 2342/2342/2342 2343/2343/2343
f 2344/2344/2344 2345/2345/2345 2346/2346/2346
f 2347/2347/2347 2348/2348/2348 2349/2349/2349
f 2350/2350/2350 2351/2351/2351 2352/2352/2352
f 2353/2353/2353 2354/2354/2354 2355/2355/2355
f 2356/2356/2356 2357/2357/2357 2358/2358/2358
f 2359/2359/2359 2360/2360/2360 2361/2361/2361
f 2362/2362/2362 2363/2363/2363 2364/2364/2364
f 2365/2365/2365 2366/2366/2366 2367/2367/2367
f 2368/2368/2368 2369/2369/2369 2370/2370/2370
f 2371/2371/2371 2372/2372/2372 2373/2373/2373
f 2374/2374/2374 2375/2375/2375 2376/2376/2376
f 2377/2377/2377 2378/2378/2378 2379/2379/2379
f 2380/2380/2380 2381/2381/2381 2382/2382/2382
f 2383/2383/2383 2384/2384/2384 2385/2385/2385
f 2386/2386/2386 2387/2387/2387 2388/2388/2388
f 2389/2389/2389 2390/2390/2390 2391/2391/2391
f 2392/2392/2392 2393/2393/2393 2394/2394/2394
f 2395/2395/2395 2396/2396/2396 2397/2397/2397
f 2398/2398/2398 2399/2399/2399 2400/2400/2400
f 2401/2401/2401 2402/2402/2402 2403/2403/2403
f 2404/2404/2404 2405/2405/2405 2406/2406/2406
f 2407/2407/2407 2408/2408/2408 2409/2409/2409
f 2410/2410/2410 2411/2411/2411 2412/2412/2412
f 2413/2413/2413 2414/2414/2414 2415/2415/2415
f 2416/2416/2416 2417/2417/2417 2418/2418/2418
f 2419/2419/2419 2420/2420/2420 2421/2421/2421
f 2422/2422/2422 2423/2423/2423 2424/2424/2424
f 2425/2425/2425 2426/2426/2426 2427/2427/2427
f 2428/2428/2428 2429/2429/2429 2430/2430/2430
f 2431/2431/2431 2432/2432/2432 2433/2433/2433
f 2434/2434/2434 2435/2435/2435 2436/2436/2436
f 2437/2437/2437 2438/2438/2438 2439/2439/2439
f 2440/2440/2440 2441/2441/2441 2442/2442/2442
f 2443/2443/2443 2444/2444/2444 2445/2445/2445
f 2446/2446/2446 2447/2447/2447 2448/2448/2448
f 2449/2449/2449 2450/2450/2450 2451/2451/2451
f 2452/2452/2452 2453/2453/2453 2454/2454/2454
f 2455/2455/2455 2456/2456/2456 2457/2457/2457
f 2458/2458/2458 2459/2459/2459 2460/2460/2460
f 2461/2461/2461 2462/2462/2462 2463/2463/2463
f 2464/2464/2464 2465/2465/2465 2466/2466/2466
f 2467/2467/2467 2468/2468/2468 2469/2469/2469
f 2470/2470/2470 2471/2471/2471 2472/2472/2472
f 2473/2473/2473 2474/2474/2474 2475/2475/2475
f 2476/2476/2476 2477/2477/2477 2478/2478/2478
f 2479/2479/2479 2480/2480/2480 2481/2481/2481
f 2482/2482/2482 2483/2483/2483 2484/2484/2484
f 2485/2485/2485 2486/2486/2486 2487/2487/2487
f 2488/2488/2488 2489/2489/2489 2490/2490/2490
f 2491/2491/2491 2492/2492/2492 2493/2493/2493
f 2494/2494/2494 2495/2495/2495 2496/2496/2496
f 2497/2497/2497 2498/2498/2498 2499/2499/2499
f 2500/2500/2500 2501/2501/2501 2502/2502/2502
f 2503/2503/2503 2504/2504/2504 2505/2505/2505
f 2506/2506/2506 2507/2507/2507 2508/2508/2508
f 2509/2509/2509 2510/2510/2510 2511/2511/2511
f 2512/2512/2512 2513/2513/2513 2514/2514/2514
f 2515/2515/2515 2516/2516/2516 2517/2517/2517
f 2518/2518/2518 2519/2519/2519 2520/2520/2520
f 2521/2521/2521 2522/2522/2522 2523/2523/2523
f 2524/2524/2524 2525/2525/2525 2526/2526/2526
f 2527/2527/2527 2528/2528/2528 2529/2529/2529
f 2530/2530/2530 2531/2531/2531 2532/2532/2532
f 2533/2533/2533 2534/2534/2534 2535/2535/2535
f 2536/2536/2536 2537/2537/2537 2538/2538/2538
f 2539/2539/2539 2540/2540/2540 2541/2541/2541
f 2542/2542/2542 2543/2543/2543 2544/2544/2544
f 2545/2545/2545 2546/2546/2546 2547/2547/2547
f 2548/2548/2548 2549/2549/2549 2550/2550/2550
f 2551/2551/2551 2552/2552/2552 2553/2553/2553
f 2554/2554/2554 2555/2555/2555 2556/2556/2556
f 2557/2557/2557 2558/2558/2558 2559/2559/2559
f 2560/2560/2560 2561/2561/2561 2562/2562/2562
f 2563/2563/2563 2564/2564/2564 2565/2565/2565
f 2566/2566/2566 2567/2567/2567 2568/2568/2568
f 2569/2569/2569 2570/2570/2570 2571/2571/2571
f 2572/2572/2572 2573/2573/2573 2574/2574/2574
f 2575/2575/2575 2576/2576/2576 2577/2577/2577
f 2578/2578/2578 2579/2579/2579 2580/2580/2580
f 2581/2581/2581 2582/2582/2582 2583/2583/2583
f 2584/2584/2584 2585/2585/2585 2586/2586/2586
f 2587/2587/2587 2588/2588/2588 2589/2589/2589
f 2590/2590/2590 2591/2591/2591 2592/2592/2592
f 2593/2593/2593 2594/2594/2594 2595/2595/2595
f 2596/2596/2596 2597/2597/2597 2598/2598/2598
f 2599/2599/2599 2600/2600/2600 2601/2601/2601
f 2602/2602/2602 2603/2603/2603 2604/2604/2604
f 2605/2605/2605 2606/2606/2606 2607/2607/2607
f 2608/2608/2608 2609/2609/2609 2610/2610/2610
f 2611/2611/2611 2612/2612/2612 2613/2613/2613
f 2614/2614/2614 2615/2615/2615 2616/2616/2616
f 2617/2617/2617 2618/2618/2618 2619/2619/2619
f 2620/2620/2620 2621/2621/2621 2622/2622/2622
f 2623/2623/2623 2624/2624/2624 2625/2625/2625
f 2626/2626/2626 2627/2627/2627 2628/2628/2628
f 2629/2629/2629 2630/2630/2630 2631/2631/2631
f 2632/2632/2632 2633/2633/2633 2634/2634/2634
f 2635/2635/2635 2636/2636/2636 2637/2637/2637
f 2638/2638/2638 2639/2639/2639 2640/2640/2640
f 2641/2641/2641 2642/2642/2642 2643/2643/2643
f 2644/2644/2644 2645/2645/2645 2646/2646/2646
f 2647/2647/2647 2648/2648/2648 2649/2649/2649
f 2650/2650/2650 2651/2651/2651 2652/2652/2652
f 2653/2653/2653 2654/2654/2654 2655/2655/2655
f 2656/2656/2656 2657/2657/2657 2658/2658/2658
f 2659/2659/2659 2660/2660/2660 2661/2661/2661
f 2662/2662/2662 2663/2663/2663 2664/2664/2664
f 2665/2665/2665 2666/2666/2666 2667/2667/2667
f 2668/2668/2668 2669/2669/2669 2670/2670/2670
f 2671/2671/2671 2672/2672/2672 2673/2673/2673
f 2674/2674/2674 2675/2675/2675 2676/2676/2676
f 2677/2677/2677 2678/2678/2678 2679/2679/2679
f 2680/2680/2680 2681/2681/2681 2682/2682/2682
f 2683/2683/2683 2684/2684/2684 2685/2685/2685
f 2686/2686/2686 2687/2687/2687 2688/2688/2688
f 2689/2689/2689 2690/2690/2690 2691/2691/2691
f 2692/2692/2692 2693/2693/2693 2694/2694/2694
f 2695/2695/2695 2696/2696/2696 2697/2697/2697
f 2698/2698/2698 2699/2699/2699 2700/2700/2700
f 2701/2701/2701 2702/2702/2702 2703/2703/2703
f 2704/2704/2704 2705/2705/2705 2706/2706/2706
f 2707/2707/2707 2708/2708/2708 2709/2709/2709
f 2710/2710/2710 2711/2711/2711 2712/2712/2712
f 2713/2713/2713 2714/2714/2714 2715/2715/2715
f 2716/2716/2716 2717/2717/2717 2718/2718/2718
f 2719/2719/2719 2720/2720/2720 2721/2721/2721
f 2722/2722/2722 2723/2723/2723 2724/2724/2724
f 2725/2725/2725 2726/2726/2726 2727/2727/2727
f 2728/2728/2728 2729/2729/2729 2730/2730/2730
f 2731/2731/2731 2732/2732/2732 2733/2733/2733
f 2734/2734/2734 2735/2735/2735 2736/2736/2736
f 2737/2737/2737 2738/2738/2738 2739/2739/2739
f 2740/2740/2740 2741/2741/2741 2742/2742/2742
f 2743/2743/2743 2744/2744/2744 2745/2745/2745
f 2746/2746/2746 2747/2747/2747 2748/2748/2748
f 2749/2749/2749 2750/2750/2750 2751/2751/2751
f 2752/2752/2752 2753/2753/2753 2754/2754/2754
f 2755/2755/2755 2756/2756/2756 2757/2757/2757
f 2758/2758/2758 2759/2759/2759 2760/2760/2760
f 2761/2761/2761 2762/2762/2762 2763/2763/2763
f 2764/2764/2764 2765/2765/2765 2766/2766/2766
f 2767/2767/2767 2768/2768/2768 2769/2769/2769
f 2770/2770/2770 2771/2771/2771 2772/2772/2772
f 2773/2773/2773 2774/2774/2774 2775/2775/2775
f 2776/2776/2776 2777/2777/2777 2778/2778/2778
f 2779/2779/2779 2780/2780/2780 2781/2781/2781
f 2782/2782/2782 2783/2783/2783 2784/2784/2784
f 2785/2785/2785 2786/2786/2786 2787/2787/2787
f 2788/2788/2788 2789/2789/2789 2790/2790/2790
f 2791/2791/2791 2792/2792/2792 2793/2793/2793
f 2794/2794/2794 2795/2795/2795 2796/2796/2796
f 2797/2797/2797 2798/2798/2798 2799/2799/2799
f 2800/2800/2800 2801/2801/2801 2802/2802/2802
f 2803/2803/2803 2804/2804/2804 2805/2805/2805
f 2806/2806/2806 2807/2807/2807 2808/2808/2808
f 2809/2809/2809 2810/2810/2810 2811/2811/2811
f 2812/2812/2812 2813/2813/2813 2814/2814/2814
f 2815/2815/2815 2816/2816/2816 2817/2817/2817
f 2818/2818/2818 2819/2819/2819 2820/2820/2820
f 2821/2821/2821 2822/2822/2822 2823/2823/2823
f 2824/2824/2824 2825/2825/2825 2826/2826/2826
f 2827/2827/2827 2828/2828/2828 2829/2829/2829
f 2830/2830/2830 2831/2831/2831 2832/2832/2832
f 2833/2833/2833 2834/2834/2834 2835/2835/2835
f 2836/2836/2836 2837/2837/2837 2838/2838/2838
f 2839/2839/2839 2840/2840/2840 2841/2841/2841
f 2842/2842/2842 2843/2843/2843 2844/2844/2844
f 2845/2845/2845 2846/2846/2846 2847/2847/2847
f 2848/2848/2848 2849/2849/2849 2850/2850/2850
f 2851/2851/2851 2852/2852/2852 2853/2853/2853
f 2854/2854/2854 2855/2855/2855 2856/2856/2856
f 2857/2857/2857 2858/2858/2858 2859/2859/2859
f 2860/2860/2860 2861/2861/2861 2862/2862/2862
f 2863/2863/2863 2864/2864/2864 2865/2865/2865
f 2866/2866/2866 2867/2867/2867 2868/2868/2868
f 2869/2869/2869 2870/2870/2870 2871/2871/2871
f 2872/2872/2872 2873/2873/2873 2874/2874/2874
f 2875/2875/2875 2876/2876/2876 2877/2877/2877
f 2878/2878/2878 2879/2879/2879 2880/2880/2880
f 2881/2881/2881 2882/2882/2882 2883/2883/2883
f 2884/2884/2884 2885/2885/2885 2886/2886/2886
f 2887/2887/2887 2888/2888/2888 2889/2889/2889
f 2890/2890/2890 2891/2891/2891 2892/2892/2892
f 2893/2893/2893 2894/2894/2894 2895/2895/2895
f 2896/2896/2896 2897/2897/2897 2898/2898/2898
f 2899/2899/2899 2900/2900/2900 2901/2901/2901
f 2902/2902/2902 2903/2903/2903 2904/2904/2904
f 2905/2905/2905 2906/2906/2906 2907/2907/2907
f 2908/2908/2908 2909/2909/2909 2910/2910/2910
f 2911/2911/2911 2912/2912/2912 2913/2913/2913
f 2914/2914/2914 2915/2915/2915 2916/2916/2916
f 2917/2917/2917 2918/2918/2918 2919/2919/2919
f 2920/2920/2920 2921/2921/2921 2922/2922/2922
f 2923/2923/2923 2924/2924/2924 2925/2925/2925
f 2926/2926/2926 2927/2927/2927 2928/2928/2928
f 2929/2929/2929 2930/2930/2930 2931/2931/2931
f 2932/2932/2932 2933/2933/2933 2934/2934/2934
f 2935/2935/2935 2936/2936/2936 2937/2937/2937
f 2938/2938/2938 2939/2939/2939 2940/2940/2940
f 2941/2941/2941 2942/2942/2942 2943/2943/2943
f 2944/2944/2944 2945/2945/2945 2946/2946/2946
f 2947/2947/2947 2948/2948/2948 2949/2949/2949
f 2950/2950/2950 2951/2951/2951 2952/2952/2952
f 2953/2953/2953 2954/2954/2954 2955/2955/2955
f 2956/2956/2956 2957/2957/2957 2958/2958/2958
f 2959/2959/2959 2960/2960/2960 2961/2961/2961
f 2962/2962/2962 2963/2963/2963 2964/2964/2964
f 2965/2965/2965 2966/2966/2966 2967/2967/2967
f 2968/2968/2968 2969/2969/2969 2970/2970/2970
f 2971/2971/2971 2972/2972/2972 2973/2973/2973
f 2974/2974/2974 2975/2975/2975 2976/2976/2976
f 2977/2977/2977 2978/2978/2978 2979/2979/2979
f 2980/2980/2980 2981/2981/2981 2982/2982/2982
f 2983/2983/2983 2984/2984/2984 2985/2985/2985
f 2986/2986/2986 2987/2987/2987 2988/2988/2988
f 2989/2989/2989 2990/2990/2990 2991/2991/2991
f 2992/2992/2992 2993/2993/2993 2994/2994/2994
f 2995/2995/2995 2996/2996/2996 2997/2997/2997
f 2998/2998/2998 2999/2999/2999 3000/3000/3000
f 3001/3001/3001 3002/3002/3002 3003/3003/3003
f 3004/3004/3004 3005/3005/3005 3006/3006/3006
f 3007/3007/3007 3008/3008/3008 3009/3009/3009
f 3010/3010/3010 3011/3011/3011 3012/3012/3012
f 3013/3013/3013 3014/3014/3014 3015/3015/3015
f 3016/3016/3016 3017/3017/3017 3018/3018/3018
f 3019/3019/3019 3020/3020/3020 3021/3021/3021
f 3022/3022/3022 3023/3023/3023 3024/3024/3024
f 3025/3025/3025 3026/3026/3026 3027/3027/3027
f 3028/3028/3028 3029/3029/3029 3030/3030/3030
f 3031/3031/3031 3032/3032/3032 3033/3033/3033
f 3034/3034/3034 3035/3035/3035 3036/3036/3036
f 3037/3037/3037 3038/3038/3038 3039/3039/3039
f 3040/3040/3040 3041/3041/3041 3042/3042/3042
f 3043/3043/3043 3044/3044/3044 3045/3045/3045
f 3046/3046/3046 3047/3047/3047 3048/3048/3048
f 3049/3049/3049 3050/3050/3050 3051/3051/3051
f 3052/3052/3052 3053/3053/3053 3054/3054/3054
f 3055/3055/3055 3056/3056/3056 3057/3057/3057
f 3058/3058/3058 3059/3059/3059 3060/3060/3060
f 3061/3061/3061 3062/3062/3062 3063/3063/3063
f 3064/3064/3064 3065/3065/3065 3066/3066/3066
f 3067/3067/3067 3068/3068/3068 3069/3069/3069
f 3070/3070/3070 3071/3071/3071 3072/3072/3072
f 3073/3073/3073 3074/3074/3074 3075/3075/3075
f 3076/3076/3076 3077/3077/3077 3078/3078/3078
f 3079/3079/3079 3080/3080/3080 3081/3081/3081
f 3082/3082/3082 3083/3083/3083 3084/3084/3084
f 3085/3085/3085 3086/3086/3086 3087/3087/3087
f 3088/3088/3088 3089/3089/3089 3090/3090/3090
f 3091/3091/3091 3092/3092/3092 3093/3093/3093
f 3094/3094/3094 3095/3095/3095 3096/3096/3096
f 3097/3097/3097 3098/3098/3098 3099/3099/3099
f 3100/3100/3100 3101/3101/3101 3102/3102/3102
f 3103/3103/3103 3104/3104/3104 3105/3105/3105
f 3106/3106/3106 3107/3107/3107 3108/3108/3108
f 3109/3109/3109 3110/3110/3110 3111/3111/3111
f 3112/3112/3112 3113/3113/3113 3114/3114/3114
f 3115/3115/3115 3116/3116/3116 3117/3117/3117
f 3118/3118/3118 3119/3119/3119 3120/3120/3120
f 3121/3121/3121 3122/3122/3122 3123/3123/3123
f 3124/3124/3124 3125/3125/3125 3126/3126/3126
f 3127/3127/3127 3128/3128/3128 3129/3129/3129
f 3130/3130/3130 3131/3131/3131 3132/3132/3132
f 3133/3133/3133 3134/3134/3134 3135/3135/3135
f 3136/3136/3136 3137/3137/3137 3138/3138/3138
f 3139/3139/3139 3140/3140/3140 3141/3141/3141
f 3142/3142/3142 3143/3143/3143 3144/3144/3144
f 3145/3145/3145 3146/3146/3146 3147/3147/3147
f 3148/3148/3148 3149/3149/3149 3150/3150/3150
f 3151/3151/3151 3152/3152/3152 3153/3153/3153
f 3154/3154/3154 3155/3155/3155 3156/3156/3156
f 3157/3157/3157 3158/3158/3158 3159/3159/3159
f 3160/3160/3160 3161/3161/3161 3162/3162/3162
f 3163/3163/3163 3164/3164/3164 3165/3165/3165
f 3166/3166/3166 3167/3167/3167 3168/3168/3168
f 3169/3169/3169 3170/3170/3170 3171/3171/3171
f 3172/3172/3172 3173/3173/3173 3174/3174/3174
f 3175/3175/3175 3176/3176/3176 3177/3177/3177
f 3178/3178/3178 3179/3179/3179 3180/3180/3180
f 3181/3181/3181 3182/3182/3182 3183/3183/3183
f 3184/3184/3184 3185/3185/3185 3186/3186/3186
f 3187/3187/3187 3188/3188/3188 3189/3189/3189
f 3190/3190/3190 3191/3191/3191 3192/3192/3192
f 3193/3193/3193 3194/3194/3194 3195/3195/3195
f 3196/3196/3196 3197/3197/3197 3198/3198/3198
f 3199/3199/3199 3200/3200/3200 3201/3201/3201
f 3202/3202/3202 3203/3203/3203 3204/3204/3204
f 3205/3205/3205 3206/3206/3206 3207/3207/3207
f 3208/3208/3208 3209/3209/3209 3210/3210/3210
f 3211/3211/3211 3212/3212/3212 3213/3213/3213
f 3214/3214/3214 3215/3215/3215 3216/3216/3216
f 3217/3217/3217 3218/3218/3218 3219/3219/3219
f 3220/3220/3220 3221/3221/3221 3222/3222/3222
f 3223/3223/3223 3224/3224/3224 3225/3225/3225
f 3226/3226/3226 3227/3227/3227 3228/3228/3228
f 3229/3229/3229 3230/3230/3230 3231/3231/3231
f 3232/3232/3232 3233/3233/3233 3234/3234/3234
f 3235/3235/3235 3236/3236/3236 3237/3237/3237
f 3238/3238/3238 3239/3239/3239 3240/3240/3240
f 3241/3241/3241 3242/3242/3242 3243/3243/3243
f 3244/3244/3244 3245/3245/3245 3246/3246/3246
f 3247/3247/3247 3248/3248/3248 3249/3249/3249
f 3250/3250/3250 3251/3251/3251 3252/3252/3252
f 3253/3253/3253 3254/3254/3254 3255/3255/3255
f 3256/3256/3256 3257/3257/3257 3258/3258/3258
f 3259/3259/3259 3260/3260/3260 3261/3261/3261
f 3262/3262/3262 3263/3263/3263 3264/3264/3264
f 3265/3265/3265 3266/3266/3266 3267/3267/3267
f 3268/3268/3268 3269/3269/3269 3270/3270/3270
f 3271/3271/3271 3272/3272/3272 3273/3273/3273
f 3274/3274/3274 3275/3275/3275 3276/3276/3276
f 3277/3277/3277 3278/3278/3278 3279/3279/3279
f 3280/3280/3280 3281/3281/3281 3282/3282/3282
f 3283/3283/3283 3284/3284/3284 3285/3285/3285
f 3286/3286/3286 3287/3287/3287 3288/3288/3288
f 3289/3289/3289 3290/3290/3290 3291/3291/3291
f 3292/3292/3292 3293/3293/3293 3294/3294/3294
f 3295/3295/3295 3296/3296/3296 3297/3297/3297
f 3298/3298/3298 3299/3299/3299 3300/3300/3300
f 3301/3301/3301 3302/3302/3302 3303/3303/3303
f 3304/3304/3304 3305/3305/3305 3306/3306/3306
f 3307/3307/3307 3308/3308/3308 3309/3309/3309
f 3310/3310/3310 3311/3311/3311 3312/3312/3312
f 3313/3313/3313 3314/3314/3314 3315/3315/3315
f 3316/3316/3316 3317/3317/3317 3318/3318/3318
f 3319/3319/3319 3320/3320/3320 3321/3321/3321
f 3322/3322/3322 3323/3323/3323 3324/3324/3324
f 3325/3325/3325 3326/3326/3326 3327/3327/3327
f 3328/3328/3328 3329/3329/3329 3330/3330/3330
f 3331/3331/3331 3332/3332/3332 3333/3333/3333
f 3334/3334/3334 3335/3335/3335 3336/3336/3336
f 3337/3337/3337 3338/3338/3338 3339/3339/3339
f 3340/3340/3340 3341/3341/3341 3342/3342/3342
f 3343/3343/3343 3344/3344/3344 3345/3345/3345
f 3346/3346/3346 3347/3347/3347 3348/3348/3348
f 3349/3349/3349 3350/3350/3350 3351/3351/3351
f 3352/3352/3352 3353/3353/3353 3354/3354/3354
f 3355/3355/3355 3356/3356/3356 3357/3357/3357
f 3358/3358/3358 3359/3359/3359 3360/3360/3360
f 3361/3361/3361 3362/3362/3362 3363/3363/3363
f 3364/3364/3364 3365/3365/3365 3366/3366/3366
f 3367/3367/3367 3368/3368/3368 3369/3369/3369
f 3370/3370/3370 3371/3371/3371 3372/3372/3372
f 3373/3373/3373 3374/3374/3374 3375/3375/3375
f 3376/3376/3376 3377/3377/3377 3378/3378/3378
f 3379/3379/3379 3380/3380/3380 3381/3381/3381
f 3382/3382/3382 3383/3383/3383 3384/3384/3384
f 3385/3385/3385 3386/3386/3386 3387/3387/3387
f 3388/3388/3388 3389/3389/3389 3390/3390/3390
f 3391/3391/3391 3392/3392/3392 3393/3393/3393
f 3394/3394/3394 3395/3395/3395 3396/3396/3396
f 3397/3397/3397 3398/3398/3398 3399/3399/3399
f 3400/3400/3400 3401/3401/3401 3402/3402/3402
f 3403/3403/3403 3404/3404/3404 3405/3405/3405
f 3406/3406/3406 3407/3407/3407 3408/3408/3408
f 3409/3409/3409 3410/3410/3410 3411/3411/3411
f 3412/3412/3412 3413/3413/3413 3414/3414/3414
f 3415/3415/3415 3416/3416/3416 3417/3417/3417
f 3418/3418/3418 3419/3419/3419 3420/3420/3420
f 3421/3421/3421 3422/3422/3422 3423/3423/3423
f 3424/3424/3424 3425/3425/3425 3426/3426/3426
f 3427/3427/3427 3428/3428/3428 3429/3429/3429
f 3430/3430/3430 3431/3431/3431 3432/3432/3432
f 3433/3433/3433 3434/3434/3434 3435/3435/3435
f 3436/3436/3436 3437/3437/3437 3438/3438/3438
f 3439/3439/3439 3440/3440/3440 3441/3441/3441
f 3442/3442/3442 3443/3443/3443 3444/3444/3444
f 3445/3445/3445 3446/3446/3446 3447/3447/3447
f 3448/3448/3448 3449/3449/3449 3450/3450/3450
f 3451/3451/3451 3452/3452/3452 3453/3453/3453
f 3454/3454/3454 3455/3455/3455 3456/3456/3456
f 3457/3457/3457 3458/3458/3458 3459/3459/3459
f 3460/3460/3460 3461/3461/3461 3462/3462/3462
f 3463/3463/3463 3464/3464/3464 3465/3465/3465
f 3466/3466/3466 3467/3467/3467 3468/3468/3468
f 3469/3469/3469 3470/3470/3470 3471/3471/3471
f 3472/3472/3472 3473/3473/3473 3474/3474/3474
f 3475/3475/3475 3476/3476/3476 3477/3477/3477
f 3478/3478/3478 3479/3479/3479 3480/3480/3480
f 3481/3481/3481 3482/3482/3482 3483/3483/3483
f 3484/3484/3484 3485/3485/3485 3486/3486/3486
f 3487/3487/3487 3488/3488/3488 3489/3489/3489
f 3490/3490/3490 3491/3491/3491 3492/3492/3492
f 3493/3493/3493 3494/3494/3494 3495/3495/3495
f 3496/3496/3496 3497/3497/3497 3498/3498/3498
f 3499/3499/3499 3500/3500/3500 3501/3501/3501
f 3502/3502/3502 3503/3503/3503 3504/3504/3504
f 3505/3505/3505 3506/3506/3506 3507/3507/3507
f 3508/3508/3508 3509/3509/3509 3510/3510/3510
f 3511/3511/3511 3512/3512/3512 3513/3513/3513
f 3514/3514/3514 3515/3515/3515 3516/3516/3516
f 3517/3517/3517 3518/3518/3518 3519/3519/3519
f 3520/3520/3520 3521/3521/3521 3522/3522/3522
f 3523/3523/3523 3524/3524/3524 3525/3525/3525
f 3526/3526/3526 3527/3527/3527 3528/3528/3528
f 3529/3529/3529 3530/3530/3530 3531/3531/3531
f 3532/3532/3532 3533/3533/3533 3534/3534/3534
f 3535/3535/3535 3536/3536/3536 3537/3537/3537
f 3538/3538/3538 3539/3539/3539 3540/3540/3540
f 3541/3541/3541 3542/3542/3542 3543/3543/3543
f 3544/3544/3544 3545/3545/3545 3546/3546/3546
f 3547/3547/3547 3548/3548/3548 3549/3549/3549
f 3550/3550/3550 3551/3551/3551 3552/3552/3552
f 3553/3553/3553 3554/3554/3554 3555/3555/3555
f 3556/3556/3556 3557/3557/3557 3558/3558/3558
f 3559/3559/3559 3560/3560/3560 3561/3561/3561
f 3562/3562/3562 3563/3563/3563 3564/3564/3564
f 3565/3565/3565 3566/3566/3566 3567/3567/3567
f 3568/3568/3568 3569/3569/3569 3570/3570/3570
f 3571/3571/3571 3572/3572/3572 3573/3573/3573
f 3574/3574/3574 3575/3575/3575 3576/3576/3576
f 3577/3577/3577 3578/3578/3578 3579/3579/3579
f 3580/3580/3580 3581/3581/3581 3582/3582/3582
f 3583/3583/3583 3584/3584/3584 3585/3585/3585
f 3586/3586/3586 3587/3587/3587 3588/3588/3588
f 3589/3589/3589 3590/3590/3590 3591/3591/3591
f 3592/3592/3592 3593/3593/3593 3594/3594/3594
f 3595/3595/3595 3596/3596/3596 3597/3597/3597
f 3598/3598/3598 3599/3599/3599 3600/3600/3600
f 3601/3601/3601 3602/3602/3602 3603/3603/3603
f 3604/3604/3604 3605/3605/3605 3606/3606/3606
f 3607/3607/3607 3608/3608/3608 3609/3609/3609
f 3610/3610/3610 3611/3611/3611 3612/3612/3612
f 3613/3613/3613 3614/3614/3614 3615/3615/3615
f 3616/3616/3616 3617/3617/3617 3618/3618/3618
f 3619/3619/3619 3620/3620/3620 3621/3621/3621
f 3622/3622/3622 3623/3623/3623 3624/3624/3624
f 3625/3625/3625 3626/3626/3626 3627/3627/3627
f 3628/3628/3628 3629/3629/3629 3630/3630/3630
f 3631/3631/3631 3632/3632/3632 3633/3633/3633
f 3634/3634/3634 3635/3635/3635 3636/3636/3636
f 3637/3637/3637 3638/3638/3638 3639/3639/3639
f 3640/3640/3640 3641/3641/3641 3642/3642/3642
f 3643/3643/3643 3644/3644/3644 3645/3645/3645
f 3646/3646/3646 3647/3647/3647 3648/3648/3648
f 3649/3649/3649 3650/3650/3650 3651/3651/3651
f 3652/3652/3652 3653/3653/3653 3654/3654/3654
f 3655/3655/3655 3656/3656/3656 3657/3657/3657
f 3658/3658/3658 3659/3659/3659 3660/3660/3660
