# exported by gszh.xyz
mtllib gszh_xyz.mtl
g SM_Generic_Tree_01
v 22.886165618896484 191.5039520263672 -0.6112490892410278
v 23.348112106323242 193.1415557861328 4.0335516929626465
v 27.271068572998047 188.84249877929688 0.4845067858695984
v 23.348112106323242 193.1415557861328 4.0335516929626465
v 27.52099609375 190.3186798095703 5.891263008117676
v 27.271068572998047 188.84249877929688 0.4845067858695984
v -4.619067192077637 146.78248596191406 7.417002201080322
v -17.914752960205078 181.94985961914062 5.20479154586792
v -3.872321128845215 146.91751098632812 16.840007781982422
v 2.8070802688598633 133.1864471435547 10.573152542114258
v -9.625288963317871 134.0037078857422 6.295192718505859
v -4.619067192077637 146.78248596191406 7.417002201080322
v 2.8070802688598633 133.1864471435547 10.573152542114258
v 2.2614526748657227 135.1717529296875 19.860305786132812
v 15.872783660888672 84.11397552490234 13.972209930419922
v 2.8070802688598633 133.1864471435547 10.573152542114258
v 15.872783660888672 84.11397552490234 13.972209930419922
v 16.64300537109375 79.81658172607422 3.1227834224700928
v -17.914752960205078 181.94985961914062 5.20479154586792
v -35.896217346191406 216.52725219726562 6.406525135040283
v -3.872321128845215 146.91751098632812 16.840007781982422
v -3.872321128845215 146.91751098632812 16.840007781982422
v -15.410651206970215 137.30233764648438 21.557157516479492
v -4.444087028503418 131.85279846191406 21.673843383789062
v 2.2614526748657227 135.1717529296875 19.860305786132812
v -3.872321128845215 146.91751098632812 16.840007781982422
v -4.444087028503418 131.85279846191406 21.673843383789062
v -4.619067192077637 146.78248596191406 7.417002201080322
v -9.625288963317871 134.0037078857422 6.295192718505859
v -17.914752960205078 181.94985961914062 5.20479154586792
v 2.8070802688598633 133.1864471435547 10.573152542114258
v 16.64300537109375 79.81658172607422 3.1227834224700928
v -9.625288963317871 134.0037078857422 6.295192718505859
v -3.872321128845215 146.91751098632812 16.840007781982422
v -35.896217346191406 216.52725219726562 6.406525135040283
v -40.570716857910156 216.35487365722656 9.289340019226074
v -17.914752960205078 181.94985961914062 5.20479154586792
v -35.10034942626953 217.31983947753906 0.8898078203201294
v -35.896217346191406 216.52725219726562 6.406525135040283
v -3.872321128845215 146.91751098632812 16.840007781982422
v -40.570716857910156 216.35487365722656 9.289340019226074
v -15.410651206970215 137.30233764648438 21.557157516479492
v -17.914752960205078 181.94985961914062 5.20479154586792
v -23.286823272705078 172.76930236816406 7.388401985168457
v -35.10034942626953 217.31983947753906 0.8898078203201294
v -9.625288963317871 134.0037078857422 6.295192718505859
v -23.286823272705078 172.76930236816406 7.388401985168457
v -17.914752960205078 181.94985961914062 5.20479154586792
v 2.2614526748657227 135.1717529296875 19.860305786132812
v -4.444087028503418 131.85279846191406 21.673843383789062
v 15.872783660888672 84.11397552490234 13.972209930419922
v 15.872783660888672 84.11397552490234 13.972209930419922
v -4.444087028503418 131.85279846191406 21.673843383789062
v 5.306258201599121 84.84601593017578 19.78812026977539
v 16.64300537109375 79.81658172607422 3.1227834224700928
v 6.224020004272461 80.14251708984375 -5.308940887451172
v -9.625288963317871 134.0037078857422 6.295192718505859
v -14.279816627502441 135.0261993408203 9.860105514526367
v -15.410651206970215 137.30233764648438 21.557157516479492
v -40.570716857910156 216.35487365722656 9.289340019226074
v -40.570716857910156 216.35487365722656 9.289340019226074
v -23.286823272705078 172.76930236816406 7.388401985168457
v -14.279816627502441 135.0261993408203 9.860105514526367
v -23.286823272705078 172.76930236816406 7.388401985168457
v -9.625288963317871 134.0037078857422 6.295192718505859
v -14.279816627502441 135.0261993408203 9.860105514526367
v -4.444087028503418 131.85279846191406 21.673843383789062
v -15.410651206970215 137.30233764648438 21.557157516479492
v -4.232903480529785 88.62873077392578 12.906620979309082
v -4.444087028503418 131.85279846191406 21.673843383789062
v -4.232903480529785 88.62873077392578 12.906620979309082
v 5.306258201599121 84.84601593017578 19.78812026977539
v 6.224020004272461 80.14251708984375 -5.308940887451172
v -14.279816627502441 135.0261993408203 9.860105514526367
v -9.625288963317871 134.0037078857422 6.295192718505859
v -40.90510177612305 219.4396514892578 5.3122711181640625
v -35.896217346191406 216.52725219726562 6.406525135040283
v -35.10034942626953 217.31983947753906 0.8898078203201294
v -35.896217346191406 216.52725219726562 6.406525135040283
v -40.90510177612305 219.4396514892578 5.3122711181640625
v -40.570716857910156 216.35487365722656 9.289340019226074
v -40.570716857910156 216.35487365722656 9.289340019226074
v -40.90510177612305 219.4396514892578 5.3122711181640625
v -23.286823272705078 172.76930236816406 7.388401985168457
v -15.410651206970215 137.30233764648438 21.557157516479492
v -14.279816627502441 135.0261993408203 9.860105514526367
v -5.639865875244141 85.47065734863281 2.1303932666778564
v -4.232903480529785 88.62873077392578 12.906620979309082
v -15.410651206970215 137.30233764648438 21.557157516479492
v -5.639865875244141 85.47065734863281 2.1303932666778564
v -5.639865875244141 85.47065734863281 2.1303932666778564
v -14.279816627502441 135.0261993408203 9.860105514526367
v 6.224020004272461 80.14251708984375 -5.308940887451172
v 5.306258201599121 84.84601593017578 19.78812026977539
v -4.232903480529785 88.62873077392578 12.906620979309082
v -11.93623161315918 -4.868673801422119 24.969730377197266
v 5.306258201599121 84.84601593017578 19.78812026977539
v -11.93623161315918 -4.868673801422119 24.969730377197266
v 15.872783660888672 84.11397552490234 13.972209930419922
v -40.90510177612305 219.4396514892578 5.3122711181640625
v -35.10034942626953 217.31983947753906 0.8898078203201294
v -23.286823272705078 172.76930236816406 7.388401985168457
v -17.783100128173828 -4.868673801422119 -10.377326011657715
v -5.639865875244141 85.47065734863281 2.1303932666778564
v 6.224020004272461 80.14251708984375 -5.308940887451172
v 15.872783660888672 84.11397552490234 13.972209930419922
v 6.531953811645508 -4.868673801422119 22.45516014099121
v 16.64300537109375 79.81658172607422 3.1227834224700928
v 6.531953811645508 -4.868673801422119 22.45516014099121
v 15.872783660888672 84.11397552490234 13.972209930419922
v -11.93623161315918 -4.868673801422119 24.969730377197266
v -17.783100128173828 -4.868673801422119 -10.377326011657715
v -4.232903480529785 88.62873077392578 12.906620979309082
v -5.639865875244141 85.47065734863281 2.1303932666778564
v -0.9788036346435547 -4.868673801422119 -12.512551307678223
v -17.783100128173828 -4.868673801422119 -10.377326011657715
v 6.224020004272461 80.14251708984375 -5.308940887451172
v 6.224020004272461 80.14251708984375 -5.308940887451172
v 16.64300537109375 79.81658172607422 3.1227834224700928
v -0.9788036346435547 -4.868673801422119 -12.512551307678223
v 16.64300537109375 79.81658172607422 3.1227834224700928
v 6.531953811645508 -4.868673801422119 22.45516014099121
v 13.263879776000977 -4.868673801422119 -1.4264219999313354
v 16.64300537109375 79.81658172607422 3.1227834224700928
v 13.263879776000977 -4.868673801422119 -1.4264219999313354
v -0.9788036346435547 -4.868673801422119 -12.512551307678223
v -4.232903480529785 88.62873077392578 12.906620979309082
v -20.200796127319336 -4.868673801422119 1.3398375511169434
v -11.93623161315918 -4.868673801422119 24.969730377197266
v -17.783100128173828 -4.868673801422119 -10.377326011657715
v -20.200796127319336 -4.868673801422119 1.3398375511169434
v -4.232903480529785 88.62873077392578 12.906620979309082
v -4.619067192077637 146.78248596191406 7.417002201080322
v -3.872321128845215 146.91751098632812 16.840007781982422
v 15.170944213867188 161.8839874267578 15.755024909973145
v -4.619067192077637 146.78248596191406 7.417002201080322
v 15.170944213867188 161.8839874267578 15.755024909973145
v 14.811755180358887 161.6134033203125 8.051563262939453
v 2.8070802688598633 133.1864471435547 10.573152542114258
v -4.619067192077637 146.78248596191406 7.417002201080322
v 14.811755180358887 161.6134033203125 8.051563262939453
v 2.8070802688598633 133.1864471435547 10.573152542114258
v 14.811755180358887 161.6134033203125 8.051563262939453
v 22.335025787353516 155.37265014648438 9.517358779907227
v -3.872321128845215 146.91751098632812 16.840007781982422
v 2.2614526748657227 135.1717529296875 19.860305786132812
v 21.813800811767578 156.39321899414062 17.31243324279785
v -3.872321128845215 146.91751098632812 16.840007781982422
v 21.813800811767578 156.39321899414062 17.31243324279785
v 15.170944213867188 161.8839874267578 15.755024909973145
v 2.2614526748657227 135.1717529296875 19.860305786132812
v 2.8070802688598633 133.1864471435547 10.573152542114258
v 22.335025787353516 155.37265014648438 9.517358779907227
v 2.2614526748657227 135.1717529296875 19.860305786132812
v 22.335025787353516 155.37265014648438 9.517358779907227
v 21.813800811767578 156.39321899414062 17.31243324279785
v 84.35162353515625 248.6628875732422 -8.16322135925293
v 75.42572784423828 273.79803466796875 9.8283052444458
v 79.57649993896484 255.93673706054688 19.989299774169922
v 84.35162353515625 248.6628875732422 -8.16322135925293
v 79.57649993896484 255.93673706054688 19.989299774169922
v 84.63815307617188 240.6524658203125 6.0515031814575195
v 84.35162353515625 248.6628875732422 -8.16322135925293
v 84.63815307617188 240.6524658203125 6.0515031814575195
v 82.44957733154297 237.06593322753906 -15.657927513122559
v 70.38661193847656 194.19345092773438 34.95709991455078
v 71.30716705322266 180.1944122314453 19.771862030029297
v 78.36520385742188 195.7934112548828 11.547128677368164
v 75.42572784423828 273.79803466796875 9.8283052444458
v 76.17111206054688 278.57000732421875 38.572227478027344
v 79.57649993896484 255.93673706054688 19.989299774169922
v 79.57649993896484 255.93673706054688 19.989299774169922
v 76.17111206054688 278.57000732421875 38.572227478027344
v 74.6185302734375 237.95059204101562 42.50515365600586
v 79.57649993896484 255.93673706054688 19.989299774169922
v 74.6185302734375 237.95059204101562 42.50515365600586
v 84.63815307617188 240.6524658203125 6.0515031814575195
v 82.44957733154297 237.06593322753906 -15.657927513122559
v 72.92509460449219 255.84255981445312 -16.186445236206055
v 84.35162353515625 248.6628875732422 -8.16322135925293
v 70.38661193847656 194.19345092773438 34.95709991455078
v 78.36520385742188 195.7934112548828 11.547128677368164
v 73.82501220703125 204.48089599609375 24.415355682373047
v 71.30716705322266 180.1944122314453 19.771862030029297
v 70.21089172363281 191.73941040039062 -0.6230025887489319
v 78.36520385742188 195.7934112548828 11.547128677368164
v 70.38661193847656 194.19345092773438 34.95709991455078
v 65.15963745117188 182.55853271484375 28.46771240234375
v 71.30716705322266 180.1944122314453 19.771862030029297
v 76.17111206054688 278.57000732421875 38.572227478027344
v 66.30125427246094 274.37823486328125 53.180625915527344
v 74.6185302734375 237.95059204101562 42.50515365600586
v 84.35162353515625 248.6628875732422 -8.16322135925293
v 72.92509460449219 255.84255981445312 -16.186445236206055
v 75.42572784423828 273.79803466796875 9.8283052444458
v 82.44957733154297 237.06593322753906 -15.657927513122559
v 70.15873718261719 249.3599395751953 -34.655555725097656
v 72.92509460449219 255.84255981445312 -16.186445236206055
v 74.62930297851562 203.0475616455078 10.721835136413574
v 69.75234985351562 208.949951171875 14.788492202758789
v 73.82501220703125 204.48089599609375 24.415355682373047
v 74.62930297851562 203.0475616455078 10.721835136413574
v 73.82501220703125 204.48089599609375 24.415355682373047
v 78.36520385742188 195.7934112548828 11.547128677368164
v 78.36520385742188 195.7934112548828 11.547128677368164
v 70.21089172363281 191.73941040039062 -0.6230025887489319
v 74.62930297851562 203.0475616455078 10.721835136413574
v 76.17111206054688 278.57000732421875 38.572227478027344
v 75.42572784423828 273.79803466796875 9.8283052444458
v 60.45085144042969 280.8817138671875 12.228768348693848
v 76.17111206054688 278.57000732421875 38.572227478027344
v 58.51820755004883 281.6876220703125 57.02821350097656
v 66.30125427246094 274.37823486328125 53.180625915527344
v 72.92509460449219 255.84255981445312 -16.186445236206055
v 71.46485900878906 267.14093017578125 -9.278631210327148
v 75.42572784423828 273.79803466796875 9.8283052444458
v 70.8268814086914 263.400146484375 -42.7572021484375
v 72.92509460449219 255.84255981445312 -16.186445236206055
v 70.15873718261719 249.3599395751953 -34.655555725097656
v 75.84326171875 230.54885864257812 -30.717796325683594
v 70.15873718261719 249.3599395751953 -34.655555725097656
v 82.44957733154297 237.06593322753906 -15.657927513122559
v 84.63815307617188 240.6524658203125 6.0515031814575195
v 74.6185302734375 237.95059204101562 42.50515365600586
v 60.85172653198242 215.4665069580078 34.40716552734375
v 73.82501220703125 204.48089599609375 24.415355682373047
v 58.38132095336914 206.04774475097656 45.26769256591797
v 70.38661193847656 194.19345092773438 34.95709991455078
v 75.42572784423828 273.79803466796875 9.8283052444458
v 71.46485900878906 267.14093017578125 -9.278631210327148
v 60.45085144042969 280.8817138671875 12.228768348693848
v 66.81968688964844 270.38250732421875 -38.268592834472656
v 71.46485900878906 267.14093017578125 -9.278631210327148
v 70.8268814086914 263.400146484375 -42.7572021484375
v 72.92509460449219 255.84255981445312 -16.186445236206055
v 70.8268814086914 263.400146484375 -42.7572021484375
v 71.46485900878906 267.14093017578125 -9.278631210327148
v 74.6185302734375 237.95059204101562 42.50515365600586
v 66.30125427246094 274.37823486328125 53.180625915527344
v 54.23439025878906 252.5554656982422 63.28373718261719
v 54.23439025878906 252.5554656982422 63.28373718261719
v 43.18532180786133 210.2336883544922 53.4251708984375
v 74.6185302734375 237.95059204101562 42.50515365600586
v 82.44957733154297 237.06593322753906 -15.657927513122559
v 54.06095886230469 200.98585510253906 -13.792184829711914
v 70.88956451416016 223.47767639160156 -34.35146713256836
v 75.84326171875 230.54885864257812 -30.717796325683594
v 82.44957733154297 237.06593322753906 -15.657927513122559
v 70.88956451416016 223.47767639160156 -34.35146713256836
v 70.88956451416016 223.47767639160156 -34.35146713256836
v 66.75557708740234 226.63050842285156 -41.529808044433594
v 75.84326171875 230.54885864257812 -30.717796325683594
v 82.44957733154297 237.06593322753906 -15.657927513122559
v 60.557823181152344 208.84413146972656 -2.1354212760925293
v 54.06095886230469 200.98585510253906 -13.792184829711914
v 73.82501220703125 204.48089599609375 24.415355682373047
v 69.75234985351562 208.949951171875 14.788492202758789
v 60.12678527832031 211.5445098876953 33.03748321533203
v 69.75234985351562 208.949951171875 14.788492202758789
v 74.62930297851562 203.0475616455078 10.721835136413574
v 62.827545166015625 212.17437744140625 12.512420654296875
v 71.30716705322266 180.1944122314453 19.771862030029297
v 49.21720504760742 181.44419860839844 2.414241313934326
v 70.21089172363281 191.73941040039062 -0.6230025887489319
v 58.35202407836914 285.4999694824219 46.40837478637695
v 58.51820755004883 281.6876220703125 57.02821350097656
v 76.17111206054688 278.57000732421875 38.572227478027344
v 70.15873718261719 249.3599395751953 -34.655555725097656
v 64.10282135009766 248.37307739257812 -45.770484924316406
v 70.8268814086914 263.400146484375 -42.7572021484375
v 70.15873718261719 249.3599395751953 -34.655555725097656
v 75.84326171875 230.54885864257812 -30.717796325683594
v 64.10282135009766 248.37307739257812 -45.770484924316406
v 75.84326171875 230.54885864257812 -30.717796325683594
v 66.75557708740234 226.63050842285156 -41.529808044433594
v 64.10282135009766 248.37307739257812 -45.770484924316406
v 60.85172653198242 215.4665069580078 34.40716552734375
v 74.6185302734375 237.95059204101562 42.50515365600586
v 43.18532180786133 210.2336883544922 53.4251708984375
v 84.63815307617188 240.6524658203125 6.0515031814575195
v 60.85172653198242 215.4665069580078 34.40716552734375
v 62.827545166015625 212.17437744140625 12.512420654296875
v 62.827545166015625 212.17437744140625 12.512420654296875
v 82.44957733154297 237.06593322753906 -15.657927513122559
v 84.63815307617188 240.6524658203125 6.0515031814575195
v 82.44957733154297 237.06593322753906 -15.657927513122559
v 62.827545166015625 212.17437744140625 12.512420654296875
v 60.557823181152344 208.84413146972656 -2.1354212760925293
v 60.12678527832031 211.5445098876953 33.03748321533203
v 69.75234985351562 208.949951171875 14.788492202758789
v 60.85172653198242 215.4665069580078 34.40716552734375
v 69.75234985351562 208.949951171875 14.788492202758789
v 62.827545166015625 212.17437744140625 12.512420654296875
v 60.85172653198242 215.4665069580078 34.40716552734375
v 73.82501220703125 204.48089599609375 24.415355682373047
v 60.12678527832031 211.5445098876953 33.03748321533203
v 58.38132095336914 206.04774475097656 45.26769256591797
v 62.827545166015625 212.17437744140625 12.512420654296875
v 74.62930297851562 203.0475616455078 10.721835136413574
v 60.08404541015625 204.4408416748047 4.215078353881836
v 74.62930297851562 203.0475616455078 10.721835136413574
v 70.21089172363281 191.73941040039062 -0.6230025887489319
v 60.08404541015625 204.4408416748047 4.215078353881836
v 70.38661193847656 194.19345092773438 34.95709991455078
v 58.38132095336914 206.04774475097656 45.26769256591797
v 58.32978820800781 197.3723907470703 46.31868362426758
v 49.609840393066406 183.85491943359375 45.44275665283203
v 70.38661193847656 194.19345092773438 34.95709991455078
v 58.32978820800781 197.3723907470703 46.31868362426758
v 70.38661193847656 194.19345092773438 34.95709991455078
v 49.609840393066406 183.85491943359375 45.44275665283203
v 65.15963745117188 182.55853271484375 28.46771240234375
v 76.17111206054688 278.57000732421875 38.572227478027344
v 60.45085144042969 280.8817138671875 12.228768348693848
v 58.35202407836914 285.4999694824219 46.40837478637695
v 71.46485900878906 267.14093017578125 -9.278631210327148
v 66.81968688964844 270.38250732421875 -38.268592834472656
v 50.99599075317383 284.8759765625 -24.831430435180664
v 66.30125427246094 274.37823486328125 53.180625915527344
v 58.51820755004883 281.6876220703125 57.02821350097656
v 54.23439025878906 252.5554656982422 63.28373718261719
v 70.8268814086914 263.400146484375 -42.7572021484375
v 64.10282135009766 248.37307739257812 -45.770484924316406
v 60.51142883300781 262.8197937011719 -52.41266632080078
v 60.85172653198242 215.4665069580078 34.40716552734375
v 43.18532180786133 210.2336883544922 53.4251708984375
v 60.12678527832031 211.5445098876953 33.03748321533203
v 60.557823181152344 208.84413146972656 -2.1354212760925293
v 62.827545166015625 212.17437744140625 12.512420654296875
v 60.52610778808594 208.4632568359375 5.86298942565918
v 62.827545166015625 212.17437744140625 12.512420654296875
v 60.08404541015625 204.4408416748047 4.215078353881836
v 60.52610778808594 208.4632568359375 5.86298942565918
v 70.21089172363281 191.73941040039062 -0.6230025887489319
v 57.866416931152344 193.67005920410156 -4.043672561645508
v 60.08404541015625 204.4408416748047 4.215078353881836
v 70.21089172363281 191.73941040039062 -0.6230025887489319
v 55.99155807495117 185.84652709960938 -0.4082394242286682
v 57.866416931152344 193.67005920410156 -4.043672561645508
v 51.61322021484375 177.26370239257812 7.621513843536377
v 49.21720504760742 181.44419860839844 2.414241313934326
v 71.30716705322266 180.1944122314453 19.771862030029297
v 43.9787712097168 180.3976593017578 29.350337982177734
v 71.30716705322266 180.1944122314453 19.771862030029297
v 65.15963745117188 182.55853271484375 28.46771240234375
v 58.51820755004883 281.6876220703125 57.02821350097656
v 58.35202407836914 285.4999694824219 46.40837478637695
v 46.67048645019531 293.3546447753906 57.387413024902344
v 58.35202407836914 285.4999694824219 46.40837478637695
v 60.45085144042969 280.8817138671875 12.228768348693848
v 46.67048645019531 293.3546447753906 57.387413024902344
v 66.81968688964844 270.38250732421875 -38.268592834472656
v 70.8268814086914 263.400146484375 -42.7572021484375
v 56.23708724975586 269.6137390136719 -49.39527130126953
v 70.8268814086914 263.400146484375 -42.7572021484375
v 60.51142883300781 262.8197937011719 -52.41266632080078
v 56.23708724975586 269.6137390136719 -49.39527130126953
v 46.52969741821289 207.9267120361328 51.680877685546875
v 58.38132095336914 206.04774475097656 45.26769256591797
v 43.18532180786133 210.2336883544922 53.4251708984375
v 58.38132095336914 206.04774475097656 45.26769256591797
v 60.12678527832031 211.5445098876953 33.03748321533203
v 43.18532180786133 210.2336883544922 53.4251708984375
v 60.52610778808594 208.4632568359375 5.86298942565918
v 60.08404541015625 204.4408416748047 4.215078353881836
v 57.578765869140625 205.10269165039062 1.1080970764160156
v 60.557823181152344 208.84413146972656 -2.1354212760925293
v 60.52610778808594 208.4632568359375 5.86298942565918
v 57.578765869140625 205.10269165039062 1.1080970764160156
v 54.06095886230469 200.98585510253906 -13.792184829711914
v 60.557823181152344 208.84413146972656 -2.1354212760925293
v 57.578765869140625 205.10269165039062 1.1080970764160156
v 57.578765869140625 205.10269165039062 1.1080970764160156
v 54.67174530029297 201.27342224121094 -6.534377098083496
v 54.06095886230469 200.98585510253906 -13.792184829711914
v 60.08404541015625 204.4408416748047 4.215078353881836
v 57.866416931152344 193.67005920410156 -4.043672561645508
v 57.578765869140625 205.10269165039062 1.1080970764160156
v 58.38132095336914 206.04774475097656 45.26769256591797
v 46.52969741821289 207.9267120361328 51.680877685546875
v 33.17752456665039 197.11642456054688 59.253387451171875
v 58.38132095336914 206.04774475097656 45.26769256591797
v 33.17752456665039 197.11642456054688 59.253387451171875
v 58.32978820800781 197.3723907470703 46.31868362426758
v 70.21089172363281 191.73941040039062 -0.6230025887489319
v 49.21720504760742 181.44419860839844 2.414241313934326
v 55.99155807495117 185.84652709960938 -0.4082394242286682
v 55.99155807495117 185.84652709960938 -0.4082394242286682
v 55.42982482910156 184.54605102539062 -6.471626281738281
v 57.866416931152344 193.67005920410156 -4.043672561645508
v 55.905338287353516 179.7367706298828 -10.806395530700684
v 57.866416931152344 193.67005920410156 -4.043672561645508
v 55.42982482910156 184.54605102539062 -6.471626281738281
v 43.9787712097168 180.3976593017578 29.350337982177734
v 51.61322021484375 177.26370239257812 7.621513843536377
v 71.30716705322266 180.1944122314453 19.771862030029297
v 46.67048645019531 293.3546447753906 57.387413024902344
v 60.45085144042969 280.8817138671875 12.228768348693848
v 44.059165954589844 298.5777893066406 19.63924217224121
v 60.45085144042969 280.8817138671875 12.228768348693848
v 46.58024215698242 291.76776123046875 0.9758698344230652
v 44.059165954589844 298.5777893066406 19.63924217224121
v 60.45085144042969 280.8817138671875 12.228768348693848
v 71.46485900878906 267.14093017578125 -9.278631210327148
v 50.99599075317383 284.8759765625 -24.831430435180664
v 40.683448791503906 279.15594482421875 -36.14316177368164
v 50.99599075317383 284.8759765625 -24.831430435180664
v 66.81968688964844 270.38250732421875 -38.268592834472656
v 54.23439025878906 252.5554656982422 63.28373718261719
v 58.51820755004883 281.6876220703125 57.02821350097656
v 33.69472122192383 252.4482421875 76.07742309570312
v 54.23439025878906 252.5554656982422 63.28373718261719
v 38.23843765258789 234.33847045898438 77.62569427490234
v 43.18532180786133 210.2336883544922 53.4251708984375
v 54.06095886230469 200.98585510253906 -13.792184829711914
v 53.64081954956055 204.650146484375 -17.485797882080078
v 70.88956451416016 223.47767639160156 -34.35146713256836
v 57.578765869140625 205.10269165039062 1.1080970764160156
v 57.866416931152344 193.67005920410156 -4.043672561645508
v 54.75493240356445 190.03530883789062 -6.519750595092773
v 57.578765869140625 205.10269165039062 1.1080970764160156
v 54.75493240356445 190.03530883789062 -6.519750595092773
v 54.67174530029297 201.27342224121094 -6.534377098083496
v 54.06095886230469 200.98585510253906 -13.792184829711914
v 54.67174530029297 201.27342224121094 -6.534377098083496
v 54.75493240356445 190.03530883789062 -6.519750595092773
v 54.06095886230469 200.98585510253906 -13.792184829711914
v 54.75493240356445 190.03530883789062 -6.519750595092773
v 56.153778076171875 196.51284790039062 -14.395729064941406
v 56.153778076171875 196.51284790039062 -14.395729064941406
v 56.66075897216797 196.2296142578125 -17.696773529052734
v 54.06095886230469 200.98585510253906 -13.792184829711914
v 56.153778076171875 196.51284790039062 -14.395729064941406
v 54.75493240356445 190.03530883789062 -6.519750595092773
v 56.66075897216797 196.2296142578125 -17.696773529052734
v 56.66075897216797 196.2296142578125 -17.696773529052734
v 54.75493240356445 190.03530883789062 -6.519750595092773
v 56.08793640136719 186.27740478515625 -27.975238800048828
v 57.866416931152344 193.67005920410156 -4.043672561645508
v 55.905338287353516 179.7367706298828 -10.806395530700684
v 54.75493240356445 190.03530883789062 -6.519750595092773
v 55.905338287353516 179.7367706298828 -10.806395530700684
v 56.08793640136719 186.27740478515625 -27.975238800048828
v 54.75493240356445 190.03530883789062 -6.519750595092773
v 33.17752456665039 197.11642456054688 59.253387451171875
v 49.609840393066406 183.85491943359375 45.44275665283203
v 58.32978820800781 197.3723907470703 46.31868362426758
v 55.42982482910156 184.54605102539062 -6.471626281738281
v 55.99155807495117 185.84652709960938 -0.4082394242286682
v 49.21720504760742 181.44419860839844 2.414241313934326
v 55.905338287353516 179.7367706298828 -10.806395530700684
v 52.584190368652344 176.4171600341797 -27.080272674560547
v 56.08793640136719 186.27740478515625 -27.975238800048828
v 60.45085144042969 280.8817138671875 12.228768348693848
v 50.99599075317383 284.8759765625 -24.831430435180664
v 46.58024215698242 291.76776123046875 0.9758698344230652
v 54.23439025878906 252.5554656982422 63.28373718261719
v 33.69472122192383 252.4482421875 76.07742309570312
v 38.23843765258789 234.33847045898438 77.62569427490234
v 53.64081954956055 204.650146484375 -17.485797882080078
v 54.06095886230469 200.98585510253906 -13.792184829711914
v 50.63853454589844 200.51568603515625 -20.734018325805664
v 54.06095886230469 200.98585510253906 -13.792184829711914
v 56.66075897216797 196.2296142578125 -17.696773529052734
v 50.63853454589844 200.51568603515625 -20.734018325805664
v 56.66075897216797 196.2296142578125 -17.696773529052734
v 51.241458892822266 196.48448181152344 -24.716768264770508
v 50.63853454589844 200.51568603515625 -20.734018325805664
v 56.08793640136719 186.27740478515625 -27.975238800048828
v 51.241458892822266 196.48448181152344 -24.716768264770508
v 56.66075897216797 196.2296142578125 -17.696773529052734
v 51.241458892822266 196.48448181152344 -24.716768264770508
v 56.08793640136719 186.27740478515625 -27.975238800048828
v 43.53392028808594 197.19070434570312 -36.33885955810547
v 41.38597106933594 179.15811157226562 41.78185272216797
v 65.15963745117188 182.55853271484375 28.46771240234375
v 49.609840393066406 183.85491943359375 45.44275665283203
v 46.67048645019531 293.3546447753906 57.387413024902344
v 44.059165954589844 298.5777893066406 19.63924217224121
v 35.789215087890625 304.1622009277344 45.177093505859375
v 46.67048645019531 293.3546447753906 57.387413024902344
v 38.28018569946289 279.0538635253906 66.44139099121094
v 58.51820755004883 281.6876220703125 57.02821350097656
v 40.683448791503906 279.15594482421875 -36.14316177368164
v 66.81968688964844 270.38250732421875 -38.268592834472656
v 56.23708724975586 269.6137390136719 -49.39527130126953
v 37.716346740722656 248.7432098388672 -59.92957305908203
v 60.51142883300781 262.8197937011719 -52.41266632080078
v 64.10282135009766 248.37307739257812 -45.770484924316406
v 70.88956451416016 223.47767639160156 -34.35146713256836
v 40.733062744140625 208.97332763671875 -35.844749450683594
v 66.75557708740234 226.63050842285156 -41.529808044433594
v 51.241458892822266 196.48448181152344 -24.716768264770508
v 43.53392028808594 197.19070434570312 -36.33885955810547
v 41.18101119995117 200.41188049316406 -33.33106231689453
v 56.08793640136719 186.27740478515625 -27.975238800048828
v 44.853172302246094 183.49530029296875 -39.197906494140625
v 43.53392028808594 197.19070434570312 -36.33885955810547
v 56.08793640136719 186.27740478515625 -27.975238800048828
v 52.584190368652344 176.4171600341797 -27.080272674560547
v 44.853172302246094 183.49530029296875 -39.197906494140625
v 49.21720504760742 181.44419860839844 2.414241313934326
v 46.20259475708008 173.42604064941406 -6.923158168792725
v 55.42982482910156 184.54605102539062 -6.471626281738281
v 46.20259475708008 173.42604064941406 -6.923158168792725
v 55.905338287353516 179.7367706298828 -10.806395530700684
v 55.42982482910156 184.54605102539062 -6.471626281738281
v 31.954708099365234 181.42320251464844 7.170178413391113
v 49.21720504760742 181.44419860839844 2.414241313934326
v 51.61322021484375 177.26370239257812 7.621513843536377
v 52.584190368652344 176.4171600341797 -27.080272674560547
v 55.905338287353516 179.7367706298828 -10.806395530700684
v 46.20259475708008 173.42604064941406 -6.923158168792725
v 52.584190368652344 176.4171600341797 -27.080272674560547
v 46.20259475708008 173.42604064941406 -6.923158168792725
v 40.584716796875 170.5395050048828 -25.29079818725586
v 41.38597106933594 179.15811157226562 41.78185272216797
v 43.9787712097168 180.3976593017578 29.350337982177734
v 65.15963745117188 182.55853271484375 28.46771240234375
v 33.699676513671875 304.28216552734375 27.779804229736328
v 44.059165954589844 298.5777893066406 19.63924217224121
v 46.58024215698242 291.76776123046875 0.9758698344230652
v 50.99599075317383 284.8759765625 -24.831430435180664
v 36.637603759765625 295.92279052734375 -29.22477149963379
v 46.58024215698242 291.76776123046875 0.9758698344230652
v 40.683448791503906 279.15594482421875 -36.14316177368164
v 36.637603759765625 295.92279052734375 -29.22477149963379
v 50.99599075317383 284.8759765625 -24.831430435180664
v 58.51820755004883 281.6876220703125 57.02821350097656
v 38.28018569946289 279.0538635253906 66.44139099121094
v 33.69472122192383 252.4482421875 76.07742309570312
v 24.320194244384766 251.76416015625 -63.51792526245117
v 60.51142883300781 262.8197937011719 -52.41266632080078
v 37.716346740722656 248.7432098388672 -59.92957305908203
v 43.18532180786133 210.2336883544922 53.4251708984375
v 38.23843765258789 234.33847045898438 77.62569427490234
v 39.83233642578125 206.82945251464844 54.05052185058594
v 39.83233642578125 206.82945251464844 54.05052185058594
v 46.52969741821289 207.9267120361328 51.680877685546875
v 43.18532180786133 210.2336883544922 53.4251708984375
v 53.64081954956055 204.650146484375 -17.485797882080078
v 40.733062744140625 208.97332763671875 -35.844749450683594
v 70.88956451416016 223.47767639160156 -34.35146713256836
v 51.241458892822266 196.48448181152344 -24.716768264770508
v 41.18101119995117 200.41188049316406 -33.33106231689453
v 50.63853454589844 200.51568603515625 -20.734018325805664
v 33.17752456665039 197.11642456054688 59.253387451171875
v 41.38597106933594 179.15811157226562 41.78185272216797
v 49.609840393066406 183.85491943359375 45.44275665283203
v 44.853172302246094 183.49530029296875 -39.197906494140625
v 52.584190368652344 176.4171600341797 -27.080272674560547
v 40.584716796875 170.5395050048828 -25.29079818725586
v 35.789215087890625 304.1622009277344 45.177093505859375
v 44.059165954589844 298.5777893066406 19.63924217224121
v 33.699676513671875 304.28216552734375 27.779804229736328
v 46.67048645019531 293.3546447753906 57.387413024902344
v 31.00994110107422 291.0252990722656 64.24974822998047
v 38.28018569946289 279.0538635253906 66.44139099121094
v 38.23843765258789 234.33847045898438 77.62569427490234
v 33.69472122192383 252.4482421875 76.07742309570312
v 16.528230667114258 244.6798858642578 89.0970458984375
v 38.23843765258789 234.33847045898438 77.62569427490234
v 25.132844924926758 212.42605590820312 64.7224349975586
v 39.83233642578125 206.82945251464844 54.05052185058594
v 40.733062744140625 208.97332763671875 -35.844749450683594
v 53.64081954956055 204.650146484375 -17.485797882080078
v 40.900856018066406 204.75479125976562 -31.71710968017578
v 53.64081954956055 204.650146484375 -17.485797882080078
v 50.63853454589844 200.51568603515625 -20.734018325805664
v 41.18101119995117 200.41188049316406 -33.33106231689453
v 53.64081954956055 204.650146484375 -17.485797882080078
v 41.18101119995117 200.41188049316406 -33.33106231689453
v 40.900856018066406 204.75479125976562 -31.71710968017578
v 46.52969741821289 207.9267120361328 51.680877685546875
v 39.83233642578125 206.82945251464844 54.05052185058594
v 33.17752456665039 197.11642456054688 59.253387451171875
v 46.20259475708008 173.42604064941406 -6.923158168792725
v 49.21720504760742 181.44419860839844 2.414241313934326
v 31.954708099365234 181.42320251464844 7.170178413391113
v 43.9787712097168 180.3976593017578 29.350337982177734
v 31.954708099365234 181.42320251464844 7.170178413391113
v 51.61322021484375 177.26370239257812 7.621513843536377
v 46.58024215698242 291.76776123046875 0.9758698344230652
v 21.934520721435547 304.4430236816406 24.329490661621094
v 33.699676513671875 304.28216552734375 27.779804229736328
v 35.789215087890625 304.1622009277344 45.177093505859375
v 12.707598686218262 300.1286926269531 51.79283142089844
v 46.67048645019531 293.3546447753906 57.387413024902344
v 46.67048645019531 293.3546447753906 57.387413024902344
v 12.707598686218262 300.1286926269531 51.79283142089844
v 31.00994110107422 291.0252990722656 64.24974822998047
v 19.51162338256836 265.502685546875 -51.19055938720703
v 40.683448791503906 279.15594482421875 -36.14316177368164
v 56.23708724975586 269.6137390136719 -49.39527130126953
v 60.51142883300781 262.8197937011719 -52.41266632080078
v 19.51162338256836 265.502685546875 -51.19055938720703
v 56.23708724975586 269.6137390136719 -49.39527130126953
v 24.320194244384766 251.76416015625 -63.51792526245117
v 19.51162338256836 265.502685546875 -51.19055938720703
v 60.51142883300781 262.8197937011719 -52.41266632080078
v 9.388988494873047 234.5790557861328 -75.0254898071289
v 66.75557708740234 226.63050842285156 -41.529808044433594
v 40.733062744140625 208.97332763671875 -35.844749450683594
v 40.900856018066406 204.75479125976562 -31.71710968017578
v 33.54067611694336 205.41294860839844 -35.79682540893555
v 40.733062744140625 208.97332763671875 -35.844749450683594
v 40.584716796875 170.5395050048828 -25.29079818725586
v 25.87030029296875 170.76011657714844 -30.81241226196289
v 44.853172302246094 183.49530029296875 -39.197906494140625
v 11.573233604431152 306.0329284667969 32.2263298034668
v 35.789215087890625 304.1622009277344 45.177093505859375
v 33.699676513671875 304.28216552734375 27.779804229736328
v 21.934520721435547 304.4430236816406 24.329490661621094
v 11.573233604431152 306.0329284667969 32.2263298034668
v 33.699676513671875 304.28216552734375 27.779804229736328
v 12.707598686218262 300.1286926269531 51.79283142089844
v 35.789215087890625 304.1622009277344 45.177093505859375
v 11.573233604431152 306.0329284667969 32.2263298034668
v 38.28018569946289 279.0538635253906 66.44139099121094
v 31.00994110107422 291.0252990722656 64.24974822998047
v 14.64780044555664 284.2580871582031 65.29120635986328
v 38.28018569946289 279.0538635253906 66.44139099121094
v 14.64780044555664 284.2580871582031 65.29120635986328
v 33.69472122192383 252.4482421875 76.07742309570312
v 13.35573673248291 248.50245666503906 88.66673278808594
v 33.69472122192383 252.4482421875 76.07742309570312
v 14.64780044555664 284.2580871582031 65.29120635986328
v 27.022071838378906 238.2248992919922 84.97390747070312
v 38.23843765258789 234.33847045898438 77.62569427490234
v 16.528230667114258 244.6798858642578 89.0970458984375
v 33.54067611694336 205.41294860839844 -35.79682540893555
v 40.900856018066406 204.75479125976562 -31.71710968017578
v 41.18101119995117 200.41188049316406 -33.33106231689453
v 33.54067611694336 205.41294860839844 -35.79682540893555
v 41.18101119995117 200.41188049316406 -33.33106231689453
v 26.35268783569336 201.0761260986328 -38.20858383178711
v 26.35268783569336 201.0761260986328 -38.20858383178711
v 41.18101119995117 200.41188049316406 -33.33106231689453
v 43.53392028808594 197.19070434570312 -36.33885955810547
v 26.35268783569336 201.0761260986328 -38.20858383178711
v 43.53392028808594 197.19070434570312 -36.33885955810547
v 44.853172302246094 183.49530029296875 -39.197906494140625
v 33.17752456665039 197.11642456054688 59.253387451171875
v 24.655040740966797 182.4960174560547 41.428466796875
v 41.38597106933594 179.15811157226562 41.78185272216797
v 36.637603759765625 295.92279052734375 -29.22477149963379
v 40.683448791503906 279.15594482421875 -36.14316177368164
v 26.453895568847656 292.3445739746094 -35.402950286865234
v 33.69472122192383 252.4482421875 76.07742309570312
v 13.35573673248291 248.50245666503906 88.66673278808594
v 16.528230667114258 244.6798858642578 89.0970458984375
v 37.716346740722656 248.7432098388672 -59.92957305908203
v 64.10282135009766 248.37307739257812 -45.770484924316406
v 16.852113723754883 240.73585510253906 -72.51277160644531
v 64.10282135009766 248.37307739257812 -45.770484924316406
v 66.75557708740234 226.63050842285156 -41.529808044433594
v 16.852113723754883 240.73585510253906 -72.51277160644531
v 27.022071838378906 238.2248992919922 84.97390747070312
v 25.132844924926758 212.42605590820312 64.7224349975586
v 38.23843765258789 234.33847045898438 77.62569427490234
v 39.83233642578125 206.82945251464844 54.05052185058594
v 23.365888595581055 199.7158203125 52.22441101074219
v 33.17752456665039 197.11642456054688 59.253387451171875
v 27.972103118896484 184.201416015625 5.992278099060059
v 31.954708099365234 181.42320251464844 7.170178413391113
v 43.9787712097168 180.3976593017578 29.350337982177734
v 25.87030029296875 170.76011657714844 -30.81241226196289
v 40.584716796875 170.5395050048828 -25.29079818725586
v 46.20259475708008 173.42604064941406 -6.923158168792725
v 46.58024215698242 291.76776123046875 0.9758698344230652
v 36.637603759765625 295.92279052734375 -29.22477149963379
v 6.54945182800293 303.0221252441406 -15.754437446594238
v 7.565357208251953 278.8779602050781 72.02104949951172
v 13.35573673248291 248.50245666503906 88.66673278808594
v 14.64780044555664 284.2580871582031 65.29120635986328
v 16.852113723754883 240.73585510253906 -72.51277160644531
v 66.75557708740234 226.63050842285156 -41.529808044433594
v 9.388988494873047 234.5790557861328 -75.0254898071289
v 40.733062744140625 208.97332763671875 -35.844749450683594
v 33.54067611694336 205.41294860839844 -35.79682540893555
v 23.314849853515625 205.41021728515625 -40.018043518066406
v 25.132844924926758 212.42605590820312 64.7224349975586
v 23.365888595581055 199.7158203125 52.22441101074219
v 39.83233642578125 206.82945251464844 54.05052185058594
v 33.54067611694336 205.41294860839844 -35.79682540893555
v 26.35268783569336 201.0761260986328 -38.20858383178711
v 23.314849853515625 205.41021728515625 -40.018043518066406
v 19.819711685180664 190.31466674804688 -40.49641036987305
v 26.35268783569336 201.0761260986328 -38.20858383178711
v 44.853172302246094 183.49530029296875 -39.197906494140625
v 15.968419075012207 196.40538024902344 46.897090911865234
v 24.655040740966797 182.4960174560547 41.428466796875
v 33.17752456665039 197.11642456054688 59.253387451171875
v 19.819711685180664 190.31466674804688 -40.49641036987305
v 44.853172302246094 183.49530029296875 -39.197906494140625
v 22.692852020263672 175.77200317382812 -36.94658279418945
v 41.38597106933594 179.15811157226562 41.78185272216797
v 17.045862197875977 185.3700408935547 16.494583129882812
v 27.972103118896484 184.201416015625 5.992278099060059
v 41.38597106933594 179.15811157226562 41.78185272216797
v 27.972103118896484 184.201416015625 5.992278099060059
v 43.9787712097168 180.3976593017578 29.350337982177734
v 31.954708099365234 181.42320251464844 7.170178413391113
v 27.972103118896484 184.201416015625 5.992278099060059
v 46.20259475708008 173.42604064941406 -6.923158168792725
v 25.87030029296875 170.76011657714844 -30.81241226196289
v 22.692852020263672 175.77200317382812 -36.94658279418945
v 44.853172302246094 183.49530029296875 -39.197906494140625
v 14.64780044555664 284.2580871582031 65.29120635986328
v 31.00994110107422 291.0252990722656 64.24974822998047
v 12.707598686218262 300.1286926269531 51.79283142089844
v 25.132844924926758 212.42605590820312 64.7224349975586
v 15.968419075012207 196.40538024902344 46.897090911865234
v 23.365888595581055 199.7158203125 52.22441101074219
v 33.17752456665039 197.11642456054688 59.253387451171875
v 23.365888595581055 199.7158203125 52.22441101074219
v 15.968419075012207 196.40538024902344 46.897090911865234
v 17.045862197875977 185.3700408935547 16.494583129882812
v 20.541187286376953 186.97113037109375 5.786264896392822
v 27.972103118896484 184.201416015625 5.992278099060059
v 24.655040740966797 182.4960174560547 41.428466796875
v 17.045862197875977 185.3700408935547 16.494583129882812
v 41.38597106933594 179.15811157226562 41.78185272216797
v 27.972103118896484 184.201416015625 5.992278099060059
v 13.90916919708252 181.85215759277344 -4.512312412261963
v 46.20259475708008 173.42604064941406 -6.923158168792725
v 46.20259475708008 173.42604064941406 -6.923158168792725
v 13.90916919708252 181.85215759277344 -4.512312412261963
v 25.87030029296875 170.76011657714844 -30.81241226196289
v 6.54945182800293 303.0221252441406 -15.754437446594238
v 21.934520721435547 304.4430236816406 24.329490661621094
v 46.58024215698242 291.76776123046875 0.9758698344230652
v 19.51162338256836 265.502685546875 -51.19055938720703
v 26.453895568847656 292.3445739746094 -35.402950286865234
v 40.683448791503906 279.15594482421875 -36.14316177368164
v 24.320194244384766 251.76416015625 -63.51792526245117
v 16.852113723754883 240.73585510253906 -72.51277160644531
v -5.890536308288574 273.3913879394531 -66.0428466796875
v 16.528230667114258 244.6798858642578 89.0970458984375
v 13.35573673248291 248.50245666503906 88.66673278808594
v 4.999811172485352 241.12310791015625 90.05864715576172
v 16.852113723754883 240.73585510253906 -72.51277160644531
v 24.320194244384766 251.76416015625 -63.51792526245117
v 37.716346740722656 248.7432098388672 -59.92957305908203
v 16.528230667114258 244.6798858642578 89.0970458984375
v 4.999811172485352 241.12310791015625 90.05864715576172
v -9.263343811035156 231.22532653808594 87.17622375488281
v 27.022071838378906 238.2248992919922 84.97390747070312
v 16.528230667114258 244.6798858642578 89.0970458984375
v -9.263343811035156 231.22532653808594 87.17622375488281
v 40.733062744140625 208.97332763671875 -35.844749450683594
v 23.314849853515625 205.41021728515625 -40.018043518066406
v 9.388988494873047 234.5790557861328 -75.0254898071289
v 19.819711685180664 190.31466674804688 -40.49641036987305
v 5.148435592651367 199.1757049560547 -34.399723052978516
v 26.35268783569336 201.0761260986328 -38.20858383178711
v 12.914106369018555 196.30471801757812 42.91705322265625
v 24.655040740966797 182.4960174560547 41.428466796875
v 15.968419075012207 196.40538024902344 46.897090911865234
v 24.655040740966797 182.4960174560547 41.428466796875
v 12.914106369018555 196.30471801757812 42.91705322265625
v 17.045862197875977 185.3700408935547 16.494583129882812
v 27.972103118896484 184.201416015625 5.992278099060059
v 20.541187286376953 186.97113037109375 5.786264896392822
v 13.90916919708252 181.85215759277344 -4.512312412261963
v 21.934520721435547 304.4430236816406 24.329490661621094
v 9.687972068786621 311.31976318359375 7.377040386199951
v 0.8053722381591797 313.3111267089844 28.874187469482422
v 26.453895568847656 292.3445739746094 -35.402950286865234
v -7.507102966308594 307.4478454589844 -15.757440567016602
v 36.637603759765625 295.92279052734375 -29.22477149963379
v 27.022071838378906 238.2248992919922 84.97390747070312
v -9.263343811035156 231.22532653808594 87.17622375488281
v 25.132844924926758 212.42605590820312 64.7224349975586
v 9.388988494873047 234.5790557861328 -75.0254898071289
v 23.314849853515625 205.41021728515625 -40.018043518066406
v -4.304350852966309 227.36480712890625 -73.88127899169922
v 26.35268783569336 201.0761260986328 -38.20858383178711
v 5.148435592651367 199.1757049560547 -34.399723052978516
v 23.314849853515625 205.41021728515625 -40.018043518066406
v 0.8053722381591797 313.3111267089844 28.874187469482422
v -2.9052858352661133 308.9797058105469 39.22343444824219
v 11.573233604431152 306.0329284667969 32.2263298034668
v 0.8053722381591797 313.3111267089844 28.874187469482422
v 11.573233604431152 306.0329284667969 32.2263298034668
v 21.934520721435547 304.4430236816406 24.329490661621094
v 21.934520721435547 304.4430236816406 24.329490661621094
v 6.54945182800293 303.0221252441406 -15.754437446594238
v 9.687972068786621 311.31976318359375 7.377040386199951
v 11.573233604431152 306.0329284667969 32.2263298034668
v -2.9052858352661133 308.9797058105469 39.22343444824219
v 12.707598686218262 300.1286926269531 51.79283142089844
v 6.54945182800293 303.0221252441406 -15.754437446594238
v 36.637603759765625 295.92279052734375 -29.22477149963379
v -7.507102966308594 307.4478454589844 -15.757440567016602
v -12.554545402526855 270.7402648925781 69.84420013427734
v 13.35573673248291 248.50245666503906 88.66673278808594
v 7.565357208251953 278.8779602050781 72.02104949951172
v 15.968419075012207 196.40538024902344 46.897090911865234
v 25.132844924926758 212.42605590820312 64.7224349975586
v 0.4302959442138672 197.80636596679688 49.71131134033203
v 15.968419075012207 196.40538024902344 46.897090911865234
v 0.4302959442138672 197.80636596679688 49.71131134033203
v 12.914106369018555 196.30471801757812 42.91705322265625
v 13.90916919708252 181.85215759277344 -4.512312412261963
v 5.218706130981445 183.9217529296875 -29.76608657836914
v 25.87030029296875 170.76011657714844 -30.81241226196289
v 5.218706130981445 183.9217529296875 -29.76608657836914
v 22.692852020263672 175.77200317382812 -36.94658279418945
v 25.87030029296875 170.76011657714844 -30.81241226196289
v -6.064556121826172 293.39935302734375 56.28019714355469
v 12.707598686218262 300.1286926269531 51.79283142089844
v -2.9052858352661133 308.9797058105469 39.22343444824219
v 14.64780044555664 284.2580871582031 65.29120635986328
v 12.707598686218262 300.1286926269531 51.79283142089844
v -6.064556121826172 293.39935302734375 56.28019714355469
v 26.453895568847656 292.3445739746094 -35.402950286865234
v -2.8002052307128906 284.48382568359375 -34.71040344238281
v -7.507102966308594 307.4478454589844 -15.757440567016602
v 7.565357208251953 278.8779602050781 72.02104949951172
v 14.64780044555664 284.2580871582031 65.29120635986328
v -6.064556121826172 293.39935302734375 56.28019714355469
v 19.51162338256836 265.502685546875 -51.19055938720703
v -2.8002052307128906 284.48382568359375 -34.71040344238281
v 26.453895568847656 292.3445739746094 -35.402950286865234
v 19.51162338256836 265.502685546875 -51.19055938720703
v 24.320194244384766 251.76416015625 -63.51792526245117
v -5.890536308288574 273.3913879394531 -66.0428466796875
v 23.314849853515625 205.41021728515625 -40.018043518066406
v 5.148435592651367 199.1757049560547 -34.399723052978516
v -4.304350852966309 227.36480712890625 -73.88127899169922
v 5.148435592651367 199.1757049560547 -34.399723052978516
v 19.819711685180664 190.31466674804688 -40.49641036987305
v 22.692852020263672 175.77200317382812 -36.94658279418945
v 20.541187286376953 186.97113037109375 5.786264896392822
v 17.045862197875977 185.3700408935547 16.494583129882812
v 2.4752378463745117 189.89369201660156 -5.645744800567627
v 20.541187286376953 186.97113037109375 5.786264896392822
v 2.4752378463745117 189.89369201660156 -5.645744800567627
v 3.8665294647216797 190.42837524414062 -9.672701835632324
v 13.90916919708252 181.85215759277344 -4.512312412261963
v 20.541187286376953 186.97113037109375 5.786264896392822
v 3.8665294647216797 190.42837524414062 -9.672701835632324
v 5.218706130981445 183.9217529296875 -29.76608657836914
v 5.148435592651367 199.1757049560547 -34.399723052978516
v 22.692852020263672 175.77200317382812 -36.94658279418945
v -8.753517150878906 315.89971923828125 5.45546817779541
v 0.8053722381591797 313.3111267089844 28.874187469482422
v 9.687972068786621 311.31976318359375 7.377040386199951
v 6.54945182800293 303.0221252441406 -15.754437446594238
v -7.507102966308594 307.4478454589844 -15.757440567016602
v -8.753517150878906 315.89971923828125 5.45546817779541
v 6.54945182800293 303.0221252441406 -15.754437446594238
v -8.753517150878906 315.89971923828125 5.45546817779541
v 9.687972068786621 311.31976318359375 7.377040386199951
v -12.554545402526855 270.7402648925781 69.84420013427734
v 7.565357208251953 278.8779602050781 72.02104949951172
v -6.064556121826172 293.39935302734375 56.28019714355469
v 13.35573673248291 248.50245666503906 88.66673278808594
v -12.554545402526855 270.7402648925781 69.84420013427734
v -15.65673828125 262.5499267578125 74.39765167236328
v 16.852113723754883 240.73585510253906 -72.51277160644531
v 9.388988494873047 234.5790557861328 -75.0254898071289
v -1.0253515243530273 244.71266174316406 -79.89921569824219
v 25.132844924926758 212.42605590820312 64.7224349975586
v -9.263343811035156 231.22532653808594 87.17622375488281
v 0.4302959442138672 197.80636596679688 49.71131134033203
v 4.253870010375977 193.4623565673828 -26.58845329284668
v 5.148435592651367 199.1757049560547 -34.399723052978516
v 5.218706130981445 183.9217529296875 -29.76608657836914
v 3.8665294647216797 190.42837524414062 -9.672701835632324
v -1.089737892150879 190.11949157714844 -20.237171173095703
v 13.90916919708252 181.85215759277344 -4.512312412261963
v -3.2476272583007812 194.7218017578125 -23.316530227661133
v 5.148435592651367 199.1757049560547 -34.399723052978516
v 4.253870010375977 193.4623565673828 -26.58845329284668
v 0.12446784973144531 191.0858612060547 -23.069183349609375
v -3.2476272583007812 194.7218017578125 -23.316530227661133
v 4.253870010375977 193.4623565673828 -26.58845329284668
v 4.253870010375977 193.4623565673828 -26.58845329284668
v 5.218706130981445 183.9217529296875 -29.76608657836914
v 0.12446784973144531 191.0858612060547 -23.069183349609375
v 2.4752378463745117 189.89369201660156 -5.645744800567627
v -1.089737892150879 190.11949157714844 -20.237171173095703
v 3.8665294647216797 190.42837524414062 -9.672701835632324
v 13.90916919708252 181.85215759277344 -4.512312412261963
v -1.089737892150879 190.11949157714844 -20.237171173095703
v -1.561532974243164 187.73440551757812 -23.458812713623047
v 5.218706130981445 183.9217529296875 -29.76608657836914
v -1.561532974243164 187.73440551757812 -23.458812713623047
v 0.12446784973144531 191.0858612060547 -23.069183349609375
v 13.90916919708252 181.85215759277344 -4.512312412261963
v -1.561532974243164 187.73440551757812 -23.458812713623047
v 5.218706130981445 183.9217529296875 -29.76608657836914
v -8.753517150878906 315.89971923828125 5.45546817779541
v -13.647937774658203 316.4734802246094 19.855636596679688
v 0.8053722381591797 313.3111267089844 28.874187469482422
v 19.51162338256836 265.502685546875 -51.19055938720703
v -15.666865348815918 280.290283203125 -36.19383239746094
v -2.8002052307128906 284.48382568359375 -34.71040344238281
v -5.890536308288574 273.3913879394531 -66.0428466796875
v 16.852113723754883 240.73585510253906 -72.51277160644531
v -16.682832717895508 267.47479248046875 -74.87268829345703
v 13.35573673248291 248.50245666503906 88.66673278808594
v -15.65673828125 262.5499267578125 74.39765167236328
v 4.999811172485352 241.12310791015625 90.05864715576172
v -16.682832717895508 267.47479248046875 -74.87268829345703
v 16.852113723754883 240.73585510253906 -72.51277160644531
v -1.0253515243530273 244.71266174316406 -79.89921569824219
v -3.2476272583007812 194.7218017578125 -23.316530227661133
v -14.111804962158203 199.26719665527344 -34.892391204833984
v 5.148435592651367 199.1757049560547 -34.399723052978516
v 2.4752378463745117 189.89369201660156 -5.645744800567627
v -3.2476272583007812 194.7218017578125 -23.316530227661133
v -1.089737892150879 190.11949157714844 -20.237171173095703
v -3.2476272583007812 194.7218017578125 -23.316530227661133
v 0.12446784973144531 191.0858612060547 -23.069183349609375
v -1.089737892150879 190.11949157714844 -20.237171173095703
v -1.561532974243164 187.73440551757812 -23.458812713623047
v -1.089737892150879 190.11949157714844 -20.237171173095703
v 0.12446784973144531 191.0858612060547 -23.069183349609375
v 0.8053722381591797 313.3111267089844 28.874187469482422
v -16.892963409423828 302.0893859863281 33.12374496459961
v -2.9052858352661133 308.9797058105469 39.22343444824219
v -2.9052858352661133 308.9797058105469 39.22343444824219
v -16.892963409423828 302.0893859863281 33.12374496459961
v -6.064556121826172 293.39935302734375 56.28019714355469
v -15.666865348815918 280.290283203125 -36.19383239746094
v 19.51162338256836 265.502685546875 -51.19055938720703
v -5.890536308288574 273.3913879394531 -66.0428466796875
v -9.263343811035156 231.22532653808594 87.17622375488281
v 4.999811172485352 241.12310791015625 90.05864715576172
v -31.404590606689453 241.13726806640625 81.84681701660156
v -1.0253515243530273 244.71266174316406 -79.89921569824219
v 9.388988494873047 234.5790557861328 -75.0254898071289
v -10.866469383239746 237.55694580078125 -80.39756774902344
v -10.866469383239746 237.55694580078125 -80.39756774902344
v 9.388988494873047 234.5790557861328 -75.0254898071289
v -4.304350852966309 227.36480712890625 -73.88127899169922
v 5.148435592651367 199.1757049560547 -34.399723052978516
v -14.111804962158203 199.26719665527344 -34.892391204833984
v -4.304350852966309 227.36480712890625 -73.88127899169922
v -28.335411071777344 187.59234619140625 21.59359359741211
v 12.914106369018555 196.30471801757812 42.91705322265625
v 0.4302959442138672 197.80636596679688 49.71131134033203
v -14.111804962158203 199.26719665527344 -34.892391204833984
v -3.2476272583007812 194.7218017578125 -23.316530227661133
v 2.4752378463745117 189.89369201660156 -5.645744800567627
v 12.914106369018555 196.30471801757812 42.91705322265625
v -28.335411071777344 187.59234619140625 21.59359359741211
v 17.045862197875977 185.3700408935547 16.494583129882812
v -7.507102966308594 307.4478454589844 -15.757440567016602
v -27.92103385925293 307.00518798828125 -13.637886047363281
v -8.753517150878906 315.89971923828125 5.45546817779541
v -16.892963409423828 302.0893859863281 33.12374496459961
v -31.30966567993164 284.5013122558594 32.342166900634766
v -6.064556121826172 293.39935302734375 56.28019714355469
v -12.062248229980469 287.5445556640625 -29.588802337646484
v -18.303333282470703 303.4685974121094 -17.17237091064453
v -7.507102966308594 307.4478454589844 -15.757440567016602
v -2.8002052307128906 284.48382568359375 -34.71040344238281
v -12.062248229980469 287.5445556640625 -29.588802337646484
v -7.507102966308594 307.4478454589844 -15.757440567016602
v -15.666865348815918 280.290283203125 -36.19383239746094
v -12.062248229980469 287.5445556640625 -29.588802337646484
v -2.8002052307128906 284.48382568359375 -34.71040344238281
v -23.126893997192383 187.63844299316406 0.7509202361106873
v 2.4752378463745117 189.89369201660156 -5.645744800567627
v 17.045862197875977 185.3700408935547 16.494583129882812
v -27.125015258789062 315.8336486816406 7.284709930419922
v -13.647937774658203 316.4734802246094 19.855636596679688
v -8.753517150878906 315.89971923828125 5.45546817779541
v -8.753517150878906 315.89971923828125 5.45546817779541
v -27.92103385925293 307.00518798828125 -13.637886047363281
v -34.42288589477539 307.2457275390625 -6.790343284606934
v -7.507102966308594 307.4478454589844 -15.757440567016602
v -18.303333282470703 303.4685974121094 -17.17237091064453
v -27.92103385925293 307.00518798828125 -13.637886047363281
v -12.062248229980469 287.5445556640625 -29.588802337646484
v -18.386579513549805 289.02862548828125 -37.72074890136719
v -18.303333282470703 303.4685974121094 -17.17237091064453
v -25.634061813354492 275.55584716796875 48.956539154052734
v -12.554545402526855 270.7402648925781 69.84420013427734
v -6.064556121826172 293.39935302734375 56.28019714355469
v -28.61209487915039 274.41107177734375 -50.531837463378906
v -15.666865348815918 280.290283203125 -36.19383239746094
v -5.890536308288574 273.3913879394531 -66.0428466796875
v -15.65673828125 262.5499267578125 74.39765167236328
v -12.554545402526855 270.7402648925781 69.84420013427734
v -33.461082458496094 271.6318054199219 69.95866394042969
v -23.636627197265625 252.184326171875 80.06572723388672
v 4.999811172485352 241.12310791015625 90.05864715576172
v -15.65673828125 262.5499267578125 74.39765167236328
v -16.682832717895508 267.47479248046875 -74.87268829345703
v -1.0253515243530273 244.71266174316406 -79.89921569824219
v -10.866469383239746 237.55694580078125 -80.39756774902344
v -4.304350852966309 227.36480712890625 -73.88127899169922
v -12.130629539489746 227.47593688964844 -72.39262390136719
v -10.866469383239746 237.55694580078125 -80.39756774902344
v -14.111804962158203 199.26719665527344 -34.892391204833984
v -12.130629539489746 227.47593688964844 -72.39262390136719
v -4.304350852966309 227.36480712890625 -73.88127899169922
v -16.892963409423828 302.0893859863281 33.12374496459961
v 0.8053722381591797 313.3111267089844 28.874187469482422
v -13.647937774658203 316.4734802246094 19.855636596679688
v -31.30966567993164 284.5013122558594 32.342166900634766
v -25.634061813354492 275.55584716796875 48.956539154052734
v -6.064556121826172 293.39935302734375 56.28019714355469
v -18.386579513549805 289.02862548828125 -37.72074890136719
v -12.062248229980469 287.5445556640625 -29.588802337646484
v -15.666865348815918 280.290283203125 -36.19383239746094
v -16.682832717895508 267.47479248046875 -74.87268829345703
v -28.61209487915039 274.41107177734375 -50.531837463378906
v -5.890536308288574 273.3913879394531 -66.0428466796875
v 4.999811172485352 241.12310791015625 90.05864715576172
v -23.636627197265625 252.184326171875 80.06572723388672
v -31.404590606689453 241.13726806640625 81.84681701660156
v 0.4302959442138672 197.80636596679688 49.71131134033203
v -24.763126373291016 196.84756469726562 37.00580596923828
v -28.335411071777344 187.59234619140625 21.59359359741211
v -23.126893997192383 187.63844299316406 0.7509202361106873
v -22.72592544555664 191.7882537841797 -13.202353477478027
v -14.111804962158203 199.26719665527344 -34.892391204833984
v 2.4752378463745117 189.89369201660156 -5.645744800567627
v -23.126893997192383 187.63844299316406 0.7509202361106873
v -14.111804962158203 199.26719665527344 -34.892391204833984
v -18.386579513549805 289.02862548828125 -37.72074890136719
v -28.29375648498535 282.9578552246094 -43.98609924316406
v -25.604236602783203 296.6094055175781 -48.31753921508789
v -18.386579513549805 289.02862548828125 -37.72074890136719
v -15.666865348815918 280.290283203125 -36.19383239746094
v -28.29375648498535 282.9578552246094 -43.98609924316406
v -15.666865348815918 280.290283203125 -36.19383239746094
v -28.61209487915039 274.41107177734375 -50.531837463378906
v -28.29375648498535 282.9578552246094 -43.98609924316406
v -25.634061813354492 275.55584716796875 48.956539154052734
v -33.461082458496094 271.6318054199219 69.95866394042969
v -12.554545402526855 270.7402648925781 69.84420013427734
v -15.65673828125 262.5499267578125 74.39765167236328
v -33.461082458496094 271.6318054199219 69.95866394042969
v -31.021770477294922 262.4173278808594 77.20204162597656
v -23.636627197265625 252.184326171875 80.06572723388672
v -15.65673828125 262.5499267578125 74.39765167236328
v -31.021770477294922 262.4173278808594 77.20204162597656
v -26.98630142211914 257.0984802246094 -68.4892807006836
v -16.682832717895508 267.47479248046875 -74.87268829345703
v -10.866469383239746 237.55694580078125 -80.39756774902344
v -63.97188186645508 238.10107421875 61.230491638183594
v -9.263343811035156 231.22532653808594 87.17622375488281
v -31.404590606689453 241.13726806640625 81.84681701660156
v -9.263343811035156 231.22532653808594 87.17622375488281
v -36.86182403564453 204.92361450195312 43.70146942138672
v 0.4302959442138672 197.80636596679688 49.71131134033203
v -36.86182403564453 204.92361450195312 43.70146942138672
v -24.763126373291016 196.84756469726562 37.00580596923828
v 0.4302959442138672 197.80636596679688 49.71131134033203
v -22.72592544555664 191.7882537841797 -13.202353477478027
v -29.368690490722656 200.9945068359375 -21.69460678100586
v -14.111804962158203 199.26719665527344 -34.892391204833984
v 17.045862197875977 185.3700408935547 16.494583129882812
v -38.32233428955078 184.00262451171875 10.665548324584961
v -23.126893997192383 187.63844299316406 0.7509202361106873
v -18.386579513549805 289.02862548828125 -37.72074890136719
v -25.604236602783203 296.6094055175781 -48.31753921508789
v -18.303333282470703 303.4685974121094 -17.17237091064453
v -39.232696533203125 272.42181396484375 43.03044128417969
v -25.634061813354492 275.55584716796875 48.956539154052734
v -31.30966567993164 284.5013122558594 32.342166900634766
v -63.97188186645508 238.10107421875 61.230491638183594
v -54.71510314941406 219.58729553222656 53.794715881347656
v -9.263343811035156 231.22532653808594 87.17622375488281
v -36.86182403564453 204.92361450195312 43.70146942138672
v -36.75141906738281 197.0831298828125 39.885780334472656
v -24.763126373291016 196.84756469726562 37.00580596923828
v -24.763126373291016 196.84756469726562 37.00580596923828
v -29.485912322998047 195.26498413085938 36.03000259399414
v -28.335411071777344 187.59234619140625 21.59359359741211
v -28.335411071777344 187.59234619140625 21.59359359741211
v -38.32233428955078 184.00262451171875 10.665548324584961
v 17.045862197875977 185.3700408935547 16.494583129882812
v -34.42288589477539 307.2457275390625 -6.790343284606934
v -27.125015258789062 315.8336486816406 7.284709930419922
v -8.753517150878906 315.89971923828125 5.45546817779541
v -27.166452407836914 308.843017578125 -25.143291473388672
v -27.92103385925293 307.00518798828125 -13.637886047363281
v -18.303333282470703 303.4685974121094 -17.17237091064453
v -38.7403678894043 302.6509094238281 20.82438850402832
v -16.892963409423828 302.0893859863281 33.12374496459961
v -13.647937774658203 316.4734802246094 19.855636596679688
v -18.303333282470703 303.4685974121094 -17.17237091064453
v -25.604236602783203 296.6094055175781 -48.31753921508789
v -27.166452407836914 308.843017578125 -25.143291473388672
v -31.30966567993164 284.5013122558594 32.342166900634766
v -16.892963409423828 302.0893859863281 33.12374496459961
v -38.7403678894043 302.6509094238281 20.82438850402832
v -28.61209487915039 274.41107177734375 -50.531837463378906
v -30.837158203125 278.38372802734375 -49.323638916015625
v -28.29375648498535 282.9578552246094 -43.98609924316406
v -16.682832717895508 267.47479248046875 -74.87268829345703
v -34.836891174316406 271.2133483886719 -50.51597213745117
v -28.61209487915039 274.41107177734375 -50.531837463378906
v -26.98630142211914 257.0984802246094 -68.4892807006836
v -34.836891174316406 271.2133483886719 -50.51597213745117
v -16.682832717895508 267.47479248046875 -74.87268829345703
v -23.636627197265625 252.184326171875 80.06572723388672
v -31.021770477294922 262.4173278808594 77.20204162597656
v -42.27257537841797 252.51705932617188 78.661865234375
v -42.27257537841797 252.51705932617188 78.661865234375
v -31.404590606689453 241.13726806640625 81.84681701660156
v -23.636627197265625 252.184326171875 80.06572723388672
v -9.263343811035156 231.22532653808594 87.17622375488281
v -47.83275604248047 214.40101623535156 50.91585159301758
v -36.86182403564453 204.92361450195312 43.70146942138672
v -36.75141906738281 197.0831298828125 39.885780334472656
v -29.485912322998047 195.26498413085938 36.03000259399414
v -24.763126373291016 196.84756469726562 37.00580596923828
v -22.72592544555664 191.7882537841797 -13.202353477478027
v -33.56548309326172 193.73353576660156 -18.449522018432617
v -29.368690490722656 200.9945068359375 -21.69460678100586
v -29.485912322998047 195.26498413085938 36.03000259399414
v -39.32935333251953 186.33428955078125 38.92512512207031
v -28.335411071777344 187.59234619140625 21.59359359741211
v -27.125015258789062 315.8336486816406 7.284709930419922
v -38.7403678894043 302.6509094238281 20.82438850402832
v -13.647937774658203 316.4734802246094 19.855636596679688
v -27.166452407836914 308.843017578125 -25.143291473388672
v -34.42288589477539 307.2457275390625 -6.790343284606934
v -27.92103385925293 307.00518798828125 -13.637886047363281
v -34.31424331665039 306.6237487792969 -43.58928680419922
v -27.166452407836914 308.843017578125 -25.143291473388672
v -25.604236602783203 296.6094055175781 -48.31753921508789
v -25.604236602783203 296.6094055175781 -48.31753921508789
v -28.29375648498535 282.9578552246094 -43.98609924316406
v -30.837158203125 278.38372802734375 -49.323638916015625
v -39.232696533203125 272.42181396484375 43.03044128417969
v -31.30966567993164 284.5013122558594 32.342166900634766
v -75.38038635253906 255.71670532226562 30.40152931213379
v -39.232696533203125 272.42181396484375 43.03044128417969
v -33.461082458496094 271.6318054199219 69.95866394042969
v -25.634061813354492 275.55584716796875 48.956539154052734
v -30.837158203125 278.38372802734375 -49.323638916015625
v -28.61209487915039 274.41107177734375 -50.531837463378906
v -34.836891174316406 271.2133483886719 -50.51597213745117
v -31.404590606689453 241.13726806640625 81.84681701660156
v -42.27257537841797 252.51705932617188 78.661865234375
v -63.97188186645508 238.10107421875 61.230491638183594
v -36.86182403564453 204.92361450195312 43.70146942138672
v -40.354393005371094 201.27931213378906 42.78596496582031
v -36.75141906738281 197.0831298828125 39.885780334472656
v -40.02750778198242 209.30555725097656 -29.603168487548828
v -14.111804962158203 199.26719665527344 -34.892391204833984
v -29.368690490722656 200.9945068359375 -21.69460678100586
v -39.32935333251953 186.33428955078125 38.92512512207031
v -29.485912322998047 195.26498413085938 36.03000259399414
v -36.75141906738281 197.0831298828125 39.885780334472656
v -38.32233428955078 184.00262451171875 10.665548324584961
v -48.639122009277344 178.52757263183594 -6.088852882385254
v -23.126893997192383 187.63844299316406 0.7509202361106873
v -48.639122009277344 178.52757263183594 -6.088852882385254
v -22.72592544555664 191.7882537841797 -13.202353477478027
v -23.126893997192383 187.63844299316406 0.7509202361106873
v -27.166452407836914 308.843017578125 -25.143291473388672
v -38.36476516723633 311.3797912597656 -25.607816696166992
v -34.42288589477539 307.2457275390625 -6.790343284606934
v -25.604236602783203 296.6094055175781 -48.31753921508789
v -30.837158203125 278.38372802734375 -49.323638916015625
v -32.42427444458008 294.7474060058594 -50.49716567993164
v -31.021770477294922 262.4173278808594 77.20204162597656
v -33.461082458496094 271.6318054199219 69.95866394042969
v -48.510101318359375 261.8481750488281 72.89228820800781
v -10.866469383239746 237.55694580078125 -80.39756774902344
v -43.83082580566406 259.94818115234375 -46.25603485107422
v -26.98630142211914 257.0984802246094 -68.4892807006836
v -47.83275604248047 214.40101623535156 50.91585159301758
v -40.354393005371094 201.27931213378906 42.78596496582031
v -36.86182403564453 204.92361450195312 43.70146942138672
v -29.368690490722656 200.9945068359375 -21.69460678100586
v -33.56548309326172 193.73353576660156 -18.449522018432617
v -40.02750778198242 209.30555725097656 -29.603168487548828
v -38.32233428955078 184.00262451171875 10.665548324584961
v -28.335411071777344 187.59234619140625 21.59359359741211
v -39.32935333251953 186.33428955078125 38.92512512207031
v -25.604236602783203 296.6094055175781 -48.31753921508789
v -32.42427444458008 294.7474060058594 -50.49716567993164
v -34.31424331665039 306.6237487792969 -43.58928680419922
v -34.59482955932617 280.3050231933594 -50.73987579345703
v -30.837158203125 278.38372802734375 -49.323638916015625
v -34.836891174316406 271.2133483886719 -50.51597213745117
v -39.232696533203125 272.42181396484375 43.03044128417969
v -48.510101318359375 261.8481750488281 72.89228820800781
v -33.461082458496094 271.6318054199219 69.95866394042969
v -43.83082580566406 259.94818115234375 -46.25603485107422
v -34.836891174316406 271.2133483886719 -50.51597213745117
v -26.98630142211914 257.0984802246094 -68.4892807006836
v -31.021770477294922 262.4173278808594 77.20204162597656
v -48.510101318359375 261.8481750488281 72.89228820800781
v -42.27257537841797 252.51705932617188 78.661865234375
v -47.83275604248047 214.40101623535156 50.91585159301758
v -9.263343811035156 231.22532653808594 87.17622375488281
v -54.71510314941406 219.58729553222656 53.794715881347656
v -14.111804962158203 199.26719665527344 -34.892391204833984
v -40.02750778198242 209.30555725097656 -29.603168487548828
v -49.99606704711914 216.32147216796875 -32.6612434387207
v -14.111804962158203 199.26719665527344 -34.892391204833984
v -49.99606704711914 216.32147216796875 -32.6612434387207
v -12.130629539489746 227.47593688964844 -72.39262390136719
v -39.32935333251953 186.33428955078125 38.92512512207031
v -36.75141906738281 197.0831298828125 39.885780334472656
v -40.354393005371094 201.27931213378906 42.78596496582031
v -39.32935333251953 186.33428955078125 38.92512512207031
v -48.639122009277344 178.52757263183594 -6.088852882385254
v -38.32233428955078 184.00262451171875 10.665548324584961
v -34.31424331665039 306.6237487792969 -43.58928680419922
v -38.36476516723633 311.3797912597656 -25.607816696166992
v -27.166452407836914 308.843017578125 -25.143291473388672
v -44.02748489379883 296.8747863769531 4.303621768951416
v -38.7403678894043 302.6509094238281 20.82438850402832
v -27.125015258789062 315.8336486816406 7.284709930419922
v -44.02748489379883 296.8747863769531 4.303621768951416
v -27.125015258789062 315.8336486816406 7.284709930419922
v -34.42288589477539 307.2457275390625 -6.790343284606934
v -34.31424331665039 306.6237487792969 -43.58928680419922
v -32.42427444458008 294.7474060058594 -50.49716567993164
v -37.97383117675781 303.5819396972656 -50.20718002319336
v -32.42427444458008 294.7474060058594 -50.49716567993164
v -37.72746658325195 287.8743591308594 -55.98143005371094
v -37.97383117675781 303.5819396972656 -50.20718002319336
v -34.59482955932617 280.3050231933594 -50.73987579345703
v -32.42427444458008 294.7474060058594 -50.49716567993164
v -30.837158203125 278.38372802734375 -49.323638916015625
v -34.59482955932617 280.3050231933594 -50.73987579345703
v -34.836891174316406 271.2133483886719 -50.51597213745117
v -40.480812072753906 268.85504150390625 -45.01466369628906
v -40.480812072753906 268.85504150390625 -45.01466369628906
v -34.836891174316406 271.2133483886719 -50.51597213745117
v -43.83082580566406 259.94818115234375 -46.25603485107422
v -51.57209396362305 212.00372314453125 50.96864318847656
v -40.354393005371094 201.27931213378906 42.78596496582031
v -47.83275604248047 214.40101623535156 50.91585159301758
v -39.32935333251953 186.33428955078125 38.92512512207031
v -40.354393005371094 201.27931213378906 42.78596496582031
v -51.57209396362305 212.00372314453125 50.96864318847656
v -22.72592544555664 191.7882537841797 -13.202353477478027
v -68.33832550048828 180.11514282226562 -11.690717697143555
v -33.56548309326172 193.73353576660156 -18.449522018432617
v -48.639122009277344 178.52757263183594 -6.088852882385254
v -68.33832550048828 180.11514282226562 -11.690717697143555
v -22.72592544555664 191.7882537841797 -13.202353477478027
v -57.96626281738281 186.5701141357422 48.83462905883789
v -48.639122009277344 178.52757263183594 -6.088852882385254
v -39.32935333251953 186.33428955078125 38.92512512207031
v -53.635616302490234 293.18646240234375 6.390396595001221
v -38.7403678894043 302.6509094238281 20.82438850402832
v -44.02748489379883 296.8747863769531 4.303621768951416
v -61.194129943847656 284.4523010253906 26.883760452270508
v -31.30966567993164 284.5013122558594 32.342166900634766
v -38.7403678894043 302.6509094238281 20.82438850402832
v -37.72746658325195 287.8743591308594 -55.98143005371094
v -32.42427444458008 294.7474060058594 -50.49716567993164
v -34.59482955932617 280.3050231933594 -50.73987579345703
v -31.30966567993164 284.5013122558594 32.342166900634766
v -61.194129943847656 284.4523010253906 26.883760452270508
v -75.38038635253906 255.71670532226562 30.40152931213379
v -40.480812072753906 268.85504150390625 -45.01466369628906
v -43.55559539794922 282.40045166015625 -55.73878479003906
v -34.59482955932617 280.3050231933594 -50.73987579345703
v -69.29845428466797 252.02427673339844 41.63032913208008
v -48.510101318359375 261.8481750488281 72.89228820800781
v -39.232696533203125 272.42181396484375 43.03044128417969
v -48.510101318359375 261.8481750488281 72.89228820800781
v -63.97188186645508 238.10107421875 61.230491638183594
v -42.27257537841797 252.51705932617188 78.661865234375
v -70.73571014404297 220.04153442382812 -14.138848304748535
v -10.866469383239746 237.55694580078125 -80.39756774902344
v -12.130629539489746 227.47593688964844 -72.39262390136719
v -54.71510314941406 219.58729553222656 53.794715881347656
v -51.57209396362305 212.00372314453125 50.96864318847656
v -47.83275604248047 214.40101623535156 50.91585159301758
v -49.99606704711914 216.32147216796875 -32.6612434387207
v -70.73571014404297 220.04153442382812 -14.138848304748535
v -12.130629539489746 227.47593688964844 -72.39262390136719
v -40.02750778198242 209.30555725097656 -29.603168487548828
v -33.56548309326172 193.73353576660156 -18.449522018432617
v -57.747581481933594 196.84133911132812 -35.206993103027344
v -53.635616302490234 293.18646240234375 6.390396595001221
v -44.02748489379883 296.8747863769531 4.303621768951416
v -34.42288589477539 307.2457275390625 -6.790343284606934
v -53.635616302490234 293.18646240234375 6.390396595001221
v -61.86493682861328 288.781005859375 9.956941604614258
v -38.7403678894043 302.6509094238281 20.82438850402832
v -40.480812072753906 268.85504150390625 -45.01466369628906
v -45.262474060058594 266.04058837890625 -44.336029052734375
v -43.55559539794922 282.40045166015625 -55.73878479003906
v -40.480812072753906 268.85504150390625 -45.01466369628906
v -43.83082580566406 259.94818115234375 -46.25603485107422
v -45.262474060058594 266.04058837890625 -44.336029052734375
v -63.95899963378906 241.94117736816406 -37.40288162231445
v -43.83082580566406 259.94818115234375 -46.25603485107422
v -10.866469383239746 237.55694580078125 -80.39756774902344
v -55.68062210083008 214.91796875 53.75746536254883
v -51.57209396362305 212.00372314453125 50.96864318847656
v -54.71510314941406 219.58729553222656 53.794715881347656
v -53.0599479675293 304.2930603027344 -11.90998649597168
v -34.42288589477539 307.2457275390625 -6.790343284606934
v -38.36476516723633 311.3797912597656 -25.607816696166992
v -34.31424331665039 306.6237487792969 -43.58928680419922
v -50.72466278076172 307.6770324707031 -29.401660919189453
v -38.36476516723633 311.3797912597656 -25.607816696166992
v -53.635616302490234 293.18646240234375 6.390396595001221
v -34.42288589477539 307.2457275390625 -6.790343284606934
v -53.0599479675293 304.2930603027344 -11.90998649597168
v -61.86493682861328 288.781005859375 9.956941604614258
v -61.194129943847656 284.4523010253906 26.883760452270508
v -38.7403678894043 302.6509094238281 20.82438850402832
v -37.72746658325195 287.8743591308594 -55.98143005371094
v -50.90085220336914 298.8372802734375 -48.86446762084961
v -37.97383117675781 303.5819396972656 -50.20718002319336
v -43.55559539794922 282.40045166015625 -55.73878479003906
v -37.72746658325195 287.8743591308594 -55.98143005371094
v -34.59482955932617 280.3050231933594 -50.73987579345703
v -45.262474060058594 266.04058837890625 -44.336029052734375
v -49.90708923339844 266.9820251464844 -45.863990783691406
v -43.55559539794922 282.40045166015625 -55.73878479003906
v -75.38038635253906 255.71670532226562 30.40152931213379
v -69.29845428466797 252.02427673339844 41.63032913208008
v -39.232696533203125 272.42181396484375 43.03044128417969
v -50.91971206665039 265.78192138671875 -37.29278564453125
v -45.262474060058594 266.04058837890625 -44.336029052734375
v -43.83082580566406 259.94818115234375 -46.25603485107422
v -50.91971206665039 265.78192138671875 -37.29278564453125
v -49.90708923339844 266.9820251464844 -45.863990783691406
v -45.262474060058594 266.04058837890625 -44.336029052734375
v -57.96626281738281 186.5701141357422 48.83462905883789
v -39.32935333251953 186.33428955078125 38.92512512207031
v -51.57209396362305 212.00372314453125 50.96864318847656
v -34.31424331665039 306.6237487792969 -43.58928680419922
v -50.90085220336914 298.8372802734375 -48.86446762084961
v -50.72466278076172 307.6770324707031 -29.401660919189453
v -37.97383117675781 303.5819396972656 -50.20718002319336
v -50.90085220336914 298.8372802734375 -48.86446762084961
v -34.31424331665039 306.6237487792969 -43.58928680419922
v -43.55559539794922 282.40045166015625 -55.73878479003906
v -49.90708923339844 266.9820251464844 -45.863990783691406
v -57.03233337402344 276.9142150878906 -48.30650329589844
v -54.43872833251953 261.8497314453125 -33.05760192871094
v -50.91971206665039 265.78192138671875 -37.29278564453125
v -53.36528015136719 257.0295104980469 -38.15680694580078
v -43.83082580566406 259.94818115234375 -46.25603485107422
v -53.36528015136719 257.0295104980469 -38.15680694580078
v -50.91971206665039 265.78192138671875 -37.29278564453125
v -48.510101318359375 261.8481750488281 72.89228820800781
v -69.29845428466797 252.02427673339844 41.63032913208008
v -63.97188186645508 238.10107421875 61.230491638183594
v -70.73571014404297 220.04153442382812 -14.138848304748535
v -63.95899963378906 241.94117736816406 -37.40288162231445
v -10.866469383239746 237.55694580078125 -80.39756774902344
v -57.747581481933594 196.84133911132812 -35.206993103027344
v -49.99606704711914 216.32147216796875 -32.6612434387207
v -40.02750778198242 209.30555725097656 -29.603168487548828
v -57.96626281738281 186.5701141357422 48.83462905883789
v -51.57209396362305 212.00372314453125 50.96864318847656
v -55.68062210083008 214.91796875 53.75746536254883
v -33.56548309326172 193.73353576660156 -18.449522018432617
v -68.33832550048828 180.11514282226562 -11.690717697143555
v -57.747581481933594 196.84133911132812 -35.206993103027344
v -53.635616302490234 293.18646240234375 6.390396595001221
v -53.0599479675293 304.2930603027344 -11.90998649597168
v -57.39675521850586 290.3357849121094 5.463891506195068
v -57.39675521850586 290.3357849121094 5.463891506195068
v -53.0599479675293 304.2930603027344 -11.90998649597168
v -57.70673370361328 294.9393310546875 -4.742942810058594
v -61.86493682861328 288.781005859375 9.956941604614258
v -53.635616302490234 293.18646240234375 6.390396595001221
v -57.39675521850586 290.3357849121094 5.463891506195068
v -57.70673370361328 294.9393310546875 -4.742942810058594
v -58.37060546875 286.0080871582031 -1.557669758796692
v -57.39675521850586 290.3357849121094 5.463891506195068
v -60.51901626586914 282.284912109375 1.9609465599060059
v -61.86493682861328 288.781005859375 9.956941604614258
v -57.39675521850586 290.3357849121094 5.463891506195068
v -57.39675521850586 290.3357849121094 5.463891506195068
v -58.37060546875 286.0080871582031 -1.557669758796692
v -60.51901626586914 282.284912109375 1.9609465599060059
v -60.44521713256836 261.3833312988281 -29.608850479125977
v -55.01176452636719 265.9987487792969 -31.823413848876953
v -54.43872833251953 261.8497314453125 -33.05760192871094
v -55.01176452636719 265.9987487792969 -31.823413848876953
v -50.91971206665039 265.78192138671875 -37.29278564453125
v -54.43872833251953 261.8497314453125 -33.05760192871094
v -55.01176452636719 265.9987487792969 -31.823413848876953
v -49.90708923339844 266.9820251464844 -45.863990783691406
v -50.91971206665039 265.78192138671875 -37.29278564453125
v -53.36528015136719 257.0295104980469 -38.15680694580078
v -60.44521713256836 261.3833312988281 -29.608850479125977
v -54.43872833251953 261.8497314453125 -33.05760192871094
v -63.95899963378906 241.94117736816406 -37.40288162231445
v -53.36528015136719 257.0295104980469 -38.15680694580078
v -43.83082580566406 259.94818115234375 -46.25603485107422
v -70.73571014404297 220.04153442382812 -14.138848304748535
v -71.87793731689453 232.711669921875 -24.350189208984375
v -63.95899963378906 241.94117736816406 -37.40288162231445
v -72.3167495727539 216.39898681640625 45.45610809326172
v -55.68062210083008 214.91796875 53.75746536254883
v -54.71510314941406 219.58729553222656 53.794715881347656
v -72.3167495727539 216.39898681640625 45.45610809326172
v -54.71510314941406 219.58729553222656 53.794715881347656
v -65.33467864990234 219.28738403320312 46.2829704284668
v -73.89866638183594 199.13356018066406 57.01287078857422
v -57.96626281738281 186.5701141357422 48.83462905883789
v -55.68062210083008 214.91796875 53.75746536254883
v -57.96626281738281 186.5701141357422 48.83462905883789
v -70.3812255859375 179.2337646484375 12.466647148132324
v -48.639122009277344 178.52757263183594 -6.088852882385254
v -50.72466278076172 307.6770324707031 -29.401660919189453
v -53.0599479675293 304.2930603027344 -11.90998649597168
v -38.36476516723633 311.3797912597656 -25.607816696166992
v -61.194129943847656 284.4523010253906 26.883760452270508
v -61.86493682861328 288.781005859375 9.956941604614258
v -80.77008056640625 255.69268798828125 23.318098068237305
v -60.51901626586914 282.284912109375 1.9609465599060059
v -64.13453674316406 274.7998962402344 -1.509610891342163
v -61.86493682861328 288.781005859375 9.956941604614258
v -60.51901626586914 282.284912109375 1.9609465599060059
v -58.37060546875 286.0080871582031 -1.557669758796692
v -64.13453674316406 274.7998962402344 -1.509610891342163
v -64.13453674316406 274.7998962402344 -1.509610891342163
v -58.37060546875 286.0080871582031 -1.557669758796692
v -57.70673370361328 294.9393310546875 -4.742942810058594
v -75.38038635253906 255.71670532226562 30.40152931213379
v -61.194129943847656 284.4523010253906 26.883760452270508
v -80.77008056640625 255.69268798828125 23.318098068237305
v -60.44521713256836 261.3833312988281 -29.608850479125977
v -53.36528015136719 257.0295104980469 -38.15680694580078
v -68.25099182128906 248.98817443847656 -30.648059844970703
v -68.25099182128906 248.98817443847656 -30.648059844970703
v -53.36528015136719 257.0295104980469 -38.15680694580078
v -63.95899963378906 241.94117736816406 -37.40288162231445
v -63.97188186645508 238.10107421875 61.230491638183594
v -69.29845428466797 252.02427673339844 41.63032913208008
v -80.6226577758789 240.67123413085938 33.723793029785156
v -54.71510314941406 219.58729553222656 53.794715881347656
v -73.920654296875 223.24229431152344 42.15718078613281
v -65.33467864990234 219.28738403320312 46.2829704284668
v -57.766197204589844 290.8279113769531 -44.78710174560547
v -50.90085220336914 298.8372802734375 -48.86446762084961
v -37.72746658325195 287.8743591308594 -55.98143005371094
v -43.55559539794922 282.40045166015625 -55.73878479003906
v -57.766197204589844 290.8279113769531 -44.78710174560547
v -37.72746658325195 287.8743591308594 -55.98143005371094
v -64.13453674316406 274.7998962402344 -1.509610891342163
v -81.13431549072266 262.50054931640625 12.626038551330566
v -61.86493682861328 288.781005859375 9.956941604614258
v -64.13453674316406 274.7998962402344 -1.509610891342163
v -57.70673370361328 294.9393310546875 -4.742942810058594
v -73.10174560546875 288.50738525390625 -27.843730926513672
v -64.13453674316406 274.7998962402344 -1.509610891342163
v -73.10174560546875 288.50738525390625 -27.843730926513672
v -63.89783477783203 271.3013610839844 -8.64172077178955
v -67.65302276611328 267.2730407714844 -9.812438011169434
v -64.13453674316406 274.7998962402344 -1.509610891342163
v -63.89783477783203 271.3013610839844 -8.64172077178955
v -64.51364135742188 267.1920471191406 -23.98765754699707
v -60.44521713256836 261.3833312988281 -29.608850479125977
v -62.555381774902344 264.5205383300781 -23.283227920532227
v -64.51364135742188 267.1920471191406 -23.98765754699707
v -55.01176452636719 265.9987487792969 -31.823413848876953
v -60.44521713256836 261.3833312988281 -29.608850479125977
v -68.25099182128906 248.98817443847656 -30.648059844970703
v -62.555381774902344 264.5205383300781 -23.283227920532227
v -60.44521713256836 261.3833312988281 -29.608850479125977
v -63.97188186645508 238.10107421875 61.230491638183594
v -80.6226577758789 240.67123413085938 33.723793029785156
v -73.920654296875 223.24229431152344 42.15718078613281
v -73.920654296875 223.24229431152344 42.15718078613281
v -54.71510314941406 219.58729553222656 53.794715881347656
v -63.97188186645508 238.10107421875 61.230491638183594
v -65.33467864990234 219.28738403320312 46.2829704284668
v -73.920654296875 223.24229431152344 42.15718078613281
v -72.3167495727539 216.39898681640625 45.45610809326172
v -55.68062210083008 214.91796875 53.75746536254883
v -81.83528900146484 211.61302185058594 52.427879333496094
v -73.89866638183594 199.13356018066406 57.01287078857422
v -85.97958374023438 204.09898376464844 -16.411785125732422
v -49.99606704711914 216.32147216796875 -32.6612434387207
v -57.747581481933594 196.84133911132812 -35.206993103027344
v -68.44266510009766 190.07325744628906 -29.437509536743164
v -85.97958374023438 204.09898376464844 -16.411785125732422
v -57.747581481933594 196.84133911132812 -35.206993103027344
v -68.44266510009766 190.07325744628906 -29.437509536743164
v -57.747581481933594 196.84133911132812 -35.206993103027344
v -68.33832550048828 180.11514282226562 -11.690717697143555
v -50.72466278076172 307.6770324707031 -29.401660919189453
v -73.10174560546875 288.50738525390625 -27.843730926513672
v -53.0599479675293 304.2930603027344 -11.90998649597168
v -50.90085220336914 298.8372802734375 -48.86446762084961
v -57.766197204589844 290.8279113769531 -44.78710174560547
v -50.72466278076172 307.6770324707031 -29.401660919189453
v -53.0599479675293 304.2930603027344 -11.90998649597168
v -73.10174560546875 288.50738525390625 -27.843730926513672
v -57.70673370361328 294.9393310546875 -4.742942810058594
v -64.13441467285156 287.2167053222656 -42.10807800292969
v -57.766197204589844 290.8279113769531 -44.78710174560547
v -43.55559539794922 282.40045166015625 -55.73878479003906
v -64.13441467285156 287.2167053222656 -42.10807800292969
v -43.55559539794922 282.40045166015625 -55.73878479003906
v -57.03233337402344 276.9142150878906 -48.30650329589844
v -80.77008056640625 255.69268798828125 23.318098068237305
v -61.86493682861328 288.781005859375 9.956941604614258
v -81.13431549072266 262.50054931640625 12.626038551330566
v -84.32486724853516 255.2362823486328 4.789826393127441
v -81.13431549072266 262.50054931640625 12.626038551330566
v -64.13453674316406 274.7998962402344 -1.509610891342163
v -63.89783477783203 271.3013610839844 -8.64172077178955
v -64.51364135742188 267.1920471191406 -23.98765754699707
v -67.65302276611328 267.2730407714844 -9.812438011169434
v -67.65302276611328 267.2730407714844 -9.812438011169434
v -84.32486724853516 255.2362823486328 4.789826393127441
v -64.13453674316406 274.7998962402344 -1.509610891342163
v -67.65302276611328 267.2730407714844 -9.812438011169434
v -64.51364135742188 267.1920471191406 -23.98765754699707
v -68.39224243164062 263.38848876953125 -16.238616943359375
v -64.51364135742188 267.1920471191406 -23.98765754699707
v -62.555381774902344 264.5205383300781 -23.283227920532227
v -68.39224243164062 263.38848876953125 -16.238616943359375
v -63.34065246582031 267.8351135253906 -33.15756607055664
v -49.90708923339844 266.9820251464844 -45.863990783691406
v -55.01176452636719 265.9987487792969 -31.823413848876953
v -63.34065246582031 267.8351135253906 -33.15756607055664
v -57.03233337402344 276.9142150878906 -48.30650329589844
v -49.90708923339844 266.9820251464844 -45.863990783691406
v -84.32486724853516 255.2362823486328 4.789826393127441
v -67.65302276611328 267.2730407714844 -9.812438011169434
v -68.39224243164062 263.38848876953125 -16.238616943359375
v -63.34065246582031 267.8351135253906 -33.15756607055664
v -55.01176452636719 265.9987487792969 -31.823413848876953
v -64.51364135742188 267.1920471191406 -23.98765754699707
v -62.555381774902344 264.5205383300781 -23.283227920532227
v -79.9036636352539 243.9048614501953 -13.664397239685059
v -68.39224243164062 263.38848876953125 -16.238616943359375
v -69.29845428466797 252.02427673339844 41.63032913208008
v -75.38038635253906 255.71670532226562 30.40152931213379
v -80.77008056640625 255.69268798828125 23.318098068237305
v -68.25099182128906 248.98817443847656 -30.648059844970703
v -63.95899963378906 241.94117736816406 -37.40288162231445
v -71.87793731689453 232.711669921875 -24.350189208984375
v -73.920654296875 223.24229431152344 42.15718078613281
v -78.59345245361328 226.73289489746094 33.781192779541016
v -75.43984985351562 219.08975219726562 41.811370849609375
v -75.43984985351562 219.08975219726562 41.811370849609375
v -72.3167495727539 216.39898681640625 45.45610809326172
v -73.920654296875 223.24229431152344 42.15718078613281
v -78.2455062866211 214.60379028320312 45.386207580566406
v -81.83528900146484 211.61302185058594 52.427879333496094
v -72.3167495727539 216.39898681640625 45.45610809326172
v -78.2455062866211 214.60379028320312 45.386207580566406
v -72.3167495727539 216.39898681640625 45.45610809326172
v -75.43984985351562 219.08975219726562 41.811370849609375
v -81.83528900146484 211.61302185058594 52.427879333496094
v -55.68062210083008 214.91796875 53.75746536254883
v -72.3167495727539 216.39898681640625 45.45610809326172
v -85.97958374023438 204.09898376464844 -16.411785125732422
v -70.73571014404297 220.04153442382812 -14.138848304748535
v -49.99606704711914 216.32147216796875 -32.6612434387207
v -64.13441467285156 287.2167053222656 -42.10807800292969
v -50.72466278076172 307.6770324707031 -29.401660919189453
v -57.766197204589844 290.8279113769531 -44.78710174560547
v -63.34065246582031 267.8351135253906 -33.15756607055664
v -64.51364135742188 267.1920471191406 -23.98765754699707
v -63.89783477783203 271.3013610839844 -8.64172077178955
v -63.34065246582031 267.8351135253906 -33.15756607055664
v -66.12983703613281 278.6108703613281 -39.42703628540039
v -57.03233337402344 276.9142150878906 -48.30650329589844
v -84.32486724853516 255.2362823486328 4.789826393127441
v -68.39224243164062 263.38848876953125 -16.238616943359375
v -79.9036636352539 243.9048614501953 -13.664397239685059
v -69.29845428466797 252.02427673339844 41.63032913208008
v -80.77008056640625 255.69268798828125 23.318098068237305
v -80.6226577758789 240.67123413085938 33.723793029785156
v -62.555381774902344 264.5205383300781 -23.283227920532227
v -68.25099182128906 248.98817443847656 -30.648059844970703
v -79.9036636352539 243.9048614501953 -13.664397239685059
v -68.25099182128906 248.98817443847656 -30.648059844970703
v -71.87793731689453 232.711669921875 -24.350189208984375
v -79.9036636352539 243.9048614501953 -13.664397239685059
v -78.59345245361328 226.73289489746094 33.781192779541016
v -80.6226577758789 240.67123413085938 33.723793029785156
v -83.64061737060547 234.2730712890625 23.70041275024414
v -80.6226577758789 240.67123413085938 33.723793029785156
v -78.59345245361328 226.73289489746094 33.781192779541016
v -73.920654296875 223.24229431152344 42.15718078613281
v -72.83552551269531 224.59217834472656 -9.424375534057617
v -71.87793731689453 232.711669921875 -24.350189208984375
v -70.73571014404297 220.04153442382812 -14.138848304748535
v -78.80621337890625 215.58721923828125 42.06230545043945
v -75.43984985351562 219.08975219726562 41.811370849609375
v -78.59345245361328 226.73289489746094 33.781192779541016
v -78.80621337890625 215.58721923828125 42.06230545043945
v -78.59345245361328 226.73289489746094 33.781192779541016
v -81.50421905517578 222.38723754882812 34.12769317626953
v -78.2455062866211 214.60379028320312 45.386207580566406
v -75.43984985351562 219.08975219726562 41.811370849609375
v -78.80621337890625 215.58721923828125 42.06230545043945
v -73.89866638183594 199.13356018066406 57.01287078857422
v -86.64785766601562 194.5560760498047 48.90146255493164
v -57.96626281738281 186.5701141357422 48.83462905883789
v -75.43666076660156 182.41278076171875 38.548423767089844
v -70.3812255859375 179.2337646484375 12.466647148132324
v -57.96626281738281 186.5701141357422 48.83462905883789
v -70.3812255859375 179.2337646484375 12.466647148132324
v -68.33832550048828 180.11514282226562 -11.690717697143555
v -48.639122009277344 178.52757263183594 -6.088852882385254
v -73.10174560546875 288.50738525390625 -27.843730926513672
v -63.34065246582031 267.8351135253906 -33.15756607055664
v -63.89783477783203 271.3013610839844 -8.64172077178955
v -63.34065246582031 267.8351135253906 -33.15756607055664
v -73.10174560546875 288.50738525390625 -27.843730926513672
v -66.12983703613281 278.6108703613281 -39.42703628540039
v -57.03233337402344 276.9142150878906 -48.30650329589844
v -66.12983703613281 278.6108703613281 -39.42703628540039
v -64.13441467285156 287.2167053222656 -42.10807800292969
v -78.59345245361328 226.73289489746094 33.781192779541016
v -81.8888931274414 236.9468994140625 -6.145139217376709
v -72.83552551269531 224.59217834472656 -9.424375534057617
v -71.87793731689453 232.711669921875 -24.350189208984375
v -72.83552551269531 224.59217834472656 -9.424375534057617
v -75.29066467285156 228.68194580078125 -13.424756050109863
v -72.83552551269531 224.59217834472656 -9.424375534057617
v -81.50421905517578 222.38723754882812 34.12769317626953
v -78.59345245361328 226.73289489746094 33.781192779541016
v -78.80621337890625 215.58721923828125 42.06230545043945
v -81.83528900146484 211.61302185058594 52.427879333496094
v -78.2455062866211 214.60379028320312 45.386207580566406
v -68.44266510009766 190.07325744628906 -29.437509536743164
v -68.33832550048828 180.11514282226562 -11.690717697143555
v -85.97958374023438 204.09898376464844 -16.411785125732422
v -64.13441467285156 287.2167053222656 -42.10807800292969
v -73.10174560546875 288.50738525390625 -27.843730926513672
v -50.72466278076172 307.6770324707031 -29.401660919189453
v -66.12983703613281 278.6108703613281 -39.42703628540039
v -73.10174560546875 288.50738525390625 -27.843730926513672
v -64.13441467285156 287.2167053222656 -42.10807800292969
v -81.13431549072266 262.50054931640625 12.626038551330566
v -85.5953140258789 249.02481079101562 15.962475776672363
v -80.77008056640625 255.69268798828125 23.318098068237305
v -85.5953140258789 249.02481079101562 15.962475776672363
v -81.13431549072266 262.50054931640625 12.626038551330566
v -84.32486724853516 255.2362823486328 4.789826393127441
v -80.6226577758789 240.67123413085938 33.723793029785156
v -80.77008056640625 255.69268798828125 23.318098068237305
v -85.5953140258789 249.02481079101562 15.962475776672363
v -80.6226577758789 240.67123413085938 33.723793029785156
v -85.5953140258789 249.02481079101562 15.962475776672363
v -83.64061737060547 234.2730712890625 23.70041275024414
v -79.9036636352539 243.9048614501953 -13.664397239685059
v -81.8888931274414 236.9468994140625 -6.145139217376709
v -84.32486724853516 255.2362823486328 4.789826393127441
v -79.9036636352539 243.9048614501953 -13.664397239685059
v -75.29066467285156 228.68194580078125 -13.424756050109863
v -81.8888931274414 236.9468994140625 -6.145139217376709
v -79.9036636352539 243.9048614501953 -13.664397239685059
v -71.87793731689453 232.711669921875 -24.350189208984375
v -75.29066467285156 228.68194580078125 -13.424756050109863
v -83.64061737060547 234.2730712890625 23.70041275024414
v -81.8888931274414 236.9468994140625 -6.145139217376709
v -78.59345245361328 226.73289489746094 33.781192779541016
v -75.29066467285156 228.68194580078125 -13.424756050109863
v -72.83552551269531 224.59217834472656 -9.424375534057617
v -81.8888931274414 236.9468994140625 -6.145139217376709
v -80.10379028320312 219.278076171875 -2.7998223304748535
v -72.83552551269531 224.59217834472656 -9.424375534057617
v -70.73571014404297 220.04153442382812 -14.138848304748535
v -81.50421905517578 222.38723754882812 34.12769317626953
v -90.35953521728516 218.54856872558594 38.420082092285156
v -78.80621337890625 215.58721923828125 42.06230545043945
v -85.97958374023438 204.09898376464844 -16.411785125732422
v -80.10379028320312 219.278076171875 -2.7998223304748535
v -70.73571014404297 220.04153442382812 -14.138848304748535
v -86.34837341308594 209.3893280029297 45.855072021484375
v -81.83528900146484 211.61302185058594 52.427879333496094
v -78.80621337890625 215.58721923828125 42.06230545043945
v -73.89866638183594 199.13356018066406 57.01287078857422
v -81.83528900146484 211.61302185058594 52.427879333496094
v -86.64785766601562 194.5560760498047 48.90146255493164
v -57.96626281738281 186.5701141357422 48.83462905883789
v -86.64785766601562 194.5560760498047 48.90146255493164
v -75.43666076660156 182.41278076171875 38.548423767089844
v -84.32486724853516 255.2362823486328 4.789826393127441
v -81.8888931274414 236.9468994140625 -6.145139217376709
v -85.5953140258789 249.02481079101562 15.962475776672363
v -85.5953140258789 249.02481079101562 15.962475776672363
v -81.8888931274414 236.9468994140625 -6.145139217376709
v -83.64061737060547 234.2730712890625 23.70041275024414
v -90.20982360839844 218.3924560546875 14.973088264465332
v -90.35953521728516 218.54856872558594 38.420082092285156
v -81.50421905517578 222.38723754882812 34.12769317626953
v -90.20982360839844 218.3924560546875 14.973088264465332
v -81.50421905517578 222.38723754882812 34.12769317626953
v -72.83552551269531 224.59217834472656 -9.424375534057617
v -80.10379028320312 219.278076171875 -2.7998223304748535
v -90.20982360839844 218.3924560546875 14.973088264465332
v -72.83552551269531 224.59217834472656 -9.424375534057617
v -90.35953521728516 218.54856872558594 38.420082092285156
v -86.34837341308594 209.3893280029297 45.855072021484375
v -78.80621337890625 215.58721923828125 42.06230545043945
v -86.64785766601562 194.5560760498047 48.90146255493164
v -81.83528900146484 211.61302185058594 52.427879333496094
v -86.34837341308594 209.3893280029297 45.855072021484375
v -85.97958374023438 204.09898376464844 -16.411785125732422
v -68.33832550048828 180.11514282226562 -11.690717697143555
v -70.3812255859375 179.2337646484375 12.466647148132324
v -86.64785766601562 194.5560760498047 48.90146255493164
v -86.34837341308594 209.3893280029297 45.855072021484375
v -96.54397583007812 199.9033660888672 25.96218490600586
v -96.54397583007812 199.9033660888672 25.96218490600586
v -70.3812255859375 179.2337646484375 12.466647148132324
v -75.43666076660156 182.41278076171875 38.548423767089844
v -87.0697250366211 203.3179473876953 5.020064830780029
v -90.20982360839844 218.3924560546875 14.973088264465332
v -80.10379028320312 219.278076171875 -2.7998223304748535
v -84.06224060058594 186.48568725585938 1.2031700611114502
v -85.97958374023438 204.09898376464844 -16.411785125732422
v -70.3812255859375 179.2337646484375 12.466647148132324
v -90.20982360839844 218.3924560546875 14.973088264465332
v -94.20757293701172 202.1382598876953 18.017515182495117
v -90.35953521728516 218.54856872558594 38.420082092285156
v -86.34837341308594 209.3893280029297 45.855072021484375
v -90.35953521728516 218.54856872558594 38.420082092285156
v -94.20757293701172 202.1382598876953 18.017515182495117
v -94.20757293701172 202.1382598876953 18.017515182495117
v -90.20982360839844 218.3924560546875 14.973088264465332
v -87.0697250366211 203.3179473876953 5.020064830780029
v -87.0697250366211 203.3179473876953 5.020064830780029
v -80.10379028320312 219.278076171875 -2.7998223304748535
v -85.97958374023438 204.09898376464844 -16.411785125732422
v -86.64785766601562 194.5560760498047 48.90146255493164
v -96.54397583007812 199.9033660888672 25.96218490600586
v -75.43666076660156 182.41278076171875 38.548423767089844
v -96.54397583007812 199.9033660888672 25.96218490600586
v -84.06224060058594 186.48568725585938 1.2031700611114502
v -70.3812255859375 179.2337646484375 12.466647148132324
v -94.20757293701172 202.1382598876953 18.017515182495117
v -87.0697250366211 203.3179473876953 5.020064830780029
v -84.06224060058594 186.48568725585938 1.2031700611114502
v -84.06224060058594 186.48568725585938 1.2031700611114502
v -87.0697250366211 203.3179473876953 5.020064830780029
v -85.97958374023438 204.09898376464844 -16.411785125732422
v -96.54397583007812 199.9033660888672 25.96218490600586
v -86.34837341308594 209.3893280029297 45.855072021484375
v -94.20757293701172 202.1382598876953 18.017515182495117
v -94.20757293701172 202.1382598876953 18.017515182495117
v -84.06224060058594 186.48568725585938 1.2031700611114502
v -96.54397583007812 199.9033660888672 25.96218490600586
v 6.531953811645508 -4.868673801422119 22.45516014099121
v -5.570462226867676 -13.095919609069824 6.113274097442627
v 13.263879776000977 -4.868673801422119 -1.4264219999313354
v 6.531953811645508 -4.868673801422119 22.45516014099121
v -11.93623161315918 -4.868673801422119 24.969730377197266
v -5.570462226867676 -13.095919609069824 6.113274097442627
v -5.570462226867676 -13.095919609069824 6.113274097442627
v -20.200796127319336 -4.868673801422119 1.3398375511169434
v -17.783100128173828 -4.868673801422119 -10.377326011657715
v 13.263879776000977 -4.868673801422119 -1.4264219999313354
v -5.570462226867676 -13.095919609069824 6.113274097442627
v -0.9788036346435547 -4.868673801422119 -12.512551307678223
v -5.570462226867676 -13.095919609069824 6.113274097442627
v -11.93623161315918 -4.868673801422119 24.969730377197266
v -20.200796127319336 -4.868673801422119 1.3398375511169434
v -0.9788036346435547 -4.868673801422119 -12.512551307678223
v -5.570462226867676 -13.095919609069824 6.113274097442627
v -17.783100128173828 -4.868673801422119 -10.377326011657715
v 14.811755180358887 161.6134033203125 8.051563262939453
v 15.170944213867188 161.8839874267578 15.755024909973145
v 23.348112106323242 193.1415557861328 4.0335516929626465
v 14.811755180358887 161.6134033203125 8.051563262939453
v 23.348112106323242 193.1415557861328 4.0335516929626465
v 22.886165618896484 191.5039520263672 -0.6112490892410278
v 22.335025787353516 155.37265014648438 9.517358779907227
v 14.811755180358887 161.6134033203125 8.051563262939453
v 22.886165618896484 191.5039520263672 -0.6112490892410278
v 22.335025787353516 155.37265014648438 9.517358779907227
v 22.886165618896484 191.5039520263672 -0.6112490892410278
v 27.271068572998047 188.84249877929688 0.4845067858695984
v 15.170944213867188 161.8839874267578 15.755024909973145
v 21.813800811767578 156.39321899414062 17.31243324279785
v 27.52099609375 190.3186798095703 5.891263008117676
v 15.170944213867188 161.8839874267578 15.755024909973145
v 27.52099609375 190.3186798095703 5.891263008117676
v 23.348112106323242 193.1415557861328 4.0335516929626465
v 21.813800811767578 156.39321899414062 17.31243324279785
v 22.335025787353516 155.37265014648438 9.517358779907227
v 27.271068572998047 188.84249877929688 0.4845067858695984
v 21.813800811767578 156.39321899414062 17.31243324279785
v 27.271068572998047 188.84249877929688 0.4845067858695984
v 27.52099609375 190.3186798095703 5.891263008117676
vn 0.5487178564071655 0.7698318958282471 -0.3259871006011963
vn 0.5487178564071655 0.7698318958282471 -0.3259871304035187
vn 0.5487179160118103 0.7698318362236023 -0.3259871006011963
vn 0.6141058802604675 0.7536864876747131 -0.23415952920913696
vn 0.6141058802604675 0.7536864876747131 -0.23415952920913696
vn 0.6141058802604675 0.7536864876747131 -0.23415952920913696
vn 0.9340918660163879 0.3481798768043518 -0.07901336997747421
vn 0.9340919256210327 0.3481798470020294 -0.07901336252689362
vn 0.9340918660163879 0.3481799066066742 -0.07901336997747421
vn 0.32252004742622375 -0.04334203526377678 -0.9455698132514954
vn 0.32252007722854614 -0.04334203898906708 -0.9455698132514954
vn 0.32252007722854614 -0.04334203898906708 -0.9455698132514954
vn 0.9663028717041016 0.25740182399749756 0.0017462143441662192
vn 0.9663028717041016 0.25740182399749756 0.0017462143441662192
vn 0.9663028717041016 0.25740182399749756 0.0017462143441662192
vn 0.9663825035095215 0.2550565302371979 -0.03241866081953049
vn 0.9663825035095215 0.2550565302371979 -0.03241866081953049
vn 0.9663825631141663 0.2550565004348755 -0.03241865709424019
vn 0.8561181426048279 0.43554505705833435 0.27814069390296936
vn 0.8561180830001831 0.43554505705833435 0.27814075350761414
vn 0.8561181426048279 0.43554505705833435 0.27814072370529175
vn 0.13796034455299377 0.29785585403442383 0.9445892572402954
vn 0.13796035945415497 0.2978559136390686 0.9445891976356506
vn 0.13796034455299377 0.297855943441391 0.9445891976356506
vn 0.10783687978982925 0.300033837556839 0.9478137493133545
vn 0.10783687978982925 0.300033837556839 0.9478137493133545
vn 0.10783687233924866 0.3000338077545166 0.9478137493133545
vn 0.19209051132202148 0.010893325321376324 -0.9813167452812195
vn 0.1920904964208603 0.010893326252698898 -0.9813167452812195
vn 0.1920904964208603 0.010893325321376324 -0.9813167452812195
vn 0.33038610219955444 0.21398042142391205 -0.9192700386047363
vn 0.33038607239723206 0.21398043632507324 -0.9192700386047363
vn 0.33038604259490967 0.21398042142391205 -0.9192700386047363
vn 0.48382195830345154 0.34324654936790466 0.8050454258918762
vn 0.48382195830345154 0.3432465195655823 0.8050454258918762
vn 0.48382195830345154 0.3432465195655823 0.8050454258918762
vn 0.873673141002655 0.44772499799728394 0.1903616338968277
vn 0.8736732006072998 0.44772496819496155 0.1903616338968277
vn 0.873673141002655 0.44772493839263916 0.19036166369915009
vn 0.21066612005233765 0.21503596007823944 0.953613817691803
vn 0.21066610515117645 0.21503596007823944 0.953613817691803
vn 0.21066610515117645 0.21503596007823944 0.953613817691803
vn -0.10596030950546265 -0.17098604142665863 -0.9795591831207275
vn -0.10596031695604324 -0.17098602652549744 -0.9795591831207275
vn -0.10596031695604324 -0.17098602652549744 -0.9795591831207275
vn -0.2723400890827179 -0.06891141086816788 -0.9597302079200745
vn -0.2723400890827179 -0.06891141086816788 -0.9597302079200745
vn -0.2723400294780731 -0.06891139596700668 -0.9597302675247192
vn 0.2777649760246277 -0.03665509447455406 0.9599494934082031
vn 0.27776503562927246 -0.03665509074926376 0.9599494934082031
vn 0.27776503562927246 -0.03665509819984436 0.9599494934082031
vn 0.48463913798332214 0.06553440541028976 0.872255802154541
vn 0.48463913798332214 0.06553440541028976 0.872255802154541
vn 0.48463916778564453 0.06553441286087036 0.8722557425498962
vn 0.5994085073471069 0.3331848978996277 -0.7278030514717102
vn 0.5994084477424622 0.3331848680973053 -0.7278030514717102
vn 0.5994084477424622 0.3331848978996277 -0.7278030514717102
vn -0.950962245464325 -0.3076399266719818 -0.0320705771446228
vn -0.9509621858596802 -0.3076399564743042 -0.0320705808699131
vn -0.9509621858596802 -0.3076399564743042 -0.0320705808699131
vn -0.5584859251976013 -0.18621321022510529 -0.8083428144454956
vn -0.5584859251976013 -0.1862131655216217 -0.8083428144454956
vn -0.5584859251976013 -0.1862131953239441 -0.8083428144454956
vn -0.6230573654174805 -0.1982363760471344 -0.7566385269165039
vn -0.6230573058128357 -0.1982363909482956 -0.7566385865211487
vn -0.6230573058128357 -0.1982363760471344 -0.7566385865211487
vn -0.10881195962429047 -0.19811435043811798 0.9741204380989075
vn -0.10881195962429047 -0.1981143355369568 0.9741204380989075
vn -0.10881195962429047 -0.1981143206357956 0.9741204380989075
vn -0.6183212399482727 -0.15912982821464539 0.7696470618247986
vn -0.6183212399482727 -0.15912985801696777 0.7696470618247986
vn -0.6183212399482727 -0.15912982821464539 0.7696470618247986
vn -0.6091927289962769 -0.008419094607234001 -0.792977511882782
vn -0.6091927289962769 -0.008419093675911427 -0.792977511882782
vn -0.6091927289962769 -0.008419094607234001 -0.792977511882782
vn 0.4618643522262573 0.8661271929740906 0.19106274843215942
vn 0.4618644118309021 0.8661271929740906 0.19106274843215942
vn 0.4618643820285797 0.8661271929740906 0.19106273353099823
vn 0.31962594389915466 0.7615489959716797 0.5638105869293213
vn 0.31962597370147705 0.7615489959716797 0.5638105869293213
vn 0.31962594389915466 0.7615490555763245 0.5638105273246765
vn -0.9141661524772644 -0.353893905878067 -0.19763432443141937
vn -0.9141661524772644 -0.3538939654827118 -0.19763430953025818
vn -0.9141661524772644 -0.353893905878067 -0.19763432443141937
vn -0.9847713112831116 -0.1617535501718521 -0.06372779607772827
vn -0.9847713112831116 -0.1617535501718521 -0.06372779607772827
vn -0.9847713112831116 -0.1617535501718521 -0.06372778862714767
vn -0.9471454620361328 -0.2526455521583557 0.197701096534729
vn -0.9471454620361328 -0.2526455223560333 0.19770105183124542
vn -0.9471454620361328 -0.2526455223560333 0.19770106673240662
vn -0.516730010509491 0.04328063502907753 -0.855053722858429
vn -0.516730010509491 0.043280623853206635 -0.855053722858429
vn -0.516730010509491 0.04328063130378723 -0.855053722858429
vn -0.5381456017494202 0.1513168215751648 0.8291577100753784
vn -0.5381456017494202 0.151316836476326 0.8291577100753784
vn -0.5381456613540649 0.151316836476326 0.8291577100753784
vn 0.47956809401512146 -0.041544631123542786 0.8765206933021545
vn 0.4795680642127991 -0.04154461622238159 0.8765206933021545
vn 0.4795680642127991 -0.041544631123542786 0.8765206933021545
vn -0.644185483455658 -0.274934321641922 -0.713748037815094
vn -0.644185483455658 -0.274934321641922 -0.713748037815094
vn -0.644185483455658 -0.274934321641922 -0.713748037815094
vn -0.46228793263435364 0.18228772282600403 -0.8677908778190613
vn -0.462287962436676 0.1822877675294876 -0.8677908778190613
vn -0.46228793263435364 0.18228773772716522 -0.8677908778190613
vn 0.989797055721283 -0.09366627782583237 0.10737058520317078
vn 0.989797055721283 -0.09366626292467117 0.10737059265375137
vn 0.989797055721283 -0.09366626292467117 0.10737059265375137
vn 0.13447919487953186 0.08004127442836761 0.9876784682273865
vn 0.13447919487953186 0.08004128187894821 0.9876784682273865
vn 0.13447917997837067 0.08004127442836761 0.9876784682273865
vn -0.9883400797843933 0.11984759569168091 0.09391695261001587
vn -0.9883400797843933 0.1198476031422615 0.09391696006059647
vn -0.9883400797843933 0.1198476031422615 0.09391696006059647
vn -0.12548890709877014 0.09431900084018707 -0.9876013398170471
vn -0.12548889219760895 0.09431898593902588 -0.9876013994216919
vn -0.12548889219760895 0.09431899338960648 -0.9876013398170471
vn 0.6292643547058105 0.012532160617411137 -0.777090311050415
vn 0.6292643547058105 0.012532158754765987 -0.777090311050415
vn 0.6292642951011658 0.012532159686088562 -0.777090311050415
vn 0.9611430764198303 -0.05290614068508148 0.27093350887298584
vn 0.9611430764198303 -0.05290614441037178 0.2709335386753082
vn 0.9611430764198303 -0.05290614441037178 0.2709335386753082
vn 0.6141356825828552 0.017878711223602295 -0.7889979481697083
vn 0.6141356825828552 0.017878711223602295 -0.7889979481697083
vn 0.6141356229782104 0.017878707498311996 -0.7889979481697083
vn -0.9371673464775085 0.11950375884771347 0.3277745842933655
vn -0.9371673464775085 0.11950375884771347 0.3277745842933655
vn -0.9371673464775085 0.11950377374887466 0.3277745842933655
vn -0.9617547392845154 0.18880300223827362 -0.1984470635652542
vn -0.9617547392845154 0.188803032040596 -0.1984470635652542
vn -0.9617547392845154 0.18880300223827362 -0.19844704866409302
vn -0.6120301485061646 0.7905608415603638 0.020799390971660614
vn -0.6120301485061646 0.7905608415603638 0.020799390971660614
vn -0.8102365732192993 0.5856476426124573 0.023098492994904518
vn -0.6120301485061646 0.7905608415603638 0.020799390971660614
vn -0.8102365732192993 0.5856476426124573 0.023098492994904518
vn -0.8373113870620728 0.5462294816970825 0.023302555084228516
vn 0.12062644958496094 -0.13814003765583038 -0.9830394387245178
vn 0.12062645703554153 -0.13814005255699158 -0.9830394387245178
vn 0.07134370505809784 -0.19553187489509583 -0.9780988693237305
vn 0.12062644958496094 -0.13814003765583038 -0.9830394387245178
vn 0.07134370505809784 -0.19553187489509583 -0.9780988693237305
vn 0.08588320016860962 -0.17876631021499634 -0.9801360368728638
vn -0.08928319811820984 0.19330962002277374 0.9770669937133789
vn -0.08928318321704865 0.19330963492393494 0.9770669937133789
vn -0.07118204981088638 0.24343326687812805 0.9673020839691162
vn -0.08928319811820984 0.19330962002277374 0.9770669937133789
vn -0.07118204981088638 0.24343326687812805 0.9673020839691162
vn -0.06404993683099747 0.2628311514854431 0.9627135396003723
vn 0.7400846481323242 -0.6529293060302734 0.1611151397228241
vn 0.740084707736969 -0.6529292464256287 0.16111516952514648
vn 0.9037449359893799 -0.41407936811447144 0.10855146497488022
vn 0.7400846481323242 -0.6529293060302734 0.1611151397228241
vn 0.9037449359893799 -0.41407936811447144 0.10855146497488022
vn 0.8879843354225159 -0.445141464471817 0.11546832323074341
vn 0.9572364687919617 0.2744736671447754 0.09144685417413712
vn 0.9572364687919617 0.2744736969470978 0.09144685417413712
vn 0.9572364687919617 0.274473637342453 0.09144683927297592
vn 0.9688195586204529 0.2236957550048828 0.10653124004602432
vn 0.9688195586204529 0.2236957550048828 0.10653124004602432
vn 0.9688195586204529 0.2236957550048828 0.10653122514486313
vn 0.9906039237976074 -0.10963794589042664 -0.08175210654735565
vn 0.9906039237976074 -0.10963795334100723 -0.08175210654735565
vn 0.9906039237976074 -0.10963795334100723 -0.08175210654735565
vn 0.9192448258399963 -0.26011034846305847 0.29551905393600464
vn 0.9192448258399963 -0.26011037826538086 0.2955191135406494
vn 0.9192448258399963 -0.26011040806770325 0.2955191135406494
vn 0.9791609644889832 0.1947116255760193 -0.057716503739356995
vn 0.9791609644889832 0.1947116255760193 -0.05771650746464729
vn 0.9791609644889832 0.1947115957736969 -0.0577164962887764
vn 0.9793606400489807 -0.017940860241651535 0.20132285356521606
vn 0.9793606400489807 -0.017940860241651535 0.20132283866405487
vn 0.9793606400489807 -0.017940860241651535 0.20132283866405487
vn 0.9603224396705627 0.07243169099092484 0.2693222761154175
vn 0.9603224396705627 0.07243169099092484 0.2693222761154175
vn 0.9603224396705627 0.07243169099092484 0.2693222761154175
vn 0.6711006760597229 0.32161784172058105 -0.6679714322090149
vn 0.6711007356643677 0.32161787152290344 -0.6679714322090149
vn 0.6711007356643677 0.32161787152290344 -0.6679714322090149
vn 0.946106493473053 0.015274636447429657 0.3234952986240387
vn 0.946106493473053 0.015274636447429657 0.3234953284263611
vn 0.946106493473053 0.015274636447429657 0.3234952986240387
vn 0.7750203609466553 -0.5311731696128845 -0.3423427641391754
vn 0.7750203013420105 -0.5311731696128845 -0.342342734336853
vn 0.7750203609466553 -0.5311731696128845 -0.342342734336853
vn 0.5828385353088379 -0.5795338749885559 0.5695961713790894
vn 0.5828385949134827 -0.5795337557792664 0.5695961117744446
vn 0.5828385353088379 -0.5795338153839111 0.5695961117744446
vn 0.8252999186515808 0.023085130378603935 0.5642226338386536
vn 0.8252999186515808 0.023085130378603935 0.5642226338386536
vn 0.8252999186515808 0.023085128515958786 0.5642226338386536
vn 0.6809098720550537 0.5705083012580872 -0.4592188894748688
vn 0.6809099316596985 0.5705083012580872 -0.4592188894748688
vn 0.6809098720550537 0.5705083012580872 -0.45921891927719116
vn 0.8595495820045471 0.428157240152359 -0.2790268063545227
vn 0.8595495223999023 0.4281572103500366 -0.2790268361568451
vn 0.8595495820045471 0.4281572103500366 -0.2790268063545227
vn 0.8356851935386658 0.5491445660591125 -0.008393917232751846
vn 0.8356851935386658 0.5491445660591125 -0.008393917232751846
vn 0.8356851935386658 0.5491445660591125 -0.008393917232751846
vn 0.8356851935386658 0.5491445660591125 -0.008393917232751846
vn 0.8356851935386658 0.5491445660591125 -0.008393917232751846
vn 0.8356852531433105 0.5491445064544678 -0.008393917232751846
vn 0.7379747629165649 0.3119773268699646 -0.5983839631080627
vn 0.7379748225212097 0.3119773268699646 -0.5983839631080627
vn 0.7379747629165649 0.3119772970676422 -0.5983839631080627
vn 0.4009959399700165 0.9019742608070374 -0.16013966500759125
vn 0.4009959399700165 0.9019742608070374 -0.16013966500759125
vn 0.4009958803653717 0.9019742608070374 -0.16013965010643005
vn 0.6890518665313721 0.42451930046081543 0.5873591899871826
vn 0.6890518069267273 0.42451930046081543 0.5873593688011169
vn 0.6890518069267273 0.4245193600654602 0.5873592495918274
vn 0.9096159338951111 0.29587140679359436 -0.2916486859321594
vn 0.9096159338951111 0.295871376991272 -0.2916486859321594
vn 0.9096159338951111 0.29587143659591675 -0.2916486859321594
vn 0.987890362739563 -0.11009429395198822 -0.10932467877864838
vn 0.987890362739563 -0.11009428650140762 -0.10932467877864838
vn 0.987890362739563 -0.11009429395198822 -0.10932467877864838
vn 0.8737574815750122 0.16853858530521393 -0.4562264382839203
vn 0.873757541179657 0.16853860020637512 -0.4562264084815979
vn 0.873757541179657 0.16853858530521393 -0.4562264382839203
vn 0.8084731101989746 -0.5601052045822144 0.18070262670516968
vn 0.8084731101989746 -0.5601052045822144 0.18070265650749207
vn 0.8084731101989746 -0.5601051449775696 0.18070262670516968
vn 0.775914192199707 0.30597183108329773 0.5516687631607056
vn 0.775914192199707 0.30597183108329773 0.5516687631607056
vn 0.7759141325950623 0.3059718608856201 0.5516687631607056
vn 0.34754031896591187 0.8607414960861206 -0.371940553188324
vn 0.34754031896591187 0.8607414960861206 -0.371940553188324
vn 0.34754031896591187 0.8607414960861206 -0.371940553188324
vn 0.8430967330932617 0.5324270725250244 -0.07555979490280151
vn 0.8430967926979065 0.5324270129203796 -0.07555978745222092
vn 0.8430967330932617 0.5324270725250244 -0.07555980235338211
vn 0.9881343841552734 0.14942623674869537 -0.035527873784303665
vn 0.9881343841552734 0.14942622184753418 -0.03552787005901337
vn 0.9881343841552734 0.14942623674869537 -0.03552787005901337
vn 0.6944670081138611 -0.051753707230091095 0.7176608443260193
vn 0.6944670081138611 -0.0517536997795105 0.7176608443260193
vn 0.6944670081138611 -0.051753703504800797 0.7176608443260193
vn 0.5520006418228149 -0.3231700360774994 0.7686718702316284
vn 0.5520006418228149 -0.3231700360774994 0.7686718702316284
vn 0.5520007014274597 -0.3231700360774994 0.7686718106269836
vn 0.7845262289047241 -0.6190997958183289 -0.03512880951166153
vn 0.7845262289047241 -0.6190997958183289 -0.03512880578637123
vn 0.7845262289047241 -0.6190998554229736 -0.03512880578637123
vn 0.8440424203872681 -0.5157107710838318 -0.1470876783132553
vn 0.8440424203872681 -0.5157107710838318 -0.14708766341209412
vn 0.8440424203872681 -0.5157107710838318 -0.1470876783132553
vn 0.7835864424705505 -0.2586696147918701 -0.5648737549781799
vn 0.7835864424705505 -0.25866958498954773 -0.5648736953735352
vn 0.7835863828659058 -0.2586696147918701 -0.5648737549781799
vn 0.7852174639701843 -0.6188831925392151 -0.020422933623194695
vn 0.7852175235748291 -0.6188831329345703 -0.020422935485839844
vn 0.7852175235748291 -0.6188831925392151 -0.020422935485839844
vn 0.5307679772377014 0.8319539427757263 0.1616724580526352
vn 0.5307679772377014 0.8319539427757263 0.1616724580526352
vn 0.5307679772377014 0.8319539427757263 0.1616724580526352
vn 0.49479585886001587 0.7317714095115662 -0.46870851516723633
vn 0.4947958290576935 0.7317714691162109 -0.46870845556259155
vn 0.4947958290576935 0.7317714691162109 -0.46870848536491394
vn 0.32987868785858154 -0.813818633556366 -0.47841328382492065
vn 0.32987871766090393 -0.813818633556366 -0.47841328382492065
vn 0.3298787474632263 -0.813818633556366 -0.47841325402259827
vn 0.45607155561447144 0.8398522734642029 0.29435837268829346
vn 0.45607152581214905 0.8398523330688477 0.29435837268829346
vn 0.45607152581214905 0.8398523330688477 0.29435837268829346
vn 0.8503180742263794 -0.2927980422973633 -0.4372968375682831
vn 0.8503180742263794 -0.2927980422973633 -0.4372968375682831
vn 0.8503180742263794 -0.2927980422973633 -0.4372967481613159
vn 0.8609452843666077 0.15901942551136017 -0.4832039773464203
vn 0.8609452843666077 0.15901942551136017 -0.4832039773464203
vn 0.8609452843666077 0.15901942551136017 -0.4832039773464203
vn 0.770520031452179 -0.03017265349626541 -0.6367012858390808
vn 0.770520031452179 -0.03017265349626541 -0.6367012858390808
vn 0.770520031452179 -0.030172649770975113 -0.6367012858390808
vn 0.671023428440094 -0.5780788660049438 0.46427616477012634
vn 0.6710234880447388 -0.5780788660049438 0.46427616477012634
vn 0.671023428440094 -0.5780789256095886 0.46427613496780396
vn 0.8008919358253479 -0.5772921442985535 0.15907828509807587
vn 0.8008919358253479 -0.5772921442985535 0.15907829999923706
vn 0.8008919358253479 -0.5772921442985535 0.15907828509807587
vn 0.7959109544754028 -0.6050921678543091 0.0197278019040823
vn 0.7959110140800476 -0.6050921082496643 0.01972780004143715
vn 0.7959110140800476 -0.6050921678543091 0.01972780004143715
vn 0.79359370470047 -0.6082552671432495 0.015316896140575409
vn 0.79359370470047 -0.6082552075386047 0.015316897071897984
vn 0.79359370470047 -0.6082552075386047 0.015316897071897984
vn 0.8191518783569336 -0.3180926442146301 0.47729161381721497
vn 0.8191518783569336 -0.31809258460998535 0.47729167342185974
vn 0.8191518783569336 -0.31809261441230774 0.47729164361953735
vn 0.44540247321128845 0.890414834022522 -0.09369097650051117
vn 0.44540244340896606 0.8904148936271667 -0.09369097650051117
vn 0.44540247321128845 0.8904148936271667 -0.09369098395109177
vn 0.6054410934448242 0.6900642514228821 0.39655062556266785
vn 0.6054410934448242 0.6900642514228821 0.39655062556266785
vn 0.6054410934448242 0.6900642514228821 0.39655062556266785
vn 0.37025681138038635 0.6153074502944946 -0.6959214210510254
vn 0.37025681138038635 0.6153074502944946 -0.6959214210510254
vn 0.37025681138038635 0.6153074502944946 -0.6959214210510254
vn 0.37882763147354126 0.5775028467178345 -0.7231736183166504
vn 0.37882760167121887 0.5775028467178345 -0.7231736779212952
vn 0.37882763147354126 0.5775027871131897 -0.7231736183166504
vn 0.6949031949043274 0.08241650462150574 0.714364767074585
vn 0.6949032545089722 0.08241649717092514 0.7143647074699402
vn 0.6949032545089722 0.08241651207208633 0.714364767074585
vn 0.5654294490814209 -0.4110864996910095 0.7150506377220154
vn 0.5654294490814209 -0.4110864996910095 0.7150506377220154
vn 0.5654294490814209 -0.4110864996910095 0.7150506377220154
vn 0.5782088041305542 -0.5798794031143188 0.5739463567733765
vn 0.5782088041305542 -0.5798794031143188 0.5739464163780212
vn 0.5782088041305542 -0.5798794031143188 0.5739463567733765
vn 0.3188769221305847 0.9416622519493103 -0.10765557736158371
vn 0.3188769221305847 0.9416622519493103 -0.10765556991100311
vn 0.31887689232826233 0.9416622519493103 -0.10765555500984192
vn 0.6645737886428833 0.7468693256378174 -0.02297503501176834
vn 0.6645737886428833 0.7468693256378174 -0.02297503687441349
vn 0.6645737886428833 0.7468693256378174 -0.02297503687441349
vn 0.5187991857528687 0.10587016493082047 0.8483153581619263
vn 0.5187991857528687 0.10587017983198166 0.8483153581619263
vn 0.5187991857528687 0.10587016493082047 0.8483153581619263
vn 0.679315984249115 -0.1603725701570511 -0.7161077857017517
vn 0.6793159246444702 -0.16037258505821228 -0.7161078453063965
vn 0.679315984249115 -0.16037258505821228 -0.7161077857017517
vn 0.733706533908844 -0.3408840000629425 0.5877693891525269
vn 0.7337064743041992 -0.3408840298652649 0.5877693891525269
vn 0.733706533908844 -0.3408840298652649 0.5877693891525269
vn 0.8656312823295593 -0.500266432762146 -0.020396100357174873
vn 0.8656312823295593 -0.5002663731575012 -0.020396100357174873
vn 0.8656312823295593 -0.500266432762146 -0.020396104082465172
vn 0.9374061822891235 0.038761597126722336 -0.3460738956928253
vn 0.9374061822891235 0.038761600852012634 -0.3460739552974701
vn 0.9374061822891235 0.038761600852012634 -0.3460739850997925
vn 0.30213311314582825 0.5400947332382202 -0.7855018973350525
vn 0.30213314294815063 0.540094792842865 -0.7855018973350525
vn 0.30213308334350586 0.5400947332382202 -0.7855019569396973
vn 0.1727590560913086 -0.448815256357193 -0.8767663240432739
vn 0.1727590411901474 -0.4488151967525482 -0.8767663240432739
vn 0.172759011387825 -0.4488151967525482 -0.8767663240432739
vn 0.49593672156333923 -0.5513718128204346 -0.6708471775054932
vn 0.49593672156333923 -0.5513718128204346 -0.6708471775054932
vn 0.49593672156333923 -0.5513718128204346 -0.6708471775054932
vn 0.10941942781209946 -0.936887800693512 0.33206719160079956
vn 0.10941942781209946 -0.936887800693512 0.3320671617984772
vn 0.10941942781209946 -0.936887800693512 0.3320671617984772
vn 0.6853742003440857 0.688710629940033 0.23651628196239471
vn 0.6853741407394409 0.6887105703353882 0.2365163266658783
vn 0.6853741407394409 0.6887105703353882 0.2365163117647171
vn 0.4990970194339752 0.8622815608978271 -0.08586437255144119
vn 0.4990970492362976 0.8622815012931824 -0.08586437255144119
vn 0.4990970492362976 0.8622815012931824 -0.08586438000202179
vn 0.526054859161377 0.6525238156318665 -0.5454162955284119
vn 0.526054859161377 0.6525238156318665 -0.5454162955284119
vn 0.526054859161377 0.6525238156318665 -0.5454163551330566
vn 0.5287095308303833 0.5995039939880371 -0.6008836030960083
vn 0.5287095308303833 0.5995039939880371 -0.6008837223052979
vn 0.5287095308303833 0.5995039343833923 -0.6008836627006531
vn 0.4796168804168701 0.03229696676135063 0.8768834471702576
vn 0.4796168804168701 0.03229696676135063 0.8768834471702576
vn 0.47961685061454773 0.03229696676135063 0.8768834471702576
vn 0.44333264231681824 0.7922243475914001 0.4193289577960968
vn 0.443332701921463 0.7922242879867554 0.4193290174007416
vn 0.4433326721191406 0.7922242879867554 0.4193290174007416
vn 0.7848227620124817 0.15912556648254395 -0.5989426374435425
vn 0.7848227620124817 0.15912556648254395 -0.5989426374435425
vn 0.7848227620124817 0.15912558138370514 -0.5989426374435425
vn 0.7703519463539124 -0.6370347142219543 -0.027287930250167847
vn 0.7703519463539124 -0.6370347142219543 -0.027287932112812996
vn 0.7703519463539124 -0.6370347142219543 -0.027287928387522697
vn 0.777978777885437 -0.6282093524932861 -0.01010163500905037
vn 0.7779787182807922 -0.6282094120979309 -0.010101636871695518
vn 0.777978777885437 -0.6282093524932861 -0.010101635940372944
vn 0.8404999375343323 -0.5395590662956238 -0.04935448244214058
vn 0.8404999375343323 -0.5395590662956238 -0.04935448244214058
vn 0.8404999375343323 -0.5395590662956238 -0.04935448616743088
vn 0.7761982679367065 0.27516040205955505 -0.5672768354415894
vn 0.7761982679367065 0.27516040205955505 -0.5672768950462341
vn 0.7761982679367065 0.27516037225723267 -0.5672768354415894
vn 0.4646226465702057 0.07102453708648682 0.8826557993888855
vn 0.4646226763725281 0.07102452963590622 0.8826557993888855
vn 0.4646226465702057 0.07102453708648682 0.8826558589935303
vn 0.4646226465702057 0.07102453708648682 0.8826557993888855
vn 0.4646226465702057 0.07102453708648682 0.8826558589935303
vn 0.4646226465702057 0.07102452963590622 0.8826557993888855
vn 0.33024144172668457 -0.8142606616020203 -0.47740986943244934
vn 0.3302414119243622 -0.8142606019973755 -0.4774099290370941
vn 0.3302414119243622 -0.8142606616020203 -0.47740986943244934
vn 0.9678699970245361 -0.24881647527217865 -0.036304738372564316
vn 0.9678699970245361 -0.24881647527217865 -0.036304742097854614
vn 0.9678699970245361 -0.24881647527217865 -0.036304742097854614
vn 0.814175009727478 -0.3422431945800781 0.4690295159816742
vn 0.814175009727478 -0.3422432243824005 0.4690295159816742
vn 0.814175009727478 -0.34224316477775574 0.4690294861793518
vn 0.04848414286971092 -0.9860467910766602 0.15925148129463196
vn 0.04848414286971092 -0.9860467910766602 0.15925148129463196
vn 0.04848414659500122 -0.9860467910766602 0.15925148129463196
vn 0.7415744066238403 0.669594943523407 0.041352108120918274
vn 0.7415744066238403 0.669594943523407 0.041352108120918274
vn 0.7415744066238403 0.6695950031280518 0.041352108120918274
vn 0.6882259845733643 0.7065223455429077 -0.16483670473098755
vn 0.6882259845733643 0.7065223455429077 -0.16483668982982635
vn 0.6882259845733643 0.7065223455429077 -0.16483670473098755
vn 0.693929135799408 0.7130394577980042 -0.10018564760684967
vn 0.693929135799408 0.7130394577980042 -0.10018564015626907
vn 0.693929135799408 0.7130394577980042 -0.10018564015626907
vn 0.21373003721237183 0.7793859839439392 -0.5889626145362854
vn 0.21373003721237183 0.779386043548584 -0.5889625549316406
vn 0.21373003721237183 0.7793859839439392 -0.5889626145362854
vn 0.5254401564598083 0.10406135022640228 0.8444429636001587
vn 0.5254401564598083 0.10406133532524109 0.8444429636001587
vn 0.5254400968551636 0.10406133532524109 0.8444429636001587
vn 0.8091622591018677 -0.32524415850639343 0.48935940861701965
vn 0.8091622591018677 -0.32524415850639343 0.48935940861701965
vn 0.8091622591018677 -0.32524415850639343 0.48935940861701965
vn 0.0769137367606163 -0.703427791595459 -0.7065929174423218
vn 0.0769137367606163 -0.703427791595459 -0.7065929174423218
vn 0.0769137293100357 -0.703427791595459 -0.7065929770469666
vn 0.7996477484703064 0.14511369168758392 -0.5826709866523743
vn 0.7996477484703064 0.14511366188526154 -0.5826709866523743
vn 0.7996478080749512 0.14511366188526154 -0.5826709866523743
vn 0.7996477484703064 0.14511369168758392 -0.5826709866523743
vn 0.7996478080749512 0.14511366188526154 -0.5826709866523743
vn 0.7996478080749512 0.14511366188526154 -0.5826709866523743
vn 0.9855437874794006 0.13254128396511078 0.10552840679883957
vn 0.9855437874794006 0.13254129886627197 0.10552840679883957
vn 0.9855437874794006 0.13254128396511078 0.10552841424942017
vn 0.9855437874794006 0.13254128396511078 0.10552840679883957
vn 0.9855437874794006 0.13254128396511078 0.10552841424942017
vn 0.9855437874794006 0.13254129886627197 0.10552840679883957
vn 0.9061654210090637 0.40993329882621765 0.1040143370628357
vn 0.9061654210090637 0.40993326902389526 0.1040143370628357
vn 0.9061654210090637 0.40993326902389526 0.1040143370628357
vn 0.9877329468727112 -0.026105977594852448 0.15395484864711761
vn 0.9877329468727112 -0.026105977594852448 0.15395484864711761
vn 0.9877329468727112 -0.026105977594852448 0.15395484864711761
vn 0.985398530960083 -0.14643625915050507 0.08686857670545578
vn 0.985398530960083 -0.14643625915050507 0.08686857670545578
vn 0.985398530960083 -0.14643627405166626 0.08686857670545578
vn 0.24253301322460175 0.39577236771583557 -0.8857437372207642
vn 0.24253301322460175 0.3957723379135132 -0.8857437372207642
vn 0.24253298342227936 0.3957723379135132 -0.8857437372207642
vn 0.9947015643119812 0.09210535883903503 0.04566648602485657
vn 0.9947015643119812 0.09210535883903503 0.045666489750146866
vn 0.9947015643119812 0.09210535883903503 0.045666489750146866
vn 0.43374577164649963 -0.33403024077415466 0.8368323445320129
vn 0.43374577164649963 -0.3340302109718323 0.8368323445320129
vn 0.43374577164649963 -0.3340302109718323 0.8368323445320129
vn 0.575663149356842 -0.80881267786026 0.12014156579971313
vn 0.575663149356842 -0.80881267786026 0.12014156579971313
vn 0.575663149356842 -0.80881267786026 0.12014155089855194
vn 0.9319255352020264 -0.34207701683044434 -0.12040793895721436
vn 0.9319255352020264 -0.34207701683044434 -0.12040793895721436
vn 0.9319255352020264 -0.34207701683044434 -0.12040793895721436
vn 0.657860279083252 0.7480738162994385 -0.08720947802066803
vn 0.657860279083252 0.7480737566947937 -0.08720947057008743
vn 0.657860279083252 0.7480737566947937 -0.08720947802066803
vn 0.5171695947647095 0.20088568329811096 0.8319739103317261
vn 0.5171695947647095 0.20088566839694977 0.8319738507270813
vn 0.5171695947647095 0.20088568329811096 0.8319739103317261
vn 0.8613560199737549 -0.30825746059417725 -0.4037860035896301
vn 0.8613560199737549 -0.308257520198822 -0.4037860035896301
vn 0.8613560199737549 -0.308257520198822 -0.4037860333919525
vn 0.6551527380943298 0.6599764227867126 -0.36770370602607727
vn 0.6551527380943298 0.6599764227867126 -0.3677036762237549
vn 0.6551527380943298 0.6599764227867126 -0.36770370602607727
vn 0.6560765504837036 0.5777930021286011 -0.48550885915756226
vn 0.6560765504837036 0.5777929425239563 -0.48550888895988464
vn 0.6560765504837036 0.5777929425239563 -0.48550885915756226
vn 0.6958819031715393 0.4961657226085663 -0.5191993713378906
vn 0.6958819031715393 0.49616575241088867 -0.5191992521286011
vn 0.6958819031715393 0.4961657226085663 -0.5191993117332458
vn 0.7370584607124329 0.4963831305503845 -0.4586377441883087
vn 0.7370584607124329 0.4963831305503845 -0.4586377739906311
vn 0.7370584607124329 0.4963831305503845 -0.4586377739906311
vn 0.33121687173843384 -0.8681087493896484 0.3697061538696289
vn 0.33121687173843384 -0.8681086897850037 0.3697062134742737
vn 0.3312169015407562 -0.8681086897850037 0.3697062134742737
vn 0.6713759303092957 0.7390123009681702 0.05581360310316086
vn 0.6713759303092957 0.7390123009681702 0.055813610553741455
vn 0.6713759899139404 0.7390122413635254 0.055813614279031754
vn 0.3601439297199249 0.3389645218849182 0.869137167930603
vn 0.3601439297199249 0.3389645218849182 0.869137167930603
vn 0.3601439297199249 0.3389644920825958 0.869137167930603
vn 0.27694010734558105 0.903948962688446 -0.32585349678993225
vn 0.27694013714790344 0.9039489030838013 -0.32585352659225464
vn 0.27694013714790344 0.9039489030838013 -0.32585352659225464
vn 0.45119625329971313 -0.27776551246643066 -0.8480968475341797
vn 0.45119625329971313 -0.27776554226875305 -0.8480968475341797
vn 0.45119625329971313 -0.27776554226875305 -0.8480968475341797
vn 0.38449975848197937 -0.7430302500724792 -0.5477827787399292
vn 0.38449975848197937 -0.7430302500724792 -0.5477827787399292
vn 0.3844996988773346 -0.743030309677124 -0.5477827191352844
vn 0.579849362373352 0.740600049495697 -0.3395383954048157
vn 0.5798493027687073 0.7406001091003418 -0.3395383954048157
vn 0.579849362373352 0.740600049495697 -0.3395383656024933
vn 0.6634305715560913 0.21360886096954346 -0.7170990705490112
vn 0.6634305715560913 0.21360883116722107 -0.7170990705490112
vn 0.6634305715560913 0.21360884606838226 -0.7170990705490112
vn 0.7092923521995544 -0.30952188372612 -0.6333250403404236
vn 0.7092922925949097 -0.30952188372612 -0.6333250403404236
vn 0.7092922925949097 -0.30952188372612 -0.6333250403404236
vn 0.7295097708702087 -0.617293655872345 0.29455748200416565
vn 0.7295097708702087 -0.6172935962677002 0.2945574223995209
vn 0.7295097708702087 -0.617293655872345 0.29455748200416565
vn 0.5844807028770447 -0.5105971097946167 0.6306131482124329
vn 0.5844807028770447 -0.5105971097946167 0.6306130886077881
vn 0.5844806432723999 -0.5105971693992615 0.6306130886077881
vn -0.15698188543319702 -0.8041329383850098 -0.5733471512794495
vn -0.15698187053203583 -0.8041329383850098 -0.5733471512794495
vn -0.15698190033435822 -0.8041329383850098 -0.5733471512794495
vn 0.4950113594532013 -0.8684400916099548 0.02784920297563076
vn 0.4950113594532013 -0.8684400916099548 0.02784920483827591
vn 0.4950113594532013 -0.8684400916099548 0.02784920297563076
vn 0.4950113594532013 -0.8684400916099548 0.02784920297563076
vn 0.4950113594532013 -0.8684400916099548 0.02784920297563076
vn 0.4950113892555237 -0.8684400916099548 0.02784920297563076
vn 0.09794308245182037 -0.9920915961265564 -0.07849439978599548
vn 0.09794309735298157 -0.9920915961265564 -0.07849439978599548
vn 0.09794308990240097 -0.9920915961265564 -0.07849439233541489
vn 0.27033889293670654 0.9156211018562317 -0.2975817322731018
vn 0.2703389823436737 0.9156210422515869 -0.2975817620754242
vn 0.27033889293670654 0.9156211018562317 -0.2975817024707794
vn 0.6257026195526123 0.7736835479736328 -0.09954912215471268
vn 0.6257026195526123 0.773683488368988 -0.09954913705587387
vn 0.6257026195526123 0.773683488368988 -0.09954912960529327
vn 0.5492255091667175 0.42855167388916016 -0.717422366142273
vn 0.5492255091667175 0.42855167388916016 -0.717422366142273
vn 0.5492255091667175 0.42855167388916016 -0.717422366142273
vn 0.38000714778900146 0.2563897669315338 0.888740062713623
vn 0.38000714778900146 0.2563897669315338 0.888740062713623
vn 0.3800070881843567 0.2563897371292114 0.888740062713623
vn 0.2728922367095947 0.07044409215450287 -0.95946204662323
vn 0.2728922665119171 0.07044409215450287 -0.95946204662323
vn 0.2728922665119171 0.07044409960508347 -0.95946204662323
vn 0.6148116588592529 -0.49237143993377686 0.6160982251167297
vn 0.6148115992546082 -0.49237143993377686 0.6160982251167297
vn 0.6148115992546082 -0.49237143993377686 0.6160982251167297
vn 0.3542085289955139 -0.1803082376718521 0.9176193475723267
vn 0.35420846939086914 -0.1803082376718521 0.9176193475723267
vn 0.3542085289955139 -0.1803082376718521 0.9176193475723267
vn 0.4017850160598755 -0.7871972918510437 -0.46785596013069153
vn 0.4017850160598755 -0.7871972918510437 -0.46785596013069153
vn 0.4017849862575531 -0.7871972918510437 -0.46785596013069153
vn 0.6478832960128784 0.5822028517723083 -0.4912097454071045
vn 0.6478833556175232 0.5822028517723083 -0.4912097752094269
vn 0.6478832960128784 0.5822028517723083 -0.4912097454071045
vn 0.06393298506736755 -0.6807336211204529 0.7297357320785522
vn 0.06393298506736755 -0.6807335615158081 0.729735791683197
vn 0.06393298506736755 -0.6807335615158081 0.729735791683197
vn 0.27366751432418823 -0.7442113161087036 -0.6093074679374695
vn 0.2736675441265106 -0.7442113757133484 -0.6093074083328247
vn 0.273667573928833 -0.7442113161087036 -0.6093074083328247
vn 0.45245975255966187 0.8904810547828674 -0.04820488020777702
vn 0.4524597227573395 0.8904810547828674 -0.04820488020777702
vn 0.4524597227573395 0.8904810547828674 -0.048204876482486725
vn 0.32908737659454346 0.35969749093055725 0.8731089234352112
vn 0.32908737659454346 0.35969749093055725 0.8731089234352112
vn 0.32908740639686584 0.35969746112823486 0.8731089234352112
vn 0.5314615368843079 0.20363923907279968 0.8222406506538391
vn 0.5314615368843079 0.20363925397396088 0.8222406506538391
vn 0.5314615368843079 0.20363925397396088 0.8222406506538391
vn 0.2995787262916565 -0.6107738614082336 0.732944667339325
vn 0.2995786964893341 -0.6107737421989441 0.7329447269439697
vn 0.2995787262916565 -0.6107738614082336 0.732944667339325
vn 0.6297118067741394 -0.5303431749343872 -0.5676259398460388
vn 0.6297117471694946 -0.5303431153297424 -0.5676259398460388
vn 0.6297117471694946 -0.5303431749343872 -0.5676259398460388
vn 0.7651425004005432 0.1173982173204422 -0.6330676674842834
vn 0.7651424407958984 0.1173982173204422 -0.6330677270889282
vn 0.7651425004005432 0.1173982098698616 -0.6330676674842834
vn 0.7651425004005432 0.1173982173204422 -0.6330676674842834
vn 0.7651425004005432 0.1173982098698616 -0.6330676674842834
vn 0.7651425004005432 0.1173982098698616 -0.6330676674842834
vn 0.273709237575531 0.3016749322414398 0.9132773280143738
vn 0.2737092077732086 0.3016749322414398 0.9132773280143738
vn 0.273709237575531 0.3016749620437622 0.9132773280143738
vn 0.16903531551361084 -0.7740620374679565 0.6101270914077759
vn 0.16903527081012726 -0.7740620374679565 0.6101270318031311
vn 0.16903527081012726 -0.7740620374679565 0.6101270318031311
vn -0.20801736414432526 -0.9757828712463379 0.0676504448056221
vn -0.20801737904548645 -0.9757828712463379 0.0676504448056221
vn -0.20801737904548645 -0.9757828712463379 0.0676504448056221
vn 0.1214991882443428 0.9204970598220825 -0.3713800311088562
vn 0.1214991956949234 0.9204970598220825 -0.3713800311088562
vn 0.12149918079376221 0.9204970598220825 -0.3713800311088562
vn 0.04835297167301178 0.7689309120178223 0.6375008225440979
vn 0.04835296794772148 0.7689308524131775 0.6375008821487427
vn 0.04835296422243118 0.7689308524131775 0.6375008821487427
vn 0.08997386693954468 0.8624527454376221 0.49807631969451904
vn 0.08997386693954468 0.8624527454376221 0.49807628989219666
vn 0.08997385948896408 0.8624527454376221 0.49807628989219666
vn -0.056438200175762177 0.7776356339454651 -0.6261768937110901
vn -0.05643819645047188 0.7776356339454651 -0.6261768937110901
vn -0.05643819645047188 0.7776356339454651 -0.6261768937110901
vn -0.0007103218231350183 0.40552517771720886 -0.9140836000442505
vn -0.0007103219395503402 0.40552517771720886 -0.9140836000442505
vn -0.0007103218231350183 0.40552520751953125 -0.9140836000442505
vn 0.02190210297703743 0.6719226837158203 -0.7402973771095276
vn 0.02190210483968258 0.6719227433204651 -0.7402973175048828
vn 0.02190210297703743 0.6719227433204651 -0.7402973175048828
vn 0.3043714165687561 -0.6674003601074219 -0.6796578168869019
vn 0.3043713867664337 -0.6674003601074219 -0.6796578764915466
vn 0.3043713867664337 -0.6674003601074219 -0.6796578168869019
vn 0.32018208503723145 -0.6560069918632507 -0.683475136756897
vn 0.32018208503723145 -0.6560069918632507 -0.683475136756897
vn 0.3201821446418762 -0.6560069918632507 -0.683475136756897
vn 0.22395671904087067 -0.7464373707771301 -0.6266375184059143
vn 0.22395673394203186 -0.7464373707771301 -0.6266375184059143
vn 0.22395671904087067 -0.7464373707771301 -0.6266375184059143
vn 0.07837150990962982 0.9969210028648376 -0.002538156695663929
vn 0.07837149500846863 0.9969210028648376 -0.0025381564628332853
vn 0.07837150245904922 0.9969210028648376 -0.0025381564628332853
vn 0.05198610946536064 0.9900028109550476 -0.1311177909374237
vn 0.05198611319065094 0.9900028109550476 -0.1311177909374237
vn 0.05198610946536064 0.9900028109550476 -0.1311178058385849
vn -0.08271543681621552 0.9527451992034912 0.2922922670841217
vn -0.08271542191505432 0.9527451992034912 0.2922922670841217
vn -0.08271541446447372 0.9527451992034912 0.2922922372817993
vn -0.009495154954493046 0.1744895577430725 0.9846132397651672
vn -0.009495154954493046 0.1744895726442337 0.9846132397651672
vn -0.00949515588581562 0.17448954284191132 0.9846132397651672
vn 0.02819645032286644 0.3360987603664398 0.9414045810699463
vn 0.02819644846022129 0.33609873056411743 0.9414045810699463
vn 0.02819644846022129 0.33609873056411743 0.9414045810699463
vn 0.3858463168144226 0.49501609802246094 0.7785124778747559
vn 0.3858463168144226 0.4950161576271057 0.7785124778747559
vn 0.3858463168144226 0.4950161278247833 0.7785124778747559
vn 0.5793749094009399 0.5693512558937073 0.5832356810569763
vn 0.5793749094009399 0.5693512558937073 0.5832356214523315
vn 0.5793749094009399 0.5693512558937073 0.5832356810569763
vn 0.47977110743522644 0.3326684534549713 -0.8118813633918762
vn 0.47977113723754883 0.3326684236526489 -0.8118813633918762
vn 0.4797711670398712 0.3326684236526489 -0.8118813633918762
vn 0.3128391206264496 0.009660882875323296 -0.9497569799423218
vn 0.3128390908241272 0.00966088380664587 -0.9497569799423218
vn 0.312839150428772 0.009660884737968445 -0.9497569799423218
vn 0.23680104315280914 0.7498380541801453 -0.6177930235862732
vn 0.23680107295513153 0.7498379945755005 -0.6177930235862732
vn 0.23680104315280914 0.7498380541801453 -0.6177930235862732
vn 0.15379518270492554 0.21609754860401154 -0.9641830325126648
vn 0.15379521250724792 0.21609757840633392 -0.9641830325126648
vn 0.15379518270492554 0.21609753370285034 -0.9641830325126648
vn -0.15876300632953644 -0.7248057723045349 0.6704109907150269
vn -0.15876299142837524 -0.7248058319091797 0.6704109311103821
vn -0.15876300632953644 -0.7248058319091797 0.6704108715057373
vn 0.353848397731781 0.42843854427337646 -0.8314034938812256
vn 0.3538483679294586 0.42843857407569885 -0.8314034938812256
vn 0.3538483679294586 0.42843854427337646 -0.8314034938812256
vn 0.41238340735435486 0.4325093626976013 0.8017951846122742
vn 0.41238340735435486 0.43250933289527893 0.801795244216919
vn 0.41238343715667725 0.4325093626976013 0.8017951846122742
vn 0.4693782329559326 0.1455693542957306 -0.870915412902832
vn 0.46937820315361023 0.1455693393945694 -0.870915412902832
vn 0.4693782329559326 0.1455693393945694 -0.870915412902832
vn 0.5026972889900208 -0.10599935054779053 -0.8579391241073608
vn 0.5026972889900208 -0.10599935054779053 -0.8579391241073608
vn 0.5026971697807312 -0.10599934309720993 -0.8579391837120056
vn 0.27854782342910767 -0.6055629849433899 0.7454559206962585
vn 0.27854788303375244 -0.6055630445480347 0.7454559206962585
vn 0.27854785323143005 -0.6055629849433899 0.7454559206962585
vn -0.34456971287727356 0.6156821846961975 0.7086657881736755
vn -0.34456974267959595 0.6156822443008423 0.7086657285690308
vn -0.34456977248191833 0.6156821846961975 0.7086657881736755
vn -0.6038005352020264 -0.7413139939308167 0.29305028915405273
vn -0.6038005352020264 -0.7413139939308167 0.29305028915405273
vn -0.6038004755973816 -0.7413139939308167 0.29305028915405273
vn -0.08191797882318497 -0.9804091453552246 0.17912937700748444
vn -0.08191798627376556 -0.9804091453552246 0.17912936210632324
vn -0.08191798627376556 -0.9804091453552246 0.17912937700748444
vn 0.250701367855072 0.966748058795929 0.05046797916293144
vn 0.2507013976573944 0.966748058795929 0.05046797916293144
vn 0.2507013976573944 0.966748058795929 0.05046798661351204
vn 0.3660767078399658 0.4999102056026459 0.7849061489105225
vn 0.3660767078399658 0.49991026520729065 0.7849060893058777
vn 0.3660767078399658 0.4999102056026459 0.7849061489105225
vn 0.46907827258110046 -0.21947740018367767 -0.8554503321647644
vn 0.46907830238342285 -0.21947741508483887 -0.8554502725601196
vn 0.46907827258110046 -0.21947741508483887 -0.8554503321647644
vn 0.3004815876483917 -0.6168020963668823 -0.727506697177887
vn 0.30048155784606934 -0.6168020963668823 -0.7275067567825317
vn 0.3004815876483917 -0.6168020963668823 -0.727506697177887
vn 0.22660398483276367 -0.6987247467041016 0.6785531044006348
vn 0.2266039401292801 -0.6987248063087463 0.67855304479599
vn 0.22660398483276367 -0.6987247467041016 0.6785531044006348
vn 0.37894466519355774 -0.11761440336704254 -0.9179149270057678
vn 0.37894466519355774 -0.11761440336704254 -0.9179149270057678
vn 0.37894466519355774 -0.11761438846588135 -0.9179149270057678
vn 0.09268668293952942 0.1529012769460678 -0.9838853478431702
vn 0.09268668293952942 0.1529012769460678 -0.9838853478431702
vn 0.09268666058778763 0.15290124714374542 -0.9838853478431702
vn -0.46753203868865967 -0.5606752634048462 0.6834157109260559
vn -0.46753209829330444 -0.5606752038002014 0.6834157705307007
vn -0.46753212809562683 -0.5606752038002014 0.6834157109260559
vn -0.015002433210611343 -0.23990498483181 -0.9706804156303406
vn -0.015002434141933918 -0.2399049997329712 -0.9706804156303406
vn -0.015002434141933918 -0.23990498483181 -0.9706804156303406
vn -0.1409652680158615 -0.986259400844574 -0.08614616841077805
vn -0.1409652829170227 -0.986259400844574 -0.08614616841077805
vn -0.14096525311470032 -0.986259400844574 -0.08614616841077805
vn -0.1409652680158615 -0.986259400844574 -0.08614616841077805
vn -0.14096525311470032 -0.986259400844574 -0.08614616841077805
vn -0.14096525311470032 -0.986259400844574 -0.08614617586135864
vn -0.5522897839546204 -0.8290013074874878 -0.0879364162683487
vn -0.5522897243499756 -0.8290013670921326 -0.0879364162683487
vn -0.5522897839546204 -0.8290013074874878 -0.08793642371892929
vn 0.18008922040462494 -0.7139630913734436 -0.6766273975372314
vn 0.18008920550346375 -0.7139631509780884 -0.6766273379325867
vn 0.18008919060230255 -0.7139630913734436 -0.6766273379325867
vn -0.20774807035923004 0.6188860535621643 0.7575095891952515
vn -0.20774810016155243 0.6188859939575195 0.7575096487998962
vn -0.20774807035923004 0.6188859939575195 0.7575096487998962
vn -0.212479829788208 -0.6699420809745789 0.711357831954956
vn -0.21247981488704681 -0.6699420809745789 0.711357831954956
vn -0.21247981488704681 -0.6699420809745789 0.711357831954956
vn -0.58311527967453 -0.004291131626814604 0.8123781085014343
vn -0.58311527967453 -0.004291131626814604 0.8123781085014343
vn -0.58311527967453 -0.004291131626814604 0.8123781085014343
vn -0.3326692581176758 -0.91072678565979 -0.24476099014282227
vn -0.332669198513031 -0.91072678565979 -0.24476097524166107
vn -0.3326692581176758 -0.91072678565979 -0.24476099014282227
vn -0.1942792683839798 -0.9794801473617554 -0.053611595183610916
vn -0.194279283285141 -0.9794801473617554 -0.053611595183610916
vn -0.19427931308746338 -0.9794801473617554 -0.053611598908901215
vn -0.19321221113204956 -0.8701819181442261 0.45326870679855347
vn -0.19321219623088837 -0.8701818585395813 0.45326873660087585
vn -0.19321221113204956 -0.8701818585395813 0.45326870679855347
vn -0.22100718319416046 -0.9305500984191895 0.2919457256793976
vn -0.22100721299648285 -0.9305500984191895 0.2919457256793976
vn -0.22100719809532166 -0.9305500984191895 0.2919457256793976
vn 0.3282250165939331 0.9311239719390869 -0.15898598730564117
vn 0.32822495698928833 0.9311239719390869 -0.15898597240447998
vn 0.3282249867916107 0.9311239719390869 -0.15898597240447998
vn 0.336935430765152 0.4110691249370575 -0.8470517992973328
vn 0.3369354009628296 0.4110691547393799 -0.8470517992973328
vn 0.3369353711605072 0.4110691249370575 -0.8470517992973328
vn 0.3716040551662445 0.4225804805755615 -0.8266414999961853
vn 0.3716040849685669 0.42258045077323914 -0.8266414999961853
vn 0.3716040849685669 0.42258045077323914 -0.8266414999961853
vn 0.038330137729644775 0.14313942193984985 0.9889600276947021
vn 0.03833013400435448 0.14313940703868866 0.9889600276947021
vn 0.038330141454935074 0.14313942193984985 0.9889600276947021
vn 0.32477977871894836 0.45592251420021057 -0.8286451101303101
vn 0.32477977871894836 0.45592254400253296 -0.8286451101303101
vn 0.32477980852127075 0.45592257380485535 -0.8286451101303101
vn 0.24314747750759125 -0.5773730278015137 0.7794355154037476
vn 0.24314747750759125 -0.5773730278015137 0.7794355154037476
vn 0.24314746260643005 -0.5773729681968689 0.7794355154037476
vn 0.1284162700176239 -0.3771112561225891 0.9172220826148987
vn 0.1284162849187851 -0.3771113157272339 0.9172220826148987
vn 0.1284162998199463 -0.3771113455295563 0.9172220826148987
vn 0.2997483015060425 -0.6709113717079163 -0.6782543063163757
vn 0.29974833130836487 -0.6709113717079163 -0.6782543063163757
vn 0.29974833130836487 -0.6709113717079163 -0.6782543063163757
vn -0.19509780406951904 0.31583932042121887 -0.9285377860069275
vn -0.19509781897068024 0.31583932042121887 -0.9285377860069275
vn -0.19509781897068024 0.31583932042121887 -0.9285377860069275
vn -0.6323301196098328 -0.5915652513504028 0.5002092123031616
vn -0.6323301196098328 -0.5915652513504028 0.5002092123031616
vn -0.6323301196098328 -0.5915652513504028 0.5002092123031616
vn -0.7447758913040161 -0.6496790051460266 0.15240101516246796
vn -0.7447758316993713 -0.6496790647506714 0.15240103006362915
vn -0.7447758316993713 -0.6496790647506714 0.15240103006362915
vn -0.3002338409423828 -0.7629138231277466 0.5725575089454651
vn -0.3002338707447052 -0.7629138231277466 0.5725575089454651
vn -0.3002339005470276 -0.7629138231277466 0.5725575089454651
vn 0.400486022233963 0.9127218127250671 0.08093087375164032
vn 0.4004860520362854 0.9127218127250671 0.08093088120222092
vn 0.4004859924316406 0.9127218127250671 0.08093087375164032
vn 0.04656079784035683 0.8292068839073181 -0.556999146938324
vn 0.04656079784035683 0.8292068839073181 -0.556999146938324
vn 0.04656079784035683 0.8292068839073181 -0.556999146938324
vn 0.1656307876110077 -0.6164101362228394 0.7698084115982056
vn 0.1656307876110077 -0.6164101958274841 0.7698083519935608
vn 0.16563080251216888 -0.6164101958274841 0.7698083519935608
vn 0.29737067222595215 -0.672004759311676 -0.678218424320221
vn 0.29737064242362976 -0.6720046997070312 -0.6782184839248657
vn 0.29737067222595215 -0.6720046997070312 -0.6782184839248657
vn -0.11829961091279984 -0.45203474164009094 -0.8841209411621094
vn -0.11829960346221924 -0.45203474164009094 -0.8841209411621094
vn -0.11829961091279984 -0.45203474164009094 -0.8841209411621094
vn 0.38872677087783813 0.791961669921875 0.4708377420902252
vn 0.38872677087783813 0.791961669921875 0.47083771228790283
vn 0.38872677087783813 0.791961669921875 0.47083771228790283
vn 0.4264824390411377 0.8132783770561218 0.39584222435951233
vn 0.4264823794364929 0.8132784366607666 0.39584216475486755
vn 0.4264823794364929 0.8132784366607666 0.39584216475486755
vn 0.7541750073432922 0.5789016485214233 -0.3099886476993561
vn 0.7541750073432922 0.5789016485214233 -0.3099886476993561
vn 0.7541750073432922 0.5789016485214233 -0.3099886476993561
vn 0.3108673691749573 0.9147635102272034 0.25801002979278564
vn 0.3108673393726349 0.9147635102272034 0.25801002979278564
vn 0.3108673393726349 0.9147635102272034 0.25801002979278564
vn 0.2961336672306061 0.940664529800415 0.16569572687149048
vn 0.2961336672306061 0.940664529800415 0.16569572687149048
vn 0.29613369703292847 0.940664529800415 0.16569571197032928
vn -0.2651831805706024 0.4239976108074188 0.8659698963165283
vn -0.2651831805706024 0.4239976108074188 0.8659698963165283
vn -0.2651831805706024 0.4239976108074188 0.8659698963165283
vn 0.05018848553299904 -0.7555068731307983 0.6532154679298401
vn 0.05018848180770874 -0.7555069327354431 0.6532154083251953
vn 0.05018848925828934 -0.7555069327354431 0.6532154679298401
vn -0.07467414438724518 -0.9937947988510132 0.08243607729673386
vn -0.07467414438724518 -0.9937947988510132 0.08243606984615326
vn -0.07467415183782578 -0.9937947988510132 0.08243606984615326
vn -0.5298821330070496 -0.8404459357261658 0.11347071081399918
vn -0.5298821330070496 -0.8404459357261658 0.11347071081399918
vn -0.5298821330070496 -0.8404459357261658 0.11347071826457977
vn -0.5129243731498718 -0.7755633592605591 -0.36798104643821716
vn -0.5129244327545166 -0.7755633592605591 -0.36798107624053955
vn -0.5129244327545166 -0.7755632996559143 -0.36798107624053955
vn -0.10906707495450974 0.7439107894897461 0.6593186855316162
vn -0.10906707495450974 0.7439107894897461 0.6593186855316162
vn -0.10906706750392914 0.7439107894897461 0.6593186855316162
vn -0.0481807142496109 0.6437065601348877 0.7637541890144348
vn -0.048180703073740005 0.6437066197395325 0.7637541890144348
vn -0.048180703073740005 0.6437066197395325 0.7637541890144348
vn -0.1806201934814453 0.6037827134132385 -0.7764166593551636
vn -0.1806201934814453 0.6037827134132385 -0.7764165997505188
vn -0.18062017858028412 0.6037827134132385 -0.7764165997505188
vn 0.04842419549822807 0.7546905279159546 0.6542914509773254
vn 0.04842419922351837 0.7546904683113098 0.6542915105819702
vn 0.04842419922351837 0.7546905279159546 0.6542915105819702
vn -0.16240091621875763 0.5311183333396912 -0.8315883874893188
vn -0.16240093111991882 0.5311183333396912 -0.8315883874893188
vn -0.16240093111991882 0.5311183333396912 -0.8315883874893188
vn 0.5202313661575317 0.6640017628669739 -0.5370855927467346
vn 0.5202313661575317 0.6640017628669739 -0.5370856523513794
vn 0.5202313661575317 0.6640017628669739 -0.5370856523513794
vn 0.09115249663591385 -0.8000125288963318 -0.593018651008606
vn 0.09115250408649445 -0.8000125288963318 -0.593018651008606
vn 0.09115250408649445 -0.8000125288963318 -0.593018651008606
vn -0.5141564607620239 -0.29790788888931274 -0.8042972683906555
vn -0.5141564607620239 -0.29790782928466797 -0.8042972683906555
vn -0.5141565203666687 -0.29790782928466797 -0.8042972087860107
vn -0.054811179637908936 -0.9847475290298462 -0.16513022780418396
vn -0.05481117218732834 -0.9847475290298462 -0.16513021290302277
vn -0.05481117218732834 -0.9847475290298462 -0.16513022780418396
vn -0.06292568892240524 -0.9862684607505798 -0.15269207954406738
vn -0.06292569637298584 -0.9862684607505798 -0.15269207954406738
vn -0.06292569637298584 -0.9862684607505798 -0.15269207954406738
vn -0.6660104393959045 -0.4016856849193573 0.6285529136657715
vn -0.6660104393959045 -0.4016856849193573 0.6285529136657715
vn -0.6660103797912598 -0.4016856551170349 0.6285529136657715
vn -0.4679471254348755 -0.2588379979133606 -0.8450019955635071
vn -0.4679470956325531 -0.2588379681110382 -0.8450019955635071
vn -0.4679470956325531 -0.2588379383087158 -0.8450020551681519
vn 0.24010653793811798 0.970702052116394 0.00929094199091196
vn 0.24010655283927917 0.970702052116394 0.009290942922234535
vn 0.24010655283927917 0.970702052116394 0.00929094385355711
vn 0.26933711767196655 0.8970667719841003 -0.35032662749290466
vn 0.26933708786964417 0.8970667719841003 -0.3503265976905823
vn 0.26933708786964417 0.8970667719841003 -0.35032662749290466
vn 0.26933711767196655 0.8970667719841003 -0.35032662749290466
vn 0.26933708786964417 0.8970667719841003 -0.35032662749290466
vn 0.2693370580673218 0.8970667719841003 -0.35032662749290466
vn -0.3071417212486267 0.5520167350769043 0.7752041816711426
vn -0.3071417212486267 0.5520166754722595 0.7752042412757874
vn -0.3071417212486267 0.5520166754722595 0.7752041816711426
vn -0.1573944389820099 0.5247263312339783 0.8365938663482666
vn -0.1573944389820099 0.5247263312339783 0.8365938663482666
vn -0.15739445388317108 0.5247263312339783 0.8365938663482666
vn 0.3680788576602936 -0.06771707534790039 -0.9273253679275513
vn 0.36807888746261597 -0.06771707534790039 -0.9273253679275513
vn 0.36807888746261597 -0.06771707534790039 -0.9273253679275513
vn 0.031907375901937485 -0.7417578101158142 0.6699084639549255
vn 0.031907375901937485 -0.7417577505111694 0.6699084639549255
vn 0.031907375901937485 -0.7417577505111694 0.6699084639549255
vn -0.9874704480171204 -0.05001271888613701 -0.14966922998428345
vn -0.9874704480171204 -0.05001271143555641 -0.14966924488544464
vn -0.9874704480171204 -0.05001271888613701 -0.14966924488544464
vn -0.7057982087135315 -0.6163996458053589 0.34914231300354004
vn -0.7057982683181763 -0.6163995265960693 0.34914231300354004
vn -0.705798327922821 -0.6163995265960693 0.34914231300354004
vn -0.3731028139591217 -0.7279765605926514 -0.5751907229423523
vn -0.3731028437614441 -0.7279766201972961 -0.5751907229423523
vn -0.3731028139591217 -0.7279766201972961 -0.5751907229423523
vn -0.4198601245880127 -0.44326716661453247 -0.7919796109199524
vn -0.4198601245880127 -0.44326716661453247 -0.7919796109199524
vn -0.4198601543903351 -0.4432671368122101 -0.7919796109199524
vn -0.6927986145019531 0.16383938491344452 -0.7022725343704224
vn -0.6927986145019531 0.16383938491344452 -0.7022725343704224
vn -0.6927987337112427 0.16383938491344452 -0.7022724747657776
vn 0.19467602670192719 -0.9788609743118286 -0.06270911544561386
vn 0.19467604160308838 -0.9788609743118286 -0.06270911544561386
vn 0.19467602670192719 -0.9788609743118286 -0.06270912289619446
vn -0.747583270072937 -0.4767441153526306 0.462422251701355
vn -0.747583270072937 -0.4767441153526306 0.462422251701355
vn -0.747583270072937 -0.47674405574798584 0.4624222218990326
vn -0.5229582190513611 0.3532606065273285 -0.7757071852684021
vn -0.5229582190513611 0.3532606363296509 -0.7757071852684021
vn -0.5229582786560059 0.3532606065273285 -0.7757071852684021
vn -0.43418824672698975 -0.89762282371521 0.07585375756025314
vn -0.43418824672698975 -0.89762282371521 0.07585375010967255
vn -0.43418821692466736 -0.8976228833198547 0.07585374265909195
vn 0.19700345396995544 0.9800054430961609 0.027910588309168816
vn 0.19700346887111664 0.9800054430961609 0.027910588309168816
vn 0.19700343906879425 0.9800054430961609 0.027910582721233368
vn -0.09765301644802094 0.5845436453819275 -0.8054642081260681
vn -0.09765302389860153 0.5845436453819275 -0.8054642081260681
vn -0.09765301644802094 0.5845436453819275 -0.8054642081260681
vn 0.4094814658164978 0.4431750476360321 -0.7974464297294617
vn 0.4094814360141754 0.4431750476360321 -0.7974464297294617
vn 0.4094814956188202 0.4431750774383545 -0.7974464297294617
vn -0.22697925567626953 0.42252689599990845 0.8774687647819519
vn -0.22697924077510834 0.42252692580223083 0.8774687647819519
vn -0.22697925567626953 0.42252692580223083 0.8774687647819519
vn 0.4244699478149414 0.4637168049812317 -0.7776837348937988
vn 0.424469918012619 0.46371686458587646 -0.777683675289154
vn 0.424469918012619 0.4637168347835541 -0.7776837348937988
vn 0.005040427204221487 -0.929183304309845 -0.3695848882198334
vn 0.005040425807237625 -0.929183304309845 -0.3695848286151886
vn 0.005040427204221487 -0.929183304309845 -0.3695848882198334
vn -0.9314486980438232 -0.2874372601509094 0.22312135994434357
vn -0.9314486980438232 -0.2874373197555542 0.22312140464782715
vn -0.9314486980438232 -0.2874372601509094 0.22312137484550476
vn -0.627315878868103 -0.6143490672111511 -0.4785917401313782
vn -0.627315878868103 -0.6143490076065063 -0.4785917103290558
vn -0.627315878868103 -0.6143490672111511 -0.4785917401313782
vn -0.8625945448875427 0.4587330222129822 -0.21329474449157715
vn -0.8625945448875427 0.45873308181762695 -0.21329475939273834
vn -0.8625945448875427 0.45873308181762695 -0.21329477429389954
vn -0.4961555004119873 0.8498367071151733 0.1777842789888382
vn -0.4961555302143097 0.8498367071151733 0.1777842938899994
vn -0.4961554706096649 0.8498367071151733 0.17778430879116058
vn -0.5485526323318481 0.6654424667358398 0.5062374472618103
vn -0.5485526323318481 0.6654424667358398 0.5062374472618103
vn -0.5485526323318481 0.6654424667358398 0.5062375068664551
vn 0.34854862093925476 0.9318104386329651 -0.10120845586061478
vn 0.34854868054389954 0.9318104386329651 -0.10120846331119537
vn 0.34854865074157715 0.9318104386329651 -0.10120845586061478
vn -0.21991172432899475 0.032975733280181885 0.9749622941017151
vn -0.21991173923015594 0.032975733280181885 0.9749622941017151
vn -0.21991173923015594 0.03297573700547218 0.9749622941017151
vn 0.21720951795578003 -0.23270276188850403 -0.9479817748069763
vn 0.21720950305461884 -0.23270274698734283 -0.9479817748069763
vn 0.21720953285694122 -0.23270274698734283 -0.9479817748069763
vn 0.16563981771469116 -0.4533095061779022 -0.8758275508880615
vn 0.16563981771469116 -0.4533095359802246 -0.8758275508880615
vn 0.16563980281352997 -0.45330944657325745 -0.8758276104927063
vn 0.011048044078052044 -0.8125483989715576 -0.5827890038490295
vn 0.01104804314672947 -0.8125483393669128 -0.5827890634536743
vn 0.011048045009374619 -0.8125483989715576 -0.5827890038490295
vn 0.04741182178258896 -0.9534377455711365 0.297839879989624
vn 0.04741182178258896 -0.9534377455711365 0.2978399097919464
vn 0.04741182550787926 -0.9534377455711365 0.297839879989624
vn -0.18680347502231598 -0.961369514465332 -0.20217104256153107
vn -0.18680347502231598 -0.961369514465332 -0.20217104256153107
vn -0.18680346012115479 -0.961369514465332 -0.20217105746269226
vn -0.0023241282906383276 -0.9241276979446411 0.3820766508579254
vn -0.002324128756299615 -0.9241276979446411 0.3820767104625702
vn -0.0023241285234689713 -0.9241276979446411 0.3820767104625702
vn -0.05875787511467934 0.9261820316314697 -0.3724706470966339
vn -0.05875787138938904 0.9261820316314697 -0.3724706172943115
vn -0.05875787511467934 0.9261820316314697 -0.3724706470966339
vn -0.6743676066398621 0.5299184322357178 0.5142127871513367
vn -0.6743676066398621 0.5299184322357178 0.5142127275466919
vn -0.6743676066398621 0.5299184918403625 0.5142127871513367
vn -0.10986209660768509 0.584042489528656 -0.8042541146278381
vn -0.10986210405826569 0.5840424299240112 -0.8042541742324829
vn -0.10986210405826569 0.5840424299240112 -0.8042541742324829
vn -0.2323506772518158 0.5903462171554565 -0.7729841470718384
vn -0.2323506772518158 0.5903461575508118 -0.7729842066764832
vn -0.2323506623506546 0.5903461575508118 -0.7729842066764832
vn -0.1500129997730255 0.7053440809249878 -0.69281005859375
vn -0.1500129997730255 0.7053440809249878 -0.69281005859375
vn -0.1500129997730255 0.7053440809249878 -0.69281005859375
vn 0.031016962602734566 -0.9750879406929016 -0.21963946521282196
vn 0.031016960740089417 -0.9750879406929016 -0.21963945031166077
vn 0.031016960740089417 -0.9750879406929016 -0.21963942050933838
vn -0.007821661420166492 0.9990673065185547 -0.042465176433324814
vn -0.007821661420166492 0.9990673065185547 -0.042465172708034515
vn -0.007821661420166492 0.9990673065185547 -0.042465172708034515
vn -0.20943832397460938 0.9498449563980103 -0.232228621840477
vn -0.20943835377693176 0.9498449563980103 -0.232228621840477
vn -0.20943832397460938 0.9498449563980103 -0.232228621840477
vn -0.09766233712434769 0.5579893589019775 -0.824081301689148
vn -0.09766234457492828 0.5579893589019775 -0.824081301689148
vn -0.09766232967376709 0.5579893589019775 -0.824081301689148
vn 0.6826295852661133 0.5965947508811951 -0.4220089018344879
vn 0.6826295852661133 0.5965948700904846 -0.42200884222984314
vn 0.6826295256614685 0.5965948700904846 -0.4220089018344879
vn -0.6691441535949707 0.5133201479911804 0.5373532772064209
vn -0.6691441535949707 0.5133200883865356 0.5373532772064209
vn -0.6691441535949707 0.5133201479911804 0.5373532176017761
vn -0.13872194290161133 0.9539607167243958 -0.2659231722354889
vn -0.13872194290161133 0.9539607167243958 -0.2659231424331665
vn -0.13872195780277252 0.9539607167243958 -0.2659232020378113
vn 0.025208434090018272 0.4784463346004486 0.8777548670768738
vn 0.02520843595266342 0.4784463047981262 0.8777549266815186
vn 0.02520843595266342 0.4784463047981262 0.8777549266815186
vn -0.08952853828668594 0.5300219058990479 0.8432445526123047
vn -0.08952854573726654 0.5300219655036926 0.8432445526123047
vn -0.08952853083610535 0.5300219058990479 0.8432445526123047
vn -0.0720495879650116 0.1675633043050766 -0.9832249879837036
vn -0.0720495879650116 0.1675632894039154 -0.9832249879837036
vn -0.072049580514431 0.1675632894039154 -0.9832249879837036
vn -0.15745919942855835 -0.6019110679626465 -0.7828854918479919
vn -0.15745919942855835 -0.601911187171936 -0.7828853726387024
vn -0.15745921432971954 -0.601911187171936 -0.7828853726387024
vn -0.1254568248987198 -0.7896349430084229 -0.600614070892334
vn -0.1254568099975586 -0.7896349430084229 -0.600614070892334
vn -0.1254568248987198 -0.7896349430084229 -0.6006140112876892
vn -0.2719498872756958 0.6848939657211304 0.6759908199310303
vn -0.2719498872756958 0.6848939061164856 0.6759908199310303
vn -0.2719498574733734 0.6848939061164856 0.6759908199310303
vn -0.6747376918792725 0.5285890698432922 0.5150948166847229
vn -0.6747376918792725 0.5285890698432922 0.5150948166847229
vn -0.6747376918792725 0.5285890698432922 0.5150948166847229
vn 0.7937201857566833 0.14375726878643036 -0.5910517573356628
vn 0.7937201857566833 0.14375728368759155 -0.5910517573356628
vn 0.7937201261520386 0.14375728368759155 -0.5910517573356628
vn -0.2047273963689804 0.9103149175643921 -0.3597407639026642
vn -0.2047274112701416 0.9103149175643921 -0.3597407937049866
vn -0.2047274112701416 0.9103149175643921 -0.3597407937049866
vn -0.2099512368440628 0.29777637124061584 0.9312624335289001
vn -0.2099512219429016 0.29777634143829346 0.9312624335289001
vn -0.20995120704174042 0.29777634143829346 0.9312624335289001
vn -0.2417110949754715 -0.8061313033103943 0.5401185750961304
vn -0.2417111098766327 -0.8061313629150391 0.5401185154914856
vn -0.2417110949754715 -0.8061313033103943 0.5401185750961304
vn 0.12252224236726761 -0.9522421360015869 -0.27968403697013855
vn 0.1225222498178482 -0.9522421360015869 -0.27968406677246094
vn 0.1225222498178482 -0.9522421360015869 -0.27968406677246094
vn 0.006674709729850292 -0.9511586427688599 -0.3086302876472473
vn 0.006674709729850292 -0.9511586427688599 -0.3086302876472473
vn 0.006674709729850292 -0.9511586427688599 -0.3086302876472473
vn 0.6432908773422241 -0.34379056096076965 -0.6840941905975342
vn 0.6432909369468689 -0.34379053115844727 -0.6840941309928894
vn 0.6432908773422241 -0.34379059076309204 -0.684094250202179
vn 0.5275101065635681 0.015758678317070007 -0.8494026064872742
vn 0.5275101661682129 0.015758678317070007 -0.8494025468826294
vn 0.5275100469589233 0.015758678317070007 -0.8494026064872742
vn 0.5282272100448608 0.5037940740585327 -0.6834965944290161
vn 0.5282272100448608 0.5037940740585327 -0.6834965944290161
vn 0.5282272100448608 0.5037940740585327 -0.6834965944290161
vn 0.042841069400310516 0.9790834188461304 0.19889777898788452
vn 0.04284106567502022 0.9790834188461304 0.19889777898788452
vn 0.04284106567502022 0.9790834188461304 0.19889776408672333
vn 0.13354253768920898 0.6340757608413696 0.761652410030365
vn 0.13354253768920898 0.6340757608413696 0.7616523504257202
vn 0.13354253768920898 0.6340758204460144 0.7616523504257202
vn 0.16343779861927032 0.3734890818595886 0.9131231904029846
vn 0.16343778371810913 0.373489111661911 0.9131231904029846
vn 0.16343778371810913 0.3734890818595886 0.9131231904029846
vn -0.5581364631652832 0.0444997176527977 -0.8285550475120544
vn -0.558136522769928 0.0444997176527977 -0.8285549879074097
vn -0.5581364631652832 0.0444997176527977 -0.8285550475120544
vn -0.41617244482040405 -0.5338883996009827 0.7360459566116333
vn -0.41617247462272644 -0.5338883399963379 0.7360460162162781
vn -0.41617244482040405 -0.5338883399963379 0.7360460162162781
vn -0.24229378998279572 -0.754316508769989 0.610164225101471
vn -0.24229378998279572 -0.7543164491653442 0.610164225101471
vn -0.2422938197851181 -0.754316508769989 0.6101641654968262
vn -0.24088993668556213 -0.8074034452438354 0.5385830998420715
vn -0.24088993668556213 -0.8074034452438354 0.5385830998420715
vn -0.24088995158672333 -0.8074035048484802 0.538582980632782
vn -0.4744583070278168 -0.7569094300270081 -0.4494189918041229
vn -0.47445833683013916 -0.7569093704223633 -0.4494191110134125
vn -0.47445836663246155 -0.7569093704223633 -0.4494190514087677
vn 0.052374400198459625 -0.9608466029167175 -0.2720859944820404
vn 0.052374403923749924 -0.9608465433120728 -0.2720860242843628
vn 0.052374400198459625 -0.9608466029167175 -0.272085964679718
vn 0.8628219962120056 0.4119460880756378 -0.2929823398590088
vn 0.8628219962120056 0.41194602847099304 -0.2929823100566864
vn 0.8628219962120056 0.41194605827331543 -0.2929823398590088
vn -0.4045722484588623 0.7403627634048462 0.5368279814720154
vn -0.4045722186565399 0.7403627634048462 0.5368279814720154
vn -0.4045722484588623 0.740362823009491 0.5368279218673706
vn -0.41990235447883606 -0.511149525642395 0.7499387860298157
vn -0.41990241408348083 -0.511149525642395 0.7499387264251709
vn -0.41990241408348083 -0.511149525642395 0.7499387264251709
vn 0.20339250564575195 -0.42613109946250916 0.8815008401870728
vn 0.20339250564575195 -0.42613109946250916 0.8815008401870728
vn 0.20339252054691315 -0.42613115906715393 0.8815008401870728
vn 0.1907043755054474 -0.8604475259780884 0.47250598669052124
vn 0.1907043755054474 -0.8604475259780884 0.47250598669052124
vn 0.1907043755054474 -0.8604475259780884 0.47250601649284363
vn -0.010359806008636951 -0.94715815782547 0.32059958577156067
vn -0.010359806939959526 -0.94715815782547 0.32059961557388306
vn -0.010359805077314377 -0.94715815782547 0.3205995559692383
vn -0.05289391055703163 0.8644120693206787 -0.4999939799308777
vn -0.05289391428232193 0.8644120693206787 -0.4999939799308777
vn -0.05289391055703163 0.8644120693206787 -0.4999939501285553
vn 0.39455872774124146 0.9029872417449951 0.17011022567749023
vn 0.39455875754356384 0.9029871821403503 0.17011025547981262
vn 0.39455872774124146 0.9029872417449951 0.17011024057865143
vn -0.347821980714798 0.6768752336502075 0.6487370133399963
vn -0.34782201051712036 0.6768753528594971 0.6487369537353516
vn -0.34782204031944275 0.6768752932548523 0.6487370133399963
vn 0.6795725226402283 0.6666838526725769 -0.3061272203922272
vn 0.679572582244873 0.6666837930679321 -0.3061271905899048
vn 0.6795725226402283 0.6666838526725769 -0.3061272203922272
vn -0.4553561806678772 0.3366219401359558 0.8242186903953552
vn -0.4553561806678772 0.3366219401359558 0.8242186903953552
vn -0.4553561806678772 0.3366219103336334 0.8242186903953552
vn 0.528307318687439 0.5037617087364197 -0.6834585070610046
vn 0.528307318687439 0.5037617087364197 -0.6834585070610046
vn 0.5283072590827942 0.5037617087364197 -0.6834585666656494
vn -0.4131697118282318 0.8021624088287354 -0.4310756325721741
vn -0.4131697118282318 0.8021624088287354 -0.43107566237449646
vn -0.4131697118282318 0.8021624088287354 -0.43107566237449646
vn -0.7233160138130188 0.35322487354278564 -0.5933347344398499
vn -0.7233160138130188 0.35322490334510803 -0.5933347344398499
vn -0.7233160138130188 0.35322490334510803 -0.5933347344398499
vn -0.06929555535316467 0.22215475142002106 0.9725458025932312
vn -0.06929554790258408 0.22215475142002106 0.9725458025932312
vn -0.06929554790258408 0.22215473651885986 0.972545862197876
vn -0.06983352452516556 0.20645643770694733 0.9759605526924133
vn -0.06983351707458496 0.20645645260810852 0.9759605526924133
vn -0.06983352452516556 0.20645642280578613 0.9759605526924133
vn -0.24711188673973083 -0.7516012191772461 0.611581027507782
vn -0.24711188673973083 -0.7516012191772461 0.611581027507782
vn -0.24711188673973083 -0.7516012191772461 0.611581027507782
vn 0.1327926516532898 -0.7762624025344849 0.6162652373313904
vn 0.1327926516532898 -0.7762624025344849 0.6162651777267456
vn 0.1327926516532898 -0.7762624025344849 0.6162651777267456
vn 0.29227370023727417 -0.5259085893630981 -0.798746645450592
vn 0.29227370023727417 -0.5259087085723877 -0.7987465858459473
vn 0.29227370023727417 -0.5259086489677429 -0.798746645450592
vn 0.679578959941864 -0.6239727735519409 0.38578540086746216
vn 0.6795790195465088 -0.6239727735519409 0.385785311460495
vn 0.6795790195465088 -0.6239728331565857 0.3857853412628174
vn -0.42634496092796326 0.8031225204467773 0.4162021577358246
vn -0.42634496092796326 0.8031224608421326 0.4162021577358246
vn -0.42634496092796326 0.8031225204467773 0.4162021577358246
vn 0.21223072707653046 0.9627232551574707 0.16769622266292572
vn 0.21223072707653046 0.9627232551574707 0.16769623756408691
vn 0.21223074197769165 0.9627232551574707 0.16769623756408691
vn 0.6301959753036499 0.7033695578575134 -0.32882267236709595
vn 0.6301959753036499 0.7033695578575134 -0.32882267236709595
vn 0.6301959753036499 0.7033695578575134 -0.32882264256477356
vn 0.9392821788787842 -0.2571425139904022 -0.2272152453660965
vn 0.9392821788787842 -0.2571425139904022 -0.2272152453660965
vn 0.9392821192741394 -0.2571425437927246 -0.2272152453660965
vn -0.49982213973999023 0.734284520149231 0.4593518078327179
vn -0.49982210993766785 0.734284520149231 0.4593518376350403
vn -0.49982210993766785 0.734284520149231 0.4593517780303955
vn -0.2582409083843231 0.9624578356742859 0.08358568698167801
vn -0.2582409083843231 0.9624578356742859 0.0835856944322586
vn -0.2582409083843231 0.9624578356742859 0.0835856944322586
vn -0.11917552351951599 0.22719816863536835 -0.9665289521217346
vn -0.11917552351951599 0.22719815373420715 -0.9665289521217346
vn -0.11917552351951599 0.22719816863536835 -0.9665289521217346
vn -0.5017274022102356 -0.24715131521224976 0.8289667367935181
vn -0.5017274022102356 -0.24715128540992737 0.8289667367935181
vn -0.5017274022102356 -0.24715131521224976 0.8289667367935181
vn 0.2129998505115509 -0.4251260757446289 0.8797152042388916
vn 0.2129998654127121 -0.4251260757446289 0.8797152042388916
vn 0.2129998654127121 -0.4251260757446289 0.8797152042388916
vn -0.3996518850326538 -0.8467268943786621 -0.3511865437030792
vn -0.3996518850326538 -0.8467268943786621 -0.3511865437030792
vn -0.3996518850326538 -0.8467268943786621 -0.35118651390075684
vn 0.42524054646492004 -0.18123893439769745 0.8867484927177429
vn 0.42524054646492004 -0.18123894929885864 0.8867484927177429
vn 0.42524051666259766 -0.18123896420001984 0.8867485523223877
vn 0.30493539571762085 -0.9446640014648438 0.12093089520931244
vn 0.30493539571762085 -0.9446640014648438 0.12093088775873184
vn 0.30493539571762085 -0.9446640014648438 0.12093089520931244
vn 0.38481226563453674 -0.8876608610153198 -0.25293824076652527
vn 0.38481220602989197 -0.8876608610153198 -0.2529382109642029
vn 0.38481226563453674 -0.8876608610153198 -0.2529382109642029
vn 0.2112119048833847 0.9630124568939209 0.1673218011856079
vn 0.21121187508106232 0.9630124568939209 0.1673218160867691
vn 0.2112119048833847 0.9630124568939209 0.1673218160867691
vn 0.31351596117019653 -0.03763792663812637 -0.9488367438316345
vn 0.31351596117019653 -0.03763792663812637 -0.9488367438316345
vn 0.31351593136787415 -0.03763792663812637 -0.9488367438316345
vn -0.2143188863992691 0.5679464340209961 0.794672429561615
vn -0.2143188714981079 0.5679464936256409 0.7946723699569702
vn -0.2143188863992691 0.5679464340209961 0.794672429561615
vn -0.7772617340087891 -0.30623263120651245 -0.5496233105659485
vn -0.7772617340087891 -0.30623266100883484 -0.5496233105659485
vn -0.7772617340087891 -0.30623266100883484 -0.5496233105659485
vn 0.21216319501399994 -0.42445942759513855 0.8802391886711121
vn 0.21216320991516113 -0.42445942759513855 0.8802391290664673
vn 0.21216322481632233 -0.42445939779281616 0.8802391886711121
vn 0.2261945605278015 -0.5034290552139282 -0.8339036107063293
vn 0.22619453072547913 -0.5034290552139282 -0.8339036107063293
vn 0.2261945605278015 -0.5034290552139282 -0.8339036107063293
vn 0.2497957944869995 -0.964249312877655 0.08846069127321243
vn 0.2497957944869995 -0.964249312877655 0.08846069872379303
vn 0.2497957944869995 -0.964249312877655 0.08846069127321243
vn 0.13064612448215485 0.5139297842979431 -0.847825288772583
vn 0.13064610958099365 0.5139297246932983 -0.8478253483772278
vn 0.13064610958099365 0.5139297842979431 -0.847825288772583
vn 0.33804959058761597 -0.032164257019758224 -0.9405785202980042
vn 0.33804959058761597 -0.032164257019758224 -0.9405785202980042
vn 0.33804959058761597 -0.032164257019758224 -0.9405785202980042
vn -0.5211325883865356 0.8425034880638123 0.13641387224197388
vn -0.5211325287818909 0.8425034880638123 0.13641385734081268
vn -0.5211325287818909 0.8425034880638123 0.13641387224197388
vn -0.7233672142028809 0.3531641960144043 -0.5933085083961487
vn -0.7233671545982361 0.3531641960144043 -0.5933085083961487
vn -0.7233671545982361 0.3531641960144043 -0.5933085083961487
vn -0.23194152116775513 0.39467787742614746 0.8890627026557922
vn -0.23194147646427155 0.39467787742614746 0.8890627026557922
vn -0.23194152116775513 0.39467787742614746 0.8890627026557922
vn -0.27965492010116577 -0.722248375415802 0.6325744390487671
vn -0.27965492010116577 -0.7222484350204468 0.6325743794441223
vn -0.27965492010116577 -0.722248375415802 0.6325743794441223
vn -0.3834373652935028 -0.733352541923523 -0.5613998770713806
vn -0.3834373950958252 -0.733352541923523 -0.5613998174667358
vn -0.3834373652935028 -0.733352541923523 -0.5613998770713806
vn -0.3834373652935028 -0.733352541923523 -0.5613998770713806
vn -0.3834373652935028 -0.733352541923523 -0.5613998770713806
vn -0.3834373652935028 -0.7333526015281677 -0.5613998174667358
vn 0.47170013189315796 -0.1900821179151535 0.861027181148529
vn 0.47170016169548035 -0.1900821179151535 0.861027181148529
vn 0.47170013189315796 -0.1900821179151535 0.861027181148529
vn 0.349715918302536 -0.932579755783081 0.08940799534320831
vn 0.349715918302536 -0.932579755783081 0.08940798789262772
vn 0.349715918302536 -0.932579755783081 0.08940798789262772
vn 0.22434455156326294 0.9534209966659546 -0.20163802802562714
vn 0.22434456646442413 0.9534209966659546 -0.20163804292678833
vn 0.22434453666210175 0.9534209966659546 -0.20163799822330475
vn -0.746924877166748 0.6648759245872498 0.006580187473446131
vn -0.7469248175621033 0.6648759245872498 0.0065801870077848434
vn -0.746924877166748 0.6648759245872498 0.006580186542123556
vn -0.7446216940879822 0.6671568155288696 -0.020982399582862854
vn -0.7446218132972717 0.6671567559242249 -0.020982399582862854
vn -0.744621753692627 0.6671568155288696 -0.020982401445508003
vn 0.6802600622177124 0.4464006721973419 -0.5813542008399963
vn 0.6802600622177124 0.4464006721973419 -0.5813542008399963
vn 0.6802600026130676 0.4464006721973419 -0.5813542008399963
vn 0.455455482006073 0.3134540617465973 -0.8332507610321045
vn 0.4554554522037506 0.3134540319442749 -0.8332508206367493
vn 0.455455482006073 0.3134540319442749 -0.8332508206367493
vn 0.3368278741836548 -0.03480944782495499 -0.9409225583076477
vn 0.3368278443813324 -0.03480944782495499 -0.9409225583076477
vn 0.3368278443813324 -0.03480944409966469 -0.9409225583076477
vn -0.6982054114341736 0.0009579931502230465 -0.7158967852592468
vn -0.6982054114341736 0.0009579929756000638 -0.7158968448638916
vn -0.6982054114341736 0.0009579931502230465 -0.7158967852592468
vn -0.7243919968605042 0.3548347055912018 -0.5910571217536926
vn -0.7243920564651489 0.3548346757888794 -0.5910571217536926
vn -0.7243920564651489 0.3548347055912018 -0.5910570621490479
vn 0.2651039958000183 -0.39413124322891235 0.8799889087677002
vn 0.2651039958000183 -0.39413127303123474 0.8799888491630554
vn 0.2651040256023407 -0.39413130283355713 0.8799888491630554
vn 0.4500352144241333 -0.1943034529685974 0.871616005897522
vn 0.4500351846218109 -0.1943034529685974 0.871616005897522
vn 0.4500351846218109 -0.1943034678697586 0.871616005897522
vn 0.17185017466545105 -0.753653883934021 -0.6344078779220581
vn 0.17185015976428986 -0.753653883934021 -0.6344078779220581
vn 0.17185015976428986 -0.753653883934021 -0.6344078779220581
vn 0.14981679618358612 -0.6785306334495544 -0.7191321849822998
vn 0.1498168259859085 -0.6785306334495544 -0.7191321849822998
vn 0.14981679618358612 -0.6785306334495544 -0.7191322445869446
vn 0.07061700522899628 -0.9851890802383423 0.15625546872615814
vn 0.07061701267957687 -0.9851890802383423 0.15625546872615814
vn 0.07061700522899628 -0.9851890802383423 0.15625546872615814
vn -0.3876870572566986 0.9017430543899536 -0.1912020593881607
vn -0.3876870572566986 0.9017430543899536 -0.1912020444869995
vn -0.38768699765205383 0.9017430543899536 -0.19120201468467712
vn -0.1581842303276062 0.4820879399776459 0.8617244362831116
vn -0.1581842005252838 0.4820879399776459 0.8617244362831116
vn -0.1581842303276062 0.4820879399776459 0.8617244362831116
vn 0.7781715393066406 -0.10654958337545395 -0.6189476847648621
vn 0.7781715393066406 -0.10654958337545395 -0.6189476847648621
vn 0.7781715393066406 -0.10654958337545395 -0.6189476847648621
vn -0.17619217932224274 0.20484811067581177 0.9628050327301025
vn -0.17619214951992035 0.20484812557697296 0.9628050327301025
vn -0.17619217932224274 0.20484815537929535 0.9628050327301025
vn 0.30659735202789307 -0.5470801591873169 -0.7789103984832764
vn 0.30659735202789307 -0.5470801591873169 -0.7789103388786316
vn 0.30659738183021545 -0.5470802187919617 -0.7789103388786316
vn -0.5613331198692322 0.8194535374641418 0.11576279997825623
vn -0.5613331198692322 0.8194535374641418 0.11576279997825623
vn -0.5613331198692322 0.8194535374641418 0.11576280742883682
vn -0.6429222226142883 0.043066754937171936 0.7647197246551514
vn -0.6429221630096436 0.043066754937171936 0.7647197842597961
vn -0.6429222226142883 0.043066758662462234 0.7647197246551514
vn -0.6002713441848755 -0.44983935356140137 -0.6613008379936218
vn -0.6002713441848755 -0.449839323759079 -0.6613008975982666
vn -0.6002713441848755 -0.449839323759079 -0.6613008975982666
vn 0.18856732547283173 -0.2733573317527771 0.9432486891746521
vn 0.18856734037399292 -0.2733573019504547 0.9432486891746521
vn 0.18856731057167053 -0.2733573317527771 0.9432486891746521
vn -0.6707490682601929 -0.23213544487953186 -0.7044209241867065
vn -0.6707490682601929 -0.23213544487953186 -0.7044209241867065
vn -0.6707490682601929 -0.23213544487953186 -0.7044209241867065
vn 0.5005803108215332 -0.3571144640445709 -0.7885991334915161
vn 0.5005802512168884 -0.35711443424224854 -0.7885991930961609
vn 0.5005802512168884 -0.35711440443992615 -0.7885991930961609
vn -0.1760706752538681 0.7905282974243164 0.5865697860717773
vn -0.1760706752538681 0.7905282974243164 0.5865697860717773
vn -0.1760706752538681 0.7905282974243164 0.5865697860717773
vn -0.4917975664138794 0.8685017824172974 -0.061966367065906525
vn -0.491797536611557 0.8685017824172974 -0.06196635961532593
vn -0.4917975068092346 0.8685017824172974 -0.06196635961532593
vn 0.22530177235603333 -0.5728148818016052 -0.7881131172180176
vn 0.22530178725719452 -0.5728148818016052 -0.7881130576133728
vn 0.2253018021583557 -0.5728148818016052 -0.7881130576133728
vn -0.268921434879303 0.2314511388540268 -0.9349393844604492
vn -0.268921434879303 0.231451153755188 -0.9349393844604492
vn -0.268921434879303 0.231451153755188 -0.9349393844604492
vn -0.5886117219924927 0.2862401306629181 -0.7560442090034485
vn -0.5886118412017822 0.2862401604652405 -0.7560440897941589
vn -0.5886118412017822 0.2862401604652405 -0.7560440897941589
vn 0.5031287670135498 -0.11087086796760559 0.8570700883865356
vn 0.5031287670135498 -0.1108708530664444 0.8570700883865356
vn 0.5031287670135498 -0.1108708530664444 0.8570700883865356
vn -0.21877549588680267 0.9424388408660889 0.2528761029243469
vn -0.21877549588680267 0.9424388408660889 0.25287607312202454
vn -0.21877551078796387 0.9424388408660889 0.2528761327266693
vn -0.19147047400474548 0.9373500347137451 -0.29105669260025024
vn -0.19147048890590668 0.9373500347137451 -0.29105669260025024
vn -0.19147047400474548 0.9373500347137451 -0.29105663299560547
vn -0.2667846083641052 0.8275938034057617 0.49387699365615845
vn -0.2667846381664276 0.8275938034057617 0.49387699365615845
vn -0.2667846083641052 0.8275937438011169 0.49387702345848083
vn -0.5765166282653809 0.7858365178108215 0.22380700707435608
vn -0.5765166282653809 0.7858365178108215 0.22380703687667847
vn -0.5765166282653809 0.7858365178108215 0.22380699217319489
vn -0.2177603393793106 0.33374327421188354 -0.9171673059463501
vn -0.21776030957698822 0.33374324440956116 -0.9171673059463501
vn -0.21776030957698822 0.33374324440956116 -0.9171673059463501
vn 0.36361679434776306 -0.4239178001880646 -0.8295037746429443
vn 0.36361679434776306 -0.42391782999038696 -0.8295037746429443
vn 0.36361679434776306 -0.4239177703857422 -0.8295037746429443
vn 0.1477961391210556 -0.5758582353591919 -0.8040793538093567
vn 0.1477961391210556 -0.5758582353591919 -0.8040793538093567
vn 0.1477961242198944 -0.5758582353591919 -0.8040793538093567
vn -0.5011487007141113 0.7041626572608948 0.5029959678649902
vn -0.5011487007141113 0.7041626572608948 0.5029959678649902
vn -0.5011486411094666 0.7041627168655396 0.5029959082603455
vn -0.7798178791999817 0.01398461777716875 -0.625850260257721
vn -0.7798178791999817 0.01398461777716875 -0.6258502006530762
vn -0.7798179388046265 0.013984618708491325 -0.6258502006530762
vn -0.14730936288833618 -0.9769973754882812 -0.15419481694698334
vn -0.14730936288833618 -0.9769973754882812 -0.15419483184814453
vn -0.14730936288833618 -0.9769973754882812 -0.15419480204582214
vn 0.4592180550098419 -0.18829214572906494 0.8681387305259705
vn 0.4592180848121643 -0.18829216063022614 0.8681387305259705
vn 0.4592180848121643 -0.18829217553138733 0.8681386709213257
vn -0.2847859263420105 0.8737539052963257 -0.39427289366722107
vn -0.2847859263420105 0.8737539052963257 -0.39427289366722107
vn -0.2847859263420105 0.8737539052963257 -0.39427289366722107
vn -0.3561812937259674 0.9080508947372437 -0.22040528059005737
vn -0.3561812937259674 0.9080508947372437 -0.22040528059005737
vn -0.3561813533306122 0.9080508351325989 -0.22040526568889618
vn -0.2986234724521637 -0.42444106936454773 -0.8547945618629456
vn -0.2986234724521637 -0.4244410991668701 -0.8547945618629456
vn -0.2986234426498413 -0.4244410991668701 -0.8547946214675903
vn -0.8501277565956116 0.28147438168525696 -0.44503363966941833
vn -0.8501277565956116 0.28147438168525696 -0.44503363966941833
vn -0.8501278162002563 0.28147438168525696 -0.44503360986709595
vn -0.6701618432998657 0.25602853298187256 -0.6966581344604492
vn -0.6701618432998657 0.25602853298187256 -0.6966581344604492
vn -0.6701618432998657 0.25602853298187256 -0.6966581344604492
vn -0.8322871327400208 0.3194054365158081 0.4530765116214752
vn -0.832287073135376 0.3194054961204529 0.4530765116214752
vn -0.832287073135376 0.3194054663181305 0.4530765116214752
vn -0.565817654132843 -0.5117179155349731 -0.6465254426002502
vn -0.565817654132843 -0.5117178559303284 -0.6465254426002502
vn -0.565817654132843 -0.5117178559303284 -0.6465254426002502
vn 0.2974059581756592 0.006424837280064821 -0.9547294974327087
vn 0.2974059283733368 0.0064248377457261086 -0.9547294974327087
vn 0.2974059283733368 0.0064248377457261086 -0.9547294974327087
vn 0.4569370448589325 -0.1878281831741333 0.86944180727005
vn 0.4569370448589325 -0.1878281682729721 0.8694418668746948
vn 0.4569370448589325 -0.1878281682729721 0.8694418668746948
vn 0.2329794317483902 -0.838961660861969 -0.491796612739563
vn 0.2329794466495514 -0.838961660861969 -0.4917966425418854
vn 0.2329794466495514 -0.838961660861969 -0.491796612739563
vn -0.6147361397743225 0.682697594165802 0.394998162984848
vn -0.6147360801696777 0.6826975345611572 0.394998162984848
vn -0.6147360801696777 0.6826975345611572 0.394998162984848
vn -0.748969316482544 0.5951911211013794 0.29119157791137695
vn -0.7489692568778992 0.5951911211013794 0.29119154810905457
vn -0.748969316482544 0.5951910614967346 0.2911915183067322
vn -0.5412142276763916 0.7991240620613098 -0.2617020010948181
vn -0.5412142276763916 0.7991240620613098 -0.2617020010948181
vn -0.5412142276763916 0.7991240620613098 -0.2617020010948181
vn -0.9920470714569092 0.10068178176879883 0.07553647458553314
vn -0.9920470714569092 0.10068175941705704 0.07553647458553314
vn -0.9920470714569092 0.10068178921937943 0.07553648203611374
vn -0.6954526901245117 0.49595198035240173 -0.5199781060218811
vn -0.6954527497291565 0.49595198035240173 -0.5199779868125916
vn -0.6954526305198669 0.4959520101547241 -0.5199781060218811
vn -0.9057189226150513 0.4052824378013611 -0.12417476624250412
vn -0.9057189226150513 0.4052824378013611 -0.12417477369308472
vn -0.9057189226150513 0.4052824378013611 -0.12417477369308472
vn -0.5001792311668396 0.18270020186901093 -0.846428632736206
vn -0.5001791715621948 0.18270017206668854 -0.846428632736206
vn -0.5001791715621948 0.18270017206668854 -0.846428632736206
vn -0.7975409030914307 0.06814714521169662 -0.599403440952301
vn -0.7975409030914307 0.06814714521169662 -0.599403440952301
vn -0.7975408434867859 0.06814714521169662 -0.5994035005569458
vn -0.2704780101776123 -0.9485222697257996 -0.164763942360878
vn -0.2704779803752899 -0.9485222697257996 -0.164763942360878
vn -0.2704779803752899 -0.9485222697257996 -0.1647639125585556
vn -0.4299141466617584 0.6091986894607544 -0.6663714051246643
vn -0.4299141466617584 0.6091986894607544 -0.6663714051246643
vn -0.4299141466617584 0.6091986894607544 -0.6663713455200195
vn -0.6572583913803101 0.4305609166622162 -0.6185698509216309
vn -0.6572583913803101 0.4305609166622162 -0.6185698509216309
vn -0.6572584509849548 0.4305609464645386 -0.6185698509216309
vn -0.4367588460445404 -0.5880370736122131 -0.6807746291160583
vn -0.43675878643989563 -0.5880370736122131 -0.6807746887207031
vn -0.436758816242218 -0.5880370140075684 -0.6807746887207031
vn -0.43895795941352844 0.08362770825624466 0.8946073651313782
vn -0.43895795941352844 0.08362770825624466 0.8946073651313782
vn -0.43895789980888367 0.08362770080566406 0.8946073651313782
vn -0.3801422119140625 0.7739070057868958 0.5065174102783203
vn -0.3801422119140625 0.773906946182251 0.5065174698829651
vn -0.3801422119140625 0.7739070057868958 0.5065174102783203
vn 0.3277008831501007 -0.18723715841770172 0.9260423183441162
vn 0.32770097255706787 -0.1872371882200241 0.9260422587394714
vn 0.3277009129524231 -0.18723717331886292 0.9260423183441162
vn 0.10612454265356064 -0.9811187982559204 0.16168932616710663
vn 0.10612455010414124 -0.9811187982559204 0.16168931126594543
vn 0.10612452030181885 -0.9811188578605652 0.16168931126594543
vn -0.3228718936443329 0.9363222122192383 0.13803793489933014
vn -0.3228718638420105 0.9363222122192383 0.13803791999816895
vn -0.3228718042373657 0.9363222122192383 0.13803791999816895
vn -0.8242473602294922 0.5398781299591064 0.17072752118110657
vn -0.8242473602294922 0.5398781299591064 0.17072755098342896
vn -0.8242473602294922 0.5398781299591064 0.17072752118110657
vn -0.6178458333015442 0.5561617612838745 -0.5558332204818726
vn -0.6178458333015442 0.5561617612838745 -0.5558332204818726
vn -0.6178458333015442 0.5561617612838745 -0.5558332204818726
vn -0.8878378868103027 0.4563266634941101 -0.05924401432275772
vn -0.8878378868103027 0.4563266634941101 -0.05924401059746742
vn -0.8878378868103027 0.4563266634941101 -0.05924402177333832
vn -0.5945596694946289 0.30894121527671814 0.7423302531242371
vn -0.5945596694946289 0.30894121527671814 0.7423302531242371
vn -0.5945596694946289 0.30894121527671814 0.7423302531242371
vn -0.721684455871582 0.42332983016967773 0.5476891994476318
vn -0.7216843962669373 0.42332983016967773 0.5476891994476318
vn -0.7216843962669373 0.42332983016967773 0.5476891994476318
vn -0.5798596143722534 0.4235157072544098 -0.6959865689277649
vn -0.5798596739768982 0.4235157072544098 -0.6959864497184753
vn -0.5798596143722534 0.4235156774520874 -0.6959865689277649
vn -0.5683065056800842 0.3620963990688324 -0.7388598322868347
vn -0.5683064460754395 0.3620963990688324 -0.7388599514961243
vn -0.5683065056800842 0.3620963990688324 -0.7388598322868347
vn -0.7619367837905884 0.4119829535484314 0.49972227215766907
vn -0.7619367837905884 0.411982923746109 0.49972227215766907
vn -0.7619368433952332 0.4119829535484314 0.4997222423553467
vn -0.5328922271728516 -0.3561408519744873 0.7675868272781372
vn -0.5328922271728516 -0.3561408817768097 0.7675868272781372
vn -0.5328922271728516 -0.3561408817768097 0.7675868272781372
vn -0.4901884198188782 -0.023385940119624138 -0.8713027238845825
vn -0.49018844962120056 -0.023385940119624138 -0.8713027238845825
vn -0.49018844962120056 -0.02338593825697899 -0.8713026642799377
vn -0.40359798073768616 0.3930932581424713 -0.8261878490447998
vn -0.40359804034233093 0.3930932879447937 -0.826187789440155
vn -0.40359801054000854 0.3930932879447937 -0.8261878490447998
vn -0.7386249303817749 0.49511224031448364 -0.4574899673461914
vn -0.7386249899864197 0.49511218070983887 -0.4574899673461914
vn -0.7386249899864197 0.49511224031448364 -0.457489937543869
vn -0.8242125511169434 0.3362162411212921 0.45566684007644653
vn -0.8242125511169434 0.3362162709236145 0.4556668996810913
vn -0.8242125511169434 0.3362162113189697 0.45566684007644653
vn -0.929053783416748 -0.3433978855609894 0.13761167228221893
vn -0.929053783416748 -0.34339791536331177 0.13761167228221893
vn -0.929053783416748 -0.3433978855609894 0.13761167228221893
vn -0.628234326839447 0.690064549446106 -0.3593502342700958
vn -0.628234326839447 0.690064549446106 -0.3593502342700958
vn -0.628234326839447 0.690064549446106 -0.3593502342700958
vn -0.8090236783027649 -0.5873851776123047 0.02143087424337864
vn -0.8090236783027649 -0.5873852372169495 0.02143087424337864
vn -0.8090236783027649 -0.5873851776123047 0.02143087238073349
vn -0.5782763957977295 0.3208599388599396 -0.75009685754776
vn -0.5782764554023743 0.32085996866226196 -0.75009685754776
vn -0.5782763957977295 0.3208599090576172 -0.75009685754776
vn -0.7207268476486206 0.4945971369743347 -0.4857226312160492
vn -0.7207269072532654 0.49459710717201233 -0.48572254180908203
vn -0.7207269072532654 0.49459710717201233 -0.4857226014137268
vn -0.8559630513191223 -0.08214413374662399 0.5104699730873108
vn -0.8559630513191223 -0.08214415609836578 0.5104699730873108
vn -0.8559631109237671 -0.08214414119720459 0.5104698538780212
vn -0.5113434791564941 -0.5279955267906189 0.6780475974082947
vn -0.5113433599472046 -0.5279955267906189 0.6780476570129395
vn -0.5113434195518494 -0.5279955863952637 0.6780476570129395
vn -0.2585996091365814 0.36962026357650757 0.8924724459648132
vn -0.25859957933425903 0.3696202337741852 0.892472505569458
vn -0.25859957933425903 0.36962026357650757 0.892472505569458
vn -0.08566965162754059 0.29513901472091675 0.9516058564186096
vn -0.08566965162754059 0.29513898491859436 0.9516058564186096
vn -0.08566965162754059 0.29513901472091675 0.9516058564186096
vn -0.47499537467956543 0.2972505986690521 -0.8282641172409058
vn -0.47499537467956543 0.2972505986690521 -0.8282641172409058
vn -0.47499537467956543 0.29725056886672974 -0.8282641172409058
vn -0.5287877917289734 0.11925528198480606 -0.8403342366218567
vn -0.5287877917289734 0.11925527453422546 -0.8403342366218567
vn -0.5287877917289734 0.11925527453422546 -0.8403342366218567
vn 0.2756413519382477 -0.8376118540763855 -0.4716229736804962
vn 0.27564141154289246 -0.8376117944717407 -0.4716230034828186
vn 0.27564138174057007 -0.8376117944717407 -0.4716230034828186
vn -0.6469428539276123 0.7601200938224792 0.06068304926156998
vn -0.6469429135322571 0.7601200342178345 0.060683052986860275
vn -0.6469428539276123 0.7601200938224792 0.06068304926156998
vn -0.7942244410514832 0.5559096336364746 -0.24529989063739777
vn -0.7942244410514832 0.5559096336364746 -0.24529990553855896
vn -0.7942244410514832 0.5559096336364746 -0.24529989063739777
vn -0.7295547127723694 0.6057373881340027 0.31754064559936523
vn -0.7295547127723694 0.6057374477386475 0.31754061579704285
vn -0.7295547127723694 0.6057374477386475 0.31754064559936523
vn -0.4929307997226715 0.2512963116168976 -0.8329882621765137
vn -0.4929308295249939 0.2512963116168976 -0.8329882025718689
vn -0.4929307997226715 0.2512963116168976 -0.8329882025718689
vn -0.5224960446357727 0.1452980488538742 -0.8401704430580139
vn -0.5224960446357727 0.1452980488538742 -0.8401704430580139
vn -0.5224959850311279 0.1452980488538742 -0.8401704430580139
vn -0.7241145968437195 0.5703223943710327 0.3878019452095032
vn -0.7241145968437195 0.5703224539756775 0.3878019452095032
vn -0.7241145968437195 0.5703224539756775 0.3878019452095032
vn -0.7103992104530334 0.6363472938537598 -0.3006576597690582
vn -0.7103992104530334 0.6363472938537598 -0.3006576895713806
vn -0.7103992104530334 0.6363472938537598 -0.3006576895713806
vn -0.6987665891647339 0.6975145936012268 -0.1587410718202591
vn -0.6987665891647339 0.697514533996582 -0.1587410569190979
vn -0.6987665295600891 0.697514533996582 -0.1587410867214203
vn -0.7115646600723267 0.6435892581939697 -0.28190186619758606
vn -0.7115646004676819 0.6435893177986145 -0.28190189599990845
vn -0.7115646600723267 0.6435892581939697 -0.28190186619758606
vn -0.8555097579956055 0.48078712821006775 -0.19221559166908264
vn -0.8555096983909607 0.48078715801239014 -0.19221559166908264
vn -0.8555097579956055 0.48078712821006775 -0.19221559166908264
vn -0.5808578133583069 -0.5771466493606567 -0.5740260481834412
vn -0.5808577537536621 -0.5771467089653015 -0.5740261077880859
vn -0.5808578133583069 -0.5771466493606567 -0.5740261077880859
vn -0.19213661551475525 -0.9716311693191528 -0.13790014386177063
vn -0.19213661551475525 -0.9716311097145081 -0.13790015876293182
vn -0.19213658571243286 -0.9716311693191528 -0.13790014386177063
vn -0.5862204432487488 -0.5636562705039978 -0.5819253921508789
vn -0.5862204432487488 -0.5636563301086426 -0.5819254517555237
vn -0.5862204432487488 -0.5636563301086426 -0.5819254517555237
vn -0.7166089415550232 0.6303293108940125 -0.2985910177230835
vn -0.7166089415550232 0.6303293108940125 -0.29859107732772827
vn -0.7166089415550232 0.6303292512893677 -0.2985910475254059
vn -0.1999778151512146 -0.9752832651138306 -0.09397554397583008
vn -0.1999778151512146 -0.9752832651138306 -0.09397553652524948
vn -0.1999778151512146 -0.9752832651138306 -0.09397554397583008
vn -0.744600236415863 0.3661916255950928 -0.5580986738204956
vn -0.7446002960205078 0.36619165539741516 -0.5580986142158508
vn -0.7446002960205078 0.36619165539741516 -0.5580986142158508
vn -0.7051623463630676 0.4653654396533966 0.5349588990211487
vn -0.7051623463630676 0.4653654396533966 0.5349588990211487
vn -0.7051623463630676 0.4653654396533966 0.5349588990211487
vn -0.8504714369773865 -0.013948426581919193 -0.5258362889289856
vn -0.8504713773727417 -0.013948427513241768 -0.5258363485336304
vn -0.8504713773727417 -0.013948427513241768 -0.5258363485336304
vn -0.7989543676376343 0.24661920964717865 0.548498809337616
vn -0.7989543080329895 0.24661922454833984 0.548498809337616
vn -0.7989543676376343 0.24661920964717865 0.548498809337616
vn -0.6735621690750122 0.18686889111995697 0.7151182293891907
vn -0.6735621094703674 0.18686887621879578 0.7151182293891907
vn -0.6735621690750122 0.18686887621879578 0.7151182293891907
vn -0.2833668291568756 0.9261484742164612 0.24890205264091492
vn -0.283366858959198 0.9261484742164612 0.24890202283859253
vn -0.2833668291568756 0.9261484742164612 0.24890203773975372
vn -0.216382697224617 0.6876312494277954 0.6930668950080872
vn -0.216382697224617 0.6876312494277954 0.6930668950080872
vn -0.2163827121257782 0.6876312494277954 0.6930668950080872
vn -0.13467402756214142 0.8931002616882324 0.4292259216308594
vn -0.13467402756214142 0.8931002616882324 0.4292258620262146
vn -0.13467401266098022 0.8931002616882324 0.429225891828537
vn -0.4912874400615692 0.5643439292907715 -0.6634399890899658
vn -0.4912874102592468 0.5643438696861267 -0.6634399890899658
vn -0.4912874400615692 0.5643439292907715 -0.6634399890899658
vn -0.5766478776931763 0.6690889000892639 -0.46882539987564087
vn -0.5766478180885315 0.6690888404846191 -0.4688255190849304
vn -0.5766478180885315 0.6690889000892639 -0.46882545948028564
vn -0.8922963738441467 0.4437505900859833 -0.0830213651061058
vn -0.8922963738441467 0.4437505900859833 -0.08302135765552521
vn -0.8922963738441467 0.4437505900859833 -0.0830213651061058
vn -0.6506615877151489 -0.5006210803985596 -0.57097989320755
vn -0.6506615877151489 -0.5006210803985596 -0.57097989320755
vn -0.6506615877151489 -0.5006210803985596 -0.57097989320755
vn -0.7960770726203918 0.4117407500743866 -0.44354355335235596
vn -0.7960770726203918 0.4117407500743866 -0.44354355335235596
vn -0.7960770726203918 0.411740779876709 -0.44354352355003357
vn -0.7520048022270203 0.37034764885902405 0.5452809929847717
vn -0.752004861831665 0.37034767866134644 0.5452809929847717
vn -0.7520048022270203 0.37034764885902405 0.5452809929847717
vn -0.785189151763916 0.47583696246147156 -0.3963044583797455
vn -0.785189151763916 0.47583696246147156 -0.3963043987751007
vn -0.785189151763916 0.47583696246147156 -0.3963044583797455
vn -0.8183838725090027 -0.03947027400135994 -0.5733148455619812
vn -0.8183838725090027 -0.03947027027606964 -0.573314905166626
vn -0.8183838725090027 -0.03947027400135994 -0.573314905166626
vn -0.9224655628204346 -0.13280177116394043 0.362520307302475
vn -0.9224655628204346 -0.13280175626277924 0.36252033710479736
vn -0.9224655628204346 -0.13280178606510162 0.36252033710479736
vn -0.8878214359283447 -0.12743023037910461 0.442192941904068
vn -0.8878214359283447 -0.12743021547794342 0.442192941904068
vn -0.8878214359283447 -0.12743023037910461 0.4421929717063904
vn -0.9515432715415955 -0.24036704003810883 -0.1918046921491623
vn -0.9515432715415955 -0.2403670698404312 -0.1918046921491623
vn -0.9515432715415955 -0.2403670698404312 -0.1918046921491623
vn -0.4941031038761139 0.5245618224143982 0.6933231353759766
vn -0.4941031038761139 0.5245618224143982 0.6933231949806213
vn -0.4941030740737915 0.5245617628097534 0.6933231949806213
vn -0.6296725273132324 0.47102081775665283 0.6177797913551331
vn -0.6296725273132324 0.47102078795433044 0.6177797913551331
vn -0.6296725273132324 0.47102078795433044 0.6177797913551331
vn -0.673770546913147 0.6699110865592957 0.3118530213832855
vn -0.673770546913147 0.6699110865592957 0.3118530213832855
vn -0.673770546913147 0.6699111461639404 0.3118530213832855
vn -0.1917773187160492 -0.6945707201957703 0.6933923959732056
vn -0.191777303814888 -0.6945706605911255 0.6933923959732056
vn -0.191777303814888 -0.6945706605911255 0.6933923959732056
vn 0.14592796564102173 -0.978234589099884 0.1475200057029724
vn 0.14592796564102173 -0.978234589099884 0.1475200206041336
vn 0.14592796564102173 -0.978234589099884 0.1475200206041336
vn -0.06834534555673599 -0.9967710375785828 -0.04214788228273392
vn -0.06834534555673599 -0.9967710375785828 -0.042147886008024216
vn -0.06834534555673599 -0.9967710375785828 -0.04214788228273392
vn -0.8993778824806213 -0.4352361559867859 0.04109683260321617
vn -0.8993778824806213 -0.4352361857891083 0.041096825152635574
vn -0.8993778824806213 -0.4352361857891083 0.04109683260321617
vn -0.9016055464744568 -0.36678120493888855 -0.22930097579956055
vn -0.9016055464744568 -0.36678123474121094 -0.22930099070072174
vn -0.9016055464744568 -0.36678120493888855 -0.22930097579956055
vn -0.7028171420097351 -0.05792177841067314 -0.709008514881134
vn -0.7028171420097351 -0.05792177468538284 -0.709008514881134
vn -0.7028171420097351 -0.05792177841067314 -0.709008514881134
vn -0.8140343427658081 -0.5752835273742676 -0.07998083531856537
vn -0.8140343427658081 -0.5752835273742676 -0.07998083531856537
vn -0.8140343427658081 -0.5752835273742676 -0.07998083531856537
vn -0.5194907784461975 -0.7361707091331482 -0.4337994456291199
vn -0.5194907784461975 -0.7361707091331482 -0.43379947543144226
vn -0.5194907784461975 -0.736170768737793 -0.43379947543144226
vn -0.828002393245697 0.5436591506004333 -0.13728339970111847
vn -0.828002393245697 0.5436591506004333 -0.13728339970111847
vn -0.828002393245697 0.5436591506004333 -0.13728339970111847
vn -0.1776084005832672 0.9351127743721008 0.30662575364112854
vn -0.1776084005832672 0.9351127743721008 0.30662575364112854
vn -0.1776084005832672 0.9351127743721008 0.30662575364112854
vn -0.7272450923919678 -0.6003981828689575 -0.3326207995414734
vn -0.727245032787323 -0.6003982424736023 -0.3326207995414734
vn -0.7272450923919678 -0.6003981828689575 -0.3326208293437958
vn -0.6020207405090332 0.6670863628387451 -0.438824325799942
vn -0.6020206809043884 0.6670864224433899 -0.4388243854045868
vn -0.6020207405090332 0.6670863628387451 -0.438824325799942
vn -0.8450246453285217 0.029601790010929108 -0.533907413482666
vn -0.8450246453285217 0.029601793736219406 -0.533907413482666
vn -0.8450246453285217 0.029601793736219406 -0.533907413482666
vn -0.8955385684967041 0.3609064519405365 0.2603021264076233
vn -0.8955385684967041 0.3609064221382141 0.2603021562099457
vn -0.8955385684967041 0.3609064221382141 0.2603021264076233
vn -0.9407141804695129 0.33040890097618103 0.07672534137964249
vn -0.9407141804695129 0.33040890097618103 0.07672534883022308
vn -0.9407141804695129 0.33040890097618103 0.07672534137964249
vn -0.8975224494934082 0.2451193928718567 0.366565078496933
vn -0.8975224494934082 0.24511940777301788 0.366565078496933
vn -0.8975224494934082 0.24511940777301788 0.366565078496933
vn -0.9605420827865601 0.018300103023648262 0.27753207087516785
vn -0.9605420827865601 0.01830010674893856 0.27753210067749023
vn -0.9605420827865601 0.018300103023648262 0.27753210067749023
vn -0.9701807498931885 0.015404756180942059 -0.24189260601997375
vn -0.9701807498931885 0.015404756180942059 -0.24189263582229614
vn -0.9701807498931885 0.015404756180942059 -0.24189263582229614
vn -0.8444293141365051 -0.2632308006286621 -0.46652835607528687
vn -0.8444293141365051 -0.2632308006286621 -0.46652838587760925
vn -0.8444293141365051 -0.2632308006286621 -0.46652838587760925
vn -0.8845961093902588 -0.27399972081184387 -0.3773776590824127
vn -0.8845961093902588 -0.27399972081184387 -0.3773776590824127
vn -0.8845961093902588 -0.2739996910095215 -0.3773776590824127
vn -0.7580999135971069 -0.6440806984901428 -0.10219839215278625
vn -0.7580999135971069 -0.6440806984901428 -0.10219838470220566
vn -0.7580999135971069 -0.6440806984901428 -0.10219838470220566
vn -0.8144140839576721 -0.5737613439559937 -0.08676210790872574
vn -0.8144140839576721 -0.5737612843513489 -0.08676210045814514
vn -0.8144140839576721 -0.5737613439559937 -0.08676210790872574
vn -0.7499209642410278 0.2765454947948456 -0.6009502410888672
vn -0.7499209642410278 0.2765454947948456 -0.6009502410888672
vn -0.7499209046363831 0.2765454947948456 -0.600950300693512
vn -0.011750559322535992 0.7572751641273499 0.6529902219772339
vn -0.011750558391213417 0.7572751641273499 0.6529902219772339
vn -0.011750558391213417 0.7572751641273499 0.6529902815818787
vn -0.6084758043289185 0.6472680568695068 -0.4591309428215027
vn -0.6084758639335632 0.6472680568695068 -0.4591309726238251
vn -0.6084758639335632 0.6472680568695068 -0.4591309726238251
vn -0.5880919694900513 0.7976235151290894 0.13395728170871735
vn -0.5880919694900513 0.7976235151290894 0.13395725190639496
vn -0.5880919098854065 0.7976235747337341 0.13395723700523376
vn -0.5300362706184387 -0.025685707107186317 0.8475858569145203
vn -0.5300362706184387 -0.025685707107186317 0.8475858569145203
vn -0.5300362706184387 -0.025685705244541168 0.8475858569145203
vn -0.2037874460220337 -0.7372912764549255 0.6441057324409485
vn -0.2037874311208725 -0.7372912764549255 0.6441057324409485
vn -0.2037874311208725 -0.7372912764549255 0.6441057324409485
vn -0.9890560507774353 -0.048403479158878326 -0.13937443494796753
vn -0.9890560507774353 -0.04840347543358803 -0.13937443494796753
vn -0.9890560507774353 -0.048403482884168625 -0.13937444984912872
vn -0.9830217361450195 -0.16843514144420624 -0.07278650999069214
vn -0.9830217361450195 -0.16843514144420624 -0.07278651744127274
vn -0.9830217361450195 -0.16843508183956146 -0.07278650999069214
vn -0.40124326944351196 0.9159305691719055 -0.00866035744547844
vn -0.4012432098388672 0.9159306287765503 -0.00866035744547844
vn -0.40124326944351196 0.9159305691719055 -0.008660358376801014
vn -0.36852699518203735 0.9292447566986084 -0.026307225227355957
vn -0.3685269355773926 0.9292447566986084 -0.026307223364710808
vn -0.3685269355773926 0.9292447566986084 -0.026307223364710808
vn -0.7498920559883118 0.5268213152885437 -0.40015143156051636
vn -0.7498921155929565 0.5268213152885437 -0.40015140175819397
vn -0.7498920559883118 0.5268213152885437 -0.40015143156051636
vn -0.09573748707771301 0.6017387509346008 0.7929342985153198
vn -0.0957375019788742 0.6017387509346008 0.7929342985153198
vn -0.09573749452829361 0.6017387509346008 0.7929342985153198
vn -0.8371926546096802 0.1261918544769287 0.5321504473686218
vn -0.837192714214325 0.12619183957576752 0.5321503281593323
vn -0.8371926546096802 0.12619183957576752 0.5321504473686218
vn -0.7939001321792603 -0.6014872193336487 -0.08908262848854065
vn -0.793900191783905 -0.6014871597290039 -0.08908262103796005
vn -0.7939001321792603 -0.6014872193336487 -0.08908262103796005
vn -0.9042994379997253 0.10332397371530533 0.4142061173915863
vn -0.9042994379997253 0.10332396626472473 0.4142060875892639
vn -0.9042994379997253 0.10332397371530533 0.4142060875892639
vn -0.6282280683517456 -0.777560830116272 -0.02699422463774681
vn -0.6282280683517456 -0.777560830116272 -0.02699422650039196
vn -0.6282280683517456 -0.777560830116272 -0.02699422463774681
vn -0.8637377023696899 0.13975808024406433 -0.48417437076568604
vn -0.8637377619743347 0.13975806534290314 -0.48417437076568604
vn -0.8637377023696899 0.13975809514522552 -0.4841744005680084
vn 0.21834349632263184 -0.6780936121940613 -0.7017942070960999
vn 0.21834346652030945 -0.678093671798706 -0.7017942070960999
vn 0.21834348142147064 -0.678093671798706 -0.7017941474914551
vn -0.9713679552078247 0.23745252192020416 -0.007784049957990646
vn -0.9713679552078247 0.23745249211788177 -0.007784049492329359
vn -0.9713679552078247 0.23745247721672058 -0.007784049957990646
vn -0.9379191398620605 -0.161624476313591 0.3068960905075073
vn -0.9379191398620605 -0.1616244912147522 0.30689606070518494
vn -0.9379191398620605 -0.161624476313591 0.3068960905075073
vn -0.8742232322692871 0.12725836038589478 -0.4685499668121338
vn -0.8742232322692871 0.12725836038589478 -0.4685499966144562
vn -0.8742232322692871 0.12725837528705597 -0.4685499966144562
vn -0.9218087792396545 0.3862537443637848 -0.03281211853027344
vn -0.9218087792396545 0.3862537443637848 -0.032812122255563736
vn -0.9218087792396545 0.3862537145614624 -0.03281211853027344
vn -0.6753580570220947 -0.7273623943328857 0.12180092930793762
vn -0.6753581166267395 -0.727362334728241 0.12180093675851822
vn -0.6753580570220947 -0.727362334728241 0.12180092930793762
vn -0.5607547163963318 -0.8128073215484619 0.1577923595905304
vn -0.5607547163963318 -0.8128073215484619 0.1577923595905304
vn -0.5607547163963318 -0.8128073215484619 0.1577923595905304
vn -0.8737979531288147 -0.046355120837688446 -0.48407477140426636
vn -0.8737978935241699 -0.046355124562978745 -0.48407483100891113
vn -0.8737979531288147 -0.046355124562978745 -0.48407477140426636
vn -0.9849861860275269 -0.16327990591526031 -0.05605204030871391
vn -0.9849861860275269 -0.16327990591526031 -0.056052032858133316
vn -0.9849861860275269 -0.16327990591526031 -0.05605204030871391
vn -0.6848809719085693 0.7286462783813477 0.003561691613867879
vn -0.6848809719085693 0.7286462783813477 0.0035616918466985226
vn -0.6848810315132141 0.7286462187767029 0.0035616918466985226
vn -0.9132704734802246 -0.23301413655281067 -0.33412790298461914
vn -0.9132704734802246 -0.23301412165164948 -0.33412793278694153
vn -0.9132704734802246 -0.23301413655281067 -0.33412790298461914
vn 0.2614997923374176 -0.9259385466575623 0.2724989056587219
vn -0.0018481153529137373 -0.9992572069168091 0.03849230706691742
vn 0.36708351969718933 -0.9255322813987732 -0.09294973313808441
vn 0.2614997923374176 -0.9259385466575623 0.2724989056587219
vn -0.1850867122411728 -0.9220930933952332 0.339834064245224
vn -0.0018481153529137373 -0.9992572069168091 0.03849230706691742
vn -0.0018481153529137373 -0.9992572069168091 0.03849230706691742
vn -0.5017899870872498 -0.8635686039924622 0.04955922067165375
vn -0.1979740709066391 -0.9277852177619934 -0.31626081466674805
vn 0.36708351969718933 -0.9255322813987732 -0.09294973313808441
vn -0.0018481153529137373 -0.9992572069168091 0.03849230706691742
vn 0.10618427395820618 -0.9189764857292175 -0.3797461986541748
vn -0.0018481153529137373 -0.9992572069168091 0.03849230706691742
vn -0.1850867122411728 -0.9220930933952332 0.339834064245224
vn -0.5017899870872498 -0.8635686039924622 0.04955922067165375
vn 0.10618427395820618 -0.9189764857292175 -0.3797461986541748
vn -0.0018481153529137373 -0.9992572069168091 0.03849230706691742
vn -0.1979740709066391 -0.9277852177619934 -0.31626081466674805
vn -0.8373113870620728 0.5462294816970825 0.023302555084228516
vn -0.8102365732192993 0.5856476426124573 0.023098492994904518
vn -0.9642292261123657 0.2640417814254761 0.023321516811847687
vn -0.8373113870620728 0.5462294816970825 0.023302555084228516
vn -0.9642292261123657 0.2640417814254761 0.023321516811847687
vn -0.9642292261123657 0.2640417516231537 0.023321518674492836
vn 0.08588320016860962 -0.17876631021499634 -0.9801360368728638
vn 0.07134370505809784 -0.19553187489509583 -0.9780988693237305
vn 0.005277276039123535 -0.2699931859970093 -0.9628477692604065
vn 0.08588320016860962 -0.17876631021499634 -0.9801360368728638
vn 0.005277276039123535 -0.2699931859970093 -0.9628477692604065
vn 0.005277276039123535 -0.2699931859970093 -0.9628477692604065
vn -0.06404993683099747 0.2628311514854431 0.9627135396003723
vn -0.07118204981088638 0.24343326687812805 0.9673020839691162
vn -0.034590642899274826 0.34091416001319885 0.9394578337669373
vn -0.06404993683099747 0.2628311514854431 0.9627135396003723
vn -0.034590642899274826 0.34091416001319885 0.9394578337669373
vn -0.034590642899274826 0.34091416001319885 0.9394578337669373
vn 0.8879843354225159 -0.445141464471817 0.11546832323074341
vn 0.9037449359893799 -0.41407936811447144 0.10855146497488022
vn 0.9887662529945374 -0.14183861017227173 0.04714973643422127
vn 0.8879843354225159 -0.445141464471817 0.11546832323074341
vn 0.9887662529945374 -0.14183861017227173 0.04714973643422127
vn 0.9887662529945374 -0.14183862507343292 0.047149740159511566
vt 0.016336089000105858 0.3021933138370514
vt 0.016336089000105858 0.3021933138370514
vt 0.016336089000105858 0.3021933138370514
vt 0.016336089000105858 0.3021933138370514
vt 0.016336089000105858 0.3021933138370514
vt 0.016336089000105858 0.3021933138370514
vt 0.016336089000105858 0.3021933138370514
vt 0.016336089000105858 0.3021933138370514
vt 0.016336089000105858 0.3021933138370514
vt 0.016336089000105858 0.3021933138370514
vt 0.016336089000105858 0.3021933138370514
vt 0.016336089000105858 0.3021933138370514
vt 0.016336089000105858 0.3021933138370514
vt 0.016336089000105858 0.3021933138370514
vt 0.016336089000105858 0.3021933138370514
vt 0.016336089000105858 0.3021933138370514
vt 0.016336089000105858 0.3021933138370514
vt 0.016336089000105858 0.3021933138370514
vt 0.016336089000105858 0.3021933138370514
vt 0.016336089000105858 0.3021933138370514
vt 0.016336089000105858 0.3021933138370514
vt 0.016336089000105858 0.3021933138370514
vt 0.016336089000105858 0.3021933138370514
vt 0.016336089000105858 0.3021933138370514
vt 0.016336089000105858 0.3021933138370514
vt 0.016336089000105858 0.3021933138370514
vt 0.016336089000105858 0.3021933138370514
vt 0.016336089000105858 0.3021933138370514
vt 0.016336089000105858 0.3021933138370514
vt 0.016336089000105858 0.3021933138370514
vt 0.016336089000105858 0.3021933138370514
vt 0.016336089000105858 0.3021933138370514
vt 0.016336089000105858 0.3021933138370514
vt 0.016336089000105858 0.3021933138370514
vt 0.016336089000105858 0.3021933138370514
vt 0.016336089000105858 0.3021933138370514
vt 0.016336089000105858 0.3021933138370514
vt 0.016336089000105858 0.3021933138370514
vt 0.016336089000105858 0.3021933138370514
vt 0.016336089000105858 0.3021933138370514
vt 0.016336089000105858 0.3021933138370514
vt 0.016336089000105858 0.3021933138370514
vt 0.016336089000105858 0.3021933138370514
vt 0.016336089000105858 0.3021933138370514
vt 0.016336089000105858 0.3021933138370514
vt 0.016336089000105858 0.3021933138370514
vt 0.016336089000105858 0.3021933138370514
vt 0.016336089000105858 0.3021933138370514
vt 0.016336089000105858 0.3021933138370514
vt 0.016336089000105858 0.3021933138370514
vt 0.016336089000105858 0.3021933138370514
vt 0.016336089000105858 0.3021933138370514
vt 0.016336089000105858 0.3021933138370514
vt 0.016336089000105858 0.3021933138370514
vt 0.016336089000105858 0.3021933138370514
vt 0.016336089000105858 0.3021933138370514
vt 0.016336089000105858 0.3021933138370514
vt 0.016336089000105858 0.3021933138370514
vt 0.016336089000105858 0.3021933138370514
vt 0.016336089000105858 0.3021933138370514
vt 0.016336089000105858 0.3021933138370514
vt 0.016336089000105858 0.3021933138370514
vt 0.016336089000105858 0.3021933138370514
vt 0.016336089000105858 0.3021933138370514
vt 0.016336089000105858 0.3021933138370514
vt 0.016336089000105858 0.3021933138370514
vt 0.016336089000105858 0.3021933138370514
vt 0.016336089000105858 0.3021933138370514
vt 0.016336089000105858 0.3021933138370514
vt 0.016336089000105858 0.3021933138370514
vt 0.016336089000105858 0.3021933138370514
vt 0.016336089000105858 0.3021933138370514
vt 0.016336089000105858 0.3021933138370514
vt 0.016336089000105858 0.3021933138370514
vt 0.016336089000105858 0.3021933138370514
vt 0.016336089000105858 0.3021933138370514
vt 0.016336089000105858 0.3021933138370514
vt 0.016336089000105858 0.3021933138370514
vt 0.016336089000105858 0.3021933138370514
vt 0.016336089000105858 0.3021933138370514
vt 0.016336089000105858 0.3021933138370514
vt 0.016336089000105858 0.3021933138370514
vt 0.016336089000105858 0.3021933138370514
vt 0.016336089000105858 0.3021933138370514
vt 0.016336089000105858 0.3021933138370514
vt 0.016336089000105858 0.3021933138370514
vt 0.016336089000105858 0.3021933138370514
vt 0.016336089000105858 0.3021933138370514
vt 0.016336089000105858 0.3021933138370514
vt 0.016336089000105858 0.3021933138370514
vt 0.016336089000105858 0.3021933138370514
vt 0.016336089000105858 0.3021933138370514
vt 0.016336089000105858 0.3021933138370514
vt 0.016336089000105858 0.3021933138370514
vt 0.016336089000105858 0.3021933138370514
vt 0.016336089000105858 0.3021933138370514
vt 0.016336089000105858 0.3021933138370514
vt 0.016336089000105858 0.3021933138370514
vt 0.016336089000105858 0.3021933138370514
vt 0.016336089000105858 0.3021933138370514
vt 0.016336089000105858 0.3021933138370514
vt 0.016336089000105858 0.3021933138370514
vt 0.016336089000105858 0.3021933138370514
vt 0.016336089000105858 0.3021933138370514
vt 0.016336089000105858 0.3021933138370514
vt 0.016336089000105858 0.3021933138370514
vt 0.016336089000105858 0.3021933138370514
vt 0.016336089000105858 0.3021933138370514
vt 0.016336089000105858 0.3021933138370514
vt 0.016336089000105858 0.3021933138370514
vt 0.016336089000105858 0.3021933138370514
vt 0.016336089000105858 0.3021933138370514
vt 0.016336089000105858 0.3021933138370514
vt 0.016336089000105858 0.3021933138370514
vt 0.016336089000105858 0.3021933138370514
vt 0.016336089000105858 0.3021933138370514
vt 0.016336089000105858 0.3021933138370514
vt 0.016336089000105858 0.3021933138370514
vt 0.016336089000105858 0.3021933138370514
vt 0.016336089000105858 0.3021933138370514
vt 0.016336089000105858 0.3021933138370514
vt 0.016336089000105858 0.3021933138370514
vt 0.016336089000105858 0.3021933138370514
vt 0.016336089000105858 0.3021933138370514
vt 0.016336089000105858 0.3021933138370514
vt 0.016336089000105858 0.3021933138370514
vt 0.016336089000105858 0.3021933138370514
vt 0.016336089000105858 0.3021933138370514
vt 0.016336089000105858 0.3021933138370514
vt 0.016336089000105858 0.3021933138370514
vt 0.016336089000105858 0.3021933138370514
vt 0.016336089000105858 0.3021933138370514
vt 0.016336089000105858 0.3021933138370514
vt 0.016336089000105858 0.3021933138370514
vt 0.016336089000105858 0.3021933138370514
vt 0.016336089000105858 0.3021933138370514
vt 0.016336089000105858 0.3021933138370514
vt 0.016336089000105858 0.3021933138370514
vt 0.016336089000105858 0.3021933138370514
vt 0.016336089000105858 0.3021933138370514
vt 0.016336089000105858 0.3021933138370514
vt 0.016336089000105858 0.3021933138370514
vt 0.016336089000105858 0.3021933138370514
vt 0.016336089000105858 0.3021933138370514
vt 0.016336089000105858 0.3021933138370514
vt 0.016336089000105858 0.3021933138370514
vt 0.016336089000105858 0.3021933138370514
vt 0.016336089000105858 0.3021933138370514
vt 0.016336089000105858 0.3021933138370514
vt 0.016336089000105858 0.3021933138370514
vt 0.016336089000105858 0.3021933138370514
vt 0.016336089000105858 0.3021933138370514
vt 0.016336089000105858 0.3021933138370514
vt 0.016336089000105858 0.3021933138370514
vt 0.016336089000105858 0.3021933138370514
vt 0.016336089000105858 0.3021933138370514
vt 0.14542952179908752 0.27842456102371216
vt 0.14542952179908752 0.27842456102371216
vt 0.14542952179908752 0.27842456102371216
vt 0.14542952179908752 0.27842456102371216
vt 0.14542952179908752 0.27842456102371216
vt 0.14542952179908752 0.27842456102371216
vt 0.14542952179908752 0.27842456102371216
vt 0.14542952179908752 0.27842456102371216
vt 0.14542952179908752 0.27842456102371216
vt 0.14542952179908752 0.27842456102371216
vt 0.14542952179908752 0.27842456102371216
vt 0.14542952179908752 0.27842456102371216
vt 0.14542952179908752 0.27842456102371216
vt 0.14542952179908752 0.27842456102371216
vt 0.14542952179908752 0.27842456102371216
vt 0.14542952179908752 0.27842456102371216
vt 0.14542952179908752 0.27842456102371216
vt 0.14542952179908752 0.27842456102371216
vt 0.14542952179908752 0.27842456102371216
vt 0.14542952179908752 0.27842456102371216
vt 0.14542952179908752 0.27842456102371216
vt 0.14542952179908752 0.27842456102371216
vt 0.14542952179908752 0.27842456102371216
vt 0.14542952179908752 0.27842456102371216
vt 0.14542952179908752 0.27842456102371216
vt 0.14542952179908752 0.27842456102371216
vt 0.14542952179908752 0.27842456102371216
vt 0.14542952179908752 0.27842456102371216
vt 0.14542952179908752 0.27842456102371216
vt 0.14542952179908752 0.27842456102371216
vt 0.14542952179908752 0.27842456102371216
vt 0.14542952179908752 0.27842456102371216
vt 0.14542952179908752 0.27842456102371216
vt 0.14542952179908752 0.27842456102371216
vt 0.14542952179908752 0.27842456102371216
vt 0.14542952179908752 0.27842456102371216
vt 0.14542952179908752 0.27842456102371216
vt 0.14542952179908752 0.27842456102371216
vt 0.14542952179908752 0.27842456102371216
vt 0.14542952179908752 0.27842456102371216
vt 0.14542952179908752 0.27842456102371216
vt 0.14542952179908752 0.27842456102371216
vt 0.14542952179908752 0.27842456102371216
vt 0.14542952179908752 0.27842456102371216
vt 0.14542952179908752 0.27842456102371216
vt 0.14542952179908752 0.27842456102371216
vt 0.14542952179908752 0.27842456102371216
vt 0.14542952179908752 0.27842456102371216
vt 0.14542952179908752 0.27842456102371216
vt 0.14542952179908752 0.27842456102371216
vt 0.14542952179908752 0.27842456102371216
vt 0.14542952179908752 0.27842456102371216
vt 0.14542952179908752 0.27842456102371216
vt 0.14542952179908752 0.27842456102371216
vt 0.14542952179908752 0.27842456102371216
vt 0.14542952179908752 0.27842456102371216
vt 0.14542952179908752 0.27842456102371216
vt 0.14542952179908752 0.27842456102371216
vt 0.14542952179908752 0.27842456102371216
vt 0.14542952179908752 0.27842456102371216
vt 0.14542952179908752 0.27842456102371216
vt 0.14542952179908752 0.27842456102371216
vt 0.14542952179908752 0.27842456102371216
vt 0.14542952179908752 0.27842456102371216
vt 0.14542952179908752 0.27842456102371216
vt 0.14542952179908752 0.27842456102371216
vt 0.14542952179908752 0.27842456102371216
vt 0.14542952179908752 0.27842456102371216
vt 0.14542952179908752 0.27842456102371216
vt 0.14542952179908752 0.27842456102371216
vt 0.14542952179908752 0.27842456102371216
vt 0.14542952179908752 0.27842456102371216
vt 0.14542952179908752 0.27842456102371216
vt 0.14542952179908752 0.27842456102371216
vt 0.14542952179908752 0.27842456102371216
vt 0.14542952179908752 0.27842456102371216
vt 0.14542952179908752 0.27842456102371216
vt 0.14542952179908752 0.27842456102371216
vt 0.14542952179908752 0.27842456102371216
vt 0.14542952179908752 0.27842456102371216
vt 0.14542952179908752 0.27842456102371216
vt 0.14542952179908752 0.27842456102371216
vt 0.14542952179908752 0.27842456102371216
vt 0.14542952179908752 0.27842456102371216
vt 0.14542952179908752 0.27842456102371216
vt 0.14542952179908752 0.27842456102371216
vt 0.14542952179908752 0.27842456102371216
vt 0.14542952179908752 0.27842456102371216
vt 0.14542952179908752 0.27842456102371216
vt 0.14542952179908752 0.27842456102371216
vt 0.14542952179908752 0.27842456102371216
vt 0.14542952179908752 0.27842456102371216
vt 0.14542952179908752 0.27842456102371216
vt 0.14542952179908752 0.27842456102371216
vt 0.14542952179908752 0.27842456102371216
vt 0.14542952179908752 0.27842456102371216
vt 0.14542952179908752 0.27842456102371216
vt 0.14542952179908752 0.27842456102371216
vt 0.14542952179908752 0.27842456102371216
vt 0.14542952179908752 0.27842456102371216
vt 0.14542952179908752 0.27842456102371216
vt 0.14542952179908752 0.27842456102371216
vt 0.14542952179908752 0.27842456102371216
vt 0.14542952179908752 0.27842456102371216
vt 0.14542952179908752 0.27842456102371216
vt 0.14542952179908752 0.27842456102371216
vt 0.14542952179908752 0.27842456102371216
vt 0.14542952179908752 0.27842456102371216
vt 0.14542952179908752 0.27842456102371216
vt 0.14542952179908752 0.27842456102371216
vt 0.14542952179908752 0.27842456102371216
vt 0.14542952179908752 0.27842456102371216
vt 0.14542952179908752 0.27842456102371216
vt 0.14542952179908752 0.27842456102371216
vt 0.14542952179908752 0.27842456102371216
vt 0.14542952179908752 0.27842456102371216
vt 0.14542952179908752 0.27842456102371216
vt 0.14542952179908752 0.27842456102371216
vt 0.14542952179908752 0.27842456102371216
vt 0.14542952179908752 0.27842456102371216
vt 0.14542952179908752 0.27842456102371216
vt 0.14542952179908752 0.27842456102371216
vt 0.14542952179908752 0.27842456102371216
vt 0.14542952179908752 0.27842456102371216
vt 0.14542952179908752 0.27842456102371216
vt 0.14542952179908752 0.27842456102371216
vt 0.14542952179908752 0.27842456102371216
vt 0.14542952179908752 0.27842456102371216
vt 0.14542952179908752 0.27842456102371216
vt 0.14542952179908752 0.27842456102371216
vt 0.14542952179908752 0.27842456102371216
vt 0.14542952179908752 0.27842456102371216
vt 0.14542952179908752 0.27842456102371216
vt 0.14542952179908752 0.27842456102371216
vt 0.14542952179908752 0.27842456102371216
vt 0.14542952179908752 0.27842456102371216
vt 0.14542952179908752 0.27842456102371216
vt 0.14542952179908752 0.27842456102371216
vt 0.14542952179908752 0.27842456102371216
vt 0.14542952179908752 0.27842456102371216
vt 0.14542952179908752 0.27842456102371216
vt 0.14542952179908752 0.27842456102371216
vt 0.14542952179908752 0.27842456102371216
vt 0.14542952179908752 0.27842456102371216
vt 0.14542952179908752 0.27842456102371216
vt 0.14542952179908752 0.27842456102371216
vt 0.14542952179908752 0.27842456102371216
vt 0.14542952179908752 0.27842456102371216
vt 0.14542952179908752 0.27842456102371216
vt 0.14542952179908752 0.27842456102371216
vt 0.14542952179908752 0.27842456102371216
vt 0.14542952179908752 0.27842456102371216
vt 0.14542952179908752 0.27842456102371216
vt 0.14542952179908752 0.27842456102371216
vt 0.14542952179908752 0.27842456102371216
vt 0.14542952179908752 0.27842456102371216
vt 0.14542952179908752 0.27842456102371216
vt 0.14542952179908752 0.27842456102371216
vt 0.14542952179908752 0.27842456102371216
vt 0.14542952179908752 0.27842456102371216
vt 0.14542952179908752 0.27842456102371216
vt 0.14542952179908752 0.27842456102371216
vt 0.14542952179908752 0.27842456102371216
vt 0.14542952179908752 0.27842456102371216
vt 0.14542952179908752 0.27842456102371216
vt 0.14542952179908752 0.27842456102371216
vt 0.14542952179908752 0.27842456102371216
vt 0.14542952179908752 0.27842456102371216
vt 0.14542952179908752 0.27842456102371216
vt 0.14542952179908752 0.27842456102371216
vt 0.14542952179908752 0.27842456102371216
vt 0.14542952179908752 0.27842456102371216
vt 0.14542952179908752 0.27842456102371216
vt 0.14542952179908752 0.27842456102371216
vt 0.14542952179908752 0.27842456102371216
vt 0.14542952179908752 0.27842456102371216
vt 0.14542952179908752 0.27842456102371216
vt 0.14542952179908752 0.27842456102371216
vt 0.14542952179908752 0.27842456102371216
vt 0.14542952179908752 0.27842456102371216
vt 0.14542952179908752 0.27842456102371216
vt 0.14542952179908752 0.27842456102371216
vt 0.14542952179908752 0.27842456102371216
vt 0.14542952179908752 0.27842456102371216
vt 0.14542952179908752 0.27842456102371216
vt 0.14542952179908752 0.27842456102371216
vt 0.14542952179908752 0.27842456102371216
vt 0.14542952179908752 0.27842456102371216
vt 0.14542952179908752 0.27842456102371216
vt 0.14542952179908752 0.27842456102371216
vt 0.14542952179908752 0.27842456102371216
vt 0.14542952179908752 0.27842456102371216
vt 0.14542952179908752 0.27842456102371216
vt 0.14542952179908752 0.27842456102371216
vt 0.14542952179908752 0.27842456102371216
vt 0.14542952179908752 0.27842456102371216
vt 0.14542952179908752 0.27842456102371216
vt 0.14542952179908752 0.27842456102371216
vt 0.14542952179908752 0.27842456102371216
vt 0.14542952179908752 0.27842456102371216
vt 0.14542952179908752 0.27842456102371216
vt 0.14542952179908752 0.27842456102371216
vt 0.14542952179908752 0.27842456102371216
vt 0.14542952179908752 0.27842456102371216
vt 0.14542952179908752 0.27842456102371216
vt 0.14542952179908752 0.27842456102371216
vt 0.14542952179908752 0.27842456102371216
vt 0.14542952179908752 0.27842456102371216
vt 0.14542952179908752 0.27842456102371216
vt 0.14542952179908752 0.27842456102371216
vt 0.14542952179908752 0.27842456102371216
vt 0.14542952179908752 0.27842456102371216
vt 0.14542952179908752 0.27842456102371216
vt 0.14542952179908752 0.27842456102371216
vt 0.14542952179908752 0.27842456102371216
vt 0.14542952179908752 0.27842456102371216
vt 0.14542952179908752 0.27842456102371216
vt 0.14542952179908752 0.27842456102371216
vt 0.14542952179908752 0.27842456102371216
vt 0.14542952179908752 0.27842456102371216
vt 0.14542952179908752 0.27842456102371216
vt 0.14542952179908752 0.27842456102371216
vt 0.14542952179908752 0.27842456102371216
vt 0.14542952179908752 0.27842456102371216
vt 0.14542952179908752 0.27842456102371216
vt 0.14542952179908752 0.27842456102371216
vt 0.14542952179908752 0.27842456102371216
vt 0.14542952179908752 0.27842456102371216
vt 0.14542952179908752 0.27842456102371216
vt 0.14542952179908752 0.27842456102371216
vt 0.14542952179908752 0.27842456102371216
vt 0.14542952179908752 0.27842456102371216
vt 0.14542952179908752 0.27842456102371216
vt 0.14542952179908752 0.27842456102371216
vt 0.14542952179908752 0.27842456102371216
vt 0.14542952179908752 0.27842456102371216
vt 0.14542952179908752 0.27842456102371216
vt 0.14542952179908752 0.27842456102371216
vt 0.14542952179908752 0.27842456102371216
vt 0.14542952179908752 0.27842456102371216
vt 0.14542952179908752 0.27842456102371216
vt 0.14542952179908752 0.27842456102371216
vt 0.14542952179908752 0.27842456102371216
vt 0.14542952179908752 0.27842456102371216
vt 0.14542952179908752 0.27842456102371216
vt 0.14542952179908752 0.27842456102371216
vt 0.14542952179908752 0.27842456102371216
vt 0.14542952179908752 0.27842456102371216
vt 0.14542952179908752 0.27842456102371216
vt 0.14542952179908752 0.27842456102371216
vt 0.14542952179908752 0.27842456102371216
vt 0.14542952179908752 0.27842456102371216
vt 0.14542952179908752 0.27842456102371216
vt 0.14542952179908752 0.27842456102371216
vt 0.14542952179908752 0.27842456102371216
vt 0.14542952179908752 0.27842456102371216
vt 0.14542952179908752 0.27842456102371216
vt 0.14542952179908752 0.27842456102371216
vt 0.14542952179908752 0.27842456102371216
vt 0.14542952179908752 0.27842456102371216
vt 0.14542952179908752 0.27842456102371216
vt 0.14542952179908752 0.27842456102371216
vt 0.14542952179908752 0.27842456102371216
vt 0.14542952179908752 0.27842456102371216
vt 0.14542952179908752 0.27842456102371216
vt 0.14542952179908752 0.27842456102371216
vt 0.14542952179908752 0.27842456102371216
vt 0.14542952179908752 0.27842456102371216
vt 0.14542952179908752 0.27842456102371216
vt 0.14542952179908752 0.27842456102371216
vt 0.14542952179908752 0.27842456102371216
vt 0.14542952179908752 0.27842456102371216
vt 0.14542952179908752 0.27842456102371216
vt 0.14542952179908752 0.27842456102371216
vt 0.14542952179908752 0.27842456102371216
vt 0.14542952179908752 0.27842456102371216
vt 0.14542952179908752 0.27842456102371216
vt 0.14542952179908752 0.27842456102371216
vt 0.14542952179908752 0.27842456102371216
vt 0.14542952179908752 0.27842456102371216
vt 0.14542952179908752 0.27842456102371216
vt 0.14542952179908752 0.27842456102371216
vt 0.14542952179908752 0.27842456102371216
vt 0.14542952179908752 0.27842456102371216
vt 0.14542952179908752 0.27842456102371216
vt 0.14542952179908752 0.27842456102371216
vt 0.14542952179908752 0.27842456102371216
vt 0.14542952179908752 0.27842456102371216
vt 0.14542952179908752 0.27842456102371216
vt 0.14542952179908752 0.27842456102371216
vt 0.14542952179908752 0.27842456102371216
vt 0.14542952179908752 0.27842456102371216
vt 0.14542952179908752 0.27842456102371216
vt 0.14542952179908752 0.27842456102371216
vt 0.14542952179908752 0.27842456102371216
vt 0.14542952179908752 0.27842456102371216
vt 0.14542952179908752 0.27842456102371216
vt 0.14542952179908752 0.27842456102371216
vt 0.14542952179908752 0.27842456102371216
vt 0.14542952179908752 0.27842456102371216
vt 0.14542952179908752 0.27842456102371216
vt 0.14542952179908752 0.27842456102371216
vt 0.14542952179908752 0.27842456102371216
vt 0.14542952179908752 0.27842456102371216
vt 0.14542952179908752 0.27842456102371216
vt 0.14542952179908752 0.27842456102371216
vt 0.14542952179908752 0.27842456102371216
vt 0.14542952179908752 0.27842456102371216
vt 0.14542952179908752 0.27842456102371216
vt 0.14542952179908752 0.27842456102371216
vt 0.14542952179908752 0.27842456102371216
vt 0.14542952179908752 0.27842456102371216
vt 0.14542952179908752 0.27842456102371216
vt 0.14542952179908752 0.27842456102371216
vt 0.14542952179908752 0.27842456102371216
vt 0.14542952179908752 0.27842456102371216
vt 0.14542952179908752 0.27842456102371216
vt 0.14542952179908752 0.27842456102371216
vt 0.14542952179908752 0.27842456102371216
vt 0.14542952179908752 0.27842456102371216
vt 0.14542952179908752 0.27842456102371216
vt 0.14542952179908752 0.27842456102371216
vt 0.14542952179908752 0.27842456102371216
vt 0.14542952179908752 0.27842456102371216
vt 0.14542952179908752 0.27842456102371216
vt 0.14542952179908752 0.27842456102371216
vt 0.14542952179908752 0.27842456102371216
vt 0.14542952179908752 0.27842456102371216
vt 0.14542952179908752 0.27842456102371216
vt 0.14542952179908752 0.27842456102371216
vt 0.14542952179908752 0.27842456102371216
vt 0.14542952179908752 0.27842456102371216
vt 0.14542952179908752 0.27842456102371216
vt 0.14542952179908752 0.27842456102371216
vt 0.14542952179908752 0.27842456102371216
vt 0.14542952179908752 0.27842456102371216
vt 0.14542952179908752 0.27842456102371216
vt 0.14542952179908752 0.27842456102371216
vt 0.14542952179908752 0.27842456102371216
vt 0.14542952179908752 0.27842456102371216
vt 0.14542952179908752 0.27842456102371216
vt 0.14542952179908752 0.27842456102371216
vt 0.14542952179908752 0.27842456102371216
vt 0.14542952179908752 0.27842456102371216
vt 0.14542952179908752 0.27842456102371216
vt 0.14542952179908752 0.27842456102371216
vt 0.14542952179908752 0.27842456102371216
vt 0.14542952179908752 0.27842456102371216
vt 0.14542952179908752 0.27842456102371216
vt 0.14542952179908752 0.27842456102371216
vt 0.14542952179908752 0.27842456102371216
vt 0.14542952179908752 0.27842456102371216
vt 0.14542952179908752 0.27842456102371216
vt 0.14542952179908752 0.27842456102371216
vt 0.14542952179908752 0.27842456102371216
vt 0.14542952179908752 0.27842456102371216
vt 0.14542952179908752 0.27842456102371216
vt 0.14542952179908752 0.27842456102371216
vt 0.14542952179908752 0.27842456102371216
vt 0.14542952179908752 0.27842456102371216
vt 0.14542952179908752 0.27842456102371216
vt 0.14542952179908752 0.27842456102371216
vt 0.14542952179908752 0.27842456102371216
vt 0.14542952179908752 0.27842456102371216
vt 0.14542952179908752 0.27842456102371216
vt 0.14542952179908752 0.27842456102371216
vt 0.14542952179908752 0.27842456102371216
vt 0.14542952179908752 0.27842456102371216
vt 0.14542952179908752 0.27842456102371216
vt 0.14542952179908752 0.27842456102371216
vt 0.14542952179908752 0.27842456102371216
vt 0.14542952179908752 0.27842456102371216
vt 0.14542952179908752 0.27842456102371216
vt 0.14542952179908752 0.27842456102371216
vt 0.14542952179908752 0.27842456102371216
vt 0.14542952179908752 0.27842456102371216
vt 0.14542952179908752 0.27842456102371216
vt 0.14542952179908752 0.27842456102371216
vt 0.14542952179908752 0.27842456102371216
vt 0.14542952179908752 0.27842456102371216
vt 0.14542952179908752 0.27842456102371216
vt 0.14542952179908752 0.27842456102371216
vt 0.14542952179908752 0.27842456102371216
vt 0.14542952179908752 0.27842456102371216
vt 0.14542952179908752 0.27842456102371216
vt 0.14542952179908752 0.27842456102371216
vt 0.14542952179908752 0.27842456102371216
vt 0.14542952179908752 0.27842456102371216
vt 0.14542952179908752 0.27842456102371216
vt 0.14542952179908752 0.27842456102371216
vt 0.14542952179908752 0.27842456102371216
vt 0.14542952179908752 0.27842456102371216
vt 0.14542952179908752 0.27842456102371216
vt 0.14542952179908752 0.27842456102371216
vt 0.14542952179908752 0.27842456102371216
vt 0.14542952179908752 0.27842456102371216
vt 0.14542952179908752 0.27842456102371216
vt 0.14542952179908752 0.27842456102371216
vt 0.14542952179908752 0.27842456102371216
vt 0.14542952179908752 0.27842456102371216
vt 0.14542952179908752 0.27842456102371216
vt 0.14542952179908752 0.27842456102371216
vt 0.14542952179908752 0.27842456102371216
vt 0.14542952179908752 0.27842456102371216
vt 0.14542952179908752 0.27842456102371216
vt 0.14542952179908752 0.27842456102371216
vt 0.14542952179908752 0.27842456102371216
vt 0.14542952179908752 0.27842456102371216
vt 0.14542952179908752 0.27842456102371216
vt 0.14542952179908752 0.27842456102371216
vt 0.14542952179908752 0.27842456102371216
vt 0.14542952179908752 0.27842456102371216
vt 0.14542952179908752 0.27842456102371216
vt 0.14542952179908752 0.27842456102371216
vt 0.14542952179908752 0.27842456102371216
vt 0.14542952179908752 0.27842456102371216
vt 0.14542952179908752 0.27842456102371216
vt 0.14542952179908752 0.27842456102371216
vt 0.14542952179908752 0.27842456102371216
vt 0.14542952179908752 0.27842456102371216
vt 0.14542952179908752 0.27842456102371216
vt 0.14542952179908752 0.27842456102371216
vt 0.14542952179908752 0.27842456102371216
vt 0.14542952179908752 0.27842456102371216
vt 0.14542952179908752 0.27842456102371216
vt 0.14542952179908752 0.27842456102371216
vt 0.14542952179908752 0.27842456102371216
vt 0.14542952179908752 0.27842456102371216
vt 0.14542952179908752 0.27842456102371216
vt 0.14542952179908752 0.27842456102371216
vt 0.14542952179908752 0.27842456102371216
vt 0.14542952179908752 0.27842456102371216
vt 0.14542952179908752 0.27842456102371216
vt 0.14542952179908752 0.27842456102371216
vt 0.14542952179908752 0.27842456102371216
vt 0.14542952179908752 0.27842456102371216
vt 0.14542952179908752 0.27842456102371216
vt 0.14542952179908752 0.27842456102371216
vt 0.14542952179908752 0.27842456102371216
vt 0.14542952179908752 0.27842456102371216
vt 0.14542952179908752 0.27842456102371216
vt 0.14542952179908752 0.27842456102371216
vt 0.14542952179908752 0.27842456102371216
vt 0.14542952179908752 0.27842456102371216
vt 0.14542952179908752 0.27842456102371216
vt 0.14542952179908752 0.27842456102371216
vt 0.14542952179908752 0.27842456102371216
vt 0.14542952179908752 0.27842456102371216
vt 0.14542952179908752 0.27842456102371216
vt 0.14542952179908752 0.27842456102371216
vt 0.14542952179908752 0.27842456102371216
vt 0.14542952179908752 0.27842456102371216
vt 0.14542952179908752 0.27842456102371216
vt 0.14542952179908752 0.27842456102371216
vt 0.14542952179908752 0.27842456102371216
vt 0.14542952179908752 0.27842456102371216
vt 0.14542952179908752 0.27842456102371216
vt 0.14542952179908752 0.27842456102371216
vt 0.14542952179908752 0.27842456102371216
vt 0.14542952179908752 0.27842456102371216
vt 0.14542952179908752 0.27842456102371216
vt 0.14542952179908752 0.27842456102371216
vt 0.14542952179908752 0.27842456102371216
vt 0.14542952179908752 0.27842456102371216
vt 0.14542952179908752 0.27842456102371216
vt 0.14542952179908752 0.27842456102371216
vt 0.14542952179908752 0.27842456102371216
vt 0.14542952179908752 0.27842456102371216
vt 0.14542952179908752 0.27842456102371216
vt 0.14542952179908752 0.27842456102371216
vt 0.14542952179908752 0.27842456102371216
vt 0.14542952179908752 0.27842456102371216
vt 0.14542952179908752 0.27842456102371216
vt 0.14542952179908752 0.27842456102371216
vt 0.14542952179908752 0.27842456102371216
vt 0.14542952179908752 0.27842456102371216
vt 0.14542952179908752 0.27842456102371216
vt 0.14542952179908752 0.27842456102371216
vt 0.14542952179908752 0.27842456102371216
vt 0.14542952179908752 0.27842456102371216
vt 0.14542952179908752 0.27842456102371216
vt 0.14542952179908752 0.27842456102371216
vt 0.14542952179908752 0.27842456102371216
vt 0.14542952179908752 0.27842456102371216
vt 0.14542952179908752 0.27842456102371216
vt 0.14542952179908752 0.27842456102371216
vt 0.14542952179908752 0.27842456102371216
vt 0.14542952179908752 0.27842456102371216
vt 0.14542952179908752 0.27842456102371216
vt 0.14542952179908752 0.27842456102371216
vt 0.14542952179908752 0.27842456102371216
vt 0.14542952179908752 0.27842456102371216
vt 0.14542952179908752 0.27842456102371216
vt 0.14542952179908752 0.27842456102371216
vt 0.14542952179908752 0.27842456102371216
vt 0.14542952179908752 0.27842456102371216
vt 0.14542952179908752 0.27842456102371216
vt 0.14542952179908752 0.27842456102371216
vt 0.14542952179908752 0.27842456102371216
vt 0.14542952179908752 0.27842456102371216
vt 0.14542952179908752 0.27842456102371216
vt 0.14542952179908752 0.27842456102371216
vt 0.14542952179908752 0.27842456102371216
vt 0.14542952179908752 0.27842456102371216
vt 0.14542952179908752 0.27842456102371216
vt 0.14542952179908752 0.27842456102371216
vt 0.14542952179908752 0.27842456102371216
vt 0.14542952179908752 0.27842456102371216
vt 0.14542952179908752 0.27842456102371216
vt 0.14542952179908752 0.27842456102371216
vt 0.14542952179908752 0.27842456102371216
vt 0.14542952179908752 0.27842456102371216
vt 0.14542952179908752 0.27842456102371216
vt 0.14542952179908752 0.27842456102371216
vt 0.14542952179908752 0.27842456102371216
vt 0.14542952179908752 0.27842456102371216
vt 0.14542952179908752 0.27842456102371216
vt 0.14542952179908752 0.27842456102371216
vt 0.14542952179908752 0.27842456102371216
vt 0.14542952179908752 0.27842456102371216
vt 0.14542952179908752 0.27842456102371216
vt 0.14542952179908752 0.27842456102371216
vt 0.14542952179908752 0.27842456102371216
vt 0.14542952179908752 0.27842456102371216
vt 0.14542952179908752 0.27842456102371216
vt 0.14542952179908752 0.27842456102371216
vt 0.14542952179908752 0.27842456102371216
vt 0.14542952179908752 0.27842456102371216
vt 0.14542952179908752 0.27842456102371216
vt 0.14542952179908752 0.27842456102371216
vt 0.14542952179908752 0.27842456102371216
vt 0.14542952179908752 0.27842456102371216
vt 0.14542952179908752 0.27842456102371216
vt 0.14542952179908752 0.27842456102371216
vt 0.14542952179908752 0.27842456102371216
vt 0.14542952179908752 0.27842456102371216
vt 0.14542952179908752 0.27842456102371216
vt 0.14542952179908752 0.27842456102371216
vt 0.14542952179908752 0.27842456102371216
vt 0.14542952179908752 0.27842456102371216
vt 0.14542952179908752 0.27842456102371216
vt 0.14542952179908752 0.27842456102371216
vt 0.14542952179908752 0.27842456102371216
vt 0.14542952179908752 0.27842456102371216
vt 0.14542952179908752 0.27842456102371216
vt 0.14542952179908752 0.27842456102371216
vt 0.14542952179908752 0.27842456102371216
vt 0.14542952179908752 0.27842456102371216
vt 0.14542952179908752 0.27842456102371216
vt 0.14542952179908752 0.27842456102371216
vt 0.14542952179908752 0.27842456102371216
vt 0.14542952179908752 0.27842456102371216
vt 0.14542952179908752 0.27842456102371216
vt 0.14542952179908752 0.27842456102371216
vt 0.14542952179908752 0.27842456102371216
vt 0.14542952179908752 0.27842456102371216
vt 0.14542952179908752 0.27842456102371216
vt 0.14542952179908752 0.27842456102371216
vt 0.14542952179908752 0.27842456102371216
vt 0.14542952179908752 0.27842456102371216
vt 0.14542952179908752 0.27842456102371216
vt 0.14542952179908752 0.27842456102371216
vt 0.14542952179908752 0.27842456102371216
vt 0.14542952179908752 0.27842456102371216
vt 0.14542952179908752 0.27842456102371216
vt 0.14542952179908752 0.27842456102371216
vt 0.14542952179908752 0.27842456102371216
vt 0.14542952179908752 0.27842456102371216
vt 0.14542952179908752 0.27842456102371216
vt 0.14542952179908752 0.27842456102371216
vt 0.14542952179908752 0.27842456102371216
vt 0.14542952179908752 0.27842456102371216
vt 0.14542952179908752 0.27842456102371216
vt 0.14542952179908752 0.27842456102371216
vt 0.14542952179908752 0.27842456102371216
vt 0.14542952179908752 0.27842456102371216
vt 0.14542952179908752 0.27842456102371216
vt 0.14542952179908752 0.27842456102371216
vt 0.14542952179908752 0.27842456102371216
vt 0.14542952179908752 0.27842456102371216
vt 0.14542952179908752 0.27842456102371216
vt 0.14542952179908752 0.27842456102371216
vt 0.14542952179908752 0.27842456102371216
vt 0.14542952179908752 0.27842456102371216
vt 0.14542952179908752 0.27842456102371216
vt 0.14542952179908752 0.27842456102371216
vt 0.14542952179908752 0.27842456102371216
vt 0.14542952179908752 0.27842456102371216
vt 0.14542952179908752 0.27842456102371216
vt 0.14542952179908752 0.27842456102371216
vt 0.14542952179908752 0.27842456102371216
vt 0.14542952179908752 0.27842456102371216
vt 0.14542952179908752 0.27842456102371216
vt 0.14542952179908752 0.27842456102371216
vt 0.14542952179908752 0.27842456102371216
vt 0.14542952179908752 0.27842456102371216
vt 0.14542952179908752 0.27842456102371216
vt 0.14542952179908752 0.27842456102371216
vt 0.14542952179908752 0.27842456102371216
vt 0.14542952179908752 0.27842456102371216
vt 0.14542952179908752 0.27842456102371216
vt 0.14542952179908752 0.27842456102371216
vt 0.14542952179908752 0.27842456102371216
vt 0.14542952179908752 0.27842456102371216
vt 0.14542952179908752 0.27842456102371216
vt 0.14542952179908752 0.27842456102371216
vt 0.14542952179908752 0.27842456102371216
vt 0.14542952179908752 0.27842456102371216
vt 0.14542952179908752 0.27842456102371216
vt 0.14542952179908752 0.27842456102371216
vt 0.14542952179908752 0.27842456102371216
vt 0.14542952179908752 0.27842456102371216
vt 0.14542952179908752 0.27842456102371216
vt 0.14542952179908752 0.27842456102371216
vt 0.14542952179908752 0.27842456102371216
vt 0.14542952179908752 0.27842456102371216
vt 0.14542952179908752 0.27842456102371216
vt 0.14542952179908752 0.27842456102371216
vt 0.14542952179908752 0.27842456102371216
vt 0.14542952179908752 0.27842456102371216
vt 0.14542952179908752 0.27842456102371216
vt 0.14542952179908752 0.27842456102371216
vt 0.14542952179908752 0.27842456102371216
vt 0.14542952179908752 0.27842456102371216
vt 0.14542952179908752 0.27842456102371216
vt 0.14542952179908752 0.27842456102371216
vt 0.14542952179908752 0.27842456102371216
vt 0.14542952179908752 0.27842456102371216
vt 0.14542952179908752 0.27842456102371216
vt 0.14542952179908752 0.27842456102371216
vt 0.14542952179908752 0.27842456102371216
vt 0.14542952179908752 0.27842456102371216
vt 0.14542952179908752 0.27842456102371216
vt 0.14542952179908752 0.27842456102371216
vt 0.14542952179908752 0.27842456102371216
vt 0.14542952179908752 0.27842456102371216
vt 0.14542952179908752 0.27842456102371216
vt 0.14542952179908752 0.27842456102371216
vt 0.14542952179908752 0.27842456102371216
vt 0.14542952179908752 0.27842456102371216
vt 0.14542952179908752 0.27842456102371216
vt 0.14542952179908752 0.27842456102371216
vt 0.14542952179908752 0.27842456102371216
vt 0.14542952179908752 0.27842456102371216
vt 0.14542952179908752 0.27842456102371216
vt 0.14542952179908752 0.27842456102371216
vt 0.14542952179908752 0.27842456102371216
vt 0.14542952179908752 0.27842456102371216
vt 0.14542952179908752 0.27842456102371216
vt 0.14542952179908752 0.27842456102371216
vt 0.14542952179908752 0.27842456102371216
vt 0.14542952179908752 0.27842456102371216
vt 0.14542952179908752 0.27842456102371216
vt 0.14542952179908752 0.27842456102371216
vt 0.14542952179908752 0.27842456102371216
vt 0.14542952179908752 0.27842456102371216
vt 0.14542952179908752 0.27842456102371216
vt 0.14542952179908752 0.27842456102371216
vt 0.14542952179908752 0.27842456102371216
vt 0.14542952179908752 0.27842456102371216
vt 0.14542952179908752 0.27842456102371216
vt 0.14542952179908752 0.27842456102371216
vt 0.14542952179908752 0.27842456102371216
vt 0.14542952179908752 0.27842456102371216
vt 0.14542952179908752 0.27842456102371216
vt 0.14542952179908752 0.27842456102371216
vt 0.14542952179908752 0.27842456102371216
vt 0.14542952179908752 0.27842456102371216
vt 0.14542952179908752 0.27842456102371216
vt 0.14542952179908752 0.27842456102371216
vt 0.14542952179908752 0.27842456102371216
vt 0.14542952179908752 0.27842456102371216
vt 0.14542952179908752 0.27842456102371216
vt 0.14542952179908752 0.27842456102371216
vt 0.14542952179908752 0.27842456102371216
vt 0.14542952179908752 0.27842456102371216
vt 0.14542952179908752 0.27842456102371216
vt 0.14542952179908752 0.27842456102371216
vt 0.14542952179908752 0.27842456102371216
vt 0.14542952179908752 0.27842456102371216
vt 0.14542952179908752 0.27842456102371216
vt 0.14542952179908752 0.27842456102371216
vt 0.14542952179908752 0.27842456102371216
vt 0.14542952179908752 0.27842456102371216
vt 0.14542952179908752 0.27842456102371216
vt 0.14542952179908752 0.27842456102371216
vt 0.14542952179908752 0.27842456102371216
vt 0.14542952179908752 0.27842456102371216
vt 0.14542952179908752 0.27842456102371216
vt 0.14542952179908752 0.27842456102371216
vt 0.14542952179908752 0.27842456102371216
vt 0.14542952179908752 0.27842456102371216
vt 0.14542952179908752 0.27842456102371216
vt 0.14542952179908752 0.27842456102371216
vt 0.14542952179908752 0.27842456102371216
vt 0.14542952179908752 0.27842456102371216
vt 0.14542952179908752 0.27842456102371216
vt 0.14542952179908752 0.27842456102371216
vt 0.14542952179908752 0.27842456102371216
vt 0.14542952179908752 0.27842456102371216
vt 0.14542952179908752 0.27842456102371216
vt 0.14542952179908752 0.27842456102371216
vt 0.14542952179908752 0.27842456102371216
vt 0.14542952179908752 0.27842456102371216
vt 0.14542952179908752 0.27842456102371216
vt 0.14542952179908752 0.27842456102371216
vt 0.14542952179908752 0.27842456102371216
vt 0.14542952179908752 0.27842456102371216
vt 0.14542952179908752 0.27842456102371216
vt 0.14542952179908752 0.27842456102371216
vt 0.14542952179908752 0.27842456102371216
vt 0.14542952179908752 0.27842456102371216
vt 0.14542952179908752 0.27842456102371216
vt 0.14542952179908752 0.27842456102371216
vt 0.14542952179908752 0.27842456102371216
vt 0.14542952179908752 0.27842456102371216
vt 0.14542952179908752 0.27842456102371216
vt 0.14542952179908752 0.27842456102371216
vt 0.14542952179908752 0.27842456102371216
vt 0.14542952179908752 0.27842456102371216
vt 0.14542952179908752 0.27842456102371216
vt 0.14542952179908752 0.27842456102371216
vt 0.14542952179908752 0.27842456102371216
vt 0.14542952179908752 0.27842456102371216
vt 0.14542952179908752 0.27842456102371216
vt 0.14542952179908752 0.27842456102371216
vt 0.14542952179908752 0.27842456102371216
vt 0.14542952179908752 0.27842456102371216
vt 0.14542952179908752 0.27842456102371216
vt 0.14542952179908752 0.27842456102371216
vt 0.14542952179908752 0.27842456102371216
vt 0.14542952179908752 0.27842456102371216
vt 0.14542952179908752 0.27842456102371216
vt 0.14542952179908752 0.27842456102371216
vt 0.14542952179908752 0.27842456102371216
vt 0.14542952179908752 0.27842456102371216
vt 0.14542952179908752 0.27842456102371216
vt 0.14542952179908752 0.27842456102371216
vt 0.14542952179908752 0.27842456102371216
vt 0.14542952179908752 0.27842456102371216
vt 0.14542952179908752 0.27842456102371216
vt 0.14542952179908752 0.27842456102371216
vt 0.14542952179908752 0.27842456102371216
vt 0.14542952179908752 0.27842456102371216
vt 0.14542952179908752 0.27842456102371216
vt 0.14542952179908752 0.27842456102371216
vt 0.14542952179908752 0.27842456102371216
vt 0.14542952179908752 0.27842456102371216
vt 0.14542952179908752 0.27842456102371216
vt 0.14542952179908752 0.27842456102371216
vt 0.14542952179908752 0.27842456102371216
vt 0.14542952179908752 0.27842456102371216
vt 0.14542952179908752 0.27842456102371216
vt 0.14542952179908752 0.27842456102371216
vt 0.14542952179908752 0.27842456102371216
vt 0.14542952179908752 0.27842456102371216
vt 0.14542952179908752 0.27842456102371216
vt 0.14542952179908752 0.27842456102371216
vt 0.14542952179908752 0.27842456102371216
vt 0.14542952179908752 0.27842456102371216
vt 0.14542952179908752 0.27842456102371216
vt 0.14542952179908752 0.27842456102371216
vt 0.14542952179908752 0.27842456102371216
vt 0.14542952179908752 0.27842456102371216
vt 0.14542952179908752 0.27842456102371216
vt 0.14542952179908752 0.27842456102371216
vt 0.14542952179908752 0.27842456102371216
vt 0.14542952179908752 0.27842456102371216
vt 0.14542952179908752 0.27842456102371216
vt 0.14542952179908752 0.27842456102371216
vt 0.14542952179908752 0.27842456102371216
vt 0.14542952179908752 0.27842456102371216
vt 0.14542952179908752 0.27842456102371216
vt 0.14542952179908752 0.27842456102371216
vt 0.14542952179908752 0.27842456102371216
vt 0.14542952179908752 0.27842456102371216
vt 0.14542952179908752 0.27842456102371216
vt 0.14542952179908752 0.27842456102371216
vt 0.14542952179908752 0.27842456102371216
vt 0.14542952179908752 0.27842456102371216
vt 0.14542952179908752 0.27842456102371216
vt 0.14542952179908752 0.27842456102371216
vt 0.14542952179908752 0.27842456102371216
vt 0.14542952179908752 0.27842456102371216
vt 0.14542952179908752 0.27842456102371216
vt 0.14542952179908752 0.27842456102371216
vt 0.14542952179908752 0.27842456102371216
vt 0.14542952179908752 0.27842456102371216
vt 0.14542952179908752 0.27842456102371216
vt 0.14542952179908752 0.27842456102371216
vt 0.14542952179908752 0.27842456102371216
vt 0.14542952179908752 0.27842456102371216
vt 0.14542952179908752 0.27842456102371216
vt 0.14542952179908752 0.27842456102371216
vt 0.14542952179908752 0.27842456102371216
vt 0.14542952179908752 0.27842456102371216
vt 0.14542952179908752 0.27842456102371216
vt 0.14542952179908752 0.27842456102371216
vt 0.14542952179908752 0.27842456102371216
vt 0.14542952179908752 0.27842456102371216
vt 0.14542952179908752 0.27842456102371216
vt 0.14542952179908752 0.27842456102371216
vt 0.14542952179908752 0.27842456102371216
vt 0.14542952179908752 0.27842456102371216
vt 0.14542952179908752 0.27842456102371216
vt 0.14542952179908752 0.27842456102371216
vt 0.14542952179908752 0.27842456102371216
vt 0.14542952179908752 0.27842456102371216
vt 0.14542952179908752 0.27842456102371216
vt 0.14542952179908752 0.27842456102371216
vt 0.14542952179908752 0.27842456102371216
vt 0.14542952179908752 0.27842456102371216
vt 0.14542952179908752 0.27842456102371216
vt 0.14542952179908752 0.27842456102371216
vt 0.14542952179908752 0.27842456102371216
vt 0.14542952179908752 0.27842456102371216
vt 0.14542952179908752 0.27842456102371216
vt 0.14542952179908752 0.27842456102371216
vt 0.14542952179908752 0.27842456102371216
vt 0.14542952179908752 0.27842456102371216
vt 0.14542952179908752 0.27842456102371216
vt 0.14542952179908752 0.27842456102371216
vt 0.14542952179908752 0.27842456102371216
vt 0.14542952179908752 0.27842456102371216
vt 0.14542952179908752 0.27842456102371216
vt 0.14542952179908752 0.27842456102371216
vt 0.14542952179908752 0.27842456102371216
vt 0.14542952179908752 0.27842456102371216
vt 0.14542952179908752 0.27842456102371216
vt 0.14542952179908752 0.27842456102371216
vt 0.14542952179908752 0.27842456102371216
vt 0.14542952179908752 0.27842456102371216
vt 0.14542952179908752 0.27842456102371216
vt 0.14542952179908752 0.27842456102371216
vt 0.14542952179908752 0.27842456102371216
vt 0.14542952179908752 0.27842456102371216
vt 0.14542952179908752 0.27842456102371216
vt 0.14542952179908752 0.27842456102371216
vt 0.14542952179908752 0.27842456102371216
vt 0.14542952179908752 0.27842456102371216
vt 0.14542952179908752 0.27842456102371216
vt 0.14542952179908752 0.27842456102371216
vt 0.14542952179908752 0.27842456102371216
vt 0.14542952179908752 0.27842456102371216
vt 0.14542952179908752 0.27842456102371216
vt 0.14542952179908752 0.27842456102371216
vt 0.14542952179908752 0.27842456102371216
vt 0.14542952179908752 0.27842456102371216
vt 0.14542952179908752 0.27842456102371216
vt 0.14542952179908752 0.27842456102371216
vt 0.14542952179908752 0.27842456102371216
vt 0.14542952179908752 0.27842456102371216
vt 0.14542952179908752 0.27842456102371216
vt 0.14542952179908752 0.27842456102371216
vt 0.14542952179908752 0.27842456102371216
vt 0.14542952179908752 0.27842456102371216
vt 0.14542952179908752 0.27842456102371216
vt 0.14542952179908752 0.27842456102371216
vt 0.14542952179908752 0.27842456102371216
vt 0.14542952179908752 0.27842456102371216
vt 0.14542952179908752 0.27842456102371216
vt 0.14542952179908752 0.27842456102371216
vt 0.14542952179908752 0.27842456102371216
vt 0.14542952179908752 0.27842456102371216
vt 0.14542952179908752 0.27842456102371216
vt 0.14542952179908752 0.27842456102371216
vt 0.14542952179908752 0.27842456102371216
vt 0.14542952179908752 0.27842456102371216
vt 0.14542952179908752 0.27842456102371216
vt 0.14542952179908752 0.27842456102371216
vt 0.14542952179908752 0.27842456102371216
vt 0.14542952179908752 0.27842456102371216
vt 0.14542952179908752 0.27842456102371216
vt 0.14542952179908752 0.27842456102371216
vt 0.14542952179908752 0.27842456102371216
vt 0.14542952179908752 0.27842456102371216
vt 0.14542952179908752 0.27842456102371216
vt 0.14542952179908752 0.27842456102371216
vt 0.14542952179908752 0.27842456102371216
vt 0.14542952179908752 0.27842456102371216
vt 0.14542952179908752 0.27842456102371216
vt 0.14542952179908752 0.27842456102371216
vt 0.14542952179908752 0.27842456102371216
vt 0.14542952179908752 0.27842456102371216
vt 0.14542952179908752 0.27842456102371216
vt 0.14542952179908752 0.27842456102371216
vt 0.14542952179908752 0.27842456102371216
vt 0.14542952179908752 0.27842456102371216
vt 0.14542952179908752 0.27842456102371216
vt 0.14542952179908752 0.27842456102371216
vt 0.14542952179908752 0.27842456102371216
vt 0.14542952179908752 0.27842456102371216
vt 0.14542952179908752 0.27842456102371216
vt 0.14542952179908752 0.27842456102371216
vt 0.14542952179908752 0.27842456102371216
vt 0.14542952179908752 0.27842456102371216
vt 0.14542952179908752 0.27842456102371216
vt 0.14542952179908752 0.27842456102371216
vt 0.14542952179908752 0.27842456102371216
vt 0.14542952179908752 0.27842456102371216
vt 0.14542952179908752 0.27842456102371216
vt 0.14542952179908752 0.27842456102371216
vt 0.14542952179908752 0.27842456102371216
vt 0.14542952179908752 0.27842456102371216
vt 0.14542952179908752 0.27842456102371216
vt 0.14542952179908752 0.27842456102371216
vt 0.14542952179908752 0.27842456102371216
vt 0.14542952179908752 0.27842456102371216
vt 0.14542952179908752 0.27842456102371216
vt 0.14542952179908752 0.27842456102371216
vt 0.14542952179908752 0.27842456102371216
vt 0.14542952179908752 0.27842456102371216
vt 0.14542952179908752 0.27842456102371216
vt 0.14542952179908752 0.27842456102371216
vt 0.14542952179908752 0.27842456102371216
vt 0.14542952179908752 0.27842456102371216
vt 0.14542952179908752 0.27842456102371216
vt 0.14542952179908752 0.27842456102371216
vt 0.14542952179908752 0.27842456102371216
vt 0.14542952179908752 0.27842456102371216
vt 0.14542952179908752 0.27842456102371216
vt 0.14542952179908752 0.27842456102371216
vt 0.14542952179908752 0.27842456102371216
vt 0.14542952179908752 0.27842456102371216
vt 0.14542952179908752 0.27842456102371216
vt 0.14542952179908752 0.27842456102371216
vt 0.14542952179908752 0.27842456102371216
vt 0.14542952179908752 0.27842456102371216
vt 0.14542952179908752 0.27842456102371216
vt 0.14542952179908752 0.27842456102371216
vt 0.14542952179908752 0.27842456102371216
vt 0.14542952179908752 0.27842456102371216
vt 0.14542952179908752 0.27842456102371216
vt 0.14542952179908752 0.27842456102371216
vt 0.14542952179908752 0.27842456102371216
vt 0.14542952179908752 0.27842456102371216
vt 0.14542952179908752 0.27842456102371216
vt 0.14542952179908752 0.27842456102371216
vt 0.14542952179908752 0.27842456102371216
vt 0.14542952179908752 0.27842456102371216
vt 0.14542952179908752 0.27842456102371216
vt 0.14542952179908752 0.27842456102371216
vt 0.14542952179908752 0.27842456102371216
vt 0.14542952179908752 0.27842456102371216
vt 0.14542952179908752 0.27842456102371216
vt 0.14542952179908752 0.27842456102371216
vt 0.14542952179908752 0.27842456102371216
vt 0.14542952179908752 0.27842456102371216
vt 0.14542952179908752 0.27842456102371216
vt 0.14542952179908752 0.27842456102371216
vt 0.14542952179908752 0.27842456102371216
vt 0.14542952179908752 0.27842456102371216
vt 0.14542952179908752 0.27842456102371216
vt 0.14542952179908752 0.27842456102371216
vt 0.14542952179908752 0.27842456102371216
vt 0.14542952179908752 0.27842456102371216
vt 0.14542952179908752 0.27842456102371216
vt 0.14542952179908752 0.27842456102371216
vt 0.14542952179908752 0.27842456102371216
vt 0.14542952179908752 0.27842456102371216
vt 0.14542952179908752 0.27842456102371216
vt 0.14542952179908752 0.27842456102371216
vt 0.14542952179908752 0.27842456102371216
vt 0.14542952179908752 0.27842456102371216
vt 0.14542952179908752 0.27842456102371216
vt 0.14542952179908752 0.27842456102371216
vt 0.14542952179908752 0.27842456102371216
vt 0.14542952179908752 0.27842456102371216
vt 0.14542952179908752 0.27842456102371216
vt 0.14542952179908752 0.27842456102371216
vt 0.14542952179908752 0.27842456102371216
vt 0.14542952179908752 0.27842456102371216
vt 0.14542952179908752 0.27842456102371216
vt 0.14542952179908752 0.27842456102371216
vt 0.14542952179908752 0.27842456102371216
vt 0.14542952179908752 0.27842456102371216
vt 0.14542952179908752 0.27842456102371216
vt 0.14542952179908752 0.27842456102371216
vt 0.14542952179908752 0.27842456102371216
vt 0.14542952179908752 0.27842456102371216
vt 0.14542952179908752 0.27842456102371216
vt 0.14542952179908752 0.27842456102371216
vt 0.14542952179908752 0.27842456102371216
vt 0.14542952179908752 0.27842456102371216
vt 0.14542952179908752 0.27842456102371216
vt 0.14542952179908752 0.27842456102371216
vt 0.14542952179908752 0.27842456102371216
vt 0.14542952179908752 0.27842456102371216
vt 0.14542952179908752 0.27842456102371216
vt 0.14542952179908752 0.27842456102371216
vt 0.14542952179908752 0.27842456102371216
vt 0.14542952179908752 0.27842456102371216
vt 0.14542952179908752 0.27842456102371216
vt 0.14542952179908752 0.27842456102371216
vt 0.14542952179908752 0.27842456102371216
vt 0.14542952179908752 0.27842456102371216
vt 0.14542952179908752 0.27842456102371216
vt 0.14542952179908752 0.27842456102371216
vt 0.14542952179908752 0.27842456102371216
vt 0.14542952179908752 0.27842456102371216
vt 0.14542952179908752 0.27842456102371216
vt 0.14542952179908752 0.27842456102371216
vt 0.14542952179908752 0.27842456102371216
vt 0.14542952179908752 0.27842456102371216
vt 0.14542952179908752 0.27842456102371216
vt 0.14542952179908752 0.27842456102371216
vt 0.14542952179908752 0.27842456102371216
vt 0.14542952179908752 0.27842456102371216
vt 0.14542952179908752 0.27842456102371216
vt 0.14542952179908752 0.27842456102371216
vt 0.14542952179908752 0.27842456102371216
vt 0.14542952179908752 0.27842456102371216
vt 0.14542952179908752 0.27842456102371216
vt 0.14542952179908752 0.27842456102371216
vt 0.14542952179908752 0.27842456102371216
vt 0.14542952179908752 0.27842456102371216
vt 0.14542952179908752 0.27842456102371216
vt 0.14542952179908752 0.27842456102371216
vt 0.14542952179908752 0.27842456102371216
vt 0.14542952179908752 0.27842456102371216
vt 0.14542952179908752 0.27842456102371216
vt 0.14542952179908752 0.27842456102371216
vt 0.14542952179908752 0.27842456102371216
vt 0.14542952179908752 0.27842456102371216
vt 0.14542952179908752 0.27842456102371216
vt 0.14542952179908752 0.27842456102371216
vt 0.14542952179908752 0.27842456102371216
vt 0.14542952179908752 0.27842456102371216
vt 0.14542952179908752 0.27842456102371216
vt 0.14542952179908752 0.27842456102371216
vt 0.14542952179908752 0.27842456102371216
vt 0.14542952179908752 0.27842456102371216
vt 0.14542952179908752 0.27842456102371216
vt 0.14542952179908752 0.27842456102371216
vt 0.14542952179908752 0.27842456102371216
vt 0.14542952179908752 0.27842456102371216
vt 0.14542952179908752 0.27842456102371216
vt 0.14542952179908752 0.27842456102371216
vt 0.14542952179908752 0.27842456102371216
vt 0.14542952179908752 0.27842456102371216
vt 0.14542952179908752 0.27842456102371216
vt 0.14542952179908752 0.27842456102371216
vt 0.14542952179908752 0.27842456102371216
vt 0.14542952179908752 0.27842456102371216
vt 0.14542952179908752 0.27842456102371216
vt 0.14542952179908752 0.27842456102371216
vt 0.14542952179908752 0.27842456102371216
vt 0.14542952179908752 0.27842456102371216
vt 0.14542952179908752 0.27842456102371216
vt 0.14542952179908752 0.27842456102371216
vt 0.14542952179908752 0.27842456102371216
vt 0.14542952179908752 0.27842456102371216
vt 0.14542952179908752 0.27842456102371216
vt 0.14542952179908752 0.27842456102371216
vt 0.14542952179908752 0.27842456102371216
vt 0.14542952179908752 0.27842456102371216
vt 0.14542952179908752 0.27842456102371216
vt 0.14542952179908752 0.27842456102371216
vt 0.14542952179908752 0.27842456102371216
vt 0.14542952179908752 0.27842456102371216
vt 0.14542952179908752 0.27842456102371216
vt 0.14542952179908752 0.27842456102371216
vt 0.14542952179908752 0.27842456102371216
vt 0.14542952179908752 0.27842456102371216
vt 0.14542952179908752 0.27842456102371216
vt 0.14542952179908752 0.27842456102371216
vt 0.14542952179908752 0.27842456102371216
vt 0.14542952179908752 0.27842456102371216
vt 0.14542952179908752 0.27842456102371216
vt 0.14542952179908752 0.27842456102371216
vt 0.14542952179908752 0.27842456102371216
vt 0.14542952179908752 0.27842456102371216
vt 0.14542952179908752 0.27842456102371216
vt 0.14542952179908752 0.27842456102371216
vt 0.14542952179908752 0.27842456102371216
vt 0.14542952179908752 0.27842456102371216
vt 0.14542952179908752 0.27842456102371216
vt 0.14542952179908752 0.27842456102371216
vt 0.14542952179908752 0.27842456102371216
vt 0.14542952179908752 0.27842456102371216
vt 0.14542952179908752 0.27842456102371216
vt 0.14542952179908752 0.27842456102371216
vt 0.14542952179908752 0.27842456102371216
vt 0.14542952179908752 0.27842456102371216
vt 0.14542952179908752 0.27842456102371216
vt 0.14542952179908752 0.27842456102371216
vt 0.14542952179908752 0.27842456102371216
vt 0.14542952179908752 0.27842456102371216
vt 0.14542952179908752 0.27842456102371216
vt 0.14542952179908752 0.27842456102371216
vt 0.14542952179908752 0.27842456102371216
vt 0.14542952179908752 0.27842456102371216
vt 0.14542952179908752 0.27842456102371216
vt 0.14542952179908752 0.27842456102371216
vt 0.14542952179908752 0.27842456102371216
vt 0.14542952179908752 0.27842456102371216
vt 0.14542952179908752 0.27842456102371216
vt 0.14542952179908752 0.27842456102371216
vt 0.14542952179908752 0.27842456102371216
vt 0.14542952179908752 0.27842456102371216
vt 0.14542952179908752 0.27842456102371216
vt 0.14542952179908752 0.27842456102371216
vt 0.14542952179908752 0.27842456102371216
vt 0.14542952179908752 0.27842456102371216
vt 0.14542952179908752 0.27842456102371216
vt 0.14542952179908752 0.27842456102371216
vt 0.14542952179908752 0.27842456102371216
vt 0.14542952179908752 0.27842456102371216
vt 0.14542952179908752 0.27842456102371216
vt 0.14542952179908752 0.27842456102371216
vt 0.14542952179908752 0.27842456102371216
vt 0.14542952179908752 0.27842456102371216
vt 0.14542952179908752 0.27842456102371216
vt 0.14542952179908752 0.27842456102371216
vt 0.14542952179908752 0.27842456102371216
vt 0.14542952179908752 0.27842456102371216
vt 0.14542952179908752 0.27842456102371216
vt 0.14542952179908752 0.27842456102371216
vt 0.14542952179908752 0.27842456102371216
vt 0.14542952179908752 0.27842456102371216
vt 0.14542952179908752 0.27842456102371216
vt 0.14542952179908752 0.27842456102371216
vt 0.14542952179908752 0.27842456102371216
vt 0.14542952179908752 0.27842456102371216
vt 0.14542952179908752 0.27842456102371216
vt 0.14542952179908752 0.27842456102371216
vt 0.14542952179908752 0.27842456102371216
vt 0.14542952179908752 0.27842456102371216
vt 0.14542952179908752 0.27842456102371216
vt 0.14542952179908752 0.27842456102371216
vt 0.14542952179908752 0.27842456102371216
vt 0.14542952179908752 0.27842456102371216
vt 0.14542952179908752 0.27842456102371216
vt 0.14542952179908752 0.27842456102371216
vt 0.14542952179908752 0.27842456102371216
vt 0.14542952179908752 0.27842456102371216
vt 0.14542952179908752 0.27842456102371216
vt 0.14542952179908752 0.27842456102371216
vt 0.14542952179908752 0.27842456102371216
vt 0.14542952179908752 0.27842456102371216
vt 0.14542952179908752 0.27842456102371216
vt 0.14542952179908752 0.27842456102371216
vt 0.14542952179908752 0.27842456102371216
vt 0.14542952179908752 0.27842456102371216
vt 0.14542952179908752 0.27842456102371216
vt 0.14542952179908752 0.27842456102371216
vt 0.14542952179908752 0.27842456102371216
vt 0.14542952179908752 0.27842456102371216
vt 0.14542952179908752 0.27842456102371216
vt 0.14542952179908752 0.27842456102371216
vt 0.14542952179908752 0.27842456102371216
vt 0.14542952179908752 0.27842456102371216
vt 0.14542952179908752 0.27842456102371216
vt 0.14542952179908752 0.27842456102371216
vt 0.14542952179908752 0.27842456102371216
vt 0.14542952179908752 0.27842456102371216
vt 0.14542952179908752 0.27842456102371216
vt 0.14542952179908752 0.27842456102371216
vt 0.14542952179908752 0.27842456102371216
vt 0.14542952179908752 0.27842456102371216
vt 0.14542952179908752 0.27842456102371216
vt 0.14542952179908752 0.27842456102371216
vt 0.14542952179908752 0.27842456102371216
vt 0.14542952179908752 0.27842456102371216
vt 0.14542952179908752 0.27842456102371216
vt 0.14542952179908752 0.27842456102371216
vt 0.14542952179908752 0.27842456102371216
vt 0.14542952179908752 0.27842456102371216
vt 0.14542952179908752 0.27842456102371216
vt 0.14542952179908752 0.27842456102371216
vt 0.14542952179908752 0.27842456102371216
vt 0.14542952179908752 0.27842456102371216
vt 0.14542952179908752 0.27842456102371216
vt 0.14542952179908752 0.27842456102371216
vt 0.14542952179908752 0.27842456102371216
vt 0.14542952179908752 0.27842456102371216
vt 0.14542952179908752 0.27842456102371216
vt 0.14542952179908752 0.27842456102371216
vt 0.14542952179908752 0.27842456102371216
vt 0.14542952179908752 0.27842456102371216
vt 0.14542952179908752 0.27842456102371216
vt 0.14542952179908752 0.27842456102371216
vt 0.14542952179908752 0.27842456102371216
vt 0.14542952179908752 0.27842456102371216
vt 0.14542952179908752 0.27842456102371216
vt 0.14542952179908752 0.27842456102371216
vt 0.14542952179908752 0.27842456102371216
vt 0.14542952179908752 0.27842456102371216
vt 0.14542952179908752 0.27842456102371216
vt 0.14542952179908752 0.27842456102371216
vt 0.14542952179908752 0.27842456102371216
vt 0.14542952179908752 0.27842456102371216
vt 0.14542952179908752 0.27842456102371216
vt 0.14542952179908752 0.27842456102371216
vt 0.14542952179908752 0.27842456102371216
vt 0.14542952179908752 0.27842456102371216
vt 0.14542952179908752 0.27842456102371216
vt 0.14542952179908752 0.27842456102371216
vt 0.14542952179908752 0.27842456102371216
vt 0.14542952179908752 0.27842456102371216
vt 0.14542952179908752 0.27842456102371216
vt 0.14542952179908752 0.27842456102371216
vt 0.14542952179908752 0.27842456102371216
vt 0.14542952179908752 0.27842456102371216
vt 0.14542952179908752 0.27842456102371216
vt 0.14542952179908752 0.27842456102371216
vt 0.14542952179908752 0.27842456102371216
vt 0.14542952179908752 0.27842456102371216
vt 0.14542952179908752 0.27842456102371216
vt 0.14542952179908752 0.27842456102371216
vt 0.14542952179908752 0.27842456102371216
vt 0.14542952179908752 0.27842456102371216
vt 0.14542952179908752 0.27842456102371216
vt 0.14542952179908752 0.27842456102371216
vt 0.14542952179908752 0.27842456102371216
vt 0.14542952179908752 0.27842456102371216
vt 0.14542952179908752 0.27842456102371216
vt 0.14542952179908752 0.27842456102371216
vt 0.14542952179908752 0.27842456102371216
vt 0.14542952179908752 0.27842456102371216
vt 0.14542952179908752 0.27842456102371216
vt 0.14542952179908752 0.27842456102371216
vt 0.14542952179908752 0.27842456102371216
vt 0.14542952179908752 0.27842456102371216
vt 0.14542952179908752 0.27842456102371216
vt 0.14542952179908752 0.27842456102371216
vt 0.14542952179908752 0.27842456102371216
vt 0.14542952179908752 0.27842456102371216
vt 0.14542952179908752 0.27842456102371216
vt 0.14542952179908752 0.27842456102371216
vt 0.14542952179908752 0.27842456102371216
vt 0.14542952179908752 0.27842456102371216
vt 0.14542952179908752 0.27842456102371216
vt 0.14542952179908752 0.27842456102371216
vt 0.14542952179908752 0.27842456102371216
vt 0.14542952179908752 0.27842456102371216
vt 0.14542952179908752 0.27842456102371216
vt 0.14542952179908752 0.27842456102371216
vt 0.14542952179908752 0.27842456102371216
vt 0.14542952179908752 0.27842456102371216
vt 0.14542952179908752 0.27842456102371216
vt 0.14542952179908752 0.27842456102371216
vt 0.14542952179908752 0.27842456102371216
vt 0.14542952179908752 0.27842456102371216
vt 0.14542952179908752 0.27842456102371216
vt 0.14542952179908752 0.27842456102371216
vt 0.14542952179908752 0.27842456102371216
vt 0.14542952179908752 0.27842456102371216
vt 0.14542952179908752 0.27842456102371216
vt 0.14542952179908752 0.27842456102371216
vt 0.14542952179908752 0.27842456102371216
vt 0.14542952179908752 0.27842456102371216
vt 0.14542952179908752 0.27842456102371216
vt 0.14542952179908752 0.27842456102371216
vt 0.14542952179908752 0.27842456102371216
vt 0.14542952179908752 0.27842456102371216
vt 0.14542952179908752 0.27842456102371216
vt 0.14542952179908752 0.27842456102371216
vt 0.14542952179908752 0.27842456102371216
vt 0.14542952179908752 0.27842456102371216
vt 0.14542952179908752 0.27842456102371216
vt 0.14542952179908752 0.27842456102371216
vt 0.14542952179908752 0.27842456102371216
vt 0.14542952179908752 0.27842456102371216
vt 0.14542952179908752 0.27842456102371216
vt 0.14542952179908752 0.27842456102371216
vt 0.14542952179908752 0.27842456102371216
vt 0.14542952179908752 0.27842456102371216
vt 0.14542952179908752 0.27842456102371216
vt 0.14542952179908752 0.27842456102371216
vt 0.14542952179908752 0.27842456102371216
vt 0.14542952179908752 0.27842456102371216
vt 0.14542952179908752 0.27842456102371216
vt 0.14542952179908752 0.27842456102371216
vt 0.14542952179908752 0.27842456102371216
vt 0.14542952179908752 0.27842456102371216
vt 0.14542952179908752 0.27842456102371216
vt 0.14542952179908752 0.27842456102371216
vt 0.14542952179908752 0.27842456102371216
vt 0.14542952179908752 0.27842456102371216
vt 0.14542952179908752 0.27842456102371216
vt 0.14542952179908752 0.27842456102371216
vt 0.14542952179908752 0.27842456102371216
vt 0.14542952179908752 0.27842456102371216
vt 0.14542952179908752 0.27842456102371216
vt 0.14542952179908752 0.27842456102371216
vt 0.14542952179908752 0.27842456102371216
vt 0.14542952179908752 0.27842456102371216
vt 0.14542952179908752 0.27842456102371216
vt 0.14542952179908752 0.27842456102371216
vt 0.14542952179908752 0.27842456102371216
vt 0.14542952179908752 0.27842456102371216
vt 0.14542952179908752 0.27842456102371216
vt 0.14542952179908752 0.27842456102371216
vt 0.14542952179908752 0.27842456102371216
vt 0.14542952179908752 0.27842456102371216
vt 0.14542952179908752 0.27842456102371216
vt 0.14542952179908752 0.27842456102371216
vt 0.14542952179908752 0.27842456102371216
vt 0.14542952179908752 0.27842456102371216
vt 0.14542952179908752 0.27842456102371216
vt 0.14542952179908752 0.27842456102371216
vt 0.14542952179908752 0.27842456102371216
vt 0.14542952179908752 0.27842456102371216
vt 0.14542952179908752 0.27842456102371216
vt 0.14542952179908752 0.27842456102371216
vt 0.14542952179908752 0.27842456102371216
vt 0.14542952179908752 0.27842456102371216
vt 0.14542952179908752 0.27842456102371216
vt 0.14542952179908752 0.27842456102371216
vt 0.14542952179908752 0.27842456102371216
vt 0.14542952179908752 0.27842456102371216
vt 0.14542952179908752 0.27842456102371216
vt 0.14542952179908752 0.27842456102371216
vt 0.14542952179908752 0.27842456102371216
vt 0.14542952179908752 0.27842456102371216
vt 0.14542952179908752 0.27842456102371216
vt 0.14542952179908752 0.27842456102371216
vt 0.14542952179908752 0.27842456102371216
vt 0.14542952179908752 0.27842456102371216
vt 0.14542952179908752 0.27842456102371216
vt 0.14542952179908752 0.27842456102371216
vt 0.14542952179908752 0.27842456102371216
vt 0.14542952179908752 0.27842456102371216
vt 0.14542952179908752 0.27842456102371216
vt 0.14542952179908752 0.27842456102371216
vt 0.14542952179908752 0.27842456102371216
vt 0.14542952179908752 0.27842456102371216
vt 0.14542952179908752 0.27842456102371216
vt 0.14542952179908752 0.27842456102371216
vt 0.14542952179908752 0.27842456102371216
vt 0.14542952179908752 0.27842456102371216
vt 0.14542952179908752 0.27842456102371216
vt 0.14542952179908752 0.27842456102371216
vt 0.14542952179908752 0.27842456102371216
vt 0.14542952179908752 0.27842456102371216
vt 0.14542952179908752 0.27842456102371216
vt 0.14542952179908752 0.27842456102371216
vt 0.14542952179908752 0.27842456102371216
vt 0.14542952179908752 0.27842456102371216
vt 0.14542952179908752 0.27842456102371216
vt 0.14542952179908752 0.27842456102371216
vt 0.14542952179908752 0.27842456102371216
vt 0.14542952179908752 0.27842456102371216
vt 0.14542952179908752 0.27842456102371216
vt 0.14542952179908752 0.27842456102371216
vt 0.14542952179908752 0.27842456102371216
vt 0.14542952179908752 0.27842456102371216
vt 0.14542952179908752 0.27842456102371216
vt 0.14542952179908752 0.27842456102371216
vt 0.14542952179908752 0.27842456102371216
vt 0.14542952179908752 0.27842456102371216
vt 0.14542952179908752 0.27842456102371216
vt 0.14542952179908752 0.27842456102371216
vt 0.14542952179908752 0.27842456102371216
vt 0.14542952179908752 0.27842456102371216
vt 0.14542952179908752 0.27842456102371216
vt 0.14542952179908752 0.27842456102371216
vt 0.14542952179908752 0.27842456102371216
vt 0.14542952179908752 0.27842456102371216
vt 0.14542952179908752 0.27842456102371216
vt 0.14542952179908752 0.27842456102371216
vt 0.14542952179908752 0.27842456102371216
vt 0.14542952179908752 0.27842456102371216
vt 0.14542952179908752 0.27842456102371216
vt 0.14542952179908752 0.27842456102371216
vt 0.14542952179908752 0.27842456102371216
vt 0.14542952179908752 0.27842456102371216
vt 0.14542952179908752 0.27842456102371216
vt 0.14542952179908752 0.27842456102371216
vt 0.14542952179908752 0.27842456102371216
vt 0.14542952179908752 0.27842456102371216
vt 0.14542952179908752 0.27842456102371216
vt 0.14542952179908752 0.27842456102371216
vt 0.14542952179908752 0.27842456102371216
vt 0.14542952179908752 0.27842456102371216
vt 0.14542952179908752 0.27842456102371216
vt 0.14542952179908752 0.27842456102371216
vt 0.14542952179908752 0.27842456102371216
vt 0.14542952179908752 0.27842456102371216
vt 0.14542952179908752 0.27842456102371216
vt 0.14542952179908752 0.27842456102371216
vt 0.14542952179908752 0.27842456102371216
vt 0.14542952179908752 0.27842456102371216
vt 0.14542952179908752 0.27842456102371216
vt 0.14542952179908752 0.27842456102371216
vt 0.14542952179908752 0.27842456102371216
vt 0.14542952179908752 0.27842456102371216
vt 0.14542952179908752 0.27842456102371216
vt 0.14542952179908752 0.27842456102371216
vt 0.14542952179908752 0.27842456102371216
vt 0.14542952179908752 0.27842456102371216
vt 0.14542952179908752 0.27842456102371216
vt 0.14542952179908752 0.27842456102371216
vt 0.14542952179908752 0.27842456102371216
vt 0.14542952179908752 0.27842456102371216
vt 0.14542952179908752 0.27842456102371216
vt 0.14542952179908752 0.27842456102371216
vt 0.14542952179908752 0.27842456102371216
vt 0.14542952179908752 0.27842456102371216
vt 0.14542952179908752 0.27842456102371216
vt 0.14542952179908752 0.27842456102371216
vt 0.14542952179908752 0.27842456102371216
vt 0.14542952179908752 0.27842456102371216
vt 0.14542952179908752 0.27842456102371216
vt 0.14542952179908752 0.27842456102371216
vt 0.14542952179908752 0.27842456102371216
vt 0.14542952179908752 0.27842456102371216
vt 0.14542952179908752 0.27842456102371216
vt 0.14542952179908752 0.27842456102371216
vt 0.14542952179908752 0.27842456102371216
vt 0.14542952179908752 0.27842456102371216
vt 0.14542952179908752 0.27842456102371216
vt 0.14542952179908752 0.27842456102371216
vt 0.14542952179908752 0.27842456102371216
vt 0.14542952179908752 0.27842456102371216
vt 0.14542952179908752 0.27842456102371216
vt 0.14542952179908752 0.27842456102371216
vt 0.14542952179908752 0.27842456102371216
vt 0.14542952179908752 0.27842456102371216
vt 0.14542952179908752 0.27842456102371216
vt 0.14542952179908752 0.27842456102371216
vt 0.14542952179908752 0.27842456102371216
vt 0.14542952179908752 0.27842456102371216
vt 0.14542952179908752 0.27842456102371216
vt 0.14542952179908752 0.27842456102371216
vt 0.14542952179908752 0.27842456102371216
vt 0.14542952179908752 0.27842456102371216
vt 0.14542952179908752 0.27842456102371216
vt 0.14542952179908752 0.27842456102371216
vt 0.14542952179908752 0.27842456102371216
vt 0.14542952179908752 0.27842456102371216
vt 0.14542952179908752 0.27842456102371216
vt 0.14542952179908752 0.27842456102371216
vt 0.14542952179908752 0.27842456102371216
vt 0.14542952179908752 0.27842456102371216
vt 0.14542952179908752 0.27842456102371216
vt 0.14542952179908752 0.27842456102371216
vt 0.14542952179908752 0.27842456102371216
vt 0.14542952179908752 0.27842456102371216
vt 0.14542952179908752 0.27842456102371216
vt 0.14542952179908752 0.27842456102371216
vt 0.14542952179908752 0.27842456102371216
vt 0.14542952179908752 0.27842456102371216
vt 0.14542952179908752 0.27842456102371216
vt 0.14542952179908752 0.27842456102371216
vt 0.14542952179908752 0.27842456102371216
vt 0.14542952179908752 0.27842456102371216
vt 0.14542952179908752 0.27842456102371216
vt 0.14542952179908752 0.27842456102371216
vt 0.14542952179908752 0.27842456102371216
vt 0.14542952179908752 0.27842456102371216
vt 0.14542952179908752 0.27842456102371216
vt 0.14542952179908752 0.27842456102371216
vt 0.14542952179908752 0.27842456102371216
vt 0.14542952179908752 0.27842456102371216
vt 0.14542952179908752 0.27842456102371216
vt 0.14542952179908752 0.27842456102371216
vt 0.14542952179908752 0.27842456102371216
vt 0.14542952179908752 0.27842456102371216
vt 0.14542952179908752 0.27842456102371216
vt 0.14542952179908752 0.27842456102371216
vt 0.14542952179908752 0.27842456102371216
vt 0.14542952179908752 0.27842456102371216
vt 0.14542952179908752 0.27842456102371216
vt 0.14542952179908752 0.27842456102371216
vt 0.14542952179908752 0.27842456102371216
vt 0.14542952179908752 0.27842456102371216
vt 0.14542952179908752 0.27842456102371216
vt 0.14542952179908752 0.27842456102371216
vt 0.14542952179908752 0.27842456102371216
vt 0.14542952179908752 0.27842456102371216
vt 0.14542952179908752 0.27842456102371216
vt 0.14542952179908752 0.27842456102371216
vt 0.14542952179908752 0.27842456102371216
vt 0.14542952179908752 0.27842456102371216
vt 0.14542952179908752 0.27842456102371216
vt 0.14542952179908752 0.27842456102371216
vt 0.14542952179908752 0.27842456102371216
vt 0.14542952179908752 0.27842456102371216
vt 0.14542952179908752 0.27842456102371216
vt 0.14542952179908752 0.27842456102371216
vt 0.14542952179908752 0.27842456102371216
vt 0.14542952179908752 0.27842456102371216
vt 0.14542952179908752 0.27842456102371216
vt 0.14542952179908752 0.27842456102371216
vt 0.14542952179908752 0.27842456102371216
vt 0.14542952179908752 0.27842456102371216
vt 0.14542952179908752 0.27842456102371216
vt 0.14542952179908752 0.27842456102371216
vt 0.14542952179908752 0.27842456102371216
vt 0.14542952179908752 0.27842456102371216
vt 0.14542952179908752 0.27842456102371216
vt 0.14542952179908752 0.27842456102371216
vt 0.14542952179908752 0.27842456102371216
vt 0.14542952179908752 0.27842456102371216
vt 0.14542952179908752 0.27842456102371216
vt 0.14542952179908752 0.27842456102371216
vt 0.14542952179908752 0.27842456102371216
vt 0.14542952179908752 0.27842456102371216
vt 0.14542952179908752 0.27842456102371216
vt 0.14542952179908752 0.27842456102371216
vt 0.14542952179908752 0.27842456102371216
vt 0.14542952179908752 0.27842456102371216
vt 0.14542952179908752 0.27842456102371216
vt 0.14542952179908752 0.27842456102371216
vt 0.14542952179908752 0.27842456102371216
vt 0.14542952179908752 0.27842456102371216
vt 0.14542952179908752 0.27842456102371216
vt 0.14542952179908752 0.27842456102371216
vt 0.14542952179908752 0.27842456102371216
vt 0.14542952179908752 0.27842456102371216
vt 0.14542952179908752 0.27842456102371216
vt 0.14542952179908752 0.27842456102371216
vt 0.14542952179908752 0.27842456102371216
vt 0.14542952179908752 0.27842456102371216
vt 0.14542952179908752 0.27842456102371216
vt 0.14542952179908752 0.27842456102371216
vt 0.14542952179908752 0.27842456102371216
vt 0.14542952179908752 0.27842456102371216
vt 0.14542952179908752 0.27842456102371216
vt 0.14542952179908752 0.27842456102371216
vt 0.14542952179908752 0.27842456102371216
vt 0.14542952179908752 0.27842456102371216
vt 0.14542952179908752 0.27842456102371216
vt 0.14542952179908752 0.27842456102371216
vt 0.14542952179908752 0.27842456102371216
vt 0.14542952179908752 0.27842456102371216
vt 0.14542952179908752 0.27842456102371216
vt 0.14542952179908752 0.27842456102371216
vt 0.14542952179908752 0.27842456102371216
vt 0.14542952179908752 0.27842456102371216
vt 0.14542952179908752 0.27842456102371216
vt 0.14542952179908752 0.27842456102371216
vt 0.14542952179908752 0.27842456102371216
vt 0.14542952179908752 0.27842456102371216
vt 0.14542952179908752 0.27842456102371216
vt 0.14542952179908752 0.27842456102371216
vt 0.14542952179908752 0.27842456102371216
vt 0.14542952179908752 0.27842456102371216
vt 0.14542952179908752 0.27842456102371216
vt 0.14542952179908752 0.27842456102371216
vt 0.14542952179908752 0.27842456102371216
vt 0.14542952179908752 0.27842456102371216
vt 0.14542952179908752 0.27842456102371216
vt 0.14542952179908752 0.27842456102371216
vt 0.14542952179908752 0.27842456102371216
vt 0.14542952179908752 0.27842456102371216
vt 0.14542952179908752 0.27842456102371216
vt 0.14542952179908752 0.27842456102371216
vt 0.14542952179908752 0.27842456102371216
vt 0.14542952179908752 0.27842456102371216
vt 0.14542952179908752 0.27842456102371216
vt 0.14542952179908752 0.27842456102371216
vt 0.14542952179908752 0.27842456102371216
vt 0.14542952179908752 0.27842456102371216
vt 0.14542952179908752 0.27842456102371216
vt 0.14542952179908752 0.27842456102371216
vt 0.14542952179908752 0.27842456102371216
vt 0.14542952179908752 0.27842456102371216
vt 0.14542952179908752 0.27842456102371216
vt 0.14542952179908752 0.27842456102371216
vt 0.14542952179908752 0.27842456102371216
vt 0.14542952179908752 0.27842456102371216
vt 0.14542952179908752 0.27842456102371216
vt 0.14542952179908752 0.27842456102371216
vt 0.14542952179908752 0.27842456102371216
vt 0.14542952179908752 0.27842456102371216
vt 0.14542952179908752 0.27842456102371216
vt 0.14542952179908752 0.27842456102371216
vt 0.14542952179908752 0.27842456102371216
vt 0.14542952179908752 0.27842456102371216
vt 0.14542952179908752 0.27842456102371216
vt 0.14542952179908752 0.27842456102371216
vt 0.14542952179908752 0.27842456102371216
vt 0.14542952179908752 0.27842456102371216
vt 0.14542952179908752 0.27842456102371216
vt 0.14542952179908752 0.27842456102371216
vt 0.14542952179908752 0.27842456102371216
vt 0.14542952179908752 0.27842456102371216
vt 0.14542952179908752 0.27842456102371216
vt 0.14542952179908752 0.27842456102371216
vt 0.14542952179908752 0.27842456102371216
vt 0.14542952179908752 0.27842456102371216
vt 0.14542952179908752 0.27842456102371216
vt 0.14542952179908752 0.27842456102371216
vt 0.14542952179908752 0.27842456102371216
vt 0.14542952179908752 0.27842456102371216
vt 0.14542952179908752 0.27842456102371216
vt 0.14542952179908752 0.27842456102371216
vt 0.14542952179908752 0.27842456102371216
vt 0.14542952179908752 0.27842456102371216
vt 0.14542952179908752 0.27842456102371216
vt 0.14542952179908752 0.27842456102371216
vt 0.14542952179908752 0.27842456102371216
vt 0.14542952179908752 0.27842456102371216
vt 0.016336089000105858 0.3021933138370514
vt 0.016336089000105858 0.3021933138370514
vt 0.016336089000105858 0.3021933138370514
vt 0.016336089000105858 0.3021933138370514
vt 0.016336089000105858 0.3021933138370514
vt 0.016336089000105858 0.3021933138370514
vt 0.016336089000105858 0.3021933138370514
vt 0.016336089000105858 0.3021933138370514
vt 0.016336089000105858 0.3021933138370514
vt 0.016336089000105858 0.3021933138370514
vt 0.016336089000105858 0.3021933138370514
vt 0.016336089000105858 0.3021933138370514
vt 0.016336089000105858 0.3021933138370514
vt 0.016336089000105858 0.3021933138370514
vt 0.016336089000105858 0.3021933138370514
vt 0.016336089000105858 0.3021933138370514
vt 0.016336089000105858 0.3021933138370514
vt 0.016336089000105858 0.3021933138370514
vt 0.016336089000105858 0.3021933138370514
vt 0.016336089000105858 0.3021933138370514
vt 0.016336089000105858 0.3021933138370514
vt 0.016336089000105858 0.3021933138370514
vt 0.016336089000105858 0.3021933138370514
vt 0.016336089000105858 0.3021933138370514
vt 0.016336089000105858 0.3021933138370514
vt 0.016336089000105858 0.3021933138370514
vt 0.016336089000105858 0.3021933138370514
vt 0.016336089000105858 0.3021933138370514
vt 0.016336089000105858 0.3021933138370514
vt 0.016336089000105858 0.3021933138370514
vt 0.016336089000105858 0.3021933138370514
vt 0.016336089000105858 0.3021933138370514
vt 0.016336089000105858 0.3021933138370514
vt 0.016336089000105858 0.3021933138370514
vt 0.016336089000105858 0.3021933138370514
vt 0.016336089000105858 0.3021933138370514
vt 0.016336089000105858 0.3021933138370514
vt 0.016336089000105858 0.3021933138370514
vt 0.016336089000105858 0.3021933138370514
vt 0.016336089000105858 0.3021933138370514
vt 0.016336089000105858 0.3021933138370514
vt 0.016336089000105858 0.3021933138370514
usemtl Farm15
f 1/1/1 2/2/2 3/3/3
f 4/4/4 5/5/5 6/6/6
f 7/7/7 8/8/8 9/9/9
f 10/10/10 11/11/11 12/12/12
f 13/13/13 14/14/14 15/15/15
f 16/16/16 17/17/17 18/18/18
f 19/19/19 20/20/20 21/21/21
f 22/22/22 23/23/23 24/24/24
f 25/25/25 26/26/26 27/27/27
f 28/28/28 29/29/29 30/30/30
f 31/31/31 32/32/32 33/33/33
f 34/34/34 35/35/35 36/36/36
f 37/37/37 38/38/38 39/39/39
f 40/40/40 41/41/41 42/42/42
f 43/43/43 44/44/44 45/45/45
f 46/46/46 47/47/47 48/48/48
f 49/49/49 50/50/50 51/51/51
f 52/52/52 53/53/53 54/54/54
f 55/55/55 56/56/56 57/57/57
f 58/58/58 59/59/59 60/60/60
f 61/61/61 62/62/62 63/63/63
f 64/64/64 65/65/65 66/66/66
f 67/67/67 68/68/68 69/69/69
f 70/70/70 71/71/71 72/72/72
f 73/73/73 74/74/74 75/75/75
f 76/76/76 77/77/77 78/78/78
f 79/79/79 80/80/80 81/81/81
f 82/82/82 83/83/83 84/84/84
f 85/85/85 86/86/86 87/87/87
f 88/88/88 89/89/89 90/90/90
f 91/91/91 92/92/92 93/93/93
f 94/94/94 95/95/95 96/96/96
f 97/97/97 98/98/98 99/99/99
f 100/100/100 101/101/101 102/102/102
f 103/103/103 104/104/104 105/105/105
f 106/106/106 107/107/107 108/108/108
f 109/109/109 110/110/110 111/111/111
f 112/112/112 113/113/113 114/114/114
f 115/115/115 116/116/116 117/117/117
f 118/118/118 119/119/119 120/120/120
f 121/121/121 122/122/122 123/123/123
f 124/124/124 125/125/125 126/126/126
f 127/127/127 128/128/128 129/129/129
f 130/130/130 131/131/131 132/132/132
f 133/133/133 134/134/134 135/135/135
f 136/136/136 137/137/137 138/138/138
f 139/139/139 140/140/140 141/141/141
f 142/142/142 143/143/143 144/144/144
f 145/145/145 146/146/146 147/147/147
f 148/148/148 149/149/149 150/150/150
f 151/151/151 152/152/152 153/153/153
f 154/154/154 155/155/155 156/156/156
f 157/157/157 158/158/158 159/159/159
f 160/160/160 161/161/161 162/162/162
f 163/163/163 164/164/164 165/165/165
f 166/166/166 167/167/167 168/168/168
f 169/169/169 170/170/170 171/171/171
f 172/172/172 173/173/173 174/174/174
f 175/175/175 176/176/176 177/177/177
f 178/178/178 179/179/179 180/180/180
f 181/181/181 182/182/182 183/183/183
f 184/184/184 185/185/185 186/186/186
f 187/187/187 188/188/188 189/189/189
f 190/190/190 191/191/191 192/192/192
f 193/193/193 194/194/194 195/195/195
f 196/196/196 197/197/197 198/198/198
f 199/199/199 200/200/200 201/201/201
f 202/202/202 203/203/203 204/204/204
f 205/205/205 206/206/206 207/207/207
f 208/208/208 209/209/209 210/210/210
f 211/211/211 212/212/212 213/213/213
f 214/214/214 215/215/215 216/216/216
f 217/217/217 218/218/218 219/219/219
f 220/220/220 221/221/221 222/222/222
f 223/223/223 224/224/224 225/225/225
f 226/226/226 227/227/227 228/228/228
f 229/229/229 230/230/230 231/231/231
f 232/232/232 233/233/233 234/234/234
f 235/235/235 236/236/236 237/237/237
f 238/238/238 239/239/239 240/240/240
f 241/241/241 242/242/242 243/243/243
f 244/244/244 245/245/245 246/246/246
f 247/247/247 248/248/248 249/249/249
f 250/250/250 251/251/251 252/252/252
f 253/253/253 254/254/254 255/255/255
f 256/256/256 257/257/257 258/258/258
f 259/259/259 260/260/260 261/261/261
f 262/262/262 263/263/263 264/264/264
f 265/265/265 266/266/266 267/267/267
f 268/268/268 269/269/269 270/270/270
f 271/271/271 272/272/272 273/273/273
f 274/274/274 275/275/275 276/276/276
f 277/277/277 278/278/278 279/279/279
f 280/280/280 281/281/281 282/282/282
f 283/283/283 284/284/284 285/285/285
f 286/286/286 287/287/287 288/288/288
f 289/289/289 290/290/290 291/291/291
f 292/292/292 293/293/293 294/294/294
f 295/295/295 296/296/296 297/297/297
f 298/298/298 299/299/299 300/300/300
f 301/301/301 302/302/302 303/303/303
f 304/304/304 305/305/305 306/306/306
f 307/307/307 308/308/308 309/309/309
f 310/310/310 311/311/311 312/312/312
f 313/313/313 314/314/314 315/315/315
f 316/316/316 317/317/317 318/318/318
f 319/319/319 320/320/320 321/321/321
f 322/322/322 323/323/323 324/324/324
f 325/325/325 326/326/326 327/327/327
f 328/328/328 329/329/329 330/330/330
f 331/331/331 332/332/332 333/333/333
f 334/334/334 335/335/335 336/336/336
f 337/337/337 338/338/338 339/339/339
f 340/340/340 341/341/341 342/342/342
f 343/343/343 344/344/344 345/345/345
f 346/346/346 347/347/347 348/348/348
f 349/349/349 350/350/350 351/351/351
f 352/352/352 353/353/353 354/354/354
f 355/355/355 356/356/356 357/357/357
f 358/358/358 359/359/359 360/360/360
f 361/361/361 362/362/362 363/363/363
f 364/364/364 365/365/365 366/366/366
f 367/367/367 368/368/368 369/369/369
f 370/370/370 371/371/371 372/372/372
f 373/373/373 374/374/374 375/375/375
f 376/376/376 377/377/377 378/378/378
f 379/379/379 380/380/380 381/381/381
f 382/382/382 383/383/383 384/384/384
f 385/385/385 386/386/386 387/387/387
f 388/388/388 389/389/389 390/390/390
f 391/391/391 392/392/392 393/393/393
f 394/394/394 395/395/395 396/396/396
f 397/397/397 398/398/398 399/399/399
f 400/400/400 401/401/401 402/402/402
f 403/403/403 404/404/404 405/405/405
f 406/406/406 407/407/407 408/408/408
f 409/409/409 410/410/410 411/411/411
f 412/412/412 413/413/413 414/414/414
f 415/415/415 416/416/416 417/417/417
f 418/418/418 419/419/419 420/420/420
f 421/421/421 422/422/422 423/423/423
f 424/424/424 425/425/425 426/426/426
f 427/427/427 428/428/428 429/429/429
f 430/430/430 431/431/431 432/432/432
f 433/433/433 434/434/434 435/435/435
f 436/436/436 437/437/437 438/438/438
f 439/439/439 440/440/440 441/441/441
f 442/442/442 443/443/443 444/444/444
f 445/445/445 446/446/446 447/447/447
f 448/448/448 449/449/449 450/450/450
f 451/451/451 452/452/452 453/453/453
f 454/454/454 455/455/455 456/456/456
f 457/457/457 458/458/458 459/459/459
f 460/460/460 461/461/461 462/462/462
f 463/463/463 464/464/464 465/465/465
f 466/466/466 467/467/467 468/468/468
f 469/469/469 470/470/470 471/471/471
f 472/472/472 473/473/473 474/474/474
f 475/475/475 476/476/476 477/477/477
f 478/478/478 479/479/479 480/480/480
f 481/481/481 482/482/482 483/483/483
f 484/484/484 485/485/485 486/486/486
f 487/487/487 488/488/488 489/489/489
f 490/490/490 491/491/491 492/492/492
f 493/493/493 494/494/494 495/495/495
f 496/496/496 497/497/497 498/498/498
f 499/499/499 500/500/500 501/501/501
f 502/502/502 503/503/503 504/504/504
f 505/505/505 506/506/506 507/507/507
f 508/508/508 509/509/509 510/510/510
f 511/511/511 512/512/512 513/513/513
f 514/514/514 515/515/515 516/516/516
f 517/517/517 518/518/518 519/519/519
f 520/520/520 521/521/521 522/522/522
f 523/523/523 524/524/524 525/525/525
f 526/526/526 527/527/527 528/528/528
f 529/529/529 530/530/530 531/531/531
f 532/532/532 533/533/533 534/534/534
f 535/535/535 536/536/536 537/537/537
f 538/538/538 539/539/539 540/540/540
f 541/541/541 542/542/542 543/543/543
f 544/544/544 545/545/545 546/546/546
f 547/547/547 548/548/548 549/549/549
f 550/550/550 551/551/551 552/552/552
f 553/553/553 554/554/554 555/555/555
f 556/556/556 557/557/557 558/558/558
f 559/559/559 560/560/560 561/561/561
f 562/562/562 563/563/563 564/564/564
f 565/565/565 566/566/566 567/567/567
f 568/568/568 569/569/569 570/570/570
f 571/571/571 572/572/572 573/573/573
f 574/574/574 575/575/575 576/576/576
f 577/577/577 578/578/578 579/579/579
f 580/580/580 581/581/581 582/582/582
f 583/583/583 584/584/584 585/585/585
f 586/586/586 587/587/587 588/588/588
f 589/589/589 590/590/590 591/591/591
f 592/592/592 593/593/593 594/594/594
f 595/595/595 596/596/596 597/597/597
f 598/598/598 599/599/599 600/600/600
f 601/601/601 602/602/602 603/603/603
f 604/604/604 605/605/605 606/606/606
f 607/607/607 608/608/608 609/609/609
f 610/610/610 611/611/611 612/612/612
f 613/613/613 614/614/614 615/615/615
f 616/616/616 617/617/617 618/618/618
f 619/619/619 620/620/620 621/621/621
f 622/622/622 623/623/623 624/624/624
f 625/625/625 626/626/626 627/627/627
f 628/628/628 629/629/629 630/630/630
f 631/631/631 632/632/632 633/633/633
f 634/634/634 635/635/635 636/636/636
f 637/637/637 638/638/638 639/639/639
f 640/640/640 641/641/641 642/642/642
f 643/643/643 644/644/644 645/645/645
f 646/646/646 647/647/647 648/648/648
f 649/649/649 650/650/650 651/651/651
f 652/652/652 653/653/653 654/654/654
f 655/655/655 656/656/656 657/657/657
f 658/658/658 659/659/659 660/660/660
f 661/661/661 662/662/662 663/663/663
f 664/664/664 665/665/665 666/666/666
f 667/667/667 668/668/668 669/669/669
f 670/670/670 671/671/671 672/672/672
f 673/673/673 674/674/674 675/675/675
f 676/676/676 677/677/677 678/678/678
f 679/679/679 680/680/680 681/681/681
f 682/682/682 683/683/683 684/684/684
f 685/685/685 686/686/686 687/687/687
f 688/688/688 689/689/689 690/690/690
f 691/691/691 692/692/692 693/693/693
f 694/694/694 695/695/695 696/696/696
f 697/697/697 698/698/698 699/699/699
f 700/700/700 701/701/701 702/702/702
f 703/703/703 704/704/704 705/705/705
f 706/706/706 707/707/707 708/708/708
f 709/709/709 710/710/710 711/711/711
f 712/712/712 713/713/713 714/714/714
f 715/715/715 716/716/716 717/717/717
f 718/718/718 719/719/719 720/720/720
f 721/721/721 722/722/722 723/723/723
f 724/724/724 725/725/725 726/726/726
f 727/727/727 728/728/728 729/729/729
f 730/730/730 731/731/731 732/732/732
f 733/733/733 734/734/734 735/735/735
f 736/736/736 737/737/737 738/738/738
f 739/739/739 740/740/740 741/741/741
f 742/742/742 743/743/743 744/744/744
f 745/745/745 746/746/746 747/747/747
f 748/748/748 749/749/749 750/750/750
f 751/751/751 752/752/752 753/753/753
f 754/754/754 755/755/755 756/756/756
f 757/757/757 758/758/758 759/759/759
f 760/760/760 761/761/761 762/762/762
f 763/763/763 764/764/764 765/765/765
f 766/766/766 767/767/767 768/768/768
f 769/769/769 770/770/770 771/771/771
f 772/772/772 773/773/773 774/774/774
f 775/775/775 776/776/776 777/777/777
f 778/778/778 779/779/779 780/780/780
f 781/781/781 782/782/782 783/783/783
f 784/784/784 785/785/785 786/786/786
f 787/787/787 788/788/788 789/789/789
f 790/790/790 791/791/791 792/792/792
f 793/793/793 794/794/794 795/795/795
f 796/796/796 797/797/797 798/798/798
f 799/799/799 800/800/800 801/801/801
f 802/802/802 803/803/803 804/804/804
f 805/805/805 806/806/806 807/807/807
f 808/808/808 809/809/809 810/810/810
f 811/811/811 812/812/812 813/813/813
f 814/814/814 815/815/815 816/816/816
f 817/817/817 818/818/818 819/819/819
f 820/820/820 821/821/821 822/822/822
f 823/823/823 824/824/824 825/825/825
f 826/826/826 827/827/827 828/828/828
f 829/829/829 830/830/830 831/831/831
f 832/832/832 833/833/833 834/834/834
f 835/835/835 836/836/836 837/837/837
f 838/838/838 839/839/839 840/840/840
f 841/841/841 842/842/842 843/843/843
f 844/844/844 845/845/845 846/846/846
f 847/847/847 848/848/848 849/849/849
f 850/850/850 851/851/851 852/852/852
f 853/853/853 854/854/854 855/855/855
f 856/856/856 857/857/857 858/858/858
f 859/859/859 860/860/860 861/861/861
f 862/862/862 863/863/863 864/864/864
f 865/865/865 866/866/866 867/867/867
f 868/868/868 869/869/869 870/870/870
f 871/871/871 872/872/872 873/873/873
f 874/874/874 875/875/875 876/876/876
f 877/877/877 878/878/878 879/879/879
f 880/880/880 881/881/881 882/882/882
f 883/883/883 884/884/884 885/885/885
f 886/886/886 887/887/887 888/888/888
f 889/889/889 890/890/890 891/891/891
f 892/892/892 893/893/893 894/894/894
f 895/895/895 896/896/896 897/897/897
f 898/898/898 899/899/899 900/900/900
f 901/901/901 902/902/902 903/903/903
f 904/904/904 905/905/905 906/906/906
f 907/907/907 908/908/908 909/909/909
f 910/910/910 911/911/911 912/912/912
f 913/913/913 914/914/914 915/915/915
f 916/916/916 917/917/917 918/918/918
f 919/919/919 920/920/920 921/921/921
f 922/922/922 923/923/923 924/924/924
f 925/925/925 926/926/926 927/927/927
f 928/928/928 929/929/929 930/930/930
f 931/931/931 932/932/932 933/933/933
f 934/934/934 935/935/935 936/936/936
f 937/937/937 938/938/938 939/939/939
f 940/940/940 941/941/941 942/942/942
f 943/943/943 944/944/944 945/945/945
f 946/946/946 947/947/947 948/948/948
f 949/949/949 950/950/950 951/951/951
f 952/952/952 953/953/953 954/954/954
f 955/955/955 956/956/956 957/957/957
f 958/958/958 959/959/959 960/960/960
f 961/961/961 962/962/962 963/963/963
f 964/964/964 965/965/965 966/966/966
f 967/967/967 968/968/968 969/969/969
f 970/970/970 971/971/971 972/972/972
f 973/973/973 974/974/974 975/975/975
f 976/976/976 977/977/977 978/978/978
f 979/979/979 980/980/980 981/981/981
f 982/982/982 983/983/983 984/984/984
f 985/985/985 986/986/986 987/987/987
f 988/988/988 989/989/989 990/990/990
f 991/991/991 992/992/992 993/993/993
f 994/994/994 995/995/995 996/996/996
f 997/997/997 998/998/998 999/999/999
f 1000/1000/1000 1001/1001/1001 1002/1002/1002
f 1003/1003/1003 1004/1004/1004 1005/1005/1005
f 1006/1006/1006 1007/1007/1007 1008/1008/1008
f 1009/1009/1009 1010/1010/1010 1011/1011/1011
f 1012/1012/1012 1013/1013/1013 1014/1014/1014
f 1015/1015/1015 1016/1016/1016 1017/1017/1017
f 1018/1018/1018 1019/1019/1019 1020/1020/1020
f 1021/1021/1021 1022/1022/1022 1023/1023/1023
f 1024/1024/1024 1025/1025/1025 1026/1026/1026
f 1027/1027/1027 1028/1028/1028 1029/1029/1029
f 1030/1030/1030 1031/1031/1031 1032/1032/1032
f 1033/1033/1033 1034/1034/1034 1035/1035/1035
f 1036/1036/1036 1037/1037/1037 1038/1038/1038
f 1039/1039/1039 1040/1040/1040 1041/1041/1041
f 1042/1042/1042 1043/1043/1043 1044/1044/1044
f 1045/1045/1045 1046/1046/1046 1047/1047/1047
f 1048/1048/1048 1049/1049/1049 1050/1050/1050
f 1051/1051/1051 1052/1052/1052 1053/1053/1053
f 1054/1054/1054 1055/1055/1055 1056/1056/1056
f 1057/1057/1057 1058/1058/1058 1059/1059/1059
f 1060/1060/1060 1061/1061/1061 1062/1062/1062
f 1063/1063/1063 1064/1064/1064 1065/1065/1065
f 1066/1066/1066 1067/1067/1067 1068/1068/1068
f 1069/1069/1069 1070/1070/1070 1071/1071/1071
f 1072/1072/1072 1073/1073/1073 1074/1074/1074
f 1075/1075/1075 1076/1076/1076 1077/1077/1077
f 1078/1078/1078 1079/1079/1079 1080/1080/1080
f 1081/1081/1081 1082/1082/1082 1083/1083/1083
f 1084/1084/1084 1085/1085/1085 1086/1086/1086
f 1087/1087/1087 1088/1088/1088 1089/1089/1089
f 1090/1090/1090 1091/1091/1091 1092/1092/1092
f 1093/1093/1093 1094/1094/1094 1095/1095/1095
f 1096/1096/1096 1097/1097/1097 1098/1098/1098
f 1099/1099/1099 1100/1100/1100 1101/1101/1101
f 1102/1102/1102 1103/1103/1103 1104/1104/1104
f 1105/1105/1105 1106/1106/1106 1107/1107/1107
f 1108/1108/1108 1109/1109/1109 1110/1110/1110
f 1111/1111/1111 1112/1112/1112 1113/1113/1113
f 1114/1114/1114 1115/1115/1115 1116/1116/1116
f 1117/1117/1117 1118/1118/1118 1119/1119/1119
f 1120/1120/1120 1121/1121/1121 1122/1122/1122
f 1123/1123/1123 1124/1124/1124 1125/1125/1125
f 1126/1126/1126 1127/1127/1127 1128/1128/1128
f 1129/1129/1129 1130/1130/1130 1131/1131/1131
f 1132/1132/1132 1133/1133/1133 1134/1134/1134
f 1135/1135/1135 1136/1136/1136 1137/1137/1137
f 1138/1138/1138 1139/1139/1139 1140/1140/1140
f 1141/1141/1141 1142/1142/1142 1143/1143/1143
f 1144/1144/1144 1145/1145/1145 1146/1146/1146
f 1147/1147/1147 1148/1148/1148 1149/1149/1149
f 1150/1150/1150 1151/1151/1151 1152/1152/1152
f 1153/1153/1153 1154/1154/1154 1155/1155/1155
f 1156/1156/1156 1157/1157/1157 1158/1158/1158
f 1159/1159/1159 1160/1160/1160 1161/1161/1161
f 1162/1162/1162 1163/1163/1163 1164/1164/1164
f 1165/1165/1165 1166/1166/1166 1167/1167/1167
f 1168/1168/1168 1169/1169/1169 1170/1170/1170
f 1171/1171/1171 1172/1172/1172 1173/1173/1173
f 1174/1174/1174 1175/1175/1175 1176/1176/1176
f 1177/1177/1177 1178/1178/1178 1179/1179/1179
f 1180/1180/1180 1181/1181/1181 1182/1182/1182
f 1183/1183/1183 1184/1184/1184 1185/1185/1185
f 1186/1186/1186 1187/1187/1187 1188/1188/1188
f 1189/1189/1189 1190/1190/1190 1191/1191/1191
f 1192/1192/1192 1193/1193/1193 1194/1194/1194
f 1195/1195/1195 1196/1196/1196 1197/1197/1197
f 1198/1198/1198 1199/1199/1199 1200/1200/1200
f 1201/1201/1201 1202/1202/1202 1203/1203/1203
f 1204/1204/1204 1205/1205/1205 1206/1206/1206
f 1207/1207/1207 1208/1208/1208 1209/1209/1209
f 1210/1210/1210 1211/1211/1211 1212/1212/1212
f 1213/1213/1213 1214/1214/1214 1215/1215/1215
f 1216/1216/1216 1217/1217/1217 1218/1218/1218
f 1219/1219/1219 1220/1220/1220 1221/1221/1221
f 1222/1222/1222 1223/1223/1223 1224/1224/1224
f 1225/1225/1225 1226/1226/1226 1227/1227/1227
f 1228/1228/1228 1229/1229/1229 1230/1230/1230
f 1231/1231/1231 1232/1232/1232 1233/1233/1233
f 1234/1234/1234 1235/1235/1235 1236/1236/1236
f 1237/1237/1237 1238/1238/1238 1239/1239/1239
f 1240/1240/1240 1241/1241/1241 1242/1242/1242
f 1243/1243/1243 1244/1244/1244 1245/1245/1245
f 1246/1246/1246 1247/1247/1247 1248/1248/1248
f 1249/1249/1249 1250/1250/1250 1251/1251/1251
f 1252/1252/1252 1253/1253/1253 1254/1254/1254
f 1255/1255/1255 1256/1256/1256 1257/1257/1257
f 1258/1258/1258 1259/1259/1259 1260/1260/1260
f 1261/1261/1261 1262/1262/1262 1263/1263/1263
f 1264/1264/1264 1265/1265/1265 1266/1266/1266
f 1267/1267/1267 1268/1268/1268 1269/1269/1269
f 1270/1270/1270 1271/1271/1271 1272/1272/1272
f 1273/1273/1273 1274/1274/1274 1275/1275/1275
f 1276/1276/1276 1277/1277/1277 1278/1278/1278
f 1279/1279/1279 1280/1280/1280 1281/1281/1281
f 1282/1282/1282 1283/1283/1283 1284/1284/1284
f 1285/1285/1285 1286/1286/1286 1287/1287/1287
f 1288/1288/1288 1289/1289/1289 1290/1290/1290
f 1291/1291/1291 1292/1292/1292 1293/1293/1293
f 1294/1294/1294 1295/1295/1295 1296/1296/1296
f 1297/1297/1297 1298/1298/1298 1299/1299/1299
f 1300/1300/1300 1301/1301/1301 1302/1302/1302
f 1303/1303/1303 1304/1304/1304 1305/1305/1305
f 1306/1306/1306 1307/1307/1307 1308/1308/1308
f 1309/1309/1309 1310/1310/1310 1311/1311/1311
f 1312/1312/1312 1313/1313/1313 1314/1314/1314
f 1315/1315/1315 1316/1316/1316 1317/1317/1317
f 1318/1318/1318 1319/1319/1319 1320/1320/1320
f 1321/1321/1321 1322/1322/1322 1323/1323/1323
f 1324/1324/1324 1325/1325/1325 1326/1326/1326
f 1327/1327/1327 1328/1328/1328 1329/1329/1329
f 1330/1330/1330 1331/1331/1331 1332/1332/1332
f 1333/1333/1333 1334/1334/1334 1335/1335/1335
f 1336/1336/1336 1337/1337/1337 1338/1338/1338
f 1339/1339/1339 1340/1340/1340 1341/1341/1341
f 1342/1342/1342 1343/1343/1343 1344/1344/1344
f 1345/1345/1345 1346/1346/1346 1347/1347/1347
f 1348/1348/1348 1349/1349/1349 1350/1350/1350
f 1351/1351/1351 1352/1352/1352 1353/1353/1353
f 1354/1354/1354 1355/1355/1355 1356/1356/1356
f 1357/1357/1357 1358/1358/1358 1359/1359/1359
f 1360/1360/1360 1361/1361/1361 1362/1362/1362
f 1363/1363/1363 1364/1364/1364 1365/1365/1365
f 1366/1366/1366 1367/1367/1367 1368/1368/1368
f 1369/1369/1369 1370/1370/1370 1371/1371/1371
f 1372/1372/1372 1373/1373/1373 1374/1374/1374
f 1375/1375/1375 1376/1376/1376 1377/1377/1377
f 1378/1378/1378 1379/1379/1379 1380/1380/1380
f 1381/1381/1381 1382/1382/1382 1383/1383/1383
f 1384/1384/1384 1385/1385/1385 1386/1386/1386
f 1387/1387/1387 1388/1388/1388 1389/1389/1389
f 1390/1390/1390 1391/1391/1391 1392/1392/1392
f 1393/1393/1393 1394/1394/1394 1395/1395/1395
f 1396/1396/1396 1397/1397/1397 1398/1398/1398
f 1399/1399/1399 1400/1400/1400 1401/1401/1401
f 1402/1402/1402 1403/1403/1403 1404/1404/1404
f 1405/1405/1405 1406/1406/1406 1407/1407/1407
f 1408/1408/1408 1409/1409/1409 1410/1410/1410
f 1411/1411/1411 1412/1412/1412 1413/1413/1413
f 1414/1414/1414 1415/1415/1415 1416/1416/1416
f 1417/1417/1417 1418/1418/1418 1419/1419/1419
f 1420/1420/1420 1421/1421/1421 1422/1422/1422
f 1423/1423/1423 1424/1424/1424 1425/1425/1425
f 1426/1426/1426 1427/1427/1427 1428/1428/1428
f 1429/1429/1429 1430/1430/1430 1431/1431/1431
f 1432/1432/1432 1433/1433/1433 1434/1434/1434
f 1435/1435/1435 1436/1436/1436 1437/1437/1437
f 1438/1438/1438 1439/1439/1439 1440/1440/1440
f 1441/1441/1441 1442/1442/1442 1443/1443/1443
f 1444/1444/1444 1445/1445/1445 1446/1446/1446
f 1447/1447/1447 1448/1448/1448 1449/1449/1449
f 1450/1450/1450 1451/1451/1451 1452/1452/1452
f 1453/1453/1453 1454/1454/1454 1455/1455/1455
f 1456/1456/1456 1457/1457/1457 1458/1458/1458
f 1459/1459/1459 1460/1460/1460 1461/1461/1461
f 1462/1462/1462 1463/1463/1463 1464/1464/1464
f 1465/1465/1465 1466/1466/1466 1467/1467/1467
f 1468/1468/1468 1469/1469/1469 1470/1470/1470
f 1471/1471/1471 1472/1472/1472 1473/1473/1473
f 1474/1474/1474 1475/1475/1475 1476/1476/1476
f 1477/1477/1477 1478/1478/1478 1479/1479/1479
f 1480/1480/1480 1481/1481/1481 1482/1482/1482
f 1483/1483/1483 1484/1484/1484 1485/1485/1485
f 1486/1486/1486 1487/1487/1487 1488/1488/1488
f 1489/1489/1489 1490/1490/1490 1491/1491/1491
f 1492/1492/1492 1493/1493/1493 1494/1494/1494
f 1495/1495/1495 1496/1496/1496 1497/1497/1497
f 1498/1498/1498 1499/1499/1499 1500/1500/1500
f 1501/1501/1501 1502/1502/1502 1503/1503/1503
f 1504/1504/1504 1505/1505/1505 1506/1506/1506
f 1507/1507/1507 1508/1508/1508 1509/1509/1509
f 1510/1510/1510 1511/1511/1511 1512/1512/1512
f 1513/1513/1513 1514/1514/1514 1515/1515/1515
f 1516/1516/1516 1517/1517/1517 1518/1518/1518
f 1519/1519/1519 1520/1520/1520 1521/1521/1521
f 1522/1522/1522 1523/1523/1523 1524/1524/1524
f 1525/1525/1525 1526/1526/1526 1527/1527/1527
f 1528/1528/1528 1529/1529/1529 1530/1530/1530
f 1531/1531/1531 1532/1532/1532 1533/1533/1533
f 1534/1534/1534 1535/1535/1535 1536/1536/1536
f 1537/1537/1537 1538/1538/1538 1539/1539/1539
f 1540/1540/1540 1541/1541/1541 1542/1542/1542
f 1543/1543/1543 1544/1544/1544 1545/1545/1545
f 1546/1546/1546 1547/1547/1547 1548/1548/1548
f 1549/1549/1549 1550/1550/1550 1551/1551/1551
f 1552/1552/1552 1553/1553/1553 1554/1554/1554
f 1555/1555/1555 1556/1556/1556 1557/1557/1557
f 1558/1558/1558 1559/1559/1559 1560/1560/1560
f 1561/1561/1561 1562/1562/1562 1563/1563/1563
f 1564/1564/1564 1565/1565/1565 1566/1566/1566
f 1567/1567/1567 1568/1568/1568 1569/1569/1569
f 1570/1570/1570 1571/1571/1571 1572/1572/1572
f 1573/1573/1573 1574/1574/1574 1575/1575/1575
f 1576/1576/1576 1577/1577/1577 1578/1578/1578
f 1579/1579/1579 1580/1580/1580 1581/1581/1581
f 1582/1582/1582 1583/1583/1583 1584/1584/1584
f 1585/1585/1585 1586/1586/1586 1587/1587/1587
f 1588/1588/1588 1589/1589/1589 1590/1590/1590
f 1591/1591/1591 1592/1592/1592 1593/1593/1593
f 1594/1594/1594 1595/1595/1595 1596/1596/1596
f 1597/1597/1597 1598/1598/1598 1599/1599/1599
f 1600/1600/1600 1601/1601/1601 1602/1602/1602
f 1603/1603/1603 1604/1604/1604 1605/1605/1605
f 1606/1606/1606 1607/1607/1607 1608/1608/1608
f 1609/1609/1609 1610/1610/1610 1611/1611/1611
f 1612/1612/1612 1613/1613/1613 1614/1614/1614
f 1615/1615/1615 1616/1616/1616 1617/1617/1617
f 1618/1618/1618 1619/1619/1619 1620/1620/1620
f 1621/1621/1621 1622/1622/1622 1623/1623/1623
f 1624/1624/1624 1625/1625/1625 1626/1626/1626
f 1627/1627/1627 1628/1628/1628 1629/1629/1629
f 1630/1630/1630 1631/1631/1631 1632/1632/1632
f 1633/1633/1633 1634/1634/1634 1635/1635/1635
f 1636/1636/1636 1637/1637/1637 1638/1638/1638
f 1639/1639/1639 1640/1640/1640 1641/1641/1641
f 1642/1642/1642 1643/1643/1643 1644/1644/1644
f 1645/1645/1645 1646/1646/1646 1647/1647/1647
f 1648/1648/1648 1649/1649/1649 1650/1650/1650
f 1651/1651/1651 1652/1652/1652 1653/1653/1653
f 1654/1654/1654 1655/1655/1655 1656/1656/1656
f 1657/1657/1657 1658/1658/1658 1659/1659/1659
f 1660/1660/1660 1661/1661/1661 1662/1662/1662
f 1663/1663/1663 1664/1664/1664 1665/1665/1665
f 1666/1666/1666 1667/1667/1667 1668/1668/1668
f 1669/1669/1669 1670/1670/1670 1671/1671/1671
f 1672/1672/1672 1673/1673/1673 1674/1674/1674
f 1675/1675/1675 1676/1676/1676 1677/1677/1677
f 1678/1678/1678 1679/1679/1679 1680/1680/1680
f 1681/1681/1681 1682/1682/1682 1683/1683/1683
f 1684/1684/1684 1685/1685/1685 1686/1686/1686
f 1687/1687/1687 1688/1688/1688 1689/1689/1689
f 1690/1690/1690 1691/1691/1691 1692/1692/1692
f 1693/1693/1693 1694/1694/1694 1695/1695/1695
f 1696/1696/1696 1697/1697/1697 1698/1698/1698
f 1699/1699/1699 1700/1700/1700 1701/1701/1701
f 1702/1702/1702 1703/1703/1703 1704/1704/1704
f 1705/1705/1705 1706/1706/1706 1707/1707/1707
f 1708/1708/1708 1709/1709/1709 1710/1710/1710
f 1711/1711/1711 1712/1712/1712 1713/1713/1713
f 1714/1714/1714 1715/1715/1715 1716/1716/1716
f 1717/1717/1717 1718/1718/1718 1719/1719/1719
f 1720/1720/1720 1721/1721/1721 1722/1722/1722
f 1723/1723/1723 1724/1724/1724 1725/1725/1725
f 1726/1726/1726 1727/1727/1727 1728/1728/1728
f 1729/1729/1729 1730/1730/1730 1731/1731/1731
f 1732/1732/1732 1733/1733/1733 1734/1734/1734
f 1735/1735/1735 1736/1736/1736 1737/1737/1737
f 1738/1738/1738 1739/1739/1739 1740/1740/1740
f 1741/1741/1741 1742/1742/1742 1743/1743/1743
f 1744/1744/1744 1745/1745/1745 1746/1746/1746
f 1747/1747/1747 1748/1748/1748 1749/1749/1749
f 1750/1750/1750 1751/1751/1751 1752/1752/1752
f 1753/1753/1753 1754/1754/1754 1755/1755/1755
f 1756/1756/1756 1757/1757/1757 1758/1758/1758
f 1759/1759/1759 1760/1760/1760 1761/1761/1761
f 1762/1762/1762 1763/1763/1763 1764/1764/1764
f 1765/1765/1765 1766/1766/1766 1767/1767/1767
f 1768/1768/1768 1769/1769/1769 1770/1770/1770
f 1771/1771/1771 1772/1772/1772 1773/1773/1773
f 1774/1774/1774 1775/1775/1775 1776/1776/1776
f 1777/1777/1777 1778/1778/1778 1779/1779/1779
f 1780/1780/1780 1781/1781/1781 1782/1782/1782
f 1783/1783/1783 1784/1784/1784 1785/1785/1785
f 1786/1786/1786 1787/1787/1787 1788/1788/1788
f 1789/1789/1789 1790/1790/1790 1791/1791/1791
f 1792/1792/1792 1793/1793/1793 1794/1794/1794
