g SM_Prop_Rowboat_01
v 0.9393905 0.5585544 -1.552475
v 0.9810488 0.9400717 -1.56418
v 0.7492208 0.5686104 -2.082138
v 0.9810488 0.9400717 -1.56418
v 0.7565815 0.9400717 -2.087594
v 0.7492208 0.5686104 -2.082138
v 0.6402624 0.3759443 -2.013681
v 0.8054739 0.331136 -1.55462
v 0.6740192 0.535917 -1.976072
v 0.8054739 0.331136 -1.55462
v 0.8714127 0.5497386 -1.551173
v 0.6740192 0.535917 -1.976072
v 0.5553785 0.111768 -1.945802
v 0.7058632 0.1039006 -1.557657
v 0.5702422 0.3445117 -1.909544
v 0.7058632 0.1039006 -1.557657
v 0.7400296 0.3207933 -1.553255
v 0.5702422 0.3445117 -1.909544
v 0.5054914 0.2790174 1.282061
v 0.7389938 0.3193313 0.6235505
v 0.4812878 0.0936372 1.157623
v 0.7389938 0.3193313 0.6235505
v 0.7043383 0.1016342 0.6277253
v 0.4812878 0.0936372 1.157623
v 0.1686919 -0.1297357 -1.869976
v 0.3435616 -0.164459 -1.529516
v 0.509383 0.06285592 -1.780817
v 0.3435616 -0.164459 -1.529516
v 0.6124849 0.06211301 -1.525803
v 0.509383 0.06285592 -1.780817
v -0.3484181 -0.1642921 0.5233286
v -0.3878083 -0.1653745 -0.5025223
v -0.6245931 0.1107494 0.5205158
v -0.3878083 -0.1653745 -0.5025223
v -0.708913 0.06207487 -0.5025236
v -0.6245931 0.1107494 0.5205158
v 0.9393905 0.5585544 -1.552475
v 0.7492208 0.5686104 -2.082138
v 0.6740192 0.535917 -1.976072
v 0.5923421 0.5375388 1.475374
v 0.6523812 0.5614479 1.564363
v 0.9432752 0.5588276 0.7640961
v -0.1723821 0.530679 1.877728
v -0.1717291 0.3173792 1.777263
v -0.595798 0.5375392 1.475376
v -0.1717291 0.3173792 1.777263
v -0.5738397 0.3232519 1.356284
v -0.595798 0.5375392 1.475376
v -0.1469789 0.3020169 1.681393
v -0.1479593 0.08931324 1.577336
v -0.5089498 0.310374 1.282061
v -0.1479593 0.08931324 1.577336
v -0.4847424 0.0936372 1.15762
v -0.5089498 0.310374 1.282061
v -0.0589958 -0.1559537 1.170833
v -0.1755791 -0.1571315 1.057377
v -0.4284566 0.06460496 1.038027
v 0.1682745 0.3551247 1.777263
v -0.001727647 0.3173792 1.840741
v 0.1689268 0.530679 1.87773
v -0.001727647 0.3173792 1.840741
v -0.001726995 0.530679 1.941209
v 0.1689268 0.530679 1.87773
v 0.1445027 0.08931324 1.577333
v -0.001726995 0.08931324 1.640814
v 0.1435217 0.3397625 1.681393
v -0.001726995 0.08931324 1.640814
v -0.0017283 0.3020169 1.744872
v 0.1435217 0.3397625 1.681393
v -0.001728952 -0.1559537 1.234312
v -0.001727647 0.06507226 1.511181
v 0.1222001 0.06507226 1.447702
v 0.4812878 0.0936372 1.157623
v 0.1445027 0.08931324 1.577333
v 0.5054914 0.2790174 1.282061
v 0.1445027 0.08931324 1.577333
v 0.1435217 0.3397625 1.681393
v 0.5054914 0.2790174 1.282061
v 0.1721218 -0.1571315 1.057377
v 0.05553725 -0.1559537 1.170836
v 0.4250014 0.06460496 1.03803
v -0.9467317 0.5588276 0.7640961
v -0.6558378 0.5614488 1.564368
v -0.595798 0.5375392 1.475376
v -0.5089498 0.310374 1.282061
v -0.4847424 0.0936372 1.15762
v -0.742451 0.339154 0.6235505
v -0.4847424 0.0936372 1.15762
v -0.7077935 0.1499806 0.6277279
v -0.742451 0.339154 0.6235505
v -0.6437179 0.3402607 -2.013682
v -0.6774739 0.6010956 -1.976072
v -0.8089274 0.331136 -1.55462
v -0.6774739 0.6010956 -1.976072
v -0.8748707 0.5497386 -1.551173
v -0.8089274 0.331136 -1.55462
v -0.5736989 0.3088281 -1.909542
v -0.6437179 0.3402607 -2.013682
v -0.8089274 0.331136 -1.55462
v -0.5588339 0.1442242 -1.945801
v -0.5736989 0.3088281 -1.909542
v -0.709318 0.1039006 -1.557658
v -0.5736989 0.3088281 -1.909542
v -0.7434844 0.3207933 -1.553258
v -0.709318 0.1039006 -1.557658
v 0.8074884 0.3290593 0.6940738
v 0.8712758 0.5483887 0.6908382
v 0.9199861 0.374453 -0.4295972
v 0.8712758 0.5483887 0.6908382
v 0.9957781 0.5503757 -0.4295946
v 0.9199861 0.374453 -0.4295972
v 0.6427498 0.1927616 0.5903424
v 0.7033402 0.4207628 0.5903398
v 0.4325871 0.1927616 1.091561
v 0.7033402 0.4207628 0.5903398
v 0.4741182 0.4207628 1.221244
v 0.4325871 0.1927616 1.091561
v -0.03925214 0.09230587 1.105247
v -0.1173651 0.1927616 1.403903
v -0.1340363 0.1812641 1.01499
v 0.03579684 0.09230587 1.105247
v 0.1139091 0.1927616 1.403903
v -0.0017283 0.09230587 1.168723
v 0.1139091 0.1927616 1.403903
v -0.001728952 0.1927616 1.467382
v -0.0017283 0.09230587 1.168723
v 0.03579684 0.09230587 1.105247
v 0.130581 0.1812641 1.014987
v 0.1139091 0.1927616 1.403903
v -0.646203 0.1927616 0.590345
v -0.4360424 0.1927616 1.091559
v -0.7067955 0.4207628 0.5903424
v -0.4360424 0.1927616 1.091559
v -0.4775774 0.4207628 1.221244
v -0.7067955 0.4207628 0.5903424
v -0.8577272 0.6487639 -1.518815
v -0.891795 0.7967017 -1.06952
v -0.8577272 0.9400717 -1.518815
v -0.9564194 0.6487639 -0.6577395
v -0.9275357 0.8556936 -0.8703589
v -0.9564194 0.876765 -0.6577395
v -0.9865531 0.6487639 -0.3948275
v -0.9865531 0.876765 -0.3948275
v 0.130581 0.1812641 1.014987
v 0.03579684 0.09230587 1.105247
v -0.001728952 0.1812641 1.078465
v 0.03579684 0.09230587 1.105247
v -0.0017283 0.09230587 1.168723
v -0.001728952 0.1812641 1.078465
v -0.001727647 0.06507226 1.511181
v -0.001728952 -0.1559537 1.234312
v -0.125656 0.06507226 1.447702
v -0.0017283 0.09230587 1.168723
v -0.03925214 0.09230587 1.105247
v -0.001728952 0.1812641 1.078465
v -0.03925214 0.09230587 1.105247
v -0.1340363 0.1812641 1.01499
v -0.001728952 0.1812641 1.078465
v -0.001728952 0.1927616 1.467382
v -0.1173651 0.1927616 1.403903
v -0.0017283 0.09230587 1.168723
v -0.1173651 0.1927616 1.403903
v -0.03925214 0.09230587 1.105247
v -0.0017283 0.09230587 1.168723
v 0.9199861 0.374453 -0.4295972
v 0.9957781 0.5503757 -0.4295946
v 0.9666877 0.5502269 -0.691943
v 0.8932006 0.3307287 -0.6927512
v 0.9199861 0.374453 -0.4295972
v 0.8714127 0.5497386 -1.551173
v 0.8054739 0.331136 -1.55462
v 0.3843523 -0.1653745 -0.5025223
v 0.7054556 0.06207487 -0.5025223
v 0.6837088 0.06208393 -0.7418779
v 0.3748109 -0.1651604 -0.7427464
v 0.6124849 0.06211301 -1.525803
v 0.3435616 -0.164459 -1.529516
v 0.3843523 -0.1653745 -0.5025223
v 0.3449622 -0.1642921 0.5233286
v 0.6211399 0.06240293 0.5205131
v 0.7054556 0.06207487 -0.5025223
v 0.9830757 0.8767645 0.4866706
v 1.047119 0.876765 0.1953432
v 1.001838 0.7788661 0.4864604
v 0.9804983 0.876765 0.7760542
v 0.9830757 0.8767645 0.4866706
v 1.001838 0.7788661 0.4864604
v -0.7051414 0.8767645 1.29555
v -0.7058406 0.876765 1.513368
v -0.7821984 0.8225368 1.292064
v -0.8481089 0.876765 1.136197
v -0.7051414 0.8767645 1.29555
v -0.7821984 0.8225368 1.292064
v -0.8577272 0.6487639 -1.518815
v -0.9564194 0.6487639 -0.6577395
v -0.891795 0.7967017 -1.06952
v 0.3533755 0.5750765 -1.627883
v 0.7860923 0.623482 -1.627883
v 0.356719 0.623482 -1.572898
v 0.9223708 0.623482 -0.1818831
v 0.922371 0.5930123 -0.1256322
v 0.3871038 0.5930123 -0.1256326
v 0.3533755 0.5750765 -1.627883
v 0.356719 0.623482 -1.572898
v -0.7895484 0.623482 -1.627883
v 1.044124 0.9151937 -0.4532095
v 1.100231 0.9158214 -0.4333205
v 1.044124 0.9316995 -0.4531552
v 1.100231 0.9158214 -0.4333205
v 1.095257 0.9517353 -0.4266754
v 1.044124 0.9316995 -0.4531552
v 1.044124 0.9151933 -0.3364479
v 1.044127 0.9316986 -0.336499
v 1.100228 0.9158214 -0.356332
v 1.044127 0.9316986 -0.336499
v 1.095258 0.9517353 -0.3629788
v 1.100228 0.9158214 -0.356332
v 1.095257 0.9517353 -0.4266754
v 1.093563 1.004419 -0.4717439
v 1.044124 0.9316995 -0.4531552
v 1.093563 1.004419 -0.4717439
v 1.044127 1.004885 -0.5050829
v 1.044124 0.9316995 -0.4531552
v 1.095258 0.9517353 -0.3629788
v 1.044127 0.9316986 -0.336499
v 1.093563 1.004419 -0.3179103
v 1.044127 0.9316986 -0.336499
v 1.044127 1.004885 -0.2845713
v 1.093563 1.004419 -0.3179103
v 1.044124 0.9151937 -0.4532095
v 1.044124 0.9316995 -0.4531552
v 0.9880201 0.9158214 -0.4333205
v 1.044124 0.9316995 -0.4531552
v 0.9929924 0.9517353 -0.4266754
v 0.9880201 0.9158214 -0.4333205
v 1.044127 1.004885 -0.5050829
v 0.9946858 1.004421 -0.4717439
v 1.044124 0.9316995 -0.4531552
v 0.9946858 1.004421 -0.4717439
v 0.9929924 0.9517353 -0.4266754
v 1.044124 0.9316995 -0.4531552
v 0.9929948 0.9517338 -0.3629771
v 0.9946882 1.004419 -0.3179087
v 1.044127 0.9316986 -0.336499
v 0.9946882 1.004419 -0.3179087
v 1.044127 1.004885 -0.2845713
v 1.044127 0.9316986 -0.336499
v 1.044124 0.9151933 -0.3364479
v 0.9880217 0.9158214 -0.3563353
v 1.044127 0.9316986 -0.336499
v 0.9880217 0.9158214 -0.3563353
v 0.9929948 0.9517338 -0.3629771
v 1.044127 0.9316986 -0.336499
v -1.043374 0.9146922 -0.453781
v -0.9867155 0.9153278 -0.4336995
v -1.043374 0.93136 -0.4537311
v -0.9867155 0.9153278 -0.4336995
v -0.9917375 0.9515946 -0.4269857
v -1.043374 0.93136 -0.4537311
v -1.043375 0.9146922 -0.3358716
v -1.043374 0.9313614 -0.3359248
v -0.9867181 0.9153278 -0.3559531
v -1.043374 0.9313614 -0.3359248
v -0.9917401 0.9515936 -0.3626636
v -0.9867181 0.9153278 -0.3559531
v -0.9917375 0.9515946 -0.4269857
v -0.9934468 1.004797 -0.4724995
v -1.043374 0.93136 -0.4537311
v -0.9934468 1.004797 -0.4724995
v -1.043374 1.005268 -0.50617
v -1.043374 0.93136 -0.4537311
v -0.9917401 0.9515936 -0.3626636
v -1.043374 0.9313614 -0.3359248
v -0.9934475 1.004797 -0.3171481
v -1.043374 0.9313614 -0.3359248
v -1.043374 1.005268 -0.2834859
v -0.9934475 1.004797 -0.3171481
v -1.043374 0.9146922 -0.453781
v -1.043374 0.93136 -0.4537311
v -1.100028 0.9153283 -0.4336962
v -1.043374 0.93136 -0.4537311
v -1.095009 0.9515946 -0.426989
v -1.100028 0.9153283 -0.4336962
v -1.043374 1.005268 -0.50617
v -1.093299 1.004797 -0.4724995
v -1.043374 0.93136 -0.4537311
v -1.093299 1.004797 -0.4724995
v -1.095009 0.9515946 -0.426989
v -1.043374 0.93136 -0.4537311
v -1.095007 0.9515936 -0.3626652
v -1.093299 1.004797 -0.3171515
v -1.043374 0.9313614 -0.3359248
v -1.093299 1.004797 -0.3171515
v -1.043374 1.005268 -0.2834859
v -1.043374 0.9313614 -0.3359248
v -1.043375 0.9146922 -0.3358716
v -1.100029 0.9153283 -0.3559547
v -1.043374 0.9313614 -0.3359248
v -1.100029 0.9153283 -0.3559547
v -1.095007 0.9515936 -0.3626652
v -1.043374 0.9313614 -0.3359248
v 0.6746383 0.876765 1.586928
v 0.9804983 0.876765 0.7760542
v 0.6523812 0.5614479 1.564363
v 0.9432752 0.5588276 0.7640961
v -1.076702 0.5587395 -0.3948275
v -1.118279 0.876765 -0.3948275
v -0.9467317 0.5588276 0.7640961
v -0.9839555 0.876765 0.7760516
v 0.6402624 0.3759443 -2.013681
v 0.6740192 0.535917 -1.976072
v -0.001727647 0.535917 -1.976072
v -0.0017283 0.3402607 -2.013682
v -0.6437179 0.3402607 -2.013682
v -0.6774739 0.6010956 -1.976072
v 0.5923421 0.5375388 1.475374
v 0.8712758 0.5483887 0.6908382
v 0.5703845 0.2918954 1.356287
v 0.8074884 0.3290593 0.6940738
v -0.8109429 0.348882 0.6940738
v -0.9234435 0.3306043 -0.4295959
v -0.874733 0.5483887 0.6908382
v -0.9992341 0.5503757 -0.4295946
v 0.5553785 0.111768 -1.945802
v 0.5702422 0.3445117 -1.909544
v -0.001726343 0.3088281 -1.909544
v -0.0017283 0.111768 -1.945801
v -0.5588339 0.1442242 -1.945801
v -0.5736989 0.3088281 -1.909542
v -0.8069659 0.1024596 -0.4642365
v -0.8507833 0.3225433 -0.4642352
v -0.7077935 0.1499806 0.6277279
v -0.742451 0.339154 0.6235505
v 0.1686919 -0.1297357 -1.869976
v 0.509383 0.06285592 -1.780817
v -0.0017283 0.06285592 -1.780822
v -0.001727647 -0.1297357 -1.869973
v -0.1721472 -0.1297357 -1.869976
v -0.5128384 0.09531217 -1.78082
v 0.6211399 0.06240293 0.5205131
v 0.3449622 -0.1642921 0.5233286
v 0.4250014 0.06460496 1.03803
v 0.1721218 -0.1571315 1.057377
v 0.509383 0.06285592 -1.780817
v 0.5553785 0.111768 -1.945802
v -0.0017283 0.111768 -1.945801
v -0.0017283 0.06285592 -1.780822
v -0.5128384 0.09531217 -1.78082
v -0.5588339 0.1442242 -1.945801
v 0.6124849 0.06211301 -1.525803
v 0.7058632 0.1039006 -1.557657
v 0.509383 0.06285592 -1.780817
v 0.5553785 0.111768 -1.945802
v 0.6211399 0.06240293 0.5205131
v 0.4250014 0.06460496 1.03803
v 0.7043383 0.1016342 0.6277253
v 0.4812878 0.0936372 1.157623
v 0.4250014 0.06460496 1.03803
v 0.1222001 0.06507226 1.447702
v 0.1445027 0.08931324 1.577333
v -0.708913 0.06207487 -0.5025236
v -0.8069659 0.1024596 -0.4642365
v -0.6245931 0.1107494 0.5205158
v -0.7077935 0.1499806 0.6277279
v -0.4284566 0.06460496 1.038027
v -0.4847424 0.0936372 1.15762
v 0.5702422 0.3445117 -1.909544
v 0.6402624 0.3759443 -2.013681
v -0.0017283 0.3402607 -2.013682
v -0.001726343 0.3088281 -1.909544
v -0.5736989 0.3088281 -1.909542
v -0.6437179 0.3402607 -2.013682
v 0.7400296 0.3207933 -1.553255
v 0.8054739 0.331136 -1.55462
v 0.5702422 0.3445117 -1.909544
v 0.6402624 0.3759443 -2.013681
v 0.5054914 0.2790174 1.282061
v 0.5703845 0.2918954 1.356287
v 0.8074884 0.3290593 0.6940738
v 0.7389938 0.3193313 0.6235505
v 0.9199861 0.374453 -0.4295972
v 0.8473285 0.3663921 -0.4642378
v 0.7492208 0.5686104 -2.082138
v 0.3363013 0.5686104 -2.082138
v 0.6740192 0.535917 -1.976072
v -0.001727647 0.535917 -1.976072
v -0.001727647 0.5686104 -2.082138
v -0.6774739 0.6010956 -1.976072
v 0.8714127 0.5497386 -1.551173
v 0.9393905 0.5585544 -1.552475
v 0.6740192 0.535917 -1.976072
v 0.9666877 0.5502269 -0.691943
v 1.041935 0.5586965 -0.6656148
v 0.9957781 0.5503757 -0.4295946
v 1.073245 0.5587395 -0.39483
v 0.8712758 0.5483887 0.6908382
v 0.9432752 0.5588276 0.7640961
v 0.5923421 0.5375388 1.475374
v -0.2041244 0.876765 2.024118
v -0.1964525 0.5632846 1.995319
v -0.6780941 0.876765 1.586928
v -0.6558378 0.5614488 1.564368
v -0.595798 0.5375392 1.475376
v -0.6558378 0.5614488 1.564368
v -0.1723821 0.530679 1.877728
v -0.1964525 0.5632846 1.995319
v -0.4284566 0.06460496 1.038027
v -0.4847424 0.0936372 1.15762
v -0.125656 0.06507226 1.447702
v -0.1479593 0.08931324 1.577336
v -0.125656 0.06507226 1.447702
v -0.0589958 -0.1559537 1.170833
v -0.4284566 0.06460496 1.038027
v -0.001728952 -0.1559537 1.234312
v -0.001728952 0.876765 2.087594
v 0.2006678 0.876765 2.024118
v -0.0017283 0.5632846 2.058798
v 0.1929966 0.5632846 1.995319
v 0.1689268 0.530679 1.87773
v -0.001726995 0.530679 1.941209
v 0.1929966 0.5632846 1.995319
v -0.0017283 0.5632846 2.058798
v 0.1435217 0.3397625 1.681393
v -0.0017283 0.3020169 1.744872
v 0.1682745 0.3551247 1.777263
v -0.001727647 0.3173792 1.840741
v 0.1222001 0.06507226 1.447702
v -0.001727647 0.06507226 1.511181
v 0.1445027 0.08931324 1.577333
v -0.001726995 0.08931324 1.640814
v 0.05553725 -0.1559537 1.170836
v -0.001728952 -0.1559537 1.234312
v 0.1222001 0.06507226 1.447702
v 0.4250014 0.06460496 1.03803
v 0.6746383 0.876765 1.586928
v 0.6523812 0.5614479 1.564363
v 0.5738148 0.8217256 1.679927
v 0.1929966 0.5632846 1.995319
v 0.2006678 0.876765 2.024118
v 0.5923421 0.5375388 1.475374
v 0.1689268 0.530679 1.87773
v 0.6523812 0.5614479 1.564363
v 0.1929966 0.5632846 1.995319
v 0.5703845 0.2918954 1.356287
v 0.1682745 0.3551247 1.777263
v 0.5923421 0.5375388 1.475374
v 0.1689268 0.530679 1.87773
v 0.5054914 0.2790174 1.282061
v 0.1435217 0.3397625 1.681393
v 0.5703845 0.2918954 1.356287
v 0.1682745 0.3551247 1.777263
v -0.6780941 0.876765 1.586928
v -0.6558378 0.5614488 1.564368
v -0.7058406 0.876765 1.513368
v -0.9467317 0.5588276 0.7640961
v -0.7821984 0.8225368 1.292064
v -0.8481089 0.876765 1.136197
v -0.9839555 0.876765 0.7760516
v -0.874733 0.5483887 0.6908382
v -0.9467317 0.5588276 0.7640961
v -0.595798 0.5375392 1.475376
v -1.076702 0.5587395 -0.3948275
v -0.9992341 0.5503757 -0.4295946
v -1.045391 0.5586965 -0.6656129
v -0.9701443 0.5502269 -0.691943
v -0.9428453 0.5585544 -1.552475
v -0.8748707 0.5497386 -1.551173
v -0.595798 0.5375392 1.475376
v -0.5738397 0.3232519 1.356284
v -0.874733 0.5483887 0.6908382
v -0.8109429 0.348882 0.6940738
v -0.1755791 -0.1571315 1.057377
v -0.3484181 -0.1642921 0.5233286
v -0.4284566 0.06460496 1.038027
v -0.6245931 0.1107494 0.5205158
v -0.9428453 0.5585544 -1.552475
v -0.7526768 0.6337889 -2.082138
v -0.9845068 0.9400717 -1.564183
v -0.7600389 0.9400717 -2.087594
v -0.8748707 0.5497386 -1.551173
v -0.6774739 0.6010956 -1.976072
v -0.9428453 0.5585544 -1.552475
v -0.7526768 0.6337889 -2.082138
v -0.001727647 0.5686104 -2.082138
v -0.7434844 0.3207933 -1.553258
v -0.5736989 0.3088281 -1.909542
v -0.8089274 0.331136 -1.55462
v -0.825685 0.3221347 -0.7189685
v -0.896657 0.3307287 -0.6927503
v -0.8507833 0.3225433 -0.4642352
v -0.9234435 0.3306043 -0.4295959
v -0.742451 0.339154 0.6235505
v -0.8109429 0.348882 0.6940738
v -0.5089498 0.310374 1.282061
v -0.5738397 0.3232519 1.356284
v -0.1469789 0.3020169 1.681393
v -0.1717291 0.3173792 1.777263
v -0.0017283 0.3020169 1.744872
v -0.001727647 0.3173792 1.840741
v -0.6159403 0.06211301 -1.525803
v -0.5128384 0.09531217 -1.78082
v -0.709318 0.1039006 -1.557658
v -0.5588339 0.1442242 -1.945801
v -0.1721472 -0.1297357 -1.869976
v -0.5128384 0.09531217 -1.78082
v -0.3470195 -0.164459 -1.529517
v -0.6159403 0.06211301 -1.525803
v 1.083533 0.8143895 -0.6425344
v 0.9810488 0.9400717 -1.56418
v 0.9393905 0.5585544 -1.552475
v 1.041935 0.5586965 -0.6656148
v 1.073245 0.5587395 -0.39483
v 1.114825 0.876765 -0.3948261
v 0.7400296 0.3207933 -1.553255
v 0.8222302 0.3221347 -0.7189699
v 0.8054739 0.331136 -1.55462
v 0.8932006 0.3307287 -0.6927512
v 0.7058632 0.1039006 -1.557657
v 0.7806683 0.1027972 -0.7199996
v 0.7400296 0.3207933 -1.553255
v 0.8222302 0.3221347 -0.7189699
v 0.8035085 0.1024596 -0.4642378
v 0.8473285 0.3663921 -0.4642378
v 0.6124849 0.06211301 -1.525803
v 0.6837088 0.06208393 -0.7418779
v 0.7058632 0.1039006 -1.557657
v 0.7806683 0.1027972 -0.7199996
v 0.7054556 0.06207487 -0.5025223
v 0.8035085 0.1024596 -0.4642378
v 0.6211399 0.06240293 0.5205131
v 0.7043383 0.1016342 0.6277253
v -0.8089274 0.331136 -1.55462
v -0.8748707 0.5497386 -1.551173
v -0.896657 0.3307287 -0.6927503
v -0.9701443 0.5502269 -0.691943
v -0.9234435 0.3306043 -0.4295959
v -0.9992341 0.5503757 -0.4295946
v -0.709318 0.1039006 -1.557658
v -0.7434844 0.3207933 -1.553258
v -0.784125 0.1027972 -0.7199988
v -0.825685 0.3221347 -0.7189685
v -0.8069659 0.1024596 -0.4642365
v -0.8507833 0.3225433 -0.4642352
v -0.6159403 0.06211301 -1.525803
v -0.709318 0.1039006 -1.557658
v -0.6871657 0.06208393 -0.7418789
v -0.784125 0.1027972 -0.7199988
v -0.708913 0.06207487 -0.5025236
v -0.8069659 0.1024596 -0.4642365
v -0.3470195 -0.164459 -1.529517
v -0.6159403 0.06211301 -1.525803
v -0.3782674 -0.1651604 -0.7427467
v -0.6871657 0.06208393 -0.7418789
v -0.3878083 -0.1653745 -0.5025223
v -0.708913 0.06207487 -0.5025236
v 0.9804983 0.876765 0.7760542
v 1.001838 0.7788661 0.4864604
v 0.9432752 0.5588276 0.7640961
v 1.073245 0.5587395 -0.39483
v 1.047119 0.876765 0.1953432
v 1.114825 0.876765 -0.3948261
v 0.7043383 0.1016342 0.6277253
v 0.7389938 0.3193313 0.6235505
v 0.8035085 0.1024596 -0.4642378
v 0.8473285 0.3663921 -0.4642378
v -0.001728952 -0.164459 -1.529517
v 0.3435616 -0.164459 -1.529516
v 0.1686919 -0.1297357 -1.869976
v -0.001727647 -0.1297357 -1.869973
v -0.1721472 -0.1297357 -1.869976
v -0.3470195 -0.164459 -1.529517
v 0.6956662 0.9400717 -1.970738
v 0.6954256 0.6487639 -1.97074
v 0.502229 0.9400717 -1.970738
v -0.001727647 0.6487639 -1.970738
v 0.3634411 0.8828241 -1.970738
v 0.3071075 0.9400717 -1.970738
v -0.001727647 0.9400717 -1.970738
v -0.6988823 0.6487639 -1.970738
v -0.6991229 0.9400717 -1.970739
v 0.8542711 0.6487639 -1.518815
v 0.6954256 0.6487639 -1.97074
v 0.8542711 0.9400717 -1.518815
v 0.6956662 0.9400717 -1.970738
v 0.8542712 0.876765 0.7291631
v 0.5743198 0.876765 1.485239
v 0.8542712 0.6487639 0.7291631
v 0.5743198 0.6487639 1.485239
v -0.9865531 0.6487639 -0.3948275
v -0.8577257 0.6487639 0.7291606
v -0.9865531 0.876765 -0.3948275
v -0.8577257 0.876765 0.7291606
v 0.6502011 0.6487639 -1.901201
v 0.6092043 0.4207628 -1.901198
v -0.001727647 0.6487639 -1.901201
v -0.001727647 0.4207628 -1.901201
v -0.6126604 0.4207628 -1.901201
v -0.6536566 0.6487639 -1.901201
v 0.7987427 0.6487639 -1.518813
v 0.7513512 0.4207628 -1.518815
v 0.6502011 0.6487639 -1.901201
v 0.6092043 0.4207628 -1.901198
v 0.7517864 0.4207628 0.6596209
v 0.7987434 0.6487639 0.6596209
v 0.5125169 0.4207628 1.290526
v 0.5369526 0.6487639 1.4157
v -0.9226665 0.6487639 -0.4295972
v -0.868311 0.4207628 -0.4295959
v -0.8021986 0.6487639 0.6596209
v -0.7552429 0.4207628 0.6596209
v 0.572535 0.4207628 -1.831921
v 0.5261945 0.1927616 -1.831918
v -0.0017283 0.4207628 -1.831919
v -0.0017283 0.1927616 -1.831919
v -0.5296506 0.1927616 -1.831919
v -0.575995 0.4207628 -1.831919
v 0.7028731 0.4207628 -1.518814
v 0.6427484 0.1927616 -1.518815
v 0.572535 0.4207628 -1.831921
v 0.5261945 0.1927616 -1.831918
v -0.8124297 0.4207628 -0.4642339
v -0.7427043 0.1927616 -0.4642365
v -0.7067955 0.4207628 0.5903424
v -0.646203 0.1927616 0.590345
v 0.5005016 0.1927616 -1.755347
v 0.1455673 0.1812641 -1.755347
v -0.001727647 0.1927616 -1.755345
v -0.001727647 0.1812641 -1.755345
v -0.14902 0.1812641 -1.755347
v -0.5039565 0.1927616 -1.755347
v -0.1641714 0.876765 1.874156
v -0.5777789 0.876765 1.485239
v -0.1641714 0.6487639 1.874156
v -0.5777789 0.6487639 1.485239
v -0.5159727 0.4207628 1.290526
v -0.1462966 0.4207628 1.679437
v -0.5404084 0.6487639 1.415697
v -0.1536352 0.6487639 1.804613
v -0.4360424 0.1927616 1.091559
v -0.1244923 0.1927616 1.480475
v -0.4775774 0.4207628 1.221244
v -0.1355484 0.4207628 1.610155
v 0.1607174 0.876765 1.874156
v -0.001728952 0.876765 1.937634
v 0.1607174 0.6487639 1.874156
v -0.001728952 0.6487639 1.937634
v 0.14284 0.4207628 1.679437
v 0.1501792 0.6487639 1.804613
v -0.001729604 0.4207628 1.742918
v -0.001728952 0.6487639 1.868092
v 0.1210357 0.1927616 1.480475
v 0.1320924 0.4207628 1.610158
v -0.0017283 0.1927616 1.543953
v -0.0017283 0.4207628 1.673639
v 0.5743198 0.876765 1.485239
v 0.4833947 0.8217256 1.570738
v 0.5743198 0.6487639 1.485239
v 0.1607174 0.6487639 1.874156
v 0.1607174 0.876765 1.874156
v 0.5125169 0.4207628 1.290526
v 0.5369526 0.6487639 1.4157
v 0.14284 0.4207628 1.679437
v 0.1501792 0.6487639 1.804613
v 0.4325871 0.1927616 1.091561
v 0.4741182 0.4207628 1.221244
v 0.1210357 0.1927616 1.480475
v 0.1320924 0.4207628 1.610158
v -0.5777789 0.876765 1.485239
v -0.8577257 0.876765 0.7291606
v -0.5777789 0.6487639 1.485239
v -0.8577257 0.6487639 0.7291606
v -0.7552429 0.4207628 0.6596209
v -0.5159727 0.4207628 1.290526
v -0.8021986 0.6487639 0.6596209
v -0.5404084 0.6487639 1.415697
v -0.6988823 0.6487639 -1.970738
v -0.8577272 0.6487639 -1.518815
v -0.6991229 0.9400717 -1.970739
v -0.8577272 0.9400717 -1.518815
v -0.6126604 0.4207628 -1.901201
v -0.7548074 0.4207628 -1.518814
v -0.6536566 0.6487639 -1.901201
v -0.8021988 0.6487639 -1.518815
v -0.5296506 0.1927616 -1.831919
v -0.6462057 0.1927616 -1.518815
v -0.575995 0.4207628 -1.831919
v -0.7063284 0.4207628 -1.518815
v 0.8542711 0.6487639 -1.518815
v 0.8542711 0.9400717 -1.518815
v 0.9529644 0.8143895 -0.6319222
v 0.9529644 0.6487639 -0.6577375
v 0.9830984 0.6487639 -0.3948249
v 0.9830984 0.876765 -0.3948249
v 0.8383037 0.4207628 -0.6843762
v 0.7513512 0.4207628 -1.518815
v 0.7987427 0.6487639 -1.518813
v 0.8910329 0.6487639 -0.6843747
v 0.864853 0.4207628 -0.4295972
v 0.9192117 0.6487639 -0.4295959
v 0.7166749 0.1927616 -0.7109122
v 0.6427484 0.1927616 -1.518815
v 0.7028731 0.4207628 -1.518814
v 0.7841551 0.4207628 -0.7109128
v 0.7392469 0.1927616 -0.4642352
v 0.808973 0.4207628 -0.4642365
v -0.7548074 0.4207628 -1.518814
v -0.8417614 0.4207628 -0.6843749
v -0.8021988 0.6487639 -1.518815
v -0.8944879 0.6487639 -0.6843762
v -0.868311 0.4207628 -0.4295959
v -0.9226665 0.6487639 -0.4295972
v -0.6462057 0.1927616 -1.518815
v -0.7201323 0.1927616 -0.7109131
v -0.7063284 0.4207628 -1.518815
v -0.7876116 0.4207628 -0.7109111
v -0.7427043 0.1927616 -0.4642365
v -0.8124297 0.4207628 -0.4642339
v 0.8542712 0.6487639 0.7291631
v 0.9830984 0.6487639 -0.3948249
v 0.8542712 0.876765 0.7291631
v 0.9830984 0.876765 -0.3948249
v 0.7517864 0.4207628 0.6596209
v 0.864853 0.4207628 -0.4295972
v 0.7987434 0.6487639 0.6596209
v 0.9192117 0.6487639 -0.4295959
v 0.6427498 0.1927616 0.5903424
v 0.7392469 0.1927616 -0.4642352
v 0.7033402 0.4207628 0.5903398
v 0.808973 0.4207628 -0.4642365
v 0.502229 0.9400717 -1.970738
v 0.4897922 0.9400717 -2.087594
v 0.6956662 0.9400717 -1.970738
v 0.7565815 0.9400717 -2.087594
v 0.9810488 0.9400717 -1.56418
v 0.8542711 0.9400717 -1.518815
v 0.9804983 0.876765 0.7760542
v 0.6746383 0.876765 1.586928
v 0.5743198 0.876765 1.485239
v 0.8542712 0.876765 0.7291631
v 0.9830757 0.8767645 0.4866706
v 0.9830984 0.876765 -0.3948249
v 1.047119 0.876765 0.1953432
v 1.114825 0.876765 -0.3948261
v 0.1607174 0.876765 1.874156
v 0.2006678 0.876765 2.024118
v -0.001728952 0.876765 1.937634
v -0.001728952 0.876765 2.087594
v -0.2041244 0.876765 2.024118
v -0.1641714 0.876765 1.874156
v -0.6780941 0.876765 1.586928
v -0.5777789 0.876765 1.485239
v -0.7058406 0.876765 1.513368
v -0.7051414 0.8767645 1.29555
v -0.8577257 0.876765 0.7291606
v -0.8481089 0.876765 1.136197
v -0.9839555 0.876765 0.7760516
v -1.118279 0.876765 -0.3948275
v -0.9865531 0.876765 -0.3948275
v -1.086989 0.876765 -0.6683514
v -0.9564194 0.876765 -0.6577395
v 0.4833947 0.8217256 1.570738
v 0.5738148 0.8217256 1.679927
v 0.1607174 0.876765 1.874156
v 0.2006678 0.876765 2.024118
v -0.8577272 0.9400717 -1.518815
v -0.9845068 0.9400717 -1.564183
v -0.6991229 0.9400717 -1.970739
v -0.7600389 0.9400717 -2.087594
v -0.001727647 0.9400717 -2.087594
v -0.001727647 0.9400717 -1.970738
v 0.3071075 0.9400717 -1.970738
v 0.3090204 0.9400717 -2.087594
v 0.9529644 0.8143895 -0.6319222
v 0.8542711 0.9400717 -1.518815
v 1.083533 0.8143895 -0.6425344
v 0.9810488 0.9400717 -1.56418
v -0.9275357 0.8556936 -0.8703589
v -0.9564194 0.876765 -0.6577395
v -1.059335 0.8556936 -0.8706167
v -1.086989 0.876765 -0.6683514
v -0.0017283 0.4207628 1.673639
v -0.1355484 0.4207628 1.610155
v -0.0017283 0.1927616 1.543953
v -0.1244923 0.1927616 1.480475
v -0.001728952 0.6487639 1.868092
v -0.1536352 0.6487639 1.804613
v -0.001729604 0.4207628 1.742918
v -0.1462966 0.4207628 1.679437
v -0.001728952 0.876765 1.937634
v -0.1641714 0.876765 1.874156
v -0.001728952 0.6487639 1.937634
v -0.1641714 0.6487639 1.874156
v -0.001728952 0.876765 2.087594
v -0.0017283 0.5632846 2.058798
v -0.2041244 0.876765 2.024118
v -0.1964525 0.5632846 1.995319
v -0.1723821 0.530679 1.877728
v -0.1964525 0.5632846 1.995319
v -0.001726995 0.530679 1.941209
v -0.0017283 0.5632846 2.058798
v -0.001726995 0.530679 1.941209
v -0.001727647 0.3173792 1.840741
v -0.1723821 0.530679 1.877728
v -0.1717291 0.3173792 1.777263
v -0.0017283 0.3020169 1.744872
v -0.001726995 0.08931324 1.640814
v -0.1469789 0.3020169 1.681393
v -0.1479593 0.08931324 1.577336
v -0.125656 0.06507226 1.447702
v -0.1479593 0.08931324 1.577336
v -0.001727647 0.06507226 1.511181
v -0.001726995 0.08931324 1.640814
v -0.001727647 0.9400717 -2.087594
v -0.7600389 0.9400717 -2.087594
v -0.7526768 0.6337889 -2.082138
v -0.001727647 0.5686104 -2.082138
v 0.3363013 0.5686104 -2.082138
v 0.3720587 0.8114039 -2.085315
v 0.3090204 0.9400717 -2.087594
v 0.3668489 0.8828241 -2.087594
v 0.7492208 0.5686104 -2.082138
v 0.4897922 0.9400717 -2.087594
v 0.7565815 0.9400717 -2.087594
v 0.9529644 0.8143895 -0.6319222
v 1.083533 0.8143895 -0.6425344
v 0.9830984 0.876765 -0.3948249
v 1.114825 0.876765 -0.3948261
v 0.8222302 0.3221347 -0.7189699
v 0.8473285 0.3663921 -0.4642378
v 0.8932006 0.3307287 -0.6927512
v 0.9199861 0.374453 -0.4295972
v -1.086989 0.876765 -0.6683514
v -1.118279 0.876765 -0.3948275
v -1.076702 0.5587395 -0.3948275
v -1.045391 0.5586965 -0.6656129
v -1.059335 0.8556936 -0.8706167
v -1.022629 0.7967017 -1.078553
v -0.9428453 0.5585544 -1.552475
v -0.9845068 0.9400717 -1.564183
v 0.3668489 0.8828241 -2.087594
v 0.4897922 0.9400717 -2.087594
v 0.3634411 0.8828241 -1.970738
v 0.502229 0.9400717 -1.970738
v 0.3071075 0.9400717 -1.970738
v 0.3090204 0.9400717 -2.087594
v 0.3634411 0.8828241 -1.970738
v 0.3668489 0.8828241 -2.087594
v -1.059335 0.8556936 -0.8706167
v -1.022629 0.7967017 -1.078553
v -0.9275357 0.8556936 -0.8703589
v -0.891795 0.7967017 -1.06952
v -0.891795 0.7967017 -1.06952
v -1.022629 0.7967017 -1.078553
v -0.8577272 0.9400717 -1.518815
v -0.9845068 0.9400717 -1.564183
v 0.5743198 0.876765 1.485239
v 0.6746383 0.876765 1.586928
v 0.4833947 0.8217256 1.570738
v 0.5738148 0.8217256 1.679927
v 0.7860923 0.4849088 -1.627883
v 0.7860923 0.623482 -1.627883
v 0.3533755 0.5750765 -1.627883
v 0.3533755 0.4849088 -1.627883
v -0.7895484 0.4849088 -1.627883
v -0.7895484 0.623482 -1.627883
v 0.7860923 0.623482 -1.627883
v 0.79351 0.623482 -1.572898
v 0.356719 0.623482 -1.572898
v 0.3640904 0.623482 -1.218763
v 0.8446912 0.623482 -1.193508
v -0.7969658 0.623482 -1.572898
v -0.7895484 0.623482 -1.627883
v -0.848146 0.623482 -1.193506
v 0.8446912 0.623482 -1.193508
v 0.8446912 0.4849088 -1.193508
v 0.3640904 0.623482 -1.218763
v 0.3640904 0.4849088 -1.218763
v -0.848146 0.4849088 -1.193506
v -0.848146 0.623482 -1.193506
v 0.9223697 0.4849088 -0.5600069
v 0.9223697 0.623482 -0.5242979
v 0.4030975 0.4849088 -0.536149
v 0.4030975 0.623482 -0.5004399
v -0.4621568 0.623482 -0.5242988
v -0.4621568 0.4849088 -0.5600079
v -0.9258251 0.4849088 -0.5600083
v -0.9258251 0.623482 -0.5242992
v 0.3871038 0.623482 -0.229625
v 0.9223708 0.623482 -0.1818831
v 0.3871038 0.5930123 -0.1256326
v -0.4648338 0.5930123 -0.1617966
v 0.922371 0.5930123 -0.1256322
v 0.922371 0.4849088 -0.1256322
v 0.3871038 0.5930123 -0.1256326
v 0.3871038 0.4849088 -0.1256326
v -0.4648338 0.4849088 -0.1617966
v -0.4648338 0.5930123 -0.1617966
v -0.3231534 0.4849088 0.6456264
v 0.8080527 0.4849088 0.5828382
v -0.3231534 0.623482 0.6456264
v 0.8364902 0.623482 0.5828382
v 0.8364902 0.623482 0.5828382
v 0.6907782 0.623482 1.017213
v -0.06640235 0.623482 0.9862549
v -0.3231534 0.623482 0.6456264
v -0.1398317 0.623482 0.9831564
v -0.4635728 0.623482 0.5945619
v -0.6942319 0.623482 1.017213
v -0.839948 0.623482 0.5828382
v 0.6907782 0.623482 1.017213
v 0.6672841 0.4849088 1.017213
v -0.06640235 0.623482 0.9862549
v -0.06640235 0.4849088 0.9862549
v -0.1398317 0.4849088 0.9831564
v -0.1398317 0.623482 0.9831564
v 0.9223697 0.623482 -0.5242979
v 0.9223708 0.623482 -0.1818831
v 0.4030975 0.623482 -0.5004399
v 0.3871038 0.623482 -0.229625
v -0.4621568 0.623482 -0.5242988
v -0.4648338 0.623482 -0.2180475
v -0.9258251 0.623482 -0.5242992
v -0.9258251 0.623482 -0.1818845
v -0.4648338 0.5930123 -0.1617966
v -0.4648338 0.623482 -0.2180475
v 0.3871038 0.623482 -0.229625
v -0.9258251 0.623482 -0.1818845
v -0.9258251 0.5930123 -0.1256335
v -0.4648338 0.4849088 -0.1617966
v -0.9258251 0.4849088 -0.1256335
v -0.4648338 0.5930123 -0.1617966
v -0.9258251 0.5930123 -0.1256335
v -0.4635728 0.4849088 0.5945619
v -0.4635728 0.623482 0.5945619
v -0.8115104 0.4849088 0.5828382
v -0.839948 0.623482 0.5828382
v -0.1398317 0.4849088 0.9831564
v -0.670738 0.4849088 1.017213
v -0.1398317 0.623482 0.9831564
v -0.6942319 0.623482 1.017213
v -0.3231534 0.4849088 0.6456264
v -0.3231534 0.623482 0.6456264
v -0.4635728 0.4849088 0.5945619
v -0.4635728 0.623482 0.5945619
v 1.118909 0.8406708 -0.4631525
v 1.120298 0.8926413 -0.4646671
v 1.044127 0.8398173 -0.4915983
v 1.044125 0.8933961 -0.4938941
v 1.09346 1.065679 -0.4355981
v 1.093459 1.065679 -0.3540577
v 1.044125 1.092228 -0.453498
v 1.044124 1.092228 -0.3361546
v 1.120302 0.8926413 -0.3249888
v 1.118913 0.8406718 -0.3265034
v 1.044126 0.8933961 -0.2957618
v 1.044126 0.8398173 -0.2980559
v 1.118913 0.8406718 -0.3265034
v 1.118909 0.8406708 -0.4631525
v 1.044126 0.8398173 -0.2980559
v 1.044127 0.8398173 -0.4915983
v 0.9693424 0.8406708 -0.4631475
v 0.9693399 0.8406708 -0.3265018
v 0.9693424 0.8406708 -0.4631475
v 0.9679514 0.8926413 -0.4646637
v 0.9693399 0.8406708 -0.3265018
v 0.967949 0.8926413 -0.3249888
v 1.118913 0.8406718 -0.3265034
v 1.120302 0.8926413 -0.3249888
v 1.118909 0.8406708 -0.4631525
v 1.120298 0.8926413 -0.4646671
v 1.044125 0.8933961 -0.4938941
v 1.120298 0.8926413 -0.4646671
v 1.044124 0.9151937 -0.4532095
v 1.100231 0.9158214 -0.4333205
v 0.9679514 0.8926413 -0.4646637
v 0.9880201 0.9158214 -0.4333205
v 0.967949 0.8926413 -0.3249888
v 0.9880217 0.9158214 -0.3563353
v 1.044126 0.8933961 -0.2957618
v 1.044124 0.9151933 -0.3364479
v 1.120302 0.8926413 -0.3249888
v 1.100228 0.9158214 -0.356332
v 1.120302 0.8926413 -0.3249888
v 1.100228 0.9158214 -0.356332
v 1.120298 0.8926413 -0.4646671
v 1.100231 0.9158214 -0.4333205
v 0.9880201 0.9158214 -0.4333205
v 0.9929924 0.9517353 -0.4266754
v 0.9880217 0.9158214 -0.3563353
v 0.9929948 0.9517338 -0.3629771
v 0.9949881 0.9745018 -0.4080521
v 0.9949849 0.9745004 -0.3816004
v 0.9940982 1.005707 -0.4357762
v 0.9929924 0.9517353 -0.4266754
v 0.9946858 1.004421 -0.4717439
v 0.9947921 1.065679 -0.4355981
v 0.9946124 1.034521 -0.4169748
v 0.9946141 1.034521 -0.372681
v 0.9947895 1.065679 -0.3540561
v 0.9940974 1.005705 -0.3538797
v 0.9929948 0.9517338 -0.3629771
v 0.9946882 1.004419 -0.3179087
v 1.100228 0.9158214 -0.356332
v 1.095258 0.9517353 -0.3629788
v 1.100231 0.9158214 -0.4333205
v 1.095257 0.9517353 -0.4266754
v 1.093262 0.9745023 -0.3816004
v 1.093266 0.9745004 -0.4080554
v 1.094153 1.005707 -0.3538764
v 1.095258 0.9517353 -0.3629788
v 1.093563 1.004419 -0.3179103
v 1.093459 1.065679 -0.3540577
v 1.093634 1.03452 -0.372681
v 1.093637 1.034521 -0.4169748
v 1.09346 1.065679 -0.4355981
v 1.094153 1.005705 -0.4357728
v 1.095257 0.9517353 -0.4266754
v 1.093563 1.004419 -0.4717439
v 1.044127 1.004885 -0.5050829
v 1.093563 1.004419 -0.4717439
v 1.044125 1.092228 -0.453498
v 1.09346 1.065679 -0.4355981
v 1.044127 1.004885 -0.2845713
v 1.044124 1.092228 -0.3361546
v 1.093563 1.004419 -0.3179103
v 1.093459 1.065679 -0.3540577
v 0.9940982 1.005707 -0.4357762
v 1.094153 1.005705 -0.4357728
v 0.9949881 0.9745018 -0.4080521
v 1.093266 0.9745004 -0.4080554
v 0.9946141 1.034521 -0.372681
v 1.093634 1.03452 -0.372681
v 0.9946124 1.034521 -0.4169748
v 1.093637 1.034521 -0.4169748
v 0.9946124 1.034521 -0.4169748
v 1.093637 1.034521 -0.4169748
v 0.9940982 1.005707 -0.4357762
v 1.094153 1.005705 -0.4357728
v 0.9949849 0.9745004 -0.3816004
v 0.9949881 0.9745018 -0.4080521
v 1.093262 0.9745023 -0.3816004
v 1.093266 0.9745004 -0.4080554
v 0.9940974 1.005705 -0.3538797
v 0.9949849 0.9745004 -0.3816004
v 1.094153 1.005707 -0.3538764
v 1.093262 0.9745023 -0.3816004
v 0.9946141 1.034521 -0.372681
v 0.9940974 1.005705 -0.3538797
v 1.093634 1.03452 -0.372681
v 1.094153 1.005707 -0.3538764
v 1.044125 0.8933961 -0.4938941
v 1.044124 0.9151937 -0.4532095
v 0.9679514 0.8926413 -0.4646637
v 0.9880201 0.9158214 -0.4333205
v 1.044127 1.004885 -0.5050829
v 1.044125 1.092228 -0.453498
v 0.9946858 1.004421 -0.4717439
v 0.9947921 1.065679 -0.4355981
v 1.044124 1.092228 -0.3361546
v 0.9947895 1.065679 -0.3540561
v 1.044125 1.092228 -0.453498
v 0.9947921 1.065679 -0.4355981
v 1.044127 1.004885 -0.2845713
v 0.9946882 1.004419 -0.3179087
v 1.044124 1.092228 -0.3361546
v 0.9947895 1.065679 -0.3540561
v 1.044126 0.8933961 -0.2957618
v 0.967949 0.8926413 -0.3249888
v 1.044124 0.9151933 -0.3364479
v 0.9880217 0.9158214 -0.3563353
v 1.044126 0.8398173 -0.2980559
v 0.9693399 0.8406708 -0.3265018
v 1.044126 0.8933961 -0.2957618
v 0.967949 0.8926413 -0.3249888
v 1.044125 0.8933961 -0.4938941
v 0.9679514 0.8926413 -0.4646637
v 1.044127 0.8398173 -0.4915983
v 0.9693424 0.8406708 -0.4631475
v -0.967854 0.8394363 -0.4638201
v -0.9664493 0.8919194 -0.4653513
v -1.043372 0.8385746 -0.4925527
v -1.043371 0.8926804 -0.4948694
v -0.9935524 1.066659 -0.4359996
v -0.9935549 1.06666 -0.353653
v -1.043374 1.093471 -0.4540739
v -1.043373 1.093471 -0.3355787
v -0.9664484 0.8919194 -0.3243013
v -0.9678531 0.8394363 -0.3258325
v -1.043375 0.8926809 -0.2947832
v -1.043374 0.8385746 -0.2971016
v -0.9678531 0.8394363 -0.3258325
v -0.967854 0.8394363 -0.4638201
v -1.043374 0.8385746 -0.2971016
v -1.043372 0.8385746 -0.4925527
v -1.118896 0.8394363 -0.4638201
v -1.118896 0.8394363 -0.3258308
v -1.118896 0.8394363 -0.4638201
v -1.1203 0.8919194 -0.4653513
v -1.118896 0.8394363 -0.3258308
v -1.120302 0.8919194 -0.3243013
v -0.9678531 0.8394363 -0.3258325
v -0.9664484 0.8919194 -0.3243013
v -0.967854 0.8394363 -0.4638201
v -0.9664493 0.8919194 -0.4653513
v -1.043371 0.8926804 -0.4948694
v -0.9664493 0.8919194 -0.4653513
v -1.043374 0.9146922 -0.453781
v -0.9867155 0.9153278 -0.4336995
v -1.1203 0.8919194 -0.4653513
v -1.100028 0.9153283 -0.4336962
v -1.120302 0.8919194 -0.3243013
v -1.100029 0.9153283 -0.3559547
v -1.043375 0.8926809 -0.2947832
v -1.043375 0.9146922 -0.3358716
v -0.9664484 0.8919194 -0.3243013
v -0.9867181 0.9153278 -0.3559531
v -0.9664484 0.8919194 -0.3243013
v -0.9867181 0.9153278 -0.3559531
v -0.9664493 0.8919194 -0.4653513
v -0.9867155 0.9153278 -0.4336995
v -1.100028 0.9153283 -0.4336962
v -1.095009 0.9515946 -0.426989
v -1.100029 0.9153283 -0.3559547
v -1.095007 0.9515936 -0.3626652
v -1.092995 0.9745853 -0.408184
v -1.092996 0.9745839 -0.3814686
v -1.093892 1.006096 -0.436176
v -1.095009 0.9515946 -0.426989
v -1.093299 1.004797 -0.4724995
v -1.093194 1.066659 -0.4359996
v -1.093373 1.035196 -0.4171912
v -1.093371 1.035196 -0.372463
v -1.093195 1.066659 -0.353653
v -1.093896 1.006096 -0.3534766
v -1.095007 0.9515936 -0.3626652
v -1.093299 1.004797 -0.3171515
v -0.9867181 0.9153278 -0.3559531
v -0.9917401 0.9515936 -0.3626636
v -0.9867155 0.9153278 -0.4336995
v -0.9917375 0.9515946 -0.4269857
v -0.9937539 0.9745839 -0.3814669
v -0.9937514 0.9745853 -0.4081807
v -0.9928526 1.006096 -0.3534733
v -0.9917401 0.9515936 -0.3626636
v -0.9934475 1.004797 -0.3171481
v -0.9935549 1.06666 -0.353653
v -0.9933744 1.035196 -0.3724597
v -0.9933753 1.035195 -0.4171895
v -0.9935524 1.066659 -0.4359996
v -0.992856 1.006096 -0.4361793
v -0.9917375 0.9515946 -0.4269857
v -0.9934468 1.004797 -0.4724995
v -1.043374 1.005268 -0.50617
v -0.9934468 1.004797 -0.4724995
v -1.043374 1.093471 -0.4540739
v -0.9935524 1.066659 -0.4359996
v -1.043374 1.005268 -0.2834859
v -1.043373 1.093471 -0.3355787
v -0.9934475 1.004797 -0.3171481
v -0.9935549 1.06666 -0.353653
v -1.093892 1.006096 -0.436176
v -0.992856 1.006096 -0.4361793
v -1.092995 0.9745853 -0.408184
v -0.9937514 0.9745853 -0.4081807
v -1.093371 1.035196 -0.372463
v -0.9933744 1.035196 -0.3724597
v -1.093373 1.035196 -0.4171912
v -0.9933753 1.035195 -0.4171895
v -1.093373 1.035196 -0.4171912
v -0.9933753 1.035195 -0.4171895
v -1.093892 1.006096 -0.436176
v -0.992856 1.006096 -0.4361793
v -1.092996 0.9745839 -0.3814686
v -1.092995 0.9745853 -0.408184
v -0.9937539 0.9745839 -0.3814669
v -0.9937514 0.9745853 -0.4081807
v -1.093896 1.006096 -0.3534766
v -1.092996 0.9745839 -0.3814686
v -0.9928526 1.006096 -0.3534733
v -0.9937539 0.9745839 -0.3814669
v -1.093371 1.035196 -0.372463
v -1.093896 1.006096 -0.3534766
v -0.9933744 1.035196 -0.3724597
v -0.9928526 1.006096 -0.3534733
v -1.043371 0.8926804 -0.4948694
v -1.043374 0.9146922 -0.453781
v -1.1203 0.8919194 -0.4653513
v -1.100028 0.9153283 -0.4336962
v -1.043374 1.005268 -0.50617
v -1.043374 1.093471 -0.4540739
v -1.093299 1.004797 -0.4724995
v -1.093194 1.066659 -0.4359996
v -1.043373 1.093471 -0.3355787
v -1.093195 1.066659 -0.353653
v -1.043374 1.093471 -0.4540739
v -1.093194 1.066659 -0.4359996
v -1.043374 1.005268 -0.2834859
v -1.093299 1.004797 -0.3171515
v -1.043373 1.093471 -0.3355787
v -1.093195 1.066659 -0.353653
v -1.043375 0.8926809 -0.2947832
v -1.120302 0.8919194 -0.3243013
v -1.043375 0.9146922 -0.3358716
v -1.100029 0.9153283 -0.3559547
v -1.043374 0.8385746 -0.2971016
v -1.118896 0.8394363 -0.3258308
v -1.043375 0.8926809 -0.2947832
v -1.120302 0.8919194 -0.3243013
v -1.043371 0.8926804 -0.4948694
v -1.1203 0.8919194 -0.4653513
v -1.043372 0.8385746 -0.4925527
v -1.118896 0.8394363 -0.4638201
v -0.6536566 0.6487639 -1.901201
v -0.8021988 0.6487639 -1.518815
v -0.8577272 0.6487639 -1.518815
v -0.8944879 0.6487639 -0.6843762
v -0.6988823 0.6487639 -1.970738
v -0.9564194 0.6487639 -0.6577395
v -0.9226665 0.6487639 -0.4295972
v -0.9865531 0.6487639 -0.3948275
v -0.8021986 0.6487639 0.6596209
v -0.8577257 0.6487639 0.7291606
v -0.5404084 0.6487639 1.415697
v -0.5777789 0.6487639 1.485239
v -0.1536352 0.6487639 1.804613
v -0.1641714 0.6487639 1.874156
v -0.001727647 0.6487639 -1.970738
v -0.001727647 0.6487639 -1.901201
v -0.001728952 0.6487639 1.868092
v -0.001728952 0.6487639 1.937634
v 0.1607174 0.6487639 1.874156
v 0.1501792 0.6487639 1.804613
v 0.5743198 0.6487639 1.485239
v 0.5369526 0.6487639 1.4157
v 0.8542712 0.6487639 0.7291631
v 0.7987434 0.6487639 0.6596209
v 0.9830984 0.6487639 -0.3948249
v 0.9192117 0.6487639 -0.4295959
v 0.9529644 0.6487639 -0.6577375
v 0.8910329 0.6487639 -0.6843747
v 0.8542711 0.6487639 -1.518815
v 0.7987427 0.6487639 -1.518813
v 0.6502011 0.6487639 -1.901201
v 0.6954256 0.6487639 -1.97074
v -0.575995 0.4207628 -1.831919
v -0.7063284 0.4207628 -1.518815
v -0.7548074 0.4207628 -1.518814
v -0.7876116 0.4207628 -0.7109111
v -0.6126604 0.4207628 -1.901201
v -0.8417614 0.4207628 -0.6843749
v -0.8124297 0.4207628 -0.4642339
v -0.868311 0.4207628 -0.4295959
v -0.7067955 0.4207628 0.5903424
v -0.7552429 0.4207628 0.6596209
v -0.4775774 0.4207628 1.221244
v -0.5159727 0.4207628 1.290526
v -0.1355484 0.4207628 1.610155
v -0.1462966 0.4207628 1.679437
v -0.001727647 0.4207628 -1.901201
v -0.0017283 0.4207628 -1.831919
v -0.0017283 0.4207628 1.673639
v -0.001729604 0.4207628 1.742918
v 0.14284 0.4207628 1.679437
v 0.1320924 0.4207628 1.610158
v 0.5125169 0.4207628 1.290526
v 0.4741182 0.4207628 1.221244
v 0.7517864 0.4207628 0.6596209
v 0.7033402 0.4207628 0.5903398
v 0.864853 0.4207628 -0.4295972
v 0.808973 0.4207628 -0.4642365
v 0.8383037 0.4207628 -0.6843762
v 0.7841551 0.4207628 -0.7109128
v 0.7513512 0.4207628 -1.518815
v 0.7028731 0.4207628 -1.518814
v 0.572535 0.4207628 -1.831921
v 0.6092043 0.4207628 -1.901198
v 0.1721218 -0.1571315 1.057377
v -0.001727647 -0.1571315 1.120855
v 0.05553725 -0.1559537 1.170836
v -0.001728952 -0.1559537 1.234312
v -0.0589958 -0.1559537 1.170833
v -0.1755791 -0.1571315 1.057377
v -0.0017283 -0.1642921 0.5868068
v 0.3449622 -0.1642921 0.5233286
v -0.001730256 -0.1653745 -0.5025236
v -0.3484181 -0.1642921 0.5233286
v 0.3843523 -0.1653745 -0.5025223
v -0.3878083 -0.1653745 -0.5025223
v 0.3748109 -0.1651604 -0.7427464
v -0.3782674 -0.1651604 -0.7427467
v -0.001729951 -0.1651604 -0.7427477
v 0.3435616 -0.164459 -1.529516
v -0.3470195 -0.164459 -1.529517
v -0.001728952 -0.164459 -1.529517
v 0.5261945 0.1927616 -1.831918
v 0.5005016 0.1927616 -1.755347
v -0.0017283 0.1927616 -1.831919
v 0.6427484 0.1927616 -1.518815
v -0.001727647 0.1927616 -1.755345
v -0.5039565 0.1927616 -1.755347
v -0.5296506 0.1927616 -1.831919
v -0.6462057 0.1927616 -1.518815
v 0.6012428 0.1927616 -1.518815
v 0.3079765 0.1812641 -1.518815
v 0.1455673 0.1812641 -1.755347
v 0.6734777 0.1927616 -0.7402444
v 0.7166749 0.1927616 -0.7109122
v 0.3460836 0.1812641 -0.7402444
v -0.001728952 0.1812641 -1.518815
v -0.001727647 0.1812641 -1.755345
v -0.14902 0.1812641 -1.755347
v -0.3114324 0.1812641 -1.518813
v -0.001729951 0.1812641 -0.7402444
v -0.001730256 0.1812641 -0.5025236
v -0.6046982 0.1927616 -1.518815
v -0.3495415 0.1812641 -0.7402439
v -0.6769336 0.1927616 -0.7402424
v -0.7201323 0.1927616 -0.7109131
v -0.3611774 0.1812641 -0.5025236
v -0.6989892 0.1927616 -0.502521
v -0.7427043 0.1927616 -0.4642365
v -0.6125109 0.1927616 0.5137709
v -0.646203 0.1927616 0.590345
v -0.3141552 0.1812641 0.5137683
v -0.4118604 0.1927616 1.014987
v -0.4360424 0.1927616 1.091559
v -0.1173651 0.1927616 1.403903
v -0.1244923 0.1927616 1.480475
v -0.1340363 0.1812641 1.01499
v -0.001728952 0.1927616 1.467382
v -0.0017283 0.1927616 1.543953
v 0.1210357 0.1927616 1.480475
v 0.1139091 0.1927616 1.403903
v 0.4325871 0.1927616 1.091561
v -0.001728952 0.1812641 0.5137709
v -0.001728952 0.1812641 1.078465
v 0.130581 0.1812641 1.014987
v 0.4084045 0.1927616 1.01499
v 0.6427498 0.1927616 0.5903424
v 0.3106993 0.1812641 0.5137683
v 0.6090551 0.1927616 0.5137683
v 0.7392469 0.1927616 -0.4642352
v 0.3577189 0.1812641 -0.5025236
v 0.6955331 0.1927616 -0.5025236
vt 0.984375 0.451416
vt 0.984375 0.451416
vt 0.984375 0.451416
vt 0.984375 0.451416
vt 0.984375 0.451416
vt 0.984375 0.451416
vt 0.984375 0.451416
vt 0.984375 0.451416
vt 0.984375 0.451416
vt 0.984375 0.451416
vt 0.984375 0.451416
vt 0.984375 0.451416
vt 0.984375 0.451416
vt 0.984375 0.451416
vt 0.984375 0.451416
vt 0.984375 0.451416
vt 0.984375 0.451416
vt 0.984375 0.451416
vt 0.984375 0.451416
vt 0.984375 0.451416
vt 0.984375 0.451416
vt 0.984375 0.451416
vt 0.984375 0.451416
vt 0.984375 0.451416
vt 0.984375 0.451416
vt 0.984375 0.451416
vt 0.984375 0.451416
vt 0.984375 0.451416
vt 0.984375 0.451416
vt 0.984375 0.451416
vt 0.984375 0.451416
vt 0.984375 0.451416
vt 0.984375 0.451416
vt 0.984375 0.451416
vt 0.984375 0.451416
vt 0.984375 0.451416
vt 0.984375 0.451416
vt 0.984375 0.451416
vt 0.984375 0.451416
vt 0.984375 0.451416
vt 0.984375 0.451416
vt 0.984375 0.451416
vt 0.984375 0.451416
vt 0.984375 0.451416
vt 0.984375 0.451416
vt 0.984375 0.451416
vt 0.984375 0.451416
vt 0.984375 0.451416
vt 0.984375 0.451416
vt 0.984375 0.451416
vt 0.984375 0.451416
vt 0.984375 0.451416
vt 0.984375 0.451416
vt 0.984375 0.451416
vt 0.984375 0.451416
vt 0.984375 0.451416
vt 0.984375 0.451416
vt 0.984375 0.451416
vt 0.984375 0.451416
vt 0.984375 0.451416
vt 0.984375 0.451416
vt 0.984375 0.451416
vt 0.984375 0.451416
vt 0.984375 0.451416
vt 0.984375 0.451416
vt 0.984375 0.451416
vt 0.984375 0.451416
vt 0.984375 0.451416
vt 0.984375 0.451416
vt 0.984375 0.451416
vt 0.984375 0.451416
vt 0.984375 0.451416
vt 0.984375 0.451416
vt 0.984375 0.451416
vt 0.984375 0.451416
vt 0.984375 0.451416
vt 0.984375 0.451416
vt 0.984375 0.451416
vt 0.984375 0.451416
vt 0.984375 0.451416
vt 0.984375 0.451416
vt 0.984375 0.451416
vt 0.984375 0.451416
vt 0.984375 0.451416
vt 0.984375 0.451416
vt 0.984375 0.451416
vt 0.984375 0.451416
vt 0.984375 0.451416
vt 0.984375 0.451416
vt 0.984375 0.451416
vt 0.984375 0.451416
vt 0.984375 0.451416
vt 0.984375 0.451416
vt 0.984375 0.451416
vt 0.984375 0.451416
vt 0.984375 0.451416
vt 0.984375 0.451416
vt 0.984375 0.451416
vt 0.984375 0.451416
vt 0.984375 0.451416
vt 0.984375 0.451416
vt 0.984375 0.451416
vt 0.984375 0.451416
vt 0.984375 0.451416
vt 0.984375 0.451416
vt 0.984375 0.451416
vt 0.984375 0.451416
vt 0.984375 0.451416
vt 0.984375 0.451416
vt 0.984375 0.451416
vt 0.984375 0.451416
vt 0.984375 0.451416
vt 0.984375 0.451416
vt 0.984375 0.451416
vt 0.984375 0.451416
vt 0.984375 0.451416
vt 0.984375 0.451416
vt 0.984375 0.451416
vt 0.984375 0.451416
vt 0.984375 0.451416
vt 0.984375 0.451416
vt 0.984375 0.451416
vt 0.984375 0.451416
vt 0.984375 0.451416
vt 0.984375 0.451416
vt 0.984375 0.451416
vt 0.984375 0.451416
vt 0.984375 0.451416
vt 0.984375 0.451416
vt 0.984375 0.451416
vt 0.984375 0.451416
vt 0.984375 0.451416
vt 0.984375 0.451416
vt 0.984375 0.451416
vt 0.984375 0.451416
vt 0.984375 0.451416
vt 0.984375 0.451416
vt 0.984375 0.451416
vt 0.984375 0.451416
vt 0.984375 0.451416
vt 0.984375 0.451416
vt 0.984375 0.451416
vt 0.984375 0.451416
vt 0.984375 0.451416
vt 0.984375 0.451416
vt 0.984375 0.451416
vt 0.984375 0.451416
vt 0.984375 0.451416
vt 0.984375 0.451416
vt 0.984375 0.451416
vt 0.984375 0.451416
vt 0.984375 0.451416
vt 0.984375 0.451416
vt 0.984375 0.451416
vt 0.984375 0.451416
vt 0.984375 0.451416
vt 0.984375 0.451416
vt 0.984375 0.451416
vt 0.984375 0.451416
vt 0.984375 0.451416
vt 0.984375 0.451416
vt 0.984375 0.451416
vt 0.984375 0.451416
vt 0.984375 0.451416
vt 0.984375 0.451416
vt 0.984375 0.451416
vt 0.984375 0.451416
vt 0.984375 0.451416
vt 0.984375 0.451416
vt 0.984375 0.451416
vt 0.984375 0.451416
vt 0.984375 0.451416
vt 0.984375 0.451416
vt 0.984375 0.451416
vt 0.984375 0.451416
vt 0.984375 0.451416
vt 0.984375 0.451416
vt 0.984375 0.451416
vt 0.984375 0.451416
vt 0.984375 0.451416
vt 0.984375 0.451416
vt 0.9931641 0.5024414
vt 0.9931641 0.5024414
vt 0.9931641 0.5024414
vt 0.9931641 0.5024414
vt 0.9931641 0.5024414
vt 0.9931641 0.5024414
vt 0.9887695 0.5053711
vt 0.9887695 0.5053711
vt 0.9887695 0.5053711
vt 0.9887695 0.5053711
vt 0.9887695 0.5053711
vt 0.9887695 0.5053711
vt 0.984375 0.451416
vt 0.984375 0.451416
vt 0.984375 0.451416
vt 0.9941406 0.4455566
vt 0.9941406 0.4455566
vt 0.9941406 0.4455566
vt 0.9941406 0.4455566
vt 0.9941406 0.4455566
vt 0.9941406 0.4455566
vt 0.9941406 0.4455566
vt 0.9941406 0.4455566
vt 0.9941406 0.4455566
vt 0.3198242 0.6591797
vt 0.3198242 0.6591797
vt 0.3198242 0.6591797
vt 0.3198242 0.6591797
vt 0.3198242 0.6591797
vt 0.3198242 0.6591797
vt 0.3198242 0.6591797
vt 0.3198242 0.6591797
vt 0.3198242 0.6591797
vt 0.3198242 0.6591797
vt 0.3198242 0.6591797
vt 0.3198242 0.6591797
vt 0.3198242 0.6591797
vt 0.3198242 0.6591797
vt 0.3198242 0.6591797
vt 0.3198242 0.6591797
vt 0.3198242 0.6591797
vt 0.3198242 0.6591797
vt 0.3198242 0.6591797
vt 0.3198242 0.6591797
vt 0.3198242 0.6591797
vt 0.3198242 0.6591797
vt 0.3198242 0.6591797
vt 0.3198242 0.6591797
vt 0.3198242 0.6591797
vt 0.3198242 0.6591797
vt 0.3198242 0.6591797
vt 0.3198242 0.6591797
vt 0.3198242 0.6591797
vt 0.3198242 0.6591797
vt 0.3198242 0.6591797
vt 0.3198242 0.6591797
vt 0.3198242 0.6591797
vt 0.3198242 0.6591797
vt 0.3198242 0.6591797
vt 0.3198242 0.6591797
vt 0.3198242 0.6591797
vt 0.3198242 0.6591797
vt 0.3198242 0.6591797
vt 0.3198242 0.6591797
vt 0.3198242 0.6591797
vt 0.3198242 0.6591797
vt 0.3198242 0.6591797
vt 0.3198242 0.6591797
vt 0.3198242 0.6591797
vt 0.3198242 0.6591797
vt 0.3198242 0.6591797
vt 0.3198242 0.6591797
vt 0.3198242 0.6591797
vt 0.3198242 0.6591797
vt 0.3198242 0.6591797
vt 0.3198242 0.6591797
vt 0.3198242 0.6591797
vt 0.3198242 0.6591797
vt 0.3198242 0.6591797
vt 0.3198242 0.6591797
vt 0.3198242 0.6591797
vt 0.3198242 0.6591797
vt 0.3198242 0.6591797
vt 0.3198242 0.6591797
vt 0.3198242 0.6591797
vt 0.3198242 0.6591797
vt 0.3198242 0.6591797
vt 0.3198242 0.6591797
vt 0.3198242 0.6591797
vt 0.3198242 0.6591797
vt 0.3198242 0.6591797
vt 0.3198242 0.6591797
vt 0.3198242 0.6591797
vt 0.3198242 0.6591797
vt 0.3198242 0.6591797
vt 0.3198242 0.6591797
vt 0.3198242 0.6591797
vt 0.3198242 0.6591797
vt 0.3198242 0.6591797
vt 0.3198242 0.6591797
vt 0.3198242 0.6591797
vt 0.3198242 0.6591797
vt 0.3198242 0.6591797
vt 0.3198242 0.6591797
vt 0.3198242 0.6591797
vt 0.3198242 0.6591797
vt 0.3198242 0.6591797
vt 0.3198242 0.6591797
vt 0.3198242 0.6591797
vt 0.3198242 0.6591797
vt 0.3198242 0.6591797
vt 0.3198242 0.6591797
vt 0.3198242 0.6591797
vt 0.3198242 0.6591797
vt 0.3198242 0.6591797
vt 0.3198242 0.6591797
vt 0.3198242 0.6591797
vt 0.3198242 0.6591797
vt 0.3198242 0.6591797
vt 0.3198242 0.6591797
vt 0.984375 0.451416
vt 0.984375 0.451416
vt 0.984375 0.451416
vt 0.984375 0.451416
vt 0.984375 0.451416
vt 0.984375 0.451416
vt 0.984375 0.451416
vt 0.984375 0.451416
vt 0.984375 0.451416
vt 0.984375 0.451416
vt 0.984375 0.451416
vt 0.984375 0.451416
vt 0.984375 0.451416
vt 0.984375 0.451416
vt 0.984375 0.451416
vt 0.984375 0.451416
vt 0.984375 0.451416
vt 0.984375 0.451416
vt 0.984375 0.451416
vt 0.984375 0.451416
vt 0.984375 0.451416
vt 0.984375 0.451416
vt 0.984375 0.451416
vt 0.984375 0.451416
vt 0.984375 0.451416
vt 0.984375 0.451416
vt 0.984375 0.451416
vt 0.984375 0.451416
vt 0.984375 0.451416
vt 0.984375 0.451416
vt 0.984375 0.451416
vt 0.984375 0.451416
vt 0.984375 0.451416
vt 0.984375 0.451416
vt 0.984375 0.451416
vt 0.984375 0.451416
vt 0.984375 0.451416
vt 0.984375 0.451416
vt 0.984375 0.451416
vt 0.984375 0.451416
vt 0.984375 0.451416
vt 0.984375 0.451416
vt 0.984375 0.451416
vt 0.984375 0.451416
vt 0.984375 0.451416
vt 0.984375 0.451416
vt 0.984375 0.451416
vt 0.984375 0.451416
vt 0.984375 0.451416
vt 0.984375 0.451416
vt 0.984375 0.451416
vt 0.984375 0.451416
vt 0.984375 0.451416
vt 0.984375 0.451416
vt 0.984375 0.451416
vt 0.984375 0.451416
vt 0.984375 0.451416
vt 0.984375 0.451416
vt 0.984375 0.451416
vt 0.984375 0.451416
vt 0.984375 0.451416
vt 0.984375 0.451416
vt 0.984375 0.451416
vt 0.984375 0.451416
vt 0.984375 0.451416
vt 0.984375 0.451416
vt 0.984375 0.451416
vt 0.984375 0.451416
vt 0.984375 0.451416
vt 0.984375 0.451416
vt 0.984375 0.451416
vt 0.984375 0.451416
vt 0.984375 0.451416
vt 0.984375 0.451416
vt 0.984375 0.451416
vt 0.984375 0.451416
vt 0.984375 0.451416
vt 0.984375 0.451416
vt 0.984375 0.451416
vt 0.984375 0.451416
vt 0.984375 0.451416
vt 0.984375 0.451416
vt 0.984375 0.451416
vt 0.984375 0.451416
vt 0.984375 0.451416
vt 0.984375 0.451416
vt 0.984375 0.451416
vt 0.984375 0.451416
vt 0.984375 0.451416
vt 0.984375 0.451416
vt 0.984375 0.451416
vt 0.984375 0.451416
vt 0.984375 0.451416
vt 0.984375 0.451416
vt 0.984375 0.451416
vt 0.984375 0.451416
vt 0.984375 0.451416
vt 0.984375 0.451416
vt 0.984375 0.451416
vt 0.984375 0.451416
vt 0.984375 0.451416
vt 0.984375 0.451416
vt 0.984375 0.451416
vt 0.984375 0.451416
vt 0.984375 0.451416
vt 0.984375 0.451416
vt 0.984375 0.451416
vt 0.984375 0.451416
vt 0.984375 0.451416
vt 0.984375 0.451416
vt 0.984375 0.451416
vt 0.984375 0.451416
vt 0.984375 0.451416
vt 0.984375 0.451416
vt 0.984375 0.451416
vt 0.984375 0.451416
vt 0.984375 0.451416
vt 0.984375 0.451416
vt 0.984375 0.451416
vt 0.984375 0.451416
vt 0.984375 0.451416
vt 0.984375 0.451416
vt 0.984375 0.451416
vt 0.984375 0.451416
vt 0.984375 0.451416
vt 0.984375 0.451416
vt 0.984375 0.451416
vt 0.984375 0.451416
vt 0.984375 0.451416
vt 0.984375 0.451416
vt 0.984375 0.451416
vt 0.984375 0.451416
vt 0.984375 0.451416
vt 0.984375 0.451416
vt 0.984375 0.451416
vt 0.984375 0.451416
vt 0.984375 0.451416
vt 0.984375 0.451416
vt 0.984375 0.451416
vt 0.984375 0.451416
vt 0.984375 0.451416
vt 0.984375 0.451416
vt 0.984375 0.451416
vt 0.984375 0.451416
vt 0.984375 0.451416
vt 0.984375 0.451416
vt 0.984375 0.451416
vt 0.984375 0.451416
vt 0.984375 0.451416
vt 0.984375 0.451416
vt 0.984375 0.451416
vt 0.984375 0.451416
vt 0.984375 0.451416
vt 0.984375 0.451416
vt 0.984375 0.451416
vt 0.984375 0.451416
vt 0.984375 0.451416
vt 0.984375 0.451416
vt 0.984375 0.451416
vt 0.984375 0.451416
vt 0.984375 0.451416
vt 0.984375 0.451416
vt 0.984375 0.451416
vt 0.984375 0.451416
vt 0.984375 0.451416
vt 0.984375 0.451416
vt 0.984375 0.451416
vt 0.984375 0.451416
vt 0.984375 0.451416
vt 0.984375 0.451416
vt 0.984375 0.451416
vt 0.984375 0.451416
vt 0.984375 0.451416
vt 0.984375 0.451416
vt 0.984375 0.451416
vt 0.984375 0.451416
vt 0.984375 0.451416
vt 0.984375 0.451416
vt 0.984375 0.451416
vt 0.984375 0.451416
vt 0.984375 0.451416
vt 0.984375 0.451416
vt 0.984375 0.451416
vt 0.984375 0.451416
vt 0.984375 0.451416
vt 0.984375 0.451416
vt 0.984375 0.451416
vt 0.984375 0.451416
vt 0.984375 0.451416
vt 0.984375 0.451416
vt 0.984375 0.451416
vt 0.984375 0.451416
vt 0.984375 0.451416
vt 0.984375 0.451416
vt 0.984375 0.451416
vt 0.984375 0.451416
vt 0.984375 0.451416
vt 0.984375 0.451416
vt 0.984375 0.451416
vt 0.984375 0.451416
vt 0.984375 0.451416
vt 0.984375 0.451416
vt 0.984375 0.451416
vt 0.984375 0.451416
vt 0.984375 0.451416
vt 0.984375 0.451416
vt 0.984375 0.451416
vt 0.984375 0.451416
vt 0.984375 0.451416
vt 0.984375 0.451416
vt 0.984375 0.451416
vt 0.984375 0.451416
vt 0.984375 0.451416
vt 0.984375 0.451416
vt 0.984375 0.451416
vt 0.984375 0.451416
vt 0.984375 0.451416
vt 0.984375 0.451416
vt 0.984375 0.451416
vt 0.984375 0.451416
vt 0.984375 0.451416
vt 0.984375 0.451416
vt 0.984375 0.451416
vt 0.984375 0.451416
vt 0.984375 0.451416
vt 0.984375 0.451416
vt 0.984375 0.451416
vt 0.984375 0.451416
vt 0.984375 0.451416
vt 0.984375 0.451416
vt 0.984375 0.451416
vt 0.984375 0.451416
vt 0.984375 0.451416
vt 0.984375 0.451416
vt 0.984375 0.451416
vt 0.984375 0.451416
vt 0.984375 0.451416
vt 0.984375 0.451416
vt 0.984375 0.451416
vt 0.984375 0.451416
vt 0.984375 0.451416
vt 0.984375 0.451416
vt 0.984375 0.451416
vt 0.984375 0.451416
vt 0.984375 0.451416
vt 0.984375 0.451416
vt 0.984375 0.451416
vt 0.984375 0.451416
vt 0.984375 0.451416
vt 0.984375 0.451416
vt 0.984375 0.451416
vt 0.984375 0.451416
vt 0.984375 0.451416
vt 0.984375 0.451416
vt 0.984375 0.451416
vt 0.984375 0.451416
vt 0.984375 0.451416
vt 0.984375 0.451416
vt 0.984375 0.451416
vt 0.984375 0.451416
vt 0.984375 0.451416
vt 0.984375 0.451416
vt 0.984375 0.451416
vt 0.984375 0.451416
vt 0.984375 0.451416
vt 0.984375 0.451416
vt 0.984375 0.451416
vt 0.984375 0.451416
vt 0.984375 0.451416
vt 0.984375 0.451416
vt 0.984375 0.451416
vt 0.984375 0.451416
vt 0.984375 0.451416
vt 0.984375 0.451416
vt 0.984375 0.451416
vt 0.984375 0.451416
vt 0.984375 0.451416
vt 0.984375 0.451416
vt 0.984375 0.451416
vt 0.984375 0.451416
vt 0.984375 0.451416
vt 0.984375 0.451416
vt 0.984375 0.451416
vt 0.984375 0.451416
vt 0.984375 0.451416
vt 0.984375 0.451416
vt 0.984375 0.451416
vt 0.984375 0.451416
vt 0.984375 0.451416
vt 0.984375 0.451416
vt 0.984375 0.451416
vt 0.984375 0.451416
vt 0.984375 0.451416
vt 0.984375 0.451416
vt 0.984375 0.451416
vt 0.984375 0.451416
vt 0.984375 0.451416
vt 0.984375 0.451416
vt 0.984375 0.451416
vt 0.984375 0.451416
vt 0.984375 0.451416
vt 0.984375 0.451416
vt 0.984375 0.451416
vt 0.984375 0.451416
vt 0.984375 0.451416
vt 0.984375 0.451416
vt 0.984375 0.451416
vt 0.984375 0.451416
vt 0.984375 0.451416
vt 0.984375 0.451416
vt 0.984375 0.451416
vt 0.984375 0.451416
vt 0.984375 0.451416
vt 0.984375 0.451416
vt 0.984375 0.451416
vt 0.984375 0.451416
vt 0.984375 0.451416
vt 0.984375 0.451416
vt 0.984375 0.451416
vt 0.984375 0.451416
vt 0.984375 0.451416
vt 0.984375 0.451416
vt 0.984375 0.451416
vt 0.984375 0.451416
vt 0.984375 0.451416
vt 0.984375 0.451416
vt 0.984375 0.451416
vt 0.984375 0.451416
vt 0.984375 0.451416
vt 0.984375 0.451416
vt 0.984375 0.451416
vt 0.984375 0.451416
vt 0.984375 0.451416
vt 0.984375 0.451416
vt 0.984375 0.451416
vt 0.984375 0.451416
vt 0.984375 0.451416
vt 0.984375 0.451416
vt 0.984375 0.451416
vt 0.984375 0.451416
vt 0.984375 0.451416
vt 0.984375 0.451416
vt 0.984375 0.451416
vt 0.984375 0.451416
vt 0.984375 0.451416
vt 0.984375 0.451416
vt 0.984375 0.451416
vt 0.984375 0.451416
vt 0.984375 0.451416
vt 0.984375 0.451416
vt 0.984375 0.451416
vt 0.984375 0.451416
vt 0.984375 0.451416
vt 0.984375 0.451416
vt 0.984375 0.451416
vt 0.984375 0.451416
vt 0.984375 0.451416
vt 0.984375 0.451416
vt 0.984375 0.451416
vt 0.984375 0.451416
vt 0.984375 0.451416
vt 0.984375 0.451416
vt 0.984375 0.451416
vt 0.984375 0.451416
vt 0.984375 0.451416
vt 0.984375 0.451416
vt 0.984375 0.451416
vt 0.984375 0.451416
vt 0.984375 0.451416
vt 0.984375 0.451416
vt 0.984375 0.451416
vt 0.984375 0.451416
vt 0.984375 0.451416
vt 0.984375 0.451416
vt 0.984375 0.451416
vt 0.984375 0.451416
vt 0.984375 0.451416
vt 0.984375 0.451416
vt 0.984375 0.451416
vt 0.984375 0.451416
vt 0.984375 0.451416
vt 0.984375 0.451416
vt 0.984375 0.451416
vt 0.984375 0.451416
vt 0.984375 0.451416
vt 0.984375 0.451416
vt 0.984375 0.451416
vt 0.984375 0.451416
vt 0.984375 0.451416
vt 0.984375 0.451416
vt 0.984375 0.451416
vt 0.984375 0.451416
vt 0.984375 0.451416
vt 0.984375 0.451416
vt 0.984375 0.451416
vt 0.984375 0.451416
vt 0.984375 0.451416
vt 0.984375 0.451416
vt 0.984375 0.451416
vt 0.984375 0.451416
vt 0.984375 0.451416
vt 0.984375 0.451416
vt 0.984375 0.451416
vt 0.984375 0.451416
vt 0.984375 0.451416
vt 0.984375 0.451416
vt 0.984375 0.451416
vt 0.984375 0.451416
vt 0.984375 0.451416
vt 0.984375 0.451416
vt 0.984375 0.451416
vt 0.984375 0.451416
vt 0.984375 0.451416
vt 0.984375 0.451416
vt 0.984375 0.451416
vt 0.984375 0.451416
vt 0.984375 0.451416
vt 0.984375 0.451416
vt 0.984375 0.451416
vt 0.984375 0.451416
vt 0.984375 0.451416
vt 0.984375 0.451416
vt 0.984375 0.451416
vt 0.984375 0.451416
vt 0.984375 0.451416
vt 0.984375 0.451416
vt 0.984375 0.451416
vt 0.984375 0.451416
vt 0.984375 0.451416
vt 0.984375 0.451416
vt 0.984375 0.451416
vt 0.984375 0.451416
vt 0.984375 0.451416
vt 0.984375 0.451416
vt 0.984375 0.451416
vt 0.984375 0.451416
vt 0.984375 0.451416
vt 0.984375 0.451416
vt 0.984375 0.451416
vt 0.984375 0.451416
vt 0.984375 0.451416
vt 0.984375 0.451416
vt 0.984375 0.451416
vt 0.984375 0.451416
vt 0.984375 0.451416
vt 0.984375 0.451416
vt 0.984375 0.451416
vt 0.984375 0.451416
vt 0.984375 0.451416
vt 0.984375 0.451416
vt 0.984375 0.451416
vt 0.984375 0.451416
vt 0.984375 0.451416
vt 0.984375 0.451416
vt 0.984375 0.451416
vt 0.984375 0.451416
vt 0.984375 0.451416
vt 0.984375 0.451416
vt 0.984375 0.451416
vt 0.984375 0.451416
vt 0.984375 0.451416
vt 0.984375 0.451416
vt 0.984375 0.451416
vt 0.984375 0.451416
vt 0.984375 0.451416
vt 0.984375 0.451416
vt 0.984375 0.451416
vt 0.984375 0.451416
vt 0.984375 0.451416
vt 0.984375 0.451416
vt 0.984375 0.451416
vt 0.984375 0.451416
vt 0.984375 0.451416
vt 0.984375 0.451416
vt 0.984375 0.451416
vt 0.984375 0.451416
vt 0.984375 0.451416
vt 0.984375 0.451416
vt 0.984375 0.451416
vt 0.984375 0.451416
vt 0.984375 0.451416
vt 0.984375 0.451416
vt 0.984375 0.451416
vt 0.984375 0.451416
vt 0.984375 0.451416
vt 0.984375 0.451416
vt 0.984375 0.451416
vt 0.984375 0.451416
vt 0.984375 0.451416
vt 0.984375 0.451416
vt 0.984375 0.451416
vt 0.984375 0.451416
vt 0.984375 0.451416
vt 0.984375 0.451416
vt 0.984375 0.451416
vt 0.984375 0.451416
vt 0.984375 0.451416
vt 0.984375 0.451416
vt 0.984375 0.451416
vt 0.984375 0.451416
vt 0.984375 0.451416
vt 0.984375 0.451416
vt 0.984375 0.451416
vt 0.984375 0.451416
vt 0.984375 0.451416
vt 0.984375 0.451416
vt 0.984375 0.451416
vt 0.984375 0.451416
vt 0.984375 0.451416
vt 0.984375 0.451416
vt 0.984375 0.451416
vt 0.984375 0.451416
vt 0.984375 0.451416
vt 0.984375 0.451416
vt 0.984375 0.451416
vt 0.984375 0.451416
vt 0.984375 0.451416
vt 0.984375 0.451416
vt 0.984375 0.451416
vt 0.984375 0.451416
vt 0.984375 0.451416
vt 0.984375 0.451416
vt 0.984375 0.451416
vt 0.984375 0.451416
vt 0.984375 0.451416
vt 0.984375 0.451416
vt 0.984375 0.451416
vt 0.984375 0.451416
vt 0.984375 0.451416
vt 0.984375 0.451416
vt 0.984375 0.451416
vt 0.984375 0.451416
vt 0.984375 0.451416
vt 0.984375 0.451416
vt 0.984375 0.451416
vt 0.984375 0.451416
vt 0.984375 0.451416
vt 0.984375 0.451416
vt 0.984375 0.451416
vt 0.984375 0.451416
vt 0.984375 0.451416
vt 0.984375 0.451416
vt 0.984375 0.451416
vt 0.984375 0.451416
vt 0.984375 0.451416
vt 0.984375 0.451416
vt 0.984375 0.451416
vt 0.984375 0.451416
vt 0.984375 0.451416
vt 0.984375 0.451416
vt 0.984375 0.451416
vt 0.984375 0.451416
vt 0.984375 0.451416
vt 0.984375 0.451416
vt 0.984375 0.451416
vt 0.984375 0.451416
vt 0.984375 0.451416
vt 0.984375 0.451416
vt 0.9941406 0.4455566
vt 0.9941406 0.4455566
vt 0.9941406 0.4455566
vt 0.9941406 0.4455566
vt 0.9941406 0.4455566
vt 0.9941406 0.4455566
vt 0.9941406 0.4455566
vt 0.9941406 0.4455566
vt 0.9941406 0.4455566
vt 0.9941406 0.4455566
vt 0.9941406 0.4455566
vt 0.9941406 0.4455566
vt 0.9941406 0.4455566
vt 0.9941406 0.4455566
vt 0.9941406 0.4455566
vt 0.9941406 0.4455566
vt 0.9941406 0.4455566
vt 0.9941406 0.4455566
vt 0.9941406 0.4455566
vt 0.9941406 0.4455566
vt 0.9941406 0.4455566
vt 0.9941406 0.4455566
vt 0.9941406 0.4455566
vt 0.9941406 0.4455566
vt 0.9941406 0.4455566
vt 0.9941406 0.4455566
vt 0.9941406 0.4455566
vt 0.9941406 0.4455566
vt 0.9941406 0.4455566
vt 0.9941406 0.4455566
vt 0.9941406 0.4455566
vt 0.9941406 0.4455566
vt 0.9941406 0.4455566
vt 0.9941406 0.4455566
vt 0.9941406 0.4455566
vt 0.9941406 0.4455566
vt 0.9941406 0.4455566
vt 0.9941406 0.4455566
vt 0.9941406 0.4455566
vt 0.9941406 0.4455566
vt 0.9941406 0.4455566
vt 0.9941406 0.4455566
vt 0.9941406 0.4455566
vt 0.9941406 0.4455566
vt 0.9941406 0.4455566
vt 0.9941406 0.4455566
vt 0.9941406 0.4455566
vt 0.9941406 0.4455566
vt 0.9941406 0.4455566
vt 0.9941406 0.4455566
vt 0.9941406 0.4455566
vt 0.9941406 0.4455566
vt 0.9941406 0.4455566
vt 0.9941406 0.4455566
vt 0.9941406 0.4455566
vt 0.9941406 0.4455566
vt 0.9941406 0.4455566
vt 0.9941406 0.4455566
vt 0.9941406 0.4455566
vt 0.9941406 0.4455566
vt 0.9941406 0.4455566
vt 0.9941406 0.4455566
vt 0.9941406 0.4455566
vt 0.9941406 0.4455566
vt 0.9941406 0.4455566
vt 0.9941406 0.4455566
vt 0.9941406 0.4455566
vt 0.9941406 0.4455566
vt 0.9941406 0.4455566
vt 0.9941406 0.4455566
vt 0.9941406 0.4455566
vt 0.9941406 0.4455566
vt 0.9941406 0.4455566
vt 0.9941406 0.4455566
vt 0.9941406 0.4455566
vt 0.9941406 0.4455566
vt 0.9941406 0.4455566
vt 0.9941406 0.4455566
vt 0.9941406 0.4455566
vt 0.9941406 0.4455566
vt 0.9941406 0.4455566
vt 0.9941406 0.4455566
vt 0.9941406 0.4455566
vt 0.9941406 0.4455566
vt 0.9941406 0.4455566
vt 0.3198242 0.6591797
vt 0.3198242 0.6591797
vt 0.3198242 0.6591797
vt 0.3198242 0.6591797
vt 0.3198242 0.6591797
vt 0.3198242 0.6591797
vt 0.3198242 0.6591797
vt 0.3198242 0.6591797
vt 0.3198242 0.6591797
vt 0.3198242 0.6591797
vt 0.3198242 0.6591797
vt 0.3198242 0.6591797
vt 0.3198242 0.6591797
vt 0.3198242 0.6591797
vt 0.3198242 0.6591797
vt 0.3198242 0.6591797
vt 0.3198242 0.6591797
vt 0.3198242 0.6591797
vt 0.3198242 0.6591797
vt 0.3198242 0.6591797
vt 0.3198242 0.6591797
vt 0.3198242 0.6591797
vt 0.3198242 0.6591797
vt 0.3198242 0.6591797
vt 0.3198242 0.6591797
vt 0.3198242 0.6591797
vt 0.3198242 0.6591797
vt 0.3198242 0.6591797
vt 0.3198242 0.6591797
vt 0.3198242 0.6591797
vt 0.3198242 0.6591797
vt 0.3198242 0.6591797
vt 0.3198242 0.6591797
vt 0.3198242 0.6591797
vt 0.3198242 0.6591797
vt 0.3198242 0.6591797
vt 0.3198242 0.6591797
vt 0.3198242 0.6591797
vt 0.3198242 0.6591797
vt 0.3198242 0.6591797
vt 0.3198242 0.6591797
vt 0.3198242 0.6591797
vt 0.3198242 0.6591797
vt 0.3198242 0.6591797
vt 0.3198242 0.6591797
vt 0.3198242 0.6591797
vt 0.3198242 0.6591797
vt 0.3198242 0.6591797
vt 0.3198242 0.6591797
vt 0.3198242 0.6591797
vt 0.3198242 0.6591797
vt 0.3198242 0.6591797
vt 0.3198242 0.6591797
vt 0.3198242 0.6591797
vt 0.3198242 0.6591797
vt 0.3198242 0.6591797
vt 0.3198242 0.6591797
vt 0.3198242 0.6591797
vt 0.3198242 0.6591797
vt 0.3198242 0.6591797
vt 0.3198242 0.6591797
vt 0.3198242 0.6591797
vt 0.3198242 0.6591797
vt 0.3198242 0.6591797
vt 0.3198242 0.6591797
vt 0.3198242 0.6591797
vt 0.3198242 0.6591797
vt 0.3198242 0.6591797
vt 0.3198242 0.6591797
vt 0.3198242 0.6591797
vt 0.3198242 0.6591797
vt 0.3198242 0.6591797
vt 0.3198242 0.6591797
vt 0.3198242 0.6591797
vt 0.3198242 0.6591797
vt 0.3198242 0.6591797
vt 0.3198242 0.6591797
vt 0.3198242 0.6591797
vt 0.3198242 0.6591797
vt 0.3198242 0.6591797
vt 0.3198242 0.6591797
vt 0.3198242 0.6591797
vt 0.3198242 0.6591797
vt 0.3198242 0.6591797
vt 0.3198242 0.6591797
vt 0.3198242 0.6591797
vt 0.3198242 0.6591797
vt 0.3198242 0.6591797
vt 0.3198242 0.6591797
vt 0.3198242 0.6591797
vt 0.3198242 0.6591797
vt 0.3198242 0.6591797
vt 0.3198242 0.6591797
vt 0.3198242 0.6591797
vt 0.3198242 0.6591797
vt 0.3198242 0.6591797
vt 0.3198242 0.6591797
vt 0.3198242 0.6591797
vt 0.3198242 0.6591797
vt 0.3198242 0.6591797
vt 0.3198242 0.6591797
vt 0.3198242 0.6591797
vt 0.3198242 0.6591797
vt 0.3198242 0.6591797
vt 0.3198242 0.6591797
vt 0.3198242 0.6591797
vt 0.3198242 0.6591797
vt 0.3198242 0.6591797
vt 0.3198242 0.6591797
vt 0.3198242 0.6591797
vt 0.3198242 0.6591797
vt 0.3198242 0.6591797
vt 0.3198242 0.6591797
vt 0.3198242 0.6591797
vt 0.3198242 0.6591797
vt 0.3198242 0.6591797
vt 0.3198242 0.6591797
vt 0.3198242 0.6591797
vt 0.3198242 0.6591797
vt 0.3198242 0.6591797
vt 0.3198242 0.6591797
vt 0.3198242 0.6591797
vt 0.3198242 0.6591797
vt 0.3198242 0.6591797
vt 0.3198242 0.6591797
vt 0.3198242 0.6591797
vt 0.3198242 0.6591797
vt 0.3198242 0.6591797
vt 0.3198242 0.6591797
vt 0.3198242 0.6591797
vt 0.3198242 0.6591797
vt 0.3198242 0.6591797
vt 0.3198242 0.6591797
vt 0.3198242 0.6591797
vt 0.3198242 0.6591797
vt 0.3198242 0.6591797
vt 0.3198242 0.6591797
vt 0.3198242 0.6591797
vt 0.3198242 0.6591797
vt 0.3198242 0.6591797
vt 0.3198242 0.6591797
vt 0.3198242 0.6591797
vt 0.3198242 0.6591797
vt 0.3198242 0.6591797
vt 0.3198242 0.6591797
vt 0.3198242 0.6591797
vt 0.3198242 0.6591797
vt 0.3198242 0.6591797
vt 0.3198242 0.6591797
vt 0.3198242 0.6591797
vt 0.3198242 0.6591797
vt 0.3198242 0.6591797
vt 0.3198242 0.6591797
vt 0.3198242 0.6591797
vt 0.3198242 0.6591797
vt 0.3198242 0.6591797
vt 0.3198242 0.6591797
vt 0.3198242 0.6591797
vt 0.3198242 0.6591797
vt 0.3198242 0.6591797
vt 0.3198242 0.6591797
vt 0.3198242 0.6591797
vt 0.3198242 0.6591797
vt 0.3198242 0.6591797
vt 0.3198242 0.6591797
vt 0.3198242 0.6591797
vt 0.3198242 0.6591797
vt 0.3198242 0.6591797
vt 0.3198242 0.6591797
vt 0.3198242 0.6591797
vt 0.3198242 0.6591797
vt 0.3198242 0.6591797
vt 0.3198242 0.6591797
vt 0.3198242 0.6591797
vt 0.3198242 0.6591797
vt 0.3198242 0.6591797
vt 0.3198242 0.6591797
vt 0.3198242 0.6591797
vt 0.3198242 0.6591797
vt 0.3198242 0.6591797
vt 0.3198242 0.6591797
vt 0.3198242 0.6591797
vt 0.3198242 0.6591797
vt 0.3198242 0.6591797
vt 0.3198242 0.6591797
vt 0.3198242 0.6591797
vt 0.3198242 0.6591797
vt 0.3198242 0.6591797
vt 0.3198242 0.6591797
vt 0.3198242 0.6591797
vt 0.3198242 0.6591797
vt 0.3198242 0.6591797
vt 0.3198242 0.6591797
vt 0.3198242 0.6591797
vt 0.3198242 0.6591797
vt 0.3198242 0.6591797
vt 0.3198242 0.6591797
vt 0.3198242 0.6591797
vt 0.3198242 0.6591797
vt 0.3198242 0.6591797
vt 0.3198242 0.6591797
vt 0.3198242 0.6591797
vt 0.3198242 0.6591797
vt 0.3198242 0.6591797
vt 0.3198242 0.6591797
vt 0.3198242 0.6591797
vt 0.3198242 0.6591797
vt 0.3198242 0.6591797
vt 0.3198242 0.6591797
vt 0.3198242 0.6591797
vt 0.3198242 0.6591797
vt 0.3198242 0.6591797
vt 0.3198242 0.6591797
vt 0.3198242 0.6591797
vt 0.3198242 0.6591797
vt 0.3198242 0.6591797
vt 0.3198242 0.6591797
vt 0.3198242 0.6591797
vt 0.3198242 0.6591797
vt 0.3198242 0.6591797
vt 0.3198242 0.6591797
vt 0.3198242 0.6591797
vt 0.3198242 0.6591797
vt 0.3198242 0.6591797
vt 0.3198242 0.6591797
vt 0.3198242 0.6591797
vt 0.3198242 0.6591797
vt 0.3198242 0.6591797
vt 0.3198242 0.6591797
vt 0.3198242 0.6591797
vt 0.3198242 0.6591797
vt 0.3198242 0.6591797
vt 0.3198242 0.6591797
vt 0.3198242 0.6591797
vt 0.3198242 0.6591797
vt 0.3198242 0.6591797
vt 0.3198242 0.6591797
vt 0.3198242 0.6591797
vt 0.3198242 0.6591797
vt 0.3198242 0.6591797
vt 0.3198242 0.6591797
vt 0.3198242 0.6591797
vt 0.3198242 0.6591797
vt 0.3198242 0.6591797
vt 0.3198242 0.6591797
vt 0.3198242 0.6591797
vt 0.3198242 0.6591797
vt 0.3198242 0.6591797
vt 0.3198242 0.6591797
vt 0.3198242 0.6591797
vt 0.3198242 0.6591797
vt 0.3198242 0.6591797
vt 0.3198242 0.6591797
vt 0.3198242 0.6591797
vt 0.3198242 0.6591797
vt 0.3198242 0.6591797
vt 0.3198242 0.6591797
vt 0.3198242 0.6591797
vt 0.3198242 0.6591797
vt 0.3198242 0.6591797
vt 0.3198242 0.6591797
vt 0.3198242 0.6591797
vt 0.3198242 0.6591797
vt 0.3198242 0.6591797
vt 0.3198242 0.6591797
vt 0.3198242 0.6591797
vt 0.3198242 0.6591797
vt 0.3198242 0.6591797
vt 0.984375 0.451416
vt 0.984375 0.451416
vt 0.984375 0.451416
vt 0.984375 0.451416
vt 0.984375 0.451416
vt 0.984375 0.451416
vt 0.984375 0.451416
vt 0.984375 0.451416
vt 0.984375 0.451416
vt 0.984375 0.451416
vt 0.984375 0.451416
vt 0.984375 0.451416
vt 0.984375 0.451416
vt 0.984375 0.451416
vt 0.984375 0.451416
vt 0.984375 0.451416
vt 0.984375 0.451416
vt 0.984375 0.451416
vt 0.984375 0.451416
vt 0.984375 0.451416
vt 0.984375 0.451416
vt 0.984375 0.451416
vt 0.984375 0.451416
vt 0.984375 0.451416
vt 0.984375 0.451416
vt 0.984375 0.451416
vt 0.984375 0.451416
vt 0.984375 0.451416
vt 0.984375 0.451416
vt 0.984375 0.451416
vt 0.984375 0.451416
vt 0.984375 0.451416
vt 0.984375 0.451416
vt 0.984375 0.451416
vt 0.984375 0.451416
vt 0.984375 0.451416
vt 0.984375 0.451416
vt 0.984375 0.451416
vt 0.984375 0.451416
vt 0.984375 0.451416
vt 0.984375 0.451416
vt 0.984375 0.451416
vt 0.984375 0.451416
vt 0.984375 0.451416
vt 0.984375 0.451416
vt 0.984375 0.451416
vt 0.984375 0.451416
vt 0.984375 0.451416
vt 0.984375 0.451416
vt 0.984375 0.451416
vt 0.984375 0.451416
vt 0.984375 0.451416
vt 0.984375 0.451416
vt 0.984375 0.451416
vt 0.984375 0.451416
vt 0.984375 0.451416
vt 0.984375 0.451416
vt 0.984375 0.451416
vt 0.984375 0.451416
vt 0.984375 0.451416
vt 0.984375 0.451416
vt 0.984375 0.451416
vt 0.984375 0.451416
vt 0.984375 0.451416
vt 0.984375 0.451416
vt 0.984375 0.451416
vt 0.984375 0.451416
vt 0.984375 0.451416
vt 0.984375 0.451416
vt 0.984375 0.451416
vt 0.984375 0.451416
vt 0.984375 0.451416
vt 0.984375 0.451416
vt 0.984375 0.451416
vt 0.984375 0.451416
vt 0.984375 0.451416
vt 0.984375 0.451416
vt 0.984375 0.451416
vt 0.984375 0.451416
vt 0.984375 0.451416
vt 0.984375 0.451416
vt 0.984375 0.451416
vt 0.984375 0.451416
vt 0.984375 0.451416
vt 0.984375 0.451416
vt 0.984375 0.451416
vt 0.984375 0.451416
vt 0.984375 0.451416
vt 0.984375 0.451416
vt 0.984375 0.451416
vt 0.984375 0.451416
vt 0.984375 0.451416
vt 0.984375 0.451416
vt 0.984375 0.451416
vt 0.984375 0.451416
vt 0.984375 0.451416
vt 0.984375 0.451416
vt 0.984375 0.451416
vt 0.984375 0.451416
vt 0.984375 0.451416
vt 0.984375 0.451416
vt 0.984375 0.451416
vt 0.984375 0.451416
vt 0.984375 0.451416
vt 0.984375 0.451416
vt 0.984375 0.451416
vt 0.984375 0.451416
vt 0.984375 0.451416
vt 0.984375 0.451416
vt 0.984375 0.451416
vt 0.984375 0.451416
vt 0.984375 0.451416
vt 0.984375 0.451416
vt 0.984375 0.451416
vt 0.984375 0.451416
vt 0.984375 0.451416
vt 0.984375 0.451416
vt 0.984375 0.451416
vt 0.984375 0.451416
vt 0.984375 0.451416
vt 0.984375 0.451416
vt 0.984375 0.451416
vt 0.984375 0.451416
vt 0.984375 0.451416
vt 0.984375 0.451416
vt 0.984375 0.451416
vt 0.984375 0.451416
vt 0.984375 0.451416
vt 0.984375 0.451416
vt 0.984375 0.451416
vt 0.984375 0.451416
vt 0.984375 0.451416
vn 0.9345703 -0.1124268 -0.3376465
vn 0.9345703 -0.1124268 -0.3376465
vn 0.9345703 -0.1124268 -0.3376465
vn 0.9189453 -0.02398682 -0.394043
vn 0.9189453 -0.02398682 -0.394043
vn 0.9189453 -0.02398682 -0.394043
vn 0.9311523 -0.1150513 -0.3461914
vn 0.9311523 -0.1150513 -0.3461914
vn 0.9311523 -0.1150513 -0.3461914
vn 0.8793945 -0.2587891 -0.3999023
vn 0.8793945 -0.2587891 -0.3999023
vn 0.8793945 -0.2587891 -0.3999023
vn 0.9321289 -0.003219604 -0.3615723
vn 0.9321289 -0.003219604 -0.3615723
vn 0.9321289 -0.003219604 -0.3615723
vn 0.8916016 -0.1315918 -0.4335938
vn 0.8916016 -0.1315918 -0.4335938
vn 0.8916016 -0.1315918 -0.4335938
vn 0.8994141 -0.3183594 0.2993164
vn 0.8994141 -0.3183594 0.2993164
vn 0.8994141 -0.3183594 0.2993164
vn 0.9135742 -0.1380615 0.3825684
vn 0.9135742 -0.1380615 0.3825684
vn 0.9135742 -0.1380615 0.3825684
vn 0.5288086 -0.7729492 -0.3503418
vn 0.5288086 -0.7729492 -0.3503418
vn 0.5288086 -0.7729492 -0.3503418
vn 0.625 -0.737793 -0.2548828
vn 0.625 -0.737793 -0.2548828
vn 0.625 -0.737793 -0.2548828
vn -0.7055664 -0.7080078 0.02783203
vn -0.7055664 -0.7080078 0.02783203
vn -0.7055664 -0.7080078 0.02783203
vn -0.5756836 -0.8129883 0.08612061
vn -0.5756836 -0.8129883 0.08612061
vn -0.5756836 -0.8129883 0.08612061
vn 0.2597656 -0.9589844 -0.1115112
vn 0.2597656 -0.9589844 -0.1115112
vn 0.2597656 -0.9589844 -0.1115112
vn 0.246582 -0.9648438 0.09277344
vn 0.246582 -0.9648438 0.09277344
vn 0.246582 -0.9648438 0.09277344
vn -0.6542969 -0.3237305 0.6831055
vn -0.6542969 -0.3237305 0.6831055
vn -0.6542969 -0.3237305 0.6831055
vn -0.6606445 -0.4152832 0.6254883
vn -0.6606445 -0.4152832 0.6254883
vn -0.6606445 -0.4152832 0.6254883
vn -0.7080078 -0.3076172 0.6352539
vn -0.7080078 -0.3076172 0.6352539
vn -0.7080078 -0.3076172 0.6352539
vn -0.7143555 -0.4067383 0.5693359
vn -0.7143555 -0.4067383 0.5693359
vn -0.7143555 -0.4067383 0.5693359
vn -0.5605469 -0.5888672 0.5825195
vn -0.5605469 -0.5888672 0.5825195
vn -0.5605469 -0.5888672 0.5825195
vn 0.3984375 -0.4567871 0.7954102
vn 0.3984375 -0.4567871 0.7954102
vn 0.3984375 -0.4567871 0.7954102
vn 0.3188477 -0.4038086 0.8574219
vn 0.3188477 -0.4038086 0.8574219
vn 0.3188477 -0.4038086 0.8574219
vn 0.3723145 -0.3549805 0.8574219
vn 0.3723145 -0.3549805 0.8574219
vn 0.3723145 -0.3549805 0.8574219
vn 0.4521484 -0.3920898 0.8012695
vn 0.4521484 -0.3920898 0.8012695
vn 0.4521484 -0.3920898 0.8012695
vn 0.3044434 -0.7446289 0.5942383
vn 0.3044434 -0.7446289 0.5942383
vn 0.3044434 -0.7446289 0.5942383
vn 0.6943359 -0.4614258 0.5522461
vn 0.6943359 -0.4614258 0.5522461
vn 0.6943359 -0.4614258 0.5522461
vn 0.6914063 -0.2749023 0.668457
vn 0.6914063 -0.2749023 0.668457
vn 0.6914063 -0.2749023 0.668457
vn 0.5605469 -0.5888672 0.5825195
vn 0.5605469 -0.5888672 0.5825195
vn 0.5605469 -0.5888672 0.5825195
vn -0.246582 -0.9648438 0.09277344
vn -0.246582 -0.9648438 0.09277344
vn -0.246582 -0.9648438 0.09277344
vn -0.9086914 -0.279541 0.3100586
vn -0.9086914 -0.279541 0.3100586
vn -0.9086914 -0.279541 0.3100586
vn -0.9160156 -0.159668 0.3684082
vn -0.9160156 -0.159668 0.3684082
vn -0.9160156 -0.159668 0.3684082
vn -0.9379883 -0.07250977 -0.3391113
vn -0.9379883 -0.07250977 -0.3391113
vn -0.9379883 -0.07250977 -0.3391113
vn -0.8652344 -0.2541504 -0.4326172
vn -0.8652344 -0.2541504 -0.4326172
vn -0.8652344 -0.2541504 -0.4326172
vn -0.2617188 -0.9584961 -0.1132813
vn -0.2617188 -0.9584961 -0.1132813
vn -0.2617188 -0.9584961 -0.1132813
vn -0.9321289 -0.004470825 -0.3618164
vn -0.9321289 -0.004470825 -0.3618164
vn -0.9321289 -0.004470825 -0.3618164
vn -0.8964844 -0.1326904 -0.4228516
vn -0.8964844 -0.1326904 -0.4228516
vn -0.8964844 -0.1326904 -0.4228516
vn 0.9570313 -0.2770996 0.08465576
vn 0.9570313 -0.2770996 0.08465576
vn 0.9570313 -0.2770996 0.08465576
vn 0.9135742 -0.3935547 0.1008301
vn 0.9135742 -0.3935547 0.1008301
vn 0.9135742 -0.3935547 0.1008301
vn -0.8955078 0.2380371 -0.3754883
vn -0.8955078 0.2380371 -0.3754883
vn -0.8955078 0.2380371 -0.3754883
vn -0.8828125 0.3432617 -0.3208008
vn -0.8828125 0.3432617 -0.3208008
vn -0.8828125 0.3432617 -0.3208008
vn 0.7089844 0.7036133 -0.05117798
vn 0.7089844 0.7036133 -0.05117798
vn 0.7089844 0.7036133 -0.05117798
vn -0.3586426 0.9091797 -0.2120361
vn -0.3586426 0.9091797 -0.2120361
vn -0.3586426 0.9091797 -0.2120361
vn -0.1723633 0.9335938 -0.3139648
vn -0.1723633 0.9335938 -0.3139648
vn -0.1723633 0.9335938 -0.3139648
vn -0.7089844 0.7036133 -0.05117798
vn -0.7089844 0.7036133 -0.05117798
vn -0.7089844 0.7036133 -0.05117798
vn 0.8955078 0.2380371 -0.3754883
vn 0.8955078 0.2380371 -0.3754883
vn 0.8955078 0.2380371 -0.3754883
vn 0.8828125 0.3432617 -0.3208008
vn 0.8828125 0.3432617 -0.3208008
vn 0.8828125 0.3432617 -0.3208008
vn 0.9970703 0 0.07562256
vn 0.9926758 0.01695251 0.1213379
vn 0.9970703 0 0.07562256
vn 0.9902344 0.0112915 0.1384277
vn 0.9882813 0.01693726 0.1507568
vn 0.9926758 0 0.1207886
vn 0.9936523 0 0.1138916
vn 0.9936523 0 0.1138916
vn 0.3937988 0.4133301 0.8208008
vn 0.3937988 0.4133301 0.8208008
vn 0.3937988 0.4133301 0.8208008
vn 0.7646484 0.4587402 0.4521484
vn 0.7646484 0.4587402 0.4521484
vn 0.7646484 0.4587402 0.4521484
vn -0.3044434 -0.7446289 0.5942383
vn -0.3044434 -0.7446289 0.5942383
vn -0.3044434 -0.7446289 0.5942383
vn -0.7651367 0.4587402 0.4521484
vn -0.7651367 0.4587402 0.4521484
vn -0.7651367 0.4587402 0.4521484
vn -0.3937988 0.4133301 0.8208008
vn -0.3937988 0.4133301 0.8208008
vn -0.3937988 0.4133301 0.8208008
vn 0.1723633 0.9335938 -0.3139648
vn 0.1723633 0.9335938 -0.3139648
vn 0.1723633 0.9335938 -0.3139648
vn 0.3586426 0.9091797 -0.2120361
vn 0.3586426 0.9091797 -0.2120361
vn 0.3586426 0.9091797 -0.2120361
vn 0.9135742 -0.3935547 -0.1010742
vn 0.9135742 -0.3935547 -0.1010742
vn 0.9360352 -0.3425293 -0.08319092
vn 0.9482422 -0.3063965 -0.08178711
vn 0.9472656 -0.3171387 -0.04376221
vn 0.9482422 -0.3007813 -0.1008301
vn 0.953125 -0.2861328 -0.09716797
vn 0.5849609 -0.8100586 -0.0383606
vn 0.5771484 -0.8149414 -0.05245972
vn 0.5874023 -0.8081055 -0.04351807
vn 0.6098633 -0.7915039 -0.03479004
vn 0.6186523 -0.784668 -0.04006958
vn 0.6445313 -0.7641602 -0.02627563
vn 0.6020508 -0.7983398 0.01626587
vn 0.6342773 -0.7724609 0.025177
vn 0.6064453 -0.7944336 0.03652954
vn 0.5771484 -0.8149414 0.04785156
vn 0.9599609 0.1835938 0.2110596
vn 0.9599609 0.1835938 0.2110596
vn 0.9599609 0.1835938 0.2110596
vn 0.9819336 0.1882324 0.008743286
vn 0.9819336 0.1882324 0.008743286
vn 0.9819336 0.1882324 0.008743286
vn -0.5756836 0.8178711 -0.001849174
vn -0.5756836 0.8178711 -0.001849174
vn -0.5756836 0.8178711 -0.001849174
vn -0.5224609 0.7124023 0.46875
vn -0.5224609 0.7124023 0.46875
vn -0.5224609 0.7124023 0.46875
vn 0.9868164 -0.116272 0.1130981
vn 0.9868164 -0.116272 0.1130981
vn 0.9868164 -0.116272 0.1130981
vn -0.08392334 0.7504883 -0.6557617
vn -0.08392334 0.7504883 -0.6557617
vn -0.08392334 0.7504883 -0.6557617
vn 0 0.8793945 0.4763184
vn 0 0.8793945 0.4763184
vn 0 0.8793945 0.4763184
vn 0.03173828 0.7490234 -0.6616211
vn 0.03173828 0.7490234 -0.6616211
vn 0.03173828 0.7490234 -0.6616211
vn 0.3339844 0.003107071 -0.9423828
vn 0.3339844 0.003107071 -0.9423828
vn 0.3339844 0.003107071 -0.9423828
vn 0.3796387 0.2188721 -0.8989258
vn 0.3796387 0.2188721 -0.8989258
vn 0.3796387 0.2188721 -0.8989258
vn 0.3339844 0.002851486 0.9423828
vn 0.3339844 0.002851486 0.9423828
vn 0.3339844 0.002851486 0.9423828
vn 0.3796387 0.2188721 0.8989258
vn 0.3796387 0.2188721 0.8989258
vn 0.3796387 0.2188721 0.8989258
vn 0.5444336 -0.5351563 -0.6459961
vn 0.5444336 -0.5351563 -0.6459961
vn 0.5444336 -0.5351563 -0.6459961
vn 0.4782715 -0.5083008 -0.7163086
vn 0.4782715 -0.5083008 -0.7163086
vn 0.4782715 -0.5083008 -0.7163086
vn 0.5444336 -0.5351563 0.6459961
vn 0.5444336 -0.5351563 0.6459961
vn 0.5444336 -0.5351563 0.6459961
vn 0.4782715 -0.5083008 0.7163086
vn 0.4782715 -0.5083008 0.7163086
vn 0.4782715 -0.5083008 0.7163086
vn -0.3339844 0.003107071 -0.9423828
vn -0.3339844 0.003107071 -0.9423828
vn -0.3339844 0.003107071 -0.9423828
vn -0.3796387 0.2188721 -0.8989258
vn -0.3796387 0.2188721 -0.8989258
vn -0.3796387 0.2188721 -0.8989258
vn -0.4782715 -0.5083008 -0.7163086
vn -0.4782715 -0.5083008 -0.7163086
vn -0.4782715 -0.5083008 -0.7163086
vn -0.5444336 -0.5351563 -0.6459961
vn -0.5444336 -0.5351563 -0.6459961
vn -0.5444336 -0.5351563 -0.6459961
vn -0.5444336 -0.5351563 0.6459961
vn -0.5444336 -0.5351563 0.6459961
vn -0.5444336 -0.5351563 0.6459961
vn -0.4782715 -0.5083008 0.7163086
vn -0.4782715 -0.5083008 0.7163086
vn -0.4782715 -0.5083008 0.7163086
vn -0.3339844 0.002981186 0.9423828
vn -0.3339844 0.002981186 0.9423828
vn -0.3339844 0.002981186 0.9423828
vn -0.3796387 0.2188721 0.8989258
vn -0.3796387 0.2188721 0.8989258
vn -0.3796387 0.2188721 0.8989258
vn 0.3339844 0.002807617 -0.9423828
vn 0.3339844 0.002807617 -0.9423828
vn 0.3339844 0.002807617 -0.9423828
vn 0.3796387 0.2189941 -0.8989258
vn 0.3796387 0.2189941 -0.8989258
vn 0.3796387 0.2189941 -0.8989258
vn 0.3339844 0.002981186 0.9423828
vn 0.3339844 0.002981186 0.9423828
vn 0.3339844 0.002981186 0.9423828
vn 0.3796387 0.2188721 0.8989258
vn 0.3796387 0.2188721 0.8989258
vn 0.3796387 0.2188721 0.8989258
vn 0.5444336 -0.5351563 -0.6459961
vn 0.5444336 -0.5351563 -0.6459961
vn 0.5444336 -0.5351563 -0.6459961
vn 0.4782715 -0.5083008 -0.7163086
vn 0.4782715 -0.5083008 -0.7163086
vn 0.4782715 -0.5083008 -0.7163086
vn 0.5444336 -0.5351563 0.6459961
vn 0.5444336 -0.5351563 0.6459961
vn 0.5444336 -0.5351563 0.6459961
vn 0.4782715 -0.5083008 0.7163086
vn 0.4782715 -0.5083008 0.7163086
vn 0.4782715 -0.5083008 0.7163086
vn -0.3342285 0.002840042 -0.9423828
vn -0.3342285 0.002840042 -0.9423828
vn -0.3342285 0.002840042 -0.9423828
vn -0.3798828 0.21875 -0.8989258
vn -0.3798828 0.21875 -0.8989258
vn -0.3798828 0.21875 -0.8989258
vn -0.4782715 -0.5083008 -0.7163086
vn -0.4782715 -0.5083008 -0.7163086
vn -0.4782715 -0.5083008 -0.7163086
vn -0.5444336 -0.5351563 -0.6459961
vn -0.5444336 -0.5351563 -0.6459961
vn -0.5444336 -0.5351563 -0.6459961
vn -0.5444336 -0.5351563 0.6459961
vn -0.5444336 -0.5351563 0.6459961
vn -0.5444336 -0.5351563 0.6459961
vn -0.4782715 -0.5083008 0.7163086
vn -0.4782715 -0.5083008 0.7163086
vn -0.4782715 -0.5083008 0.7163086
vn -0.3339844 0.003042221 0.9423828
vn -0.3339844 0.003042221 0.9423828
vn -0.3339844 0.003042221 0.9423828
vn -0.3796387 0.2188721 0.8989258
vn -0.3796387 0.2188721 0.8989258
vn -0.3796387 0.2188721 0.8989258
vn 0.9316406 -0.09094238 0.3515625
vn 0.9321289 -0.1064453 0.345459
vn 0.9321289 -0.1064453 0.345459
vn 0.9326172 -0.1219482 0.3393555
vn -0.9853516 -0.1287842 0.1105347
vn -0.9858398 -0.1242676 0.1118164
vn -0.9858398 -0.1242676 0.1118164
vn -0.9863281 -0.119751 0.1131592
vn -0.005245209 0.2088623 -0.9780273
vn 0 0.2288818 -0.9736328
vn 0.0008616447 0.1878662 -0.9824219
vn -0.005245209 0.1887207 -0.9819336
vn 0.006969452 0.166626 -0.9858398
vn 0.01393127 0.1444092 -0.9892578
vn 0.9160156 -0.2381592 0.3225098
vn 0.9150391 -0.2496338 0.3173828
vn 0.9150391 -0.2496338 0.3173828
vn 0.9135742 -0.2609863 0.3125
vn -0.9482422 -0.3015137 0.09985352
vn -0.9443359 -0.3129883 0.1018677
vn -0.9443359 -0.3129883 0.1018677
vn -0.9404297 -0.3242188 0.1038818
vn -0.004821777 0.1677246 -0.9858398
vn -0.009643555 0.154541 -0.987793
vn 0.0002242327 0.1829834 -0.9829102
vn 0.005268097 0.1809082 -0.9833984
vn 0.005271912 0.1981201 -0.9799805
vn 0 0.2150879 -0.9765625
vn -0.9760742 -0.1943359 0.09710693
vn -0.9775391 -0.185791 0.09863281
vn -0.9775391 -0.185791 0.09863281
vn -0.9790039 -0.177124 0.1002197
vn 0 0.420166 -0.9077148
vn 0 0.420166 -0.9077148
vn 0.006374359 0.4155273 -0.909668
vn 0 0.420166 -0.9077148
vn 0.01274872 0.4106445 -0.9116211
vn 0.02548218 0.4013672 -0.9155273
vn 0.6176758 -0.7495117 0.2373047
vn 0.6352539 -0.7373047 0.229126
vn 0.6352539 -0.7373047 0.229126
vn 0.6523438 -0.7250977 0.2209473
vn 0 -0.9589844 -0.2841797
vn 0 -0.9589844 -0.2841797
vn -0.02920532 -0.9594727 -0.2805176
vn -0.03039551 -0.9584961 -0.2841797
vn -0.05838013 -0.9589844 -0.2766113
vn -0.05599976 -0.9614258 -0.2695313
vn 0.3613281 -0.9204102 -0.1486816
vn 0.3693848 -0.9160156 -0.1568604
vn 0.3693848 -0.9160156 -0.1568604
vn 0.3776855 -0.9111328 -0.164917
vn 0.296875 -0.9477539 0.1165161
vn 0.2866211 -0.9516602 0.1092529
vn 0.2866211 -0.9516602 0.1092529
vn 0.2224121 -0.9663086 0.1313477
vn 0.2353516 -0.9638672 0.123291
vn 0.1950684 -0.9697266 0.145874
vn 0.1962891 -0.9692383 0.1474609
vn -0.3549805 -0.9321289 0.0736084
vn -0.3513184 -0.9335938 0.07293701
vn -0.3562012 -0.9321289 0.06726074
vn -0.359375 -0.9311523 0.06085205
vn -0.3649902 -0.9291992 0.05514526
vn -0.3640137 -0.9296875 0.05438232
vn 0.05664063 -0.9604492 -0.2719727
vn 0.0536499 -0.965332 -0.2553711
vn 0.02833557 -0.9594727 -0.2805176
vn 0.02981567 -0.9570313 -0.2888184
vn 0 -0.9575195 -0.2890625
vn 0 -0.9575195 -0.2890625
vn 0.1518555 -0.9790039 -0.1374512
vn 0.1717529 -0.9736328 -0.1505127
vn 0.1717529 -0.9736328 -0.1505127
vn 0.1915283 -0.9677734 -0.1633301
vn 0.1658936 -0.9863281 0.001274109
vn 0.1832275 -0.9829102 0.01041412
vn 0.1652832 -0.9863281 -0.006954193
vn 0.145752 -0.9892578 -0.02059937
vn 0.1444092 -0.9892578 -0.02696228
vn 0.1245728 -0.9916992 -0.03050232
vn 0 -0.9555664 -0.2946777
vn 0 -0.9555664 -0.2946777
vn 0 -0.9555664 -0.2946777
vn -0.03062439 -0.9550781 -0.2944336
vn -0.04592896 -0.9545898 -0.2941895
vn -0.08789063 -0.9599609 -0.2661133
vn 0.1281738 -0.9916992 -0.02044678
vn 0.1242676 -0.9921875 -0.01806641
vn 0.1280518 -0.9912109 -0.02723694
vn 0.1203003 -0.9926758 -0.01309204
vn 0.1151733 -0.9931641 -0.01284027
vn 0.1107178 -0.9936523 -0.005180359
vn 0.1150513 -0.9931641 0.003770828
vn 0.1160278 -0.9931641 0.01724243
vn 0.1224976 -0.9921875 0.02102661
vn 0.1159668 -0.9926758 0.02749634
vn -0.6757813 -0.08380127 0.7324219
vn -0.6782227 -0.09191895 0.7290039
vn -0.6782227 -0.09191895 0.7290039
vn -0.6806641 -0.09997559 0.7260742
vn -0.1612549 -0.9750977 0.1530762
vn -0.1832275 -0.9648438 0.1878662
vn -0.1832275 -0.9648438 0.1878662
vn -0.204834 -0.953125 0.2224121
vn -0.1938477 -0.9702148 0.1444092
vn -0.1950684 -0.9697266 0.145874
vn -0.1950684 -0.9697266 0.145874
vn -0.1962891 -0.9692383 0.1474609
vn -0.5405273 -0.7163086 0.4414063
vn -0.5405273 -0.7163086 0.4414063
vn -0.5717773 -0.7026367 0.4233398
vn -0.5087891 -0.7285156 0.4589844
vn 0.2980957 -0.08734131 0.9506836
vn 0.3032227 -0.09088135 0.9487305
vn 0.3032227 -0.09088135 0.9487305
vn 0.3085938 -0.09448242 0.9462891
vn 0.09240723 -0.9643555 0.2484131
vn 0.08959961 -0.9624023 0.2573242
vn 0.08959961 -0.9624023 0.2573242
vn 0.08679199 -0.9599609 0.2661133
vn 0.2832031 -0.9555664 0.08001709
vn 0.2758789 -0.9541016 0.116272
vn 0.2758789 -0.9541016 0.116272
vn 0.2680664 -0.9511719 0.1524658
vn 0.08642578 -0.9819336 0.1687012
vn 0.08300781 -0.980957 0.1760254
vn 0.08300781 -0.980957 0.1760254
vn 0.07952881 -0.9799805 0.1832275
vn 0.5405273 -0.7163086 0.4414063
vn 0.5087891 -0.7285156 0.4589844
vn 0.5405273 -0.7163086 0.4414063
vn 0.5717773 -0.7026367 0.4233398
vn 0.7036133 -0.1000366 0.7036133
vn 0.6914063 -0.1083374 0.7143555
vn 0.684082 -0.1003418 0.7226563
vn 0.6743164 -0.1004639 0.7319336
vn 0.6689453 -0.08422852 0.7387695
vn 0.1612549 -0.9750977 0.1530762
vn 0.1832275 -0.9648438 0.1878662
vn 0.1832275 -0.9648438 0.1878662
vn 0.204834 -0.953125 0.2224121
vn 0.6391602 -0.3808594 0.6679688
vn 0.6391602 -0.3823242 0.6669922
vn 0.6391602 -0.3823242 0.6669922
vn 0.6391602 -0.3837891 0.6665039
vn 0.01184845 -0.9868164 0.1608887
vn 0.01000977 -0.9873047 0.1585693
vn 0.01000977 -0.9873047 0.1585693
vn 0.008178711 -0.987793 0.1561279
vn -0.9316406 -0.09094238 0.3515625
vn -0.9335938 -0.09210205 0.3459473
vn -0.9321289 -0.1020508 0.3474121
vn -0.9306641 -0.1147461 0.3479004
vn -0.9287109 -0.1218872 0.3503418
vn -0.9287109 -0.1218872 0.3503418
vn -0.9287109 -0.1218872 0.3503418
vn -0.1160278 -0.9931641 0.01724243
vn -0.1224976 -0.9921875 0.02102661
vn -0.1159668 -0.9926758 0.02749634
vn -0.1150513 -0.9931641 0.003770828
vn -0.1107178 -0.9936523 -0.005180359
vn -0.1151733 -0.9931641 -0.01284027
vn -0.1203003 -0.9926758 -0.01309204
vn -0.1223755 -0.9921875 -0.01348877
vn -0.1282959 -0.9916992 -0.01366425
vn -0.9082031 -0.2705078 0.3190918
vn -0.9072266 -0.2775879 0.3164063
vn -0.9072266 -0.2775879 0.3164063
vn -0.9057617 -0.284668 0.3134766
vn -0.6523438 -0.7250977 0.2209473
vn -0.6728516 -0.7094727 0.2108154
vn -0.6728516 -0.7094727 0.2108154
vn -0.6923828 -0.6933594 0.2005615
vn -0.9301758 -0.1123047 -0.3498535
vn -0.925293 -0.07080078 -0.3723145
vn -0.925293 -0.07080078 -0.3723145
vn -0.918457 -0.02909851 -0.394043
vn -0.123291 -0.9765625 -0.175293
vn -0.1195068 -0.972168 -0.2021484
vn -0.137085 -0.9731445 -0.1837158
vn -0.1175537 -0.9692383 -0.2154541
vn -0.08789063 -0.9599609 -0.2661133
vn -0.1555176 -0.9873047 -0.02728271
vn -0.1551514 -0.9868164 -0.04077148
vn -0.1453857 -0.9892578 -0.02258301
vn -0.1350098 -0.9907227 -0.01252747
vn -0.1217041 -0.9926758 -0.01203918
vn -0.112854 -0.9936523 0.0006937981
vn -0.1091309 -0.9941406 0.01338959
vn -0.1156616 -0.9931641 0.01908875
vn -0.1394043 -0.9902344 0.01831055
vn -0.1379395 -0.9897461 0.03497314
vn -0.1397705 -0.9873047 0.07373047
vn -0.1038818 -0.9882813 0.1136475
vn -0.08746338 -0.9863281 0.1405029
vn -0.06057739 -0.9868164 0.1501465
vn -0.05899048 -0.9858398 0.157959
vn -0.3232422 -0.9125977 -0.2495117
vn -0.2978516 -0.9272461 -0.2264404
vn -0.2978516 -0.9272461 -0.2264404
vn -0.2717285 -0.940918 -0.203125
vn -0.5776367 -0.7275391 -0.3708496
vn -0.5932617 -0.722168 -0.3552246
vn -0.5932617 -0.722168 -0.3552246
vn -0.6088867 -0.7167969 -0.3395996
vn 0.984375 -0.1348877 -0.111084
vn 0.9858398 -0.1115112 -0.1248169
vn 0.984375 -0.1304932 -0.1192017
vn 0.9824219 -0.1495361 -0.1135254
vn 0.9848633 -0.1392822 -0.1029053
vn 0.9873047 -0.1290283 -0.09222412
vn 0.1557617 -0.987793 -0.01376343
vn 0.1403809 -0.9902344 -0.01348114
vn 0.1403809 -0.9902344 -0.01348114
vn 0.125 -0.9921875 -0.01319122
vn 0.984375 -0.1531982 -0.08807373
vn 0.9804688 -0.1744385 -0.09063721
vn 0.9814453 -0.1690674 -0.09210205
vn 0.9804688 -0.1778564 -0.08410645
vn 0.9814453 -0.1741943 -0.078125
vn 0.984375 -0.1634521 -0.06860352
vn 0.3979492 -0.9165039 -0.03619385
vn 0.3952637 -0.9179688 -0.03613281
vn 0.3959961 -0.9174805 -0.0362854
vn 0.3933105 -0.918457 -0.03616333
vn 0.3857422 -0.9223633 -0.01376343
vn 0.3842773 -0.9233398 0.009742737
vn 0.3798828 -0.9243164 0.03274536
vn 0.3894043 -0.9204102 0.03466797
vn -0.953125 -0.2861328 -0.09716797
vn -0.9482422 -0.3007813 -0.1008301
vn -0.9467773 -0.3056641 -0.0993042
vn -0.9423828 -0.3183594 -0.1015625
vn -0.9418945 -0.3200684 -0.1001587
vn -0.9404297 -0.3242188 -0.1040649
vn -0.984375 -0.1531982 -0.08807373
vn -0.9814453 -0.1690674 -0.09210205
vn -0.9804688 -0.1744385 -0.09063721
vn -0.9775391 -0.1881104 -0.09320068
vn -0.9775391 -0.1896973 -0.09179688
vn -0.9760742 -0.1943359 -0.09588623
vn -0.3979492 -0.9165039 -0.03619385
vn -0.3959961 -0.9174805 -0.0362854
vn -0.3952637 -0.9179688 -0.03613281
vn -0.3933105 -0.918457 -0.03616333
vn -0.3933105 -0.9189453 -0.03604126
vn -0.3925781 -0.9189453 -0.0362854
vn -0.6445313 -0.7641602 -0.02627563
vn -0.6186523 -0.784668 -0.04006958
vn -0.6098633 -0.7915039 -0.03479004
vn -0.5874023 -0.8081055 -0.04351807
vn -0.5849609 -0.8100586 -0.0383606
vn -0.5771484 -0.8149414 -0.05249023
vn 0.9863281 -0.119751 0.1131592
vn 0.9863281 -0.1226807 0.1116333
vn 0.9863281 -0.1213379 0.1118774
vn 0.9858398 -0.1257324 0.1116333
vn 0.9853516 -0.1270752 0.1121216
vn 0.9853516 -0.1287842 0.1130371
vn 0.9838867 -0.1549072 0.0892334
vn 0.9833984 -0.1590576 0.09002686
vn 0.9833984 -0.1590576 0.09002686
vn 0.9824219 -0.1630859 0.09075928
vn 0 -0.9946289 -0.1014404
vn 0 -0.9946289 -0.1014404
vn 0 -0.9946289 -0.1014404
vn 0 -0.9946289 -0.1014404
vn 0 -0.9946289 -0.1014404
vn 0 -0.9946289 -0.1014404
vn 0 0 1
vn 0 -7.212162E-06 1
vn 0 -4.827976E-06 1
vn 0 0 1
vn 0 0 1
vn 0 0 1
vn 0 0 1
vn 0 0 1
vn 0 0 1
vn -0.9433594 0 0.331543
vn -0.9433594 0.0003883839 0.3312988
vn -0.9433594 0.0003883839 0.3312988
vn -0.9433594 0.0007767677 0.3310547
vn -0.9379883 0 -0.347168
vn -0.9379883 0 -0.347168
vn -0.9379883 0 -0.347168
vn -0.9379883 0 -0.347168
vn 0.9936523 0 -0.1138916
vn 0.9936523 0 -0.1138916
vn 0.9936523 0 -0.1138916
vn 0.9936523 0 -0.1138916
vn 0 1.204014E-05 1
vn 0 6.020069E-06 1
vn 0 3.039837E-06 1
vn 0 0 1
vn 0 0 1
vn 0 0 1
vn -0.9150391 0.1901855 0.3554688
vn -0.9199219 0.1782227 0.3496094
vn -0.9199219 0.1782227 0.3496094
vn -0.9243164 0.1662598 0.3435059
vn -0.9179688 0.1890869 -0.3481445
vn -0.9150391 0.2299805 -0.3320313
vn -0.9150391 0.2299805 -0.3320313
vn -0.909668 0.2705078 -0.3149414
vn 0.9672852 0.2305908 -0.1069946
vn 0.9707031 0.2156982 -0.1040649
vn 0.9707031 0.2156982 -0.1040649
vn 0.9746094 0.2006836 -0.1011353
vn 0 1.15633E-05 1
vn 0 5.781651E-06 1
vn 0 2.861023E-06 1
vn 0 0 1
vn 0 0 1
vn 0 0 1
vn -0.8969727 0.2365723 0.373291
vn -0.9091797 0.2119141 0.3581543
vn -0.9091797 0.2119141 0.3581543
vn -0.9204102 0.1871338 0.3427734
vn 0.9521484 0.2910156 -0.09533691
vn 0.9575195 0.2734375 -0.09173584
vn 0.9575195 0.2734375 -0.09173584
vn 0.9628906 0.2558594 -0.08807373
vn 0 -6.562471E-05 1
vn 0 -3.284216E-05 1
vn 0 -3.284216E-05 1
vn 0 0 1
vn 0 -3.284216E-05 1
vn 0 -6.562471E-05 1
vn 0.6850586 0 -0.7285156
vn 0.6850586 0 -0.7285156
vn 0.6850586 0 -0.7285156
vn 0.6850586 0 -0.7285156
vn 0.659668 0.4147949 -0.6269531
vn 0.6577148 0.3972168 -0.6396484
vn 0.6577148 0.3972168 -0.6396484
vn 0.65625 0.3793945 -0.6523438
vn 0.6987305 0.4455566 -0.5595703
vn 0.6972656 0.4135742 -0.5854492
vn 0.6972656 0.4135742 -0.5854492
vn 0.6943359 0.3808594 -0.6108398
vn -0.3640137 0 -0.9316406
vn -0.3640137 0 -0.9316406
vn -0.3640137 0 -0.9316406
vn -0.3640137 0 -0.9316406
vn -0.3574219 0.458252 -0.8139648
vn -0.3505859 0.4550781 -0.8183594
vn -0.3505859 0.4550781 -0.8183594
vn -0.3439941 0.4519043 -0.8232422
vn -0.40625 0.4665527 -0.7856445
vn -0.3937988 0.4619141 -0.7949219
vn -0.3937988 0.4619141 -0.7949219
vn -0.3811035 0.4570313 -0.8037109
vn -0.6850586 0 -0.7285156
vn -0.6850586 0 -0.7285156
vn -0.6850586 0 -0.7285156
vn -0.6850586 0 -0.7285156
vn -0.6850586 0 -0.7285156
vn -0.659668 0.4147949 -0.6269531
vn -0.6577148 0.3972168 -0.6396484
vn -0.6577148 0.3972168 -0.6396484
vn -0.65625 0.3793945 -0.6523438
vn -0.6987305 0.4455566 -0.5595703
vn -0.6972656 0.4135742 -0.5854492
vn -0.6972656 0.4135742 -0.5854492
vn -0.6943359 0.3808594 -0.6103516
vn 0.9379883 0 -0.347168
vn 0.9379883 0 -0.347168
vn 0.9379883 0 -0.347168
vn 0.9379883 0 -0.347168
vn 0.9179688 0.1890869 -0.3481445
vn 0.9150391 0.2299805 -0.3320313
vn 0.9150391 0.2299805 -0.3320313
vn 0.909668 0.2705078 -0.3149414
vn 0.9433594 0.0007805824 0.331543
vn 0.9433594 0.0003902912 0.3312988
vn 0.9433594 0.0003902912 0.3312988
vn 0.9433594 0 0.3310547
vn 0.9243164 0.1661377 0.3435059
vn 0.9199219 0.1782227 0.3496094
vn 0.9199219 0.1782227 0.3496094
vn 0.9150391 0.1901855 0.3554688
vn 0.9204102 0.1871338 0.3427734
vn 0.9091797 0.2119141 0.3581543
vn 0.9091797 0.2119141 0.3581543
vn 0.8969727 0.2365723 0.373291
vn -0.9936523 -0.008872986 0.1122437
vn -0.9936523 0 0.1105957
vn -0.9931641 -0.008872986 0.1160889
vn -0.9931641 -0.01774597 0.1138306
vn -0.9926758 -0.008872986 0.1199951
vn -0.9921875 0 0.1260986
vn -0.9707031 0.2169189 0.1032104
vn -0.9741211 0.2025146 0.1015015
vn -0.9711914 0.2132568 0.1043091
vn -0.9682617 0.2263184 0.1050415
vn -0.9682617 0.227417 0.1040039
vn -0.9672852 0.2305908 0.1069946
vn -0.9575195 0.2731934 0.09051514
vn -0.9633789 0.2539063 0.08813477
vn -0.9589844 0.2683105 0.09210205
vn -0.9541016 0.2854004 0.09307861
vn -0.9536133 0.2868652 0.09161377
vn -0.9516602 0.2910156 0.09576416
vn 0.9741211 0.2025146 0.1015015
vn 0.9707031 0.2169189 0.1032104
vn 0.9711914 0.2132568 0.1043091
vn 0.9682617 0.2261963 0.1050415
vn 0.9682617 0.227417 0.1040039
vn 0.9672852 0.2305908 0.1069946
vn 0.9633789 0.2539063 0.08813477
vn 0.9575195 0.2731934 0.09051514
vn 0.9589844 0.2683105 0.09210205
vn 0.9541016 0.2854004 0.09307861
vn 0.9536133 0.2868652 0.09161377
vn 0.9516602 0.2910156 0.09576416
vn -0.9936523 0 -0.1138916
vn -0.9936523 0 -0.1138916
vn -0.9936523 0 -0.1138916
vn -0.9936523 0 -0.1138916
vn -0.9746094 0.2006836 -0.1011353
vn -0.9707031 0.2156982 -0.1040649
vn -0.9707031 0.2156982 -0.1040649
vn -0.9672852 0.2305908 -0.1069946
vn -0.9628906 0.2558594 -0.08807373
vn -0.9575195 0.2734375 -0.09173584
vn -0.9575195 0.2734375 -0.09173584
vn -0.9521484 0.2910156 -0.09533691
vn 0 1 0
vn 0 1 0
vn 0 1 0
vn 0 1 0
vn 0 1 0
vn 0 1 0
vn 0 1 0
vn 0 1 0
vn 0 1 0
vn 0 1 0
vn 0 1 0
vn 0 1 0
vn 0 1 0
vn 0 1 0
vn 0 1 0
vn 0 1 0
vn 0 1 0
vn 0 1 0
vn 0 1 0
vn 0 1 0
vn 0 1 0
vn 0 1 0
vn 0 1 0
vn 0 1 0
vn 0 1 0
vn 0 1 0
vn 0 1 0
vn 0 1 0
vn 0 1 0
vn 0 1 0
vn 0 1 0
vn 0.09515381 0.9921875 -0.07879639
vn 0.1063843 0.9926758 -0.05508423
vn 0.1063843 0.9926758 -0.05508423
vn 0.1175537 0.9926758 -0.03131104
vn 0 1 0
vn 0 1 0
vn 0 1 0
vn 0 1 0
vn 0 1 0
vn 0 1 0
vn 0 1 0
vn 0 1 0
vn 0.01129913 0.9902344 0.1390381
vn 0.02890015 0.9907227 0.1345215
vn 0.02890015 0.9907227 0.1345215
vn 0.04647827 0.9902344 0.1298828
vn 0.0001928806 0.9951172 -0.09857178
vn 0.004261017 0.9951172 -0.1005249
vn 0.004261017 0.9951172 -0.1005249
vn 0.008331299 0.9946289 -0.102478
vn 0.3811035 0.4570313 -0.8037109
vn 0.3937988 0.4619141 -0.7949219
vn 0.3937988 0.4619141 -0.7949219
vn 0.40625 0.4665527 -0.7856445
vn 0.3439941 0.4519043 -0.8232422
vn 0.3505859 0.4550781 -0.8183594
vn 0.3505859 0.4550781 -0.8183594
vn 0.3574219 0.458252 -0.8139648
vn 0.3640137 0 -0.9316406
vn 0.3640137 0 -0.9316406
vn 0.3640137 0 -0.9316406
vn 0.3640137 0 -0.9316406
vn -0.2980957 -0.08734131 0.9506836
vn -0.3032227 -0.09088135 0.9487305
vn -0.3032227 -0.09088135 0.9487305
vn -0.3085938 -0.09448242 0.9462891
vn -0.09240723 -0.9643555 0.2484131
vn -0.08959961 -0.9624023 0.2573242
vn -0.08959961 -0.9624023 0.2573242
vn -0.08679199 -0.9599609 0.2661133
vn -0.3188477 -0.4038086 0.8574219
vn -0.3193359 -0.4042969 0.8569336
vn -0.3193359 -0.4042969 0.8569336
vn -0.3198242 -0.404541 0.8569336
vn -0.3654785 -0.4089355 0.8359375
vn -0.364502 -0.4084473 0.8369141
vn -0.364502 -0.4084473 0.8369141
vn -0.3635254 -0.407959 0.8374023
vn -0.08642578 -0.9819336 0.1687012
vn -0.08300781 -0.980957 0.1760254
vn -0.08300781 -0.980957 0.1760254
vn -0.07952881 -0.9799805 0.1832275
vn 4.756451E-05 -0.01564026 -1
vn 0 -0.01780701 -1
vn -0.0006375313 -0.01625061 -1
vn -0.0006375313 -0.01468658 -1
vn 0.0005040169 -0.01369476 -1
vn -0.003334045 -0.02087402 -1
vn -0.01699829 -0.02603149 -0.9995117
vn -0.009819031 -0.03259277 -0.9995117
vn -0.0006232262 -0.0145874 -1
vn 0.004161835 -0.02050781 -1
vn 0 -0.01468658 -1
vn -0.02047729 0.9672852 -0.2519531
vn -0.01023865 0.96875 -0.2480469
vn -0.01023865 0.96875 -0.2480469
vn 0 0.9697266 -0.2441406
vn 0.05813599 -0.984375 0.1652832
vn 0.04553223 -0.9853516 0.1629639
vn 0.04553223 -0.9853516 0.1629639
vn 0.03289795 -0.9863281 0.1605225
vn -0.9848633 -0.1293945 -0.1158447
vn -0.9853516 -0.1287842 -0.1127319
vn -0.9853516 -0.1292725 -0.1132813
vn -0.9848633 -0.1254883 -0.1207886
vn -0.9829102 -0.1341553 -0.1274414
vn -0.9858398 -0.1178589 -0.1195068
vn -0.987793 -0.1074829 -0.1123047
vn -0.987793 -0.1112671 -0.1103516
vn -0.4221191 0.90625 -0.01230621
vn -0.4018555 0.9155273 0.01412964
vn -0.4018555 0.9155273 0.01412964
vn -0.3811035 0.9238281 0.04055786
vn 0.7128906 0.7011719 0.01166534
vn 0.7080078 0.7060547 0.01609802
vn 0.7080078 0.7060547 0.01609802
vn 0.7036133 0.7104492 0.02050781
vn 0.0005340576 0.9619141 -0.2729492
vn 0.00995636 0.9609375 -0.2768555
vn 0.00995636 0.9609375 -0.2768555
vn 0.01937866 0.9594727 -0.2807617
vn -0.02088928 0.953125 0.3024902
vn -0.05963135 0.9555664 0.2888184
vn -0.05963135 0.9555664 0.2888184
vn -0.0982666 0.956543 0.2746582
vn -0.2873535 0.9150391 0.2834473
vn -0.2873535 0.921875 0.2607422
vn -0.2873535 0.921875 0.2607422
vn -0.2871094 0.9277344 0.237793
vn 0 0 -1
vn 0 0 -1
vn 0 0 -1
vn 0 0 -1
vn 0 0 -1
vn 0 0 -1
vn 0 1 0
vn 0 1 0
vn 0 1 0
vn 0 1 0
vn 0 1 0
vn 0 1 0
vn 0 1 0
vn 0 1 0
vn -0.05249023 0 0.9985352
vn -0.05249023 0 0.9985352
vn -0.01583862 0 1
vn -0.01583862 0 1
vn 0.02082825 0 1
vn 0.02082825 0 1
vn -0.04443359 0.2492676 -0.9672852
vn -0.04443359 0.2492676 -0.9672852
vn -0.008880615 0.2495117 -0.9682617
vn -0.008880615 0.2495117 -0.9682617
vn 0.01335144 0.2495117 -0.9682617
vn 0.01335144 0.2495117 -0.9682617
vn 0 0.2495117 -0.9682617
vn 0 0.2495117 -0.9682617
vn -0.01850891 0.9594727 0.28125
vn -0.02507019 0.9594727 0.2810059
vn -0.01850891 0.9594727 0.28125
vn -0.01193237 0.9594727 0.28125
vn 0 0 1
vn 0 0 1
vn -0.02120972 0 1
vn -0.02120972 0 1
vn -0.04241943 0 0.9990234
vn -0.04241943 0 0.9990234
vn -0.05541992 0 -0.9985352
vn -0.05474854 0.00554657 -0.9985352
vn -0.05474854 0.00554657 -0.9985352
vn -0.05404663 0.01109314 -0.9985352
vn 0 1 0
vn 0 1 0
vn 0 1 0
vn 0 1 0
vn 0 1 0
vn 0 1 0
vn 0 1 0
vn 0 1 0
vn -0.04086304 0.00692749 0.9990234
vn -0.04150391 0.003463745 0.9990234
vn -0.0418396 0.001731873 0.9990234
vn -0.04214478 0 0.9990234
vn -0.04214478 0 0.9990234
vn -0.04214478 0 0.9990234
vn 0 1 0
vn 0 1 0
vn 0 1 0
vn 0 1 0
vn 0 1 0
vn 0 1 0
vn 0 1 0
vn 0 1 0
vn 0.02705383 0.8789063 0.4760742
vn 0.02191162 0.8789063 0.4760742
vn 0.006473541 0.8793945 0.4763184
vn 0.037323 0.8789063 0.4760742
vn 0.037323 0.8789063 0.4760742
vn 0.07818604 0 0.9970703
vn 0.07818604 0 0.9970703
vn 0.07818604 0 0.9970703
vn 0.07818604 0 0.9970703
vn 0.03366089 0 -0.9995117
vn 0.03240967 0.003194809 -0.9995117
vn 0.03240967 0.003194809 -0.9995117
vn 0.03112793 0.006389618 -0.9995117
vn 0.06402588 0 0.9980469
vn 0.06268311 0.005195618 0.9980469
vn 0.06268311 0.005195618 0.9980469
vn 0.06130981 0.01039124 0.9980469
vn 0.3417969 0 -0.9399414
vn 0.3417969 0 -0.9399414
vn 0.3417969 0 -0.9399414
vn 0.3417969 0 -0.9399414
vn 0.3557129 -0.03671265 -0.934082
vn 0.3566895 -0.03833008 -0.9335938
vn 0.3566895 -0.03833008 -0.9335938
vn 0.357666 -0.03997803 -0.9331055
vn 0.473877 0.8803711 0
vn 0.473877 0.8803711 0
vn 0.473877 0.8803711 0
vn 0.473877 0.8803711 0
vn 0.357666 -0.03674316 0.9331055
vn 0.3566895 -0.0383606 0.9335938
vn 0.3566895 -0.0383606 0.9335938
vn 0.3557129 -0.03997803 0.9335938
vn 0.01142883 -1 0
vn 0.0114212 -1 0
vn 3.993511E-06 -1 0
vn 0 -1 0
vn -0.01141357 -1 0
vn -0.01141357 -1 0
vn -0.9995117 -0.02676392 -1.841784E-05
vn -0.9995117 -0.02674866 -1.764297E-05
vn -0.9995117 -0.02674866 -1.764297E-05
vn -0.9995117 -0.02674866 -1.692772E-05
vn 0.9995117 -0.02670288 -2.992153E-05
vn 0.9995117 -0.02670288 -2.944469E-05
vn 0.9995117 -0.02670288 -2.944469E-05
vn 0.9995117 -0.02670288 -2.896786E-05
vn 0.1866455 0.8662109 -0.4638672
vn 0.1794434 0.8540039 -0.4882813
vn 0.1794434 0.8540039 -0.4882813
vn 0.1721191 0.8413086 -0.512207
vn -0.7558594 0.6547852 -1.2815E-05
vn -0.7558594 0.6547852 0
vn -0.7558594 0.6547852 0
vn -0.7558594 0.6547852 1.496077E-05
vn 0.1866455 0.8662109 0.4638672
vn 0.1794434 0.8540039 0.4882813
vn 0.1794434 0.8540039 0.4882813
vn 0.1721191 0.8413086 0.512207
vn 0.7558594 0.6547852 -2.18749E-05
vn 0.7558594 0.6547852 0
vn 0.7558594 0.6547852 0
vn 0.7558594 0.6542969 2.473593E-05
vn -0.9907227 0.137085 1.960993E-05
vn -0.9926758 0.1205444 3.361702E-05
vn -0.9907227 0.137207 3.033876E-05
vn -0.9946289 0.1038208 -1.251698E-05
vn -0.9975586 0.06878662 0.02262878
vn -0.9975586 0.05944824 -0.03393555
vn -1 0.01817322 0.01097107
vn -0.9990234 0.0456543 0.01701355
vn -0.9995117 0.01461792 -0.01686096
vn -1 0.008651733 -0.00177002
vn -1 0.008666992 0.00484848
vn -1 0.007652283 -0.003276825
vn -1 0.00958252 0.002323151
vn -1 0.01811218 -0.01091766
vn -0.9985352 0.05596924 -0.01269531
vn -0.9995117 0.01457214 0.01693726
vn 0.9907227 0.137085 3.236532E-05
vn 0.9926758 0.1205444 -5.066395E-06
vn 0.9907227 0.137085 0
vn 0.9946289 0.1038818 2.515316E-05
vn 0.9975586 0.06878662 -0.02262878
vn 0.9975586 0.05947876 0.03396606
vn 1 0.01817322 -0.01100159
vn 0.9990234 0.0456543 -0.01698303
vn 0.9995117 0.01461029 0.016922
vn 1 0.008605957 0.00174427
vn 1 0.008552551 -0.004924774
vn 1 0.007591248 0.003288269
vn 1 0.009605408 -0.002342224
vn 1 0.0181427 0.01092529
vn 0.9985352 0.05596924 0.0127182
vn 0.9995117 0.0145874 -0.016922
vn 0.5053711 0.4389648 -0.7431641
vn 0.5053711 0.4389648 -0.7426758
vn 0.5053711 0.4389648 -0.7426758
vn 0.5058594 0.4389648 -0.7426758
vn 0.5053711 0.4389648 0.7431641
vn 0.5053711 0.4389648 0.7426758
vn 0.5053711 0.4389648 0.7426758
vn 0.5058594 0.4389648 0.7426758
vn -1.519918E-05 0.6640625 0.7475586
vn 9.775162E-06 0.6640625 0.7475586
vn 9.775162E-06 0.6640625 0.7475586
vn 3.474951E-05 0.6640625 0.7475586
vn -1.388788E-05 -1 0
vn -6.914139E-06 -1 -1.549721E-05
vn -6.914139E-06 -1 -1.549721E-05
vn 0 -1 -3.099442E-05
vn 0 -0.5463867 0.8374023
vn -1.782179E-05 -0.5463867 0.8374023
vn -1.782179E-05 -0.5463867 0.8374023
vn -3.570318E-05 -0.5463867 0.8374023
vn -1.943111E-05 1 5.477667E-05
vn 0 1 -8.642673E-06
vn 0 1 -8.642673E-06
vn 1.472235E-05 1 -7.212162E-05
vn 1.460314E-05 0.6640625 -0.7475586
vn 0 0.6640625 -0.7475586
vn 0 0.6640625 -0.7475586
vn -1.28746E-05 0.6640625 -0.7475586
vn 0 -0.5463867 -0.8374023
vn 1.376867E-05 -0.5463867 -0.8374023
vn 1.376867E-05 -0.5463867 -0.8374023
vn 3.504753E-05 -0.5463867 -0.8374023
vn -0.1866455 0.8662109 -0.4638672
vn -0.1794434 0.8540039 -0.4882813
vn -0.1794434 0.8540039 -0.4882813
vn -0.1721191 0.8413086 -0.512207
vn -0.5053711 0.4389648 -0.7431641
vn -0.5053711 0.4389648 -0.7426758
vn -0.5053711 0.4389648 -0.7426758
vn -0.5058594 0.4389648 -0.7426758
vn -0.473877 0.8803711 0
vn -0.473877 0.8803711 -6.556511E-06
vn -0.473877 0.8803711 -6.556511E-06
vn -0.473877 0.8803711 0
vn -0.5053711 0.4387207 0.7431641
vn -0.5053711 0.4389648 0.7426758
vn -0.5053711 0.4389648 0.7426758
vn -0.5058594 0.4389648 0.7426758
vn -0.1866455 0.8662109 0.4638672
vn -0.1794434 0.8540039 0.4882813
vn -0.1794434 0.8540039 0.4882813
vn -0.1721191 0.8413086 0.512207
vn -0.3557129 -0.03997803 0.9335938
vn -0.3566895 -0.0383606 0.9335938
vn -0.3566895 -0.0383606 0.9335938
vn -0.357666 -0.03674316 0.9331055
vn -0.357666 -0.03997803 -0.9331055
vn -0.3566895 -0.03839111 -0.9335938
vn -0.3566895 -0.03839111 -0.9335938
vn -0.3557129 -0.03677368 -0.934082
vn 0.3557129 -0.03677368 -0.934082
vn 0.3566895 -0.0383606 -0.9335938
vn 0.3566895 -0.0383606 -0.9335938
vn 0.357666 -0.03994751 -0.9331055
vn 0.473877 0.8803711 0
vn 0.473877 0.8803711 0
vn 0.473877 0.8803711 0
vn 0.473877 0.8803711 0
vn 0.357666 -0.0368042 0.9331055
vn 0.3566895 -0.03839111 0.9335938
vn 0.3566895 -0.03839111 0.9335938
vn 0.3557129 -0.04000854 0.9335938
vn 0.01140594 -1 0
vn 0.01140594 -1 0
vn 0 -1 0
vn 0 -1 0
vn -0.01140594 -1 0
vn -0.01140594 -1 0
vn -0.9995117 -0.02674866 0
vn -0.9995117 -0.02676392 -8.165836E-06
vn -0.9995117 -0.02676392 -8.165836E-06
vn -0.9995117 -0.02676392 -1.078844E-05
vn 0.9995117 -0.02674866 0
vn 0.9995117 -0.02674866 -6.556511E-06
vn 0.9995117 -0.02674866 -6.556511E-06
vn 0.9995117 -0.02674866 0
vn 0.1866455 0.8662109 -0.4638672
vn 0.1794434 0.8540039 -0.4882813
vn 0.1794434 0.8540039 -0.4882813
vn 0.1721191 0.8413086 -0.512207
vn -0.7558594 0.6547852 0
vn -0.7558594 0.6547852 -8.165836E-06
vn -0.7558594 0.6547852 -8.165836E-06
vn -0.7558594 0.6547852 0
vn 0.1866455 0.8662109 0.4638672
vn 0.1794434 0.8540039 0.4882813
vn 0.1794434 0.8540039 0.4882813
vn 0.1721191 0.8413086 0.512207
vn 0.7558594 0.6547852 0
vn 0.7558594 0.6547852 9.775162E-06
vn 0.7558594 0.6547852 9.775162E-06
vn 0.7558594 0.6542969 2.449751E-05
vn -0.9907227 0.137085 -1.066923E-05
vn -0.9926758 0.1205444 1.490116E-05
vn -0.9907227 0.137085 8.642673E-06
vn -0.9946289 0.1038818 0
vn -0.9975586 0.06878662 0.02261353
vn -0.9975586 0.05947876 -0.03396606
vn -1 0.0181427 0.01097107
vn -0.9990234 0.04562378 0.01698303
vn -0.9995117 0.01459503 -0.0168457
vn -1 0.008583069 -0.001742363
vn -1 0.008583069 0.004890442
vn -1 0.007602692 -0.003313065
vn -1 0.00958252 0.00229454
vn -1 0.01811218 -0.01096344
vn -0.9985352 0.05593872 -0.01270294
vn -0.9995117 0.01455688 0.01696777
vn 0.9907227 0.137207 3.20673E-05
vn 0.9926758 0.1206055 3.778934E-05
vn 0.9907227 0.137207 3.647804E-05
vn 0.9946289 0.1038818 5.90086E-05
vn 0.9975586 0.06884766 -0.02261353
vn 0.9975586 0.05960083 0.03396606
vn 1 0.01815796 -0.01097107
vn 0.9990234 0.04559326 -0.01696777
vn 0.9995117 0.01459503 0.01689148
vn 1 0.008651733 0.00176239
vn 1 0.008659363 -0.004886627
vn 1 0.007621765 0.003259659
vn 1 0.009559631 -0.002292633
vn 1 0.01815796 0.01100159
vn 0.9985352 0.05606079 0.01277161
vn 0.9995117 0.01460266 -0.01678467
vn 0.5053711 0.4389648 -0.7431641
vn 0.5053711 0.4389648 -0.7426758
vn 0.5053711 0.4389648 -0.7426758
vn 0.5058594 0.4389648 -0.7426758
vn 0.5053711 0.4389648 0.7431641
vn 0.5053711 0.4389648 0.7426758
vn 0.5053711 0.4389648 0.7426758
vn 0.5058594 0.4389648 0.7426758
vn 2.455711E-05 0.6640625 0.7475586
vn 0 0.6640625 0.7475586
vn 0 0.6640625 0.7475586
vn -2.503395E-05 0.6640625 0.7475586
vn 0 -1 0
vn -7.271767E-06 -1 1.621246E-05
vn -7.271767E-06 -1 1.621246E-05
vn -1.448393E-05 -1 3.242493E-05
vn -2.199411E-05 -0.5463867 0.8374023
vn 0 -0.5463867 0.8374023
vn 0 -0.5463867 0.8374023
vn 2.747774E-05 -0.5463867 0.8374023
vn 0 1 5.424023E-05
vn 0 1 5.424023E-05
vn 0 1 5.424023E-05
vn 0 1 5.424023E-05
vn 2.485514E-05 0.6640625 -0.7475586
vn 1.871586E-05 0.6640625 -0.7475586
vn 1.871586E-05 0.6640625 -0.7475586
vn 1.263618E-05 0.6640625 -0.7475586
vn 2.813339E-05 -0.5463867 -0.8374023
vn 2.795458E-05 -0.5463867 -0.8374023
vn 2.795458E-05 -0.5463867 -0.8374023
vn 2.783537E-05 -0.5463867 -0.8374023
vn -0.1865234 0.8662109 -0.4638672
vn -0.1794434 0.8540039 -0.4882813
vn -0.1794434 0.8540039 -0.4882813
vn -0.1721191 0.8413086 -0.512207
vn -0.5053711 0.4389648 -0.7431641
vn -0.5053711 0.4389648 -0.7426758
vn -0.5053711 0.4389648 -0.7426758
vn -0.5058594 0.4389648 -0.7426758
vn -0.473877 0.8803711 0
vn -0.473877 0.8803711 0
vn -0.473877 0.8803711 0
vn -0.473877 0.8803711 0
vn -0.5053711 0.4389648 0.7431641
vn -0.5053711 0.4389648 0.7426758
vn -0.5053711 0.4389648 0.7426758
vn -0.5058594 0.4389648 0.7426758
vn -0.1866455 0.8662109 0.4638672
vn -0.1794434 0.8540039 0.4882813
vn -0.1794434 0.8540039 0.4882813
vn -0.1721191 0.8413086 0.512207
vn -0.3557129 -0.04000854 0.9335938
vn -0.3566895 -0.03839111 0.9335938
vn -0.3566895 -0.03839111 0.9335938
vn -0.357666 -0.03677368 0.9331055
vn -0.357666 -0.03994751 -0.9331055
vn -0.3566895 -0.0383606 -0.9335938
vn -0.3566895 -0.0383606 -0.9335938
vn -0.3557129 -0.03677368 -0.934082
vn 0 1 0
vn 0 1 0
vn 0 1 0
vn 0 1 0
vn 0 1 0
vn 0 1 0
vn 0 1 0
vn 0 1 0
vn 0 1 0
vn 0 1 0
vn 0 1 0
vn 0 1 0
vn 0 1 0
vn 0 1 0
vn 0 1 0
vn 0 1 0
vn 0 1 0
vn 0 1 0
vn 0 1 0
vn 0 1 0
vn 0 1 0
vn 0 1 0
vn 0 1 0
vn 0 1 0
vn 0 1 0
vn 0 1 0
vn 0 1 0
vn 0 1 0
vn 0 1 0
vn 0 1 0
vn 0 1 0
vn 0 1 0
vn 0 1 0
vn 0 1 0
vn 0 1 0
vn 0 1 0
vn 0 1 0
vn 0 1 0
vn 0 1 0
vn 0 1 0
vn 0 1 0
vn 0 1 0
vn 0 1 0
vn 0 1 0
vn 0 1 0
vn 0 1 0
vn 0 1 0
vn 0 1 0
vn 0 1 0
vn 0 1 0
vn 0 1 0
vn 0 1 0
vn 0 1 0
vn 0 1 0
vn 0 1 0
vn 0 1 0
vn 0 1 0
vn 0 1 0
vn 0 1 0
vn 0 1 0
vn 0 1 0
vn 0 1 0
vn 0 1 0
vn 0 1 0
vn 0.004524231 -1 0.01475525
vn 0 -1 0.01346588
vn 0.008789063 -1 0.0134964
vn 0 -1 0.01038361
vn -0.008789063 -1 0.0134964
vn -0.004524231 -1 0.01475525
vn 0 -1 0.009552002
vn 0.0009303093 -1 0.005432129
vn 0 -1 6.657839E-05
vn -0.0009303093 -1 0.005432129
vn 0 -1 8.195639E-05
vn 0 -1 8.195639E-05
vn 0 -1 -0.0008912086
vn 0 -1 -0.0008912086
vn 0 -1 -0.0008912086
vn 0 -1 -0.0008916855
vn 0 -1 -0.0008916855
vn 0 -1 -0.0008916855
vn 0 1 0
vn -0.01192474 1 0.006484985
vn 0 1 0
vn 0 1 0
vn 0 1 0
vn 0.01192474 1 0.006484985
vn 0 1 0
vn 0 1 0
vn -0.02268982 0.9995117 0.004371643
vn -0.01846313 1 0.00680542
vn -0.01078796 1 0.007408142
vn -0.0173645 1 0.001355171
vn 0 1 0
vn -0.01823425 1 0.001149178
vn 0 1 0
vn 0 1 0
vn 0.01078796 1 0.007408142
vn 0.01846313 1 0.00680542
vn 0 1 0
vn 0 1 0
vn 0.02268982 0.9995117 0.004371643
vn 0.01823425 1 0.001149178
vn 0.0173645 1 0.001355171
vn 0 1 0
vn 0.02360535 0.9995117 3.296137E-05
vn 0.01361084 1 5.233288E-05
vn 0 1 0
vn 0.01850891 1 -0.003349304
vn 0 1 0
vn 0.01972961 1 -0.005344391
vn 0.02020264 0.9995117 -0.01026154
vn 0 1 0
vn 0.01033783 1 -0.007827759
vn 0 1 0
vn 0.02067566 0.9995117 -0.01154327
vn 0 1 0
vn 0 1 0
vn 0 1 0
vn -0.01033783 1 -0.007827759
vn 0 1 0
vn 0 1 0
vn 0 1 0
vn -0.02067566 0.9995117 -0.01154327
vn -0.02020264 0.9995117 -0.01026154
vn 0 1 0
vn -0.01972961 1 -0.005344391
vn -0.01850891 1 -0.003349304
vn 0 1 0
vn -0.02360535 0.9995117 3.296137E-05
vn -0.01361084 1 5.227327E-05
g SM_Prop_Rowboat_01_0
f 3/3/3 2/2/2 1/1/1
f 6/6/6 5/5/5 4/4/4
f 9/9/9 8/8/8 7/7/7
f 12/12/12 11/11/11 10/10/10
f 15/15/15 14/14/14 13/13/13
f 18/18/18 17/17/17 16/16/16
f 21/21/21 20/20/20 19/19/19
f 24/24/24 23/23/23 22/22/22
f 27/27/27 26/26/26 25/25/25
f 30/30/30 29/29/29 28/28/28
f 33/33/33 32/32/32 31/31/31
f 36/36/36 35/35/35 34/34/34
f 39/39/39 38/38/38 37/37/37
f 42/42/42 41/41/41 40/40/40
f 45/45/45 44/44/44 43/43/43
f 48/48/48 47/47/47 46/46/46
f 51/51/51 50/50/50 49/49/49
f 54/54/54 53/53/53 52/52/52
f 57/57/57 56/56/56 55/55/55
f 60/60/60 59/59/59 58/58/58
f 63/63/63 62/62/62 61/61/61
f 66/66/66 65/65/65 64/64/64
f 69/69/69 68/68/68 67/67/67
f 72/72/72 71/71/71 70/70/70
f 75/75/75 74/74/74 73/73/73
f 78/78/78 77/77/77 76/76/76
f 81/81/81 80/80/80 79/79/79
f 84/84/84 83/83/83 82/82/82
f 87/87/87 86/86/86 85/85/85
f 90/90/90 89/89/89 88/88/88
f 93/93/93 92/92/92 91/91/91
f 96/96/96 95/95/95 94/94/94
f 99/99/99 98/98/98 97/97/97
f 102/102/102 101/101/101 100/100/100
f 105/105/105 104/104/104 103/103/103
f 108/108/108 107/107/107 106/106/106
f 111/111/111 110/110/110 109/109/109
f 114/114/114 113/113/113 112/112/112
f 117/117/117 116/116/116 115/115/115
f 120/120/120 119/119/119 118/118/118
f 123/123/123 122/122/122 121/121/121
f 126/126/126 125/125/125 124/124/124
f 129/129/129 128/128/128 127/127/127
f 132/132/132 131/131/131 130/130/130
f 135/135/135 134/134/134 133/133/133
f 138/138/138 137/137/137 136/136/136
f 137/137/137 140/140/140 139/139/139
f 140/140/140 141/141/141 139/139/139
f 141/141/141 142/142/142 139/139/139
f 141/141/141 143/143/143 142/142/142
f 146/146/146 145/145/145 144/144/144
f 149/149/149 148/148/148 147/147/147
f 152/152/152 151/151/151 150/150/150
f 155/155/155 154/154/154 153/153/153
f 158/158/158 157/157/157 156/156/156
f 161/161/161 160/160/160 159/159/159
f 164/164/164 163/163/163 162/162/162
f 167/167/167 166/166/166 165/165/165
f 167/167/167 169/169/169 168/168/168
f 170/170/170 167/167/167 168/168/168
f 170/170/170 168/168/168 171/171/171
f 174/174/174 173/173/173 172/172/172
f 176/176/176 174/174/174 175/175/175
f 176/176/176 175/175/175 177/177/177
f 174/174/174 178/178/178 175/175/175
f 178/178/178 180/180/180 179/179/179
f 178/178/178 181/181/181 180/180/180
f 184/184/184 183/183/183 182/182/182
f 187/187/187 186/186/186 185/185/185
f 190/190/190 189/189/189 188/188/188
f 193/193/193 192/192/192 191/191/191
f 196/196/196 195/195/195 194/194/194
f 199/199/199 198/198/198 197/197/197
f 202/202/202 201/201/201 200/200/200
f 205/205/205 204/204/204 203/203/203
f 208/208/208 207/207/207 206/206/206
f 211/211/211 210/210/210 209/209/209
f 214/214/214 213/213/213 212/212/212
f 217/217/217 216/216/216 215/215/215
f 220/220/220 219/219/219 218/218/218
f 223/223/223 222/222/222 221/221/221
f 226/226/226 225/225/225 224/224/224
f 229/229/229 228/228/228 227/227/227
f 232/232/232 231/231/231 230/230/230
f 235/235/235 234/234/234 233/233/233
f 238/238/238 237/237/237 236/236/236
f 241/241/241 240/240/240 239/239/239
f 244/244/244 243/243/243 242/242/242
f 247/247/247 246/246/246 245/245/245
f 250/250/250 249/249/249 248/248/248
f 253/253/253 252/252/252 251/251/251
f 256/256/256 255/255/255 254/254/254
f 259/259/259 258/258/258 257/257/257
f 262/262/262 261/261/261 260/260/260
f 265/265/265 264/264/264 263/263/263
f 268/268/268 267/267/267 266/266/266
f 271/271/271 270/270/270 269/269/269
f 274/274/274 273/273/273 272/272/272
f 277/277/277 276/276/276 275/275/275
f 280/280/280 279/279/279 278/278/278
f 283/283/283 282/282/282 281/281/281
f 286/286/286 285/285/285 284/284/284
f 289/289/289 288/288/288 287/287/287
f 292/292/292 291/291/291 290/290/290
f 295/295/295 294/294/294 293/293/293
f 298/298/298 297/297/297 296/296/296
f 301/301/301 300/300/300 299/299/299
f 304/304/304 303/303/303 302/302/302
f 304/304/304 305/305/305 303/303/303
f 308/308/308 307/307/307 306/306/306
f 308/308/308 309/309/309 307/307/307
f 312/312/312 311/311/311 310/310/310
f 312/312/312 310/310/310 313/313/313
f 314/314/314 312/312/312 313/313/313
f 314/314/314 315/315/315 312/312/312
f 318/318/318 317/317/317 316/316/316
f 318/318/318 319/319/319 317/317/317
f 322/322/322 321/321/321 320/320/320
f 322/322/322 323/323/323 321/321/321
f 326/326/326 325/325/325 324/324/324
f 326/326/326 324/324/324 327/327/327
f 328/328/328 326/326/326 327/327/327
f 328/328/328 329/329/329 326/326/326
f 332/332/332 331/331/331 330/330/330
f 332/332/332 333/333/333 331/331/331
f 336/336/336 335/335/335 334/334/334
f 336/336/336 334/334/334 337/337/337
f 338/338/338 336/336/336 337/337/337
f 338/338/338 339/339/339 336/336/336
f 342/342/342 341/341/341 340/340/340
f 342/342/342 343/343/343 341/341/341
f 346/346/346 345/345/345 344/344/344
f 346/346/346 344/344/344 347/347/347
f 348/348/348 346/346/346 347/347/347
f 348/348/348 349/349/349 346/346/346
f 352/352/352 351/351/351 350/350/350
f 352/352/352 353/353/353 351/351/351
f 356/356/356 355/355/355 354/354/354
f 356/356/356 357/357/357 355/355/355
f 357/357/357 359/359/359 358/358/358
f 357/357/357 360/360/360 359/359/359
f 363/363/363 362/362/362 361/361/361
f 363/363/363 364/364/364 362/362/362
f 365/365/365 364/364/364 363/363/363
f 365/365/365 366/366/366 364/364/364
f 369/369/369 368/368/368 367/367/367
f 369/369/369 367/367/367 370/370/370
f 371/371/371 369/369/369 370/370/370
f 371/371/371 372/372/372 369/369/369
f 375/375/375 374/374/374 373/373/373
f 375/375/375 376/376/376 374/374/374
f 379/379/379 378/378/378 377/377/377
f 379/379/379 377/377/377 380/380/380
f 381/381/381 379/379/379 380/380/380
f 381/381/381 380/380/380 382/382/382
f 385/385/385 384/384/384 383/383/383
f 386/386/386 384/384/384 385/385/385
f 387/387/387 384/384/384 386/386/386
f 388/388/388 387/387/387 386/386/386
f 391/391/391 390/390/390 389/389/389
f 390/390/390 392/392/392 389/389/389
f 390/390/390 393/393/393 392/392/392
f 393/393/393 394/394/394 392/392/392
f 393/393/393 395/395/395 394/394/394
f 395/395/395 396/396/396 394/394/394
f 395/395/395 397/397/397 396/396/396
f 397/397/397 398/398/398 396/396/396
f 401/401/401 400/400/400 399/399/399
f 401/401/401 402/402/402 400/400/400
f 405/405/405 404/404/404 403/403/403
f 405/405/405 406/406/406 404/404/404
f 409/409/409 408/408/408 407/407/407
f 409/409/409 410/410/410 408/408/408
f 413/413/413 412/412/412 411/411/411
f 411/411/411 412/412/412 414/414/414
f 417/417/417 416/416/416 415/415/415
f 417/417/417 418/418/418 416/416/416
f 421/421/421 420/420/420 419/419/419
f 421/421/421 422/422/422 420/420/420
f 425/425/425 424/424/424 423/423/423
f 425/425/425 426/426/426 424/424/424
f 429/429/429 428/428/428 427/427/427
f 429/429/429 430/430/430 428/428/428
f 433/433/433 432/432/432 431/431/431
f 434/434/434 433/433/433 431/431/431
f 437/437/437 436/436/436 435/435/435
f 437/437/437 438/438/438 436/436/436
f 439/439/439 438/438/438 437/437/437
f 442/442/442 441/441/441 440/440/440
f 442/442/442 443/443/443 441/441/441
f 446/446/446 445/445/445 444/444/444
f 446/446/446 447/447/447 445/445/445
f 450/450/450 449/449/449 448/448/448
f 450/450/450 451/451/451 449/449/449
f 454/454/454 453/453/453 452/452/452
f 454/454/454 455/455/455 453/453/453
f 456/456/456 455/455/455 454/454/454
f 457/457/457 455/455/455 456/456/456
f 458/458/458 455/455/455 457/457/457
f 461/461/461 460/460/460 459/459/459
f 459/459/459 460/460/460 462/462/462
f 459/459/459 462/462/462 463/463/463
f 463/463/463 462/462/462 464/464/464
f 463/463/463 464/464/464 465/465/465
f 465/465/465 464/464/464 466/466/466
f 465/465/465 466/466/466 467/467/467
f 470/470/470 469/469/469 468/468/468
f 470/470/470 471/471/471 469/469/469
f 474/474/474 473/473/473 472/472/472
f 474/474/474 475/475/475 473/473/473
f 478/478/478 477/477/477 476/476/476
f 478/478/478 479/479/479 477/477/477
f 482/482/482 481/481/481 480/480/480
f 482/482/482 483/483/483 481/481/481
f 481/481/481 483/483/483 484/484/484
f 487/487/487 486/486/486 485/485/485
f 488/488/488 487/487/487 485/485/485
f 488/488/488 489/489/489 487/487/487
f 490/490/490 489/489/489 488/488/488
f 490/490/490 491/491/491 489/489/489
f 492/492/492 491/491/491 490/490/490
f 492/492/492 493/493/493 491/491/491
f 494/494/494 493/493/493 492/492/492
f 494/494/494 495/495/495 493/493/493
f 496/496/496 495/495/495 494/494/494
f 496/496/496 497/497/497 495/495/495
f 498/498/498 497/497/497 496/496/496
f 498/498/498 499/499/499 497/497/497
f 502/502/502 501/501/501 500/500/500
f 502/502/502 503/503/503 501/501/501
f 506/506/506 505/505/505 504/504/504
f 506/506/506 507/507/507 505/505/505
f 510/510/510 509/509/509 508/508/508
f 510/510/510 508/508/508 511/511/511
f 508/508/508 512/512/512 511/511/511
f 508/508/508 513/513/513 512/512/512
f 516/516/516 515/515/515 514/514/514
f 516/516/516 517/517/517 515/515/515
f 520/520/520 519/519/519 518/518/518
f 520/520/520 521/521/521 519/519/519
f 521/521/521 522/522/522 519/519/519
f 521/521/521 523/523/523 522/522/522
f 526/526/526 525/525/525 524/524/524
f 526/526/526 527/527/527 525/525/525
f 527/527/527 528/528/528 525/525/525
f 527/527/527 529/529/529 528/528/528
f 529/529/529 530/530/530 528/528/528
f 529/529/529 531/531/531 530/530/530
f 534/534/534 533/533/533 532/532/532
f 534/534/534 535/535/535 533/533/533
f 536/536/536 535/535/535 534/534/534
f 536/536/536 537/537/537 535/535/535
f 540/540/540 539/539/539 538/538/538
f 540/540/540 541/541/541 539/539/539
f 542/542/542 541/541/541 540/540/540
f 542/542/542 543/543/543 541/541/541
f 546/546/546 545/545/545 544/544/544
f 546/546/546 547/547/547 545/545/545
f 548/548/548 547/547/547 546/546/546
f 548/548/548 549/549/549 547/547/547
f 552/552/552 551/551/551 550/550/550
f 552/552/552 553/553/553 551/551/551
f 554/554/554 553/553/553 552/552/552
f 554/554/554 555/555/555 553/553/553
f 558/558/558 557/557/557 556/556/556
f 559/559/559 557/557/557 558/558/558
f 559/559/559 560/560/560 557/557/557
f 561/561/561 560/560/560 559/559/559
f 564/564/564 563/563/563 562/562/562
f 564/564/564 565/565/565 563/563/563
f 568/568/568 567/567/567 566/566/566
f 568/568/568 566/566/566 569/569/569
f 570/570/570 569/569/569 566/566/566
f 570/570/570 566/566/566 571/571/571
f 574/574/574 573/573/573 572/572/572
f 574/574/574 575/575/575 573/573/573
f 576/576/576 575/575/575 574/574/574
f 577/577/577 575/575/575 576/576/576
f 578/578/578 575/575/575 577/577/577
f 578/578/578 579/579/579 575/575/575
f 578/578/578 580/580/580 579/579/579
f 583/583/583 582/582/582 581/581/581
f 583/583/583 584/584/584 582/582/582
f 587/587/587 586/586/586 585/585/585
f 587/587/587 588/588/588 586/586/586
f 591/591/591 590/590/590 589/589/589
f 591/591/591 592/592/592 590/590/590
f 595/595/595 594/594/594 593/593/593
f 595/595/595 596/596/596 594/594/594
f 595/595/595 597/597/597 596/596/596
f 595/595/595 598/598/598 597/597/597
f 601/601/601 600/600/600 599/599/599
f 601/601/601 602/602/602 600/600/600
f 605/605/605 604/604/604 603/603/603
f 605/605/605 606/606/606 604/604/604
f 609/609/609 608/608/608 607/607/607
f 609/609/609 610/610/610 608/608/608
f 613/613/613 612/612/612 611/611/611
f 613/613/613 614/614/614 612/612/612
f 613/613/613 615/615/615 614/614/614
f 613/613/613 616/616/616 615/615/615
f 619/619/619 618/618/618 617/617/617
f 619/619/619 620/620/620 618/618/618
f 623/623/623 622/622/622 621/621/621
f 623/623/623 624/624/624 622/622/622
f 627/627/627 626/626/626 625/625/625
f 627/627/627 628/628/628 626/626/626
f 627/627/627 629/629/629 628/628/628
f 627/627/627 630/630/630 629/629/629
f 633/633/633 632/632/632 631/631/631
f 633/633/633 634/634/634 632/632/632
f 637/637/637 636/636/636 635/635/635
f 637/637/637 638/638/638 636/636/636
f 641/641/641 640/640/640 639/639/639
f 641/641/641 642/642/642 640/640/640
f 645/645/645 644/644/644 643/643/643
f 645/645/645 646/646/646 644/644/644
f 649/649/649 648/648/648 647/647/647
f 649/649/649 650/650/650 648/648/648
f 653/653/653 652/652/652 651/651/651
f 653/653/653 654/654/654 652/652/652
f 657/657/657 656/656/656 655/655/655
f 658/658/658 656/656/656 657/657/657
f 659/659/659 656/656/656 658/658/658
f 662/662/662 661/661/661 660/660/660
f 662/662/662 663/663/663 661/661/661
f 666/666/666 665/665/665 664/664/664
f 666/666/666 667/667/667 665/665/665
f 670/670/670 669/669/669 668/668/668
f 670/670/670 671/671/671 669/669/669
f 674/674/674 673/673/673 672/672/672
f 674/674/674 675/675/675 673/673/673
f 678/678/678 677/677/677 676/676/676
f 678/678/678 679/679/679 677/677/677
f 682/682/682 681/681/681 680/680/680
f 682/682/682 683/683/683 681/681/681
f 686/686/686 685/685/685 684/684/684
f 686/686/686 687/687/687 685/685/685
f 690/690/690 689/689/689 688/688/688
f 690/690/690 688/688/688 691/691/691
f 690/690/690 691/691/691 692/692/692
f 690/690/690 692/692/692 693/693/693
f 696/696/696 695/695/695 694/694/694
f 696/696/696 694/694/694 697/697/697
f 697/697/697 694/694/694 698/698/698
f 697/697/697 698/698/698 699/699/699
f 702/702/702 701/701/701 700/700/700
f 702/702/702 700/700/700 703/703/703
f 703/703/703 700/700/700 704/704/704
f 703/703/703 704/704/704 705/705/705
f 708/708/708 707/707/707 706/706/706
f 708/708/708 709/709/709 707/707/707
f 709/709/709 710/710/710 707/707/707
f 709/709/709 711/711/711 710/710/710
f 714/714/714 713/713/713 712/712/712
f 714/714/714 715/715/715 713/713/713
f 715/715/715 716/716/716 713/713/713
f 715/715/715 717/717/717 716/716/716
f 720/720/720 719/719/719 718/718/718
f 720/720/720 721/721/721 719/719/719
f 724/724/724 723/723/723 722/722/722
f 724/724/724 725/725/725 723/723/723
f 728/728/728 727/727/727 726/726/726
f 728/728/728 729/729/729 727/727/727
f 732/732/732 731/731/731 730/730/730
f 732/732/732 733/733/733 731/731/731
f 734/734/734 733/733/733 732/732/732
f 734/734/734 732/732/732 735/735/735
f 738/738/738 737/737/737 736/736/736
f 738/738/738 736/736/736 739/739/739
f 740/740/740 739/739/739 736/736/736
f 740/740/740 741/741/741 739/739/739
f 742/742/742 741/741/741 740/740/740
f 742/742/742 743/743/743 741/741/741
f 746/746/746 745/745/745 744/744/744
f 746/746/746 747/747/747 745/745/745
f 746/746/746 748/748/748 747/747/747
f 746/746/746 749/749/749 748/748/748
f 750/750/750 748/748/748 749/749/749
f 750/750/750 749/749/749 751/751/751
f 751/751/751 752/752/752 750/750/750
f 751/751/751 753/753/753 752/752/752
f 754/754/754 753/753/753 751/751/751
f 754/754/754 755/755/755 753/753/753
f 756/756/756 755/755/755 754/754/754
f 757/757/757 756/756/756 754/754/754
f 757/757/757 754/754/754 758/758/758
f 759/759/759 757/757/757 758/758/758
f 759/759/759 758/758/758 760/760/760
f 763/763/763 762/762/762 761/761/761
f 763/763/763 764/764/764 762/762/762
f 767/767/767 766/766/766 765/765/765
f 767/767/767 768/768/768 766/766/766
f 769/769/769 768/768/768 767/767/767
f 769/769/769 767/767/767 770/770/770
f 771/771/771 769/769/769 770/770/770
f 771/771/771 772/772/772 769/769/769
f 775/775/775 774/774/774 773/773/773
f 775/775/775 776/776/776 774/774/774
f 779/779/779 778/778/778 777/777/777
f 779/779/779 780/780/780 778/778/778
f 783/783/783 782/782/782 781/781/781
f 783/783/783 784/784/784 782/782/782
f 787/787/787 786/786/786 785/785/785
f 787/787/787 788/788/788 786/786/786
f 791/791/791 790/790/790 789/789/789
f 791/791/791 792/792/792 790/790/790
f 795/795/795 794/794/794 793/793/793
f 795/795/795 796/796/796 794/794/794
f 799/799/799 798/798/798 797/797/797
f 799/799/799 800/800/800 798/798/798
f 803/803/803 802/802/802 801/801/801
f 803/803/803 804/804/804 802/802/802
f 807/807/807 806/806/806 805/805/805
f 807/807/807 808/808/808 806/806/806
f 811/811/811 810/810/810 809/809/809
f 811/811/811 812/812/812 810/810/810
f 815/815/815 814/814/814 813/813/813
f 815/815/815 813/813/813 816/816/816
f 813/813/813 817/817/817 816/816/816
f 813/813/813 818/818/818 817/817/817
f 818/818/818 813/813/813 819/819/819
f 818/818/818 819/819/819 820/820/820
f 818/818/818 821/821/821 817/817/817
f 818/818/818 820/820/820 822/822/822
f 822/822/822 821/821/821 818/818/818
f 822/822/822 823/823/823 821/821/821
f 826/826/826 825/825/825 824/824/824
f 826/826/826 827/827/827 825/825/825
f 830/830/830 829/829/829 828/828/828
f 830/830/830 831/831/831 829/829/829
f 834/834/834 833/833/833 832/832/832
f 834/834/834 832/832/832 835/835/835
f 835/835/835 832/832/832 836/836/836
f 835/835/835 836/836/836 837/837/837
f 835/835/835 837/837/837 838/838/838
f 837/837/837 839/839/839 838/838/838
f 842/842/842 841/841/841 840/840/840
f 842/842/842 843/843/843 841/841/841
f 846/846/846 845/845/845 844/844/844
f 846/846/846 847/847/847 845/845/845
f 850/850/850 849/849/849 848/848/848
f 850/850/850 851/851/851 849/849/849
f 854/854/854 853/853/853 852/852/852
f 854/854/854 855/855/855 853/853/853
f 858/858/858 857/857/857 856/856/856
f 858/858/858 859/859/859 857/857/857
f 862/862/862 861/861/861 860/860/860
f 862/862/862 860/860/860 863/863/863
f 864/864/864 862/862/862 863/863/863
f 864/864/864 865/865/865 862/862/862
f 868/868/868 867/867/867 866/866/866
f 869/869/869 867/867/867 868/868/868
f 869/869/869 870/870/870 867/867/867
f 871/871/871 869/869/869 868/868/868
f 872/872/872 871/871/871 868/868/868
f 871/871/871 873/873/873 869/869/869
f 876/876/876 875/875/875 874/874/874
f 876/876/876 877/877/877 875/875/875
f 876/876/876 878/878/878 877/877/877
f 876/876/876 879/879/879 878/878/878
f 882/882/882 881/881/881 880/880/880
f 882/882/882 883/883/883 881/881/881
f 884/884/884 883/883/883 882/882/882
f 884/884/884 882/882/882 885/885/885
f 886/886/886 884/884/884 885/885/885
f 886/886/886 887/887/887 884/884/884
f 890/890/890 889/889/889 888/888/888
f 888/888/888 891/891/891 890/890/890
f 894/894/894 893/893/893 892/892/892
f 894/894/894 895/895/895 893/893/893
f 894/894/894 896/896/896 895/895/895
f 894/894/894 897/897/897 896/896/896
f 900/900/900 899/899/899 898/898/898
f 900/900/900 901/901/901 899/899/899
f 904/904/904 903/903/903 902/902/902
f 904/904/904 902/902/902 905/905/905
f 905/905/905 906/906/906 904/904/904
f 905/905/905 907/907/907 906/906/906
f 907/907/907 908/908/908 906/906/906
f 907/907/907 909/909/909 908/908/908
f 912/912/912 911/911/911 910/910/910
f 912/912/912 913/913/913 911/911/911
f 912/912/912 914/914/914 913/913/913
f 912/912/912 915/915/915 914/914/914
f 918/918/918 917/917/917 916/916/916
f 918/918/918 919/919/919 917/917/917
f 920/920/920 919/919/919 918/918/918
f 920/920/920 921/921/921 919/919/919
f 922/922/922 921/921/921 920/920/920
f 922/922/922 923/923/923 921/921/921
f 926/926/926 925/925/925 924/924/924
f 927/927/927 924/924/924 925/925/925
f 927/927/927 928/928/928 924/924/924
f 931/931/931 930/930/930 929/929/929
f 931/931/931 932/932/932 930/930/930
f 935/935/935 934/934/934 933/933/933
f 935/935/935 936/936/936 934/934/934
f 939/939/939 938/938/938 937/937/937
f 939/939/939 940/940/940 938/938/938
f 943/943/943 942/942/942 941/941/941
f 943/943/943 944/944/944 942/942/942
f 947/947/947 946/946/946 945/945/945
f 947/947/947 948/948/948 946/946/946
f 951/951/951 950/950/950 949/949/949
f 951/951/951 952/952/952 950/950/950
f 955/955/955 954/954/954 953/953/953
f 955/955/955 956/956/956 954/954/954
f 959/959/959 958/958/958 957/957/957
f 959/959/959 960/960/960 958/958/958
f 959/959/959 961/961/961 960/960/960
f 959/959/959 962/962/962 961/961/961
f 965/965/965 964/964/964 963/963/963
f 965/965/965 966/966/966 964/964/964
f 969/969/969 968/968/968 967/967/967
f 969/969/969 970/970/970 968/968/968
f 973/973/973 972/972/972 971/971/971
f 973/973/973 974/974/974 972/972/972
f 977/977/977 976/976/976 975/975/975
f 977/977/977 978/978/978 976/976/976
f 981/981/981 980/980/980 979/979/979
f 981/981/981 982/982/982 980/980/980
f 985/985/985 984/984/984 983/983/983
f 985/985/985 986/986/986 984/984/984
f 989/989/989 988/988/988 987/987/987
f 989/989/989 990/990/990 988/988/988
f 990/990/990 991/991/991 988/988/988
f 990/990/990 992/992/992 991/991/991
f 994/994/994 991/991/991 993/993/993
f 994/994/994 993/993/993 995/995/995
f 993/993/993 996/996/996 995/995/995
f 993/993/993 997/997/997 996/996/996
f 996/996/996 997/997/997 998/998/998
f 996/996/996 998/998/998 999/999/999
f 999/999/999 998/998/998 1000/1000/1000
f 1000/1000/1000 992/992/992 1001/1001/1001
f 999/999/999 1000/1000/1000 1002/1002/1002
f 1000/1000/1000 1001/1001/1001 1002/1002/1002
f 1005/1005/1005 1004/1004/1004 1003/1003/1003
f 1005/1005/1005 1006/1006/1006 1004/1004/1004
f 1006/1006/1006 1007/1007/1007 1004/1004/1004
f 1006/1006/1006 1008/1008/1008 1007/1007/1007
f 1010/1010/1010 1007/1007/1007 1009/1009/1009
f 1010/1010/1010 1009/1009/1009 1011/1011/1011
f 1009/1009/1009 1012/1012/1012 1011/1011/1011
f 1009/1009/1009 1013/1013/1013 1012/1012/1012
f 1012/1012/1012 1013/1013/1013 1014/1014/1014
f 1012/1012/1012 1014/1014/1014 1015/1015/1015
f 1015/1015/1015 1014/1014/1014 1016/1016/1016
f 1016/1016/1016 1008/1008/1008 1017/1017/1017
f 1015/1015/1015 1016/1016/1016 1018/1018/1018
f 1016/1016/1016 1017/1017/1017 1018/1018/1018
f 1021/1021/1021 1020/1020/1020 1019/1019/1019
f 1021/1021/1021 1022/1022/1022 1020/1020/1020
f 1025/1025/1025 1024/1024/1024 1023/1023/1023
f 1025/1025/1025 1026/1026/1026 1024/1024/1024
f 1029/1029/1029 1028/1028/1028 1027/1027/1027
f 1029/1029/1029 1030/1030/1030 1028/1028/1028
f 1033/1033/1033 1032/1032/1032 1031/1031/1031
f 1033/1033/1033 1034/1034/1034 1032/1032/1032
f 1037/1037/1037 1036/1036/1036 1035/1035/1035
f 1037/1037/1037 1038/1038/1038 1036/1036/1036
f 1041/1041/1041 1040/1040/1040 1039/1039/1039
f 1041/1041/1041 1042/1042/1042 1040/1040/1040
f 1045/1045/1045 1044/1044/1044 1043/1043/1043
f 1045/1045/1045 1046/1046/1046 1044/1044/1044
f 1049/1049/1049 1048/1048/1048 1047/1047/1047
f 1049/1049/1049 1050/1050/1050 1048/1048/1048
f 1053/1053/1053 1052/1052/1052 1051/1051/1051
f 1053/1053/1053 1054/1054/1054 1052/1052/1052
f 1057/1057/1057 1056/1056/1056 1055/1055/1055
f 1057/1057/1057 1058/1058/1058 1056/1056/1056
f 1061/1061/1061 1060/1060/1060 1059/1059/1059
f 1061/1061/1061 1062/1062/1062 1060/1060/1060
f 1065/1065/1065 1064/1064/1064 1063/1063/1063
f 1065/1065/1065 1066/1066/1066 1064/1064/1064
f 1069/1069/1069 1068/1068/1068 1067/1067/1067
f 1069/1069/1069 1070/1070/1070 1068/1068/1068
f 1073/1073/1073 1072/1072/1072 1071/1071/1071
f 1073/1073/1073 1074/1074/1074 1072/1072/1072
f 1077/1077/1077 1076/1076/1076 1075/1075/1075
f 1077/1077/1077 1078/1078/1078 1076/1076/1076
f 1081/1081/1081 1080/1080/1080 1079/1079/1079
f 1081/1081/1081 1082/1082/1082 1080/1080/1080
f 1085/1085/1085 1084/1084/1084 1083/1083/1083
f 1085/1085/1085 1086/1086/1086 1084/1084/1084
f 1089/1089/1089 1088/1088/1088 1087/1087/1087
f 1089/1089/1089 1090/1090/1090 1088/1088/1088
f 1093/1093/1093 1092/1092/1092 1091/1091/1091
f 1093/1093/1093 1094/1094/1094 1092/1092/1092
f 1093/1093/1093 1095/1095/1095 1094/1094/1094
f 1093/1093/1093 1096/1096/1096 1095/1095/1095
f 1099/1099/1099 1098/1098/1098 1097/1097/1097
f 1099/1099/1099 1100/1100/1100 1098/1098/1098
f 1103/1103/1103 1102/1102/1102 1101/1101/1101
f 1103/1103/1103 1104/1104/1104 1102/1102/1102
f 1107/1107/1107 1106/1106/1106 1105/1105/1105
f 1107/1107/1107 1108/1108/1108 1106/1106/1106
f 1111/1111/1111 1110/1110/1110 1109/1109/1109
f 1111/1111/1111 1112/1112/1112 1110/1110/1110
f 1115/1115/1115 1114/1114/1114 1113/1113/1113
f 1115/1115/1115 1116/1116/1116 1114/1114/1114
f 1119/1119/1119 1118/1118/1118 1117/1117/1117
f 1119/1119/1119 1120/1120/1120 1118/1118/1118
f 1123/1123/1123 1122/1122/1122 1121/1121/1121
f 1123/1123/1123 1124/1124/1124 1122/1122/1122
f 1124/1124/1124 1125/1125/1125 1122/1122/1122
f 1124/1124/1124 1126/1126/1126 1125/1125/1125
f 1128/1128/1128 1125/1125/1125 1127/1127/1127
f 1128/1128/1128 1127/1127/1127 1129/1129/1129
f 1127/1127/1127 1130/1130/1130 1129/1129/1129
f 1127/1127/1127 1131/1131/1131 1130/1130/1130
f 1130/1130/1130 1131/1131/1131 1132/1132/1132
f 1130/1130/1130 1132/1132/1132 1133/1133/1133
f 1133/1133/1133 1132/1132/1132 1134/1134/1134
f 1134/1134/1134 1126/1126/1126 1135/1135/1135
f 1133/1133/1133 1134/1134/1134 1136/1136/1136
f 1134/1134/1134 1135/1135/1135 1136/1136/1136
f 1139/1139/1139 1138/1138/1138 1137/1137/1137
f 1139/1139/1139 1140/1140/1140 1138/1138/1138
f 1140/1140/1140 1141/1141/1141 1138/1138/1138
f 1140/1140/1140 1142/1142/1142 1141/1141/1141
f 1144/1144/1144 1141/1141/1141 1143/1143/1143
f 1144/1144/1144 1143/1143/1143 1145/1145/1145
f 1143/1143/1143 1146/1146/1146 1145/1145/1145
f 1143/1143/1143 1147/1147/1147 1146/1146/1146
f 1146/1146/1146 1147/1147/1147 1148/1148/1148
f 1146/1146/1146 1148/1148/1148 1149/1149/1149
f 1149/1149/1149 1148/1148/1148 1150/1150/1150
f 1150/1150/1150 1142/1142/1142 1151/1151/1151
f 1149/1149/1149 1150/1150/1150 1152/1152/1152
f 1150/1150/1150 1151/1151/1151 1152/1152/1152
f 1155/1155/1155 1154/1154/1154 1153/1153/1153
f 1155/1155/1155 1156/1156/1156 1154/1154/1154
f 1159/1159/1159 1158/1158/1158 1157/1157/1157
f 1159/1159/1159 1160/1160/1160 1158/1158/1158
f 1163/1163/1163 1162/1162/1162 1161/1161/1161
f 1163/1163/1163 1164/1164/1164 1162/1162/1162
f 1167/1167/1167 1166/1166/1166 1165/1165/1165
f 1167/1167/1167 1168/1168/1168 1166/1166/1166
f 1171/1171/1171 1170/1170/1170 1169/1169/1169
f 1171/1171/1171 1172/1172/1172 1170/1170/1170
f 1175/1175/1175 1174/1174/1174 1173/1173/1173
f 1175/1175/1175 1176/1176/1176 1174/1174/1174
f 1179/1179/1179 1178/1178/1178 1177/1177/1177
f 1179/1179/1179 1180/1180/1180 1178/1178/1178
f 1183/1183/1183 1182/1182/1182 1181/1181/1181
f 1183/1183/1183 1184/1184/1184 1182/1182/1182
f 1187/1187/1187 1186/1186/1186 1185/1185/1185
f 1187/1187/1187 1188/1188/1188 1186/1186/1186
f 1191/1191/1191 1190/1190/1190 1189/1189/1189
f 1191/1191/1191 1192/1192/1192 1190/1190/1190
f 1195/1195/1195 1194/1194/1194 1193/1193/1193
f 1195/1195/1195 1196/1196/1196 1194/1194/1194
f 1199/1199/1199 1198/1198/1198 1197/1197/1197
f 1199/1199/1199 1200/1200/1200 1198/1198/1198
f 1203/1203/1203 1202/1202/1202 1201/1201/1201
f 1203/1203/1203 1204/1204/1204 1202/1202/1202
f 1207/1207/1207 1206/1206/1206 1205/1205/1205
f 1207/1207/1207 1208/1208/1208 1206/1206/1206
f 1211/1211/1211 1210/1210/1210 1209/1209/1209
f 1211/1211/1211 1212/1212/1212 1210/1210/1210
f 1215/1215/1215 1214/1214/1214 1213/1213/1213
f 1215/1215/1215 1216/1216/1216 1214/1214/1214
f 1215/1215/1215 1213/1213/1213 1217/1217/1217
f 1215/1215/1215 1218/1218/1218 1216/1216/1216
f 1218/1218/1218 1219/1219/1219 1216/1216/1216
f 1218/1218/1218 1220/1220/1220 1219/1219/1219
f 1220/1220/1220 1221/1221/1221 1219/1219/1219
f 1220/1220/1220 1222/1222/1222 1221/1221/1221
f 1222/1222/1222 1223/1223/1223 1221/1221/1221
f 1222/1222/1222 1224/1224/1224 1223/1223/1223
f 1224/1224/1224 1225/1225/1225 1223/1223/1223
f 1224/1224/1224 1226/1226/1226 1225/1225/1225
f 1227/1227/1227 1217/1217/1217 1213/1213/1213
f 1227/1227/1227 1213/1213/1213 1228/1228/1228
f 1226/1226/1226 1229/1229/1229 1225/1225/1225
f 1226/1226/1226 1230/1230/1230 1229/1229/1229
f 1231/1231/1231 1229/1229/1229 1230/1230/1230
f 1231/1231/1231 1232/1232/1232 1229/1229/1229
f 1233/1233/1233 1232/1232/1232 1231/1231/1231
f 1233/1233/1233 1234/1234/1234 1232/1232/1232
f 1235/1235/1235 1234/1234/1234 1233/1233/1233
f 1235/1235/1235 1236/1236/1236 1234/1234/1234
f 1237/1237/1237 1236/1236/1236 1235/1235/1235
f 1237/1237/1237 1238/1238/1238 1236/1236/1236
f 1239/1239/1239 1238/1238/1238 1237/1237/1237
f 1239/1239/1239 1240/1240/1240 1238/1238/1238
f 1241/1241/1241 1240/1240/1240 1239/1239/1239
f 1241/1241/1241 1242/1242/1242 1240/1240/1240
f 1241/1241/1241 1243/1243/1243 1242/1242/1242
f 1241/1241/1241 1244/1244/1244 1243/1243/1243
f 1227/1227/1227 1243/1243/1243 1244/1244/1244
f 1227/1227/1227 1228/1228/1228 1243/1243/1243
f 1247/1247/1247 1246/1246/1246 1245/1245/1245
f 1247/1247/1247 1248/1248/1248 1246/1246/1246
f 1247/1247/1247 1245/1245/1245 1249/1249/1249
f 1247/1247/1247 1250/1250/1250 1248/1248/1248
f 1250/1250/1250 1251/1251/1251 1248/1248/1248
f 1250/1250/1250 1252/1252/1252 1251/1251/1251
f 1252/1252/1252 1253/1253/1253 1251/1251/1251
f 1252/1252/1252 1254/1254/1254 1253/1253/1253
f 1254/1254/1254 1255/1255/1255 1253/1253/1253
f 1254/1254/1254 1256/1256/1256 1255/1255/1255
f 1256/1256/1256 1257/1257/1257 1255/1255/1255
f 1256/1256/1256 1258/1258/1258 1257/1257/1257
f 1259/1259/1259 1249/1249/1249 1245/1245/1245
f 1259/1259/1259 1245/1245/1245 1260/1260/1260
f 1258/1258/1258 1261/1261/1261 1257/1257/1257
f 1258/1258/1258 1262/1262/1262 1261/1261/1261
f 1263/1263/1263 1261/1261/1261 1262/1262/1262
f 1263/1263/1263 1264/1264/1264 1261/1261/1261
f 1265/1265/1265 1264/1264/1264 1263/1263/1263
f 1265/1265/1265 1266/1266/1266 1264/1264/1264
f 1267/1267/1267 1266/1266/1266 1265/1265/1265
f 1267/1267/1267 1268/1268/1268 1266/1266/1266
f 1269/1269/1269 1268/1268/1268 1267/1267/1267
f 1269/1269/1269 1270/1270/1270 1268/1268/1268
f 1271/1271/1271 1270/1270/1270 1269/1269/1269
f 1271/1271/1271 1272/1272/1272 1270/1270/1270
f 1273/1273/1273 1272/1272/1272 1271/1271/1271
f 1273/1273/1273 1274/1274/1274 1272/1272/1272
f 1273/1273/1273 1275/1275/1275 1274/1274/1274
f 1273/1273/1273 1276/1276/1276 1275/1275/1275
f 1259/1259/1259 1275/1275/1275 1276/1276/1276
f 1259/1259/1259 1260/1260/1260 1275/1275/1275
f 1279/1279/1279 1278/1278/1278 1277/1277/1277
f 1279/1279/1279 1280/1280/1280 1278/1278/1278
f 1281/1281/1281 1278/1278/1278 1280/1280/1280
f 1281/1281/1281 1282/1282/1282 1278/1278/1278
f 1283/1283/1283 1277/1277/1277 1278/1278/1278
f 1283/1283/1283 1278/1278/1278 1282/1282/1282
f 1283/1283/1283 1284/1284/1284 1277/1277/1277
f 1284/1284/1284 1283/1283/1283 1285/1285/1285
f 1283/1283/1283 1282/1282/1282 1286/1286/1286
f 1286/1286/1286 1285/1285/1285 1283/1283/1283
f 1284/1284/1284 1285/1285/1285 1287/1287/1287
f 1286/1286/1286 1288/1288/1288 1285/1285/1285
f 1289/1289/1289 1287/1287/1287 1285/1285/1285
f 1290/1290/1290 1285/1285/1285 1288/1288/1288
f 1289/1289/1289 1285/1285/1285 1291/1291/1291
f 1290/1290/1290 1291/1291/1291 1285/1285/1285
f 1292/1292/1292 1289/1289/1289 1291/1291/1291
f 1293/1293/1293 1291/1291/1291 1290/1290/1290
f 1292/1292/1292 1291/1291/1291 1294/1294/1294
f 1293/1293/1293 1294/1294/1294 1291/1291/1291
f 1297/1297/1297 1296/1296/1296 1295/1295/1295
f 1298/1298/1298 1295/1295/1295 1296/1296/1296
f 1297/1297/1297 1299/1299/1299 1296/1296/1296
f 1297/1297/1297 1300/1300/1300 1299/1299/1299
f 1297/1297/1297 1301/1301/1301 1300/1300/1300
f 1302/1302/1302 1300/1300/1300 1301/1301/1301
f 1298/1298/1298 1296/1296/1296 1303/1303/1303
f 1296/1296/1296 1304/1304/1304 1303/1303/1303
f 1296/1296/1296 1305/1305/1305 1304/1304/1304
f 1298/1298/1298 1303/1303/1303 1306/1306/1306
f 1298/1298/1298 1306/1306/1306 1307/1307/1307
f 1303/1303/1303 1304/1304/1304 1308/1308/1308
f 1303/1303/1303 1308/1308/1308 1306/1306/1306
f 1305/1305/1305 1309/1309/1309 1304/1304/1304
f 1305/1305/1305 1310/1310/1310 1309/1309/1309
f 1309/1309/1309 1310/1310/1310 1311/1311/1311
f 1300/1300/1300 1312/1312/1312 1311/1311/1311
f 1309/1309/1309 1311/1311/1311 1312/1312/1312
f 1304/1304/1304 1309/1309/1309 1313/1313/1313
f 1304/1304/1304 1313/1313/1313 1308/1308/1308
f 1313/1313/1313 1309/1309/1309 1312/1312/1312
f 1308/1308/1308 1313/1313/1313 1314/1314/1314
f 1302/1302/1302 1315/1315/1315 1300/1300/1300
f 1300/1300/1300 1315/1315/1315 1312/1312/1312
f 1313/1313/1313 1312/1312/1312 1316/1316/1316
f 1315/1315/1315 1316/1316/1316 1312/1312/1312
f 1314/1314/1314 1313/1313/1313 1316/1316/1316
f 1302/1302/1302 1317/1317/1317 1315/1315/1315
f 1315/1315/1315 1317/1317/1317 1316/1316/1316
f 1302/1302/1302 1318/1318/1318 1317/1317/1317
f 1317/1317/1317 1319/1319/1319 1316/1316/1316
f 1314/1314/1314 1316/1316/1316 1319/1319/1319
f 1318/1318/1318 1320/1320/1320 1317/1317/1317
f 1317/1317/1317 1320/1320/1320 1319/1319/1319
f 1318/1318/1318 1321/1321/1321 1320/1320/1320
f 1321/1321/1321 1322/1322/1322 1320/1320/1320
f 1322/1322/1322 1319/1319/1319 1320/1320/1320
f 1321/1321/1321 1323/1323/1323 1322/1322/1322
f 1322/1322/1322 1324/1324/1324 1319/1319/1319
f 1314/1314/1314 1319/1319/1319 1324/1324/1324
f 1323/1323/1323 1325/1325/1325 1322/1322/1322
f 1324/1324/1324 1322/1322/1322 1325/1325/1325
f 1323/1323/1323 1326/1326/1326 1325/1325/1325
f 1326/1326/1326 1327/1327/1327 1325/1325/1325
f 1326/1326/1326 1328/1328/1328 1327/1327/1327
f 1329/1329/1329 1325/1325/1325 1327/1327/1327
f 1324/1324/1324 1325/1325/1325 1329/1329/1329
f 1328/1328/1328 1330/1330/1330 1327/1327/1327
f 1328/1328/1328 1331/1331/1331 1330/1330/1330
f 1332/1332/1332 1330/1330/1330 1331/1331/1331
f 1332/1332/1332 1333/1333/1333 1330/1330/1330
f 1334/1334/1334 1333/1333/1333 1332/1332/1332
f 1335/1335/1335 1324/1324/1324 1329/1329/1329
f 1314/1314/1314 1324/1324/1324 1335/1335/1335
f 1335/1335/1335 1329/1329/1329 1336/1336/1336
f 1337/1337/1337 1335/1335/1335 1336/1336/1336
f 1334/1334/1334 1338/1338/1338 1333/1333/1333
f 1333/1333/1333 1338/1338/1338 1337/1337/1337
f 1339/1339/1339 1338/1338/1338 1334/1334/1334
f 1337/1337/1337 1340/1340/1340 1335/1335/1335
f 1314/1314/1314 1335/1335/1335 1340/1340/1340
f 1340/1340/1340 1337/1337/1337 1338/1338/1338
f 1339/1339/1339 1341/1341/1341 1338/1338/1338
f 1340/1340/1340 1338/1338/1338 1341/1341/1341
f 1342/1342/1342 1341/1341/1341 1339/1339/1339
f 1314/1314/1314 1340/1340/1340 1343/1343/1343
f 1341/1341/1341 1343/1343/1343 1340/1340/1340
f 1308/1308/1308 1314/1314/1314 1343/1343/1343
f 1306/1306/1306 1308/1308/1308 1343/1343/1343
f 1342/1342/1342 1344/1344/1344 1341/1341/1341
f 1341/1341/1341 1344/1344/1344 1343/1343/1343
f 1306/1306/1306 1343/1343/1343 1344/1344/1344
f 1307/1307/1307 1344/1344/1344 1342/1342/1342
f 1307/1307/1307 1306/1306/1306 1344/1344/1344
