g SM_Prop_Vegetables_01
v 0.1275482 0.034564 0.2136154
v 0.1594124 0.05861741 0.2700806
v 0.1751328 0.04155483 0.2117996
v 0.09877014 0.06923942 0.230484
v 0.1594124 0.05861741 0.2700806
v 0.1275482 0.034564 0.2136154
v 0.117569 0.1109057 0.2455215
v 0.1594124 0.05861741 0.2700806
v 0.09877014 0.06923942 0.230484
v 0.1651497 0.1178893 0.2436981
v 0.1594124 0.05861741 0.2700806
v 0.117569 0.1109057 0.2455215
v 0.193924 0.08321024 0.2268372
v 0.1594124 0.05861741 0.2700806
v 0.1651497 0.1178893 0.2436981
v 0.1751328 0.04155483 0.2117996
v 0.1594124 0.05861741 0.2700806
v 0.193924 0.08321024 0.2268372
v 0.1951294 0.1939232 -0.1286392
v 0.1711197 0.2321647 -0.1305466
v 0.1528969 0.1910523 -0.1350327
v 0.1528969 0.1910523 -0.1350327
v 0.1711197 0.2321647 -0.1305466
v 0.1272926 0.2234578 -0.1237717
v 0.1272926 0.2234578 -0.1237717
v 0.1711197 0.2321647 -0.1305466
v 0.1439171 0.2587378 -0.1061172
v 0.1439171 0.2587378 -0.1061172
v 0.1711197 0.2321647 -0.1305466
v 0.1861496 0.2616087 -0.09972382
v 0.1861496 0.2616087 -0.09972382
v 0.1711197 0.2321647 -0.1305466
v 0.2117538 0.2292033 -0.1109924
v 0.2117538 0.2292033 -0.1109924
v 0.1711197 0.2321647 -0.1305466
v 0.1951294 0.1939232 -0.1286392
v 0.07672119 0.1055313 0.1984558
v 0.02622986 0.08082988 0.2387161
v 0.04070282 0.1350297 0.2106476
v 0.06709671 0.06170554 0.181076
v 0.02622986 0.08082988 0.2387161
v 0.07672119 0.1055313 0.1984558
v 0.02145004 0.04737451 0.1759033
v 0.02622986 0.08082988 0.2387161
v 0.06709671 0.06170554 0.181076
v -0.0145607 0.07687287 0.1880951
v 0.02622986 0.08082988 0.2387161
v 0.02145004 0.04737451 0.1759033
v -0.004936218 0.1206986 0.2054672
v 0.02622986 0.08082988 0.2387161
v -0.0145607 0.07687287 0.1880951
v 0.04070282 0.1350297 0.2106476
v 0.02622986 0.08082988 0.2387161
v -0.004936218 0.1206986 0.2054672
v -0.00888443 0.300729 -0.1204071
v -0.02017975 0.270436 -0.1519852
v 0.02241135 0.2782414 -0.1390457
v 0.02241135 0.2782414 -0.1390457
v -0.02017975 0.270436 -0.1519852
v 0.01353455 0.2409792 -0.1581573
v 0.01353455 0.2409792 -0.1581573
v -0.02017975 0.270436 -0.1519852
v -0.02664185 0.2261993 -0.1586227
v -0.02664185 0.2261993 -0.1586227
v -0.02017975 0.270436 -0.1519852
v -0.05793762 0.2486869 -0.1399841
v -0.05793762 0.2486869 -0.1399841
v -0.02017975 0.270436 -0.1519852
v -0.04906082 0.2859527 -0.1208801
v -0.04906082 0.2859527 -0.1208801
v -0.02017975 0.270436 -0.1519852
v -0.00888443 0.300729 -0.1204071
v -0.05663681 0.08125164 0.2726669
v -0.1048203 0.05672216 0.3157654
v -0.09321213 0.1100603 0.2848587
v -0.06533813 0.03639951 0.2575836
v -0.1048203 0.05672216 0.3157654
v -0.05663681 0.08125164 0.2726669
v -0.1106071 0.02034882 0.2546844
v -0.1048203 0.05672216 0.3157654
v -0.06533813 0.03639951 0.2575836
v -0.1471786 0.04915752 0.2668762
v -0.1048203 0.05672216 0.3157654
v -0.1106071 0.02034882 0.2546844
v -0.1384735 0.09400965 0.2819595
v -0.1048203 0.05672216 0.3157654
v -0.1471786 0.04915752 0.2668762
v -0.09321213 0.1100603 0.2848587
v -0.1048203 0.05672216 0.3157654
v -0.1384735 0.09400965 0.2819595
v -0.1599579 0.2590293 -0.05109406
v -0.1712837 0.2269949 -0.08089447
v -0.1285629 0.2367769 -0.06986237
v -0.1285629 0.2367769 -0.06986237
v -0.1712837 0.2269949 -0.08089447
v -0.1368065 0.1984197 -0.08699036
v -0.1368065 0.1984197 -0.08699036
v -0.1712837 0.2269949 -0.08089447
v -0.1764374 0.1823165 -0.0853653
v -0.1764374 0.1823165 -0.0853653
v -0.1712837 0.2269949 -0.08089447
v -0.2078285 0.2045688 -0.06659698
v -0.2078285 0.2045688 -0.06659698
v -0.1712837 0.2269949 -0.08089447
v -0.199585 0.2429243 -0.04946899
v -0.199585 0.2429243 -0.04946899
v -0.1712837 0.2269949 -0.08089447
v -0.1599579 0.2590293 -0.05109406
v -0.005577087 0.1071369 0.3561783
v -0.0274353 0.04253232 0.3675613
v -0.0525322 0.097706 0.3514175
v 0.02693176 0.07889844 0.3347092
v -0.0274353 0.04253232 0.3675613
v -0.005577087 0.1071369 0.3561783
v 0.0124855 0.04123263 0.3084641
v -0.0274353 0.04253232 0.3675613
v 0.02693176 0.07889844 0.3347092
v -0.0344696 0.03180894 0.3037109
v -0.0274353 0.04253232 0.3675613
v 0.0124855 0.04123263 0.3084641
v -0.06697083 0.06005467 0.3251877
v -0.0274353 0.04253232 0.3675613
v -0.0344696 0.03180894 0.3037109
v -0.0525322 0.097706 0.3514175
v -0.0274353 0.04253232 0.3675613
v -0.06697083 0.06005467 0.3251877
v -0.1170082 0.2958135 0.04139709
v -0.09189606 0.2805358 0.007072449
v -0.07640076 0.3090494 0.03852844
v -0.07640076 0.3090494 0.03852844
v -0.09189606 0.2805358 0.007072449
v -0.04797745 0.2862016 0.01610565
v -0.04797745 0.2862016 0.01610565
v -0.09189606 0.2805358 0.007072449
v -0.06016159 0.2501214 -0.003440857
v -0.06016159 0.2501214 -0.003440857
v -0.09189606 0.2805358 0.007072449
v -0.1007767 0.2368892 -0.0005722046
v -0.1007767 0.2368892 -0.0005722046
v -0.09189606 0.2805358 0.007072449
v -0.1291962 0.259737 0.02185059
v -0.1291962 0.259737 0.02185059
v -0.09189606 0.2805358 0.007072449
v -0.1170082 0.2958135 0.04139709
v 0.08293915 0.09524418 0.3697205
v 0.1393471 0.06171821 0.3915253
v 0.09871292 0.05782275 0.343895
v 0.1136093 0.1297458 0.3832932
v 0.1393471 0.06171821 0.3915253
v 0.08293915 0.09524418 0.3697205
v 0.1600571 0.1268242 0.3710403
v 0.1393471 0.06171821 0.3915253
v 0.1136093 0.1297458 0.3832932
v 0.1758232 0.08940642 0.3452148
v 0.1393471 0.06171821 0.3915253
v 0.1600571 0.1268242 0.3710403
v 0.1451454 0.0549102 0.3316422
v 0.1393471 0.06171821 0.3915253
v 0.1758232 0.08940642 0.3452148
v 0.09871292 0.05782275 0.343895
v 0.1393471 0.06171821 0.3915253
v 0.1451454 0.0549102 0.3316422
v 0.05241013 0.2031804 0.002952576
v 0.07738876 0.2405023 -0.002113342
v 0.03700256 0.2401095 0.01816559
v 0.03700256 0.2401095 0.01816559
v 0.07738876 0.2405023 -0.002113342
v 0.06363297 0.2725385 0.02664185
v 0.06363297 0.2725385 0.02664185
v 0.07738876 0.2405023 -0.002113342
v 0.1056709 0.2680402 0.01989746
v 0.1056709 0.2680402 0.01989746
v 0.07738876 0.2405023 -0.002113342
v 0.1210785 0.2311112 0.004684448
v 0.1210785 0.2311112 0.004684448
v 0.07738876 0.2405023 -0.002113342
v 0.09444427 0.1986821 -0.003791809
v 0.09444427 0.1986821 -0.003791809
v 0.07738876 0.2405023 -0.002113342
v 0.05241013 0.2031804 0.002952576
v 0.1766701 0.06269027 0.1229095
v 0.1699562 0.1173607 0.01669312
v 0.1183815 0.1223604 -0.008003235
v 0.1121826 0.05322313 0.1253738
v 0.1121826 0.05322313 0.1253738
v 0.1183815 0.1223604 -0.008003235
v 0.09147644 0.1698626 -0.01306152
v 0.07316971 0.1002366 0.1482468
v 0.07316971 0.1002366 0.1482468
v 0.09147644 0.1698626 -0.01306152
v 0.1073685 0.2053815 0.02745819
v 0.09864044 0.1567281 0.1686325
v 0.09864044 0.1567281 0.1686325
v 0.1073685 0.2053815 0.02745819
v 0.1577988 0.199933 0.05776978
v 0.1631241 0.1661988 0.1661682
v 0.1631241 0.1661988 0.1661682
v 0.1577988 0.199933 0.05776978
v 0.1905746 0.1691566 0.02148438
v 0.2021484 0.1191781 0.1433029
v 0.2021484 0.1191781 0.1433029
v 0.1905746 0.1691566 0.02148438
v 0.1699562 0.1173607 0.01669312
v 0.1766701 0.06269027 0.1229095
v 0.1121826 0.05322313 0.1253738
v 0.1275482 0.034564 0.2136154
v 0.1751328 0.04155483 0.2117996
v 0.1766701 0.06269027 0.1229095
v 0.07316971 0.1002366 0.1482468
v 0.09877014 0.06923942 0.230484
v 0.1275482 0.034564 0.2136154
v 0.1121826 0.05322313 0.1253738
v 0.09864044 0.1567281 0.1686325
v 0.117569 0.1109057 0.2455215
v 0.09877014 0.06923942 0.230484
v 0.07316971 0.1002366 0.1482468
v 0.1631241 0.1661988 0.1661682
v 0.1651497 0.1178893 0.2436981
v 0.117569 0.1109057 0.2455215
v 0.09864044 0.1567281 0.1686325
v 0.2021484 0.1191781 0.1433029
v 0.193924 0.08321024 0.2268372
v 0.1651497 0.1178893 0.2436981
v 0.1631241 0.1661988 0.1661682
v 0.1766701 0.06269027 0.1229095
v 0.1751328 0.04155483 0.2117996
v 0.193924 0.08321024 0.2268372
v 0.2021484 0.1191781 0.1433029
v 0.09147644 0.1698626 -0.01306152
v 0.1209869 0.2073257 -0.08796692
v 0.1373787 0.2405855 -0.06129456
v 0.1073685 0.2053815 0.02745819
v 0.1183815 0.1223604 -0.008003235
v 0.1484604 0.1759845 -0.1054993
v 0.1209869 0.2073257 -0.08796692
v 0.09147644 0.1698626 -0.01306152
v 0.1699562 0.1173607 0.01669312
v 0.191925 0.1764371 -0.09306335
v 0.1484604 0.1759845 -0.1054993
v 0.1183815 0.1223604 -0.008003235
v 0.1905746 0.1691566 0.02148438
v 0.2086563 0.2109243 -0.06916046
v 0.191925 0.1764371 -0.09306335
v 0.1699562 0.1173607 0.01669312
v 0.1577988 0.199933 0.05776978
v 0.1821709 0.250078 -0.07053375
v 0.2086563 0.2109243 -0.06916046
v 0.1905746 0.1691566 0.02148438
v 0.1073685 0.2053815 0.02745819
v 0.1373787 0.2405855 -0.06129456
v 0.1821709 0.250078 -0.07053375
v 0.1577988 0.199933 0.05776978
v 0.191925 0.1764371 -0.09306335
v 0.1998901 0.1730195 -0.1071243
v 0.1454811 0.1716872 -0.1208954
v 0.1484604 0.1759845 -0.1054993
v 0.1484604 0.1759845 -0.1054993
v 0.1454811 0.1716872 -0.1208954
v 0.1114349 0.2115289 -0.1007767
v 0.1209869 0.2073257 -0.08796692
v 0.1209869 0.2073257 -0.08796692
v 0.1114349 0.2115289 -0.1007767
v 0.1321754 0.2540929 -0.06999207
v 0.1373787 0.2405855 -0.06129456
v 0.1373787 0.2405855 -0.06129456
v 0.1321754 0.2540929 -0.06999207
v 0.1878128 0.2641285 -0.07713318
v 0.1821709 0.250078 -0.07053375
v 0.1821709 0.250078 -0.07053375
v 0.1878128 0.2641285 -0.07713318
v 0.2209435 0.2167421 -0.07896423
v 0.2086563 0.2109243 -0.06916046
v 0.2086563 0.2109243 -0.06916046
v 0.2209435 0.2167421 -0.07896423
v 0.1998901 0.1730195 -0.1071243
v 0.191925 0.1764371 -0.09306335
v 0.1998901 0.1730195 -0.1071243
v 0.1951294 0.1939232 -0.1286392
v 0.1528969 0.1910523 -0.1350327
v 0.1454811 0.1716872 -0.1208954
v 0.1454811 0.1716872 -0.1208954
v 0.1528969 0.1910523 -0.1350327
v 0.1272926 0.2234578 -0.1237717
v 0.1114349 0.2115289 -0.1007767
v 0.1114349 0.2115289 -0.1007767
v 0.1272926 0.2234578 -0.1237717
v 0.1439171 0.2587378 -0.1061172
v 0.1321754 0.2540929 -0.06999207
v 0.1321754 0.2540929 -0.06999207
v 0.1439171 0.2587378 -0.1061172
v 0.1861496 0.2616087 -0.09972382
v 0.1878128 0.2641285 -0.07713318
v 0.1878128 0.2641285 -0.07713318
v 0.1861496 0.2616087 -0.09972382
v 0.2117538 0.2292033 -0.1109924
v 0.2209435 0.2167421 -0.07896423
v 0.2209435 0.2167421 -0.07896423
v 0.2117538 0.2292033 -0.1109924
v 0.1951294 0.1939232 -0.1286392
v 0.1998901 0.1730195 -0.1071243
v 0.2102623 0.257029 -0.2001343
v 0.2198181 0.26461 -0.2187347
v 0.2357483 0.2618694 -0.2116699
v 0.2261925 0.2542812 -0.1930695
v 0.3684921 0.2902455 -0.3771057
v 0.3682365 0.2824618 -0.3795395
v 0.3841667 0.2797176 -0.3724747
v 0.3844261 0.2875012 -0.3700409
v 0.2184677 0.2239574 -0.2314682
v 0.2090378 0.2201488 -0.2116852
v 0.2249641 0.2174082 -0.2046127
v 0.2343979 0.2212132 -0.2244034
v 0.1682167 0.208162 -0.1310196
v 0.1687202 0.223389 -0.1262512
v 0.1846504 0.2206521 -0.1191864
v 0.1841469 0.2054214 -0.1239471
v 0.2316856 0.2760972 -0.2410355
v 0.2498817 0.282078 -0.2559814
v 0.2658043 0.2793374 -0.2489243
v 0.2476158 0.2733567 -0.2339706
v 0.2419357 0.2539843 -0.2286758
v 0.2703972 0.2660509 -0.2644348
v 0.269722 0.2457409 -0.2707901
v 0.2413712 0.2369942 -0.2340012
v 0.2476158 0.2733567 -0.2339706
v 0.2658043 0.2793374 -0.2489243
v 0.2703972 0.2660509 -0.2644348
v 0.269722 0.2457409 -0.2707901
v 0.2459641 0.22378 -0.2494888
v 0.2640381 0.2262925 -0.2655182
v 0.3027573 0.2523588 -0.3030472
v 0.3035774 0.2769987 -0.2953339
v 0.3406792 0.2631075 -0.3371658
v 0.3414192 0.2853291 -0.3302078
v 0.3841667 0.2797176 -0.3724747
v 0.3844261 0.2875012 -0.3700409
v 0.2459641 0.22378 -0.2494888
v 0.2640381 0.2262925 -0.2655182
v 0.2481155 0.2290331 -0.272583
v 0.2300339 0.2265242 -0.256546
v 0.225441 0.2397348 -0.241066
v 0.2537956 0.2484778 -0.2778473
v 0.2544708 0.2687878 -0.271492
v 0.2260056 0.2567249 -0.2357483
v 0.2300339 0.2265242 -0.256546
v 0.2481155 0.2290331 -0.272583
v 0.2537956 0.2484778 -0.2778473
v 0.2544708 0.2687878 -0.271492
v 0.2316856 0.2760972 -0.2410355
v 0.2498817 0.282078 -0.2559814
v 0.2876511 0.2797393 -0.3023987
v 0.2868309 0.2550994 -0.310112
v 0.325489 0.288066 -0.3372803
v 0.324749 0.2658517 -0.3442307
v 0.3684921 0.2902455 -0.3771057
v 0.3682365 0.2824618 -0.3795395
v 0.2600021 0.2917225 -0.2750626
v 0.2834511 0.2967222 -0.2863388
v 0.2993774 0.2939816 -0.279274
v 0.2759285 0.288982 -0.2679977
v 0.2739182 0.2286421 -0.2868881
v 0.2972298 0.2295472 -0.2994385
v 0.2813034 0.2322914 -0.3065033
v 0.2579956 0.2313863 -0.2939529
v 0.2946129 0.3060011 -0.3078995
v 0.3217087 0.3092847 -0.3205261
v 0.3376427 0.3065405 -0.3134537
v 0.3105392 0.3032605 -0.3008347
v 0.3082199 0.233544 -0.3226547
v 0.3353043 0.2364041 -0.3354111
v 0.3193741 0.2391483 -0.3424835
v 0.2922897 0.2362882 -0.3297195
v 0.3325996 0.3140925 -0.3432159
v 0.3532677 0.3125213 -0.3525848
v 0.3691978 0.3097771 -0.34552
v 0.3485336 0.3113483 -0.3361511
v 0.3463135 0.2447272 -0.3569946
v 0.3672104 0.2500961 -0.3641968
v 0.3512802 0.2528403 -0.3712616
v 0.3303833 0.2474678 -0.3640671
v 0.2062645 0.2440284 -0.1961746
v 0.2102623 0.257029 -0.2001343
v 0.2261925 0.2542812 -0.1930695
v 0.2221947 0.2412843 -0.1891022
v 0.2221947 0.2412843 -0.1891022
v 0.2261925 0.2542812 -0.1930695
v 0.2357483 0.2618694 -0.2116699
v 0.2419357 0.2539843 -0.2286758
v 0.2413712 0.2369942 -0.2340012
v 0.2216911 0.2260572 -0.1938705
v 0.1846504 0.2206521 -0.1191864
v 0.1841469 0.2054214 -0.1239471
v 0.2249641 0.2174082 -0.2046127
v 0.2343979 0.2212132 -0.2244034
v 0.2419357 0.2539843 -0.2286758
v 0.2357483 0.2618694 -0.2116699
v 0.2198181 0.26461 -0.2187347
v 0.2260056 0.2567249 -0.2357483
v 0.2260056 0.2567249 -0.2357483
v 0.2198181 0.26461 -0.2187347
v 0.2102623 0.257029 -0.2001343
v 0.2062645 0.2440284 -0.1961746
v 0.205761 0.2288014 -0.200943
v 0.225441 0.2397348 -0.241066
v 0.2184677 0.2239574 -0.2314682
v 0.2090378 0.2201488 -0.2116852
v 0.1682167 0.208162 -0.1310196
v 0.1687202 0.223389 -0.1262512
v 0.225441 0.2397348 -0.241066
v 0.2184677 0.2239574 -0.2314682
v 0.2343979 0.2212132 -0.2244034
v 0.2413712 0.2369942 -0.2340012
v 0.2216911 0.2260572 -0.1938705
v 0.2249641 0.2174082 -0.2046127
v 0.2090378 0.2201488 -0.2116852
v 0.205761 0.2288014 -0.200943
v 0.2260056 0.2567249 -0.2357483
v 0.2316856 0.2760972 -0.2410355
v 0.2476158 0.2733567 -0.2339706
v 0.2419357 0.2539843 -0.2286758
v 0.2703972 0.2660509 -0.2644348
v 0.2658043 0.2793374 -0.2489243
v 0.2498817 0.282078 -0.2559814
v 0.2544708 0.2687878 -0.271492
v 0.2413712 0.2369942 -0.2340012
v 0.2459641 0.22378 -0.2494888
v 0.2300339 0.2265242 -0.256546
v 0.225441 0.2397348 -0.241066
v 0.2537956 0.2484778 -0.2778473
v 0.2481155 0.2290331 -0.272583
v 0.2640381 0.2262925 -0.2655182
v 0.269722 0.2457409 -0.2707901
v 0.2544708 0.2687878 -0.271492
v 0.2600021 0.2917225 -0.2750626
v 0.2759285 0.288982 -0.2679977
v 0.2703972 0.2660509 -0.2644348
v 0.2703972 0.2660509 -0.2644348
v 0.2759285 0.288982 -0.2679977
v 0.2993774 0.2939816 -0.279274
v 0.3035774 0.2769987 -0.2953339
v 0.3105392 0.3032605 -0.3008347
v 0.3376427 0.3065405 -0.3134537
v 0.3414192 0.2853291 -0.3302078
v 0.3485336 0.3113483 -0.3361511
v 0.3691978 0.3097771 -0.34552
v 0.3844261 0.2875012 -0.3700409
v 0.3035774 0.2769987 -0.2953339
v 0.2993774 0.2939816 -0.279274
v 0.2834511 0.2967222 -0.2863388
v 0.2876511 0.2797393 -0.3023987
v 0.2876511 0.2797393 -0.3023987
v 0.2834511 0.2967222 -0.2863388
v 0.2600021 0.2917225 -0.2750626
v 0.2544708 0.2687878 -0.271492
v 0.325489 0.288066 -0.3372803
v 0.2946129 0.3060011 -0.3078995
v 0.3217087 0.3092847 -0.3205261
v 0.3684921 0.2902455 -0.3771057
v 0.3325996 0.3140925 -0.3432159
v 0.3532677 0.3125213 -0.3525848
v 0.269722 0.2457409 -0.2707901
v 0.2739182 0.2286421 -0.2868881
v 0.2579956 0.2313863 -0.2939529
v 0.2537956 0.2484778 -0.2778473
v 0.2537956 0.2484778 -0.2778473
v 0.2579956 0.2313863 -0.2939529
v 0.2813034 0.2322914 -0.3065033
v 0.2868309 0.2550994 -0.310112
v 0.2922897 0.2362882 -0.3297195
v 0.3193741 0.2391483 -0.3424835
v 0.324749 0.2658517 -0.3442307
v 0.3303833 0.2474678 -0.3640671
v 0.3512802 0.2528403 -0.3712616
v 0.3682365 0.2824618 -0.3795395
v 0.2868309 0.2550994 -0.310112
v 0.2813034 0.2322914 -0.3065033
v 0.2972298 0.2295472 -0.2994385
v 0.3027573 0.2523588 -0.3030472
v 0.3027573 0.2523588 -0.3030472
v 0.2972298 0.2295472 -0.2994385
v 0.2739182 0.2286421 -0.2868881
v 0.269722 0.2457409 -0.2707901
v 0.3406792 0.2631075 -0.3371658
v 0.3082199 0.233544 -0.3226547
v 0.3353043 0.2364041 -0.3354111
v 0.3841667 0.2797176 -0.3724747
v 0.3463135 0.2447272 -0.3569946
v 0.3672104 0.2500961 -0.3641968
v 0.2876511 0.2797393 -0.3023987
v 0.2946129 0.3060011 -0.3078995
v 0.3105392 0.3032605 -0.3008347
v 0.3035774 0.2769987 -0.2953339
v 0.3414192 0.2853291 -0.3302078
v 0.3376427 0.3065405 -0.3134537
v 0.3217087 0.3092847 -0.3205261
v 0.325489 0.288066 -0.3372803
v 0.3027573 0.2523588 -0.3030472
v 0.3082199 0.233544 -0.3226547
v 0.2922897 0.2362882 -0.3297195
v 0.2868309 0.2550994 -0.310112
v 0.324749 0.2658517 -0.3442307
v 0.3193741 0.2391483 -0.3424835
v 0.3353043 0.2364041 -0.3354111
v 0.3406792 0.2631075 -0.3371658
v 0.325489 0.288066 -0.3372803
v 0.3325996 0.3140925 -0.3432159
v 0.3485336 0.3113483 -0.3361511
v 0.3414192 0.2853291 -0.3302078
v 0.3844261 0.2875012 -0.3700409
v 0.3691978 0.3097771 -0.34552
v 0.3532677 0.3125213 -0.3525848
v 0.3684921 0.2902455 -0.3771057
v 0.3406792 0.2631075 -0.3371658
v 0.3463135 0.2447272 -0.3569946
v 0.3303833 0.2474678 -0.3640671
v 0.324749 0.2658517 -0.3442307
v 0.3682365 0.2824618 -0.3795395
v 0.3512802 0.2528403 -0.3712616
v 0.3672104 0.2500961 -0.3641968
v 0.3841667 0.2797176 -0.3724747
v 0.205761 0.2288014 -0.200943
v 0.1682167 0.208162 -0.1310196
v 0.1841469 0.2054214 -0.1239471
v 0.2216911 0.2260572 -0.1938705
v 0.2221947 0.2412843 -0.1891022
v 0.1846504 0.2206521 -0.1191864
v 0.1687202 0.223389 -0.1262512
v 0.2062645 0.2440284 -0.1961746
v 0.1615334 0.2373671 -0.1899643
v 0.1613579 0.2438438 -0.2112427
v 0.1437531 0.2448503 -0.2107925
v 0.1439285 0.2383771 -0.1895142
v 0.09529877 0.3422188 -0.3950882
v 0.09580994 0.3497708 -0.3920441
v 0.07820129 0.3507772 -0.3915863
v 0.07769012 0.3432288 -0.3946381
v 0.1640282 0.28328 -0.1953049
v 0.1639519 0.2731431 -0.1755066
v 0.146347 0.2741531 -0.1750488
v 0.1464195 0.28429 -0.1948547
v 0.1661377 0.2285733 -0.09597015
v 0.1651421 0.2138024 -0.101944
v 0.1475372 0.2148089 -0.1014938
v 0.1485329 0.2295761 -0.09552765
v 0.1610031 0.2497739 -0.2383499
v 0.1513405 0.2569892 -0.2594452
v 0.1337395 0.257992 -0.2589951
v 0.1433945 0.2507803 -0.2378998
v 0.1444969 0.2620866 -0.2203903
v 0.1347885 0.2783708 -0.2636871
v 0.1361198 0.2980726 -0.255722
v 0.145607 0.2785735 -0.2137299
v 0.1433945 0.2507803 -0.2378998
v 0.1337395 0.257992 -0.2589951
v 0.1347885 0.2783708 -0.2636871
v 0.1361198 0.2980726 -0.255722
v 0.1466484 0.2988691 -0.2184525
v 0.1372185 0.3094476 -0.2381897
v 0.1203079 0.3175029 -0.2950745
v 0.1186905 0.2935979 -0.3047333
v 0.1012459 0.3356153 -0.3400803
v 0.09978867 0.3140635 -0.348793
v 0.07820129 0.3507772 -0.3915863
v 0.07769012 0.3432288 -0.3946381
v 0.1466484 0.2988691 -0.2184525
v 0.1372185 0.3094476 -0.2381897
v 0.1548233 0.3084412 -0.2386398
v 0.1642532 0.2978626 -0.2189102
v 0.1632156 0.2775598 -0.21418
v 0.1537209 0.2970589 -0.2561722
v 0.1523895 0.2773644 -0.2641373
v 0.1620979 0.2610765 -0.2208481
v 0.1642532 0.2978626 -0.2189102
v 0.1548233 0.3084412 -0.2386398
v 0.1537209 0.2970589 -0.2561722
v 0.1523895 0.2773644 -0.2641373
v 0.1610031 0.2497739 -0.2383499
v 0.1513405 0.2569892 -0.2594452
v 0.1362953 0.2925914 -0.305191
v 0.1379089 0.3164964 -0.2955246
v 0.1173973 0.3130535 -0.3492508
v 0.1188507 0.3346089 -0.340538
v 0.09529877 0.3422188 -0.3950882
v 0.09580994 0.3497708 -0.3920441
v 0.1510506 0.2621988 -0.2825165
v 0.1350136 0.269034 -0.3024673
v 0.1174126 0.2700441 -0.3020172
v 0.1334496 0.2632089 -0.2820587
v 0.1374054 0.3217386 -0.2583923
v 0.1216393 0.3325453 -0.276741
v 0.1392403 0.3315352 -0.2771988
v 0.1550102 0.3207322 -0.2588501
v 0.1347809 0.2761624 -0.3274612
v 0.1158485 0.2858106 -0.3487473
v 0.0982399 0.2868207 -0.3482895
v 0.1171799 0.2771689 -0.3270035
v 0.1217537 0.3447928 -0.2996674
v 0.1028404 0.3548537 -0.3207779
v 0.1204491 0.3538436 -0.3212357
v 0.1393509 0.34379 -0.3001175
v 0.1159019 0.2970951 -0.3717499
v 0.1009712 0.3075433 -0.3853531
v 0.08335876 0.3085498 -0.384903
v 0.0982933 0.2981052 -0.3712921
v 0.1026649 0.3627315 -0.3451614
v 0.08727646 0.3664423 -0.361496
v 0.1048851 0.3654323 -0.3619461
v 0.1202774 0.3617214 -0.3456192
v 0.1622658 0.2446837 -0.1778564
v 0.1615334 0.2373671 -0.1899643
v 0.1439285 0.2383771 -0.1895142
v 0.1446609 0.2456938 -0.1773987
v 0.1446609 0.2456938 -0.1773987
v 0.1439285 0.2383771 -0.1895142
v 0.1437531 0.2448503 -0.2107925
v 0.1444969 0.2620866 -0.2203903
v 0.145607 0.2785735 -0.2137299
v 0.1456566 0.2604647 -0.1714249
v 0.1475372 0.2148089 -0.1014938
v 0.1485329 0.2295761 -0.09552765
v 0.146347 0.2741531 -0.1750488
v 0.1464195 0.28429 -0.1948547
v 0.1444969 0.2620866 -0.2203903
v 0.1437531 0.2448503 -0.2107925
v 0.1613579 0.2438438 -0.2112427
v 0.1620979 0.2610765 -0.2208481
v 0.1620979 0.2610765 -0.2208481
v 0.1613579 0.2438438 -0.2112427
v 0.1615334 0.2373671 -0.1899643
v 0.1622658 0.2446837 -0.1778564
v 0.1632614 0.2594546 -0.1718826
v 0.1632156 0.2775598 -0.21418
v 0.1640282 0.28328 -0.1953049
v 0.1639519 0.2731431 -0.1755066
v 0.1661377 0.2285733 -0.09597015
v 0.1651421 0.2138024 -0.101944
v 0.1632156 0.2775598 -0.21418
v 0.1640282 0.28328 -0.1953049
v 0.1464195 0.28429 -0.1948547
v 0.145607 0.2785735 -0.2137299
v 0.1456566 0.2604647 -0.1714249
v 0.146347 0.2741531 -0.1750488
v 0.1639519 0.2731431 -0.1755066
v 0.1632614 0.2594546 -0.1718826
v 0.1620979 0.2610765 -0.2208481
v 0.1610031 0.2497739 -0.2383499
v 0.1433945 0.2507803 -0.2378998
v 0.1444969 0.2620866 -0.2203903
v 0.1347885 0.2783708 -0.2636871
v 0.1337395 0.257992 -0.2589951
v 0.1513405 0.2569892 -0.2594452
v 0.1523895 0.2773644 -0.2641373
v 0.145607 0.2785735 -0.2137299
v 0.1466484 0.2988691 -0.2184525
v 0.1642532 0.2978626 -0.2189102
v 0.1632156 0.2775598 -0.21418
v 0.1537209 0.2970589 -0.2561722
v 0.1548233 0.3084412 -0.2386398
v 0.1372185 0.3094476 -0.2381897
v 0.1361198 0.2980726 -0.255722
v 0.1523895 0.2773644 -0.2641373
v 0.1510506 0.2621988 -0.2825165
v 0.1334496 0.2632089 -0.2820587
v 0.1347885 0.2783708 -0.2636871
v 0.1347885 0.2783708 -0.2636871
v 0.1334496 0.2632089 -0.2820587
v 0.1174126 0.2700441 -0.3020172
v 0.1186905 0.2935979 -0.3047333
v 0.1171799 0.2771689 -0.3270035
v 0.0982399 0.2868207 -0.3482895
v 0.09978867 0.3140635 -0.348793
v 0.0982933 0.2981052 -0.3712921
v 0.08335876 0.3085498 -0.384903
v 0.07769012 0.3432288 -0.3946381
v 0.1186905 0.2935979 -0.3047333
v 0.1174126 0.2700441 -0.3020172
v 0.1350136 0.269034 -0.3024673
v 0.1362953 0.2925914 -0.305191
v 0.1362953 0.2925914 -0.305191
v 0.1350136 0.269034 -0.3024673
v 0.1510506 0.2621988 -0.2825165
v 0.1523895 0.2773644 -0.2641373
v 0.1173973 0.3130535 -0.3492508
v 0.1347809 0.2761624 -0.3274612
v 0.1158485 0.2858106 -0.3487473
v 0.09529877 0.3422188 -0.3950882
v 0.1159019 0.2970951 -0.3717499
v 0.1009712 0.3075433 -0.3853531
v 0.1361198 0.2980726 -0.255722
v 0.1374054 0.3217386 -0.2583923
v 0.1550102 0.3207322 -0.2588501
v 0.1537209 0.2970589 -0.2561722
v 0.1537209 0.2970589 -0.2561722
v 0.1550102 0.3207322 -0.2588501
v 0.1392403 0.3315352 -0.2771988
v 0.1379089 0.3164964 -0.2955246
v 0.1393509 0.34379 -0.3001175
v 0.1204491 0.3538436 -0.3212357
v 0.1188507 0.3346089 -0.340538
v 0.1202774 0.3617214 -0.3456192
v 0.1048851 0.3654323 -0.3619461
v 0.09580994 0.3497708 -0.3920441
v 0.1379089 0.3164964 -0.2955246
v 0.1392403 0.3315352 -0.2771988
v 0.1216393 0.3325453 -0.276741
v 0.1203079 0.3175029 -0.2950745
v 0.1203079 0.3175029 -0.2950745
v 0.1216393 0.3325453 -0.276741
v 0.1374054 0.3217386 -0.2583923
v 0.1361198 0.2980726 -0.255722
v 0.1012459 0.3356153 -0.3400803
v 0.1217537 0.3447928 -0.2996674
v 0.1028404 0.3548537 -0.3207779
v 0.07820129 0.3507772 -0.3915863
v 0.1026649 0.3627315 -0.3451614
v 0.08727646 0.3664423 -0.361496
v 0.1362953 0.2925914 -0.305191
v 0.1347809 0.2761624 -0.3274612
v 0.1171799 0.2771689 -0.3270035
v 0.1186905 0.2935979 -0.3047333
v 0.09978867 0.3140635 -0.348793
v 0.0982399 0.2868207 -0.3482895
v 0.1158485 0.2858106 -0.3487473
v 0.1173973 0.3130535 -0.3492508
v 0.1203079 0.3175029 -0.2950745
v 0.1217537 0.3447928 -0.2996674
v 0.1393509 0.34379 -0.3001175
v 0.1379089 0.3164964 -0.2955246
v 0.1188507 0.3346089 -0.340538
v 0.1204491 0.3538436 -0.3212357
v 0.1028404 0.3548537 -0.3207779
v 0.1012459 0.3356153 -0.3400803
v 0.1173973 0.3130535 -0.3492508
v 0.1159019 0.2970951 -0.3717499
v 0.0982933 0.2981052 -0.3712921
v 0.09978867 0.3140635 -0.348793
v 0.07769012 0.3432288 -0.3946381
v 0.08335876 0.3085498 -0.384903
v 0.1009712 0.3075433 -0.3853531
v 0.09529877 0.3422188 -0.3950882
v 0.1012459 0.3356153 -0.3400803
v 0.1026649 0.3627315 -0.3451614
v 0.1202774 0.3617214 -0.3456192
v 0.1188507 0.3346089 -0.340538
v 0.09580994 0.3497708 -0.3920441
v 0.1048851 0.3654323 -0.3619461
v 0.08727646 0.3664423 -0.361496
v 0.07820129 0.3507772 -0.3915863
v 0.1632614 0.2594546 -0.1718826
v 0.1661377 0.2285733 -0.09597015
v 0.1485329 0.2295761 -0.09552765
v 0.1456566 0.2604647 -0.1714249
v 0.1446609 0.2456938 -0.1773987
v 0.1475372 0.2148089 -0.1014938
v 0.1651421 0.2138024 -0.101944
v 0.1622658 0.2446837 -0.1778564
v 0.1693573 0.296972 -0.1725159
v 0.173542 0.3097191 -0.1902618
v 0.183033 0.3206489 -0.1801758
v 0.1788483 0.3078981 -0.1624298
v 0.2780838 0.4489965 -0.3226013
v 0.284626 0.4442177 -0.3235855
v 0.2941132 0.4551474 -0.3134995
v 0.2875748 0.4599226 -0.3125153
v 0.2077141 0.2847607 -0.1953735
v 0.2003555 0.2743378 -0.1771469
v 0.2098427 0.2852639 -0.1670685
v 0.2172012 0.2956904 -0.1852875
v 0.1662369 0.2320307 -0.10392
v 0.1534424 0.2413748 -0.1020126
v 0.1629257 0.2523045 -0.09192657
v 0.175724 0.2429568 -0.09383392
v 0.1769218 0.3267564 -0.2118988
v 0.1863823 0.3453648 -0.2243271
v 0.1958694 0.3562909 -0.214241
v 0.186409 0.3376861 -0.2018127
v 0.2280769 0.3072501 -0.2080383
v 0.2404518 0.3237262 -0.2209091
v 0.2309685 0.3128037 -0.2309875
v 0.2185898 0.296324 -0.218132
v 0.1893997 0.3598099 -0.2428131
v 0.201725 0.3819373 -0.2506027
v 0.2112083 0.3928634 -0.2405167
v 0.1988869 0.3707396 -0.2327271
v 0.2127571 0.3525113 -0.2260284
v 0.2516022 0.3714565 -0.2553253
v 0.2298241 0.3400466 -0.2285843
v 0.2308922 0.3865822 -0.2522278
v 0.273407 0.4093033 -0.2837753
v 0.2547302 0.422941 -0.280983
v 0.2941132 0.4551474 -0.3134995
v 0.2875748 0.4599226 -0.3125153
v 0.2496033 0.3336929 -0.2403107
v 0.2653618 0.3533078 -0.2486115
v 0.2558746 0.3423781 -0.2586899
v 0.2401161 0.3227668 -0.2503967
v 0.2203369 0.3291168 -0.2386703
v 0.221405 0.375656 -0.2623138
v 0.20327 0.3415852 -0.2361145
v 0.242115 0.3605267 -0.2654114
v 0.2452431 0.4120113 -0.291069
v 0.263916 0.3983735 -0.293869
v 0.2780838 0.4489965 -0.3226013
v 0.284626 0.4442177 -0.3235855
v 0.206234 0.3970666 -0.2712402
v 0.2223244 0.4211345 -0.2793961
v 0.2318153 0.4320642 -0.26931
v 0.2157249 0.4079964 -0.2611618
v 0.2743187 0.3652005 -0.2699127
v 0.29076 0.3890114 -0.2781219
v 0.2812691 0.3780816 -0.288208
v 0.2648315 0.3542745 -0.2799988
v 0.2304573 0.4334219 -0.3003616
v 0.2458458 0.4493368 -0.3055725
v 0.2553368 0.4602665 -0.2954865
v 0.2399483 0.4443516 -0.2902756
v 0.2959442 0.4034529 -0.2986374
v 0.3054962 0.4236289 -0.3029861
v 0.2960052 0.4126992 -0.3130722
v 0.2864532 0.3925231 -0.3087234
v 0.1762428 0.2858938 -0.1669922
v 0.1693573 0.296972 -0.1725159
v 0.1788483 0.3078981 -0.1624298
v 0.1857338 0.2968236 -0.1569061
v 0.1857338 0.2968236 -0.1569061
v 0.1788483 0.3078981 -0.1624298
v 0.183033 0.3206489 -0.1801758
v 0.1969757 0.3214164 -0.1941299
v 0.2112617 0.3109863 -0.1962662
v 0.1985321 0.2874723 -0.1588135
v 0.1629257 0.2523045 -0.09192657
v 0.175724 0.2429568 -0.09383392
v 0.2098427 0.2852639 -0.1670685
v 0.2172012 0.2956904 -0.1852875
v 0.1969757 0.3214164 -0.1941299
v 0.183033 0.3206489 -0.1801758
v 0.173542 0.3097191 -0.1902618
v 0.1874886 0.3104867 -0.204216
v 0.1874886 0.3104867 -0.204216
v 0.173542 0.3097191 -0.1902618
v 0.1693573 0.296972 -0.1725159
v 0.1762428 0.2858938 -0.1669922
v 0.1890411 0.2765462 -0.1688995
v 0.2017708 0.3000565 -0.2063522
v 0.2077141 0.2847607 -0.1953735
v 0.2003555 0.2743378 -0.1771469
v 0.1662369 0.2320307 -0.10392
v 0.1534424 0.2413748 -0.1020126
v 0.2017708 0.3000565 -0.2063522
v 0.2077141 0.2847607 -0.1953735
v 0.2172012 0.2956904 -0.1852875
v 0.2112617 0.3109863 -0.1962662
v 0.1985321 0.2874723 -0.1588135
v 0.2098427 0.2852639 -0.1670685
v 0.2003555 0.2743378 -0.1771469
v 0.1890411 0.2765462 -0.1688995
v 0.1874886 0.3104867 -0.204216
v 0.1769218 0.3267564 -0.2118988
v 0.186409 0.3376861 -0.2018127
v 0.1969757 0.3214164 -0.1941299
v 0.1969757 0.3214164 -0.1941299
v 0.186409 0.3376861 -0.2018127
v 0.1958694 0.3562909 -0.214241
v 0.2127571 0.3525113 -0.2260284
v 0.2298241 0.3400466 -0.2285843
v 0.2112617 0.3109863 -0.1962662
v 0.2280769 0.3072501 -0.2080383
v 0.2404518 0.3237262 -0.2209091
v 0.2127571 0.3525113 -0.2260284
v 0.1958694 0.3562909 -0.214241
v 0.1863823 0.3453648 -0.2243271
v 0.20327 0.3415852 -0.2361145
v 0.20327 0.3415852 -0.2361145
v 0.1863823 0.3453648 -0.2243271
v 0.1769218 0.3267564 -0.2118988
v 0.1874886 0.3104867 -0.204216
v 0.2017708 0.3000565 -0.2063522
v 0.2203369 0.3291168 -0.2386703
v 0.2309685 0.3128037 -0.2309875
v 0.2185898 0.296324 -0.218132
v 0.2112617 0.3109863 -0.1962662
v 0.2280769 0.3072501 -0.2080383
v 0.2185898 0.296324 -0.218132
v 0.2017708 0.3000565 -0.2063522
v 0.2203369 0.3291168 -0.2386703
v 0.2309685 0.3128037 -0.2309875
v 0.2404518 0.3237262 -0.2209091
v 0.2298241 0.3400466 -0.2285843
v 0.20327 0.3415852 -0.2361145
v 0.1893997 0.3598099 -0.2428131
v 0.1988869 0.3707396 -0.2327271
v 0.2127571 0.3525113 -0.2260284
v 0.2127571 0.3525113 -0.2260284
v 0.1988869 0.3707396 -0.2327271
v 0.2112083 0.3928634 -0.2405167
v 0.2308922 0.3865822 -0.2522278
v 0.2157249 0.4079964 -0.2611618
v 0.2318153 0.4320642 -0.26931
v 0.2547302 0.422941 -0.280983
v 0.2399483 0.4443516 -0.2902756
v 0.2553368 0.4602665 -0.2954865
v 0.2875748 0.4599226 -0.3125153
v 0.2308922 0.3865822 -0.2522278
v 0.2112083 0.3928634 -0.2405167
v 0.201725 0.3819373 -0.2506027
v 0.221405 0.375656 -0.2623138
v 0.221405 0.375656 -0.2623138
v 0.201725 0.3819373 -0.2506027
v 0.1893997 0.3598099 -0.2428131
v 0.20327 0.3415852 -0.2361145
v 0.2452431 0.4120113 -0.291069
v 0.206234 0.3970666 -0.2712402
v 0.2223244 0.4211345 -0.2793961
v 0.2780838 0.4489965 -0.3226013
v 0.2304573 0.4334219 -0.3003616
v 0.2458458 0.4493368 -0.3055725
v 0.2298241 0.3400466 -0.2285843
v 0.2496033 0.3336929 -0.2403107
v 0.2401161 0.3227668 -0.2503967
v 0.2203369 0.3291168 -0.2386703
v 0.2203369 0.3291168 -0.2386703
v 0.2401161 0.3227668 -0.2503967
v 0.2558746 0.3423781 -0.2586899
v 0.242115 0.3605267 -0.2654114
v 0.2648315 0.3542745 -0.2799988
v 0.2812691 0.3780816 -0.288208
v 0.263916 0.3983735 -0.293869
v 0.2864532 0.3925231 -0.3087234
v 0.2960052 0.4126992 -0.3130722
v 0.284626 0.4442177 -0.3235855
v 0.242115 0.3605267 -0.2654114
v 0.2558746 0.3423781 -0.2586899
v 0.2653618 0.3533078 -0.2486115
v 0.2516022 0.3714565 -0.2553253
v 0.2516022 0.3714565 -0.2553253
v 0.2653618 0.3533078 -0.2486115
v 0.2496033 0.3336929 -0.2403107
v 0.2298241 0.3400466 -0.2285843
v 0.273407 0.4093033 -0.2837753
v 0.2743187 0.3652005 -0.2699127
v 0.29076 0.3890114 -0.2781219
v 0.2941132 0.4551474 -0.3134995
v 0.2959442 0.4034529 -0.2986374
v 0.3054962 0.4236289 -0.3029861
v 0.221405 0.375656 -0.2623138
v 0.206234 0.3970666 -0.2712402
v 0.2157249 0.4079964 -0.2611618
v 0.2308922 0.3865822 -0.2522278
v 0.2547302 0.422941 -0.280983
v 0.2318153 0.4320642 -0.26931
v 0.2223244 0.4211345 -0.2793961
v 0.2452431 0.4120113 -0.291069
v 0.2516022 0.3714565 -0.2553253
v 0.2743187 0.3652005 -0.2699127
v 0.2648315 0.3542745 -0.2799988
v 0.242115 0.3605267 -0.2654114
v 0.263916 0.3983735 -0.293869
v 0.2812691 0.3780816 -0.288208
v 0.29076 0.3890114 -0.2781219
v 0.273407 0.4093033 -0.2837753
v 0.2452431 0.4120113 -0.291069
v 0.2304573 0.4334219 -0.3003616
v 0.2399483 0.4443516 -0.2902756
v 0.2547302 0.422941 -0.280983
v 0.2875748 0.4599226 -0.3125153
v 0.2553368 0.4602665 -0.2954865
v 0.2458458 0.4493368 -0.3055725
v 0.2780838 0.4489965 -0.3226013
v 0.273407 0.4093033 -0.2837753
v 0.2959442 0.4034529 -0.2986374
v 0.2864532 0.3925231 -0.3087234
v 0.263916 0.3983735 -0.293869
v 0.284626 0.4442177 -0.3235855
v 0.2960052 0.4126992 -0.3130722
v 0.3054962 0.4236289 -0.3029861
v 0.2941132 0.4551474 -0.3134995
v 0.1890411 0.2765462 -0.1688995
v 0.1662369 0.2320307 -0.10392
v 0.175724 0.2429568 -0.09383392
v 0.1985321 0.2874723 -0.1588135
v 0.1857338 0.2968236 -0.1569061
v 0.1629257 0.2523045 -0.09192657
v 0.1534424 0.2413748 -0.1020126
v 0.1762428 0.2858938 -0.1669922
v 0.04361343 0.1835519 0.1332703
v 0.03155136 0.223818 0.02124786
v 0.06728363 0.2035361 -0.01883698
v 0.09243011 0.1435745 0.116745
v 0.09243011 0.1435745 0.116745
v 0.06728363 0.2035361 -0.01883698
v 0.05190277 0.1695259 -0.05899048
v 0.07937241 0.08415876 0.09318542
v 0.07937241 0.08415876 0.09318542
v 0.05190277 0.1695259 -0.05899048
v 0.00711441 0.1397008 -0.04284668
v 0.0174942 0.06472127 0.08615875
v 0.0174942 0.06472127 0.08615875
v 0.00711441 0.1397008 -0.04284668
v -0.02875137 0.1558673 0.001243591
v -0.03131485 0.1046941 0.1026917
v -0.03131485 0.1046941 0.1026917
v -0.02875137 0.1558673 0.001243591
v -0.02038193 0.2129896 0.003448486
v -0.01826477 0.1641171 0.1262436
v -0.01826477 0.1641171 0.1262436
v -0.02038193 0.2129896 0.003448486
v 0.03155136 0.223818 0.02124786
v 0.04361343 0.1835519 0.1332703
v 0.09243011 0.1435745 0.116745
v 0.07672119 0.1055313 0.1984558
v 0.04070282 0.1350297 0.2106476
v 0.04361343 0.1835519 0.1332703
v 0.07937241 0.08415876 0.09318542
v 0.06709671 0.06170554 0.181076
v 0.07672119 0.1055313 0.1984558
v 0.09243011 0.1435745 0.116745
v 0.0174942 0.06472127 0.08615875
v 0.02145004 0.04737451 0.1759033
v 0.06709671 0.06170554 0.181076
v 0.07937241 0.08415876 0.09318542
v -0.03131485 0.1046941 0.1026917
v -0.0145607 0.07687287 0.1880951
v 0.02145004 0.04737451 0.1759033
v 0.0174942 0.06472127 0.08615875
v -0.01826477 0.1641171 0.1262436
v -0.004936218 0.1206986 0.2054672
v -0.0145607 0.07687287 0.1880951
v -0.03131485 0.1046941 0.1026917
v 0.04361343 0.1835519 0.1332703
v 0.04070282 0.1350297 0.2106476
v -0.004936218 0.1206986 0.2054672
v -0.01826477 0.1641171 0.1262436
v 0.05190277 0.1695259 -0.05899048
v 0.02159882 0.2208412 -0.1248245
v -0.01890945 0.2010354 -0.1175461
v 0.00711441 0.1397008 -0.04284668
v 0.06728363 0.2035361 -0.01883698
v 0.02982712 0.2628604 -0.1102982
v 0.02159882 0.2208412 -0.1248245
v 0.05190277 0.1695259 -0.05899048
v 0.03155136 0.223818 0.02124786
v -0.001842499 0.2833288 -0.08535004
v 0.02982712 0.2628604 -0.1102982
v 0.06728363 0.2035361 -0.01883698
v -0.02038193 0.2129896 0.003448486
v -0.04286194 0.2649919 -0.08068848
v -0.001842499 0.2833288 -0.08535004
v 0.03155136 0.223818 0.02124786
v -0.02875137 0.1558673 0.001243591
v -0.05329514 0.2323656 -0.1132889
v -0.04286194 0.2649919 -0.08068848
v -0.02038193 0.2129896 0.003448486
v 0.00711441 0.1397008 -0.04284668
v -0.01890945 0.2010354 -0.1175461
v -0.05329514 0.2323656 -0.1132889
v -0.02875137 0.1558673 0.001243591
v -0.001842499 0.2833288 -0.08535004
v -0.001602173 0.2988518 -0.09098053
v 0.03820419 0.2724136 -0.1204376
v 0.02982712 0.2628604 -0.1102982
v 0.02982712 0.2628604 -0.1102982
v 0.03820419 0.2724136 -0.1204376
v 0.02762985 0.2209399 -0.1402054
v 0.02159882 0.2208412 -0.1248245
v 0.02159882 0.2208412 -0.1248245
v 0.02762985 0.2209399 -0.1402054
v -0.02333069 0.1975644 -0.1334686
v -0.01890945 0.2010354 -0.1175461
v -0.01890945 0.2010354 -0.1175461
v -0.02333069 0.1975644 -0.1334686
v -0.06571198 0.2344572 -0.12397
v -0.05329514 0.2323656 -0.1132889
v -0.05329514 0.2323656 -0.1132889
v -0.06571198 0.2344572 -0.12397
v -0.05304337 0.2768575 -0.08672333
v -0.04286194 0.2649919 -0.08068848
v -0.04286194 0.2649919 -0.08068848
v -0.05304337 0.2768575 -0.08672333
v -0.001602173 0.2988518 -0.09098053
v -0.001842499 0.2833288 -0.08535004
v -0.001602173 0.2988518 -0.09098053
v -0.00888443 0.300729 -0.1204071
v 0.02241135 0.2782414 -0.1390457
v 0.03820419 0.2724136 -0.1204376
v 0.03820419 0.2724136 -0.1204376
v 0.02241135 0.2782414 -0.1390457
v 0.01353455 0.2409792 -0.1581573
v 0.02762985 0.2209399 -0.1402054
v 0.02762985 0.2209399 -0.1402054
v 0.01353455 0.2409792 -0.1581573
v -0.02664185 0.2261993 -0.1586227
v -0.02333069 0.1975644 -0.1334686
v -0.02333069 0.1975644 -0.1334686
v -0.02664185 0.2261993 -0.1586227
v -0.05793762 0.2486869 -0.1399841
v -0.06571198 0.2344572 -0.12397
v -0.06571198 0.2344572 -0.12397
v -0.05793762 0.2486869 -0.1399841
v -0.04906082 0.2859527 -0.1208801
v -0.05304337 0.2768575 -0.08672333
v -0.05304337 0.2768575 -0.08672333
v -0.04906082 0.2859527 -0.1208801
v -0.00888443 0.300729 -0.1204071
v -0.001602173 0.2988518 -0.09098053
v -0.04890823 0.329897 -0.2032928
v -0.05666351 0.3448109 -0.217865
v -0.06671524 0.3519248 -0.2052307
v -0.05895615 0.3370128 -0.1906586
v -0.1390572 0.5319715 -0.2954712
v -0.1327553 0.5365466 -0.2930374
v -0.1428108 0.5436588 -0.2804031
v -0.1491127 0.5390854 -0.2828445
v -0.02375412 0.3687105 -0.2051239
v -0.01905441 0.3515791 -0.1917343
v -0.02910614 0.3586912 -0.1791077
v -0.03380203 0.3758226 -0.1924973
v -0.0008773804 0.2787138 -0.1399994
v -0.01320267 0.2697617 -0.1447754
v -0.02325439 0.2768747 -0.1321411
v -0.01092911 0.285826 -0.1273727
v -0.06795883 0.3619712 -0.2365112
v -0.08104706 0.3809028 -0.2443008
v -0.09109497 0.388014 -0.2316742
v -0.07801437 0.3690842 -0.2238846
v -0.06145477 0.3699875 -0.2112122
v -0.08120728 0.4063066 -0.234108
v -0.06477356 0.4182446 -0.2277451
v -0.04769897 0.3799733 -0.2058945
v -0.07801437 0.3690842 -0.2238846
v -0.09109497 0.388014 -0.2316742
v -0.08120728 0.4063066 -0.234108
v -0.06477356 0.4182446 -0.2277451
v -0.03787994 0.3982224 -0.2083511
v -0.04815292 0.4191922 -0.2150497
v -0.08437347 0.4576002 -0.2433319
v -0.1043243 0.4431171 -0.2510529
v -0.1097717 0.4996348 -0.2608032
v -0.1277618 0.4865727 -0.2677689
v -0.1428108 0.5436588 -0.2804031
v -0.1491127 0.5390854 -0.2828445
v -0.03787994 0.3982224 -0.2083511
v -0.04815292 0.4191922 -0.2150497
v -0.03810501 0.4120819 -0.227684
v -0.0278244 0.3911103 -0.2209854
v -0.03764725 0.372862 -0.2185211
v -0.05471802 0.4111333 -0.2403793
v -0.07116318 0.3991954 -0.2467346
v -0.05140305 0.3628754 -0.2238388
v -0.0278244 0.3911103 -0.2209854
v -0.03810501 0.4120819 -0.227684
v -0.05471802 0.4111333 -0.2403793
v -0.07116318 0.3991954 -0.2467346
v -0.06795883 0.3619712 -0.2365112
v -0.08104706 0.3809028 -0.2443008
v -0.0942688 0.4360068 -0.2636795
v -0.07432175 0.450488 -0.2559586
v -0.1177101 0.4794596 -0.2804031
v -0.09972382 0.4925172 -0.2734375
v -0.1390572 0.5319715 -0.2954712
v -0.1327553 0.5365466 -0.2930374
v -0.0905571 0.3956411 -0.26017
v -0.1071968 0.4160977 -0.2627563
v -0.1172447 0.4232089 -0.2501297
v -0.100605 0.4027514 -0.2475433
v -0.05175781 0.4382179 -0.2286377
v -0.06507874 0.4610829 -0.2299347
v -0.05502701 0.4539717 -0.2425613
v -0.0417099 0.4311076 -0.2412643
v -0.1165886 0.4332372 -0.2798843
v -0.1341019 0.4576518 -0.2811737
v -0.1441574 0.4647648 -0.2685394
v -0.1266441 0.4403493 -0.2672501
v -0.07020187 0.4813277 -0.2454147
v -0.08737564 0.5059903 -0.2465668
v -0.07732391 0.4988763 -0.2591934
v -0.06015396 0.4742165 -0.2580414
v -0.1398621 0.4771689 -0.2967453
v -0.1503372 0.4973024 -0.2952576
v -0.1603928 0.5044154 -0.2826233
v -0.1499138 0.4842828 -0.284111
v -0.0959816 0.5234402 -0.263237
v -0.1120796 0.5394927 -0.263916
v -0.1020241 0.5323788 -0.2765579
v -0.08592606 0.5163263 -0.2758636
v -0.0377655 0.3301215 -0.1945496
v -0.04890823 0.329897 -0.2032928
v -0.05895615 0.3370128 -0.1906586
v -0.04781342 0.3372345 -0.1819229
v -0.04781342 0.3372345 -0.1819229
v -0.05895615 0.3370128 -0.1906586
v -0.06671524 0.3519248 -0.2052307
v -0.06145477 0.3699875 -0.2112122
v -0.04769897 0.3799733 -0.2058945
v -0.03548813 0.3461857 -0.1771469
v -0.02325439 0.2768747 -0.1321411
v -0.01092911 0.285826 -0.1273727
v -0.02910614 0.3586912 -0.1791077
v -0.03380203 0.3758226 -0.1924973
v -0.06145477 0.3699875 -0.2112122
v -0.06671524 0.3519248 -0.2052307
v -0.05666351 0.3448109 -0.217865
v -0.05140305 0.3628754 -0.2238388
v -0.05140305 0.3628754 -0.2238388
v -0.05666351 0.3448109 -0.217865
v -0.04890823 0.329897 -0.2032928
v -0.0377655 0.3301215 -0.1945496
v -0.0254364 0.3390736 -0.1897736
v -0.03764725 0.372862 -0.2185211
v -0.02375412 0.3687105 -0.2051239
v -0.01905441 0.3515791 -0.1917343
v -0.0008773804 0.2787138 -0.1399994
v -0.01320267 0.2697617 -0.1447754
v -0.03764725 0.372862 -0.2185211
v -0.02375412 0.3687105 -0.2051239
v -0.03380203 0.3758226 -0.1924973
v -0.04769897 0.3799733 -0.2058945
v -0.03548813 0.3461857 -0.1771469
v -0.02910614 0.3586912 -0.1791077
v -0.01905441 0.3515791 -0.1917343
v -0.0254364 0.3390736 -0.1897736
v -0.05140305 0.3628754 -0.2238388
v -0.06795883 0.3619712 -0.2365112
v -0.07801437 0.3690842 -0.2238846
v -0.06145477 0.3699875 -0.2112122
v -0.08120728 0.4063066 -0.234108
v -0.09109497 0.388014 -0.2316742
v -0.08104706 0.3809028 -0.2443008
v -0.07116318 0.3991954 -0.2467346
v -0.04769897 0.3799733 -0.2058945
v -0.03787994 0.3982224 -0.2083511
v -0.0278244 0.3911103 -0.2209854
v -0.03764725 0.372862 -0.2185211
v -0.05471802 0.4111333 -0.2403793
v -0.03810501 0.4120819 -0.227684
v -0.04815292 0.4191922 -0.2150497
v -0.06477356 0.4182446 -0.2277451
v -0.07116318 0.3991954 -0.2467346
v -0.0905571 0.3956411 -0.26017
v -0.100605 0.4027514 -0.2475433
v -0.08120728 0.4063066 -0.234108
v -0.08120728 0.4063066 -0.234108
v -0.100605 0.4027514 -0.2475433
v -0.1172447 0.4232089 -0.2501297
v -0.1043243 0.4431171 -0.2510529
v -0.1266441 0.4403493 -0.2672501
v -0.1441574 0.4647648 -0.2685394
v -0.1277618 0.4865727 -0.2677689
v -0.1499138 0.4842828 -0.284111
v -0.1603928 0.5044154 -0.2826233
v -0.1491127 0.5390854 -0.2828445
v -0.1043243 0.4431171 -0.2510529
v -0.1172447 0.4232089 -0.2501297
v -0.1071968 0.4160977 -0.2627563
v -0.0942688 0.4360068 -0.2636795
v -0.0942688 0.4360068 -0.2636795
v -0.1071968 0.4160977 -0.2627563
v -0.0905571 0.3956411 -0.26017
v -0.07116318 0.3991954 -0.2467346
v -0.1177101 0.4794596 -0.2804031
v -0.1165886 0.4332372 -0.2798843
v -0.1341019 0.4576518 -0.2811737
v -0.1390572 0.5319715 -0.2954712
v -0.1398621 0.4771689 -0.2967453
v -0.1503372 0.4973024 -0.2952576
v -0.06477356 0.4182446 -0.2277451
v -0.05175781 0.4382179 -0.2286377
v -0.0417099 0.4311076 -0.2412643
v -0.05471802 0.4111333 -0.2403793
v -0.05471802 0.4111333 -0.2403793
v -0.0417099 0.4311076 -0.2412643
v -0.05502701 0.4539717 -0.2425613
v -0.07432175 0.450488 -0.2559586
v -0.06015396 0.4742165 -0.2580414
v -0.07732391 0.4988763 -0.2591934
v -0.09972382 0.4925172 -0.2734375
v -0.08592606 0.5163263 -0.2758636
v -0.1020241 0.5323788 -0.2765579
v -0.1327553 0.5365466 -0.2930374
v -0.07432175 0.450488 -0.2559586
v -0.05502701 0.4539717 -0.2425613
v -0.06507874 0.4610829 -0.2299347
v -0.08437347 0.4576002 -0.2433319
v -0.08437347 0.4576002 -0.2433319
v -0.06507874 0.4610829 -0.2299347
v -0.05175781 0.4382179 -0.2286377
v -0.06477356 0.4182446 -0.2277451
v -0.1097717 0.4996348 -0.2608032
v -0.07020187 0.4813277 -0.2454147
v -0.08737564 0.5059903 -0.2465668
v -0.1428108 0.5436588 -0.2804031
v -0.0959816 0.5234402 -0.263237
v -0.1120796 0.5394927 -0.263916
v -0.0942688 0.4360068 -0.2636795
v -0.1165886 0.4332372 -0.2798843
v -0.1266441 0.4403493 -0.2672501
v -0.1043243 0.4431171 -0.2510529
v -0.1277618 0.4865727 -0.2677689
v -0.1441574 0.4647648 -0.2685394
v -0.1341019 0.4576518 -0.2811737
v -0.1177101 0.4794596 -0.2804031
v -0.08437347 0.4576002 -0.2433319
v -0.07020187 0.4813277 -0.2454147
v -0.06015396 0.4742165 -0.2580414
v -0.07432175 0.450488 -0.2559586
v -0.09972382 0.4925172 -0.2734375
v -0.07732391 0.4988763 -0.2591934
v -0.08737564 0.5059903 -0.2465668
v -0.1097717 0.4996348 -0.2608032
v -0.1177101 0.4794596 -0.2804031
v -0.1398621 0.4771689 -0.2967453
v -0.1499138 0.4842828 -0.284111
v -0.1277618 0.4865727 -0.2677689
v -0.1491127 0.5390854 -0.2828445
v -0.1603928 0.5044154 -0.2826233
v -0.1503372 0.4973024 -0.2952576
v -0.1390572 0.5319715 -0.2954712
v -0.1097717 0.4996348 -0.2608032
v -0.0959816 0.5234402 -0.263237
v -0.08592606 0.5163263 -0.2758636
v -0.09972382 0.4925172 -0.2734375
v -0.1327553 0.5365466 -0.2930374
v -0.1020241 0.5323788 -0.2765579
v -0.1120796 0.5394927 -0.263916
v -0.1428108 0.5436588 -0.2804031
v -0.0254364 0.3390736 -0.1897736
v -0.0008773804 0.2787138 -0.1399994
v -0.01092911 0.285826 -0.1273727
v -0.03548813 0.3461857 -0.1771469
v -0.04781342 0.3372345 -0.1819229
v -0.02325439 0.2768747 -0.1321411
v -0.01320267 0.2697617 -0.1447754
v -0.0377655 0.3301215 -0.1945496
v -0.004806519 0.2995859 -0.2026215
v -0.004768372 0.3102649 -0.2221375
v 0.006019592 0.298011 -0.2288132
v 0.00598526 0.2873329 -0.2093048
v 0.007553101 0.3426921 -0.4380951
v 0.001121521 0.3379902 -0.4398499
v 0.01190948 0.3257346 -0.4465332
v 0.01834488 0.3304364 -0.4447784
v -0.03836441 0.2856974 -0.2313156
v -0.03528214 0.277301 -0.2109528
v -0.02449417 0.265048 -0.2176361
v -0.02757645 0.2734427 -0.237999
v -0.02175522 0.2467853 -0.1260834
v -0.009170532 0.2559882 -0.1226425
v 0.001617432 0.2437361 -0.1293335
v -0.01096725 0.2345342 -0.1327667
v -0.002967834 0.3247308 -0.2457428
v 0.002754211 0.3287638 -0.2690125
v 0.01354218 0.3165154 -0.2756958
v 0.007823944 0.3124778 -0.2524261
v -0.004814148 0.2974734 -0.2453079
v -0.0008163452 0.3117818 -0.290184
v -0.01760101 0.299508 -0.2947693
v -0.01885605 0.2872026 -0.2491531
v 0.007823944 0.3124778 -0.2524261
v 0.01354218 0.3165154 -0.2756958
v -0.0008163452 0.3117818 -0.290184
v -0.01760101 0.299508 -0.2947693
v -0.0331459 0.2825188 -0.2636261
v -0.03029251 0.2844584 -0.2876663
v -0.01268768 0.3060201 -0.3406982
v 0.007678986 0.3209114 -0.3351288
v -0.003463745 0.3145242 -0.3912964
v 0.01489639 0.3279502 -0.3862762
v 0.01190948 0.3257346 -0.4465332
v 0.01834488 0.3304364 -0.4447784
v -0.0331459 0.2825188 -0.2636261
v -0.03029251 0.2844584 -0.2876663
v -0.04108047 0.2967077 -0.280983
v -0.04393005 0.2947727 -0.2569427
v -0.0296402 0.2994564 -0.2424622
v -0.02838135 0.3117592 -0.2880859
v -0.01160049 0.3240321 -0.2835007
v -0.01560211 0.3097264 -0.2386246
v -0.04393005 0.2947727 -0.2569427
v -0.04108047 0.2967077 -0.280983
v -0.02838135 0.3117592 -0.2880859
v -0.01160049 0.3240321 -0.2835007
v -0.002967834 0.3247308 -0.2457428
v 0.002754211 0.3287638 -0.2690125
v -0.003108978 0.3331634 -0.3284454
v -0.02347183 0.3182722 -0.3340149
v 0.004108429 0.340205 -0.3795853
v -0.01425171 0.3267781 -0.3846054
v 0.007553101 0.3426921 -0.4380951
v 0.001121521 0.3379902 -0.4398499
v 0.004165649 0.3410168 -0.2891922
v 0.01411438 0.3403009 -0.313736
v 0.02489853 0.3280506 -0.3204193
v 0.01494598 0.3287638 -0.2958755
v -0.03491592 0.2923 -0.3095016
v -0.0283432 0.2891114 -0.3349686
v -0.03913116 0.3013625 -0.3282852
v -0.04570007 0.3045502 -0.3028183
v 0.01451874 0.3530209 -0.3363953
v 0.02464294 0.3500857 -0.3645706
v 0.03543091 0.3378282 -0.371254
v 0.02530289 0.3407697 -0.3430786
v -0.03230667 0.2986392 -0.3588257
v -0.0225296 0.2954433 -0.3870926
v -0.03331757 0.3077008 -0.3804016
v -0.04309082 0.3108885 -0.3521423
v 0.02143097 0.3600253 -0.3879623
v 0.02669144 0.3545297 -0.4094009
v 0.03747559 0.342274 -0.4160919
v 0.03221893 0.3477705 -0.3946457
v -0.02283478 0.3075062 -0.4096985
v -0.01183701 0.3062065 -0.4295654
v -0.02262497 0.3184622 -0.4228745
v -0.03362274 0.3197628 -0.4030075
v -0.01316833 0.2893929 -0.1974258
v -0.004806519 0.2995859 -0.2026215
v 0.00598526 0.2873329 -0.2093048
v -0.002380371 0.2771399 -0.2041092
v -0.002380371 0.2771399 -0.2041092
v 0.00598526 0.2873329 -0.2093048
v 0.006019592 0.298011 -0.2288132
v -0.004814148 0.2974734 -0.2453079
v -0.01885605 0.2872026 -0.2491531
v -0.01496124 0.2679371 -0.20755
v 0.001617432 0.2437361 -0.1293335
v -0.01096725 0.2345342 -0.1327667
v -0.02449417 0.265048 -0.2176361
v -0.02757645 0.2734427 -0.237999
v -0.004814148 0.2974734 -0.2453079
v 0.006019592 0.298011 -0.2288132
v -0.004768372 0.3102649 -0.2221375
v -0.01560211 0.3097264 -0.2386246
v -0.01560211 0.3097264 -0.2386246
v -0.004768372 0.3102649 -0.2221375
v -0.004806519 0.2995859 -0.2026215
v -0.01316833 0.2893929 -0.1974258
v -0.02574921 0.2801918 -0.2008667
v -0.0296402 0.2994564 -0.2424622
v -0.03836441 0.2856974 -0.2313156
v -0.03528214 0.277301 -0.2109528
v -0.02175522 0.2467853 -0.1260834
v -0.009170532 0.2559882 -0.1226425
v -0.0296402 0.2994564 -0.2424622
v -0.03836441 0.2856974 -0.2313156
v -0.02757645 0.2734427 -0.237999
v -0.01885605 0.2872026 -0.2491531
v -0.01496124 0.2679371 -0.20755
v -0.02449417 0.265048 -0.2176361
v -0.03528214 0.277301 -0.2109528
v -0.02574921 0.2801918 -0.2008667
v -0.01560211 0.3097264 -0.2386246
v -0.002967834 0.3247308 -0.2457428
v 0.007823944 0.3124778 -0.2524261
v -0.004814148 0.2974734 -0.2453079
v -0.0008163452 0.3117818 -0.290184
v 0.01354218 0.3165154 -0.2756958
v 0.002754211 0.3287638 -0.2690125
v -0.01160049 0.3240321 -0.2835007
v -0.01885605 0.2872026 -0.2491531
v -0.0331459 0.2825188 -0.2636261
v -0.04393005 0.2947727 -0.2569427
v -0.0296402 0.2994564 -0.2424622
v -0.02838135 0.3117592 -0.2880859
v -0.04108047 0.2967077 -0.280983
v -0.03029251 0.2844584 -0.2876663
v -0.01760101 0.299508 -0.2947693
v -0.01160049 0.3240321 -0.2835007
v 0.004165649 0.3410168 -0.2891922
v 0.01494598 0.3287638 -0.2958755
v -0.0008163452 0.3117818 -0.290184
v -0.0008163452 0.3117818 -0.290184
v 0.01494598 0.3287638 -0.2958755
v 0.02489853 0.3280506 -0.3204193
v 0.007678986 0.3209114 -0.3351288
v 0.02530289 0.3407697 -0.3430786
v 0.03543091 0.3378282 -0.371254
v 0.01489639 0.3279502 -0.3862762
v 0.03221893 0.3477705 -0.3946457
v 0.03747559 0.342274 -0.4160919
v 0.01834488 0.3304364 -0.4447784
v 0.007678986 0.3209114 -0.3351288
v 0.02489853 0.3280506 -0.3204193
v 0.01411438 0.3403009 -0.313736
v -0.003108978 0.3331634 -0.3284454
v -0.003108978 0.3331634 -0.3284454
v 0.01411438 0.3403009 -0.313736
v 0.004165649 0.3410168 -0.2891922
v -0.01160049 0.3240321 -0.2835007
v 0.004108429 0.340205 -0.3795853
v 0.01451874 0.3530209 -0.3363953
v 0.02464294 0.3500857 -0.3645706
v 0.007553101 0.3426921 -0.4380951
v 0.02143097 0.3600253 -0.3879623
v 0.02669144 0.3545297 -0.4094009
v -0.01760101 0.299508 -0.2947693
v -0.03491592 0.2923 -0.3095016
v -0.04570007 0.3045502 -0.3028183
v -0.02838135 0.3117592 -0.2880859
v -0.02838135 0.3117592 -0.2880859
v -0.04570007 0.3045502 -0.3028183
v -0.03913116 0.3013625 -0.3282852
v -0.02347183 0.3182722 -0.3340149
v -0.04309082 0.3108885 -0.3521423
v -0.03331757 0.3077008 -0.3804016
v -0.01425171 0.3267781 -0.3846054
v -0.03362274 0.3197628 -0.4030075
v -0.02262497 0.3184622 -0.4228745
v 0.001121521 0.3379902 -0.4398499
v -0.02347183 0.3182722 -0.3340149
v -0.03913116 0.3013625 -0.3282852
v -0.0283432 0.2891114 -0.3349686
v -0.01268768 0.3060201 -0.3406982
v -0.01268768 0.3060201 -0.3406982
v -0.0283432 0.2891114 -0.3349686
v -0.03491592 0.2923 -0.3095016
v -0.01760101 0.299508 -0.2947693
v -0.003463745 0.3145242 -0.3912964
v -0.03230667 0.2986392 -0.3588257
v -0.0225296 0.2954433 -0.3870926
v 0.01190948 0.3257346 -0.4465332
v -0.02283478 0.3075062 -0.4096985
v -0.01183701 0.3062065 -0.4295654
v -0.003108978 0.3331634 -0.3284454
v 0.01451874 0.3530209 -0.3363953
v 0.02530289 0.3407697 -0.3430786
v 0.007678986 0.3209114 -0.3351288
v 0.01489639 0.3279502 -0.3862762
v 0.03543091 0.3378282 -0.371254
v 0.02464294 0.3500857 -0.3645706
v 0.004108429 0.340205 -0.3795853
v -0.01268768 0.3060201 -0.3406982
v -0.03230667 0.2986392 -0.3588257
v -0.04309082 0.3108885 -0.3521423
v -0.02347183 0.3182722 -0.3340149
v -0.01425171 0.3267781 -0.3846054
v -0.03331757 0.3077008 -0.3804016
v -0.0225296 0.2954433 -0.3870926
v -0.003463745 0.3145242 -0.3912964
v 0.004108429 0.340205 -0.3795853
v 0.02143097 0.3600253 -0.3879623
v 0.03221893 0.3477705 -0.3946457
v 0.01489639 0.3279502 -0.3862762
v 0.01834488 0.3304364 -0.4447784
v 0.03747559 0.342274 -0.4160919
v 0.02669144 0.3545297 -0.4094009
v 0.007553101 0.3426921 -0.4380951
v -0.003463745 0.3145242 -0.3912964
v -0.02283478 0.3075062 -0.4096985
v -0.03362274 0.3197628 -0.4030075
v -0.01425171 0.3267781 -0.3846054
v 0.001121521 0.3379902 -0.4398499
v -0.02262497 0.3184622 -0.4228745
v -0.01183701 0.3062065 -0.4295654
v 0.01190948 0.3257346 -0.4465332
v -0.02574921 0.2801918 -0.2008667
v -0.02175522 0.2467853 -0.1260834
v -0.01096725 0.2345342 -0.1327667
v -0.01496124 0.2679371 -0.20755
v -0.002380371 0.2771399 -0.2041092
v 0.001617432 0.2437361 -0.1293335
v -0.009170532 0.2559882 -0.1226425
v -0.01316833 0.2893929 -0.1974258
v -0.05665207 0.2691462 -0.2200546
v -0.06476593 0.2778676 -0.2388382
v -0.08106613 0.2732155 -0.2339554
v -0.07295227 0.2644959 -0.2151718
v -0.2055016 0.3728295 -0.3767395
v -0.2061691 0.3797063 -0.372406
v -0.2224655 0.3750542 -0.3675156
v -0.2218056 0.3681756 -0.3718567
v -0.06822586 0.3137947 -0.2161713
v -0.05979156 0.3017372 -0.1994858
v -0.07609177 0.2970861 -0.1946106
v -0.08452988 0.3091426 -0.2112885
v -0.02259445 0.2504536 -0.1338959
v -0.02129745 0.2369987 -0.1423874
v -0.03760147 0.2323466 -0.1375046
v -0.03890228 0.2458006 -0.1290131
v -0.07460403 0.2867573 -0.2632141
v -0.09156799 0.2931652 -0.2793808
v -0.1078682 0.288514 -0.274498
v -0.09090805 0.2821043 -0.2583313
v -0.08781052 0.2908763 -0.2396469
v -0.113739 0.3086059 -0.274971
v -0.1154671 0.32655 -0.2636414
v -0.0892601 0.3058916 -0.2301712
v -0.09090805 0.2821043 -0.2583313
v -0.1078682 0.288514 -0.274498
v -0.113739 0.3086059 -0.274971
v -0.1154671 0.32655 -0.2636414
v -0.09512329 0.3259102 -0.2306824
v -0.112381 0.3353881 -0.2449188
v -0.1466942 0.3448218 -0.2930908
v -0.1445923 0.3230492 -0.3068314
v -0.1822014 0.361544 -0.3274002
v -0.1803055 0.341911 -0.3397903
v -0.2224655 0.3750542 -0.3675156
v -0.2218056 0.3681756 -0.3718567
v -0.09512329 0.3259102 -0.2306824
v -0.112381 0.3353881 -0.2449188
v -0.09608841 0.3400366 -0.2498016
v -0.07882309 0.330565 -0.2355652
v -0.07295609 0.310541 -0.2350616
v -0.09916687 0.3312012 -0.2685242
v -0.09744263 0.3132562 -0.2798462
v -0.07151413 0.2955293 -0.2445297
v -0.07882309 0.330565 -0.2355652
v -0.09608841 0.3400366 -0.2498016
v -0.09916687 0.3312012 -0.2685242
v -0.09744263 0.3132562 -0.2798462
v -0.07460403 0.2867573 -0.2632141
v -0.09156799 0.2931652 -0.2793808
v -0.1282959 0.3276977 -0.3117142
v -0.1303902 0.3494721 -0.2979736
v -0.1640053 0.3465632 -0.3446732
v -0.1658936 0.3661952 -0.332283
v -0.2055016 0.3728295 -0.3767395
v -0.2061691 0.3797063 -0.372406
v -0.0999794 0.3008901 -0.3000946
v -0.122364 0.304791 -0.3137283
v -0.1386642 0.3001389 -0.3088455
v -0.1162796 0.2962389 -0.2952194
v -0.1214142 0.3495608 -0.2615662
v -0.1441422 0.3570756 -0.2729111
v -0.1278458 0.3617269 -0.2777939
v -0.1051178 0.354212 -0.266449
v -0.1317902 0.3145785 -0.3358841
v -0.1579742 0.3203819 -0.3494873
v -0.1742783 0.315728 -0.3446045
v -0.1480904 0.3099264 -0.3310013
v -0.1540222 0.3715316 -0.2921219
v -0.1802521 0.3777024 -0.3054886
v -0.1639481 0.3823555 -0.310379
v -0.137722 0.3761828 -0.2970047
v -0.1676712 0.3339183 -0.3689575
v -0.1881599 0.3407652 -0.3760834
v -0.204464 0.3361131 -0.3712006
v -0.1839752 0.3292671 -0.3640823
v -0.1896439 0.388138 -0.3269272
v -0.2095413 0.3888467 -0.3379211
v -0.1932373 0.3934988 -0.342804
v -0.1733437 0.3927901 -0.33181
v -0.05440521 0.2747306 -0.2072296
v -0.05665207 0.2691462 -0.2200546
v -0.07295227 0.2644959 -0.2151718
v -0.07070541 0.2700767 -0.2023468
v -0.07070541 0.2700767 -0.2023468
v -0.07295227 0.2644959 -0.2151718
v -0.08106613 0.2732155 -0.2339554
v -0.08781052 0.2908763 -0.2396469
v -0.0892601 0.3058916 -0.2301712
v -0.0719986 0.2835352 -0.1938553
v -0.03760147 0.2323466 -0.1375046
v -0.03890228 0.2458006 -0.1290131
v -0.07609177 0.2970861 -0.1946106
v -0.08452988 0.3091426 -0.2112885
v -0.08781052 0.2908763 -0.2396469
v -0.08106613 0.2732155 -0.2339554
v -0.06476593 0.2778676 -0.2388382
v -0.07151413 0.2955293 -0.2445297
v -0.07151413 0.2955293 -0.2445297
v -0.06476593 0.2778676 -0.2388382
v -0.05665207 0.2691462 -0.2200546
v -0.05440521 0.2747306 -0.2072296
v -0.05569839 0.2881855 -0.1987381
v -0.07295609 0.310541 -0.2350616
v -0.06822586 0.3137947 -0.2161713
v -0.05979156 0.3017372 -0.1994858
v -0.02259445 0.2504536 -0.1338959
v -0.02129745 0.2369987 -0.1423874
v -0.07295609 0.310541 -0.2350616
v -0.06822586 0.3137947 -0.2161713
v -0.08452988 0.3091426 -0.2112885
v -0.0892601 0.3058916 -0.2301712
v -0.0719986 0.2835352 -0.1938553
v -0.07609177 0.2970861 -0.1946106
v -0.05979156 0.3017372 -0.1994858
v -0.05569839 0.2881855 -0.1987381
v -0.07151413 0.2955293 -0.2445297
v -0.07460403 0.2867573 -0.2632141
v -0.09090805 0.2821043 -0.2583313
v -0.08781052 0.2908763 -0.2396469
v -0.113739 0.3086059 -0.274971
v -0.1078682 0.288514 -0.274498
v -0.09156799 0.2931652 -0.2793808
v -0.09744263 0.3132562 -0.2798462
v -0.0892601 0.3058916 -0.2301712
v -0.09512329 0.3259102 -0.2306824
v -0.07882309 0.330565 -0.2355652
v -0.07295609 0.310541 -0.2350616
v -0.09916687 0.3312012 -0.2685242
v -0.09608841 0.3400366 -0.2498016
v -0.112381 0.3353881 -0.2449188
v -0.1154671 0.32655 -0.2636414
v -0.09744263 0.3132562 -0.2798462
v -0.0999794 0.3008901 -0.3000946
v -0.1162796 0.2962389 -0.2952194
v -0.113739 0.3086059 -0.274971
v -0.113739 0.3086059 -0.274971
v -0.1162796 0.2962389 -0.2952194
v -0.1386642 0.3001389 -0.3088455
v -0.1445923 0.3230492 -0.3068314
v -0.1480904 0.3099264 -0.3310013
v -0.1742783 0.315728 -0.3446045
v -0.1803055 0.341911 -0.3397903
v -0.1839752 0.3292671 -0.3640823
v -0.204464 0.3361131 -0.3712006
v -0.2218056 0.3681756 -0.3718567
v -0.1445923 0.3230492 -0.3068314
v -0.1386642 0.3001389 -0.3088455
v -0.122364 0.304791 -0.3137283
v -0.1282959 0.3276977 -0.3117142
v -0.1282959 0.3276977 -0.3117142
v -0.122364 0.304791 -0.3137283
v -0.0999794 0.3008901 -0.3000946
v -0.09744263 0.3132562 -0.2798462
v -0.1640053 0.3465632 -0.3446732
v -0.1317902 0.3145785 -0.3358841
v -0.1579742 0.3203819 -0.3494873
v -0.2055016 0.3728295 -0.3767395
v -0.1676712 0.3339183 -0.3689575
v -0.1881599 0.3407652 -0.3760834
v -0.1154671 0.32655 -0.2636414
v -0.1214142 0.3495608 -0.2615662
v -0.1051178 0.354212 -0.266449
v -0.09916687 0.3312012 -0.2685242
v -0.09916687 0.3312012 -0.2685242
v -0.1051178 0.354212 -0.266449
v -0.1278458 0.3617269 -0.2777939
v -0.1303902 0.3494721 -0.2979736
v -0.137722 0.3761828 -0.2970047
v -0.1639481 0.3823555 -0.310379
v -0.1658936 0.3661952 -0.332283
v -0.1733437 0.3927901 -0.33181
v -0.1932373 0.3934988 -0.342804
v -0.2061691 0.3797063 -0.372406
v -0.1303902 0.3494721 -0.2979736
v -0.1278458 0.3617269 -0.2777939
v -0.1441422 0.3570756 -0.2729111
v -0.1466942 0.3448218 -0.2930908
v -0.1466942 0.3448218 -0.2930908
v -0.1441422 0.3570756 -0.2729111
v -0.1214142 0.3495608 -0.2615662
v -0.1154671 0.32655 -0.2636414
v -0.1822014 0.361544 -0.3274002
v -0.1540222 0.3715316 -0.2921219
v -0.1802521 0.3777024 -0.3054886
v -0.2224655 0.3750542 -0.3675156
v -0.1896439 0.388138 -0.3269272
v -0.2095413 0.3888467 -0.3379211
v -0.1282959 0.3276977 -0.3117142
v -0.1317902 0.3145785 -0.3358841
v -0.1480904 0.3099264 -0.3310013
v -0.1445923 0.3230492 -0.3068314
v -0.1803055 0.341911 -0.3397903
v -0.1742783 0.315728 -0.3446045
v -0.1579742 0.3203819 -0.3494873
v -0.1640053 0.3465632 -0.3446732
v -0.1466942 0.3448218 -0.2930908
v -0.1540222 0.3715316 -0.2921219
v -0.137722 0.3761828 -0.2970047
v -0.1303902 0.3494721 -0.2979736
v -0.1658936 0.3661952 -0.332283
v -0.1639481 0.3823555 -0.310379
v -0.1802521 0.3777024 -0.3054886
v -0.1822014 0.361544 -0.3274002
v -0.1640053 0.3465632 -0.3446732
v -0.1676712 0.3339183 -0.3689575
v -0.1839752 0.3292671 -0.3640823
v -0.1803055 0.341911 -0.3397903
v -0.2218056 0.3681756 -0.3718567
v -0.204464 0.3361131 -0.3712006
v -0.1881599 0.3407652 -0.3760834
v -0.2055016 0.3728295 -0.3767395
v -0.1822014 0.361544 -0.3274002
v -0.1896439 0.388138 -0.3269272
v -0.1733437 0.3927901 -0.33181
v -0.1658936 0.3661952 -0.332283
v -0.2061691 0.3797063 -0.372406
v -0.1932373 0.3934988 -0.342804
v -0.2095413 0.3888467 -0.3379211
v -0.2224655 0.3750542 -0.3675156
v -0.05569839 0.2881855 -0.1987381
v -0.02259445 0.2504536 -0.1338959
v -0.03890228 0.2458006 -0.1290131
v -0.0719986 0.2835352 -0.1938553
v -0.07070541 0.2700767 -0.2023468
v -0.03760147 0.2323466 -0.1375046
v -0.02129745 0.2369987 -0.1423874
v -0.05440521 0.2747306 -0.2072296
v -0.09466934 0.1551351 0.2053833
v -0.1119957 0.1899228 0.09222412
v -0.07699585 0.1690553 0.05179596
v -0.04509735 0.1160936 0.188858
v -0.04509735 0.1160936 0.188858
v -0.07699585 0.1690553 0.05179596
v -0.09256744 0.1327923 0.01374817
v -0.05689621 0.0552831 0.1684113
v -0.05689621 0.0552831 0.1684113
v -0.09256744 0.1327923 0.01374817
v -0.1357117 0.1022549 0.03278351
v -0.1182709 0.03351592 0.1644821
v -0.1182709 0.03351592 0.1644821
v -0.1357117 0.1022549 0.03278351
v -0.1705666 0.1191854 0.07739258
v -0.1678352 0.07255383 0.1809998
v -0.1678352 0.07255383 0.1809998
v -0.1705666 0.1191854 0.07739258
v -0.1641083 0.1765964 0.07680511
v -0.1560402 0.1333716 0.2014618
v -0.1560402 0.1333716 0.2014618
v -0.1641083 0.1765964 0.07680511
v -0.1119957 0.1899228 0.09222412
v -0.09466934 0.1551351 0.2053833
v -0.04509735 0.1160936 0.188858
v -0.05663681 0.08125164 0.2726669
v -0.09321213 0.1100603 0.2848587
v -0.09466934 0.1551351 0.2053833
v -0.05689621 0.0552831 0.1684113
v -0.06533813 0.03639951 0.2575836
v -0.05663681 0.08125164 0.2726669
v -0.04509735 0.1160936 0.188858
v -0.1182709 0.03351592 0.1644821
v -0.1106071 0.02034882 0.2546844
v -0.06533813 0.03639951 0.2575836
v -0.05689621 0.0552831 0.1684113
v -0.1678352 0.07255383 0.1809998
v -0.1471786 0.04915752 0.2668762
v -0.1106071 0.02034882 0.2546844
v -0.1182709 0.03351592 0.1644821
v -0.1560402 0.1333716 0.2014618
v -0.1384735 0.09400965 0.2819595
v -0.1471786 0.04915752 0.2668762
v -0.1678352 0.07255383 0.1809998
v -0.09466934 0.1551351 0.2053833
v -0.09321213 0.1100603 0.2848587
v -0.1384735 0.09400965 0.2819595
v -0.1560402 0.1333716 0.2014618
v -0.09256744 0.1327923 0.01374817
v -0.1268959 0.1800737 -0.05312347
v -0.1664238 0.1592876 -0.0435257
v -0.1357117 0.1022549 0.03278351
v -0.07699585 0.1690553 0.05179596
v -0.1196289 0.222951 -0.0407486
v -0.1268959 0.1800737 -0.05312347
v -0.09256744 0.1327923 0.01374817
v -0.1119957 0.1899228 0.09222412
v -0.151104 0.2434601 -0.01558685
v -0.1196289 0.222951 -0.0407486
v -0.07699585 0.1690553 0.05179596
v -0.1641083 0.1765964 0.07680511
v -0.1912766 0.2240027 -0.008651733
v -0.151104 0.2434601 -0.01558685
v -0.1119957 0.1899228 0.09222412
v -0.1705666 0.1191854 0.07739258
v -0.2016983 0.1896223 -0.03939819
v -0.1912766 0.2240027 -0.008651733
v -0.1641083 0.1765964 0.07680511
v -0.1357117 0.1022549 0.03278351
v -0.1664238 0.1592876 -0.0435257
v -0.2016983 0.1896223 -0.03939819
v -0.1705666 0.1191854 0.07739258
v -0.151104 0.2434601 -0.01558685
v -0.1515999 0.2587161 -0.02189636
v -0.1119461 0.2323131 -0.0515976
v -0.1196289 0.222951 -0.0407486
v -0.1196289 0.222951 -0.0407486
v -0.1119461 0.2323131 -0.0515976
v -0.1214066 0.1796827 -0.0687027
v -0.1268959 0.1800737 -0.05312347
v -0.1268959 0.1800737 -0.05312347
v -0.1214066 0.1796827 -0.0687027
v -0.1712685 0.1549613 -0.05911255
v -0.1664238 0.1592876 -0.0435257
v -0.1664238 0.1592876 -0.0435257
v -0.1712685 0.1549613 -0.05911255
v -0.2145462 0.1908206 -0.04971313
v -0.2016983 0.1896223 -0.03939819
v -0.2016983 0.1896223 -0.03939819
v -0.2145462 0.1908206 -0.04971313
v -0.2020645 0.2352438 -0.01482391
v -0.1912766 0.2240027 -0.008651733
v -0.1912766 0.2240027 -0.008651733
v -0.2020645 0.2352438 -0.01482391
v -0.1515999 0.2587161 -0.02189636
v -0.151104 0.2434601 -0.01558685
v -0.1515999 0.2587161 -0.02189636
v -0.1599579 0.2590293 -0.05109406
v -0.1285629 0.2367769 -0.06986237
v -0.1119461 0.2323131 -0.0515976
v -0.1119461 0.2323131 -0.0515976
v -0.1285629 0.2367769 -0.06986237
v -0.1368065 0.1984197 -0.08699036
v -0.1214066 0.1796827 -0.0687027
v -0.1214066 0.1796827 -0.0687027
v -0.1368065 0.1984197 -0.08699036
v -0.1764374 0.1823165 -0.0853653
v -0.1712685 0.1549613 -0.05911255
v -0.1712685 0.1549613 -0.05911255
v -0.1764374 0.1823165 -0.0853653
v -0.2078285 0.2045688 -0.06659698
v -0.2145462 0.1908206 -0.04971313
v -0.2145462 0.1908206 -0.04971313
v -0.2078285 0.2045688 -0.06659698
v -0.199585 0.2429243 -0.04946899
v -0.2020645 0.2352438 -0.01482391
v -0.2020645 0.2352438 -0.01482391
v -0.199585 0.2429243 -0.04946899
v -0.1599579 0.2590293 -0.05109406
v -0.1515999 0.2587161 -0.02189636
v -0.2038155 0.2831152 -0.1336746
v -0.2125816 0.2970969 -0.1485901
v -0.222435 0.3044317 -0.1359253
v -0.2136688 0.2904518 -0.1210098
v -0.3040504 0.4777644 -0.2312546
v -0.2978325 0.4826501 -0.229248
v -0.307682 0.4899839 -0.2165909
v -0.3139 0.4851001 -0.2185898
v -0.1800995 0.3226184 -0.1381073
v -0.1743431 0.306269 -0.1241608
v -0.1841965 0.313602 -0.111496
v -0.189949 0.3299531 -0.1254425
v -0.1518784 0.2364348 -0.06999207
v -0.1640396 0.2268754 -0.0739212
v -0.173893 0.2342101 -0.06125641
v -0.1617241 0.2437678 -0.05732727
v -0.2251091 0.3130209 -0.1675491
v -0.2391052 0.3311406 -0.1756744
v -0.248951 0.3384753 -0.1630173
v -0.2349586 0.3203557 -0.1548843
v -0.2180099 0.322374 -0.1428757
v -0.2397919 0.3569571 -0.1666031
v -0.223568 0.369706 -0.1613693
v -0.2044334 0.3330376 -0.1384964
v -0.2349586 0.3203557 -0.1548843
v -0.248951 0.3384753 -0.1630173
v -0.2397919 0.3569571 -0.1666031
v -0.223568 0.369706 -0.1613693
v -0.195343 0.3514723 -0.1420975
v -0.206562 0.3717678 -0.1493378
v -0.2450485 0.4076524 -0.1779327
v -0.2647438 0.3921864 -0.184288
v -0.27248 0.4479991 -0.1962967
v -0.2902374 0.4340518 -0.2020264
v -0.307682 0.4899839 -0.2165909
v -0.3139 0.4851001 -0.2185898
v -0.195343 0.3514723 -0.1420975
v -0.206562 0.3717678 -0.1493378
v -0.1967163 0.3644367 -0.1620026
v -0.1854935 0.3441375 -0.1547699
v -0.1945839 0.3257028 -0.1511612
v -0.2137184 0.3623695 -0.1740265
v -0.22995 0.3496223 -0.1792679
v -0.2081604 0.3150392 -0.1555405
v -0.1854935 0.3441375 -0.1547699
v -0.1967163 0.3644367 -0.1620026
v -0.2137184 0.3623695 -0.1740265
v -0.22995 0.3496223 -0.1792679
v -0.2251091 0.3130209 -0.1675491
v -0.2391052 0.3311406 -0.1756744
v -0.2548981 0.3848516 -0.1969528
v -0.2352028 0.4003213 -0.1905899
v -0.2803879 0.426717 -0.2146912
v -0.2626305 0.4406589 -0.2089615
v -0.3040504 0.4777644 -0.2312546
v -0.2978325 0.4826501 -0.229248
v -0.2496643 0.3448327 -0.1918259
v -0.2670784 0.3645923 -0.1946869
v -0.2769241 0.3719235 -0.1820297
v -0.25951 0.3521638 -0.1791611
v -0.2112923 0.3900378 -0.1635971
v -0.2254333 0.4123661 -0.1654053
v -0.2155876 0.4050349 -0.1780701
v -0.2014465 0.3827048 -0.1762619
v -0.2776527 0.3806267 -0.2121964
v -0.2960358 0.4043652 -0.213913
v -0.3058853 0.4117 -0.2012482
v -0.2875023 0.3879579 -0.1995392
v -0.2317924 0.4317167 -0.1815567
v -0.2498398 0.4557248 -0.1831589
v -0.2399864 0.4483882 -0.1958313
v -0.2219429 0.4243855 -0.1942215
v -0.3030052 0.4229628 -0.2301025
v -0.3141098 0.442784 -0.2291183
v -0.3239632 0.4501224 -0.2164536
v -0.312851 0.4302993 -0.2174454
v -0.259613 0.4721158 -0.2002563
v -0.2762718 0.4875791 -0.2010574
v -0.2664185 0.4802434 -0.2137299
v -0.2497635 0.4647784 -0.2129211
v -0.1923866 0.2840981 -0.1253586
v -0.2038155 0.2831152 -0.1336746
v -0.2136688 0.2904518 -0.1210098
v -0.2022438 0.2914366 -0.1126938
v -0.2022438 0.2914366 -0.1126938
v -0.2136688 0.2904518 -0.1210098
v -0.222435 0.3044317 -0.1359253
v -0.2180099 0.322374 -0.1428757
v -0.2044334 0.3330376 -0.1384964
v -0.1900711 0.3009924 -0.1087646
v -0.173893 0.2342101 -0.06125641
v -0.1617241 0.2437678 -0.05732727
v -0.1841965 0.313602 -0.111496
v -0.189949 0.3299531 -0.1254425
v -0.2180099 0.322374 -0.1428757
v -0.222435 0.3044317 -0.1359253
v -0.2125816 0.2970969 -0.1485901
v -0.2081604 0.3150392 -0.1555405
v -0.2081604 0.3150392 -0.1555405
v -0.2125816 0.2970969 -0.1485901
v -0.2038155 0.2831152 -0.1336746
v -0.1923866 0.2840981 -0.1253586
v -0.1802254 0.2936594 -0.1214294
v -0.1945839 0.3257028 -0.1511612
v -0.1800995 0.3226184 -0.1381073
v -0.1743431 0.306269 -0.1241608
v -0.1518784 0.2364348 -0.06999207
v -0.1640396 0.2268754 -0.0739212
v -0.1945839 0.3257028 -0.1511612
v -0.1800995 0.3226184 -0.1381073
v -0.189949 0.3299531 -0.1254425
v -0.2044334 0.3330376 -0.1384964
v -0.1900711 0.3009924 -0.1087646
v -0.1841965 0.313602 -0.111496
v -0.1743431 0.306269 -0.1241608
v -0.1802254 0.2936594 -0.1214294
v -0.2081604 0.3150392 -0.1555405
v -0.2251091 0.3130209 -0.1675491
v -0.2349586 0.3203557 -0.1548843
v -0.2180099 0.322374 -0.1428757
v -0.2397919 0.3569571 -0.1666031
v -0.248951 0.3384753 -0.1630173
v -0.2391052 0.3311406 -0.1756744
v -0.22995 0.3496223 -0.1792679
v -0.2044334 0.3330376 -0.1384964
v -0.195343 0.3514723 -0.1420975
v -0.1854935 0.3441375 -0.1547699
v -0.1945839 0.3257028 -0.1511612
v -0.2137184 0.3623695 -0.1740265
v -0.1967163 0.3644367 -0.1620026
v -0.206562 0.3717678 -0.1493378
v -0.223568 0.369706 -0.1613693
v -0.22995 0.3496223 -0.1792679
v -0.2496643 0.3448327 -0.1918259
v -0.25951 0.3521638 -0.1791611
v -0.2397919 0.3569571 -0.1666031
v -0.2397919 0.3569571 -0.1666031
v -0.25951 0.3521638 -0.1791611
v -0.2769241 0.3719235 -0.1820297
v -0.2647438 0.3921864 -0.184288
v -0.2875023 0.3879579 -0.1995392
v -0.3058853 0.4117 -0.2012482
v -0.2902374 0.4340518 -0.2020264
v -0.312851 0.4302993 -0.2174454
v -0.3239632 0.4501224 -0.2164536
v -0.3139 0.4851001 -0.2185898
v -0.2647438 0.3921864 -0.184288
v -0.2769241 0.3719235 -0.1820297
v -0.2670784 0.3645923 -0.1946869
v -0.2548981 0.3848516 -0.1969528
v -0.2548981 0.3848516 -0.1969528
v -0.2670784 0.3645923 -0.1946869
v -0.2496643 0.3448327 -0.1918259
v -0.22995 0.3496223 -0.1792679
v -0.2803879 0.426717 -0.2146912
v -0.2776527 0.3806267 -0.2121964
v -0.2960358 0.4043652 -0.213913
v -0.3040504 0.4777644 -0.2312546
v -0.3030052 0.4229628 -0.2301025
v -0.3141098 0.442784 -0.2291183
v -0.223568 0.369706 -0.1613693
v -0.2112923 0.3900378 -0.1635971
v -0.2014465 0.3827048 -0.1762619
v -0.2137184 0.3623695 -0.1740265
v -0.2137184 0.3623695 -0.1740265
v -0.2014465 0.3827048 -0.1762619
v -0.2155876 0.4050349 -0.1780701
v -0.2352028 0.4003213 -0.1905899
v -0.2219429 0.4243855 -0.1942215
v -0.2399864 0.4483882 -0.1958313
v -0.2626305 0.4406589 -0.2089615
v -0.2497635 0.4647784 -0.2129211
v -0.2664185 0.4802434 -0.2137299
v -0.2978325 0.4826501 -0.229248
v -0.2352028 0.4003213 -0.1905899
v -0.2155876 0.4050349 -0.1780701
v -0.2254333 0.4123661 -0.1654053
v -0.2450485 0.4076524 -0.1779327
v -0.2450485 0.4076524 -0.1779327
v -0.2254333 0.4123661 -0.1654053
v -0.2112923 0.3900378 -0.1635971
v -0.223568 0.369706 -0.1613693
v -0.27248 0.4479991 -0.1962967
v -0.2317924 0.4317167 -0.1815567
v -0.2498398 0.4557248 -0.1831589
v -0.307682 0.4899839 -0.2165909
v -0.259613 0.4721158 -0.2002563
v -0.2762718 0.4875791 -0.2010574
v -0.2548981 0.3848516 -0.1969528
v -0.2776527 0.3806267 -0.2121964
v -0.2875023 0.3879579 -0.1995392
v -0.2647438 0.3921864 -0.184288
v -0.2902374 0.4340518 -0.2020264
v -0.3058853 0.4117 -0.2012482
v -0.2960358 0.4043652 -0.213913
v -0.2803879 0.426717 -0.2146912
v -0.2450485 0.4076524 -0.1779327
v -0.2317924 0.4317167 -0.1815567
v -0.2219429 0.4243855 -0.1942215
v -0.2352028 0.4003213 -0.1905899
v -0.2626305 0.4406589 -0.2089615
v -0.2399864 0.4483882 -0.1958313
v -0.2498398 0.4557248 -0.1831589
v -0.27248 0.4479991 -0.1962967
v -0.2803879 0.426717 -0.2146912
v -0.3030052 0.4229628 -0.2301025
v -0.312851 0.4302993 -0.2174454
v -0.2902374 0.4340518 -0.2020264
v -0.3139 0.4851001 -0.2185898
v -0.3239632 0.4501224 -0.2164536
v -0.3141098 0.442784 -0.2291183
v -0.3040504 0.4777644 -0.2312546
v -0.27248 0.4479991 -0.1962967
v -0.259613 0.4721158 -0.2002563
v -0.2497635 0.4647784 -0.2129211
v -0.2626305 0.4406589 -0.2089615
v -0.2978325 0.4826501 -0.229248
v -0.2664185 0.4802434 -0.2137299
v -0.2762718 0.4875791 -0.2010574
v -0.307682 0.4899839 -0.2165909
v -0.1802254 0.2936594 -0.1214294
v -0.1518784 0.2364348 -0.06999207
v -0.1617241 0.2437678 -0.05732727
v -0.1900711 0.3009924 -0.1087646
v -0.2022438 0.2914366 -0.1126938
v -0.173893 0.2342101 -0.06125641
v -0.1640396 0.2268754 -0.0739212
v -0.1923866 0.2840981 -0.1253586
v -0.1586952 0.2543391 -0.1332779
v -0.1597023 0.2641285 -0.1532211
v -0.148735 0.2519497 -0.1597519
v -0.147728 0.2421604 -0.139801
v -0.1560097 0.287237 -0.370697
v -0.1623306 0.2822482 -0.3720093
v -0.1513634 0.2700694 -0.37854
v -0.1450424 0.2750582 -0.3772278
v -0.1927299 0.2380748 -0.1601028
v -0.1886482 0.2307075 -0.1395187
v -0.177681 0.2185287 -0.1460419
v -0.1817589 0.2258979 -0.1666336
v -0.1711388 0.2044891 -0.05394745
v -0.1587753 0.2142477 -0.05136871
v -0.1478043 0.2020726 -0.05789948
v -0.1601715 0.1923158 -0.06047821
v -0.1592216 0.2775707 -0.1774902
v -0.1544533 0.2807457 -0.2011032
v -0.1434937 0.2685724 -0.207634
v -0.1482544 0.2653992 -0.184021
v -0.1601105 0.2503151 -0.1758118
v -0.1581688 0.2627238 -0.2213669
v -0.1746635 0.2497087 -0.2248077
v -0.173912 0.239427 -0.1786804
v -0.1482544 0.2653992 -0.184021
v -0.1434937 0.2685724 -0.207634
v -0.1581688 0.2627238 -0.2213669
v -0.1746635 0.2497087 -0.2248077
v -0.1885223 0.2336273 -0.1924133
v -0.186573 0.2345812 -0.2166061
v -0.1715775 0.2543138 -0.2711258
v -0.1515579 0.2701074 -0.2669525
v -0.1644096 0.260843 -0.3223419
v -0.1463661 0.2750799 -0.3185883
v -0.1513634 0.2700694 -0.37854
v -0.1450424 0.2750582 -0.3772278
v -0.1885223 0.2336273 -0.1924133
v -0.186573 0.2345812 -0.2166061
v -0.1975403 0.2467546 -0.2100754
v -0.1994858 0.245806 -0.1858826
v -0.1848793 0.2516022 -0.1721573
v -0.185627 0.2618839 -0.218277
v -0.1691322 0.2748953 -0.2148438
v -0.1710777 0.2624939 -0.1692734
v -0.1994858 0.245806 -0.1858826
v -0.1975403 0.2467546 -0.2100754
v -0.185627 0.2618839 -0.218277
v -0.1691322 0.2748953 -0.2148438
v -0.1592216 0.2775707 -0.1774902
v -0.1544533 0.2807457 -0.2011032
v -0.1625252 0.2822807 -0.2604294
v -0.1825409 0.2664907 -0.264595
v -0.1573372 0.2872605 -0.3120575
v -0.1753807 0.2730218 -0.3158112
v -0.1560097 0.287237 -0.370697
v -0.1623306 0.2822482 -0.3720093
v -0.154171 0.2921226 -0.2218399
v -0.1450615 0.2906365 -0.2466736
v -0.1340942 0.2784613 -0.2532043
v -0.1432114 0.2799475 -0.2283707
v -0.1922226 0.2412788 -0.2385788
v -0.1864319 0.2371716 -0.2641068
v -0.1973953 0.2493467 -0.257576
v -0.2031822 0.2534522 -0.2320557
v -0.1458817 0.3023355 -0.2698746
v -0.1366463 0.2984762 -0.298233
v -0.125679 0.2862957 -0.3047638
v -0.1349182 0.2901604 -0.2763977
v -0.1915436 0.2454856 -0.2881927
v -0.1826515 0.241353 -0.3166275
v -0.193615 0.2535318 -0.3100967
v -0.2025108 0.257659 -0.2816696
v -0.1410103 0.3072465 -0.321907
v -0.1363106 0.3009725 -0.3432617
v -0.1253433 0.2887937 -0.3497925
v -0.1300392 0.2950659 -0.3284378
v -0.1841545 0.2523733 -0.3397064
v -0.1738205 0.2505487 -0.3598862
v -0.1847839 0.2627274 -0.3533554
v -0.1951256 0.2645521 -0.3331833
v -0.1665115 0.244119 -0.1273422
v -0.1586952 0.2543391 -0.1332779
v -0.147728 0.2421604 -0.139801
v -0.1555443 0.2319402 -0.133873
v -0.1555443 0.2319402 -0.133873
v -0.147728 0.2421604 -0.139801
v -0.148735 0.2519497 -0.1597519
v -0.1601105 0.2503151 -0.1758118
v -0.173912 0.239427 -0.1786804
v -0.1679115 0.2221835 -0.1364517
v -0.1478043 0.2020726 -0.05789948
v -0.1601715 0.1923158 -0.06047821
v -0.177681 0.2185287 -0.1460419
v -0.1817589 0.2258979 -0.1666336
v -0.1601105 0.2503151 -0.1758118
v -0.148735 0.2519497 -0.1597519
v -0.1597023 0.2641285 -0.1532211
v -0.1710777 0.2624939 -0.1692734
v -0.1710777 0.2624939 -0.1692734
v -0.1597023 0.2641285 -0.1532211
v -0.1586952 0.2543391 -0.1332779
v -0.1665115 0.244119 -0.1273422
v -0.1788788 0.2343586 -0.1299133
v -0.1848793 0.2516022 -0.1721573
v -0.1927299 0.2380748 -0.1601028
v -0.1886482 0.2307075 -0.1395187
v -0.1711388 0.2044891 -0.05394745
v -0.1587753 0.2142477 -0.05136871
v -0.1848793 0.2516022 -0.1721573
v -0.1927299 0.2380748 -0.1601028
v -0.1817589 0.2258979 -0.1666336
v -0.173912 0.239427 -0.1786804
v -0.1679115 0.2221835 -0.1364517
v -0.177681 0.2185287 -0.1460419
v -0.1886482 0.2307075 -0.1395187
v -0.1788788 0.2343586 -0.1299133
v -0.1710777 0.2624939 -0.1692734
v -0.1592216 0.2775707 -0.1774902
v -0.1482544 0.2653992 -0.184021
v -0.1601105 0.2503151 -0.1758118
v -0.1581688 0.2627238 -0.2213669
v -0.1434937 0.2685724 -0.207634
v -0.1544533 0.2807457 -0.2011032
v -0.1691322 0.2748953 -0.2148438
v -0.173912 0.239427 -0.1786804
v -0.1885223 0.2336273 -0.1924133
v -0.1994858 0.245806 -0.1858826
v -0.1848793 0.2516022 -0.1721573
v -0.185627 0.2618839 -0.218277
v -0.1975403 0.2467546 -0.2100754
v -0.186573 0.2345812 -0.2166061
v -0.1746635 0.2497087 -0.2248077
v -0.1691322 0.2748953 -0.2148438
v -0.154171 0.2921226 -0.2218399
v -0.1432114 0.2799475 -0.2283707
v -0.1581688 0.2627238 -0.2213669
v -0.1581688 0.2627238 -0.2213669
v -0.1432114 0.2799475 -0.2283707
v -0.1340942 0.2784613 -0.2532043
v -0.1515579 0.2701074 -0.2669525
v -0.1349182 0.2901604 -0.2763977
v -0.125679 0.2862957 -0.3047638
v -0.1463661 0.2750799 -0.3185883
v -0.1300392 0.2950659 -0.3284378
v -0.1253433 0.2887937 -0.3497925
v -0.1450424 0.2750582 -0.3772278
v -0.1515579 0.2701074 -0.2669525
v -0.1340942 0.2784613 -0.2532043
v -0.1450615 0.2906365 -0.2466736
v -0.1625252 0.2822807 -0.2604294
v -0.1625252 0.2822807 -0.2604294
v -0.1450615 0.2906365 -0.2466736
v -0.154171 0.2921226 -0.2218399
v -0.1691322 0.2748953 -0.2148438
v -0.1573372 0.2872605 -0.3120575
v -0.1458817 0.3023355 -0.2698746
v -0.1366463 0.2984762 -0.298233
v -0.1560097 0.287237 -0.370697
v -0.1410103 0.3072465 -0.321907
v -0.1363106 0.3009725 -0.3432617
v -0.1746635 0.2497087 -0.2248077
v -0.1922226 0.2412788 -0.2385788
v -0.2031822 0.2534522 -0.2320557
v -0.185627 0.2618839 -0.218277
v -0.185627 0.2618839 -0.218277
v -0.2031822 0.2534522 -0.2320557
v -0.1973953 0.2493467 -0.257576
v -0.1825409 0.2664907 -0.264595
v -0.2025108 0.257659 -0.2816696
v -0.193615 0.2535318 -0.3100967
v -0.1753807 0.2730218 -0.3158112
v -0.1951256 0.2645521 -0.3331833
v -0.1847839 0.2627274 -0.3533554
v -0.1623306 0.2822482 -0.3720093
v -0.1825409 0.2664907 -0.264595
v -0.1973953 0.2493467 -0.257576
v -0.1864319 0.2371716 -0.2641068
v -0.1715775 0.2543138 -0.2711258
v -0.1715775 0.2543138 -0.2711258
v -0.1864319 0.2371716 -0.2641068
v -0.1922226 0.2412788 -0.2385788
v -0.1746635 0.2497087 -0.2248077
v -0.1644096 0.260843 -0.3223419
v -0.1915436 0.2454856 -0.2881927
v -0.1826515 0.241353 -0.3166275
v -0.1513634 0.2700694 -0.37854
v -0.1841545 0.2523733 -0.3397064
v -0.1738205 0.2505487 -0.3598862
v -0.1625252 0.2822807 -0.2604294
v -0.1458817 0.3023355 -0.2698746
v -0.1349182 0.2901604 -0.2763977
v -0.1515579 0.2701074 -0.2669525
v -0.1463661 0.2750799 -0.3185883
v -0.125679 0.2862957 -0.3047638
v -0.1366463 0.2984762 -0.298233
v -0.1573372 0.2872605 -0.3120575
v -0.1715775 0.2543138 -0.2711258
v -0.1915436 0.2454856 -0.2881927
v -0.2025108 0.257659 -0.2816696
v -0.1825409 0.2664907 -0.264595
v -0.1753807 0.2730218 -0.3158112
v -0.193615 0.2535318 -0.3100967
v -0.1826515 0.241353 -0.3166275
v -0.1644096 0.260843 -0.3223419
v -0.1573372 0.2872605 -0.3120575
v -0.1410103 0.3072465 -0.321907
v -0.1300392 0.2950659 -0.3284378
v -0.1463661 0.2750799 -0.3185883
v -0.1450424 0.2750582 -0.3772278
v -0.1253433 0.2887937 -0.3497925
v -0.1363106 0.3009725 -0.3432617
v -0.1560097 0.287237 -0.370697
v -0.1644096 0.260843 -0.3223419
v -0.1841545 0.2523733 -0.3397064
v -0.1951256 0.2645521 -0.3331833
v -0.1753807 0.2730218 -0.3158112
v -0.1623306 0.2822482 -0.3720093
v -0.1847839 0.2627274 -0.3533554
v -0.1738205 0.2505487 -0.3598862
v -0.1513634 0.2700694 -0.37854
v -0.1788788 0.2343586 -0.1299133
v -0.1711388 0.2044891 -0.05394745
v -0.1601715 0.1923158 -0.06047821
v -0.1679115 0.2221835 -0.1364517
v -0.1555443 0.2319402 -0.133873
v -0.1478043 0.2020726 -0.05789948
v -0.1587753 0.2142477 -0.05136871
v -0.1665115 0.244119 -0.1273422
v -0.2100258 0.2214503 -0.1474762
v -0.2190857 0.2290494 -0.1663208
v -0.2350349 0.2240823 -0.1606522
v -0.2259789 0.2164887 -0.1418076
v -0.3677292 0.3130317 -0.3030548
v -0.3684731 0.3200697 -0.298996
v -0.3844261 0.3151062 -0.2933273
v -0.3836784 0.3080647 -0.2973785
v -0.2230034 0.2658228 -0.1451263
v -0.2135811 0.2548079 -0.1282578
v -0.2295341 0.2498445 -0.1225891
v -0.2389526 0.2608557 -0.1394577
v -0.1723785 0.2077746 -0.06187439
v -0.1709137 0.1940029 -0.06980896
v -0.1868629 0.1890358 -0.06414032
v -0.1883354 0.2028075 -0.05620575
v -0.2300682 0.2365054 -0.1906891
v -0.2477951 0.2416209 -0.2064972
v -0.2637405 0.2366539 -0.2008286
v -0.2460213 0.231542 -0.1850204
v -0.2425842 0.2412372 -0.1668625
v -0.2703209 0.2565023 -0.2019577
v -0.272274 0.2748663 -0.1913681
v -0.2442245 0.2566091 -0.1580048
v -0.2460213 0.231542 -0.1850204
v -0.2637405 0.2366539 -0.2008286
v -0.2703209 0.2565023 -0.2019577
v -0.272274 0.2748663 -0.1913681
v -0.2507858 0.2763796 -0.1591797
v -0.2688484 0.284634 -0.1731796
v -0.3051109 0.2907595 -0.2204437
v -0.302742 0.2684729 -0.2332916
v -0.34235 0.3047412 -0.2541428
v -0.3402061 0.2846484 -0.2657242
v -0.3844261 0.3151062 -0.2933273
v -0.3836784 0.3080647 -0.2973785
v -0.2507858 0.2763796 -0.1591797
v -0.2688484 0.284634 -0.1731796
v -0.252903 0.2895956 -0.1788406
v -0.2348404 0.2813449 -0.1648483
v -0.2282677 0.2615689 -0.1636734
v -0.2563286 0.2798316 -0.1970367
v -0.2543678 0.2614639 -0.2076263
v -0.2266312 0.2462043 -0.1725311
v -0.2348404 0.2813449 -0.1648483
v -0.252903 0.2895956 -0.1788406
v -0.2563286 0.2798316 -0.1970367
v -0.2543678 0.2614639 -0.2076263
v -0.2300682 0.2365054 -0.1906891
v -0.2477951 0.2416209 -0.2064972
v -0.2867928 0.2734345 -0.2389526
v -0.2891655 0.295723 -0.2261124
v -0.3242531 0.2896137 -0.2713928
v -0.3263893 0.3097083 -0.2598038
v -0.3677292 0.3130317 -0.3030548
v -0.3684731 0.3200697 -0.298996
v -0.2571793 0.2481267 -0.227211
v -0.2801437 0.2506681 -0.240181
v -0.2960892 0.2457047 -0.2345123
v -0.2731285 0.2431614 -0.2215424
v -0.2789345 0.2977395 -0.190094
v -0.3022919 0.3039809 -0.2009201
v -0.2863426 0.3089462 -0.2065887
v -0.2629852 0.302703 -0.195755
v -0.2906647 0.2591379 -0.2623825
v -0.3174934 0.2634587 -0.2752686
v -0.3334427 0.2584916 -0.2695999
v -0.3066177 0.2541762 -0.2567139
v -0.3133278 0.3172277 -0.2203751
v -0.3401985 0.3219233 -0.2330399
v -0.3242493 0.3268885 -0.2387085
v -0.2973785 0.3221912 -0.2260437
v -0.3283234 0.2757787 -0.2949524
v -0.3492699 0.2816182 -0.3016281
v -0.3652229 0.276653 -0.2959595
v -0.3442764 0.2708152 -0.2892838
v -0.3506889 0.3310736 -0.2545547
v -0.3709641 0.3306301 -0.2648468
v -0.3550148 0.3355936 -0.2705154
v -0.3347397 0.3360389 -0.2602158
v -0.2075272 0.2276755 -0.1349945
v -0.2100258 0.2214503 -0.1474762
v -0.2259789 0.2164887 -0.1418076
v -0.223484 0.2227084 -0.1293335
v -0.223484 0.2227084 -0.1293335
v -0.2259789 0.2164887 -0.1418076
v -0.2350349 0.2240823 -0.1606522
v -0.2425842 0.2412372 -0.1668625
v -0.2442245 0.2566091 -0.1580048
v -0.2249489 0.2364855 -0.1213913
v -0.1868629 0.1890358 -0.06414032
v -0.1883354 0.2028075 -0.05620575
v -0.2295341 0.2498445 -0.1225891
v -0.2389526 0.2608557 -0.1394577
v -0.2425842 0.2412372 -0.1668625
v -0.2350349 0.2240823 -0.1606522
v -0.2190857 0.2290494 -0.1663208
v -0.2266312 0.2462043 -0.1725311
v -0.2266312 0.2462043 -0.1725311
v -0.2190857 0.2290494 -0.1663208
v -0.2100258 0.2214503 -0.1474762
v -0.2075272 0.2276755 -0.1349945
v -0.2089996 0.2414472 -0.1270599
v -0.2282677 0.2615689 -0.1636734
v -0.2230034 0.2658228 -0.1451263
v -0.2135811 0.2548079 -0.1282578
v -0.1723785 0.2077746 -0.06187439
v -0.1709137 0.1940029 -0.06980896
v -0.2282677 0.2615689 -0.1636734
v -0.2230034 0.2658228 -0.1451263
v -0.2389526 0.2608557 -0.1394577
v -0.2442245 0.2566091 -0.1580048
v -0.2249489 0.2364855 -0.1213913
v -0.2295341 0.2498445 -0.1225891
v -0.2135811 0.2548079 -0.1282578
v -0.2089996 0.2414472 -0.1270599
v -0.2266312 0.2462043 -0.1725311
v -0.2300682 0.2365054 -0.1906891
v -0.2460213 0.231542 -0.1850204
v -0.2425842 0.2412372 -0.1668625
v -0.2703209 0.2565023 -0.2019577
v -0.2637405 0.2366539 -0.2008286
v -0.2477951 0.2416209 -0.2064972
v -0.2543678 0.2614639 -0.2076263
v -0.2442245 0.2566091 -0.1580048
v -0.2507858 0.2763796 -0.1591797
v -0.2348404 0.2813449 -0.1648483
v -0.2282677 0.2615689 -0.1636734
v -0.2563286 0.2798316 -0.1970367
v -0.252903 0.2895956 -0.1788406
v -0.2688484 0.284634 -0.1731796
v -0.272274 0.2748663 -0.1913681
v -0.2543678 0.2614639 -0.2076263
v -0.2571793 0.2481267 -0.227211
v -0.2731285 0.2431614 -0.2215424
v -0.2703209 0.2565023 -0.2019577
v -0.2703209 0.2565023 -0.2019577
v -0.2731285 0.2431614 -0.2215424
v -0.2960892 0.2457047 -0.2345123
v -0.302742 0.2684729 -0.2332916
v -0.302742 0.2684729 -0.2332916
v -0.2960892 0.2457047 -0.2345123
v -0.2801437 0.2506681 -0.240181
v -0.2867928 0.2734345 -0.2389526
v -0.2867928 0.2734345 -0.2389526
v -0.2801437 0.2506681 -0.240181
v -0.2571793 0.2481267 -0.227211
v -0.2543678 0.2614639 -0.2076263
v -0.272274 0.2748663 -0.1913681
v -0.2789345 0.2977395 -0.190094
v -0.2629852 0.302703 -0.195755
v -0.2563286 0.2798316 -0.1970367
v -0.2563286 0.2798316 -0.1970367
v -0.2629852 0.302703 -0.195755
v -0.2863426 0.3089462 -0.2065887
v -0.2891655 0.295723 -0.2261124
v -0.2891655 0.295723 -0.2261124
v -0.2863426 0.3089462 -0.2065887
v -0.3022919 0.3039809 -0.2009201
v -0.3051109 0.2907595 -0.2204437
v -0.3051109 0.2907595 -0.2204437
v -0.3022919 0.3039809 -0.2009201
v -0.2789345 0.2977395 -0.190094
v -0.272274 0.2748663 -0.1913681
v -0.2867928 0.2734345 -0.2389526
v -0.2906647 0.2591379 -0.2623825
v -0.3066177 0.2541762 -0.2567139
v -0.302742 0.2684729 -0.2332916
v -0.302742 0.2684729 -0.2332916
v -0.3066177 0.2541762 -0.2567139
v -0.3334427 0.2584916 -0.2695999
v -0.3402061 0.2846484 -0.2657242
v -0.3442764 0.2708152 -0.2892838
v -0.3652229 0.276653 -0.2959595
v -0.3836784 0.3080647 -0.2973785
v -0.3402061 0.2846484 -0.2657242
v -0.3334427 0.2584916 -0.2695999
v -0.3174934 0.2634587 -0.2752686
v -0.3242531 0.2896137 -0.2713928
v -0.3242531 0.2896137 -0.2713928
v -0.3174934 0.2634587 -0.2752686
v -0.2906647 0.2591379 -0.2623825
v -0.2867928 0.2734345 -0.2389526
v -0.3677292 0.3130317 -0.3030548
v -0.3283234 0.2757787 -0.2949524
v -0.3492699 0.2816182 -0.3016281
v -0.3051109 0.2907595 -0.2204437
v -0.3133278 0.3172277 -0.2203751
v -0.2973785 0.3221912 -0.2260437
v -0.2891655 0.295723 -0.2261124
v -0.2891655 0.295723 -0.2261124
v -0.2973785 0.3221912 -0.2260437
v -0.3242493 0.3268885 -0.2387085
v -0.3263893 0.3097083 -0.2598038
v -0.3347397 0.3360389 -0.2602158
v -0.3550148 0.3355936 -0.2705154
v -0.3684731 0.3200697 -0.298996
v -0.3263893 0.3097083 -0.2598038
v -0.3242493 0.3268885 -0.2387085
v -0.3401985 0.3219233 -0.2330399
v -0.34235 0.3047412 -0.2541428
v -0.34235 0.3047412 -0.2541428
v -0.3401985 0.3219233 -0.2330399
v -0.3133278 0.3172277 -0.2203751
v -0.3051109 0.2907595 -0.2204437
v -0.3844261 0.3151062 -0.2933273
v -0.3506889 0.3310736 -0.2545547
v -0.3709641 0.3306301 -0.2648468
v -0.3242531 0.2896137 -0.2713928
v -0.3283234 0.2757787 -0.2949524
v -0.3442764 0.2708152 -0.2892838
v -0.3402061 0.2846484 -0.2657242
v -0.3836784 0.3080647 -0.2973785
v -0.3652229 0.276653 -0.2959595
v -0.3492699 0.2816182 -0.3016281
v -0.3677292 0.3130317 -0.3030548
v -0.34235 0.3047412 -0.2541428
v -0.3506889 0.3310736 -0.2545547
v -0.3347397 0.3360389 -0.2602158
v -0.3263893 0.3097083 -0.2598038
v -0.3684731 0.3200697 -0.298996
v -0.3550148 0.3355936 -0.2705154
v -0.3709641 0.3306301 -0.2648468
v -0.3844261 0.3151062 -0.2933273
v -0.2089996 0.2414472 -0.1270599
v -0.1723785 0.2077746 -0.06187439
v -0.1883354 0.2028075 -0.05620575
v -0.2249489 0.2364855 -0.1213913
v -0.223484 0.2227084 -0.1293335
v -0.1868629 0.1890358 -0.06414032
v -0.1709137 0.1940029 -0.06980896
v -0.2075272 0.2276755 -0.1349945
v -0.06655502 0.1599864 0.286026
v -0.07356644 0.2199316 0.1827164
v -0.02614594 0.2455671 0.1629868
v -0.002918243 0.1727552 0.2924805
v -0.002918243 0.1727552 0.2924805
v -0.02614594 0.2455671 0.1629868
v 0.001758575 0.2283814 0.1190414
v 0.04114914 0.1344703 0.2633667
v 0.04114914 0.1344703 0.2633667
v 0.001758575 0.2283814 0.1190414
v -0.006233215 0.1732802 0.1115036
v 0.02157974 0.08340573 0.2277908
v 0.02157974 0.08340573 0.2277908
v -0.006233215 0.1732802 0.1115036
v -0.05169296 0.143398 0.1345673
v -0.04205322 0.07062963 0.221344
v -0.04205322 0.07062963 0.221344
v -0.05169296 0.143398 0.1345673
v -0.09090805 0.1850788 0.1425247
v -0.08612823 0.1089254 0.2504578
v -0.08612823 0.1089254 0.2504578
v -0.09090805 0.1850788 0.1425247
v -0.07356644 0.2199316 0.1827164
v -0.06655502 0.1599864 0.286026
v -0.002918243 0.1727552 0.2924805
v -0.005577087 0.1071369 0.3561783
v -0.0525322 0.097706 0.3514175
v -0.06655502 0.1599864 0.286026
v 0.04114914 0.1344703 0.2633667
v 0.02693176 0.07889844 0.3347092
v -0.005577087 0.1071369 0.3561783
v -0.002918243 0.1727552 0.2924805
v 0.02157974 0.08340573 0.2277908
v 0.0124855 0.04123263 0.3084641
v 0.02693176 0.07889844 0.3347092
v 0.04114914 0.1344703 0.2633667
v -0.04205322 0.07062963 0.221344
v -0.0344696 0.03180894 0.3037109
v 0.0124855 0.04123263 0.3084641
v 0.02157974 0.08340573 0.2277908
v -0.08612823 0.1089254 0.2504578
v -0.06697083 0.06005467 0.3251877
v -0.0344696 0.03180894 0.3037109
v -0.04205322 0.07062963 0.221344
v -0.06655502 0.1599864 0.286026
v -0.0525322 0.097706 0.3514175
v -0.06697083 0.06005467 0.3251877
v -0.08612823 0.1089254 0.2504578
v 0.001758575 0.2283814 0.1190414
v -0.03705215 0.2660617 0.0486145
v -0.04772949 0.2236062 0.03559113
v -0.006233215 0.1732802 0.1115036
v -0.02614594 0.2455671 0.1629868
v -0.06822205 0.2932684 0.06685638
v -0.03705215 0.2660617 0.0486145
v 0.001758575 0.2283814 0.1190414
v -0.07356644 0.2199316 0.1827164
v -0.1092453 0.276119 0.07506561
v -0.06822205 0.2932684 0.06685638
v -0.02614594 0.2455671 0.1629868
v -0.09090805 0.1850788 0.1425247
v -0.1206245 0.23526 0.05953979
v -0.1092453 0.276119 0.07506561
v -0.07356644 0.2199316 0.1827164
v -0.05169296 0.143398 0.1345673
v -0.0929451 0.2194211 0.02462006
v -0.1206245 0.23526 0.05953979
v -0.09090805 0.1850788 0.1425247
v -0.006233215 0.1732802 0.1115036
v -0.04772949 0.2236062 0.03559113
v -0.0929451 0.2194211 0.02462006
v -0.05169296 0.143398 0.1345673
v -0.1092453 0.276119 0.07506561
v -0.1193848 0.2884281 0.07076263
v -0.06779861 0.3088105 0.06209564
v -0.06822205 0.2932684 0.06685638
v -0.06822205 0.2932684 0.06685638
v -0.06779861 0.3088105 0.06209564
v -0.02936554 0.2758909 0.03778839
v -0.03705215 0.2660617 0.0486145
v -0.03705215 0.2660617 0.0486145
v -0.02936554 0.2758909 0.03778839
v -0.04331207 0.224381 0.01931
v -0.04772949 0.2236062 0.03559113
v -0.04772949 0.2236062 0.03559113
v -0.04331207 0.224381 0.01931
v -0.09889221 0.2165213 0.009483337
v -0.0929451 0.2194211 0.02462006
v -0.0929451 0.2194211 0.02462006
v -0.09889221 0.2165213 0.009483337
v -0.1339798 0.2384278 0.04992676
v -0.1206245 0.23526 0.05953979
v -0.1206245 0.23526 0.05953979
v -0.1339798 0.2384278 0.04992676
v -0.1193848 0.2884281 0.07076263
v -0.1092453 0.276119 0.07506561
v -0.1193848 0.2884281 0.07076263
v -0.1170082 0.2958135 0.04139709
v -0.07640076 0.3090494 0.03852844
v -0.06779861 0.3088105 0.06209564
v -0.06779861 0.3088105 0.06209564
v -0.07640076 0.3090494 0.03852844
v -0.04797745 0.2862016 0.01610565
v -0.02936554 0.2758909 0.03778839
v -0.02936554 0.2758909 0.03778839
v -0.04797745 0.2862016 0.01610565
v -0.06016159 0.2501214 -0.003440857
v -0.04331207 0.224381 0.01931
v -0.04331207 0.224381 0.01931
v -0.06016159 0.2501214 -0.003440857
v -0.1007767 0.2368892 -0.0005722046
v -0.09889221 0.2165213 0.009483337
v -0.09889221 0.2165213 0.009483337
v -0.1007767 0.2368892 -0.0005722046
v -0.1291962 0.259737 0.02185059
v -0.1339798 0.2384278 0.04992676
v -0.1339798 0.2384278 0.04992676
v -0.1291962 0.259737 0.02185059
v -0.1170082 0.2958135 0.04139709
v -0.1193848 0.2884281 0.07076263
v -0.1399689 0.3190994 -0.04944611
v -0.151886 0.329048 -0.06538391
v -0.1666718 0.3222346 -0.05857849
v -0.1547585 0.3122932 -0.04264069
v -0.3215179 0.4243783 -0.1652832
v -0.3219757 0.4306089 -0.1600342
v -0.3367577 0.423799 -0.1532288
v -0.3362999 0.4175649 -0.1584778
v -0.1542778 0.3616056 -0.03798676
v -0.1421432 0.3486412 -0.02459717
v -0.1569252 0.3418314 -0.01779175
v -0.1690598 0.3547958 -0.03118134
v -0.09016418 0.2942314 0.02693176
v -0.08926773 0.2820382 0.0166626
v -0.1040535 0.2752284 0.02346802
v -0.1049461 0.2874216 0.03372955
v -0.1664696 0.3396158 -0.08649445
v -0.1864319 0.346078 -0.09873962
v -0.20121 0.3392718 -0.09194183
v -0.1812515 0.3328059 -0.07968903
v -0.1757011 0.3396519 -0.06077576
v -0.2086792 0.3585826 -0.0888443
v -0.2098732 0.3748451 -0.07515717
v -0.1766968 0.3532608 -0.04932404
v -0.1812515 0.3328059 -0.07968903
v -0.20121 0.3392718 -0.09194183
v -0.2086792 0.3585826 -0.0888443
v -0.2098732 0.3748451 -0.07515717
v -0.1841621 0.37251 -0.04627991
v -0.2043266 0.3817527 -0.05619049
v -0.2470818 0.393106 -0.09656525
v -0.245636 0.373368 -0.1131668
v -0.2892151 0.4099477 -0.1222305
v -0.2879066 0.3921538 -0.137207
v -0.1841621 0.37251 -0.04627991
v -0.2043266 0.3817527 -0.05619049
v -0.1895447 0.3885589 -0.06298828
v -0.1693764 0.3793198 -0.05308533
v -0.1619148 0.3600706 -0.05612946
v -0.1950912 0.3816549 -0.08195496
v -0.1939011 0.3653888 -0.09564972
v -0.1609154 0.3464618 -0.06758118
v -0.1693764 0.3793198 -0.05308533
v -0.1895447 0.3885589 -0.06298828
v -0.1950912 0.3816549 -0.08195496
v -0.1939011 0.3653888 -0.09564972
v -0.1664696 0.3396158 -0.08649445
v -0.1864319 0.346078 -0.09873962
v -0.230854 0.3801778 -0.1199646
v -0.2323036 0.3999122 -0.103363
v -0.2731247 0.3989637 -0.1440048
v -0.2744255 0.4167575 -0.1290359
v -0.1988869 0.3552302 -0.1166534
v -0.223526 0.3583654 -0.1258698
v -0.238308 0.3515592 -0.1190643
v -0.213665 0.3484204 -0.109848
v -0.2172089 0.396748 -0.06918335
v -0.2420883 0.4031668 -0.07563782
v -0.2273102 0.4099731 -0.08244324
v -0.2024307 0.4035542 -0.07598877
v -0.2373962 0.3696173 -0.1447525
v -0.2659187 0.3742514 -0.1530838
v -0.2807045 0.3674379 -0.1462784
v -0.2521782 0.3628111 -0.1379471
v -0.2562675 0.4186437 -0.09096527
v -0.2848206 0.4236108 -0.09901428
v -0.2700386 0.4304206 -0.1058197
v -0.2414894 0.4254499 -0.09777069
v -0.279892 0.3888738 -0.1688156
v -0.3017883 0.3943731 -0.1715927
v -0.3165741 0.3875633 -0.1647949
v -0.2946777 0.382064 -0.1620178
v -0.2879066 0.3921538 -0.137207
v -0.3362999 0.4175649 -0.1584778
v -0.3367577 0.423799 -0.1532288
v -0.2892151 0.4099477 -0.1222305
v -0.2848206 0.4236108 -0.09901428
v -0.2562675 0.4186437 -0.09096527
v -0.2470818 0.393106 -0.09656525
v -0.2420883 0.4031668 -0.07563782
v -0.2172089 0.396748 -0.06918335
v -0.2098732 0.3748451 -0.07515717
v -0.245636 0.373368 -0.1131668
v -0.2807045 0.3674379 -0.1462784
v -0.2521782 0.3628111 -0.1379471
v -0.2086792 0.3585826 -0.0888443
v -0.238308 0.3515592 -0.1190643
v -0.213665 0.3484204 -0.109848
v -0.2985916 0.4354203 -0.1171112
v -0.3200722 0.4353551 -0.1245728
v -0.3052864 0.4421686 -0.1313705
v -0.283802 0.4422301 -0.1239166
v -0.2744255 0.4167575 -0.1290359
v -0.3219757 0.4306089 -0.1600342
v -0.3215179 0.4243783 -0.1652832
v -0.2731247 0.3989637 -0.1440048
v -0.2659187 0.3742514 -0.1530838
v -0.2373962 0.3696173 -0.1447525
v -0.230854 0.3801778 -0.1199646
v -0.223526 0.3583654 -0.1258698
v -0.1988869 0.3552302 -0.1166534
v -0.1939011 0.3653888 -0.09564972
v -0.2323036 0.3999122 -0.103363
v -0.2700386 0.4304206 -0.1058197
v -0.2414894 0.4254499 -0.09777069
v -0.1950912 0.3816549 -0.08195496
v -0.2273102 0.4099731 -0.08244324
v -0.2024307 0.4035542 -0.07598877
v -0.1360016 0.3233823 -0.03653717
v -0.1399689 0.3190994 -0.04944611
v -0.1547585 0.3122932 -0.04264069
v -0.1507874 0.3165724 -0.02973175
v -0.1507874 0.3165724 -0.02973175
v -0.1547585 0.3122932 -0.04264069
v -0.1666718 0.3222346 -0.05857849
v -0.1757011 0.3396519 -0.06077576
v -0.1766968 0.3532608 -0.04932404
v -0.15168 0.3287693 -0.01947784
v -0.1040535 0.2752284 0.02346802
v -0.1049461 0.2874216 0.03372955
v -0.1569252 0.3418314 -0.01779175
v -0.1690598 0.3547958 -0.03118134
v -0.1757011 0.3396519 -0.06077576
v -0.1666718 0.3222346 -0.05857849
v -0.151886 0.329048 -0.06538391
v -0.1609154 0.3464618 -0.06758118
v -0.1609154 0.3464618 -0.06758118
v -0.151886 0.329048 -0.06538391
v -0.1399689 0.3190994 -0.04944611
v -0.1360016 0.3233823 -0.03653717
v -0.1368942 0.3355791 -0.02627563
v -0.1619148 0.3600706 -0.05612946
v -0.1542778 0.3616056 -0.03798676
v -0.1421432 0.3486412 -0.02459717
v -0.09016418 0.2942314 0.02693176
v -0.08926773 0.2820382 0.0166626
v -0.1619148 0.3600706 -0.05612946
v -0.1542778 0.3616056 -0.03798676
v -0.1690598 0.3547958 -0.03118134
v -0.1766968 0.3532608 -0.04932404
v -0.15168 0.3287693 -0.01947784
v -0.1569252 0.3418314 -0.01779175
v -0.1421432 0.3486412 -0.02459717
v -0.1368942 0.3355791 -0.02627563
v -0.1609154 0.3464618 -0.06758118
v -0.1664696 0.3396158 -0.08649445
v -0.1812515 0.3328059 -0.07968903
v -0.1757011 0.3396519 -0.06077576
v -0.2086792 0.3585826 -0.0888443
v -0.20121 0.3392718 -0.09194183
v -0.1864319 0.346078 -0.09873962
v -0.1939011 0.3653888 -0.09564972
v -0.1766968 0.3532608 -0.04932404
v -0.1841621 0.37251 -0.04627991
v -0.1693764 0.3793198 -0.05308533
v -0.1619148 0.3600706 -0.05612946
v -0.1950912 0.3816549 -0.08195496
v -0.1895447 0.3885589 -0.06298828
v -0.2043266 0.3817527 -0.05619049
v -0.2098732 0.3748451 -0.07515717
v -0.1939011 0.3653888 -0.09564972
v -0.1988869 0.3552302 -0.1166534
v -0.213665 0.3484204 -0.109848
v -0.2086792 0.3585826 -0.0888443
v -0.245636 0.373368 -0.1131668
v -0.238308 0.3515592 -0.1190643
v -0.223526 0.3583654 -0.1258698
v -0.230854 0.3801778 -0.1199646
v -0.2098732 0.3748451 -0.07515717
v -0.2172089 0.396748 -0.06918335
v -0.2024307 0.4035542 -0.07598877
v -0.1950912 0.3816549 -0.08195496
v -0.2323036 0.3999122 -0.103363
v -0.2273102 0.4099731 -0.08244324
v -0.2420883 0.4031668 -0.07563782
v -0.2470818 0.393106 -0.09656525
v -0.230854 0.3801778 -0.1199646
v -0.2373962 0.3696173 -0.1447525
v -0.2521782 0.3628111 -0.1379471
v -0.245636 0.373368 -0.1131668
v -0.2879066 0.3921538 -0.137207
v -0.2807045 0.3674379 -0.1462784
v -0.2659187 0.3742514 -0.1530838
v -0.2731247 0.3989637 -0.1440048
v -0.2470818 0.393106 -0.09656525
v -0.2562675 0.4186437 -0.09096527
v -0.2414894 0.4254499 -0.09777069
v -0.2323036 0.3999122 -0.103363
v -0.2744255 0.4167575 -0.1290359
v -0.2700386 0.4304206 -0.1058197
v -0.2848206 0.4236108 -0.09901428
v -0.2892151 0.4099477 -0.1222305
v -0.2731247 0.3989637 -0.1440048
v -0.279892 0.3888738 -0.1688156
v -0.2946777 0.382064 -0.1620178
v -0.2879066 0.3921538 -0.137207
v -0.2879066 0.3921538 -0.137207
v -0.2946777 0.382064 -0.1620178
v -0.3165741 0.3875633 -0.1647949
v -0.3362999 0.4175649 -0.1584778
v -0.3362999 0.4175649 -0.1584778
v -0.3165741 0.3875633 -0.1647949
v -0.3017883 0.3943731 -0.1715927
v -0.3215179 0.4243783 -0.1652832
v -0.3215179 0.4243783 -0.1652832
v -0.3017883 0.3943731 -0.1715927
v -0.279892 0.3888738 -0.1688156
v -0.2731247 0.3989637 -0.1440048
v -0.2892151 0.4099477 -0.1222305
v -0.2985916 0.4354203 -0.1171112
v -0.283802 0.4422301 -0.1239166
v -0.2744255 0.4167575 -0.1290359
v -0.2744255 0.4167575 -0.1290359
v -0.283802 0.4422301 -0.1239166
v -0.3052864 0.4421686 -0.1313705
v -0.3219757 0.4306089 -0.1600342
v -0.3219757 0.4306089 -0.1600342
v -0.3052864 0.4421686 -0.1313705
v -0.3200722 0.4353551 -0.1245728
v -0.3367577 0.423799 -0.1532288
v -0.3367577 0.423799 -0.1532288
v -0.3200722 0.4353551 -0.1245728
v -0.2985916 0.4354203 -0.1171112
v -0.2892151 0.4099477 -0.1222305
v -0.1368942 0.3355791 -0.02627563
v -0.09016418 0.2942314 0.02693176
v -0.1049461 0.2874216 0.03372955
v -0.15168 0.3287693 -0.01947784
v -0.1507874 0.3165724 -0.02973175
v -0.1040535 0.2752284 0.02346802
v -0.08926773 0.2820382 0.0166626
v -0.1360016 0.3233823 -0.03653717
v -0.09118652 0.3285557 -0.02957916
v -0.09394455 0.3427908 -0.04644775
v -0.07644653 0.3445358 -0.0478363
v -0.07368469 0.3303007 -0.03096771
v -0.05215454 0.4527725 -0.230835
v -0.05186462 0.4461183 -0.2355423
v -0.03436279 0.4478633 -0.2369232
v -0.03465271 0.4545211 -0.2322235
v -0.09242249 0.3080104 -0.07103729
v -0.0898056 0.2970082 -0.05188751
v -0.07230759 0.2987532 -0.05326843
v -0.07492447 0.3097554 -0.07242584
v -0.08190918 0.2544984 0.02841187
v -0.08248138 0.2675279 0.03762054
v -0.06498337 0.2692766 0.03623199
v -0.06441498 0.2562506 0.02702332
v -0.09742737 0.3621776 -0.06598663
v -0.09075928 0.377296 -0.08380127
v -0.07326508 0.379041 -0.08518219
v -0.07992554 0.3639262 -0.06737518
v -0.0778656 0.3431637 -0.06747437
v -0.07410431 0.3718656 -0.1048355
v -0.07334518 0.3544917 -0.1171265
v -0.07722855 0.3286209 -0.07775879
v -0.07992554 0.3639262 -0.06737518
v -0.07326508 0.379041 -0.08518219
v -0.07410431 0.3718656 -0.1048355
v -0.07334518 0.3544917 -0.1171265
v -0.07807159 0.3215142 -0.0973587
v -0.07128143 0.3336639 -0.1172638
v -0.06282043 0.3791569 -0.1552887
v -0.06374359 0.400238 -0.1403885
v -0.04999924 0.4097233 -0.1955261
v -0.05083466 0.4287299 -0.1820908
v -0.03436279 0.4478633 -0.2369232
v -0.03465271 0.4545211 -0.2322235
v -0.07807159 0.3215142 -0.0973587
v -0.07128143 0.3336639 -0.1172638
v -0.08877182 0.3319153 -0.1158829
v -0.09557343 0.3197691 -0.09597015
v -0.09472656 0.3268759 -0.07637024
v -0.0908432 0.3527467 -0.1157303
v -0.09159851 0.3701169 -0.1034546
v -0.09536362 0.3414187 -0.06609344
v -0.09557343 0.3197691 -0.09597015
v -0.08877182 0.3319153 -0.1158829
v -0.0908432 0.3527467 -0.1157303
v -0.09159851 0.3701169 -0.1034546
v -0.09742737 0.3621776 -0.06598663
v -0.09075928 0.377296 -0.08380127
v -0.08123779 0.398493 -0.1389999
v -0.08031845 0.3774083 -0.1539001
v -0.06833649 0.4269849 -0.1807022
v -0.06750107 0.4079782 -0.1941376
v -0.05215454 0.4527725 -0.230835
v -0.05186462 0.4461183 -0.2355423
v -0.09372711 0.3937106 -0.1005707
v -0.08060837 0.4090499 -0.1177368
v -0.06311417 0.4107949 -0.1191254
v -0.0762291 0.3954556 -0.1019592
v -0.07397079 0.3438334 -0.1384506
v -0.06069946 0.3556719 -0.1580887
v -0.07819748 0.3539269 -0.1567078
v -0.091465 0.3420884 -0.1370697
v -0.08383942 0.4260255 -0.1371536
v -0.06793594 0.4413938 -0.1575241
v -0.05043411 0.4431424 -0.1589127
v -0.06634521 0.4277705 -0.1385345
v -0.06373215 0.3681294 -0.1807022
v -0.04780579 0.3831393 -0.2013321
v -0.06530762 0.3813942 -0.1999512
v -0.08123016 0.3663808 -0.1793137
v -0.07096863 0.4544487 -0.1793671
v -0.05781555 0.4624098 -0.1961288
v -0.04031372 0.4641548 -0.1975174
v -0.05347061 0.4561937 -0.1807556
v -0.0509758 0.3991954 -0.2210464
v -0.03807831 0.4130974 -0.2336121
v -0.05558014 0.4113488 -0.2322235
v -0.06847382 0.3974504 -0.2196579
v -0.0897522 0.3144654 -0.02922058
v -0.09118652 0.3285557 -0.02957916
v -0.07368469 0.3303007 -0.03096771
v -0.07225037 0.3162104 -0.03060913
v -0.07225037 0.3162104 -0.03060913
v -0.07368469 0.3303007 -0.03096771
v -0.07644653 0.3445358 -0.0478363
v -0.0778656 0.3431637 -0.06747437
v -0.07722855 0.3286209 -0.07775879
v -0.07168198 0.3031845 -0.03982544
v -0.06498337 0.2692766 0.03623199
v -0.06441498 0.2562506 0.02702332
v -0.07230759 0.2987532 -0.05326843
v -0.07492447 0.3097554 -0.07242584
v -0.0778656 0.3431637 -0.06747437
v -0.07644653 0.3445358 -0.0478363
v -0.09394455 0.3427908 -0.04644775
v -0.09536362 0.3414187 -0.06609344
v -0.09536362 0.3414187 -0.06609344
v -0.09394455 0.3427908 -0.04644775
v -0.09118652 0.3285557 -0.02957916
v -0.0897522 0.3144654 -0.02922058
v -0.08917999 0.3014395 -0.03842926
v -0.09472656 0.3268759 -0.07637024
v -0.09242249 0.3080104 -0.07103729
v -0.0898056 0.2970082 -0.05188751
v -0.08190918 0.2544984 0.02841187
v -0.08248138 0.2675279 0.03762054
v -0.09472656 0.3268759 -0.07637024
v -0.09242249 0.3080104 -0.07103729
v -0.07492447 0.3097554 -0.07242584
v -0.07722855 0.3286209 -0.07775879
v -0.07168198 0.3031845 -0.03982544
v -0.07230759 0.2987532 -0.05326843
v -0.0898056 0.2970082 -0.05188751
v -0.08917999 0.3014395 -0.03842926
v -0.09536362 0.3414187 -0.06609344
v -0.09742737 0.3621776 -0.06598663
v -0.07992554 0.3639262 -0.06737518
v -0.0778656 0.3431637 -0.06747437
v -0.07410431 0.3718656 -0.1048355
v -0.07326508 0.379041 -0.08518219
v -0.09075928 0.377296 -0.08380127
v -0.09159851 0.3701169 -0.1034546
v -0.07722855 0.3286209 -0.07775879
v -0.07807159 0.3215142 -0.0973587
v -0.09557343 0.3197691 -0.09597015
v -0.09472656 0.3268759 -0.07637024
v -0.0908432 0.3527467 -0.1157303
v -0.08877182 0.3319153 -0.1158829
v -0.07128143 0.3336639 -0.1172638
v -0.07334518 0.3544917 -0.1171265
v -0.09159851 0.3701169 -0.1034546
v -0.09372711 0.3937106 -0.1005707
v -0.0762291 0.3954556 -0.1019592
v -0.07410431 0.3718656 -0.1048355
v -0.07410431 0.3718656 -0.1048355
v -0.0762291 0.3954556 -0.1019592
v -0.06311417 0.4107949 -0.1191254
v -0.06374359 0.400238 -0.1403885
v -0.06634521 0.4277705 -0.1385345
v -0.05043411 0.4431424 -0.1589127
v -0.05083466 0.4287299 -0.1820908
v -0.05347061 0.4561937 -0.1807556
v -0.04031372 0.4641548 -0.1975174
v -0.03465271 0.4545211 -0.2322235
v -0.06374359 0.400238 -0.1403885
v -0.06311417 0.4107949 -0.1191254
v -0.08060837 0.4090499 -0.1177368
v -0.08123779 0.398493 -0.1389999
v -0.08123779 0.398493 -0.1389999
v -0.08060837 0.4090499 -0.1177368
v -0.09372711 0.3937106 -0.1005707
v -0.09159851 0.3701169 -0.1034546
v -0.06833649 0.4269849 -0.1807022
v -0.08383942 0.4260255 -0.1371536
v -0.06793594 0.4413938 -0.1575241
v -0.05215454 0.4527725 -0.230835
v -0.07096863 0.4544487 -0.1793671
v -0.05781555 0.4624098 -0.1961288
v -0.07334518 0.3544917 -0.1171265
v -0.07397079 0.3438334 -0.1384506
v -0.091465 0.3420884 -0.1370697
v -0.0908432 0.3527467 -0.1157303
v -0.0908432 0.3527467 -0.1157303
v -0.091465 0.3420884 -0.1370697
v -0.07819748 0.3539269 -0.1567078
v -0.08031845 0.3774083 -0.1539001
v -0.08123016 0.3663808 -0.1793137
v -0.06530762 0.3813942 -0.1999512
v -0.06750107 0.4079782 -0.1941376
v -0.06847382 0.3974504 -0.2196579
v -0.05558014 0.4113488 -0.2322235
v -0.05186462 0.4461183 -0.2355423
v -0.08031845 0.3774083 -0.1539001
v -0.07819748 0.3539269 -0.1567078
v -0.06069946 0.3556719 -0.1580887
v -0.06282043 0.3791569 -0.1552887
v -0.06282043 0.3791569 -0.1552887
v -0.06069946 0.3556719 -0.1580887
v -0.07397079 0.3438334 -0.1384506
v -0.07334518 0.3544917 -0.1171265
v -0.04999924 0.4097233 -0.1955261
v -0.06373215 0.3681294 -0.1807022
v -0.04780579 0.3831393 -0.2013321
v -0.03436279 0.4478633 -0.2369232
v -0.0509758 0.3991954 -0.2210464
v -0.03807831 0.4130974 -0.2336121
v -0.08123779 0.398493 -0.1389999
v -0.08383942 0.4260255 -0.1371536
v -0.06634521 0.4277705 -0.1385345
v -0.06374359 0.400238 -0.1403885
v -0.05083466 0.4287299 -0.1820908
v -0.05043411 0.4431424 -0.1589127
v -0.06793594 0.4413938 -0.1575241
v -0.06833649 0.4269849 -0.1807022
v -0.06282043 0.3791569 -0.1552887
v -0.06373215 0.3681294 -0.1807022
v -0.08123016 0.3663808 -0.1793137
v -0.08031845 0.3774083 -0.1539001
v -0.06750107 0.4079782 -0.1941376
v -0.06530762 0.3813942 -0.1999512
v -0.04780579 0.3831393 -0.2013321
v -0.04999924 0.4097233 -0.1955261
v -0.06833649 0.4269849 -0.1807022
v -0.07096863 0.4544487 -0.1793671
v -0.05347061 0.4561937 -0.1807556
v -0.05083466 0.4287299 -0.1820908
v -0.03465271 0.4545211 -0.2322235
v -0.04031372 0.4641548 -0.1975174
v -0.05781555 0.4624098 -0.1961288
v -0.05215454 0.4527725 -0.230835
v -0.04999924 0.4097233 -0.1955261
v -0.0509758 0.3991954 -0.2210464
v -0.06847382 0.3974504 -0.2196579
v -0.06750107 0.4079782 -0.1941376
v -0.05186462 0.4461183 -0.2355423
v -0.05558014 0.4113488 -0.2322235
v -0.03807831 0.4130974 -0.2336121
v -0.03436279 0.4478633 -0.2369232
v -0.08917999 0.3014395 -0.03842926
v -0.08190918 0.2544984 0.02841187
v -0.06441498 0.2562506 0.02702332
v -0.07168198 0.3031845 -0.03982544
v -0.07225037 0.3162104 -0.03060913
v -0.06498337 0.2692766 0.03623199
v -0.08248138 0.2675279 0.03762054
v -0.0897522 0.3144654 -0.02922058
v -0.09363556 0.2809376 -0.07013702
v -0.09988403 0.2882144 -0.09020233
v -0.1072502 0.2725457 -0.09359741
v -0.1009979 0.2652689 -0.07352448
v -0.2169685 0.3077099 -0.2739258
v -0.2237892 0.310092 -0.270134
v -0.2311516 0.2944233 -0.2735214
v -0.2243347 0.2920375 -0.2773132
v -0.1355095 0.3006647 -0.07038879
v -0.1259499 0.2922294 -0.05216217
v -0.1333084 0.2765643 -0.05554962
v -0.142868 0.284996 -0.07378387
v -0.0830574 0.2592374 0.02124023
v -0.06971359 0.2545744 0.01381683
v -0.07707596 0.2389021 0.01042938
v -0.09041977 0.2435651 0.01785278
v -0.1057434 0.2965484 -0.1160126
v -0.1161423 0.2954732 -0.1379471
v -0.1235008 0.2798045 -0.1413345
v -0.113102 0.2808797 -0.1194077
v -0.1230965 0.2816146 -0.1011047
v -0.1421242 0.2890688 -0.1437149
v -0.1599159 0.2952886 -0.1338196
v -0.1379852 0.2868207 -0.09281921
v -0.113102 0.2808797 -0.1194077
v -0.1235008 0.2798045 -0.1413345
v -0.1421242 0.2890688 -0.1437149
v -0.1599159 0.2952886 -0.1338196
v -0.1565399 0.2960597 -0.09524536
v -0.1699791 0.2960452 -0.1154785
v -0.1840744 0.2973775 -0.1736679
v -0.162487 0.2898327 -0.1856842
v -0.2082367 0.2974318 -0.2198639
v -0.1887703 0.2906292 -0.23069
v -0.2311516 0.2944233 -0.2735214
v -0.2243347 0.2920375 -0.2773132
v -0.1565399 0.2960597 -0.09524536
v -0.1699791 0.2960452 -0.1154785
v -0.1626167 0.3117103 -0.1120911
v -0.1491776 0.3117321 -0.09185028
v -0.1306229 0.3024894 -0.08943176
v -0.1525574 0.3109537 -0.1304321
v -0.1347618 0.304734 -0.1403275
v -0.1157341 0.297287 -0.09770966
v -0.1491776 0.3117321 -0.09185028
v -0.1626167 0.3117103 -0.1120911
v -0.1525574 0.3109537 -0.1304321
v -0.1347618 0.304734 -0.1403275
v -0.1057434 0.2965484 -0.1160126
v -0.1161423 0.2954732 -0.1379471
v -0.1551285 0.3054942 -0.1822891
v -0.1767159 0.3130426 -0.1702805
v -0.1814079 0.3063016 -0.2273026
v -0.2008743 0.3131005 -0.2164688
v -0.2169685 0.3077099 -0.2739258
v -0.2237892 0.310092 -0.270134
v -0.1212769 0.3026306 -0.1598969
v -0.1336403 0.2953791 -0.1821823
v -0.1410027 0.2797103 -0.1855698
v -0.1286354 0.2869654 -0.1632919
v -0.1815071 0.3054399 -0.133873
v -0.1974564 0.2994411 -0.1541595
v -0.190094 0.3151062 -0.1507721
v -0.1741447 0.3211087 -0.1304855
v -0.1405525 0.3037348 -0.2058029
v -0.1566048 0.2951727 -0.2297516
v -0.1639671 0.279504 -0.233139
v -0.1479111 0.288066 -0.209198
v -0.208992 0.309415 -0.175209
v -0.2254181 0.3009797 -0.1989517
v -0.2180519 0.3166485 -0.1955643
v -0.2016296 0.3250802 -0.1718216
v -0.167263 0.3047738 -0.2509842
v -0.1825447 0.2982536 -0.2665176
v -0.1899071 0.2825812 -0.2699051
v -0.1746254 0.2891014 -0.2543716
v -0.2329979 0.3095056 -0.2218933
v -0.2421951 0.300853 -0.2408142
v -0.2348328 0.316529 -0.2374191
v -0.2256355 0.3251743 -0.2185059
v -0.10009 0.2812454 -0.05752563
v -0.09363556 0.2809376 -0.07013702
v -0.1009979 0.2652689 -0.07352448
v -0.1074524 0.2655766 -0.06092072
v -0.1074524 0.2655766 -0.06092072
v -0.1009979 0.2652689 -0.07352448
v -0.1072502 0.2725457 -0.09359741
v -0.1230965 0.2816146 -0.1011047
v -0.1379852 0.2868207 -0.09281921
v -0.1207924 0.2702396 -0.05348969
v -0.07707596 0.2389021 0.01042938
v -0.09041977 0.2435651 0.01785278
v -0.1333084 0.2765643 -0.05554962
v -0.142868 0.284996 -0.07378387
v -0.1230965 0.2816146 -0.1011047
v -0.1072502 0.2725457 -0.09359741
v -0.09988403 0.2882144 -0.09020233
v -0.1157341 0.297287 -0.09770966
v -0.1157341 0.297287 -0.09770966
v -0.09988403 0.2882144 -0.09020233
v -0.09363556 0.2809376 -0.07013702
v -0.10009 0.2812454 -0.05752563
v -0.11343 0.2859047 -0.05010223
v -0.1306229 0.3024894 -0.08943176
v -0.1355095 0.3006647 -0.07038879
v -0.1259499 0.2922294 -0.05216217
v -0.0830574 0.2592374 0.02124023
v -0.06971359 0.2545744 0.01381683
v -0.1306229 0.3024894 -0.08943176
v -0.1355095 0.3006647 -0.07038879
v -0.142868 0.284996 -0.07378387
v -0.1379852 0.2868207 -0.09281921
v -0.1207924 0.2702396 -0.05348969
v -0.1333084 0.2765643 -0.05554962
v -0.1259499 0.2922294 -0.05216217
v -0.11343 0.2859047 -0.05010223
v -0.1157341 0.297287 -0.09770966
v -0.1057434 0.2965484 -0.1160126
v -0.113102 0.2808797 -0.1194077
v -0.1230965 0.2816146 -0.1011047
v -0.1421242 0.2890688 -0.1437149
v -0.1235008 0.2798045 -0.1413345
v -0.1161423 0.2954732 -0.1379471
v -0.1347618 0.304734 -0.1403275
v -0.1379852 0.2868207 -0.09281921
v -0.1565399 0.2960597 -0.09524536
v -0.1491776 0.3117321 -0.09185028
v -0.1306229 0.3024894 -0.08943176
v -0.1525574 0.3109537 -0.1304321
v -0.1626167 0.3117103 -0.1120911
v -0.1699791 0.2960452 -0.1154785
v -0.1599159 0.2952886 -0.1338196
v -0.1347618 0.304734 -0.1403275
v -0.1212769 0.3026306 -0.1598969
v -0.1286354 0.2869654 -0.1632919
v -0.1421242 0.2890688 -0.1437149
v -0.1421242 0.2890688 -0.1437149
v -0.1286354 0.2869654 -0.1632919
v -0.1410027 0.2797103 -0.1855698
v -0.162487 0.2898327 -0.1856842
v -0.162487 0.2898327 -0.1856842
v -0.1410027 0.2797103 -0.1855698
v -0.1336403 0.2953791 -0.1821823
v -0.1551285 0.3054942 -0.1822891
v -0.1551285 0.3054942 -0.1822891
v -0.1336403 0.2953791 -0.1821823
v -0.1212769 0.3026306 -0.1598969
v -0.1347618 0.304734 -0.1403275
v -0.1599159 0.2952886 -0.1338196
v -0.1815071 0.3054399 -0.133873
v -0.1741447 0.3211087 -0.1304855
v -0.1525574 0.3109537 -0.1304321
v -0.1525574 0.3109537 -0.1304321
v -0.1741447 0.3211087 -0.1304855
v -0.190094 0.3151062 -0.1507721
v -0.1767159 0.3130426 -0.1702805
v -0.1767159 0.3130426 -0.1702805
v -0.190094 0.3151062 -0.1507721
v -0.1974564 0.2994411 -0.1541595
v -0.1840744 0.2973775 -0.1736679
v -0.1840744 0.2973775 -0.1736679
v -0.1974564 0.2994411 -0.1541595
v -0.1815071 0.3054399 -0.133873
v -0.1599159 0.2952886 -0.1338196
v -0.1551285 0.3054942 -0.1822891
v -0.1405525 0.3037348 -0.2058029
v -0.1479111 0.288066 -0.209198
v -0.162487 0.2898327 -0.1856842
v -0.162487 0.2898327 -0.1856842
v -0.1479111 0.288066 -0.209198
v -0.1639671 0.279504 -0.233139
v -0.1887703 0.2906292 -0.23069
v -0.1746254 0.2891014 -0.2543716
v -0.1899071 0.2825812 -0.2699051
v -0.2243347 0.2920375 -0.2773132
v -0.1887703 0.2906292 -0.23069
v -0.1639671 0.279504 -0.233139
v -0.1566048 0.2951727 -0.2297516
v -0.1814079 0.3063016 -0.2273026
v -0.1814079 0.3063016 -0.2273026
v -0.1566048 0.2951727 -0.2297516
v -0.1405525 0.3037348 -0.2058029
v -0.1551285 0.3054942 -0.1822891
v -0.2169685 0.3077099 -0.2739258
v -0.167263 0.3047738 -0.2509842
v -0.1825447 0.2982536 -0.2665176
v -0.1840744 0.2973775 -0.1736679
v -0.208992 0.309415 -0.175209
v -0.2016296 0.3250802 -0.1718216
v -0.1767159 0.3130426 -0.1702805
v -0.1767159 0.3130426 -0.1702805
v -0.2016296 0.3250802 -0.1718216
v -0.2180519 0.3166485 -0.1955643
v -0.2008743 0.3131005 -0.2164688
v -0.2008743 0.3131005 -0.2164688
v -0.2180519 0.3166485 -0.1955643
v -0.2254181 0.3009797 -0.1989517
v -0.2082367 0.2974318 -0.2198639
v -0.2082367 0.2974318 -0.2198639
v -0.2254181 0.3009797 -0.1989517
v -0.208992 0.309415 -0.175209
v -0.1840744 0.2973775 -0.1736679
v -0.1814079 0.3063016 -0.2273026
v -0.167263 0.3047738 -0.2509842
v -0.1746254 0.2891014 -0.2543716
v -0.1887703 0.2906292 -0.23069
v -0.2243347 0.2920375 -0.2773132
v -0.1899071 0.2825812 -0.2699051
v -0.1825447 0.2982536 -0.2665176
v -0.2169685 0.3077099 -0.2739258
v -0.2082367 0.2974318 -0.2198639
v -0.2329979 0.3095056 -0.2218933
v -0.2256355 0.3251743 -0.2185059
v -0.2008743 0.3131005 -0.2164688
v -0.2008743 0.3131005 -0.2164688
v -0.2256355 0.3251743 -0.2185059
v -0.2348328 0.316529 -0.2374191
v -0.2237892 0.310092 -0.270134
v -0.2237892 0.310092 -0.270134
v -0.2348328 0.316529 -0.2374191
v -0.2421951 0.300853 -0.2408142
v -0.2311516 0.2944233 -0.2735214
v -0.2311516 0.2944233 -0.2735214
v -0.2421951 0.300853 -0.2408142
v -0.2329979 0.3095056 -0.2218933
v -0.2082367 0.2974318 -0.2198639
v -0.11343 0.2859047 -0.05010223
v -0.0830574 0.2592374 0.02124023
v -0.09041977 0.2435651 0.01785278
v -0.1207924 0.2702396 -0.05348969
v -0.1074524 0.2655766 -0.06092072
v -0.07707596 0.2389021 0.01042938
v -0.06971359 0.2545744 0.01381683
v -0.10009 0.2812454 -0.05752563
v 0.0704155 0.09107719 0.2636185
v 0.05886078 0.1505663 0.1604538
v 0.03829956 0.2041325 0.1622162
v 0.04904175 0.1417924 0.2986221
v 0.04904175 0.1417924 0.2986221
v 0.03829956 0.2041325 0.1622162
v 0.06860733 0.2487548 0.1524277
v 0.09062958 0.1885633 0.3170242
v 0.09062958 0.1885633 0.3170242
v 0.06860733 0.2487548 0.1524277
v 0.1225243 0.2383934 0.1643372
v 0.1535912 0.1846172 0.300415
v 0.1535912 0.1846172 0.300415
v 0.1225243 0.2383934 0.1643372
v 0.1453552 0.1840036 0.1677856
v 0.1749687 0.1339056 0.2654114
v 0.1749687 0.1339056 0.2654114
v 0.1453552 0.1840036 0.1677856
v 0.108757 0.1533195 0.1352768
v 0.1333771 0.08712742 0.2470093
v 0.1333771 0.08712742 0.2470093
v 0.108757 0.1533195 0.1352768
v 0.05886078 0.1505663 0.1604538
v 0.0704155 0.09107719 0.2636185
v 0.04904175 0.1417924 0.2986221
v 0.08293915 0.09524418 0.3697205
v 0.09871292 0.05782275 0.343895
v 0.0704155 0.09107719 0.2636185
v 0.09062958 0.1885633 0.3170242
v 0.1136093 0.1297458 0.3832932
v 0.08293915 0.09524418 0.3697205
v 0.04904175 0.1417924 0.2986221
v 0.1535912 0.1846172 0.300415
v 0.1600571 0.1268242 0.3710403
v 0.1136093 0.1297458 0.3832932
v 0.09062958 0.1885633 0.3170242
v 0.1749687 0.1339056 0.2654114
v 0.1758232 0.08940642 0.3452148
v 0.1600571 0.1268242 0.3710403
v 0.1535912 0.1846172 0.300415
v 0.1333771 0.08712742 0.2470093
v 0.1451454 0.0549102 0.3316422
v 0.1758232 0.08940642 0.3452148
v 0.1749687 0.1339056 0.2654114
v 0.0704155 0.09107719 0.2636185
v 0.09871292 0.05782275 0.343895
v 0.1451454 0.0549102 0.3316422
v 0.1333771 0.08712742 0.2470093
v 0.06860733 0.2487548 0.1524277
v 0.06744766 0.2608195 0.06445313
v 0.112442 0.2530684 0.06584167
v 0.1225243 0.2383934 0.1643372
v 0.03829956 0.2041325 0.1622162
v 0.03887558 0.229044 0.04967499
v 0.06744766 0.2608195 0.06445313
v 0.06860733 0.2487548 0.1524277
v 0.05886078 0.1505663 0.1604538
v 0.05570602 0.1882846 0.03968048
v 0.03887558 0.229044 0.04967499
v 0.03829956 0.2041325 0.1622162
v 0.108757 0.1533195 0.1352768
v 0.1003494 0.1815635 0.03822327
v 0.05570602 0.1882846 0.03968048
v 0.05886078 0.1505663 0.1604538
v 0.1453552 0.1840036 0.1677856
v 0.1257858 0.2212404 0.03436279
v 0.1003494 0.1815635 0.03822327
v 0.108757 0.1533195 0.1352768
v 0.1225243 0.2383934 0.1643372
v 0.112442 0.2530684 0.06584167
v 0.1257858 0.2212404 0.03436279
v 0.1453552 0.1840036 0.1677856
v 0.05570602 0.1882846 0.03968048
v 0.04743576 0.1840615 0.02602386
v 0.02666473 0.2342355 0.04026794
v 0.03887558 0.229044 0.04967499
v 0.03887558 0.229044 0.04967499
v 0.02666473 0.2342355 0.04026794
v 0.06207275 0.2745007 0.05691528
v 0.06744766 0.2608195 0.06445313
v 0.06744766 0.2608195 0.06445313
v 0.06207275 0.2745007 0.05691528
v 0.1178551 0.2657522 0.05609894
v 0.112442 0.2530684 0.06584167
v 0.112442 0.2530684 0.06584167
v 0.1178551 0.2657522 0.05609894
v 0.1352386 0.2242235 0.02115631
v 0.1257858 0.2212404 0.03436279
v 0.1257858 0.2212404 0.03436279
v 0.1352386 0.2242235 0.02115631
v 0.10289 0.1762868 0.02252197
v 0.1003494 0.1815635 0.03822327
v 0.1003494 0.1815635 0.03822327
v 0.10289 0.1762868 0.02252197
v 0.04743576 0.1840615 0.02602386
v 0.05570602 0.1882846 0.03968048
v 0.04743576 0.1840615 0.02602386
v 0.05241013 0.2031804 0.002952576
v 0.03700256 0.2401095 0.01816559
v 0.02666473 0.2342355 0.04026794
v 0.02666473 0.2342355 0.04026794
v 0.03700256 0.2401095 0.01816559
v 0.06363297 0.2725385 0.02664185
v 0.06207275 0.2745007 0.05691528
v 0.06207275 0.2745007 0.05691528
v 0.06363297 0.2725385 0.02664185
v 0.1056709 0.2680402 0.01989746
v 0.1178551 0.2657522 0.05609894
v 0.1178551 0.2657522 0.05609894
v 0.1056709 0.2680402 0.01989746
v 0.1210785 0.2311112 0.004684448
v 0.1352386 0.2242235 0.02115631
v 0.1352386 0.2242235 0.02115631
v 0.1210785 0.2311112 0.004684448
v 0.09444427 0.1986821 -0.003791809
v 0.10289 0.1762868 0.02252197
v 0.10289 0.1762868 0.02252197
v 0.09444427 0.1986821 -0.003791809
v 0.05241013 0.2031804 0.002952576
v 0.04743576 0.1840615 0.02602386
v 0.07081985 0.237434 -0.08542633
v 0.06962967 0.2377906 -0.1076355
v 0.07470322 0.2209018 -0.1081772
v 0.07589722 0.2205471 -0.08596802
v 0.04292297 0.1665301 -0.3126984
v 0.0351944 0.1641724 -0.3115921
v 0.04026794 0.1472818 -0.3121338
v 0.04800415 0.1496395 -0.3132401
v 0.02923965 0.2254707 -0.10186
v 0.03417969 0.2262581 -0.08018494
v 0.03925323 0.209373 -0.08073425
v 0.03430939 0.2085837 -0.1024017
v 0.05670547 0.2330064 0.007919312
v 0.07183075 0.2376223 0.005760193
v 0.07690811 0.2207353 0.005218506
v 0.06177902 0.2161194 0.007377625
v 0.07027054 0.2388731 -0.1353531
v 0.07164001 0.2300721 -0.157959
v 0.07671356 0.2131888 -0.1585007
v 0.0753479 0.2219843 -0.1358948
v 0.06082153 0.2171675 -0.1217041
v 0.0587883 0.2081113 -0.1680527
v 0.03861237 0.2019585 -0.1651611
v 0.0439415 0.2120194 -0.1192932
v 0.0753479 0.2219843 -0.1358948
v 0.07671356 0.2131888 -0.1585007
v 0.0587883 0.2081113 -0.1680527
v 0.03861237 0.2019585 -0.1651611
v 0.02609253 0.2069636 -0.1288528
v 0.02401352 0.1971182 -0.1509628
v 0.03495026 0.1856671 -0.2087173
v 0.05943298 0.193134 -0.2122192
v 0.03486252 0.1674587 -0.2575684
v 0.05693817 0.1741925 -0.2607269
v 0.04026794 0.1472818 -0.3121338
v 0.04800415 0.1496395 -0.3132401
v 0.02609253 0.2069636 -0.1288528
v 0.02401352 0.1971182 -0.1509628
v 0.01894379 0.2140015 -0.1504211
v 0.02101898 0.2238524 -0.1283112
v 0.03886795 0.2289046 -0.1187515
v 0.03353882 0.2188419 -0.1646194
v 0.05371475 0.2249946 -0.1675034
v 0.05574799 0.2340527 -0.1211624
v 0.02101898 0.2238524 -0.1283112
v 0.01894379 0.2140015 -0.1504211
v 0.03353882 0.2188419 -0.1646194
v 0.05371475 0.2249946 -0.1675034
v 0.07027054 0.2388731 -0.1353531
v 0.07164001 0.2300721 -0.157959
v 0.05436325 0.2100174 -0.2116776
v 0.02988434 0.2025505 -0.2081833
v 0.05186462 0.1910813 -0.2601852
v 0.02979279 0.1843502 -0.2570267
v 0.04292297 0.1665301 -0.3126984
v 0.0351944 0.1641724 -0.3115921
v 0.07202911 0.2309482 -0.1815948
v 0.0757103 0.2161592 -0.2032623
v 0.08077621 0.1992759 -0.203804
v 0.07710266 0.2140649 -0.1821365
v 0.01715469 0.1957841 -0.1735611
v 0.01676178 0.1797524 -0.1946487
v 0.01169205 0.1966349 -0.1941147
v 0.01208115 0.2126647 -0.1730194
v 0.07474518 0.2167041 -0.2292328
v 0.07714844 0.198445 -0.253006
v 0.0822258 0.1815544 -0.2535477
v 0.07982254 0.1998207 -0.2297745
v 0.01055908 0.178698 -0.2198715
v 0.01254272 0.160304 -0.2435837
v 0.007469177 0.1771946 -0.243042
v 0.00548172 0.1955813 -0.2193298
v 0.07186508 0.197663 -0.2780685
v 0.07047272 0.18194 -0.2944489
v 0.07554626 0.1650494 -0.2949905
v 0.07693481 0.1807706 -0.2786102
v 0.010746 0.1605864 -0.2691422
v 0.01625443 0.1469677 -0.2865067
v 0.01118088 0.1638574 -0.285965
v 0.005672455 0.1774743 -0.2686005
v 0.06124496 0.2342391 -0.07548523
v 0.07081985 0.237434 -0.08542633
v 0.07589722 0.2205471 -0.08596802
v 0.06632233 0.2173539 -0.07602692
v 0.06632233 0.2173539 -0.07602692
v 0.07589722 0.2205471 -0.08596802
v 0.07470322 0.2209018 -0.1081772
v 0.06082153 0.2171675 -0.1217041
v 0.0439415 0.2120194 -0.1192932
v 0.05119324 0.212738 -0.07386017
v 0.07690811 0.2207353 0.005218506
v 0.06177902 0.2161194 0.007377625
v 0.03925323 0.209373 -0.08073425
v 0.03430939 0.2085837 -0.1024017
v 0.06082153 0.2171675 -0.1217041
v 0.07470322 0.2209018 -0.1081772
v 0.06962967 0.2377906 -0.1076355
v 0.05574799 0.2340527 -0.1211624
v 0.05574799 0.2340527 -0.1211624
v 0.06962967 0.2377906 -0.1076355
v 0.07081985 0.237434 -0.08542633
v 0.06124496 0.2342391 -0.07548523
v 0.04611969 0.229625 -0.07331848
v 0.03886795 0.2289046 -0.1187515
v 0.02923965 0.2254707 -0.10186
v 0.03417969 0.2262581 -0.08018494
v 0.05670547 0.2330064 0.007919312
v 0.07183075 0.2376223 0.005760193
v 0.03886795 0.2289046 -0.1187515
v 0.02923965 0.2254707 -0.10186
v 0.03430939 0.2085837 -0.1024017
v 0.0439415 0.2120194 -0.1192932
v 0.05119324 0.212738 -0.07386017
v 0.03925323 0.209373 -0.08073425
v 0.03417969 0.2262581 -0.08018494
v 0.04611969 0.229625 -0.07331848
v 0.05574799 0.2340527 -0.1211624
v 0.07027054 0.2388731 -0.1353531
v 0.0753479 0.2219843 -0.1358948
v 0.06082153 0.2171675 -0.1217041
v 0.0587883 0.2081113 -0.1680527
v 0.07671356 0.2131888 -0.1585007
v 0.07164001 0.2300721 -0.157959
v 0.05371475 0.2249946 -0.1675034
v 0.0439415 0.2120194 -0.1192932
v 0.02609253 0.2069636 -0.1288528
v 0.02101898 0.2238524 -0.1283112
v 0.03886795 0.2289046 -0.1187515
v 0.03353882 0.2188419 -0.1646194
v 0.01894379 0.2140015 -0.1504211
v 0.02401352 0.1971182 -0.1509628
v 0.03861237 0.2019585 -0.1651611
v 0.05371475 0.2249946 -0.1675034
v 0.07202911 0.2309482 -0.1815948
v 0.07710266 0.2140649 -0.1821365
v 0.0587883 0.2081113 -0.1680527
v 0.0587883 0.2081113 -0.1680527
v 0.07710266 0.2140649 -0.1821365
v 0.08077621 0.1992759 -0.203804
v 0.05943298 0.193134 -0.2122192
v 0.07982254 0.1998207 -0.2297745
v 0.0822258 0.1815544 -0.2535477
v 0.05693817 0.1741925 -0.2607269
v 0.07693481 0.1807706 -0.2786102
v 0.07554626 0.1650494 -0.2949905
v 0.04800415 0.1496395 -0.3132401
v 0.05943298 0.193134 -0.2122192
v 0.08077621 0.1992759 -0.203804
v 0.0757103 0.2161592 -0.2032623
v 0.05436325 0.2100174 -0.2116776
v 0.05436325 0.2100174 -0.2116776
v 0.0757103 0.2161592 -0.2032623
v 0.07202911 0.2309482 -0.1815948
v 0.05371475 0.2249946 -0.1675034
v 0.05186462 0.1910813 -0.2601852
v 0.07474518 0.2167041 -0.2292328
v 0.07714844 0.198445 -0.253006
v 0.04292297 0.1665301 -0.3126984
v 0.07186508 0.197663 -0.2780685
v 0.07047272 0.18194 -0.2944489
v 0.03861237 0.2019585 -0.1651611
v 0.01715469 0.1957841 -0.1735611
v 0.01208115 0.2126647 -0.1730194
v 0.03353882 0.2188419 -0.1646194
v 0.03353882 0.2188419 -0.1646194
v 0.01208115 0.2126647 -0.1730194
v 0.01169205 0.1966349 -0.1941147
v 0.02988434 0.2025505 -0.2081833
v 0.00548172 0.1955813 -0.2193298
v 0.007469177 0.1771946 -0.243042
v 0.02979279 0.1843502 -0.2570267
v 0.005672455 0.1774743 -0.2686005
v 0.01118088 0.1638574 -0.285965
v 0.0351944 0.1641724 -0.3115921
v 0.02988434 0.2025505 -0.2081833
v 0.01169205 0.1966349 -0.1941147
v 0.01676178 0.1797524 -0.1946487
v 0.03495026 0.1856671 -0.2087173
v 0.03495026 0.1856671 -0.2087173
v 0.01676178 0.1797524 -0.1946487
v 0.01715469 0.1957841 -0.1735611
v 0.03861237 0.2019585 -0.1651611
v 0.03486252 0.1674587 -0.2575684
v 0.01055908 0.178698 -0.2198715
v 0.01254272 0.160304 -0.2435837
v 0.04026794 0.1472818 -0.3121338
v 0.010746 0.1605864 -0.2691422
v 0.01625443 0.1469677 -0.2865067
v 0.05436325 0.2100174 -0.2116776
v 0.07474518 0.2167041 -0.2292328
v 0.07982254 0.1998207 -0.2297745
v 0.05943298 0.193134 -0.2122192
v 0.05693817 0.1741925 -0.2607269
v 0.0822258 0.1815544 -0.2535477
v 0.07714844 0.198445 -0.253006
v 0.05186462 0.1910813 -0.2601852
v 0.03495026 0.1856671 -0.2087173
v 0.01055908 0.178698 -0.2198715
v 0.00548172 0.1955813 -0.2193298
v 0.02988434 0.2025505 -0.2081833
v 0.02979279 0.1843502 -0.2570267
v 0.007469177 0.1771946 -0.243042
v 0.01254272 0.160304 -0.2435837
v 0.03486252 0.1674587 -0.2575684
v 0.05186462 0.1910813 -0.2601852
v 0.07186508 0.197663 -0.2780685
v 0.07693481 0.1807706 -0.2786102
v 0.05693817 0.1741925 -0.2607269
v 0.04800415 0.1496395 -0.3132401
v 0.07554626 0.1650494 -0.2949905
v 0.07047272 0.18194 -0.2944489
v 0.04292297 0.1665301 -0.3126984
v 0.03486252 0.1674587 -0.2575684
v 0.010746 0.1605864 -0.2691422
v 0.005672455 0.1774743 -0.2686005
v 0.02979279 0.1843502 -0.2570267
v 0.0351944 0.1641724 -0.3115921
v 0.01118088 0.1638574 -0.285965
v 0.01625443 0.1469677 -0.2865067
v 0.04026794 0.1472818 -0.3121338
v 0.04611969 0.229625 -0.07331848
v 0.05670547 0.2330064 0.007919312
v 0.06177902 0.2161194 0.007377625
v 0.05119324 0.212738 -0.07386017
v 0.06632233 0.2173539 -0.07602692
v 0.07690811 0.2207353 0.005218506
v 0.07183075 0.2376223 0.005760193
v 0.06124496 0.2342391 -0.07548523
v 0.04867935 0.2680837 -0.04755402
v 0.04294205 0.2771073 -0.06705475
v 0.03995132 0.2925353 -0.05903625
v 0.04568863 0.2835117 -0.03953552
v 0.01348495 0.4284512 -0.2221985
v 0.02140427 0.4303174 -0.2228317
v 0.01841354 0.4457454 -0.2148132
v 0.01049805 0.443881 -0.21418
v 0.08430099 0.286855 -0.07038116
v 0.08619308 0.2769263 -0.05056763
v 0.08320236 0.2923507 -0.04254913
v 0.08131027 0.3022812 -0.06236267
v 0.09119797 0.233287 0.02935028
v 0.0757103 0.2296377 0.03059387
v 0.07271194 0.2450639 0.03861237
v 0.08820343 0.2487132 0.03736877
v 0.03369904 0.2877384 -0.09096527
v 0.02648544 0.305172 -0.1062698
v 0.02349472 0.3205928 -0.09825134
v 0.03070068 0.3031646 -0.08294678
v 0.08113861 0.3150483 -0.08699799
v 0.07745361 0.3333092 -0.1025848
v 0.08044434 0.3178884 -0.1106033
v 0.08412933 0.2996239 -0.09501648
v 0.01875305 0.3142826 -0.1266861
v 0.01035309 0.336705 -0.1380157
v 0.00736618 0.3521294 -0.1300049
v 0.01576614 0.3297051 -0.1186676
v 0.03808212 0.329649 -0.1102295
v 0.05072021 0.3676624 -0.1437149
v 0.05874634 0.3345165 -0.1118927
v 0.02564621 0.361754 -0.1417084
v 0.03792191 0.4046783 -0.1781235
v 0.01531982 0.3993528 -0.1763077
v 0.01841354 0.4457454 -0.2148132
v 0.01049805 0.443881 -0.21418
v 0.07715225 0.3441719 -0.1235962
v 0.07291031 0.3675737 -0.1352692
v 0.07589722 0.3521493 -0.1432877
v 0.08013916 0.3287476 -0.1316147
v 0.06173325 0.319094 -0.1199036
v 0.02863693 0.3463314 -0.1497192
v 0.04107666 0.3142264 -0.118248
v 0.05370331 0.3522398 -0.1517334
v 0.01831055 0.3839231 -0.1843262
v 0.04090881 0.3892503 -0.1861343
v 0.01348495 0.4284512 -0.2221985
v 0.02140427 0.4303174 -0.2228317
v 0.00321579 0.3471279 -0.1607361
v -0.00422287 0.3736124 -0.1728897
v -0.007217407 0.3890422 -0.1648712
v 0.0002250671 0.3625523 -0.1527252
v 0.07115173 0.3792619 -0.1584167
v 0.06413651 0.4058531 -0.1706009
v 0.06712723 0.3904251 -0.1786194
v 0.07414246 0.3638411 -0.1664352
v -0.006839752 0.3849657 -0.1957092
v -0.008724213 0.4061373 -0.203804
v -0.01171494 0.4215671 -0.1957855
v -0.00982666 0.4003955 -0.1876907
v 0.05795288 0.4163629 -0.1931381
v 0.04899979 0.435871 -0.2006607
v 0.05199051 0.4204412 -0.2086792
v 0.0609436 0.4009331 -0.201149
v 0.0611496 0.2670483 -0.04090118
v 0.04867935 0.2680837 -0.04755402
v 0.04568863 0.2835117 -0.03953552
v 0.05815506 0.2824745 -0.03289032
v 0.05815506 0.2824745 -0.03289032
v 0.04568863 0.2835117 -0.03953552
v 0.03995132 0.2925353 -0.05903625
v 0.04934311 0.3019409 -0.07363892
v 0.0666275 0.3060138 -0.07502747
v 0.07364655 0.2861255 -0.03413391
v 0.07271194 0.2450639 0.03861237
v 0.08820343 0.2487132 0.03736877
v 0.08320236 0.2923507 -0.04254913
v 0.08131027 0.3022812 -0.06236267
v 0.04934311 0.3019409 -0.07363892
v 0.03995132 0.2925353 -0.05903625
v 0.04294205 0.2771073 -0.06705475
v 0.05233383 0.2865147 -0.08164978
v 0.05233383 0.2865147 -0.08164978
v 0.04294205 0.2771073 -0.06705475
v 0.04867935 0.2680837 -0.04755402
v 0.0611496 0.2670483 -0.04090118
v 0.07663727 0.2706975 -0.0421524
v 0.06961823 0.2905894 -0.08303833
v 0.08430099 0.286855 -0.07038116
v 0.08619308 0.2769263 -0.05056763
v 0.09119797 0.233287 0.02935028
v 0.0757103 0.2296377 0.03059387
v 0.06961823 0.2905894 -0.08303833
v 0.08430099 0.286855 -0.07038116
v 0.08131027 0.3022812 -0.06236267
v 0.0666275 0.3060138 -0.07502747
v 0.07364655 0.2861255 -0.03413391
v 0.08320236 0.2923507 -0.04254913
v 0.08619308 0.2769263 -0.05056763
v 0.07663727 0.2706975 -0.0421524
v 0.05233383 0.2865147 -0.08164978
v 0.03369904 0.2877384 -0.09096527
v 0.03070068 0.3031646 -0.08294678
v 0.04934311 0.3019409 -0.07363892
v 0.04934311 0.3019409 -0.07363892
v 0.03070068 0.3031646 -0.08294678
v 0.02349472 0.3205928 -0.09825134
v 0.03808212 0.329649 -0.1102295
v 0.05874634 0.3345165 -0.1118927
v 0.0666275 0.3060138 -0.07502747
v 0.08113861 0.3150483 -0.08699799
v 0.07745361 0.3333092 -0.1025848
v 0.03808212 0.329649 -0.1102295
v 0.02349472 0.3205928 -0.09825134
v 0.02648544 0.305172 -0.1062698
v 0.04107666 0.3142264 -0.118248
v 0.04107666 0.3142264 -0.118248
v 0.02648544 0.305172 -0.1062698
v 0.03369904 0.2877384 -0.09096527
v 0.05233383 0.2865147 -0.08164978
v 0.06961823 0.2905894 -0.08303833
v 0.06173325 0.319094 -0.1199036
v 0.08044434 0.3178884 -0.1106033
v 0.08412933 0.2996239 -0.09501648
v 0.0666275 0.3060138 -0.07502747
v 0.08113861 0.3150483 -0.08699799
v 0.08412933 0.2996239 -0.09501648
v 0.06961823 0.2905894 -0.08303833
v 0.06173325 0.319094 -0.1199036
v 0.08044434 0.3178884 -0.1106033
v 0.07745361 0.3333092 -0.1025848
v 0.05874634 0.3345165 -0.1118927
v 0.04107666 0.3142264 -0.118248
v 0.01875305 0.3142826 -0.1266861
v 0.01576614 0.3297051 -0.1186676
v 0.03808212 0.329649 -0.1102295
v 0.03808212 0.329649 -0.1102295
v 0.01576614 0.3297051 -0.1186676
v 0.00736618 0.3521294 -0.1300049
v 0.02564621 0.361754 -0.1417084
v 0.0002250671 0.3625523 -0.1527252
v -0.007217407 0.3890422 -0.1648712
v 0.01531982 0.3993528 -0.1763077
v -0.00982666 0.4003955 -0.1876907
v -0.01171494 0.4215671 -0.1957855
v 0.01049805 0.443881 -0.21418
v 0.02564621 0.361754 -0.1417084
v 0.00736618 0.3521294 -0.1300049
v 0.01035309 0.336705 -0.1380157
v 0.02863693 0.3463314 -0.1497192
v 0.02863693 0.3463314 -0.1497192
v 0.01035309 0.336705 -0.1380157
v 0.01875305 0.3142826 -0.1266861
v 0.04107666 0.3142264 -0.118248
v 0.01831055 0.3839231 -0.1843262
v 0.00321579 0.3471279 -0.1607361
v -0.00422287 0.3736124 -0.1728897
v 0.01348495 0.4284512 -0.2221985
v -0.006839752 0.3849657 -0.1957092
v -0.008724213 0.4061373 -0.203804
v 0.05874634 0.3345165 -0.1118927
v 0.07715225 0.3441719 -0.1235962
v 0.08013916 0.3287476 -0.1316147
v 0.06173325 0.319094 -0.1199036
v 0.06173325 0.319094 -0.1199036
v 0.08013916 0.3287476 -0.1316147
v 0.07589722 0.3521493 -0.1432877
v 0.05370331 0.3522398 -0.1517334
v 0.07414246 0.3638411 -0.1664352
v 0.06712723 0.3904251 -0.1786194
v 0.04090881 0.3892503 -0.1861343
v 0.0609436 0.4009331 -0.201149
v 0.05199051 0.4204412 -0.2086792
v 0.02140427 0.4303174 -0.2228317
v 0.05370331 0.3522398 -0.1517334
v 0.07589722 0.3521493 -0.1432877
v 0.07291031 0.3675737 -0.1352692
v 0.05072021 0.3676624 -0.1437149
v 0.05072021 0.3676624 -0.1437149
v 0.07291031 0.3675737 -0.1352692
v 0.07715225 0.3441719 -0.1235962
v 0.05874634 0.3345165 -0.1118927
v 0.03792191 0.4046783 -0.1781235
v 0.07115173 0.3792619 -0.1584167
v 0.06413651 0.4058531 -0.1706009
v 0.01841354 0.4457454 -0.2148132
v 0.05795288 0.4163629 -0.1931381
v 0.04899979 0.435871 -0.2006607
v 0.02863693 0.3463314 -0.1497192
v 0.00321579 0.3471279 -0.1607361
v 0.0002250671 0.3625523 -0.1527252
v 0.02564621 0.361754 -0.1417084
v 0.01531982 0.3993528 -0.1763077
v -0.007217407 0.3890422 -0.1648712
v -0.00422287 0.3736124 -0.1728897
v 0.01831055 0.3839231 -0.1843262
v 0.05072021 0.3676624 -0.1437149
v 0.07115173 0.3792619 -0.1584167
v 0.07414246 0.3638411 -0.1664352
v 0.05370331 0.3522398 -0.1517334
v 0.04090881 0.3892503 -0.1861343
v 0.06712723 0.3904251 -0.1786194
v 0.06413651 0.4058531 -0.1706009
v 0.03792191 0.4046783 -0.1781235
v 0.01831055 0.3839231 -0.1843262
v -0.006839752 0.3849657 -0.1957092
v -0.00982666 0.4003955 -0.1876907
v 0.01531982 0.3993528 -0.1763077
v 0.01049805 0.443881 -0.21418
v -0.01171494 0.4215671 -0.1957855
v -0.008724213 0.4061373 -0.203804
v 0.01348495 0.4284512 -0.2221985
v 0.03792191 0.4046783 -0.1781235
v 0.05795288 0.4163629 -0.1931381
v 0.0609436 0.4009331 -0.201149
v 0.04090881 0.3892503 -0.1861343
v 0.02140427 0.4303174 -0.2228317
v 0.05199051 0.4204412 -0.2086792
v 0.04899979 0.435871 -0.2006607
v 0.01841354 0.4457454 -0.2148132
v 0.07663727 0.2706975 -0.0421524
v 0.09119797 0.233287 0.02935028
v 0.08820343 0.2487132 0.03736877
v 0.07364655 0.2861255 -0.03413391
v 0.05815506 0.2824745 -0.03289032
v 0.07271194 0.2450639 0.03861237
v 0.0757103 0.2296377 0.03059387
v 0.0611496 0.2670483 -0.04090118
v 0.1086159 0.2814752 -0.05965424
v 0.110878 0.2883792 -0.08068085
v 0.1273003 0.2819205 -0.0810318
v 0.1250305 0.2750166 -0.06000519
v 0.1810951 0.2954877 -0.2877121
v 0.1781616 0.2881312 -0.2896729
v 0.1945801 0.2816762 -0.2900238
v 0.1975136 0.2890308 -0.288063
v 0.09554672 0.2499513 -0.09093475
v 0.09470749 0.2466188 -0.06895447
v 0.1111145 0.240162 -0.06930542
v 0.1119614 0.2434981 -0.09127808
v 0.08994293 0.2369562 0.02159882
v 0.09568787 0.2513469 0.0254364
v 0.1120987 0.2448937 0.02508545
v 0.1063652 0.2305011 0.02124786
v 0.1144753 0.2989053 -0.106102
v 0.1255455 0.3022124 -0.1274719
v 0.1419563 0.2957574 -0.1278229
v 0.1308975 0.292452 -0.1064529
v 0.123909 0.2742853 -0.09892273
v 0.1366196 0.2830519 -0.1435852
v 0.1289635 0.2638588 -0.1487045
v 0.1175003 0.2582237 -0.1032028
v 0.1308975 0.292452 -0.1064529
v 0.1419563 0.2957574 -0.1278229
v 0.1366196 0.2830519 -0.1435852
v 0.1289635 0.2638588 -0.1487045
v 0.1121979 0.2455961 -0.1189499
v 0.1219521 0.2456232 -0.1411972
v 0.1459961 0.2661142 -0.1920776
v 0.1552925 0.2894001 -0.1858673
v 0.1674461 0.2715538 -0.2392731
v 0.175827 0.2925534 -0.2336731
v 0.1945801 0.2816762 -0.2900238
v 0.1975136 0.2890308 -0.288063
v 0.1121979 0.2455961 -0.1189499
v 0.1219521 0.2456232 -0.1411972
v 0.105545 0.2520764 -0.1408463
v 0.09578323 0.2520493 -0.1185989
v 0.1010895 0.2646824 -0.1028519
v 0.1125526 0.270312 -0.1483612
v 0.1202126 0.2895051 -0.1432419
v 0.1074944 0.2807403 -0.09857178
v 0.09578323 0.2520493 -0.1185989
v 0.105545 0.2520764 -0.1408463
v 0.1125526 0.270312 -0.1483612
v 0.1202126 0.2895051 -0.1432419
v 0.1144753 0.2989053 -0.106102
v 0.1255455 0.3022124 -0.1274719
v 0.1388817 0.295857 -0.1855164
v 0.1295815 0.2725675 -0.1917267
v 0.1594124 0.2990084 -0.2333221
v 0.1510315 0.2780088 -0.2389221
v 0.1810951 0.2954877 -0.2877121
v 0.1781616 0.2881312 -0.2896729
v 0.1285591 0.3110514 -0.1492081
v 0.1455879 0.3120416 -0.1694794
v 0.1619987 0.3055884 -0.1698303
v 0.1449738 0.3045964 -0.149559
v 0.1222115 0.2475655 -0.164772
v 0.1376991 0.244691 -0.1860733
v 0.1212845 0.251146 -0.1857224
v 0.1058044 0.2540205 -0.1644211
v 0.1483955 0.3205059 -0.1938934
v 0.1677017 0.3191863 -0.2169189
v 0.1841125 0.3127313 -0.2172699
v 0.1648064 0.3140527 -0.1942444
v 0.1385155 0.248161 -0.2118225
v 0.1576653 0.2464432 -0.2349472
v 0.1412506 0.2529001 -0.2345963
v 0.1221008 0.2546143 -0.2114716
v 0.1688309 0.3234311 -0.2421646
v 0.1827774 0.3184224 -0.2594147
v 0.1991959 0.3119674 -0.2597656
v 0.1852455 0.3169725 -0.2425156
v 0.1601219 0.2540042 -0.2593079
v 0.1766853 0.255561 -0.2748108
v 0.1602707 0.2620196 -0.2744598
v 0.1437035 0.2604593 -0.2589569
v 0.1039352 0.2692856 -0.05415344
v 0.1086159 0.2814752 -0.05965424
v 0.1250305 0.2750166 -0.06000519
v 0.1203499 0.2628288 -0.05449677
v 0.1203499 0.2628288 -0.05449677
v 0.1250305 0.2750166 -0.06000519
v 0.1273003 0.2819205 -0.0810318
v 0.123909 0.2742853 -0.09892273
v 0.1175003 0.2582237 -0.1032028
v 0.1146088 0.2484362 -0.05834198
v 0.1120987 0.2448937 0.02508545
v 0.1063652 0.2305011 0.02124786
v 0.1111145 0.240162 -0.06930542
v 0.1119614 0.2434981 -0.09127808
v 0.123909 0.2742853 -0.09892273
v 0.1273003 0.2819205 -0.0810318
v 0.110878 0.2883792 -0.08068085
v 0.1074944 0.2807403 -0.09857178
v 0.1074944 0.2807403 -0.09857178
v 0.110878 0.2883792 -0.08068085
v 0.1086159 0.2814752 -0.05965424
v 0.1039352 0.2692856 -0.05415344
v 0.09819412 0.2548949 -0.05799103
v 0.1010895 0.2646824 -0.1028519
v 0.09554672 0.2499513 -0.09093475
v 0.09470749 0.2466188 -0.06895447
v 0.08994293 0.2369562 0.02159882
v 0.09568787 0.2513469 0.0254364
v 0.1010895 0.2646824 -0.1028519
v 0.09554672 0.2499513 -0.09093475
v 0.1119614 0.2434981 -0.09127808
v 0.1175003 0.2582237 -0.1032028
v 0.1146088 0.2484362 -0.05834198
v 0.1111145 0.240162 -0.06930542
v 0.09470749 0.2466188 -0.06895447
v 0.09819412 0.2548949 -0.05799103
v 0.1074944 0.2807403 -0.09857178
v 0.1144753 0.2989053 -0.106102
v 0.1308975 0.292452 -0.1064529
v 0.123909 0.2742853 -0.09892273
v 0.1366196 0.2830519 -0.1435852
v 0.1419563 0.2957574 -0.1278229
v 0.1255455 0.3022124 -0.1274719
v 0.1202126 0.2895051 -0.1432419
v 0.1175003 0.2582237 -0.1032028
v 0.1121979 0.2455961 -0.1189499
v 0.09578323 0.2520493 -0.1185989
v 0.1010895 0.2646824 -0.1028519
v 0.1125526 0.270312 -0.1483612
v 0.105545 0.2520764 -0.1408463
v 0.1219521 0.2456232 -0.1411972
v 0.1289635 0.2638588 -0.1487045
v 0.1202126 0.2895051 -0.1432419
v 0.1285591 0.3110514 -0.1492081
v 0.1449738 0.3045964 -0.149559
v 0.1366196 0.2830519 -0.1435852
v 0.1366196 0.2830519 -0.1435852
v 0.1449738 0.3045964 -0.149559
v 0.1619987 0.3055884 -0.1698303
v 0.1552925 0.2894001 -0.1858673
v 0.1552925 0.2894001 -0.1858673
v 0.1619987 0.3055884 -0.1698303
v 0.1455879 0.3120416 -0.1694794
v 0.1388817 0.295857 -0.1855164
v 0.1388817 0.295857 -0.1855164
v 0.1455879 0.3120416 -0.1694794
v 0.1285591 0.3110514 -0.1492081
v 0.1202126 0.2895051 -0.1432419
v 0.1289635 0.2638588 -0.1487045
v 0.1222115 0.2475655 -0.164772
v 0.1058044 0.2540205 -0.1644211
v 0.1125526 0.270312 -0.1483612
v 0.1125526 0.270312 -0.1483612
v 0.1058044 0.2540205 -0.1644211
v 0.1212845 0.251146 -0.1857224
v 0.1295815 0.2725675 -0.1917267
v 0.1221008 0.2546143 -0.2114716
v 0.1412506 0.2529001 -0.2345963
v 0.1510315 0.2780088 -0.2389221
v 0.1437035 0.2604593 -0.2589569
v 0.1602707 0.2620196 -0.2744598
v 0.1781616 0.2881312 -0.2896729
v 0.1295815 0.2725675 -0.1917267
v 0.1212845 0.251146 -0.1857224
v 0.1376991 0.244691 -0.1860733
v 0.1459961 0.2661142 -0.1920776
v 0.1459961 0.2661142 -0.1920776
v 0.1376991 0.244691 -0.1860733
v 0.1222115 0.2475655 -0.164772
v 0.1289635 0.2638588 -0.1487045
v 0.1674461 0.2715538 -0.2392731
v 0.1385155 0.248161 -0.2118225
v 0.1576653 0.2464432 -0.2349472
v 0.1945801 0.2816762 -0.2900238
v 0.1601219 0.2540042 -0.2593079
v 0.1766853 0.255561 -0.2748108
v 0.1388817 0.295857 -0.1855164
v 0.1483955 0.3205059 -0.1938934
v 0.1648064 0.3140527 -0.1942444
v 0.1552925 0.2894001 -0.1858673
v 0.1552925 0.2894001 -0.1858673
v 0.1648064 0.3140527 -0.1942444
v 0.1841125 0.3127313 -0.2172699
v 0.175827 0.2925534 -0.2336731
v 0.1852455 0.3169725 -0.2425156
v 0.1991959 0.3119674 -0.2597656
v 0.1975136 0.2890308 -0.288063
v 0.175827 0.2925534 -0.2336731
v 0.1841125 0.3127313 -0.2172699
v 0.1677017 0.3191863 -0.2169189
v 0.1594124 0.2990084 -0.2333221
v 0.1594124 0.2990084 -0.2333221
v 0.1677017 0.3191863 -0.2169189
v 0.1483955 0.3205059 -0.1938934
v 0.1388817 0.295857 -0.1855164
v 0.1810951 0.2954877 -0.2877121
v 0.1688309 0.3234311 -0.2421646
v 0.1827774 0.3184224 -0.2594147
v 0.1459961 0.2661142 -0.1920776
v 0.1385155 0.248161 -0.2118225
v 0.1221008 0.2546143 -0.2114716
v 0.1295815 0.2725675 -0.1917267
v 0.1510315 0.2780088 -0.2389221
v 0.1412506 0.2529001 -0.2345963
v 0.1576653 0.2464432 -0.2349472
v 0.1674461 0.2715538 -0.2392731
v 0.1594124 0.2990084 -0.2333221
v 0.1688309 0.3234311 -0.2421646
v 0.1852455 0.3169725 -0.2425156
v 0.175827 0.2925534 -0.2336731
v 0.1975136 0.2890308 -0.288063
v 0.1991959 0.3119674 -0.2597656
v 0.1827774 0.3184224 -0.2594147
v 0.1810951 0.2954877 -0.2877121
v 0.1674461 0.2715538 -0.2392731
v 0.1601219 0.2540042 -0.2593079
v 0.1437035 0.2604593 -0.2589569
v 0.1510315 0.2780088 -0.2389221
v 0.1781616 0.2881312 -0.2896729
v 0.1602707 0.2620196 -0.2744598
v 0.1766853 0.255561 -0.2748108
v 0.1945801 0.2816762 -0.2900238
v 0.09819412 0.2548949 -0.05799103
v 0.08994293 0.2369562 0.02159882
v 0.1063652 0.2305011 0.02124786
v 0.1146088 0.2484362 -0.05834198
v 0.1203499 0.2628288 -0.05449677
v 0.1120987 0.2448937 0.02508545
v 0.09568787 0.2513469 0.0254364
v 0.1039352 0.2692856 -0.05415344
v -0.1988411 0.04348151 0.4099808
v 0.2121468 0.04348151 0.2418671
v 0.2121468 0.04348151 0.4099808
v -0.1988411 0.04348151 0.01157379
v 0.2121468 0.04348151 -0.2196198
v -0.1988411 0.04348151 -0.2196198
v -0.2306099 0 -0.01546478
v -0.2306099 0 0.4465332
v 0.2439156 0 0.4465332
v 0.2439156 0 0.2148209
v -0.2306099 0 -0.2561722
v 0.2439156 0 -0.2561722
v 0.2439156 0 0.4465332
v 0.2439156 0.1697213 0.4465332
v 0.2439156 0.1697213 0.3256912
v 0.2439156 0 0.2148209
v 0.2439156 0.1517864 0.2348022
v 0.2439156 0.1697213 0.1493912
v 0.2439156 0 -0.2561722
v 0.2439156 0.1697213 -0.2561722
v -0.2306099 0 -0.01546478
v -0.2306099 0.1697213 0.4465332
v -0.2306099 0 0.4465332
v -0.2306099 0.1572955 0.2400894
v -0.2306099 0.1697213 0.004516602
v -0.2306099 0.1524975 -0.1057434
v -0.2306099 0 -0.2561722
v -0.2306099 0.1697213 -0.2561722
v 0.2439156 0.1697213 0.4465332
v 0.2121468 0.1697213 0.301712
v 0.2439156 0.1697213 0.3256912
v 0.2121468 0.1697213 0.4099808
v -0.2306099 0.1697213 0.4465332
v -0.1988411 0.1697213 0.4099808
v -0.2306099 0.1572955 0.2400894
v -0.1988411 0.1572955 0.2161026
v 0.2439156 0.1697213 -0.2561722
v -0.1988411 0.1697213 -0.2196198
v -0.2306099 0.1697213 -0.2561722
v 0.2121468 0.1697213 -0.2196198
v 0.2121468 0.1697213 0.1437531
v 0.2439156 0.1697213 0.1493912
v 0.2121468 0.1697213 0.4099808
v 0.2121468 0.04348151 0.4099808
v 0.2121468 0.04348151 0.2418671
v 0.2121468 0.1697213 0.301712
v 0.2121468 0.1517864 0.2202835
v 0.2121468 0.1697213 0.1437531
v 0.2121468 0.04348151 -0.2196198
v 0.2121468 0.1697213 -0.2196198
v -0.1988411 0.1572955 0.2161026
v -0.1988411 0.04348151 0.4099808
v -0.1988411 0.1697213 0.4099808
v -0.1988411 0.04348151 0.01157379
v -0.1988411 0.1697213 -0.01000977
v -0.1988411 0.1524975 -0.1113815
v -0.1988411 0.1697213 -0.2196198
v -0.1988411 0.04348151 -0.2196198
v 0.08787537 0.07727866 -0.2561722
v 0.08787537 0.07727866 -0.2196198
v -0.0745697 0.07727866 -0.2196198
v -0.0745697 0.07727866 -0.2561722
v 0.08787537 0.1285031 -0.2561722
v 0.08787537 0.1285031 -0.2196198
v 0.08787537 0.07727866 -0.2196198
v 0.08787537 0.07727866 -0.2561722
v -0.0745697 0.07727866 0.4465332
v -0.0745697 0.07727866 0.4099808
v 0.08787537 0.07727866 0.4099808
v 0.08787537 0.07727866 0.4465332
v 0.08787537 0.1285031 0.4099808
v 0.08787537 0.1285031 0.4465332
v 0.08787537 0.07727866 0.4465332
v 0.08787537 0.07727866 0.4099808
v -0.0745697 0.1285031 0.4465332
v -0.0745697 0.1285031 0.4099808
v -0.0745697 0.07727866 0.4099808
v -0.0745697 0.07727866 0.4465332
v -0.0745697 0.1285031 0.4099808
v -0.0745697 0.1285031 0.4465332
v 0.08787537 0.1285031 0.4465332
v 0.08787537 0.1285031 0.4099808
v 0.08787537 0.1285031 -0.2196198
v 0.08787537 0.1285031 -0.2561722
v -0.0745697 0.1285031 -0.2561722
v -0.0745697 0.1285031 -0.2196198
v -0.0745697 0.1285031 -0.2196198
v -0.0745697 0.1285031 -0.2561722
v -0.0745697 0.07727866 -0.2561722
v -0.0745697 0.07727866 -0.2196198
v -0.2306099 0.1524975 -0.1057434
v -0.1988411 0.1524975 -0.1113815
v -0.1988411 0.1697213 -0.01000977
v -0.2306099 0.1697213 0.004516602
v 0.2121468 0.1517864 0.2202835
v 0.2121468 0.1697213 0.1437531
v 0.2439156 0.1697213 0.1493912
v 0.2439156 0.1517864 0.2348022
v -0.2306099 0.1697213 -0.2561722
v -0.1988411 0.1697213 -0.2196198
v -0.1988411 0.1524975 -0.1113815
v -0.2306099 0.1524975 -0.1057434
v -0.2306099 0.1697213 0.004516602
v -0.1988411 0.1697213 -0.01000977
v -0.1988411 0.1572955 0.2161026
v -0.2306099 0.1572955 0.2400894
v 0.2121468 0.1697213 0.301712
v 0.2121468 0.1517864 0.2202835
v 0.2439156 0.1517864 0.2348022
v 0.2439156 0.1697213 0.3256912
v 0.2121468 0.1697213 -0.2196198
v -0.0745697 0.1285031 -0.2196198
v -0.1988411 0.1697213 -0.2196198
v 0.08787537 0.1285031 -0.2196198
v -0.0745697 0.07727866 -0.2196198
v 0.2121468 0.04348151 -0.2196198
v -0.1988411 0.04348151 -0.2196198
v 0.08787537 0.07727866 -0.2196198
v 0.2121468 0.04348151 0.4099808
v -0.0745697 0.07727866 0.4099808
v -0.1988411 0.04348151 0.4099808
v 0.08787537 0.07727866 0.4099808
v -0.0745697 0.1285031 0.4099808
v 0.2121468 0.1697213 0.4099808
v -0.1988411 0.1697213 0.4099808
v 0.08787537 0.1285031 0.4099808
v -0.2306099 0.1697213 -0.2561722
v 0.08787537 0.1285031 -0.2561722
v 0.2439156 0.1697213 -0.2561722
v -0.0745697 0.1285031 -0.2561722
v 0.08787537 0.07727866 -0.2561722
v -0.2306099 0 -0.2561722
v 0.2439156 0 -0.2561722
v -0.0745697 0.07727866 -0.2561722
v 0.2439156 0.1697213 0.4465332
v -0.0745697 0.1285031 0.4465332
v -0.2306099 0.1697213 0.4465332
v 0.08787537 0.1285031 0.4465332
v -0.0745697 0.07727866 0.4465332
v 0.2439156 0 0.4465332
v -0.2306099 0 0.4465332
v 0.08787537 0.07727866 0.4465332
vt 0.7578125 0.6181641
vt 0.7578125 0.6181641
vt 0.7578125 0.6181641
vt 0.7578125 0.6181641
vt 0.7578125 0.6181641
vt 0.7578125 0.6181641
vt 0.7578125 0.6181641
vt 0.7578125 0.6181641
vt 0.7578125 0.6181641
vt 0.7578125 0.6181641
vt 0.7578125 0.6181641
vt 0.7578125 0.6181641
vt 0.7578125 0.6181641
vt 0.7578125 0.6181641
vt 0.7578125 0.6181641
vt 0.7578125 0.6181641
vt 0.7578125 0.6181641
vt 0.7578125 0.6181641
vt 0.9931641 0.4997559
vt 0.9931641 0.4997559
vt 0.9931641 0.4997559
vt 0.9931641 0.4997559
vt 0.9931641 0.4997559
vt 0.9931641 0.4997559
vt 0.9931641 0.4997559
vt 0.9931641 0.4997559
vt 0.9931641 0.4997559
vt 0.9931641 0.4997559
vt 0.9931641 0.4997559
vt 0.9931641 0.4997559
vt 0.9931641 0.4997559
vt 0.9931641 0.4997559
vt 0.9931641 0.4997559
vt 0.9931641 0.4997559
vt 0.9931641 0.4997559
vt 0.9931641 0.4997559
vt 0.7578125 0.6181641
vt 0.7578125 0.6181641
vt 0.7578125 0.6181641
vt 0.7578125 0.6181641
vt 0.7578125 0.6181641
vt 0.7578125 0.6181641
vt 0.7578125 0.6181641
vt 0.7578125 0.6181641
vt 0.7578125 0.6181641
vt 0.7578125 0.6181641
vt 0.7578125 0.6181641
vt 0.7578125 0.6181641
vt 0.7578125 0.6181641
vt 0.7578125 0.6181641
vt 0.7578125 0.6181641
vt 0.7578125 0.6181641
vt 0.7578125 0.6181641
vt 0.7578125 0.6181641
vt 0.9931641 0.4997559
vt 0.9931641 0.4997559
vt 0.9931641 0.4997559
vt 0.9931641 0.4997559
vt 0.9931641 0.4997559
vt 0.9931641 0.4997559
vt 0.9931641 0.4997559
vt 0.9931641 0.4997559
vt 0.9931641 0.4997559
vt 0.9931641 0.4997559
vt 0.9931641 0.4997559
vt 0.9931641 0.4997559
vt 0.9931641 0.4997559
vt 0.9931641 0.4997559
vt 0.9931641 0.4997559
vt 0.9931641 0.4997559
vt 0.9931641 0.4997559
vt 0.9931641 0.4997559
vt 0.7578125 0.6181641
vt 0.7578125 0.6181641
vt 0.7578125 0.6181641
vt 0.7578125 0.6181641
vt 0.7578125 0.6181641
vt 0.7578125 0.6181641
vt 0.7578125 0.6181641
vt 0.7578125 0.6181641
vt 0.7578125 0.6181641
vt 0.7578125 0.6181641
vt 0.7578125 0.6181641
vt 0.7578125 0.6181641
vt 0.7578125 0.6181641
vt 0.7578125 0.6181641
vt 0.7578125 0.6181641
vt 0.7578125 0.6181641
vt 0.7578125 0.6181641
vt 0.7578125 0.6181641
vt 0.9931641 0.4997559
vt 0.9931641 0.4997559
vt 0.9931641 0.4997559
vt 0.9931641 0.4997559
vt 0.9931641 0.4997559
vt 0.9931641 0.4997559
vt 0.9931641 0.4997559
vt 0.9931641 0.4997559
vt 0.9931641 0.4997559
vt 0.9931641 0.4997559
vt 0.9931641 0.4997559
vt 0.9931641 0.4997559
vt 0.9931641 0.4997559
vt 0.9931641 0.4997559
vt 0.9931641 0.4997559
vt 0.9931641 0.4997559
vt 0.9931641 0.4997559
vt 0.9931641 0.4997559
vt 0.7578125 0.6181641
vt 0.7578125 0.6181641
vt 0.7578125 0.6181641
vt 0.7578125 0.6181641
vt 0.7578125 0.6181641
vt 0.7578125 0.6181641
vt 0.7578125 0.6181641
vt 0.7578125 0.6181641
vt 0.7578125 0.6181641
vt 0.7578125 0.6181641
vt 0.7578125 0.6181641
vt 0.7578125 0.6181641
vt 0.7578125 0.6181641
vt 0.7578125 0.6181641
vt 0.7578125 0.6181641
vt 0.7578125 0.6181641
vt 0.7578125 0.6181641
vt 0.7578125 0.6181641
vt 0.9931641 0.4997559
vt 0.9931641 0.4997559
vt 0.9931641 0.4997559
vt 0.9931641 0.4997559
vt 0.9931641 0.4997559
vt 0.9931641 0.4997559
vt 0.9931641 0.4997559
vt 0.9931641 0.4997559
vt 0.9931641 0.4997559
vt 0.9931641 0.4997559
vt 0.9931641 0.4997559
vt 0.9931641 0.4997559
vt 0.9931641 0.4997559
vt 0.9931641 0.4997559
vt 0.9931641 0.4997559
vt 0.9931641 0.4997559
vt 0.9931641 0.4997559
vt 0.9931641 0.4997559
vt 0.7578125 0.6181641
vt 0.7578125 0.6181641
vt 0.7578125 0.6181641
vt 0.7578125 0.6181641
vt 0.7578125 0.6181641
vt 0.7578125 0.6181641
vt 0.7578125 0.6181641
vt 0.7578125 0.6181641
vt 0.7578125 0.6181641
vt 0.7578125 0.6181641
vt 0.7578125 0.6181641
vt 0.7578125 0.6181641
vt 0.7578125 0.6181641
vt 0.7578125 0.6181641
vt 0.7578125 0.6181641
vt 0.7578125 0.6181641
vt 0.7578125 0.6181641
vt 0.7578125 0.6181641
vt 0.9931641 0.4997559
vt 0.9931641 0.4997559
vt 0.9931641 0.4997559
vt 0.9931641 0.4997559
vt 0.9931641 0.4997559
vt 0.9931641 0.4997559
vt 0.9931641 0.4997559
vt 0.9931641 0.4997559
vt 0.9931641 0.4997559
vt 0.9931641 0.4997559
vt 0.9931641 0.4997559
vt 0.9931641 0.4997559
vt 0.9931641 0.4997559
vt 0.9931641 0.4997559
vt 0.9931641 0.4997559
vt 0.9931641 0.4997559
vt 0.9931641 0.4997559
vt 0.9931641 0.4997559
vt 0.7578125 0.6181641
vt 0.7578125 0.6181641
vt 0.7578125 0.6181641
vt 0.7578125 0.6181641
vt 0.7578125 0.6181641
vt 0.7578125 0.6181641
vt 0.7578125 0.6181641
vt 0.7578125 0.6181641
vt 0.7578125 0.6181641
vt 0.7578125 0.6181641
vt 0.7578125 0.6181641
vt 0.7578125 0.6181641
vt 0.7578125 0.6181641
vt 0.7578125 0.6181641
vt 0.7578125 0.6181641
vt 0.7578125 0.6181641
vt 0.7578125 0.6181641
vt 0.7578125 0.6181641
vt 0.7578125 0.6181641
vt 0.7578125 0.6181641
vt 0.7578125 0.6181641
vt 0.7578125 0.6181641
vt 0.7578125 0.6181641
vt 0.7578125 0.6181641
vt 0.7578125 0.6181641
vt 0.7578125 0.6181641
vt 0.7578125 0.6181641
vt 0.7578125 0.6181641
vt 0.7578125 0.6181641
vt 0.7578125 0.6181641
vt 0.7578125 0.6181641
vt 0.7578125 0.6181641
vt 0.7578125 0.6181641
vt 0.7578125 0.6181641
vt 0.7578125 0.6181641
vt 0.7578125 0.6181641
vt 0.7578125 0.6181641
vt 0.7578125 0.6181641
vt 0.7578125 0.6181641
vt 0.7578125 0.6181641
vt 0.7578125 0.6181641
vt 0.7578125 0.6181641
vt 0.7578125 0.6181641
vt 0.7578125 0.6181641
vt 0.7578125 0.6181641
vt 0.7578125 0.6181641
vt 0.7578125 0.6181641
vt 0.7578125 0.6181641
vt 0.7583008 0.5595703
vt 0.7583008 0.5595703
vt 0.7583008 0.5595703
vt 0.7583008 0.5595703
vt 0.7583008 0.5595703
vt 0.7583008 0.5595703
vt 0.7583008 0.5595703
vt 0.7583008 0.5595703
vt 0.7583008 0.5595703
vt 0.7583008 0.5595703
vt 0.7583008 0.5595703
vt 0.7583008 0.5595703
vt 0.7583008 0.5595703
vt 0.7583008 0.5595703
vt 0.7583008 0.5595703
vt 0.7583008 0.5595703
vt 0.7583008 0.5595703
vt 0.7583008 0.5595703
vt 0.7583008 0.5595703
vt 0.7583008 0.5595703
vt 0.7583008 0.5595703
vt 0.7583008 0.5595703
vt 0.7583008 0.5595703
vt 0.7583008 0.5595703
vt 0.9931641 0.4997559
vt 0.9931641 0.4997559
vt 0.9931641 0.4997559
vt 0.9931641 0.4997559
vt 0.9931641 0.4997559
vt 0.9931641 0.4997559
vt 0.9931641 0.4997559
vt 0.9931641 0.4997559
vt 0.9931641 0.4997559
vt 0.9931641 0.4997559
vt 0.9931641 0.4997559
vt 0.9931641 0.4997559
vt 0.9931641 0.4997559
vt 0.9931641 0.4997559
vt 0.9931641 0.4997559
vt 0.9931641 0.4997559
vt 0.9931641 0.4997559
vt 0.9931641 0.4997559
vt 0.9931641 0.4997559
vt 0.9931641 0.4997559
vt 0.9931641 0.4997559
vt 0.9931641 0.4997559
vt 0.9931641 0.4997559
vt 0.9931641 0.4997559
vt 0.9931641 0.4997559
vt 0.9931641 0.4997559
vt 0.9931641 0.4997559
vt 0.9931641 0.4997559
vt 0.9931641 0.4997559
vt 0.9931641 0.4997559
vt 0.9931641 0.4997559
vt 0.9931641 0.4997559
vt 0.9931641 0.4997559
vt 0.9931641 0.4997559
vt 0.9931641 0.4997559
vt 0.9931641 0.4997559
vt 0.9931641 0.4997559
vt 0.9931641 0.4997559
vt 0.9931641 0.4997559
vt 0.9931641 0.4997559
vt 0.9931641 0.4997559
vt 0.9931641 0.4997559
vt 0.9931641 0.4997559
vt 0.9931641 0.4997559
vt 0.9931641 0.4997559
vt 0.9931641 0.4997559
vt 0.9931641 0.4997559
vt 0.9931641 0.4997559
vt 0.9160156 0.5170898
vt 0.9160156 0.5170898
vt 0.9160156 0.5170898
vt 0.9160156 0.5170898
vt 0.9160156 0.5170898
vt 0.9160156 0.5170898
vt 0.9160156 0.5170898
vt 0.9160156 0.5170898
vt 0.9160156 0.5170898
vt 0.9160156 0.5170898
vt 0.9160156 0.5170898
vt 0.9160156 0.5170898
vt 0.9160156 0.5170898
vt 0.9160156 0.5170898
vt 0.9160156 0.5170898
vt 0.9160156 0.5170898
vt 0.9160156 0.5170898
vt 0.9160156 0.5170898
vt 0.9160156 0.5170898
vt 0.9160156 0.5170898
vt 0.9160156 0.5170898
vt 0.9160156 0.5170898
vt 0.9160156 0.5170898
vt 0.9160156 0.5170898
vt 0.9160156 0.5170898
vt 0.9160156 0.5170898
vt 0.9160156 0.5170898
vt 0.9160156 0.5170898
vt 0.9160156 0.5170898
vt 0.9160156 0.5170898
vt 0.9160156 0.5170898
vt 0.9160156 0.5170898
vt 0.9160156 0.5170898
vt 0.9160156 0.5170898
vt 0.9160156 0.5170898
vt 0.9160156 0.5170898
vt 0.9160156 0.5170898
vt 0.9160156 0.5170898
vt 0.9160156 0.5170898
vt 0.9160156 0.5170898
vt 0.9160156 0.5170898
vt 0.9160156 0.5170898
vt 0.9160156 0.5170898
vt 0.9160156 0.5170898
vt 0.9160156 0.5170898
vt 0.9160156 0.5170898
vt 0.9160156 0.5170898
vt 0.9160156 0.5170898
vt 0.9160156 0.5170898
vt 0.9160156 0.5170898
vt 0.9160156 0.5170898
vt 0.9160156 0.5170898
vt 0.9160156 0.5170898
vt 0.9160156 0.5170898
vt 0.9160156 0.5170898
vt 0.9160156 0.5170898
vt 0.9160156 0.5170898
vt 0.9160156 0.5170898
vt 0.9160156 0.5170898
vt 0.9160156 0.5170898
vt 0.9160156 0.5170898
vt 0.9160156 0.5170898
vt 0.9160156 0.5170898
vt 0.9160156 0.5170898
vt 0.9160156 0.5170898
vt 0.9160156 0.5170898
vt 0.9160156 0.5170898
vt 0.9160156 0.5170898
vt 0.9160156 0.5170898
vt 0.9160156 0.5170898
vt 0.9160156 0.5170898
vt 0.9160156 0.5170898
vt 0.9160156 0.5170898
vt 0.9160156 0.5170898
vt 0.9160156 0.5170898
vt 0.9160156 0.5170898
vt 0.9160156 0.5170898
vt 0.9160156 0.5170898
vt 0.9160156 0.5170898
vt 0.9160156 0.5170898
vt 0.9160156 0.5170898
vt 0.9160156 0.5170898
vt 0.9160156 0.5170898
vt 0.9160156 0.5170898
vt 0.9160156 0.5170898
vt 0.9160156 0.5170898
vt 0.9160156 0.5170898
vt 0.9160156 0.5170898
vt 0.9160156 0.5170898
vt 0.9160156 0.5170898
vt 0.9160156 0.5170898
vt 0.9160156 0.5170898
vt 0.9160156 0.5170898
vt 0.9160156 0.5170898
vt 0.9160156 0.5170898
vt 0.9160156 0.5170898
vt 0.9160156 0.5170898
vt 0.9160156 0.5170898
vt 0.9160156 0.5170898
vt 0.9160156 0.5170898
vt 0.9160156 0.5170898
vt 0.9160156 0.5170898
vt 0.9160156 0.5170898
vt 0.9160156 0.5170898
vt 0.9160156 0.5170898
vt 0.9160156 0.5170898
vt 0.9160156 0.5170898
vt 0.9160156 0.5170898
vt 0.9160156 0.5170898
vt 0.9160156 0.5170898
vt 0.9160156 0.5170898
vt 0.9160156 0.5170898
vt 0.9160156 0.5170898
vt 0.9160156 0.5170898
vt 0.9160156 0.5170898
vt 0.9160156 0.5170898
vt 0.9160156 0.5170898
vt 0.9160156 0.5170898
vt 0.9160156 0.5170898
vt 0.9160156 0.5170898
vt 0.9160156 0.5170898
vt 0.9160156 0.5170898
vt 0.9160156 0.5170898
vt 0.9160156 0.5170898
vt 0.9160156 0.5170898
vt 0.9160156 0.5170898
vt 0.9160156 0.5170898
vt 0.9160156 0.5170898
vt 0.9160156 0.5170898
vt 0.9160156 0.5170898
vt 0.9160156 0.5170898
vt 0.9160156 0.5170898
vt 0.9160156 0.5170898
vt 0.9160156 0.5170898
vt 0.9160156 0.5170898
vt 0.9160156 0.5170898
vt 0.9160156 0.5170898
vt 0.9160156 0.5170898
vt 0.9160156 0.5170898
vt 0.9160156 0.5170898
vt 0.9160156 0.5170898
vt 0.9160156 0.5170898
vt 0.9160156 0.5170898
vt 0.9160156 0.5170898
vt 0.9160156 0.5170898
vt 0.9160156 0.5170898
vt 0.9160156 0.5170898
vt 0.9160156 0.5170898
vt 0.9160156 0.5170898
vt 0.9160156 0.5170898
vt 0.9160156 0.5170898
vt 0.9160156 0.5170898
vt 0.9160156 0.5170898
vt 0.9160156 0.5170898
vt 0.9160156 0.5170898
vt 0.9160156 0.5170898
vt 0.9160156 0.5170898
vt 0.9160156 0.5170898
vt 0.9160156 0.5170898
vt 0.9160156 0.5170898
vt 0.9160156 0.5170898
vt 0.9160156 0.5170898
vt 0.9160156 0.5170898
vt 0.9160156 0.5170898
vt 0.9160156 0.5170898
vt 0.9160156 0.5170898
vt 0.9160156 0.5170898
vt 0.9160156 0.5170898
vt 0.9160156 0.5170898
vt 0.9160156 0.5170898
vt 0.9160156 0.5170898
vt 0.9160156 0.5170898
vt 0.9160156 0.5170898
vt 0.9160156 0.5170898
vt 0.9160156 0.5170898
vt 0.9160156 0.5170898
vt 0.9160156 0.5170898
vt 0.9160156 0.5170898
vt 0.9160156 0.5170898
vt 0.9160156 0.5170898
vt 0.9160156 0.5170898
vt 0.9160156 0.5170898
vt 0.9160156 0.5170898
vt 0.9160156 0.5170898
vt 0.9160156 0.5170898
vt 0.9160156 0.5170898
vt 0.9160156 0.5170898
vt 0.9160156 0.5170898
vt 0.9160156 0.5170898
vt 0.9160156 0.5170898
vt 0.9160156 0.5170898
vt 0.9160156 0.5170898
vt 0.9160156 0.5170898
vt 0.9160156 0.5170898
vt 0.9160156 0.5170898
vt 0.9160156 0.5170898
vt 0.9160156 0.5170898
vt 0.9160156 0.5170898
vt 0.9160156 0.5170898
vt 0.9160156 0.5170898
vt 0.9160156 0.5170898
vt 0.9160156 0.5170898
vt 0.9160156 0.5170898
vt 0.9160156 0.5170898
vt 0.9160156 0.5170898
vt 0.9160156 0.5170898
vt 0.9160156 0.5170898
vt 0.9160156 0.5170898
vt 0.9160156 0.5170898
vt 0.9160156 0.5170898
vt 0.9160156 0.5170898
vt 0.9160156 0.5170898
vt 0.9160156 0.5170898
vt 0.9160156 0.5170898
vt 0.9160156 0.5170898
vt 0.9160156 0.5170898
vt 0.9160156 0.5170898
vt 0.9160156 0.5170898
vt 0.9160156 0.5170898
vt 0.9160156 0.5170898
vt 0.9160156 0.5170898
vt 0.9160156 0.5170898
vt 0.9160156 0.5170898
vt 0.9160156 0.5170898
vt 0.9160156 0.5170898
vt 0.9160156 0.5170898
vt 0.9160156 0.5170898
vt 0.9160156 0.5170898
vt 0.9160156 0.5170898
vt 0.9160156 0.5170898
vt 0.9160156 0.5170898
vt 0.9160156 0.5170898
vt 0.9160156 0.5170898
vt 0.9160156 0.5170898
vt 0.9160156 0.5170898
vt 0.9160156 0.5170898
vt 0.9160156 0.5170898
vt 0.9160156 0.5170898
vt 0.9160156 0.5170898
vt 0.9160156 0.5170898
vt 0.9160156 0.5170898
vt 0.9160156 0.5170898
vt 0.9160156 0.5170898
vt 0.9160156 0.5170898
vt 0.9160156 0.5170898
vt 0.9160156 0.5170898
vt 0.9160156 0.5170898
vt 0.9160156 0.5170898
vt 0.9160156 0.5170898
vt 0.9160156 0.5170898
vt 0.9160156 0.5170898
vt 0.9160156 0.5170898
vt 0.9160156 0.5170898
vt 0.9160156 0.5170898
vt 0.9160156 0.5170898
vt 0.9160156 0.5170898
vt 0.9160156 0.5170898
vt 0.9160156 0.5170898
vt 0.9160156 0.5170898
vt 0.9160156 0.5170898
vt 0.9160156 0.5170898
vt 0.9160156 0.5170898
vt 0.9160156 0.5170898
vt 0.9160156 0.5170898
vt 0.9160156 0.5170898
vt 0.9160156 0.5170898
vt 0.9160156 0.5170898
vt 0.9160156 0.5170898
vt 0.9160156 0.5170898
vt 0.9160156 0.5170898
vt 0.9160156 0.5170898
vt 0.9160156 0.5170898
vt 0.9160156 0.5170898
vt 0.9160156 0.5170898
vt 0.9160156 0.5170898
vt 0.9160156 0.5170898
vt 0.9160156 0.5170898
vt 0.9160156 0.5170898
vt 0.9160156 0.5170898
vt 0.9160156 0.5170898
vt 0.9160156 0.5170898
vt 0.9160156 0.5170898
vt 0.9160156 0.5170898
vt 0.9160156 0.5170898
vt 0.9160156 0.5170898
vt 0.9160156 0.5170898
vt 0.9160156 0.5170898
vt 0.9160156 0.5170898
vt 0.9160156 0.5170898
vt 0.9160156 0.5170898
vt 0.9160156 0.5170898
vt 0.9160156 0.5170898
vt 0.9160156 0.5170898
vt 0.9160156 0.5170898
vt 0.9160156 0.5170898
vt 0.9160156 0.5170898
vt 0.9160156 0.5170898
vt 0.9160156 0.5170898
vt 0.9160156 0.5170898
vt 0.9160156 0.5170898
vt 0.9160156 0.5170898
vt 0.9160156 0.5170898
vt 0.9160156 0.5170898
vt 0.9160156 0.5170898
vt 0.9160156 0.5170898
vt 0.9160156 0.5170898
vt 0.9160156 0.5170898
vt 0.9160156 0.5170898
vt 0.9160156 0.5170898
vt 0.9160156 0.5170898
vt 0.9160156 0.5170898
vt 0.9160156 0.5170898
vt 0.9160156 0.5170898
vt 0.9160156 0.5170898
vt 0.9160156 0.5170898
vt 0.9160156 0.5170898
vt 0.9160156 0.5170898
vt 0.9160156 0.5170898
vt 0.9160156 0.5170898
vt 0.9160156 0.5170898
vt 0.9160156 0.5170898
vt 0.9160156 0.5170898
vt 0.9160156 0.5170898
vt 0.9160156 0.5170898
vt 0.9160156 0.5170898
vt 0.9160156 0.5170898
vt 0.9160156 0.5170898
vt 0.9160156 0.5170898
vt 0.9160156 0.5170898
vt 0.9160156 0.5170898
vt 0.9160156 0.5170898
vt 0.9160156 0.5170898
vt 0.9160156 0.5170898
vt 0.9160156 0.5170898
vt 0.9160156 0.5170898
vt 0.9160156 0.5170898
vt 0.9160156 0.5170898
vt 0.9160156 0.5170898
vt 0.9160156 0.5170898
vt 0.9160156 0.5170898
vt 0.9160156 0.5170898
vt 0.9160156 0.5170898
vt 0.9160156 0.5170898
vt 0.9160156 0.5170898
vt 0.9160156 0.5170898
vt 0.9160156 0.5170898
vt 0.9160156 0.5170898
vt 0.9160156 0.5170898
vt 0.9160156 0.5170898
vt 0.9160156 0.5170898
vt 0.9160156 0.5170898
vt 0.9160156 0.5170898
vt 0.9160156 0.5170898
vt 0.9160156 0.5170898
vt 0.9160156 0.5170898
vt 0.9160156 0.5170898
vt 0.9160156 0.5170898
vt 0.9160156 0.5170898
vt 0.9160156 0.5170898
vt 0.9160156 0.5170898
vt 0.9160156 0.5170898
vt 0.9160156 0.5170898
vt 0.9160156 0.5170898
vt 0.9160156 0.5170898
vt 0.9160156 0.5170898
vt 0.9160156 0.5170898
vt 0.9160156 0.5170898
vt 0.9160156 0.5170898
vt 0.9160156 0.5170898
vt 0.9160156 0.5170898
vt 0.9160156 0.5170898
vt 0.9160156 0.5170898
vt 0.9160156 0.5170898
vt 0.9160156 0.5170898
vt 0.9160156 0.5170898
vt 0.9160156 0.5170898
vt 0.9160156 0.5170898
vt 0.9160156 0.5170898
vt 0.9160156 0.5170898
vt 0.9160156 0.5170898
vt 0.9160156 0.5170898
vt 0.9160156 0.5170898
vt 0.9160156 0.5170898
vt 0.9160156 0.5170898
vt 0.9160156 0.5170898
vt 0.9160156 0.5170898
vt 0.9160156 0.5170898
vt 0.9160156 0.5170898
vt 0.9160156 0.5170898
vt 0.9160156 0.5170898
vt 0.9160156 0.5170898
vt 0.9160156 0.5170898
vt 0.9160156 0.5170898
vt 0.9160156 0.5170898
vt 0.9160156 0.5170898
vt 0.9160156 0.5170898
vt 0.9160156 0.5170898
vt 0.9160156 0.5170898
vt 0.9160156 0.5170898
vt 0.9160156 0.5170898
vt 0.9160156 0.5170898
vt 0.9160156 0.5170898
vt 0.9160156 0.5170898
vt 0.9160156 0.5170898
vt 0.9160156 0.5170898
vt 0.9160156 0.5170898
vt 0.9160156 0.5170898
vt 0.9160156 0.5170898
vt 0.9160156 0.5170898
vt 0.9160156 0.5170898
vt 0.9160156 0.5170898
vt 0.9160156 0.5170898
vt 0.9160156 0.5170898
vt 0.9160156 0.5170898
vt 0.9160156 0.5170898
vt 0.9160156 0.5170898
vt 0.9160156 0.5170898
vt 0.9160156 0.5170898
vt 0.9160156 0.5170898
vt 0.9160156 0.5170898
vt 0.9160156 0.5170898
vt 0.9160156 0.5170898
vt 0.9160156 0.5170898
vt 0.9160156 0.5170898
vt 0.9160156 0.5170898
vt 0.9160156 0.5170898
vt 0.9160156 0.5170898
vt 0.9160156 0.5170898
vt 0.9160156 0.5170898
vt 0.9160156 0.5170898
vt 0.9160156 0.5170898
vt 0.9160156 0.5170898
vt 0.9160156 0.5170898
vt 0.9160156 0.5170898
vt 0.9160156 0.5170898
vt 0.9160156 0.5170898
vt 0.9160156 0.5170898
vt 0.9160156 0.5170898
vt 0.9160156 0.5170898
vt 0.9160156 0.5170898
vt 0.9160156 0.5170898
vt 0.9160156 0.5170898
vt 0.9160156 0.5170898
vt 0.9160156 0.5170898
vt 0.9160156 0.5170898
vt 0.9160156 0.5170898
vt 0.9160156 0.5170898
vt 0.9160156 0.5170898
vt 0.9160156 0.5170898
vt 0.9160156 0.5170898
vt 0.9160156 0.5170898
vt 0.9160156 0.5170898
vt 0.9160156 0.5170898
vt 0.9160156 0.5170898
vt 0.9160156 0.5170898
vt 0.9160156 0.5170898
vt 0.9160156 0.5170898
vt 0.9160156 0.5170898
vt 0.9160156 0.5170898
vt 0.9160156 0.5170898
vt 0.9160156 0.5170898
vt 0.9160156 0.5170898
vt 0.9160156 0.5170898
vt 0.9160156 0.5170898
vt 0.9160156 0.5170898
vt 0.9160156 0.5170898
vt 0.9160156 0.5170898
vt 0.9160156 0.5170898
vt 0.9160156 0.5170898
vt 0.9160156 0.5170898
vt 0.9160156 0.5170898
vt 0.9160156 0.5170898
vt 0.9160156 0.5170898
vt 0.9160156 0.5170898
vt 0.9160156 0.5170898
vt 0.9160156 0.5170898
vt 0.9160156 0.5170898
vt 0.9160156 0.5170898
vt 0.9160156 0.5170898
vt 0.9160156 0.5170898
vt 0.9160156 0.5170898
vt 0.9160156 0.5170898
vt 0.9160156 0.5170898
vt 0.9160156 0.5170898
vt 0.9160156 0.5170898
vt 0.9160156 0.5170898
vt 0.9160156 0.5170898
vt 0.9160156 0.5170898
vt 0.9160156 0.5170898
vt 0.9160156 0.5170898
vt 0.9160156 0.5170898
vt 0.9160156 0.5170898
vt 0.9160156 0.5170898
vt 0.9160156 0.5170898
vt 0.9160156 0.5170898
vt 0.9160156 0.5170898
vt 0.9160156 0.5170898
vt 0.9160156 0.5170898
vt 0.9160156 0.5170898
vt 0.9160156 0.5170898
vt 0.9160156 0.5170898
vt 0.9160156 0.5170898
vt 0.9160156 0.5170898
vt 0.9160156 0.5170898
vt 0.9160156 0.5170898
vt 0.9160156 0.5170898
vt 0.9160156 0.5170898
vt 0.9160156 0.5170898
vt 0.9160156 0.5170898
vt 0.9160156 0.5170898
vt 0.9160156 0.5170898
vt 0.9160156 0.5170898
vt 0.9160156 0.5170898
vt 0.9160156 0.5170898
vt 0.9160156 0.5170898
vt 0.9160156 0.5170898
vt 0.9160156 0.5170898
vt 0.9160156 0.5170898
vt 0.9160156 0.5170898
vt 0.9160156 0.5170898
vt 0.9160156 0.5170898
vt 0.9160156 0.5170898
vt 0.9160156 0.5170898
vt 0.9160156 0.5170898
vt 0.9160156 0.5170898
vt 0.9160156 0.5170898
vt 0.9160156 0.5170898
vt 0.9160156 0.5170898
vt 0.9160156 0.5170898
vt 0.9160156 0.5170898
vt 0.9160156 0.5170898
vt 0.9160156 0.5170898
vt 0.9160156 0.5170898
vt 0.9160156 0.5170898
vt 0.9160156 0.5170898
vt 0.9160156 0.5170898
vt 0.9160156 0.5170898
vt 0.9160156 0.5170898
vt 0.9160156 0.5170898
vt 0.9160156 0.5170898
vt 0.9160156 0.5170898
vt 0.9160156 0.5170898
vt 0.9160156 0.5170898
vt 0.9160156 0.5170898
vt 0.9160156 0.5170898
vt 0.9160156 0.5170898
vt 0.9160156 0.5170898
vt 0.9160156 0.5170898
vt 0.9160156 0.5170898
vt 0.9160156 0.5170898
vt 0.9160156 0.5170898
vt 0.9160156 0.5170898
vt 0.9160156 0.5170898
vt 0.9160156 0.5170898
vt 0.9160156 0.5170898
vt 0.9160156 0.5170898
vt 0.9160156 0.5170898
vt 0.9160156 0.5170898
vt 0.9160156 0.5170898
vt 0.9160156 0.5170898
vt 0.9160156 0.5170898
vt 0.9160156 0.5170898
vt 0.9160156 0.5170898
vt 0.9160156 0.5170898
vt 0.9160156 0.5170898
vt 0.9160156 0.5170898
vt 0.9160156 0.5170898
vt 0.9160156 0.5170898
vt 0.9160156 0.5170898
vt 0.9160156 0.5170898
vt 0.9160156 0.5170898
vt 0.9160156 0.5170898
vt 0.9160156 0.5170898
vt 0.9160156 0.5170898
vt 0.9160156 0.5170898
vt 0.9160156 0.5170898
vt 0.9160156 0.5170898
vt 0.9160156 0.5170898
vt 0.9160156 0.5170898
vt 0.9160156 0.5170898
vt 0.9160156 0.5170898
vt 0.9160156 0.5170898
vt 0.9160156 0.5170898
vt 0.9160156 0.5170898
vt 0.9160156 0.5170898
vt 0.9160156 0.5170898
vt 0.9160156 0.5170898
vt 0.9160156 0.5170898
vt 0.9160156 0.5170898
vt 0.9160156 0.5170898
vt 0.9160156 0.5170898
vt 0.9160156 0.5170898
vt 0.9160156 0.5170898
vt 0.9160156 0.5170898
vt 0.9160156 0.5170898
vt 0.9160156 0.5170898
vt 0.9160156 0.5170898
vt 0.9160156 0.5170898
vt 0.9160156 0.5170898
vt 0.9160156 0.5170898
vt 0.9160156 0.5170898
vt 0.9160156 0.5170898
vt 0.9160156 0.5170898
vt 0.9160156 0.5170898
vt 0.9160156 0.5170898
vt 0.9160156 0.5170898
vt 0.9160156 0.5170898
vt 0.9160156 0.5170898
vt 0.9160156 0.5170898
vt 0.9160156 0.5170898
vt 0.9160156 0.5170898
vt 0.9160156 0.5170898
vt 0.9160156 0.5170898
vt 0.9160156 0.5170898
vt 0.9160156 0.5170898
vt 0.9160156 0.5170898
vt 0.9160156 0.5170898
vt 0.9160156 0.5170898
vt 0.9160156 0.5170898
vt 0.9160156 0.5170898
vt 0.9160156 0.5170898
vt 0.9160156 0.5170898
vt 0.9160156 0.5170898
vt 0.9160156 0.5170898
vt 0.9160156 0.5170898
vt 0.9160156 0.5170898
vt 0.9160156 0.5170898
vt 0.9160156 0.5170898
vt 0.9160156 0.5170898
vt 0.9160156 0.5170898
vt 0.9160156 0.5170898
vt 0.9160156 0.5170898
vt 0.9160156 0.5170898
vt 0.9160156 0.5170898
vt 0.9160156 0.5170898
vt 0.9160156 0.5170898
vt 0.9160156 0.5170898
vt 0.9160156 0.5170898
vt 0.9160156 0.5170898
vt 0.9160156 0.5170898
vt 0.9160156 0.5170898
vt 0.9160156 0.5170898
vt 0.9160156 0.5170898
vt 0.9160156 0.5170898
vt 0.9160156 0.5170898
vt 0.9160156 0.5170898
vt 0.9160156 0.5170898
vt 0.9160156 0.5170898
vt 0.9160156 0.5170898
vt 0.9160156 0.5170898
vt 0.9160156 0.5170898
vt 0.9160156 0.5170898
vt 0.9160156 0.5170898
vt 0.9160156 0.5170898
vt 0.9160156 0.5170898
vt 0.9160156 0.5170898
vt 0.9160156 0.5170898
vt 0.9160156 0.5170898
vt 0.9160156 0.5170898
vt 0.9160156 0.5170898
vt 0.9160156 0.5170898
vt 0.9160156 0.5170898
vt 0.9160156 0.5170898
vt 0.9160156 0.5170898
vt 0.9160156 0.5170898
vt 0.9160156 0.5170898
vt 0.9160156 0.5170898
vt 0.9160156 0.5170898
vt 0.9160156 0.5170898
vt 0.9160156 0.5170898
vt 0.9160156 0.5170898
vt 0.9160156 0.5170898
vt 0.9160156 0.5170898
vt 0.9160156 0.5170898
vt 0.9160156 0.5170898
vt 0.9160156 0.5170898
vt 0.9160156 0.5170898
vt 0.9160156 0.5170898
vt 0.9160156 0.5170898
vt 0.9160156 0.5170898
vt 0.9160156 0.5170898
vt 0.9160156 0.5170898
vt 0.9160156 0.5170898
vt 0.9160156 0.5170898
vt 0.7578125 0.6181641
vt 0.7578125 0.6181641
vt 0.7578125 0.6181641
vt 0.7578125 0.6181641
vt 0.7578125 0.6181641
vt 0.7578125 0.6181641
vt 0.7578125 0.6181641
vt 0.7578125 0.6181641
vt 0.7578125 0.6181641
vt 0.7578125 0.6181641
vt 0.7578125 0.6181641
vt 0.7578125 0.6181641
vt 0.7578125 0.6181641
vt 0.7578125 0.6181641
vt 0.7578125 0.6181641
vt 0.7578125 0.6181641
vt 0.7578125 0.6181641
vt 0.7578125 0.6181641
vt 0.7578125 0.6181641
vt 0.7578125 0.6181641
vt 0.7578125 0.6181641
vt 0.7578125 0.6181641
vt 0.7578125 0.6181641
vt 0.7578125 0.6181641
vt 0.7578125 0.6181641
vt 0.7578125 0.6181641
vt 0.7578125 0.6181641
vt 0.7578125 0.6181641
vt 0.7578125 0.6181641
vt 0.7578125 0.6181641
vt 0.7578125 0.6181641
vt 0.7578125 0.6181641
vt 0.7578125 0.6181641
vt 0.7578125 0.6181641
vt 0.7578125 0.6181641
vt 0.7578125 0.6181641
vt 0.7578125 0.6181641
vt 0.7578125 0.6181641
vt 0.7578125 0.6181641
vt 0.7578125 0.6181641
vt 0.7578125 0.6181641
vt 0.7578125 0.6181641
vt 0.7578125 0.6181641
vt 0.7578125 0.6181641
vt 0.7578125 0.6181641
vt 0.7578125 0.6181641
vt 0.7578125 0.6181641
vt 0.7578125 0.6181641
vt 0.7583008 0.5595703
vt 0.7583008 0.5595703
vt 0.7583008 0.5595703
vt 0.7583008 0.5595703
vt 0.7583008 0.5595703
vt 0.7583008 0.5595703
vt 0.7583008 0.5595703
vt 0.7583008 0.5595703
vt 0.7583008 0.5595703
vt 0.7583008 0.5595703
vt 0.7583008 0.5595703
vt 0.7583008 0.5595703
vt 0.7583008 0.5595703
vt 0.7583008 0.5595703
vt 0.7583008 0.5595703
vt 0.7583008 0.5595703
vt 0.7583008 0.5595703
vt 0.7583008 0.5595703
vt 0.7583008 0.5595703
vt 0.7583008 0.5595703
vt 0.7583008 0.5595703
vt 0.7583008 0.5595703
vt 0.7583008 0.5595703
vt 0.7583008 0.5595703
vt 0.9931641 0.4997559
vt 0.9931641 0.4997559
vt 0.9931641 0.4997559
vt 0.9931641 0.4997559
vt 0.9931641 0.4997559
vt 0.9931641 0.4997559
vt 0.9931641 0.4997559
vt 0.9931641 0.4997559
vt 0.9931641 0.4997559
vt 0.9931641 0.4997559
vt 0.9931641 0.4997559
vt 0.9931641 0.4997559
vt 0.9931641 0.4997559
vt 0.9931641 0.4997559
vt 0.9931641 0.4997559
vt 0.9931641 0.4997559
vt 0.9931641 0.4997559
vt 0.9931641 0.4997559
vt 0.9931641 0.4997559
vt 0.9931641 0.4997559
vt 0.9931641 0.4997559
vt 0.9931641 0.4997559
vt 0.9931641 0.4997559
vt 0.9931641 0.4997559
vt 0.9931641 0.4997559
vt 0.9931641 0.4997559
vt 0.9931641 0.4997559
vt 0.9931641 0.4997559
vt 0.9931641 0.4997559
vt 0.9931641 0.4997559
vt 0.9931641 0.4997559
vt 0.9931641 0.4997559
vt 0.9931641 0.4997559
vt 0.9931641 0.4997559
vt 0.9931641 0.4997559
vt 0.9931641 0.4997559
vt 0.9931641 0.4997559
vt 0.9931641 0.4997559
vt 0.9931641 0.4997559
vt 0.9931641 0.4997559
vt 0.9931641 0.4997559
vt 0.9931641 0.4997559
vt 0.9931641 0.4997559
vt 0.9931641 0.4997559
vt 0.9931641 0.4997559
vt 0.9931641 0.4997559
vt 0.9931641 0.4997559
vt 0.9931641 0.4997559
vt 0.9160156 0.5170898
vt 0.9160156 0.5170898
vt 0.9160156 0.5170898
vt 0.9160156 0.5170898
vt 0.9160156 0.5170898
vt 0.9160156 0.5170898
vt 0.9160156 0.5170898
vt 0.9160156 0.5170898
vt 0.9160156 0.5170898
vt 0.9160156 0.5170898
vt 0.9160156 0.5170898
vt 0.9160156 0.5170898
vt 0.9160156 0.5170898
vt 0.9160156 0.5170898
vt 0.9160156 0.5170898
vt 0.9160156 0.5170898
vt 0.9160156 0.5170898
vt 0.9160156 0.5170898
vt 0.9160156 0.5170898
vt 0.9160156 0.5170898
vt 0.9160156 0.5170898
vt 0.9160156 0.5170898
vt 0.9160156 0.5170898
vt 0.9160156 0.5170898
vt 0.9160156 0.5170898
vt 0.9160156 0.5170898
vt 0.9160156 0.5170898
vt 0.9160156 0.5170898
vt 0.9160156 0.5170898
vt 0.9160156 0.5170898
vt 0.9160156 0.5170898
vt 0.9160156 0.5170898
vt 0.9160156 0.5170898
vt 0.9160156 0.5170898
vt 0.9160156 0.5170898
vt 0.9160156 0.5170898
vt 0.9160156 0.5170898
vt 0.9160156 0.5170898
vt 0.9160156 0.5170898
vt 0.9160156 0.5170898
vt 0.9160156 0.5170898
vt 0.9160156 0.5170898
vt 0.9160156 0.5170898
vt 0.9160156 0.5170898
vt 0.9160156 0.5170898
vt 0.9160156 0.5170898
vt 0.9160156 0.5170898
vt 0.9160156 0.5170898
vt 0.9160156 0.5170898
vt 0.9160156 0.5170898
vt 0.9160156 0.5170898
vt 0.9160156 0.5170898
vt 0.9160156 0.5170898
vt 0.9160156 0.5170898
vt 0.9160156 0.5170898
vt 0.9160156 0.5170898
vt 0.9160156 0.5170898
vt 0.9160156 0.5170898
vt 0.9160156 0.5170898
vt 0.9160156 0.5170898
vt 0.9160156 0.5170898
vt 0.9160156 0.5170898
vt 0.9160156 0.5170898
vt 0.9160156 0.5170898
vt 0.9160156 0.5170898
vt 0.9160156 0.5170898
vt 0.9160156 0.5170898
vt 0.9160156 0.5170898
vt 0.9160156 0.5170898
vt 0.9160156 0.5170898
vt 0.9160156 0.5170898
vt 0.9160156 0.5170898
vt 0.9160156 0.5170898
vt 0.9160156 0.5170898
vt 0.9160156 0.5170898
vt 0.9160156 0.5170898
vt 0.9160156 0.5170898
vt 0.9160156 0.5170898
vt 0.9160156 0.5170898
vt 0.9160156 0.5170898
vt 0.9160156 0.5170898
vt 0.9160156 0.5170898
vt 0.9160156 0.5170898
vt 0.9160156 0.5170898
vt 0.9160156 0.5170898
vt 0.9160156 0.5170898
vt 0.9160156 0.5170898
vt 0.9160156 0.5170898
vt 0.9160156 0.5170898
vt 0.9160156 0.5170898
vt 0.9160156 0.5170898
vt 0.9160156 0.5170898
vt 0.9160156 0.5170898
vt 0.9160156 0.5170898
vt 0.9160156 0.5170898
vt 0.9160156 0.5170898
vt 0.9160156 0.5170898
vt 0.9160156 0.5170898
vt 0.9160156 0.5170898
vt 0.9160156 0.5170898
vt 0.9160156 0.5170898
vt 0.9160156 0.5170898
vt 0.9160156 0.5170898
vt 0.9160156 0.5170898
vt 0.9160156 0.5170898
vt 0.9160156 0.5170898
vt 0.9160156 0.5170898
vt 0.9160156 0.5170898
vt 0.9160156 0.5170898
vt 0.9160156 0.5170898
vt 0.9160156 0.5170898
vt 0.9160156 0.5170898
vt 0.9160156 0.5170898
vt 0.9160156 0.5170898
vt 0.9160156 0.5170898
vt 0.9160156 0.5170898
vt 0.9160156 0.5170898
vt 0.9160156 0.5170898
vt 0.9160156 0.5170898
vt 0.9160156 0.5170898
vt 0.9160156 0.5170898
vt 0.9160156 0.5170898
vt 0.9160156 0.5170898
vt 0.9160156 0.5170898
vt 0.9160156 0.5170898
vt 0.9160156 0.5170898
vt 0.9160156 0.5170898
vt 0.9160156 0.5170898
vt 0.9160156 0.5170898
vt 0.9160156 0.5170898
vt 0.9160156 0.5170898
vt 0.9160156 0.5170898
vt 0.9160156 0.5170898
vt 0.9160156 0.5170898
vt 0.9160156 0.5170898
vt 0.9160156 0.5170898
vt 0.9160156 0.5170898
vt 0.9160156 0.5170898
vt 0.9160156 0.5170898
vt 0.9160156 0.5170898
vt 0.9160156 0.5170898
vt 0.9160156 0.5170898
vt 0.9160156 0.5170898
vt 0.9160156 0.5170898
vt 0.9160156 0.5170898
vt 0.9160156 0.5170898
vt 0.9160156 0.5170898
vt 0.9160156 0.5170898
vt 0.9160156 0.5170898
vt 0.9160156 0.5170898
vt 0.9160156 0.5170898
vt 0.9160156 0.5170898
vt 0.9160156 0.5170898
vt 0.9160156 0.5170898
vt 0.9160156 0.5170898
vt 0.9160156 0.5170898
vt 0.9160156 0.5170898
vt 0.9160156 0.5170898
vt 0.9160156 0.5170898
vt 0.9160156 0.5170898
vt 0.9160156 0.5170898
vt 0.9160156 0.5170898
vt 0.9160156 0.5170898
vt 0.9160156 0.5170898
vt 0.9160156 0.5170898
vt 0.9160156 0.5170898
vt 0.9160156 0.5170898
vt 0.9160156 0.5170898
vt 0.9160156 0.5170898
vt 0.9160156 0.5170898
vt 0.9160156 0.5170898
vt 0.9160156 0.5170898
vt 0.9160156 0.5170898
vt 0.9160156 0.5170898
vt 0.9160156 0.5170898
vt 0.9160156 0.5170898
vt 0.9160156 0.5170898
vt 0.9160156 0.5170898
vt 0.9160156 0.5170898
vt 0.9160156 0.5170898
vt 0.9160156 0.5170898
vt 0.9160156 0.5170898
vt 0.9160156 0.5170898
vt 0.9160156 0.5170898
vt 0.9160156 0.5170898
vt 0.9160156 0.5170898
vt 0.9160156 0.5170898
vt 0.9160156 0.5170898
vt 0.9160156 0.5170898
vt 0.9160156 0.5170898
vt 0.9160156 0.5170898
vt 0.9160156 0.5170898
vt 0.9160156 0.5170898
vt 0.9160156 0.5170898
vt 0.9160156 0.5170898
vt 0.9160156 0.5170898
vt 0.9160156 0.5170898
vt 0.9160156 0.5170898
vt 0.9160156 0.5170898
vt 0.9160156 0.5170898
vt 0.9160156 0.5170898
vt 0.9160156 0.5170898
vt 0.9160156 0.5170898
vt 0.9160156 0.5170898
vt 0.9160156 0.5170898
vt 0.9160156 0.5170898
vt 0.9160156 0.5170898
vt 0.9160156 0.5170898
vt 0.9160156 0.5170898
vt 0.9160156 0.5170898
vt 0.9160156 0.5170898
vt 0.9160156 0.5170898
vt 0.9160156 0.5170898
vt 0.9160156 0.5170898
vt 0.9160156 0.5170898
vt 0.9160156 0.5170898
vt 0.9160156 0.5170898
vt 0.9160156 0.5170898
vt 0.9160156 0.5170898
vt 0.9160156 0.5170898
vt 0.9160156 0.5170898
vt 0.9160156 0.5170898
vt 0.9160156 0.5170898
vt 0.9160156 0.5170898
vt 0.9160156 0.5170898
vt 0.9160156 0.5170898
vt 0.9160156 0.5170898
vt 0.9160156 0.5170898
vt 0.9160156 0.5170898
vt 0.9160156 0.5170898
vt 0.9160156 0.5170898
vt 0.9160156 0.5170898
vt 0.9160156 0.5170898
vt 0.9160156 0.5170898
vt 0.9160156 0.5170898
vt 0.9160156 0.5170898
vt 0.9160156 0.5170898
vt 0.9160156 0.5170898
vt 0.9160156 0.5170898
vt 0.9160156 0.5170898
vt 0.9160156 0.5170898
vt 0.9160156 0.5170898
vt 0.9160156 0.5170898
vt 0.9160156 0.5170898
vt 0.9160156 0.5170898
vt 0.9160156 0.5170898
vt 0.9160156 0.5170898
vt 0.9160156 0.5170898
vt 0.9160156 0.5170898
vt 0.9160156 0.5170898
vt 0.9160156 0.5170898
vt 0.9160156 0.5170898
vt 0.9160156 0.5170898
vt 0.9160156 0.5170898
vt 0.9160156 0.5170898
vt 0.9160156 0.5170898
vt 0.9160156 0.5170898
vt 0.9160156 0.5170898
vt 0.9160156 0.5170898
vt 0.9160156 0.5170898
vt 0.9160156 0.5170898
vt 0.9160156 0.5170898
vt 0.9160156 0.5170898
vt 0.9160156 0.5170898
vt 0.9160156 0.5170898
vt 0.9160156 0.5170898
vt 0.9160156 0.5170898
vt 0.9160156 0.5170898
vt 0.9160156 0.5170898
vt 0.9160156 0.5170898
vt 0.9160156 0.5170898
vt 0.9160156 0.5170898
vt 0.9160156 0.5170898
vt 0.9160156 0.5170898
vt 0.9160156 0.5170898
vt 0.9160156 0.5170898
vt 0.9160156 0.5170898
vt 0.9160156 0.5170898
vt 0.9160156 0.5170898
vt 0.9160156 0.5170898
vt 0.9160156 0.5170898
vt 0.9160156 0.5170898
vt 0.9160156 0.5170898
vt 0.9160156 0.5170898
vt 0.9160156 0.5170898
vt 0.9160156 0.5170898
vt 0.9160156 0.5170898
vt 0.9160156 0.5170898
vt 0.9160156 0.5170898
vt 0.9160156 0.5170898
vt 0.9160156 0.5170898
vt 0.9160156 0.5170898
vt 0.9160156 0.5170898
vt 0.9160156 0.5170898
vt 0.9160156 0.5170898
vt 0.9160156 0.5170898
vt 0.9160156 0.5170898
vt 0.9160156 0.5170898
vt 0.9160156 0.5170898
vt 0.9160156 0.5170898
vt 0.9160156 0.5170898
vt 0.9160156 0.5170898
vt 0.9160156 0.5170898
vt 0.9160156 0.5170898
vt 0.9160156 0.5170898
vt 0.9160156 0.5170898
vt 0.9160156 0.5170898
vt 0.9160156 0.5170898
vt 0.9160156 0.5170898
vt 0.9160156 0.5170898
vt 0.9160156 0.5170898
vt 0.9160156 0.5170898
vt 0.9160156 0.5170898
vt 0.9160156 0.5170898
vt 0.9160156 0.5170898
vt 0.9160156 0.5170898
vt 0.9160156 0.5170898
vt 0.9160156 0.5170898
vt 0.9160156 0.5170898
vt 0.9160156 0.5170898
vt 0.9160156 0.5170898
vt 0.9160156 0.5170898
vt 0.9160156 0.5170898
vt 0.9160156 0.5170898
vt 0.9160156 0.5170898
vt 0.9160156 0.5170898
vt 0.9160156 0.5170898
vt 0.9160156 0.5170898
vt 0.9160156 0.5170898
vt 0.9160156 0.5170898
vt 0.9160156 0.5170898
vt 0.9160156 0.5170898
vt 0.9160156 0.5170898
vt 0.9160156 0.5170898
vt 0.9160156 0.5170898
vt 0.9160156 0.5170898
vt 0.9160156 0.5170898
vt 0.9160156 0.5170898
vt 0.9160156 0.5170898
vt 0.9160156 0.5170898
vt 0.9160156 0.5170898
vt 0.9160156 0.5170898
vt 0.9160156 0.5170898
vt 0.9160156 0.5170898
vt 0.9160156 0.5170898
vt 0.9160156 0.5170898
vt 0.9160156 0.5170898
vt 0.9160156 0.5170898
vt 0.9160156 0.5170898
vt 0.9160156 0.5170898
vt 0.9160156 0.5170898
vt 0.9160156 0.5170898
vt 0.9160156 0.5170898
vt 0.9160156 0.5170898
vt 0.9160156 0.5170898
vt 0.9160156 0.5170898
vt 0.9160156 0.5170898
vt 0.9160156 0.5170898
vt 0.9160156 0.5170898
vt 0.9160156 0.5170898
vt 0.9160156 0.5170898
vt 0.9160156 0.5170898
vt 0.9160156 0.5170898
vt 0.9160156 0.5170898
vt 0.9160156 0.5170898
vt 0.9160156 0.5170898
vt 0.9160156 0.5170898
vt 0.9160156 0.5170898
vt 0.9160156 0.5170898
vt 0.9160156 0.5170898
vt 0.9160156 0.5170898
vt 0.9160156 0.5170898
vt 0.9160156 0.5170898
vt 0.9160156 0.5170898
vt 0.9160156 0.5170898
vt 0.9160156 0.5170898
vt 0.9160156 0.5170898
vt 0.9160156 0.5170898
vt 0.9160156 0.5170898
vt 0.9160156 0.5170898
vt 0.9160156 0.5170898
vt 0.9160156 0.5170898
vt 0.9160156 0.5170898
vt 0.9160156 0.5170898
vt 0.9160156 0.5170898
vt 0.9160156 0.5170898
vt 0.9160156 0.5170898
vt 0.9160156 0.5170898
vt 0.9160156 0.5170898
vt 0.9160156 0.5170898
vt 0.9160156 0.5170898
vt 0.9160156 0.5170898
vt 0.9160156 0.5170898
vt 0.9160156 0.5170898
vt 0.9160156 0.5170898
vt 0.9160156 0.5170898
vt 0.9160156 0.5170898
vt 0.9160156 0.5170898
vt 0.9160156 0.5170898
vt 0.9160156 0.5170898
vt 0.9160156 0.5170898
vt 0.9160156 0.5170898
vt 0.9160156 0.5170898
vt 0.9160156 0.5170898
vt 0.9160156 0.5170898
vt 0.9160156 0.5170898
vt 0.9160156 0.5170898
vt 0.9160156 0.5170898
vt 0.9160156 0.5170898
vt 0.9160156 0.5170898
vt 0.9160156 0.5170898
vt 0.9160156 0.5170898
vt 0.9160156 0.5170898
vt 0.9160156 0.5170898
vt 0.9160156 0.5170898
vt 0.9160156 0.5170898
vt 0.9160156 0.5170898
vt 0.9160156 0.5170898
vt 0.9160156 0.5170898
vt 0.9160156 0.5170898
vt 0.9160156 0.5170898
vt 0.9160156 0.5170898
vt 0.9160156 0.5170898
vt 0.9160156 0.5170898
vt 0.9160156 0.5170898
vt 0.9160156 0.5170898
vt 0.9160156 0.5170898
vt 0.9160156 0.5170898
vt 0.9160156 0.5170898
vt 0.9160156 0.5170898
vt 0.9160156 0.5170898
vt 0.9160156 0.5170898
vt 0.9160156 0.5170898
vt 0.9160156 0.5170898
vt 0.9160156 0.5170898
vt 0.9160156 0.5170898
vt 0.9160156 0.5170898
vt 0.9160156 0.5170898
vt 0.9160156 0.5170898
vt 0.9160156 0.5170898
vt 0.9160156 0.5170898
vt 0.9160156 0.5170898
vt 0.9160156 0.5170898
vt 0.9160156 0.5170898
vt 0.9160156 0.5170898
vt 0.9160156 0.5170898
vt 0.9160156 0.5170898
vt 0.9160156 0.5170898
vt 0.9160156 0.5170898
vt 0.9160156 0.5170898
vt 0.9160156 0.5170898
vt 0.9160156 0.5170898
vt 0.9160156 0.5170898
vt 0.9160156 0.5170898
vt 0.9160156 0.5170898
vt 0.9160156 0.5170898
vt 0.9160156 0.5170898
vt 0.9160156 0.5170898
vt 0.9160156 0.5170898
vt 0.9160156 0.5170898
vt 0.9160156 0.5170898
vt 0.9160156 0.5170898
vt 0.9160156 0.5170898
vt 0.9160156 0.5170898
vt 0.9160156 0.5170898
vt 0.9160156 0.5170898
vt 0.9160156 0.5170898
vt 0.9160156 0.5170898
vt 0.9160156 0.5170898
vt 0.9160156 0.5170898
vt 0.9160156 0.5170898
vt 0.9160156 0.5170898
vt 0.9160156 0.5170898
vt 0.9160156 0.5170898
vt 0.9160156 0.5170898
vt 0.9160156 0.5170898
vt 0.9160156 0.5170898
vt 0.9160156 0.5170898
vt 0.9160156 0.5170898
vt 0.9160156 0.5170898
vt 0.9160156 0.5170898
vt 0.9160156 0.5170898
vt 0.9160156 0.5170898
vt 0.9160156 0.5170898
vt 0.9160156 0.5170898
vt 0.9160156 0.5170898
vt 0.9160156 0.5170898
vt 0.9160156 0.5170898
vt 0.9160156 0.5170898
vt 0.9160156 0.5170898
vt 0.9160156 0.5170898
vt 0.9160156 0.5170898
vt 0.9160156 0.5170898
vt 0.9160156 0.5170898
vt 0.9160156 0.5170898
vt 0.9160156 0.5170898
vt 0.9160156 0.5170898
vt 0.9160156 0.5170898
vt 0.9160156 0.5170898
vt 0.9160156 0.5170898
vt 0.9160156 0.5170898
vt 0.9160156 0.5170898
vt 0.9160156 0.5170898
vt 0.9160156 0.5170898
vt 0.9160156 0.5170898
vt 0.9160156 0.5170898
vt 0.9160156 0.5170898
vt 0.9160156 0.5170898
vt 0.9160156 0.5170898
vt 0.9160156 0.5170898
vt 0.9160156 0.5170898
vt 0.9160156 0.5170898
vt 0.9160156 0.5170898
vt 0.9160156 0.5170898
vt 0.9160156 0.5170898
vt 0.9160156 0.5170898
vt 0.9160156 0.5170898
vt 0.9160156 0.5170898
vt 0.9160156 0.5170898
vt 0.9160156 0.5170898
vt 0.9160156 0.5170898
vt 0.9160156 0.5170898
vt 0.9160156 0.5170898
vt 0.9160156 0.5170898
vt 0.9160156 0.5170898
vt 0.9160156 0.5170898
vt 0.9160156 0.5170898
vt 0.9160156 0.5170898
vt 0.9160156 0.5170898
vt 0.9160156 0.5170898
vt 0.9160156 0.5170898
vt 0.9160156 0.5170898
vt 0.9160156 0.5170898
vt 0.9160156 0.5170898
vt 0.9160156 0.5170898
vt 0.9160156 0.5170898
vt 0.9160156 0.5170898
vt 0.9160156 0.5170898
vt 0.9160156 0.5170898
vt 0.9160156 0.5170898
vt 0.9160156 0.5170898
vt 0.9160156 0.5170898
vt 0.9160156 0.5170898
vt 0.9160156 0.5170898
vt 0.9160156 0.5170898
vt 0.9160156 0.5170898
vt 0.9160156 0.5170898
vt 0.9160156 0.5170898
vt 0.9160156 0.5170898
vt 0.9160156 0.5170898
vt 0.9160156 0.5170898
vt 0.9160156 0.5170898
vt 0.9160156 0.5170898
vt 0.9160156 0.5170898
vt 0.9160156 0.5170898
vt 0.9160156 0.5170898
vt 0.9160156 0.5170898
vt 0.9160156 0.5170898
vt 0.9160156 0.5170898
vt 0.9160156 0.5170898
vt 0.9160156 0.5170898
vt 0.9160156 0.5170898
vt 0.9160156 0.5170898
vt 0.9160156 0.5170898
vt 0.9160156 0.5170898
vt 0.9160156 0.5170898
vt 0.9160156 0.5170898
vt 0.9160156 0.5170898
vt 0.9160156 0.5170898
vt 0.9160156 0.5170898
vt 0.9160156 0.5170898
vt 0.9160156 0.5170898
vt 0.9160156 0.5170898
vt 0.9160156 0.5170898
vt 0.9160156 0.5170898
vt 0.9160156 0.5170898
vt 0.9160156 0.5170898
vt 0.9160156 0.5170898
vt 0.9160156 0.5170898
vt 0.9160156 0.5170898
vt 0.9160156 0.5170898
vt 0.9160156 0.5170898
vt 0.9160156 0.5170898
vt 0.9160156 0.5170898
vt 0.9160156 0.5170898
vt 0.9160156 0.5170898
vt 0.9160156 0.5170898
vt 0.9160156 0.5170898
vt 0.9160156 0.5170898
vt 0.9160156 0.5170898
vt 0.9160156 0.5170898
vt 0.9160156 0.5170898
vt 0.9160156 0.5170898
vt 0.9160156 0.5170898
vt 0.9160156 0.5170898
vt 0.9160156 0.5170898
vt 0.9160156 0.5170898
vt 0.9160156 0.5170898
vt 0.9160156 0.5170898
vt 0.9160156 0.5170898
vt 0.9160156 0.5170898
vt 0.9160156 0.5170898
vt 0.9160156 0.5170898
vt 0.9160156 0.5170898
vt 0.9160156 0.5170898
vt 0.9160156 0.5170898
vt 0.9160156 0.5170898
vt 0.9160156 0.5170898
vt 0.9160156 0.5170898
vt 0.9160156 0.5170898
vt 0.9160156 0.5170898
vt 0.9160156 0.5170898
vt 0.9160156 0.5170898
vt 0.9160156 0.5170898
vt 0.9160156 0.5170898
vt 0.9160156 0.5170898
vt 0.9160156 0.5170898
vt 0.9160156 0.5170898
vt 0.9160156 0.5170898
vt 0.9160156 0.5170898
vt 0.9160156 0.5170898
vt 0.9160156 0.5170898
vt 0.9160156 0.5170898
vt 0.9160156 0.5170898
vt 0.9160156 0.5170898
vt 0.9160156 0.5170898
vt 0.9160156 0.5170898
vt 0.9160156 0.5170898
vt 0.9160156 0.5170898
vt 0.9160156 0.5170898
vt 0.9160156 0.5170898
vt 0.9160156 0.5170898
vt 0.9160156 0.5170898
vt 0.9160156 0.5170898
vt 0.9160156 0.5170898
vt 0.9160156 0.5170898
vt 0.9160156 0.5170898
vt 0.9160156 0.5170898
vt 0.9160156 0.5170898
vt 0.9160156 0.5170898
vt 0.9160156 0.5170898
vt 0.9160156 0.5170898
vt 0.9160156 0.5170898
vt 0.9160156 0.5170898
vt 0.9160156 0.5170898
vt 0.9160156 0.5170898
vt 0.9160156 0.5170898
vt 0.9160156 0.5170898
vt 0.9160156 0.5170898
vt 0.9160156 0.5170898
vt 0.9160156 0.5170898
vt 0.9160156 0.5170898
vt 0.9160156 0.5170898
vt 0.9160156 0.5170898
vt 0.9160156 0.5170898
vt 0.9160156 0.5170898
vt 0.9160156 0.5170898
vt 0.9160156 0.5170898
vt 0.9160156 0.5170898
vt 0.9160156 0.5170898
vt 0.9160156 0.5170898
vt 0.9160156 0.5170898
vt 0.9160156 0.5170898
vt 0.9160156 0.5170898
vt 0.9160156 0.5170898
vt 0.9160156 0.5170898
vt 0.9160156 0.5170898
vt 0.9160156 0.5170898
vt 0.9160156 0.5170898
vt 0.9160156 0.5170898
vt 0.9160156 0.5170898
vt 0.9160156 0.5170898
vt 0.9160156 0.5170898
vt 0.9160156 0.5170898
vt 0.9160156 0.5170898
vt 0.9160156 0.5170898
vt 0.9160156 0.5170898
vt 0.9160156 0.5170898
vt 0.9160156 0.5170898
vt 0.9160156 0.5170898
vt 0.9160156 0.5170898
vt 0.9160156 0.5170898
vt 0.9160156 0.5170898
vt 0.9160156 0.5170898
vt 0.7578125 0.6181641
vt 0.7578125 0.6181641
vt 0.7578125 0.6181641
vt 0.7578125 0.6181641
vt 0.7578125 0.6181641
vt 0.7578125 0.6181641
vt 0.7578125 0.6181641
vt 0.7578125 0.6181641
vt 0.7578125 0.6181641
vt 0.7578125 0.6181641
vt 0.7578125 0.6181641
vt 0.7578125 0.6181641
vt 0.7578125 0.6181641
vt 0.7578125 0.6181641
vt 0.7578125 0.6181641
vt 0.7578125 0.6181641
vt 0.7578125 0.6181641
vt 0.7578125 0.6181641
vt 0.7578125 0.6181641
vt 0.7578125 0.6181641
vt 0.7578125 0.6181641
vt 0.7578125 0.6181641
vt 0.7578125 0.6181641
vt 0.7578125 0.6181641
vt 0.7578125 0.6181641
vt 0.7578125 0.6181641
vt 0.7578125 0.6181641
vt 0.7578125 0.6181641
vt 0.7578125 0.6181641
vt 0.7578125 0.6181641
vt 0.7578125 0.6181641
vt 0.7578125 0.6181641
vt 0.7578125 0.6181641
vt 0.7578125 0.6181641
vt 0.7578125 0.6181641
vt 0.7578125 0.6181641
vt 0.7578125 0.6181641
vt 0.7578125 0.6181641
vt 0.7578125 0.6181641
vt 0.7578125 0.6181641
vt 0.7578125 0.6181641
vt 0.7578125 0.6181641
vt 0.7578125 0.6181641
vt 0.7578125 0.6181641
vt 0.7578125 0.6181641
vt 0.7578125 0.6181641
vt 0.7578125 0.6181641
vt 0.7578125 0.6181641
vt 0.7583008 0.5595703
vt 0.7583008 0.5595703
vt 0.7583008 0.5595703
vt 0.7583008 0.5595703
vt 0.7583008 0.5595703
vt 0.7583008 0.5595703
vt 0.7583008 0.5595703
vt 0.7583008 0.5595703
vt 0.7583008 0.5595703
vt 0.7583008 0.5595703
vt 0.7583008 0.5595703
vt 0.7583008 0.5595703
vt 0.7583008 0.5595703
vt 0.7583008 0.5595703
vt 0.7583008 0.5595703
vt 0.7583008 0.5595703
vt 0.7583008 0.5595703
vt 0.7583008 0.5595703
vt 0.7583008 0.5595703
vt 0.7583008 0.5595703
vt 0.7583008 0.5595703
vt 0.7583008 0.5595703
vt 0.7583008 0.5595703
vt 0.7583008 0.5595703
vt 0.9931641 0.4997559
vt 0.9931641 0.4997559
vt 0.9931641 0.4997559
vt 0.9931641 0.4997559
vt 0.9931641 0.4997559
vt 0.9931641 0.4997559
vt 0.9931641 0.4997559
vt 0.9931641 0.4997559
vt 0.9931641 0.4997559
vt 0.9931641 0.4997559
vt 0.9931641 0.4997559
vt 0.9931641 0.4997559
vt 0.9931641 0.4997559
vt 0.9931641 0.4997559
vt 0.9931641 0.4997559
vt 0.9931641 0.4997559
vt 0.9931641 0.4997559
vt 0.9931641 0.4997559
vt 0.9931641 0.4997559
vt 0.9931641 0.4997559
vt 0.9931641 0.4997559
vt 0.9931641 0.4997559
vt 0.9931641 0.4997559
vt 0.9931641 0.4997559
vt 0.9931641 0.4997559
vt 0.9931641 0.4997559
vt 0.9931641 0.4997559
vt 0.9931641 0.4997559
vt 0.9931641 0.4997559
vt 0.9931641 0.4997559
vt 0.9931641 0.4997559
vt 0.9931641 0.4997559
vt 0.9931641 0.4997559
vt 0.9931641 0.4997559
vt 0.9931641 0.4997559
vt 0.9931641 0.4997559
vt 0.9931641 0.4997559
vt 0.9931641 0.4997559
vt 0.9931641 0.4997559
vt 0.9931641 0.4997559
vt 0.9931641 0.4997559
vt 0.9931641 0.4997559
vt 0.9931641 0.4997559
vt 0.9931641 0.4997559
vt 0.9931641 0.4997559
vt 0.9931641 0.4997559
vt 0.9931641 0.4997559
vt 0.9931641 0.4997559
vt 0.9160156 0.5170898
vt 0.9160156 0.5170898
vt 0.9160156 0.5170898
vt 0.9160156 0.5170898
vt 0.9160156 0.5170898
vt 0.9160156 0.5170898
vt 0.9160156 0.5170898
vt 0.9160156 0.5170898
vt 0.9160156 0.5170898
vt 0.9160156 0.5170898
vt 0.9160156 0.5170898
vt 0.9160156 0.5170898
vt 0.9160156 0.5170898
vt 0.9160156 0.5170898
vt 0.9160156 0.5170898
vt 0.9160156 0.5170898
vt 0.9160156 0.5170898
vt 0.9160156 0.5170898
vt 0.9160156 0.5170898
vt 0.9160156 0.5170898
vt 0.9160156 0.5170898
vt 0.9160156 0.5170898
vt 0.9160156 0.5170898
vt 0.9160156 0.5170898
vt 0.9160156 0.5170898
vt 0.9160156 0.5170898
vt 0.9160156 0.5170898
vt 0.9160156 0.5170898
vt 0.9160156 0.5170898
vt 0.9160156 0.5170898
vt 0.9160156 0.5170898
vt 0.9160156 0.5170898
vt 0.9160156 0.5170898
vt 0.9160156 0.5170898
vt 0.9160156 0.5170898
vt 0.9160156 0.5170898
vt 0.9160156 0.5170898
vt 0.9160156 0.5170898
vt 0.9160156 0.5170898
vt 0.9160156 0.5170898
vt 0.9160156 0.5170898
vt 0.9160156 0.5170898
vt 0.9160156 0.5170898
vt 0.9160156 0.5170898
vt 0.9160156 0.5170898
vt 0.9160156 0.5170898
vt 0.9160156 0.5170898
vt 0.9160156 0.5170898
vt 0.9160156 0.5170898
vt 0.9160156 0.5170898
vt 0.9160156 0.5170898
vt 0.9160156 0.5170898
vt 0.9160156 0.5170898
vt 0.9160156 0.5170898
vt 0.9160156 0.5170898
vt 0.9160156 0.5170898
vt 0.9160156 0.5170898
vt 0.9160156 0.5170898
vt 0.9160156 0.5170898
vt 0.9160156 0.5170898
vt 0.9160156 0.5170898
vt 0.9160156 0.5170898
vt 0.9160156 0.5170898
vt 0.9160156 0.5170898
vt 0.9160156 0.5170898
vt 0.9160156 0.5170898
vt 0.9160156 0.5170898
vt 0.9160156 0.5170898
vt 0.9160156 0.5170898
vt 0.9160156 0.5170898
vt 0.9160156 0.5170898
vt 0.9160156 0.5170898
vt 0.9160156 0.5170898
vt 0.9160156 0.5170898
vt 0.9160156 0.5170898
vt 0.9160156 0.5170898
vt 0.9160156 0.5170898
vt 0.9160156 0.5170898
vt 0.9160156 0.5170898
vt 0.9160156 0.5170898
vt 0.9160156 0.5170898
vt 0.9160156 0.5170898
vt 0.9160156 0.5170898
vt 0.9160156 0.5170898
vt 0.9160156 0.5170898
vt 0.9160156 0.5170898
vt 0.9160156 0.5170898
vt 0.9160156 0.5170898
vt 0.9160156 0.5170898
vt 0.9160156 0.5170898
vt 0.9160156 0.5170898
vt 0.9160156 0.5170898
vt 0.9160156 0.5170898
vt 0.9160156 0.5170898
vt 0.9160156 0.5170898
vt 0.9160156 0.5170898
vt 0.9160156 0.5170898
vt 0.9160156 0.5170898
vt 0.9160156 0.5170898
vt 0.9160156 0.5170898
vt 0.9160156 0.5170898
vt 0.9160156 0.5170898
vt 0.9160156 0.5170898
vt 0.9160156 0.5170898
vt 0.9160156 0.5170898
vt 0.9160156 0.5170898
vt 0.9160156 0.5170898
vt 0.9160156 0.5170898
vt 0.9160156 0.5170898
vt 0.9160156 0.5170898
vt 0.9160156 0.5170898
vt 0.9160156 0.5170898
vt 0.9160156 0.5170898
vt 0.9160156 0.5170898
vt 0.9160156 0.5170898
vt 0.9160156 0.5170898
vt 0.9160156 0.5170898
vt 0.9160156 0.5170898
vt 0.9160156 0.5170898
vt 0.9160156 0.5170898
vt 0.9160156 0.5170898
vt 0.9160156 0.5170898
vt 0.9160156 0.5170898
vt 0.9160156 0.5170898
vt 0.9160156 0.5170898
vt 0.9160156 0.5170898
vt 0.9160156 0.5170898
vt 0.9160156 0.5170898
vt 0.9160156 0.5170898
vt 0.9160156 0.5170898
vt 0.9160156 0.5170898
vt 0.9160156 0.5170898
vt 0.9160156 0.5170898
vt 0.9160156 0.5170898
vt 0.9160156 0.5170898
vt 0.9160156 0.5170898
vt 0.9160156 0.5170898
vt 0.9160156 0.5170898
vt 0.9160156 0.5170898
vt 0.9160156 0.5170898
vt 0.9160156 0.5170898
vt 0.9160156 0.5170898
vt 0.9160156 0.5170898
vt 0.9160156 0.5170898
vt 0.9160156 0.5170898
vt 0.9160156 0.5170898
vt 0.9160156 0.5170898
vt 0.9160156 0.5170898
vt 0.9160156 0.5170898
vt 0.9160156 0.5170898
vt 0.9160156 0.5170898
vt 0.9160156 0.5170898
vt 0.9160156 0.5170898
vt 0.9160156 0.5170898
vt 0.9160156 0.5170898
vt 0.9160156 0.5170898
vt 0.9160156 0.5170898
vt 0.9160156 0.5170898
vt 0.9160156 0.5170898
vt 0.9160156 0.5170898
vt 0.9160156 0.5170898
vt 0.9160156 0.5170898
vt 0.9160156 0.5170898
vt 0.9160156 0.5170898
vt 0.9160156 0.5170898
vt 0.9160156 0.5170898
vt 0.9160156 0.5170898
vt 0.9160156 0.5170898
vt 0.9160156 0.5170898
vt 0.9160156 0.5170898
vt 0.9160156 0.5170898
vt 0.9160156 0.5170898
vt 0.9160156 0.5170898
vt 0.9160156 0.5170898
vt 0.9160156 0.5170898
vt 0.9160156 0.5170898
vt 0.9160156 0.5170898
vt 0.9160156 0.5170898
vt 0.9160156 0.5170898
vt 0.9160156 0.5170898
vt 0.9160156 0.5170898
vt 0.9160156 0.5170898
vt 0.9160156 0.5170898
vt 0.9160156 0.5170898
vt 0.9160156 0.5170898
vt 0.9160156 0.5170898
vt 0.9160156 0.5170898
vt 0.9160156 0.5170898
vt 0.9160156 0.5170898
vt 0.9160156 0.5170898
vt 0.9160156 0.5170898
vt 0.9160156 0.5170898
vt 0.9160156 0.5170898
vt 0.9160156 0.5170898
vt 0.9160156 0.5170898
vt 0.9160156 0.5170898
vt 0.9160156 0.5170898
vt 0.9160156 0.5170898
vt 0.9160156 0.5170898
vt 0.9160156 0.5170898
vt 0.9160156 0.5170898
vt 0.9160156 0.5170898
vt 0.9160156 0.5170898
vt 0.9160156 0.5170898
vt 0.9160156 0.5170898
vt 0.9160156 0.5170898
vt 0.9160156 0.5170898
vt 0.9160156 0.5170898
vt 0.9160156 0.5170898
vt 0.9160156 0.5170898
vt 0.9160156 0.5170898
vt 0.9160156 0.5170898
vt 0.9160156 0.5170898
vt 0.9160156 0.5170898
vt 0.9160156 0.5170898
vt 0.9160156 0.5170898
vt 0.9160156 0.5170898
vt 0.9160156 0.5170898
vt 0.9160156 0.5170898
vt 0.9160156 0.5170898
vt 0.9160156 0.5170898
vt 0.9160156 0.5170898
vt 0.9160156 0.5170898
vt 0.9160156 0.5170898
vt 0.9160156 0.5170898
vt 0.9160156 0.5170898
vt 0.9160156 0.5170898
vt 0.9160156 0.5170898
vt 0.9160156 0.5170898
vt 0.9160156 0.5170898
vt 0.9160156 0.5170898
vt 0.9160156 0.5170898
vt 0.9160156 0.5170898
vt 0.9160156 0.5170898
vt 0.9160156 0.5170898
vt 0.9160156 0.5170898
vt 0.9160156 0.5170898
vt 0.9160156 0.5170898
vt 0.9160156 0.5170898
vt 0.9160156 0.5170898
vt 0.9160156 0.5170898
vt 0.9160156 0.5170898
vt 0.9160156 0.5170898
vt 0.9160156 0.5170898
vt 0.9160156 0.5170898
vt 0.9160156 0.5170898
vt 0.9160156 0.5170898
vt 0.9160156 0.5170898
vt 0.9160156 0.5170898
vt 0.9160156 0.5170898
vt 0.9160156 0.5170898
vt 0.9160156 0.5170898
vt 0.9160156 0.5170898
vt 0.9160156 0.5170898
vt 0.9160156 0.5170898
vt 0.9160156 0.5170898
vt 0.9160156 0.5170898
vt 0.9160156 0.5170898
vt 0.9160156 0.5170898
vt 0.9160156 0.5170898
vt 0.9160156 0.5170898
vt 0.9160156 0.5170898
vt 0.9160156 0.5170898
vt 0.9160156 0.5170898
vt 0.9160156 0.5170898
vt 0.9160156 0.5170898
vt 0.9160156 0.5170898
vt 0.9160156 0.5170898
vt 0.9160156 0.5170898
vt 0.9160156 0.5170898
vt 0.9160156 0.5170898
vt 0.9160156 0.5170898
vt 0.9160156 0.5170898
vt 0.9160156 0.5170898
vt 0.9160156 0.5170898
vt 0.9160156 0.5170898
vt 0.9160156 0.5170898
vt 0.9160156 0.5170898
vt 0.9160156 0.5170898
vt 0.9160156 0.5170898
vt 0.9160156 0.5170898
vt 0.9160156 0.5170898
vt 0.9160156 0.5170898
vt 0.9160156 0.5170898
vt 0.9160156 0.5170898
vt 0.9160156 0.5170898
vt 0.9160156 0.5170898
vt 0.9160156 0.5170898
vt 0.9160156 0.5170898
vt 0.9160156 0.5170898
vt 0.9160156 0.5170898
vt 0.9160156 0.5170898
vt 0.9160156 0.5170898
vt 0.9160156 0.5170898
vt 0.9160156 0.5170898
vt 0.9160156 0.5170898
vt 0.9160156 0.5170898
vt 0.9160156 0.5170898
vt 0.9160156 0.5170898
vt 0.9160156 0.5170898
vt 0.9160156 0.5170898
vt 0.9160156 0.5170898
vt 0.9160156 0.5170898
vt 0.9160156 0.5170898
vt 0.9160156 0.5170898
vt 0.9160156 0.5170898
vt 0.9160156 0.5170898
vt 0.9160156 0.5170898
vt 0.9160156 0.5170898
vt 0.9160156 0.5170898
vt 0.9160156 0.5170898
vt 0.9160156 0.5170898
vt 0.9160156 0.5170898
vt 0.9160156 0.5170898
vt 0.9160156 0.5170898
vt 0.9160156 0.5170898
vt 0.9160156 0.5170898
vt 0.9160156 0.5170898
vt 0.9160156 0.5170898
vt 0.9160156 0.5170898
vt 0.9160156 0.5170898
vt 0.9160156 0.5170898
vt 0.9160156 0.5170898
vt 0.9160156 0.5170898
vt 0.9160156 0.5170898
vt 0.9160156 0.5170898
vt 0.9160156 0.5170898
vt 0.9160156 0.5170898
vt 0.9160156 0.5170898
vt 0.9160156 0.5170898
vt 0.9160156 0.5170898
vt 0.9160156 0.5170898
vt 0.9160156 0.5170898
vt 0.9160156 0.5170898
vt 0.9160156 0.5170898
vt 0.9160156 0.5170898
vt 0.9160156 0.5170898
vt 0.9160156 0.5170898
vt 0.9160156 0.5170898
vt 0.9160156 0.5170898
vt 0.9160156 0.5170898
vt 0.9160156 0.5170898
vt 0.9160156 0.5170898
vt 0.9160156 0.5170898
vt 0.9160156 0.5170898
vt 0.9160156 0.5170898
vt 0.9160156 0.5170898
vt 0.9160156 0.5170898
vt 0.9160156 0.5170898
vt 0.9160156 0.5170898
vt 0.9160156 0.5170898
vt 0.9160156 0.5170898
vt 0.9160156 0.5170898
vt 0.9160156 0.5170898
vt 0.9160156 0.5170898
vt 0.9160156 0.5170898
vt 0.9160156 0.5170898
vt 0.9160156 0.5170898
vt 0.9160156 0.5170898
vt 0.9160156 0.5170898
vt 0.9160156 0.5170898
vt 0.9160156 0.5170898
vt 0.9160156 0.5170898
vt 0.9160156 0.5170898
vt 0.9160156 0.5170898
vt 0.9160156 0.5170898
vt 0.9160156 0.5170898
vt 0.9160156 0.5170898
vt 0.9160156 0.5170898
vt 0.9160156 0.5170898
vt 0.9160156 0.5170898
vt 0.9160156 0.5170898
vt 0.9160156 0.5170898
vt 0.9160156 0.5170898
vt 0.9160156 0.5170898
vt 0.9160156 0.5170898
vt 0.9160156 0.5170898
vt 0.9160156 0.5170898
vt 0.9160156 0.5170898
vt 0.9160156 0.5170898
vt 0.9160156 0.5170898
vt 0.9160156 0.5170898
vt 0.9160156 0.5170898
vt 0.9160156 0.5170898
vt 0.9160156 0.5170898
vt 0.9160156 0.5170898
vt 0.9160156 0.5170898
vt 0.9160156 0.5170898
vt 0.9160156 0.5170898
vt 0.9160156 0.5170898
vt 0.9160156 0.5170898
vt 0.9160156 0.5170898
vt 0.9160156 0.5170898
vt 0.9160156 0.5170898
vt 0.9160156 0.5170898
vt 0.9160156 0.5170898
vt 0.9160156 0.5170898
vt 0.9160156 0.5170898
vt 0.9160156 0.5170898
vt 0.9160156 0.5170898
vt 0.9160156 0.5170898
vt 0.9160156 0.5170898
vt 0.9160156 0.5170898
vt 0.9160156 0.5170898
vt 0.9160156 0.5170898
vt 0.9160156 0.5170898
vt 0.9160156 0.5170898
vt 0.9160156 0.5170898
vt 0.9160156 0.5170898
vt 0.9160156 0.5170898
vt 0.9160156 0.5170898
vt 0.9160156 0.5170898
vt 0.9160156 0.5170898
vt 0.9160156 0.5170898
vt 0.9160156 0.5170898
vt 0.9160156 0.5170898
vt 0.9160156 0.5170898
vt 0.9160156 0.5170898
vt 0.9160156 0.5170898
vt 0.9160156 0.5170898
vt 0.9160156 0.5170898
vt 0.9160156 0.5170898
vt 0.9160156 0.5170898
vt 0.9160156 0.5170898
vt 0.9160156 0.5170898
vt 0.9160156 0.5170898
vt 0.9160156 0.5170898
vt 0.9160156 0.5170898
vt 0.9160156 0.5170898
vt 0.9160156 0.5170898
vt 0.9160156 0.5170898
vt 0.9160156 0.5170898
vt 0.9160156 0.5170898
vt 0.9160156 0.5170898
vt 0.9160156 0.5170898
vt 0.9160156 0.5170898
vt 0.9160156 0.5170898
vt 0.9160156 0.5170898
vt 0.9160156 0.5170898
vt 0.9160156 0.5170898
vt 0.9160156 0.5170898
vt 0.9160156 0.5170898
vt 0.9160156 0.5170898
vt 0.9160156 0.5170898
vt 0.9160156 0.5170898
vt 0.9160156 0.5170898
vt 0.9160156 0.5170898
vt 0.9160156 0.5170898
vt 0.9160156 0.5170898
vt 0.9160156 0.5170898
vt 0.9160156 0.5170898
vt 0.9160156 0.5170898
vt 0.9160156 0.5170898
vt 0.9160156 0.5170898
vt 0.9160156 0.5170898
vt 0.9160156 0.5170898
vt 0.9160156 0.5170898
vt 0.9160156 0.5170898
vt 0.9160156 0.5170898
vt 0.9160156 0.5170898
vt 0.9160156 0.5170898
vt 0.9160156 0.5170898
vt 0.9160156 0.5170898
vt 0.9160156 0.5170898
vt 0.9160156 0.5170898
vt 0.9160156 0.5170898
vt 0.9160156 0.5170898
vt 0.9160156 0.5170898
vt 0.9160156 0.5170898
vt 0.9160156 0.5170898
vt 0.9160156 0.5170898
vt 0.9160156 0.5170898
vt 0.9160156 0.5170898
vt 0.9160156 0.5170898
vt 0.9160156 0.5170898
vt 0.9160156 0.5170898
vt 0.9160156 0.5170898
vt 0.9160156 0.5170898
vt 0.9160156 0.5170898
vt 0.9160156 0.5170898
vt 0.9160156 0.5170898
vt 0.9160156 0.5170898
vt 0.9160156 0.5170898
vt 0.9160156 0.5170898
vt 0.9160156 0.5170898
vt 0.9160156 0.5170898
vt 0.9160156 0.5170898
vt 0.9160156 0.5170898
vt 0.9160156 0.5170898
vt 0.9160156 0.5170898
vt 0.9160156 0.5170898
vt 0.9160156 0.5170898
vt 0.9160156 0.5170898
vt 0.9160156 0.5170898
vt 0.9160156 0.5170898
vt 0.9160156 0.5170898
vt 0.9160156 0.5170898
vt 0.9160156 0.5170898
vt 0.9160156 0.5170898
vt 0.9160156 0.5170898
vt 0.9160156 0.5170898
vt 0.9160156 0.5170898
vt 0.9160156 0.5170898
vt 0.9160156 0.5170898
vt 0.9160156 0.5170898
vt 0.9160156 0.5170898
vt 0.9160156 0.5170898
vt 0.9160156 0.5170898
vt 0.9160156 0.5170898
vt 0.9160156 0.5170898
vt 0.9160156 0.5170898
vt 0.9160156 0.5170898
vt 0.9160156 0.5170898
vt 0.9160156 0.5170898
vt 0.9160156 0.5170898
vt 0.9160156 0.5170898
vt 0.9160156 0.5170898
vt 0.9160156 0.5170898
vt 0.9160156 0.5170898
vt 0.9160156 0.5170898
vt 0.9160156 0.5170898
vt 0.9160156 0.5170898
vt 0.9160156 0.5170898
vt 0.9160156 0.5170898
vt 0.9160156 0.5170898
vt 0.9160156 0.5170898
vt 0.9160156 0.5170898
vt 0.9160156 0.5170898
vt 0.9160156 0.5170898
vt 0.9160156 0.5170898
vt 0.9160156 0.5170898
vt 0.9160156 0.5170898
vt 0.9160156 0.5170898
vt 0.9160156 0.5170898
vt 0.9160156 0.5170898
vt 0.9160156 0.5170898
vt 0.9160156 0.5170898
vt 0.9160156 0.5170898
vt 0.9160156 0.5170898
vt 0.9160156 0.5170898
vt 0.9160156 0.5170898
vt 0.9160156 0.5170898
vt 0.9160156 0.5170898
vt 0.9160156 0.5170898
vt 0.9160156 0.5170898
vt 0.9160156 0.5170898
vt 0.9160156 0.5170898
vt 0.9160156 0.5170898
vt 0.9160156 0.5170898
vt 0.9160156 0.5170898
vt 0.9160156 0.5170898
vt 0.9160156 0.5170898
vt 0.9160156 0.5170898
vt 0.9160156 0.5170898
vt 0.9160156 0.5170898
vt 0.9160156 0.5170898
vt 0.9160156 0.5170898
vt 0.9160156 0.5170898
vt 0.9160156 0.5170898
vt 0.9160156 0.5170898
vt 0.9160156 0.5170898
vt 0.9160156 0.5170898
vt 0.9160156 0.5170898
vt 0.9160156 0.5170898
vt 0.9160156 0.5170898
vt 0.9160156 0.5170898
vt 0.9160156 0.5170898
vt 0.9160156 0.5170898
vt 0.9160156 0.5170898
vt 0.9160156 0.5170898
vt 0.9160156 0.5170898
vt 0.9160156 0.5170898
vt 0.9160156 0.5170898
vt 0.9160156 0.5170898
vt 0.9160156 0.5170898
vt 0.9160156 0.5170898
vt 0.9160156 0.5170898
vt 0.9160156 0.5170898
vt 0.9160156 0.5170898
vt 0.9160156 0.5170898
vt 0.9160156 0.5170898
vt 0.9160156 0.5170898
vt 0.9160156 0.5170898
vt 0.9160156 0.5170898
vt 0.9160156 0.5170898
vt 0.9160156 0.5170898
vt 0.9160156 0.5170898
vt 0.9160156 0.5170898
vt 0.9160156 0.5170898
vt 0.9160156 0.5170898
vt 0.9160156 0.5170898
vt 0.9160156 0.5170898
vt 0.9160156 0.5170898
vt 0.9160156 0.5170898
vt 0.9160156 0.5170898
vt 0.9160156 0.5170898
vt 0.9160156 0.5170898
vt 0.9160156 0.5170898
vt 0.9160156 0.5170898
vt 0.9160156 0.5170898
vt 0.9160156 0.5170898
vt 0.9160156 0.5170898
vt 0.9160156 0.5170898
vt 0.9160156 0.5170898
vt 0.9160156 0.5170898
vt 0.9160156 0.5170898
vt 0.9160156 0.5170898
vt 0.9160156 0.5170898
vt 0.9160156 0.5170898
vt 0.9160156 0.5170898
vt 0.9160156 0.5170898
vt 0.9160156 0.5170898
vt 0.9160156 0.5170898
vt 0.9160156 0.5170898
vt 0.9160156 0.5170898
vt 0.9160156 0.5170898
vt 0.9160156 0.5170898
vt 0.9160156 0.5170898
vt 0.9160156 0.5170898
vt 0.9160156 0.5170898
vt 0.9160156 0.5170898
vt 0.9160156 0.5170898
vt 0.9160156 0.5170898
vt 0.9160156 0.5170898
vt 0.9160156 0.5170898
vt 0.9160156 0.5170898
vt 0.9160156 0.5170898
vt 0.9160156 0.5170898
vt 0.9160156 0.5170898
vt 0.9160156 0.5170898
vt 0.9160156 0.5170898
vt 0.9160156 0.5170898
vt 0.9160156 0.5170898
vt 0.9160156 0.5170898
vt 0.9160156 0.5170898
vt 0.9160156 0.5170898
vt 0.9160156 0.5170898
vt 0.9160156 0.5170898
vt 0.9160156 0.5170898
vt 0.9160156 0.5170898
vt 0.9160156 0.5170898
vt 0.9160156 0.5170898
vt 0.9160156 0.5170898
vt 0.9160156 0.5170898
vt 0.9160156 0.5170898
vt 0.9160156 0.5170898
vt 0.9160156 0.5170898
vt 0.9160156 0.5170898
vt 0.9160156 0.5170898
vt 0.9160156 0.5170898
vt 0.9160156 0.5170898
vt 0.9160156 0.5170898
vt 0.9160156 0.5170898
vt 0.9160156 0.5170898
vt 0.9160156 0.5170898
vt 0.9160156 0.5170898
vt 0.9160156 0.5170898
vt 0.9160156 0.5170898
vt 0.9160156 0.5170898
vt 0.9160156 0.5170898
vt 0.9160156 0.5170898
vt 0.9160156 0.5170898
vt 0.9160156 0.5170898
vt 0.9160156 0.5170898
vt 0.9160156 0.5170898
vt 0.9160156 0.5170898
vt 0.9160156 0.5170898
vt 0.9160156 0.5170898
vt 0.9160156 0.5170898
vt 0.9160156 0.5170898
vt 0.9160156 0.5170898
vt 0.9160156 0.5170898
vt 0.9160156 0.5170898
vt 0.9160156 0.5170898
vt 0.9160156 0.5170898
vt 0.9160156 0.5170898
vt 0.9160156 0.5170898
vt 0.9160156 0.5170898
vt 0.9160156 0.5170898
vt 0.9160156 0.5170898
vt 0.9160156 0.5170898
vt 0.9160156 0.5170898
vt 0.9160156 0.5170898
vt 0.9160156 0.5170898
vt 0.9160156 0.5170898
vt 0.9160156 0.5170898
vt 0.9160156 0.5170898
vt 0.9160156 0.5170898
vt 0.7578125 0.6181641
vt 0.7578125 0.6181641
vt 0.7578125 0.6181641
vt 0.7578125 0.6181641
vt 0.7578125 0.6181641
vt 0.7578125 0.6181641
vt 0.7578125 0.6181641
vt 0.7578125 0.6181641
vt 0.7578125 0.6181641
vt 0.7578125 0.6181641
vt 0.7578125 0.6181641
vt 0.7578125 0.6181641
vt 0.7578125 0.6181641
vt 0.7578125 0.6181641
vt 0.7578125 0.6181641
vt 0.7578125 0.6181641
vt 0.7578125 0.6181641
vt 0.7578125 0.6181641
vt 0.7578125 0.6181641
vt 0.7578125 0.6181641
vt 0.7578125 0.6181641
vt 0.7578125 0.6181641
vt 0.7578125 0.6181641
vt 0.7578125 0.6181641
vt 0.7578125 0.6181641
vt 0.7578125 0.6181641
vt 0.7578125 0.6181641
vt 0.7578125 0.6181641
vt 0.7578125 0.6181641
vt 0.7578125 0.6181641
vt 0.7578125 0.6181641
vt 0.7578125 0.6181641
vt 0.7578125 0.6181641
vt 0.7578125 0.6181641
vt 0.7578125 0.6181641
vt 0.7578125 0.6181641
vt 0.7578125 0.6181641
vt 0.7578125 0.6181641
vt 0.7578125 0.6181641
vt 0.7578125 0.6181641
vt 0.7578125 0.6181641
vt 0.7578125 0.6181641
vt 0.7578125 0.6181641
vt 0.7578125 0.6181641
vt 0.7578125 0.6181641
vt 0.7578125 0.6181641
vt 0.7578125 0.6181641
vt 0.7578125 0.6181641
vt 0.7583008 0.5595703
vt 0.7583008 0.5595703
vt 0.7583008 0.5595703
vt 0.7583008 0.5595703
vt 0.7583008 0.5595703
vt 0.7583008 0.5595703
vt 0.7583008 0.5595703
vt 0.7583008 0.5595703
vt 0.7583008 0.5595703
vt 0.7583008 0.5595703
vt 0.7583008 0.5595703
vt 0.7583008 0.5595703
vt 0.7583008 0.5595703
vt 0.7583008 0.5595703
vt 0.7583008 0.5595703
vt 0.7583008 0.5595703
vt 0.7583008 0.5595703
vt 0.7583008 0.5595703
vt 0.7583008 0.5595703
vt 0.7583008 0.5595703
vt 0.7583008 0.5595703
vt 0.7583008 0.5595703
vt 0.7583008 0.5595703
vt 0.7583008 0.5595703
vt 0.9931641 0.4997559
vt 0.9931641 0.4997559
vt 0.9931641 0.4997559
vt 0.9931641 0.4997559
vt 0.9931641 0.4997559
vt 0.9931641 0.4997559
vt 0.9931641 0.4997559
vt 0.9931641 0.4997559
vt 0.9931641 0.4997559
vt 0.9931641 0.4997559
vt 0.9931641 0.4997559
vt 0.9931641 0.4997559
vt 0.9931641 0.4997559
vt 0.9931641 0.4997559
vt 0.9931641 0.4997559
vt 0.9931641 0.4997559
vt 0.9931641 0.4997559
vt 0.9931641 0.4997559
vt 0.9931641 0.4997559
vt 0.9931641 0.4997559
vt 0.9931641 0.4997559
vt 0.9931641 0.4997559
vt 0.9931641 0.4997559
vt 0.9931641 0.4997559
vt 0.9931641 0.4997559
vt 0.9931641 0.4997559
vt 0.9931641 0.4997559
vt 0.9931641 0.4997559
vt 0.9931641 0.4997559
vt 0.9931641 0.4997559
vt 0.9931641 0.4997559
vt 0.9931641 0.4997559
vt 0.9931641 0.4997559
vt 0.9931641 0.4997559
vt 0.9931641 0.4997559
vt 0.9931641 0.4997559
vt 0.9931641 0.4997559
vt 0.9931641 0.4997559
vt 0.9931641 0.4997559
vt 0.9931641 0.4997559
vt 0.9931641 0.4997559
vt 0.9931641 0.4997559
vt 0.9931641 0.4997559
vt 0.9931641 0.4997559
vt 0.9931641 0.4997559
vt 0.9931641 0.4997559
vt 0.9931641 0.4997559
vt 0.9931641 0.4997559
vt 0.9160156 0.5170898
vt 0.9160156 0.5170898
vt 0.9160156 0.5170898
vt 0.9160156 0.5170898
vt 0.9160156 0.5170898
vt 0.9160156 0.5170898
vt 0.9160156 0.5170898
vt 0.9160156 0.5170898
vt 0.9160156 0.5170898
vt 0.9160156 0.5170898
vt 0.9160156 0.5170898
vt 0.9160156 0.5170898
vt 0.9160156 0.5170898
vt 0.9160156 0.5170898
vt 0.9160156 0.5170898
vt 0.9160156 0.5170898
vt 0.9160156 0.5170898
vt 0.9160156 0.5170898
vt 0.9160156 0.5170898
vt 0.9160156 0.5170898
vt 0.9160156 0.5170898
vt 0.9160156 0.5170898
vt 0.9160156 0.5170898
vt 0.9160156 0.5170898
vt 0.9160156 0.5170898
vt 0.9160156 0.5170898
vt 0.9160156 0.5170898
vt 0.9160156 0.5170898
vt 0.9160156 0.5170898
vt 0.9160156 0.5170898
vt 0.9160156 0.5170898
vt 0.9160156 0.5170898
vt 0.9160156 0.5170898
vt 0.9160156 0.5170898
vt 0.9160156 0.5170898
vt 0.9160156 0.5170898
vt 0.9160156 0.5170898
vt 0.9160156 0.5170898
vt 0.9160156 0.5170898
vt 0.9160156 0.5170898
vt 0.9160156 0.5170898
vt 0.9160156 0.5170898
vt 0.9160156 0.5170898
vt 0.9160156 0.5170898
vt 0.9160156 0.5170898
vt 0.9160156 0.5170898
vt 0.9160156 0.5170898
vt 0.9160156 0.5170898
vt 0.9160156 0.5170898
vt 0.9160156 0.5170898
vt 0.9160156 0.5170898
vt 0.9160156 0.5170898
vt 0.9160156 0.5170898
vt 0.9160156 0.5170898
vt 0.9160156 0.5170898
vt 0.9160156 0.5170898
vt 0.9160156 0.5170898
vt 0.9160156 0.5170898
vt 0.9160156 0.5170898
vt 0.9160156 0.5170898
vt 0.9160156 0.5170898
vt 0.9160156 0.5170898
vt 0.9160156 0.5170898
vt 0.9160156 0.5170898
vt 0.9160156 0.5170898
vt 0.9160156 0.5170898
vt 0.9160156 0.5170898
vt 0.9160156 0.5170898
vt 0.9160156 0.5170898
vt 0.9160156 0.5170898
vt 0.9160156 0.5170898
vt 0.9160156 0.5170898
vt 0.9160156 0.5170898
vt 0.9160156 0.5170898
vt 0.9160156 0.5170898
vt 0.9160156 0.5170898
vt 0.9160156 0.5170898
vt 0.9160156 0.5170898
vt 0.9160156 0.5170898
vt 0.9160156 0.5170898
vt 0.9160156 0.5170898
vt 0.9160156 0.5170898
vt 0.9160156 0.5170898
vt 0.9160156 0.5170898
vt 0.9160156 0.5170898
vt 0.9160156 0.5170898
vt 0.9160156 0.5170898
vt 0.9160156 0.5170898
vt 0.9160156 0.5170898
vt 0.9160156 0.5170898
vt 0.9160156 0.5170898
vt 0.9160156 0.5170898
vt 0.9160156 0.5170898
vt 0.9160156 0.5170898
vt 0.9160156 0.5170898
vt 0.9160156 0.5170898
vt 0.9160156 0.5170898
vt 0.9160156 0.5170898
vt 0.9160156 0.5170898
vt 0.9160156 0.5170898
vt 0.9160156 0.5170898
vt 0.9160156 0.5170898
vt 0.9160156 0.5170898
vt 0.9160156 0.5170898
vt 0.9160156 0.5170898
vt 0.9160156 0.5170898
vt 0.9160156 0.5170898
vt 0.9160156 0.5170898
vt 0.9160156 0.5170898
vt 0.9160156 0.5170898
vt 0.9160156 0.5170898
vt 0.9160156 0.5170898
vt 0.9160156 0.5170898
vt 0.9160156 0.5170898
vt 0.9160156 0.5170898
vt 0.9160156 0.5170898
vt 0.9160156 0.5170898
vt 0.9160156 0.5170898
vt 0.9160156 0.5170898
vt 0.9160156 0.5170898
vt 0.9160156 0.5170898
vt 0.9160156 0.5170898
vt 0.9160156 0.5170898
vt 0.9160156 0.5170898
vt 0.9160156 0.5170898
vt 0.9160156 0.5170898
vt 0.9160156 0.5170898
vt 0.9160156 0.5170898
vt 0.9160156 0.5170898
vt 0.9160156 0.5170898
vt 0.9160156 0.5170898
vt 0.9160156 0.5170898
vt 0.9160156 0.5170898
vt 0.9160156 0.5170898
vt 0.9160156 0.5170898
vt 0.9160156 0.5170898
vt 0.9160156 0.5170898
vt 0.9160156 0.5170898
vt 0.9160156 0.5170898
vt 0.9160156 0.5170898
vt 0.9160156 0.5170898
vt 0.9160156 0.5170898
vt 0.9160156 0.5170898
vt 0.9160156 0.5170898
vt 0.9160156 0.5170898
vt 0.9160156 0.5170898
vt 0.9160156 0.5170898
vt 0.9160156 0.5170898
vt 0.9160156 0.5170898
vt 0.9160156 0.5170898
vt 0.9160156 0.5170898
vt 0.9160156 0.5170898
vt 0.9160156 0.5170898
vt 0.9160156 0.5170898
vt 0.9160156 0.5170898
vt 0.9160156 0.5170898
vt 0.9160156 0.5170898
vt 0.9160156 0.5170898
vt 0.9160156 0.5170898
vt 0.9160156 0.5170898
vt 0.9160156 0.5170898
vt 0.9160156 0.5170898
vt 0.9160156 0.5170898
vt 0.9160156 0.5170898
vt 0.9160156 0.5170898
vt 0.9160156 0.5170898
vt 0.9160156 0.5170898
vt 0.9160156 0.5170898
vt 0.9160156 0.5170898
vt 0.9160156 0.5170898
vt 0.9160156 0.5170898
vt 0.9160156 0.5170898
vt 0.9160156 0.5170898
vt 0.9160156 0.5170898
vt 0.9160156 0.5170898
vt 0.9160156 0.5170898
vt 0.9160156 0.5170898
vt 0.9160156 0.5170898
vt 0.9160156 0.5170898
vt 0.9160156 0.5170898
vt 0.9160156 0.5170898
vt 0.9160156 0.5170898
vt 0.9160156 0.5170898
vt 0.9160156 0.5170898
vt 0.9160156 0.5170898
vt 0.9160156 0.5170898
vt 0.9160156 0.5170898
vt 0.9160156 0.5170898
vt 0.9160156 0.5170898
vt 0.9160156 0.5170898
vt 0.9160156 0.5170898
vt 0.9160156 0.5170898
vt 0.9160156 0.5170898
vt 0.9160156 0.5170898
vt 0.9160156 0.5170898
vt 0.9160156 0.5170898
vt 0.9160156 0.5170898
vt 0.9160156 0.5170898
vt 0.9160156 0.5170898
vt 0.9160156 0.5170898
vt 0.9160156 0.5170898
vt 0.9160156 0.5170898
vt 0.9160156 0.5170898
vt 0.9160156 0.5170898
vt 0.9160156 0.5170898
vt 0.9160156 0.5170898
vt 0.9160156 0.5170898
vt 0.9160156 0.5170898
vt 0.9160156 0.5170898
vt 0.9160156 0.5170898
vt 0.9160156 0.5170898
vt 0.9160156 0.5170898
vt 0.9160156 0.5170898
vt 0.9160156 0.5170898
vt 0.9160156 0.5170898
vt 0.9160156 0.5170898
vt 0.9160156 0.5170898
vt 0.9160156 0.5170898
vt 0.9160156 0.5170898
vt 0.9160156 0.5170898
vt 0.9160156 0.5170898
vt 0.9160156 0.5170898
vt 0.9160156 0.5170898
vt 0.9160156 0.5170898
vt 0.9160156 0.5170898
vt 0.9160156 0.5170898
vt 0.9160156 0.5170898
vt 0.9160156 0.5170898
vt 0.9160156 0.5170898
vt 0.9160156 0.5170898
vt 0.9160156 0.5170898
vt 0.9160156 0.5170898
vt 0.9160156 0.5170898
vt 0.9160156 0.5170898
vt 0.9160156 0.5170898
vt 0.9160156 0.5170898
vt 0.9160156 0.5170898
vt 0.9160156 0.5170898
vt 0.9160156 0.5170898
vt 0.9160156 0.5170898
vt 0.9160156 0.5170898
vt 0.9160156 0.5170898
vt 0.9160156 0.5170898
vt 0.9160156 0.5170898
vt 0.9160156 0.5170898
vt 0.9160156 0.5170898
vt 0.9160156 0.5170898
vt 0.9160156 0.5170898
vt 0.9160156 0.5170898
vt 0.9160156 0.5170898
vt 0.9160156 0.5170898
vt 0.9160156 0.5170898
vt 0.9160156 0.5170898
vt 0.9160156 0.5170898
vt 0.9160156 0.5170898
vt 0.9160156 0.5170898
vt 0.9160156 0.5170898
vt 0.9160156 0.5170898
vt 0.9160156 0.5170898
vt 0.9160156 0.5170898
vt 0.9160156 0.5170898
vt 0.9160156 0.5170898
vt 0.9160156 0.5170898
vt 0.9160156 0.5170898
vt 0.9160156 0.5170898
vt 0.9160156 0.5170898
vt 0.9160156 0.5170898
vt 0.9160156 0.5170898
vt 0.9160156 0.5170898
vt 0.9160156 0.5170898
vt 0.9160156 0.5170898
vt 0.9160156 0.5170898
vt 0.9160156 0.5170898
vt 0.9160156 0.5170898
vt 0.9160156 0.5170898
vt 0.9160156 0.5170898
vt 0.9160156 0.5170898
vt 0.9160156 0.5170898
vt 0.9160156 0.5170898
vt 0.9160156 0.5170898
vt 0.9160156 0.5170898
vt 0.9160156 0.5170898
vt 0.9160156 0.5170898
vt 0.9160156 0.5170898
vt 0.9160156 0.5170898
vt 0.9160156 0.5170898
vt 0.9160156 0.5170898
vt 0.9160156 0.5170898
vt 0.9160156 0.5170898
vt 0.9160156 0.5170898
vt 0.9160156 0.5170898
vt 0.9160156 0.5170898
vt 0.9160156 0.5170898
vt 0.9160156 0.5170898
vt 0.9160156 0.5170898
vt 0.9160156 0.5170898
vt 0.9160156 0.5170898
vt 0.9160156 0.5170898
vt 0.9160156 0.5170898
vt 0.9160156 0.5170898
vt 0.9160156 0.5170898
vt 0.9160156 0.5170898
vt 0.9160156 0.5170898
vt 0.9160156 0.5170898
vt 0.9160156 0.5170898
vt 0.9160156 0.5170898
vt 0.9160156 0.5170898
vt 0.9160156 0.5170898
vt 0.9160156 0.5170898
vt 0.9160156 0.5170898
vt 0.9160156 0.5170898
vt 0.9160156 0.5170898
vt 0.9160156 0.5170898
vt 0.9160156 0.5170898
vt 0.9160156 0.5170898
vt 0.9160156 0.5170898
vt 0.9160156 0.5170898
vt 0.9160156 0.5170898
vt 0.9160156 0.5170898
vt 0.9160156 0.5170898
vt 0.9160156 0.5170898
vt 0.9160156 0.5170898
vt 0.9160156 0.5170898
vt 0.9160156 0.5170898
vt 0.9160156 0.5170898
vt 0.9160156 0.5170898
vt 0.9160156 0.5170898
vt 0.9160156 0.5170898
vt 0.9160156 0.5170898
vt 0.9160156 0.5170898
vt 0.9160156 0.5170898
vt 0.9160156 0.5170898
vt 0.9160156 0.5170898
vt 0.9160156 0.5170898
vt 0.9160156 0.5170898
vt 0.9160156 0.5170898
vt 0.9160156 0.5170898
vt 0.9160156 0.5170898
vt 0.9160156 0.5170898
vt 0.9160156 0.5170898
vt 0.9160156 0.5170898
vt 0.9160156 0.5170898
vt 0.9160156 0.5170898
vt 0.9160156 0.5170898
vt 0.9160156 0.5170898
vt 0.9160156 0.5170898
vt 0.9160156 0.5170898
vt 0.9160156 0.5170898
vt 0.9160156 0.5170898
vt 0.9160156 0.5170898
vt 0.9160156 0.5170898
vt 0.9160156 0.5170898
vt 0.9160156 0.5170898
vt 0.9160156 0.5170898
vt 0.9160156 0.5170898
vt 0.9160156 0.5170898
vt 0.9160156 0.5170898
vt 0.9160156 0.5170898
vt 0.9160156 0.5170898
vt 0.9160156 0.5170898
vt 0.9160156 0.5170898
vt 0.9160156 0.5170898
vt 0.9160156 0.5170898
vt 0.9160156 0.5170898
vt 0.9160156 0.5170898
vt 0.9160156 0.5170898
vt 0.9160156 0.5170898
vt 0.9160156 0.5170898
vt 0.9160156 0.5170898
vt 0.9160156 0.5170898
vt 0.9160156 0.5170898
vt 0.9160156 0.5170898
vt 0.9160156 0.5170898
vt 0.9160156 0.5170898
vt 0.9160156 0.5170898
vt 0.9160156 0.5170898
vt 0.9160156 0.5170898
vt 0.9160156 0.5170898
vt 0.9160156 0.5170898
vt 0.9160156 0.5170898
vt 0.9160156 0.5170898
vt 0.9160156 0.5170898
vt 0.9160156 0.5170898
vt 0.9160156 0.5170898
vt 0.9160156 0.5170898
vt 0.9160156 0.5170898
vt 0.9160156 0.5170898
vt 0.9160156 0.5170898
vt 0.9160156 0.5170898
vt 0.9160156 0.5170898
vt 0.9160156 0.5170898
vt 0.9160156 0.5170898
vt 0.9160156 0.5170898
vt 0.9160156 0.5170898
vt 0.9160156 0.5170898
vt 0.9160156 0.5170898
vt 0.9160156 0.5170898
vt 0.9160156 0.5170898
vt 0.9160156 0.5170898
vt 0.9160156 0.5170898
vt 0.9160156 0.5170898
vt 0.9160156 0.5170898
vt 0.9160156 0.5170898
vt 0.9160156 0.5170898
vt 0.9160156 0.5170898
vt 0.9160156 0.5170898
vt 0.9160156 0.5170898
vt 0.9160156 0.5170898
vt 0.9160156 0.5170898
vt 0.9160156 0.5170898
vt 0.9160156 0.5170898
vt 0.9160156 0.5170898
vt 0.9160156 0.5170898
vt 0.9160156 0.5170898
vt 0.9160156 0.5170898
vt 0.9160156 0.5170898
vt 0.9160156 0.5170898
vt 0.9160156 0.5170898
vt 0.9160156 0.5170898
vt 0.9160156 0.5170898
vt 0.9160156 0.5170898
vt 0.9160156 0.5170898
vt 0.9160156 0.5170898
vt 0.9160156 0.5170898
vt 0.9160156 0.5170898
vt 0.9160156 0.5170898
vt 0.9160156 0.5170898
vt 0.9160156 0.5170898
vt 0.9160156 0.5170898
vt 0.9160156 0.5170898
vt 0.9160156 0.5170898
vt 0.9160156 0.5170898
vt 0.9160156 0.5170898
vt 0.9160156 0.5170898
vt 0.9160156 0.5170898
vt 0.9160156 0.5170898
vt 0.9160156 0.5170898
vt 0.9160156 0.5170898
vt 0.9160156 0.5170898
vt 0.9160156 0.5170898
vt 0.9160156 0.5170898
vt 0.9160156 0.5170898
vt 0.9160156 0.5170898
vt 0.9160156 0.5170898
vt 0.9160156 0.5170898
vt 0.9160156 0.5170898
vt 0.9160156 0.5170898
vt 0.9160156 0.5170898
vt 0.9160156 0.5170898
vt 0.9160156 0.5170898
vt 0.9160156 0.5170898
vt 0.9160156 0.5170898
vt 0.9160156 0.5170898
vt 0.9160156 0.5170898
vt 0.9160156 0.5170898
vt 0.9160156 0.5170898
vt 0.9160156 0.5170898
vt 0.9160156 0.5170898
vt 0.9160156 0.5170898
vt 0.9160156 0.5170898
vt 0.9160156 0.5170898
vt 0.9160156 0.5170898
vt 0.9160156 0.5170898
vt 0.9160156 0.5170898
vt 0.9160156 0.5170898
vt 0.9160156 0.5170898
vt 0.9160156 0.5170898
vt 0.9160156 0.5170898
vt 0.9160156 0.5170898
vt 0.9160156 0.5170898
vt 0.9160156 0.5170898
vt 0.9160156 0.5170898
vt 0.9160156 0.5170898
vt 0.9160156 0.5170898
vt 0.9160156 0.5170898
vt 0.9160156 0.5170898
vt 0.9160156 0.5170898
vt 0.9160156 0.5170898
vt 0.9160156 0.5170898
vt 0.9160156 0.5170898
vt 0.9160156 0.5170898
vt 0.9160156 0.5170898
vt 0.9160156 0.5170898
vt 0.9160156 0.5170898
vt 0.9160156 0.5170898
vt 0.9160156 0.5170898
vt 0.9160156 0.5170898
vt 0.9160156 0.5170898
vt 0.9160156 0.5170898
vt 0.9160156 0.5170898
vt 0.9160156 0.5170898
vt 0.9160156 0.5170898
vt 0.9160156 0.5170898
vt 0.9160156 0.5170898
vt 0.9160156 0.5170898
vt 0.9160156 0.5170898
vt 0.9160156 0.5170898
vt 0.9160156 0.5170898
vt 0.9160156 0.5170898
vt 0.9160156 0.5170898
vt 0.9160156 0.5170898
vt 0.9160156 0.5170898
vt 0.9160156 0.5170898
vt 0.9160156 0.5170898
vt 0.9160156 0.5170898
vt 0.9160156 0.5170898
vt 0.9160156 0.5170898
vt 0.9160156 0.5170898
vt 0.9160156 0.5170898
vt 0.9160156 0.5170898
vt 0.9160156 0.5170898
vt 0.9160156 0.5170898
vt 0.9160156 0.5170898
vt 0.9160156 0.5170898
vt 0.9160156 0.5170898
vt 0.9160156 0.5170898
vt 0.9160156 0.5170898
vt 0.9160156 0.5170898
vt 0.9160156 0.5170898
vt 0.9160156 0.5170898
vt 0.9160156 0.5170898
vt 0.9160156 0.5170898
vt 0.9160156 0.5170898
vt 0.9160156 0.5170898
vt 0.9160156 0.5170898
vt 0.9160156 0.5170898
vt 0.9160156 0.5170898
vt 0.9160156 0.5170898
vt 0.9160156 0.5170898
vt 0.9160156 0.5170898
vt 0.9160156 0.5170898
vt 0.9160156 0.5170898
vt 0.9160156 0.5170898
vt 0.9160156 0.5170898
vt 0.9160156 0.5170898
vt 0.9160156 0.5170898
vt 0.9160156 0.5170898
vt 0.9160156 0.5170898
vt 0.9160156 0.5170898
vt 0.9160156 0.5170898
vt 0.9160156 0.5170898
vt 0.9160156 0.5170898
vt 0.9160156 0.5170898
vt 0.9160156 0.5170898
vt 0.9160156 0.5170898
vt 0.9160156 0.5170898
vt 0.9160156 0.5170898
vt 0.9160156 0.5170898
vt 0.9160156 0.5170898
vt 0.9160156 0.5170898
vt 0.9160156 0.5170898
vt 0.9160156 0.5170898
vt 0.9160156 0.5170898
vt 0.9160156 0.5170898
vt 0.9160156 0.5170898
vt 0.9160156 0.5170898
vt 0.9160156 0.5170898
vt 0.9160156 0.5170898
vt 0.9160156 0.5170898
vt 0.9160156 0.5170898
vt 0.9160156 0.5170898
vt 0.9160156 0.5170898
vt 0.9160156 0.5170898
vt 0.9160156 0.5170898
vt 0.9160156 0.5170898
vt 0.9160156 0.5170898
vt 0.9160156 0.5170898
vt 0.9160156 0.5170898
vt 0.9160156 0.5170898
vt 0.9160156 0.5170898
vt 0.9160156 0.5170898
vt 0.9160156 0.5170898
vt 0.9160156 0.5170898
vt 0.9160156 0.5170898
vt 0.9160156 0.5170898
vt 0.9160156 0.5170898
vt 0.9160156 0.5170898
vt 0.9160156 0.5170898
vt 0.9160156 0.5170898
vt 0.9160156 0.5170898
vt 0.9160156 0.5170898
vt 0.9160156 0.5170898
vt 0.9160156 0.5170898
vt 0.9160156 0.5170898
vt 0.9160156 0.5170898
vt 0.9160156 0.5170898
vt 0.9160156 0.5170898
vt 0.9160156 0.5170898
vt 0.9160156 0.5170898
vt 0.9160156 0.5170898
vt 0.9160156 0.5170898
vt 0.9160156 0.5170898
vt 0.9160156 0.5170898
vt 0.9160156 0.5170898
vt 0.9160156 0.5170898
vt 0.9160156 0.5170898
vt 0.9160156 0.5170898
vt 0.9160156 0.5170898
vt 0.9160156 0.5170898
vt 0.9160156 0.5170898
vt 0.9160156 0.5170898
vt 0.9160156 0.5170898
vt 0.9160156 0.5170898
vt 0.9160156 0.5170898
vt 0.9160156 0.5170898
vt 0.9160156 0.5170898
vt 0.9160156 0.5170898
vt 0.9160156 0.5170898
vt 0.9160156 0.5170898
vt 0.9160156 0.5170898
vt 0.9160156 0.5170898
vt 0.9160156 0.5170898
vt 0.9160156 0.5170898
vt 0.9160156 0.5170898
vt 0.9160156 0.5170898
vt 0.9160156 0.5170898
vt 0.9160156 0.5170898
vt 0.9160156 0.5170898
vt 0.9160156 0.5170898
vt 0.9160156 0.5170898
vt 0.9160156 0.5170898
vt 0.9160156 0.5170898
vt 0.9160156 0.5170898
vt 0.9160156 0.5170898
vt 0.9160156 0.5170898
vt 0.9160156 0.5170898
vt 0.9160156 0.5170898
vt 0.9160156 0.5170898
vt 0.9160156 0.5170898
vt 0.9160156 0.5170898
vt 0.9160156 0.5170898
vt 0.9160156 0.5170898
vt 0.9160156 0.5170898
vt 0.9160156 0.5170898
vt 0.9160156 0.5170898
vt 0.9160156 0.5170898
vt 0.9160156 0.5170898
vt 0.9160156 0.5170898
vt 0.9160156 0.5170898
vt 0.9160156 0.5170898
vt 0.9160156 0.5170898
vt 0.9160156 0.5170898
vt 0.9160156 0.5170898
vt 0.9160156 0.5170898
vt 0.9160156 0.5170898
vt 0.9160156 0.5170898
vt 0.9160156 0.5170898
vt 0.9160156 0.5170898
vt 0.9160156 0.5170898
vt 0.9160156 0.5170898
vt 0.9160156 0.5170898
vt 0.9160156 0.5170898
vt 0.9160156 0.5170898
vt 0.9160156 0.5170898
vt 0.9160156 0.5170898
vt 0.9160156 0.5170898
vt 0.9160156 0.5170898
vt 0.9160156 0.5170898
vt 0.9160156 0.5170898
vt 0.9160156 0.5170898
vt 0.9160156 0.5170898
vt 0.9160156 0.5170898
vt 0.9160156 0.5170898
vt 0.9160156 0.5170898
vt 0.9160156 0.5170898
vt 0.9160156 0.5170898
vt 0.9160156 0.5170898
vt 0.9160156 0.5170898
vt 0.9160156 0.5170898
vt 0.9160156 0.5170898
vt 0.9160156 0.5170898
vt 0.9160156 0.5170898
vt 0.9160156 0.5170898
vt 0.9160156 0.5170898
vt 0.9160156 0.5170898
vt 0.9160156 0.5170898
vt 0.9160156 0.5170898
vt 0.9160156 0.5170898
vt 0.9160156 0.5170898
vt 0.9160156 0.5170898
vt 0.9160156 0.5170898
vt 0.9160156 0.5170898
vt 0.9160156 0.5170898
vt 0.9160156 0.5170898
vt 0.9160156 0.5170898
vt 0.9160156 0.5170898
vt 0.9160156 0.5170898
vt 0.9160156 0.5170898
vt 0.9160156 0.5170898
vt 0.9160156 0.5170898
vt 0.9160156 0.5170898
vt 0.9160156 0.5170898
vt 0.9160156 0.5170898
vt 0.9160156 0.5170898
vt 0.7578125 0.6181641
vt 0.7578125 0.6181641
vt 0.7578125 0.6181641
vt 0.7578125 0.6181641
vt 0.7578125 0.6181641
vt 0.7578125 0.6181641
vt 0.7578125 0.6181641
vt 0.7578125 0.6181641
vt 0.7578125 0.6181641
vt 0.7578125 0.6181641
vt 0.7578125 0.6181641
vt 0.7578125 0.6181641
vt 0.7578125 0.6181641
vt 0.7578125 0.6181641
vt 0.7578125 0.6181641
vt 0.7578125 0.6181641
vt 0.7578125 0.6181641
vt 0.7578125 0.6181641
vt 0.7578125 0.6181641
vt 0.7578125 0.6181641
vt 0.7578125 0.6181641
vt 0.7578125 0.6181641
vt 0.7578125 0.6181641
vt 0.7578125 0.6181641
vt 0.7578125 0.6181641
vt 0.7578125 0.6181641
vt 0.7578125 0.6181641
vt 0.7578125 0.6181641
vt 0.7578125 0.6181641
vt 0.7578125 0.6181641
vt 0.7578125 0.6181641
vt 0.7578125 0.6181641
vt 0.7578125 0.6181641
vt 0.7578125 0.6181641
vt 0.7578125 0.6181641
vt 0.7578125 0.6181641
vt 0.7578125 0.6181641
vt 0.7578125 0.6181641
vt 0.7578125 0.6181641
vt 0.7578125 0.6181641
vt 0.7578125 0.6181641
vt 0.7578125 0.6181641
vt 0.7578125 0.6181641
vt 0.7578125 0.6181641
vt 0.7578125 0.6181641
vt 0.7578125 0.6181641
vt 0.7578125 0.6181641
vt 0.7578125 0.6181641
vt 0.7583008 0.5595703
vt 0.7583008 0.5595703
vt 0.7583008 0.5595703
vt 0.7583008 0.5595703
vt 0.7583008 0.5595703
vt 0.7583008 0.5595703
vt 0.7583008 0.5595703
vt 0.7583008 0.5595703
vt 0.7583008 0.5595703
vt 0.7583008 0.5595703
vt 0.7583008 0.5595703
vt 0.7583008 0.5595703
vt 0.7583008 0.5595703
vt 0.7583008 0.5595703
vt 0.7583008 0.5595703
vt 0.7583008 0.5595703
vt 0.7583008 0.5595703
vt 0.7583008 0.5595703
vt 0.7583008 0.5595703
vt 0.7583008 0.5595703
vt 0.7583008 0.5595703
vt 0.7583008 0.5595703
vt 0.7583008 0.5595703
vt 0.7583008 0.5595703
vt 0.9931641 0.4997559
vt 0.9931641 0.4997559
vt 0.9931641 0.4997559
vt 0.9931641 0.4997559
vt 0.9931641 0.4997559
vt 0.9931641 0.4997559
vt 0.9931641 0.4997559
vt 0.9931641 0.4997559
vt 0.9931641 0.4997559
vt 0.9931641 0.4997559
vt 0.9931641 0.4997559
vt 0.9931641 0.4997559
vt 0.9931641 0.4997559
vt 0.9931641 0.4997559
vt 0.9931641 0.4997559
vt 0.9931641 0.4997559
vt 0.9931641 0.4997559
vt 0.9931641 0.4997559
vt 0.9931641 0.4997559
vt 0.9931641 0.4997559
vt 0.9931641 0.4997559
vt 0.9931641 0.4997559
vt 0.9931641 0.4997559
vt 0.9931641 0.4997559
vt 0.9931641 0.4997559
vt 0.9931641 0.4997559
vt 0.9931641 0.4997559
vt 0.9931641 0.4997559
vt 0.9931641 0.4997559
vt 0.9931641 0.4997559
vt 0.9931641 0.4997559
vt 0.9931641 0.4997559
vt 0.9931641 0.4997559
vt 0.9931641 0.4997559
vt 0.9931641 0.4997559
vt 0.9931641 0.4997559
vt 0.9931641 0.4997559
vt 0.9931641 0.4997559
vt 0.9931641 0.4997559
vt 0.9931641 0.4997559
vt 0.9931641 0.4997559
vt 0.9931641 0.4997559
vt 0.9931641 0.4997559
vt 0.9931641 0.4997559
vt 0.9931641 0.4997559
vt 0.9931641 0.4997559
vt 0.9931641 0.4997559
vt 0.9931641 0.4997559
vt 0.9160156 0.5170898
vt 0.9160156 0.5170898
vt 0.9160156 0.5170898
vt 0.9160156 0.5170898
vt 0.9160156 0.5170898
vt 0.9160156 0.5170898
vt 0.9160156 0.5170898
vt 0.9160156 0.5170898
vt 0.9160156 0.5170898
vt 0.9160156 0.5170898
vt 0.9160156 0.5170898
vt 0.9160156 0.5170898
vt 0.9160156 0.5170898
vt 0.9160156 0.5170898
vt 0.9160156 0.5170898
vt 0.9160156 0.5170898
vt 0.9160156 0.5170898
vt 0.9160156 0.5170898
vt 0.9160156 0.5170898
vt 0.9160156 0.5170898
vt 0.9160156 0.5170898
vt 0.9160156 0.5170898
vt 0.9160156 0.5170898
vt 0.9160156 0.5170898
vt 0.9160156 0.5170898
vt 0.9160156 0.5170898
vt 0.9160156 0.5170898
vt 0.9160156 0.5170898
vt 0.9160156 0.5170898
vt 0.9160156 0.5170898
vt 0.9160156 0.5170898
vt 0.9160156 0.5170898
vt 0.9160156 0.5170898
vt 0.9160156 0.5170898
vt 0.9160156 0.5170898
vt 0.9160156 0.5170898
vt 0.9160156 0.5170898
vt 0.9160156 0.5170898
vt 0.9160156 0.5170898
vt 0.9160156 0.5170898
vt 0.9160156 0.5170898
vt 0.9160156 0.5170898
vt 0.9160156 0.5170898
vt 0.9160156 0.5170898
vt 0.9160156 0.5170898
vt 0.9160156 0.5170898
vt 0.9160156 0.5170898
vt 0.9160156 0.5170898
vt 0.9160156 0.5170898
vt 0.9160156 0.5170898
vt 0.9160156 0.5170898
vt 0.9160156 0.5170898
vt 0.9160156 0.5170898
vt 0.9160156 0.5170898
vt 0.9160156 0.5170898
vt 0.9160156 0.5170898
vt 0.9160156 0.5170898
vt 0.9160156 0.5170898
vt 0.9160156 0.5170898
vt 0.9160156 0.5170898
vt 0.9160156 0.5170898
vt 0.9160156 0.5170898
vt 0.9160156 0.5170898
vt 0.9160156 0.5170898
vt 0.9160156 0.5170898
vt 0.9160156 0.5170898
vt 0.9160156 0.5170898
vt 0.9160156 0.5170898
vt 0.9160156 0.5170898
vt 0.9160156 0.5170898
vt 0.9160156 0.5170898
vt 0.9160156 0.5170898
vt 0.9160156 0.5170898
vt 0.9160156 0.5170898
vt 0.9160156 0.5170898
vt 0.9160156 0.5170898
vt 0.9160156 0.5170898
vt 0.9160156 0.5170898
vt 0.9160156 0.5170898
vt 0.9160156 0.5170898
vt 0.9160156 0.5170898
vt 0.9160156 0.5170898
vt 0.9160156 0.5170898
vt 0.9160156 0.5170898
vt 0.9160156 0.5170898
vt 0.9160156 0.5170898
vt 0.9160156 0.5170898
vt 0.9160156 0.5170898
vt 0.9160156 0.5170898
vt 0.9160156 0.5170898
vt 0.9160156 0.5170898
vt 0.9160156 0.5170898
vt 0.9160156 0.5170898
vt 0.9160156 0.5170898
vt 0.9160156 0.5170898
vt 0.9160156 0.5170898
vt 0.9160156 0.5170898
vt 0.9160156 0.5170898
vt 0.9160156 0.5170898
vt 0.9160156 0.5170898
vt 0.9160156 0.5170898
vt 0.9160156 0.5170898
vt 0.9160156 0.5170898
vt 0.9160156 0.5170898
vt 0.9160156 0.5170898
vt 0.9160156 0.5170898
vt 0.9160156 0.5170898
vt 0.9160156 0.5170898
vt 0.9160156 0.5170898
vt 0.9160156 0.5170898
vt 0.9160156 0.5170898
vt 0.9160156 0.5170898
vt 0.9160156 0.5170898
vt 0.9160156 0.5170898
vt 0.9160156 0.5170898
vt 0.9160156 0.5170898
vt 0.9160156 0.5170898
vt 0.9160156 0.5170898
vt 0.9160156 0.5170898
vt 0.9160156 0.5170898
vt 0.9160156 0.5170898
vt 0.9160156 0.5170898
vt 0.9160156 0.5170898
vt 0.9160156 0.5170898
vt 0.9160156 0.5170898
vt 0.9160156 0.5170898
vt 0.9160156 0.5170898
vt 0.9160156 0.5170898
vt 0.9160156 0.5170898
vt 0.9160156 0.5170898
vt 0.9160156 0.5170898
vt 0.9160156 0.5170898
vt 0.9160156 0.5170898
vt 0.9160156 0.5170898
vt 0.9160156 0.5170898
vt 0.9160156 0.5170898
vt 0.9160156 0.5170898
vt 0.9160156 0.5170898
vt 0.9160156 0.5170898
vt 0.9160156 0.5170898
vt 0.9160156 0.5170898
vt 0.9160156 0.5170898
vt 0.9160156 0.5170898
vt 0.9160156 0.5170898
vt 0.9160156 0.5170898
vt 0.9160156 0.5170898
vt 0.9160156 0.5170898
vt 0.9160156 0.5170898
vt 0.9160156 0.5170898
vt 0.9160156 0.5170898
vt 0.9160156 0.5170898
vt 0.9160156 0.5170898
vt 0.9160156 0.5170898
vt 0.9160156 0.5170898
vt 0.9160156 0.5170898
vt 0.9160156 0.5170898
vt 0.9160156 0.5170898
vt 0.9160156 0.5170898
vt 0.9160156 0.5170898
vt 0.9160156 0.5170898
vt 0.9160156 0.5170898
vt 0.9160156 0.5170898
vt 0.9160156 0.5170898
vt 0.9160156 0.5170898
vt 0.9160156 0.5170898
vt 0.9160156 0.5170898
vt 0.9160156 0.5170898
vt 0.9160156 0.5170898
vt 0.9160156 0.5170898
vt 0.9160156 0.5170898
vt 0.9160156 0.5170898
vt 0.9160156 0.5170898
vt 0.9160156 0.5170898
vt 0.9160156 0.5170898
vt 0.9160156 0.5170898
vt 0.9160156 0.5170898
vt 0.9160156 0.5170898
vt 0.9160156 0.5170898
vt 0.9160156 0.5170898
vt 0.9160156 0.5170898
vt 0.9160156 0.5170898
vt 0.9160156 0.5170898
vt 0.9160156 0.5170898
vt 0.9160156 0.5170898
vt 0.9160156 0.5170898
vt 0.9160156 0.5170898
vt 0.9160156 0.5170898
vt 0.9160156 0.5170898
vt 0.9160156 0.5170898
vt 0.9160156 0.5170898
vt 0.9160156 0.5170898
vt 0.9160156 0.5170898
vt 0.9160156 0.5170898
vt 0.9160156 0.5170898
vt 0.9160156 0.5170898
vt 0.9160156 0.5170898
vt 0.9160156 0.5170898
vt 0.9160156 0.5170898
vt 0.9160156 0.5170898
vt 0.9160156 0.5170898
vt 0.9160156 0.5170898
vt 0.9160156 0.5170898
vt 0.9160156 0.5170898
vt 0.9160156 0.5170898
vt 0.9160156 0.5170898
vt 0.9160156 0.5170898
vt 0.9160156 0.5170898
vt 0.9160156 0.5170898
vt 0.9160156 0.5170898
vt 0.9160156 0.5170898
vt 0.9160156 0.5170898
vt 0.9160156 0.5170898
vt 0.9160156 0.5170898
vt 0.9160156 0.5170898
vt 0.9160156 0.5170898
vt 0.9160156 0.5170898
vt 0.9160156 0.5170898
vt 0.9160156 0.5170898
vt 0.9160156 0.5170898
vt 0.9160156 0.5170898
vt 0.9160156 0.5170898
vt 0.9160156 0.5170898
vt 0.9160156 0.5170898
vt 0.9160156 0.5170898
vt 0.9160156 0.5170898
vt 0.9160156 0.5170898
vt 0.9160156 0.5170898
vt 0.9160156 0.5170898
vt 0.9160156 0.5170898
vt 0.9160156 0.5170898
vt 0.9160156 0.5170898
vt 0.9160156 0.5170898
vt 0.9160156 0.5170898
vt 0.9160156 0.5170898
vt 0.9160156 0.5170898
vt 0.9160156 0.5170898
vt 0.9160156 0.5170898
vt 0.9160156 0.5170898
vt 0.9160156 0.5170898
vt 0.9160156 0.5170898
vt 0.9160156 0.5170898
vt 0.9160156 0.5170898
vt 0.9160156 0.5170898
vt 0.9160156 0.5170898
vt 0.9160156 0.5170898
vt 0.9160156 0.5170898
vt 0.9160156 0.5170898
vt 0.9160156 0.5170898
vt 0.9160156 0.5170898
vt 0.9160156 0.5170898
vt 0.9160156 0.5170898
vt 0.9160156 0.5170898
vt 0.9160156 0.5170898
vt 0.9160156 0.5170898
vt 0.9160156 0.5170898
vt 0.9160156 0.5170898
vt 0.9160156 0.5170898
vt 0.9160156 0.5170898
vt 0.9160156 0.5170898
vt 0.9160156 0.5170898
vt 0.9160156 0.5170898
vt 0.9160156 0.5170898
vt 0.9160156 0.5170898
vt 0.9160156 0.5170898
vt 0.9160156 0.5170898
vt 0.9160156 0.5170898
vt 0.9160156 0.5170898
vt 0.9160156 0.5170898
vt 0.9160156 0.5170898
vt 0.9160156 0.5170898
vt 0.9160156 0.5170898
vt 0.9160156 0.5170898
vt 0.9160156 0.5170898
vt 0.9160156 0.5170898
vt 0.9160156 0.5170898
vt 0.9160156 0.5170898
vt 0.9160156 0.5170898
vt 0.9160156 0.5170898
vt 0.9160156 0.5170898
vt 0.9160156 0.5170898
vt 0.9160156 0.5170898
vt 0.9160156 0.5170898
vt 0.9160156 0.5170898
vt 0.9160156 0.5170898
vt 0.9160156 0.5170898
vt 0.9160156 0.5170898
vt 0.9160156 0.5170898
vt 0.9160156 0.5170898
vt 0.9160156 0.5170898
vt 0.9160156 0.5170898
vt 0.9160156 0.5170898
vt 0.9160156 0.5170898
vt 0.9160156 0.5170898
vt 0.9160156 0.5170898
vt 0.9160156 0.5170898
vt 0.9160156 0.5170898
vt 0.9160156 0.5170898
vt 0.9160156 0.5170898
vt 0.9160156 0.5170898
vt 0.9160156 0.5170898
vt 0.9160156 0.5170898
vt 0.9160156 0.5170898
vt 0.9160156 0.5170898
vt 0.9160156 0.5170898
vt 0.9160156 0.5170898
vt 0.9160156 0.5170898
vt 0.9160156 0.5170898
vt 0.9160156 0.5170898
vt 0.9160156 0.5170898
vt 0.9160156 0.5170898
vt 0.9160156 0.5170898
vt 0.9160156 0.5170898
vt 0.9160156 0.5170898
vt 0.9160156 0.5170898
vt 0.9160156 0.5170898
vt 0.9160156 0.5170898
vt 0.9160156 0.5170898
vt 0.9160156 0.5170898
vt 0.9160156 0.5170898
vt 0.9160156 0.5170898
vt 0.9160156 0.5170898
vt 0.9160156 0.5170898
vt 0.9160156 0.5170898
vt 0.9160156 0.5170898
vt 0.9160156 0.5170898
vt 0.9160156 0.5170898
vt 0.9160156 0.5170898
vt 0.9160156 0.5170898
vt 0.9160156 0.5170898
vt 0.9160156 0.5170898
vt 0.9160156 0.5170898
vt 0.9160156 0.5170898
vt 0.9160156 0.5170898
vt 0.9160156 0.5170898
vt 0.9160156 0.5170898
vt 0.9160156 0.5170898
vt 0.9160156 0.5170898
vt 0.9160156 0.5170898
vt 0.9160156 0.5170898
vt 0.9160156 0.5170898
vt 0.9160156 0.5170898
vt 0.9160156 0.5170898
vt 0.9160156 0.5170898
vt 0.9160156 0.5170898
vt 0.9160156 0.5170898
vt 0.9160156 0.5170898
vt 0.9160156 0.5170898
vt 0.9160156 0.5170898
vt 0.9160156 0.5170898
vt 0.9160156 0.5170898
vt 0.9160156 0.5170898
vt 0.9160156 0.5170898
vt 0.9160156 0.5170898
vt 0.9160156 0.5170898
vt 0.9160156 0.5170898
vt 0.9160156 0.5170898
vt 0.9160156 0.5170898
vt 0.9160156 0.5170898
vt 0.9160156 0.5170898
vt 0.9160156 0.5170898
vt 0.9160156 0.5170898
vt 0.9160156 0.5170898
vt 0.9160156 0.5170898
vt 0.9160156 0.5170898
vt 0.9160156 0.5170898
vt 0.9160156 0.5170898
vt 0.9160156 0.5170898
vt 0.9160156 0.5170898
vt 0.9160156 0.5170898
vt 0.9160156 0.5170898
vt 0.9160156 0.5170898
vt 0.9160156 0.5170898
vt 0.9160156 0.5170898
vt 0.9160156 0.5170898
vt 0.9160156 0.5170898
vt 0.9160156 0.5170898
vt 0.9160156 0.5170898
vt 0.9160156 0.5170898
vt 0.9160156 0.5170898
vt 0.9160156 0.5170898
vt 0.9160156 0.5170898
vt 0.9160156 0.5170898
vt 0.9160156 0.5170898
vt 0.9160156 0.5170898
vt 0.9160156 0.5170898
vt 0.9160156 0.5170898
vt 0.9160156 0.5170898
vt 0.9160156 0.5170898
vt 0.9160156 0.5170898
vt 0.9160156 0.5170898
vt 0.9160156 0.5170898
vt 0.9160156 0.5170898
vt 0.9160156 0.5170898
vt 0.9160156 0.5170898
vt 0.9160156 0.5170898
vt 0.9160156 0.5170898
vt 0.9160156 0.5170898
vt 0.9160156 0.5170898
vt 0.9160156 0.5170898
vt 0.9160156 0.5170898
vt 0.9160156 0.5170898
vt 0.9160156 0.5170898
vt 0.9160156 0.5170898
vt 0.9160156 0.5170898
vt 0.9160156 0.5170898
vt 0.9160156 0.5170898
vt 0.9160156 0.5170898
vt 0.9160156 0.5170898
vt 0.9160156 0.5170898
vt 0.9160156 0.5170898
vt 0.9160156 0.5170898
vt 0.9160156 0.5170898
vt 0.9160156 0.5170898
vt 0.9160156 0.5170898
vt 0.9160156 0.5170898
vt 0.9160156 0.5170898
vt 0.9160156 0.5170898
vt 0.9160156 0.5170898
vt 0.9160156 0.5170898
vt 0.9160156 0.5170898
vt 0.9160156 0.5170898
vt 0.9160156 0.5170898
vt 0.9160156 0.5170898
vt 0.9160156 0.5170898
vt 0.9160156 0.5170898
vt 0.9160156 0.5170898
vt 0.9160156 0.5170898
vt 0.9160156 0.5170898
vt 0.9160156 0.5170898
vt 0.9160156 0.5170898
vt 0.9160156 0.5170898
vt 0.9160156 0.5170898
vt 0.9160156 0.5170898
vt 0.9160156 0.5170898
vt 0.9160156 0.5170898
vt 0.9160156 0.5170898
vt 0.9160156 0.5170898
vt 0.9160156 0.5170898
vt 0.9160156 0.5170898
vt 0.9160156 0.5170898
vt 0.9160156 0.5170898
vt 0.9160156 0.5170898
vt 0.9160156 0.5170898
vt 0.9160156 0.5170898
vt 0.9160156 0.5170898
vt 0.9160156 0.5170898
vt 0.9160156 0.5170898
vt 0.9160156 0.5170898
vt 0.9160156 0.5170898
vt 0.9160156 0.5170898
vt 0.9160156 0.5170898
vt 0.9160156 0.5170898
vt 0.9160156 0.5170898
vt 0.9160156 0.5170898
vt 0.9160156 0.5170898
vt 0.9160156 0.5170898
vt 0.9160156 0.5170898
vt 0.9160156 0.5170898
vt 0.9160156 0.5170898
vt 0.9160156 0.5170898
vt 0.9160156 0.5170898
vt 0.9160156 0.5170898
vt 0.9160156 0.5170898
vt 0.9160156 0.5170898
vt 0.9160156 0.5170898
vt 0.9160156 0.5170898
vt 0.9160156 0.5170898
vt 0.9160156 0.5170898
vt 0.9160156 0.5170898
vt 0.9160156 0.5170898
vt 0.9160156 0.5170898
vt 0.9160156 0.5170898
vt 0.9160156 0.5170898
vt 0.9160156 0.5170898
vt 0.9160156 0.5170898
vt 0.9160156 0.5170898
vt 0.9160156 0.5170898
vt 0.9160156 0.5170898
vt 0.9160156 0.5170898
vt 0.9160156 0.5170898
vt 0.9160156 0.5170898
vt 0.9160156 0.5170898
vt 0.9160156 0.5170898
vt 0.9160156 0.5170898
vt 0.9160156 0.5170898
vt 0.9160156 0.5170898
vt 0.9160156 0.5170898
vt 0.9160156 0.5170898
vt 0.9160156 0.5170898
vt 0.9160156 0.5170898
vt 0.9160156 0.5170898
vt 0.9160156 0.5170898
vt 0.9160156 0.5170898
vt 0.9160156 0.5170898
vt 0.9160156 0.5170898
vt 0.9160156 0.5170898
vt 0.9160156 0.5170898
vt 0.9160156 0.5170898
vt 0.9160156 0.5170898
vt 0.9160156 0.5170898
vt 0.9160156 0.5170898
vt 0.9160156 0.5170898
vt 0.9160156 0.5170898
vt 0.9160156 0.5170898
vt 0.9160156 0.5170898
vt 0.9160156 0.5170898
vt 0.9160156 0.5170898
vt 0.9160156 0.5170898
vt 0.9160156 0.5170898
vt 0.9160156 0.5170898
vt 0.9160156 0.5170898
vt 0.9160156 0.5170898
vt 0.9160156 0.5170898
vt 0.9160156 0.5170898
vt 0.9160156 0.5170898
vt 0.9160156 0.5170898
vt 0.9160156 0.5170898
vt 0.9160156 0.5170898
vt 0.9160156 0.5170898
vt 0.9160156 0.5170898
vt 0.9160156 0.5170898
vt 0.9160156 0.5170898
vt 0.9160156 0.5170898
vt 0.9160156 0.5170898
vt 0.9160156 0.5170898
vt 0.9160156 0.5170898
vt 0.9160156 0.5170898
vt 0.9160156 0.5170898
vt 0.9160156 0.5170898
vt 0.9160156 0.5170898
vt 0.9160156 0.5170898
vt 0.9160156 0.5170898
vt 0.9160156 0.5170898
vt 0.9160156 0.5170898
vt 0.9160156 0.5170898
vt 0.9160156 0.5170898
vt 0.9160156 0.5170898
vt 0.9160156 0.5170898
vt 0.9160156 0.5170898
vt 0.9160156 0.5170898
vt 0.9160156 0.5170898
vt 0.9160156 0.5170898
vt 0.9160156 0.5170898
vt 0.9160156 0.5170898
vt 0.9160156 0.5170898
vt 0.9160156 0.5170898
vt 0.9160156 0.5170898
vt 0.9160156 0.5170898
vt 0.9160156 0.5170898
vt 0.9160156 0.5170898
vt 0.9160156 0.5170898
vt 0.9160156 0.5170898
vt 0.9160156 0.5170898
vt 0.9160156 0.5170898
vt 0.9160156 0.5170898
vt 0.9160156 0.5170898
vt 0.9160156 0.5170898
vt 0.9160156 0.5170898
vt 0.9160156 0.5170898
vt 0.9160156 0.5170898
vt 0.9160156 0.5170898
vt 0.9160156 0.5170898
vt 0.9160156 0.5170898
vt 0.9160156 0.5170898
vt 0.9160156 0.5170898
vt 0.9160156 0.5170898
vt 0.9160156 0.5170898
vt 0.9160156 0.5170898
vt 0.9160156 0.5170898
vt 0.9160156 0.5170898
vt 0.9160156 0.5170898
vt 0.9160156 0.5170898
vt 0.9160156 0.5170898
vt 0.9160156 0.5170898
vt 0.9160156 0.5170898
vt 0.9160156 0.5170898
vt 0.9160156 0.5170898
vt 0.9160156 0.5170898
vt 0.9160156 0.5170898
vt 0.9160156 0.5170898
vt 0.9160156 0.5170898
vt 0.9160156 0.5170898
vt 0.9160156 0.5170898
vt 0.9160156 0.5170898
vt 0.9160156 0.5170898
vt 0.9160156 0.5170898
vt 0.9160156 0.5170898
vt 0.9160156 0.5170898
vt 0.9160156 0.5170898
vt 0.9160156 0.5170898
vt 0.9160156 0.5170898
vt 0.9160156 0.5170898
vt 0.9160156 0.5170898
vt 0.9160156 0.5170898
vt 0.9160156 0.5170898
vt 0.9160156 0.5170898
vt 0.9160156 0.5170898
vt 0.9160156 0.5170898
vt 0.9160156 0.5170898
vt 0.9160156 0.5170898
vt 0.9160156 0.5170898
vt 0.9160156 0.5170898
vt 0.9160156 0.5170898
vt 0.9160156 0.5170898
vt 0.9160156 0.5170898
vt 0.9160156 0.5170898
vt 0.9160156 0.5170898
vt 0.9160156 0.5170898
vt 0.9160156 0.5170898
vt 0.9160156 0.5170898
vt 0.9160156 0.5170898
vt 0.9160156 0.5170898
vt 0.9160156 0.5170898
vt 0.9160156 0.5170898
vt 0.9160156 0.5170898
vt 0.9160156 0.5170898
vt 0.9160156 0.5170898
vt 0.9160156 0.5170898
vt 0.9160156 0.5170898
vt 0.9160156 0.5170898
vt 0.9160156 0.5170898
vt 0.9160156 0.5170898
vt 0.9160156 0.5170898
vt 0.9160156 0.5170898
vt 0.9160156 0.5170898
vt 0.9160156 0.5170898
vt 0.9160156 0.5170898
vt 0.9160156 0.5170898
vt 0.9160156 0.5170898
vt 0.9160156 0.5170898
vt 0.9160156 0.5170898
vt 0.9160156 0.5170898
vt 0.9160156 0.5170898
vt 0.9160156 0.5170898
vt 0.9160156 0.5170898
vt 0.9160156 0.5170898
vt 0.9160156 0.5170898
vt 0.9160156 0.5170898
vt 0.9160156 0.5170898
vt 0.9160156 0.5170898
vt 0.9160156 0.5170898
vt 0.9160156 0.5170898
vt 0.9160156 0.5170898
vt 0.9160156 0.5170898
vt 0.9160156 0.5170898
vt 0.9160156 0.5170898
vt 0.9160156 0.5170898
vt 0.9160156 0.5170898
vt 0.9160156 0.5170898
vt 0.9160156 0.5170898
vt 0.9160156 0.5170898
vt 0.9160156 0.5170898
vt 0.9160156 0.5170898
vt 0.9160156 0.5170898
vt 0.9160156 0.5170898
vt 0.9160156 0.5170898
vt 0.9160156 0.5170898
vt 0.9160156 0.5170898
vt 0.9160156 0.5170898
vt 0.9160156 0.5170898
vt 0.9160156 0.5170898
vt 0.9160156 0.5170898
vt 0.9160156 0.5170898
vt 0.9160156 0.5170898
vt 0.9160156 0.5170898
vt 0.9160156 0.5170898
vt 0.9160156 0.5170898
vt 0.9160156 0.5170898
vt 0.9160156 0.5170898
vt 0.9160156 0.5170898
vt 0.9160156 0.5170898
vt 0.9160156 0.5170898
vt 0.9160156 0.5170898
vt 0.9160156 0.5170898
vt 0.9160156 0.5170898
vt 0.9160156 0.5170898
vt 0.9160156 0.5170898
vt 0.9160156 0.5170898
vt 0.9160156 0.5170898
vt 0.9160156 0.5170898
vt 0.9160156 0.5170898
vt 0.9160156 0.5170898
vt 0.9160156 0.5170898
vt 0.9160156 0.5170898
vt 0.9160156 0.5170898
vt 0.9160156 0.5170898
vt 0.5371094 0.08404541
vt 0.5371094 0.08404541
vt 0.5371094 0.08404541
vt 0.5371094 0.08404541
vt 0.5371094 0.08404541
vt 0.5371094 0.08404541
vt 0.5371094 0.08404541
vt 0.5371094 0.08404541
vt 0.5371094 0.08404541
vt 0.5371094 0.08404541
vt 0.5371094 0.08404541
vt 0.5371094 0.08404541
vt 0.5371094 0.08404541
vt 0.5371094 0.08404541
vt 0.5371094 0.08404541
vt 0.5371094 0.08404541
vt 0.5371094 0.08404541
vt 0.5371094 0.08404541
vt 0.5371094 0.08404541
vt 0.5371094 0.08404541
vt 0.5371094 0.08404541
vt 0.5371094 0.08404541
vt 0.5371094 0.08404541
vt 0.5371094 0.08404541
vt 0.5371094 0.08404541
vt 0.5371094 0.08404541
vt 0.5371094 0.08404541
vt 0.5371094 0.08404541
vt 0.5371094 0.08404541
vt 0.5371094 0.08404541
vt 0.5371094 0.08404541
vt 0.5371094 0.08404541
vt 0.5371094 0.08404541
vt 0.5371094 0.08404541
vt 0.5371094 0.08404541
vt 0.5371094 0.08404541
vt 0.5371094 0.08404541
vt 0.5371094 0.08404541
vt 0.5371094 0.08404541
vt 0.5371094 0.08404541
vt 0.5371094 0.08404541
vt 0.5371094 0.08404541
vt 0.5371094 0.08404541
vt 0.5371094 0.08404541
vt 0.5371094 0.08404541
vt 0.5371094 0.08404541
vt 0.5371094 0.08404541
vt 0.5371094 0.08404541
vt 0.5371094 0.08404541
vt 0.5371094 0.08404541
vt 0.5371094 0.08404541
vt 0.5371094 0.08404541
vt 0.5371094 0.08404541
vt 0.5371094 0.08404541
vt 0.5371094 0.08404541
vt 0.5371094 0.08404541
vt 0.5371094 0.08404541
vt 0.5371094 0.08404541
vt 0.5371094 0.08404541
vt 0.5371094 0.08404541
vt 0.5371094 0.08404541
vt 0.5371094 0.08404541
vt 0.5371094 0.08404541
vt 0.5371094 0.08404541
vt 0.5371094 0.08404541
vt 0.5371094 0.08404541
vt 0.5371094 0.08404541
vt 0.5371094 0.08404541
vt 0.5371094 0.08404541
vt 0.5371094 0.08404541
vt 0.5371094 0.08404541
vt 0.5371094 0.08404541
vt 0.5371094 0.08404541
vt 0.5371094 0.08404541
vt 0.5371094 0.08404541
vt 0.5371094 0.08404541
vt 0.5371094 0.08404541
vt 0.5371094 0.08404541
vt 0.5371094 0.08404541
vt 0.5371094 0.08404541
vt 0.5371094 0.08404541
vt 0.5371094 0.08404541
vt 0.5371094 0.08404541
vt 0.5371094 0.08404541
vt 0.5371094 0.08404541
vt 0.5371094 0.08404541
vt 0.5371094 0.08404541
vt 0.5371094 0.08404541
vt 0.5371094 0.08404541
vt 0.5371094 0.08404541
vt 0.5371094 0.08404541
vt 0.5371094 0.08404541
vt 0.5371094 0.08404541
vt 0.5371094 0.08404541
vt 0.5371094 0.08404541
vt 0.5371094 0.08404541
vt 0.5371094 0.08404541
vt 0.5371094 0.08404541
vt 0.5371094 0.08404541
vt 0.5371094 0.08404541
vt 0.5371094 0.08404541
vt 0.5371094 0.08404541
vt 0.5371094 0.08404541
vt 0.5371094 0.08404541
vt 0.5371094 0.08404541
vt 0.5371094 0.08404541
vt 0.5371094 0.08404541
vt 0.5371094 0.08404541
vt 0.5371094 0.08404541
vt 0.5371094 0.08404541
vt 0.5371094 0.08404541
vt 0.5371094 0.08404541
vt 0.5371094 0.08404541
vt 0.5371094 0.08404541
vt 0.5371094 0.08404541
vt 0.5371094 0.08404541
vt 0.5371094 0.08404541
vt 0.5371094 0.08404541
vt 0.5371094 0.08404541
vt 0.5371094 0.08404541
vt 0.5371094 0.08404541
vt 0.5371094 0.08404541
vt 0.5371094 0.08404541
vt 0.5371094 0.08404541
vt 0.5371094 0.08404541
vt 0.5371094 0.08404541
vt 0.5371094 0.08404541
vt 0.5371094 0.08404541
vt 0.5371094 0.08404541
vt 0.5371094 0.08404541
vt 0.5371094 0.08404541
vt 0.5371094 0.08404541
vt 0.5371094 0.08404541
vt 0.5371094 0.08404541
vt 0.5371094 0.08404541
vt 0.5371094 0.08404541
vt 0.5371094 0.08404541
vt 0.5371094 0.08404541
vt 0.5371094 0.08404541
vt 0.5371094 0.08404541
vt 0.5371094 0.08404541
vt 0.5371094 0.08404541
vn 0.1496582 -0.9375 0.3146973
vn 0.1496582 -0.9375 0.3146973
vn 0.1496582 -0.9375 0.3146973
vn -0.4833984 -0.6733398 0.5595703
vn -0.4833984 -0.6733398 0.5595703
vn -0.4833984 -0.6733398 0.5595703
vn -0.5522461 -0.05114746 0.8320313
vn -0.5522461 -0.05114746 0.8320313
vn -0.5522461 -0.05114746 0.8320313
vn -0.0249939 0.4084473 0.9125977
vn -0.0249939 0.4084473 0.9125977
vn -0.0249939 0.4084473 0.9125977
vn 0.6884766 0.2382813 0.6850586
vn 0.6884766 0.2382813 0.6850586
vn 0.6884766 0.2382813 0.6850586
vn 0.7958984 -0.4882813 0.357666
vn 0.7958984 -0.4882813 0.357666
vn 0.7958984 -0.4882813 0.357666
vn 0.1467285 0.04281616 -0.9882813
vn 0.1467285 0.04281616 -0.9882813
vn 0.1467285 0.04281616 -0.9882813
vn -0.1864014 0.1878662 -0.9643555
vn -0.1864014 0.1878662 -0.9643555
vn -0.1864014 0.1878662 -0.9643555
vn -0.2304688 0.5200195 -0.8222656
vn -0.2304688 0.5200195 -0.8222656
vn -0.2304688 0.5200195 -0.8222656
vn 0.05853271 0.7075195 -0.7041016
vn 0.05853271 0.7075195 -0.7041016
vn 0.05853271 0.7075195 -0.7041016
vn 0.3913574 0.5625 -0.7280273
vn 0.3913574 0.5625 -0.7280273
vn 0.3913574 0.5625 -0.7280273
vn 0.4355469 0.2301025 -0.8701172
vn 0.4355469 0.2301025 -0.8701172
vn 0.4355469 0.2301025 -0.8701172
vn 0.5083008 0.2849121 0.8125
vn 0.5083008 0.2849121 0.8125
vn 0.5083008 0.2849121 0.8125
vn 0.6831055 -0.3937988 0.6152344
vn 0.6831055 -0.3937988 0.6152344
vn 0.6831055 -0.3937988 0.6152344
vn 0.2219238 -0.8676758 0.4450684
vn 0.2219238 -0.8676758 0.4450684
vn 0.2219238 -0.8676758 0.4450684
vn -0.4743652 -0.7617188 0.4416504
vn -0.4743652 -0.7617188 0.4416504
vn -0.4743652 -0.7617188 0.4416504
vn -0.7729492 -0.07965088 0.6293945
vn -0.7729492 -0.07965088 0.6293945
vn -0.7729492 -0.07965088 0.6293945
vn -0.2504883 0.4970703 0.8305664
vn -0.2504883 0.4970703 0.8305664
vn -0.2504883 0.4970703 0.8305664
vn 0.08538818 0.7036133 -0.7055664
vn 0.08538818 0.7036133 -0.7055664
vn 0.08538818 0.7036133 -0.7055664
vn 0.1954346 0.4104004 -0.890625
vn 0.1954346 0.4104004 -0.890625
vn 0.1954346 0.4104004 -0.890625
vn -0.04550171 0.1547852 -0.9868164
vn -0.04550171 0.1547852 -0.9868164
vn -0.04550171 0.1547852 -0.9868164
vn -0.3962402 0.192627 -0.8979492
vn -0.3962402 0.192627 -0.8979492
vn -0.3962402 0.192627 -0.8979492
vn -0.5063477 0.4858398 -0.7124023
vn -0.5063477 0.4858398 -0.7124023
vn -0.5063477 0.4858398 -0.7124023
vn -0.2653809 0.7412109 -0.6162109
vn -0.2653809 0.7412109 -0.6162109
vn -0.2653809 0.7412109 -0.6162109
vn 0.5263672 0.3376465 0.7802734
vn 0.5263672 0.3376465 0.7802734
vn 0.5263672 0.3376465 0.7802734
vn 0.7172852 -0.3430176 0.6064453
vn 0.7172852 -0.3430176 0.6064453
vn 0.7172852 -0.3430176 0.6064453
vn 0.2670898 -0.8388672 0.4743652
vn 0.2670898 -0.8388672 0.4743652
vn 0.2670898 -0.8388672 0.4743652
vn -0.4318848 -0.7563477 0.4912109
vn -0.4318848 -0.7563477 0.4912109
vn -0.4318848 -0.7563477 0.4912109
vn -0.7475586 -0.07672119 0.659668
vn -0.7475586 -0.07672119 0.659668
vn -0.7475586 -0.07672119 0.659668
vn -0.2385254 0.5253906 0.8168945
vn -0.2385254 0.5253906 0.8168945
vn -0.2385254 0.5253906 0.8168945
vn 0.03631592 0.6738281 -0.7382813
vn 0.03631592 0.6738281 -0.7382813
vn 0.03631592 0.6738281 -0.7382813
vn 0.1500244 0.3759766 -0.9145508
vn 0.1500244 0.3759766 -0.9145508
vn 0.1500244 0.3759766 -0.9145508
vn -0.08483887 0.1088867 -0.9902344
vn -0.08483887 0.1088867 -0.9902344
vn -0.08483887 0.1088867 -0.9902344
vn -0.4335938 0.1391602 -0.8901367
vn -0.4335938 0.1391602 -0.8901367
vn -0.4335938 0.1391602 -0.8901367
vn -0.5473633 0.4365234 -0.7143555
vn -0.5473633 0.4365234 -0.7143555
vn -0.5473633 0.4365234 -0.7143555
vn -0.3122559 0.7041016 -0.6381836
vn -0.3122559 0.7041016 -0.6381836
vn -0.3122559 0.7041016 -0.6381836
vn -0.1417236 0.2180176 0.9658203
vn -0.1417236 0.2180176 0.9658203
vn -0.1417236 0.2180176 0.9658203
vn 0.5322266 -0.03089905 0.8461914
vn 0.5322266 -0.03089905 0.8461914
vn 0.5322266 -0.03089905 0.8461914
vn 0.6689453 -0.5800781 0.4645996
vn 0.6689453 -0.5800781 0.4645996
vn 0.6689453 -0.5800781 0.4645996
vn 0.1807861 -0.9731445 0.1435547
vn 0.1807861 -0.9731445 0.1435547
vn 0.1807861 -0.9731445 0.1435547
vn -0.565918 -0.8007813 0.1967773
vn -0.565918 -0.8007813 0.1967773
vn -0.565918 -0.8007813 0.1967773
vn -0.753418 -0.1558838 0.6386719
vn -0.753418 -0.1558838 0.6386719
vn -0.753418 -0.1558838 0.6386719
vn -0.2924805 0.7758789 -0.559082
vn -0.2924805 0.7758789 -0.559082
vn -0.2924805 0.7758789 -0.559082
vn 0.04656982 0.7285156 -0.6835938
vn 0.04656982 0.7285156 -0.6835938
vn 0.04656982 0.7285156 -0.6835938
vn 0.1262207 0.439209 -0.8896484
vn 0.1262207 0.439209 -0.8896484
vn 0.1262207 0.439209 -0.8896484
vn -0.1328125 0.1971436 -0.9711914
vn -0.1328125 0.1971436 -0.9711914
vn -0.1328125 0.1971436 -0.9711914
vn -0.4719238 0.2443848 -0.847168
vn -0.4719238 0.2443848 -0.847168
vn -0.4719238 0.2443848 -0.847168
vn -0.5517578 0.5336914 -0.6411133
vn -0.5517578 0.5336914 -0.6411133
vn -0.5517578 0.5336914 -0.6411133
vn -0.5742188 -0.6147461 0.5405273
vn -0.5742188 -0.6147461 0.5405273
vn -0.5742188 -0.6147461 0.5405273
vn -0.3759766 -0.03015137 0.9262695
vn -0.3759766 -0.03015137 0.9262695
vn -0.3759766 -0.03015137 0.9262695
vn 0.2617188 0.2128906 0.9414063
vn 0.2617188 0.2128906 0.9414063
vn 0.2617188 0.2128906 0.9414063
vn 0.8037109 -0.06951904 0.5913086
vn 0.8037109 -0.06951904 0.5913086
vn 0.8037109 -0.06951904 0.5913086
vn 0.7094727 -0.6889648 0.1470947
vn 0.7094727 -0.6889648 0.1470947
vn 0.7094727 -0.6889648 0.1470947
vn -0.03335571 -0.9931641 0.1096802
vn -0.03335571 -0.9931641 0.1096802
vn -0.03335571 -0.9931641 0.1096802
vn -0.4431152 0.1772461 -0.8789063
vn -0.4431152 0.1772461 -0.8789063
vn -0.4431152 0.1772461 -0.8789063
vn -0.3879395 0.5180664 -0.7626953
vn -0.3879395 0.5180664 -0.7626953
vn -0.3879395 0.5180664 -0.7626953
vn -0.0508728 0.6547852 -0.7539063
vn -0.0508728 0.6547852 -0.7539063
vn -0.0508728 0.6547852 -0.7539063
vn 0.2310791 0.451416 -0.8618164
vn 0.2310791 0.451416 -0.8618164
vn 0.2310791 0.451416 -0.8618164
vn 0.1760254 0.111084 -0.9780273
vn 0.1760254 0.111084 -0.9780273
vn 0.1760254 0.111084 -0.9780273
vn -0.1611328 -0.02610779 -0.9868164
vn -0.1611328 -0.02610779 -0.9868164
vn -0.1611328 -0.02610779 -0.9868164
vn 0.1212769 -0.8818359 -0.4558105
vn 0.1269531 -0.8833008 -0.4516602
vn 0.1269531 -0.8833008 -0.4516602
vn 0.1212769 -0.8818359 -0.4558105
vn -0.8071289 -0.5053711 -0.3051758
vn -0.8071289 -0.5053711 -0.3051758
vn -0.8071289 -0.5053711 -0.3051758
vn -0.8071289 -0.5053711 -0.3051758
vn -0.925293 0.3740234 0.0635376
vn -0.925293 0.3740234 0.0635376
vn -0.925293 0.3740234 0.0635376
vn -0.925293 0.3740234 0.0635376
vn -0.1082764 0.9443359 0.3103027
vn -0.1114502 0.9394531 0.3244629
vn -0.1114502 0.9394531 0.3244629
vn -0.1082764 0.9443359 0.3103027
vn 0.7832031 0.6005859 0.1608887
vn 0.7832031 0.6005859 0.1608887
vn 0.7832031 0.6005859 0.1608887
vn 0.7832031 0.6005859 0.1608887
vn 0.9140625 -0.3361816 -0.2275391
vn 0.9140625 -0.3361816 -0.2275391
vn 0.9140625 -0.3361816 -0.2275391
vn 0.9140625 -0.3361816 -0.2275391
vn 0.1330566 -0.9648438 -0.2271729
vn 0.1330566 -0.9648438 -0.2271729
vn 0.1330566 -0.9648438 -0.2271729
vn 0.1330566 -0.9648438 -0.2271729
vn -0.7695313 -0.6381836 0
vn -0.7695313 -0.6381836 0
vn -0.7695313 -0.6381836 0
vn -0.7695313 -0.6381836 0
vn -0.8876953 0.2646484 0.3762207
vn -0.8876953 0.2646484 0.3762207
vn -0.8876953 0.2646484 0.3762207
vn -0.8876953 0.2646484 0.3762207
vn -0.1035767 0.8427734 0.527832
vn -0.1035767 0.8427734 0.527832
vn -0.1035767 0.8427734 0.527832
vn -0.1035767 0.8427734 0.527832
vn 0.8007813 0.5175781 0.3017578
vn 0.8007813 0.5175781 0.3017578
vn 0.8007813 0.5175781 0.3017578
vn 0.8007813 0.5175781 0.3017578
vn 0.9189453 -0.3869629 -0.07617188
vn 0.9189453 -0.3869629 -0.07617188
vn 0.9189453 -0.3869629 -0.07617188
vn 0.9189453 -0.3869629 -0.07617188
vn -0.8632813 0.4963379 -0.09344482
vn -0.8632813 0.4963379 -0.09344482
vn -0.8632813 0.4963379 -0.09344482
vn -0.8632813 0.4963379 -0.09344482
vn -0.7509766 -0.4401855 -0.4921875
vn -0.7509766 -0.4401855 -0.4921875
vn -0.7509766 -0.4401855 -0.4921875
vn -0.7509766 -0.4401855 -0.4921875
vn 0.1269531 -0.8833008 -0.4516602
vn 0.1325684 -0.8842773 -0.4475098
vn 0.1325684 -0.8842773 -0.4475098
vn 0.1269531 -0.8833008 -0.4516602
vn 0.9194336 -0.3933105 -0.01415253
vn 0.9194336 -0.3933105 -0.01415253
vn 0.9194336 -0.3933105 -0.01415253
vn 0.9194336 -0.3933105 -0.01415253
vn 0.7924805 0.4919434 0.3601074
vn 0.7924805 0.4919434 0.3601074
vn 0.7924805 0.4919434 0.3601074
vn 0.7924805 0.4919434 0.3601074
vn -0.1114502 0.9394531 0.3244629
vn -0.114563 0.934082 0.338623
vn -0.114563 0.934082 0.338623
vn -0.1114502 0.9394531 0.3244629
vn -0.04806519 -0.9682617 0.2454834
vn -0.04806519 -0.9682617 0.2454834
vn -0.04806519 -0.9682617 0.2454834
vn -0.04806519 -0.9682617 0.2454834
vn -0.6435547 -0.7089844 0.2883301
vn -0.6435547 -0.7089844 0.2883301
vn -0.6435547 -0.7089844 0.2883301
vn -0.6435547 -0.7089844 0.2883301
vn -0.8305664 -0.01541901 0.5571289
vn -0.8305664 -0.01541901 0.5571289
vn -0.8305664 -0.01541901 0.5571289
vn -0.8305664 -0.01541901 0.5571289
vn 0.04833984 0.4841309 0.8735352
vn 0.04833984 0.4841309 0.8735352
vn 0.04833984 0.4841309 0.8735352
vn 0.04833984 0.4841309 0.8735352
vn 0.4416504 0.2998047 0.8457031
vn 0.4416504 0.2998047 0.8457031
vn 0.4416504 0.2998047 0.8457031
vn 0.4416504 0.2998047 0.8457031
vn 0.6289063 -0.6176758 0.4716797
vn 0.6289063 -0.6176758 0.4716797
vn 0.6289063 -0.6176758 0.4716797
vn 0.6289063 -0.6176758 0.4716797
vn 0.1810303 -0.6586914 -0.7304688
vn 0.1810303 -0.6586914 -0.7304688
vn 0.1810303 -0.6586914 -0.7304688
vn 0.1810303 -0.6586914 -0.7304688
vn -0.6899414 -0.279541 -0.6679688
vn -0.6899414 -0.279541 -0.6679688
vn -0.6899414 -0.279541 -0.6679688
vn -0.6899414 -0.279541 -0.6679688
vn -0.8134766 0.5336914 -0.2302246
vn -0.8134766 0.5336914 -0.2302246
vn -0.8134766 0.5336914 -0.2302246
vn -0.8134766 0.5336914 -0.2302246
vn -0.1306152 0.9912109 0.01345825
vn -0.1306152 0.9912109 0.01345825
vn -0.1306152 0.9912109 0.01345825
vn -0.1306152 0.9912109 0.01345825
vn 0.800293 0.597168 -0.05029297
vn 0.800293 0.597168 -0.05029297
vn 0.800293 0.597168 -0.05029297
vn 0.800293 0.597168 -0.05029297
vn 0.9033203 -0.2163086 -0.3701172
vn 0.9033203 -0.2163086 -0.3701172
vn 0.9033203 -0.2163086 -0.3701172
vn 0.9033203 -0.2163086 -0.3701172
vn 0 0.9272461 0.3747559
vn 0 0.9272461 0.3747559
vn 0 0.9272461 0.3747559
vn 0 0.9272461 0.3747559
vn 0.4284668 0.2568359 -0.8662109
vn 0.4284668 0.2568359 -0.8662109
vn 0.4284668 0.2568359 -0.8662109
vn 0.4284668 0.2568359 -0.8662109
vn -0.06970215 -0.9731445 -0.220459
vn -0.06970215 -0.9731445 -0.220459
vn -0.06970215 -0.9731445 -0.220459
vn -0.06970215 -0.9731445 -0.220459
vn -0.4284668 -0.2568359 0.8662109
vn -0.4284668 -0.2568359 0.8662109
vn -0.4284668 -0.2568359 0.8662109
vn -0.4284668 -0.2568359 0.8662109
vn 0 0.9296875 0.3681641
vn 0 0.9296875 0.3681641
vn 0 0.9296875 0.3681641
vn 0 0.9296875 0.3681641
vn 0.7773438 -0.2113037 0.5922852
vn 0.7773438 -0.2113037 0.5922852
vn 0.7773438 -0.2113037 0.5922852
vn 0.7773438 -0.2113037 0.5922852
vn 0.7558594 -0.2182617 0.6176758
vn 0.7558594 -0.2182617 0.6176758
vn 0.7299805 -0.2261963 0.6450195
vn 0.7299805 -0.2261963 0.6450195
vn 0.7553711 -0.2183838 0.6176758
vn 0.7553711 -0.2183838 0.6176758
vn 0.6943359 -0.2358398 0.6796875
vn 0.6943359 -0.2358398 0.6796875
vn 0.6757813 -0.2406006 0.6967773
vn 0.6757813 -0.2406006 0.6967773
vn 0.6655273 -0.243042 0.7055664
vn 0.6655273 -0.243042 0.7055664
vn -0.06658936 -0.9716797 -0.2271729
vn -0.06658936 -0.9716797 -0.2271729
vn -0.06658936 -0.9716797 -0.2271729
vn -0.06658936 -0.9716797 -0.2271729
vn -0.7773438 0.2113037 -0.5927734
vn -0.7773438 0.2113037 -0.5927734
vn -0.7773438 0.2113037 -0.5927734
vn -0.7773438 0.2113037 -0.5927734
vn -0.7553711 0.2183838 -0.6176758
vn -0.7553711 0.2183838 -0.6176758
vn -0.7299805 0.2261963 -0.6450195
vn -0.7299805 0.2263184 -0.6450195
vn -0.7553711 0.2185059 -0.6176758
vn -0.7553711 0.2185059 -0.6176758
vn -0.6943359 0.2358398 -0.6796875
vn -0.6943359 0.2358398 -0.6796875
vn -0.6757813 0.2404785 -0.6967773
vn -0.6757813 0.2404785 -0.6967773
vn -0.6655273 0.2427979 -0.7055664
vn -0.6655273 0.2427979 -0.7055664
vn 0 0.9228516 0.3847656
vn 0 0.9228516 0.3847656
vn 0 0.9228516 0.3847656
vn 0 0.9228516 0.3847656
vn -0.07501221 -0.9750977 -0.2095947
vn -0.07501221 -0.9750977 -0.2095947
vn -0.07501221 -0.9750977 -0.2095947
vn -0.07501221 -0.9750977 -0.2095947
vn 0.02766418 0.9511719 0.3066406
vn 0.02766418 0.9511719 0.3066406
vn 0.02766418 0.9511719 0.3066406
vn 0.02766418 0.9511719 0.3066406
vn -0.03585815 -0.9560547 -0.2905273
vn -0.03585815 -0.9560547 -0.2905273
vn -0.03585815 -0.9560547 -0.2905273
vn -0.03585815 -0.9560547 -0.2905273
vn 0.1229858 0.9868164 0.105896
vn 0.1229858 0.9868164 0.105896
vn 0.1229858 0.9868164 0.105896
vn 0.1229858 0.9868164 0.105896
vn 0.06088257 -0.8764648 -0.4772949
vn 0.06088257 -0.8764648 -0.4772949
vn 0.06088257 -0.8764648 -0.4772949
vn 0.06088257 -0.8764648 -0.4772949
vn -0.3242188 0.3657227 0.8725586
vn -0.3242188 0.3657227 0.8725586
vn -0.3242188 0.3657227 0.8725586
vn -0.3242188 0.3657227 0.8725586
vn 0.8984375 -0.1582031 0.4099121
vn 0.902832 -0.1553955 0.4006348
vn 0.902832 -0.1553955 0.4006348
vn 0.902832 -0.1553955 0.4006348
vn 0.902832 -0.1555176 0.4003906
vn 0.8984375 -0.1582031 0.4099121
vn 0.8886719 -0.1635742 0.4287109
vn 0.8886719 -0.1635742 0.4287109
vn 0.902832 -0.1555176 0.4003906
vn 0.902832 -0.1555176 0.4003906
vn 0.2939453 0.9033203 -0.3120117
vn 0.2939453 0.9033203 -0.3120117
vn 0.2939453 0.9033203 -0.3120117
vn 0.2939453 0.9033203 -0.3120117
vn -0.902832 0.1555176 -0.4006348
vn -0.902832 0.1556396 -0.4003906
vn -0.902832 0.1556396 -0.4003906
vn -0.8984375 0.1582031 -0.4099121
vn -0.8984375 0.1582031 -0.4099121
vn -0.902832 0.1553955 -0.4006348
vn -0.902832 0.1553955 -0.4006348
vn -0.902832 0.1553955 -0.4006348
vn -0.8886719 0.1636963 -0.4287109
vn -0.8886719 0.1636963 -0.4287109
vn 0.2445068 -0.5805664 -0.7768555
vn 0.2445068 -0.5805664 -0.7768555
vn 0.2445068 -0.5805664 -0.7768555
vn 0.2445068 -0.5805664 -0.7768555
vn -0.3625488 -0.7768555 0.5151367
vn -0.3625488 -0.7768555 0.5151367
vn -0.3625488 -0.7768555 0.5151367
vn -0.3625488 -0.7768555 0.5151367
vn -0.3325195 0.3378906 0.8803711
vn -0.3325195 0.3378906 0.8803711
vn -0.3325195 0.3378906 0.8803711
vn -0.3325195 0.3378906 0.8803711
vn 0.3691406 0.7568359 -0.5390625
vn 0.3691406 0.7568359 -0.5390625
vn 0.3691406 0.7568359 -0.5390625
vn 0.3691406 0.7568359 -0.5390625
vn -0.3688965 -0.7583008 0.5375977
vn -0.3688965 -0.7583008 0.5375977
vn -0.3688965 -0.7583008 0.5375977
vn -0.3688965 -0.7583008 0.5375977
vn 0.3330078 -0.3359375 -0.8808594
vn 0.3330078 -0.3359375 -0.8808594
vn 0.3330078 -0.3359375 -0.8808594
vn 0.3330078 -0.3359375 -0.8808594
vn -0.3615723 0.2277832 0.9042969
vn -0.3615723 0.2277832 0.9042969
vn -0.3615723 0.2277832 0.9042969
vn -0.3615723 0.2277832 0.9042969
vn 0.6225586 -0.2526855 0.7407227
vn 0.6225586 -0.2526855 0.7407227
vn 0.6225586 -0.2526855 0.7407227
vn 0.637207 -0.2380371 0.7329102
vn 0.6010742 -0.22229 0.7675781
vn 0.6010742 -0.22229 0.7675781
vn 0.6230469 -0.2210693 0.75
vn 0.6005859 -0.1971436 0.7749023
vn 0.6005859 -0.1971436 0.7749023
vn 0.6005859 -0.1971436 0.7749023
vn 0.3916016 0.6816406 -0.6181641
vn 0.3916016 0.6816406 -0.6181641
vn 0.3916016 0.6816406 -0.6181641
vn 0.3916016 0.6816406 -0.6181641
vn -0.6376953 0.237915 -0.7329102
vn -0.6225586 0.2524414 -0.7407227
vn -0.6225586 0.2524414 -0.7407227
vn -0.6225586 0.2524414 -0.7407227
vn -0.6230469 0.2210693 -0.75
vn -0.6010742 0.222168 -0.7675781
vn -0.6010742 0.222168 -0.7675781
vn -0.6005859 0.1972656 -0.7749023
vn -0.6005859 0.1972656 -0.7749023
vn -0.6005859 0.1972656 -0.7749023
vn -0.3918457 -0.6801758 0.6196289
vn -0.3918457 -0.6801758 0.6196289
vn -0.3918457 -0.6801758 0.6196289
vn -0.3918457 -0.6801758 0.6196289
vn -0.6225586 0.2526855 -0.7407227
vn -0.6225586 0.2526855 -0.7407227
vn -0.6225586 0.2526855 -0.7407227
vn -0.6367188 0.2609863 -0.7255859
vn -0.5991211 0.2915039 -0.7456055
vn -0.5991211 0.2915039 -0.7456055
vn -0.6206055 0.2844238 -0.7304688
vn -0.5957031 0.3181152 -0.737793
vn -0.5957031 0.3181152 -0.737793
vn -0.5957031 0.3181152 -0.737793
vn 0.361084 -0.2304688 -0.9038086
vn 0.361084 -0.2304688 -0.9038086
vn 0.361084 -0.2304688 -0.9038086
vn 0.361084 -0.2304688 -0.9038086
vn 0.6367188 -0.2609863 0.7255859
vn 0.6225586 -0.2524414 0.7407227
vn 0.6225586 -0.2524414 0.7407227
vn 0.6225586 -0.2524414 0.7407227
vn 0.6206055 -0.2844238 0.7304688
vn 0.5991211 -0.2915039 0.7460938
vn 0.5991211 -0.2915039 0.7460938
vn 0.5957031 -0.3178711 0.737793
vn 0.5957031 -0.3178711 0.737793
vn 0.5957031 -0.3178711 0.737793
vn -0.3486328 0.2797852 0.8945313
vn -0.3486328 0.2797852 0.8945313
vn -0.3486328 0.2797852 0.8945313
vn -0.3486328 0.2797852 0.8945313
vn 0.4067383 0.6098633 -0.6801758
vn 0.4067383 0.6098633 -0.6801758
vn 0.4067383 0.6098633 -0.6801758
vn 0.4067383 0.6098633 -0.6801758
vn -0.3818359 -0.7177734 0.5825195
vn -0.3818359 -0.7177734 0.5825195
vn -0.3818359 -0.7177734 0.5825195
vn -0.3818359 -0.7177734 0.5825195
vn 0.3820801 -0.1368408 -0.9140625
vn 0.3820801 -0.1368408 -0.9140625
vn 0.3820801 -0.1368408 -0.9140625
vn 0.3820801 -0.1368408 -0.9140625
vn -0.3439941 0.2973633 0.890625
vn -0.3439941 0.2973633 0.890625
vn -0.3439941 0.2973633 0.890625
vn -0.3439941 0.2973633 0.890625
vn 0.3566895 0.7910156 -0.4970703
vn 0.3566895 0.7910156 -0.4970703
vn 0.3566895 0.7910156 -0.4970703
vn 0.3566895 0.7910156 -0.4970703
vn -0.3781738 -0.7299805 0.5693359
vn -0.3781738 -0.7299805 0.5693359
vn -0.3781738 -0.7299805 0.5693359
vn -0.3781738 -0.7299805 0.5693359
vn 0.3081055 -0.4155273 -0.855957
vn 0.3081055 -0.4155273 -0.855957
vn 0.3081055 -0.4155273 -0.855957
vn 0.3081055 -0.4155273 -0.855957
vn -0.03167725 -0.9541016 -0.298584
vn -0.03167725 -0.9541016 -0.298584
vn -0.03167725 -0.9541016 -0.298584
vn -0.03167725 -0.9541016 -0.298584
vn 0.03164673 0.9541016 0.298584
vn 0.03164673 0.9541016 0.298584
vn 0.03164673 0.9541016 0.298584
vn 0.03164673 0.9541016 0.298584
vn -0.06210327 -0.9550781 -0.2900391
vn -0.06210327 -0.9550781 -0.2900391
vn -0.06210327 -0.9550781 -0.2900391
vn -0.06210327 -0.9550781 -0.2900391
vn 0 0.3745117 -0.9272461
vn 0 0.3745117 -0.9272461
vn 0 0.3745117 -0.9272461
vn 0 0.3745117 -0.9272461
vn 0.06268311 0.8881836 0.4550781
vn 0.06268311 0.8881836 0.4550781
vn 0.06268311 0.8881836 0.4550781
vn 0.06268311 0.8881836 0.4550781
vn 0 -0.375 0.9272461
vn 0 -0.375 0.9272461
vn 0 -0.375 0.9272461
vn 0 -0.375 0.9272461
vn -0.0619812 -0.9526367 -0.2973633
vn -0.0619812 -0.9526367 -0.2973633
vn -0.0619812 -0.9526367 -0.2973633
vn -0.0619812 -0.9526367 -0.2973633
vn -0.9697266 -0.03234863 0.2423096
vn -0.9697266 -0.03234863 0.2423096
vn -0.9697266 -0.0324707 0.2421875
vn -0.9697266 -0.0324707 0.2421875
vn -0.9609375 -0.04501343 0.2727051
vn -0.9609375 -0.04501343 0.2727051
vn -0.9501953 -0.05960083 0.3066406
vn -0.9501953 -0.0597229 0.3066406
vn -0.9609375 -0.04525757 0.2724609
vn -0.9609375 -0.04525757 0.2724609
vn -0.9335938 -0.07843018 0.3500977
vn -0.9335938 -0.07843018 0.3500977
vn -0.9238281 -0.08789063 0.3720703
vn -0.9238281 -0.08789063 0.3720703
vn -0.9189453 -0.09295654 0.3837891
vn -0.9189453 -0.09295654 0.3837891
vn 0.06256104 0.8916016 0.4482422
vn 0.06256104 0.8916016 0.4482422
vn 0.06256104 0.8916016 0.4482422
vn 0.06256104 0.8916016 0.4482422
vn 0.9697266 0.03240967 -0.2423096
vn 0.9697266 0.03240967 -0.2423096
vn 0.9697266 0.03237915 -0.2424316
vn 0.9697266 0.03237915 -0.2424316
vn 0.9609375 0.04522705 -0.2727051
vn 0.9609375 0.04522705 -0.2727051
vn 0.9501953 0.05975342 -0.3066406
vn 0.9501953 0.05975342 -0.3066406
vn 0.9609375 0.04519653 -0.2727051
vn 0.9609375 0.04519653 -0.2727051
vn 0.9335938 0.07855225 -0.3500977
vn 0.9335938 0.07855225 -0.3500977
vn 0.9243164 0.08795166 -0.3718262
vn 0.9243164 0.08795166 -0.3718262
vn 0.9189453 0.09295654 -0.3837891
vn 0.9189453 0.09295654 -0.3837891
vn -0.06219482 -0.9584961 -0.2783203
vn -0.06219482 -0.9584961 -0.2783203
vn -0.06219482 -0.9584961 -0.2783203
vn -0.06219482 -0.9584961 -0.2783203
vn 0.06268311 0.8828125 0.4658203
vn 0.06268311 0.8828125 0.4658203
vn 0.06268311 0.8828125 0.4658203
vn 0.06268311 0.8828125 0.4658203
vn -0.06268311 -0.9287109 -0.3652344
vn -0.06268311 -0.9287109 -0.3652344
vn -0.06268311 -0.9287109 -0.3652344
vn -0.06268311 -0.9287109 -0.3652344
vn 0.06256104 0.921875 0.3830566
vn 0.06256104 0.921875 0.3830566
vn 0.06256104 0.921875 0.3830566
vn 0.06256104 0.921875 0.3830566
vn -0.06167603 -0.8232422 -0.5644531
vn -0.06167603 -0.8232422 -0.5644531
vn -0.06167603 -0.8232422 -0.5644531
vn -0.06167603 -0.8232422 -0.5644531
vn 0.06072998 0.984375 0.1663818
vn 0.06072998 0.984375 0.1663818
vn 0.06072998 0.984375 0.1663818
vn 0.06072998 0.984375 0.1663818
vn -0.03564453 -0.8544922 0.5185547
vn -0.03564453 -0.8544922 0.5185547
vn -0.03564453 -0.8544922 0.5185547
vn -0.03564453 -0.8544922 0.5185547
vn -0.9980469 0.05297852 0.03573608
vn -0.9980469 0.05737305 0.02568054
vn -0.9980469 0.05737305 0.02568054
vn -0.9980469 0.05715942 0.02560425
vn -0.9980469 0.05703735 0.02557373
vn -0.9980469 0.05291748 0.03570557
vn -0.9975586 0.0446167 0.05596924
vn -0.9975586 0.0446167 0.05596924
vn -0.9980469 0.05715942 0.02561951
vn -0.9980469 0.05715942 0.02561951
vn -0.05026245 -0.484375 -0.8735352
vn -0.05026245 -0.484375 -0.8735352
vn -0.05026245 -0.484375 -0.8735352
vn -0.05026245 -0.484375 -0.8735352
vn 0.9980469 -0.05718994 -0.02565002
vn 0.9980469 -0.05725098 -0.0256958
vn 0.9980469 -0.05725098 -0.0256958
vn 0.9980469 -0.05300903 -0.0357666
vn 0.9980469 -0.05297852 -0.03570557
vn 0.9980469 -0.05718994 -0.02557373
vn 0.9980469 -0.05722046 -0.02552795
vn 0.9980469 -0.05722046 -0.02552795
vn 0.9975586 -0.0446167 -0.05593872
vn 0.9975586 -0.0446167 -0.05593872
vn 0.04745483 0.9555664 -0.2915039
vn 0.04745483 0.9555664 -0.2915039
vn 0.04745483 0.9555664 -0.2915039
vn 0.04745483 0.9555664 -0.2915039
vn 0.03970337 0.2539063 0.9663086
vn 0.03970337 0.2539063 0.9663086
vn 0.03970337 0.2539063 0.9663086
vn 0.03970337 0.2539063 0.9663086
vn -0.03399658 -0.8383789 0.543457
vn -0.03399658 -0.8383789 0.543457
vn -0.03399658 -0.8383789 0.543457
vn -0.03399658 -0.8383789 0.543457
vn -0.03759766 -0.2224121 -0.9741211
vn -0.03759766 -0.2224121 -0.9741211
vn -0.03759766 -0.2224121 -0.9741211
vn -0.03759766 -0.2224121 -0.9741211
vn 0.03799438 0.2247314 0.9736328
vn 0.03799438 0.2247314 0.9736328
vn 0.03799438 0.2247314 0.9736328
vn 0.03799438 0.2247314 0.9736328
vn 0.03408813 0.8374023 -0.5454102
vn 0.03408813 0.8374023 -0.5454102
vn 0.03408813 0.8374023 -0.5454102
vn 0.03408813 0.8374023 -0.5454102
vn -0.02766418 -0.7700195 0.637207
vn -0.02766418 -0.7700195 0.637207
vn -0.02766418 -0.7700195 0.637207
vn -0.02766418 -0.7700195 0.637207
vn -0.8955078 -0.1135864 0.4306641
vn -0.8955078 -0.1135864 0.4306641
vn -0.8955078 -0.1135864 0.4306641
vn -0.9042969 -0.117981 0.4106445
vn -0.8842773 -0.1572266 0.4396973
vn -0.8842773 -0.1572266 0.4396973
vn -0.8969727 -0.1439209 0.4182129
vn -0.8842773 -0.1812744 0.4301758
vn -0.8842773 -0.1812744 0.4301758
vn -0.8842773 -0.1812744 0.4301758
vn -0.03207397 -0.112915 -0.9931641
vn -0.03207397 -0.112915 -0.9931641
vn -0.03207397 -0.112915 -0.9931641
vn -0.03207397 -0.112915 -0.9931641
vn 0.9042969 0.117981 -0.4106445
vn 0.8955078 0.1134644 -0.4306641
vn 0.8955078 0.1134644 -0.4306641
vn 0.8955078 0.1134644 -0.4306641
vn 0.8969727 0.1439209 -0.4182129
vn 0.8842773 0.1571045 -0.4396973
vn 0.8842773 0.1571045 -0.4396973
vn 0.8842773 0.1813965 -0.4301758
vn 0.8842773 0.1813965 -0.4301758
vn 0.8842773 0.1813965 -0.4301758
vn 0.0319519 0.1104736 0.9931641
vn 0.0319519 0.1104736 0.9931641
vn 0.0319519 0.1104736 0.9931641
vn 0.0319519 0.1104736 0.9931641
vn 0.8955078 0.1134644 -0.4306641
vn 0.8955078 0.1134644 -0.4306641
vn 0.8955078 0.1134644 -0.4306641
vn 0.902832 0.09558105 -0.4196777
vn 0.8798828 0.09002686 -0.4667969
vn 0.8798828 0.09002686 -0.4667969
vn 0.8925781 0.0826416 -0.4433594
vn 0.8759766 0.06469727 -0.4782715
vn 0.8759766 0.06469727 -0.4782715
vn 0.8759766 0.06469727 -0.4782715
vn 0.02783203 0.7719727 -0.6352539
vn 0.02783203 0.7719727 -0.6352539
vn 0.02783203 0.7719727 -0.6352539
vn 0.02783203 0.7719727 -0.6352539
vn -0.902832 -0.09564209 0.4196777
vn -0.8955078 -0.1136475 0.4304199
vn -0.8955078 -0.1136475 0.4304199
vn -0.8955078 -0.1136475 0.4304199
vn -0.8925781 -0.08270264 0.4433594
vn -0.8798828 -0.09008789 0.4667969
vn -0.8798828 -0.09008789 0.4667969
vn -0.8759766 -0.06469727 0.4782715
vn -0.8759766 -0.06469727 0.4782715
vn -0.8759766 -0.06469727 0.4782715
vn -0.0304718 -0.8032227 0.5947266
vn -0.0304718 -0.8032227 0.5947266
vn -0.0304718 -0.8032227 0.5947266
vn -0.0304718 -0.8032227 0.5947266
vn -0.02696228 -0.01693726 -0.9995117
vn -0.02696228 -0.01693726 -0.9995117
vn -0.02696228 -0.01693726 -0.9995117
vn -0.02696228 -0.01693726 -0.9995117
vn 0.03457642 0.1640625 0.9858398
vn 0.03457642 0.1640625 0.9858398
vn 0.03457642 0.1640625 0.9858398
vn 0.03457642 0.1640625 0.9858398
vn 0.02212524 0.7070313 -0.706543
vn 0.02212524 0.7070313 -0.706543
vn 0.02212524 0.7070313 -0.706543
vn 0.02212524 0.7070313 -0.706543
vn -0.03164673 -0.8144531 0.5795898
vn -0.03164673 -0.8144531 0.5795898
vn -0.03164673 -0.8144531 0.5795898
vn -0.03164673 -0.8144531 0.5795898
vn -0.04034424 -0.276123 -0.9604492
vn -0.04034424 -0.276123 -0.9604492
vn -0.04034424 -0.276123 -0.9604492
vn -0.04034424 -0.276123 -0.9604492
vn 0.03598022 0.182251 0.9824219
vn 0.03598022 0.182251 0.9824219
vn 0.03598022 0.182251 0.9824219
vn 0.03598022 0.182251 0.9824219
vn 0.0383606 0.8818359 -0.470459
vn 0.0383606 0.8818359 -0.470459
vn 0.0383606 0.8818359 -0.470459
vn 0.0383606 0.8818359 -0.470459
vn 0.06246948 0.925293 0.3740234
vn 0.06246948 0.925293 0.3740234
vn 0.06246948 0.925293 0.3740234
vn 0.06246948 0.925293 0.3740234
vn -0.06262207 -0.925293 -0.3740234
vn -0.06262207 -0.925293 -0.3740234
vn -0.06262207 -0.925293 -0.3740234
vn -0.06262207 -0.925293 -0.3740234
vn -0.8217773 0.5366211 0.1917725
vn -0.8217773 0.5366211 0.1917725
vn -0.8217773 0.5366211 0.1917725
vn -0.8217773 0.5366211 0.1917725
vn 0.2600098 0.5234375 -0.8115234
vn 0.2600098 0.5234375 -0.8115234
vn 0.2600098 0.5234375 -0.8115234
vn 0.2600098 0.5234375 -0.8115234
vn 0.7753906 -0.6298828 -0.04711914
vn 0.7753906 -0.6298828 -0.04711914
vn 0.7753906 -0.6298828 -0.04711914
vn 0.7753906 -0.6298828 -0.04711914
vn -0.2607422 -0.5229492 0.8115234
vn -0.2607422 -0.5229492 0.8115234
vn -0.2607422 -0.5229492 0.8115234
vn -0.2607422 -0.5229492 0.8115234
vn -0.8203125 0.5410156 0.1854248
vn -0.8203125 0.5410156 0.1854248
vn -0.8203125 0.5410156 0.1854248
vn -0.8203125 0.5410156 0.1854248
vn 0.777832 -0.6259766 -0.05349731
vn 0.777832 -0.6259766 -0.05349731
vn 0.777832 -0.6259766 -0.05349731
vn 0.777832 -0.6259766 -0.05349731
vn -0.8242188 0.5297852 0.2010498
vn -0.8242188 0.5297852 0.2010498
vn -0.8242188 0.5297852 0.2010498
vn -0.8242188 0.5297852 0.2010498
vn 0.4331055 0.4309082 0.7915039
vn 0.4118652 0.395752 0.8208008
vn 0.4331055 0.4309082 0.7915039
vn 0.4118652 0.395752 0.8208008
vn 0.4006348 0.3776855 0.8349609
vn 0.4006348 0.3776855 0.8349609
vn 0.3945313 0.3676758 0.8422852
vn 0.3945313 0.3676758 0.8422852
vn 0.7714844 -0.6352539 -0.03707886
vn 0.7714844 -0.6352539 -0.03707886
vn 0.7714844 -0.6352539 -0.03707886
vn 0.7714844 -0.6352539 -0.03707886
vn -0.4331055 -0.4309082 -0.7915039
vn -0.4121094 -0.395752 -0.8208008
vn -0.4331055 -0.4309082 -0.7915039
vn -0.4121094 -0.395752 -0.8208008
vn -0.4008789 -0.3774414 -0.8349609
vn -0.4008789 -0.3774414 -0.8349609
vn -0.3947754 -0.3674316 -0.8422852
vn -0.3947754 -0.3674316 -0.8422852
vn -0.8041992 0.5805664 0.1274414
vn -0.8041992 0.5805664 0.1274414
vn -0.8041992 0.5805664 0.1274414
vn -0.8041992 0.5805664 0.1274414
vn 0.7993164 -0.590332 -0.1121216
vn 0.7993164 -0.590332 -0.1121216
vn 0.7993164 -0.590332 -0.1121216
vn 0.7993164 -0.590332 -0.1121216
vn -0.7270508 0.684082 -0.05731201
vn -0.7270508 0.684082 -0.05731201
vn -0.7270508 0.684082 -0.05731201
vn -0.7270508 0.684082 -0.05731201
vn 0.8388672 -0.4599609 -0.2910156
vn 0.8388672 -0.4599609 -0.2910156
vn 0.8388672 -0.4599609 -0.2910156
vn 0.8388672 -0.4599609 -0.2910156
vn -0.6884766 -0.06811523 0.7216797
vn -0.6884766 -0.06811523 0.7216797
vn -0.6884766 -0.06811523 0.7216797
vn -0.6884766 -0.06811523 0.7216797
vn 0.5351563 0.6137695 0.5805664
vn 0.5380859 0.6196289 0.5717773
vn 0.5380859 0.6196289 0.5717773
vn 0.5380859 0.6196289 0.5717773
vn 0.5380859 0.6196289 0.5717773
vn 0.5351563 0.6137695 0.5805664
vn 0.5288086 0.6020508 0.5981445
vn 0.5288086 0.6020508 0.5981445
vn 0.5380859 0.6191406 0.5717773
vn 0.5380859 0.6191406 0.5717773
vn -0.4602051 0.7841797 -0.416748
vn -0.4602051 0.7841797 -0.416748
vn -0.4602051 0.7841797 -0.416748
vn -0.4602051 0.7841797 -0.416748
vn -0.5380859 -0.6196289 -0.5717773
vn -0.5380859 -0.6196289 -0.5717773
vn -0.5380859 -0.6196289 -0.5717773
vn -0.5351563 -0.6137695 -0.5805664
vn -0.5351563 -0.6137695 -0.5805664
vn -0.5380859 -0.6196289 -0.5717773
vn -0.5380859 -0.6196289 -0.5717773
vn -0.5380859 -0.6196289 -0.5717773
vn -0.5288086 -0.6020508 -0.5981445
vn -0.5288086 -0.6020508 -0.5981445
vn 0.7875977 -0.1270752 -0.6030273
vn 0.7875977 -0.1270752 -0.6030273
vn 0.7875977 -0.1270752 -0.6030273
vn 0.7875977 -0.1270752 -0.6030273
vn 0.2714844 -0.7695313 0.578125
vn 0.2714844 -0.7695313 0.578125
vn 0.2714844 -0.7695313 0.578125
vn 0.2714844 -0.7695313 0.578125
vn -0.6738281 -0.09155273 0.7329102
vn -0.6738281 -0.09155273 0.7329102
vn -0.6738281 -0.09155273 0.7329102
vn -0.6738281 -0.09155273 0.7329102
vn 0.4619141 0.4794922 0.7460938
vn 0.4487305 0.4570313 0.7680664
vn 0.4487305 0.4570313 0.7680664
vn 0.4619141 0.4794922 0.7460938
vn 0.4619141 0.4794922 0.7460938
vn 0.4619141 0.4794922 0.7460938
vn 0.4487305 0.4570313 0.7680664
vn 0.4487305 0.4570313 0.7680664
vn -0.2454834 0.7641602 -0.5966797
vn -0.2454834 0.7641602 -0.5966797
vn -0.2454834 0.7641602 -0.5966797
vn -0.2454834 0.7641602 -0.5966797
vn -0.4619141 -0.4794922 -0.7460938
vn -0.4487305 -0.4570313 -0.7680664
vn -0.4487305 -0.4570313 -0.7680664
vn -0.4619141 -0.4794922 -0.7460938
vn -0.4616699 -0.4794922 -0.7460938
vn -0.4616699 -0.4794922 -0.7460938
vn -0.4484863 -0.4570313 -0.7680664
vn -0.4484863 -0.4570313 -0.7680664
vn 0.2471924 -0.7646484 0.5952148
vn 0.2471924 -0.7646484 0.5952148
vn 0.2471924 -0.7646484 0.5952148
vn 0.2471924 -0.7646484 0.5952148
vn 0.6728516 0.09301758 -0.7338867
vn 0.6728516 0.09301758 -0.7338867
vn 0.6728516 0.09301758 -0.7338867
vn 0.6728516 0.09301758 -0.7338867
vn -0.6108398 -0.1813965 0.7709961
vn -0.6108398 -0.1813965 0.7709961
vn -0.6108398 -0.1813965 0.7709961
vn -0.6108398 -0.1813965 0.7709961
vn 0.3686523 0.3266602 0.8701172
vn 0.3686523 0.3266602 0.8701172
vn 0.3686523 0.3266602 0.8701172
vn 0.3674316 0.3474121 0.862793
vn 0.3256836 0.3266602 0.887207
vn 0.3256836 0.3266602 0.887207
vn 0.3417969 0.345459 0.8740234
vn 0.3039551 0.3408203 0.8896484
vn 0.3039551 0.3408203 0.8896484
vn 0.3039551 0.3408203 0.8896484
vn -0.1542969 0.7392578 -0.6557617
vn -0.1542969 0.7392578 -0.6557617
vn -0.1542969 0.7392578 -0.6557617
vn -0.1542969 0.7392578 -0.6557617
vn -0.3676758 -0.3474121 -0.862793
vn -0.3686523 -0.3266602 -0.8701172
vn -0.3686523 -0.3266602 -0.8701172
vn -0.3686523 -0.3266602 -0.8701172
vn -0.3417969 -0.345459 -0.8740234
vn -0.3259277 -0.3266602 -0.887207
vn -0.3259277 -0.3266602 -0.887207
vn -0.3039551 -0.3408203 -0.8896484
vn -0.3039551 -0.3408203 -0.8896484
vn -0.3039551 -0.3408203 -0.8896484
vn 0.1523438 -0.7382813 0.6567383
vn 0.1523438 -0.7382813 0.6567383
vn 0.1523438 -0.7382813 0.6567383
vn 0.1523438 -0.7382813 0.6567383
vn -0.3684082 -0.3266602 -0.8706055
vn -0.3684082 -0.3266602 -0.8706055
vn -0.3684082 -0.3266602 -0.8706055
vn -0.3869629 -0.333252 -0.8598633
vn -0.3840332 -0.2841797 -0.878418
vn -0.3840332 -0.2841797 -0.878418
vn -0.3950195 -0.3061523 -0.8662109
vn -0.4047852 -0.2658691 -0.875
vn -0.4047852 -0.2658691 -0.875
vn -0.4047852 -0.2658691 -0.875
vn 0.6123047 0.1790771 -0.7700195
vn 0.6123047 0.1790771 -0.7700195
vn 0.6123047 0.1790771 -0.7700195
vn 0.6123047 0.1790771 -0.7700195
vn 0.3869629 0.333252 0.8598633
vn 0.3686523 0.326416 0.8701172
vn 0.3686523 0.326416 0.8701172
vn 0.3686523 0.326416 0.8701172
vn 0.3950195 0.3061523 0.8662109
vn 0.3840332 0.2841797 0.878418
vn 0.3840332 0.2841797 0.878418
vn 0.4050293 0.2658691 0.875
vn 0.4050293 0.2658691 0.875
vn 0.4050293 0.2658691 0.875
vn -0.6411133 -0.1395264 0.7543945
vn -0.6411133 -0.1395264 0.7543945
vn -0.6411133 -0.1395264 0.7543945
vn -0.6411133 -0.1395264 0.7543945
vn -0.07385254 0.7099609 -0.7001953
vn -0.07385254 0.7099609 -0.7001953
vn -0.07385254 0.7099609 -0.7001953
vn -0.07385254 0.7099609 -0.7001953
vn 0.1970215 -0.7519531 0.6293945
vn 0.1970215 -0.7519531 0.6293945
vn 0.1970215 -0.7519531 0.6293945
vn 0.1970215 -0.7519531 0.6293945
vn 0.5537109 0.2521973 -0.7939453
vn 0.5537109 0.2521973 -0.7939453
vn 0.5537109 0.2521973 -0.7939453
vn 0.5537109 0.2521973 -0.7939453
vn -0.6513672 -0.125 0.7485352
vn -0.6513672 -0.125 0.7485352
vn -0.6513672 -0.125 0.7485352
vn -0.6513672 -0.125 0.7485352
vn -0.2900391 0.7729492 -0.5644531
vn -0.2900391 0.7729492 -0.5644531
vn -0.2900391 0.7729492 -0.5644531
vn -0.2900391 0.7729492 -0.5644531
vn 0.2120361 -0.7558594 0.6191406
vn 0.2120361 -0.7558594 0.6191406
vn 0.2120361 -0.7558594 0.6191406
vn 0.2120361 -0.7558594 0.6191406
vn 0.7143555 0.02481079 -0.6992188
vn 0.7143555 0.02481079 -0.6992188
vn 0.7143555 0.02481079 -0.6992188
vn 0.7143555 0.02481079 -0.6992188
vn 0.8017578 -0.5854492 -0.119812
vn 0.8017578 -0.5854492 -0.119812
vn 0.8017578 -0.5854492 -0.119812
vn 0.8017578 -0.5854492 -0.119812
vn -0.8017578 0.5854492 0.119751
vn -0.8017578 0.5854492 0.119751
vn -0.8017578 0.5854492 0.119751
vn -0.8017578 0.5854492 0.119751
vn 0.6533203 0.730957 0.1976318
vn 0.6494141 0.7324219 0.2036133
vn 0.6494141 0.7324219 0.2036133
vn 0.6533203 0.730957 0.1976318
vn 0.9619141 -0.12854 -0.2408447
vn 0.9619141 -0.12854 -0.2408447
vn 0.9619141 -0.12854 -0.2408447
vn 0.9619141 -0.12854 -0.2408447
vn 0.3271484 -0.8012695 -0.5009766
vn 0.3271484 -0.8012695 -0.5009766
vn 0.3271484 -0.8012695 -0.5009766
vn 0.3271484 -0.8012695 -0.5009766
vn -0.6757813 -0.65625 -0.3361816
vn -0.6728516 -0.6650391 -0.3239746
vn -0.6728516 -0.6650391 -0.3239746
vn -0.6757813 -0.65625 -0.3361816
vn -0.9838867 0.164917 0.07165527
vn -0.9838867 0.164917 0.07165527
vn -0.9838867 0.164917 0.07165527
vn -0.9838867 0.164917 0.07165527
vn -0.3117676 0.8818359 0.3535156
vn -0.3117676 0.8818359 0.3535156
vn -0.3117676 0.8818359 0.3535156
vn -0.3117676 0.8818359 0.3535156
vn 0.65625 0.6279297 0.418457
vn 0.65625 0.6279297 0.418457
vn 0.65625 0.6279297 0.418457
vn 0.65625 0.6279297 0.418457
vn 0.9677734 -0.2416992 0.07342529
vn 0.9677734 -0.2416992 0.07342529
vn 0.9677734 -0.2416992 0.07342529
vn 0.9677734 -0.2416992 0.07342529
vn 0.3139648 -0.9296875 -0.1936035
vn 0.3139648 -0.9296875 -0.1936035
vn 0.3139648 -0.9296875 -0.1936035
vn 0.3139648 -0.9296875 -0.1936035
vn -0.6523438 -0.7490234 -0.1159668
vn -0.6523438 -0.7490234 -0.1159668
vn -0.6523438 -0.7490234 -0.1159668
vn -0.6523438 -0.7490234 -0.1159668
vn -0.9658203 0.1213379 0.2290039
vn -0.9658203 0.1213379 0.2290039
vn -0.9658203 0.1213379 0.2290039
vn -0.9658203 0.1213379 0.2290039
vn -0.310791 0.8105469 0.496582
vn -0.310791 0.8105469 0.496582
vn -0.310791 0.8105469 0.496582
vn -0.310791 0.8105469 0.496582
vn 0.2319336 -0.7114258 -0.6630859
vn 0.2319336 -0.7114258 -0.6630859
vn 0.2319336 -0.7114258 -0.6630859
vn 0.2319336 -0.7114258 -0.6630859
vn 0.918457 0 -0.3959961
vn 0.918457 0 -0.3959961
vn 0.918457 0 -0.3959961
vn 0.918457 0 -0.3959961
vn 0.6494141 0.7324219 0.2036133
vn 0.6459961 0.7338867 0.2094727
vn 0.6459961 0.7338867 0.2094727
vn 0.6494141 0.7324219 0.2036133
vn -0.3200684 0.7739258 0.5463867
vn -0.3200684 0.7739258 0.5463867
vn -0.3200684 0.7739258 0.5463867
vn -0.3200684 0.7739258 0.5463867
vn -0.9545898 0.08984375 0.2839355
vn -0.9545898 0.08984375 0.2839355
vn -0.9545898 0.08984375 0.2839355
vn -0.9545898 0.08984375 0.2839355
vn -0.6728516 -0.6650391 -0.3239746
vn -0.6699219 -0.6738281 -0.3117676
vn -0.6699219 -0.6738281 -0.3117676
vn -0.6728516 -0.6650391 -0.3239746
vn 0.6762695 0.2115479 0.7060547
vn 0.6762695 0.2115479 0.7060547
vn 0.6762695 0.2115479 0.7060547
vn 0.6762695 0.2115479 0.7060547
vn 0.8730469 -0.3129883 0.3745117
vn 0.8730469 -0.3129883 0.3745117
vn 0.8730469 -0.3129883 0.3745117
vn 0.8730469 -0.3129883 0.3745117
vn 0.4387207 -0.890625 0.1185303
vn 0.4387207 -0.890625 0.1185303
vn 0.4387207 -0.890625 0.1185303
vn 0.4387207 -0.890625 0.1185303
vn -0.5688477 -0.7202148 0.3972168
vn -0.5688477 -0.7202148 0.3972168
vn -0.5688477 -0.7202148 0.3972168
vn -0.5688477 -0.7202148 0.3972168
vn -0.6889648 -0.3686523 0.6240234
vn -0.6889648 -0.3686523 0.6240234
vn -0.6889648 -0.3686523 0.6240234
vn -0.6889648 -0.3686523 0.6240234
vn -0.07147217 0.3688965 0.9267578
vn -0.07147217 0.3688965 0.9267578
vn -0.07147217 0.3688965 0.9267578
vn -0.07147217 0.3688965 0.9267578
vn 0.512207 0.8520508 -0.109375
vn 0.512207 0.8520508 -0.109375
vn 0.512207 0.8520508 -0.109375
vn 0.512207 0.8520508 -0.109375
vn 0.7998047 0.0848999 -0.59375
vn 0.7998047 0.0848999 -0.59375
vn 0.7998047 0.0848999 -0.59375
vn 0.7998047 0.0848999 -0.59375
vn 0.2016602 -0.6079102 -0.7680664
vn 0.2016602 -0.6079102 -0.7680664
vn 0.2016602 -0.6079102 -0.7680664
vn 0.2016602 -0.6079102 -0.7680664
vn -0.6308594 -0.5024414 -0.5913086
vn -0.6308594 -0.5024414 -0.5913086
vn -0.6308594 -0.5024414 -0.5913086
vn -0.6308594 -0.5024414 -0.5913086
vn -0.9472656 0.3110352 -0.07739258
vn -0.9472656 0.3110352 -0.07739258
vn -0.9472656 0.3110352 -0.07739258
vn -0.9472656 0.3110352 -0.07739258
vn -0.3603516 0.9160156 0.1767578
vn -0.3603516 0.9160156 0.1767578
vn -0.3603516 0.9160156 0.1767578
vn -0.3603516 0.9160156 0.1767578
vn -0.7441406 -0.6230469 -0.2412109
vn -0.7441406 -0.6230469 -0.2412109
vn -0.7441406 -0.6230469 -0.2412109
vn -0.7441406 -0.6230469 -0.2412109
vn -0.2810059 0.7231445 -0.6308594
vn -0.2810059 0.7231445 -0.6308594
vn -0.2810059 0.7231445 -0.6308594
vn -0.2810059 0.7231445 -0.6308594
vn 0.7939453 0.4941406 0.3537598
vn 0.7939453 0.4941406 0.3537598
vn 0.7939453 0.4941406 0.3537598
vn 0.7939453 0.4941406 0.3537598
vn 0.2810059 -0.7231445 0.6308594
vn 0.2810059 -0.7231445 0.6308594
vn 0.2810059 -0.7231445 0.6308594
vn 0.2810059 -0.7231445 0.6308594
vn -0.746582 -0.6176758 -0.246582
vn -0.746582 -0.6176758 -0.246582
vn -0.746582 -0.6176758 -0.246582
vn -0.746582 -0.6176758 -0.246582
vn -0.4880371 0.2224121 0.84375
vn -0.4880371 0.2224121 0.84375
vn -0.4880371 0.22229 0.8442383
vn -0.4880371 0.22229 0.8442383
vn -0.4741211 0.1951904 0.8583984
vn -0.4741211 0.1951904 0.8583984
vn -0.4572754 0.1639404 0.8740234
vn -0.4572754 0.1638184 0.8740234
vn -0.4741211 0.1949463 0.8583984
vn -0.4741211 0.1949463 0.8583984
vn -0.4345703 0.1229248 0.8920898
vn -0.4345703 0.1229248 0.8920898
vn -0.4226074 0.1019287 0.9003906
vn -0.4226074 0.1019287 0.9003906
vn -0.4160156 0.09057617 0.9047852
vn -0.4160156 0.09057617 0.9047852
vn 0.7924805 0.5 0.3491211
vn 0.7924805 0.5 0.3491211
vn 0.7924805 0.5 0.3491211
vn 0.7924805 0.5 0.3491211
vn 0.4880371 -0.2224121 -0.8442383
vn 0.4880371 -0.2224121 -0.8442383
vn 0.4880371 -0.2224121 -0.8442383
vn 0.4880371 -0.2224121 -0.8442383
vn 0.473877 -0.1950684 -0.8588867
vn 0.473877 -0.1950684 -0.8588867
vn 0.4572754 -0.1639404 -0.8740234
vn 0.4572754 -0.1639404 -0.8740234
vn 0.4741211 -0.1949463 -0.8583984
vn 0.4741211 -0.1949463 -0.8583984
vn 0.4345703 -0.1229858 -0.8920898
vn 0.4345703 -0.1229858 -0.8920898
vn 0.4226074 -0.1019897 -0.9003906
vn 0.4226074 -0.1019897 -0.9003906
vn 0.4160156 -0.09063721 -0.9047852
vn 0.4160156 -0.09063721 -0.9047852
vn -0.7397461 -0.6313477 -0.2331543
vn -0.7397461 -0.6313477 -0.2331543
vn -0.7397461 -0.6313477 -0.2331543
vn -0.7397461 -0.6313477 -0.2331543
vn 0.796875 0.4846191 0.3613281
vn 0.796875 0.4846191 0.3613281
vn 0.796875 0.4846191 0.3613281
vn 0.796875 0.4846191 0.3613281
vn -0.7695313 -0.5673828 -0.2929688
vn -0.7695313 -0.5673828 -0.2929688
vn -0.7695313 -0.5673828 -0.2929688
vn -0.7695313 -0.5673828 -0.2929688
vn 0.7749023 0.5537109 0.3046875
vn 0.7749023 0.5537109 0.3046875
vn 0.7749023 0.5537109 0.3046875
vn 0.7749023 0.5537109 0.3046875
vn -0.8144531 -0.392334 -0.4272461
vn -0.8144531 -0.392334 -0.4272461
vn -0.8144531 -0.392334 -0.4272461
vn -0.8144531 -0.392334 -0.4272461
vn 0.6938477 0.7026367 0.1567383
vn 0.6938477 0.7026367 0.1567383
vn 0.6938477 0.7026367 0.1567383
vn 0.6938477 0.7026367 0.1567383
vn -0.2376709 -0.9150391 0.326416
vn -0.2376709 -0.9150391 0.326416
vn -0.2376709 -0.9150391 0.326416
vn -0.2376709 -0.9150391 0.326416
vn -0.5668945 0.3952637 0.7231445
vn -0.5698242 0.4033203 0.7163086
vn -0.5698242 0.4033203 0.7163086
vn -0.5698242 0.4030762 0.7163086
vn -0.5698242 0.4033203 0.7158203
vn -0.5668945 0.3952637 0.7226563
vn -0.5605469 0.3791504 0.7363281
vn -0.5605469 0.3791504 0.7363281
vn -0.5698242 0.4033203 0.7158203
vn -0.5698242 0.4033203 0.7158203
vn -0.7773438 0.01824951 -0.6289063
vn -0.7773438 0.01824951 -0.6289063
vn -0.7773438 0.01824951 -0.6289063
vn -0.7773438 0.01824951 -0.6289063
vn 0.5698242 -0.4030762 -0.7158203
vn 0.5703125 -0.402832 -0.7158203
vn 0.5703125 -0.402832 -0.7158203
vn 0.5668945 -0.3950195 -0.7226563
vn 0.5668945 -0.3952637 -0.7226563
vn 0.5698242 -0.4030762 -0.7158203
vn 0.5698242 -0.4030762 -0.7158203
vn 0.5698242 -0.4030762 -0.7158203
vn 0.5605469 -0.3791504 -0.7363281
vn 0.5605469 -0.3791504 -0.7363281
vn 0.4240723 0.890625 -0.1639404
vn 0.4240723 0.890625 -0.1639404
vn 0.4240723 0.890625 -0.1639404
vn 0.4240723 0.890625 -0.1639404
vn 0.6875 -0.2435303 0.684082
vn 0.6875 -0.2435303 0.684082
vn 0.6875 -0.2435303 0.684082
vn 0.6875 -0.2435303 0.684082
vn -0.2138672 -0.9140625 0.3447266
vn -0.2138672 -0.9140625 0.3447266
vn -0.2138672 -0.9140625 0.3447266
vn -0.2138672 -0.9140625 0.3447266
vn -0.6723633 0.2719727 -0.6884766
vn -0.6723633 0.2719727 -0.6884766
vn -0.6723633 0.2719727 -0.6884766
vn -0.6723633 0.2719727 -0.6884766
vn 0.6738281 -0.2697754 0.6879883
vn 0.6738281 -0.2697754 0.6879883
vn 0.6738281 -0.2697754 0.6879883
vn 0.6738281 -0.2697754 0.6879883
vn 0.2120361 0.9140625 -0.3457031
vn 0.2120361 0.9140625 -0.3457031
vn 0.2120361 0.9140625 -0.3457031
vn 0.2120361 0.9140625 -0.3457031
vn -0.1203613 -0.902832 0.4125977
vn -0.1203613 -0.902832 0.4125977
vn -0.1203613 -0.902832 0.4125977
vn -0.1203613 -0.902832 0.4125977
vn -0.3884277 0.04421997 0.9204102
vn -0.3884277 0.04421997 0.9204102
vn -0.3884277 0.04421997 0.9204102
vn -0.4069824 0.05255127 0.9121094
vn -0.4016113 0 0.9155273
vn -0.4016113 0 0.9155273
vn -0.4133301 0.02528381 0.9101563
vn -0.4208984 -0.01480865 0.9067383
vn -0.4208984 -0.01480865 0.9067383
vn -0.4208984 -0.01480865 0.9067383
vn -0.6157227 0.3674316 -0.6972656
vn -0.6157227 0.3674316 -0.6972656
vn -0.6157227 0.3674316 -0.6972656
vn -0.6157227 0.3674316 -0.6972656
vn 0.4069824 -0.0526123 -0.9121094
vn 0.3884277 -0.04431152 -0.9204102
vn 0.3884277 -0.04431152 -0.9204102
vn 0.3884277 -0.04431152 -0.9204102
vn 0.4133301 -0.02526855 -0.9101563
vn 0.4018555 0 -0.9155273
vn 0.4018555 0 -0.9155273
vn 0.4211426 0.01490021 -0.9067383
vn 0.4211426 0.01490021 -0.9067383
vn 0.4211426 0.01490021 -0.9067383
vn 0.6147461 -0.3693848 0.6972656
vn 0.6147461 -0.3693848 0.6972656
vn 0.6147461 -0.3693848 0.6972656
vn 0.6147461 -0.3693848 0.6972656
vn 0.3884277 -0.04406738 -0.9204102
vn 0.3884277 -0.04406738 -0.9204102
vn 0.3884277 -0.04406738 -0.9204102
vn 0.3881836 -0.06628418 -0.9189453
vn 0.3457031 -0.04122925 -0.9375
vn 0.3457031 -0.04122925 -0.9375
vn 0.3618164 -0.06246948 -0.9301758
vn 0.3225098 -0.05535889 -0.9448242
vn 0.3225098 -0.05535889 -0.9448242
vn 0.3225098 -0.05535889 -0.9448242
vn 0.1224976 0.9033203 -0.4111328
vn 0.1224976 0.9033203 -0.4111328
vn 0.1224976 0.9033203 -0.4111328
vn 0.1224976 0.9033203 -0.4111328
vn -0.3881836 0.06634521 0.9194336
vn -0.3884277 0.04428101 0.9204102
vn -0.3884277 0.04428101 0.9204102
vn -0.3884277 0.04428101 0.9204102
vn -0.3618164 0.06237793 0.9301758
vn -0.345459 0.04122925 0.9375
vn -0.345459 0.04122925 0.9375
vn -0.3225098 0.05511475 0.9448242
vn -0.3225098 0.05511475 0.9448242
vn -0.3225098 0.05511475 0.9448242
vn -0.1640625 -0.909668 0.3815918
vn -0.1640625 -0.909668 0.3815918
vn -0.1640625 -0.909668 0.3815918
vn -0.1640625 -0.909668 0.3815918
vn -0.5605469 0.4462891 -0.6972656
vn -0.5605469 0.4462891 -0.6972656
vn -0.5605469 0.4462891 -0.6972656
vn -0.5605469 0.4462891 -0.6972656
vn 0.6430664 -0.3232422 0.6938477
vn 0.6430664 -0.3232422 0.6938477
vn 0.6430664 -0.3232422 0.6938477
vn 0.6430664 -0.3232422 0.6938477
vn 0.04370117 0.8847656 -0.4638672
vn 0.04370117 0.8847656 -0.4638672
vn 0.04370117 0.8847656 -0.4638672
vn 0.04370117 0.8847656 -0.4638672
vn -0.1791992 -0.9111328 0.3706055
vn -0.1791992 -0.9111328 0.3706055
vn -0.1791992 -0.9111328 0.3706055
vn -0.1791992 -0.9111328 0.3706055
vn -0.6977539 0.2227783 -0.6806641
vn -0.6977539 0.2227783 -0.6806641
vn -0.6977539 0.2227783 -0.6806641
vn -0.6977539 0.2227783 -0.6806641
vn 0.6523438 -0.307373 0.6923828
vn 0.6523438 -0.307373 0.6923828
vn 0.6523438 -0.307373 0.6923828
vn 0.6523438 -0.307373 0.6923828
vn 0.2805176 0.9145508 -0.2915039
vn 0.2805176 0.9145508 -0.2915039
vn 0.2805176 0.9145508 -0.2915039
vn 0.2805176 0.9145508 -0.2915039
vn 0.7719727 0.5605469 0.2988281
vn 0.7719727 0.5605469 0.2988281
vn 0.7719727 0.5605469 0.2988281
vn 0.7719727 0.5605469 0.2988281
vn -0.7724609 -0.5605469 -0.2988281
vn -0.7724609 -0.5605469 -0.2988281
vn -0.7724609 -0.5605469 -0.2988281
vn -0.7724609 -0.5605469 -0.2988281
vn 0.7910156 0.5361328 0.2946777
vn 0.7910156 0.5361328 0.2946777
vn 0.7910156 0.5361328 0.2946777
vn 0.7910156 0.5361328 0.2946777
vn -0.06890869 0.4301758 -0.8999023
vn -0.06890869 0.4301758 -0.8999023
vn -0.06890869 0.4301758 -0.8999023
vn -0.06890869 0.4301758 -0.8999023
vn -0.7788086 -0.6123047 -0.1345215
vn -0.7788086 -0.6123047 -0.1345215
vn -0.7788086 -0.6123047 -0.1345215
vn -0.7788086 -0.6123047 -0.1345215
vn 0.06896973 -0.4304199 0.8999023
vn 0.06896973 -0.4304199 0.8999023
vn 0.06896973 -0.4304199 0.8999023
vn 0.06896973 -0.4304199 0.8999023
vn 0.7910156 0.5395508 0.2880859
vn 0.7910156 0.5395508 0.2880859
vn 0.7910156 0.5395508 0.2880859
vn 0.7910156 0.5395508 0.2880859
vn 0.6103516 -0.7763672 -0.1573486
vn 0.6103516 -0.7763672 -0.1573486
vn 0.6108398 -0.7758789 -0.1573486
vn 0.6108398 -0.7758789 -0.1573486
vn 0.6074219 -0.784668 -0.1245728
vn 0.6074219 -0.784668 -0.1245728
vn 0.6035156 -0.7924805 -0.08703613
vn 0.6035156 -0.7924805 -0.08703613
vn 0.6079102 -0.7841797 -0.1245728
vn 0.6079102 -0.7841797 -0.1245728
vn 0.5966797 -0.8017578 -0.03799438
vn 0.5966797 -0.8017578 -0.03799438
vn 0.5922852 -0.8056641 -0.01331329
vn 0.5922852 -0.8056641 -0.01331329
vn 0.590332 -0.8071289 0
vn 0.590332 -0.8071289 0
vn -0.7802734 -0.609375 -0.1416016
vn -0.7802734 -0.609375 -0.1416016
vn -0.7802734 -0.609375 -0.1416016
vn -0.7802734 -0.609375 -0.1416016
vn -0.6108398 0.7763672 0.1572266
vn -0.6108398 0.7763672 0.1572266
vn -0.6108398 0.7763672 0.1572266
vn -0.6108398 0.7763672 0.1572266
vn -0.6074219 0.7841797 0.1245117
vn -0.6074219 0.7841797 0.1245117
vn -0.6035156 0.7924805 0.08703613
vn -0.6035156 0.7924805 0.0869751
vn -0.6074219 0.784668 0.1243896
vn -0.6074219 0.784668 0.1243896
vn -0.5966797 0.8017578 0.03805542
vn -0.5966797 0.8017578 0.03805542
vn -0.5927734 0.8051758 0.01333618
vn -0.5927734 0.8051758 0.01333618
vn -0.590332 0.8071289 0
vn -0.590332 0.8071289 0
vn 0.7910156 0.5297852 0.3054199
vn 0.7910156 0.5297852 0.3054199
vn 0.7910156 0.5297852 0.3054199
vn 0.7910156 0.5297852 0.3054199
vn -0.7773438 -0.6171875 -0.123291
vn -0.7773438 -0.6171875 -0.123291
vn -0.7773438 -0.6171875 -0.123291
vn -0.7773438 -0.6171875 -0.123291
vn 0.7890625 0.5722656 0.223877
vn 0.7890625 0.5722656 0.223877
vn 0.7890625 0.5722656 0.223877
vn 0.7890625 0.5722656 0.223877
vn -0.7875977 -0.5805664 -0.2069092
vn -0.7875977 -0.5805664 -0.2069092
vn -0.7875977 -0.5805664 -0.2069092
vn -0.7875977 -0.5805664 -0.2069092
vn 0.7553711 0.6552734 0.01725769
vn 0.7553711 0.6552734 0.01725769
vn 0.7553711 0.6552734 0.01725769
vn 0.7553711 0.6552734 0.01725769
vn -0.784668 -0.470459 -0.4035645
vn -0.784668 -0.470459 -0.4035645
vn -0.784668 -0.470459 -0.4035645
vn -0.784668 -0.470459 -0.4035645
vn 0.5273438 0 0.8496094
vn 0.5273438 0 0.8496094
vn 0.5273438 0 0.8496094
vn 0.5273438 0 0.8496094
vn 0.6123047 -0.6992188 -0.3691406
vn 0.6113281 -0.6948242 -0.3791504
vn 0.6113281 -0.6948242 -0.3791504
vn 0.6113281 -0.6948242 -0.3789063
vn 0.6113281 -0.6943359 -0.3789063
vn 0.6123047 -0.6992188 -0.3691406
vn 0.6132813 -0.7084961 -0.3491211
vn 0.6132813 -0.7084961 -0.3491211
vn 0.6113281 -0.6948242 -0.3789063
vn 0.6113281 -0.6948242 -0.3789063
vn 0.5698242 0.71875 -0.3979492
vn 0.5698242 0.71875 -0.3979492
vn 0.5698242 0.71875 -0.3979492
vn 0.5698242 0.71875 -0.3979492
vn -0.6113281 0.6948242 0.3789063
vn -0.6113281 0.6948242 0.3789063
vn -0.6113281 0.6948242 0.3789063
vn -0.6123047 0.6992188 0.3691406
vn -0.6123047 0.6992188 0.3691406
vn -0.6113281 0.6943359 0.3789063
vn -0.6113281 0.6948242 0.3789063
vn -0.6113281 0.6948242 0.3789063
vn -0.6132813 0.7084961 0.3491211
vn -0.6132813 0.7084961 0.3491211
vn -0.6567383 -0.1778564 -0.7329102
vn -0.6567383 -0.1778564 -0.7329102
vn -0.6567383 -0.1778564 -0.7329102
vn -0.6567383 -0.1778564 -0.7329102
vn -0.4169922 -0.6899414 0.5917969
vn -0.4169922 -0.6899414 0.5917969
vn -0.4169922 -0.6899414 0.5917969
vn -0.4169922 -0.6899414 0.5917969
vn 0.5092773 -0.02076721 0.8603516
vn 0.5092773 -0.02076721 0.8603516
vn 0.5092773 -0.02076721 0.8603516
vn 0.5092773 -0.02076721 0.8603516
vn 0.3950195 0.6831055 -0.6142578
vn 0.3950195 0.6831055 -0.6142578
vn 0.3950195 0.6831055 -0.6142578
vn 0.3950195 0.6831055 -0.6142578
vn -0.3967285 -0.6835938 0.612793
vn -0.3967285 -0.6835938 0.612793
vn -0.3967285 -0.6835938 0.612793
vn -0.3967285 -0.6835938 0.612793
vn -0.5083008 0.02233887 -0.8608398
vn -0.5083008 0.02233887 -0.8608398
vn -0.5083008 0.02233887 -0.8608398
vn -0.5083008 0.02233887 -0.8608398
vn 0.4355469 -0.1045532 0.894043
vn 0.4355469 -0.1045532 0.894043
vn 0.4355469 -0.1045532 0.894043
vn 0.4355469 -0.1045532 0.894043
vn 0.5795898 -0.8129883 0.05535889
vn 0.5795898 -0.8129883 0.05535889
vn 0.5795898 -0.8129883 0.05535889
vn 0.5927734 -0.8041992 0.03982544
vn 0.6015625 -0.793457 0.09057617
vn 0.6015625 -0.793457 0.09057617
vn 0.6049805 -0.7939453 0.06256104
vn 0.6210938 -0.7773438 0.09692383
vn 0.6210938 -0.7773438 0.09692383
vn 0.6210938 -0.7773438 0.09692383
vn 0.3164063 0.6538086 -0.6875
vn 0.3164063 0.6538086 -0.6875
vn 0.3164063 0.6538086 -0.6875
vn 0.3164063 0.6538086 -0.6875
vn -0.5927734 0.8041992 -0.03973389
vn -0.5795898 0.8129883 -0.05529785
vn -0.5795898 0.8129883 -0.05529785
vn -0.5795898 0.8129883 -0.05529785
vn -0.6049805 0.7939453 -0.0625
vn -0.6015625 0.793457 -0.0904541
vn -0.6015625 0.793457 -0.0904541
vn -0.6210938 0.777832 -0.09692383
vn -0.6210938 0.777832 -0.09692383
vn -0.6210938 0.777832 -0.09692383
vn -0.3144531 -0.652832 0.6889648
vn -0.3144531 -0.652832 0.6889648
vn -0.3144531 -0.652832 0.6889648
vn -0.3144531 -0.652832 0.6889648
vn -0.5795898 0.8129883 -0.05529785
vn -0.5795898 0.8129883 -0.05529785
vn -0.5795898 0.8129883 -0.05529785
vn -0.5737305 0.8183594 -0.03451538
vn -0.5444336 0.8354492 -0.0748291
vn -0.5444336 0.8354492 -0.0748291
vn -0.5527344 0.8320313 -0.04858398
vn -0.5209961 0.8505859 -0.07073975
vn -0.5209961 0.8505859 -0.07073975
vn -0.5209961 0.8505859 -0.07073975
vn -0.4375 0.1022949 -0.8935547
vn -0.4375 0.1022949 -0.8935547
vn -0.4375 0.1022949 -0.8935547
vn -0.4375 0.1022949 -0.8935547
vn 0.5737305 -0.8183594 0.03460693
vn 0.5795898 -0.8129883 0.0553894
vn 0.5795898 -0.8129883 0.0553894
vn 0.5795898 -0.8129883 0.0553894
vn 0.5527344 -0.8320313 0.04864502
vn 0.5444336 -0.8354492 0.07495117
vn 0.5444336 -0.8354492 0.07495117
vn 0.5214844 -0.8505859 0.07080078
vn 0.5214844 -0.8505859 0.07080078
vn 0.5214844 -0.8505859 0.07080078
vn 0.4707031 -0.06555176 0.8798828
vn 0.4707031 -0.06555176 0.8798828
vn 0.4707031 -0.06555176 0.8798828
vn 0.4707031 -0.06555176 0.8798828
vn 0.2451172 0.621582 -0.7441406
vn 0.2451172 0.621582 -0.7441406
vn 0.2451172 0.621582 -0.7441406
vn 0.2451172 0.621582 -0.7441406
vn -0.3535156 -0.668457 0.6547852
vn -0.3535156 -0.668457 0.6547852
vn -0.3535156 -0.668457 0.6547852
vn -0.3535156 -0.668457 0.6547852
vn -0.3720703 0.1706543 -0.9125977
vn -0.3720703 0.1706543 -0.9125977
vn -0.3720703 0.1706543 -0.9125977
vn -0.3720703 0.1706543 -0.9125977
vn 0.4824219 -0.05233765 0.8745117
vn 0.4824219 -0.05233765 0.8745117
vn 0.4824219 -0.05233765 0.8745117
vn 0.4824219 -0.05233765 0.8745117
vn 0.4326172 0.6943359 -0.5751953
vn 0.4326172 0.6943359 -0.5751953
vn 0.4326172 0.6943359 -0.5751953
vn 0.4326172 0.6943359 -0.5751953
vn -0.3664551 -0.6733398 0.6425781
vn -0.3664551 -0.6733398 0.6425781
vn -0.3664551 -0.6733398 0.6425781
vn -0.3664551 -0.6733398 0.6425781
vn -0.559082 -0.0401001 -0.828125
vn -0.559082 -0.0401001 -0.828125
vn -0.559082 -0.0401001 -0.828125
vn -0.559082 -0.0401001 -0.828125
vn -0.7880859 -0.5766602 -0.2154541
vn -0.7880859 -0.5766602 -0.2154541
vn -0.7880859 -0.5766602 -0.2154541
vn -0.7880859 -0.5766602 -0.2154541
vn 0.7880859 0.5766602 0.215332
vn 0.7880859 0.5766602 0.215332
vn 0.7880859 0.5766602 0.215332
vn 0.7880859 0.5766602 0.215332
vn 0.1141357 -0.8813477 -0.4584961
vn 0.1141357 -0.8813477 -0.4584961
vn 0.1141357 -0.8813477 -0.4584961
vn 0.1141357 -0.8813477 -0.4584961
vn -0.3737793 0.46875 -0.800293
vn -0.3737793 0.46875 -0.800293
vn -0.3737793 0.46875 -0.800293
vn -0.3737793 0.46875 -0.800293
vn -0.04782104 0.7978516 0.6010742
vn -0.04782104 0.7978516 0.6010742
vn -0.04782104 0.7978516 0.6010742
vn -0.04782104 0.7978516 0.6010742
vn 0.3735352 -0.4689941 0.800293
vn 0.3735352 -0.4689941 0.800293
vn 0.3735352 -0.4689941 0.800293
vn 0.3735352 -0.4689941 0.800293
vn 0.1113281 -0.878418 -0.4650879
vn 0.1113281 -0.878418 -0.4650879
vn 0.1113281 -0.878418 -0.4650879
vn 0.1113281 -0.878418 -0.4650879
vn -0.8105469 -0.3662109 0.4567871
vn -0.8105469 -0.3662109 0.4567871
vn -0.8105469 -0.3662109 0.456543
vn -0.8105469 -0.3662109 0.456543
vn -0.7905273 -0.3791504 0.4807129
vn -0.7905273 -0.3791504 0.4807129
vn -0.7666016 -0.3937988 0.5073242
vn -0.7666016 -0.394043 0.5073242
vn -0.7905273 -0.3793945 0.4807129
vn -0.7905273 -0.3793945 0.4807129
vn -0.7333984 -0.4118652 0.5405273
vn -0.7333984 -0.4118652 0.5405273
vn -0.7158203 -0.4206543 0.5571289
vn -0.7158203 -0.4206543 0.5571289
vn -0.706543 -0.425293 0.565918
vn -0.706543 -0.425293 0.565918
vn -0.05059814 0.8022461 0.5952148
vn -0.05059814 0.8022461 0.5952148
vn -0.05059814 0.8022461 0.5952148
vn -0.05059814 0.8022461 0.5952148
vn 0.8105469 0.3664551 -0.4567871
vn 0.8105469 0.3664551 -0.4567871
vn 0.8105469 0.3662109 -0.4567871
vn 0.8105469 0.3662109 -0.4567871
vn 0.7905273 0.3798828 -0.4804688
vn 0.7905273 0.3798828 -0.4804688
vn 0.7666016 0.394043 -0.5073242
vn 0.7666016 0.394043 -0.5073242
vn 0.7905273 0.3796387 -0.4807129
vn 0.7905273 0.3796387 -0.4807129
vn 0.7333984 0.4116211 -0.5405273
vn 0.7333984 0.4116211 -0.5405273
vn 0.7163086 0.4204102 -0.5571289
vn 0.7163086 0.4204102 -0.5571289
vn 0.706543 0.4250488 -0.565918
vn 0.706543 0.4250488 -0.565918
vn 0.1186523 -0.8857422 -0.4482422
vn 0.1186523 -0.8857422 -0.4482422
vn 0.1186523 -0.8857422 -0.4482422
vn 0.1186523 -0.8857422 -0.4482422
vn -0.04296875 0.7910156 0.6103516
vn -0.04296875 0.7910156 0.6103516
vn -0.04296875 0.7910156 0.6103516
vn -0.04296875 0.7910156 0.6103516
vn 0.0847168 -0.847168 -0.5244141
vn 0.0847168 -0.847168 -0.5244141
vn 0.0847168 -0.847168 -0.5244141
vn 0.0847168 -0.847168 -0.5244141
vn -0.07763672 0.8383789 0.5395508
vn -0.07763672 0.8383789 0.5395508
vn -0.07763672 0.8383789 0.5395508
vn -0.07763672 0.8383789 0.5395508
vn 0 -0.722168 -0.6914063
vn 0 -0.722168 -0.6914063
vn 0 -0.722168 -0.6914063
vn 0 -0.722168 -0.6914063
vn -0.1594238 0.9238281 0.3479004
vn -0.1594238 0.9238281 0.3479004
vn -0.1594238 0.9238281 0.3479004
vn -0.1594238 0.9238281 0.3479004
vn 0.3479004 -0.8803711 0.3222656
vn 0.3479004 -0.8803711 0.3222656
vn 0.3479004 -0.8803711 0.3222656
vn 0.3479004 -0.8803711 0.3222656
vn -0.9199219 -0.2687988 0.2854004
vn -0.9238281 -0.2636719 0.2766113
vn -0.9238281 -0.2636719 0.2766113
vn -0.9238281 -0.2636719 0.2768555
vn -0.9238281 -0.2636719 0.2768555
vn -0.9199219 -0.2687988 0.2856445
vn -0.9111328 -0.2790527 0.3029785
vn -0.9111328 -0.2790527 0.3029785
vn -0.9238281 -0.2636719 0.2768555
vn -0.9238281 -0.2636719 0.2768555
vn -0.1716309 -0.3608398 -0.9165039
vn -0.1716309 -0.3608398 -0.9165039
vn -0.1716309 -0.3608398 -0.9165039
vn -0.1716309 -0.3608398 -0.9165039
vn 0.9238281 0.2636719 -0.2768555
vn 0.9238281 0.263916 -0.2766113
vn 0.9238281 0.263916 -0.2766113
vn 0.9199219 0.2687988 -0.2856445
vn 0.9199219 0.2687988 -0.2856445
vn 0.9238281 0.2636719 -0.2768555
vn 0.9243164 0.2636719 -0.2766113
vn 0.9243164 0.2636719 -0.2766113
vn 0.9111328 0.2788086 -0.3029785
vn 0.9111328 0.2788086 -0.3029785
vn -0.2978516 0.9506836 -0.08911133
vn -0.2978516 0.9506836 -0.08911133
vn -0.2978516 0.9506836 -0.08911133
vn -0.2978516 0.9506836 -0.08911133
vn 0.2504883 0.1289063 0.9594727
vn 0.2504883 0.1289063 0.9594727
vn 0.2504883 0.1289063 0.9594727
vn 0.2504883 0.1289063 0.9594727
vn 0.3525391 -0.8681641 0.3493652
vn 0.3525391 -0.8681641 0.3493652
vn 0.3525391 -0.8681641 0.3493652
vn 0.3525391 -0.8681641 0.3493652
vn -0.2595215 -0.09832764 -0.9609375
vn -0.2595215 -0.09832764 -0.9609375
vn -0.2595215 -0.09832764 -0.9609375
vn -0.2595215 -0.09832764 -0.9609375
vn 0.2592773 0.1002808 0.9604492
vn 0.2592773 0.1002808 0.9604492
vn 0.2592773 0.1002808 0.9604492
vn 0.2592773 0.1002808 0.9604492
vn -0.3527832 0.8671875 -0.3513184
vn -0.3527832 0.8671875 -0.3513184
vn -0.3527832 0.8671875 -0.3513184
vn -0.3527832 0.8671875 -0.3513184
vn 0.3669434 -0.8134766 0.4509277
vn 0.3669434 -0.8134766 0.4509277
vn 0.3669434 -0.8134766 0.4509277
vn 0.3669434 -0.8134766 0.4509277
vn -0.6655273 -0.4428711 0.6005859
vn -0.6655273 -0.4428711 0.6005859
vn -0.6655273 -0.4428711 0.6005859
vn -0.6782227 -0.4475098 0.5825195
vn -0.6411133 -0.4816895 0.597168
vn -0.6411133 -0.4816895 0.597168
vn -0.6625977 -0.4707031 0.5830078
vn -0.6376953 -0.503418 0.5834961
vn -0.6376953 -0.503418 0.5834961
vn -0.6376953 -0.503418 0.5834961
vn -0.2893066 0 -0.9570313
vn -0.2893066 0 -0.9570313
vn -0.2893066 0 -0.9570313
vn -0.2893066 0 -0.9570313
vn 0.6782227 0.4475098 -0.5825195
vn 0.6660156 0.4431152 -0.6005859
vn 0.6660156 0.4431152 -0.6005859
vn 0.6660156 0.4431152 -0.6005859
vn 0.6625977 0.4707031 -0.5825195
vn 0.6411133 0.4816895 -0.597168
vn 0.6411133 0.4816895 -0.597168
vn 0.6376953 0.503418 -0.5830078
vn 0.6376953 0.503418 -0.5830078
vn 0.6376953 0.503418 -0.5830078
vn 0.2900391 0 0.9570313
vn 0.2900391 0 0.9570313
vn 0.2900391 0 0.9570313
vn 0.2900391 0 0.9570313
vn 0.6655273 0.4431152 -0.6000977
vn 0.6655273 0.4431152 -0.6000977
vn 0.6655273 0.4431152 -0.6000977
vn 0.6801758 0.427002 -0.5957031
vn 0.6469727 0.4206543 -0.6357422
vn 0.6469727 0.4206543 -0.6357422
vn 0.6674805 0.4147949 -0.6181641
vn 0.6469727 0.3969727 -0.6508789
vn 0.6469727 0.3969727 -0.6508789
vn 0.6469727 0.3969727 -0.6508789
vn -0.3669434 0.8149414 -0.4484863
vn -0.3669434 0.8149414 -0.4484863
vn -0.3669434 0.8149414 -0.4484863
vn -0.3669434 0.8149414 -0.4484863
vn -0.6801758 -0.427002 0.5957031
vn -0.6655273 -0.4431152 0.6005859
vn -0.6655273 -0.4431152 0.6005859
vn -0.6655273 -0.4431152 0.6005859
vn -0.6674805 -0.4147949 0.6181641
vn -0.6469727 -0.4206543 0.6357422
vn -0.6469727 -0.4206543 0.6357422
vn -0.6469727 -0.3969727 0.6508789
vn -0.6469727 -0.3969727 0.6508789
vn -0.6469727 -0.3969727 0.6508789
vn 0.3608398 -0.840332 0.4040527
vn 0.3608398 -0.840332 0.4040527
vn 0.3608398 -0.840332 0.4040527
vn 0.3608398 -0.840332 0.4040527
vn -0.3120117 0.1018677 -0.9448242
vn -0.3120117 0.1018677 -0.9448242
vn -0.3120117 0.1018677 -0.9448242
vn -0.3120117 0.1018677 -0.9448242
vn 0.2758789 0.04089355 0.9604492
vn 0.2758789 0.04089355 0.9604492
vn 0.2758789 0.04089355 0.9604492
vn 0.2758789 0.04089355 0.9604492
vn -0.3754883 0.7617188 -0.5283203
vn -0.3754883 0.7617188 -0.5283203
vn -0.3754883 0.7617188 -0.5283203
vn -0.3754883 0.7617188 -0.5283203
vn 0.3583984 -0.8491211 0.3879395
vn 0.3583984 -0.8491211 0.3879395
vn 0.3583984 -0.8491211 0.3879395
vn 0.3583984 -0.8491211 0.3879395
vn -0.2436523 -0.1513672 -0.9580078
vn -0.2436523 -0.1513672 -0.9580078
vn -0.2436523 -0.1513672 -0.9580078
vn -0.2436523 -0.1513672 -0.9580078
vn 0.2709961 0.05877686 0.9609375
vn 0.2709961 0.05877686 0.9609375
vn 0.2709961 0.05877686 0.9609375
vn 0.2709961 0.05877686 0.9609375
vn -0.338623 0.9008789 -0.2719727
vn -0.338623 0.9008789 -0.2719727
vn -0.338623 0.9008789 -0.2719727
vn -0.338623 0.9008789 -0.2719727
vn -0.08117676 0.8427734 0.5317383
vn -0.08117676 0.8427734 0.5317383
vn -0.08117676 0.8427734 0.5317383
vn -0.08117676 0.8427734 0.5317383
vn 0.08123779 -0.8427734 -0.5317383
vn 0.08123779 -0.8427734 -0.5317383
vn 0.08123779 -0.8427734 -0.5317383
vn 0.08123779 -0.8427734 -0.5317383
vn 0.6337891 0.7602539 0.1418457
vn 0.6303711 0.7617188 0.1478271
vn 0.6303711 0.7617188 0.1478271
vn 0.6337891 0.7602539 0.1418457
vn 0.9570313 -0.1073608 -0.2697754
vn 0.9570313 -0.1073608 -0.2697754
vn 0.9570313 -0.1073608 -0.2697754
vn 0.9570313 -0.1073608 -0.2697754
vn 0.3371582 -0.8115234 -0.4770508
vn 0.3371582 -0.8115234 -0.4770508
vn 0.3371582 -0.8115234 -0.4770508
vn 0.3371582 -0.8115234 -0.4770508
vn -0.6635742 -0.6923828 -0.2827148
vn -0.6601563 -0.7006836 -0.2700195
vn -0.6601563 -0.7006836 -0.2700195
vn -0.6635742 -0.6923828 -0.2827148
vn -0.9858398 0.135376 0.09991455
vn -0.9858398 0.135376 0.09991455
vn -0.9858398 0.135376 0.09991455
vn -0.9858398 0.135376 0.09991455
vn -0.3295898 0.8862305 0.3259277
vn -0.3295898 0.8862305 0.3259277
vn -0.3295898 0.8862305 0.3259277
vn -0.3295898 0.8862305 0.3259277
vn 0.6479492 0.6674805 0.3666992
vn 0.6479492 0.6674805 0.3666992
vn 0.6479492 0.6674805 0.3666992
vn 0.6479492 0.6674805 0.3666992
vn 0.9775391 -0.2060547 0.04888916
vn 0.9775391 -0.2060547 0.04888916
vn 0.9775391 -0.2060547 0.04888916
vn 0.9775391 -0.2060547 0.04888916
vn 0.3391113 -0.9262695 -0.1640625
vn 0.3391113 -0.9262695 -0.1640625
vn 0.3391113 -0.9262695 -0.1640625
vn 0.3391113 -0.9262695 -0.1640625
vn -0.6298828 -0.7744141 -0.05950928
vn -0.6298828 -0.7744141 -0.05950928
vn -0.6298828 -0.7744141 -0.05950928
vn -0.6298828 -0.7744141 -0.05950928
vn -0.9609375 0.09954834 0.2583008
vn -0.9609375 0.09954834 0.2583008
vn -0.9609375 0.09954834 0.2583008
vn -0.9609375 0.09954834 0.2583008
vn -0.3212891 0.8212891 0.4716797
vn -0.3212891 0.8212891 0.4716797
vn -0.3212891 0.8212891 0.4716797
vn -0.3212891 0.8212891 0.4716797
vn 0.2331543 -0.7324219 -0.6396484
vn 0.2331543 -0.7324219 -0.6396484
vn 0.2331543 -0.7324219 -0.6396484
vn 0.2331543 -0.7324219 -0.6396484
vn 0.9033203 0.01222992 -0.4284668
vn 0.9033203 0.01222992 -0.4284668
vn 0.9033203 0.01222992 -0.4284668
vn 0.9033203 0.01222992 -0.4284668
vn 0.6303711 0.7617188 0.1478271
vn 0.6269531 0.7636719 0.1536865
vn 0.6269531 0.7636719 0.1536865
vn 0.6303711 0.7617188 0.1478271
vn -0.3276367 0.7866211 0.5234375
vn -0.3276367 0.7866211 0.5234375
vn -0.3276367 0.7866211 0.5234375
vn -0.3276367 0.7866211 0.5234375
vn -0.9467773 0.07086182 0.314209
vn -0.9467773 0.07086182 0.314209
vn -0.9467773 0.07086182 0.314209
vn -0.9467773 0.07086182 0.314209
vn -0.6601563 -0.7006836 -0.2700195
vn -0.6567383 -0.7089844 -0.2575684
vn -0.6567383 -0.7089844 -0.2575684
vn -0.6601563 -0.7006836 -0.2700195
vn 0.6923828 0.2653809 0.6708984
vn 0.6923828 0.2653809 0.6708984
vn 0.6923828 0.2653809 0.6708984
vn 0.6923828 0.2653809 0.6708984
vn 0.8955078 -0.2666016 0.355957
vn 0.8955078 -0.2666016 0.355957
vn 0.8955078 -0.2666016 0.355957
vn 0.8955078 -0.2666016 0.355957
vn 0.4731445 -0.8696289 0.1413574
vn 0.4731445 -0.8696289 0.1413574
vn 0.4731445 -0.8696289 0.1413574
vn 0.4731445 -0.8696289 0.1413574
vn -0.5292969 -0.7202148 0.4487305
vn -0.5292969 -0.7202148 0.4487305
vn -0.5292969 -0.7202148 0.4487305
vn -0.5292969 -0.7202148 0.4487305
vn -0.6538086 -0.362793 0.6635742
vn -0.6538086 -0.362793 0.6635742
vn -0.6538086 -0.362793 0.6635742
vn -0.6538086 -0.362793 0.6635742
vn -0.05203247 0.4074707 0.9116211
vn -0.05203247 0.4074707 0.9116211
vn -0.05203247 0.4074707 0.9116211
vn -0.05203247 0.4074707 0.9116211
vn 0.4782715 0.862793 -0.1647949
vn 0.4782715 0.862793 -0.1647949
vn 0.4782715 0.862793 -0.1647949
vn 0.4782715 0.862793 -0.1647949
vn 0.7753906 0.08447266 -0.6254883
vn 0.7753906 0.08447266 -0.6254883
vn 0.7753906 0.08447266 -0.6254883
vn 0.7753906 0.08447266 -0.6254883
vn 0.1959229 -0.6347656 -0.7475586
vn 0.1959229 -0.6347656 -0.7475586
vn 0.1959229 -0.6347656 -0.7475586
vn 0.1959229 -0.6347656 -0.7475586
vn -0.6333008 -0.5488281 -0.5458984
vn -0.6333008 -0.5488281 -0.5458984
vn -0.6333008 -0.5488281 -0.5458984
vn -0.6333008 -0.5488281 -0.5458984
vn -0.9594727 0.2758789 -0.05657959
vn -0.9594727 0.2758789 -0.05657959
vn -0.9594727 0.2758789 -0.05657959
vn -0.9594727 0.2758789 -0.05657959
vn -0.385498 0.9106445 0.1495361
vn -0.385498 0.9106445 0.1495361
vn -0.385498 0.9106445 0.1495361
vn -0.385498 0.9106445 0.1495361
vn -0.7299805 -0.6572266 -0.1871338
vn -0.7299805 -0.6572266 -0.1871338
vn -0.7299805 -0.6572266 -0.1871338
vn -0.7299805 -0.6572266 -0.1871338
vn -0.3276367 0.684082 -0.6513672
vn -0.3276367 0.684082 -0.6513672
vn -0.3276367 0.684082 -0.6513672
vn -0.3276367 0.684082 -0.6513672
vn 0.7880859 0.5356445 0.3029785
vn 0.7880859 0.5356445 0.3029785
vn 0.7880859 0.5356445 0.3029785
vn 0.7880859 0.5356445 0.3029785
vn 0.3276367 -0.6845703 0.6513672
vn 0.3276367 -0.6845703 0.6513672
vn 0.3276367 -0.6845703 0.6513672
vn 0.3276367 -0.6845703 0.6513672
vn -0.7329102 -0.6523438 -0.1922607
vn -0.7329102 -0.6523438 -0.1922607
vn -0.7329102 -0.6523438 -0.1922607
vn -0.7329102 -0.6523438 -0.1922607
vn -0.4658203 0.2437744 0.8505859
vn -0.4658203 0.2437744 0.8505859
vn -0.4660645 0.2436523 0.8505859
vn -0.4660645 0.2436523 0.8505859
vn -0.4504395 0.2177734 0.8657227
vn -0.4504395 0.2177734 0.8657227
vn -0.4321289 0.1878662 0.8818359
vn -0.4321289 0.1877441 0.8818359
vn -0.4506836 0.2176514 0.8657227
vn -0.4506836 0.2176514 0.8657227
vn -0.4072266 0.1484375 0.9013672
vn -0.4072266 0.1484375 0.9013672
vn -0.3942871 0.1282959 0.9101563
vn -0.3942871 0.1282959 0.9101563
vn -0.3869629 0.1174316 0.9145508
vn -0.3869629 0.1174316 0.9145508
vn 0.7866211 0.5410156 0.2980957
vn 0.7866211 0.5410156 0.2980957
vn 0.7866211 0.5410156 0.2980957
vn 0.7866211 0.5410156 0.2980957
vn 0.4658203 -0.2436523 -0.8505859
vn 0.4658203 -0.2436523 -0.8505859
vn 0.4658203 -0.2436523 -0.8505859
vn 0.4658203 -0.2436523 -0.8505859
vn 0.4501953 -0.2176514 -0.8662109
vn 0.4501953 -0.2176514 -0.8662109
vn 0.4321289 -0.1876221 -0.8818359
vn 0.4321289 -0.1877441 -0.8823242
vn 0.4501953 -0.2177734 -0.8662109
vn 0.4501953 -0.2177734 -0.8662109
vn 0.4074707 -0.1483154 -0.9008789
vn 0.4074707 -0.1483154 -0.9008789
vn 0.3942871 -0.1281738 -0.9101563
vn 0.3942871 -0.1281738 -0.9101563
vn 0.387207 -0.1172485 -0.9145508
vn 0.387207 -0.1172485 -0.9145508
vn -0.7250977 -0.6650391 -0.178833
vn -0.7250977 -0.6650391 -0.178833
vn -0.7250977 -0.6650391 -0.178833
vn -0.7250977 -0.6650391 -0.178833
vn 0.7915039 0.5263672 0.3105469
vn 0.7915039 0.5263672 0.3105469
vn 0.7915039 0.5263672 0.3105469
vn 0.7915039 0.5263672 0.3105469
vn -0.7592773 -0.6049805 -0.2401123
vn -0.7592773 -0.6049805 -0.2401123
vn -0.7592773 -0.6049805 -0.2401123
vn -0.7592773 -0.6049805 -0.2401123
vn 0.7651367 0.5922852 0.2521973
vn 0.7651367 0.5922852 0.2521973
vn 0.7651367 0.5922852 0.2521973
vn 0.7651367 0.5922852 0.2521973
vn -0.8149414 -0.4377441 -0.380127
vn -0.8149414 -0.4377441 -0.380127
vn -0.8149414 -0.4377441 -0.380127
vn -0.8149414 -0.4377441 -0.380127
vn 0.6743164 0.7314453 0.100708
vn 0.6743164 0.7314453 0.100708
vn 0.6743164 0.7314453 0.100708
vn 0.6743164 0.7314453 0.100708
vn -0.1942139 -0.9067383 0.3742676
vn -0.1942139 -0.9067383 0.3742676
vn -0.1942139 -0.9067383 0.3742676
vn -0.1942139 -0.9067383 0.3742676
vn -0.5546875 0.4082031 0.7250977
vn -0.5585938 0.4157715 0.7177734
vn -0.5585938 0.4157715 0.7177734
vn -0.5581055 0.4157715 0.7177734
vn -0.5581055 0.4157715 0.7177734
vn -0.5546875 0.4082031 0.7250977
vn -0.5473633 0.3930664 0.7387695
vn -0.5473633 0.3930664 0.7387695
vn -0.5585938 0.4157715 0.7177734
vn -0.5585938 0.4157715 0.7177734
vn -0.7988281 -0.0357666 -0.6005859
vn -0.7988281 -0.0357666 -0.6005859
vn -0.7988281 -0.0357666 -0.6005859
vn -0.7988281 -0.0357666 -0.6005859
vn 0.5585938 -0.4157715 -0.7177734
vn 0.5581055 -0.4157715 -0.7177734
vn 0.5581055 -0.4157715 -0.7177734
vn 0.5546875 -0.4082031 -0.7250977
vn 0.5546875 -0.4082031 -0.7250977
vn 0.5585938 -0.4157715 -0.7177734
vn 0.5581055 -0.4157715 -0.7177734
vn 0.5581055 -0.4157715 -0.7177734
vn 0.5473633 -0.3928223 -0.7387695
vn 0.5473633 -0.3928223 -0.7387695
vn 0.387207 0.8959961 -0.2177734
vn 0.387207 0.8959961 -0.2177734
vn 0.387207 0.8959961 -0.2177734
vn 0.387207 0.8959961 -0.2177734
vn 0.71875 -0.1900635 0.6689453
vn 0.71875 -0.1900635 0.6689453
vn 0.71875 -0.1900635 0.6689453
vn 0.71875 -0.1900635 0.6689453
vn -0.1697998 -0.9042969 0.3916016
vn -0.1697998 -0.9042969 0.3916016
vn -0.1697998 -0.9042969 0.3916016
vn -0.1697998 -0.9042969 0.3916016
vn -0.7050781 0.2182617 -0.6748047
vn -0.7050781 0.2182617 -0.6748047
vn -0.7050781 0.2182617 -0.6748047
vn -0.7050781 0.2182617 -0.6748047
vn 0.7060547 -0.2163086 0.6743164
vn 0.7060547 -0.2163086 0.6743164
vn 0.7060547 -0.2163086 0.6743164
vn 0.7060547 -0.2163086 0.6743164
vn 0.1680908 0.9042969 -0.3928223
vn 0.1680908 0.9042969 -0.3928223
vn 0.1680908 0.9042969 -0.3928223
vn 0.1680908 0.9042969 -0.3928223
vn -0.074646 -0.887207 0.4555664
vn -0.074646 -0.887207 0.4555664
vn -0.074646 -0.887207 0.4555664
vn -0.074646 -0.887207 0.4555664
vn -0.357666 0.07250977 0.9311523
vn -0.357666 0.07250977 0.9311523
vn -0.357666 0.07250977 0.9311523
vn -0.376709 0.08007813 0.9228516
vn -0.3696289 0.02818298 0.9287109
vn -0.3696289 0.02818298 0.9287109
vn -0.3820801 0.05252075 0.9228516
vn -0.3884277 0.01180267 0.9213867
vn -0.3884277 0.01180267 0.9213867
vn -0.3884277 0.01180267 0.9213867
vn -0.6523438 0.3149414 -0.6894531
vn -0.6523438 0.3149414 -0.6894531
vn -0.6523438 0.3149414 -0.6894531
vn -0.6523438 0.3149414 -0.6894531
vn 0.376709 -0.08013916 -0.9228516
vn 0.3574219 -0.0725708 -0.9311523
vn 0.3574219 -0.0725708 -0.9311523
vn 0.3574219 -0.0725708 -0.9311523
vn 0.3820801 -0.05258179 -0.9223633
vn 0.3693848 -0.02835083 -0.9287109
vn 0.3693848 -0.02835083 -0.9287109
vn 0.3884277 -0.01196289 -0.9213867
vn 0.3884277 -0.01196289 -0.9213867
vn 0.3884277 -0.01196289 -0.9213867
vn 0.6508789 -0.3171387 0.6899414
vn 0.6508789 -0.3171387 0.6899414
vn 0.6508789 -0.3171387 0.6899414
vn 0.6508789 -0.3171387 0.6899414
vn 0.3574219 -0.0725708 -0.9311523
vn 0.3574219 -0.0725708 -0.9311523
vn 0.3574219 -0.0725708 -0.9311523
vn 0.3581543 -0.09466553 -0.9287109
vn 0.314209 -0.07196045 -0.9467773
vn 0.314209 -0.07196045 -0.9467773
vn 0.3312988 -0.09216309 -0.9389648
vn 0.2912598 -0.08691406 -0.9526367
vn 0.2912598 -0.08691406 -0.9526367
vn 0.2912598 -0.08691406 -0.9526367
vn 0.07672119 0.8876953 -0.4543457
vn 0.07672119 0.8876953 -0.4543457
vn 0.07672119 0.8876953 -0.4543457
vn 0.07672119 0.8876953 -0.4543457
vn -0.3581543 0.09454346 0.9287109
vn -0.357666 0.07244873 0.9311523
vn -0.357666 0.07244873 0.9311523
vn -0.357666 0.07244873 0.9311523
vn -0.3312988 0.09197998 0.9389648
vn -0.314209 0.07159424 0.9467773
vn -0.314209 0.07159424 0.9467773
vn -0.2915039 0.08666992 0.9526367
vn -0.2915039 0.08666992 0.9526367
vn -0.2915039 0.08666992 0.9526367
vn -0.1192627 -0.8964844 0.4265137
vn -0.1192627 -0.8964844 0.4265137
vn -0.1192627 -0.8964844 0.4265137
vn -0.1192627 -0.8964844 0.4265137
vn -0.5996094 0.395752 -0.6953125
vn -0.5996094 0.395752 -0.6953125
vn -0.5996094 0.395752 -0.6953125
vn -0.5996094 0.395752 -0.6953125
vn 0.6777344 -0.2702637 0.6835938
vn 0.6777344 -0.2702637 0.6835938
vn 0.6777344 -0.2702637 0.6835938
vn 0.6777344 -0.2702637 0.6835938
vn 0 0.8642578 -0.5029297
vn 0 0.8642578 -0.5029297
vn 0 0.8642578 -0.5029297
vn 0 0.8642578 -0.5029297
vn -0.1345215 -0.8994141 0.4162598
vn -0.1345215 -0.8994141 0.4162598
vn -0.1345215 -0.8994141 0.4162598
vn -0.1345215 -0.8994141 0.4162598
vn -0.7280273 0.1688232 -0.6640625
vn -0.7280273 0.1688232 -0.6640625
vn -0.7280273 0.1688232 -0.6640625
vn -0.7280273 0.1688232 -0.6640625
vn 0.6865234 -0.2543945 0.6811523
vn 0.6865234 -0.2543945 0.6811523
vn 0.6865234 -0.2543945 0.6811523
vn 0.6865234 -0.2543945 0.6811523
vn 0.2382813 0.9091797 -0.3413086
vn 0.2382813 0.9091797 -0.3413086
vn 0.2382813 0.9091797 -0.3413086
vn 0.2382813 0.9091797 -0.3413086
vn 0.762207 0.5986328 0.2459717
vn 0.762207 0.5986328 0.2459717
vn 0.762207 0.5986328 0.2459717
vn 0.762207 0.5986328 0.2459717
vn -0.762207 -0.5986328 -0.2462158
vn -0.762207 -0.5986328 -0.2462158
vn -0.762207 -0.5986328 -0.2462158
vn -0.762207 -0.5986328 -0.2462158
vn 0.7817383 0.5742188 0.2423096
vn 0.7817383 0.5742188 0.2423096
vn 0.7817383 0.5742188 0.2423096
vn 0.7817383 0.5742188 0.2423096
vn -0.1152954 0.3867188 -0.9150391
vn -0.1152954 0.3867188 -0.9150391
vn -0.1152954 0.3867188 -0.9150391
vn -0.1152954 0.3867188 -0.9150391
vn -0.7612305 -0.6435547 -0.0793457
vn -0.7612305 -0.6435547 -0.0793457
vn -0.7612305 -0.6435547 -0.0793457
vn -0.7612305 -0.6435547 -0.0793457
vn 0.1148071 -0.387207 0.9145508
vn 0.1148071 -0.387207 0.9145508
vn 0.1148071 -0.387207 0.9145508
vn 0.1148071 -0.387207 0.9145508
vn 0.7817383 0.5776367 0.2353516
vn 0.7817383 0.5776367 0.2353516
vn 0.7817383 0.5776367 0.2353516
vn 0.7817383 0.5776367 0.2353516
vn 0.6313477 -0.7617188 -0.1453857
vn 0.6313477 -0.7617188 -0.1453857
vn 0.6313477 -0.7617188 -0.1453857
vn 0.6313477 -0.7617188 -0.1453857
vn 0.6298828 -0.7685547 -0.1121216
vn 0.6298828 -0.7685547 -0.1121216
vn 0.6269531 -0.7753906 -0.07415771
vn 0.6274414 -0.7753906 -0.07409668
vn 0.6298828 -0.7685547 -0.1120605
vn 0.6298828 -0.7685547 -0.1120605
vn 0.6225586 -0.7822266 -0.02453613
vn 0.6225586 -0.7822266 -0.02453613
vn 0.6191406 -0.7851563 0.0006170273
vn 0.6191406 -0.7851563 0.0006170273
vn 0.6176758 -0.7866211 0.01424408
vn 0.6176758 -0.7866211 0.01424408
vn -0.7631836 -0.640625 -0.08660889
vn -0.7631836 -0.640625 -0.08660889
vn -0.7631836 -0.640625 -0.08660889
vn -0.7631836 -0.640625 -0.08660889
vn -0.6313477 0.7617188 0.1452637
vn -0.6313477 0.7617188 0.1452637
vn -0.6313477 0.7617188 0.1452637
vn -0.6313477 0.7617188 0.1452637
vn -0.6298828 0.7685547 0.1120605
vn -0.6298828 0.7685547 0.1120605
vn -0.6269531 0.7753906 0.07415771
vn -0.6269531 0.7753906 0.07409668
vn -0.6293945 0.7685547 0.1119995
vn -0.6293945 0.7685547 0.1119995
vn -0.6225586 0.7822266 0.02464294
vn -0.6225586 0.7822266 0.02464294
vn -0.6191406 0.7851563 -0.0005803108
vn -0.6191406 0.7851563 -0.0005803108
vn -0.6176758 0.7861328 -0.01430511
vn -0.6176758 0.7861328 -0.01430511
vn 0.7827148 0.5688477 0.2531738
vn 0.7827148 0.5688477 0.2531738
vn 0.7827148 0.5688477 0.2531738
vn 0.7827148 0.5688477 0.2531738
vn -0.7592773 -0.6469727 -0.06811523
vn -0.7592773 -0.6469727 -0.06811523
vn -0.7592773 -0.6469727 -0.06811523
vn -0.7592773 -0.6469727 -0.06811523
vn 0.7758789 0.6074219 0.1699219
vn 0.7758789 0.6074219 0.1699219
vn 0.7758789 0.6074219 0.1699219
vn 0.7758789 0.6074219 0.1699219
vn -0.7739258 -0.6147461 -0.15271
vn -0.7739258 -0.6147461 -0.15271
vn -0.7739258 -0.6147461 -0.15271
vn -0.7739258 -0.6147461 -0.15271
vn 0.7319336 0.6801758 -0.03872681
vn 0.7319336 0.6801758 -0.03872681
vn 0.7319336 0.6801758 -0.03872681
vn 0.7319336 0.6801758 -0.03872681
vn -0.78125 -0.5141602 -0.3540039
vn -0.78125 -0.5141602 -0.3540039
vn -0.78125 -0.5141602 -0.3540039
vn -0.78125 -0.5141602 -0.3540039
vn 0.5561523 0.05618286 0.8291016
vn 0.5561523 0.05618286 0.8291016
vn 0.5561523 0.05618286 0.8291016
vn 0.5561523 0.05618286 0.8291016
vn 0.6230469 -0.6943359 -0.3601074
vn 0.621582 -0.6904297 -0.3701172
vn 0.621582 -0.6904297 -0.3701172
vn 0.621582 -0.6904297 -0.3701172
vn 0.621582 -0.6904297 -0.3701172
vn 0.6230469 -0.6943359 -0.3601074
vn 0.625 -0.7026367 -0.3398438
vn 0.625 -0.7026367 -0.3398438
vn 0.621582 -0.6904297 -0.3701172
vn 0.621582 -0.6904297 -0.3701172
vn 0.5307617 0.71875 -0.4492188
vn 0.5307617 0.71875 -0.4492188
vn 0.5307617 0.71875 -0.4492188
vn 0.5307617 0.71875 -0.4492188
vn -0.621582 0.6904297 0.3701172
vn -0.621582 0.6904297 0.3701172
vn -0.621582 0.6904297 0.3701172
vn -0.6230469 0.6943359 0.3601074
vn -0.6230469 0.6943359 0.3601074
vn -0.621582 0.6904297 0.3701172
vn -0.621582 0.6904297 0.3701172
vn -0.621582 0.6904297 0.3701172
vn -0.6254883 0.7026367 0.3398438
vn -0.6254883 0.7026367 0.3398438
vn -0.6748047 -0.2324219 -0.7006836
vn -0.6748047 -0.2324219 -0.7006836
vn -0.6748047 -0.2324219 -0.7006836
vn -0.6748047 -0.2324219 -0.7006836
vn -0.3720703 -0.6762695 0.6357422
vn -0.3720703 -0.6762695 0.6357422
vn -0.3720703 -0.6762695 0.6357422
vn -0.3720703 -0.6762695 0.6357422
vn 0.5395508 0.03424072 0.8413086
vn 0.5395508 0.03424072 0.8413086
vn 0.5395508 0.03424072 0.8413086
vn 0.5395508 0.03424072 0.8413086
vn 0.3496094 0.6674805 -0.6577148
vn 0.3496094 0.6674805 -0.6577148
vn 0.3496094 0.6674805 -0.6577148
vn 0.3496094 0.6674805 -0.6577148
vn -0.3513184 -0.6679688 0.6557617
vn -0.3513184 -0.6679688 0.6557617
vn -0.3513184 -0.6679688 0.6557617
vn -0.3513184 -0.6679688 0.6557617
vn -0.5380859 -0.03289795 -0.8422852
vn -0.5380859 -0.03289795 -0.8422852
vn -0.5380859 -0.03289795 -0.8422852
vn -0.5380859 -0.03289795 -0.8422852
vn 0.4697266 -0.04968262 0.8813477
vn 0.4697266 -0.04968262 0.8813477
vn 0.4697266 -0.04968262 0.8813477
vn 0.4697266 -0.04968262 0.8813477
vn 0.6088867 -0.7900391 0.06982422
vn 0.6088867 -0.7900391 0.06982422
vn 0.6088867 -0.7900391 0.06982422
vn 0.6210938 -0.7817383 0.05343628
vn 0.6313477 -0.7685547 0.1032715
vn 0.6313477 -0.7685547 0.1032715
vn 0.6337891 -0.7695313 0.07531738
vn 0.6508789 -0.7514648 0.1080933
vn 0.6508789 -0.7514648 0.1080933
vn 0.6508789 -0.7514648 0.1080933
vn 0.2695313 0.6323242 -0.7265625
vn 0.2695313 0.6323242 -0.7265625
vn 0.2695313 0.6323242 -0.7265625
vn 0.2695313 0.6323242 -0.7265625
vn -0.6210938 0.7817383 -0.05328369
vn -0.6088867 0.7900391 -0.06970215
vn -0.6088867 0.7900391 -0.06970215
vn -0.6088867 0.7900391 -0.06970215
vn -0.6337891 0.7695313 -0.07531738
vn -0.6313477 0.7685547 -0.1030884
vn -0.6313477 0.7685547 -0.1030884
vn -0.6508789 0.7514648 -0.1082153
vn -0.6508789 0.7514648 -0.1082153
vn -0.6508789 0.7514648 -0.1082153
vn -0.2678223 -0.6313477 0.7280273
vn -0.2678223 -0.6313477 0.7280273
vn -0.2678223 -0.6313477 0.7280273
vn -0.2678223 -0.6313477 0.7280273
vn -0.6088867 0.7900391 -0.06970215
vn -0.6088867 0.7900391 -0.06970215
vn -0.6088867 0.7900391 -0.06970215
vn -0.6025391 0.7963867 -0.04940796
vn -0.5751953 0.8129883 -0.09143066
vn -0.5751953 0.8129883 -0.09143066
vn -0.5825195 0.8100586 -0.06494141
vn -0.5522461 0.8286133 -0.08886719
vn -0.5522461 0.8286133 -0.08886719
vn -0.5522461 0.8286133 -0.08886719
vn -0.4714355 0.04788208 -0.8808594
vn -0.4714355 0.04788208 -0.8808594
vn -0.4714355 0.04788208 -0.8808594
vn -0.4714355 0.04788208 -0.8808594
vn 0.6025391 -0.7963867 0.04949951
vn 0.6088867 -0.7900391 0.06976318
vn 0.6088867 -0.7900391 0.06976318
vn 0.6088867 -0.7900391 0.06976318
vn 0.5825195 -0.8100586 0.06494141
vn 0.5751953 -0.8129883 0.09155273
vn 0.5751953 -0.8129883 0.09155273
vn 0.5522461 -0.8286133 0.08880615
vn 0.5522461 -0.8286133 0.08880615
vn 0.5522461 -0.8286133 0.08880615
vn 0.5029297 0 0.8642578
vn 0.5029297 0 0.8642578
vn 0.5029297 0 0.8642578
vn 0.5029297 0 0.8642578
vn 0.1975098 0.5952148 -0.7788086
vn 0.1975098 0.5952148 -0.7788086
vn 0.1975098 0.5952148 -0.7788086
vn 0.1975098 0.5952148 -0.7788086
vn -0.307373 -0.6494141 0.6953125
vn -0.307373 -0.6494141 0.6953125
vn -0.307373 -0.6494141 0.6953125
vn -0.307373 -0.6494141 0.6953125
vn -0.4086914 0.1171875 -0.9052734
vn -0.4086914 0.1171875 -0.9052734
vn -0.4086914 0.1171875 -0.9052734
vn -0.4086914 0.1171875 -0.9052734
vn 0.5136719 0 0.8579102
vn 0.5136719 0 0.8579102
vn 0.5136719 0 0.8579102
vn 0.5136719 0 0.8579102
vn 0.3879395 0.6821289 -0.6201172
vn 0.3879395 0.6821289 -0.6201172
vn 0.3879395 0.6821289 -0.6201172
vn 0.3879395 0.6821289 -0.6201172
vn -0.3205566 -0.6552734 0.684082
vn -0.3205566 -0.6552734 0.684082
vn -0.3205566 -0.6552734 0.684082
vn -0.3205566 -0.6552734 0.684082
vn -0.5854492 -0.09558105 -0.8051758
vn -0.5854492 -0.09558105 -0.8051758
vn -0.5854492 -0.09558105 -0.8051758
vn -0.5854492 -0.09558105 -0.8051758
vn -0.7749023 -0.6113281 -0.161377
vn -0.7749023 -0.6113281 -0.161377
vn -0.7749023 -0.6113281 -0.161377
vn -0.7749023 -0.6113281 -0.161377
vn 0.7749023 0.6113281 0.161377
vn 0.7749023 0.6113281 0.161377
vn 0.7749023 0.6113281 0.161377
vn 0.7749023 0.6113281 0.161377
vn 0.1286621 -0.8969727 -0.4233398
vn 0.1286621 -0.8969727 -0.4233398
vn 0.1286621 -0.8969727 -0.4233398
vn 0.1286621 -0.8969727 -0.4233398
vn -0.4172363 0.4199219 -0.8056641
vn -0.4172363 0.4199219 -0.8056641
vn -0.4172363 0.4199219 -0.8056641
vn -0.4172363 0.4199219 -0.8056641
vn -0.05435181 0.8217773 0.5668945
vn -0.05435181 0.8217773 0.5668945
vn -0.05435181 0.8217773 0.5668945
vn -0.05435181 0.8217773 0.5668945
vn 0.4172363 -0.4199219 0.8061523
vn 0.4172363 -0.4199219 0.8061523
vn 0.4172363 -0.4199219 0.8061523
vn 0.4172363 -0.4199219 0.8061523
vn 0.1254883 -0.894043 -0.4299316
vn 0.1254883 -0.894043 -0.4299316
vn 0.1254883 -0.894043 -0.4299316
vn 0.1254883 -0.894043 -0.4299316
vn -0.78125 -0.3720703 0.5014648
vn -0.78125 -0.3720703 0.5014648
vn -0.78125 -0.3720703 0.5014648
vn -0.78125 -0.3720703 0.5014648
vn -0.7597656 -0.3835449 0.5249023
vn -0.7597656 -0.3835449 0.5249023
vn -0.734375 -0.3959961 0.5512695
vn -0.734375 -0.395752 0.5512695
vn -0.7597656 -0.3833008 0.5253906
vn -0.7597656 -0.3833008 0.5253906
vn -0.699707 -0.411377 0.5844727
vn -0.699707 -0.411377 0.5844727
vn -0.6811523 -0.4187012 0.6005859
vn -0.6811523 -0.4187012 0.6005859
vn -0.6713867 -0.4223633 0.6088867
vn -0.6713867 -0.4223633 0.6088867
vn -0.05761719 0.8256836 0.5610352
vn -0.05761719 0.8256836 0.5610352
vn -0.05761719 0.8256836 0.5610352
vn -0.05761719 0.8256836 0.5610352
vn 0.78125 0.3723145 -0.5014648
vn 0.78125 0.3723145 -0.5014648
vn 0.78125 0.3720703 -0.5014648
vn 0.78125 0.3720703 -0.5014648
vn 0.7597656 0.3835449 -0.5253906
vn 0.7597656 0.3835449 -0.5253906
vn 0.734375 0.3959961 -0.5512695
vn 0.734375 0.3959961 -0.5512695
vn 0.7597656 0.3833008 -0.5249023
vn 0.7597656 0.3833008 -0.5249023
vn 0.699707 0.4111328 -0.5844727
vn 0.699707 0.4111328 -0.5844727
vn 0.6811523 0.4187012 -0.6005859
vn 0.6811523 0.4187012 -0.6005859
vn 0.6713867 0.4226074 -0.6088867
vn 0.6713867 0.4226074 -0.6088867
vn 0.1335449 -0.9008789 -0.4130859
vn 0.1335449 -0.9008789 -0.4130859
vn 0.1335449 -0.9008789 -0.4130859
vn 0.1335449 -0.9008789 -0.4130859
vn -0.04922485 0.815918 0.5761719
vn -0.04922485 0.815918 0.5761719
vn -0.04922485 0.815918 0.5761719
vn -0.04922485 0.815918 0.5761719
vn 0.09570313 -0.8666992 -0.4897461
vn 0.09570313 -0.8666992 -0.4897461
vn 0.09570313 -0.8666992 -0.4897461
vn 0.09570313 -0.8666992 -0.4897461
vn -0.08782959 0.8588867 0.5048828
vn -0.08782959 0.8588867 0.5048828
vn -0.08782959 0.8588867 0.5048828
vn -0.08782959 0.8588867 0.5048828
vn 0 -0.7524414 -0.6586914
vn 0 -0.7524414 -0.6586914
vn 0 -0.7524414 -0.6586914
vn 0 -0.7524414 -0.6586914
vn -0.1791992 0.9326172 0.3127441
vn -0.1791992 0.9326172 0.3127441
vn -0.1791992 0.9326172 0.3127441
vn -0.1791992 0.9326172 0.3127441
vn 0.388916 -0.8530273 0.3476563
vn 0.388916 -0.8530273 0.3476563
vn 0.388916 -0.8530273 0.3476563
vn 0.388916 -0.8530273 0.3476563
vn -0.8994141 -0.2861328 0.3300781
vn -0.9042969 -0.2814941 0.3210449
vn -0.9042969 -0.2814941 0.3210449
vn -0.9042969 -0.2814941 0.3212891
vn -0.9042969 -0.2814941 0.3212891
vn -0.8994141 -0.2861328 0.3300781
vn -0.8901367 -0.295166 0.3474121
vn -0.8901367 -0.295166 0.3474121
vn -0.9042969 -0.2814941 0.3212891
vn -0.9042969 -0.2814941 0.3212891
vn -0.1906738 -0.4072266 -0.8930664
vn -0.1906738 -0.4072266 -0.8930664
vn -0.1906738 -0.4072266 -0.8930664
vn -0.1906738 -0.4072266 -0.8930664
vn 0.9042969 0.2814941 -0.3212891
vn 0.9042969 0.28125 -0.3212891
vn 0.9042969 0.28125 -0.3212891
vn 0.8994141 0.2861328 -0.3300781
vn 0.8994141 0.2861328 -0.3300781
vn 0.9042969 0.2814941 -0.3212891
vn 0.9042969 0.28125 -0.3212891
vn 0.9042969 0.28125 -0.3212891
vn 0.8901367 0.295166 -0.3474121
vn 0.8901367 0.295166 -0.3474121
vn -0.3334961 0.9350586 -0.1195679
vn -0.3334961 0.9350586 -0.1195679
vn -0.3334961 0.9350586 -0.1195679
vn -0.3334961 0.9350586 -0.1195679
vn 0.2790527 0.1802979 0.9433594
vn 0.2790527 0.1802979 0.9433594
vn 0.2790527 0.1802979 0.9433594
vn 0.2790527 0.1802979 0.9433594
vn 0.394043 -0.8398438 0.3737793
vn 0.394043 -0.8398438 0.3737793
vn 0.394043 -0.8398438 0.3737793
vn 0.394043 -0.8398438 0.3737793
vn -0.2893066 -0.1496582 -0.9453125
vn -0.2893066 -0.1496582 -0.9453125
vn -0.2893066 -0.1496582 -0.9453125
vn -0.2893066 -0.1496582 -0.9453125
vn 0.2885742 0.1519775 0.9453125
vn 0.2885742 0.1519775 0.9453125
vn 0.2885742 0.1519775 0.9453125
vn 0.2885742 0.1519775 0.9453125
vn -0.3945313 0.8383789 -0.3757324
vn -0.3945313 0.8383789 -0.3757324
vn -0.3945313 0.8383789 -0.3757324
vn -0.3945313 0.8383789 -0.3757324
vn 0.4106445 -0.7797852 0.4724121
vn 0.4106445 -0.7797852 0.4724121
vn 0.4106445 -0.7797852 0.4724121
vn 0.4106445 -0.7797852 0.4724121
vn -0.6289063 -0.4372559 0.6430664
vn -0.6289063 -0.4372559 0.6430664
vn -0.6289063 -0.4372559 0.6430664
vn -0.6420898 -0.4431152 0.6259766
vn -0.3225098 -0.04333496 -0.9458008
vn -0.3225098 -0.04333496 -0.9458008
vn -0.3225098 -0.04333496 -0.9458008
vn -0.3225098 -0.04333496 -0.9458008
vn 0.6420898 0.4431152 -0.6259766
vn 0.6289063 0.4375 -0.6430664
vn 0.6289063 0.4375 -0.6430664
vn 0.6289063 0.4375 -0.6430664
vn 0.322998 0.04119873 0.9453125
vn 0.322998 0.04119873 0.9453125
vn 0.322998 0.04119873 0.9453125
vn 0.322998 0.04119873 0.9453125
vn 0.6289063 0.4372559 -0.6430664
vn 0.6289063 0.4372559 -0.6430664
vn 0.6289063 0.4372559 -0.6430664
vn 0.644043 0.4221191 -0.6376953
vn -0.4104004 0.7817383 -0.4699707
vn -0.4104004 0.7817383 -0.4699707
vn -0.4104004 0.7817383 -0.4699707
vn -0.4104004 0.7817383 -0.4699707
vn -0.644043 -0.4221191 0.6376953
vn -0.6289063 -0.4372559 0.6430664
vn -0.6289063 -0.4372559 0.6430664
vn -0.6289063 -0.4372559 0.6430664
vn 0.4033203 -0.809082 0.4272461
vn 0.4033203 -0.809082 0.4272461
vn 0.4033203 -0.809082 0.4272461
vn 0.4033203 -0.809082 0.4272461
vn -0.6162109 -0.456543 0.6420898
vn -0.6030273 -0.4753418 0.640625
vn -0.6030273 -0.4753418 0.640625
vn -0.625 -0.4655762 0.6264648
vn -0.5991211 -0.4975586 0.6274414
vn -0.5991211 -0.4975586 0.6274414
vn -0.5991211 -0.4975586 0.6274414
vn -0.3479004 0.04879761 -0.9360352
vn -0.3479004 0.04879761 -0.9360352
vn -0.3479004 0.04879761 -0.9360352
vn -0.3479004 0.04879761 -0.9360352
vn 0.625 0.4655762 -0.6264648
vn 0.6030273 0.4753418 -0.640625
vn 0.6030273 0.4753418 -0.640625
vn 0.6162109 0.456543 -0.6420898
vn 0.5991211 0.4973145 -0.6274414
vn 0.5991211 0.4973145 -0.6274414
vn 0.5991211 0.4973145 -0.6274414
vn 0.3076172 0.09301758 0.9467773
vn 0.3076172 0.09301758 0.9467773
vn 0.3076172 0.09301758 0.9467773
vn 0.3076172 0.09301758 0.9467773
vn 0.6196289 0.425293 -0.659668
vn 0.6098633 0.4128418 -0.6767578
vn 0.6098633 0.4128418 -0.6767578
vn 0.6308594 0.4084473 -0.659668
vn 0.6098633 0.3886719 -0.6904297
vn 0.6098633 0.3886719 -0.6904297
vn 0.6098633 0.3886719 -0.6904297
vn -0.4196777 0.7241211 -0.546875
vn -0.4196777 0.7241211 -0.546875
vn -0.4196777 0.7241211 -0.546875
vn -0.4196777 0.7241211 -0.546875
vn -0.6308594 -0.4084473 0.659668
vn -0.6098633 -0.4128418 0.6767578
vn -0.6098633 -0.4128418 0.6767578
vn -0.6191406 -0.425293 0.6601563
vn -0.6098633 -0.3884277 0.690918
vn -0.6098633 -0.3884277 0.690918
vn -0.6098633 -0.3884277 0.690918
vn 0.4008789 -0.8183594 0.411377
vn 0.4008789 -0.8183594 0.411377
vn 0.4008789 -0.8183594 0.411377
vn 0.4008789 -0.8183594 0.411377
vn -0.2717285 -0.2022705 -0.940918
vn -0.2717285 -0.2022705 -0.940918
vn -0.2717285 -0.2022705 -0.940918
vn -0.2717285 -0.2022705 -0.940918
vn 0.3017578 0.1104126 0.9467773
vn 0.3017578 0.1104126 0.9467773
vn 0.3017578 0.1104126 0.9467773
vn 0.3017578 0.1104126 0.9467773
vn -0.3786621 0.8759766 -0.298584
vn -0.3786621 0.8759766 -0.298584
vn -0.3786621 0.8759766 -0.298584
vn -0.3786621 0.8759766 -0.298584
vn -0.09179688 0.862793 0.4973145
vn -0.09179688 0.862793 0.4973145
vn -0.09179688 0.862793 0.4973145
vn -0.09179688 0.862793 0.4973145
vn 0.09204102 -0.862793 -0.4973145
vn 0.09204102 -0.862793 -0.4973145
vn 0.09204102 -0.862793 -0.4973145
vn 0.09204102 -0.862793 -0.4973145
vn -0.2276611 0.8330078 0.5043945
vn -0.2327881 0.8291016 0.5083008
vn -0.2327881 0.8291016 0.5083008
vn -0.2276611 0.8330078 0.5043945
vn 0.7285156 0.6464844 0.2269287
vn 0.7285156 0.6464844 0.2269287
vn 0.7285156 0.6464844 0.2269287
vn 0.7285156 0.6464844 0.2269287
vn 0.9399414 -0.1131592 -0.3222656
vn 0.9399414 -0.1131592 -0.3222656
vn 0.9399414 -0.1131592 -0.3222656
vn 0.9399414 -0.1131592 -0.3222656
vn 0.1955566 -0.7475586 -0.6347656
vn 0.2006836 -0.7558594 -0.6230469
vn 0.2006836 -0.7558594 -0.6230469
vn 0.1955566 -0.7475586 -0.6347656
vn -0.7226563 -0.5737305 -0.385498
vn -0.7226563 -0.5737305 -0.385498
vn -0.7226563 -0.5737305 -0.385498
vn -0.7226563 -0.5737305 -0.385498
vn -0.9516602 0.230957 0.2019043
vn -0.9516602 0.230957 0.2019043
vn -0.9516602 0.230957 0.2019043
vn -0.9516602 0.230957 0.2019043
vn -0.208374 0.6855469 0.6977539
vn -0.208374 0.6855469 0.6977539
vn -0.208374 0.6855469 0.6977539
vn -0.208374 0.6855469 0.6977539
vn 0.7319336 0.4592285 0.503418
vn 0.7319336 0.4592285 0.503418
vn 0.7319336 0.4592285 0.503418
vn 0.7319336 0.4592285 0.503418
vn 0.9453125 -0.3200684 -0.06082153
vn 0.9453125 -0.3200684 -0.06082153
vn 0.9453125 -0.3200684 -0.06082153
vn 0.9453125 -0.3200684 -0.06082153
vn 0.2193604 -0.8745117 -0.432373
vn 0.2193604 -0.8745117 -0.432373
vn 0.2193604 -0.8745117 -0.432373
vn 0.2193604 -0.8745117 -0.432373
vn -0.722168 -0.6489258 -0.2393799
vn -0.722168 -0.6489258 -0.2393799
vn -0.722168 -0.6489258 -0.2393799
vn -0.722168 -0.6489258 -0.2393799
vn -0.9360352 0.1317139 0.3261719
vn -0.9360352 0.1317139 0.3261719
vn -0.9360352 0.1317139 0.3261719
vn -0.9360352 0.1317139 0.3261719
vn 0.8603516 -0.05780029 -0.5068359
vn 0.8603516 -0.05780029 -0.5068359
vn 0.8603516 -0.05780029 -0.5068359
vn 0.8603516 -0.05780029 -0.5068359
vn 0.6479492 0.7583008 0.07409668
vn 0.6479492 0.7583008 0.07409668
vn 0.6479492 0.7583008 0.07409668
vn 0.6479492 0.7583008 0.07409668
vn -0.2327881 0.8291016 0.5083008
vn -0.237793 0.8256836 0.5117188
vn -0.237793 0.8256836 0.5117188
vn -0.2327881 0.8291016 0.5083008
vn -0.9272461 0.08343506 0.3647461
vn -0.9272461 0.08343506 0.3647461
vn -0.9272461 0.08343506 0.3647461
vn -0.9272461 0.08343506 0.3647461
vn -0.706543 -0.6826172 -0.1866455
vn -0.706543 -0.6826172 -0.1866455
vn -0.706543 -0.6826172 -0.1866455
vn -0.706543 -0.6826172 -0.1866455
vn 0.2006836 -0.7558594 -0.6230469
vn 0.2056885 -0.7641602 -0.6113281
vn 0.2056885 -0.7641602 -0.6113281
vn 0.2006836 -0.7558594 -0.6230469
vn 0.04171753 0.3222656 0.9458008
vn 0.04171753 0.3222656 0.9458008
vn 0.04171753 0.3222656 0.9458008
vn 0.04171753 0.3222656 0.9458008
vn 0.6479492 0.2376709 0.7236328
vn 0.6479492 0.2376709 0.7236328
vn 0.6479492 0.2376709 0.7236328
vn 0.6479492 0.2376709 0.7236328
vn 0.9033203 -0.3288574 0.2749023
vn 0.9033203 -0.3288574 0.2749023
vn 0.9033203 -0.3288574 0.2749023
vn 0.9033203 -0.3288574 0.2749023
vn 0.105835 -0.9926758 0.0619812
vn 0.105835 -0.9926758 0.0619812
vn 0.105835 -0.9926758 0.0619812
vn 0.105835 -0.9926758 0.0619812
vn -0.2949219 -0.9296875 0.2199707
vn -0.2949219 -0.9296875 0.2199707
vn -0.2949219 -0.9296875 0.2199707
vn -0.2949219 -0.9296875 0.2199707
vn -0.5771484 -0.1557617 0.8017578
vn -0.5771484 -0.1557617 0.8017578
vn -0.5771484 -0.1557617 0.8017578
vn -0.5771484 -0.1557617 0.8017578
vn -0.3183594 0.9321289 0.1717529
vn -0.3183594 0.9321289 0.1717529
vn -0.3183594 0.9321289 0.1717529
vn -0.3183594 0.9321289 0.1717529
vn 0.5678711 0.809082 -0.1529541
vn 0.5678711 0.809082 -0.1529541
vn 0.5678711 0.809082 -0.1529541
vn 0.5678711 0.809082 -0.1529541
vn 0.7924805 0.02819824 -0.609375
vn 0.7924805 0.02819824 -0.609375
vn 0.7924805 0.02819824 -0.609375
vn 0.7924805 0.02819824 -0.609375
vn 0.1749268 -0.5224609 -0.8344727
vn 0.1749268 -0.5224609 -0.8344727
vn 0.1749268 -0.5224609 -0.8344727
vn 0.1749268 -0.5224609 -0.8344727
vn -0.7714844 -0.3994141 -0.4951172
vn -0.7714844 -0.3994141 -0.4951172
vn -0.7714844 -0.3994141 -0.4951172
vn -0.7714844 -0.3994141 -0.4951172
vn -0.9575195 0.2868652 0.02388
vn -0.9575195 0.2868652 0.02388
vn -0.9575195 0.2868652 0.02388
vn -0.9575195 0.2868652 0.02388
vn 0.1040649 -0.8071289 -0.581543
vn 0.1040649 -0.8071289 -0.581543
vn 0.1040649 -0.8071289 -0.581543
vn 0.1040649 -0.8071289 -0.581543
vn -0.5429688 0.5170898 -0.6616211
vn -0.5429688 0.5170898 -0.6616211
vn -0.5429688 0.5170898 -0.6616211
vn -0.5429688 0.5170898 -0.6616211
vn 0 0.7148438 0.6992188
vn 0 0.7148438 0.6992188
vn 0 0.7148438 0.6992188
vn 0 0.7148438 0.6992188
vn 0.5424805 -0.5170898 0.6616211
vn 0.5424805 -0.5170898 0.6616211
vn 0.5424805 -0.5170898 0.6616211
vn 0.5424805 -0.5170898 0.6616211
vn 0.09997559 -0.8032227 -0.5869141
vn 0.09997559 -0.8032227 -0.5869141
vn 0.09997559 -0.8032227 -0.5869141
vn 0.09997559 -0.8032227 -0.5869141
vn -0.6875 -0.4963379 0.5297852
vn -0.6875 -0.4963379 0.5297852
vn -0.6875 -0.496582 0.5302734
vn -0.6875 -0.496582 0.5302734
vn -0.6625977 -0.5102539 0.5483398
vn -0.6625977 -0.5102539 0.5483398
vn -0.6333008 -0.5249023 0.5688477
vn -0.6333008 -0.5249023 0.5688477
vn -0.6625977 -0.5102539 0.5483398
vn -0.6625977 -0.5102539 0.5483398
vn -0.5932617 -0.5429688 0.59375
vn -0.5932617 -0.5429688 0.59375
vn -0.5727539 -0.5522461 0.605957
vn -0.5727539 -0.5522461 0.605957
vn 0 0.7192383 0.6948242
vn 0 0.7192383 0.6948242
vn 0 0.7192383 0.6948242
vn 0 0.7192383 0.6948242
vn 0.6875 0.496582 -0.5302734
vn 0.6875 0.496582 -0.5302734
vn 0.6875 0.4963379 -0.5302734
vn 0.6875 0.4963379 -0.5302734
vn 0.6621094 0.5102539 -0.5488281
vn 0.6621094 0.5102539 -0.5488281
vn 0.6328125 0.5249023 -0.5688477
vn 0.6333008 0.5249023 -0.5688477
vn 0.6625977 0.5102539 -0.5488281
vn 0.6625977 0.5102539 -0.5488281
vn 0.59375 0.5429688 -0.59375
vn 0.59375 0.5429688 -0.59375
vn 0.5727539 0.5517578 -0.605957
vn 0.5727539 0.5517578 -0.605957
vn 0.1106567 -0.8125 -0.5722656
vn 0.1106567 -0.8125 -0.5722656
vn 0.1106567 -0.8125 -0.5722656
vn 0.1106567 -0.8125 -0.5722656
vn 0 0.7080078 0.706543
vn 0 0.7080078 0.706543
vn 0 0.7080078 0.706543
vn 0 0.7080078 0.706543
vn 0.06112671 -0.769043 -0.6367188
vn 0.06112671 -0.769043 -0.6367188
vn 0.06112671 -0.769043 -0.6367188
vn 0.06112671 -0.769043 -0.6367188
vn -0.05084229 0.7592773 0.6489258
vn -0.05084229 0.7592773 0.6489258
vn -0.05084229 0.7592773 0.6489258
vn -0.05084229 0.7592773 0.6489258
vn -0.06173706 -0.6347656 -0.7700195
vn -0.06173706 -0.6347656 -0.7700195
vn -0.06173706 -0.6347656 -0.7700195
vn -0.06173706 -0.6347656 -0.7700195
vn -0.5449219 -0.5717773 0.6132813
vn -0.5615234 -0.5566406 0.6123047
vn -0.5615234 -0.5566406 0.6123047
vn -0.5463867 -0.5532227 0.6289063
vn -0.4914551 -0.5541992 0.671875
vn -0.4914551 -0.5541992 0.671875
vn -0.5307617 -0.559082 0.637207
vn -0.5141602 -0.5742188 0.637207
vn -0.5141602 -0.5742188 0.637207
vn -0.5141602 -0.5742188 0.637207
vn -0.5292969 -0.5776367 0.621582
vn -0.4875488 -0.609375 0.6254883
vn -0.4875488 -0.609375 0.6254883
vn -0.5141602 -0.5742188 0.637207
vn -0.5141602 -0.5742188 0.637207
vn -0.5141602 -0.5742188 0.637207
vn -0.1712646 0.8569336 0.486084
vn -0.1712646 0.8569336 0.486084
vn -0.1712646 0.8569336 0.486084
vn -0.1712646 0.8569336 0.486084
vn 0.5463867 0.5532227 -0.6289063
vn 0.5615234 0.5566406 -0.6123047
vn 0.5615234 0.5566406 -0.6123047
vn 0.5449219 0.5717773 -0.6132813
vn 0.4875488 0.609375 -0.625
vn 0.4875488 0.609375 -0.625
vn 0.5292969 0.5776367 -0.621582
vn 0.5141602 0.5742188 -0.637207
vn 0.5141602 0.5742188 -0.637207
vn 0.5141602 0.5742188 -0.637207
vn 0.5307617 0.559082 -0.637207
vn 0.4916992 0.5541992 -0.671875
vn 0.4916992 0.5541992 -0.671875
vn 0.5141602 0.5737305 -0.637207
vn 0.5141602 0.5737305 -0.637207
vn 0.5141602 0.5737305 -0.637207
vn 0.4680176 -0.871582 0.1451416
vn 0.4680176 -0.871582 0.1451416
vn 0.4680176 -0.871582 0.1451416
vn 0.4680176 -0.871582 0.1451416
vn -0.8320313 -0.3913574 0.3930664
vn -0.8378906 -0.3857422 0.3857422
vn -0.8378906 -0.3857422 0.3857422
vn -0.8378906 -0.3857422 0.3857422
vn -0.8378906 -0.3859863 0.385498
vn -0.8320313 -0.3916016 0.3928223
vn -0.8198242 -0.4025879 0.4072266
vn -0.8198242 -0.4025879 0.4072266
vn -0.8378906 -0.3862305 0.385498
vn -0.8378906 -0.3862305 0.385498
vn -0.2973633 -0.2697754 -0.9160156
vn -0.2973633 -0.2697754 -0.9160156
vn -0.2973633 -0.2697754 -0.9160156
vn -0.2973633 -0.2697754 -0.9160156
vn 0.8378906 0.3859863 -0.3857422
vn 0.8378906 0.3859863 -0.3857422
vn 0.8378906 0.3859863 -0.3857422
vn 0.8320313 0.3916016 -0.3928223
vn 0.8320313 0.3916016 -0.3928223
vn 0.8378906 0.3862305 -0.385498
vn 0.8378906 0.3862305 -0.385498
vn 0.8378906 0.3862305 -0.385498
vn 0.8198242 0.402832 -0.4069824
vn 0.8198242 0.402832 -0.4069824
vn -0.3847656 0.9194336 0.08416748
vn -0.3847656 0.9194336 0.08416748
vn -0.3847656 0.9194336 0.08416748
vn -0.3847656 0.9194336 0.08416748
vn 0.401123 0.04324341 0.9150391
vn 0.401123 0.04324341 0.9150391
vn 0.401123 0.04324341 0.9150391
vn 0.401123 0.04324341 0.9150391
vn 0.4763184 -0.8623047 0.1722412
vn 0.4763184 -0.8623047 0.1722412
vn 0.4763184 -0.8623047 0.1722412
vn 0.4763184 -0.8623047 0.1722412
vn -0.4128418 -0.01377106 -0.9106445
vn -0.4128418 -0.01377106 -0.9106445
vn -0.4128418 -0.01377106 -0.9106445
vn -0.4128418 -0.01377106 -0.9106445
vn 0.4121094 0.01571655 0.9111328
vn 0.4121094 0.01571655 0.9111328
vn 0.4121094 0.01571655 0.9111328
vn 0.4121094 0.01571655 0.9111328
vn -0.4768066 0.8613281 -0.1741943
vn -0.4768066 0.8613281 -0.1741943
vn -0.4768066 0.8613281 -0.1741943
vn -0.4768066 0.8613281 -0.1741943
vn 0.5039063 -0.8183594 0.276123
vn 0.5039063 -0.8183594 0.276123
vn 0.5039063 -0.8183594 0.276123
vn 0.5039063 -0.8183594 0.276123
vn -0.4499512 0.0892334 -0.8886719
vn -0.4499512 0.0892334 -0.8886719
vn -0.4499512 0.0892334 -0.8886719
vn -0.4499512 0.0892334 -0.8886719
vn 0.4506836 -0.09112549 0.8881836
vn 0.4506836 -0.09112549 0.8881836
vn 0.4506836 -0.09112549 0.8881836
vn 0.4506836 -0.09112549 0.8881836
vn -0.503418 0.8193359 -0.2739258
vn -0.503418 0.8193359 -0.2739258
vn -0.503418 0.8193359 -0.2739258
vn -0.503418 0.8193359 -0.2739258
vn 0.4919434 -0.840332 0.2281494
vn 0.4919434 -0.840332 0.2281494
vn 0.4919434 -0.840332 0.2281494
vn 0.4919434 -0.840332 0.2281494
vn -0.4775391 0.1768799 -0.8608398
vn -0.4775391 0.1768799 -0.8608398
vn -0.4775391 0.1768799 -0.8608398
vn -0.4775391 0.1768799 -0.8608398
vn 0.4333496 -0.04138184 0.9003906
vn 0.4333496 -0.04138184 0.9003906
vn 0.4333496 -0.04138184 0.9003906
vn 0.4333496 -0.04138184 0.9003906
vn -0.5214844 0.7749023 -0.3574219
vn -0.5214844 0.7749023 -0.3574219
vn -0.5214844 0.7749023 -0.3574219
vn -0.5214844 0.7749023 -0.3574219
vn 0.4875488 -0.847168 0.2115479
vn 0.4875488 -0.847168 0.2115479
vn 0.4875488 -0.847168 0.2115479
vn 0.4875488 -0.847168 0.2115479
vn -0.486084 -0.6191406 0.6166992
vn -0.4846191 -0.6289063 0.6079102
vn -0.4846191 -0.6289063 0.6079102
vn -0.4846191 -0.6289063 0.6079102
vn -0.392334 -0.06481934 -0.9174805
vn -0.392334 -0.06481934 -0.9174805
vn -0.392334 -0.06481934 -0.9174805
vn -0.392334 -0.06481934 -0.9174805
vn 0.4846191 0.6289063 -0.6079102
vn 0.4846191 0.6289063 -0.6079102
vn 0.4846191 0.6289063 -0.6079102
vn 0.486084 0.6191406 -0.6166992
vn 0.4272461 -0.02441406 0.9038086
vn 0.4272461 -0.02441406 0.9038086
vn 0.4272461 -0.02441406 0.9038086
vn 0.4272461 -0.02441406 0.9038086
vn 0.4912109 0.543457 -0.6811523
vn 0.4904785 0.5322266 -0.6899414
vn 0.4904785 0.5322266 -0.6899414
vn 0.4904785 0.5322266 -0.6899414
vn -0.4521484 0.8867188 -0.09442139
vn -0.4521484 0.8867188 -0.09442139
vn -0.4521484 0.8867188 -0.09442139
vn -0.4521484 0.8867188 -0.09442139
vn -0.4907227 -0.5322266 0.6899414
vn -0.4907227 -0.5322266 0.6899414
vn -0.4907227 -0.5322266 0.6899414
vn -0.4912109 -0.543457 0.6811523
vn -0.05621338 0.7636719 0.6430664
vn -0.05621338 0.7636719 0.6430664
vn -0.05621338 0.7636719 0.6430664
vn -0.05621338 0.7636719 0.6430664
vn 0.05596924 -0.7641602 -0.6430664
vn 0.05596924 -0.7641602 -0.6430664
vn 0.05596924 -0.7641602 -0.6430664
vn 0.05596924 -0.7641602 -0.6430664
vn -0.02464294 0.762207 0.6469727
vn -0.02464294 0.762207 0.6469727
vn -0.02464294 0.762207 0.6469727
vn -0.02464294 0.762207 0.6469727
vn -0.1211548 0.5693359 -0.8129883
vn -0.1211548 0.5693359 -0.8129883
vn -0.1211548 0.5693359 -0.8129883
vn -0.1211548 0.5693359 -0.8129883
vn 0.0463562 -0.8632813 -0.5024414
vn 0.0463562 -0.8632813 -0.5024414
vn 0.0463562 -0.8632813 -0.5024414
vn 0.0463562 -0.8632813 -0.5024414
vn 0.121521 -0.5693359 0.8129883
vn 0.121521 -0.5693359 0.8129883
vn 0.121521 -0.5693359 0.8129883
vn 0.121521 -0.5693359 0.8129883
vn -0.02581787 0.7670898 0.6411133
vn -0.02581787 0.7670898 0.6411133
vn -0.02581787 0.7670898 0.6411133
vn -0.02581787 0.7670898 0.6411133
vn 0.9926758 -0.037323 0.1141357
vn 0.9926758 -0.037323 0.1141357
vn 0.9926758 -0.03729248 0.1141357
vn 0.9926758 -0.03729248 0.1141357
vn 0.9882813 -0.05688477 0.1414795
vn 0.9882813 -0.05688477 0.1414795
vn 0.9819336 -0.07904053 0.1724854
vn 0.9819336 -0.07897949 0.1724854
vn 0.9882813 -0.05682373 0.1414795
vn 0.9882813 -0.05682373 0.1414795
vn 0.9711914 -0.107666 0.2125244
vn 0.9711914 -0.107666 0.2125244
vn 0.9648438 -0.1220703 0.232666
vn 0.9648438 -0.1220703 0.232666
vn 0.9614258 -0.1298828 0.2434082
vn 0.9614258 -0.1298828 0.2434082
vn 0.04553223 -0.859375 -0.5087891
vn 0.04553223 -0.859375 -0.5087891
vn 0.04553223 -0.859375 -0.5087891
vn 0.04553223 -0.859375 -0.5087891
vn -0.9926758 0.03735352 -0.1142578
vn -0.9926758 0.03735352 -0.1142578
vn -0.9926758 0.03735352 -0.1142578
vn -0.9926758 0.03735352 -0.1142578
vn -0.9882813 0.05685425 -0.1417236
vn -0.9882813 0.05685425 -0.1417236
vn -0.9819336 0.07904053 -0.1726074
vn -0.9819336 0.07910156 -0.1726074
vn -0.9882813 0.05688477 -0.1417236
vn -0.9882813 0.05688477 -0.1417236
vn -0.9711914 0.1077271 -0.2124023
vn -0.9711914 0.1077271 -0.2124023
vn -0.9648438 0.1220703 -0.2325439
vn -0.9648438 0.1220703 -0.2325439
vn -0.9614258 0.1298828 -0.2434082
vn -0.9614258 0.1298828 -0.2434082
vn -0.02313232 0.7543945 0.65625
vn -0.02313232 0.7543945 0.65625
vn -0.02313232 0.7543945 0.65625
vn -0.02313232 0.7543945 0.65625
vn 0.0479126 -0.8696289 -0.4916992
vn 0.0479126 -0.8696289 -0.4916992
vn 0.0479126 -0.8696289 -0.4916992
vn 0.0479126 -0.8696289 -0.4916992
vn -0.03466797 0.8105469 0.5844727
vn -0.03466797 0.8105469 0.5844727
vn -0.03466797 0.8105469 0.5844727
vn -0.03466797 0.8105469 0.5844727
vn 0.03695679 -0.8212891 -0.5693359
vn 0.03695679 -0.8212891 -0.5693359
vn 0.03695679 -0.8212891 -0.5693359
vn 0.03695679 -0.8212891 -0.5693359
vn -0.06082153 0.9194336 0.388916
vn -0.06082153 0.9194336 0.388916
vn -0.06082153 0.9194336 0.388916
vn -0.06082153 0.9194336 0.388916
vn 0 -0.675293 -0.737793
vn 0 -0.675293 -0.737793
vn 0 -0.675293 -0.737793
vn 0 -0.675293 -0.737793
vn 0.07574463 0.03308105 0.996582
vn 0.07574463 0.03308105 0.996582
vn 0.07574463 0.03308105 0.996582
vn 0.07574463 0.03308105 0.996582
vn 0.9931641 0.09277344 -0.06976318
vn 0.9921875 0.09912109 -0.07867432
vn 0.9921875 0.09912109 -0.07867432
vn 0.9921875 0.09906006 -0.07867432
vn 0.9921875 0.09893799 -0.07867432
vn 0.9931641 0.0927124 -0.06976318
vn 0.9956055 0.08013916 -0.05194092
vn 0.9956055 0.08013916 -0.05194092
vn 0.9921875 0.09887695 -0.07873535
vn 0.9921875 0.09887695 -0.07873535
vn -0.1038818 0.9926758 -0.06182861
vn -0.1038818 0.9926758 -0.06182861
vn -0.1038818 0.9926758 -0.06182861
vn -0.1038818 0.9926758 -0.06182861
vn -0.9921875 -0.09906006 0.07861328
vn -0.9921875 -0.09899902 0.07861328
vn -0.9921875 -0.09899902 0.07861328
vn -0.9931641 -0.09283447 0.06970215
vn -0.9931641 -0.09277344 0.06970215
vn -0.9921875 -0.09899902 0.07867432
vn -0.9921875 -0.09893799 0.07873535
vn -0.9921875 -0.09893799 0.07873535
vn -0.9956055 -0.0803833 0.05184937
vn -0.9956055 -0.0803833 0.05184937
vn -0.04849243 -0.2770996 -0.9594727
vn -0.04849243 -0.2770996 -0.9594727
vn -0.04849243 -0.2770996 -0.9594727
vn -0.04849243 -0.2770996 -0.9594727
vn 0.1184692 -0.9448242 0.3056641
vn 0.1184692 -0.9448242 0.3056641
vn 0.1184692 -0.9448242 0.3056641
vn 0.1184692 -0.9448242 0.3056641
vn 0.07861328 0 0.9970703
vn 0.07861328 0 0.9970703
vn 0.07861328 0 0.9970703
vn 0.07861328 0 0.9970703
vn -0.119812 0.934082 -0.3359375
vn -0.119812 0.934082 -0.3359375
vn -0.119812 0.934082 -0.3359375
vn -0.119812 0.934082 -0.3359375
vn 0.119751 -0.9350586 0.3337402
vn 0.119751 -0.9350586 0.3337402
vn 0.119751 -0.9350586 0.3337402
vn 0.119751 -0.9350586 0.3337402
vn -0.07904053 0 -0.9970703
vn -0.07904053 0 -0.9970703
vn -0.07904053 0 -0.9970703
vn -0.07904053 0 -0.9970703
vn 0.08959961 -0.1127319 0.9897461
vn 0.08959961 -0.1127319 0.9897461
vn 0.08959961 -0.1127319 0.9897461
vn 0.08959961 -0.1127319 0.9897461
vn 0.9443359 -0.161377 0.2866211
vn 0.9443359 -0.161377 0.2866211
vn 0.9443359 -0.161377 0.2866211
vn 0.949707 -0.1411133 0.279541
vn 0.9326172 -0.1473389 0.3288574
vn 0.9326172 -0.1473389 0.3288574
vn 0.9423828 -0.1346436 0.3059082
vn 0.9301758 -0.1263428 0.3442383
vn 0.9301758 -0.1263428 0.3442383
vn 0.9301758 -0.1263428 0.3442383
vn -0.1235962 0.8901367 -0.4382324
vn -0.1235962 0.8901367 -0.4382324
vn -0.1235962 0.8901367 -0.4382324
vn -0.1235962 0.8901367 -0.4382324
vn -0.949707 0.1411133 -0.279541
vn -0.9443359 0.161377 -0.2868652
vn -0.9443359 0.161377 -0.2868652
vn -0.9443359 0.161377 -0.2868652
vn -0.9423828 0.1346436 -0.3059082
vn -0.9326172 0.1472168 -0.3288574
vn -0.9326172 0.1472168 -0.3288574
vn -0.9301758 0.1264648 -0.3442383
vn -0.9301758 0.1264648 -0.3442383
vn -0.9301758 0.1264648 -0.3442383
vn 0.1236572 -0.8891602 0.4406738
vn 0.1236572 -0.8891602 0.4406738
vn 0.1236572 -0.8891602 0.4406738
vn 0.1236572 -0.8891602 0.4406738
vn -0.9443359 0.161377 -0.2868652
vn -0.9443359 0.161377 -0.2868652
vn -0.9443359 0.161377 -0.2868652
vn -0.9506836 0.1608887 -0.2653809
vn -0.9355469 0.2064209 -0.2871094
vn -0.9355469 0.2064209 -0.2871094
vn -0.9448242 0.1890869 -0.2678223
vn -0.9345703 0.2301025 -0.2722168
vn -0.9345703 0.2301025 -0.2722168
vn -0.9345703 0.2301025 -0.2722168
vn -0.08935547 0.1101074 -0.9897461
vn -0.08935547 0.1101074 -0.9897461
vn -0.08935547 0.1101074 -0.9897461
vn -0.08935547 0.1101074 -0.9897461
vn 0.9506836 -0.1608887 0.265625
vn 0.9443359 -0.161377 0.2868652
vn 0.9443359 -0.161377 0.2868652
vn 0.9443359 -0.161377 0.2868652
vn 0.9448242 -0.1890869 0.2678223
vn 0.9355469 -0.206543 0.2871094
vn 0.9355469 -0.206543 0.2871094
vn 0.9345703 -0.2302246 0.2719727
vn 0.9345703 -0.2302246 0.2719727
vn 0.9345703 -0.2302246 0.2719727
vn 0.08459473 -0.05883789 0.9946289
vn 0.08459473 -0.05883789 0.9946289
vn 0.08459473 -0.05883789 0.9946289
vn 0.08459473 -0.05883789 0.9946289
vn -0.1256104 0.8432617 -0.5224609
vn -0.1256104 0.8432617 -0.5224609
vn -0.1256104 0.8432617 -0.5224609
vn -0.1256104 0.8432617 -0.5224609
vn 0.1221924 -0.9121094 0.3913574
vn 0.1221924 -0.9121094 0.3913574
vn 0.1221924 -0.9121094 0.3913574
vn 0.1221924 -0.9121094 0.3913574
vn -0.09747314 0.204834 -0.9741211
vn -0.09747314 0.204834 -0.9741211
vn -0.09747314 0.204834 -0.9741211
vn -0.09747314 0.204834 -0.9741211
vn 0.08306885 -0.04043579 0.9956055
vn 0.08306885 -0.04043579 0.9956055
vn 0.08306885 -0.04043579 0.9956055
vn 0.08306885 -0.04043579 0.9956055
vn -0.1174927 0.9516602 -0.2834473
vn -0.1174927 0.9516602 -0.2834473
vn -0.1174927 0.9516602 -0.2834473
vn -0.1174927 0.9516602 -0.2834473
vn 0.1213989 -0.9194336 0.3745117
vn 0.1213989 -0.9194336 0.3745117
vn 0.1213989 -0.9194336 0.3745117
vn 0.1213989 -0.9194336 0.3745117
vn -0.06988525 -0.08728027 -0.9936523
vn -0.06988525 -0.08728027 -0.9936523
vn -0.06988525 -0.08728027 -0.9936523
vn -0.06988525 -0.08728027 -0.9936523
vn 0.03564453 -0.815918 -0.5766602
vn 0.03564453 -0.815918 -0.5766602
vn 0.03564453 -0.815918 -0.5766602
vn 0.03564453 -0.815918 -0.5766602
vn -0.03567505 0.815918 0.5766602
vn -0.03567505 0.815918 0.5766602
vn -0.03567505 0.815918 0.5766602
vn -0.03567505 0.815918 0.5766602
vn 0.8642578 -0.3225098 -0.3862305
vn 0.8642578 -0.3225098 -0.3862305
vn 0.8642578 -0.3225098 -0.3862305
vn 0.8642578 -0.3225098 -0.3862305
vn -0.3566895 0.3544922 -0.8642578
vn -0.3566895 0.3544922 -0.8642578
vn -0.3566895 0.3544922 -0.8642578
vn -0.3566895 0.3544922 -0.8642578
vn -0.8007813 0.2592773 0.5400391
vn -0.8007813 0.2592773 0.5400391
vn -0.8007813 0.2592773 0.5400391
vn -0.8007813 0.2592773 0.5400391
vn 0.3569336 -0.3544922 0.8642578
vn 0.3569336 -0.3544922 0.8642578
vn 0.3569336 -0.3544922 0.8642578
vn 0.3569336 -0.3544922 0.8642578
vn 0.8623047 -0.3198242 -0.3930664
vn 0.8623047 -0.3198242 -0.3930664
vn 0.8623047 -0.3198242 -0.3930664
vn 0.8623047 -0.3198242 -0.3930664
vn -0.3220215 -0.9467773 0.01585388
vn -0.3220215 -0.9467773 0.01585388
vn -0.3220215 -0.9467773 0.01583862
vn -0.3220215 -0.9467773 0.01583862
vn -0.3066406 -0.9506836 0.04586792
vn -0.3066406 -0.9506836 0.04586792
vn -0.2888184 -0.9541016 0.07995605
vn -0.2888184 -0.9541016 0.07995605
vn -0.3066406 -0.9506836 0.0458374
vn -0.3066406 -0.9506836 0.0458374
vn -0.2651367 -0.9560547 0.1242676
vn -0.2651367 -0.9560547 0.1242676
vn -0.2526855 -0.956543 0.1466064
vn -0.2526855 -0.956543 0.1466064
vn -0.2459717 -0.9560547 0.1586914
vn -0.2459717 -0.9560547 0.1586914
vn -0.8041992 0.262207 0.5336914
vn -0.8041992 0.262207 0.5336914
vn -0.8041992 0.262207 0.5336914
vn -0.8041992 0.262207 0.5336914
vn 0.3220215 0.9467773 -0.01596069
vn 0.3220215 0.9467773 -0.01596069
vn 0.3220215 0.9467773 -0.01593018
vn 0.3220215 0.9467773 -0.01593018
vn 0.3066406 0.9506836 -0.04605103
vn 0.3066406 0.9506836 -0.04605103
vn 0.2888184 0.9541016 -0.08007813
vn 0.2888184 0.9541016 -0.08007813
vn 0.3066406 0.9506836 -0.04595947
vn 0.3066406 0.9506836 -0.04595947
vn 0.2651367 0.9560547 -0.1242676
vn 0.2651367 0.9560547 -0.1242676
vn 0.2526855 0.956543 -0.1464844
vn 0.2526855 0.956543 -0.1464844
vn 0.2457275 0.9560547 -0.1585693
vn 0.2457275 0.9560547 -0.1585693
vn 0.8676758 -0.326416 -0.3752441
vn 0.8676758 -0.326416 -0.3752441
vn 0.8676758 -0.326416 -0.3752441
vn 0.8676758 -0.326416 -0.3752441
vn -0.7954102 0.2548828 0.5498047
vn -0.7954102 0.2548828 0.5498047
vn -0.7954102 0.2548828 0.5498047
vn -0.7954102 0.2548828 0.5498047
vn 0.8388672 -0.295166 -0.4570313
vn 0.8388672 -0.295166 -0.4570313
vn 0.8388672 -0.295166 -0.4570313
vn 0.8388672 -0.295166 -0.4570313
vn -0.8325195 0.2888184 0.4731445
vn -0.8325195 0.2888184 0.4731445
vn -0.8325195 0.2888184 0.4731445
vn -0.8325195 0.2888184 0.4731445
vn 0.7397461 -0.2091064 -0.6396484
vn 0.7397461 -0.2091064 -0.6396484
vn 0.7397461 -0.2091064 -0.6396484
vn 0.7397461 -0.2091064 -0.6396484
vn -0.8930664 0.3613281 0.269043
vn -0.8930664 0.3613281 0.269043
vn -0.8930664 0.3613281 0.269043
vn -0.8930664 0.3613281 0.269043
vn 0.7861328 -0.4589844 0.4138184
vn 0.7861328 -0.4589844 0.4138184
vn 0.7861328 -0.4589844 0.4138184
vn 0.7861328 -0.4589844 0.4138184
vn -0.4133301 -0.8920898 -0.1826172
vn -0.4172363 -0.8881836 -0.1920166
vn -0.4172363 -0.8881836 -0.1920166
vn -0.4174805 -0.8881836 -0.1920166
vn -0.4172363 -0.8881836 -0.1920166
vn -0.4133301 -0.8920898 -0.1826172
vn -0.4055176 -0.8994141 -0.1636963
vn -0.4055176 -0.8994141 -0.1636963
vn -0.4172363 -0.8881836 -0.1921387
vn -0.4172363 -0.8881836 -0.1921387
vn 0.4260254 0 -0.9047852
vn 0.4260254 0 -0.9047852
vn 0.4260254 0 -0.9047852
vn 0.4260254 0 -0.9047852
vn 0.4172363 0.8881836 0.1921387
vn 0.4174805 0.8881836 0.1920166
vn 0.4174805 0.8881836 0.1920166
vn 0.4133301 0.8920898 0.1826172
vn 0.4133301 0.8920898 0.1827393
vn 0.4172363 0.8881836 0.1922607
vn 0.4172363 0.8881836 0.1922607
vn 0.4172363 0.8881836 0.1922607
vn 0.4052734 0.8994141 0.1636963
vn 0.4052734 0.8994141 0.1636963
vn -0.8745117 0.4499512 -0.1812744
vn -0.8745117 0.4499512 -0.1812744
vn -0.8745117 0.4499512 -0.1812744
vn -0.8745117 0.4499512 -0.1812744
vn -0.2147217 -0.1089478 0.9707031
vn -0.2147217 -0.1089478 0.9707031
vn -0.2147217 -0.1089478 0.9707031
vn -0.2147217 -0.1089478 0.9707031
vn 0.7724609 -0.4580078 0.4401855
vn 0.7724609 -0.4580078 0.4401855
vn 0.7724609 -0.4580078 0.4401855
vn 0.7724609 -0.4580078 0.4401855
vn 0.1860352 0.1234131 -0.9746094
vn 0.1860352 0.1234131 -0.9746094
vn 0.1860352 0.1234131 -0.9746094
vn 0.1860352 0.1234131 -0.9746094
vn -0.1882324 -0.1224365 0.9746094
vn -0.1882324 -0.1224365 0.9746094
vn -0.1882324 -0.1224365 0.9746094
vn -0.1882324 -0.1224365 0.9746094
vn -0.7714844 0.4580078 -0.4418945
vn -0.7714844 0.4580078 -0.4418945
vn -0.7714844 0.4580078 -0.4418945
vn -0.7714844 0.4580078 -0.4418945
vn 0.7114258 -0.4509277 0.5385742
vn 0.7114258 -0.4509277 0.5385742
vn 0.7114258 -0.4509277 0.5385742
vn 0.7114258 -0.4509277 0.5385742
vn -0.2180176 -0.9536133 0.2073975
vn -0.2180176 -0.9536133 0.2073975
vn -0.2180176 -0.9536133 0.2073975
vn -0.2171631 -0.9584961 0.185791
vn 0.08605957 0.1719971 -0.9814453
vn 0.08605957 0.1719971 -0.9814453
vn 0.08605957 0.1719971 -0.9814453
vn 0.08605957 0.1719971 -0.9814453
vn 0.2171631 0.9584961 -0.1856689
vn 0.2177734 0.9536133 -0.2072754
vn 0.2177734 0.9536133 -0.2072754
vn 0.2177734 0.9536133 -0.2072754
vn -0.08374023 -0.1728516 0.9814453
vn -0.08374023 -0.1728516 0.9814453
vn -0.08374023 -0.1728516 0.9814453
vn -0.08374023 -0.1728516 0.9814453
vn 0.2178955 0.9536133 -0.2073975
vn 0.2178955 0.9536133 -0.2073975
vn 0.2178955 0.9536133 -0.2073975
vn 0.2373047 0.9511719 -0.1968994
vn -0.7128906 0.4511719 -0.5366211
vn -0.7128906 0.4511719 -0.5366211
vn -0.7128906 0.4511719 -0.5366211
vn -0.7128906 0.4511719 -0.5366211
vn -0.2373047 -0.9511719 0.1970215
vn -0.2177734 -0.9536133 0.2072754
vn -0.2177734 -0.9536133 0.2072754
vn -0.2177734 -0.9536133 0.2072754
vn 0.7412109 -0.4550781 0.4936523
vn 0.7412109 -0.4550781 0.4936523
vn 0.7412109 -0.4550781 0.4936523
vn 0.7412109 -0.4550781 0.4936523
vn -0.1956787 -0.9575195 0.2110596
vn -0.1732178 -0.9614258 0.2145996
vn -0.1732178 -0.9614258 0.2145996
vn -0.1901855 -0.9628906 0.1922607
vn -0.1507568 -0.9672852 0.2028809
vn -0.1507568 -0.9672852 0.2028809
vn -0.1507568 -0.9672852 0.2028809
vn 0 0.2119141 -0.9770508
vn 0 0.2119141 -0.9770508
vn 0 0.2119141 -0.9770508
vn 0 0.2119141 -0.9770508
vn 0.1901855 0.9628906 -0.1921387
vn 0.1732178 0.9614258 -0.2144775
vn 0.1732178 0.9614258 -0.2144775
vn 0.1955566 0.9575195 -0.2109375
vn 0.1507568 0.9672852 -0.2028809
vn 0.1507568 0.9672852 -0.2028809
vn 0.1507568 0.9672852 -0.2028809
vn -0.1328125 -0.1494141 0.9799805
vn -0.1328125 -0.1494141 0.9799805
vn -0.1328125 -0.1494141 0.9799805
vn -0.1328125 -0.1494141 0.9799805
vn 0.2259521 0.9472656 -0.2279053
vn 0.2338867 0.9399414 -0.248291
vn 0.2338867 0.9399414 -0.248291
vn 0.2454834 0.9433594 -0.2233887
vn -0.6552734 0.4406738 -0.6132813
vn -0.6552734 0.4406738 -0.6132813
vn -0.6552734 0.4406738 -0.6132813
vn -0.6552734 0.4406738 -0.6132813
vn -0.2454834 -0.9433594 0.2235107
vn -0.2337646 -0.9399414 0.248291
vn -0.2337646 -0.9399414 0.248291
vn -0.2258301 -0.9472656 0.2279053
vn 0.7509766 -0.4560547 0.4777832
vn 0.7509766 -0.4560547 0.4777832
vn 0.7509766 -0.4560547 0.4777832
vn 0.7509766 -0.4560547 0.4777832
vn 0.2351074 0.09851074 -0.9667969
vn 0.2351074 0.09851074 -0.9667969
vn 0.2351074 0.09851074 -0.9667969
vn 0.2351074 0.09851074 -0.9667969
vn -0.1494141 -0.1416016 0.9785156
vn -0.1494141 -0.1416016 0.9785156
vn -0.1494141 -0.1416016 0.9785156
vn -0.1494141 -0.1416016 0.9785156
vn 0.244873 0.9350586 -0.2553711
vn 0.2558594 0.9301758 -0.2626953
vn 0.2558594 0.9301758 -0.2626953
vn 0.2558594 0.9301758 -0.2626953
vn -0.8100586 0.4594727 -0.3640137
vn -0.8100586 0.4594727 -0.3640137
vn -0.8100586 0.4594727 -0.3640137
vn -0.8100586 0.4594727 -0.3640137
vn -0.2558594 -0.9301758 0.2626953
vn -0.2558594 -0.9301758 0.2626953
vn -0.2558594 -0.9301758 0.2626953
vn -0.244751 -0.9355469 0.2556152
vn -0.8359375 0.2922363 0.4650879
vn -0.8359375 0.2922363 0.4650879
vn -0.8359375 0.2922363 0.4650879
vn -0.8359375 0.2922363 0.4650879
vn 0.8359375 -0.2919922 -0.4650879
vn 0.8359375 -0.2919922 -0.4650879
vn 0.8359375 -0.2919922 -0.4650879
vn 0.8359375 -0.2919922 -0.4650879
vn -0.9345703 -0.3447266 -0.08831787
vn -0.9321289 -0.3513184 -0.08703613
vn -0.9321289 -0.3513184 -0.08703613
vn -0.9345703 -0.3447266 -0.08831787
vn -0.7602539 0.5683594 0.314209
vn -0.7602539 0.5683594 0.314209
vn -0.7602539 0.5683594 0.314209
vn -0.7602539 0.5683594 0.314209
vn 0.1278076 0.9345703 0.3317871
vn 0.1278076 0.9345703 0.3317871
vn 0.1278076 0.9345703 0.3317871
vn 0.1278076 0.9345703 0.3317871
vn 0.9135742 0.4018555 -0.05859375
vn 0.9160156 0.3984375 -0.04382324
vn 0.9160156 0.3984375 -0.04382324
vn 0.9135742 0.4018555 -0.05859375
vn 0.7583008 -0.4663086 -0.4553223
vn 0.7583008 -0.4663086 -0.4553223
vn 0.7583008 -0.4663086 -0.4553223
vn 0.7583008 -0.4663086 -0.4553223
vn -0.1842041 -0.8618164 -0.4729004
vn -0.1842041 -0.8618164 -0.4729004
vn -0.1842041 -0.8618164 -0.4729004
vn -0.1842041 -0.8618164 -0.4729004
vn -0.8818359 -0.4558105 0.1219482
vn -0.8818359 -0.4558105 0.1219482
vn -0.8818359 -0.4558105 0.1219482
vn -0.8818359 -0.4558105 0.1219482
vn -0.7036133 0.3925781 0.5922852
vn -0.7036133 0.3925781 0.5922852
vn -0.7036133 0.3925781 0.5922852
vn -0.7036133 0.3925781 0.5922852
vn 0.2084961 0.7661133 0.6079102
vn 0.2084961 0.7661133 0.6079102
vn 0.2084961 0.7661133 0.6079102
vn 0.2084961 0.7661133 0.6079102
vn 0.9438477 0.2924805 0.152832
vn 0.9438477 0.2924805 0.152832
vn 0.9438477 0.2924805 0.152832
vn 0.9438477 0.2924805 0.152832
vn 0.7670898 -0.5566406 -0.3186035
vn 0.7670898 -0.5566406 -0.3186035
vn 0.7670898 -0.5566406 -0.3186035
vn 0.7670898 -0.5566406 -0.3186035
vn -0.1464844 -0.9311523 -0.3339844
vn -0.1464844 -0.9311523 -0.3339844
vn -0.1464844 -0.9311523 -0.3339844
vn -0.1464844 -0.9311523 -0.3339844
vn 0.1616211 0.9780273 0.1304932
vn 0.1616211 0.9780273 0.1304932
vn 0.1616211 0.9780273 0.1304932
vn 0.1616211 0.9780273 0.1304932
vn -0.7905273 0.6020508 0.1132813
vn -0.7905273 0.6020508 0.1132813
vn -0.7905273 0.6020508 0.1132813
vn -0.7905273 0.6020508 0.1132813
vn -0.9321289 -0.3513184 -0.08703613
vn -0.9296875 -0.3579102 -0.08581543
vn -0.9296875 -0.3579102 -0.08581543
vn -0.9321289 -0.3513184 -0.08703613
vn -0.1193848 -0.9521484 -0.2819824
vn -0.1193848 -0.9521484 -0.2819824
vn -0.1193848 -0.9521484 -0.2819824
vn -0.1193848 -0.9521484 -0.2819824
vn 0.7744141 -0.5776367 -0.2580566
vn 0.7744141 -0.5776367 -0.2580566
vn 0.7744141 -0.5776367 -0.2580566
vn 0.7744141 -0.5776367 -0.2580566
vn 0.9160156 0.3984375 -0.04382324
vn 0.918457 0.3947754 -0.02905273
vn 0.918457 0.3947754 -0.02905273
vn 0.9160156 0.3984375 -0.04382324
vn -0.6811523 -0.4379883 0.5864258
vn -0.6811523 -0.4379883 0.5864258
vn -0.6811523 -0.4379883 0.5864258
vn -0.6811523 -0.4379883 0.5864258
vn -0.5825195 0.1706543 0.7949219
vn -0.5825195 0.1706543 0.7949219
vn -0.5825195 0.1706543 0.7949219
vn -0.5825195 0.1706543 0.7949219
vn 0.08465576 0.5458984 0.8334961
vn 0.08465576 0.5458984 0.8334961
vn 0.08465576 0.5458984 0.8334961
vn 0.08465576 0.5458984 0.8334961
vn 0.862793 -0.08935547 0.4978027
vn 0.862793 -0.08935547 0.4978027
vn 0.862793 -0.08935547 0.4978027
vn 0.862793 -0.08935547 0.4978027
vn 0.7866211 -0.4970703 0.3659668
vn 0.7866211 -0.4970703 0.3659668
vn 0.7866211 -0.4970703 0.3659668
vn 0.7866211 -0.4970703 0.3659668
vn -0.1195679 -0.9375 0.3266602
vn -0.1195679 -0.9375 0.3266602
vn -0.1195679 -0.9375 0.3266602
vn -0.1195679 -0.9375 0.3266602
vn -0.8793945 -0.2226563 -0.4211426
vn -0.8793945 -0.2226563 -0.4211426
vn -0.8793945 -0.2226563 -0.4211426
vn -0.8793945 -0.2226563 -0.4211426
vn -0.7348633 0.6679688 -0.1171265
vn -0.7348633 0.6679688 -0.1171265
vn -0.7348633 0.6679688 -0.1171265
vn -0.7348633 0.6679688 -0.1171265
vn 0.1329346 0.9912109 -0.01638794
vn 0.1329346 0.9912109 -0.01638794
vn 0.1329346 0.9912109 -0.01638794
vn 0.1329346 0.9912109 -0.01638794
vn 0.793457 0.5268555 -0.3051758
vn 0.793457 0.5268555 -0.3051758
vn 0.793457 0.5268555 -0.3051758
vn 0.793457 0.5268555 -0.3051758
vn 0.6503906 -0.4213867 -0.6318359
vn 0.6503906 -0.4213867 -0.6318359
vn 0.6503906 -0.4213867 -0.6318359
vn 0.6503906 -0.4213867 -0.6318359
vn -0.1618652 -0.7607422 -0.628418
vn -0.1618652 -0.7607422 -0.628418
vn -0.1618652 -0.7607422 -0.628418
vn -0.1618652 -0.7607422 -0.628418
vn 0.9560547 0.2888184 -0.04669189
vn 0.9560547 0.2888184 -0.04669189
vn 0.9560547 0.2888184 -0.04669189
vn 0.9560547 0.2888184 -0.04669189
vn -0.1386719 0 -0.9902344
vn -0.1386719 0 -0.9902344
vn -0.1386719 0 -0.9902344
vn -0.1386719 0 -0.9902344
vn -0.9316406 -0.2871094 0.2229004
vn -0.9316406 -0.2871094 0.2229004
vn -0.9316406 -0.2871094 0.2229004
vn -0.9316406 -0.2871094 0.2229004
vn 0.1383057 0 0.9902344
vn 0.1383057 0 0.9902344
vn 0.1383057 0 0.9902344
vn 0.1383057 0 0.9902344
vn 0.9555664 0.2890625 -0.05465698
vn 0.9555664 0.2890625 -0.05465698
vn 0.9555664 0.2890625 -0.05465698
vn 0.9555664 0.2890625 -0.05465698
vn 0.3120117 -0.9282227 0.2022705
vn 0.3120117 -0.9282227 0.2022705
vn 0.3120117 -0.9282227 0.2022705
vn 0.3120117 -0.9282227 0.2022705
vn 0.3139648 -0.9199219 0.2351074
vn 0.3139648 -0.9199219 0.2351074
vn 0.3161621 -0.9086914 0.2719727
vn 0.3161621 -0.9086914 0.2719727
vn 0.314209 -0.9199219 0.2351074
vn 0.314209 -0.9199219 0.2351074
vn 0.3178711 -0.8925781 0.3195801
vn 0.3178711 -0.8925781 0.3195801
vn 0.3186035 -0.8833008 0.3435059
vn 0.3186035 -0.8833008 0.3435059
vn 0.3188477 -0.878418 0.3564453
vn 0.3188477 -0.878418 0.3564453
vn -0.9331055 -0.2871094 0.2155762
vn -0.9331055 -0.2871094 0.2155762
vn -0.9331055 -0.2871094 0.2155762
vn -0.9331055 -0.2871094 0.2155762
vn -0.3120117 0.9282227 -0.2023926
vn -0.3120117 0.9282227 -0.2023926
vn -0.3120117 0.9282227 -0.2023926
vn -0.3120117 0.9282227 -0.2023926
vn -0.3139648 0.9199219 -0.2352295
vn -0.3139648 0.9199219 -0.2352295
vn -0.3161621 0.9086914 -0.2722168
vn -0.3161621 0.9086914 -0.2722168
vn -0.314209 0.9199219 -0.2352295
vn -0.314209 0.9199219 -0.2352295
vn -0.3178711 0.8925781 -0.3195801
vn -0.3178711 0.8925781 -0.3195801
vn -0.3186035 0.8833008 -0.3435059
vn -0.3186035 0.8833008 -0.3435059
vn -0.3188477 0.878418 -0.3564453
vn -0.3188477 0.878418 -0.3564453
vn 0.9570313 0.2883301 -0.03448486
vn 0.9570313 0.2883301 -0.03448486
vn 0.9570313 0.2883301 -0.03448486
vn 0.9570313 0.2883301 -0.03448486
vn -0.9287109 -0.2866211 0.2349854
vn -0.9287109 -0.2866211 0.2349854
vn -0.9287109 -0.2866211 0.2349854
vn -0.9287109 -0.2866211 0.2349854
vn 0.9487305 0.2893066 -0.1263428
vn 0.9487305 0.2893066 -0.1263428
vn 0.9487305 0.2893066 -0.1263428
vn 0.9487305 0.2893066 -0.1263428
vn -0.9462891 -0.2890625 0.1448975
vn -0.9462891 -0.2890625 0.1448975
vn -0.9462891 -0.2890625 0.1448975
vn -0.9462891 -0.2890625 0.1448975
vn 0.8959961 0.2800293 -0.3449707
vn 0.8959961 0.2800293 -0.3449707
vn 0.8959961 0.2800293 -0.3449707
vn 0.8959961 0.2800293 -0.3449707
vn -0.9555664 -0.2844238 -0.08001709
vn -0.9555664 -0.2844238 -0.08001709
vn -0.9555664 -0.2844238 -0.08001709
vn -0.9555664 -0.2844238 -0.08001709
vn 0.6787109 0.1811523 0.7119141
vn 0.6787109 0.1811523 0.7119141
vn 0.6787109 0.1811523 0.7119141
vn 0.6787109 0.1811523 0.7119141
vn 0.2890625 -0.9570313 -0.02049255
vn 0.2873535 -0.9575195 -0.03071594
vn 0.2873535 -0.9575195 -0.03071594
vn 0.2875977 -0.9575195 -0.0307312
vn 0.2875977 -0.9570313 -0.03074646
vn 0.2890625 -0.9570313 -0.02049255
vn 0.2919922 -0.956543 0
vn 0.2919922 -0.956543 0
vn 0.2875977 -0.9575195 -0.03074646
vn 0.2875977 -0.9575195 -0.03074646
vn 0.6503906 0.2186279 -0.7275391
vn 0.6503906 0.2186279 -0.7275391
vn 0.6503906 0.2186279 -0.7275391
vn 0.6503906 0.2186279 -0.7275391
vn -0.2875977 0.9570313 0.03071594
vn -0.2875977 0.9570313 0.0307312
vn -0.2875977 0.9570313 0.0307312
vn -0.2890625 0.9570313 0.02047729
vn -0.2890625 0.9570313 0.02047729
vn -0.2875977 0.9570313 0.03071594
vn -0.2875977 0.9570313 0.0307312
vn -0.2875977 0.9570313 0.0307312
vn -0.2919922 0.956543 0
vn -0.2919922 0.956543 0
vn -0.8242188 -0.230957 -0.5170898
vn -0.8242188 -0.230957 -0.5170898
vn -0.8242188 -0.230957 -0.5170898
vn -0.8242188 -0.230957 -0.5170898
vn -0.456543 -0.1654053 0.8740234
vn -0.456543 -0.1654053 0.8740234
vn -0.456543 -0.1654053 0.8740234
vn -0.456543 -0.1654053 0.8740234
vn 0.6582031 0.1741943 0.7324219
vn 0.6582031 0.1741943 0.7324219
vn 0.6582031 0.1741943 0.7324219
vn 0.6582031 0.1741943 0.7324219
vn 0.4291992 0.1577148 -0.8891602
vn 0.4291992 0.1577148 -0.8891602
vn 0.4291992 0.1577148 -0.8891602
vn 0.4291992 0.1577148 -0.8891602
vn -0.4311523 -0.157959 0.8881836
vn -0.4311523 -0.157959 0.8881836
vn -0.4311523 -0.157959 0.8881836
vn -0.4311523 -0.157959 0.8881836
vn -0.65625 -0.1737061 -0.7338867
vn -0.65625 -0.1737061 -0.7338867
vn -0.65625 -0.1737061 -0.7338867
vn -0.65625 -0.1737061 -0.7338867
vn 0.5727539 0.1461182 0.8066406
vn 0.5727539 0.1461182 0.8066406
vn 0.5727539 0.1461182 0.8066406
vn 0.5727539 0.1461182 0.8066406
vn 0.3190918 -0.8554688 0.4077148
vn 0.3190918 -0.8554688 0.4077148
vn 0.3190918 -0.8554688 0.4077148
vn 0.3305664 -0.8598633 0.3891602
vn 0.3530273 -0.8320313 0.4277344
vn 0.3530273 -0.8320313 0.4277344
vn 0.3500977 -0.8452148 0.4033203
vn 0.3774414 -0.8227539 0.4245605
vn 0.3774414 -0.8227539 0.4245605
vn 0.3774414 -0.8227539 0.4245605
vn 0.3312988 0.1293945 -0.9345703
vn 0.3312988 0.1293945 -0.9345703
vn 0.3312988 0.1293945 -0.9345703
vn 0.3312988 0.1293945 -0.9345703
vn -0.3305664 0.8598633 -0.3891602
vn -0.3193359 0.8554688 -0.4077148
vn -0.3193359 0.8554688 -0.4077148
vn -0.3193359 0.8554688 -0.4077148
vn -0.3500977 0.8452148 -0.4033203
vn -0.3532715 0.8320313 -0.4277344
vn -0.3532715 0.8320313 -0.4277344
vn -0.3774414 0.8232422 -0.4245605
vn -0.3774414 0.8232422 -0.4245605
vn -0.3774414 0.8232422 -0.4245605
vn -0.3291016 -0.1289063 0.9355469
vn -0.3291016 -0.1289063 0.9355469
vn -0.3291016 -0.1289063 0.9355469
vn -0.3291016 -0.1289063 0.9355469
vn -0.3190918 0.8554688 -0.4077148
vn -0.3190918 0.8554688 -0.4077148
vn -0.3190918 0.8554688 -0.4077148
vn -0.3076172 0.8666992 -0.392334
vn -0.2844238 0.8530273 -0.4375
vn -0.2844238 0.8530273 -0.4375
vn -0.2873535 0.8642578 -0.4125977
vn -0.2575684 0.8588867 -0.442627
vn -0.2575684 0.8588867 -0.442627
vn -0.2575684 0.8588867 -0.442627
vn -0.574707 -0.1470947 -0.8051758
vn -0.574707 -0.1470947 -0.8051758
vn -0.574707 -0.1470947 -0.8051758
vn -0.574707 -0.1470947 -0.8051758
vn 0.3076172 -0.8666992 0.3925781
vn 0.3190918 -0.8554688 0.4077148
vn 0.3190918 -0.8554688 0.4077148
vn 0.3190918 -0.8554688 0.4077148
vn 0.2873535 -0.8642578 0.4125977
vn 0.2844238 -0.8530273 0.4377441
vn 0.2844238 -0.8530273 0.4377441
vn 0.2575684 -0.8588867 0.442627
vn 0.2575684 -0.8588867 0.442627
vn 0.2575684 -0.8588867 0.442627
vn 0.6137695 0.1595459 0.7734375
vn 0.6137695 0.1595459 0.7734375
vn 0.6137695 0.1595459 0.7734375
vn 0.6137695 0.1595459 0.7734375
vn 0.2435303 0.1040649 -0.9643555
vn 0.2435303 0.1040649 -0.9643555
vn 0.2435303 0.1040649 -0.9643555
vn 0.2435303 0.1040649 -0.9643555
vn -0.3774414 -0.1425781 0.9150391
vn -0.3774414 -0.1425781 0.9150391
vn -0.3774414 -0.1425781 0.9150391
vn -0.3774414 -0.1425781 0.9150391
vn -0.4985352 -0.1221924 -0.8583984
vn -0.4985352 -0.1221924 -0.8583984
vn -0.4985352 -0.1221924 -0.8583984
vn -0.4985352 -0.1221924 -0.8583984
vn 0.6269531 0.1638184 0.7617188
vn 0.6269531 0.1638184 0.7617188
vn 0.6269531 0.1638184 0.7617188
vn 0.6269531 0.1638184 0.7617188
vn 0.4760742 0.1707764 -0.862793
vn 0.4760742 0.1707764 -0.862793
vn 0.4760742 0.1707764 -0.862793
vn 0.4760742 0.1707764 -0.862793
vn -0.3935547 -0.1472168 0.9072266
vn -0.3935547 -0.1472168 0.9072266
vn -0.3935547 -0.1472168 0.9072266
vn -0.3935547 -0.1472168 0.9072266
vn -0.7148438 -0.1931152 -0.6723633
vn -0.7148438 -0.1931152 -0.6723633
vn -0.7148438 -0.1931152 -0.6723633
vn -0.7148438 -0.1931152 -0.6723633
vn -0.9477539 -0.2890625 0.135498
vn -0.9477539 -0.2890625 0.135498
vn -0.9477539 -0.2890625 0.135498
vn -0.9477539 -0.2890625 0.135498
vn 0.9477539 0.2893066 -0.135498
vn 0.9477539 0.2893066 -0.135498
vn 0.9477539 0.2893066 -0.135498
vn 0.9477539 0.2893066 -0.135498
vn -0.9511719 -0.2658691 0.1568604
vn -0.9511719 -0.2658691 0.1568604
vn -0.9511719 -0.2658691 0.1568604
vn -0.9511719 -0.2658691 0.1568604
vn -0.1717529 0.4279785 -0.887207
vn -0.1717529 0.4279785 -0.887207
vn -0.1717529 0.4279785 -0.887207
vn -0.1717529 0.4279785 -0.887207
vn 0.9819336 0.1896973 0
vn 0.9819336 0.1896973 0
vn 0.9819336 0.1896973 0
vn 0.9819336 0.1896973 0
vn 0.1719971 -0.4277344 0.887207
vn 0.1719971 -0.4277344 0.887207
vn 0.1719971 -0.4277344 0.887207
vn 0.1719971 -0.4277344 0.887207
vn -0.953125 -0.2629395 0.1496582
vn -0.953125 -0.2629395 0.1496582
vn -0.953125 -0.2629395 0.1496582
vn -0.953125 -0.2629395 0.1496582
vn 0.980957 0.1932373 0
vn 0.980957 0.1932373 0
vn 0.980957 0.1932373 0
vn 0.980957 0.1932373 0
vn -0.9482422 -0.2705078 0.1673584
vn -0.9482422 -0.2705078 0.1673584
vn -0.9482422 -0.2705078 0.1673584
vn -0.9482422 -0.2705078 0.1673584
vn -0.1091919 0.7026367 0.703125
vn -0.0982666 0.6679688 0.737793
vn -0.1091919 0.7026367 0.703125
vn -0.0982666 0.6679688 0.737793
vn -0.09259033 0.6499023 0.7543945
vn -0.09259033 0.6499023 0.7543945
vn -0.0894165 0.6396484 0.7636719
vn -0.0894165 0.6396484 0.7636719
vn 0.9829102 0.184082 0
vn 0.9829102 0.184082 0
vn 0.9829102 0.184082 0
vn 0.9829102 0.184082 0
vn 0.1090698 -0.7026367 -0.703125
vn 0.0982666 -0.6679688 -0.737793
vn 0.1092529 -0.7026367 -0.703125
vn 0.0982666 -0.6679688 -0.737793
vn 0.0927124 -0.6499023 -0.7543945
vn 0.0927124 -0.6499023 -0.7543945
vn 0.08972168 -0.6396484 -0.7636719
vn 0.08972168 -0.6396484 -0.7636719
vn -0.96875 -0.232666 0.08605957
vn -0.96875 -0.232666 0.08605957
vn -0.96875 -0.232666 0.08605957
vn -0.96875 -0.232666 0.08605957
vn 0.972168 0.2246094 -0.06951904
vn 0.972168 0.2246094 -0.06951904
vn 0.972168 0.2246094 -0.06951904
vn 0.972168 0.2246094 -0.06951904
vn -0.9848633 -0.1313477 -0.1141968
vn -0.9848633 -0.1313477 -0.1141968
vn -0.9848633 -0.1313477 -0.1141968
vn -0.9848633 -0.1313477 -0.1141968
vn 0.9106445 0.3151855 -0.2668457
vn 0.9106445 0.3151855 -0.2668457
vn 0.9106445 0.3151855 -0.2668457
vn 0.9106445 0.3151855 -0.2668457
vn -0.4436035 -0.4794922 0.7573242
vn -0.4436035 -0.4794922 0.7573242
vn -0.4436035 -0.4794922 0.7573242
vn -0.4436035 -0.4794922 0.7573242
vn -0.1676025 0.8696289 0.4641113
vn -0.1694336 0.8745117 0.4543457
vn -0.1694336 0.8745117 0.4543457
vn -0.1694336 0.8745117 0.4543457
vn -0.1695557 0.8745117 0.4543457
vn -0.1677246 0.8696289 0.4641113
vn -0.1638184 0.8598633 0.4833984
vn -0.1638184 0.8598633 0.4833984
vn -0.1695557 0.8745117 0.4543457
vn -0.1695557 0.8745117 0.4543457
vn -0.8632813 0.09075928 -0.4968262
vn -0.8632813 0.09075928 -0.4968262
vn -0.8632813 0.09075928 -0.4968262
vn -0.8632813 0.09075928 -0.4968262
vn 0.1696777 -0.8745117 -0.4545898
vn 0.1697998 -0.8745117 -0.4545898
vn 0.1697998 -0.8745117 -0.4545898
vn 0.1677246 -0.8696289 -0.4641113
vn 0.1676025 -0.8696289 -0.4641113
vn 0.1695557 -0.8745117 -0.4545898
vn 0.1695557 -0.8745117 -0.4545898
vn 0.1695557 -0.8745117 -0.4545898
vn 0.1636963 -0.8598633 -0.4833984
vn 0.1636963 -0.8598633 -0.4833984
vn 0.6464844 0.4465332 -0.6181641
vn 0.6464844 0.4465332 -0.6181641
vn 0.6464844 0.4465332 -0.6181641
vn 0.6464844 0.4465332 -0.6181641
vn 0.71875 -0.2058105 0.6640625
vn 0.71875 -0.2058105 0.6640625
vn 0.71875 -0.2058105 0.6640625
vn 0.71875 -0.2058105 0.6640625
vn -0.416748 -0.4814453 0.7709961
vn -0.416748 -0.4814453 0.7709961
vn -0.416748 -0.4814453 0.7709961
vn -0.416748 -0.4814453 0.7709961
vn -0.1244507 0.75 0.6499023
vn -0.1173706 0.7280273 0.675293
vn -0.1173706 0.7280273 0.675293
vn -0.1244507 0.75 0.6499023
vn -0.1245117 0.75 0.6499023
vn -0.1245117 0.75 0.6499023
vn -0.1174927 0.7280273 0.675293
vn -0.1174927 0.7280273 0.675293
vn -0.6967773 0.2197266 -0.6826172
vn -0.6967773 0.2197266 -0.6826172
vn -0.6967773 0.2197266 -0.6826172
vn -0.6967773 0.2197266 -0.6826172
vn 0.1245728 -0.7495117 -0.6499023
vn 0.1174927 -0.7280273 -0.675293
vn 0.1174927 -0.7280273 -0.675293
vn 0.1245728 -0.7495117 -0.6499023
vn 0.1244507 -0.75 -0.6499023
vn 0.1244507 -0.75 -0.6499023
vn 0.1171875 -0.7280273 -0.675293
vn 0.1171875 -0.7280273 -0.675293
vn 0.6982422 -0.2186279 0.6816406
vn 0.6982422 -0.2186279 0.6816406
vn 0.6982422 -0.2186279 0.6816406
vn 0.6982422 -0.2186279 0.6816406
vn 0.4150391 0.4816895 -0.7719727
vn 0.4150391 0.4816895 -0.7719727
vn 0.4150391 0.4816895 -0.7719727
vn 0.4150391 0.4816895 -0.7719727
vn -0.3103027 -0.4851074 0.8173828
vn -0.3103027 -0.4851074 0.8173828
vn -0.3103027 -0.4851074 0.8173828
vn -0.3103027 -0.4851074 0.8173828
vn -0.07659912 0.5976563 0.7983398
vn -0.07659912 0.5976563 0.7983398
vn -0.07659912 0.5976563 0.7983398
vn -0.09265137 0.6088867 0.7880859
vn -0.1052856 0.5668945 0.8168945
vn -0.1052856 0.5668945 0.8168945
vn -0.1083984 0.5893555 0.8007813
vn -0.130127 0.5595703 0.8183594
vn -0.130127 0.5595703 0.8183594
vn -0.130127 0.5595703 0.8183594
vn -0.6152344 0.2661133 -0.7421875
vn -0.6152344 0.2661133 -0.7421875
vn -0.6152344 0.2661133 -0.7421875
vn -0.6152344 0.2661133 -0.7421875
vn 0.09265137 -0.6088867 -0.7880859
vn 0.07659912 -0.597168 -0.7983398
vn 0.07659912 -0.597168 -0.7983398
vn 0.07659912 -0.597168 -0.7983398
vn 0.1085205 -0.5893555 -0.8007813
vn 0.1053467 -0.5668945 -0.8168945
vn 0.1053467 -0.5668945 -0.8168945
vn 0.130127 -0.5595703 -0.8183594
vn 0.130127 -0.5595703 -0.8183594
vn 0.130127 -0.5595703 -0.8183594
vn 0.6132813 -0.2675781 0.7431641
vn 0.6132813 -0.2675781 0.7431641
vn 0.6132813 -0.2675781 0.7431641
vn 0.6132813 -0.2675781 0.7431641
vn 0.07653809 -0.5976563 -0.7983398
vn 0.07653809 -0.5976563 -0.7983398
vn 0.07653809 -0.5976563 -0.7983398
vn 0.0690918 -0.6142578 -0.7861328
vn 0.03479004 -0.5834961 -0.8115234
vn 0.03479004 -0.5834961 -0.8115234
vn 0.04394531 -0.6040039 -0.7954102
vn 0.007183075 -0.5874023 -0.809082
vn 0.007183075 -0.5874023 -0.809082
vn 0.007183075 -0.5874023 -0.809082
vn 0.3127441 0.4851074 -0.8164063
vn 0.3127441 0.4851074 -0.8164063
vn 0.3127441 0.4851074 -0.8164063
vn 0.3127441 0.4851074 -0.8164063
vn -0.06921387 0.6142578 0.7861328
vn -0.07672119 0.597168 0.7983398
vn -0.07672119 0.597168 0.7983398
vn -0.07672119 0.597168 0.7983398
vn -0.04391479 0.6040039 0.7954102
vn -0.03491211 0.5834961 0.8115234
vn -0.03491211 0.5834961 0.8115234
vn -0.007217407 0.5874023 0.809082
vn -0.007217407 0.5874023 0.809082
vn -0.007217407 0.5874023 0.809082
vn -0.3605957 -0.4841309 0.7973633
vn -0.3605957 -0.4841309 0.7973633
vn -0.3605957 -0.4841309 0.7973633
vn -0.3605957 -0.4841309 0.7973633
vn -0.5380859 0.3041992 -0.7861328
vn -0.5380859 0.3041992 -0.7861328
vn -0.5380859 0.3041992 -0.7861328
vn -0.5380859 0.3041992 -0.7861328
vn 0.6542969 -0.2453613 0.715332
vn 0.6542969 -0.2453613 0.715332
vn 0.6542969 -0.2453613 0.715332
vn 0.6542969 -0.2453613 0.715332
vn 0.2213135 0.4829102 -0.847168
vn 0.2213135 0.4829102 -0.847168
vn 0.2213135 0.4829102 -0.847168
vn 0.2213135 0.4829102 -0.847168
vn -0.3774414 -0.4836426 0.7895508
vn -0.3774414 -0.4836426 0.7895508
vn -0.3774414 -0.4836426 0.7895508
vn -0.3774414 -0.4836426 0.7895508
vn -0.734375 0.1954346 -0.6499023
vn -0.734375 0.1954346 -0.6499023
vn -0.734375 0.1954346 -0.6499023
vn -0.734375 0.1954346 -0.6499023
vn 0.6674805 -0.2371826 0.7060547
vn 0.6674805 -0.2371826 0.7060547
vn 0.6674805 -0.2371826 0.7060547
vn 0.6674805 -0.2371826 0.7060547
vn 0.4912109 0.4748535 -0.7304688
vn 0.4912109 0.4748535 -0.7304688
vn 0.4912109 0.4748535 -0.7304688
vn 0.4912109 0.4748535 -0.7304688
vn 0.9702148 0.2287598 -0.07788086
vn 0.9702148 0.2287598 -0.07788086
vn 0.9702148 0.2287598 -0.07788086
vn 0.9702148 0.2287598 -0.07788086
vn -0.9702148 -0.2288818 0.07781982
vn -0.9702148 -0.2288818 0.07781982
vn -0.9702148 -0.2288818 0.07781982
vn -0.9702148 -0.2288818 0.07781982
vn 0.3520508 0.8774414 0.3259277
vn 0.3520508 0.8774414 0.3259277
vn 0.3520508 0.8774414 0.3259277
vn 0.3520508 0.8774414 0.3259277
vn 0.07000732 0.230835 -0.9707031
vn 0.07000732 0.230835 -0.9707031
vn 0.07000732 0.230835 -0.9707031
vn 0.07000732 0.230835 -0.9707031
vn -0.364502 -0.918457 -0.1533203
vn -0.364502 -0.918457 -0.1533203
vn -0.364502 -0.918457 -0.1533203
vn -0.364502 -0.918457 -0.1533203
vn -0.07000732 -0.230835 0.9707031
vn -0.07000732 -0.230835 0.9707031
vn -0.07000732 -0.230835 0.9707031
vn -0.07000732 -0.230835 0.9707031
vn 0.3527832 0.8798828 0.3188477
vn 0.3527832 0.8798828 0.3188477
vn 0.3527832 0.8798828 0.3188477
vn 0.3527832 0.8798828 0.3188477
vn 0.8881836 -0.4099121 0.2081299
vn 0.8881836 -0.4099121 0.2081299
vn 0.8881836 -0.4099121 0.208252
vn 0.8881836 -0.4099121 0.208252
vn 0.8779297 -0.4145508 0.2402344
vn 0.8779297 -0.4145508 0.2402344
vn 0.8647461 -0.4189453 0.2763672
vn 0.8647461 -0.4189453 0.2763672
vn 0.8779297 -0.4143066 0.2402344
vn 0.8779297 -0.4143066 0.2402344
vn 0.8461914 -0.4238281 0.3227539
vn 0.8461914 -0.4238281 0.3227539
vn 0.8359375 -0.4260254 0.3461914
vn 0.8359375 -0.4260254 0.3461914
vn 0.8300781 -0.427002 0.3586426
vn 0.8300781 -0.427002 0.3586426
vn -0.3642578 -0.9174805 -0.1608887
vn -0.3642578 -0.9174805 -0.1608887
vn -0.3642578 -0.9174805 -0.1608887
vn -0.3642578 -0.9174805 -0.1608887
vn -0.8881836 0.4099121 -0.208252
vn -0.8881836 0.4099121 -0.208252
vn -0.8881836 0.4099121 -0.208374
vn -0.8881836 0.4099121 -0.208374
vn -0.8779297 0.4143066 -0.2403564
vn -0.8779297 0.4143066 -0.2403564
vn -0.8647461 0.4189453 -0.2763672
vn -0.8647461 0.4189453 -0.2766113
vn -0.8779297 0.4143066 -0.2404785
vn -0.8779297 0.4143066 -0.2404785
vn -0.8461914 0.4238281 -0.3227539
vn -0.8461914 0.4238281 -0.3227539
vn -0.8359375 0.4260254 -0.3461914
vn -0.8359375 0.4260254 -0.3461914
vn -0.8300781 0.4267578 -0.3586426
vn -0.8300781 0.4267578 -0.3586426
vn 0.3508301 0.8735352 0.3374023
vn 0.3508301 0.8735352 0.3374023
vn 0.3508301 0.8735352 0.3374023
vn 0.3508301 0.8735352 0.3374023
vn -0.3649902 -0.9204102 -0.1411133
vn -0.3649902 -0.9204102 -0.1411133
vn -0.3649902 -0.9204102 -0.1411133
vn -0.3649902 -0.9204102 -0.1411133
vn 0.3591309 0.8994141 0.2495117
vn 0.3591309 0.8994141 0.2495117
vn 0.3591309 0.8994141 0.2495117
vn 0.3591309 0.8994141 0.2495117
vn -0.3603516 -0.9038086 -0.2313232
vn -0.3603516 -0.9038086 -0.2313232
vn -0.3603516 -0.9038086 -0.2313232
vn -0.3603516 -0.9038086 -0.2313232
vn 0.3664551 0.9301758 0.02629089
vn 0.3664551 0.9301758 0.02629089
vn 0.3664551 0.9301758 0.02629089
vn 0.3664551 0.9301758 0.02629089
vn -0.3364258 -0.8310547 -0.4428711
vn -0.3364258 -0.8310547 -0.4428711
vn -0.3364258 -0.8310547 -0.4428711
vn -0.3364258 -0.8310547 -0.4428711
vn 0.1591797 0.3549805 0.9213867
vn 0.1591797 0.3549805 0.9213867
vn 0.1591797 0.3549805 0.9213867
vn 0.1591797 0.3549805 0.9213867
vn 0.9296875 -0.3684082 -0.009231567
vn 0.9301758 -0.3664551 -0.01992798
vn 0.9301758 -0.3664551 -0.01992798
vn 0.9301758 -0.3662109 -0.0198822
vn 0.9301758 -0.3659668 -0.01985168
vn 0.9296875 -0.3684082 -0.009216309
vn 0.9277344 -0.3730469 0.0120697
vn 0.9277344 -0.3730469 0.0120697
vn 0.9301758 -0.3662109 -0.01986694
vn 0.9301758 -0.3662109 -0.01986694
vn 0.3237305 0.8466797 -0.4226074
vn 0.3237305 0.8466797 -0.4226074
vn 0.3237305 0.8466797 -0.4226074
vn 0.3237305 0.8466797 -0.4226074
vn -0.9306641 0.3659668 0.01985168
vn -0.9301758 0.3659668 0.01989746
vn -0.9301758 0.3659668 0.01989746
vn -0.9296875 0.3684082 0.009231567
vn -0.9296875 0.3684082 0.009216309
vn -0.9306641 0.3659668 0.01982117
vn -0.9301758 0.3659668 0.01985168
vn -0.9301758 0.3659668 0.01985168
vn -0.9277344 0.373291 -0.01198578
vn -0.9277344 0.373291 -0.01198578
vn -0.2357178 -0.5561523 -0.796875
vn -0.2357178 -0.5561523 -0.796875
vn -0.2357178 -0.5561523 -0.796875
vn -0.2357178 -0.5561523 -0.796875
vn -0.2714844 -0.7246094 0.6333008
vn -0.2714844 -0.7246094 0.6333008
vn -0.2714844 -0.7246094 0.6333008
vn -0.2714844 -0.7246094 0.6333008
vn 0.149292 0.3291016 0.9326172
vn 0.149292 0.3291016 0.9326172
vn 0.149292 0.3291016 0.9326172
vn 0.149292 0.3291016 0.9326172
vn 0.2636719 0.7055664 -0.6577148
vn 0.2636719 0.7055664 -0.6577148
vn 0.2636719 0.7055664 -0.6577148
vn 0.2636719 0.7055664 -0.6577148
vn -0.2641602 -0.7070313 0.65625
vn -0.2641602 -0.7070313 0.65625
vn -0.2641602 -0.7070313 0.65625
vn -0.2641602 -0.7070313 0.65625
vn -0.1484375 -0.3273926 -0.9331055
vn -0.1484375 -0.3273926 -0.9331055
vn -0.1484375 -0.3273926 -0.9331055
vn -0.1484375 -0.3273926 -0.9331055
vn 0.109314 0.2258301 0.9677734
vn 0.109314 0.2258301 0.9677734
vn 0.109314 0.2258301 0.9677734
vn 0.109314 0.2258301 0.9677734
vn 0.8046875 -0.4301758 0.4086914
vn 0.8046875 -0.4301758 0.4086914
vn 0.8046875 -0.4301758 0.4086914
vn 0.8178711 -0.4182129 0.3952637
vn 0.2335205 0.6337891 -0.7373047
vn 0.2335205 0.6337891 -0.7373047
vn 0.2335205 0.6337891 -0.7373047
vn 0.2335205 0.6337891 -0.7373047
vn -0.8178711 0.418457 -0.3952637
vn -0.8046875 0.4301758 -0.4089355
vn -0.8046875 0.4301758 -0.4089355
vn -0.8046875 0.4301758 -0.4089355
vn -0.2330322 -0.6323242 0.7392578
vn -0.2330322 -0.6323242 0.7392578
vn -0.2330322 -0.6323242 0.7392578
vn -0.2330322 -0.6323242 0.7392578
vn -0.8046875 0.4301758 -0.4086914
vn -0.8046875 0.4301758 -0.4086914
vn -0.8046875 0.4301758 -0.4086914
vn -0.809082 0.4401855 -0.3894043
vn -0.777832 0.463623 -0.4243164
vn -0.777832 0.463623 -0.4243164
vn -0.7919922 0.4602051 -0.401123
vn -0.765625 0.4885254 -0.4187012
vn -0.765625 0.4885254 -0.4187012
vn -0.765625 0.4885254 -0.4187012
vn -0.1104736 -0.2283936 -0.9672852
vn -0.1104736 -0.2283936 -0.9672852
vn -0.1104736 -0.2283936 -0.9672852
vn -0.1104736 -0.2283936 -0.9672852
vn 0.809082 -0.4401855 0.3894043
vn 0.8046875 -0.4301758 0.4089355
vn 0.8046875 -0.4301758 0.4089355
vn 0.8046875 -0.4301758 0.4089355
vn 0.7919922 -0.4602051 0.401123
vn 0.777832 -0.463623 0.4245605
vn 0.777832 -0.463623 0.4245605
vn 0.765625 -0.4882813 0.4187012
vn 0.765625 -0.4882813 0.4187012
vn 0.765625 -0.4882813 0.4187012
vn 0.1282959 0.2744141 0.953125
vn 0.1282959 0.2744141 0.953125
vn 0.1282959 0.2744141 0.953125
vn 0.1282959 0.2744141 0.953125
vn 0.8046875 -0.4143066 0.4255371
vn 0.8037109 -0.3981934 0.4418945
vn 0.8037109 -0.3981934 0.4418945
vn 0.815918 -0.4003906 0.416748
vn 0.8115234 -0.3745117 0.4482422
vn 0.8115234 -0.3745117 0.4482422
vn 0.8115234 -0.3745117 0.4482422
vn 0.2052002 0.5654297 -0.7988281
vn 0.2052002 0.5654297 -0.7988281
vn 0.2052002 0.5654297 -0.7988281
vn 0.2052002 0.5654297 -0.7988281
vn -0.815918 0.4003906 -0.416748
vn -0.8037109 0.3984375 -0.4418945
vn -0.8037109 0.3984375 -0.4418945
vn -0.8046875 0.4143066 -0.4255371
vn -0.8115234 0.3745117 -0.4482422
vn -0.8115234 0.3745117 -0.4482422
vn -0.8115234 0.3745117 -0.4482422
vn -0.2476807 -0.668457 0.7016602
vn -0.2476807 -0.668457 0.7016602
vn -0.2476807 -0.668457 0.7016602
vn -0.2476807 -0.668457 0.7016602
vn -0.07629395 -0.1403809 -0.9873047
vn -0.07629395 -0.1403809 -0.9873047
vn -0.07629395 -0.1403809 -0.9873047
vn -0.07629395 -0.1403809 -0.9873047
vn 0.1347656 0.2910156 0.9472656
vn 0.1347656 0.2910156 0.9472656
vn 0.1347656 0.2910156 0.9472656
vn 0.1347656 0.2910156 0.9472656
vn 0.2770996 0.7382813 -0.6147461
vn 0.2770996 0.7382813 -0.6147461
vn 0.2770996 0.7382813 -0.6147461
vn 0.2770996 0.7382813 -0.6147461
vn -0.2526855 -0.6801758 0.6879883
vn -0.2526855 -0.6801758 0.6879883
vn -0.2526855 -0.6801758 0.6879883
vn -0.2526855 -0.6801758 0.6879883
vn -0.1772461 -0.4018555 -0.8984375
vn -0.1772461 -0.4018555 -0.8984375
vn -0.1772461 -0.4018555 -0.8984375
vn -0.1772461 -0.4018555 -0.8984375
vn -0.3596191 -0.9013672 -0.2404785
vn -0.3596191 -0.9013672 -0.2404785
vn -0.3596191 -0.9013672 -0.2404785
vn -0.3596191 -0.9013672 -0.2404785
vn 0.3596191 0.9013672 0.2404785
vn 0.3596191 0.9013672 0.2404785
vn 0.3596191 0.9013672 0.2404785
vn 0.3596191 0.9013672 0.2404785
vn 0 1 0
vn 0 1 0
vn 0 1 0
vn 0 1 0
vn 0 1 0
vn 0 1 0
vn 0 -1 0
vn 0 -1 0
vn 0 -1 0
vn 0 -1 0
vn 0 -1 0
vn 0 -1 0
vn 1 0 0
vn 1 0 0
vn 1 0 0
vn 1 0 0
vn 1 0 0
vn 1 0 0
vn 1 0 0
vn 1 0 0
vn -1 0 0
vn -1 0 0
vn -1 0 0
vn -1 0 0
vn -1 0 0
vn -1 0 0
vn -1 0 0
vn -1 0 0
vn 0 1 0
vn 0 1 0
vn 0 1 0
vn 0 1 0
vn -0.02949524 0.9990234 -0.03096008
vn -0.02949524 0.9990234 -0.03096008
vn -0.05892944 0.996582 -0.06185913
vn -0.05892944 0.996582 -0.06185913
vn 0 1 0
vn 0 1 0
vn 0 1 0
vn 0 1 0
vn 0 1 0
vn 0 1 0
vn -1 0 0
vn -1 0 0
vn -1 0 0
vn -1 0 0
vn -1 0 0
vn -1 0 0
vn -1 0 0
vn -1 0 0
vn 1 0 0
vn 1 0 0
vn 1 0 0
vn 1 0 0
vn 1 0 0
vn 1 0 0
vn 1 0 0
vn 1 0 0
vn 0 1 0
vn 0 1 0
vn 0 1 0
vn 0 1 0
vn -1 0 0
vn -1 0 0
vn -1 0 0
vn -1 0 0
vn 0 1 0
vn 0 1 0
vn 0 1 0
vn 0 1 0
vn -1 0 0
vn -1 0 0
vn -1 0 0
vn -1 0 0
vn 1 0 0
vn 1 0 0
vn 1 0 0
vn 1 0 0
vn 0 -1 0
vn 0 -1 0
vn 0 -1 0
vn 0 -1 0
vn 0 -1 0
vn 0 -1 0
vn 0 -1 0
vn 0 -1 0
vn 1 0 0
vn 1 0 0
vn 1 0 0
vn 1 0 0
vn -0.05093384 0.9858398 -0.1604004
vn -0.05093384 0.9858398 -0.1604004
vn -0.05093384 0.9858398 -0.1604004
vn -0.05093384 0.9858398 -0.1604004
vn -0.06842041 0.9741211 0.2156982
vn -0.06842041 0.9741211 0.2156982
vn -0.06842041 0.9741211 0.2156982
vn -0.06842041 0.9741211 0.2156982
vn -0.06408691 0.9892578 0.1317139
vn -0.06408691 0.9892578 0.1317139
vn -0.06408691 0.9892578 0.1317139
vn -0.06408691 0.9892578 0.1317139
vn 0.03256226 0.9980469 0.05371094
vn 0.03256226 0.9980469 0.05371094
vn 0.03256226 0.9980469 0.05371094
vn 0.03256226 0.9980469 0.05371094
vn 0.1225586 0.9716797 -0.2022705
vn 0.1225586 0.9716797 -0.2022705
vn 0.1225586 0.9716797 -0.2022705
vn 0.1225586 0.9716797 -0.2022705
vn 0 0 1
vn 0 0 1
vn 0 0 1
vn 0 0 1
vn 0 0 1
vn 0 0 1
vn 0 0 1
vn 0 0 1
vn 0 0 -1
vn 0 0 -1
vn 0 0 -1
vn 0 0 -1
vn 0 0 -1
vn 0 0 -1
vn 0 0 -1
vn 0 0 -1
vn 0 0 -1
vn 0 0 -1
vn 0 0 -1
vn 0 0 -1
vn 0 0 -1
vn 0 0 -1
vn 0 0 -1
vn 0 0 -1
vn 0 0 1
vn 0 0 1
vn 0 0 1
vn 0 0 1
vn 0 0 1
vn 0 0 1
vn 0 0 1
vn 0 0 1
g SM_Prop_Vegetables_01_0
f 3/3/3 2/2/2 1/1/1
f 6/6/6 5/5/5 4/4/4
f 9/9/9 8/8/8 7/7/7
f 12/12/12 11/11/11 10/10/10
f 15/15/15 14/14/14 13/13/13
f 18/18/18 17/17/17 16/16/16
f 21/21/21 20/20/20 19/19/19
f 24/24/24 23/23/23 22/22/22
f 27/27/27 26/26/26 25/25/25
f 30/30/30 29/29/29 28/28/28
f 33/33/33 32/32/32 31/31/31
f 36/36/36 35/35/35 34/34/34
f 39/39/39 38/38/38 37/37/37
f 42/42/42 41/41/41 40/40/40
f 45/45/45 44/44/44 43/43/43
f 48/48/48 47/47/47 46/46/46
f 51/51/51 50/50/50 49/49/49
f 54/54/54 53/53/53 52/52/52
f 57/57/57 56/56/56 55/55/55
f 60/60/60 59/59/59 58/58/58
f 63/63/63 62/62/62 61/61/61
f 66/66/66 65/65/65 64/64/64
f 69/69/69 68/68/68 67/67/67
f 72/72/72 71/71/71 70/70/70
f 75/75/75 74/74/74 73/73/73
f 78/78/78 77/77/77 76/76/76
f 81/81/81 80/80/80 79/79/79
f 84/84/84 83/83/83 82/82/82
f 87/87/87 86/86/86 85/85/85
f 90/90/90 89/89/89 88/88/88
f 93/93/93 92/92/92 91/91/91
f 96/96/96 95/95/95 94/94/94
f 99/99/99 98/98/98 97/97/97
f 102/102/102 101/101/101 100/100/100
f 105/105/105 104/104/104 103/103/103
f 108/108/108 107/107/107 106/106/106
f 111/111/111 110/110/110 109/109/109
f 114/114/114 113/113/113 112/112/112
f 117/117/117 116/116/116 115/115/115
f 120/120/120 119/119/119 118/118/118
f 123/123/123 122/122/122 121/121/121
f 126/126/126 125/125/125 124/124/124
f 129/129/129 128/128/128 127/127/127
f 132/132/132 131/131/131 130/130/130
f 135/135/135 134/134/134 133/133/133
f 138/138/138 137/137/137 136/136/136
f 141/141/141 140/140/140 139/139/139
f 144/144/144 143/143/143 142/142/142
f 147/147/147 146/146/146 145/145/145
f 150/150/150 149/149/149 148/148/148
f 153/153/153 152/152/152 151/151/151
f 156/156/156 155/155/155 154/154/154
f 159/159/159 158/158/158 157/157/157
f 162/162/162 161/161/161 160/160/160
f 165/165/165 164/164/164 163/163/163
f 168/168/168 167/167/167 166/166/166
f 171/171/171 170/170/170 169/169/169
f 174/174/174 173/173/173 172/172/172
f 177/177/177 176/176/176 175/175/175
f 180/180/180 179/179/179 178/178/178
f 183/183/183 182/182/182 181/181/181
f 184/184/184 183/183/183 181/181/181
f 187/187/187 186/186/186 185/185/185
f 188/188/188 187/187/187 185/185/185
f 191/191/191 190/190/190 189/189/189
f 192/192/192 191/191/191 189/189/189
f 195/195/195 194/194/194 193/193/193
f 196/196/196 195/195/195 193/193/193
f 199/199/199 198/198/198 197/197/197
f 200/200/200 199/199/199 197/197/197
f 203/203/203 202/202/202 201/201/201
f 204/204/204 203/203/203 201/201/201
f 207/207/207 206/206/206 205/205/205
f 208/208/208 207/207/207 205/205/205
f 211/211/211 210/210/210 209/209/209
f 212/212/212 211/211/211 209/209/209
f 215/215/215 214/214/214 213/213/213
f 216/216/216 215/215/215 213/213/213
f 219/219/219 218/218/218 217/217/217
f 220/220/220 219/219/219 217/217/217
f 223/223/223 222/222/222 221/221/221
f 224/224/224 223/223/223 221/221/221
f 227/227/227 226/226/226 225/225/225
f 228/228/228 227/227/227 225/225/225
f 231/231/231 230/230/230 229/229/229
f 232/232/232 231/231/231 229/229/229
f 235/235/235 234/234/234 233/233/233
f 236/236/236 235/235/235 233/233/233
f 239/239/239 238/238/238 237/237/237
f 240/240/240 239/239/239 237/237/237
f 243/243/243 242/242/242 241/241/241
f 244/244/244 243/243/243 241/241/241
f 247/247/247 246/246/246 245/245/245
f 248/248/248 247/247/247 245/245/245
f 251/251/251 250/250/250 249/249/249
f 252/252/252 251/251/251 249/249/249
f 255/255/255 254/254/254 253/253/253
f 256/256/256 255/255/255 253/253/253
f 259/259/259 258/258/258 257/257/257
f 260/260/260 259/259/259 257/257/257
f 263/263/263 262/262/262 261/261/261
f 264/264/264 263/263/263 261/261/261
f 267/267/267 266/266/266 265/265/265
f 268/268/268 267/267/267 265/265/265
f 271/271/271 270/270/270 269/269/269
f 272/272/272 271/271/271 269/269/269
f 275/275/275 274/274/274 273/273/273
f 276/276/276 275/275/275 273/273/273
f 279/279/279 278/278/278 277/277/277
f 280/280/280 279/279/279 277/277/277
f 283/283/283 282/282/282 281/281/281
f 284/284/284 283/283/283 281/281/281
f 287/287/287 286/286/286 285/285/285
f 288/288/288 287/287/287 285/285/285
f 291/291/291 290/290/290 289/289/289
f 292/292/292 291/291/291 289/289/289
f 295/295/295 294/294/294 293/293/293
f 296/296/296 295/295/295 293/293/293
f 299/299/299 298/298/298 297/297/297
f 300/300/300 299/299/299 297/297/297
f 303/303/303 302/302/302 301/301/301
f 304/304/304 303/303/303 301/301/301
f 307/307/307 306/306/306 305/305/305
f 308/308/308 307/307/307 305/305/305
f 311/311/311 310/310/310 309/309/309
f 312/312/312 311/311/311 309/309/309
f 315/315/315 314/314/314 313/313/313
f 316/316/316 315/315/315 313/313/313
f 319/319/319 318/318/318 317/317/317
f 320/320/320 319/319/319 317/317/317
f 323/323/323 322/322/322 321/321/321
f 324/324/324 323/323/323 321/321/321
f 326/326/326 325/325/325 321/321/321
f 327/327/327 326/326/326 321/321/321
f 324/324/324 329/329/329 328/328/328
f 329/329/329 330/330/330 328/328/328
f 328/328/328 331/331/331 327/327/327
f 331/331/331 332/332/332 327/327/327
f 331/331/331 333/333/333 332/332/332
f 333/333/333 334/334/334 332/332/332
f 333/333/333 335/335/335 334/334/334
f 335/335/335 336/336/336 334/334/334
f 339/339/339 338/338/338 337/337/337
f 340/340/340 339/339/339 337/337/337
f 343/343/343 342/342/342 341/341/341
f 344/344/344 343/343/343 341/341/341
f 346/346/346 345/345/345 341/341/341
f 347/347/347 346/346/346 341/341/341
f 344/344/344 349/349/349 348/348/348
f 349/349/349 350/350/350 348/348/348
f 348/348/348 351/351/351 347/347/347
f 351/351/351 352/352/352 347/347/347
f 351/351/351 353/353/353 352/352/352
f 353/353/353 354/354/354 352/352/352
f 353/353/353 355/355/355 354/354/354
f 355/355/355 356/356/356 354/354/354
f 359/359/359 358/358/358 357/357/357
f 360/360/360 359/359/359 357/357/357
f 363/363/363 362/362/362 361/361/361
f 364/364/364 363/363/363 361/361/361
f 367/367/367 366/366/366 365/365/365
f 368/368/368 367/367/367 365/365/365
f 371/371/371 370/370/370 369/369/369
f 372/372/372 371/371/371 369/369/369
f 375/375/375 374/374/374 373/373/373
f 376/376/376 375/375/375 373/373/373
f 379/379/379 378/378/378 377/377/377
f 380/380/380 379/379/379 377/377/377
f 383/383/383 382/382/382 381/381/381
f 384/384/384 383/383/383 381/381/381
f 387/387/387 386/386/386 385/385/385
f 388/388/388 387/387/387 385/385/385
f 389/389/389 388/388/388 385/385/385
f 390/390/390 389/389/389 385/385/385
f 385/385/385 391/391/391 390/390/390
f 391/391/391 392/392/392 390/390/390
f 390/390/390 393/393/393 389/389/389
f 393/393/393 394/394/394 389/389/389
f 397/397/397 396/396/396 395/395/395
f 398/398/398 397/397/397 395/395/395
f 401/401/401 400/400/400 399/399/399
f 402/402/402 401/401/401 399/399/399
f 402/402/402 399/399/399 403/403/403
f 399/399/399 404/404/404 403/403/403
f 404/404/404 405/405/405 403/403/403
f 405/405/405 406/406/406 403/403/403
f 403/403/403 407/407/407 402/402/402
f 407/407/407 408/408/408 402/402/402
f 411/411/411 410/410/410 409/409/409
f 412/412/412 411/411/411 409/409/409
f 415/415/415 414/414/414 413/413/413
f 416/416/416 415/415/415 413/413/413
f 419/419/419 418/418/418 417/417/417
f 420/420/420 419/419/419 417/417/417
f 423/423/423 422/422/422 421/421/421
f 424/424/424 423/423/423 421/421/421
f 427/427/427 426/426/426 425/425/425
f 428/428/428 427/427/427 425/425/425
f 431/431/431 430/430/430 429/429/429
f 432/432/432 431/431/431 429/429/429
f 435/435/435 434/434/434 433/433/433
f 436/436/436 435/435/435 433/433/433
f 439/439/439 438/438/438 437/437/437
f 440/440/440 439/439/439 437/437/437
f 442/442/442 441/441/441 440/440/440
f 443/443/443 442/442/442 440/440/440
f 445/445/445 444/444/444 443/443/443
f 446/446/446 445/445/445 443/443/443
f 449/449/449 448/448/448 447/447/447
f 450/450/450 449/449/449 447/447/447
f 453/453/453 452/452/452 451/451/451
f 454/454/454 453/453/453 451/451/451
f 451/451/451 456/456/456 455/455/455
f 456/456/456 457/457/457 455/455/455
f 455/455/455 459/459/459 458/458/458
f 459/459/459 460/460/460 458/458/458
f 463/463/463 462/462/462 461/461/461
f 464/464/464 463/463/463 461/461/461
f 467/467/467 466/466/466 465/465/465
f 468/468/468 467/467/467 465/465/465
f 470/470/470 469/469/469 468/468/468
f 471/471/471 470/470/470 468/468/468
f 473/473/473 472/472/472 471/471/471
f 474/474/474 473/473/473 471/471/471
f 477/477/477 476/476/476 475/475/475
f 478/478/478 477/477/477 475/475/475
f 481/481/481 480/480/480 479/479/479
f 482/482/482 481/481/481 479/479/479
f 479/479/479 484/484/484 483/483/483
f 484/484/484 485/485/485 483/483/483
f 483/483/483 487/487/487 486/486/486
f 487/487/487 488/488/488 486/486/486
f 491/491/491 490/490/490 489/489/489
f 492/492/492 491/491/491 489/489/489
f 495/495/495 494/494/494 493/493/493
f 496/496/496 495/495/495 493/493/493
f 499/499/499 498/498/498 497/497/497
f 500/500/500 499/499/499 497/497/497
f 503/503/503 502/502/502 501/501/501
f 504/504/504 503/503/503 501/501/501
f 507/507/507 506/506/506 505/505/505
f 508/508/508 507/507/507 505/505/505
f 511/511/511 510/510/510 509/509/509
f 512/512/512 511/511/511 509/509/509
f 515/515/515 514/514/514 513/513/513
f 516/516/516 515/515/515 513/513/513
f 519/519/519 518/518/518 517/517/517
f 520/520/520 519/519/519 517/517/517
f 523/523/523 522/522/522 521/521/521
f 524/524/524 523/523/523 521/521/521
f 527/527/527 526/526/526 525/525/525
f 528/528/528 527/527/527 525/525/525
f 531/531/531 530/530/530 529/529/529
f 532/532/532 531/531/531 529/529/529
f 535/535/535 534/534/534 533/533/533
f 536/536/536 535/535/535 533/533/533
f 539/539/539 538/538/538 537/537/537
f 540/540/540 539/539/539 537/537/537
f 543/543/543 542/542/542 541/541/541
f 544/544/544 543/543/543 541/541/541
f 547/547/547 546/546/546 545/545/545
f 548/548/548 547/547/547 545/545/545
f 551/551/551 550/550/550 549/549/549
f 552/552/552 551/551/551 549/549/549
f 554/554/554 553/553/553 549/549/549
f 555/555/555 554/554/554 549/549/549
f 552/552/552 557/557/557 556/556/556
f 557/557/557 558/558/558 556/556/556
f 556/556/556 559/559/559 555/555/555
f 559/559/559 560/560/560 555/555/555
f 559/559/559 561/561/561 560/560/560
f 561/561/561 562/562/562 560/560/560
f 561/561/561 563/563/563 562/562/562
f 563/563/563 564/564/564 562/562/562
f 567/567/567 566/566/566 565/565/565
f 568/568/568 567/567/567 565/565/565
f 571/571/571 570/570/570 569/569/569
f 572/572/572 571/571/571 569/569/569
f 574/574/574 573/573/573 569/569/569
f 575/575/575 574/574/574 569/569/569
f 572/572/572 577/577/577 576/576/576
f 577/577/577 578/578/578 576/576/576
f 576/576/576 579/579/579 575/575/575
f 579/579/579 580/580/580 575/575/575
f 579/579/579 581/581/581 580/580/580
f 581/581/581 582/582/582 580/580/580
f 581/581/581 583/583/583 582/582/582
f 583/583/583 584/584/584 582/582/582
f 587/587/587 586/586/586 585/585/585
f 588/588/588 587/587/587 585/585/585
f 591/591/591 590/590/590 589/589/589
f 592/592/592 591/591/591 589/589/589
f 595/595/595 594/594/594 593/593/593
f 596/596/596 595/595/595 593/593/593
f 599/599/599 598/598/598 597/597/597
f 600/600/600 599/599/599 597/597/597
f 603/603/603 602/602/602 601/601/601
f 604/604/604 603/603/603 601/601/601
f 607/607/607 606/606/606 605/605/605
f 608/608/608 607/607/607 605/605/605
f 611/611/611 610/610/610 609/609/609
f 612/612/612 611/611/611 609/609/609
f 615/615/615 614/614/614 613/613/613
f 616/616/616 615/615/615 613/613/613
f 617/617/617 616/616/616 613/613/613
f 618/618/618 617/617/617 613/613/613
f 613/613/613 619/619/619 618/618/618
f 619/619/619 620/620/620 618/618/618
f 618/618/618 621/621/621 617/617/617
f 621/621/621 622/622/622 617/617/617
f 625/625/625 624/624/624 623/623/623
f 626/626/626 625/625/625 623/623/623
f 629/629/629 628/628/628 627/627/627
f 630/630/630 629/629/629 627/627/627
f 630/630/630 627/627/627 631/631/631
f 627/627/627 632/632/632 631/631/631
f 632/632/632 633/633/633 631/631/631
f 633/633/633 634/634/634 631/631/631
f 631/631/631 635/635/635 630/630/630
f 635/635/635 636/636/636 630/630/630
f 639/639/639 638/638/638 637/637/637
f 640/640/640 639/639/639 637/637/637
f 643/643/643 642/642/642 641/641/641
f 644/644/644 643/643/643 641/641/641
f 647/647/647 646/646/646 645/645/645
f 648/648/648 647/647/647 645/645/645
f 651/651/651 650/650/650 649/649/649
f 652/652/652 651/651/651 649/649/649
f 655/655/655 654/654/654 653/653/653
f 656/656/656 655/655/655 653/653/653
f 659/659/659 658/658/658 657/657/657
f 660/660/660 659/659/659 657/657/657
f 663/663/663 662/662/662 661/661/661
f 664/664/664 663/663/663 661/661/661
f 667/667/667 666/666/666 665/665/665
f 668/668/668 667/667/667 665/665/665
f 670/670/670 669/669/669 668/668/668
f 671/671/671 670/670/670 668/668/668
f 673/673/673 672/672/672 671/671/671
f 674/674/674 673/673/673 671/671/671
f 677/677/677 676/676/676 675/675/675
f 678/678/678 677/677/677 675/675/675
f 681/681/681 680/680/680 679/679/679
f 682/682/682 681/681/681 679/679/679
f 679/679/679 684/684/684 683/683/683
f 684/684/684 685/685/685 683/683/683
f 683/683/683 687/687/687 686/686/686
f 687/687/687 688/688/688 686/686/686
f 691/691/691 690/690/690 689/689/689
f 692/692/692 691/691/691 689/689/689
f 695/695/695 694/694/694 693/693/693
f 696/696/696 695/695/695 693/693/693
f 698/698/698 697/697/697 696/696/696
f 699/699/699 698/698/698 696/696/696
f 701/701/701 700/700/700 699/699/699
f 702/702/702 701/701/701 699/699/699
f 705/705/705 704/704/704 703/703/703
f 706/706/706 705/705/705 703/703/703
f 709/709/709 708/708/708 707/707/707
f 710/710/710 709/709/709 707/707/707
f 707/707/707 712/712/712 711/711/711
f 712/712/712 713/713/713 711/711/711
f 711/711/711 715/715/715 714/714/714
f 715/715/715 716/716/716 714/714/714
f 719/719/719 718/718/718 717/717/717
f 720/720/720 719/719/719 717/717/717
f 723/723/723 722/722/722 721/721/721
f 724/724/724 723/723/723 721/721/721
f 727/727/727 726/726/726 725/725/725
f 728/728/728 727/727/727 725/725/725
f 731/731/731 730/730/730 729/729/729
f 732/732/732 731/731/731 729/729/729
f 735/735/735 734/734/734 733/733/733
f 736/736/736 735/735/735 733/733/733
f 739/739/739 738/738/738 737/737/737
f 740/740/740 739/739/739 737/737/737
f 743/743/743 742/742/742 741/741/741
f 744/744/744 743/743/743 741/741/741
f 747/747/747 746/746/746 745/745/745
f 748/748/748 747/747/747 745/745/745
f 751/751/751 750/750/750 749/749/749
f 752/752/752 751/751/751 749/749/749
f 755/755/755 754/754/754 753/753/753
f 756/756/756 755/755/755 753/753/753
f 759/759/759 758/758/758 757/757/757
f 760/760/760 759/759/759 757/757/757
f 763/763/763 762/762/762 761/761/761
f 764/764/764 763/763/763 761/761/761
f 767/767/767 766/766/766 765/765/765
f 768/768/768 767/767/767 765/765/765
f 771/771/771 770/770/770 769/769/769
f 772/772/772 771/771/771 769/769/769
f 775/775/775 774/774/774 773/773/773
f 776/776/776 775/775/775 773/773/773
f 779/779/779 778/778/778 777/777/777
f 780/780/780 779/779/779 777/777/777
f 783/783/783 782/782/782 781/781/781
f 784/784/784 783/783/783 781/781/781
f 787/787/787 786/786/786 785/785/785
f 786/786/786 788/788/788 785/785/785
f 786/786/786 789/789/789 788/788/788
f 789/789/789 790/790/790 788/788/788
f 789/789/789 791/791/791 790/790/790
f 791/791/791 792/792/792 790/790/790
f 795/795/795 794/794/794 793/793/793
f 796/796/796 795/795/795 793/793/793
f 799/799/799 798/798/798 797/797/797
f 798/798/798 800/800/800 797/797/797
f 798/798/798 801/801/801 800/800/800
f 801/801/801 802/802/802 800/800/800
f 801/801/801 803/803/803 802/802/802
f 803/803/803 804/804/804 802/802/802
f 807/807/807 806/806/806 805/805/805
f 808/808/808 807/807/807 805/805/805
f 811/811/811 810/810/810 809/809/809
f 812/812/812 811/811/811 809/809/809
f 815/815/815 814/814/814 813/813/813
f 816/816/816 815/815/815 813/813/813
f 819/819/819 818/818/818 817/817/817
f 820/820/820 819/819/819 817/817/817
f 823/823/823 822/822/822 821/821/821
f 824/824/824 823/823/823 821/821/821
f 827/827/827 826/826/826 825/825/825
f 828/828/828 827/827/827 825/825/825
f 829/829/829 828/828/828 825/825/825
f 830/830/830 829/829/829 825/825/825
f 825/825/825 831/831/831 830/830/830
f 831/831/831 832/832/832 830/830/830
f 830/830/830 833/833/833 829/829/829
f 833/833/833 834/834/834 829/829/829
f 837/837/837 836/836/836 835/835/835
f 838/838/838 837/837/837 835/835/835
f 841/841/841 840/840/840 839/839/839
f 842/842/842 841/841/841 839/839/839
f 842/842/842 839/839/839 843/843/843
f 839/839/839 844/844/844 843/843/843
f 844/844/844 845/845/845 843/843/843
f 845/845/845 846/846/846 843/843/843
f 843/843/843 847/847/847 842/842/842
f 847/847/847 848/848/848 842/842/842
f 851/851/851 850/850/850 849/849/849
f 852/852/852 851/851/851 849/849/849
f 855/855/855 854/854/854 853/853/853
f 856/856/856 855/855/855 853/853/853
f 859/859/859 858/858/858 857/857/857
f 860/860/860 859/859/859 857/857/857
f 863/863/863 862/862/862 861/861/861
f 864/864/864 863/863/863 861/861/861
f 865/865/865 864/864/864 861/861/861
f 866/866/866 865/865/865 861/861/861
f 866/866/866 867/867/867 865/865/865
f 867/867/867 868/868/868 865/865/865
f 871/871/871 870/870/870 869/869/869
f 872/872/872 871/871/871 869/869/869
f 875/875/875 874/874/874 873/873/873
f 876/876/876 875/875/875 873/873/873
f 876/876/876 873/873/873 877/877/877
f 873/873/873 878/878/878 877/877/877
f 878/878/878 879/879/879 877/877/877
f 879/879/879 880/880/880 877/877/877
f 883/883/883 882/882/882 881/881/881
f 884/884/884 883/883/883 881/881/881
f 887/887/887 886/886/886 885/885/885
f 888/888/888 887/887/887 885/885/885
f 891/891/891 890/890/890 889/889/889
f 892/892/892 891/891/891 889/889/889
f 895/895/895 894/894/894 893/893/893
f 896/896/896 895/895/895 893/893/893
f 898/898/898 897/897/897 896/896/896
f 899/899/899 898/898/898 896/896/896
f 901/901/901 900/900/900 899/899/899
f 902/902/902 901/901/901 899/899/899
f 905/905/905 904/904/904 903/903/903
f 906/906/906 905/905/905 903/903/903
f 909/909/909 908/908/908 907/907/907
f 910/910/910 909/909/909 907/907/907
f 907/907/907 912/912/912 911/911/911
f 912/912/912 913/913/913 911/911/911
f 911/911/911 915/915/915 914/914/914
f 915/915/915 916/916/916 914/914/914
f 919/919/919 918/918/918 917/917/917
f 920/920/920 919/919/919 917/917/917
f 923/923/923 922/922/922 921/921/921
f 924/924/924 923/923/923 921/921/921
f 926/926/926 925/925/925 924/924/924
f 927/927/927 926/926/926 924/924/924
f 929/929/929 928/928/928 927/927/927
f 930/930/930 929/929/929 927/927/927
f 933/933/933 932/932/932 931/931/931
f 934/934/934 933/933/933 931/931/931
f 937/937/937 936/936/936 935/935/935
f 938/938/938 937/937/937 935/935/935
f 935/935/935 940/940/940 939/939/939
f 940/940/940 941/941/941 939/939/939
f 939/939/939 943/943/943 942/942/942
f 943/943/943 944/944/944 942/942/942
f 947/947/947 946/946/946 945/945/945
f 948/948/948 947/947/947 945/945/945
f 951/951/951 950/950/950 949/949/949
f 952/952/952 951/951/951 949/949/949
f 955/955/955 954/954/954 953/953/953
f 956/956/956 955/955/955 953/953/953
f 959/959/959 958/958/958 957/957/957
f 960/960/960 959/959/959 957/957/957
f 963/963/963 962/962/962 961/961/961
f 964/964/964 963/963/963 961/961/961
f 967/967/967 966/966/966 965/965/965
f 968/968/968 967/967/967 965/965/965
f 971/971/971 970/970/970 969/969/969
f 972/972/972 971/971/971 969/969/969
f 975/975/975 974/974/974 973/973/973
f 976/976/976 975/975/975 973/973/973
f 979/979/979 978/978/978 977/977/977
f 980/980/980 979/979/979 977/977/977
f 983/983/983 982/982/982 981/981/981
f 984/984/984 983/983/983 981/981/981
f 987/987/987 986/986/986 985/985/985
f 988/988/988 987/987/987 985/985/985
f 991/991/991 990/990/990 989/989/989
f 992/992/992 991/991/991 989/989/989
f 995/995/995 994/994/994 993/993/993
f 996/996/996 995/995/995 993/993/993
f 999/999/999 998/998/998 997/997/997
f 1000/1000/1000 999/999/999 997/997/997
f 1003/1003/1003 1002/1002/1002 1001/1001/1001
f 1004/1004/1004 1003/1003/1003 1001/1001/1001
f 1007/1007/1007 1006/1006/1006 1005/1005/1005
f 1008/1008/1008 1007/1007/1007 1005/1005/1005
f 1011/1011/1011 1010/1010/1010 1009/1009/1009
f 1012/1012/1012 1011/1011/1011 1009/1009/1009
f 1015/1015/1015 1014/1014/1014 1013/1013/1013
f 1016/1016/1016 1015/1015/1015 1013/1013/1013
f 1019/1019/1019 1018/1018/1018 1017/1017/1017
f 1020/1020/1020 1019/1019/1019 1017/1017/1017
f 1023/1023/1023 1022/1022/1022 1021/1021/1021
f 1024/1024/1024 1023/1023/1023 1021/1021/1021
f 1027/1027/1027 1026/1026/1026 1025/1025/1025
f 1028/1028/1028 1027/1027/1027 1025/1025/1025
f 1031/1031/1031 1030/1030/1030 1029/1029/1029
f 1032/1032/1032 1031/1031/1031 1029/1029/1029
f 1035/1035/1035 1034/1034/1034 1033/1033/1033
f 1036/1036/1036 1035/1035/1035 1033/1033/1033
f 1039/1039/1039 1038/1038/1038 1037/1037/1037
f 1040/1040/1040 1039/1039/1039 1037/1037/1037
f 1043/1043/1043 1042/1042/1042 1041/1041/1041
f 1044/1044/1044 1043/1043/1043 1041/1041/1041
f 1047/1047/1047 1046/1046/1046 1045/1045/1045
f 1048/1048/1048 1047/1047/1047 1045/1045/1045
f 1051/1051/1051 1050/1050/1050 1049/1049/1049
f 1052/1052/1052 1051/1051/1051 1049/1049/1049
f 1055/1055/1055 1054/1054/1054 1053/1053/1053
f 1056/1056/1056 1055/1055/1055 1053/1053/1053
f 1059/1059/1059 1058/1058/1058 1057/1057/1057
f 1060/1060/1060 1059/1059/1059 1057/1057/1057
f 1063/1063/1063 1062/1062/1062 1061/1061/1061
f 1064/1064/1064 1063/1063/1063 1061/1061/1061
f 1067/1067/1067 1066/1066/1066 1065/1065/1065
f 1068/1068/1068 1067/1067/1067 1065/1065/1065
f 1071/1071/1071 1070/1070/1070 1069/1069/1069
f 1072/1072/1072 1071/1071/1071 1069/1069/1069
f 1075/1075/1075 1074/1074/1074 1073/1073/1073
f 1076/1076/1076 1075/1075/1075 1073/1073/1073
f 1079/1079/1079 1078/1078/1078 1077/1077/1077
f 1080/1080/1080 1079/1079/1079 1077/1077/1077
f 1083/1083/1083 1082/1082/1082 1081/1081/1081
f 1084/1084/1084 1083/1083/1083 1081/1081/1081
f 1087/1087/1087 1086/1086/1086 1085/1085/1085
f 1088/1088/1088 1087/1087/1087 1085/1085/1085
f 1091/1091/1091 1090/1090/1090 1089/1089/1089
f 1092/1092/1092 1091/1091/1091 1089/1089/1089
f 1095/1095/1095 1094/1094/1094 1093/1093/1093
f 1096/1096/1096 1095/1095/1095 1093/1093/1093
f 1099/1099/1099 1098/1098/1098 1097/1097/1097
f 1100/1100/1100 1099/1099/1099 1097/1097/1097
f 1103/1103/1103 1102/1102/1102 1101/1101/1101
f 1104/1104/1104 1103/1103/1103 1101/1101/1101
f 1107/1107/1107 1106/1106/1106 1105/1105/1105
f 1108/1108/1108 1107/1107/1107 1105/1105/1105
f 1111/1111/1111 1110/1110/1110 1109/1109/1109
f 1112/1112/1112 1111/1111/1111 1109/1109/1109
f 1115/1115/1115 1114/1114/1114 1113/1113/1113
f 1116/1116/1116 1115/1115/1115 1113/1113/1113
f 1119/1119/1119 1118/1118/1118 1117/1117/1117
f 1120/1120/1120 1119/1119/1119 1117/1117/1117
f 1123/1123/1123 1122/1122/1122 1121/1121/1121
f 1124/1124/1124 1123/1123/1123 1121/1121/1121
f 1127/1127/1127 1126/1126/1126 1125/1125/1125
f 1128/1128/1128 1127/1127/1127 1125/1125/1125
f 1130/1130/1130 1129/1129/1129 1125/1125/1125
f 1131/1131/1131 1130/1130/1130 1125/1125/1125
f 1128/1128/1128 1133/1133/1133 1132/1132/1132
f 1133/1133/1133 1134/1134/1134 1132/1132/1132
f 1132/1132/1132 1135/1135/1135 1131/1131/1131
f 1135/1135/1135 1136/1136/1136 1131/1131/1131
f 1135/1135/1135 1137/1137/1137 1136/1136/1136
f 1137/1137/1137 1138/1138/1138 1136/1136/1136
f 1137/1137/1137 1139/1139/1139 1138/1138/1138
f 1139/1139/1139 1140/1140/1140 1138/1138/1138
f 1143/1143/1143 1142/1142/1142 1141/1141/1141
f 1144/1144/1144 1143/1143/1143 1141/1141/1141
f 1147/1147/1147 1146/1146/1146 1145/1145/1145
f 1148/1148/1148 1147/1147/1147 1145/1145/1145
f 1150/1150/1150 1149/1149/1149 1145/1145/1145
f 1151/1151/1151 1150/1150/1150 1145/1145/1145
f 1148/1148/1148 1153/1153/1153 1152/1152/1152
f 1153/1153/1153 1154/1154/1154 1152/1152/1152
f 1152/1152/1152 1155/1155/1155 1151/1151/1151
f 1155/1155/1155 1156/1156/1156 1151/1151/1151
f 1155/1155/1155 1157/1157/1157 1156/1156/1156
f 1157/1157/1157 1158/1158/1158 1156/1156/1156
f 1157/1157/1157 1159/1159/1159 1158/1158/1158
f 1159/1159/1159 1160/1160/1160 1158/1158/1158
f 1163/1163/1163 1162/1162/1162 1161/1161/1161
f 1164/1164/1164 1163/1163/1163 1161/1161/1161
f 1167/1167/1167 1166/1166/1166 1165/1165/1165
f 1168/1168/1168 1167/1167/1167 1165/1165/1165
f 1171/1171/1171 1170/1170/1170 1169/1169/1169
f 1172/1172/1172 1171/1171/1171 1169/1169/1169
f 1175/1175/1175 1174/1174/1174 1173/1173/1173
f 1176/1176/1176 1175/1175/1175 1173/1173/1173
f 1179/1179/1179 1178/1178/1178 1177/1177/1177
f 1180/1180/1180 1179/1179/1179 1177/1177/1177
f 1183/1183/1183 1182/1182/1182 1181/1181/1181
f 1184/1184/1184 1183/1183/1183 1181/1181/1181
f 1187/1187/1187 1186/1186/1186 1185/1185/1185
f 1188/1188/1188 1187/1187/1187 1185/1185/1185
f 1191/1191/1191 1190/1190/1190 1189/1189/1189
f 1192/1192/1192 1191/1191/1191 1189/1189/1189
f 1193/1193/1193 1192/1192/1192 1189/1189/1189
f 1194/1194/1194 1193/1193/1193 1189/1189/1189
f 1189/1189/1189 1195/1195/1195 1194/1194/1194
f 1195/1195/1195 1196/1196/1196 1194/1194/1194
f 1194/1194/1194 1197/1197/1197 1193/1193/1193
f 1197/1197/1197 1198/1198/1198 1193/1193/1193
f 1201/1201/1201 1200/1200/1200 1199/1199/1199
f 1202/1202/1202 1201/1201/1201 1199/1199/1199
f 1205/1205/1205 1204/1204/1204 1203/1203/1203
f 1206/1206/1206 1205/1205/1205 1203/1203/1203
f 1206/1206/1206 1203/1203/1203 1207/1207/1207
f 1203/1203/1203 1208/1208/1208 1207/1207/1207
f 1208/1208/1208 1209/1209/1209 1207/1207/1207
f 1209/1209/1209 1210/1210/1210 1207/1207/1207
f 1207/1207/1207 1211/1211/1211 1206/1206/1206
f 1211/1211/1211 1212/1212/1212 1206/1206/1206
f 1215/1215/1215 1214/1214/1214 1213/1213/1213
f 1216/1216/1216 1215/1215/1215 1213/1213/1213
f 1219/1219/1219 1218/1218/1218 1217/1217/1217
f 1220/1220/1220 1219/1219/1219 1217/1217/1217
f 1223/1223/1223 1222/1222/1222 1221/1221/1221
f 1224/1224/1224 1223/1223/1223 1221/1221/1221
f 1227/1227/1227 1226/1226/1226 1225/1225/1225
f 1228/1228/1228 1227/1227/1227 1225/1225/1225
f 1231/1231/1231 1230/1230/1230 1229/1229/1229
f 1232/1232/1232 1231/1231/1231 1229/1229/1229
f 1235/1235/1235 1234/1234/1234 1233/1233/1233
f 1236/1236/1236 1235/1235/1235 1233/1233/1233
f 1239/1239/1239 1238/1238/1238 1237/1237/1237
f 1240/1240/1240 1239/1239/1239 1237/1237/1237
f 1243/1243/1243 1242/1242/1242 1241/1241/1241
f 1244/1244/1244 1243/1243/1243 1241/1241/1241
f 1246/1246/1246 1245/1245/1245 1244/1244/1244
f 1247/1247/1247 1246/1246/1246 1244/1244/1244
f 1249/1249/1249 1248/1248/1248 1247/1247/1247
f 1250/1250/1250 1249/1249/1249 1247/1247/1247
f 1253/1253/1253 1252/1252/1252 1251/1251/1251
f 1254/1254/1254 1253/1253/1253 1251/1251/1251
f 1257/1257/1257 1256/1256/1256 1255/1255/1255
f 1258/1258/1258 1257/1257/1257 1255/1255/1255
f 1255/1255/1255 1260/1260/1260 1259/1259/1259
f 1260/1260/1260 1261/1261/1261 1259/1259/1259
f 1259/1259/1259 1263/1263/1263 1262/1262/1262
f 1263/1263/1263 1264/1264/1264 1262/1262/1262
f 1267/1267/1267 1266/1266/1266 1265/1265/1265
f 1268/1268/1268 1267/1267/1267 1265/1265/1265
f 1271/1271/1271 1270/1270/1270 1269/1269/1269
f 1272/1272/1272 1271/1271/1271 1269/1269/1269
f 1274/1274/1274 1273/1273/1273 1272/1272/1272
f 1275/1275/1275 1274/1274/1274 1272/1272/1272
f 1277/1277/1277 1276/1276/1276 1275/1275/1275
f 1278/1278/1278 1277/1277/1277 1275/1275/1275
f 1281/1281/1281 1280/1280/1280 1279/1279/1279
f 1282/1282/1282 1281/1281/1281 1279/1279/1279
f 1285/1285/1285 1284/1284/1284 1283/1283/1283
f 1286/1286/1286 1285/1285/1285 1283/1283/1283
f 1283/1283/1283 1288/1288/1288 1287/1287/1287
f 1288/1288/1288 1289/1289/1289 1287/1287/1287
f 1287/1287/1287 1291/1291/1291 1290/1290/1290
f 1291/1291/1291 1292/1292/1292 1290/1290/1290
f 1295/1295/1295 1294/1294/1294 1293/1293/1293
f 1296/1296/1296 1295/1295/1295 1293/1293/1293
f 1299/1299/1299 1298/1298/1298 1297/1297/1297
f 1300/1300/1300 1299/1299/1299 1297/1297/1297
f 1303/1303/1303 1302/1302/1302 1301/1301/1301
f 1304/1304/1304 1303/1303/1303 1301/1301/1301
f 1307/1307/1307 1306/1306/1306 1305/1305/1305
f 1308/1308/1308 1307/1307/1307 1305/1305/1305
f 1311/1311/1311 1310/1310/1310 1309/1309/1309
f 1312/1312/1312 1311/1311/1311 1309/1309/1309
f 1315/1315/1315 1314/1314/1314 1313/1313/1313
f 1316/1316/1316 1315/1315/1315 1313/1313/1313
f 1319/1319/1319 1318/1318/1318 1317/1317/1317
f 1320/1320/1320 1319/1319/1319 1317/1317/1317
f 1323/1323/1323 1322/1322/1322 1321/1321/1321
f 1324/1324/1324 1323/1323/1323 1321/1321/1321
f 1327/1327/1327 1326/1326/1326 1325/1325/1325
f 1328/1328/1328 1327/1327/1327 1325/1325/1325
f 1331/1331/1331 1330/1330/1330 1329/1329/1329
f 1332/1332/1332 1331/1331/1331 1329/1329/1329
f 1335/1335/1335 1334/1334/1334 1333/1333/1333
f 1336/1336/1336 1335/1335/1335 1333/1333/1333
f 1339/1339/1339 1338/1338/1338 1337/1337/1337
f 1340/1340/1340 1339/1339/1339 1337/1337/1337
f 1343/1343/1343 1342/1342/1342 1341/1341/1341
f 1344/1344/1344 1343/1343/1343 1341/1341/1341
f 1347/1347/1347 1346/1346/1346 1345/1345/1345
f 1348/1348/1348 1347/1347/1347 1345/1345/1345
f 1351/1351/1351 1350/1350/1350 1349/1349/1349
f 1352/1352/1352 1351/1351/1351 1349/1349/1349
f 1355/1355/1355 1354/1354/1354 1353/1353/1353
f 1356/1356/1356 1355/1355/1355 1353/1353/1353
f 1358/1358/1358 1357/1357/1357 1353/1353/1353
f 1359/1359/1359 1358/1358/1358 1353/1353/1353
f 1356/1356/1356 1361/1361/1361 1360/1360/1360
f 1361/1361/1361 1362/1362/1362 1360/1360/1360
f 1360/1360/1360 1363/1363/1363 1359/1359/1359
f 1363/1363/1363 1364/1364/1364 1359/1359/1359
f 1363/1363/1363 1365/1365/1365 1364/1364/1364
f 1365/1365/1365 1366/1366/1366 1364/1364/1364
f 1365/1365/1365 1367/1367/1367 1366/1366/1366
f 1367/1367/1367 1368/1368/1368 1366/1366/1366
f 1371/1371/1371 1370/1370/1370 1369/1369/1369
f 1372/1372/1372 1371/1371/1371 1369/1369/1369
f 1375/1375/1375 1374/1374/1374 1373/1373/1373
f 1376/1376/1376 1375/1375/1375 1373/1373/1373
f 1378/1378/1378 1377/1377/1377 1373/1373/1373
f 1379/1379/1379 1378/1378/1378 1373/1373/1373
f 1376/1376/1376 1381/1381/1381 1380/1380/1380
f 1381/1381/1381 1382/1382/1382 1380/1380/1380
f 1380/1380/1380 1383/1383/1383 1379/1379/1379
f 1383/1383/1383 1384/1384/1384 1379/1379/1379
f 1383/1383/1383 1385/1385/1385 1384/1384/1384
f 1385/1385/1385 1386/1386/1386 1384/1384/1384
f 1385/1385/1385 1387/1387/1387 1386/1386/1386
f 1387/1387/1387 1388/1388/1388 1386/1386/1386
f 1391/1391/1391 1390/1390/1390 1389/1389/1389
f 1392/1392/1392 1391/1391/1391 1389/1389/1389
f 1395/1395/1395 1394/1394/1394 1393/1393/1393
f 1396/1396/1396 1395/1395/1395 1393/1393/1393
f 1399/1399/1399 1398/1398/1398 1397/1397/1397
f 1400/1400/1400 1399/1399/1399 1397/1397/1397
f 1403/1403/1403 1402/1402/1402 1401/1401/1401
f 1404/1404/1404 1403/1403/1403 1401/1401/1401
f 1407/1407/1407 1406/1406/1406 1405/1405/1405
f 1408/1408/1408 1407/1407/1407 1405/1405/1405
f 1411/1411/1411 1410/1410/1410 1409/1409/1409
f 1412/1412/1412 1411/1411/1411 1409/1409/1409
f 1415/1415/1415 1414/1414/1414 1413/1413/1413
f 1416/1416/1416 1415/1415/1415 1413/1413/1413
f 1419/1419/1419 1418/1418/1418 1417/1417/1417
f 1420/1420/1420 1419/1419/1419 1417/1417/1417
f 1421/1421/1421 1420/1420/1420 1417/1417/1417
f 1422/1422/1422 1421/1421/1421 1417/1417/1417
f 1417/1417/1417 1423/1423/1423 1422/1422/1422
f 1423/1423/1423 1424/1424/1424 1422/1422/1422
f 1422/1422/1422 1425/1425/1425 1421/1421/1421
f 1425/1425/1425 1426/1426/1426 1421/1421/1421
f 1429/1429/1429 1428/1428/1428 1427/1427/1427
f 1430/1430/1430 1429/1429/1429 1427/1427/1427
f 1433/1433/1433 1432/1432/1432 1431/1431/1431
f 1434/1434/1434 1433/1433/1433 1431/1431/1431
f 1434/1434/1434 1431/1431/1431 1435/1435/1435
f 1431/1431/1431 1436/1436/1436 1435/1435/1435
f 1436/1436/1436 1437/1437/1437 1435/1435/1435
f 1437/1437/1437 1438/1438/1438 1435/1435/1435
f 1435/1435/1435 1439/1439/1439 1434/1434/1434
f 1439/1439/1439 1440/1440/1440 1434/1434/1434
f 1443/1443/1443 1442/1442/1442 1441/1441/1441
f 1444/1444/1444 1443/1443/1443 1441/1441/1441
f 1447/1447/1447 1446/1446/1446 1445/1445/1445
f 1448/1448/1448 1447/1447/1447 1445/1445/1445
f 1451/1451/1451 1450/1450/1450 1449/1449/1449
f 1452/1452/1452 1451/1451/1451 1449/1449/1449
f 1455/1455/1455 1454/1454/1454 1453/1453/1453
f 1456/1456/1456 1455/1455/1455 1453/1453/1453
f 1459/1459/1459 1458/1458/1458 1457/1457/1457
f 1460/1460/1460 1459/1459/1459 1457/1457/1457
f 1463/1463/1463 1462/1462/1462 1461/1461/1461
f 1464/1464/1464 1463/1463/1463 1461/1461/1461
f 1467/1467/1467 1466/1466/1466 1465/1465/1465
f 1468/1468/1468 1467/1467/1467 1465/1465/1465
f 1471/1471/1471 1470/1470/1470 1469/1469/1469
f 1472/1472/1472 1471/1471/1471 1469/1469/1469
f 1474/1474/1474 1473/1473/1473 1472/1472/1472
f 1475/1475/1475 1474/1474/1474 1472/1472/1472
f 1477/1477/1477 1476/1476/1476 1475/1475/1475
f 1478/1478/1478 1477/1477/1477 1475/1475/1475
f 1481/1481/1481 1480/1480/1480 1479/1479/1479
f 1482/1482/1482 1481/1481/1481 1479/1479/1479
f 1485/1485/1485 1484/1484/1484 1483/1483/1483
f 1486/1486/1486 1485/1485/1485 1483/1483/1483
f 1483/1483/1483 1488/1488/1488 1487/1487/1487
f 1488/1488/1488 1489/1489/1489 1487/1487/1487
f 1487/1487/1487 1491/1491/1491 1490/1490/1490
f 1491/1491/1491 1492/1492/1492 1490/1490/1490
f 1495/1495/1495 1494/1494/1494 1493/1493/1493
f 1496/1496/1496 1495/1495/1495 1493/1493/1493
f 1499/1499/1499 1498/1498/1498 1497/1497/1497
f 1500/1500/1500 1499/1499/1499 1497/1497/1497
f 1502/1502/1502 1501/1501/1501 1500/1500/1500
f 1503/1503/1503 1502/1502/1502 1500/1500/1500
f 1505/1505/1505 1504/1504/1504 1503/1503/1503
f 1506/1506/1506 1505/1505/1505 1503/1503/1503
f 1509/1509/1509 1508/1508/1508 1507/1507/1507
f 1510/1510/1510 1509/1509/1509 1507/1507/1507
f 1513/1513/1513 1512/1512/1512 1511/1511/1511
f 1514/1514/1514 1513/1513/1513 1511/1511/1511
f 1511/1511/1511 1516/1516/1516 1515/1515/1515
f 1516/1516/1516 1517/1517/1517 1515/1515/1515
f 1515/1515/1515 1519/1519/1519 1518/1518/1518
f 1519/1519/1519 1520/1520/1520 1518/1518/1518
f 1523/1523/1523 1522/1522/1522 1521/1521/1521
f 1524/1524/1524 1523/1523/1523 1521/1521/1521
f 1527/1527/1527 1526/1526/1526 1525/1525/1525
f 1528/1528/1528 1527/1527/1527 1525/1525/1525
f 1531/1531/1531 1530/1530/1530 1529/1529/1529
f 1532/1532/1532 1531/1531/1531 1529/1529/1529
f 1535/1535/1535 1534/1534/1534 1533/1533/1533
f 1536/1536/1536 1535/1535/1535 1533/1533/1533
f 1539/1539/1539 1538/1538/1538 1537/1537/1537
f 1540/1540/1540 1539/1539/1539 1537/1537/1537
f 1543/1543/1543 1542/1542/1542 1541/1541/1541
f 1544/1544/1544 1543/1543/1543 1541/1541/1541
f 1547/1547/1547 1546/1546/1546 1545/1545/1545
f 1548/1548/1548 1547/1547/1547 1545/1545/1545
f 1551/1551/1551 1550/1550/1550 1549/1549/1549
f 1552/1552/1552 1551/1551/1551 1549/1549/1549
f 1555/1555/1555 1554/1554/1554 1553/1553/1553
f 1556/1556/1556 1555/1555/1555 1553/1553/1553
f 1559/1559/1559 1558/1558/1558 1557/1557/1557
f 1560/1560/1560 1559/1559/1559 1557/1557/1557
f 1563/1563/1563 1562/1562/1562 1561/1561/1561
f 1564/1564/1564 1563/1563/1563 1561/1561/1561
f 1567/1567/1567 1566/1566/1566 1565/1565/1565
f 1568/1568/1568 1567/1567/1567 1565/1565/1565
f 1571/1571/1571 1570/1570/1570 1569/1569/1569
f 1572/1572/1572 1571/1571/1571 1569/1569/1569
f 1575/1575/1575 1574/1574/1574 1573/1573/1573
f 1576/1576/1576 1575/1575/1575 1573/1573/1573
f 1579/1579/1579 1578/1578/1578 1577/1577/1577
f 1580/1580/1580 1579/1579/1579 1577/1577/1577
f 1583/1583/1583 1582/1582/1582 1581/1581/1581
f 1584/1584/1584 1583/1583/1583 1581/1581/1581
f 1586/1586/1586 1585/1585/1585 1581/1581/1581
f 1587/1587/1587 1586/1586/1586 1581/1581/1581
f 1584/1584/1584 1589/1589/1589 1588/1588/1588
f 1589/1589/1589 1590/1590/1590 1588/1588/1588
f 1588/1588/1588 1591/1591/1591 1587/1587/1587
f 1591/1591/1591 1592/1592/1592 1587/1587/1587
f 1591/1591/1591 1593/1593/1593 1592/1592/1592
f 1593/1593/1593 1594/1594/1594 1592/1592/1592
f 1593/1593/1593 1595/1595/1595 1594/1594/1594
f 1595/1595/1595 1596/1596/1596 1594/1594/1594
f 1599/1599/1599 1598/1598/1598 1597/1597/1597
f 1600/1600/1600 1599/1599/1599 1597/1597/1597
f 1603/1603/1603 1602/1602/1602 1601/1601/1601
f 1604/1604/1604 1603/1603/1603 1601/1601/1601
f 1606/1606/1606 1605/1605/1605 1601/1601/1601
f 1607/1607/1607 1606/1606/1606 1601/1601/1601
f 1604/1604/1604 1609/1609/1609 1608/1608/1608
f 1609/1609/1609 1610/1610/1610 1608/1608/1608
f 1608/1608/1608 1611/1611/1611 1607/1607/1607
f 1611/1611/1611 1612/1612/1612 1607/1607/1607
f 1611/1611/1611 1613/1613/1613 1612/1612/1612
f 1613/1613/1613 1614/1614/1614 1612/1612/1612
f 1613/1613/1613 1615/1615/1615 1614/1614/1614
f 1615/1615/1615 1616/1616/1616 1614/1614/1614
f 1619/1619/1619 1618/1618/1618 1617/1617/1617
f 1620/1620/1620 1619/1619/1619 1617/1617/1617
f 1623/1623/1623 1622/1622/1622 1621/1621/1621
f 1624/1624/1624 1623/1623/1623 1621/1621/1621
f 1627/1627/1627 1626/1626/1626 1625/1625/1625
f 1628/1628/1628 1627/1627/1627 1625/1625/1625
f 1631/1631/1631 1630/1630/1630 1629/1629/1629
f 1632/1632/1632 1631/1631/1631 1629/1629/1629
f 1635/1635/1635 1634/1634/1634 1633/1633/1633
f 1636/1636/1636 1635/1635/1635 1633/1633/1633
f 1639/1639/1639 1638/1638/1638 1637/1637/1637
f 1640/1640/1640 1639/1639/1639 1637/1637/1637
f 1643/1643/1643 1642/1642/1642 1641/1641/1641
f 1644/1644/1644 1643/1643/1643 1641/1641/1641
f 1647/1647/1647 1646/1646/1646 1645/1645/1645
f 1648/1648/1648 1647/1647/1647 1645/1645/1645
f 1649/1649/1649 1648/1648/1648 1645/1645/1645
f 1650/1650/1650 1649/1649/1649 1645/1645/1645
f 1645/1645/1645 1651/1651/1651 1650/1650/1650
f 1651/1651/1651 1652/1652/1652 1650/1650/1650
f 1650/1650/1650 1653/1653/1653 1649/1649/1649
f 1653/1653/1653 1654/1654/1654 1649/1649/1649
f 1657/1657/1657 1656/1656/1656 1655/1655/1655
f 1658/1658/1658 1657/1657/1657 1655/1655/1655
f 1661/1661/1661 1660/1660/1660 1659/1659/1659
f 1662/1662/1662 1661/1661/1661 1659/1659/1659
f 1662/1662/1662 1659/1659/1659 1663/1663/1663
f 1659/1659/1659 1664/1664/1664 1663/1663/1663
f 1664/1664/1664 1665/1665/1665 1663/1663/1663
f 1665/1665/1665 1666/1666/1666 1663/1663/1663
f 1663/1663/1663 1667/1667/1667 1662/1662/1662
f 1667/1667/1667 1668/1668/1668 1662/1662/1662
f 1671/1671/1671 1670/1670/1670 1669/1669/1669
f 1672/1672/1672 1671/1671/1671 1669/1669/1669
f 1675/1675/1675 1674/1674/1674 1673/1673/1673
f 1676/1676/1676 1675/1675/1675 1673/1673/1673
f 1679/1679/1679 1678/1678/1678 1677/1677/1677
f 1680/1680/1680 1679/1679/1679 1677/1677/1677
f 1683/1683/1683 1682/1682/1682 1681/1681/1681
f 1684/1684/1684 1683/1683/1683 1681/1681/1681
f 1687/1687/1687 1686/1686/1686 1685/1685/1685
f 1688/1688/1688 1687/1687/1687 1685/1685/1685
f 1691/1691/1691 1690/1690/1690 1689/1689/1689
f 1692/1692/1692 1691/1691/1691 1689/1689/1689
f 1695/1695/1695 1694/1694/1694 1693/1693/1693
f 1696/1696/1696 1695/1695/1695 1693/1693/1693
f 1699/1699/1699 1698/1698/1698 1697/1697/1697
f 1700/1700/1700 1699/1699/1699 1697/1697/1697
f 1702/1702/1702 1701/1701/1701 1700/1700/1700
f 1703/1703/1703 1702/1702/1702 1700/1700/1700
f 1705/1705/1705 1704/1704/1704 1703/1703/1703
f 1706/1706/1706 1705/1705/1705 1703/1703/1703
f 1709/1709/1709 1708/1708/1708 1707/1707/1707
f 1710/1710/1710 1709/1709/1709 1707/1707/1707
f 1713/1713/1713 1712/1712/1712 1711/1711/1711
f 1714/1714/1714 1713/1713/1713 1711/1711/1711
f 1711/1711/1711 1716/1716/1716 1715/1715/1715
f 1716/1716/1716 1717/1717/1717 1715/1715/1715
f 1715/1715/1715 1719/1719/1719 1718/1718/1718
f 1719/1719/1719 1720/1720/1720 1718/1718/1718
f 1723/1723/1723 1722/1722/1722 1721/1721/1721
f 1724/1724/1724 1723/1723/1723 1721/1721/1721
f 1727/1727/1727 1726/1726/1726 1725/1725/1725
f 1728/1728/1728 1727/1727/1727 1725/1725/1725
f 1730/1730/1730 1729/1729/1729 1728/1728/1728
f 1731/1731/1731 1730/1730/1730 1728/1728/1728
f 1733/1733/1733 1732/1732/1732 1731/1731/1731
f 1734/1734/1734 1733/1733/1733 1731/1731/1731
f 1737/1737/1737 1736/1736/1736 1735/1735/1735
f 1738/1738/1738 1737/1737/1737 1735/1735/1735
f 1741/1741/1741 1740/1740/1740 1739/1739/1739
f 1742/1742/1742 1741/1741/1741 1739/1739/1739
f 1739/1739/1739 1744/1744/1744 1743/1743/1743
f 1744/1744/1744 1745/1745/1745 1743/1743/1743
f 1743/1743/1743 1747/1747/1747 1746/1746/1746
f 1747/1747/1747 1748/1748/1748 1746/1746/1746
f 1751/1751/1751 1750/1750/1750 1749/1749/1749
f 1752/1752/1752 1751/1751/1751 1749/1749/1749
f 1755/1755/1755 1754/1754/1754 1753/1753/1753
f 1756/1756/1756 1755/1755/1755 1753/1753/1753
f 1759/1759/1759 1758/1758/1758 1757/1757/1757
f 1760/1760/1760 1759/1759/1759 1757/1757/1757
f 1763/1763/1763 1762/1762/1762 1761/1761/1761
f 1764/1764/1764 1763/1763/1763 1761/1761/1761
f 1767/1767/1767 1766/1766/1766 1765/1765/1765
f 1768/1768/1768 1767/1767/1767 1765/1765/1765
f 1771/1771/1771 1770/1770/1770 1769/1769/1769
f 1772/1772/1772 1771/1771/1771 1769/1769/1769
f 1775/1775/1775 1774/1774/1774 1773/1773/1773
f 1776/1776/1776 1775/1775/1775 1773/1773/1773
f 1779/1779/1779 1778/1778/1778 1777/1777/1777
f 1780/1780/1780 1779/1779/1779 1777/1777/1777
f 1783/1783/1783 1782/1782/1782 1781/1781/1781
f 1784/1784/1784 1783/1783/1783 1781/1781/1781
f 1787/1787/1787 1786/1786/1786 1785/1785/1785
f 1788/1788/1788 1787/1787/1787 1785/1785/1785
f 1791/1791/1791 1790/1790/1790 1789/1789/1789
f 1792/1792/1792 1791/1791/1791 1789/1789/1789
f 1795/1795/1795 1794/1794/1794 1793/1793/1793
f 1796/1796/1796 1795/1795/1795 1793/1793/1793
f 1799/1799/1799 1798/1798/1798 1797/1797/1797
f 1800/1800/1800 1799/1799/1799 1797/1797/1797
f 1803/1803/1803 1802/1802/1802 1801/1801/1801
f 1804/1804/1804 1803/1803/1803 1801/1801/1801
f 1807/1807/1807 1806/1806/1806 1805/1805/1805
f 1808/1808/1808 1807/1807/1807 1805/1805/1805
f 1811/1811/1811 1810/1810/1810 1809/1809/1809
f 1812/1812/1812 1811/1811/1811 1809/1809/1809
f 1815/1815/1815 1814/1814/1814 1813/1813/1813
f 1816/1816/1816 1815/1815/1815 1813/1813/1813
f 1819/1819/1819 1818/1818/1818 1817/1817/1817
f 1820/1820/1820 1819/1819/1819 1817/1817/1817
f 1823/1823/1823 1822/1822/1822 1821/1821/1821
f 1824/1824/1824 1823/1823/1823 1821/1821/1821
f 1827/1827/1827 1826/1826/1826 1825/1825/1825
f 1828/1828/1828 1827/1827/1827 1825/1825/1825
f 1831/1831/1831 1830/1830/1830 1829/1829/1829
f 1832/1832/1832 1831/1831/1831 1829/1829/1829
f 1835/1835/1835 1834/1834/1834 1833/1833/1833
f 1836/1836/1836 1835/1835/1835 1833/1833/1833
f 1839/1839/1839 1838/1838/1838 1837/1837/1837
f 1840/1840/1840 1839/1839/1839 1837/1837/1837
f 1843/1843/1843 1842/1842/1842 1841/1841/1841
f 1844/1844/1844 1843/1843/1843 1841/1841/1841
f 1847/1847/1847 1846/1846/1846 1845/1845/1845
f 1848/1848/1848 1847/1847/1847 1845/1845/1845
f 1851/1851/1851 1850/1850/1850 1849/1849/1849
f 1852/1852/1852 1851/1851/1851 1849/1849/1849
f 1855/1855/1855 1854/1854/1854 1853/1853/1853
f 1856/1856/1856 1855/1855/1855 1853/1853/1853
f 1859/1859/1859 1858/1858/1858 1857/1857/1857
f 1860/1860/1860 1859/1859/1859 1857/1857/1857
f 1863/1863/1863 1862/1862/1862 1861/1861/1861
f 1864/1864/1864 1863/1863/1863 1861/1861/1861
f 1867/1867/1867 1866/1866/1866 1865/1865/1865
f 1868/1868/1868 1867/1867/1867 1865/1865/1865
f 1871/1871/1871 1870/1870/1870 1869/1869/1869
f 1872/1872/1872 1871/1871/1871 1869/1869/1869
f 1875/1875/1875 1874/1874/1874 1873/1873/1873
f 1876/1876/1876 1875/1875/1875 1873/1873/1873
f 1879/1879/1879 1878/1878/1878 1877/1877/1877
f 1880/1880/1880 1879/1879/1879 1877/1877/1877
f 1883/1883/1883 1882/1882/1882 1881/1881/1881
f 1884/1884/1884 1883/1883/1883 1881/1881/1881
f 1887/1887/1887 1886/1886/1886 1885/1885/1885
f 1888/1888/1888 1887/1887/1887 1885/1885/1885
f 1891/1891/1891 1890/1890/1890 1889/1889/1889
f 1892/1892/1892 1891/1891/1891 1889/1889/1889
f 1895/1895/1895 1894/1894/1894 1893/1893/1893
f 1896/1896/1896 1895/1895/1895 1893/1893/1893
f 1899/1899/1899 1898/1898/1898 1897/1897/1897
f 1900/1900/1900 1899/1899/1899 1897/1897/1897
f 1903/1903/1903 1902/1902/1902 1901/1901/1901
f 1904/1904/1904 1903/1903/1903 1901/1901/1901
f 1907/1907/1907 1906/1906/1906 1905/1905/1905
f 1908/1908/1908 1907/1907/1907 1905/1905/1905
f 1911/1911/1911 1910/1910/1910 1909/1909/1909
f 1912/1912/1912 1911/1911/1911 1909/1909/1909
f 1915/1915/1915 1914/1914/1914 1913/1913/1913
f 1916/1916/1916 1915/1915/1915 1913/1913/1913
f 1919/1919/1919 1918/1918/1918 1917/1917/1917
f 1920/1920/1920 1919/1919/1919 1917/1917/1917
f 1923/1923/1923 1922/1922/1922 1921/1921/1921
f 1924/1924/1924 1923/1923/1923 1921/1921/1921
f 1927/1927/1927 1926/1926/1926 1925/1925/1925
f 1928/1928/1928 1927/1927/1927 1925/1925/1925
f 1931/1931/1931 1930/1930/1930 1929/1929/1929
f 1932/1932/1932 1931/1931/1931 1929/1929/1929
f 1934/1934/1934 1933/1933/1933 1929/1929/1929
f 1935/1935/1935 1934/1934/1934 1929/1929/1929
f 1932/1932/1932 1937/1937/1937 1936/1936/1936
f 1937/1937/1937 1938/1938/1938 1936/1936/1936
f 1936/1936/1936 1939/1939/1939 1935/1935/1935
f 1939/1939/1939 1940/1940/1940 1935/1935/1935
f 1939/1939/1939 1941/1941/1941 1940/1940/1940
f 1941/1941/1941 1942/1942/1942 1940/1940/1940
f 1941/1941/1941 1943/1943/1943 1942/1942/1942
f 1943/1943/1943 1944/1944/1944 1942/1942/1942
f 1947/1947/1947 1946/1946/1946 1945/1945/1945
f 1948/1948/1948 1947/1947/1947 1945/1945/1945
f 1951/1951/1951 1950/1950/1950 1949/1949/1949
f 1952/1952/1952 1951/1951/1951 1949/1949/1949
f 1954/1954/1954 1953/1953/1953 1949/1949/1949
f 1955/1955/1955 1954/1954/1954 1949/1949/1949
f 1952/1952/1952 1957/1957/1957 1956/1956/1956
f 1957/1957/1957 1958/1958/1958 1956/1956/1956
f 1956/1956/1956 1959/1959/1959 1955/1955/1955
f 1959/1959/1959 1960/1960/1960 1955/1955/1955
f 1959/1959/1959 1961/1961/1961 1960/1960/1960
f 1961/1961/1961 1962/1962/1962 1960/1960/1960
f 1961/1961/1961 1963/1963/1963 1962/1962/1962
f 1963/1963/1963 1964/1964/1964 1962/1962/1962
f 1967/1967/1967 1966/1966/1966 1965/1965/1965
f 1968/1968/1968 1967/1967/1967 1965/1965/1965
f 1971/1971/1971 1970/1970/1970 1969/1969/1969
f 1972/1972/1972 1971/1971/1971 1969/1969/1969
f 1975/1975/1975 1974/1974/1974 1973/1973/1973
f 1976/1976/1976 1975/1975/1975 1973/1973/1973
f 1979/1979/1979 1978/1978/1978 1977/1977/1977
f 1980/1980/1980 1979/1979/1979 1977/1977/1977
f 1983/1983/1983 1982/1982/1982 1981/1981/1981
f 1984/1984/1984 1983/1983/1983 1981/1981/1981
f 1987/1987/1987 1986/1986/1986 1985/1985/1985
f 1988/1988/1988 1987/1987/1987 1985/1985/1985
f 1991/1991/1991 1990/1990/1990 1989/1989/1989
f 1992/1992/1992 1991/1991/1991 1989/1989/1989
f 1995/1995/1995 1994/1994/1994 1993/1993/1993
f 1996/1996/1996 1995/1995/1995 1993/1993/1993
f 1997/1997/1997 1996/1996/1996 1993/1993/1993
f 1998/1998/1998 1997/1997/1997 1993/1993/1993
f 1993/1993/1993 1999/1999/1999 1998/1998/1998
f 1999/1999/1999 2000/2000/2000 1998/1998/1998
f 1998/1998/1998 2001/2001/2001 1997/1997/1997
f 2001/2001/2001 2002/2002/2002 1997/1997/1997
f 2005/2005/2005 2004/2004/2004 2003/2003/2003
f 2006/2006/2006 2005/2005/2005 2003/2003/2003
f 2009/2009/2009 2008/2008/2008 2007/2007/2007
f 2010/2010/2010 2009/2009/2009 2007/2007/2007
f 2010/2010/2010 2007/2007/2007 2011/2011/2011
f 2007/2007/2007 2012/2012/2012 2011/2011/2011
f 2012/2012/2012 2013/2013/2013 2011/2011/2011
f 2013/2013/2013 2014/2014/2014 2011/2011/2011
f 2011/2011/2011 2015/2015/2015 2010/2010/2010
f 2015/2015/2015 2016/2016/2016 2010/2010/2010
f 2019/2019/2019 2018/2018/2018 2017/2017/2017
f 2020/2020/2020 2019/2019/2019 2017/2017/2017
f 2023/2023/2023 2022/2022/2022 2021/2021/2021
f 2024/2024/2024 2023/2023/2023 2021/2021/2021
f 2027/2027/2027 2026/2026/2026 2025/2025/2025
f 2028/2028/2028 2027/2027/2027 2025/2025/2025
f 2031/2031/2031 2030/2030/2030 2029/2029/2029
f 2032/2032/2032 2031/2031/2031 2029/2029/2029
f 2035/2035/2035 2034/2034/2034 2033/2033/2033
f 2036/2036/2036 2035/2035/2035 2033/2033/2033
f 2039/2039/2039 2038/2038/2038 2037/2037/2037
f 2040/2040/2040 2039/2039/2039 2037/2037/2037
f 2043/2043/2043 2042/2042/2042 2041/2041/2041
f 2044/2044/2044 2043/2043/2043 2041/2041/2041
f 2047/2047/2047 2046/2046/2046 2045/2045/2045
f 2048/2048/2048 2047/2047/2047 2045/2045/2045
f 2050/2050/2050 2049/2049/2049 2048/2048/2048
f 2051/2051/2051 2050/2050/2050 2048/2048/2048
f 2053/2053/2053 2052/2052/2052 2051/2051/2051
f 2054/2054/2054 2053/2053/2053 2051/2051/2051
f 2057/2057/2057 2056/2056/2056 2055/2055/2055
f 2058/2058/2058 2057/2057/2057 2055/2055/2055
f 2061/2061/2061 2060/2060/2060 2059/2059/2059
f 2062/2062/2062 2061/2061/2061 2059/2059/2059
f 2059/2059/2059 2064/2064/2064 2063/2063/2063
f 2064/2064/2064 2065/2065/2065 2063/2063/2063
f 2063/2063/2063 2067/2067/2067 2066/2066/2066
f 2067/2067/2067 2068/2068/2068 2066/2066/2066
f 2071/2071/2071 2070/2070/2070 2069/2069/2069
f 2072/2072/2072 2071/2071/2071 2069/2069/2069
f 2075/2075/2075 2074/2074/2074 2073/2073/2073
f 2076/2076/2076 2075/2075/2075 2073/2073/2073
f 2078/2078/2078 2077/2077/2077 2076/2076/2076
f 2079/2079/2079 2078/2078/2078 2076/2076/2076
f 2081/2081/2081 2080/2080/2080 2079/2079/2079
f 2082/2082/2082 2081/2081/2081 2079/2079/2079
f 2085/2085/2085 2084/2084/2084 2083/2083/2083
f 2086/2086/2086 2085/2085/2085 2083/2083/2083
f 2089/2089/2089 2088/2088/2088 2087/2087/2087
f 2090/2090/2090 2089/2089/2089 2087/2087/2087
f 2087/2087/2087 2092/2092/2092 2091/2091/2091
f 2092/2092/2092 2093/2093/2093 2091/2091/2091
f 2091/2091/2091 2095/2095/2095 2094/2094/2094
f 2095/2095/2095 2096/2096/2096 2094/2094/2094
f 2099/2099/2099 2098/2098/2098 2097/2097/2097
f 2100/2100/2100 2099/2099/2099 2097/2097/2097
f 2103/2103/2103 2102/2102/2102 2101/2101/2101
f 2104/2104/2104 2103/2103/2103 2101/2101/2101
f 2107/2107/2107 2106/2106/2106 2105/2105/2105
f 2108/2108/2108 2107/2107/2107 2105/2105/2105
f 2111/2111/2111 2110/2110/2110 2109/2109/2109
f 2112/2112/2112 2111/2111/2111 2109/2109/2109
f 2115/2115/2115 2114/2114/2114 2113/2113/2113
f 2116/2116/2116 2115/2115/2115 2113/2113/2113
f 2119/2119/2119 2118/2118/2118 2117/2117/2117
f 2120/2120/2120 2119/2119/2119 2117/2117/2117
f 2123/2123/2123 2122/2122/2122 2121/2121/2121
f 2124/2124/2124 2123/2123/2123 2121/2121/2121
f 2127/2127/2127 2126/2126/2126 2125/2125/2125
f 2128/2128/2128 2127/2127/2127 2125/2125/2125
f 2131/2131/2131 2130/2130/2130 2129/2129/2129
f 2132/2132/2132 2131/2131/2131 2129/2129/2129
f 2135/2135/2135 2134/2134/2134 2133/2133/2133
f 2136/2136/2136 2135/2135/2135 2133/2133/2133
f 2139/2139/2139 2138/2138/2138 2137/2137/2137
f 2140/2140/2140 2139/2139/2139 2137/2137/2137
f 2143/2143/2143 2142/2142/2142 2141/2141/2141
f 2144/2144/2144 2143/2143/2143 2141/2141/2141
f 2147/2147/2147 2146/2146/2146 2145/2145/2145
f 2148/2148/2148 2147/2147/2147 2145/2145/2145
f 2151/2151/2151 2150/2150/2150 2149/2149/2149
f 2152/2152/2152 2151/2151/2151 2149/2149/2149
f 2155/2155/2155 2154/2154/2154 2153/2153/2153
f 2156/2156/2156 2155/2155/2155 2153/2153/2153
f 2159/2159/2159 2158/2158/2158 2157/2157/2157
f 2160/2160/2160 2159/2159/2159 2157/2157/2157
f 2162/2162/2162 2161/2161/2161 2157/2157/2157
f 2163/2163/2163 2162/2162/2162 2157/2157/2157
f 2160/2160/2160 2165/2165/2165 2164/2164/2164
f 2165/2165/2165 2166/2166/2166 2164/2164/2164
f 2164/2164/2164 2167/2167/2167 2163/2163/2163
f 2167/2167/2167 2168/2168/2168 2163/2163/2163
f 2167/2167/2167 2169/2169/2169 2168/2168/2168
f 2169/2169/2169 2170/2170/2170 2168/2168/2168
f 2169/2169/2169 2171/2171/2171 2170/2170/2170
f 2171/2171/2171 2172/2172/2172 2170/2170/2170
f 2175/2175/2175 2174/2174/2174 2173/2173/2173
f 2176/2176/2176 2175/2175/2175 2173/2173/2173
f 2179/2179/2179 2178/2178/2178 2177/2177/2177
f 2180/2180/2180 2179/2179/2179 2177/2177/2177
f 2182/2182/2182 2181/2181/2181 2177/2177/2177
f 2183/2183/2183 2182/2182/2182 2177/2177/2177
f 2180/2180/2180 2185/2185/2185 2184/2184/2184
f 2185/2185/2185 2186/2186/2186 2184/2184/2184
f 2184/2184/2184 2187/2187/2187 2183/2183/2183
f 2187/2187/2187 2188/2188/2188 2183/2183/2183
f 2187/2187/2187 2189/2189/2189 2188/2188/2188
f 2189/2189/2189 2190/2190/2190 2188/2188/2188
f 2189/2189/2189 2191/2191/2191 2190/2190/2190
f 2191/2191/2191 2192/2192/2192 2190/2190/2190
f 2195/2195/2195 2194/2194/2194 2193/2193/2193
f 2196/2196/2196 2195/2195/2195 2193/2193/2193
f 2199/2199/2199 2198/2198/2198 2197/2197/2197
f 2200/2200/2200 2199/2199/2199 2197/2197/2197
f 2203/2203/2203 2202/2202/2202 2201/2201/2201
f 2204/2204/2204 2203/2203/2203 2201/2201/2201
f 2207/2207/2207 2206/2206/2206 2205/2205/2205
f 2208/2208/2208 2207/2207/2207 2205/2205/2205
f 2211/2211/2211 2210/2210/2210 2209/2209/2209
f 2212/2212/2212 2211/2211/2211 2209/2209/2209
f 2215/2215/2215 2214/2214/2214 2213/2213/2213
f 2216/2216/2216 2215/2215/2215 2213/2213/2213
f 2219/2219/2219 2218/2218/2218 2217/2217/2217
f 2220/2220/2220 2219/2219/2219 2217/2217/2217
f 2223/2223/2223 2222/2222/2222 2221/2221/2221
f 2224/2224/2224 2223/2223/2223 2221/2221/2221
f 2225/2225/2225 2224/2224/2224 2221/2221/2221
f 2226/2226/2226 2225/2225/2225 2221/2221/2221
f 2221/2221/2221 2227/2227/2227 2226/2226/2226
f 2227/2227/2227 2228/2228/2228 2226/2226/2226
f 2226/2226/2226 2229/2229/2229 2225/2225/2225
f 2229/2229/2229 2230/2230/2230 2225/2225/2225
f 2233/2233/2233 2232/2232/2232 2231/2231/2231
f 2234/2234/2234 2233/2233/2233 2231/2231/2231
f 2237/2237/2237 2236/2236/2236 2235/2235/2235
f 2238/2238/2238 2237/2237/2237 2235/2235/2235
f 2238/2238/2238 2235/2235/2235 2239/2239/2239
f 2235/2235/2235 2240/2240/2240 2239/2239/2239
f 2240/2240/2240 2241/2241/2241 2239/2239/2239
f 2241/2241/2241 2242/2242/2242 2239/2239/2239
f 2239/2239/2239 2243/2243/2243 2238/2238/2238
f 2243/2243/2243 2244/2244/2244 2238/2238/2238
f 2247/2247/2247 2246/2246/2246 2245/2245/2245
f 2248/2248/2248 2247/2247/2247 2245/2245/2245
f 2251/2251/2251 2250/2250/2250 2249/2249/2249
f 2252/2252/2252 2251/2251/2251 2249/2249/2249
f 2255/2255/2255 2254/2254/2254 2253/2253/2253
f 2256/2256/2256 2255/2255/2255 2253/2253/2253
f 2259/2259/2259 2258/2258/2258 2257/2257/2257
f 2260/2260/2260 2259/2259/2259 2257/2257/2257
f 2263/2263/2263 2262/2262/2262 2261/2261/2261
f 2264/2264/2264 2263/2263/2263 2261/2261/2261
f 2267/2267/2267 2266/2266/2266 2265/2265/2265
f 2268/2268/2268 2267/2267/2267 2265/2265/2265
f 2271/2271/2271 2270/2270/2270 2269/2269/2269
f 2272/2272/2272 2271/2271/2271 2269/2269/2269
f 2275/2275/2275 2274/2274/2274 2273/2273/2273
f 2276/2276/2276 2275/2275/2275 2273/2273/2273
f 2278/2278/2278 2277/2277/2277 2276/2276/2276
f 2279/2279/2279 2278/2278/2278 2276/2276/2276
f 2281/2281/2281 2280/2280/2280 2279/2279/2279
f 2282/2282/2282 2281/2281/2281 2279/2279/2279
f 2285/2285/2285 2284/2284/2284 2283/2283/2283
f 2286/2286/2286 2285/2285/2285 2283/2283/2283
f 2289/2289/2289 2288/2288/2288 2287/2287/2287
f 2290/2290/2290 2289/2289/2289 2287/2287/2287
f 2287/2287/2287 2292/2292/2292 2291/2291/2291
f 2292/2292/2292 2293/2293/2293 2291/2291/2291
f 2291/2291/2291 2295/2295/2295 2294/2294/2294
f 2295/2295/2295 2296/2296/2296 2294/2294/2294
f 2299/2299/2299 2298/2298/2298 2297/2297/2297
f 2300/2300/2300 2299/2299/2299 2297/2297/2297
f 2303/2303/2303 2302/2302/2302 2301/2301/2301
f 2304/2304/2304 2303/2303/2303 2301/2301/2301
f 2306/2306/2306 2305/2305/2305 2304/2304/2304
f 2307/2307/2307 2306/2306/2306 2304/2304/2304
f 2309/2309/2309 2308/2308/2308 2307/2307/2307
f 2310/2310/2310 2309/2309/2309 2307/2307/2307
f 2313/2313/2313 2312/2312/2312 2311/2311/2311
f 2314/2314/2314 2313/2313/2313 2311/2311/2311
f 2317/2317/2317 2316/2316/2316 2315/2315/2315
f 2318/2318/2318 2317/2317/2317 2315/2315/2315
f 2315/2315/2315 2320/2320/2320 2319/2319/2319
f 2320/2320/2320 2321/2321/2321 2319/2319/2319
f 2319/2319/2319 2323/2323/2323 2322/2322/2322
f 2323/2323/2323 2324/2324/2324 2322/2322/2322
f 2327/2327/2327 2326/2326/2326 2325/2325/2325
f 2328/2328/2328 2327/2327/2327 2325/2325/2325
f 2331/2331/2331 2330/2330/2330 2329/2329/2329
f 2332/2332/2332 2331/2331/2331 2329/2329/2329
f 2335/2335/2335 2334/2334/2334 2333/2333/2333
f 2336/2336/2336 2335/2335/2335 2333/2333/2333
f 2339/2339/2339 2338/2338/2338 2337/2337/2337
f 2340/2340/2340 2339/2339/2339 2337/2337/2337
f 2343/2343/2343 2342/2342/2342 2341/2341/2341
f 2344/2344/2344 2343/2343/2343 2341/2341/2341
f 2347/2347/2347 2346/2346/2346 2345/2345/2345
f 2348/2348/2348 2347/2347/2347 2345/2345/2345
f 2351/2351/2351 2350/2350/2350 2349/2349/2349
f 2352/2352/2352 2351/2351/2351 2349/2349/2349
f 2355/2355/2355 2354/2354/2354 2353/2353/2353
f 2356/2356/2356 2355/2355/2355 2353/2353/2353
f 2359/2359/2359 2358/2358/2358 2357/2357/2357
f 2360/2360/2360 2359/2359/2359 2357/2357/2357
f 2363/2363/2363 2362/2362/2362 2361/2361/2361
f 2364/2364/2364 2363/2363/2363 2361/2361/2361
f 2367/2367/2367 2366/2366/2366 2365/2365/2365
f 2368/2368/2368 2367/2367/2367 2365/2365/2365
f 2371/2371/2371 2370/2370/2370 2369/2369/2369
f 2372/2372/2372 2371/2371/2371 2369/2369/2369
f 2375/2375/2375 2374/2374/2374 2373/2373/2373
f 2376/2376/2376 2375/2375/2375 2373/2373/2373
f 2379/2379/2379 2378/2378/2378 2377/2377/2377
f 2380/2380/2380 2379/2379/2379 2377/2377/2377
f 2383/2383/2383 2382/2382/2382 2381/2381/2381
f 2384/2384/2384 2383/2383/2383 2381/2381/2381
f 2387/2387/2387 2386/2386/2386 2385/2385/2385
f 2388/2388/2388 2387/2387/2387 2385/2385/2385
f 2390/2390/2390 2389/2389/2389 2385/2385/2385
f 2391/2391/2391 2390/2390/2390 2385/2385/2385
f 2388/2388/2388 2393/2393/2393 2392/2392/2392
f 2393/2393/2393 2394/2394/2394 2392/2392/2392
f 2392/2392/2392 2395/2395/2395 2391/2391/2391
f 2395/2395/2395 2396/2396/2396 2391/2391/2391
f 2395/2395/2395 2397/2397/2397 2396/2396/2396
f 2397/2397/2397 2398/2398/2398 2396/2396/2396
f 2397/2397/2397 2399/2399/2399 2398/2398/2398
f 2399/2399/2399 2400/2400/2400 2398/2398/2398
f 2403/2403/2403 2402/2402/2402 2401/2401/2401
f 2404/2404/2404 2403/2403/2403 2401/2401/2401
f 2407/2407/2407 2406/2406/2406 2405/2405/2405
f 2408/2408/2408 2407/2407/2407 2405/2405/2405
f 2410/2410/2410 2409/2409/2409 2405/2405/2405
f 2411/2411/2411 2410/2410/2410 2405/2405/2405
f 2408/2408/2408 2413/2413/2413 2412/2412/2412
f 2413/2413/2413 2414/2414/2414 2412/2412/2412
f 2412/2412/2412 2415/2415/2415 2411/2411/2411
f 2415/2415/2415 2416/2416/2416 2411/2411/2411
f 2415/2415/2415 2417/2417/2417 2416/2416/2416
f 2417/2417/2417 2418/2418/2418 2416/2416/2416
f 2417/2417/2417 2419/2419/2419 2418/2418/2418
f 2419/2419/2419 2420/2420/2420 2418/2418/2418
f 2423/2423/2423 2422/2422/2422 2421/2421/2421
f 2424/2424/2424 2423/2423/2423 2421/2421/2421
f 2427/2427/2427 2426/2426/2426 2425/2425/2425
f 2428/2428/2428 2427/2427/2427 2425/2425/2425
f 2431/2431/2431 2430/2430/2430 2429/2429/2429
f 2432/2432/2432 2431/2431/2431 2429/2429/2429
f 2435/2435/2435 2434/2434/2434 2433/2433/2433
f 2436/2436/2436 2435/2435/2435 2433/2433/2433
f 2439/2439/2439 2438/2438/2438 2437/2437/2437
f 2440/2440/2440 2439/2439/2439 2437/2437/2437
f 2443/2443/2443 2442/2442/2442 2441/2441/2441
f 2444/2444/2444 2443/2443/2443 2441/2441/2441
f 2447/2447/2447 2446/2446/2446 2445/2445/2445
f 2448/2448/2448 2447/2447/2447 2445/2445/2445
f 2451/2451/2451 2450/2450/2450 2449/2449/2449
f 2452/2452/2452 2451/2451/2451 2449/2449/2449
f 2453/2453/2453 2452/2452/2452 2449/2449/2449
f 2454/2454/2454 2453/2453/2453 2449/2449/2449
f 2449/2449/2449 2455/2455/2455 2454/2454/2454
f 2455/2455/2455 2456/2456/2456 2454/2454/2454
f 2454/2454/2454 2457/2457/2457 2453/2453/2453
f 2457/2457/2457 2458/2458/2458 2453/2453/2453
f 2461/2461/2461 2460/2460/2460 2459/2459/2459
f 2462/2462/2462 2461/2461/2461 2459/2459/2459
f 2465/2465/2465 2464/2464/2464 2463/2463/2463
f 2466/2466/2466 2465/2465/2465 2463/2463/2463
f 2466/2466/2466 2463/2463/2463 2467/2467/2467
f 2463/2463/2463 2468/2468/2468 2467/2467/2467
f 2468/2468/2468 2469/2469/2469 2467/2467/2467
f 2469/2469/2469 2470/2470/2470 2467/2467/2467
f 2467/2467/2467 2471/2471/2471 2466/2466/2466
f 2471/2471/2471 2472/2472/2472 2466/2466/2466
f 2475/2475/2475 2474/2474/2474 2473/2473/2473
f 2476/2476/2476 2475/2475/2475 2473/2473/2473
f 2479/2479/2479 2478/2478/2478 2477/2477/2477
f 2480/2480/2480 2479/2479/2479 2477/2477/2477
f 2483/2483/2483 2482/2482/2482 2481/2481/2481
f 2484/2484/2484 2483/2483/2483 2481/2481/2481
f 2487/2487/2487 2486/2486/2486 2485/2485/2485
f 2488/2488/2488 2487/2487/2487 2485/2485/2485
f 2491/2491/2491 2490/2490/2490 2489/2489/2489
f 2492/2492/2492 2491/2491/2491 2489/2489/2489
f 2495/2495/2495 2494/2494/2494 2493/2493/2493
f 2496/2496/2496 2495/2495/2495 2493/2493/2493
f 2499/2499/2499 2498/2498/2498 2497/2497/2497
f 2500/2500/2500 2499/2499/2499 2497/2497/2497
f 2503/2503/2503 2502/2502/2502 2501/2501/2501
f 2504/2504/2504 2503/2503/2503 2501/2501/2501
f 2507/2507/2507 2506/2506/2506 2505/2505/2505
f 2508/2508/2508 2507/2507/2507 2505/2505/2505
f 2511/2511/2511 2510/2510/2510 2509/2509/2509
f 2512/2512/2512 2511/2511/2511 2509/2509/2509
f 2515/2515/2515 2514/2514/2514 2513/2513/2513
f 2516/2516/2516 2515/2515/2515 2513/2513/2513
f 2519/2519/2519 2518/2518/2518 2517/2517/2517
f 2520/2520/2520 2519/2519/2519 2517/2517/2517
f 2523/2523/2523 2522/2522/2522 2521/2521/2521
f 2524/2524/2524 2523/2523/2523 2521/2521/2521
f 2527/2527/2527 2526/2526/2526 2525/2525/2525
f 2528/2528/2528 2527/2527/2527 2525/2525/2525
f 2531/2531/2531 2530/2530/2530 2529/2529/2529
f 2532/2532/2532 2531/2531/2531 2529/2529/2529
f 2535/2535/2535 2534/2534/2534 2533/2533/2533
f 2536/2536/2536 2535/2535/2535 2533/2533/2533
f 2538/2538/2538 2537/2537/2537 2536/2536/2536
f 2539/2539/2539 2538/2538/2538 2536/2536/2536
f 2542/2542/2542 2541/2541/2541 2540/2540/2540
f 2543/2543/2543 2542/2542/2542 2540/2540/2540
f 2546/2546/2546 2545/2545/2545 2544/2544/2544
f 2547/2547/2547 2546/2546/2546 2544/2544/2544
f 2544/2544/2544 2549/2549/2549 2548/2548/2548
f 2549/2549/2549 2550/2550/2550 2548/2548/2548
f 2553/2553/2553 2552/2552/2552 2551/2551/2551
f 2554/2554/2554 2553/2553/2553 2551/2551/2551
f 2557/2557/2557 2556/2556/2556 2555/2555/2555
f 2558/2558/2558 2557/2557/2557 2555/2555/2555
f 2560/2560/2560 2559/2559/2559 2558/2558/2558
f 2561/2561/2561 2560/2560/2560 2558/2558/2558
f 2564/2564/2564 2563/2563/2563 2562/2562/2562
f 2565/2565/2565 2564/2564/2564 2562/2562/2562
f 2568/2568/2568 2567/2567/2567 2566/2566/2566
f 2569/2569/2569 2568/2568/2568 2566/2566/2566
f 2566/2566/2566 2571/2571/2571 2570/2570/2570
f 2571/2571/2571 2572/2572/2572 2570/2570/2570
f 2575/2575/2575 2574/2574/2574 2573/2573/2573
f 2576/2576/2576 2575/2575/2575 2573/2573/2573
f 2579/2579/2579 2578/2578/2578 2577/2577/2577
f 2580/2580/2580 2579/2579/2579 2577/2577/2577
f 2583/2583/2583 2582/2582/2582 2581/2581/2581
f 2584/2584/2584 2583/2583/2583 2581/2581/2581
f 2587/2587/2587 2586/2586/2586 2585/2585/2585
f 2588/2588/2588 2587/2587/2587 2585/2585/2585
f 2591/2591/2591 2590/2590/2590 2589/2589/2589
f 2592/2592/2592 2591/2591/2591 2589/2589/2589
f 2595/2595/2595 2594/2594/2594 2593/2593/2593
f 2596/2596/2596 2595/2595/2595 2593/2593/2593
f 2599/2599/2599 2598/2598/2598 2597/2597/2597
f 2600/2600/2600 2599/2599/2599 2597/2597/2597
f 2603/2603/2603 2602/2602/2602 2601/2601/2601
f 2604/2604/2604 2603/2603/2603 2601/2601/2601
f 2607/2607/2607 2606/2606/2606 2605/2605/2605
f 2608/2608/2608 2607/2607/2607 2605/2605/2605
f 2611/2611/2611 2610/2610/2610 2609/2609/2609
f 2612/2612/2612 2611/2611/2611 2609/2609/2609
f 2615/2615/2615 2614/2614/2614 2613/2613/2613
f 2616/2616/2616 2615/2615/2615 2613/2613/2613
f 2619/2619/2619 2618/2618/2618 2617/2617/2617
f 2620/2620/2620 2619/2619/2619 2617/2617/2617
f 2623/2623/2623 2622/2622/2622 2621/2621/2621
f 2624/2624/2624 2623/2623/2623 2621/2621/2621
f 2627/2627/2627 2626/2626/2626 2625/2625/2625
f 2628/2628/2628 2627/2627/2627 2625/2625/2625
f 2631/2631/2631 2630/2630/2630 2629/2629/2629
f 2632/2632/2632 2631/2631/2631 2629/2629/2629
f 2635/2635/2635 2634/2634/2634 2633/2633/2633
f 2636/2636/2636 2635/2635/2635 2633/2633/2633
f 2639/2639/2639 2638/2638/2638 2637/2637/2637
f 2640/2640/2640 2639/2639/2639 2637/2637/2637
f 2643/2643/2643 2642/2642/2642 2641/2641/2641
f 2644/2644/2644 2643/2643/2643 2641/2641/2641
f 2647/2647/2647 2646/2646/2646 2645/2645/2645
f 2648/2648/2648 2647/2647/2647 2645/2645/2645
f 2651/2651/2651 2650/2650/2650 2649/2649/2649
f 2652/2652/2652 2651/2651/2651 2649/2649/2649
f 2655/2655/2655 2654/2654/2654 2653/2653/2653
f 2656/2656/2656 2655/2655/2655 2653/2653/2653
f 2659/2659/2659 2658/2658/2658 2657/2657/2657
f 2660/2660/2660 2659/2659/2659 2657/2657/2657
f 2663/2663/2663 2662/2662/2662 2661/2661/2661
f 2664/2664/2664 2663/2663/2663 2661/2661/2661
f 2667/2667/2667 2666/2666/2666 2665/2665/2665
f 2668/2668/2668 2667/2667/2667 2665/2665/2665
f 2671/2671/2671 2670/2670/2670 2669/2669/2669
f 2672/2672/2672 2671/2671/2671 2669/2669/2669
f 2675/2675/2675 2674/2674/2674 2673/2673/2673
f 2676/2676/2676 2675/2675/2675 2673/2673/2673
f 2679/2679/2679 2678/2678/2678 2677/2677/2677
f 2680/2680/2680 2679/2679/2679 2677/2677/2677
f 2683/2683/2683 2682/2682/2682 2681/2681/2681
f 2684/2684/2684 2683/2683/2683 2681/2681/2681
f 2687/2687/2687 2686/2686/2686 2685/2685/2685
f 2688/2688/2688 2687/2687/2687 2685/2685/2685
f 2691/2691/2691 2690/2690/2690 2689/2689/2689
f 2692/2692/2692 2691/2691/2691 2689/2689/2689
f 2695/2695/2695 2694/2694/2694 2693/2693/2693
f 2696/2696/2696 2695/2695/2695 2693/2693/2693
f 2699/2699/2699 2698/2698/2698 2697/2697/2697
f 2700/2700/2700 2699/2699/2699 2697/2697/2697
f 2703/2703/2703 2702/2702/2702 2701/2701/2701
f 2704/2704/2704 2703/2703/2703 2701/2701/2701
f 2707/2707/2707 2706/2706/2706 2705/2705/2705
f 2708/2708/2708 2707/2707/2707 2705/2705/2705
f 2711/2711/2711 2710/2710/2710 2709/2709/2709
f 2712/2712/2712 2711/2711/2711 2709/2709/2709
f 2715/2715/2715 2714/2714/2714 2713/2713/2713
f 2716/2716/2716 2715/2715/2715 2713/2713/2713
f 2719/2719/2719 2718/2718/2718 2717/2717/2717
f 2720/2720/2720 2719/2719/2719 2717/2717/2717
f 2723/2723/2723 2722/2722/2722 2721/2721/2721
f 2724/2724/2724 2723/2723/2723 2721/2721/2721
f 2727/2727/2727 2726/2726/2726 2725/2725/2725
f 2728/2728/2728 2727/2727/2727 2725/2725/2725
f 2731/2731/2731 2730/2730/2730 2729/2729/2729
f 2732/2732/2732 2731/2731/2731 2729/2729/2729
f 2735/2735/2735 2734/2734/2734 2733/2733/2733
f 2736/2736/2736 2735/2735/2735 2733/2733/2733
f 2739/2739/2739 2738/2738/2738 2737/2737/2737
f 2740/2740/2740 2739/2739/2739 2737/2737/2737
f 2742/2742/2742 2741/2741/2741 2737/2737/2737
f 2743/2743/2743 2742/2742/2742 2737/2737/2737
f 2740/2740/2740 2745/2745/2745 2744/2744/2744
f 2745/2745/2745 2746/2746/2746 2744/2744/2744
f 2744/2744/2744 2747/2747/2747 2743/2743/2743
f 2747/2747/2747 2748/2748/2748 2743/2743/2743
f 2747/2747/2747 2749/2749/2749 2748/2748/2748
f 2749/2749/2749 2750/2750/2750 2748/2748/2748
f 2753/2753/2753 2752/2752/2752 2751/2751/2751
f 2754/2754/2754 2753/2753/2753 2751/2751/2751
f 2757/2757/2757 2756/2756/2756 2755/2755/2755
f 2758/2758/2758 2757/2757/2757 2755/2755/2755
f 2760/2760/2760 2759/2759/2759 2755/2755/2755
f 2761/2761/2761 2760/2760/2760 2755/2755/2755
f 2758/2758/2758 2763/2763/2763 2762/2762/2762
f 2763/2763/2763 2764/2764/2764 2762/2762/2762
f 2762/2762/2762 2765/2765/2765 2761/2761/2761
f 2765/2765/2765 2766/2766/2766 2761/2761/2761
f 2765/2765/2765 2767/2767/2767 2766/2766/2766
f 2767/2767/2767 2768/2768/2768 2766/2766/2766
f 2771/2771/2771 2770/2770/2770 2769/2769/2769
f 2772/2772/2772 2771/2771/2771 2769/2769/2769
f 2775/2775/2775 2774/2774/2774 2773/2773/2773
f 2776/2776/2776 2775/2775/2775 2773/2773/2773
f 2779/2779/2779 2778/2778/2778 2777/2777/2777
f 2780/2780/2780 2779/2779/2779 2777/2777/2777
f 2783/2783/2783 2782/2782/2782 2781/2781/2781
f 2784/2784/2784 2783/2783/2783 2781/2781/2781
f 2787/2787/2787 2786/2786/2786 2785/2785/2785
f 2788/2788/2788 2787/2787/2787 2785/2785/2785
f 2791/2791/2791 2790/2790/2790 2789/2789/2789
f 2792/2792/2792 2791/2791/2791 2789/2789/2789
f 2794/2794/2794 2793/2793/2793 2792/2792/2792
f 2795/2795/2795 2794/2794/2794 2792/2792/2792
f 2797/2797/2797 2796/2796/2796 2795/2795/2795
f 2798/2798/2798 2797/2797/2797 2795/2795/2795
f 2789/2789/2789 2800/2800/2800 2799/2799/2799
f 2800/2800/2800 2801/2801/2801 2799/2799/2799
f 2799/2799/2799 2803/2803/2803 2802/2802/2802
f 2803/2803/2803 2804/2804/2804 2802/2802/2802
f 2807/2807/2807 2806/2806/2806 2805/2805/2805
f 2808/2808/2808 2807/2807/2807 2805/2805/2805
f 2811/2811/2811 2810/2810/2810 2809/2809/2809
f 2812/2812/2812 2811/2811/2811 2809/2809/2809
f 2814/2814/2814 2813/2813/2813 2812/2812/2812
f 2815/2815/2815 2814/2814/2814 2812/2812/2812
f 2817/2817/2817 2816/2816/2816 2815/2815/2815
f 2818/2818/2818 2817/2817/2817 2815/2815/2815
f 2809/2809/2809 2820/2820/2820 2819/2819/2819
f 2820/2820/2820 2821/2821/2821 2819/2819/2819
f 2819/2819/2819 2823/2823/2823 2822/2822/2822
f 2823/2823/2823 2824/2824/2824 2822/2822/2822
f 2827/2827/2827 2826/2826/2826 2825/2825/2825
f 2828/2828/2828 2827/2827/2827 2825/2825/2825
f 2831/2831/2831 2830/2830/2830 2829/2829/2829
f 2832/2832/2832 2831/2831/2831 2829/2829/2829
f 2833/2833/2833 2832/2832/2832 2829/2829/2829
f 2834/2834/2834 2833/2833/2833 2829/2829/2829
f 2829/2829/2829 2835/2835/2835 2834/2834/2834
f 2835/2835/2835 2836/2836/2836 2834/2834/2834
f 2834/2834/2834 2837/2837/2837 2833/2833/2833
f 2837/2837/2837 2838/2838/2838 2833/2833/2833
f 2841/2841/2841 2840/2840/2840 2839/2839/2839
f 2842/2842/2842 2841/2841/2841 2839/2839/2839
f 2845/2845/2845 2844/2844/2844 2843/2843/2843
f 2846/2846/2846 2845/2845/2845 2843/2843/2843
f 2846/2846/2846 2843/2843/2843 2847/2847/2847
f 2843/2843/2843 2848/2848/2848 2847/2847/2847
f 2848/2848/2848 2849/2849/2849 2847/2847/2847
f 2849/2849/2849 2850/2850/2850 2847/2847/2847
f 2847/2847/2847 2851/2851/2851 2846/2846/2846
f 2851/2851/2851 2852/2852/2852 2846/2846/2846
f 2855/2855/2855 2854/2854/2854 2853/2853/2853
f 2856/2856/2856 2855/2855/2855 2853/2853/2853
f 2859/2859/2859 2858/2858/2858 2857/2857/2857
f 2860/2860/2860 2859/2859/2859 2857/2857/2857
f 2863/2863/2863 2862/2862/2862 2861/2861/2861
f 2864/2864/2864 2863/2863/2863 2861/2861/2861
f 2867/2867/2867 2866/2866/2866 2865/2865/2865
f 2868/2868/2868 2867/2867/2867 2865/2865/2865
f 2871/2871/2871 2870/2870/2870 2869/2869/2869
f 2872/2872/2872 2871/2871/2871 2869/2869/2869
f 2875/2875/2875 2874/2874/2874 2873/2873/2873
f 2876/2876/2876 2875/2875/2875 2873/2873/2873
f 2879/2879/2879 2878/2878/2878 2877/2877/2877
f 2880/2880/2880 2879/2879/2879 2877/2877/2877
f 2883/2883/2883 2882/2882/2882 2881/2881/2881
f 2884/2884/2884 2883/2883/2883 2881/2881/2881
f 2887/2887/2887 2886/2886/2886 2885/2885/2885
f 2888/2888/2888 2887/2887/2887 2885/2885/2885
f 2891/2891/2891 2890/2890/2890 2889/2889/2889
f 2892/2892/2892 2891/2891/2891 2889/2889/2889
f 2895/2895/2895 2894/2894/2894 2893/2893/2893
f 2896/2896/2896 2895/2895/2895 2893/2893/2893
f 2899/2899/2899 2898/2898/2898 2897/2897/2897
f 2900/2900/2900 2899/2899/2899 2897/2897/2897
f 2903/2903/2903 2902/2902/2902 2901/2901/2901
f 2904/2904/2904 2903/2903/2903 2901/2901/2901
f 2907/2907/2907 2906/2906/2906 2905/2905/2905
f 2908/2908/2908 2907/2907/2907 2905/2905/2905
f 2911/2911/2911 2910/2910/2910 2909/2909/2909
f 2912/2912/2912 2911/2911/2911 2909/2909/2909
f 2915/2915/2915 2914/2914/2914 2913/2913/2913
f 2916/2916/2916 2915/2915/2915 2913/2913/2913
f 2919/2919/2919 2918/2918/2918 2917/2917/2917
f 2920/2920/2920 2919/2919/2919 2917/2917/2917
f 2923/2923/2923 2922/2922/2922 2921/2921/2921
f 2924/2924/2924 2923/2923/2923 2921/2921/2921
f 2927/2927/2927 2926/2926/2926 2925/2925/2925
f 2928/2928/2928 2927/2927/2927 2925/2925/2925
f 2931/2931/2931 2930/2930/2930 2929/2929/2929
f 2932/2932/2932 2931/2931/2931 2929/2929/2929
f 2935/2935/2935 2934/2934/2934 2933/2933/2933
f 2936/2936/2936 2935/2935/2935 2933/2933/2933
f 2939/2939/2939 2938/2938/2938 2937/2937/2937
f 2940/2940/2940 2939/2939/2939 2937/2937/2937
f 2943/2943/2943 2942/2942/2942 2941/2941/2941
f 2944/2944/2944 2943/2943/2943 2941/2941/2941
f 2947/2947/2947 2946/2946/2946 2945/2945/2945
f 2948/2948/2948 2947/2947/2947 2945/2945/2945
f 2951/2951/2951 2950/2950/2950 2949/2949/2949
f 2952/2952/2952 2951/2951/2951 2949/2949/2949
f 2955/2955/2955 2954/2954/2954 2953/2953/2953
f 2956/2956/2956 2955/2955/2955 2953/2953/2953
f 2959/2959/2959 2958/2958/2958 2957/2957/2957
f 2960/2960/2960 2959/2959/2959 2957/2957/2957
f 2963/2963/2963 2962/2962/2962 2961/2961/2961
f 2964/2964/2964 2963/2963/2963 2961/2961/2961
f 2967/2967/2967 2966/2966/2966 2965/2965/2965
f 2968/2968/2968 2967/2967/2967 2965/2965/2965
f 2971/2971/2971 2970/2970/2970 2969/2969/2969
f 2972/2972/2972 2971/2971/2971 2969/2969/2969
f 2974/2974/2974 2973/2973/2973 2969/2969/2969
f 2975/2975/2975 2974/2974/2974 2969/2969/2969
f 2972/2972/2972 2977/2977/2977 2976/2976/2976
f 2977/2977/2977 2978/2978/2978 2976/2976/2976
f 2976/2976/2976 2979/2979/2979 2975/2975/2975
f 2979/2979/2979 2980/2980/2980 2975/2975/2975
f 2979/2979/2979 2981/2981/2981 2980/2980/2980
f 2981/2981/2981 2982/2982/2982 2980/2980/2980
f 2981/2981/2981 2983/2983/2983 2982/2982/2982
f 2983/2983/2983 2984/2984/2984 2982/2982/2982
f 2987/2987/2987 2986/2986/2986 2985/2985/2985
f 2988/2988/2988 2987/2987/2987 2985/2985/2985
f 2991/2991/2991 2990/2990/2990 2989/2989/2989
f 2992/2992/2992 2991/2991/2991 2989/2989/2989
f 2994/2994/2994 2993/2993/2993 2989/2989/2989
f 2995/2995/2995 2994/2994/2994 2989/2989/2989
f 2992/2992/2992 2997/2997/2997 2996/2996/2996
f 2997/2997/2997 2998/2998/2998 2996/2996/2996
f 2996/2996/2996 2999/2999/2999 2995/2995/2995
f 2999/2999/2999 3000/3000/3000 2995/2995/2995
f 2999/2999/2999 3001/3001/3001 3000/3000/3000
f 3001/3001/3001 3002/3002/3002 3000/3000/3000
f 3001/3001/3001 3003/3003/3003 3002/3002/3002
f 3003/3003/3003 3004/3004/3004 3002/3002/3002
f 3007/3007/3007 3006/3006/3006 3005/3005/3005
f 3008/3008/3008 3007/3007/3007 3005/3005/3005
f 3011/3011/3011 3010/3010/3010 3009/3009/3009
f 3012/3012/3012 3011/3011/3011 3009/3009/3009
f 3015/3015/3015 3014/3014/3014 3013/3013/3013
f 3016/3016/3016 3015/3015/3015 3013/3013/3013
f 3019/3019/3019 3018/3018/3018 3017/3017/3017
f 3020/3020/3020 3019/3019/3019 3017/3017/3017
f 3023/3023/3023 3022/3022/3022 3021/3021/3021
f 3024/3024/3024 3023/3023/3023 3021/3021/3021
f 3027/3027/3027 3026/3026/3026 3025/3025/3025
f 3028/3028/3028 3027/3027/3027 3025/3025/3025
f 3031/3031/3031 3030/3030/3030 3029/3029/3029
f 3032/3032/3032 3031/3031/3031 3029/3029/3029
f 3035/3035/3035 3034/3034/3034 3033/3033/3033
f 3036/3036/3036 3035/3035/3035 3033/3033/3033
f 3037/3037/3037 3036/3036/3036 3033/3033/3033
f 3038/3038/3038 3037/3037/3037 3033/3033/3033
f 3033/3033/3033 3039/3039/3039 3038/3038/3038
f 3039/3039/3039 3040/3040/3040 3038/3038/3038
f 3038/3038/3038 3041/3041/3041 3037/3037/3037
f 3041/3041/3041 3042/3042/3042 3037/3037/3037
f 3045/3045/3045 3044/3044/3044 3043/3043/3043
f 3046/3046/3046 3045/3045/3045 3043/3043/3043
f 3049/3049/3049 3048/3048/3048 3047/3047/3047
f 3050/3050/3050 3049/3049/3049 3047/3047/3047
f 3050/3050/3050 3047/3047/3047 3051/3051/3051
f 3047/3047/3047 3052/3052/3052 3051/3051/3051
f 3052/3052/3052 3053/3053/3053 3051/3051/3051
f 3053/3053/3053 3054/3054/3054 3051/3051/3051
f 3051/3051/3051 3055/3055/3055 3050/3050/3050
f 3055/3055/3055 3056/3056/3056 3050/3050/3050
f 3059/3059/3059 3058/3058/3058 3057/3057/3057
f 3060/3060/3060 3059/3059/3059 3057/3057/3057
f 3063/3063/3063 3062/3062/3062 3061/3061/3061
f 3064/3064/3064 3063/3063/3063 3061/3061/3061
f 3067/3067/3067 3066/3066/3066 3065/3065/3065
f 3068/3068/3068 3067/3067/3067 3065/3065/3065
f 3071/3071/3071 3070/3070/3070 3069/3069/3069
f 3072/3072/3072 3071/3071/3071 3069/3069/3069
f 3075/3075/3075 3074/3074/3074 3073/3073/3073
f 3076/3076/3076 3075/3075/3075 3073/3073/3073
f 3079/3079/3079 3078/3078/3078 3077/3077/3077
f 3080/3080/3080 3079/3079/3079 3077/3077/3077
f 3083/3083/3083 3082/3082/3082 3081/3081/3081
f 3084/3084/3084 3083/3083/3083 3081/3081/3081
f 3087/3087/3087 3086/3086/3086 3085/3085/3085
f 3088/3088/3088 3087/3087/3087 3085/3085/3085
f 3090/3090/3090 3089/3089/3089 3088/3088/3088
f 3091/3091/3091 3090/3090/3090 3088/3088/3088
f 3093/3093/3093 3092/3092/3092 3091/3091/3091
f 3094/3094/3094 3093/3093/3093 3091/3091/3091
f 3097/3097/3097 3096/3096/3096 3095/3095/3095
f 3098/3098/3098 3097/3097/3097 3095/3095/3095
f 3101/3101/3101 3100/3100/3100 3099/3099/3099
f 3102/3102/3102 3101/3101/3101 3099/3099/3099
f 3099/3099/3099 3104/3104/3104 3103/3103/3103
f 3104/3104/3104 3105/3105/3105 3103/3103/3103
f 3103/3103/3103 3107/3107/3107 3106/3106/3106
f 3107/3107/3107 3108/3108/3108 3106/3106/3106
f 3111/3111/3111 3110/3110/3110 3109/3109/3109
f 3112/3112/3112 3111/3111/3111 3109/3109/3109
f 3115/3115/3115 3114/3114/3114 3113/3113/3113
f 3116/3116/3116 3115/3115/3115 3113/3113/3113
f 3118/3118/3118 3117/3117/3117 3116/3116/3116
f 3119/3119/3119 3118/3118/3118 3116/3116/3116
f 3121/3121/3121 3120/3120/3120 3119/3119/3119
f 3122/3122/3122 3121/3121/3121 3119/3119/3119
f 3125/3125/3125 3124/3124/3124 3123/3123/3123
f 3126/3126/3126 3125/3125/3125 3123/3123/3123
f 3129/3129/3129 3128/3128/3128 3127/3127/3127
f 3130/3130/3130 3129/3129/3129 3127/3127/3127
f 3127/3127/3127 3132/3132/3132 3131/3131/3131
f 3132/3132/3132 3133/3133/3133 3131/3131/3131
f 3131/3131/3131 3135/3135/3135 3134/3134/3134
f 3135/3135/3135 3136/3136/3136 3134/3134/3134
f 3139/3139/3139 3138/3138/3138 3137/3137/3137
f 3140/3140/3140 3139/3139/3139 3137/3137/3137
f 3143/3143/3143 3142/3142/3142 3141/3141/3141
f 3144/3144/3144 3143/3143/3143 3141/3141/3141
f 3147/3147/3147 3146/3146/3146 3145/3145/3145
f 3148/3148/3148 3147/3147/3147 3145/3145/3145
f 3151/3151/3151 3150/3150/3150 3149/3149/3149
f 3152/3152/3152 3151/3151/3151 3149/3149/3149
f 3155/3155/3155 3154/3154/3154 3153/3153/3153
f 3156/3156/3156 3155/3155/3155 3153/3153/3153
f 3159/3159/3159 3158/3158/3158 3157/3157/3157
f 3160/3160/3160 3159/3159/3159 3157/3157/3157
f 3163/3163/3163 3162/3162/3162 3161/3161/3161
f 3164/3164/3164 3163/3163/3163 3161/3161/3161
f 3167/3167/3167 3166/3166/3166 3165/3165/3165
f 3168/3168/3168 3167/3167/3167 3165/3165/3165
f 3171/3171/3171 3170/3170/3170 3169/3169/3169
f 3172/3172/3172 3171/3171/3171 3169/3169/3169
f 3175/3175/3175 3174/3174/3174 3173/3173/3173
f 3176/3176/3176 3175/3175/3175 3173/3173/3173
f 3179/3179/3179 3178/3178/3178 3177/3177/3177
f 3180/3180/3180 3179/3179/3179 3177/3177/3177
f 3183/3183/3183 3182/3182/3182 3181/3181/3181
f 3184/3184/3184 3183/3183/3183 3181/3181/3181
f 3187/3187/3187 3186/3186/3186 3185/3185/3185
f 3188/3188/3188 3187/3187/3187 3185/3185/3185
f 3191/3191/3191 3190/3190/3190 3189/3189/3189
f 3192/3192/3192 3191/3191/3191 3189/3189/3189
f 3195/3195/3195 3194/3194/3194 3193/3193/3193
f 3196/3196/3196 3195/3195/3195 3193/3193/3193
f 3199/3199/3199 3198/3198/3198 3197/3197/3197
f 3200/3200/3200 3199/3199/3199 3197/3197/3197
f 3202/3202/3202 3201/3201/3201 3197/3197/3197
f 3203/3203/3203 3202/3202/3202 3197/3197/3197
f 3200/3200/3200 3205/3205/3205 3204/3204/3204
f 3205/3205/3205 3206/3206/3206 3204/3204/3204
f 3204/3204/3204 3207/3207/3207 3203/3203/3203
f 3207/3207/3207 3208/3208/3208 3203/3203/3203
f 3207/3207/3207 3209/3209/3209 3208/3208/3208
f 3209/3209/3209 3210/3210/3210 3208/3208/3208
f 3209/3209/3209 3211/3211/3211 3210/3210/3210
f 3211/3211/3211 3212/3212/3212 3210/3210/3210
f 3215/3215/3215 3214/3214/3214 3213/3213/3213
f 3216/3216/3216 3215/3215/3215 3213/3213/3213
f 3219/3219/3219 3218/3218/3218 3217/3217/3217
f 3220/3220/3220 3219/3219/3219 3217/3217/3217
f 3222/3222/3222 3221/3221/3221 3217/3217/3217
f 3223/3223/3223 3222/3222/3222 3217/3217/3217
f 3220/3220/3220 3225/3225/3225 3224/3224/3224
f 3225/3225/3225 3226/3226/3226 3224/3224/3224
f 3224/3224/3224 3227/3227/3227 3223/3223/3223
f 3227/3227/3227 3228/3228/3228 3223/3223/3223
f 3227/3227/3227 3229/3229/3229 3228/3228/3228
f 3229/3229/3229 3230/3230/3230 3228/3228/3228
f 3229/3229/3229 3231/3231/3231 3230/3230/3230
f 3231/3231/3231 3232/3232/3232 3230/3230/3230
f 3235/3235/3235 3234/3234/3234 3233/3233/3233
f 3236/3236/3236 3235/3235/3235 3233/3233/3233
f 3239/3239/3239 3238/3238/3238 3237/3237/3237
f 3240/3240/3240 3239/3239/3239 3237/3237/3237
f 3243/3243/3243 3242/3242/3242 3241/3241/3241
f 3244/3244/3244 3243/3243/3243 3241/3241/3241
f 3247/3247/3247 3246/3246/3246 3245/3245/3245
f 3248/3248/3248 3247/3247/3247 3245/3245/3245
f 3251/3251/3251 3250/3250/3250 3249/3249/3249
f 3252/3252/3252 3251/3251/3251 3249/3249/3249
f 3255/3255/3255 3254/3254/3254 3253/3253/3253
f 3256/3256/3256 3255/3255/3255 3253/3253/3253
f 3259/3259/3259 3258/3258/3258 3257/3257/3257
f 3260/3260/3260 3259/3259/3259 3257/3257/3257
f 3263/3263/3263 3262/3262/3262 3261/3261/3261
f 3264/3264/3264 3263/3263/3263 3261/3261/3261
f 3265/3265/3265 3264/3264/3264 3261/3261/3261
f 3266/3266/3266 3265/3265/3265 3261/3261/3261
f 3261/3261/3261 3267/3267/3267 3266/3266/3266
f 3267/3267/3267 3268/3268/3268 3266/3266/3266
f 3266/3266/3266 3269/3269/3269 3265/3265/3265
f 3269/3269/3269 3270/3270/3270 3265/3265/3265
f 3273/3273/3273 3272/3272/3272 3271/3271/3271
f 3274/3274/3274 3273/3273/3273 3271/3271/3271
f 3277/3277/3277 3276/3276/3276 3275/3275/3275
f 3278/3278/3278 3277/3277/3277 3275/3275/3275
f 3278/3278/3278 3275/3275/3275 3279/3279/3279
f 3275/3275/3275 3280/3280/3280 3279/3279/3279
f 3280/3280/3280 3281/3281/3281 3279/3279/3279
f 3281/3281/3281 3282/3282/3282 3279/3279/3279
f 3279/3279/3279 3283/3283/3283 3278/3278/3278
f 3283/3283/3283 3284/3284/3284 3278/3278/3278
f 3287/3287/3287 3286/3286/3286 3285/3285/3285
f 3288/3288/3288 3287/3287/3287 3285/3285/3285
f 3291/3291/3291 3290/3290/3290 3289/3289/3289
f 3292/3292/3292 3291/3291/3291 3289/3289/3289
f 3295/3295/3295 3294/3294/3294 3293/3293/3293
f 3296/3296/3296 3295/3295/3295 3293/3293/3293
f 3299/3299/3299 3298/3298/3298 3297/3297/3297
f 3300/3300/3300 3299/3299/3299 3297/3297/3297
f 3303/3303/3303 3302/3302/3302 3301/3301/3301
f 3304/3304/3304 3303/3303/3303 3301/3301/3301
f 3307/3307/3307 3306/3306/3306 3305/3305/3305
f 3308/3308/3308 3307/3307/3307 3305/3305/3305
f 3311/3311/3311 3310/3310/3310 3309/3309/3309
f 3312/3312/3312 3311/3311/3311 3309/3309/3309
f 3315/3315/3315 3314/3314/3314 3313/3313/3313
f 3316/3316/3316 3315/3315/3315 3313/3313/3313
f 3319/3319/3319 3318/3318/3318 3317/3317/3317
f 3320/3320/3320 3319/3319/3319 3317/3317/3317
f 3323/3323/3323 3322/3322/3322 3321/3321/3321
f 3324/3324/3324 3323/3323/3323 3321/3321/3321
f 3327/3327/3327 3326/3326/3326 3325/3325/3325
f 3328/3328/3328 3327/3327/3327 3325/3325/3325
f 3331/3331/3331 3330/3330/3330 3329/3329/3329
f 3332/3332/3332 3331/3331/3331 3329/3329/3329
f 3335/3335/3335 3334/3334/3334 3333/3333/3333
f 3336/3336/3336 3335/3335/3335 3333/3333/3333
f 3339/3339/3339 3338/3338/3338 3337/3337/3337
f 3340/3340/3340 3339/3339/3339 3337/3337/3337
f 3343/3343/3343 3342/3342/3342 3341/3341/3341
f 3344/3344/3344 3343/3343/3343 3341/3341/3341
f 3347/3347/3347 3346/3346/3346 3345/3345/3345
f 3348/3348/3348 3347/3347/3347 3345/3345/3345
f 3350/3350/3350 3349/3349/3349 3348/3348/3348
f 3351/3351/3351 3350/3350/3350 3348/3348/3348
f 3354/3354/3354 3353/3353/3353 3352/3352/3352
f 3355/3355/3355 3354/3354/3354 3352/3352/3352
f 3358/3358/3358 3357/3357/3357 3356/3356/3356
f 3359/3359/3359 3358/3358/3358 3356/3356/3356
f 3356/3356/3356 3361/3361/3361 3360/3360/3360
f 3361/3361/3361 3362/3362/3362 3360/3360/3360
f 3365/3365/3365 3364/3364/3364 3363/3363/3363
f 3366/3366/3366 3365/3365/3365 3363/3363/3363
f 3369/3369/3369 3368/3368/3368 3367/3367/3367
f 3370/3370/3370 3369/3369/3369 3367/3367/3367
f 3373/3373/3373 3372/3372/3372 3371/3371/3371
f 3374/3374/3374 3373/3373/3373 3371/3371/3371
f 3377/3377/3377 3376/3376/3376 3375/3375/3375
f 3378/3378/3378 3377/3377/3377 3375/3375/3375
f 3381/3381/3381 3380/3380/3380 3379/3379/3379
f 3382/3382/3382 3381/3381/3381 3379/3379/3379
f 3385/3385/3385 3384/3384/3384 3383/3383/3383
f 3386/3386/3386 3385/3385/3385 3383/3383/3383
f 3389/3389/3389 3388/3388/3388 3387/3387/3387
f 3390/3390/3390 3389/3389/3389 3387/3387/3387
f 3393/3393/3393 3392/3392/3392 3391/3391/3391
f 3394/3394/3394 3393/3393/3393 3391/3391/3391
f 3397/3397/3397 3396/3396/3396 3395/3395/3395
f 3398/3398/3398 3397/3397/3397 3395/3395/3395
f 3401/3401/3401 3400/3400/3400 3399/3399/3399
f 3402/3402/3402 3401/3401/3401 3399/3399/3399
f 3405/3405/3405 3404/3404/3404 3403/3403/3403
f 3406/3406/3406 3405/3405/3405 3403/3403/3403
f 3409/3409/3409 3408/3408/3408 3407/3407/3407
f 3410/3410/3410 3409/3409/3409 3407/3407/3407
f 3413/3413/3413 3412/3412/3412 3411/3411/3411
f 3414/3414/3414 3413/3413/3413 3411/3411/3411
f 3417/3417/3417 3416/3416/3416 3415/3415/3415
f 3418/3418/3418 3417/3417/3417 3415/3415/3415
f 3421/3421/3421 3420/3420/3420 3419/3419/3419
f 3422/3422/3422 3421/3421/3421 3419/3419/3419
f 3425/3425/3425 3424/3424/3424 3423/3423/3423
f 3426/3426/3426 3425/3425/3425 3423/3423/3423
f 3429/3429/3429 3428/3428/3428 3427/3427/3427
f 3430/3430/3430 3429/3429/3429 3427/3427/3427
f 3433/3433/3433 3432/3432/3432 3431/3431/3431
f 3434/3434/3434 3433/3433/3433 3431/3431/3431
f 3437/3437/3437 3436/3436/3436 3435/3435/3435
f 3438/3438/3438 3437/3437/3437 3435/3435/3435
f 3441/3441/3441 3440/3440/3440 3439/3439/3439
f 3442/3442/3442 3441/3441/3441 3439/3439/3439
f 3445/3445/3445 3444/3444/3444 3443/3443/3443
f 3446/3446/3446 3445/3445/3445 3443/3443/3443
f 3449/3449/3449 3448/3448/3448 3447/3447/3447
f 3450/3450/3450 3449/3449/3449 3447/3447/3447
f 3453/3453/3453 3452/3452/3452 3451/3451/3451
f 3454/3454/3454 3453/3453/3453 3451/3451/3451
f 3457/3457/3457 3456/3456/3456 3455/3455/3455
f 3458/3458/3458 3457/3457/3457 3455/3455/3455
f 3461/3461/3461 3460/3460/3460 3459/3459/3459
f 3462/3462/3462 3461/3461/3461 3459/3459/3459
f 3465/3465/3465 3464/3464/3464 3463/3463/3463
f 3466/3466/3466 3465/3465/3465 3463/3463/3463
f 3469/3469/3469 3468/3468/3468 3467/3467/3467
f 3470/3470/3470 3469/3469/3469 3467/3467/3467
f 3473/3473/3473 3472/3472/3472 3471/3471/3471
f 3474/3474/3474 3473/3473/3473 3471/3471/3471
f 3477/3477/3477 3476/3476/3476 3475/3475/3475
f 3478/3478/3478 3477/3477/3477 3475/3475/3475
f 3481/3481/3481 3480/3480/3480 3479/3479/3479
f 3482/3482/3482 3481/3481/3481 3479/3479/3479
f 3485/3485/3485 3484/3484/3484 3483/3483/3483
f 3486/3486/3486 3485/3485/3485 3483/3483/3483
f 3489/3489/3489 3488/3488/3488 3487/3487/3487
f 3490/3490/3490 3489/3489/3489 3487/3487/3487
f 3493/3493/3493 3492/3492/3492 3491/3491/3491
f 3494/3494/3494 3493/3493/3493 3491/3491/3491
f 3497/3497/3497 3496/3496/3496 3495/3495/3495
f 3498/3498/3498 3497/3497/3497 3495/3495/3495
f 3501/3501/3501 3500/3500/3500 3499/3499/3499
f 3502/3502/3502 3501/3501/3501 3499/3499/3499
f 3505/3505/3505 3504/3504/3504 3503/3503/3503
f 3506/3506/3506 3505/3505/3505 3503/3503/3503
f 3509/3509/3509 3508/3508/3508 3507/3507/3507
f 3510/3510/3510 3509/3509/3509 3507/3507/3507
f 3513/3513/3513 3512/3512/3512 3511/3511/3511
f 3514/3514/3514 3513/3513/3513 3511/3511/3511
f 3517/3517/3517 3516/3516/3516 3515/3515/3515
f 3518/3518/3518 3517/3517/3517 3515/3515/3515
f 3521/3521/3521 3520/3520/3520 3519/3519/3519
f 3522/3522/3522 3521/3521/3521 3519/3519/3519
f 3525/3525/3525 3524/3524/3524 3523/3523/3523
f 3526/3526/3526 3525/3525/3525 3523/3523/3523
f 3529/3529/3529 3528/3528/3528 3527/3527/3527
f 3530/3530/3530 3529/3529/3529 3527/3527/3527
f 3533/3533/3533 3532/3532/3532 3531/3531/3531
f 3534/3534/3534 3533/3533/3533 3531/3531/3531
f 3537/3537/3537 3536/3536/3536 3535/3535/3535
f 3538/3538/3538 3537/3537/3537 3535/3535/3535
f 3541/3541/3541 3540/3540/3540 3539/3539/3539
f 3542/3542/3542 3541/3541/3541 3539/3539/3539
f 3545/3545/3545 3544/3544/3544 3543/3543/3543
f 3546/3546/3546 3545/3545/3545 3543/3543/3543
f 3549/3549/3549 3548/3548/3548 3547/3547/3547
f 3550/3550/3550 3549/3549/3549 3547/3547/3547
f 3553/3553/3553 3552/3552/3552 3551/3551/3551
f 3554/3554/3554 3553/3553/3553 3551/3551/3551
f 3556/3556/3556 3555/3555/3555 3551/3551/3551
f 3557/3557/3557 3556/3556/3556 3551/3551/3551
f 3554/3554/3554 3559/3559/3559 3558/3558/3558
f 3559/3559/3559 3560/3560/3560 3558/3558/3558
f 3558/3558/3558 3561/3561/3561 3557/3557/3557
f 3561/3561/3561 3562/3562/3562 3557/3557/3557
f 3561/3561/3561 3563/3563/3563 3562/3562/3562
f 3563/3563/3563 3564/3564/3564 3562/3562/3562
f 3563/3563/3563 3565/3565/3565 3564/3564/3564
f 3565/3565/3565 3566/3566/3566 3564/3564/3564
f 3569/3569/3569 3568/3568/3568 3567/3567/3567
f 3570/3570/3570 3569/3569/3569 3567/3567/3567
f 3573/3573/3573 3572/3572/3572 3571/3571/3571
f 3574/3574/3574 3573/3573/3573 3571/3571/3571
f 3576/3576/3576 3575/3575/3575 3571/3571/3571
f 3577/3577/3577 3576/3576/3576 3571/3571/3571
f 3574/3574/3574 3579/3579/3579 3578/3578/3578
f 3579/3579/3579 3580/3580/3580 3578/3578/3578
f 3578/3578/3578 3581/3581/3581 3577/3577/3577
f 3581/3581/3581 3582/3582/3582 3577/3577/3577
f 3581/3581/3581 3583/3583/3583 3582/3582/3582
f 3583/3583/3583 3584/3584/3584 3582/3582/3582
f 3583/3583/3583 3585/3585/3585 3584/3584/3584
f 3585/3585/3585 3586/3586/3586 3584/3584/3584
f 3589/3589/3589 3588/3588/3588 3587/3587/3587
f 3590/3590/3590 3589/3589/3589 3587/3587/3587
f 3593/3593/3593 3592/3592/3592 3591/3591/3591
f 3594/3594/3594 3593/3593/3593 3591/3591/3591
f 3597/3597/3597 3596/3596/3596 3595/3595/3595
f 3598/3598/3598 3597/3597/3597 3595/3595/3595
f 3601/3601/3601 3600/3600/3600 3599/3599/3599
f 3602/3602/3602 3601/3601/3601 3599/3599/3599
f 3605/3605/3605 3604/3604/3604 3603/3603/3603
f 3606/3606/3606 3605/3605/3605 3603/3603/3603
f 3609/3609/3609 3608/3608/3608 3607/3607/3607
f 3610/3610/3610 3609/3609/3609 3607/3607/3607
f 3613/3613/3613 3612/3612/3612 3611/3611/3611
f 3614/3614/3614 3613/3613/3613 3611/3611/3611
f 3617/3617/3617 3616/3616/3616 3615/3615/3615
f 3618/3618/3618 3617/3617/3617 3615/3615/3615
f 3619/3619/3619 3618/3618/3618 3615/3615/3615
f 3620/3620/3620 3619/3619/3619 3615/3615/3615
f 3615/3615/3615 3621/3621/3621 3620/3620/3620
f 3621/3621/3621 3622/3622/3622 3620/3620/3620
f 3620/3620/3620 3623/3623/3623 3619/3619/3619
f 3623/3623/3623 3624/3624/3624 3619/3619/3619
f 3627/3627/3627 3626/3626/3626 3625/3625/3625
f 3628/3628/3628 3627/3627/3627 3625/3625/3625
f 3631/3631/3631 3630/3630/3630 3629/3629/3629
f 3632/3632/3632 3631/3631/3631 3629/3629/3629
f 3632/3632/3632 3629/3629/3629 3633/3633/3633
f 3629/3629/3629 3634/3634/3634 3633/3633/3633
f 3634/3634/3634 3635/3635/3635 3633/3633/3633
f 3635/3635/3635 3636/3636/3636 3633/3633/3633
f 3633/3633/3633 3637/3637/3637 3632/3632/3632
f 3637/3637/3637 3638/3638/3638 3632/3632/3632
f 3641/3641/3641 3640/3640/3640 3639/3639/3639
f 3642/3642/3642 3641/3641/3641 3639/3639/3639
f 3645/3645/3645 3644/3644/3644 3643/3643/3643
f 3646/3646/3646 3645/3645/3645 3643/3643/3643
f 3649/3649/3649 3648/3648/3648 3647/3647/3647
f 3650/3650/3650 3649/3649/3649 3647/3647/3647
f 3653/3653/3653 3652/3652/3652 3651/3651/3651
f 3654/3654/3654 3653/3653/3653 3651/3651/3651
f 3657/3657/3657 3656/3656/3656 3655/3655/3655
f 3658/3658/3658 3657/3657/3657 3655/3655/3655
f 3661/3661/3661 3660/3660/3660 3659/3659/3659
f 3662/3662/3662 3661/3661/3661 3659/3659/3659
f 3665/3665/3665 3664/3664/3664 3663/3663/3663
f 3666/3666/3666 3665/3665/3665 3663/3663/3663
f 3669/3669/3669 3668/3668/3668 3667/3667/3667
f 3670/3670/3670 3669/3669/3669 3667/3667/3667
f 3672/3672/3672 3671/3671/3671 3670/3670/3670
f 3673/3673/3673 3672/3672/3672 3670/3670/3670
f 3675/3675/3675 3674/3674/3674 3673/3673/3673
f 3676/3676/3676 3675/3675/3675 3673/3673/3673
f 3679/3679/3679 3678/3678/3678 3677/3677/3677
f 3680/3680/3680 3679/3679/3679 3677/3677/3677
f 3683/3683/3683 3682/3682/3682 3681/3681/3681
f 3684/3684/3684 3683/3683/3683 3681/3681/3681
f 3681/3681/3681 3686/3686/3686 3685/3685/3685
f 3686/3686/3686 3687/3687/3687 3685/3685/3685
f 3685/3685/3685 3689/3689/3689 3688/3688/3688
f 3689/3689/3689 3690/3690/3690 3688/3688/3688
f 3693/3693/3693 3692/3692/3692 3691/3691/3691
f 3694/3694/3694 3693/3693/3693 3691/3691/3691
f 3697/3697/3697 3696/3696/3696 3695/3695/3695
f 3698/3698/3698 3697/3697/3697 3695/3695/3695
f 3700/3700/3700 3699/3699/3699 3698/3698/3698
f 3701/3701/3701 3700/3700/3700 3698/3698/3698
f 3703/3703/3703 3702/3702/3702 3701/3701/3701
f 3704/3704/3704 3703/3703/3703 3701/3701/3701
f 3707/3707/3707 3706/3706/3706 3705/3705/3705
f 3708/3708/3708 3707/3707/3707 3705/3705/3705
f 3711/3711/3711 3710/3710/3710 3709/3709/3709
f 3712/3712/3712 3711/3711/3711 3709/3709/3709
f 3709/3709/3709 3714/3714/3714 3713/3713/3713
f 3714/3714/3714 3715/3715/3715 3713/3713/3713
f 3713/3713/3713 3717/3717/3717 3716/3716/3716
f 3717/3717/3717 3718/3718/3718 3716/3716/3716
f 3721/3721/3721 3720/3720/3720 3719/3719/3719
f 3722/3722/3722 3721/3721/3721 3719/3719/3719
f 3725/3725/3725 3724/3724/3724 3723/3723/3723
f 3726/3726/3726 3725/3725/3725 3723/3723/3723
f 3729/3729/3729 3728/3728/3728 3727/3727/3727
f 3730/3730/3730 3729/3729/3729 3727/3727/3727
f 3733/3733/3733 3732/3732/3732 3731/3731/3731
f 3734/3734/3734 3733/3733/3733 3731/3731/3731
f 3737/3737/3737 3736/3736/3736 3735/3735/3735
f 3738/3738/3738 3737/3737/3737 3735/3735/3735
f 3741/3741/3741 3740/3740/3740 3739/3739/3739
f 3742/3742/3742 3741/3741/3741 3739/3739/3739
f 3745/3745/3745 3744/3744/3744 3743/3743/3743
f 3746/3746/3746 3745/3745/3745 3743/3743/3743
f 3749/3749/3749 3748/3748/3748 3747/3747/3747
f 3750/3750/3750 3749/3749/3749 3747/3747/3747
f 3753/3753/3753 3752/3752/3752 3751/3751/3751
f 3754/3754/3754 3753/3753/3753 3751/3751/3751
f 3757/3757/3757 3756/3756/3756 3755/3755/3755
f 3758/3758/3758 3757/3757/3757 3755/3755/3755
f 3761/3761/3761 3760/3760/3760 3759/3759/3759
f 3762/3762/3762 3761/3761/3761 3759/3759/3759
f 3765/3765/3765 3764/3764/3764 3763/3763/3763
f 3766/3766/3766 3765/3765/3765 3763/3763/3763
f 3769/3769/3769 3768/3768/3768 3767/3767/3767
f 3770/3770/3770 3769/3769/3769 3767/3767/3767
f 3773/3773/3773 3772/3772/3772 3771/3771/3771
f 3774/3774/3774 3773/3773/3773 3771/3771/3771
f 3777/3777/3777 3776/3776/3776 3775/3775/3775
f 3778/3778/3778 3777/3777/3777 3775/3775/3775
f 3781/3781/3781 3780/3780/3780 3779/3779/3779
f 3782/3782/3782 3781/3781/3781 3779/3779/3779
f 3785/3785/3785 3784/3784/3784 3783/3783/3783
f 3786/3786/3786 3785/3785/3785 3783/3783/3783
f 3789/3789/3789 3788/3788/3788 3787/3787/3787
f 3788/3788/3788 3790/3790/3790 3787/3787/3787
f 3788/3788/3788 3791/3791/3791 3790/3790/3790
f 3791/3791/3791 3792/3792/3792 3790/3790/3790
f 3791/3791/3791 3793/3793/3793 3792/3792/3792
f 3793/3793/3793 3794/3794/3794 3792/3792/3792
f 3797/3797/3797 3796/3796/3796 3795/3795/3795
f 3798/3798/3798 3797/3797/3797 3795/3795/3795
f 3801/3801/3801 3800/3800/3800 3799/3799/3799
f 3800/3800/3800 3802/3802/3802 3799/3799/3799
f 3800/3800/3800 3803/3803/3803 3802/3802/3802
f 3803/3803/3803 3804/3804/3804 3802/3802/3802
f 3803/3803/3803 3805/3805/3805 3804/3804/3804
f 3805/3805/3805 3806/3806/3806 3804/3804/3804
f 3809/3809/3809 3808/3808/3808 3807/3807/3807
f 3810/3810/3810 3809/3809/3809 3807/3807/3807
f 3813/3813/3813 3812/3812/3812 3811/3811/3811
f 3814/3814/3814 3813/3813/3813 3811/3811/3811
f 3817/3817/3817 3816/3816/3816 3815/3815/3815
f 3818/3818/3818 3817/3817/3817 3815/3815/3815
f 3821/3821/3821 3820/3820/3820 3819/3819/3819
f 3822/3822/3822 3821/3821/3821 3819/3819/3819
f 3825/3825/3825 3824/3824/3824 3823/3823/3823
f 3826/3826/3826 3825/3825/3825 3823/3823/3823
f 3829/3829/3829 3828/3828/3828 3827/3827/3827
f 3830/3830/3830 3829/3829/3829 3827/3827/3827
f 3831/3831/3831 3830/3830/3830 3827/3827/3827
f 3832/3832/3832 3831/3831/3831 3827/3827/3827
f 3827/3827/3827 3833/3833/3833 3832/3832/3832
f 3833/3833/3833 3834/3834/3834 3832/3832/3832
f 3832/3832/3832 3835/3835/3835 3831/3831/3831
f 3835/3835/3835 3836/3836/3836 3831/3831/3831
f 3839/3839/3839 3838/3838/3838 3837/3837/3837
f 3840/3840/3840 3839/3839/3839 3837/3837/3837
f 3843/3843/3843 3842/3842/3842 3841/3841/3841
f 3844/3844/3844 3843/3843/3843 3841/3841/3841
f 3844/3844/3844 3841/3841/3841 3845/3845/3845
f 3841/3841/3841 3846/3846/3846 3845/3845/3845
f 3846/3846/3846 3847/3847/3847 3845/3845/3845
f 3847/3847/3847 3848/3848/3848 3845/3845/3845
f 3845/3845/3845 3849/3849/3849 3844/3844/3844
f 3849/3849/3849 3850/3850/3850 3844/3844/3844
f 3853/3853/3853 3852/3852/3852 3851/3851/3851
f 3854/3854/3854 3853/3853/3853 3851/3851/3851
f 3857/3857/3857 3856/3856/3856 3855/3855/3855
f 3858/3858/3858 3857/3857/3857 3855/3855/3855
f 3861/3861/3861 3860/3860/3860 3859/3859/3859
f 3862/3862/3862 3861/3861/3861 3859/3859/3859
f 3865/3865/3865 3864/3864/3864 3863/3863/3863
f 3866/3866/3866 3865/3865/3865 3863/3863/3863
f 3867/3867/3867 3866/3866/3866 3863/3863/3863
f 3868/3868/3868 3867/3867/3867 3863/3863/3863
f 3868/3868/3868 3869/3869/3869 3867/3867/3867
f 3869/3869/3869 3870/3870/3870 3867/3867/3867
f 3873/3873/3873 3872/3872/3872 3871/3871/3871
f 3874/3874/3874 3873/3873/3873 3871/3871/3871
f 3877/3877/3877 3876/3876/3876 3875/3875/3875
f 3878/3878/3878 3877/3877/3877 3875/3875/3875
f 3878/3878/3878 3875/3875/3875 3879/3879/3879
f 3875/3875/3875 3880/3880/3880 3879/3879/3879
f 3880/3880/3880 3881/3881/3881 3879/3879/3879
f 3881/3881/3881 3882/3882/3882 3879/3879/3879
f 3885/3885/3885 3884/3884/3884 3883/3883/3883
f 3886/3886/3886 3885/3885/3885 3883/3883/3883
f 3889/3889/3889 3888/3888/3888 3887/3887/3887
f 3890/3890/3890 3889/3889/3889 3887/3887/3887
f 3893/3893/3893 3892/3892/3892 3891/3891/3891
f 3894/3894/3894 3893/3893/3893 3891/3891/3891
f 3897/3897/3897 3896/3896/3896 3895/3895/3895
f 3898/3898/3898 3897/3897/3897 3895/3895/3895
f 3900/3900/3900 3899/3899/3899 3898/3898/3898
f 3901/3901/3901 3900/3900/3900 3898/3898/3898
f 3903/3903/3903 3902/3902/3902 3901/3901/3901
f 3904/3904/3904 3903/3903/3903 3901/3901/3901
f 3907/3907/3907 3906/3906/3906 3905/3905/3905
f 3908/3908/3908 3907/3907/3907 3905/3905/3905
f 3911/3911/3911 3910/3910/3910 3909/3909/3909
f 3912/3912/3912 3911/3911/3911 3909/3909/3909
f 3909/3909/3909 3914/3914/3914 3913/3913/3913
f 3914/3914/3914 3915/3915/3915 3913/3913/3913
f 3913/3913/3913 3917/3917/3917 3916/3916/3916
f 3917/3917/3917 3918/3918/3918 3916/3916/3916
f 3921/3921/3921 3920/3920/3920 3919/3919/3919
f 3922/3922/3922 3921/3921/3921 3919/3919/3919
f 3925/3925/3925 3924/3924/3924 3923/3923/3923
f 3926/3926/3926 3925/3925/3925 3923/3923/3923
f 3928/3928/3928 3927/3927/3927 3926/3926/3926
f 3929/3929/3929 3928/3928/3928 3926/3926/3926
f 3931/3931/3931 3930/3930/3930 3929/3929/3929
f 3932/3932/3932 3931/3931/3931 3929/3929/3929
f 3935/3935/3935 3934/3934/3934 3933/3933/3933
f 3936/3936/3936 3935/3935/3935 3933/3933/3933
f 3939/3939/3939 3938/3938/3938 3937/3937/3937
f 3940/3940/3940 3939/3939/3939 3937/3937/3937
f 3937/3937/3937 3942/3942/3942 3941/3941/3941
f 3942/3942/3942 3943/3943/3943 3941/3941/3941
f 3941/3941/3941 3945/3945/3945 3944/3944/3944
f 3945/3945/3945 3946/3946/3946 3944/3944/3944
f 3949/3949/3949 3948/3948/3948 3947/3947/3947
f 3950/3950/3950 3949/3949/3949 3947/3947/3947
f 3953/3953/3953 3952/3952/3952 3951/3951/3951
f 3954/3954/3954 3953/3953/3953 3951/3951/3951
f 3957/3957/3957 3956/3956/3956 3955/3955/3955
f 3958/3958/3958 3957/3957/3957 3955/3955/3955
f 3961/3961/3961 3960/3960/3960 3959/3959/3959
f 3962/3962/3962 3961/3961/3961 3959/3959/3959
f 3965/3965/3965 3964/3964/3964 3963/3963/3963
f 3966/3966/3966 3965/3965/3965 3963/3963/3963
f 3969/3969/3969 3968/3968/3968 3967/3967/3967
f 3970/3970/3970 3969/3969/3969 3967/3967/3967
f 3973/3973/3973 3972/3972/3972 3971/3971/3971
f 3974/3974/3974 3973/3973/3973 3971/3971/3971
f 3977/3977/3977 3976/3976/3976 3975/3975/3975
f 3978/3978/3978 3977/3977/3977 3975/3975/3975
f 3981/3981/3981 3980/3980/3980 3979/3979/3979
f 3982/3982/3982 3981/3981/3981 3979/3979/3979
f 3985/3985/3985 3984/3984/3984 3983/3983/3983
f 3986/3986/3986 3985/3985/3985 3983/3983/3983
f 3989/3989/3989 3988/3988/3988 3987/3987/3987
f 3990/3990/3990 3989/3989/3989 3987/3987/3987
f 3993/3993/3993 3992/3992/3992 3991/3991/3991
f 3994/3994/3994 3993/3993/3993 3991/3991/3991
f 3997/3997/3997 3996/3996/3996 3995/3995/3995
f 3998/3998/3998 3997/3997/3997 3995/3995/3995
f 4001/4001/4001 4000/4000/4000 3999/3999/3999
f 4002/4002/4002 4001/4001/4001 3999/3999/3999
f 4005/4005/4005 4004/4004/4004 4003/4003/4003
f 4006/4006/4006 4005/4005/4005 4003/4003/4003
f 4009/4009/4009 4008/4008/4008 4007/4007/4007
f 4010/4010/4010 4009/4009/4009 4007/4007/4007
f 4012/4012/4012 4011/4011/4011 4007/4007/4007
f 4013/4013/4013 4012/4012/4012 4007/4007/4007
f 4010/4010/4010 4015/4015/4015 4014/4014/4014
f 4015/4015/4015 4016/4016/4016 4014/4014/4014
f 4014/4014/4014 4017/4017/4017 4013/4013/4013
f 4017/4017/4017 4018/4018/4018 4013/4013/4013
f 4017/4017/4017 4019/4019/4019 4018/4018/4018
f 4019/4019/4019 4020/4020/4020 4018/4018/4018
f 4019/4019/4019 4021/4021/4021 4020/4020/4020
f 4021/4021/4021 4022/4022/4022 4020/4020/4020
f 4025/4025/4025 4024/4024/4024 4023/4023/4023
f 4026/4026/4026 4025/4025/4025 4023/4023/4023
f 4029/4029/4029 4028/4028/4028 4027/4027/4027
f 4030/4030/4030 4029/4029/4029 4027/4027/4027
f 4032/4032/4032 4031/4031/4031 4027/4027/4027
f 4033/4033/4033 4032/4032/4032 4027/4027/4027
f 4030/4030/4030 4035/4035/4035 4034/4034/4034
f 4035/4035/4035 4036/4036/4036 4034/4034/4034
f 4034/4034/4034 4037/4037/4037 4033/4033/4033
f 4037/4037/4037 4038/4038/4038 4033/4033/4033
f 4037/4037/4037 4039/4039/4039 4038/4038/4038
f 4039/4039/4039 4040/4040/4040 4038/4038/4038
f 4039/4039/4039 4041/4041/4041 4040/4040/4040
f 4041/4041/4041 4042/4042/4042 4040/4040/4040
f 4045/4045/4045 4044/4044/4044 4043/4043/4043
f 4046/4046/4046 4045/4045/4045 4043/4043/4043
f 4049/4049/4049 4048/4048/4048 4047/4047/4047
f 4050/4050/4050 4049/4049/4049 4047/4047/4047
f 4053/4053/4053 4052/4052/4052 4051/4051/4051
f 4054/4054/4054 4053/4053/4053 4051/4051/4051
f 4057/4057/4057 4056/4056/4056 4055/4055/4055
f 4058/4058/4058 4057/4057/4057 4055/4055/4055
f 4061/4061/4061 4060/4060/4060 4059/4059/4059
f 4062/4062/4062 4061/4061/4061 4059/4059/4059
f 4065/4065/4065 4064/4064/4064 4063/4063/4063
f 4066/4066/4066 4065/4065/4065 4063/4063/4063
f 4069/4069/4069 4068/4068/4068 4067/4067/4067
f 4070/4070/4070 4069/4069/4069 4067/4067/4067
f 4073/4073/4073 4072/4072/4072 4071/4071/4071
f 4074/4074/4074 4073/4073/4073 4071/4071/4071
f 4075/4075/4075 4074/4074/4074 4071/4071/4071
f 4076/4076/4076 4075/4075/4075 4071/4071/4071
f 4071/4071/4071 4077/4077/4077 4076/4076/4076
f 4077/4077/4077 4078/4078/4078 4076/4076/4076
f 4076/4076/4076 4079/4079/4079 4075/4075/4075
f 4079/4079/4079 4080/4080/4080 4075/4075/4075
f 4083/4083/4083 4082/4082/4082 4081/4081/4081
f 4084/4084/4084 4083/4083/4083 4081/4081/4081
f 4087/4087/4087 4086/4086/4086 4085/4085/4085
f 4088/4088/4088 4087/4087/4087 4085/4085/4085
f 4088/4088/4088 4085/4085/4085 4089/4089/4089
f 4085/4085/4085 4090/4090/4090 4089/4089/4089
f 4090/4090/4090 4091/4091/4091 4089/4089/4089
f 4091/4091/4091 4092/4092/4092 4089/4089/4089
f 4089/4089/4089 4093/4093/4093 4088/4088/4088
f 4093/4093/4093 4094/4094/4094 4088/4088/4088
f 4097/4097/4097 4096/4096/4096 4095/4095/4095
f 4098/4098/4098 4097/4097/4097 4095/4095/4095
f 4101/4101/4101 4100/4100/4100 4099/4099/4099
f 4102/4102/4102 4101/4101/4101 4099/4099/4099
f 4105/4105/4105 4104/4104/4104 4103/4103/4103
f 4106/4106/4106 4105/4105/4105 4103/4103/4103
f 4109/4109/4109 4108/4108/4108 4107/4107/4107
f 4110/4110/4110 4109/4109/4109 4107/4107/4107
f 4113/4113/4113 4112/4112/4112 4111/4111/4111
f 4114/4114/4114 4113/4113/4113 4111/4111/4111
f 4117/4117/4117 4116/4116/4116 4115/4115/4115
f 4118/4118/4118 4117/4117/4117 4115/4115/4115
f 4121/4121/4121 4120/4120/4120 4119/4119/4119
f 4122/4122/4122 4121/4121/4121 4119/4119/4119
f 4125/4125/4125 4124/4124/4124 4123/4123/4123
f 4126/4126/4126 4125/4125/4125 4123/4123/4123
f 4129/4129/4129 4128/4128/4128 4127/4127/4127
f 4130/4130/4130 4129/4129/4129 4127/4127/4127
f 4133/4133/4133 4132/4132/4132 4131/4131/4131
f 4134/4134/4134 4133/4133/4133 4131/4131/4131
f 4137/4137/4137 4136/4136/4136 4135/4135/4135
f 4138/4138/4138 4137/4137/4137 4135/4135/4135
f 4141/4141/4141 4140/4140/4140 4139/4139/4139
f 4142/4142/4142 4141/4141/4141 4139/4139/4139
f 4144/4144/4144 4143/4143/4143 4142/4142/4142
f 4145/4145/4145 4144/4144/4144 4142/4142/4142
f 4147/4147/4147 4146/4146/4146 4145/4145/4145
f 4148/4148/4148 4147/4147/4147 4145/4145/4145
f 4151/4151/4151 4150/4150/4150 4149/4149/4149
f 4152/4152/4152 4151/4151/4151 4149/4149/4149
f 4155/4155/4155 4154/4154/4154 4153/4153/4153
f 4156/4156/4156 4155/4155/4155 4153/4153/4153
f 4153/4153/4153 4158/4158/4158 4157/4157/4157
f 4158/4158/4158 4159/4159/4159 4157/4157/4157
f 4157/4157/4157 4161/4161/4161 4160/4160/4160
f 4161/4161/4161 4162/4162/4162 4160/4160/4160
f 4165/4165/4165 4164/4164/4164 4163/4163/4163
f 4166/4166/4166 4165/4165/4165 4163/4163/4163
f 4169/4169/4169 4168/4168/4168 4167/4167/4167
f 4170/4170/4170 4169/4169/4169 4167/4167/4167
f 4172/4172/4172 4171/4171/4171 4170/4170/4170
f 4173/4173/4173 4172/4172/4172 4170/4170/4170
f 4176/4176/4176 4175/4175/4175 4174/4174/4174
f 4177/4177/4177 4176/4176/4176 4174/4174/4174
f 4180/4180/4180 4179/4179/4179 4178/4178/4178
f 4181/4181/4181 4180/4180/4180 4178/4178/4178
f 4178/4178/4178 4183/4183/4183 4182/4182/4182
f 4183/4183/4183 4184/4184/4184 4182/4182/4182
f 4187/4187/4187 4186/4186/4186 4185/4185/4185
f 4188/4188/4188 4187/4187/4187 4185/4185/4185
f 4191/4191/4191 4190/4190/4190 4189/4189/4189
f 4192/4192/4192 4191/4191/4191 4189/4189/4189
f 4195/4195/4195 4194/4194/4194 4193/4193/4193
f 4196/4196/4196 4195/4195/4195 4193/4193/4193
f 4199/4199/4199 4198/4198/4198 4197/4197/4197
f 4200/4200/4200 4199/4199/4199 4197/4197/4197
f 4203/4203/4203 4202/4202/4202 4201/4201/4201
f 4204/4204/4204 4203/4203/4203 4201/4201/4201
f 4207/4207/4207 4206/4206/4206 4205/4205/4205
f 4208/4208/4208 4207/4207/4207 4205/4205/4205
f 4211/4211/4211 4210/4210/4210 4209/4209/4209
f 4212/4212/4212 4211/4211/4211 4209/4209/4209
f 4215/4215/4215 4214/4214/4214 4213/4213/4213
f 4216/4216/4216 4215/4215/4215 4213/4213/4213
f 4219/4219/4219 4218/4218/4218 4217/4217/4217
f 4218/4218/4218 4220/4220/4220 4217/4217/4217
f 4218/4218/4218 4221/4221/4221 4220/4220/4220
f 4221/4221/4221 4222/4222/4222 4220/4220/4220
f 4225/4225/4225 4224/4224/4224 4223/4223/4223
f 4226/4226/4226 4225/4225/4225 4223/4223/4223
f 4226/4226/4226 4223/4223/4223 4227/4227/4227
f 4228/4228/4228 4226/4226/4226 4227/4227/4227
f 4231/4231/4231 4230/4230/4230 4229/4229/4229
f 4232/4232/4232 4231/4231/4231 4229/4229/4229
f 4232/4232/4232 4233/4233/4233 4231/4231/4231
f 4232/4232/4232 4234/4234/4234 4233/4233/4233
f 4232/4232/4232 4235/4235/4235 4234/4234/4234
f 4235/4235/4235 4236/4236/4236 4234/4234/4234
f 4239/4239/4239 4238/4238/4238 4237/4237/4237
f 4238/4238/4238 4240/4240/4240 4237/4237/4237
f 4240/4240/4240 4241/4241/4241 4237/4237/4237
f 4241/4241/4241 4242/4242/4242 4237/4237/4237
f 4237/4237/4237 4242/4242/4242 4243/4243/4243
f 4242/4242/4242 4244/4244/4244 4243/4243/4243
f 4247/4247/4247 4246/4246/4246 4245/4245/4245
f 4246/4246/4246 4248/4248/4248 4245/4245/4245
f 4245/4245/4245 4248/4248/4248 4249/4249/4249
f 4248/4248/4248 4250/4250/4250 4249/4249/4249
f 4249/4249/4249 4250/4250/4250 4251/4251/4251
f 4250/4250/4250 4252/4252/4252 4251/4251/4251
f 4255/4255/4255 4254/4254/4254 4253/4253/4253
f 4254/4254/4254 4256/4256/4256 4253/4253/4253
f 4253/4253/4253 4256/4256/4256 4257/4257/4257
f 4258/4258/4258 4253/4253/4253 4257/4257/4257
f 4261/4261/4261 4260/4260/4260 4259/4259/4259
f 4262/4262/4262 4261/4261/4261 4259/4259/4259
f 4263/4263/4263 4261/4261/4261 4262/4262/4262
f 4264/4264/4264 4261/4261/4261 4263/4263/4263
f 4265/4265/4265 4261/4261/4261 4264/4264/4264
f 4266/4266/4266 4265/4265/4265 4264/4264/4264
f 4269/4269/4269 4268/4268/4268 4267/4267/4267
f 4268/4268/4268 4270/4270/4270 4267/4267/4267
f 4267/4267/4267 4270/4270/4270 4271/4271/4271
f 4271/4271/4271 4270/4270/4270 4272/4272/4272
f 4272/4272/4272 4270/4270/4270 4273/4273/4273
f 4270/4270/4270 4274/4274/4274 4273/4273/4273
f 4277/4277/4277 4276/4276/4276 4275/4275/4275
f 4278/4278/4278 4277/4277/4277 4275/4275/4275
f 4281/4281/4281 4280/4280/4280 4279/4279/4279
f 4282/4282/4282 4281/4281/4281 4279/4279/4279
f 4285/4285/4285 4284/4284/4284 4283/4283/4283
f 4286/4286/4286 4285/4285/4285 4283/4283/4283
f 4289/4289/4289 4288/4288/4288 4287/4287/4287
f 4290/4290/4290 4289/4289/4289 4287/4287/4287
f 4293/4293/4293 4292/4292/4292 4291/4291/4291
f 4294/4294/4294 4293/4293/4293 4291/4291/4291
f 4297/4297/4297 4296/4296/4296 4295/4295/4295
f 4298/4298/4298 4297/4297/4297 4295/4295/4295
f 4301/4301/4301 4300/4300/4300 4299/4299/4299
f 4302/4302/4302 4301/4301/4301 4299/4299/4299
f 4305/4305/4305 4304/4304/4304 4303/4303/4303
f 4306/4306/4306 4305/4305/4305 4303/4303/4303
f 4309/4309/4309 4308/4308/4308 4307/4307/4307
f 4310/4310/4310 4309/4309/4309 4307/4307/4307
f 4313/4313/4313 4312/4312/4312 4311/4311/4311
f 4314/4314/4314 4313/4313/4313 4311/4311/4311
f 4317/4317/4317 4316/4316/4316 4315/4315/4315
f 4318/4318/4318 4317/4317/4317 4315/4315/4315
f 4321/4321/4321 4320/4320/4320 4319/4319/4319
f 4322/4322/4322 4321/4321/4321 4319/4319/4319
f 4325/4325/4325 4324/4324/4324 4323/4323/4323
f 4326/4326/4326 4325/4325/4325 4323/4323/4323
f 4329/4329/4329 4328/4328/4328 4327/4327/4327
f 4328/4328/4328 4330/4330/4330 4327/4327/4327
f 4331/4331/4331 4328/4328/4328 4329/4329/4329
f 4327/4327/4327 4330/4330/4330 4332/4332/4332
f 4333/4333/4333 4331/4331/4331 4329/4329/4329
f 4330/4330/4330 4334/4334/4334 4332/4332/4332
f 4334/4334/4334 4331/4331/4331 4333/4333/4333
f 4332/4332/4332 4334/4334/4334 4333/4333/4333
f 4337/4337/4337 4336/4336/4336 4335/4335/4335
f 4336/4336/4336 4338/4338/4338 4335/4335/4335
f 4339/4339/4339 4336/4336/4336 4337/4337/4337
f 4335/4335/4335 4338/4338/4338 4340/4340/4340
f 4341/4341/4341 4339/4339/4339 4337/4337/4337
f 4338/4338/4338 4342/4342/4342 4340/4340/4340
f 4342/4342/4342 4339/4339/4339 4341/4341/4341
f 4340/4340/4340 4342/4342/4342 4341/4341/4341
f 4345/4345/4345 4344/4344/4344 4343/4343/4343
f 4344/4344/4344 4346/4346/4346 4343/4343/4343
f 4347/4347/4347 4344/4344/4344 4345/4345/4345
f 4343/4343/4343 4346/4346/4346 4348/4348/4348
f 4349/4349/4349 4347/4347/4347 4345/4345/4345
f 4346/4346/4346 4350/4350/4350 4348/4348/4348
f 4350/4350/4350 4347/4347/4347 4349/4349/4349
f 4348/4348/4348 4350/4350/4350 4349/4349/4349
f 4353/4353/4353 4352/4352/4352 4351/4351/4351
f 4352/4352/4352 4354/4354/4354 4351/4351/4351
f 4355/4355/4355 4352/4352/4352 4353/4353/4353
f 4351/4351/4351 4354/4354/4354 4356/4356/4356
f 4357/4357/4357 4355/4355/4355 4353/4353/4353
f 4354/4354/4354 4358/4358/4358 4356/4356/4356
f 4358/4358/4358 4355/4355/4355 4357/4357/4357
f 4356/4356/4356 4358/4358/4358 4357/4357/4357
