# File generated by FabConvert.com - Free Image and 3D model conversion tools

mtllib SM_Terrain_Mountain_03.mtl

# SM_Terrain_Mountain_03_0
o obj1
v -1359.44140625 24.00688934 1648.4309082
v -548.30773926 24.00688934 1988.58300781
v -1123.94970703 137.13595581 1569.93481445
v -417.44476318 148.81951904 1753.02783203
v 158.16152954 24.00688934 1910.07910156
v -76.9228363 208.48445129 1699.15209961
v 108.13292694 154.57443237 1693.37182617
v 408.77587891 127.28314972 1598.10681152
v 523.72375488 24.00688934 1777.25512695
v 4.61617279 209.77986145 1635.22229004
v 777.97161865 24.00688934 1609.7064209
v -1333.24450684 155.86325073 1177.39819336
v -1621.09143066 24.00688934 1098.92053223
v -831.49841309 220.16012573 1434.17749023
v -841.89630127 213.54556274 1266.73950195
v -1091.56518555 212.57627869 1019.13061523
v -516.04058838 220.834198 1583.39160156
v -404.28311157 220.87684631 1544.76855469
v -377.52862549 199.69174194 1398.84863281
v -477.88021851 195.34161377 1277.91247559
v -307.02383423 196.54905701 1319.01672363
v -153.89770508 230.70123291 1234.36889648
v -577.49438477 253.2668457 1090.22192383
v -774.6027832 218.91586304 1177.60620117
v -86.08531189 180.30241394 1486.33911133
v 66.45207977 180.03114319 1521.44421387
v 95.9524765 189.94329834 1448.59436035
v -27.74312592 188.10670471 1363.98156738
v 12.62794685 302.5994873 1137.67675781
v 155.71147156 308.06393433 1185.79870605
v -183.23754883 311.17602539 1109.09472656
v 244.08331299 165.12173462 1537.82080078
v 210.07676697 274.66082764 1375.66552734
v 308.20428467 287.09960938 1398.09729004
v 482.3164978 222.19070435 1410.92541504
v 252.86073303 303.50701904 1240.30187988
v 146.71105957 347.91378784 1069.67504883
v 261.51922607 351.44171143 1036.21240234
v 829.86749268 24.00689125 1532.57897949
v 832.51379395 230.22920227 1327.83886719
v 813.77624512 229.01405334 1099.38085938
v 575.28814697 228.13500977 1294.57653809
v 397.67327881 271.51159668 1196.31884766
v 570.60803223 262.16809082 1067.9074707
v 941.6829834 24.00688934 1489.72119141
v 1230.95117188 24.00688934 1360.60998535
v 940.63336182 223.23565674 1306.11035156
v -1886.04345703 149.91220093 787.33105469
v -1647.85339355 77.66028595 1019.57922363
v -1682.38476562 157.63598633 774.99151611
v -1987.51000977 24.00688934 915.87731934
v -1439.79260254 102.30649567 901.7121582
v -1147.10192871 192.4602356 848.34185791
v -1253.06884766 170.00590515 755.17803955
v -1415.96838379 172.03700256 668.88793945
v -1561.63293457 120.37374115 873.56066895
v -846.63439941 226.15042114 1013.35894775
v -653.50592041 275.86380005 998.02838135
v -875.10003662 226.18577576 852.06304932
v -1151.81176758 196.95797729 756.19677734
v -558.16894531 342.70050049 935.20697021
v -526.23779297 300.11810303 1023.35119629
v -358.28787231 492.95065308 893.88586426
v -593.17895508 364.72723389 856.77990723
v -308.08679199 590.1862793 836.24951172
v -38.98101807 365.21740723 1055.47424316
v -59.38584137 559.0411377 872.97375488
v -271.95578003 669.7489624 783.9276123
v 270.1762085 455.91949463 880.38043213
v 424.46939087 329.73947144 982.51525879
v 185.87641907 532.28564453 752.55664062
v 846.32928467 255.04130554 805.31915283
v 555.28198242 300.14587402 891.90789795
v 991.49981689 261.88012695 566.68286133
v 926.53356934 215.63946533 1137.89086914
v 1197.55737305 167.28756714 982.08776855
v 1281.2935791 153.72766113 1070.91601562
v 1114.86572266 174.83222961 916.38476562
v 1267.00219727 168.26976013 765.31231689
v 1034.6315918 201.17416382 811.40179443
v 1508.1842041 24.00688934 984.16070557
v 1490.69616699 176.76567078 687.07714844
v 1448.59643555 190.42030334 672.2746582
v -1991.58068848 113.82074738 551.25061035
v -2066.75366211 24.00688934 602.12841797
v -1967.06982422 142.11698914 320.53076172
v -1567.12011719 201.92735291 444.21151733
v -1840.03930664 166.21343994 272.40698242
v -2068.24926758 24.00688934 105.06588745
v -1210.67578125 227.3805542 646.44787598
v -1242.87597656 276.98413086 570.98046875
v -1417.94714355 238.12780762 504.77407837
v -1295.30859375 341.86221313 490.96829224
v -1469.43127441 264.59115601 412.08450317
v -1025.59912109 234.68704224 672.99304199
v -1034.21166992 365.8132019 499.89587402
v -879.80096436 263.02996826 689.60461426
v -777.67132568 282.60821533 754.36627197
v -960.44055176 296.81692505 597.33203125
v -882.8026123 377.58639526 544.64562988
v -1212.91918945 380.49099731 491.45407104
v -1073.96569824 407.00402832 406.0440979
v -575.17224121 431.58618164 793.45666504
v -777.22528076 413.87557983 591.05786133
v -432.5272522 607.67736816 760.69628906
v -628.809021 558.2668457 648.8604126
v -686.59960938 671.72058105 506.1975708
v -447.62011719 694.81726074 569.99365234
v -864.65307617 556.16918945 327.31713867
v -1004.85394287 462.86471558 297.92419434
v -340.75683594 648.29998779 777.24389648
v -127.9222641 672.43395996 768.77789307
v 75.13583374 615.1829834 653.09667969
v -59.72183228 644.69976807 763.24890137
v -207.93295288 692.09893799 701.74603271
v -136.25961304 681.06030273 567.20428467
v 79.74308777 645.76702881 579.90478516
v -157.28141785 720.51708984 415.17312622
v -232.64918518 698.59875488 470.10223389
v 214.10414124 571.99597168 649.21691895
v 348.09591675 491.70089722 687.04888916
v 422.96859741 532.61682129 569.23620605
v 362.27655029 614.09667969 538.64929199
v 272.20227051 692.26501465 504.87588501
v 219.13354492 771.03460693 370.70727539
v 499.08984375 489.98275757 572.89880371
v 662.18792725 411.69873047 613.12744141
v 847.21008301 427.37677002 455.05404663
v 643.72052002 506.60409546 381.59701538
v 953.55316162 439.82324219 302.71655273
v 479.35665894 569.44274902 429.68774414
v 1129.12255859 218.97679138 555.93432617
v 1051.56518555 286.55041504 400.71432495
v 1325.54309082 197.11576843 555.06494141
v 1238.3996582 238.41989136 383.41931152
v 1129.2734375 249.89738464 408.10223389
v 1376.45336914 276.61846924 285.91131592
v 1115.06103516 328.37762451 262.38824463
v 1544.52185059 134.97697449 603.39428711
v 1592.01940918 24.00688934 577.06079102
v 1479.95275879 200.46960449 529.74914551
v 1509.27905273 210.96514893 426.86105347
v 1645.82849121 24.00688934 465.11474609
v 1513.77624512 272.61080933 208.13873291
v 1394.6081543 244.16098022 374.53381348
v -1751.45336914 213.89836121 240.18669128
v -1851.06164551 142.26029968 -40.61637497
v -1789.46057129 179.89440918 37.72439194
v -1993.20703125 24.00688934 -77.82116699
v -1436.49511719 284.36895752 232.55625916
v -1642.8848877 246.20423889 152.86297607
v -1434.8359375 292.51242065 356.97662354
v -1167.84423828 394.3081665 391.07794189
v -1357.68713379 313.48370361 245.59043884
v -1489.71716309 345.80838013 56.83319473
v -1376.38671875 393.08468628 126.35528564
v -1614.62438965 321.35232544 16.65353203
v -1512.81726074 361.16790771 -10.92420006
v -1144.71130371 442.99731445 228.13075256
v -1047.64831543 484.85760498 123.51013184
v -1160.92211914 491.09716797 146.95114136
v -975.34313965 519.35400391 82.72353363
v -1009.37249756 508.5463562 -63.30738068
v -1160.46582031 510.50970459 82.00434875
v -611.11437988 732.49725342 440.39035034
v -690.37878418 712.34771729 417.34887695
v -450.15048218 795.24536133 328.50390625
v -847.31677246 601.49688721 284.65618896
v -727.64117432 706.8359375 272.02825928
v -516.67687988 817.34350586 121.54993439
v -597.73425293 766.00964355 31.1807251
v -440.10342407 863.34613037 100.59503174
v -497.56994629 840.78942871 51.7970314
v -786.85906982 660.16680908 123.29010773
v -746.66027832 690.54431152 -84.11032104
v -383.12155151 752.88134766 416.14910889
v -218.27139282 792.8067627 336.45770264
v -322.134552 820.45825195 292.76422119
v 187.41766357 825.11242676 298.81646729
v -44.59922028 922.01391602 230.33811951
v -101.29266357 915.44586182 235.80207825
v -162.62458801 989.17138672 91.1816864
v -129.0194397 1013.61383057 57.88056564
v 39.56231308 931.20782471 178.89529419
v 24.32968521 988.4619751 -6.34668064
v -226.73661804 1067.41003418 6.74511337
v -66.02093506 1112.19604492 -85.11896515
v -341.91497803 952.07189941 48.48096848
v 212.66210938 861.95330811 236.45547485
v 373.57778931 779.17028809 282.31652832
v 269.14059448 837.6385498 250.22904968
v 499.82501221 613.27258301 342.38583374
v 420.80462646 745.21966553 292.59848022
v 260.60046387 968.44342041 -35.44529724
v 358.25057983 876.13916016 63.40498734
v 592.91815186 694.76611328 137.79750061
v 376.78973389 896.46032715 -29.73900795
v 102.63365936 1075.125 -127.59890747
v 575.74084473 544.69165039 350.7434082
v 630.21575928 562.13793945 292.17132568
v 784.16143799 589.37359619 203.2297821
v 976.21893311 467.71704102 253.33061218
v 666.86694336 616.34692383 212.65222168
v 983.82849121 548.37939453 199.85163879
v 821.30767822 593.08508301 74.54650116
v 678.28747559 638.95379639 147.2375946
v 1185.17626953 372.07662964 214.23989868
v 1033.18139648 542.15722656 168.4433136
v 1178.82983398 414.93249512 163.69833374
v 1241.6953125 401.20800781 116.38301086
v 1239.8104248 428.27069092 -119.45778656
v 1109.62915039 518.10656738 69.28082275
v 985.66027832 580.07946777 144.2600708
v 1036.31958008 566.05578613 34.83458328
v 1696.19165039 24.00688934 323.24584961
v 1555.55517578 282.89956665 34.90302658
v 1476.77246094 350.05502319 -52.20252609
v 1514.22229004 325.63995361 -127.53163147
v 1853.78527832 24.00688934 -339.7875061
v 1663.12915039 224.26083374 -15.81020737
v -1990.01965332 100.92708588 -313.94476318
v -2039.01049805 24.00688934 -470.76083374
v -1844.83239746 146.29885864 -238.92338562
v -1816.42773438 193.83517456 -149.66584778
v -1793.97717285 211.74824524 -280.52432251
v -1905.08056641 109.21804047 -389.36566162
v -1777.4362793 168.77992249 -371.11914062
v -1723.00109863 262.0793457 -145.96066284
v -1633.53955078 350.37667847 -182.42320251
v -1628.97387695 359.68838501 -265.03598022
v -1434.12976074 431.92782593 -12.42612839
v -1441.94238281 444.98861694 -149.27224731
v -1499.10559082 397.0168457 -257.58355713
v -1390.67822266 453.83782959 -278.45373535
v -1601.02416992 357.14221191 -410.97024536
v -1392.89550781 404.62728882 -485.05685425
v -1553.70727539 330.67843628 -532.50415039
v -1710.31970215 228.79438782 -440.0249939
v -1159.20800781 517.46820068 -3.2692318
v -1224.96533203 507.89736938 -256.73355103
v -1162.45019531 519.46435547 -246.95466614
v -995.32409668 516.50311279 -187.56811523
v -916.93023682 538.93603516 -152.85749817
v -1221.10412598 490.14358521 -390.43380737
v -1086.66650391 490.68466187 -472.68768311
v -959.47344971 532.11767578 -365.62121582
v -838.22406006 592.03320312 -130.47122192
v -740.46722412 734.78381348 -335.03598022
v -804.48309326 680.66003418 -293.18243408
v -695.17553711 760.4574585 -278.50674438
v -459.24902344 931.42877197 -177.10681152
v -592.21710205 885.0446167 -381.93777466
v -505.60699463 947.440979 -310.30160522
v -483.31259155 972.26348877 -376.09954834
v -528.9732666 918.06634521 -516.36169434
v -654.33056641 794.6081543 -536.10162354
v -914.95391846 558.32946777 -291.42227173
v -893.57952881 602.26409912 -349.36331177
v -893.1083374 576.28991699 -443.99505615
v -308.73501587 1038.21459961 -33.2806778
v -206.78077698 1092.37231445 -32.95248795
v -166.46916199 1135.62915039 -230.03631592
v -360.9609375 1014.10552979 -204.37158203
v -52.80872345 1147.27880859 -142.91218567
v -96.80583191 1131.28393555 -365.63955688
v -163.18060303 1142.85119629 -297.40789795
v -222.9485321 1123.2019043 -310.324646
v 150.96743774 1131.00915527 -325.87692261
v -106.64772034 1110.72338867 -498.02041626
v -248.87342834 1105.5625 -423.03399658
v -435.38613892 1000.07733154 -338.48999023
v 272.65155029 1004.50823975 -184.83164978
v 206.32435608 1107.69055176 -209.88534546
v 448.63653564 899.36779785 -243.34645081
v 278.28125 1078.06298828 -336.51733398
v 453.7666626 904.09277344 -297.51287842
v 295.10476685 1045.53808594 -391.00485229
v 463.41201782 889.74017334 -401.36309814
v 181.18739319 1120.06103516 -368.95043945
v 197.86795044 1069.97973633 -498.97271729
v -4.97446537 1084.91210938 -631.15838623
v 502.66433716 812.31085205 -130.14651489
v 700.00024414 626.93310547 28.57214546
v 642.52386475 651.69171143 -91.62194824
v 651.59143066 632.6673584 -324.57290649
v 749.38415527 534.98864746 -276.4888916
v 695.09838867 578.48950195 -425.68170166
v 975.59735107 482.01998901 -624.48828125
v 731.73583984 549.4597168 -435.58587646
v 575.6427002 728.93615723 -458.77807617
v 966.57861328 575.82104492 -27.86037445
v 1095.06176758 522.66809082 -99.90074921
v 972.6373291 511.22991943 -348.28430176
v 1275.61743164 407.83676147 -181.51855469
v 1308.93115234 348.3661499 -470.09033203
v 1563.71411133 270.81341553 -130.08390808
v 1409.54138184 352.87832642 -227.9415741
v 1458.16809082 242.05999756 -314.7713623
v 1558.94787598 221.50106812 -281.63598633
v 1489.41833496 208.93913269 -457.08959961
v 1372.17785645 299.99435425 -450.53256226
v 1659.95654297 223.36943054 -133.15652466
v 1789.76245117 213.85041809 -334.74984741
v 1563.09118652 199.66349792 -461.70837402
v -1855.58117676 101.75246429 -613.19769287
v -2039.28857422 24.00688934 -680.12548828
v -1606.45349121 247.31684875 -621.76550293
v -1620.00317383 187.39729309 -822.44561768
v -1554.84460449 193.6394043 -741.90863037
v -1697.17431641 190.70401001 -991.15704346
v -1987.4119873 24.00688934 -994.2913208
v -1403.93969727 363.53210449 -666.24084473
v -1491.44311523 234.58547974 -690.75006104
v -1293.75292969 303.26766968 -833.28643799
v -1476.28369141 183.07528687 -884.35644531
v -1167.99584961 433.12283325 -755.50653076
v -921.15649414 540.1965332 -523.21893311
v -1047.12841797 492.05126953 -730.13665771
v -964.4296875 527.4508667 -737.16168213
v -989.34790039 501.28302002 -857.61706543
v -794.0947876 674.41479492 -571.3682251
v -818.12658691 642.61968994 -624.26025391
v -829.7098999 596.6184082 -768.33612061
v -465.84100342 899.94824219 -689.7399292
v -573.02160645 730.15618896 -920.79644775
v -647.21154785 734.40795898 -756.74835205
v -735.60986328 634.66992188 -863.0847168
v -676.55877686 655.06610107 -945.20336914
v -880.49377441 560.35510254 -884.70397949
v -398.67532349 953.00360107 -656.36077881
v -228.31399536 1076.66088867 -538.51818848
v -229.51820374 971.3729248 -761.09246826
v -365.87298584 938.72943115 -725.97052002
v -132.28271484 1072.70288086 -617.75323486
v -31.70366859 1053.12194824 -699.78063965
v 37.90126038 1052.1940918 -700.59082031
v 13.77997684 942.79473877 -850.52276611
v -89.10497284 914.23425293 -886.97460938
v -220.22193909 868.1282959 -916.8649292
v -176.31105042 821.96313477 -965.00134277
v -509.10162354 757.72375488 -930.29058838
v -327.57287598 883.80029297 -856.56585693
v -283.53265381 723.53363037 -1021.58776855
v 175.72937012 1020.80413818 -680.625
v 151.20108032 970.1572876 -777.13726807
v 279.83856201 967.12542725 -608.47473145
v 427.4508667 831.92590332 -559.52496338
v 518.82977295 739.87615967 -597.86584473
v 443.21078491 765.43768311 -723.07714844
v 324.80639648 845.99359131 -806.04321289
v 485.85739136 720.7444458 -823.05078125
v 272.80752563 853.36315918 -834.08093262
v 398.22302246 734.3168335 -904.42944336
v 564.67248535 661.34326172 -855.11645508
v 441.42480469 682.28283691 -956.92016602
v 251.65272522 728.75769043 -973.61968994
v 124.30217743 816.59619141 -910.71801758
v 531.26147461 724.62591553 -667.3258667
v 635.74987793 670.30090332 -724.03381348
v 791.09112549 588.51849365 -803.21612549
v 703.19549561 624.83422852 -796.54156494
v 783.71075439 584.36151123 -891.88256836
v 615.56628418 602.74291992 -973.88769531
v 1025.28845215 451.29345703 -686.54241943
v 1133.69042969 318.58895874 -964.13494873
v 1034.78540039 344.87509155 -962.00421143
v 866.78948975 438.02911377 -948.25
v 790.02520752 542.28344727 -948.26385498
v 1428.85058594 244.53018188 -540.2175293
v 1352.98181152 262.80682373 -797.92297363
v 1452.21240234 228.91255188 -793.84796143
v 1695.8170166 226.45133972 -668.86785889
v 1660.31335449 218.47134399 -854.81005859
v 1830.5690918 24.00688934 -706.15631104
v -1391.82092285 241.85493469 -1295.89587402
v -1360.50048828 157.98934937 -1493.78344727
v -1635.96386719 91.73386383 -1531.13952637
v -2013.57922363 24.00688934 -1465.27148438
v -1443.68981934 195.25320435 -1049.27514648
v -1344.53320312 222.47816467 -944.05664062
v -1201.45031738 287.66543579 -1137.31494141
v -1250.37634277 263.79534912 -1204.94262695
v -907.08880615 355.22628784 -1235.80249023
v -1022.47369385 322.0574646 -1234.66601562
v -999.52807617 456.03018188 -972.51196289
v -806.12506104 360.17733765 -1291.96923828
v -972.35339355 275.65109253 -1502.23510742
v -1208.13208008 300.34893799 -1336.24072266
v -622.61383057 417.11672974 -1397.71618652
v -724.20593262 401.144104 -1304.14526367
v -565.05163574 557.01037598 -1258.09106445
v -503.04748535 668.487854 -1089.09472656
v -480.99273682 594.57196045 -1245.26159668
v -471.97036743 516.07757568 -1346.89733887
v -567.03881836 392.85903931 -1466.23400879
v -410.55395508 697.18920898 -1059.43505859
v -348.20217896 633.78375244 -1199.71826172
v -81.95677185 690.12969971 -1048.89746094
v 104.2596283 657.94500732 -1071.71166992
v 7.88986492 628.79296875 -1169.75866699
v 148.81323242 520.39611816 -1256.31835938
v -151.87580872 583.00024414 -1228.16650391
v -16.28966522 468.81106567 -1265.22509766
v -104.12927246 450.69006348 -1279.93054199
v -339.69869995 442.00326538 -1395.18505859
v 203.38589478 621.21508789 -1052.52880859
v 439.85101318 634.81591797 -1062.61364746
v 321.94128418 642.25396729 -1021.51739502
v 357.34213257 596.84472656 -1101.23828125
v 428.61578369 577.04382324 -1106.88330078
v 331.53829956 520.11309814 -1157.0098877
v 209.5103302 478.6541748 -1306.33532715
v 649.00378418 562.18591309 -1015.25018311
v 852.79376221 394.8795166 -992.54742432
v 563.87634277 405.27688599 -1102.65356445
v 656.5670166 364.00109863 -1098.50085449
v 927.38250732 343.17489624 -1027.33935547
v 692.28619385 260.70825195 -1262.31091309
v 448.71731567 279.30752563 -1350.86132812
v 482.68817139 337.66790771 -1251.97155762
v 1233.89489746 266.2164917 -1075.87683105
v 1012.06286621 277.82055664 -1226.94360352
v 1242.11791992 216.50979614 -1262.04638672
v 822.33740234 246.6965332 -1349.30712891
v 783.71026611 261.93844604 -1247.25390625
v 1420.12365723 194.27624512 -988.29779053
v 1485.6986084 181.73672485 -1023.33465576
v 1361.01879883 203.28369141 -1161.05371094
v 1536.99389648 190.75750732 -941.37042236
v 1673.39770508 204.94282532 -1071.00756836
v 1446.24035645 189.95266724 -1165.54248047
v 1727.92211914 24.00688934 -1098.83056641
v 1396.43774414 187.54386902 -1240.45483398
v -1385.60571289 24.00688934 -1883.92126465
v -1181.35009766 198.63198853 -1685.98937988
v -940.79095459 24.00688934 -1936.25109863
v -1018.6998291 277.23492432 -1625.33410645
v -885.63043213 282.93963623 -1467.47802734
v -777.39953613 298.90673828 -1598.86425781
v -666.01965332 271.53857422 -1705.3996582
v -708.78564453 167.6343689 -1839.45043945
v -640.1887207 310.0178833 -1606.02819824
v -425.92025757 379.85824585 -1491.76953125
v -394.70556641 319.30178833 -1603.74658203
v -95.72649384 358.01351929 -1397.94396973
v -103.56433105 300.28125 -1511.02587891
v -13.69390392 419.71832275 -1309.68041992
v 96.15615082 262.00109863 -1565.22131348
v 91.57268524 318.61013794 -1475.45654297
v 162.16668701 212.71037292 -1609.83349609
v -236.83421326 311.78308105 -1591.69213867
v -103.47512817 273.46124268 -1712.49572754
v 130.15229797 178.03294373 -1806.97412109
v -210.46925354 257.00842285 -1714.68579102
v 182.62651062 337.60641479 -1439.46508789
v 309.56311035 226.784729 -1483.46813965
v 470.45864868 222.77474976 -1469.08666992
v 403.82073975 196.6920166 -1555.41882324
v 192.00456238 181.13970947 -1672.8762207
v 595.81488037 222.02322388 -1429.26721191
v 969.64465332 267.92498779 -1435.21533203
v 704.97363281 227.13027954 -1614.5279541
v 630.3269043 178.99543762 -1727.96325684
v 473.02764893 174.62062073 -1804.50109863
v 1074.10253906 264.56738281 -1383.41906738
v 1126.36706543 170.38374329 -1596.18383789
v 866.31072998 218.6887207 -1624.42980957
v 1492.04675293 24.00688934 -1412.29626465
v 1047.79248047 24.00688934 -1831.59020996
v -339.13040161 24.00688934 -1937.03320312
v -548.30773926 24.00688934 -1988.5826416
v 28.97192192 105.99924469 -1878.20996094
v 655.34942627 24.00688934 -1910.18017578
vn -0.22008 0.82227 0.52481
vn -0.22008 0.82227 0.52481
vn -0.22008 0.82227 0.52481
vn -0.1215 0.90342 0.41119
vn -0.1215 0.90342 0.41119
vn -0.1215 0.90342 0.41119
vn 0.05456 0.86945 0.491
vn 0.05456 0.86945 0.491
vn 0.05456 0.86945 0.491
vn -0.02316 0.73959 0.67266
vn -0.02316 0.73959 0.67266
vn 0.22487 0.85668 0.46424
vn 0.22487 0.85668 0.46424
vn 0.15209 0.89536 0.41858
vn 0.15209 0.89536 0.41858
vn 0.26238 0.85212 0.45283
vn 0.26238 0.85212 0.45283
vn 0.26238 0.85212 0.45283
vn 0.27099 0.89123 0.36369
vn 0.27099 0.89123 0.36369
vn 0.24022 0.89968 0.36452
vn 0.24022 0.89968 0.36452
vn 0.24022 0.89968 0.36452
vn -0.35676 0.90458 0.23338
vn -0.35676 0.90458 0.23338
vn -0.35676 0.90458 0.23338
vn -0.45476 0.86389 0.21654
vn -0.45476 0.86389 0.21654
vn -0.45476 0.86389 0.21654
vn 0.03755 0.99842 -0.04177
vn 0.03755 0.99842 -0.04177
vn -0.20288 0.96697 0.15431
vn -0.20288 0.96697 0.15431
vn -0.17157 0.98109 0.08958
vn -0.17157 0.98109 0.08958
vn -0.10477 0.93282 0.34477
vn -0.10477 0.93282 0.34477
vn -0.23462 0.83825 0.49222
vn -0.23462 0.83825 0.49222
vn -0.23462 0.83825 0.49222
vn -0.08878 0.89725 0.43251
vn -0.08878 0.89725 0.43251
vn 0.01577 0.99878 0.04673
vn 0.01577 0.99878 0.04673
vn 0.01577 0.99878 0.04673
vn -0.05326 0.98679 -0.15303
vn -0.05326 0.98679 -0.15303
vn -0.05326 0.98679 -0.15303
vn 0.03825 0.99562 -0.08536
vn 0.03825 0.99562 -0.08536
vn 0.05121 0.99778 -0.0426
vn 0.05121 0.99778 -0.0426
vn 0.05121 0.99778 -0.0426
vn 0.0396 0.99685 -0.06871
vn 0.0396 0.99685 -0.06871
vn 0.0396 0.99685 -0.06871
vn 0.00198 0.99929 -0.03759
vn 0.00198 0.99929 -0.03759
vn -0.06984 0.96253 0.26201
vn -0.06984 0.96253 0.26201
vn -0.05965 0.94447 0.32314
vn -0.05965 0.94447 0.32314
vn -0.05965 0.94447 0.32314
vn -0.02883 0.95072 0.30871
vn -0.02883 0.95072 0.30871
vn -0.02883 0.95072 0.30871
vn 0.0468 0.99435 0.09524
vn 0.0468 0.99435 0.09524
vn 0.01765 0.99893 0.04276
vn 0.01765 0.99893 0.04276
vn 0.01765 0.99893 0.04276
vn 0.07933 0.96755 -0.23989
vn 0.07933 0.96755 -0.23989
vn 0.07933 0.96755 -0.23989
vn 0.05357 0.97283 -0.22524
vn 0.05357 0.97283 -0.22524
vn 0.05357 0.97283 -0.22524
vn -0.0268 0.99191 0.12411
vn -0.0268 0.99191 0.12411
vn -0.04401 0.99812 0.04268
vn -0.04401 0.99812 0.04268
vn 0.103 0.98687 -0.12439
vn 0.103 0.98687 -0.12439
vn 0.103 0.98687 -0.12439
vn 0.01848 0.9972 0.07242
vn 0.0618 0.99797 0.01529
vn 0.0618 0.99797 0.01529
vn 0.0618 0.99797 0.01529
vn -0.13754 0.89349 0.4275
vn -0.13754 0.89349 0.4275
vn -0.17508 0.89075 0.41942
vn -0.17508 0.89075 0.41942
vn -0.17508 0.89075 0.41942
vn -0.04324 0.83594 0.54712
vn -0.04324 0.83594 0.54712
vn -0.04324 0.83594 0.54712
vn -0.02534 0.94213 0.33428
vn -0.02534 0.94213 0.33428
vn -0.02534 0.94213 0.33428
vn 0.46203 0.88666 0.01927
vn 0.46203 0.88666 0.01927
vn 0.01835 0.98968 0.14209
vn 0.01835 0.98968 0.14209
vn 0.01835 0.98968 0.14209
vn -0.21574 0.78755 0.57725
vn -0.21574 0.78755 0.57725
vn -0.45142 0.84777 0.2784
vn -0.45142 0.84777 0.2784
vn -0.45142 0.84777 0.2784
vn -0.25182 0.90283 0.34854
vn -0.25182 0.90283 0.34854
vn -0.25182 0.90283 0.34854
vn 0.08194 0.98696 0.13853
vn 0.08194 0.98696 0.13853
vn 0.15041 0.96877 0.19715
vn 0.15041 0.96877 0.19715
vn 0.15041 0.96877 0.19715
vn -0.05884 0.76524 0.64105
vn -0.05884 0.76524 0.64105
vn -0.05884 0.76524 0.64105
vn 0.26533 0.81388 0.51691
vn 0.26533 0.81388 0.51691
vn 0.26533 0.81388 0.51691
vn -0.23125 0.783 0.57743
vn -0.23125 0.783 0.57743
vn -0.23125 0.783 0.57743
vn -0.15949 0.97459 0.15728
vn -0.15949 0.97459 0.15728
vn -0.15949 0.97459 0.15728
vn -0.06047 0.97997 0.18972
vn -0.06047 0.97997 0.18972
vn 0.35086 0.93607 -0.02573
vn 0.35086 0.93607 -0.02573
vn 0.35086 0.93607 -0.02573
vn -0.14201 0.93284 0.33113
vn -0.14201 0.93284 0.33113
vn 0.03715 0.97249 0.22998
vn 0.03715 0.97249 0.22998
vn 0.03715 0.97249 0.22998
vn -0.147 0.93203 0.33124
vn -0.147 0.93203 0.33124
vn -0.147 0.93203 0.33124
vn 0.72893 0.47759 0.49047
vn 0.72893 0.47759 0.49047
vn 0.12459 0.78913 0.60146
vn 0.12459 0.78913 0.60146
vn 0.12459 0.78913 0.60146
vn 0.21721 0.83354 0.50797
vn 0.21721 0.83354 0.50797
vn -0.00753 0.99996 -0.0047
vn -0.00753 0.99996 -0.0047
vn -0.00753 0.99996 -0.0047
vn 0.19068 0.96076 0.20145
vn 0.19068 0.96076 0.20145
vn -0.01335 0.9991 0.04037
vn -0.01335 0.9991 0.04037
vn 0.22332 0.97439 0.02646
vn 0.22332 0.97439 0.02646
vn 0.22332 0.97439 0.02646
vn 0.15923 0.97678 0.14337
vn 0.15923 0.97678 0.14337
vn 0.15923 0.97678 0.14337
vn 0.26307 0.67803 0.68634
vn 0.26307 0.67803 0.68634
vn 0.26307 0.67803 0.68634
vn 0.31151 0.64486 0.69793
vn 0.31151 0.64486 0.69793
vn 0.31151 0.64486 0.69793
vn 0.18813 0.66613 0.72172
vn 0.18813 0.66613 0.72172
vn 0.18813 0.66613 0.72172
vn 0.06246 0.99799 -0.01043
vn 0.06246 0.99799 -0.01043
vn 0.06246 0.99799 -0.01043
vn -0.01706 0.94963 0.31292
vn -0.01706 0.94963 0.31292
vn -0.01706 0.94963 0.31292
vn -0.27599 0.7865 0.55249
vn -0.27599 0.7865 0.55249
vn -0.37393 0.70486 0.60278
vn -0.37393 0.70486 0.60278
vn -0.37393 0.70486 0.60278
vn 0.18705 0.84188 0.50622
vn 0.18705 0.84188 0.50622
vn 0.18705 0.84188 0.50622
vn -0.41244 0.91081 -0.01754
vn -0.30481 0.95007 -0.06676
vn -0.30481 0.95007 -0.06676
vn -0.30481 0.95007 -0.06676
vn -0.27881 0.95643 0.0866
vn -0.27881 0.95643 0.0866
vn -0.13217 0.95319 0.27195
vn -0.13217 0.95319 0.27195
vn 0.07365 0.95326 0.29304
vn 0.07365 0.95326 0.29304
vn 0.07365 0.95326 0.29304
vn 0.06719 0.94622 0.31646
vn 0.06719 0.94622 0.31646
vn 0.04481 0.95138 0.30476
vn 0.04481 0.95138 0.30476
vn -0.03635 0.9988 0.03274
vn -0.03635 0.9988 0.03274
vn -0.05363 0.99628 0.0674
vn -0.05363 0.99628 0.0674
vn -0.05363 0.99628 0.0674
vn -0.2458 0.96834 0.04359
vn -0.2458 0.96834 0.04359
vn -0.2458 0.96834 0.04359
vn -0.11186 0.99352 0.01996
vn -0.11186 0.99352 0.01996
vn -0.05738 0.9935 -0.09836
vn -0.05738 0.9935 -0.09836
vn -0.05738 0.9935 -0.09836
vn -0.14129 0.98841 0.05547
vn -0.14129 0.98841 0.05547
vn -0.24882 0.96798 -0.0331
vn -0.24882 0.96798 -0.0331
vn -0.24882 0.96798 -0.0331
vn -0.25732 0.96445 0.06023
vn -0.25732 0.96445 0.06023
vn -0.25732 0.96445 0.06023
vn -0.04616 0.96075 0.27354
vn -0.29477 0.84314 0.44969
vn -0.29477 0.84314 0.44969
vn -0.29477 0.84314 0.44969
vn -0.23576 0.96082 0.14571
vn -0.23576 0.96082 0.14571
vn -0.23576 0.96082 0.14571
vn -0.12558 0.85517 0.5029
vn -0.12558 0.85517 0.5029
vn -0.20196 0.66107 0.72264
vn -0.20196 0.66107 0.72264
vn -0.20196 0.66107 0.72264
vn -0.1663 0.86295 0.47714
vn -0.1663 0.86295 0.47714
vn -0.1663 0.86295 0.47714
vn -0.44445 0.73291 0.51508
vn -0.44445 0.73291 0.51508
vn -0.48396 0.76211 0.43009
vn -0.48396 0.76211 0.43009
vn -0.48396 0.76211 0.43009
vn -0.3407 0.85451 0.39209
vn -0.3407 0.85451 0.39209
vn -0.3407 0.85451 0.39209
vn -0.16621 0.8115 0.56022
vn -0.29802 0.59589 0.74572
vn -0.29802 0.59589 0.74572
vn -0.05758 0.77641 0.62759
vn -0.05758 0.77641 0.62759
vn 0.01327 0.6862 0.72729
vn 0.01327 0.6862 0.72729
vn 0.04501 0.67717 0.73445
vn 0.04501 0.67717 0.73445
vn 0.04501 0.67717 0.73445
vn 0.0295 0.80399 0.59392
vn 0.0295 0.80399 0.59392
vn 0.0295 0.80399 0.59392
vn 0.27624 0.93295 0.23084
vn 0.27624 0.93295 0.23084
vn 0.27624 0.93295 0.23084
vn 0.06377 0.94577 0.31851
vn 0.06377 0.94577 0.31851
vn 0.06377 0.94577 0.31851
vn 0.07367 0.82644 0.55818
vn 0.07367 0.82644 0.55818
vn 0.28456 0.78887 0.54471
vn 0.28456 0.78887 0.54471
vn 0.28456 0.78887 0.54471
vn 0.19789 0.68293 0.70317
vn 0.19789 0.68293 0.70317
vn 0.19789 0.68293 0.70317
vn 0.27189 0.89443 0.35505
vn 0.27189 0.89443 0.35505
vn 0.21731 0.93455 0.28175
vn 0.21731 0.93455 0.28175
vn 0.21731 0.93455 0.28175
vn 0.26071 0.92271 0.28397
vn 0.26071 0.92271 0.28397
vn 0.11519 0.98268 0.14517
vn 0.11519 0.98268 0.14517
vn 0.11519 0.98268 0.14517
vn 0.12158 0.98744 0.10086
vn 0.12158 0.98744 0.10086
vn 0.12158 0.98744 0.10086
vn 0.20514 0.96024 0.18934
vn 0.20514 0.96024 0.18934
vn 0.20514 0.96024 0.18934
vn 0.19368 0.9702 0.14563
vn 0.19368 0.9702 0.14563
vn 0.32901 0.92858 0.17172
vn 0.32901 0.92858 0.17172
vn 0.13648 0.98905 -0.0561
vn 0.13648 0.98905 -0.0561
vn 0.13648 0.98905 -0.0561
vn 0.14369 0.988 -0.05666
vn 0.14369 0.988 -0.05666
vn 0.08446 0.99168 0.09712
vn 0.08446 0.99168 0.09712
vn 0.18418 0.98261 -0.02362
vn 0.18418 0.98261 -0.02362
vn 0.45515 0.78048 0.42858
vn 0.45515 0.78048 0.42858
vn 0.14013 0.98813 -0.0629
vn 0.06966 0.99721 0.02684
vn 0.25999 0.96464 0.04334
vn 0.25999 0.96464 0.04334
vn 0.25999 0.96464 0.04334
vn 0.27329 0.96074 0.04792
vn 0.27329 0.96074 0.04792
vn 0.27329 0.96074 0.04792
vn 0.56602 0.71124 0.41684
vn 0.56602 0.71124 0.41684
vn 0.56602 0.71124 0.41684
vn 0.40698 0.8787 -0.24951
vn 0.40698 0.8787 -0.24951
vn 0.12971 0.88489 0.44737
vn 0.12971 0.88489 0.44737
vn 0.12971 0.88489 0.44737
vn 0.41416 0.89987 0.13676
vn 0.41416 0.89987 0.13676
vn 0.41416 0.89987 0.13676
vn 0.12206 0.88517 0.44898
vn 0.12206 0.88517 0.44898
vn 0.12206 0.88517 0.44898
vn -0.66362 0.7246 0.18589
vn -0.66362 0.7246 0.18589
vn -0.70285 0.68884 0.17752
vn -0.70285 0.68884 0.17752
vn -0.70285 0.68884 0.17752
vn -0.0455 0.99033 -0.13106
vn -0.0455 0.99033 -0.13106
vn -0.0455 0.99033 -0.13106
vn -0.20827 0.97323 0.09723
vn -0.20827 0.97323 0.09723
vn -0.20827 0.97323 0.09723
vn -0.17332 0.98229 0.07113
vn -0.17332 0.98229 0.07113
vn -0.16124 0.98461 0.06738
vn -0.7662 0.6426 0.00231
vn -0.7662 0.6426 0.00231
vn 0.15074 0.97156 0.18262
vn 0.15074 0.97156 0.18262
vn -0.0844 0.97873 0.18699
vn -0.0844 0.97873 0.18699
vn -0.19846 0.89665 0.39577
vn -0.19846 0.89665 0.39577
vn -0.38543 0.687 0.61601
vn -0.38543 0.687 0.61601
vn -0.38543 0.687 0.61601
vn -0.20436 0.90717 0.3678
vn -0.20436 0.90717 0.3678
vn -0.20436 0.90717 0.3678
vn -0.35356 0.86621 0.3531
vn -0.35356 0.86621 0.3531
vn -0.39847 0.56703 0.7209
vn -0.39847 0.56703 0.7209
vn -0.39847 0.56703 0.7209
vn -0.5295 0.69141 0.49151
vn -0.5295 0.69141 0.49151
vn -0.5295 0.69141 0.49151
vn -0.37692 0.8141 0.44179
vn -0.37692 0.8141 0.44179
vn -0.24174 0.89392 0.37745
vn -0.24174 0.89392 0.37745
vn -0.24174 0.89392 0.37745
vn -0.08141 0.94837 0.30655
vn -0.11768 0.78874 0.60335
vn -0.11768 0.78874 0.60335
vn -0.16675 0.96827 0.18612
vn -0.16675 0.96827 0.18612
vn -0.16675 0.96827 0.18612
vn -0.21038 0.95208 0.22201
vn -0.21038 0.95208 0.22201
vn -0.34742 0.91227 0.21695
vn -0.34742 0.91227 0.21695
vn -0.29084 0.94077 0.17425
vn -0.29084 0.94077 0.17425
vn -0.29084 0.94077 0.17425
vn -0.21981 0.83824 0.49903
vn -0.21981 0.83824 0.49903
vn -0.21981 0.83824 0.49903
vn -0.47984 0.6835 0.55008
vn -0.47984 0.6835 0.55008
vn -0.36175 0.72778 0.58264
vn -0.36175 0.72778 0.58264
vn -0.36175 0.72778 0.58264
vn -0.0555 0.79455 0.60466
vn -0.0555 0.79455 0.60466
vn -0.25439 0.68793 0.67974
vn -0.25439 0.68793 0.67974
vn -0.25439 0.68793 0.67974
vn 0.05783 0.92294 0.38058
vn 0.05783 0.92294 0.38058
vn 0.05783 0.92294 0.38058
vn -0.14072 0.79871 0.58502
vn -0.14072 0.79871 0.58502
vn -0.14072 0.79871 0.58502
vn 0.01232 0.60697 0.79463
vn 0.01232 0.60697 0.79463
vn -0.30157 0.63424 0.71189
vn -0.30157 0.63424 0.71189
vn -0.30157 0.63424 0.71189
vn -0.51772 0.80628 0.28614
vn -0.51772 0.80628 0.28614
vn -0.57048 0.64053 0.51408
vn -0.57048 0.64053 0.51408
vn -0.5706 0.64084 0.51355
vn -0.5706 0.64084 0.51355
vn -0.4773 0.68554 0.54974
vn -0.4773 0.68554 0.54974
vn -0.4773 0.68554 0.54974
vn -0.64649 0.60915 0.45933
vn -0.64649 0.60915 0.45933
vn -0.51503 0.54092 0.66494
vn -0.51503 0.54092 0.66494
vn -0.51223 0.55899 0.65204
vn -0.51223 0.55899 0.65204
vn -0.19779 0.88556 0.4203
vn -0.19779 0.88556 0.4203
vn -0.76655 0.31396 0.5602
vn -0.76655 0.31396 0.5602
vn -0.76655 0.31396 0.5602
vn -0.65796 0.42836 0.61935
vn -0.69456 0.51132 0.50611
vn -0.69456 0.51132 0.50611
vn -0.69456 0.51132 0.50611
vn -0.46754 0.73811 0.48641
vn -0.46753 0.73811 0.48641
vn -0.41849 0.55963 0.71532
vn -0.41849 0.55963 0.71532
vn -0.34953 0.60467 0.71568
vn -0.34953 0.60467 0.71568
vn -0.26293 0.61064 0.74699
vn -0.26293 0.61064 0.74699
vn -0.37692 0.54703 0.74745
vn -0.37692 0.54703 0.74745
vn -0.37692 0.54703 0.74745
vn -0.26502 0.61094 0.74601
vn -0.26502 0.61094 0.74601
vn 0.06233 0.69546 0.71585
vn 0.06233 0.69546 0.71585
vn 0.06233 0.69546 0.71585
vn 0.55909 0.65437 0.50913
vn 0.55909 0.65437 0.50913
vn 0.3475 0.73964 0.57635
vn 0.3475 0.73964 0.57635
vn 0.01045 0.96281 0.26999
vn 0.01045 0.96281 0.26999
vn 0.21238 0.97663 0.03301
vn 0.21238 0.97663 0.03301
vn 0.38257 0.89523 0.22849
vn 0.38257 0.89523 0.22849
vn 0.38257 0.89523 0.22849
vn 0.28659 0.95761 0.02913
vn 0.28659 0.95761 0.02913
vn 0.1262 0.91246 0.38922
vn 0.1262 0.91246 0.38922
vn 0.1262 0.91246 0.38922
vn 0.14375 0.96253 0.22993
vn 0.14375 0.96253 0.22993
vn 0.14375 0.96253 0.22993
vn 0.04354 0.99733 -0.05863
vn 0.04354 0.99733 -0.05863
vn -0.43023 0.80771 0.40313
vn -0.43023 0.80771 0.40313
vn -0.43023 0.80771 0.40313
vn -0.09449 0.97683 0.19205
vn -0.09449 0.97683 0.19205
vn -0.09449 0.97683 0.19205
vn 0.04494 0.98994 0.13419
vn 0.04494 0.98994 0.13419
vn -0.30944 0.88122 0.35734
vn -0.30944 0.88122 0.35734
vn 0.29121 0.869 0.40005
vn 0.29121 0.869 0.40005
vn 0.29121 0.869 0.40005
vn 0.28108 0.86761 0.41018
vn 0.28108 0.86761 0.41018
vn 0.34475 0.88833 0.30336
vn 0.34475 0.88833 0.30336
vn 0.34475 0.88833 0.30336
vn 0.45326 0.82582 0.33552
vn 0.45326 0.82582 0.33552
vn 0.45326 0.82582 0.33552
vn 0.37625 0.8258 0.42011
vn 0.37625 0.8258 0.42011
vn 0.38606 0.56213 0.73141
vn 0.38606 0.56213 0.73141
vn 0.31899 0.66103 0.67918
vn 0.31899 0.66103 0.67918
vn 0.28369 0.87829 0.38486
vn 0.28369 0.87829 0.38486
vn 0.28369 0.87829 0.38486
vn 0.07416 0.75126 0.65582
vn 0.07416 0.75126 0.65582
vn -0.00949 0.86068 0.50905
vn -0.00949 0.86068 0.50905
vn -0.00949 0.86068 0.50905
vn 0.4543 0.79843 0.39511
vn 0.4543 0.79843 0.39511
vn 0.4543 0.79843 0.39511
vn 0.30828 0.86552 0.39476
vn 0.30828 0.86552 0.39476
vn 0.29375 0.84329 0.45008
vn 0.29375 0.84329 0.45008
vn 0.29375 0.84329 0.45008
vn 0.41944 0.77585 0.4713
vn 0.41944 0.77585 0.4713
vn 0.40877 0.7278 0.55064
vn 0.40877 0.7278 0.55064
vn 0.22557 0.90762 0.35404
vn 0.22557 0.90762 0.35404
vn 0.22557 0.90762 0.35404
vn 0.2666 0.92755 0.26189
vn 0.34004 0.8002 0.49401
vn 0.34004 0.8002 0.49401
vn 0.39929 0.75731 0.51677
vn 0.39929 0.75731 0.51677
vn 0.39929 0.75731 0.51677
vn 0.33987 0.87941 0.33336
vn 0.33987 0.87941 0.33336
vn 0.43559 0.81123 0.39009
vn 0.43559 0.81123 0.39009
vn 0.64087 0.63776 0.42726
vn 0.64087 0.63776 0.42726
vn 0.64087 0.63776 0.42726
vn 0.26636 0.9497 0.1647
vn 0.26636 0.9497 0.1647
vn 0.30591 0.928 0.21269
vn 0.30591 0.928 0.21269
vn 0.59372 0.73641 0.32434
vn 0.59372 0.73641 0.32434
vn 0.15653 0.97958 0.12616
vn 0.15653 0.97958 0.12616
vn 0.16766 0.97771 0.12637
vn 0.16766 0.97771 0.12637
vn 0.10982 0.98015 0.16505
vn 0.10982 0.98015 0.16505
vn 0.1096 0.97761 0.17961
vn 0.1096 0.97761 0.17961
vn 0.14765 0.96806 0.20263
vn 0.14765 0.96806 0.20263
vn 0.14765 0.96806 0.20263
vn 0.30576 0.93188 0.19522
vn 0.30576 0.93188 0.19522
vn 0.30576 0.93188 0.19522
vn 0.3893 0.88012 0.27172
vn 0.3893 0.88012 0.27172
vn 0.3893 0.88012 0.27172
vn 0.13246 0.878 0.45996
vn 0.13246 0.878 0.45996
vn 0.13246 0.878 0.45996
vn 0.21776 0.76385 0.60754
vn 0.21776 0.76385 0.60754
vn 0.21776 0.76385 0.60754
vn 0.35524 0.83703 0.41617
vn 0.35524 0.83703 0.41617
vn 0.35524 0.83703 0.41617
vn 0.57815 0.66866 0.46758
vn 0.57815 0.66866 0.46758
vn 0.57815 0.66866 0.46758
vn 0.58329 0.66824 0.46178
vn 0.58329 0.66824 0.46178
vn 0.58329 0.66824 0.46178
vn -0.05975 0.99105 0.11934
vn -0.05975 0.99105 0.11934
vn -0.05975 0.99105 0.11934
vn 0.79855 0.55313 0.23741
vn 0.79855 0.55313 0.23741
vn 0.79855 0.55313 0.23741
vn 0.91818 0.34813 0.18908
vn 0.67307 0.73671 0.06504
vn 0.67307 0.73671 0.06504
vn 0.67307 0.73671 0.06504
vn 0.83226 0.43714 -0.34095
vn 0.83226 0.43714 -0.34095
vn 0.77511 0.567 0.27877
vn 0.77511 0.567 0.27877
vn 0.7221 0.59842 0.34709
vn 0.7221 0.59842 0.34709
vn 0.7221 0.59842 0.34709
vn 0.77489 0.60405 0.18618
vn 0.77489 0.60405 0.18618
vn 0.1515 0.95057 0.27103
vn 0.1515 0.95057 0.27103
vn 0.20755 0.96544 0.15764
vn 0.20755 0.96544 0.15764
vn -0.02173 0.96945 0.24432
vn -0.02173 0.96945 0.24432
vn -0.13779 0.97004 0.20007
vn -0.13779 0.97004 0.20007
vn 0.26575 0.95579 0.12586
vn 0.26575 0.95579 0.12586
vn 0.26575 0.95579 0.12586
vn 0.26223 0.95685 0.12516
vn 0.26223 0.95685 0.12516
vn 0.26223 0.95685 0.12516
vn -0.01476 0.93792 0.34653
vn -0.01476 0.93792 0.34653
vn -0.75878 0.65134 -0.00073
vn -0.75878 0.65134 -0.00073
vn -0.75878 0.65134 -0.00073
vn -0.3387 0.8705 0.35709
vn -0.3387 0.8705 0.35709
vn -0.21047 0.97529 -0.06722
vn -0.21047 0.97529 -0.06722
vn -0.21047 0.97529 -0.06722
vn -0.46183 0.88481 -0.06191
vn -0.46183 0.88481 -0.06191
vn -0.46183 0.88481 -0.06191
vn -0.48732 0.87182 -0.04955
vn -0.48732 0.87182 -0.04955
vn -0.48732 0.87182 -0.04955
vn -0.56068 0.80828 -0.17978
vn -0.56068 0.80828 -0.17978
vn -0.56068 0.80828 -0.17978
vn -0.58318 0.7763 -0.23929
vn -0.58318 0.7763 -0.23929
vn -0.58318 0.7763 -0.23929
vn -0.20627 0.9481 0.24199
vn -0.20627 0.9481 0.24199
vn -0.20627 0.9481 0.24199
vn -0.54148 0.84069 -0.00673
vn -0.54148 0.84069 -0.00673
vn -0.54148 0.84069 -0.00673
vn -0.2153 0.97221 0.092
vn -0.2153 0.97221 0.092
vn -0.66529 0.74552 -0.03992
vn -0.66529 0.74552 -0.03992
vn -0.45865 0.87493 0.15536
vn -0.45865 0.87493 0.15536
vn -0.45865 0.87493 0.15536
vn -0.34937 0.93528 -0.05656
vn -0.34937 0.93528 -0.05656
vn -0.34937 0.93528 -0.05656
vn -0.37504 0.8338 0.40512
vn -0.37504 0.8338 0.40512
vn -0.37504 0.8338 0.40512
vn -0.57914 0.63316 0.51352
vn -0.57914 0.63316 0.51352
vn -0.29705 0.86975 0.39407
vn -0.29705 0.86975 0.39407
vn -0.29705 0.86975 0.39407
vn -0.27555 0.91298 0.3009
vn -0.27555 0.91298 0.3009
vn -0.27555 0.91298 0.3009
vn -0.3504 0.93219 -0.09078
vn -0.3504 0.93219 -0.09078
vn -0.3504 0.93219 -0.09078
vn -0.31574 0.85698 0.4073
vn -0.31574 0.85698 0.4073
vn -0.31574 0.85698 0.4073
vn -0.35953 0.93262 0.03089
vn -0.35953 0.93262 0.03089
vn -0.35953 0.93262 0.03089
vn -0.42328 0.90361 -0.06569
vn -0.42328 0.90361 -0.06569
vn -0.42328 0.90361 -0.06569
vn -0.14476 0.98693 0.07085
vn -0.14476 0.98693 0.07085
vn -0.33237 0.93904 -0.08798
vn -0.33237 0.93904 -0.08798
vn -0.18872 0.89557 0.40291
vn -0.18872 0.89557 0.40291
vn -0.18872 0.89557 0.40291
vn -0.06608 0.90309 0.42435
vn -0.06608 0.90309 0.42435
vn 0.14736 0.86356 0.48224
vn 0.14736 0.86356 0.48224
vn -0.16846 0.9542 0.24724
vn -0.16846 0.9542 0.24724
vn -0.16846 0.9542 0.24724
vn -0.39493 0.89446 0.20969
vn -0.39493 0.89446 0.20969
vn -0.39493 0.89446 0.20969
vn -0.12319 0.95551 0.26802
vn -0.12319 0.95551 0.26802
vn -0.12319 0.95551 0.26802
vn -0.41664 0.90858 0.02985
vn -0.41664 0.90858 0.02985
vn -0.41664 0.90858 0.02985
vn 0.08376 0.98628 0.14222
vn 0.27822 0.91975 0.27687
vn 0.27822 0.91975 0.27687
vn 0.27822 0.91975 0.27687
vn -0.39997 0.73207 0.55145
vn -0.39997 0.73207 0.55145
vn -0.39997 0.73207 0.55145
vn -0.49997 0.8467 0.18202
vn -0.49997 0.8467 0.18202
vn -0.49997 0.8467 0.18202
vn -0.39339 0.75437 0.52553
vn -0.39339 0.75437 0.52553
vn -0.39339 0.75437 0.52553
vn -0.54383 0.64991 0.53091
vn -0.54383 0.64991 0.53091
vn -0.21773 0.8287 0.5156
vn -0.21773 0.8287 0.5156
vn -0.33388 0.85179 0.4037
vn -0.33388 0.85179 0.40369
vn -0.33388 0.85179 0.40369
vn -0.27981 0.9511 0.13085
vn -0.27981 0.9511 0.13085
vn -0.72744 0.59684 0.33854
vn -0.72744 0.59684 0.33854
vn -0.72744 0.59684 0.33854
vn -0.71125 0.62735 0.31712
vn -0.71125 0.62735 0.31712
vn -0.71124 0.62735 0.31712
vn -0.64626 0.75067 0.13724
vn -0.64626 0.75067 0.13724
vn -0.42102 0.90406 0.07367
vn -0.42102 0.90406 0.07367
vn -0.42102 0.90406 0.07367
vn -0.25895 0.94811 0.18448
vn -0.25895 0.94811 0.18448
vn -0.49226 0.86889 -0.05203
vn -0.49226 0.86889 -0.05203
vn -0.49226 0.86889 -0.05203
vn -0.47569 0.86487 0.1604
vn -0.47569 0.86487 0.1604
vn -0.60824 0.78766 0.09814
vn -0.60824 0.78766 0.09814
vn -0.51135 0.85689 -0.06528
vn -0.51135 0.85689 -0.06528
vn -0.47429 0.8796 0.0369
vn -0.47429 0.8796 0.0369
vn -0.47429 0.8796 0.0369
vn -0.62831 0.73765 0.24718
vn -0.46059 0.88501 -0.06799
vn -0.46059 0.88501 -0.06799
vn -0.55151 0.67378 0.49178
vn -0.55151 0.67378 0.49178
vn -0.65891 0.75176 0.02646
vn -0.65891 0.75176 0.02646
vn -0.65891 0.75176 0.02646
vn -0.60582 0.79322 0.06142
vn -0.60582 0.79322 0.06142
vn -0.60582 0.79322 0.06142
vn 0.08236 0.92051 0.38195
vn 0.08236 0.92051 0.38195
vn 0.08236 0.92051 0.38195
vn -0.09193 0.91909 0.38318
vn -0.09193 0.91909 0.38318
vn 0.12418 0.85115 0.51002
vn 0.12418 0.85115 0.51002
vn 0.12418 0.85115 0.51002
vn 0.1753 0.89457 0.41112
vn 0.1753 0.89457 0.41112
vn 0.1753 0.89457 0.41112
vn 0.02584 0.87134 0.49
vn 0.02584 0.87134 0.49
vn -0.04524 0.88542 0.46258
vn -0.04524 0.88542 0.46258
vn -0.04524 0.88542 0.46258
vn 0.11362 0.77406 0.62284
vn -0.08876 0.96106 0.2617
vn -0.08876 0.96106 0.2617
vn -0.08876 0.96106 0.2617
vn 0.00384 0.73801 0.67478
vn 0.00384 0.73801 0.67478
vn 0.02417 0.6149 0.78823
vn 0.02417 0.6149 0.78823
vn 0.02417 0.6149 0.78823
vn 0.00112 0.63378 0.77351
vn 0.00112 0.63378 0.77351
vn -0.11471 0.69332 0.71144
vn -0.11471 0.69332 0.71144
vn -0.11471 0.69332 0.71144
vn -0.22264 0.82711 0.51607
vn -0.22264 0.82711 0.51607
vn -0.22264 0.82711 0.51607
vn -0.13431 0.85863 0.49468
vn -0.13431 0.85863 0.49468
vn -0.13431 0.85863 0.49468
vn -0.05377 0.87073 0.4888
vn -0.05377 0.87073 0.4888
vn -0.05377 0.87073 0.4888
vn 0.1495 0.90168 0.40574
vn 0.1495 0.90168 0.40574
vn 0.1495 0.90168 0.40574
vn 0.26316 0.92762 0.26507
vn 0.08295 0.7616 0.64271
vn 0.08295 0.7616 0.64271
vn 0.37598 0.6772 0.63249
vn 0.37598 0.6772 0.63249
vn 0.37598 0.6772 0.63249
vn -0.10962 0.95368 0.28013
vn -0.10962 0.95368 0.28013
vn -0.10962 0.95368 0.28013
vn -0.36499 0.83561 0.41055
vn -0.36499 0.83561 0.41055
vn -0.45181 0.86004 0.23707
vn -0.45181 0.86004 0.23707
vn -0.30025 0.57518 0.76093
vn -0.30025 0.57518 0.76093
vn -0.30025 0.57518 0.76093
vn -0.29893 0.70716 0.64075
vn -0.29893 0.70716 0.64075
vn -0.29893 0.70716 0.64075
vn -0.55259 0.78156 0.28949
vn -0.55259 0.78156 0.28949
vn -0.55259 0.78156 0.28949
vn -0.06018 0.87356 0.48299
vn -0.06018 0.87356 0.48299
vn -0.06018 0.87356 0.48299
vn -0.03411 0.7914 0.61035
vn -0.03411 0.7914 0.61035
vn 0.15673 0.82125 0.54862
vn 0.15673 0.82125 0.54862
vn 0.17698 0.81435 0.55273
vn 0.17698 0.81435 0.55273
vn 0.17698 0.81435 0.55273
vn 0.31831 0.82492 0.46711
vn 0.31831 0.82492 0.46711
vn 0.31831 0.82492 0.46711
vn 0.03669 0.86805 0.49512
vn 0.03669 0.86805 0.49512
vn 0.03669 0.86805 0.49512
vn 0.45547 0.7392 0.49611
vn 0.45547 0.7392 0.49611
vn 0.45547 0.7392 0.49611
vn 0.66979 0.57733 0.46699
vn 0.66979 0.57733 0.46699
vn 0.43005 0.75028 0.50213
vn 0.43005 0.75028 0.50213
vn 0.43005 0.75028 0.50213
vn 0.21827 0.81288 0.53998
vn 0.21827 0.81288 0.53998
vn 0.28126 0.87567 0.39255
vn 0.28126 0.87567 0.39255
vn 0.28126 0.87567 0.39255
vn 0.41354 0.83245 0.3688
vn 0.41354 0.83245 0.3688
vn 0.41354 0.83245 0.3688
vn 0.37165 0.85818 0.35412
vn 0.37165 0.85818 0.35412
vn 0.51515 0.79643 0.31672
vn 0.51515 0.79643 0.31672
vn 0.51515 0.79643 0.31672
vn 0.49596 0.82258 0.27818
vn 0.49596 0.82258 0.27818
vn 0.49596 0.82258 0.27818
vn 0.1906 0.86389 0.46622
vn 0.1906 0.86389 0.46622
vn 0.1906 0.86389 0.46622
vn 0.22749 0.89243 0.38963
vn 0.22749 0.89243 0.38963
vn 0.11568 0.95164 0.28462
vn 0.11568 0.95164 0.28462
vn 0.11568 0.95164 0.28462
vn 0.14252 0.75941 0.63481
vn 0.14252 0.75941 0.63481
vn 0.6545 0.60295 0.45616
vn 0.6545 0.60295 0.45616
vn 0.50116 0.78414 0.36602
vn 0.50116 0.78414 0.36602
vn 0.34079 0.87881 0.334
vn 0.34079 0.87881 0.334
vn 0.25076 0.8389 0.48309
vn 0.25076 0.8389 0.48309
vn 0.25076 0.8389 0.48309
vn 0.56153 0.67919 0.47264
vn 0.56153 0.67919 0.47264
vn 0.54398 0.66459 0.51225
vn 0.54398 0.66459 0.51225
vn 0.29874 0.83029 0.4705
vn 0.29874 0.83029 0.4705
vn 0.29874 0.83029 0.4705
vn 0.24972 0.7163 0.65158
vn 0.24972 0.7163 0.65157
vn 0.24972 0.7163 0.65158
vn 0.3261 0.75117 0.57394
vn 0.3261 0.75117 0.57394
vn 0.3261 0.75117 0.57394
vn 0.22309 0.75452 0.61719
vn 0.22309 0.75452 0.61719
vn 0.22309 0.75452 0.61719
vn 0.12496 0.54003 0.83232
vn 0.12496 0.54003 0.83232
vn 0.36263 0.92264 0.13129
vn 0.36263 0.92264 0.13129
vn 0.23652 0.90484 0.354
vn 0.23652 0.90484 0.354
vn 0.63389 0.57486 0.51742
vn 0.63389 0.57486 0.51742
vn 0.51084 0.80332 0.30615
vn 0.51084 0.80332 0.30615
vn 0.4898 0.59862 0.63384
vn 0.4898 0.59862 0.63384
vn 0.4898 0.59862 0.63384
vn 0.2508 0.78164 0.57109
vn 0.2508 0.78164 0.57109
vn 0.48225 0.79856 0.36017
vn 0.48225 0.79856 0.36017
vn 0.48225 0.79856 0.36017
vn 0.52989 0.80048 0.28011
vn 0.52989 0.80048 0.28011
vn 0.55384 0.59005 0.58745
vn 0.55384 0.59005 0.58745
vn 0.34026 0.39453 0.85356
vn 0.34026 0.39453 0.85356
vn 0.34026 0.39453 0.85356
vn 0.0705 0.68541 0.72474
vn 0.0705 0.68541 0.72474
vn 0.0705 0.68541 0.72474
vn 0.38911 0.54726 0.74101
vn 0.38911 0.54726 0.74101
vn 0.38911 0.54726 0.74101
vn 0.2882 0.95159 0.10689
vn 0.2882 0.95159 0.10689
vn 0.65383 0.67589 0.34013
vn 0.65383 0.67589 0.34013
vn 0.65383 0.67589 0.34013
vn 0.30059 0.74573 0.59459
vn 0.30059 0.74573 0.59459
vn 0.72757 0.65983 0.18777
vn 0.72757 0.65983 0.18777
vn 0.52153 0.43676 0.73297
vn 0.52153 0.43676 0.73297
vn 0.39563 0.79214 0.46474
vn 0.39563 0.79214 0.46474
vn 0.39563 0.79214 0.46474
vn 0.53863 0.81389 0.21785
vn 0.53863 0.81389 0.21785
vn 0.53863 0.81389 0.21785
vn 0.50218 0.856 0.12279
vn 0.50218 0.856 0.12279
vn 0.18312 0.8514 0.49152
vn 0.18312 0.8514 0.49152
vn 0.18312 0.8514 0.49152
vn 0.05943 0.99718 0.04592
vn 0.05943 0.99718 0.04592
vn 0.05943 0.99718 0.04592
vn 0.29121 0.83251 0.47129
vn 0.29121 0.83251 0.47129
vn 0.29121 0.83251 0.47129
vn 0.1453 0.76355 0.62919
vn 0.1453 0.76355 0.62919
vn 0.1453 0.76355 0.62919
vn 0.19777 0.93285 0.30114
vn 0.19777 0.93285 0.30114
vn 0.19777 0.93285 0.30114
vn 0.71932 0.64604 0.25536
vn 0.71932 0.64604 0.25536
vn 0.73692 0.64062 0.21577
vn 0.73692 0.64062 0.21577
vn 0.51949 0.83637 0.17496
vn 0.51949 0.83637 0.17496
vn 0.61488 0.78699 0.05061
vn 0.61488 0.78699 0.05061
vn 0.35819 0.90922 0.21217
vn 0.35819 0.90922 0.21217
vn 0.35819 0.90922 0.21217
vn 0.35531 0.90855 0.21977
vn 0.35531 0.90855 0.21977
vn 0.35531 0.90855 0.21977
vn 0.28411 0.9528 0.10706
vn 0.28411 0.9528 0.10706
vn 0.85169 0.48336 0.20244
vn 0.85169 0.48336 0.20244
vn 0.85169 0.48336 0.20244
vn 0.57363 0.72856 0.37437
vn 0.57363 0.72856 0.37437
vn 0.57363 0.72856 0.37437
vn -0.65727 0.71916 0.2254
vn -0.65727 0.71916 0.2254
vn -0.65727 0.71916 0.2254
vn -0.92332 0.36865 0.10763
vn -0.92332 0.36865 0.10763
vn -0.30292 0.95297 0.00989
vn -0.30292 0.95297 0.00989
vn -0.64634 0.74843 0.14869
vn -0.84509 0.53439 -0.01566
vn -0.84509 0.53439 -0.01566
vn -0.84509 0.53439 -0.01566
vn -0.80573 0.58949 -0.05754
vn -0.80573 0.58949 -0.05754
vn -0.80573 0.58949 -0.05754
vn -0.22486 0.96318 -0.14735
vn -0.22486 0.96318 -0.14735
vn -0.22486 0.96318 -0.14735
vn -0.41541 0.90782 -0.0574
vn -0.41541 0.90782 -0.0574
vn -0.41541 0.90782 -0.0574
vn -0.83413 0.42362 -0.35322
vn -0.83413 0.42362 -0.35322
vn -0.36552 0.87575 -0.31538
vn -0.36552 0.87575 -0.31538
vn -0.36552 0.87575 -0.31538
vn -0.49451 0.85862 0.13504
vn -0.49451 0.85862 0.13504
vn -0.49451 0.85862 0.13504
vn -0.58326 0.78773 0.19822
vn -0.58326 0.78773 0.19822
vn -0.58326 0.78773 0.19822
vn -0.65642 0.73509 0.16954
vn -0.65642 0.73509 0.16954
vn -0.70508 0.67256 0.22477
vn -0.70508 0.67256 0.22477
vn -0.70508 0.67256 0.22477
vn -0.69292 0.71974 0.04283
vn -0.69292 0.71974 0.04283
vn -0.69292 0.71974 0.04283
vn -0.66958 0.73876 0.07685
vn -0.66958 0.73876 0.07685
vn -0.59007 0.8073 0.00928
vn -0.59007 0.8073 0.00928
vn -0.31973 0.93279 0.16637
vn -0.31973 0.93279 0.16637
vn -0.31973 0.93279 0.16637
vn -0.53748 0.76422 0.35648
vn -0.53748 0.76422 0.35648
vn -0.53748 0.76422 0.35648
vn -0.5969 0.67304 0.43673
vn -0.5969 0.67304 0.43673
vn -0.5969 0.67304 0.43673
vn -0.66356 0.74021 0.10853
vn -0.66356 0.74021 0.10853
vn -0.66356 0.74021 0.10853
vn -0.70865 0.70276 0.06274
vn -0.70865 0.70276 0.06274
vn -0.70865 0.70276 0.06274
vn -0.47984 0.86752 -0.13099
vn -0.47984 0.86752 -0.13099
vn -0.47984 0.86752 -0.13099
vn -0.26238 0.9569 0.12449
vn -0.26238 0.9569 0.12449
vn -0.27996 0.95557 0.09224
vn -0.27996 0.95557 0.09224
vn -0.27996 0.95557 0.09224
vn -0.27194 0.95985 -0.06883
vn -0.27194 0.95985 -0.06883
vn -0.4846 0.85209 -0.19776
vn -0.4846 0.85209 -0.19776
vn -0.03898 0.9731 -0.22707
vn -0.03898 0.9731 -0.22707
vn -0.03898 0.9731 -0.22707
vn -0.37753 0.91447 -0.14568
vn -0.37753 0.91447 -0.14568
vn -0.37753 0.91447 -0.14568
vn -0.65393 0.74382 -0.13822
vn -0.65393 0.74382 -0.13822
vn -0.65393 0.74382 -0.13822
vn -0.80084 0.47116 -0.36968
vn -0.80084 0.47116 -0.36968
vn -0.69393 0.65741 -0.29371
vn -0.69393 0.65741 -0.29371
vn -0.65338 0.64581 -0.395
vn -0.65338 0.64581 -0.395
vn -0.41088 0.81915 0.40022
vn -0.41088 0.81915 0.40022
vn -0.41088 0.81915 0.40022
vn -0.29809 0.94073 0.16174
vn -0.29809 0.94073 0.16174
vn -0.29809 0.94073 0.16174
vn -0.29864 0.94829 0.10755
vn -0.29864 0.94829 0.10755
vn -0.29864 0.94829 0.10755
vn -0.99921 -0.0355 -0.01764
vn -0.99921 -0.0355 -0.01764
vn -0.99921 -0.0355 -0.01764
vn -0.18352 0.98296 0.01049
vn -0.18352 0.98296 0.01049
vn -0.18352 0.98296 0.01049
vn -0.26367 0.96408 0.032
vn -0.26367 0.96408 0.032
vn -0.30313 0.95135 -0.05512
vn -0.30313 0.95135 -0.05512
vn -0.30313 0.95135 -0.05512
vn 0.09208 0.99234 0.08234
vn 0.09208 0.99234 0.08234
vn 0.09208 0.99234 0.08234
vn 0.08865 0.99334 0.07363
vn 0.08865 0.99334 0.07363
vn -0.31054 0.95056 0.00201
vn -0.31054 0.95056 0.00201
vn -0.2868 0.95755 0.02889
vn -0.2868 0.95755 0.02889
vn 0.01488 0.99986 0.00799
vn 0.01488 0.99986 0.00799
vn -0.10138 0.98202 -0.15924
vn -0.10138 0.98202 -0.15924
vn -0.10138 0.98202 -0.15924
vn -0.28583 0.95792 0.02645
vn -0.28583 0.95792 0.02645
vn 0.05589 0.9926 -0.10779
vn 0.05589 0.9926 -0.10779
vn 0.05589 0.9926 -0.10779
vn -0.32326 0.94614 0.01789
vn -0.32326 0.94614 0.01789
vn -0.32326 0.94614 0.01789
vn -0.15991 0.97793 -0.13448
vn -0.15991 0.97793 -0.13448
vn -0.15991 0.97793 -0.13448
vn -0.29139 0.94715 -0.13418
vn -0.29139 0.94715 -0.13418
vn -0.33793 0.91637 -0.21464
vn -0.33793 0.91637 -0.21464
vn -0.33793 0.91637 -0.21464
vn -0.5818 0.80728 -0.09899
vn -0.5818 0.80728 -0.09899
vn -0.5818 0.80728 -0.09899
vn -0.72269 0.69007 -0.039
vn -0.72269 0.69007 -0.039
vn -0.59124 0.79662 0.12586
vn -0.59124 0.79662 0.12586
vn -0.7614 0.62245 0.18115
vn -0.7614 0.62245 0.18115
vn -0.54514 0.83577 -0.0657
vn -0.54514 0.83577 -0.0657
vn -0.53932 0.82774 0.15485
vn -0.53932 0.82774 0.15485
vn -0.61196 0.77042 0.17874
vn -0.61196 0.77042 0.17874
vn -0.6288 0.75323 0.19299
vn -0.6288 0.75324 0.19299
vn -0.60209 0.78871 0.12419
vn -0.60209 0.78871 0.12419
vn -0.60209 0.78871 0.12419
vn -0.66389 0.71909 0.20533
vn -0.66389 0.71909 0.20533
vn -0.64149 0.70269 0.30775
vn -0.64149 0.70269 0.30775
vn -0.64149 0.70269 0.30775
vn -0.67288 0.71466 0.19104
vn -0.67288 0.71466 0.19104
vn -0.67288 0.71466 0.19104
vn -0.6257 0.77587 0.08069
vn -0.6257 0.77588 0.08069
vn -0.61874 0.77925 -0.09968
vn -0.61874 0.77925 -0.09968
vn -0.61874 0.77925 -0.09968
vn -0.72431 0.68101 -0.10767
vn -0.6692 0.7401 -0.06648
vn -0.6692 0.7401 -0.06648
vn -0.6692 0.7401 -0.06648
vn -0.57654 0.81027 0.10518
vn -0.73522 0.6425 0.21596
vn -0.73522 0.6425 0.21596
vn -0.73522 0.6425 0.21596
vn -0.62298 0.77586 0.0997
vn -0.62298 0.77586 0.0997
vn -0.62298 0.77586 0.0997
vn -0.71759 0.66327 0.21247
vn -0.71759 0.66327 0.21247
vn -0.71759 0.66327 0.21247
vn -0.64531 0.76282 -0.04106
vn -0.64531 0.76282 -0.04106
vn -0.64531 0.76282 -0.04106
vn -0.93885 0.33083 -0.09548
vn -0.93885 0.33083 -0.09548
vn -0.93885 0.33083 -0.09548
vn -0.53515 0.84445 0.02278
vn -0.53515 0.84445 0.02278
vn -0.53515 0.84445 0.02278
vn -0.48422 0.69321 0.53385
vn -0.48422 0.69321 0.53385
vn -0.67391 0.71858 0.17172
vn -0.67391 0.71858 0.17172
vn -0.67391 0.71858 0.17172
vn -0.50087 0.6895 0.52318
vn -0.50087 0.6895 0.52318
vn -0.44771 0.841 0.30377
vn -0.44771 0.841 0.30377
vn -0.44771 0.841 0.30377
vn -0.52559 0.84977 0.04069
vn -0.52559 0.84977 0.04069
vn -0.46714 0.87881 0.09734
vn -0.46714 0.87881 0.09734
vn -0.46714 0.87881 0.09734
vn -0.62799 0.77382 0.08265
vn -0.62799 0.77382 0.08265
vn 0.14108 0.80458 0.57685
vn 0.14108 0.80458 0.57685
vn 0.14108 0.80458 0.57685
vn 0.10899 0.79533 0.5963
vn 0.10899 0.79533 0.5963
vn 0.10899 0.79533 0.5963
vn 0.3166 0.66303 0.67835
vn 0.3166 0.66303 0.67835
vn 0.30855 0.78019 0.54415
vn 0.30855 0.78019 0.54415
vn 0.07761 0.84428 0.53026
vn 0.07761 0.84428 0.53026
vn -0.22477 0.96037 0.16481
vn -0.22477 0.96037 0.16481
vn -0.05572 0.99661 -0.06056
vn -0.05572 0.99661 -0.06056
vn -0.05572 0.99661 -0.06056
vn 0.28497 0.9515 0.11591
vn 0.28497 0.9515 0.11591
vn 0.28497 0.9515 0.11591
vn -0.32769 0.94096 0.08487
vn -0.32769 0.94096 0.08487
vn 0.02602 0.98752 -0.15531
vn 0.02602 0.98752 -0.15531
vn 0.01341 0.98791 -0.15443
vn 0.01341 0.98791 -0.15443
vn -0.29544 0.95192 -0.08102
vn -0.29544 0.95192 -0.08102
vn -0.29544 0.95192 -0.08102
vn -0.13771 0.97122 -0.19435
vn -0.13771 0.97122 -0.19435
vn -0.13771 0.97122 -0.19435
vn -0.5676 0.77047 0.29017
vn -0.5676 0.77047 0.29017
vn -0.5676 0.77047 0.29017
vn -0.53143 0.82091 0.20904
vn -0.53143 0.82091 0.20904
vn -0.53143 0.82091 0.20904
vn -0.4961 0.84021 0.21893
vn -0.4961 0.84021 0.21893
vn -0.4961 0.84021 0.21893
vn -0.51104 0.8369 0.19605
vn -0.51104 0.8369 0.19605
vn -0.51104 0.8369 0.19605
vn -0.49928 0.86619 -0.02072
vn -0.49928 0.86619 -0.02072
vn -0.49928 0.86619 -0.02072
vn -0.49582 0.86837 -0.01037
vn -0.49582 0.86837 -0.01037
vn -0.56533 0.81659 0.11651
vn -0.56533 0.81659 0.11651
vn -0.56533 0.81659 0.11651
vn 0.45133 0.47374 0.75622
vn 0.45133 0.47374 0.75622
vn 0.45133 0.47374 0.75622
vn 0.44091 0.86372 0.24409
vn 0.44091 0.86372 0.24409
vn 0.44091 0.86372 0.24409
vn 0.50255 0.83028 0.24099
vn 0.50255 0.83028 0.24099
vn 0.50255 0.83028 0.24099
vn 0.55015 0.81172 0.19609
vn 0.55015 0.81172 0.19609
vn 0.76648 0.56628 0.30305
vn 0.76648 0.56628 0.30305
vn 0.76647 0.56628 0.30305
vn 0.53893 0.83321 0.12372
vn 0.53893 0.83321 0.12372
vn 0.61421 0.70087 0.36266
vn 0.61421 0.70087 0.36266
vn 0.61421 0.70087 0.36266
vn 0.71233 0.67721 -0.18431
vn 0.71233 0.67721 -0.18431
vn 0.67752 0.73449 -0.03858
vn 0.67752 0.73449 -0.03858
vn 0.67752 0.73449 -0.03858
vn 0.27411 0.72469 0.63221
vn 0.27411 0.72469 0.63221
vn 0.17818 0.97766 0.11151
vn 0.17818 0.97766 0.11151
vn 0.17818 0.97766 0.11151
vn 0.01301 0.99716 -0.07418
vn 0.01301 0.99716 -0.07418
vn 0.01301 0.99716 -0.07418
vn 0.39442 0.91889 0.00913
vn 0.39442 0.91889 0.00913
vn 0.36018 0.93275 0.01562
vn 0.36018 0.93275 0.01562
vn 0.36018 0.93275 0.01562
vn 0.53602 0.78737 -0.3045
vn 0.53602 0.78737 -0.3045
vn 0.45653 0.84833 -0.26819
vn 0.45653 0.84833 -0.26819
vn 0.45653 0.84833 -0.26819
vn 0.08324 0.9782 -0.19023
vn 0.08324 0.9782 -0.19023
vn 0.08324 0.9782 -0.19023
vn 0.62068 0.77319 0.13012
vn 0.62068 0.77319 0.13012
vn 0.52268 0.83139 0.18867
vn 0.52268 0.83139 0.18867
vn 0.42142 0.90674 -0.01474
vn 0.42142 0.90675 -0.01474
vn 0.42142 0.90675 -0.01474
vn 0.76115 0.64367 -0.07964
vn 0.76115 0.64367 -0.07964
vn 0.76115 0.64367 -0.07964
vn 0.79286 0.60911 -0.01888
vn 0.79286 0.60911 -0.01888
vn 0.79286 0.60911 -0.01888
vn 0.66181 0.71278 0.2323
vn 0.66181 0.71278 0.2323
vn 0.72252 0.67001 0.17044
vn 0.72252 0.67001 0.17044
vn 0.28427 0.95769 -0.045
vn 0.28427 0.95769 -0.045
vn 0.28427 0.95769 -0.045
vn 0.33886 0.91456 -0.22079
vn 0.33886 0.91456 -0.22079
vn 0.33886 0.91456 -0.22079
vn 0.74593 0.66137 -0.07858
vn 0.74593 0.66137 -0.07858
vn 0.74593 0.66137 -0.07858
vn 0.30396 0.95122 0.0528
vn 0.30396 0.95122 0.0528
vn 0.62142 0.78348 0.00233
vn 0.80759 0.57597 0.12673
vn 0.80759 0.57597 0.12673
vn 0.80759 0.57597 0.12673
vn 0.80617 0.5908 -0.03243
vn 0.80617 0.5908 -0.03243
vn 0.81951 0.57306 -0.00309
vn 0.81951 0.57306 -0.00309
vn 0.81951 0.57306 -0.00309
vn 0.48545 0.8727 -0.05237
vn 0.48545 0.8727 -0.05237
vn 0.48545 0.8727 -0.05237
vn 0.69493 0.71419 -0.08366
vn 0.69493 0.71419 -0.08366
vn 0.78279 0.62228 0.00339
vn 0.78278 0.62228 0.00339
vn 0.78279 0.62228 0.00339
vn 0.09358 0.995 -0.03499
vn 0.09358 0.995 -0.03499
vn 0.09358 0.995 -0.03499
vn 0.17719 0.98319 -0.04397
vn 0.17719 0.98319 -0.04397
vn 0.17719 0.98319 -0.04397
vn 0.00187 0.98652 -0.16365
vn 0.00187 0.98652 -0.16365
vn 0.00187 0.98652 -0.16365
vn 0.55245 0.8334 -0.01564
vn 0.55245 0.8334 -0.01564
vn 0.54275 0.83922 -0.03362
vn 0.54275 0.83922 -0.03362
vn 0.29023 0.94057 -0.17635
vn 0.29023 0.94057 -0.17635
vn 0.28579 0.94043 -0.18417
vn 0.28579 0.94043 -0.18417
vn 0.28579 0.94043 -0.18417
vn 0.041 0.97961 -0.19669
vn 0.54978 0.83422 0.04253
vn 0.54978 0.83422 0.04253
vn 0.54978 0.83422 0.04253
vn 0.49336 0.86143 -0.12057
vn 0.49336 0.86143 -0.12057
vn 0.43266 0.88592 -0.16718
vn 0.43266 0.88592 -0.16718
vn 0.43266 0.88592 -0.16718
vn 0.1171 0.98774 -0.1032
vn 0.1171 0.98774 -0.1032
vn 0.1171 0.98774 -0.1032
vn 0.07208 0.99195 -0.10413
vn 0.07208 0.99195 -0.10413
vn 0.07208 0.99195 -0.10413
vn 0.33986 0.93386 -0.11139
vn 0.33986 0.93386 -0.11139
vn 0.33986 0.93386 -0.11139
vn 0.34872 0.9285 -0.12757
vn 0.34872 0.9285 -0.12757
vn 0.34872 0.9285 -0.12757
vn 0.74195 0.67034 -0.01241
vn 0.74195 0.67034 -0.01241
vn 0.34543 0.9323 -0.10721
vn 0.34543 0.9323 -0.10721
vn 0.34543 0.9323 -0.10721
vn 0.64676 0.60542 -0.46387
vn 0.64676 0.60542 -0.46387
vn 0.61401 0.63584 -0.46764
vn 0.61401 0.63584 -0.46764
vn 0.28553 0.90866 -0.30464
vn 0.28553 0.90866 -0.30464
vn 0.24955 0.95382 -0.16718
vn 0.24955 0.95382 -0.16718
vn 0.24955 0.95382 -0.16718
vn 0.78986 0.55351 -0.26409
vn 0.78986 0.55351 -0.26409
vn 0.78986 0.55351 -0.26409
vn 0.32895 0.9317 -0.15404
vn 0.32895 0.9317 -0.15404
vn 0.63632 0.71967 -0.27779
vn 0.63632 0.71967 -0.27779
vn 0.4416 0.89702 -0.01875
vn 0.46286 0.88543 -0.04197
vn 0.46286 0.88543 -0.04197
vn 0.46286 0.88543 -0.04197
vn 0.704 0.70978 -0.02443
vn 0.704 0.70978 -0.02443
vn 0.704 0.70978 -0.02443
vn 0.81701 0.2619 0.51371
vn 0.81701 0.2619 0.51371
vn 0.81701 0.2619 0.51371
vn 0.41517 0.86118 -0.29327
vn 0.41517 0.86118 -0.29327
vn 0.41517 0.86118 -0.29327
vn 0.1517 0.98165 -0.11556
vn 0.1517 0.98165 -0.11556
vn 0.1517 0.98165 -0.11556
vn -0.0265 0.99759 -0.06417
vn -0.0265 0.99759 -0.06417
vn -0.0265 0.99759 -0.06417
vn 0.11684 0.98625 -0.11691
vn 0.11684 0.98625 -0.11691
vn 0.11684 0.98625 -0.11691
vn -0.4729 0.87092 -0.13363
vn -0.4729 0.87092 -0.13363
vn -0.3899 0.92086 0.00052
vn -0.3899 0.92086 0.00052
vn -0.3899 0.92086 0.00052
vn -0.40567 0.90612 -0.11993
vn -0.40567 0.90612 -0.11993
vn -0.40567 0.90612 -0.11993
vn -0.49945 0.84305 -0.19952
vn -0.49945 0.84305 -0.19952
vn -0.49945 0.84305 -0.19952
vn -0.66277 0.7488 0.00662
vn -0.66277 0.7488 0.00662
vn -0.3757 0.92569 -0.04409
vn -0.3757 0.92569 -0.04409
vn -0.3757 0.92569 -0.04409
vn -0.44485 0.73087 -0.51763
vn -0.44485 0.73087 -0.51763
vn -0.44485 0.73087 -0.51763
vn -0.24219 0.96261 0.12133
vn -0.24219 0.96261 0.12133
vn -0.31063 0.93689 0.16045
vn -0.31063 0.93689 0.16045
vn -0.31063 0.93689 0.16045
vn -0.49571 0.86462 -0.08185
vn -0.49571 0.86462 -0.08185
vn -0.6365 0.71429 -0.29096
vn -0.6365 0.71429 -0.29096
vn -0.6365 0.71429 -0.29096
vn -0.3651 0.91246 -0.18471
vn -0.3651 0.91246 -0.18471
vn -0.3651 0.91246 -0.18471
vn -0.52082 0.75538 -0.39769
vn -0.52082 0.75538 -0.39769
vn -0.52082 0.75538 -0.39769
vn -0.42582 0.43931 -0.791
vn -0.42582 0.43931 -0.791
vn -0.42582 0.43931 -0.791
vn -0.60994 0.52648 -0.59227
vn -0.18344 0.86577 -0.46561
vn -0.18344 0.86577 -0.46561
vn -0.18344 0.86577 -0.46561
vn -0.36225 0.89331 -0.26603
vn -0.36225 0.89331 -0.26603
vn -0.36225 0.89331 -0.26603
vn -0.35365 0.91663 -0.18635
vn -0.35365 0.91663 -0.18635
vn -0.35365 0.91663 -0.18635
vn -0.10711 0.97984 -0.16862
vn -0.10711 0.97984 -0.16862
vn -0.34421 0.91872 -0.19357
vn -0.34421 0.91872 -0.19357
vn -0.34421 0.91872 -0.19357
vn -0.31606 0.94832 -0.02823
vn -0.31606 0.94832 -0.02823
vn -0.31606 0.94832 -0.02823
vn -0.28046 0.95911 -0.03798
vn -0.28046 0.95911 -0.03798
vn -0.39165 0.91979 0.02442
vn -0.39165 0.91979 0.02442
vn -0.39165 0.91979 0.02442
vn -0.42709 0.90216 -0.0608
vn -0.42709 0.90216 -0.0608
vn -0.42709 0.90216 -0.0608
vn -0.39915 0.90964 -0.11504
vn -0.39915 0.90964 -0.11504
vn -0.39915 0.90964 -0.11504
vn -0.41407 0.90198 -0.12236
vn -0.41407 0.90198 -0.12236
vn -0.41951 0.72969 -0.53996
vn -0.41951 0.72969 -0.53996
vn -0.64262 0.75713 -0.11743
vn -0.64262 0.75713 -0.11743
vn -0.71304 0.69483 -0.09371
vn -0.8328 0.53275 -0.15038
vn -0.8328 0.53275 -0.15038
vn -0.8328 0.53275 -0.15038
vn -0.80473 0.5812 -0.12087
vn -0.80473 0.5812 -0.12087
vn -0.80473 0.5812 -0.12087
vn -0.68345 0.72465 -0.08818
vn -0.68345 0.72465 -0.08818
vn -0.68345 0.72465 -0.08818
vn -0.64545 0.76268 -0.04137
vn -0.64545 0.76268 -0.04137
vn -0.68256 0.71627 -0.14518
vn -0.68256 0.71627 -0.14518
vn -0.68256 0.71627 -0.14518
vn -0.57959 0.76133 -0.29061
vn -0.65712 0.70841 -0.25758
vn -0.65712 0.70841 -0.25758
vn -0.49151 0.83601 -0.24395
vn -0.49151 0.83601 -0.24395
vn -0.49151 0.83601 -0.24395
vn -0.60104 0.7659 -0.22836
vn -0.60104 0.7659 -0.22836
vn -0.60104 0.7659 -0.22836
vn -0.59787 0.76946 -0.2247
vn -0.59787 0.76946 -0.2247
vn -0.59787 0.76946 -0.2247
vn -0.59094 0.7723 -0.23312
vn -0.59094 0.7723 -0.23312
vn -0.59094 0.7723 -0.23312
vn -0.52631 0.80988 -0.25901
vn -0.52631 0.80988 -0.25901
vn -0.44949 0.89249 0.03775
vn -0.44949 0.89249 0.03775
vn -0.44949 0.89249 0.03775
vn -0.54443 0.81076 -0.21509
vn -0.54443 0.81076 -0.21509
vn -0.54443 0.81076 -0.21509
vn -0.5645 0.79516 -0.22151
vn -0.5645 0.79516 -0.22151
vn -0.44487 0.89167 -0.08372
vn -0.4684 0.88074 -0.07005
vn -0.4684 0.88074 -0.07005
vn -0.4684 0.88074 -0.07005
vn -0.49172 0.86645 -0.08651
vn -0.49172 0.86645 -0.08651
vn -0.49172 0.86645 -0.08651
vn -0.5101 0.81629 -0.27105
vn -0.5101 0.81629 -0.27105
vn -0.5101 0.81629 -0.27105
vn -0.51189 0.84411 -0.15952
vn -0.51189 0.84411 -0.15952
vn -0.51189 0.84411 -0.15952
vn -0.48354 0.84179 -0.23996
vn -0.48354 0.84179 -0.23996
vn -0.48354 0.84179 -0.23996
vn -0.42257 0.85864 -0.29012
vn -0.42257 0.85864 -0.29012
vn -0.42257 0.85864 -0.29012
vn -0.34039 0.85069 -0.40058
vn -0.34039 0.85069 -0.40058
vn -0.34039 0.85069 -0.40058
vn -0.29849 0.89748 -0.3247
vn -0.29849 0.89748 -0.3247
vn -0.29849 0.89748 -0.3247
vn -0.45075 0.80857 -0.37821
vn -0.45075 0.80857 -0.37821
vn -0.45075 0.80857 -0.37821
vn -0.17585 0.94714 -0.26834
vn -0.17585 0.94714 -0.26834
vn -0.17793 0.94824 -0.26301
vn -0.17793 0.94824 -0.26301
vn -0.17793 0.94824 -0.26301
vn 0.03315 0.98561 -0.16576
vn 0.03315 0.98561 -0.16576
vn -0.12058 0.9533 -0.2769
vn -0.12058 0.9533 -0.2769
vn -0.12058 0.9533 -0.2769
vn -0.12758 0.91797 -0.37557
vn -0.12758 0.91797 -0.37557
vn 0.00716 0.90627 -0.42263
vn 0.00716 0.90627 -0.42263
vn 0.00716 0.90627 -0.42263
vn 0.0039 0.80751 -0.58984
vn -0.29992 0.86297 -0.4066
vn -0.29992 0.86297 -0.4066
vn -0.29992 0.86297 -0.4066
vn -0.21141 0.85996 -0.46451
vn -0.21141 0.85996 -0.46451
vn -0.21141 0.85996 -0.46451
vn -0.1652 0.81563 -0.55449
vn -0.1652 0.81563 -0.55449
vn -0.1652 0.81563 -0.55449
vn -0.16186 0.81807 -0.55187
vn -0.16186 0.81807 -0.55187
vn -0.16186 0.81807 -0.55187
vn -0.0133 0.80497 -0.59317
vn -0.0133 0.80497 -0.59317
vn -0.0133 0.80497 -0.59317
vn 0.13208 0.5643 -0.81494
vn 0.13208 0.5643 -0.81494
vn 0.13208 0.5643 -0.81494
vn -0.07536 0.68444 -0.72516
vn -0.07536 0.68444 -0.72516
vn -0.45143 0.80599 -0.38287
vn -0.45143 0.80599 -0.38287
vn -0.45143 0.80599 -0.38287
vn -0.4109 0.80603 -0.42601
vn -0.4109 0.80603 -0.42601
vn -0.4109 0.80603 -0.42601
vn -0.37831 0.8084 -0.45097
vn -0.37831 0.8084 -0.45097
vn -0.37831 0.8084 -0.45097
vn -0.31529 0.83819 -0.44501
vn -0.31529 0.83819 -0.44501
vn -0.19037 0.81302 -0.55023
vn -0.19037 0.81302 -0.55023
vn -0.3019 0.64237 -0.70443
vn -0.3019 0.64237 -0.70443
vn -0.3019 0.64237 -0.70443
vn -0.17418 0.62649 -0.75972
vn -0.17418 0.62649 -0.75972
vn -0.18413 0.68009 -0.70963
vn -0.18413 0.68009 -0.70963
vn 0.27234 0.9091 -0.31522
vn 0.51624 0.80874 -0.28185
vn 0.51624 0.80874 -0.28185
vn 0.25152 0.92606 -0.28135
vn 0.25152 0.92606 -0.28135
vn 0.25163 0.92612 -0.28103
vn 0.25163 0.92612 -0.28103
vn 0.26053 0.82608 -0.49971
vn 0.26053 0.82608 -0.49971
vn 0.26053 0.82608 -0.49971
vn 0.16347 0.78424 -0.59853
vn 0.16347 0.78424 -0.59853
vn 0.59621 0.74097 -0.30902
vn 0.59621 0.74097 -0.30902
vn 0.59621 0.74097 -0.30902
vn 0.6379 0.70909 -0.30046
vn 0.6379 0.70909 -0.30046
vn 0.68829 0.61675 -0.38194
vn 0.68829 0.61675 -0.38194
vn 0.68829 0.61675 -0.38194
vn 0.68992 0.61507 -0.3817
vn 0.68992 0.61507 -0.3817
vn 0.68992 0.61507 -0.3817
vn 0.63864 0.73236 -0.23619
vn 0.63864 0.73236 -0.23619
vn 0.63864 0.73236 -0.23619
vn 0.69774 0.67047 -0.25226
vn 0.69774 0.67047 -0.25226
vn 0.69774 0.67047 -0.25226
vn 0.6526 0.72178 -0.23054
vn 0.6526 0.72178 -0.23054
vn 0.59835 0.73655 -0.3154
vn 0.59835 0.73655 -0.3154
vn 0.6048 0.79064 -0.09546
vn 0.6048 0.79064 -0.09546
vn 0.6048 0.79064 -0.09546
vn 0.43239 0.64197 -0.63318
vn 0.43239 0.64197 -0.63318
vn 0.43239 0.64197 -0.63318
vn 0.49757 0.76539 -0.40817
vn 0.49757 0.76539 -0.40817
vn 0.49757 0.76539 -0.40817
vn 0.46223 0.80915 -0.36281
vn 0.46223 0.80915 -0.36281
vn 0.46223 0.80915 -0.36281
vn 0.46483 0.78974 -0.4003
vn 0.46483 0.78974 -0.4003
vn 0.28622 0.69272 -0.66198
vn 0.28622 0.69272 -0.66198
vn 0.28622 0.69272 -0.66198
vn 0.4462 0.74078 -0.50214
vn 0.4462 0.74078 -0.50214
vn 0.41039 0.7077 -0.5751
vn 0.41039 0.7077 -0.5751
vn 0.23674 0.61372 -0.75319
vn 0.23674 0.61372 -0.75319
vn 0.23674 0.61372 -0.75319
vn 0.16719 0.72267 -0.67067
vn 0.16719 0.72267 -0.67067
vn 0.16719 0.72267 -0.67067
vn 0.27968 0.60177 -0.7481
vn 0.27968 0.60177 -0.7481
vn 0.64955 0.73137 -0.20779
vn 0.64955 0.73137 -0.20779
vn 0.64955 0.73137 -0.20779
vn 0.78148 0.55997 -0.27517
vn 0.78148 0.55997 -0.27517
vn 0.78148 0.55997 -0.27517
vn 0.62776 0.77714 0.04436
vn 0.62776 0.77714 0.04436
vn 0.62776 0.77714 0.04436
vn 0.52673 0.83217 0.17334
vn 0.52673 0.83217 0.17334
vn 0.69283 0.72029 -0.03414
vn 0.69283 0.72029 -0.03414
vn 0.69283 0.72029 -0.03414
vn 0.47321 0.87439 -0.10728
vn 0.47321 0.87439 -0.10728
vn 0.47321 0.87439 -0.10728
vn 0.52656 0.83226 0.17344
vn 0.52656 0.83226 0.17344
vn 0.52656 0.83226 0.17344
vn 0.35568 0.90427 -0.23618
vn 0.35568 0.90427 -0.23618
vn 0.37595 0.92363 -0.0746
vn 0.37595 0.92363 -0.0746
vn 0.5446 0.81933 -0.17921
vn 0.5446 0.81933 -0.17921
vn 0.49964 0.85001 -0.16686
vn 0.49964 0.85001 -0.16686
vn 0.49964 0.85001 -0.16686
vn 0.3388 0.90819 -0.24577
vn 0.3388 0.90819 -0.24577
vn 0.3388 0.90819 -0.24577
vn 0.34367 0.90569 -0.24824
vn 0.34367 0.90569 -0.24824
vn 0.34367 0.90569 -0.24824
vn 0.2131 0.95106 -0.22377
vn 0.2131 0.95106 -0.22377
vn 0.2131 0.95106 -0.22377
vn 0.35563 0.88962 -0.28654
vn 0.35563 0.88962 -0.28654
vn 0.35563 0.88962 -0.28654
vn 0.3772 0.88444 -0.27474
vn 0.3772 0.88444 -0.27474
vn 0.3772 0.88444 -0.27474
vn 0.37473 0.91365 0.15757
vn 0.37473 0.91365 0.15757
vn 0.37473 0.91365 0.15757
vn 0.51138 0.85921 -0.01594
vn 0.51138 0.85921 -0.01594
vn 0.51138 0.85921 -0.01594
vn 0.41499 0.90258 -0.11461
vn 0.41499 0.90258 -0.11461
vn 0.41499 0.90258 -0.11461
vn 0.23433 0.90953 -0.3433
vn 0.23433 0.90953 -0.3433
vn 0.23433 0.90953 -0.3433
vn 0.4415 0.84199 -0.31006
vn 0.4415 0.84199 -0.31006
vn 0.53456 0.84096 -0.08392
vn 0.53456 0.84096 -0.08392
vn 0.53456 0.84096 -0.08392
vn 0.67611 0.62477 -0.39055
vn 0.67611 0.62477 -0.39055
vn 0.67611 0.62477 -0.39055
vn 0.71512 0.5265 -0.45979
vn 0.71512 0.5265 -0.45979
vn 0.62217 0.77793 -0.08795
vn 0.62217 0.77793 -0.08795
vn 0.62217 0.77793 -0.08795
vn 0.60746 0.78474 -0.12318
vn 0.60746 0.78474 -0.12318
vn 0.61089 0.79015 -0.04975
vn 0.61089 0.79015 -0.04975
vn 0.61089 0.79015 -0.04975
vn 0.60639 0.78829 -0.10432
vn 0.60639 0.78829 -0.10432
vn 0.60639 0.78829 -0.10432
vn 0.12755 0.99083 0.04467
vn 0.12755 0.99083 0.04467
vn 0.12755 0.99083 0.04467
vn 0.5124 0.85873 -0.00568
vn 0.5124 0.85873 -0.00568
vn 0.32415 0.94558 -0.02837
vn 0.32415 0.94558 -0.02837
vn -0.04207 0.99394 0.10157
vn -0.04207 0.99394 0.10157
vn -0.04207 0.99394 0.10157
vn 0.03554 0.99814 -0.04962
vn 0.03554 0.99814 -0.04962
vn 0.44763 0.8781 -0.16902
vn 0.44763 0.8781 -0.16902
vn 0.44763 0.8781 -0.16902
vn 0.41547 0.87309 -0.25514
vn 0.41547 0.87309 -0.25514
vn 0.41547 0.87309 -0.25514
vn -0.09866 0.99298 0.06519
vn -0.09866 0.99298 0.06519
vn 0.94538 0.32041 -0.05991
vn 0.94538 0.32041 -0.05991
vn 0.79751 0.5682 -0.20281
vn 0.79751 0.5682 -0.20281
vn 0.79751 0.5682 -0.20281
vn 0.80376 0.56776 -0.17784
vn 0.80376 0.56776 -0.17783
vn 0.80376 0.56776 -0.17783
vn -0.46734 0.81991 -0.33066
vn -0.46734 0.81991 -0.33066
vn -0.46734 0.81991 -0.33066
vn -0.23018 0.97275 -0.02797
vn -0.23018 0.97275 -0.02797
vn -0.23018 0.97275 -0.02797
vn -0.17489 0.98454 0.00972
vn -0.17489 0.98454 0.00972
vn -0.17489 0.98454 0.00972
vn -0.01217 0.99961 0.02516
vn -0.01217 0.99961 0.02516
vn -0.01217 0.99961 0.02516
vn -0.00245 0.99716 -0.0753
vn -0.00245 0.99716 -0.0753
vn -0.00245 0.99716 -0.0753
vn -0.38464 0.88411 -0.26534
vn -0.38464 0.88411 -0.26534
vn -0.38464 0.88411 -0.26534
vn 0.06723 0.99396 0.08668
vn 0.06723 0.99396 0.08668
vn 0.06723 0.99396 0.08668
vn 0.02616 0.98126 0.19092
vn 0.02616 0.98126 0.19092
vn 0.02616 0.98126 0.19092
vn -0.51657 0.78704 -0.33721
vn -0.51657 0.78704 -0.33721
vn -0.51657 0.78704 -0.33721
vn -0.28003 0.95987 0.01553
vn -0.28003 0.95987 0.01553
vn -0.28003 0.95987 0.01553
vn -0.33305 0.94026 0.07057
vn -0.33305 0.94026 0.07057
vn -0.3737 0.92583 -0.05642
vn -0.3737 0.92583 -0.05642
vn -0.3737 0.92583 -0.05642
vn -0.23465 0.96299 0.13262
vn -0.23465 0.96299 0.13262
vn -0.23465 0.96299 0.13262
vn -0.4879 0.77328 -0.40494
vn -0.4879 0.77328 -0.40494
vn -0.4879 0.77328 -0.40494
vn -0.48275 0.79802 -0.36072
vn -0.48275 0.79802 -0.36072
vn -0.48275 0.79802 -0.36072
vn -0.27599 0.96088 0.0234
vn -0.27599 0.96088 0.0234
vn -0.27599 0.96088 0.0234
vn -0.01383 0.95051 0.31038
vn -0.01383 0.95051 0.31038
vn -0.47937 0.83021 -0.28451
vn -0.47937 0.83021 -0.28451
vn -0.51057 0.81449 -0.27556
vn -0.51057 0.81449 -0.27556
vn -0.51057 0.81449 -0.27556
vn -0.67019 0.58348 -0.45869
vn -0.52305 0.74955 -0.4057
vn -0.52305 0.74955 -0.4057
vn -0.52305 0.74955 -0.4057
vn -0.27992 0.85964 -0.4274
vn -0.27992 0.85964 -0.4274
vn -0.01968 0.98447 -0.17443
vn -0.01968 0.98447 -0.17443
vn -0.01968 0.98447 -0.17443
vn -0.51572 0.85375 0.07176
vn -0.51571 0.85375 0.07176
vn -0.15248 0.98596 0.06799
vn -0.15248 0.98597 0.06799
vn -0.26249 0.94809 0.1795
vn -0.26249 0.94809 0.1795
vn -0.54021 0.70006 -0.46701
vn -0.48252 0.75023 -0.45202
vn -0.48252 0.75023 -0.45202
vn -0.37876 0.8096 -0.44843
vn -0.37876 0.8096 -0.44843
vn -0.37876 0.8096 -0.44843
vn -0.44275 0.89139 -0.09698
vn -0.44275 0.89139 -0.09698
vn -0.44275 0.89139 -0.09698
vn -0.46931 0.78102 -0.41202
vn -0.46931 0.78102 -0.41202
vn -0.46931 0.78102 -0.41202
vn -0.40845 0.78901 -0.45894
vn -0.40845 0.78901 -0.45894
vn -0.31517 0.84125 -0.43929
vn -0.31517 0.84125 -0.43929
vn -0.31517 0.84125 -0.43929
vn -0.60357 0.6738 -0.42626
vn -0.60357 0.6738 -0.42626
vn -0.3088 0.84209 -0.44218
vn -0.3088 0.84209 -0.44218
vn -0.24556 0.75654 -0.60609
vn -0.23672 0.76398 -0.60025
vn -0.23672 0.76398 -0.60025
vn -0.23672 0.76398 -0.60025
vn -0.38477 0.72653 -0.5693
vn -0.38477 0.72653 -0.5693
vn -0.38477 0.72653 -0.5693
vn -0.4465 0.74597 -0.49414
vn -0.4465 0.74597 -0.49414
vn -0.4465 0.74597 -0.49414
vn -0.11114 0.86457 -0.49006
vn -0.11114 0.86457 -0.49006
vn -0.11114 0.86457 -0.49006
vn -0.04909 0.88946 -0.45438
vn -0.04909 0.88946 -0.45438
vn -0.04909 0.88946 -0.45438
vn -0.12756 0.88129 -0.45503
vn -0.12756 0.88129 -0.45503
vn -0.12756 0.88129 -0.45503
vn -0.11309 0.8918 -0.43807
vn -0.11309 0.8918 -0.43807
vn -0.11309 0.8918 -0.43807
vn -0.02904 0.52178 -0.85258
vn -0.02904 0.52178 -0.85258
vn -0.02904 0.52178 -0.85258
vn 0.03718 0.75735 -0.65195
vn 0.03718 0.75735 -0.65195
vn 0.03718 0.75735 -0.65195
vn 0.10892 0.588 -0.80149
vn 0.10892 0.588 -0.80149
vn 0.10892 0.588 -0.80149
vn 0.19795 0.55782 -0.80601
vn 0.19795 0.55782 -0.80601
vn 0.11167 0.9172 -0.38246
vn 0.11167 0.9172 -0.38246
vn 0.29235 0.79931 -0.525
vn 0.29235 0.79931 -0.525
vn 0.04829 0.90473 -0.42325
vn 0.04829 0.90473 -0.42325
vn 0.0325 0.9161 -0.39962
vn 0.0325 0.9161 -0.39962
vn 0.0325 0.9161 -0.39962
vn 0.07082 0.68171 -0.72819
vn 0.07082 0.68171 -0.72819
vn 0.07281 0.67843 -0.73105
vn -0.03328 0.27255 -0.96157
vn -0.03328 0.27255 -0.96157
vn -0.03328 0.27255 -0.96157
vn 0.07419 0.38644 -0.91933
vn 0.07419 0.38644 -0.91933
vn -0.02332 0.79023 -0.61237
vn -0.02332 0.79023 -0.61237
vn -0.02332 0.79023 -0.61237
vn 0.09387 0.73752 -0.66877
vn 0.09387 0.73752 -0.66877
vn 0.09387 0.73752 -0.66877
vn 0.12251 0.68618 -0.71704
vn 0.12251 0.68618 -0.71704
vn 0.12251 0.68618 -0.71704
vn 0.3784 0.45248 -0.80751
vn 0.3784 0.45248 -0.80751
vn 0.03641 0.70953 -0.70374
vn 0.03641 0.70953 -0.70374
vn 0.03641 0.70953 -0.70374
vn 0.1334 0.69755 -0.70401
vn 0.1334 0.69755 -0.70401
vn 0.32947 0.45796 -0.82566
vn 0.32947 0.45796 -0.82566
vn 0.32947 0.45796 -0.82566
vn 0.37072 0.43551 -0.8203
vn 0.37072 0.43551 -0.8203
vn 0.37072 0.43551 -0.8203
vn 0.07872 0.73962 -0.6684
vn 0.07872 0.73962 -0.6684
vn -0.08454 0.90943 -0.40717
vn -0.08454 0.90943 -0.40717
vn -0.08454 0.90943 -0.40717
vn -0.02592 0.8705 -0.49148
vn -0.02592 0.8705 -0.49148
vn -0.02592 0.8705 -0.49148
vn -0.13371 0.83442 -0.53466
vn -0.13371 0.83442 -0.53466
vn 0.10135 0.59261 -0.79909
vn 0.10135 0.59261 -0.79909
vn 0.72046 0.23258 -0.65333
vn 0.72046 0.23258 -0.65333
vn 0.72046 0.23258 -0.65333
vn -0.00496 0.86797 -0.4966
vn -0.00496 0.86797 -0.4966
vn 0.09203 0.56501 -0.81993
vn 0.09203 0.56501 -0.81993
vn 0.38468 0.78225 -0.49001
vn 0.38468 0.78225 -0.49001
vn 0.38468 0.78225 -0.49001
vn 0.19658 0.85688 -0.47656
vn -0.02644 0.8713 -0.49004
vn -0.02644 0.8713 -0.49004
vn -0.02644 0.8713 -0.49004
vn 0.31056 0.79204 -0.52556
vn 0.31056 0.79204 -0.52556
vn 0.37928 0.84195 -0.38376
vn 0.37928 0.84195 -0.38376
vn 0.35697 0.52344 -0.77368
vn 0.35697 0.52344 -0.77368
vn 0.3345 0.7938 -0.50793
vn 0.3345 0.7938 -0.50793
vn 0.3345 0.7938 -0.50793
vn 0.36066 0.76639 -0.53157
vn 0.36066 0.76639 -0.53157
vn 0.43669 0.42427 -0.79328
vn 0.43669 0.42427 -0.79328
vn 0.43669 0.42427 -0.79328
vn 0.61909 0.45576 -0.63955
vn 0.61909 0.45576 -0.63955
vn 0.61909 0.45576 -0.63955
vn 0.37996 0.34643 -0.85768
vn 0.37996 0.34643 -0.85768
vn 0.37996 0.34643 -0.85768
vn 0.35232 0.25527 -0.90039
vn 0.30245 0.60509 -0.73647
vn 0.30245 0.60509 -0.73647
vn 0.19464 0.84829 -0.49246
vn 0.19464 0.84829 -0.49246
vn 0.23899 0.84403 -0.4801
vn 0.23899 0.84403 -0.4801
vn 0.23899 0.84403 -0.4801
vn 0.33145 0.23853 -0.91282
vn 0.33145 0.23853 -0.91282
vn 0.33145 0.23853 -0.91282
vn 0.4683 0.681 -0.56297
vn 0.4683 0.681 -0.56297
vn 0.36229 0.75918 -0.54073
vn 0.36229 0.75918 -0.54073
vn 0.36229 0.75918 -0.54073
vn 0.38694 0.7298 -0.56362
vn 0.38694 0.7298 -0.56362
vn 0.29451 0.63638 -0.71294
vn 0.29451 0.63638 -0.71294
vn 0.29451 0.63638 -0.71294
vn 0.3063 0.7946 -0.5242
vn 0.3063 0.7946 -0.5242
vn 0.3063 0.7946 -0.5242
vn 0.22262 0.7446 -0.62929
vn 0.22262 0.7446 -0.62929
vn 0.22262 0.7446 -0.62929
vn 0.21776 0.94417 -0.24724
vn 0.21776 0.94417 -0.24724
vn 0.215 0.94589 -0.24305
vn 0.215 0.94589 -0.24305
vn 0.215 0.94589 -0.24305
vn 0.19133 0.92131 -0.3385
vn 0.19133 0.92131 -0.3385
vn 0.19133 0.92131 -0.3385
vn -0.20349 0.95415 -0.21952
vn -0.20349 0.95415 -0.21952
vn 0.23274 0.90465 -0.35699
vn 0.23274 0.90465 -0.35699
vn 0.23274 0.90465 -0.35699
vn -0.09028 0.98963 -0.11173
vn -0.09028 0.98963 -0.11173
vn 0.33811 0.9316 -0.13343
vn 0.33811 0.9316 -0.13343
vn 0.33811 0.9316 -0.13343
vn 0.42388 0.88949 -0.1707
vn 0.42388 0.88949 -0.1707
vn 0.42388 0.88949 -0.1707
vn 0.18211 0.98322 -0.01104
vn 0.18211 0.98322 -0.01104
vn 0.18211 0.98322 -0.01104
vn 0.32349 0.92092 -0.21742
vn 0.10621 0.97576 -0.19133
vn 0.10621 0.97576 -0.19133
vn 0.10621 0.97576 -0.19133
vn -0.02965 0.96345 -0.26623
vn -0.02965 0.96345 -0.26623
vn -0.17045 0.98275 -0.07181
vn -0.17045 0.98275 -0.07181
vn -0.17045 0.98275 -0.07181
vn -0.12964 0.99117 -0.02795
vn -0.12964 0.99117 -0.02795
vn -0.12964 0.99117 -0.02795
vn 0.09733 0.98082 -0.16886
vn 0.09733 0.98082 -0.16886
vn -0.1009 0.99124 0.08526
vn -0.1009 0.99124 0.08526
vn -0.1009 0.99124 0.08526
vn 0.35846 0.24648 -0.90042
vn 0.35846 0.24648 -0.90042
vn 0.30121 0.92452 -0.23354
vn 0.30121 0.92452 -0.23354
vn 0.30121 0.92452 -0.23354
vn 0.39441 0.91478 -0.08724
vn 0.39441 0.91478 -0.08724
vn 0.39441 0.91478 -0.08724
vn 0.15525 0.98778 0.01399
vn 0.15525 0.98778 0.01399
vn 0.15525 0.98778 0.01399
vn 0.19764 0.97463 -0.10504
vn 0.19764 0.97463 -0.10504
vn 0.14662 0.98074 -0.12901
vn 0.14662 0.98074 -0.12901
vn 0.14662 0.98074 -0.12901
vn 0.80981 0.54718 -0.21169
vn 0.80981 0.54718 -0.21169
vn 0.80981 0.54718 -0.21169
vn 0.95839 0.28261 0.04032
vn 0.95839 0.28261 0.04032
vn 0.95839 0.28261 0.04032
vn -0.22251 0.91602 -0.33377
vn -0.22251 0.91602 -0.33377
vn -0.22251 0.91602 -0.33377
vn -0.35739 0.83826 -0.41182
vn -0.35739 0.83826 -0.41182
vn -0.35739 0.83826 -0.41182
vn -0.48633 0.82833 -0.27814
vn -0.48633 0.82833 -0.27814
vn -0.48633 0.82833 -0.27814
vn -0.23243 0.97255 -0.01099
vn -0.23243 0.97255 -0.01099
vn -0.23243 0.97255 -0.01099
vn -0.02411 0.97847 -0.20496
vn -0.02411 0.97847 -0.20496
vn -0.38233 0.54387 -0.74701
vn -0.38233 0.54387 -0.74701
vn -0.38233 0.54387 -0.74701
vn 0.08958 0.99576 -0.02091
vn 0.08958 0.99576 -0.02091
vn -0.26552 0.91308 -0.30949
vn -0.26552 0.91308 -0.30949
vn -0.01331 0.98478 -0.17329
vn -0.01331 0.98478 -0.17329
vn -0.01331 0.98478 -0.17329
vn -0.09923 0.9943 0.03909
vn -0.09923 0.9943 0.03909
vn -0.09462 0.99434 0.04842
vn -0.09462 0.99434 0.04842
vn -0.05267 0.95256 -0.29977
vn -0.05267 0.95256 -0.29977
vn -0.13167 0.76187 -0.63421
vn -0.13167 0.76187 -0.63421
vn -0.13167 0.76187 -0.63421
vn -0.13551 0.80355 -0.57961
vn -0.13551 0.80355 -0.57961
vn -0.13551 0.80355 -0.57961
vn -0.32799 0.90007 -0.28688
vn -0.32799 0.90007 -0.28688
vn -0.21732 0.92589 -0.30902
vn -0.21732 0.92589 -0.30902
vn -0.26321 0.92131 -0.28621
vn -0.26321 0.92131 -0.28621
vn -0.26321 0.92131 -0.28621
vn -0.45886 0.80718 -0.37136
vn -0.45886 0.80718 -0.37136
vn -0.45886 0.80718 -0.37136
vn -0.31887 0.87916 -0.35413
vn -0.31887 0.87916 -0.35413
vn -0.31887 0.87916 -0.35413
vn -0.07763 0.99535 0.05702
vn -0.07763 0.99535 0.05702
vn -0.07763 0.99535 0.05702
vn -0.66421 0.34762 -0.66181
vn -0.66421 0.34762 -0.66181
vn 0.18258 0.74458 -0.64208
vn 0.18258 0.74458 -0.64208
vn -0.05941 0.71775 -0.69376
vn -0.05941 0.71775 -0.69376
vn -0.05941 0.71775 -0.69376
vn -0.0053 0.87898 -0.47683
vn -0.0053 0.87898 -0.47683
vn -0.0053 0.87898 -0.47683
vn -0.02813 0.86634 -0.49867
vn -0.02813 0.86634 -0.49867
vn -0.03207 0.93483 -0.35365
vn -0.03207 0.93483 -0.35365
vn -0.03207 0.93483 -0.35365
vn -0.09349 0.93639 -0.33829
vn -0.09349 0.93639 -0.33829
vn -0.09349 0.93639 -0.33829
vn 0.25801 0.76869 -0.58528
vn 0.25801 0.76869 -0.58528
vn 0.2859 0.8453 -0.45137
vn 0.2859 0.8453 -0.45137
vn 0.15124 0.76435 -0.62682
vn 0.15124 0.76435 -0.62682
vn -0.01423 0.67075 -0.74155
vn -0.01423 0.67075 -0.74155
vn -0.01423 0.67075 -0.74155
vn 0.06781 0.787 -0.61321
vn 0.06781 0.787 -0.61321
vn 0.06781 0.787 -0.61321
vn -0.16565 0.65713 -0.73535
vn -0.16565 0.65713 -0.73535
vn -0.16565 0.65713 -0.73535
vn -0.05062 0.84001 -0.5402
vn -0.05062 0.84001 -0.5402
vn -0.02999 0.84478 -0.53428
vn -0.02999 0.84478 -0.53428
vn -0.02999 0.84478 -0.53428
vn 0.22412 0.9457 -0.23542
vn 0.22412 0.9457 -0.23542
vn 0.22412 0.9457 -0.23542
vn 0.04633 0.88838 -0.45676
vn 0.04633 0.88838 -0.45676
vn 0.04633 0.88838 -0.45676
vn -0.10582 0.58564 -0.80364
vn -0.10582 0.58564 -0.80364
vn -0.10582 0.58564 -0.80364
vn 0.23886 0.97005 -0.04403
vn 0.23886 0.97005 -0.04403
vn 0.29494 0.93175 -0.21179
vn 0.29494 0.93175 -0.21179
vn -0.12895 0.89531 -0.42636
vn -0.12895 0.89531 -0.42636
vn 0.22039 0.94817 -0.22892
vn 0.22039 0.94817 -0.22892
vn 0.22039 0.94817 -0.22892
vn 0.07713 0.88583 -0.45755
vn 0.07713 0.88583 -0.45755
vn 0.07713 0.88583 -0.45755
vn 0.07363 0.9168 -0.39251
vn 0.07363 0.9168 -0.39251
vn 0.07363 0.9168 -0.39251
vn -0.25789 0.74338 -0.61715
vn -0.25789 0.74338 -0.61715
vn -0.25789 0.74338 -0.61715
vn -0.04332 0.74055 -0.6706
vn -0.04332 0.74055 -0.6706
vn -0.04332 0.74055 -0.6706
vn 0.15144 0.66307 -0.73308
vn 0.15144 0.66307 -0.73308
vn 0.15144 0.66307 -0.73308
vn 0.60949 0.47964 -0.63124
vn 0.60949 0.47964 -0.63124
vn 0.60949 0.47964 -0.63124
vn 0.39764 0.66078 -0.6366
vn 0.39764 0.66078 -0.6366
vn 0.35127 0.74853 -0.56242
vn 0.36234 0.67162 -0.64624
vn 0.36234 0.67162 -0.64624
vn 0.36234 0.67162 -0.64624
vn 0.35945 0.66973 -0.64981
vn 0.35945 0.66973 -0.64981
vn 0.06023 0.90479 -0.42157
vn 0.06023 0.90479 -0.42157
vn 0.06023 0.90479 -0.42157
vn 0.05265 0.94396 -0.32583
vn 0.05265 0.94396 -0.32583
vn 0.05265 0.94396 -0.32583
vn 0.11919 0.96187 -0.24616
vn 0.11919 0.96187 -0.24616
vn 0.11919 0.96187 -0.24616
vn 0.31258 0.83255 -0.45734
vn 0.31258 0.83255 -0.45734
vn 0.31258 0.83255 -0.45734
vn 0.14733 0.91055 -0.38625
vn 0.14733 0.91055 -0.38625
vn 0.14733 0.91055 -0.38625
vn 0.03372 0.84614 -0.53189
vn 0.03372 0.84614 -0.53189
vn 0.44345 0.86769 -0.22464
vn 0.44345 0.86769 -0.22464
vn 0.44345 0.86769 -0.22464
vn 0.1885 0.92717 -0.32375
vn 0.1885 0.92717 -0.32375
vn 0.13476 0.90335 -0.40718
vn 0.13476 0.90335 -0.40718
vn 0.04917 0.92604 -0.3742
vn 0.04917 0.92604 -0.3742
vn 0.04917 0.92604 -0.3742
vn -0.04883 0.98498 -0.16559
vn -0.04883 0.98498 -0.16559
vn -0.04883 0.98498 -0.16559
vn -0.14712 0.98909 -0.00786
vn -0.14712 0.98909 -0.00786
vn -0.14712 0.98909 -0.00786
vn 0.02649 0.97037 -0.24015
vn 0.02649 0.97037 -0.24015
vn 0.02649 0.97037 -0.24015
vn -0.09771 0.99476 -0.03015
vn -0.09771 0.99476 -0.03015
vn -0.09771 0.99476 -0.03015
vn 0.12418 0.91925 -0.37357
vn 0.12418 0.91925 -0.37357
vn 0.12418 0.91925 -0.37357
vn -0.33556 0.92615 -0.17218
vn -0.33556 0.92615 -0.17218
vn -0.33556 0.92615 -0.17218
vn 0.03961 0.98964 -0.13798
vn 0.03961 0.98964 -0.13798
vn 0.03961 0.98964 -0.13798
vn -0.06187 0.99253 -0.10514
vn -0.06187 0.99253 -0.10514
vn -0.06187 0.99253 -0.10514
vn -0.15178 0.98828 -0.01604
vn -0.15178 0.98828 -0.01604
vn -0.15178 0.98828 -0.01604
vn 0.06173 0.99629 -0.05991
vn 0.06173 0.99629 -0.05991
vn 0.06173 0.99629 -0.05991
vn 0.26052 0.96523 0.02154
vn 0.26052 0.96523 0.02154
vn 0.26052 0.96523 0.02154
vn 0.15971 0.97339 0.16432
vn 0.15971 0.97339 0.16432
vn 0.15971 0.97339 0.16432
vn 0.34777 0.88598 -0.30676
vn 0.34777 0.88598 -0.30676
vn 0.34777 0.88598 -0.30676
vn 0.20228 0.91518 -0.34861
vn 0.20228 0.91518 -0.34861
vn 0.20228 0.91518 -0.34861
vn 0.20356 0.84593 -0.49291
vn 0.20356 0.84593 -0.49291
vn 0.20356 0.84593 -0.49291
vn -0.06922 0.97401 -0.21565
vn 0.20778 0.91233 -0.35282
vn 0.20778 0.91233 -0.35282
vn 0.20778 0.91233 -0.35282
vn 0.51242 0.74618 -0.42502
vn 0.51242 0.74618 -0.42502
vn 0.55348 0.73506 -0.3916
vn 0.55348 0.73506 -0.3916
vn 0.55348 0.73506 -0.3916
vn 0.5336 0.74434 -0.40152
vn 0.5336 0.74434 -0.40152
vn 0.53568 0.62523 -0.56757
vn 0.53568 0.62523 -0.56757
vn -0.16953 0.72428 -0.66834
vn -0.16953 0.72428 -0.66834
vn 0.10011 0.77069 -0.6293
vn 0.10011 0.77069 -0.6293
vn 0.14763 0.78697 -0.59906
vn 0.14763 0.78697 -0.59906
vn -0.09914 0.66128 -0.74356
vn -0.09914 0.66128 -0.74356
vn -0.09914 0.66128 -0.74356
vn -0.0234 0.85462 -0.51873
vn -0.0234 0.85462 -0.51873
vn 0.06503 0.66988 -0.73961
vn 0.06503 0.66988 -0.73961
vn -0.09566 0.71435 -0.69322
vn -0.09566 0.71435 -0.69322
vn -0.03736 0.68781 -0.72493
vn -0.03736 0.68781 -0.72493
vn -0.03736 0.68781 -0.72493
vn -0.00021 0.70331 -0.71089
vn -0.00021 0.70331 -0.71089
vn -0.00021 0.70331 -0.71089
vn -0.02095 0.99535 -0.09402
vn -0.02095 0.99535 -0.09402
vn -0.02095 0.99535 -0.09402
vn 0.01015 0.99956 -0.02784
vn 0.01015 0.99956 -0.02784
vn 0.01015 0.99956 -0.02784
vn 0.0121 0.69446 -0.71943
vn 0.0121 0.69446 -0.71943
vn 0.0121 0.69446 -0.71943
vn 0.27182 0.75115 -0.60158
vn 0.27182 0.75115 -0.60158
vn 0.27182 0.75115 -0.60158
vn 0.03857 0.60481 -0.79543
vn 0.03857 0.60481 -0.79543
vn 0.14756 0.76329 -0.62897
vn 0.14756 0.76329 -0.62897
vn 0.12409 0.77502 -0.61963
vn 0.12409 0.77502 -0.61963
vn 0.12409 0.77502 -0.61963
vn 0.02319 0.51195 -0.8587
vn 0.02319 0.51195 -0.8587
vn 0.20958 0.79745 -0.56581
vn 0.20958 0.79745 -0.56581
vt 0.32294 0.11922
usemtl mat0
f 1/1/1 2/1/2 3/1/3
f 2/1/4 4/1/5 3/1/6
f 2/1/7 5/1/8 4/1/9
f 4/1/10 5/1/11 6/1/10
f 7/1/12 5/1/13 8/1/12
f 5/1/14 9/1/14 8/1/15
f 5/1/16 7/1/17 6/1/18
f 6/1/19 7/1/20 10/1/20
f 9/1/21 11/1/22 8/1/23
f 1/1/24 3/1/25 12/1/26
f 13/1/27 1/1/28 12/1/29
f 14/1/30 15/1/31 16/1/30
f 3/1/32 14/1/32 12/1/33
f 12/1/34 14/1/34 16/1/35
f 3/1/36 4/1/36 14/1/37
f 14/1/38 4/1/39 17/1/40
f 4/1/41 6/1/42 17/1/41
f 17/1/43 6/1/44 18/1/45
f 17/1/46 18/1/47 19/1/48
f 14/1/49 17/1/50 19/1/49
f 14/1/51 20/1/52 15/1/53
f 14/1/54 19/1/55 20/1/56
f 19/1/57 21/1/58 20/1/57
f 20/1/59 21/1/60 22/1/59
f 20/1/61 22/1/62 23/1/63
f 20/1/64 23/1/65 24/1/66
f 15/1/67 20/1/68 24/1/68
f 6/1/69 10/1/70 18/1/71
f 10/1/72 25/1/73 18/1/74
f 10/1/75 26/1/76 25/1/77
f 25/1/78 26/1/78 27/1/79
f 25/1/80 27/1/81 28/1/81
f 18/1/82 25/1/83 19/1/84
f 25/1/85 28/1/85 21/1/85
f 19/1/86 25/1/87 21/1/88
f 28/1/89 29/1/89 22/1/90
f 28/1/91 30/1/92 29/1/93
f 31/1/94 22/1/95 29/1/96
f 21/1/97 28/1/98 22/1/99
f 10/1/100 7/1/100 26/1/101
f 26/1/102 7/1/103 27/1/104
f 27/1/105 32/1/106 33/1/106
f 27/1/107 33/1/108 30/1/109
f 28/1/110 27/1/111 30/1/112
f 7/1/113 32/1/113 27/1/114
f 7/1/115 8/1/116 32/1/117
f 32/1/118 8/1/119 34/1/120
f 34/1/121 8/1/122 35/1/123
f 32/1/124 34/1/125 33/1/126
f 34/1/127 36/1/128 33/1/129
f 33/1/130 36/1/130 30/1/131
f 34/1/132 35/1/133 36/1/134
f 30/1/135 36/1/136 37/1/136
f 37/1/137 36/1/138 38/1/139
f 29/1/140 30/1/141 37/1/142
f 11/1/143 39/1/144 40/1/144
f 11/1/145 40/1/146 35/1/147
f 8/1/148 11/1/149 35/1/148
f 40/1/150 41/1/151 42/1/152
f 36/1/153 35/1/153 42/1/154
f 35/1/155 40/1/155 42/1/156
f 36/1/157 42/1/158 43/1/159
f 43/1/160 42/1/161 44/1/162
f 39/1/163 45/1/164 40/1/165
f 45/1/166 46/1/167 47/1/168
f 40/1/169 45/1/170 47/1/171
f 40/1/172 47/1/173 41/1/174
f 48/1/175 49/1/176 50/1/177
f 51/1/178 13/1/178 48/1/179
f 13/1/180 49/1/181 48/1/182
f 13/1/183 52/1/184 49/1/185
f 13/1/186 12/1/186 52/1/186
f 12/1/187 53/1/188 52/1/189
f 52/1/190 53/1/191 54/1/190
f 52/1/192 54/1/192 55/1/193
f 56/1/194 52/1/195 55/1/196
f 49/1/197 52/1/198 56/1/198
f 49/1/199 56/1/200 50/1/199
f 16/1/201 15/1/202 24/1/202
f 16/1/203 24/1/204 57/1/205
f 57/1/206 58/1/207 59/1/208
f 57/1/209 59/1/209 60/1/210
f 16/1/211 57/1/212 53/1/213
f 53/1/214 57/1/214 60/1/215
f 12/1/216 16/1/217 53/1/218
f 53/1/219 60/1/220 54/1/221
f 24/1/222 23/1/222 58/1/222
f 23/1/223 61/1/224 58/1/225
f 57/1/226 24/1/227 58/1/228
f 23/1/229 22/1/229 62/1/230
f 62/1/231 31/1/232 63/1/233
f 23/1/234 62/1/235 61/1/236
f 62/1/237 63/1/238 61/1/238
f 61/1/239 63/1/240 64/1/241
f 58/1/242 61/1/243 64/1/244
f 22/1/245 31/1/245 62/1/245
f 31/1/246 65/1/247 63/1/247
f 29/1/248 66/1/249 31/1/248
f 31/1/250 66/1/251 67/1/251
f 31/1/252 67/1/253 68/1/254
f 29/1/255 37/1/256 66/1/257
f 36/1/258 43/1/259 38/1/260
f 37/1/261 38/1/262 66/1/263
f 66/1/264 38/1/265 69/1/264
f 69/1/266 38/1/267 70/1/268
f 66/1/269 69/1/270 67/1/271
f 67/1/272 69/1/272 71/1/273
f 38/1/274 43/1/275 70/1/276
f 70/1/277 43/1/278 44/1/278
f 42/1/279 41/1/280 44/1/281
f 44/1/282 41/1/283 72/1/284
f 44/1/285 72/1/286 73/1/287
f 72/1/288 74/1/289 73/1/288
f 70/1/290 44/1/290 73/1/291
f 41/1/292 47/1/293 75/1/294
f 75/1/295 47/1/295 76/1/296
f 75/1/297 72/1/297 41/1/298
f 47/1/299 77/1/299 76/1/300
f 47/1/301 46/1/301 77/1/302
f 75/1/303 76/1/303 78/1/303
f 76/1/304 79/1/304 78/1/304
f 75/1/305 78/1/306 80/1/307
f 72/1/308 75/1/309 80/1/310
f 77/1/311 46/1/312 81/1/313
f 76/1/314 77/1/314 81/1/315
f 81/1/316 82/1/317 83/1/318
f 76/1/319 81/1/320 79/1/321
f 79/1/322 81/1/323 83/1/324
f 51/1/325 48/1/326 84/1/325
f 85/1/327 51/1/328 84/1/329
f 48/1/330 50/1/331 84/1/332
f 84/1/333 50/1/334 86/1/335
f 50/1/336 87/1/337 88/1/337
f 86/1/338 50/1/338 88/1/338
f 85/1/339 84/1/340 89/1/340
f 50/1/341 56/1/342 87/1/342
f 87/1/343 56/1/344 55/1/344
f 54/1/345 90/1/345 55/1/346
f 90/1/347 91/1/348 92/1/349
f 55/1/350 90/1/351 92/1/352
f 55/1/353 92/1/354 87/1/353
f 92/1/355 91/1/356 93/1/357
f 92/1/358 93/1/359 94/1/360
f 87/1/361 92/1/362 94/1/362
f 54/1/363 60/1/364 90/1/365
f 90/1/366 60/1/366 95/1/366
f 90/1/367 95/1/368 96/1/367
f 60/1/369 59/1/370 95/1/371
f 95/1/372 59/1/373 97/1/372
f 59/1/374 58/1/375 97/1/374
f 58/1/376 98/1/377 97/1/378
f 95/1/379 97/1/380 99/1/381
f 97/1/382 98/1/383 100/1/382
f 97/1/384 100/1/385 99/1/386
f 95/1/387 99/1/388 96/1/388
f 99/1/389 100/1/390 96/1/391
f 101/1/392 96/1/393 102/1/394
f 90/1/395 96/1/396 91/1/397
f 91/1/398 96/1/398 101/1/399
f 91/1/400 101/1/401 93/1/402
f 98/1/403 58/1/404 64/1/404
f 98/1/405 64/1/406 103/1/406
f 103/1/407 104/1/408 98/1/407
f 98/1/409 104/1/410 100/1/411
f 64/1/412 105/1/413 103/1/413
f 103/1/414 105/1/414 106/1/415
f 106/1/416 105/1/417 107/1/417
f 105/1/418 108/1/418 107/1/419
f 109/1/420 106/1/421 107/1/422
f 104/1/423 103/1/423 106/1/423
f 104/1/424 106/1/425 109/1/426
f 100/1/427 104/1/428 110/1/428
f 64/1/429 63/1/430 105/1/430
f 63/1/431 65/1/431 105/1/432
f 65/1/433 68/1/434 111/1/434
f 105/1/435 65/1/436 111/1/437
f 65/1/438 31/1/439 68/1/438
f 68/1/440 67/1/441 112/1/442
f 67/1/443 113/1/443 114/1/444
f 112/1/445 67/1/446 114/1/445
f 68/1/447 112/1/447 115/1/448
f 115/1/449 112/1/450 116/1/449
f 114/1/451 113/1/452 112/1/453
f 112/1/454 113/1/454 116/1/455
f 113/1/456 117/1/457 116/1/458
f 116/1/459 117/1/460 118/1/461
f 115/1/462 116/1/462 108/1/463
f 105/1/464 111/1/465 108/1/466
f 68/1/467 115/1/468 108/1/469
f 108/1/470 116/1/470 119/1/471
f 111/1/472 68/1/472 108/1/473
f 67/1/474 71/1/475 113/1/476
f 113/1/477 71/1/478 120/1/477
f 71/1/479 69/1/480 121/1/481
f 69/1/482 70/1/483 121/1/484
f 71/1/485 121/1/485 120/1/486
f 120/1/487 122/1/488 123/1/487
f 120/1/489 123/1/490 124/1/489
f 113/1/491 120/1/492 117/1/493
f 120/1/494 124/1/495 117/1/495
f 117/1/496 124/1/497 125/1/498
f 70/1/499 73/1/500 126/1/501
f 70/1/502 126/1/502 121/1/503
f 126/1/504 73/1/505 127/1/506
f 73/1/507 74/1/507 127/1/508
f 127/1/509 74/1/509 128/1/510
f 127/1/511 128/1/512 129/1/513
f 129/1/514 128/1/514 130/1/514
f 120/1/515 121/1/515 122/1/516
f 121/1/517 126/1/518 122/1/519
f 126/1/520 127/1/521 129/1/521
f 122/1/522 126/1/523 131/1/523
f 123/1/524 122/1/525 131/1/526
f 72/1/527 80/1/528 132/1/528
f 72/1/529 132/1/529 74/1/530
f 74/1/531 133/1/532 128/1/532
f 80/1/533 78/1/534 132/1/533
f 78/1/535 79/1/535 132/1/536
f 132/1/537 79/1/538 134/1/537
f 132/1/539 134/1/539 135/1/540
f 132/1/541 135/1/542 136/1/543
f 74/1/544 132/1/545 136/1/546
f 74/1/547 136/1/548 133/1/549
f 136/1/550 137/1/551 138/1/552
f 136/1/553 135/1/554 137/1/555
f 133/1/556 136/1/557 138/1/558
f 133/1/559 138/1/560 130/1/561
f 128/1/562 133/1/563 130/1/564
f 79/1/565 83/1/566 134/1/567
f 82/1/568 81/1/569 139/1/570
f 139/1/571 81/1/571 140/1/571
f 82/1/572 139/1/573 141/1/574
f 139/1/575 140/1/576 141/1/575
f 141/1/577 140/1/578 142/1/578
f 140/1/579 143/1/580 142/1/581
f 142/1/582 143/1/583 144/1/582
f 142/1/584 144/1/585 145/1/584
f 141/1/586 142/1/587 145/1/586
f 135/1/588 134/1/589 145/1/588
f 134/1/590 83/1/591 145/1/590
f 83/1/592 82/1/593 141/1/594
f 83/1/595 141/1/596 145/1/597
f 135/1/598 145/1/598 137/1/599
f 84/1/600 86/1/601 89/1/602
f 88/1/603 87/1/604 146/1/603
f 86/1/605 88/1/606 147/1/607
f 146/1/608 148/1/609 147/1/610
f 88/1/611 146/1/612 147/1/613
f 89/1/614 86/1/615 147/1/616
f 89/1/617 147/1/618 149/1/619
f 87/1/620 150/1/621 146/1/622
f 87/1/623 94/1/624 150/1/625
f 146/1/626 150/1/627 151/1/627
f 94/1/628 152/1/629 150/1/629
f 94/1/630 93/1/631 152/1/632
f 152/1/633 153/1/634 150/1/635
f 150/1/636 154/1/637 155/1/638
f 154/1/639 156/1/640 155/1/640
f 150/1/641 155/1/642 157/1/643
f 157/1/644 155/1/645 158/1/646
f 146/1/647 151/1/648 148/1/649
f 150/1/650 157/1/651 151/1/652
f 152/1/653 93/1/654 153/1/655
f 93/1/656 101/1/657 153/1/658
f 101/1/659 102/1/659 153/1/660
f 150/1/661 153/1/661 154/1/662
f 100/1/663 110/1/664 96/1/665
f 96/1/666 110/1/667 102/1/667
f 159/1/668 160/1/668 161/1/669
f 153/1/670 102/1/671 160/1/672
f 102/1/673 110/1/674 160/1/675
f 153/1/676 160/1/677 159/1/678
f 160/1/679 162/1/680 163/1/681
f 161/1/682 160/1/682 163/1/682
f 161/1/683 163/1/684 164/1/685
f 154/1/686 159/1/687 156/1/688
f 154/1/689 153/1/690 159/1/691
f 156/1/692 159/1/693 161/1/694
f 110/1/695 104/1/696 109/1/695
f 107/1/697 108/1/698 165/1/697
f 107/1/699 165/1/700 166/1/701
f 166/1/702 165/1/702 167/1/703
f 109/1/704 107/1/705 168/1/706
f 107/1/707 166/1/708 168/1/709
f 168/1/710 166/1/711 169/1/711
f 169/1/712 166/1/713 170/1/714
f 166/1/715 167/1/716 170/1/716
f 169/1/717 170/1/718 171/1/719
f 170/1/720 172/1/721 173/1/720
f 171/1/722 170/1/723 173/1/723
f 169/1/724 171/1/725 174/1/724
f 174/1/726 171/1/727 175/1/728
f 110/1/729 168/1/729 160/1/729
f 160/1/730 168/1/730 162/1/731
f 110/1/732 109/1/733 168/1/733
f 168/1/734 169/1/735 174/1/736
f 168/1/737 174/1/738 162/1/739
f 167/1/740 108/1/741 176/1/742
f 165/1/743 108/1/743 167/1/744
f 119/1/745 118/1/746 176/1/747
f 108/1/748 119/1/749 176/1/750
f 177/1/751 178/1/751 176/1/752
f 176/1/753 178/1/754 167/1/755
f 176/1/756 118/1/756 177/1/756
f 119/1/757 116/1/758 118/1/759
f 118/1/760 179/1/761 177/1/760
f 179/1/762 180/1/763 177/1/764
f 177/1/765 180/1/766 181/1/766
f 177/1/767 181/1/768 178/1/769
f 178/1/770 181/1/771 182/1/772
f 182/1/773 181/1/774 183/1/775
f 181/1/776 180/1/777 183/1/778
f 180/1/779 184/1/780 183/1/781
f 183/1/782 184/1/782 185/1/782
f 182/1/783 183/1/784 186/1/783
f 183/1/785 185/1/786 187/1/787
f 167/1/788 178/1/789 172/1/790
f 178/1/791 182/1/792 172/1/791
f 167/1/793 172/1/794 170/1/794
f 188/1/795 182/1/796 186/1/797
f 172/1/798 182/1/799 188/1/800
f 172/1/801 188/1/802 173/1/803
f 117/1/804 125/1/805 118/1/806
f 118/1/807 125/1/808 179/1/807
f 179/1/809 125/1/810 189/1/810
f 179/1/811 189/1/812 180/1/813
f 124/1/814 190/1/815 191/1/816
f 124/1/817 191/1/818 125/1/819
f 124/1/820 123/1/821 190/1/822
f 123/1/823 192/1/824 193/1/824
f 190/1/825 123/1/826 193/1/827
f 125/1/828 191/1/828 189/1/829
f 189/1/830 191/1/831 194/1/832
f 194/1/833 191/1/834 195/1/835
f 191/1/836 190/1/837 195/1/836
f 190/1/838 196/1/839 195/1/840
f 195/1/841 197/1/842 194/1/843
f 180/1/844 189/1/845 184/1/846
f 184/1/847 189/1/847 194/1/848
f 184/1/849 194/1/850 185/1/851
f 185/1/852 194/1/853 198/1/852
f 123/1/854 131/1/855 192/1/855
f 126/1/856 199/1/856 131/1/857
f 126/1/858 129/1/858 199/1/859
f 199/1/860 129/1/861 200/1/862
f 131/1/863 199/1/863 192/1/864
f 192/1/865 199/1/866 196/1/866
f 129/1/867 130/1/868 200/1/869
f 200/1/870 130/1/871 201/1/872
f 130/1/873 202/1/874 201/1/875
f 200/1/876 201/1/877 203/1/878
f 201/1/879 202/1/880 204/1/880
f 201/1/881 205/1/882 206/1/882
f 203/1/883 201/1/883 206/1/884
f 192/1/885 196/1/886 193/1/885
f 193/1/887 196/1/888 190/1/888
f 199/1/889 200/1/890 203/1/891
f 199/1/892 203/1/893 196/1/893
f 196/1/894 203/1/895 206/1/896
f 195/1/897 196/1/897 197/1/898
f 130/1/899 138/1/899 202/1/900
f 138/1/901 207/1/902 202/1/903
f 138/1/904 137/1/905 207/1/906
f 202/1/907 207/1/908 208/1/909
f 209/1/910 210/1/911 211/1/910
f 207/1/912 212/1/913 208/1/914
f 207/1/915 209/1/915 212/1/916
f 212/1/917 209/1/917 211/1/918
f 202/1/919 208/1/920 204/1/920
f 204/1/921 208/1/922 213/1/923
f 213/1/924 208/1/925 212/1/926
f 213/1/927 212/1/927 214/1/928
f 201/1/929 204/1/930 213/1/931
f 201/1/932 213/1/933 205/1/934
f 137/1/935 144/1/936 209/1/937
f 207/1/938 137/1/939 209/1/940
f 145/1/941 144/1/942 137/1/943
f 144/1/944 143/1/945 215/1/945
f 144/1/946 215/1/947 216/1/947
f 144/1/948 216/1/949 217/1/948
f 217/1/950 216/1/950 218/1/951
f 209/1/952 144/1/953 210/1/954
f 210/1/955 144/1/956 217/1/957
f 211/1/958 210/1/959 217/1/958
f 215/1/960 219/1/961 220/1/962
f 215/1/963 220/1/964 216/1/965
f 149/1/966 147/1/967 221/1/968
f 149/1/969 221/1/970 222/1/969
f 221/1/971 147/1/972 223/1/971
f 147/1/973 148/1/973 224/1/973
f 147/1/974 224/1/975 223/1/976
f 223/1/977 224/1/978 225/1/979
f 221/1/980 223/1/981 226/1/982
f 226/1/983 223/1/984 227/1/985
f 223/1/986 225/1/987 227/1/987
f 221/1/988 226/1/989 222/1/990
f 148/1/991 151/1/992 224/1/993
f 224/1/994 151/1/995 228/1/996
f 157/1/997 229/1/998 228/1/997
f 151/1/999 157/1/1000 228/1/1001
f 228/1/1002 229/1/1003 230/1/1004
f 228/1/1005 230/1/1005 225/1/1006
f 224/1/1007 228/1/1007 225/1/1008
f 157/1/1009 158/1/1010 229/1/1011
f 155/1/1012 156/1/1013 158/1/1014
f 158/1/1015 156/1/1016 231/1/1017
f 231/1/1018 232/1/1019 158/1/1020
f 158/1/1021 232/1/1022 233/1/1023
f 233/1/1024 232/1/1025 234/1/1026
f 158/1/1027 233/1/1027 229/1/1028
f 229/1/1029 233/1/1030 230/1/1031
f 230/1/1032 233/1/1033 235/1/1032
f 233/1/1034 234/1/1035 236/1/1034
f 235/1/1036 233/1/1037 237/1/1038
f 233/1/1039 236/1/1040 237/1/1041
f 225/1/1042 230/1/1043 235/1/1044
f 227/1/1045 225/1/1046 238/1/1046
f 225/1/1047 235/1/1048 238/1/1048
f 238/1/1049 235/1/1049 237/1/1050
f 156/1/1051 161/1/1052 231/1/1053
f 231/1/1054 161/1/1055 239/1/1056
f 231/1/1057 239/1/1058 232/1/1059
f 161/1/1060 164/1/1061 239/1/1062
f 240/1/1063 239/1/1064 241/1/1065
f 232/1/1066 239/1/1066 240/1/1067
f 232/1/1068 240/1/1069 234/1/1070
f 164/1/1071 163/1/1072 239/1/1073
f 239/1/1074 163/1/1075 242/1/1074
f 163/1/1076 162/1/1076 243/1/1077
f 163/1/1078 243/1/1078 242/1/1079
f 239/1/1080 242/1/1081 241/1/1080
f 244/1/1082 241/1/1083 245/1/1084
f 242/1/1085 243/1/1086 246/1/1085
f 241/1/1087 242/1/1088 245/1/1089
f 242/1/1090 246/1/1091 245/1/1092
f 240/1/1093 241/1/1094 244/1/1095
f 234/1/1096 240/1/1097 244/1/1096
f 236/1/1098 234/1/1099 244/1/1100
f 174/1/1101 247/1/1102 162/1/1103
f 174/1/1104 175/1/1104 247/1/1105
f 175/1/1106 248/1/1107 249/1/1106
f 247/1/1108 175/1/1109 249/1/1109
f 162/1/1110 247/1/1111 243/1/1110
f 171/1/1112 250/1/1113 175/1/1113
f 171/1/1114 173/1/1114 250/1/1115
f 250/1/1116 173/1/1117 251/1/1116
f 175/1/1118 250/1/1119 248/1/1120
f 250/1/1121 252/1/1122 248/1/1122
f 250/1/1123 251/1/1124 253/1/1125
f 250/1/1126 253/1/1127 252/1/1128
f 253/1/1129 254/1/1129 252/1/1130
f 252/1/1131 254/1/1132 255/1/1133
f 248/1/1134 252/1/1134 256/1/1134
f 249/1/1135 248/1/1136 256/1/1137
f 243/1/1138 247/1/1138 257/1/1138
f 257/1/1139 247/1/1140 258/1/1141
f 243/1/1142 257/1/1143 246/1/1144
f 247/1/1145 249/1/1146 258/1/1147
f 249/1/1148 256/1/1149 258/1/1150
f 257/1/1151 258/1/1152 259/1/1153
f 257/1/1154 259/1/1155 246/1/1156
f 173/1/1157 188/1/1158 260/1/1157
f 173/1/1159 260/1/1160 251/1/1161
f 188/1/1162 186/1/1163 260/1/1163
f 186/1/1164 261/1/1165 260/1/1166
f 260/1/1167 262/1/1167 263/1/1168
f 260/1/1169 261/1/1170 262/1/1171
f 260/1/1172 263/1/1172 251/1/1173
f 186/1/1174 183/1/1175 261/1/1176
f 261/1/1177 183/1/1178 187/1/1179
f 185/1/1180 198/1/1180 187/1/1181
f 187/1/1182 198/1/1182 264/1/1183
f 261/1/1184 187/1/1184 264/1/1185
f 261/1/1186 264/1/1186 262/1/1187
f 264/1/1188 265/1/1189 262/1/1190
f 262/1/1191 265/1/1192 266/1/1193
f 262/1/1194 266/1/1195 267/1/1194
f 265/1/1196 268/1/1196 269/1/1197
f 266/1/1198 265/1/1199 269/1/1198
f 267/1/1200 266/1/1201 270/1/1202
f 270/1/1203 266/1/1204 269/1/1205
f 251/1/1206 263/1/1207 253/1/1208
f 253/1/1209 263/1/1210 271/1/1211
f 263/1/1212 262/1/1213 267/1/1214
f 263/1/1215 267/1/1216 271/1/1217
f 267/1/1218 270/1/1219 271/1/1220
f 254/1/1221 271/1/1222 270/1/1222
f 253/1/1223 271/1/1224 254/1/1225
f 198/1/1226 272/1/1227 273/1/1228
f 194/1/1229 272/1/1230 198/1/1231
f 194/1/1232 197/1/1233 272/1/1234
f 197/1/1235 274/1/1235 272/1/1236
f 273/1/1237 272/1/1238 275/1/1239
f 274/1/1240 276/1/1241 272/1/1241
f 272/1/1242 276/1/1243 275/1/1244
f 275/1/1245 276/1/1246 277/1/1246
f 277/1/1247 276/1/1248 278/1/1249
f 198/1/1250 273/1/1250 264/1/1251
f 264/1/1252 273/1/1253 268/1/1254
f 264/1/1255 268/1/1256 265/1/1257
f 273/1/1258 275/1/1259 279/1/1259
f 268/1/1260 273/1/1261 279/1/1262
f 275/1/1263 277/1/1264 280/1/1263
f 279/1/1265 275/1/1266 280/1/1267
f 268/1/1268 279/1/1269 281/1/1270
f 197/1/1271 196/1/1272 282/1/1271
f 196/1/1273 206/1/1274 282/1/1273
f 206/1/1275 283/1/1276 284/1/1277
f 282/1/1278 206/1/1279 284/1/1280
f 274/1/1281 284/1/1282 285/1/1283
f 197/1/1284 282/1/1285 274/1/1285
f 282/1/1286 284/1/1287 274/1/1287
f 206/1/1288 205/1/1289 283/1/1290
f 283/1/1291 205/1/1292 286/1/1293
f 283/1/1294 286/1/1295 287/1/1296
f 286/1/1297 288/1/1298 289/1/1298
f 287/1/1299 286/1/1299 289/1/1299
f 274/1/1300 285/1/1301 276/1/1302
f 276/1/1303 285/1/1304 290/1/1303
f 278/1/1305 276/1/1306 290/1/1307
f 285/1/1308 284/1/1309 283/1/1310
f 285/1/1311 283/1/1312 287/1/1311
f 285/1/1313 287/1/1314 290/1/1315
f 205/1/1316 213/1/1317 291/1/1318
f 213/1/1319 214/1/1320 291/1/1321
f 205/1/1322 291/1/1323 286/1/1324
f 214/1/1325 212/1/1326 211/1/1325
f 214/1/1327 211/1/1327 292/1/1328
f 214/1/1329 292/1/1330 291/1/1329
f 291/1/1331 292/1/1332 293/1/1333
f 286/1/1334 291/1/1334 293/1/1334
f 211/1/1335 294/1/1336 292/1/1337
f 292/1/1338 294/1/1338 295/1/1339
f 288/1/1340 292/1/1341 295/1/1342
f 293/1/1343 292/1/1344 288/1/1345
f 286/1/1346 293/1/1347 288/1/1348
f 211/1/1349 217/1/1350 294/1/1351
f 217/1/1352 218/1/1353 294/1/1354
f 218/1/1355 216/1/1355 296/1/1356
f 294/1/1357 218/1/1358 297/1/1359
f 218/1/1360 296/1/1360 298/1/1361
f 297/1/1362 218/1/1362 298/1/1363
f 296/1/1364 299/1/1365 298/1/1364
f 298/1/1366 299/1/1367 300/1/1368
f 297/1/1369 298/1/1370 301/1/1371
f 295/1/1372 294/1/1373 297/1/1373
f 295/1/1374 297/1/1374 301/1/1375
f 220/1/1376 302/1/1376 296/1/1376
f 216/1/1377 220/1/1378 296/1/1379
f 220/1/1380 219/1/1381 302/1/1382
f 302/1/1383 219/1/1384 303/1/1385
f 296/1/1386 302/1/1387 299/1/1388
f 299/1/1389 302/1/1390 304/1/1391
f 304/1/1392 302/1/1393 303/1/1394
f 299/1/1395 304/1/1396 300/1/1397
f 222/1/1398 226/1/1399 305/1/1398
f 306/1/1400 222/1/1401 305/1/1402
f 226/1/1403 227/1/1404 305/1/1405
f 238/1/1406 307/1/1407 305/1/1408
f 227/1/1409 238/1/1410 305/1/1410
f 305/1/1411 308/1/1412 306/1/1413
f 305/1/1414 307/1/1415 309/1/1416
f 305/1/1417 309/1/1417 308/1/1418
f 306/1/1419 308/1/1420 310/1/1421
f 306/1/1422 310/1/1423 311/1/1423
f 238/1/1424 237/1/1425 307/1/1426
f 237/1/1427 236/1/1428 312/1/1429
f 237/1/1430 312/1/1431 307/1/1432
f 313/1/1433 307/1/1434 312/1/1435
f 312/1/1436 314/1/1436 313/1/1436
f 307/1/1437 313/1/1438 309/1/1439
f 309/1/1440 313/1/1441 315/1/1442
f 236/1/1443 244/1/1444 312/1/1445
f 244/1/1446 245/1/1447 316/1/1446
f 312/1/1448 244/1/1449 316/1/1450
f 246/1/1451 317/1/1452 318/1/1453
f 245/1/1454 246/1/1455 318/1/1455
f 318/1/1456 317/1/1457 319/1/1458
f 316/1/1459 245/1/1460 318/1/1461
f 318/1/1462 319/1/1463 320/1/1464
f 316/1/1465 318/1/1465 320/1/1466
f 312/1/1467 316/1/1468 314/1/1468
f 246/1/1469 259/1/1469 317/1/1470
f 258/1/1471 321/1/1471 322/1/1471
f 258/1/1472 322/1/1473 259/1/1474
f 259/1/1475 322/1/1476 323/1/1477
f 259/1/1478 323/1/1479 317/1/1480
f 258/1/1481 256/1/1481 321/1/1482
f 252/1/1483 255/1/1484 256/1/1485
f 255/1/1486 324/1/1486 325/1/1486
f 256/1/1487 255/1/1488 325/1/1488
f 256/1/1489 325/1/1490 326/1/1491
f 256/1/1492 326/1/1493 321/1/1494
f 321/1/1495 326/1/1496 327/1/1497
f 327/1/1498 326/1/1499 328/1/1500
f 326/1/1501 325/1/1501 328/1/1502
f 317/1/1503 323/1/1504 319/1/1505
f 323/1/1506 322/1/1507 327/1/1508
f 322/1/1509 321/1/1509 327/1/1510
f 323/1/1511 327/1/1511 329/1/1511
f 319/1/1512 323/1/1513 329/1/1514
f 319/1/1515 329/1/1516 320/1/1517
f 324/1/1518 255/1/1519 330/1/1520
f 254/1/1521 270/1/1522 255/1/1523
f 255/1/1524 270/1/1525 330/1/1526
f 270/1/1527 331/1/1528 330/1/1529
f 331/1/1530 332/1/1531 330/1/1532
f 330/1/1533 332/1/1534 333/1/1535
f 324/1/1536 330/1/1537 333/1/1538
f 270/1/1539 269/1/1540 331/1/1539
f 331/1/1541 269/1/1542 334/1/1543
f 268/1/1544 281/1/1544 269/1/1545
f 269/1/1546 281/1/1547 334/1/1548
f 334/1/1549 281/1/1550 335/1/1550
f 335/1/1551 281/1/1552 336/1/1553
f 335/1/1554 336/1/1554 337/1/1554
f 331/1/1555 334/1/1556 332/1/1557
f 334/1/1558 335/1/1559 332/1/1560
f 332/1/1561 335/1/1562 338/1/1563
f 332/1/1564 338/1/1565 339/1/1566
f 335/1/1567 337/1/1568 338/1/1569
f 338/1/1570 337/1/1571 340/1/1572
f 339/1/1573 338/1/1574 340/1/1574
f 324/1/1575 333/1/1576 325/1/1577
f 325/1/1578 333/1/1579 341/1/1580
f 333/1/1581 342/1/1582 341/1/1583
f 333/1/1584 332/1/1584 342/1/1585
f 342/1/1586 332/1/1587 339/1/1587
f 342/1/1588 339/1/1589 343/1/1590
f 343/1/1591 339/1/1592 340/1/1591
f 341/1/1593 342/1/1594 343/1/1594
f 281/1/1595 279/1/1595 280/1/1595
f 280/1/1596 277/1/1596 344/1/1597
f 280/1/1598 344/1/1599 281/1/1599
f 281/1/1600 344/1/1601 336/1/1601
f 336/1/1602 344/1/1603 345/1/1604
f 336/1/1605 345/1/1606 337/1/1605
f 277/1/1607 346/1/1608 344/1/1609
f 277/1/1610 278/1/1611 346/1/1611
f 278/1/1612 290/1/1613 347/1/1614
f 278/1/1615 347/1/1616 346/1/1617
f 347/1/1618 348/1/1619 349/1/1620
f 346/1/1621 347/1/1622 350/1/1623
f 347/1/1624 349/1/1624 350/1/1625
f 346/1/1626 350/1/1627 344/1/1627
f 350/1/1628 349/1/1629 351/1/1630
f 350/1/1631 351/1/1632 352/1/1633
f 352/1/1634 351/1/1635 353/1/1636
f 351/1/1637 354/1/1638 353/1/1639
f 353/1/1640 354/1/1641 355/1/1640
f 352/1/1642 353/1/1643 356/1/1644
f 344/1/1645 350/1/1645 345/1/1646
f 345/1/1647 350/1/1648 352/1/1648
f 345/1/1649 352/1/1650 357/1/1651
f 357/1/1652 352/1/1653 356/1/1654
f 337/1/1655 345/1/1655 357/1/1656
f 347/1/1657 290/1/1658 348/1/1659
f 290/1/1660 287/1/1661 348/1/1662
f 287/1/1663 289/1/1664 358/1/1665
f 358/1/1666 289/1/1667 359/1/1666
f 348/1/1668 287/1/1669 358/1/1670
f 348/1/1671 358/1/1672 349/1/1673
f 359/1/1674 289/1/1675 360/1/1676
f 359/1/1677 360/1/1678 361/1/1677
f 361/1/1679 360/1/1680 362/1/1680
f 358/1/1681 354/1/1682 351/1/1681
f 349/1/1683 358/1/1684 351/1/1685
f 358/1/1686 359/1/1687 354/1/1688
f 359/1/1689 361/1/1690 354/1/1691
f 361/1/1692 362/1/1693 363/1/1694
f 354/1/1695 361/1/1696 363/1/1697
f 355/1/1698 354/1/1699 363/1/1700
f 289/1/1701 288/1/1702 360/1/1703
f 288/1/1704 364/1/1705 360/1/1706
f 288/1/1707 295/1/1708 364/1/1709
f 364/1/1710 365/1/1711 366/1/1712
f 364/1/1713 366/1/1714 367/1/1713
f 360/1/1715 364/1/1716 362/1/1717
f 362/1/1718 364/1/1719 368/1/1720
f 368/1/1721 364/1/1722 367/1/1721
f 295/1/1723 301/1/1724 369/1/1725
f 295/1/1726 369/1/1727 370/1/1726
f 298/1/1728 300/1/1729 301/1/1730
f 301/1/1731 300/1/1732 369/1/1733
f 300/1/1734 304/1/1735 371/1/1736
f 369/1/1737 300/1/1738 371/1/1737
f 370/1/1739 369/1/1740 371/1/1739
f 371/1/1741 304/1/1742 372/1/1743
f 371/1/1744 372/1/1745 373/1/1745
f 364/1/1746 295/1/1747 370/1/1748
f 365/1/1749 364/1/1750 370/1/1751
f 304/1/1752 303/1/1753 372/1/1753
f 303/1/1754 219/1/1755 374/1/1754
f 372/1/1756 303/1/1757 374/1/1758
f 372/1/1759 374/1/1760 373/1/1761
f 311/1/1762 310/1/1763 375/1/1764
f 311/1/1765 376/1/1766 377/1/1767
f 378/1/1768 311/1/1769 377/1/1770
f 308/1/1771 379/1/1772 310/1/1773
f 309/1/1774 315/1/1775 308/1/1776
f 313/1/1777 380/1/1778 315/1/1779
f 308/1/1780 315/1/1781 379/1/1782
f 310/1/1783 379/1/1784 375/1/1785
f 313/1/1786 314/1/1787 380/1/1788
f 315/1/1789 380/1/1790 379/1/1791
f 379/1/1792 380/1/1792 381/1/1793
f 379/1/1794 381/1/1795 382/1/1796
f 379/1/1797 382/1/1798 375/1/1799
f 311/1/1800 375/1/1801 376/1/1802
f 380/1/1803 314/1/1804 383/1/1805
f 380/1/1806 383/1/1807 384/1/1808
f 380/1/1809 384/1/1810 381/1/1810
f 316/1/1811 320/1/1812 385/1/1811
f 385/1/1813 320/1/1814 329/1/1815
f 316/1/1816 385/1/1816 383/1/1816
f 314/1/1817 316/1/1818 383/1/1819
f 385/1/1820 386/1/1820 383/1/1821
f 384/1/1822 387/1/1823 388/1/1824
f 382/1/1825 381/1/1826 388/1/1825
f 381/1/1827 384/1/1827 388/1/1828
f 382/1/1829 388/1/1829 375/1/1830
f 329/1/1831 389/1/1831 390/1/1831
f 329/1/1832 328/1/1833 389/1/1833
f 385/1/1834 329/1/1835 390/1/1836
f 327/1/1837 328/1/1838 329/1/1839
f 328/1/1840 325/1/1841 391/1/1842
f 341/1/1843 392/1/1843 325/1/1844
f 325/1/1845 392/1/1846 391/1/1847
f 389/1/1848 328/1/1849 391/1/1848
f 391/1/1850 392/1/1850 393/1/1851
f 391/1/1852 393/1/1852 394/1/1852
f 391/1/1853 394/1/1854 395/1/1855
f 389/1/1856 391/1/1857 395/1/1858
f 385/1/1859 390/1/1860 386/1/1861
f 392/1/1862 341/1/1863 396/1/1864
f 341/1/1865 343/1/1866 396/1/1867
f 392/1/1868 396/1/1869 397/1/1870
f 392/1/1871 397/1/1872 393/1/1873
f 340/1/1874 398/1/1875 343/1/1876
f 343/1/1877 398/1/1878 396/1/1879
f 340/1/1880 337/1/1881 398/1/1882
f 337/1/1883 357/1/1884 398/1/1883
f 398/1/1885 399/1/1885 400/1/1886
f 400/1/1887 399/1/1887 401/1/1888
f 397/1/1889 398/1/1890 400/1/1889
f 396/1/1891 398/1/1892 397/1/1893
f 397/1/1894 400/1/1895 402/1/1894
f 402/1/1896 400/1/1896 401/1/1896
f 402/1/1897 401/1/1898 403/1/1899
f 402/1/1900 403/1/1901 404/1/1901
f 393/1/1902 397/1/1903 394/1/1904
f 394/1/1905 397/1/1906 402/1/1907
f 394/1/1908 402/1/1909 405/1/1910
f 405/1/1911 402/1/1911 404/1/1912
f 357/1/1913 399/1/1914 398/1/1915
f 357/1/1916 356/1/1917 399/1/1917
f 399/1/1918 356/1/1919 406/1/1920
f 356/1/1921 353/1/1922 406/1/1923
f 406/1/1924 353/1/1924 355/1/1925
f 355/1/1926 407/1/1927 408/1/1928
f 406/1/1929 355/1/1930 408/1/1931
f 408/1/1932 407/1/1932 409/1/1933
f 409/1/1934 407/1/1934 410/1/1935
f 409/1/1936 411/1/1937 412/1/1938
f 408/1/1939 409/1/1940 412/1/1939
f 409/1/1941 410/1/1942 411/1/1942
f 399/1/1943 406/1/1944 401/1/1945
f 406/1/1946 412/1/1946 401/1/1946
f 406/1/1947 408/1/1948 412/1/1949
f 355/1/1950 363/1/1950 413/1/1951
f 355/1/1952 413/1/1953 407/1/1953
f 413/1/1954 410/1/1954 407/1/1955
f 363/1/1956 362/1/1957 413/1/1958
f 362/1/1959 368/1/1960 413/1/1960
f 413/1/1961 368/1/1962 414/1/1963
f 368/1/1964 367/1/1965 414/1/1966
f 413/1/1967 414/1/1968 410/1/1969
f 410/1/1970 414/1/1970 415/1/1970
f 415/1/1971 414/1/1972 416/1/1972
f 416/1/1973 417/1/1973 418/1/1974
f 416/1/1975 418/1/1976 419/1/1977
f 410/1/1978 415/1/1979 411/1/1980
f 411/1/1981 415/1/1981 420/1/1982
f 415/1/1983 416/1/1984 420/1/1985
f 420/1/1986 416/1/1987 419/1/1986
f 414/1/1988 367/1/1989 366/1/1990
f 366/1/1991 417/1/1992 414/1/1993
f 414/1/1994 417/1/1995 416/1/1996
f 365/1/1997 421/1/1997 422/1/1998
f 422/1/1999 421/1/2000 423/1/2001
f 366/1/2002 424/1/2003 417/1/2004
f 417/1/2005 424/1/2006 425/1/2006
f 366/1/2007 365/1/2008 424/1/2009
f 424/1/2010 365/1/2011 422/1/2011
f 365/1/2012 370/1/2013 421/1/2014
f 370/1/2015 426/1/2016 421/1/2017
f 426/1/2018 427/1/2019 428/1/2020
f 370/1/2021 371/1/2021 426/1/2021
f 426/1/2022 371/1/2023 429/1/2024
f 371/1/2025 373/1/2026 429/1/2026
f 429/1/2027 373/1/2028 430/1/2029
f 429/1/2030 430/1/2031 427/1/2032
f 426/1/2033 429/1/2034 427/1/2033
f 427/1/2035 430/1/2036 431/1/2037
f 431/1/2038 430/1/2039 432/1/2039
f 421/1/2040 428/1/2041 423/1/2042
f 421/1/2043 426/1/2044 428/1/2045
f 428/1/2046 427/1/2047 431/1/2048
f 428/1/2049 433/1/2049 423/1/2050
f 428/1/2051 431/1/2052 433/1/2053
f 373/1/2054 374/1/2055 432/1/2056
f 373/1/2057 432/1/2058 430/1/2059
f 378/1/2060 377/1/2061 434/1/2062
f 375/1/2063 388/1/2064 376/1/2065
f 376/1/2066 388/1/2067 435/1/2068
f 377/1/2069 376/1/2070 435/1/2071
f 377/1/2072 436/1/2073 434/1/2073
f 377/1/2074 435/1/2075 436/1/2076
f 388/1/2077 387/1/2077 437/1/2078
f 384/1/2079 383/1/2079 438/1/2080
f 384/1/2081 438/1/2082 387/1/2083
f 387/1/2084 438/1/2085 439/1/2085
f 387/1/2086 439/1/2086 437/1/2087
f 437/1/2088 439/1/2088 440/1/2089
f 437/1/2090 440/1/2091 435/1/2092
f 435/1/2093 440/1/2094 441/1/2095
f 388/1/2096 437/1/2097 435/1/2097
f 383/1/2098 386/1/2099 438/1/2099
f 438/1/2100 386/1/2101 442/1/2102
f 386/1/2103 390/1/2104 442/1/2105
f 390/1/2106 395/1/2107 442/1/2108
f 438/1/2109 442/1/2110 439/1/2111
f 390/1/2112 389/1/2113 395/1/2112
f 394/1/2114 405/1/2114 443/1/2115
f 395/1/2116 394/1/2117 443/1/2118
f 395/1/2119 443/1/2120 444/1/2121
f 395/1/2122 444/1/2123 442/1/2123
f 442/1/2124 444/1/2125 440/1/2126
f 439/1/2127 442/1/2128 440/1/2129
f 404/1/2130 445/1/2131 405/1/2131
f 405/1/2132 445/1/2133 446/1/2132
f 405/1/2134 446/1/2135 443/1/2134
f 404/1/2136 403/1/2137 447/1/2138
f 404/1/2139 447/1/2140 445/1/2141
f 403/1/2142 401/1/2143 447/1/2144
f 447/1/2145 448/1/2146 445/1/2145
f 447/1/2147 449/1/2148 448/1/2149
f 446/1/2150 450/1/2151 451/1/2152
f 446/1/2153 445/1/2154 448/1/2155
f 446/1/2156 448/1/2157 450/1/2158
f 451/1/2159 450/1/2160 452/1/2160
f 452/1/2161 450/1/2161 453/1/2162
f 451/1/2163 452/1/2164 454/1/2164
f 446/1/2165 451/1/2166 443/1/2167
f 443/1/2168 451/1/2169 444/1/2170
f 444/1/2171 451/1/2172 454/1/2173
f 401/1/2174 449/1/2175 447/1/2176
f 401/1/2177 412/1/2178 449/1/2179
f 449/1/2180 412/1/2181 455/1/2182
f 412/1/2183 411/1/2184 455/1/2185
f 411/1/2186 420/1/2186 455/1/2187
f 455/1/2188 420/1/2188 419/1/2188
f 419/1/2189 456/1/2190 455/1/2191
f 455/1/2192 456/1/2192 448/1/2193
f 419/1/2194 457/1/2195 456/1/2196
f 457/1/2197 458/1/2198 456/1/2199
f 456/1/2200 458/1/2201 450/1/2202
f 448/1/2203 456/1/2204 450/1/2205
f 450/1/2206 458/1/2207 459/1/2208
f 449/1/2209 455/1/2210 448/1/2209
f 450/1/2211 459/1/2212 453/1/2213
f 418/1/2214 460/1/2215 419/1/2215
f 419/1/2216 460/1/2216 457/1/2217
f 417/1/2218 425/1/2219 418/1/2220
f 425/1/2221 424/1/2222 460/1/2223
f 424/1/2224 461/1/2225 462/1/2226
f 418/1/2227 425/1/2228 460/1/2229
f 460/1/2230 424/1/2231 462/1/2232
f 457/1/2233 460/1/2234 458/1/2235
f 462/1/2236 463/1/2237 460/1/2238
f 460/1/2239 463/1/2240 464/1/2241
f 458/1/2242 460/1/2243 464/1/2244
f 424/1/2245 422/1/2246 461/1/2247
f 422/1/2248 465/1/2249 461/1/2250
f 422/1/2251 423/1/2252 465/1/2253
f 423/1/2254 433/1/2255 465/1/2256
f 465/1/2257 433/1/2258 466/1/2259
f 461/1/2260 465/1/2261 467/1/2262
f 462/1/2263 461/1/2264 463/1/2265
f 461/1/2266 467/1/2266 463/1/2266
f 465/1/2267 466/1/2268 467/1/2269
f 433/1/2270 468/1/2270 466/1/2271
f 433/1/2272 431/1/2273 468/1/2274
f 431/1/2275 432/1/2275 468/1/2276
f 466/1/2277 468/1/2277 469/1/2278
f 435/1/2279 441/1/2279 436/1/2280
f 440/1/2281 444/1/2282 441/1/2281
f 441/1/2283 470/1/2284 471/1/2284
f 441/1/2285 471/1/2286 436/1/2287
f 444/1/2288 454/1/2289 441/1/2289
f 441/1/2290 454/1/2291 470/1/2290
f 454/1/2292 452/1/2292 470/1/2293
f 470/1/2294 452/1/2295 472/1/2296
f 452/1/2297 453/1/2298 472/1/2299
f 459/1/2300 458/1/2301 464/1/2302
f 459/1/2303 464/1/2304 453/1/2305
f 453/1/2306 464/1/2307 472/1/2308
f 464/1/2309 463/1/2310 473/1/2311
f 464/1/2312 473/1/2312 472/1/2313
f 463/1/2314 467/1/2314 473/1/2315
f 467/1/2316 469/1/2317 473/1/2318
f 472/1/2319 473/1/2320 470/1/2319
f 467/1/2321 466/1/2321 469/1/2322
# Vertices: 473, normals: 2322, texture coordinates: 1, faces: 913

