# File generated by FabConvert.com - Free Image and 3D model conversion tools

mtllib SM_Terrain_Mountain_02.mtl

# SM_Terrain_Mountain_02_0
o obj1
v 870.73358154 104.87848663 1162.36328125
v 874.793396 -91.35326385 1344.15930176
v 992.41943359 66.83289337 1135.76696777
v -113.71703339 -91.35321045 1273.79821777
v 78.23675537 -91.35323334 1349.60400391
v 18.64650726 189.631073 1113.02233887
v 223.91107178 164.18984985 1213.3840332
v 495.27563477 147.87054443 1165.5859375
v 750.9979248 126.02819061 1189.90563965
v 546.08544922 212.26672363 1106.77038574
v -496.50897217 264.26831055 1055.64746094
v -272.9538269 238.25932312 986.33581543
v -454.69000244 294.56842041 983.8895874
v -73.67614746 207.04840088 1058.44458008
v 93.72297668 240.4641571 1063.2244873
v 208.5213623 222.53541565 1131.12524414
v 622.8425293 310.47427368 1024.26818848
v 767.09899902 250.86286926 1062.07080078
v 850.23406982 278.86688232 968.52362061
v 912.52490234 251.40490723 970.08660889
v 952.67236328 130.78877258 1068.59399414
v 1151.33691406 102.34261322 849.2142334
v 1031.24584961 210.88227844 877.40533447
v -518.0604248 303.96234131 990.15911865
v -405.59048462 304.34011841 899.19250488
v -168.22079468 240.10578918 1017.10919189
v -30.15852547 340.42468262 901.51824951
v -1150.80395508 -91.35323334 1009.22821045
v -1084.18798828 24.80487061 831.40478516
v -1281.16723633 -91.35328674 786.4331665
v -1088.69213867 -3.77413106 599.70806885
v -1031.10742188 32.10202789 676.85375977
v -1015.36785889 69.34858704 857.43707275
v -949.53417969 121.60318756 735.26385498
v -482.01376343 318.52581787 813.51495361
v -564.19128418 324.12408447 702.32415771
v -166.75457764 411.69244385 859.31243896
v 1.82284904 429.25534058 796.84082031
v 234.24931335 493.20452881 764.38037109
v 343.08953857 463.76080322 850.78753662
v 456.91589355 473.45568848 662.7645874
v 458.99407959 445.618927 855.67962646
v 542.9934082 444.15710449 764.06005859
v 509.67810059 462.05511475 766.59625244
v 803.22265625 298.25094604 806.46069336
v 991.10180664 282.99420166 742.71990967
v 829.78179932 314.63092041 740.13806152
v 1288.61682129 73.659935 510.315979
v 1355.32897949 -91.35319519 750.45843506
v 1399.40942383 -91.35327148 538.18762207
v -725.10430908 276.80316162 661.12054443
v -685.92388916 287.71697998 733.51434326
v -452.93084717 362.77597046 776.12042236
v -416.63470459 426.97494507 764.41894531
v -469.47253418 439.3866272 710.45526123
v -438.23687744 492.07095337 687.06396484
v -239.2197113 459.11245728 804.20233154
v -331.65359497 528.2298584 684.72113037
v -178.69515991 513.76428223 722.37506104
v 155.6599884 471.20877075 801.27459717
v 263.36013794 528.51696777 680.496521
v 217.54669189 576.01538086 625.32983398
v 1172.6394043 122.30455017 716.95599365
v 1255.0123291 104.87258911 413.81799316
v -524.24072266 683.79223633 375.92996216
v -392.35928345 583.83575439 575.262146
v -437.21966553 664.60534668 411.49371338
v -337.17950439 670.76733398 379.22555542
v -19.70970726 551.53515625 621.72845459
v 275.47756958 586.3394165 606.30255127
v 340.4552002 625.67150879 552.07000732
v 408.29309082 501.51754761 635.58062744
v 445.25320435 494.30615234 591.40344238
v 695.2255249 412.67019653 581.11639404
v 837.26330566 421.1590271 550.29907227
v 726.31182861 457.52636719 504.87246704
v 1376.85498047 -91.35321045 383.94030762
v -674.36999512 360.08435059 435.85083008
v -683.39819336 310.34130859 498.16751099
v -641.42553711 451.48950195 412.63806152
v -525.50665283 550.02355957 547.40692139
v -548.74377441 761.95672607 259.51678467
v 49.48913956 615.90893555 573.42797852
v 62.32723236 953.69744873 430.21154785
v -115.11616516 1102.95239258 266.39404297
v 287.05493164 781.11437988 473.84225464
v 1381.88342285 -91.35321808 217.23445129
v -488.58947754 876.05279541 198.86372375
v -15.8715477 1321.51074219 205.78779602
v 273.45666504 873.79797363 408.07589722
v 424.15631104 634.64001465 453.02627563
v 595.81689453 663.22393799 309.23486328
v 438.25482178 771.40362549 237.19137573
v -687.70391846 675.68243408 222.16204834
v -579.57946777 682.03198242 297.75350952
v -592.15490723 762.4864502 228.37319946
v -394.91751099 819.26025391 301.46801758
v -382.290802 1125.44360352 167.6812439
v 56.94342422 1291.65686035 177.16654968
v 328.3274231 887.33581543 313.0083313
v 283.27832031 939.16101074 217.82951355
v 616.44372559 678.19555664 244.96913147
v 737.074646 602.83203125 142.74569702
v 1027.95849609 323.17150879 235.02912903
v 1121.36743164 261.00924683 94.75137329
v 1180.96362305 206.69682312 49.64470291
v 1210.19506836 158.63586426 237.54071045
v 1253.91674805 143.2570343 86.16500092
v -1381.63037109 -91.3532486 148.86856079
v -1249.27062988 55.47785187 171.47093201
v -1379.74084473 -91.35322571 -69.58860779
v -1248.26721191 67.41881561 77.99981689
v -883.39916992 440.48284912 189.45169067
v -747.20147705 628.01318359 196.10295105
v -733.1729126 647.91705322 158.41838074
v -622.51452637 764.69610596 181.07913208
v -524.60827637 845.09484863 177.30072021
v -538.23474121 816.56384277 133.93060303
v -323.45266724 1341.11828613 124.07614136
v -461.07693481 1003.60644531 108.63773346
v -365.043396 1309.01843262 32.96415329
v -195.63140869 1460.03601074 111.89414978
v -114.6105423 1556.65075684 48.01806641
v -170.29031372 1536.71081543 66.98646545
v -1183.36401367 87.77423096 -49.77145004
v -649.27557373 693.08514404 115.84313202
v -642.51391602 745.28271484 157.824646
v -560.93322754 711.92773438 46.8201828
v -307.01837158 1406.71166992 36.59385681
v -226.01806641 1453.4855957 -35.74179459
v -281.89385986 1445.46582031 -13.46343613
v -164.10493469 1523.05749512 11.08655262
v -126.82695007 1526.37414551 -3.85390234
v 1066.73388672 317.13989258 -44.94036865
v 1145.39770508 233.53741455 -155.1980896
v 1231.45654297 161.86065674 -183.81378174
v 1354.89978027 76.62966919 -181.41546631
v 1380.56848145 -91.35321045 16.09850693
v 1422.01647949 -91.35327148 -167.67164612
v -1109.59912109 172.9118042 -6.96195507
v -1039.85302734 144.55163574 -152.7633667
v -235.86286926 1404.06408691 -91.85009766
v -270.19396973 1333.52197266 -129.23764038
v 295.92193604 896.80700684 -229.39169312
v 423.80584717 789.4440918 -98.07396698
v 375.20788574 721.28186035 -304.42333984
v 484.64498901 720.34954834 -171.12365723
v 637.57305908 693.06005859 -162.35914612
v 662.85308838 662.43603516 -233.29240417
v 744.19775391 630.71276855 -237.18269348
v 803.25109863 591.68188477 -151.12210083
v 1027.48681641 354.14352417 -105.56732178
v 813.7901001 572.30877686 -274.13378906
v 888.73681641 499.1065979 -275.27816772
v -17.45796585 1003.19647217 -315.08483887
v 139.88198853 987.78692627 -240.03457642
v 271.49395752 804.20501709 -317.40826416
v 733.01324463 568.13134766 -373.38589478
v 588.71954346 567.12432861 -407.05422974
v 832.88952637 534.82037354 -324.97744751
v 968.00274658 385.12979126 -362.09237671
v 1336.53527832 97.04779053 -429.89349365
v 1525.56396484 -91.35327911 -354.79324341
v -369.46340942 884.71154785 -292.98034668
v -298.49884033 848.60418701 -374.85354614
v -273.96813965 672.62072754 -512.02593994
v 354.39932251 679.28411865 -357.05426025
v 491.32437134 575.20068359 -446.0151062
v 307.75622559 552.97277832 -501.48864746
v 725.28814697 543.28186035 -498.90447998
v 1052.96264648 316.83856201 -308.68414307
v 956.15368652 361.05715942 -478.50085449
v 462.31951904 514.37963867 -658.85827637
v 565.55291748 558.82446289 -496.68447876
v 626.93212891 575.3717041 -621.40826416
v 1034.52270508 350.84408569 -531.96728516
v 1096.71716309 284.50500488 -454.13201904
v 1202.04016113 202.81770325 -549.09625244
v 1379.94018555 35.30666733 -605.87731934
v -669.78356934 348.93502808 -625.54650879
v -696.35595703 411.86724854 -565.37194824
v -608.79333496 348.43103027 -658.01977539
v -212.93591309 731.35424805 -595.61859131
v -168.68180847 817.48754883 -545.62426758
v -126.69372559 715.74517822 -708.36401367
v -109.33866882 865.26800537 -489.84002686
v 30.5989399 676.74609375 -681.03533936
v -41.47697449 703.2722168 -719.25
v 98.86023712 623.65075684 -615.96002197
v 229.73974609 494.35415649 -578.58398438
v 220.50849915 472.84588623 -722.85723877
v -315.80303955 324.37060547 -853.87512207
v -248.03094482 599.04852295 -672.41815186
v -245.34022522 454.99291992 -793.31109619
v -110.19490051 662.55895996 -774.65911865
v 1301.10559082 62.49371338 -708.95202637
v 1390.0480957 -91.35323334 -801.35321045
v -1261.39770508 -91.35321808 -590.94445801
v -1157.90039062 156.53546143 -658.96368408
v -1158.89819336 157.38201904 -784.82513428
v -838.36645508 320.73138428 -788.29870605
v -724.8793335 369.48690796 -631.25933838
v -678.59875488 289.1867981 -871.78643799
v 678.94213867 383.40881348 -925.63830566
v 835.34692383 370.61489868 -788.67834473
v 723.37878418 360.04650879 -962.85675049
v 1053.41967773 369.27111816 -689.80529785
v 1079.64990234 316.43603516 -814.0737915
v 996.60272217 330.12844849 -926.88476562
v 1252.22277832 -91.35320282 -955.30407715
v -242.19195557 304.0838623 -945.55059814
v -49.13156509 414.87536621 -981.15228271
v -236.3895874 189.34638977 -1108.82373047
v -734.94549561 111.02287292 -1180.25683594
v -510.92095947 129.42883301 -1095.26379395
v -495.92016602 100.3538208 -1167.37255859
v 8.17641926 -91.35320282 -1503.9296875
v 176.11227417 296.49572754 -1096.89208984
v 253.92382812 -91.35321808 -1321.53540039
v -423.88153076 -91.35327148 -1356.26647949
v -657.63787842 -91.35322571 -1347.90319824
v -225.43840027 -91.35321808 -1475.9309082
v -80.50202179 211.86947632 -1279.80273438
v -898.609375 -91.35323334 -1273.99389648
v 1055.93896484 -91.35323334 -1144.48706055
v 789.06274414 -91.35329437 -1274.44116211
v 929.57312012 294.11987305 -1007.52319336
v 511.55117798 -91.35329437 -1295.72509766
v 510.60696411 177.97006226 -1159.68200684
v 795.43695068 326.69805908 -1028.6192627
v 10.8787756 223.3265686 -1289.12194824
v -284.65087891 99.22020721 -1213.99169922
v -360.20870972 113.20272064 -1146.07861328
v -906.40557861 143.94326782 -1086.1920166
v -1145.20776367 -91.3532486 -1043.83398438
v 1131.88671875 139.70767212 -968.2789917
v 869.48565674 333.97460938 -1000.37750244
v 952.83239746 369.37554932 -885.95452881
v 593.12084961 355.96353149 -993.21502686
v 303.88113403 246.21992493 -1142.6114502
v 552.09240723 427.19631958 -913.6050415
v 9.87526608 301.80529785 -1147.07495117
v -371.94961548 191.58340454 -1008.18743896
v -560.42004395 240.12878418 -903.0345459
v -1054.36035156 291.06103516 -742.93334961
v 1202.67285156 143.99772644 -795.12249756
v 330.9473877 337.09463501 -1015.81878662
v 185.80632019 386.10531616 -945.37994385
v 2.01254725 427.41094971 -965.57305908
v -18.28876114 634.12609863 -790.32940674
v -171.52378845 437.54003906 -886.42871094
v -428.84030151 268.125 -855.61633301
v -508.99636841 241.06915283 -900.34283447
v 1256.9552002 127.52505493 -610.16027832
v 1108.57385254 320.33410645 -696.11303711
v 1008.59295654 378.1418457 -649.82336426
v 823.33728027 380.90618896 -741.7600708
v 654.31048584 453.0802002 -819.41149902
v 539.19909668 464.06982422 -847.13891602
v 358.65435791 412.85055542 -820.18048096
v 542.68664551 479.95797729 -792.58392334
v 324.52706909 441.26559448 -717.96081543
v 190.98561096 465.21960449 -795.36938477
v -166.43426514 674.5201416 -725.16827393
v -377.5597229 353.40274048 -749.5838623
v -544.99902344 313.0262146 -720.89819336
v -605.93188477 304.67272949 -722.85778809
v -822.9354248 385.21722412 -621.67370605
v -977.63104248 330.61053467 -682.59197998
v -1047.14538574 271.6975708 -624.3269043
v 1086.18200684 346.36407471 -624.20288086
v 1001.77984619 377.31192017 -597.47741699
v 876.5859375 398.98355103 -566.10400391
v 779.06567383 436.82107544 -639.3782959
v 677.02972412 493.52841187 -713.67053223
v 613.78747559 547.78991699 -682.0715332
v 570.38061523 550.11425781 -665.24377441
v 306.44732666 473.37350464 -645.20501709
v -144.59353638 877.17437744 -477.92129517
v -306.52807617 596.94830322 -551.9005127
v -417.34793091 417.65219116 -669.66693115
v -742.37640381 378.17810059 -575.09875488
v -782.70446777 385.8868103 -560.00793457
v -810.64117432 361.06124878 -513.73681641
v -1026.53344727 254.49369812 -565.32324219
v 675.61340332 566.70837402 -606.64208984
v 338.19793701 515.77111816 -568.38525391
v 22.78746605 722.871521 -431.94869995
v -97.96356201 878.22949219 -431.2326355
v -444.68060303 591.22387695 -547.82995605
v -514.71728516 556.64849854 -555.15368652
v -672.25427246 576.75701904 -483.47528076
v -715.49658203 559.99890137 -469.9989624
v -736.81451416 433.05462646 -521.31079102
v -769.86523438 387.44515991 -505.08944702
v -914.65344238 192.97163391 -417.62911987
v -980.11639404 118.06334686 -380.38516235
v -1217.09960938 -91.35329437 -364.84555054
v 1162.0090332 226.7408905 -351.17855835
v 216.18377686 609.89660645 -442.62014771
v -9.99690247 861.22497559 -388.00570679
v -150.46356201 916.91864014 -370.62991333
v -195.72433472 885.98492432 -389.64306641
v -434.66775513 811.71710205 -310.09472656
v -679.80450439 642.11315918 -393.68347168
v -731.38098145 608.82666016 -393.38980103
v -756.87963867 553.10742188 -379.60766602
v -847.05670166 229.34390259 -362.40951538
v -906.88421631 162.15019226 -355.09161377
v -870.84594727 200.77906799 -297.55731201
v -939.18713379 133.32772827 -290.87365723
v -1237.52148438 -91.35323334 -200.81008911
v -277.24420166 1187.62866211 -202.49807739
v -394.13214111 975.56048584 -219.68778992
v -506.38519287 808.37194824 -225.95710754
v -539.70996094 792.69458008 -157.89709473
v -698.86077881 640.52429199 -310.85583496
v -743.23449707 581.68237305 -318.91751099
v -783.22351074 411.07437134 -204.67256165
v -940.53094482 160.79316711 -231.74253845
v 119.39915466 1139.3137207 -130.49411011
v 187.71406555 1082.28894043 -127.80117798
v -63.25253677 1260.22644043 -104.78471375
v -342.14086914 1348.66088867 -18.08914185
v -440.29721069 941.41247559 -154.2555542
v -497.82006836 858.4654541 -50.77072525
v -654.56896973 534.04144287 -24.02516174
v -713.47210693 518.05969238 -140.365448
v -720.12854004 466.41485596 -44.03263855
v -837.65667725 331.48550415 -124.99454498
v -924.07452393 335.8609314 -35.63037872
v -1055.3449707 206.47184753 -45.01993561
v 731.16491699 647.45233154 -94.06511688
v 506.79187012 745.61956787 103.73257446
v 197.34237671 1096.77954102 -67.630867
v 109.30928802 1184.65673828 -26.08221626
v 7.65124035 1253.01977539 -70.1441803
v 50.35421371 1226.23095703 -8.25213242
v -67.1302948 1489.54699707 3.79754233
v -756.72613525 590.79095459 112.42271423
v -905.11016846 419.98025513 90.84646606
v -1192.39477539 110.32308197 44.36240387
v 675.1751709 645.44464111 214.05882263
v 488.81784058 759.48571777 177.22050476
v 184.62709045 1108.00268555 85.02822113
v 34.81012344 1340.45568848 105.48181915
v -23.92520142 1408.2434082 89.39524078
v -78.54537964 1434.00634766 104.67191315
v -1034.16796875 252.73382568 163.93707275
v -1119.81311035 173.7903595 136.21450806
v -9.23113251 1385.27526855 148.8276062
v -141.75016785 1296.64367676 193.03355408
v -315.5111084 1267.44775391 165.23526001
v -796.81982422 535.17175293 228.76875305
v -814.86547852 459.83343506 265.40759277
v -1023.10992432 198.00942993 251.59634399
v -1087.43237305 113.79407501 278.006073
v 845.59777832 450.38317871 340.65719604
v 604.86535645 618.72290039 368.959198
v -187.64305115 795.140625 340.17202759
v -452.73657227 742.79083252 351.01809692
v -682.8270874 438.34561157 367.546875
v -878.89544678 233.30924988 355.88769531
v -935.64581299 143.04852295 389.42315674
v -1314.4453125 0.67710495 277.14434814
v -1383.33215332 -91.35321808 355.4624939
v 1194.54101562 161.48503113 405.29437256
v 915.37658691 406.22729492 409.47125244
v 1045.77319336 323.14044189 489.50152588
v 787.0536499 467.55471802 398.71511841
v 532.97509766 571.84472656 477.71731567
v 487.00009155 475.09121704 593.75854492
v -136.05755615 655.59887695 448.16012573
v -582.27954102 546.17480469 460.94873047
v -774.90979004 221.6539917 482.52001953
v -828.23382568 182.98329163 456.19271851
v -1027.48803711 43.00645828 442.85189819
v -1089.67919922 1.46105897 482.7762146
v 905.81225586 411.54922485 521.53405762
v 575.24389648 466.12033081 582.85839844
v 113.95498657 521.34924316 670.76251221
v -558.76306152 471.74923706 583.39147949
v -629.5355835 361.76397705 554.57836914
v -720.24914551 280.5604248 542.36590576
v -821.40808105 234.55813599 637.18988037
v -867.8951416 143.33529663 528.50140381
v -938.72784424 80.21492767 499.78924561
v -1007.57684326 33.85191727 505.75680542
v -1177.37451172 -20.00739288 546.21850586
v -1290.08837891 -91.35327911 567.6817627
v 1110.72924805 183.87786865 711.87884521
v 1018.19293213 319.91702271 613.95837402
v 571.88446045 419.66445923 722.21350098
v 659.83563232 375.21044922 686.35693359
v 532.23095703 446.23431396 661.93511963
v -776.08880615 274.2711792 777.98547363
v -883.04522705 212.64718628 760.60626221
v 1019.31817627 289.89630127 677.39099121
v 663.359375 355.15332031 758.0345459
v 740.38555908 350.74932861 885.20739746
v 588.12158203 373.95675659 787.58898926
v 191.05523682 432.84835815 883.80877686
v -265.54870605 393.96984863 859.55603027
v -355.05349731 295.25140381 900.02484131
v -237.50132751 266.16241455 975.70141602
v -847.57275391 247.45077515 805.03735352
v 1218.69848633 50.00030899 891.07189941
v 969.91296387 266.00640869 876.65856934
v 618.56811523 344.67977905 958.80163574
v 545.07580566 375.92559814 887.54650879
v 462.39242554 286.72692871 1056.21166992
v -657.27966309 305.87954712 971.97070312
v -787.059021 275.55511475 953.26477051
v -851.57751465 234.80331421 927.56359863
v 1310.90454102 -91.3532486 931.19165039
v 335.24243164 237.41447449 1127.14892578
v -153.05809021 203.85934448 1071.38720703
v -635.20397949 291.94979858 1039.10009766
v -708.20349121 290.08258057 1013.22802734
v -768.91424561 259.37557983 1020.84820557
v -970.74816895 81.49417114 1023.32714844
v 1167.59216309 -91.35327148 1077.89257812
v 263.28027344 -91.3532486 1404.11047363
v -279.45376587 -91.35328674 1271.34545898
v -541.31835938 -91.3532486 1317.47106934
v -782.65655518 97.63303375 1199.92651367
v -942.49951172 -91.35323334 1201.26635742
v 1029.62915039 -91.3532486 1224.60754395
v 690.08422852 -91.35321808 1348.18481445
v 497.91424561 -91.35327911 1343.90698242
v -742.95635986 -91.35322571 1329.73291016
vn 0.3497 0.64058 0.68364
vn 0.3497 0.64058 0.68364
vn 0.3497 0.64058 0.68364
vn -0.30018 0.57632 0.7601
vn -0.30018 0.57632 0.7601
vn -0.30018 0.57632 0.7601
vn -0.30021 0.57631 0.76009
vn -0.01175 0.67938 0.73369
vn -0.01175 0.67938 0.73369
vn -0.01175 0.67938 0.73369
vn 0.25072 0.83079 0.49692
vn 0.25072 0.83079 0.49692
vn 0.25072 0.83079 0.49692
vn -0.17764 0.80994 0.55897
vn -0.17764 0.80994 0.55897
vn -0.19338 0.81732 0.54276
vn 0.23233 0.85559 0.4626
vn 0.23233 0.85559 0.4626
vn 0.23233 0.85559 0.4626
vn 0.33134 0.78164 0.52845
vn 0.33134 0.78164 0.52845
vn 0.33134 0.78164 0.52845
vn 0.64086 0.57779 0.50543
vn 0.64086 0.57779 0.50543
vn 0.16341 0.9648 0.20604
vn 0.16341 0.9648 0.20604
vn -0.01495 0.76392 0.64513
vn -0.01495 0.76392 0.64513
vn -0.01495 0.76392 0.64513
vn -0.53444 0.78523 0.31272
vn -0.53444 0.78523 0.31272
vn -0.48894 0.86686 -0.09742
vn -0.48894 0.86686 -0.09742
vn -0.70912 0.70023 -0.08262
vn -0.70912 0.70023 -0.08262
vn -0.03392 0.99659 0.07524
vn -0.03392 0.99659 0.07524
vn 0.17184 0.7246 0.6674
vn 0.17184 0.7246 0.6674
vn 0.17184 0.7246 0.6674
vn 0.15167 0.97814 0.14226
vn 0.15167 0.97814 0.14226
vn 0.15167 0.97814 0.14226
vn 0.45633 0.79192 0.40574
vn 0.45633 0.79192 0.40574
vn 0.17874 0.93615 0.30278
vn 0.17874 0.93615 0.30278
vn 0.80523 0.56889 0.16722
vn -0.28432 0.95868 0.00935
vn -0.28432 0.95868 0.00935
vn -0.58291 0.45256 0.67484
vn -0.58291 0.45256 0.67484
vn -0.50943 0.58303 0.6329
vn -0.50943 0.58303 0.6329
vn -0.2748 0.69649 0.66286
vn -0.2748 0.69649 0.66286
vn -0.2748 0.69649 0.66286
vn -0.2402 0.7481 0.61859
vn -0.2402 0.7481 0.61859
vn -0.2402 0.7481 0.61859
vn -0.05006 0.84724 0.52884
vn -0.05006 0.84724 0.52884
vn -0.05006 0.84724 0.52884
vn 0.18291 0.81501 0.54982
vn 0.18291 0.81501 0.54982
vn 0.52127 0.84832 0.09287
vn 0.52127 0.84832 0.09287
vn 0.52127 0.84832 0.09287
vn 0.01916 0.89876 0.43802
vn 0.01916 0.89876 0.43802
vn 0.01916 0.89876 0.43802
vn 0.02762 0.9109 0.41171
vn 0.02762 0.9109 0.41171
vn 0.06426 0.78201 0.61995
vn 0.06426 0.78201 0.61995
vn 0.06426 0.78201 0.61995
vn 0.63856 0.63819 0.43007
vn 0.63856 0.63819 0.43007
vn 0.0632 0.8487 0.52508
vn 0.0632 0.8487 0.52508
vn 0.0632 0.8487 0.52508
vn 0.83344 0.539 -0.12187
vn 0.83344 0.539 -0.12187
vn 0.83344 0.539 -0.12187
vn -0.91407 0.37103 0.16374
vn -0.91407 0.37103 0.16374
vn -0.91407 0.37103 0.16374
vn -0.36652 0.73491 0.57059
vn -0.36652 0.73491 0.57059
vn -0.36652 0.73491 0.57059
vn -0.44838 0.3633 0.81668
vn -0.44838 0.3633 0.81668
vn -0.44838 0.3633 0.81668
vn 0.31173 0.55169 0.7736
vn 0.31173 0.55169 0.7736
vn 0.31173 0.55169 0.7736
vn 0.21925 0.49766 0.83921
vn 0.21925 0.49766 0.83921
vn 0.7965 0.59882 -0.08368
vn 0.7965 0.59882 -0.08368
vn 0.7965 0.59882 -0.08368
vn -0.60212 0.59842 0.52854
vn -0.60212 0.59842 0.52854
vn -0.60212 0.59842 0.52854
vn 0.26177 0.54264 0.79813
vn 0.26177 0.54264 0.79813
vn 0.26177 0.54264 0.79813
vn 0.37604 0.57228 0.72876
vn 0.37604 0.57228 0.72876
vn 0.37604 0.57228 0.72876
vn 0.30632 0.79492 0.52371
vn 0.30632 0.79492 0.52371
vn 0.30632 0.79492 0.52371
vn -0.5116 0.51387 0.68862
vn -0.5116 0.51387 0.68862
vn -0.46414 0.594 0.65707
vn -0.46414 0.594 0.65707
vn -0.59126 0.34326 0.72978
vn -0.59126 0.34326 0.72978
vn -0.59126 0.34326 0.72978
vn 0.84204 0.52785 -0.11113
vn 0.84204 0.52785 -0.11113
vn 0.42566 0.84151 0.33266
vn 0.42566 0.84151 0.33266
vn 0.66814 0.73438 0.11948
vn 0.66814 0.73438 0.11948
vn 0.66814 0.73438 0.11948
vn 0.62345 0.77527 0.10131
vn 0.62345 0.77527 0.10131
vn -0.74225 0.67009 -0.00642
vn -0.79851 0.59815 0.06784
vn -0.80924 0.58741 0.009
vn -0.80924 0.58741 0.009
vn -0.61401 0.73409 -0.29
vn -0.61401 0.73409 -0.29
vn -0.8325 0.31873 0.45316
vn -0.8325 0.31873 0.45316
vn -0.8325 0.31873 0.45316
vn -0.89239 0.3509 0.28373
vn -0.89239 0.3509 0.28373
vn 0.12975 0.46884 0.8737
vn 0.12975 0.46884 0.8737
vn 0.12975 0.46884 0.8737
vn -0.64686 0.73259 -0.21187
vn -0.58277 0.5538 -0.59471
vn -0.58277 0.5538 -0.59471
vn -0.58277 0.5538 -0.59471
vn 0.15333 0.74264 0.6519
vn 0.15333 0.74264 0.6519
vn 0.15333 0.74264 0.6519
vn -0.31635 0.70715 -0.63234
vn -0.31635 0.70715 -0.63234
vn 0.70765 0.70591 -0.03037
vn 0.70765 0.70591 -0.03037
vn 0.70765 0.70591 -0.03037
vn 0.65696 0.75392 -0.0027
vn 0.90329 0.37757 0.20373
vn 0.90329 0.37757 0.20373
vn 0.90329 0.37757 0.20373
vn -0.57548 0.70609 -0.41263
vn -0.57548 0.70609 -0.41263
vn -0.52685 0.58381 -0.61774
vn -0.52685 0.58381 -0.61774
vn 0.78704 0.50623 -0.35258
vn 0.78704 0.50622 -0.35258
vn 0.18179 0.97297 -0.14244
vn 0.18179 0.97297 -0.14244
vn 0.26222 0.91647 -0.30221
vn 0.26222 0.91647 -0.30221
vn 0.33881 0.90171 -0.26855
vn 0.33881 0.90171 -0.26855
vn 0.73071 0.68122 -0.04468
vn 0.73071 0.68122 -0.04468
vn 0.6985 0.71453 0.03927
vn 0.39565 0.5828 -0.7098
vn 0.39565 0.5828 -0.7098
vn 0.39565 0.5828 -0.7098
vn 0.11419 0.84968 -0.51478
vn 0.11419 0.84968 -0.51478
vn 0.67302 0.69309 -0.25822
vn 0.67302 0.69309 -0.25822
vn 0.67302 0.69309 -0.25822
vn 0.67919 0.68095 -0.27388
vn 0.67919 0.68095 -0.27388
vn 0.67919 0.68095 -0.27388
vn 0.92902 0.36804 -0.03842
vn 0.59717 0.73088 0.33045
vn 0.59717 0.73088 0.33045
vn -0.56135 0.45868 -0.68884
vn -0.56135 0.45868 -0.68884
vn 0.11566 0.72889 -0.67479
vn 0.11566 0.72889 -0.67479
vn 0.11566 0.72889 -0.67479
vn 0.64399 0.67196 -0.36572
vn 0.64399 0.67196 -0.36572
vn 0.69002 0.69166 -0.21327
vn 0.69002 0.69166 -0.21327
vn 0.69002 0.69166 -0.21327
vn -0.33872 0.93995 -0.04199
vn -0.33872 0.93995 -0.04199
vn -0.33872 0.93995 -0.04199
vn 0.66457 0.74049 0.1001
vn 0.66457 0.74049 0.1001
vn 0.66457 0.74049 0.1001
vn 0.71747 0.69342 -0.06632
vn 0.71747 0.69342 -0.06632
vn 0.71747 0.69342 -0.06632
vn -0.39063 0.54466 -0.74212
vn -0.39063 0.54466 -0.74212
vn -0.39063 0.54466 -0.74212
vn -0.5861 0.6104 -0.53283
vn -0.5861 0.6104 -0.53283
vn 0.49537 0.77188 -0.39852
vn 0.49537 0.77188 -0.39852
vn 0.49537 0.77188 -0.39852
vn 0.7161 0.68223 -0.14753
vn 0.7161 0.68223 -0.14753
vn -0.4604 0.56559 -0.68421
vn -0.4604 0.56559 -0.68421
vn -0.4604 0.56559 -0.68421
vn 0.03553 0.78381 -0.61998
vn 0.69312 0.62076 -0.36639
vn 0.69312 0.62076 -0.36639
vn 0.69312 0.62076 -0.36639
vn -0.92178 0.38758 0.00991
vn -0.92178 0.38758 0.00991
vn 0.02427 0.94965 -0.31237
vn 0.02427 0.94965 -0.31237
vn 0.02427 0.94965 -0.31237
vn 0.28633 0.9275 -0.24034
vn 0.28633 0.9275 -0.24034
vn 0.48335 0.83772 -0.25415
vn 0.48335 0.83772 -0.25415
vn 0.57292 0.63928 -0.51291
vn 0.57292 0.63928 -0.51291
vn -0.49684 0.70165 -0.51073
vn -0.49684 0.70165 -0.51073
vn 0.06104 0.93006 -0.36231
vn 0.06104 0.93006 -0.36231
vn 0.06104 0.93006 -0.36231
vn 0.5145 0.50473 -0.69321
vn 0.5145 0.50473 -0.69321
vn 0.5145 0.50473 -0.69321
vn -0.02565 0.69672 -0.71688
vn -0.02565 0.69672 -0.71688
vn -0.09753 0.57297 -0.81376
vn -0.09753 0.57297 -0.81376
vn -0.09753 0.57297 -0.81376
vn 0.0698 0.65206 -0.75495
vn 0.0698 0.65206 -0.75495
vn -0.24249 0.56229 -0.79059
vn -0.24249 0.56229 -0.79059
vn -0.24249 0.56229 -0.79059
vn 0.39729 0.42013 -0.81588
vn 0.39729 0.42013 -0.81588
vn 0.39729 0.42013 -0.81588
vn 0.06829 0.45001 -0.89041
vn 0.06829 0.45001 -0.89041
vn 0.06829 0.45001 -0.89041
vn 0.13201 0.50095 -0.85535
vn 0.13201 0.50095 -0.85535
vn 0.13201 0.50095 -0.85535
vn 0.08906 0.44933 -0.88892
vn 0.08906 0.44933 -0.88892
vn 0.58237 0.4549 -0.67373
vn 0.58237 0.4549 -0.67373
vn 0.58237 0.4549 -0.67373
vn -0.15314 0.55804 -0.81556
vn -0.15314 0.55804 -0.81556
vn -0.15314 0.55804 -0.81556
vn -0.52963 0.62446 -0.57405
vn -0.52963 0.62446 -0.57405
vn -0.36213 0.7129 -0.60053
vn -0.36213 0.7129 -0.60053
vn -0.38836 0.71642 -0.57958
vn -0.38836 0.71642 -0.57958
vn 0.04322 0.7094 -0.70348
vn 0.04322 0.7094 -0.70348
vn -0.02814 0.92504 -0.37884
vn -0.02814 0.92504 -0.37884
vn -0.02814 0.92504 -0.37884
vn -0.2987 0.58927 -0.75069
vn -0.2987 0.58927 -0.75069
vn -0.2987 0.58927 -0.75069
vn -0.5951 0.48919 -0.63761
vn -0.5951 0.48919 -0.63761
vn -0.5951 0.48919 -0.63761
vn 0.66076 0.30562 -0.68556
vn 0.66076 0.30562 -0.68556
vn 0.52764 0.52075 -0.67113
vn 0.47623 0.42887 -0.76764
vn 0.47623 0.42887 -0.76764
vn 0.47623 0.42887 -0.76764
vn 0.38021 0.6847 -0.62179
vn 0.38021 0.6847 -0.62179
vn 0.22951 0.49616 -0.83735
vn 0.22951 0.49616 -0.83735
vn 0.22951 0.49616 -0.83735
vn 0.26961 0.48505 -0.83189
vn 0.26961 0.48505 -0.83189
vn 0.26961 0.48505 -0.83189
vn 0.02594 0.94951 -0.31266
vn 0.02594 0.94951 -0.31266
vn 0.02594 0.94951 -0.31266
vn 0.08737 0.92381 -0.37274
vn 0.08737 0.92381 -0.37274
vn 0.08737 0.92381 -0.37274
vn -0.02694 0.68945 -0.72383
vn -0.02694 0.68945 -0.72383
vn 0.06339 0.91639 -0.39524
vn 0.06339 0.91639 -0.39524
vn 0.06339 0.91639 -0.39524
vn 0.07803 0.45785 -0.8856
vn 0.07803 0.45785 -0.8856
vn 0.16506 0.67891 -0.71543
vn 0.16506 0.67891 -0.71543
vn 0.16506 0.67891 -0.71543
vn -0.12261 0.47889 -0.86927
vn -0.12261 0.47889 -0.86927
vn -0.12261 0.47889 -0.86927
vn 0.17111 0.8629 -0.47553
vn 0.17111 0.8629 -0.47553
vn 0.17111 0.8629 -0.47553
vn -0.15711 0.86396 -0.47843
vn -0.15711 0.86396 -0.47843
vn -0.15711 0.86396 -0.47843
vn -0.56546 0.70852 -0.42221
vn -0.53811 0.74599 -0.39235
vn -0.53811 0.74599 -0.39235
vn -0.53811 0.74599 -0.39235
vn -0.28979 0.82125 -0.49149
vn -0.3621 0.78338 -0.50517
vn -0.3621 0.78338 -0.50517
vn -0.07473 0.86419 -0.49759
vn -0.07473 0.86419 -0.49759
vn 0.12496 0.8491 -0.51324
vn 0.12496 0.8491 -0.51324
vn 0.12496 0.8491 -0.51324
vn 0.24431 0.8662 -0.43591
vn 0.24431 0.8662 -0.43591
vn -0.09867 0.86942 -0.48413
vn -0.09867 0.86942 -0.48413
vn -0.09867 0.86942 -0.48413
vn -0.63217 0.54189 -0.55381
vn -0.63217 0.54189 -0.55381
vn -0.58666 0.62148 -0.51923
vn -0.58666 0.62148 -0.51923
vn -0.58666 0.62148 -0.51923
vn 0.83786 0.41654 -0.35283
vn 0.83786 0.41654 -0.35283
vn 0.83786 0.41654 -0.35283
vn 0.76912 0.46228 -0.44131
vn 0.76912 0.46228 -0.44131
vn 0.76912 0.46228 -0.44131
vn 0.78438 0.52293 -0.33361
vn 0.78438 0.52293 -0.33361
vn 0.68676 0.58244 -0.43487
vn 0.68676 0.58244 -0.43487
vn 0.29916 0.82808 -0.47411
vn 0.29916 0.82808 -0.47411
vn 0.50115 0.82646 -0.25655
vn 0.50115 0.82646 -0.25655
vn -0.02587 0.9987 -0.04397
vn -0.02587 0.9987 -0.04397
vn 0.07952 0.88428 -0.46013
vn 0.07952 0.88428 -0.46013
vn 0.07952 0.88428 -0.46013
vn -0.1221 0.70756 -0.69603
vn -0.1221 0.70756 -0.69603
vn -0.1221 0.70756 -0.69603
vn 0.21352 0.78016 -0.58802
vn -0.0691 0.81778 -0.57137
vn -0.0691 0.81778 -0.57137
vn 0.10161 0.79819 -0.59377
vn 0.10161 0.79819 -0.59377
vn 0.04218 0.85878 -0.51061
vn 0.04218 0.85878 -0.51061
vn 0.04218 0.85878 -0.51061
vn 0.1806 0.84147 -0.50923
vn 0.24038 0.80303 -0.54531
vn 0.24038 0.80303 -0.54531
vn 0.24038 0.80303 -0.54531
vn 0.00308 0.82687 -0.56238
vn 0.00308 0.82687 -0.56238
vn -0.02781 0.82142 -0.56965
vn -0.02781 0.82141 -0.56965
vn -0.02781 0.82142 -0.56965
vn 0.07161 0.64908 -0.75735
vn -0.44553 0.54915 -0.70706
vn -0.44553 0.54915 -0.70706
vn -0.44553 0.54915 -0.70706
vn -0.59042 0.56707 -0.57432
vn -0.59042 0.56707 -0.57432
vn -0.59042 0.56707 -0.57432
vn -0.45285 0.72183 -0.52335
vn -0.45285 0.72183 -0.52335
vn -0.45285 0.72183 -0.52335
vn -0.37618 0.76433 -0.52372
vn -0.37618 0.76433 -0.52372
vn -0.37618 0.76433 -0.52372
vn -0.37342 0.76663 -0.52233
vn -0.37342 0.76663 -0.52233
vn -0.04228 0.88662 -0.46056
vn -0.04228 0.88662 -0.46056
vn 0.0049 0.91122 -0.4119
vn 0.0049 0.91122 -0.4119
vn -0.06382 0.85762 -0.51031
vn -0.06382 0.85762 -0.51031
vn -0.06382 0.85762 -0.51031
vn 0.31565 0.91662 -0.24528
vn 0.31565 0.91662 -0.24528
vn 0.31565 0.91662 -0.24528
vn -0.0871 0.8653 -0.49363
vn -0.0871 0.8653 -0.49363
vn -0.0871 0.8653 -0.49363
vn -0.21517 0.8606 -0.46159
vn -0.21517 0.8606 -0.46159
vn -0.21517 0.8606 -0.46159
vn -0.94881 0.20125 -0.24342
vn -0.94881 0.20125 -0.24342
vn -0.94881 0.20125 -0.24342
vn 0.70297 0.69643 -0.14428
vn 0.70297 0.69643 -0.14428
vn 0.80593 0.55126 -0.21583
vn 0.80593 0.55126 -0.21583
vn 0.80593 0.55126 -0.21583
vn 0.81723 0.54359 -0.19143
vn 0.81723 0.54359 -0.19143
vn 0.81723 0.54359 -0.19143
vn 0.64092 0.74577 -0.1818
vn 0.64092 0.74577 -0.1818
vn 0.64092 0.74577 -0.1818
vn 0.13455 0.98854 -0.06847
vn 0.13455 0.98854 -0.06847
vn -0.01688 0.99931 -0.03311
vn -0.01688 0.99931 -0.03311
vn -0.01688 0.99931 -0.03311
vn 0.21565 0.96389 -0.15623
vn 0.21565 0.96389 -0.15623
vn 0.21565 0.96389 -0.15623
vn 0.50683 0.77003 -0.38752
vn 0.50683 0.77003 -0.38752
vn 0.25788 0.86523 -0.42998
vn 0.25788 0.86523 -0.42998
vn 0.25788 0.86523 -0.42998
vn 0.20159 0.83981 -0.50406
vn 0.20159 0.83981 -0.50406
vn 0.20159 0.83981 -0.50406
vn -0.11895 0.85827 -0.49922
vn -0.11895 0.85827 -0.49922
vn -0.11895 0.85827 -0.49922
vn -0.30188 0.90264 -0.30677
vn -0.30188 0.90264 -0.30677
vn -0.29857 0.92127 -0.24922
vn -0.29857 0.92127 -0.24922
vn -0.29857 0.92127 -0.24922
vn 0.03626 0.96589 -0.25639
vn 0.03626 0.96589 -0.25639
vn 0.03626 0.96589 -0.25639
vn 0.1287 0.9185 -0.37389
vn 0.1287 0.9185 -0.37389
vn 0.1287 0.9185 -0.37389
vn 0.39868 0.80544 -0.43855
vn 0.39868 0.80544 -0.43855
vn 0.39868 0.80544 -0.43855
vn 0.22492 0.64284 -0.73223
vn 0.22492 0.64284 -0.73223
vn 0.22492 0.64284 -0.73223
vn 0.57019 0.71836 -0.39854
vn 0.57019 0.71836 -0.39854
vn 0.57019 0.71836 -0.39854
vn 0.07167 0.64907 -0.75735
vn 0.07167 0.64907 -0.75735
vn 0.07167 0.64907 -0.75735
vn 0.11096 0.73021 -0.67415
vn -0.47407 0.49193 -0.73025
vn -0.47407 0.49193 -0.73025
vn -0.51493 0.48979 -0.70352
vn -0.51493 0.48979 -0.70352
vn -0.41474 0.6566 -0.62998
vn -0.41474 0.6566 -0.62998
vn -0.41474 0.6566 -0.62998
vn -0.66707 0.42886 -0.60918
vn -0.66707 0.42886 -0.60918
vn -0.66707 0.42886 -0.60918
vn -0.73536 0.42753 -0.52581
vn -0.73536 0.42753 -0.52581
vn -0.56902 0.57811 -0.58482
vn -0.56902 0.57811 -0.58482
vn -0.39121 0.80028 -0.45443
vn -0.39121 0.80028 -0.45443
vn -0.09388 0.91741 -0.38671
vn -0.09388 0.91741 -0.38671
vn -0.09388 0.91741 -0.38671
vn -0.2833 0.80959 -0.51411
vn -0.2833 0.80959 -0.51411
vn 0.00043 0.94145 -0.33714
vn 0.00043 0.94145 -0.33714
vn -0.11282 0.91421 -0.38923
vn -0.11282 0.91421 -0.38923
vn -0.11282 0.91421 -0.38923
vn 0.30663 0.91803 -0.25141
vn 0.30663 0.91803 -0.25141
vn 0.36012 0.91536 -0.18006
vn 0.11215 0.92317 -0.36766
vn 0.11215 0.92317 -0.36766
vn 0.11215 0.92317 -0.36766
vn -0.19889 0.91628 -0.34766
vn -0.19889 0.91628 -0.34766
vn -0.19889 0.91628 -0.34766
vn -0.19176 0.92113 -0.33873
vn -0.19176 0.92113 -0.33873
vn -0.55228 0.81677 0.16694
vn -0.55228 0.81677 0.16694
vn -0.55228 0.81677 0.16694
vn -0.80091 0.58131 0.14362
vn -0.80091 0.58131 0.14362
vn -0.80091 0.58131 0.14362
vn -0.72228 0.69152 0.01038
vn -0.72228 0.69152 0.01038
vn -0.72228 0.69152 0.01038
vn 0.84741 0.4645 -0.25716
vn 0.84741 0.4645 -0.25716
vn 0.51178 0.84227 -0.16927
vn 0.51178 0.84227 -0.16927
vn 0.67108 0.72058 -0.17443
vn 0.67108 0.72058 -0.17443
vn 0.67108 0.72058 -0.17443
vn 0.7977 0.60251 -0.02553
vn 0.7977 0.60251 -0.02553
vn 0.7977 0.60251 -0.02553
vn 0.77489 0.63198 0.01253
vn 0.77489 0.63198 0.01253
vn 0.77489 0.63198 0.01253
vn 0.65794 0.75012 -0.06665
vn 0.65794 0.75012 -0.06665
vn 0.65794 0.75012 -0.06665
vn 0.328 0.93082 0.16122
vn 0.328 0.93082 0.16122
vn 0.328 0.93082 0.16122
vn 0.36077 0.93061 0.06171
vn 0.36077 0.93061 0.06171
vn 0.36077 0.93061 0.06171
vn 0.10725 0.97654 -0.18675
vn 0.10725 0.97654 -0.18675
vn 0.10725 0.97654 -0.18675
vn 0.00662 0.99984 0.01672
vn 0.00662 0.99984 0.01672
vn 0.00662 0.99984 0.01672
vn 0.13428 0.98077 -0.14164
vn 0.13428 0.98077 -0.14164
vn 0.50134 0.83199 -0.2376
vn 0.50134 0.83199 -0.2376
vn 0.57689 0.79559 -0.18505
vn 0.57689 0.79559 -0.18505
vn 0.5093 0.76158 -0.40075
vn 0.17914 0.90543 -0.38484
vn 0.17914 0.90543 -0.38484
vn 0.29858 0.71568 -0.63138
vn 0.29858 0.71568 -0.63138
vn 0.29858 0.71568 -0.63138
vn 0.06963 0.95658 -0.28304
vn 0.06963 0.95658 -0.28304
vn -0.1299 0.88012 -0.45664
vn -0.1299 0.88012 -0.45664
vn -0.27626 0.89821 -0.34192
vn -0.27626 0.89821 -0.34192
vn -0.27626 0.89821 -0.34192
vn -0.29376 0.86279 -0.41145
vn -0.29376 0.86279 -0.41145
vn -0.31201 0.87917 -0.36016
vn -0.31201 0.87917 -0.36016
vn -0.31201 0.87917 -0.36016
vn -0.26416 0.85642 -0.44359
vn -0.26416 0.85642 -0.44359
vn -0.26416 0.85642 -0.44359
vn 0.29292 0.93114 -0.21719
vn 0.29292 0.93114 -0.21719
vn 0.29292 0.93114 -0.21719
vn 0.28868 0.90036 -0.3256
vn 0.28868 0.90036 -0.3256
vn 0.28868 0.90036 -0.3256
vn 0.13358 0.97892 -0.15448
vn 0.53515 0.67808 -0.5038
vn 0.53515 0.67808 -0.5038
vn 0.65338 0.67773 -0.3373
vn 0.65338 0.67773 -0.3373
vn 0.70256 0.69003 -0.17395
vn 0.70256 0.69003 -0.17395
vn 0.52042 0.69068 -0.50212
vn 0.52042 0.69068 -0.50212
vn 0.04801 0.82256 -0.56664
vn -0.31929 0.76433 -0.56023
vn -0.31929 0.76433 -0.56023
vn -0.31929 0.76433 -0.56023
vn -0.51746 0.69965 -0.49268
vn -0.7432 0.47225 -0.47395
vn -0.7432 0.47225 -0.47395
vn -0.8056 0.45188 -0.38315
vn -0.8056 0.45188 -0.38315
vn -0.60278 0.60142 -0.52436
vn -0.60278 0.60142 -0.52436
vn -0.32524 0.65132 -0.68556
vn -0.32524 0.65132 -0.68556
vn -0.32524 0.65132 -0.68556
vn -0.28703 0.68038 -0.67431
vn -0.28703 0.68038 -0.67431
vn -0.27976 0.67543 -0.6823
vn -0.27976 0.67543 -0.6823
vn -0.09485 0.82321 -0.55976
vn -0.09485 0.82321 -0.55976
vn -0.28366 0.78899 -0.545
vn -0.28366 0.78899 -0.545
vn -0.28366 0.78899 -0.545
vn -0.0204 0.85196 -0.52321
vn -0.12255 0.77191 -0.6238
vn -0.27999 0.59906 -0.75015
vn 0.14736 0.98336 -0.10627
vn 0.14736 0.98336 -0.10627
vn 0.14785 0.98319 -0.10713
vn -0.42852 0.8385 0.33657
vn -0.42852 0.8385 0.33657
vn -0.42852 0.8385 0.33657
vn -0.4368 0.85628 0.27567
vn -0.4368 0.85628 0.27567
vn -0.43032 0.87765 0.21107
vn -0.43032 0.87765 0.21107
vn -0.48079 0.7823 0.39605
vn -0.48079 0.7823 0.39605
vn -0.48079 0.7823 0.39605
vn -0.7151 0.56321 0.41403
vn -0.7151 0.56321 0.41403
vn 0.7084 0.67742 -0.1982
vn 0.61554 0.78809 0.00477
vn 0.61554 0.78809 0.00477
vn 0.61554 0.78809 0.00477
vn 0.64427 0.69124 0.32727
vn 0.64427 0.69124 0.32727
vn 0.64427 0.69124 0.32727
vn 0.38682 0.90585 0.17265
vn 0.38682 0.90585 0.17265
vn 0.22845 0.93697 0.26438
vn 0.22845 0.93697 0.26438
vn 0.22845 0.93697 0.26438
vn 0.24982 0.95053 0.18461
vn 0.24982 0.95053 0.18461
vn 0.24982 0.95053 0.18461
vn 0.18798 0.95204 0.24143
vn 0.65506 0.62773 -0.42054
vn 0.65506 0.62773 -0.42054
vn 0.44204 0.7766 -0.44888
vn 0.44204 0.7766 -0.44888
vn 0.30269 0.78862 -0.53521
vn 0.30269 0.78862 -0.53521
vn 0.30269 0.78862 -0.53521
vn -0.10344 0.91369 -0.39302
vn -0.10344 0.91369 -0.39302
vn -0.10344 0.91369 -0.39302
vn -0.31823 0.93899 -0.1305
vn -0.31823 0.93899 -0.1305
vn -0.12548 0.97429 -0.18713
vn -0.12548 0.97429 -0.18713
vn -0.26634 0.88623 -0.37903
vn -0.26634 0.88623 -0.37903
vn -0.26634 0.88623 -0.37903
vn -0.1348 0.89004 -0.4355
vn -0.1348 0.89004 -0.4355
vn -0.11753 0.84422 -0.52296
vn -0.11753 0.84422 -0.52296
vn 0.71214 0.69728 -0.08157
vn 0.71214 0.69728 -0.08157
vn 0.78954 0.61368 -0.0045
vn 0.64898 0.70653 -0.28221
vn 0.64898 0.70653 -0.28221
vn 0.64898 0.70653 -0.28221
vn 0.70089 0.6927 -0.17003
vn 0.70089 0.6927 -0.17003
vn 0.70089 0.6927 -0.17003
vn 0.08488 0.81916 -0.56725
vn 0.08488 0.81916 -0.56725
vn -0.81117 0.43927 -0.38607
vn -0.81117 0.43927 -0.38607
vn -0.81117 0.43927 -0.38607
vn -0.8301 0.49373 -0.25916
vn -0.8301 0.49373 -0.25916
vn -0.8301 0.49373 -0.25916
vn -0.04776 0.56882 -0.82107
vn -0.04776 0.56882 -0.82107
vn -0.04573 0.48102 -0.87552
vn -0.04573 0.48102 -0.87552
vn -0.04573 0.48102 -0.87552
vn -0.23603 0.51405 -0.82465
vn -0.23603 0.51405 -0.82465
vn -0.23603 0.51405 -0.82465
vn -0.18363 0.54522 -0.81793
vn -0.18363 0.54522 -0.81793
vn -0.4779 0.44578 -0.7569
vn -0.4779 0.44578 -0.7569
vn -0.4779 0.44578 -0.7569
vn -0.29529 0.52709 -0.79686
vn -0.29529 0.52709 -0.79686
vn -0.29529 0.52709 -0.79686
vn -0.42039 0.45216 -0.78665
vn -0.42039 0.45216 -0.78665
vn -0.35504 0.67249 -0.64939
vn -0.35504 0.67249 -0.64939
vn -0.35504 0.67249 -0.64939
vn -0.57876 0.38728 -0.71767
vn -0.57876 0.38728 -0.71767
vn -0.57876 0.38728 -0.71767
vn -0.75547 0.35059 -0.55349
vn -0.75547 0.35059 -0.55349
vn -0.52502 0.79223 -0.31101
vn -0.6675 0.65768 -0.34915
vn -0.80849 0.4517 -0.37724
vn -0.55598 0.82433 0.10659
vn -0.55598 0.82433 0.10659
vn -0.46213 0.63809 0.61586
vn -0.46213 0.63809 0.61586
vn -0.71684 0.4629 0.5214
vn -0.71684 0.4629 0.5214
vn -0.42686 0.67323 0.60378
vn -0.57136 0.6806 0.45862
vn -0.57136 0.6806 0.45862
vn -0.8907 0.41976 0.17451
vn -0.8907 0.41976 0.17451
vn -0.8907 0.41976 0.17451
vn 0.61145 0.78936 0.05512
vn 0.61145 0.78936 0.05512
vn 0.383 0.83141 0.40257
vn 0.383 0.83141 0.40257
vn 0.383 0.83141 0.40257
vn 0.4389 0.87326 0.21162
vn 0.4389 0.87326 0.21162
vn 0.4389 0.87326 0.21162
vn 0.599 0.78912 -0.136
vn 0.599 0.78912 -0.136
vn 0.54734 0.80678 -0.22255
vn 0.54734 0.80678 -0.22255
vn 0.54734 0.80678 -0.22255
vn 0.57911 0.81017 -0.09085
vn 0.57911 0.81017 -0.09085
vn 0.68774 0.63599 -0.35005
vn 0.68774 0.63599 -0.35005
vn 0.12758 0.97977 0.15422
vn 0.12758 0.97977 0.15422
vn 0.12758 0.97977 0.15422
vn 0.09775 0.97916 0.17801
vn 0.09775 0.97916 0.17801
vn -0.01066 0.87183 -0.48969
vn -0.01066 0.87183 -0.48969
vn -0.01066 0.87183 -0.48969
vn -0.01533 0.94463 -0.32777
vn -0.01533 0.94463 -0.32777
vn 0.06145 0.76359 -0.64277
vn 0.06145 0.76359 -0.64277
vn 0.06145 0.76359 -0.64277
vn 0.03673 0.74634 -0.66455
vn 0.03673 0.74634 -0.66455
vn 0.38934 0.72068 -0.57362
vn 0.38934 0.72068 -0.57362
vn 0.14122 0.32992 -0.93339
vn 0.14122 0.32992 -0.93339
vn 0.46645 0.36626 -0.80515
vn 0.46645 0.36626 -0.80515
vn 0.46645 0.36626 -0.80515
vn 0.31993 0.89963 -0.29717
vn 0.31993 0.89963 -0.29717
vn 0.31993 0.89963 -0.29717
vn 0.29733 0.9005 -0.31731
vn 0.29733 0.9005 -0.31731
vn 0.29733 0.9005 -0.31731
vn 0.2318 0.93936 -0.25273
vn 0.2318 0.93936 -0.25273
vn 0.2318 0.93936 -0.25273
vn -0.58538 0.70009 -0.40892
vn -0.58538 0.70009 -0.40892
vn -0.58538 0.70009 -0.40892
vn -0.43222 0.83766 -0.33394
vn -0.43222 0.83766 -0.33394
vn -0.43222 0.83766 -0.33394
vn -0.71307 0.58799 -0.38184
vn -0.71307 0.58799 -0.38184
vn -0.83717 0.4687 -0.28191
vn -0.31311 0.55632 -0.76972
vn -0.31311 0.55632 -0.76972
vn -0.31311 0.55632 -0.76972
vn -0.20558 0.72184 -0.66083
vn -0.20558 0.72184 -0.66083
vn -0.20558 0.72184 -0.66083
vn -0.42676 0.5496 -0.7182
vn -0.42676 0.5496 -0.7182
vn -0.42676 0.5496 -0.7182
vn -0.28258 0.70922 -0.64588
vn -0.26917 0.70984 -0.65091
vn -0.26917 0.70984 -0.65091
vn -0.16726 0.79037 -0.58935
vn -0.16726 0.79037 -0.58935
vn -0.16726 0.79037 -0.58935
vn -0.45737 0.70389 -0.54346
vn -0.45737 0.70389 -0.54346
vn -0.45737 0.70389 -0.54346
vn -0.44525 0.70572 -0.55111
vn -0.44525 0.70572 -0.55111
vn -0.86257 0.34671 -0.36847
vn -0.86257 0.34671 -0.36847
vn -0.86257 0.34671 -0.36847
vn -0.87403 0.30679 -0.37676
vn -0.87403 0.30679 -0.37676
vn -0.87403 0.30679 -0.37676
vn -0.94013 0.24952 -0.23213
vn -0.94013 0.24952 -0.23213
vn -0.94013 0.24952 -0.23213
vn -0.54752 0.69197 0.47054
vn -0.54752 0.69197 0.47054
vn -0.66232 0.63614 0.3958
vn -0.66232 0.63614 0.3958
vn -0.66232 0.63614 0.3958
vn -0.66521 0.63505 0.39268
vn -0.74564 0.66606 0.01986
vn -0.74564 0.66606 0.01986
vn -0.74564 0.66606 0.01986
vn -0.70377 0.70953 -0.03556
vn -0.70377 0.70953 -0.03556
vn -0.70377 0.70953 -0.03556
vn -0.53908 0.83581 0.10396
vn -0.53908 0.83581 0.10396
vn -0.53908 0.83581 0.10396
vn -0.57014 0.70662 0.41908
vn -0.57014 0.70662 0.41908
vn -0.64645 0.74407 0.16871
vn -0.64645 0.74407 0.16871
vn -0.64645 0.74407 0.16871
vn -0.61446 0.78523 -0.0765
vn -0.61446 0.78523 -0.0765
vn 0.56765 0.82287 0.02566
vn 0.56765 0.82287 0.02566
vn 0.56765 0.82287 0.02566
vn 0.61085 0.78998 0.05277
vn 0.61085 0.78998 0.05277
vn 0.64525 0.76345 0.02822
vn 0.64525 0.76345 0.02822
vn 0.64315 0.76523 0.02798
vn 0.64315 0.76523 0.02798
vn 0.69678 0.67319 -0.24762
vn 0.69678 0.67319 -0.24762
vn 0.69678 0.67319 -0.24762
vn 0.39647 0.89561 -0.20171
vn 0.39647 0.89561 -0.20171
vn 0.39647 0.89561 -0.20171
vn 0.46068 0.78818 -0.4081
vn 0.46068 0.78818 -0.4081
vn 0.46068 0.78818 -0.4081
vn 0.03898 0.97976 -0.19637
vn 0.03898 0.97976 -0.19637
vn 0.03898 0.97976 -0.19637
vn 0.09459 0.98873 -0.11601
vn 0.09459 0.98873 -0.11601
vn 0.13158 0.98338 -0.12507
vn 0.13158 0.98338 -0.12507
vn 0.28915 0.77479 -0.56222
vn 0.1433 0.74518 -0.65128
vn 0.1433 0.74518 -0.65128
vn 0.52336 0.55306 -0.64824
vn 0.52336 0.55306 -0.64824
vn 0.28967 0.45883 -0.83998
vn 0.28967 0.45883 -0.83998
vn 0.30181 0.44808 -0.8415
vn 0.30181 0.44808 -0.8415
vn 0.30181 0.44808 -0.8415
vn 0.30219 0.45408 -0.83815
vn 0.30219 0.45408 -0.83815
vn 0.30219 0.45408 -0.83815
vn 0.07231 0.4587 -0.88565
vn 0.07231 0.4587 -0.88565
vn 0.07231 0.4587 -0.88565
vn -0.28504 0.44852 -0.8471
vn -0.60301 0.39124 -0.69521
vn -0.60301 0.39124 -0.69521
vn -0.60301 0.39124 -0.69521
vn -0.3774 0.51722 -0.76815
vn -0.3774 0.51722 -0.76815
vn -0.3774 0.51722 -0.76815
vn -0.44923 0.8219 -0.35024
vn -0.44923 0.8219 -0.35024
vn -0.44923 0.8219 -0.35024
vn -0.6206 0.77401 -0.12558
vn -0.6206 0.77401 -0.12558
vn -0.6206 0.77401 -0.12558
vn -0.6187 0.77522 -0.12747
vn -0.6187 0.77522 -0.12747
vn -0.53951 0.83501 -0.10811
vn -0.53951 0.83501 -0.10811
vn -0.53951 0.83501 -0.10811
vn -0.90857 0.41767 0.00762
vn -0.90857 0.41767 0.00762
vn -0.90857 0.41767 0.00762
vn -0.80108 0.59201 0.08828
vn -0.80108 0.59201 0.08828
vn -0.80108 0.59201 0.08828
vn -0.95842 0.2716 0.08761
vn -0.95842 0.2716 0.08761
vn -0.95907 0.27361 0.07289
vn -0.95907 0.27361 0.07289
vn -0.8915 0.43188 -0.1368
vn -0.8915 0.43188 -0.1368
vn -0.8915 0.43188 -0.1368
vn -0.68097 0.65813 -0.32117
vn -0.68097 0.65813 -0.32117
vn -0.4399 0.81061 -0.38651
vn -0.4399 0.81061 -0.38651
vn -0.4399 0.81061 -0.38651
vn -0.6115 0.6099 -0.50407
vn -0.6115 0.6099 -0.50407
vn -0.6115 0.6099 -0.50407
vn 0.56802 0.82296 0.00945
vn 0.56802 0.82296 0.00945
vn 0.70588 0.70712 -0.04134
vn 0.70588 0.70712 -0.04134
vn 0.70588 0.70712 -0.04134
vn 0.70883 0.7048 -0.02869
vn 0.70883 0.7048 -0.02869
vn 0.70883 0.7048 -0.02869
vn 0.73977 0.67216 -0.03067
vn 0.73977 0.67216 -0.03067
vn 0.73977 0.67216 -0.03067
vn 0.45354 0.79513 -0.40258
vn 0.61915 0.78213 -0.07013
vn 0.61915 0.78213 -0.07013
vn 0.61915 0.78213 -0.07013
vn 0.31272 0.8531 -0.41765
vn 0.31272 0.8531 -0.41765
vn 0.31272 0.8531 -0.41765
vn 0.29611 0.77853 -0.55337
vn 0.29611 0.77853 -0.55337
vn 0.29611 0.77853 -0.55337
vn 0.4629 0.80345 -0.37442
vn 0.4629 0.80345 -0.37442
vn 0.50342 0.52179 -0.6887
vn 0.50342 0.52179 -0.6887
vn 0.3762 0.57568 -0.72599
vn 0.3762 0.57568 -0.72599
vn 0.3762 0.57568 -0.72599
vn 0.39194 0.57739 -0.71625
vn 0.39194 0.57739 -0.71625
vn 0.39194 0.57739 -0.71625
vn 0.5433 0.62436 -0.56126
vn 0.5433 0.62436 -0.56126
vn 0.5433 0.62436 -0.56126
vn 0.38523 0.62451 -0.6794
vn 0.38523 0.62451 -0.6794
vn 0.38523 0.62451 -0.6794
vn 0.28164 0.58686 -0.75913
vn 0.28164 0.58686 -0.75913
vn 0.28164 0.58686 -0.75913
vn -0.07894 0.62281 -0.77838
vn 0.02239 0.49952 -0.86601
vn 0.02239 0.49952 -0.86601
vn 0.02239 0.49952 -0.86601
vn 0.36641 0.5097 -0.77843
vn 0.36641 0.5097 -0.77843
vn 0.36641 0.5097 -0.77842
vn 0.05676 0.44584 -0.89331
vn 0.05676 0.44584 -0.89331
vn 0.05676 0.44584 -0.89331
vn -0.20248 0.47618 -0.85572
vn -0.20248 0.47618 -0.85572
vn -0.20248 0.47618 -0.85572
vn -0.57281 0.38978 -0.72109
vn -0.7115 0.46786 -0.52428
vn -0.7115 0.46786 -0.52428
vn -0.74618 0.39396 -0.53667
vn -0.74618 0.39396 -0.53667
vn -0.61575 0.38667 -0.68654
vn -0.61575 0.38667 -0.68654
vn -0.83198 0.41129 -0.37235
vn -0.83198 0.41129 -0.37235
vn -0.83198 0.41129 -0.37235
vn -0.84259 0.34215 -0.41592
vn -0.84259 0.34215 -0.41592
vn -0.84258 0.34215 -0.41592
vn -0.86994 0.48377 -0.0958
vn -0.86994 0.48377 -0.0958
vn -0.86994 0.48377 -0.0958
vn -0.62736 0.58726 -0.51141
vn -0.62736 0.58726 -0.51141
vn -0.62736 0.58726 -0.51141
vn -0.68197 0.71134 -0.17006
vn -0.68197 0.71134 -0.17006
vn -0.76092 0.62662 0.16833
vn -0.76092 0.62662 0.16833
vn -0.76092 0.62662 0.16833
vn -0.89196 0.36125 0.27184
vn -0.89196 0.36125 0.27184
vn -0.77651 0.54141 0.32235
vn -0.77651 0.54141 0.32235
vn -0.77902 0.53896 0.32038
vn -0.72909 0.62291 0.28357
vn -0.72909 0.62291 0.28357
vn -0.87037 0.4565 0.18459
vn -0.87037 0.4565 0.18459
vn -0.8722 0.39637 0.28662
vn -0.8722 0.39637 0.28662
vn -0.88292 0.44012 -0.16355
vn -0.88292 0.44012 -0.16355
vn -0.88292 0.44012 -0.16355
vn -0.77729 0.62255 0.09083
vn -0.77729 0.62255 0.09083
vn -0.77729 0.62255 0.09083
vn -0.69137 0.6337 -0.34702
vn -0.69137 0.6337 -0.34702
vn -0.69137 0.6337 -0.34702
vn -0.5327 0.65568 -0.53508
vn -0.5327 0.65568 -0.53508
vn -0.52858 0.65242 -0.5431
vn -0.52858 0.65242 -0.5431
vn -0.60642 0.64861 -0.45995
vn -0.60642 0.64861 -0.45995
vn -0.67476 0.59381 -0.43828
vn -0.67476 0.59381 -0.43828
vn -0.6012 0.6316 -0.48953
vn -0.6012 0.6316 -0.48953
vn -0.6012 0.6316 -0.48953
vn 0.88325 0.40757 0.23185
vn 0.88325 0.40757 0.23185
vn 0.88325 0.40757 0.23185
vn 0.638 0.76997 -0.00988
vn 0.63801 0.76997 -0.00988
vn 0.63801 0.76997 -0.00988
vn 0.73153 0.67925 -0.05898
vn 0.73153 0.67925 -0.05898
vn 0.73153 0.67925 -0.05898
vn 0.59123 0.80549 -0.04037
vn 0.59123 0.80549 -0.04037
vn 0.59123 0.80549 -0.04037
vn 0.47223 0.87944 -0.05986
vn 0.47223 0.87944 -0.05986
vn 0.47223 0.87944 -0.05986
vn 0.67787 0.72511 -0.12129
vn 0.67787 0.72511 -0.12129
vn 0.67787 0.72511 -0.12129
vn 0.72145 0.67605 -0.14986
vn 0.72145 0.67605 -0.14986
vn 0.76308 0.58985 -0.26416
vn 0.76308 0.58985 -0.26416
vn 0.78325 0.57579 -0.23448
vn 0.78325 0.57579 -0.23448
vn 0.78325 0.57579 -0.23448
vn 0.62489 0.73636 -0.2594
vn 0.62489 0.73636 -0.2594
vn 0.61046 0.74224 -0.27644
vn 0.61046 0.74224 -0.27644
vn 0.61046 0.74224 -0.27644
vn 0.37203 0.69324 -0.61726
vn 0.37203 0.69324 -0.61726
vn 0.37203 0.69324 -0.61726
vn 0.61437 0.74369 -0.2636
vn 0.61437 0.74369 -0.2636
vn 0.56852 0.82186 -0.03653
vn 0.56852 0.82186 -0.03653
vn 0.56852 0.82186 -0.03653
vn 0.82851 0.38813 -0.40364
vn 0.82851 0.38813 -0.40364
vn 0.82851 0.38813 -0.40364
vn 0.43389 0.40823 -0.80317
vn 0.43389 0.40823 -0.80317
vn 0.43389 0.40823 -0.80317
vn 0.34305 0.37736 -0.86018
vn 0.34305 0.37736 -0.86018
vn 0.34305 0.37736 -0.86018
vn -0.35059 0.73244 -0.58363
vn -0.35059 0.73244 -0.58363
vn 0.26459 0.39656 -0.87905
vn 0.26459 0.39656 -0.87905
vn -0.33964 0.73456 -0.58742
vn -0.33964 0.73456 -0.58742
vn -0.84854 0.52888 -0.01644
vn -0.84854 0.52888 -0.01644
vn -0.8599 0.51035 0.01053
vn -0.8599 0.51035 0.01053
vn -0.8599 0.51035 0.01053
vn -0.93681 0.29081 -0.19444
vn -0.93681 0.29081 -0.19444
vn -0.93681 0.29081 -0.19445
vn -0.91386 0.31656 -0.25424
vn -0.91386 0.31656 -0.25424
vn -0.91386 0.31656 -0.25424
vn -0.95608 0.28984 -0.04353
vn -0.95608 0.28984 -0.04353
vn -0.95608 0.28984 -0.04353
vn -0.89489 0.43898 0.08042
vn -0.89489 0.43898 0.08042
vn -0.93561 0.34026 -0.09415
vn -0.93561 0.34026 -0.09415
vn -0.93561 0.34026 -0.09415
vn -0.54553 0.60295 -0.58211
vn -0.54553 0.60295 -0.58211
vn -0.54553 0.60295 -0.58211
vn -0.58486 0.54655 -0.59935
vn -0.58486 0.54655 -0.59935
vn -0.4678 0.63529 -0.61446
vn -0.4678 0.63529 -0.61446
vn -0.4678 0.63529 -0.61446
vn -0.52451 0.57203 -0.63061
vn -0.52451 0.57203 -0.63061
vn -0.52451 0.57203 -0.63061
vn -0.48125 0.71957 -0.50061
vn -0.4412 0.64936 -0.61942
vn -0.4412 0.64936 -0.61942
vn -0.4412 0.64936 -0.61942
vn -0.61637 0.65685 -0.43432
vn -0.61637 0.65685 -0.43432
vn -0.61637 0.65685 -0.43432
vn -0.71943 0.65438 -0.23282
vn -0.71943 0.65438 -0.23282
vn -0.65504 0.67588 -0.3378
vn -0.65504 0.67588 -0.3378
vn -0.67413 0.70103 -0.2326
vn -0.67413 0.70103 -0.2326
vn -0.67413 0.70103 -0.2326
vn -0.6765 0.69885 -0.2323
vn -0.6765 0.69885 -0.2323
vn -0.52315 0.63626 -0.567
vn -0.52315 0.63626 -0.567
vn 0.68385 0.72917 0.02554
vn 0.68385 0.72917 0.02554
vn 0.68385 0.72917 0.02554
vn 0.72238 0.69148 -0.00468
vn 0.72238 0.69148 -0.00468
vn 0.6681 0.7339 0.1226
vn 0.6681 0.7339 0.1226
vn 0.66753 0.73383 0.12608
vn 0.66753 0.73383 0.12608
vn 0.65199 0.74893 0.11841
vn 0.65199 0.74893 0.11841
vn 0.65199 0.74893 0.11841
vn 0.50923 0.85869 0.05775
vn 0.50923 0.85869 0.05775
vn 0.50923 0.85869 0.05775
vn 0.3908 0.91725 0.07699
vn 0.3908 0.91725 0.07699
vn 0.18051 0.97801 -0.10446
vn 0.18051 0.97801 -0.10446
vn 0.18051 0.97801 -0.10446
vn 0.46914 0.88131 0.0565
vn 0.46914 0.88131 0.0565
vn 0.73629 0.6746 0.0528
vn 0.73629 0.6746 0.0528
vn 0.73629 0.6746 0.0528
vn 0.63389 0.65995 0.4033
vn 0.63389 0.65995 0.4033
vn 0.76068 0.64529 -0.07045
vn 0.76068 0.64529 -0.07045
vn 0.76068 0.64529 -0.07045
vn 0.7234 0.68542 0.08305
vn 0.7234 0.68542 0.08305
vn 0.7234 0.68542 0.08305
vn 0.59841 0.78908 0.13874
vn 0.59841 0.78908 0.13874
vn 0.74638 0.51783 -0.41805
vn 0.74638 0.51783 -0.41805
vn 0.87066 0.40147 -0.28421
vn 0.87066 0.40147 -0.28421
vn 0.87066 0.40147 -0.28421
vn 0.69039 0.66551 0.28365
vn 0.69039 0.66551 0.28365
vn 0.4953 0.69443 -0.52197
vn 0.4953 0.69443 -0.52197
vn 0.83922 0.53689 0.08636
vn 0.83922 0.53689 0.08636
vn 0.43885 0.47996 0.75964
vn 0.43885 0.47996 0.75964
vn -0.40264 0.87795 -0.25899
vn -0.40264 0.87795 -0.25899
vn -0.2538 0.8602 -0.44231
vn -0.2538 0.8602 -0.44231
vn -0.2538 0.8602 -0.44231
vn -0.63422 0.73197 -0.24896
vn -0.63422 0.73197 -0.24896
vn -0.45212 0.55731 0.69642
vn -0.45212 0.55731 0.69642
vn -0.68513 0.63872 0.3502
vn -0.68513 0.63872 0.3502
vn -0.68513 0.63872 0.3502
vn -0.63915 0.72931 -0.24413
vn -0.63915 0.72931 -0.24413
vn -0.63915 0.72931 -0.24413
vn -0.84378 0.49331 0.21137
vn -0.84378 0.49331 0.21137
vn -0.84378 0.49331 0.21137
vn -0.86423 0.44667 0.23151
vn -0.86423 0.44667 0.23151
vn -0.86423 0.44667 0.23151
vn -0.917 0.35321 -0.18533
vn -0.917 0.35321 -0.18533
vn -0.92209 0.38528 0.03626
vn -0.92209 0.38528 0.03626
vn -0.58203 0.7964 -0.16429
vn -0.58203 0.7964 -0.16429
vn -0.73036 0.68041 0.06011
vn -0.73036 0.68041 0.06011
vn -0.73036 0.68041 0.06011
vn -0.66391 0.61559 -0.42459
vn -0.66391 0.61559 -0.42459
vn -0.52588 0.57339 -0.62823
vn -0.52588 0.57339 -0.62823
vn -0.52588 0.57339 -0.62823
vn -0.80484 0.591 0.05433
vn -0.80484 0.591 0.05433
vn -0.80484 0.591 0.05433
vn -0.65075 0.62057 -0.43751
vn -0.65075 0.62057 -0.43751
vn -0.78218 0.62059 0.05538
vn -0.78218 0.62059 0.05538
vn -0.77759 0.62745 0.04075
vn -0.77759 0.62745 0.04075
vn -0.77759 0.62745 0.04075
vn -0.63242 0.77041 -0.0807
vn -0.63242 0.77041 -0.0807
vn -0.63242 0.77041 -0.0807
vn -0.68368 0.72886 0.03662
vn -0.68368 0.72886 0.03662
vn -0.62514 0.77925 -0.04445
vn -0.62514 0.77925 -0.04445
vn 0.87923 0.47636 -0.00575
vn 0.87923 0.47636 -0.00575
vn 0.81755 0.54681 0.18058
vn 0.81755 0.54681 0.18058
vn 0.70118 0.70931 0.07235
vn 0.70118 0.70931 0.07235
vn 0.70118 0.70931 0.07235
vn 0.66369 0.73542 0.13664
vn 0.66369 0.73542 0.13664
vn 0.4468 0.87116 0.20359
vn 0.4468 0.87116 0.20359
vn 0.4468 0.87116 0.20359
vn 0.54624 0.83728 -0.02438
vn 0.54624 0.83728 -0.02438
vn 0.67106 0.65911 0.33949
vn 0.67106 0.65911 0.33949
vn 0.67106 0.65911 0.33949
vn 0.733 0.67983 0.02324
vn 0.733 0.67983 0.02324
vn 0.733 0.67983 0.02324
vn 0.83549 0.54477 0.07196
vn 0.83549 0.54477 0.07196
vn 0.83549 0.54477 0.07196
vn 0.84018 0.53243 0.10303
vn 0.84018 0.53243 0.10303
vn 0.7453 0.66284 0.07189
vn 0.7453 0.66284 0.07189
vn 0.7799 0.60255 0.16938
vn 0.7799 0.60255 0.16938
vn 0.49113 0.55131 0.67443
vn 0.49113 0.55131 0.67443
vn -0.00626 0.66654 0.74544
vn -0.00626 0.66654 0.74544
vn 0.46537 0.8582 0.2166
vn 0.46537 0.8582 0.2166
vn 0.46537 0.8582 0.2166
vn 0.20759 0.45987 0.86338
vn 0.20759 0.45987 0.86338
vn -0.19624 0.59276 0.7811
vn -0.19624 0.59276 0.7811
vn 0.12283 0.4736 0.87213
vn 0.12283 0.4736 0.87213
vn -0.20796 0.37918 0.90165
vn -0.20796 0.37918 0.90165
vn -0.20796 0.37918 0.90165
vn -0.32417 0.43452 0.8403
vn -0.32417 0.43452 0.8403
vn -0.32417 0.43452 0.8403
vn -0.6484 0.31685 0.69223
vn -0.6484 0.31685 0.69223
vn -0.69086 0.37198 0.61995
vn -0.69086 0.37198 0.61995
vn -0.69086 0.37198 0.61995
vn -0.70184 0.688 0.18459
vn -0.70184 0.688 0.18459
vn -0.57216 0.71558 0.40072
vn -0.57216 0.71558 0.40072
vn -0.62224 0.65416 0.43
vn -0.62224 0.65416 0.43
vn -0.72758 0.64309 0.23887
vn -0.72758 0.64309 0.23887
vn -0.72758 0.64309 0.23887
vn -0.65676 0.73978 0.14624
vn -0.65676 0.73978 0.14624
vn -0.66033 0.53745 0.52451
vn -0.66033 0.53745 0.52451
vn -0.66033 0.53745 0.52451
vn -0.55989 0.46697 0.68445
vn -0.55989 0.46697 0.68445
vn -0.75646 0.5361 0.37466
vn -0.75646 0.5361 0.37466
vn -0.75646 0.5361 0.37466
vn -0.75572 0.53297 0.38057
vn -0.75572 0.53297 0.38057
vn -0.75572 0.53297 0.38057
vn -0.61873 0.45846 0.63796
vn -0.61873 0.45846 0.63796
vn -0.61873 0.45846 0.63796
vn -0.73336 0.53127 0.42418
vn -0.73336 0.53127 0.42418
vn -0.73336 0.53127 0.42418
vn -0.67999 0.58036 0.44809
vn -0.67999 0.58036 0.44809
vn -0.67999 0.58036 0.44809
vn -0.65482 0.63072 0.41642
vn -0.65482 0.63072 0.41642
vn -0.65482 0.63072 0.41642
vn -0.68469 0.60188 0.41103
vn -0.68469 0.60188 0.41103
vn -0.40121 0.90913 0.11184
vn -0.40121 0.90913 0.11184
vn -0.40121 0.90913 0.11184
vn 0.82242 0.56774 -0.03594
vn 0.82242 0.56774 -0.03594
vn 0.82242 0.56774 -0.03594
vn 0.66477 0.73805 0.1156
vn 0.66477 0.73805 0.1156
vn 0.66477 0.73805 0.1156
vn 0.64603 0.7231 0.24448
vn 0.64603 0.7231 0.24448
vn 0.64603 0.7231 0.24448
vn 0.5967 0.70039 0.39167
vn 0.5967 0.70039 0.39167
vn 0.5967 0.70039 0.39167
vn 0.55952 0.73608 0.38095
vn 0.55952 0.73608 0.38095
vn 0.55952 0.73608 0.38095
vn 0.68387 0.63089 0.36647
vn 0.68387 0.63089 0.36647
vn 0.68387 0.63089 0.36647
vn 0.78286 0.50118 0.36871
vn 0.78286 0.50118 0.36871
vn 0.69919 0.53063 0.47912
vn 0.69919 0.53063 0.47912
vn 0.63173 0.50811 0.58545
vn 0.63173 0.50811 0.58545
vn 0.65586 0.59591 0.4634
vn 0.65586 0.59591 0.4634
vn 0.49356 0.60239 0.62732
vn 0.49356 0.60239 0.62732
vn -0.18228 0.4836 0.8561
vn -0.18228 0.4836 0.8561
vn -0.20212 0.32246 0.92475
vn -0.20212 0.32246 0.92475
vn -0.20212 0.32246 0.92475
vn -0.31009 0.29007 0.90538
vn -0.32882 0.17063 0.92885
vn -0.32882 0.17063 0.92885
vn -0.32882 0.17063 0.92885
vn -0.12273 0.40161 0.90755
vn -0.12273 0.40161 0.90755
vn -0.12273 0.40161 0.90755
vn -0.32066 0.67381 0.6657
vn -0.32066 0.67381 0.6657
vn -0.3233 0.6728 0.66544
vn -0.3233 0.6728 0.66544
vn -0.3233 0.6728 0.66544
vn -0.49267 0.52287 0.69562
vn -0.49267 0.52287 0.69562
vn -0.71804 0.45506 0.52664
vn -0.71804 0.45506 0.52664
vn -0.71804 0.45506 0.52664
vn -0.5332 0.43391 0.72623
vn -0.5332 0.43391 0.72623
vn -0.5332 0.43391 0.72623
vn -0.50179 0.44431 0.74215
vn -0.50179 0.44431 0.74215
vn -0.50378 0.43945 0.7437
vn -0.50378 0.43945 0.7437
vn -0.59479 0.4375 0.6744
vn -0.59479 0.4375 0.6744
vn -0.56704 0.57547 0.58932
vn -0.56704 0.57547 0.58932
vn -0.5453 0.60004 0.58532
vn -0.5453 0.60004 0.58532
vn -0.73117 0.67467 -0.10108
vn -0.73117 0.67467 -0.10108
vn -0.73117 0.67467 -0.10108
vn -0.80324 0.59562 -0.00662
vn -0.80324 0.59562 -0.00662
vn -0.80324 0.59562 -0.00662
vn 0.88992 0.45532 0.02684
vn 0.88992 0.45532 0.02684
vn 0.88992 0.45532 0.02684
vn 0.67871 0.73264 0.05089
vn 0.67871 0.73264 0.05089
vn 0.67871 0.73264 0.05089
vn 0.66893 0.74165 0.04983
vn 0.66893 0.74165 0.04983
vn 0.66893 0.74165 0.04983
vn 0.55374 0.83179 -0.03866
vn 0.55374 0.83179 -0.03866
vn 0.55374 0.83179 -0.03866
vn 0.41554 0.89647 0.15387
vn 0.41554 0.89647 0.15387
vn 0.41554 0.89647 0.15387
vn 0.55835 0.82889 -0.0343
vn 0.55835 0.82889 -0.0343
vn 0.55835 0.82889 -0.0343
vn 0.55117 0.74011 0.38529
vn 0.55117 0.74011 0.38529
vn 0.56442 0.74868 0.34771
vn 0.56442 0.74868 0.34771
vn 0.36184 0.74505 0.56032
vn 0.36184 0.74505 0.56032
vn 0.36184 0.74505 0.56032
vn 0.30363 0.78549 0.53927
vn 0.30363 0.78549 0.53927
vn 0.32458 0.77543 0.54163
vn 0.32458 0.77543 0.54163
vn 0.32458 0.77543 0.54163
vn 0.24695 0.6939 0.6764
vn 0.24695 0.6939 0.6764
vn 0.24695 0.6939 0.6764
vn 0.28245 0.69473 0.66149
vn 0.28245 0.69473 0.66149
vn 0.28245 0.69473 0.66149
vn 0.63351 0.51032 0.58158
vn 0.63351 0.51032 0.58158
vn 0.57207 0.61788 0.5394
vn 0.57207 0.61788 0.5394
vn 0.57207 0.61788 0.5394
vn -0.54943 0.22881 0.8036
vn -0.54943 0.22881 0.8036
vn -0.54943 0.22881 0.8036
vn -0.5345 0.31401 0.78467
vn -0.5345 0.31401 0.78467
vn -0.43337 0.44588 0.78319
vn -0.43337 0.44588 0.78319
vn -0.43337 0.44588 0.78319
vn -0.13624 0.80673 0.575
vn -0.13624 0.80673 0.575
vn -0.13624 0.80673 0.575
vn -0.2784 0.35837 0.8911
vn -0.2784 0.35837 0.8911
vn -0.2784 0.35837 0.8911
vn -0.08107 0.59108 0.80252
vn -0.08107 0.59108 0.80252
vn -0.08107 0.59108 0.80252
vn 0.09409 0.4903 0.86646
vn 0.09409 0.4903 0.86646
vn 0.20481 0.62396 0.75414
vn 0.20481 0.62396 0.75414
vn 0.20481 0.62396 0.75414
vn -0.19773 0.57489 0.79398
vn -0.19773 0.57489 0.79398
vn -0.19773 0.57489 0.79398
vn -0.77833 0.4888 0.39404
vn -0.77833 0.4888 0.39404
vn -0.77833 0.4888 0.39404
vn -0.71918 0.53057 0.44863
vn -0.71918 0.53057 0.44863
vn -0.71918 0.53057 0.44863
vn -0.86962 0.38642 0.3073
vn -0.86962 0.38642 0.3073
vn -0.86962 0.38642 0.3073
vn -0.87315 0.41479 0.25603
vn -0.87315 0.41479 0.25603
vn -0.72959 0.40324 0.55235
vn -0.72959 0.40324 0.55235
vn -0.6722 0.62304 0.39995
vn -0.6722 0.62304 0.39995
vn -0.6722 0.62304 0.39995
vn -0.56751 0.50574 0.64974
vn -0.56751 0.50574 0.64974
vn -0.56751 0.50574 0.64974
vn -0.65949 0.62153 0.42283
vn -0.65949 0.62153 0.42283
vn -0.65949 0.62153 0.42283
vn -0.58082 0.57122 0.57996
vn -0.58082 0.57122 0.57996
vn -0.58082 0.57122 0.57996
vn -0.57505 0.57703 0.57996
vn -0.57505 0.57703 0.57996
vn -0.57505 0.57703 0.57996
vn -0.53767 0.7242 0.4318
vn -0.53767 0.7242 0.4318
vn -0.53767 0.7242 0.4318
vn -0.49691 0.71715 0.48865
vn -0.49691 0.71715 0.48865
vn -0.56264 0.66555 0.49039
vn -0.56264 0.66555 0.49039
vn -0.34069 0.86469 0.3691
vn -0.34069 0.86469 0.3691
vn -0.29987 0.90982 0.28688
vn -0.29987 0.90982 0.28688
vn 0.72166 0.6904 -0.05044
vn 0.72166 0.6904 -0.05044
vn 0.53494 0.84487 0.00553
vn 0.53494 0.84487 0.00553
vn 0.53494 0.84487 0.00553
vn 0.4316 0.90204 -0.006
vn 0.2232 0.9502 0.21747
vn 0.2232 0.9502 0.21747
vn 0.2232 0.9502 0.21747
vn 0.22354 0.95066 0.2151
vn 0.22354 0.95066 0.2151
vn 0.35402 0.73584 0.57725
vn 0.35402 0.73584 0.57725
vn 0.35402 0.73584 0.57725
vn 0.33322 0.72848 0.59856
vn 0.33322 0.72848 0.59856
vn 0.33322 0.72848 0.59856
vn 0.15648 0.72721 0.66834
vn 0.15648 0.72721 0.66834
vn 0.40086 0.89493 0.19597
vn 0.40086 0.89493 0.19597
vn 0.40653 0.89272 0.1944
vn 0.40653 0.89272 0.1944
vn 0.40653 0.89272 0.1944
vn 0.23794 0.62825 0.74073
vn 0.23794 0.62825 0.74073
vn 0.23794 0.62825 0.74073
vn 0.32432 0.71971 0.61387
vn 0.32432 0.71971 0.61387
vn 0.32432 0.71971 0.61387
vn 0.18502 0.51002 0.84003
vn 0.18502 0.51002 0.84003
vn -0.05495 0.69774 0.71424
vn -0.05495 0.69774 0.71424
vn -0.05495 0.69774 0.71424
vn -0.18611 0.38951 0.90202
vn -0.18611 0.38951 0.90202
vn -0.25873 0.74209 0.61836
vn -0.25873 0.74209 0.61836
vn -0.11604 0.6729 0.73057
vn -0.11604 0.6729 0.73057
vn -0.11604 0.6729 0.73057
vn 0.03062 0.91893 0.39323
vn 0.03062 0.91893 0.39323
vn 0.08084 0.90253 0.42298
vn 0.08084 0.90253 0.42298
vn 0.08084 0.90253 0.42298
vn -0.31243 0.75011 0.58286
vn -0.31243 0.75011 0.58286
vn -0.31243 0.75011 0.58286
vn -0.72591 0.51697 0.45365
vn -0.72591 0.51697 0.45365
vn -0.62485 0.52932 0.57391
vn -0.62485 0.52932 0.57391
vn -0.62485 0.52932 0.57391
vn -0.81657 0.41366 0.4026
vn -0.81657 0.41366 0.4026
vn -0.81247 0.41572 0.40874
vn -0.81247 0.41572 0.40874
vn -0.66253 0.74745 -0.04876
vn -0.66253 0.74745 -0.04876
vn -0.66253 0.74745 -0.04876
vn -0.6859 0.72272 -0.08491
vn -0.6859 0.72272 -0.08491
vn -0.57865 0.77977 -0.23901
vn -0.57865 0.77977 -0.23901
vn -0.57865 0.77977 -0.23901
vn -0.61417 0.78369 0.09284
vn -0.61417 0.78369 0.09284
vn -0.61417 0.78369 0.09284
vn -0.69444 0.66914 -0.26459
vn -0.69444 0.66914 -0.26459
vn -0.55065 0.74866 0.36917
vn -0.55065 0.74866 0.36917
vn -0.55065 0.74866 0.36917
vn -0.67295 0.73881 0.03599
vn -0.67295 0.73881 0.03599
vn -0.51902 0.807 0.28173
vn -0.51902 0.807 0.28173
vn -0.41628 0.87168 0.25862
vn -0.41628 0.87168 0.25862
vn -0.41628 0.87168 0.25862
vn -0.58049 0.73419 0.35215
vn -0.58049 0.73419 0.35215
vn -0.58049 0.73419 0.35215
vn -0.13551 0.9802 0.14438
vn -0.13551 0.9802 0.14438
vn -0.13551 0.9802 0.14438
vn -0.49243 0.84303 0.21636
vn -0.49243 0.84303 0.21636
vn -0.49243 0.84303 0.21636
vn 0.66796 0.73292 0.12907
vn 0.66796 0.73292 0.12907
vn 0.6914 0.70732 0.1472
vn 0.6914 0.70732 0.1472
vn 0.76939 0.611 0.18633
vn 0.76939 0.611 0.18633
vn 0.76939 0.611 0.18633
vn 0.75824 0.63175 0.16114
vn 0.55179 0.82153 0.14356
vn 0.55179 0.82153 0.14356
vn 0.30786 0.8359 0.4544
vn 0.30786 0.8359 0.4544
vn 0.30786 0.8359 0.4544
vn 0.05438 0.86987 0.49027
vn 0.05438 0.86987 0.49027
vn 0.05438 0.86987 0.49027
vn 0.52172 0.80548 0.28109
vn 0.52172 0.80548 0.28109
vn 0.37436 0.82665 0.42013
vn 0.37436 0.82665 0.42013
vn 0.37436 0.82665 0.42013
vn 0.13394 0.94139 0.30959
vn 0.13394 0.94139 0.30959
vn 0.14763 0.93721 0.31599
vn 0.14763 0.93721 0.31599
vn 0.33668 0.92638 0.16874
vn 0.33843 0.93846 -0.06893
vn 0.33843 0.93846 -0.06893
vn 0.33843 0.93846 -0.06893
vn 0.28472 0.87425 0.39321
vn 0.28472 0.87425 0.39321
vn 0.28472 0.87425 0.39321
vn -0.27275 0.86569 0.41974
vn -0.02599 0.81811 0.57448
vn -0.02599 0.81811 0.57448
vn 0.15534 0.8188 0.55266
vn 0.15534 0.8188 0.55266
vn 0.11576 0.78432 0.60946
vn 0.11576 0.78432 0.60946
vn -0.03121 0.88402 0.4664
vn -0.03121 0.88402 0.4664
vn -0.25803 0.79604 0.54749
vn -0.25803 0.79604 0.54749
vn -0.31096 0.79326 0.52349
vn -0.31096 0.79326 0.52349
vn -0.55232 0.58927 0.58966
vn -0.55232 0.58927 0.58966
vn -0.55232 0.58927 0.58966
vn -0.59729 0.4437 0.66812
vn -0.59729 0.4437 0.66812
vn -0.70484 0.54738 0.45119
vn -0.70484 0.54738 0.45119
vn -0.70484 0.54738 0.45119
vn -0.73612 0.31701 0.59803
vn -0.73612 0.31701 0.59803
vn -0.73612 0.31701 0.59803
vn -0.63071 0.63817 0.44153
vn -0.63071 0.63817 0.44153
vn -0.28646 0.95791 0.0186
vn -0.28646 0.95791 0.0186
vn -0.36818 0.91904 -0.14072
vn -0.36818 0.91904 -0.14072
vn -0.40427 0.91456 0.01241
vn -0.40427 0.91456 0.01241
vn -0.40427 0.91456 0.01241
vn -0.61859 0.76852 -0.16347
vn -0.61859 0.76852 -0.16347
vn -0.7351 0.64025 -0.22296
vn -0.7351 0.64025 -0.22296
vn -0.7351 0.64025 -0.22296
vn -0.74322 0.61566 -0.26188
vn -0.74322 0.61566 -0.26188
vn -0.74322 0.61566 -0.26188
vn -0.70617 0.70231 -0.08993
vn -0.70617 0.70231 -0.08993
vn -0.70617 0.70231 -0.08993
vn -0.56059 0.81082 -0.16824
vn -0.56059 0.81082 -0.16824
vn -0.3774 0.92498 0.0446
vn -0.3774 0.92497 0.0446
vn -0.3774 0.92498 0.0446
vn -0.47281 0.87938 -0.05603
vn -0.47281 0.87938 -0.05603
vn -0.47281 0.87938 -0.05603
vn -0.27241 0.94812 0.1639
vn -0.27241 0.94812 0.1639
vn -0.27241 0.94812 0.1639
vn -0.20636 0.97742 0.0455
vn -0.20636 0.97742 0.0455
vn -0.53176 0.84662 0.02169
vn -0.53176 0.84662 0.02169
vn 0.71654 0.65169 0.24875
vn 0.71654 0.65169 0.24875
vn 0.71654 0.65169 0.24875
vn 0.66851 0.67673 0.30842
vn 0.66851 0.67673 0.30842
vn 0.66851 0.67673 0.30842
vn 0.42801 0.86066 0.27579
vn 0.42801 0.86066 0.27579
vn 0.33744 0.85317 0.39779
vn 0.33744 0.85317 0.39779
vn 0.33744 0.85317 0.39779
vn 0.16047 0.85806 0.48783
vn 0.16047 0.85806 0.48783
vn 0.16047 0.85806 0.48783
vn 0.22732 0.92032 0.31833
vn 0.22732 0.92032 0.31833
vn 0.19842 0.90039 0.38721
vn 0.19842 0.90039 0.38721
vn 0.2916 0.92478 0.24444
vn 0.2916 0.92478 0.24444
vn 0.2916 0.92478 0.24444
vn 0.43463 0.86991 -0.23313
vn 0.43463 0.86991 -0.23313
vn 0.43463 0.86991 -0.23313
vn 0.20733 0.97395 -0.09185
vn 0.20733 0.97395 -0.09185
vn 0.382 0.79927 0.46394
vn 0.382 0.79927 0.46394
vn 0.50765 0.83585 0.20893
vn 0.50765 0.83585 0.20893
vn 0.60493 0.79486 -0.04758
vn 0.60493 0.79486 -0.04758
vn 0.60493 0.79486 -0.04758
vn 0.78979 0.57724 0.20742
vn 0.78979 0.57724 0.20742
vn 0.78979 0.57724 0.20742
vn 0.47114 0.88149 -0.03172
vn 0.47114 0.88149 -0.03172
vn 0.47114 0.88149 -0.03172
vn 0.05205 0.9952 0.08282
vn 0.05205 0.9952 0.08282
vn 0.05205 0.9952 0.08282
vn 0.28204 0.84533 0.45374
vn 0.28204 0.84533 0.45374
vn 0.28204 0.84533 0.45374
vn -0.06892 0.91459 0.39846
vn -0.06892 0.91459 0.39846
vn -0.06892 0.91459 0.39846
vn -0.09126 0.92875 0.3593
vn -0.09126 0.92875 0.3593
vn -0.09126 0.92875 0.3593
vn -0.24218 0.83599 0.49241
vn -0.24218 0.83599 0.49241
vn -0.25041 0.87426 0.41589
vn -0.25041 0.87426 0.41589
vn 0.11903 0.82461 0.55303
vn 0.11903 0.82461 0.55303
vn -0.11845 0.67034 0.73254
vn -0.11845 0.67034 0.73254
vn -0.11887 0.67266 0.73034
vn -0.11887 0.67266 0.73034
vn -0.11887 0.67266 0.73034
vn -0.27535 0.6847 0.67481
vn -0.27535 0.6847 0.67481
vn -0.27535 0.6847 0.67481
vn -0.32938 0.59813 0.73058
vn -0.32938 0.59813 0.73058
vn -0.32524 0.59589 0.73426
vn -0.32524 0.59589 0.73426
vn -0.32524 0.59589 0.73426
vn -0.56736 0.44684 0.69169
vn -0.56736 0.44684 0.69169
vn -0.56736 0.44684 0.69169
vn -0.53895 0.72153 0.43465
vn -0.53895 0.72153 0.43465
vn -0.53895 0.72153 0.43465
vn -0.29411 0.72228 0.62595
vn -0.29411 0.72228 0.62595
vn -0.29411 0.72228 0.62595
vn 0.17692 0.98421 0.00515
vn 0.17692 0.98421 0.00515
vn 0.17692 0.98421 0.00515
vn -0.25915 0.95969 0.10876
vn -0.25915 0.95969 0.10876
vn -0.17346 0.98334 -0.05437
vn -0.17346 0.98334 -0.05437
vn -0.17346 0.98334 -0.05437
vn -0.39132 0.91089 -0.13097
vn -0.39132 0.91089 -0.13097
vn -0.39132 0.91089 -0.13097
vn -0.58806 0.79428 -0.15268
vn -0.58806 0.79427 -0.15268
vn -0.58806 0.79428 -0.15268
vn -0.77621 0.61059 -0.15711
vn -0.77621 0.61059 -0.15711
vn -0.77621 0.61059 -0.15711
vn -0.36079 0.91914 -0.15813
vn -0.36079 0.91914 -0.15813
vn -0.36079 0.91914 -0.15813
vn -0.51532 0.85171 -0.09504
vn -0.51532 0.85171 -0.09504
vn 0.75235 0.65472 0.07287
vn 0.75235 0.65472 0.07287
vn 0.75235 0.65472 0.07287
vn 0.6797 0.70118 0.21531
vn 0.6797 0.70118 0.21531
vn 0.68159 0.69353 0.23333
vn 0.68159 0.69353 0.23333
vn 0.7119 0.67587 0.19076
vn 0.7119 0.67587 0.19076
vn 0.7119 0.67587 0.19076
vn 0.07642 0.98757 0.13735
vn 0.07642 0.98757 0.13735
vn 0.64612 0.72224 0.24678
vn 0.2242 0.96174 0.15745
vn 0.2242 0.96174 0.15745
vn 0.10978 0.99018 0.08659
vn 0.10978 0.99018 0.08659
vn 0.10978 0.99018 0.08659
vn 0.04761 0.98595 0.16013
vn 0.04761 0.98595 0.16013
vn 0.74869 0.5855 0.31089
vn 0.74869 0.5855 0.31089
vn 0.74869 0.5855 0.31089
vn 0.29726 0.94851 0.10933
vn 0.29726 0.94851 0.10933
vn 0.4719 0.77503 0.42028
vn 0.4719 0.77503 0.42028
vn 0.4719 0.77503 0.42028
vn 0.37853 0.72857 0.57087
vn 0.37853 0.72857 0.57087
vn 0.37853 0.72857 0.57087
vn 0.13897 0.95675 0.25559
vn 0.13897 0.95675 0.25559
vn -0.08331 0.88955 0.44918
vn -0.08331 0.88955 0.44918
vn -0.08331 0.88955 0.44918
vn -0.27712 0.77271 0.57107
vn -0.27712 0.77271 0.57107
vn 0.1243 0.67108 0.73089
vn 0.1243 0.67108 0.73089
vn 0.1243 0.67108 0.73089
vn -0.20812 0.6324 0.74616
vn -0.23648 0.59362 0.76921
vn -0.23648 0.59362 0.76921
vn -0.23648 0.59362 0.76921
vn -0.29508 0.64394 0.70588
vn -0.29508 0.64394 0.70588
vn -0.29508 0.64394 0.70588
vn 0.16973 0.96297 0.20949
vn 0.16973 0.96297 0.20949
vn 0.16973 0.96297 0.20949
vn 0.07527 0.99242 0.09718
vn 0.07527 0.99242 0.09718
vn 0.02402 0.9966 -0.07879
vn 0.02402 0.9966 -0.07879
vn -0.15566 0.98766 -0.01698
vn -0.15566 0.98766 -0.01698
vn -0.15566 0.98766 -0.01698
vn -0.22075 0.97416 -0.04768
vn -0.22075 0.97416 -0.04768
vn -0.22075 0.97416 -0.04768
vn -0.36087 0.93215 -0.02941
vn -0.36087 0.93215 -0.02941
vn -0.36087 0.93215 -0.02941
vn -0.55195 0.83112 0.06775
vn -0.55195 0.83112 0.06775
vn -0.55195 0.83112 0.06775
vn -0.72877 0.68316 0.0467
vn -0.72877 0.68316 0.0467
vn -0.72877 0.68316 0.0467
vn -0.71916 0.69348 0.04352
vn -0.71916 0.69348 0.04352
vn -0.71916 0.69348 0.04352
vn 0.7951 0.57412 0.19544
vn 0.7951 0.57412 0.19544
vn 0.51601 0.83082 0.20851
vn 0.51601 0.83082 0.20851
vn 0.58868 0.66128 0.46494
vn 0.58868 0.66128 0.46494
vn 0.60494 0.61472 0.50613
vn 0.60494 0.61472 0.50613
vn 0.36871 0.85684 0.36039
vn 0.36871 0.85684 0.36039
vn 0.58417 0.80836 -0.07277
vn 0.58417 0.80836 -0.07277
vn 0.22842 0.86892 0.43909
vn 0.22842 0.86892 0.43909
vn 0.22842 0.86892 0.43909
vn 0.22702 0.86518 0.44713
vn 0.22702 0.86518 0.44713
vn 0.22702 0.86518 0.44713
vn -0.35521 0.74829 0.56026
vn -0.35521 0.74829 0.56026
vn -0.07664 0.88164 0.46565
vn -0.07664 0.88164 0.46565
vn 0.33276 0.7564 0.56315
vn 0.33276 0.7564 0.56315
vn 0.05419 0.77175 0.63362
vn 0.05419 0.77175 0.63362
vn 0.09619 0.78094 0.61715
vn 0.09619 0.78094 0.61715
vn -0.0198 0.77376 0.63317
vn -0.0198 0.77376 0.63317
vn -0.25164 0.72511 0.64101
vn -0.25164 0.72511 0.64101
vn -0.16996 0.71672 0.67633
vn -0.16996 0.71672 0.67633
vn -0.16996 0.71672 0.67633
vn -0.09446 0.91147 0.40037
vn -0.09446 0.91147 0.40037
vn -0.17185 0.77364 0.60988
vn -0.17185 0.77364 0.60988
vn 0.05502 0.83739 0.54383
vn 0.05502 0.83739 0.54383
vn 0.05502 0.83739 0.54383
vn -0.18468 0.79271 0.58096
vn -0.18468 0.79271 0.58095
vn -0.18468 0.79271 0.58096
vn 0.27487 0.90164 0.3339
vn 0.27487 0.90164 0.3339
vn 0.17471 0.86646 0.46768
vn 0.17471 0.86646 0.46768
vn 0.17471 0.86646 0.46768
vn -0.01363 0.97815 0.20746
vn -0.01363 0.97815 0.20746
vn -0.01363 0.97815 0.20746
vn 0.1147 0.86581 0.48704
vn 0.1147 0.86581 0.48704
vn 0.1147 0.86581 0.48704
vn -0.23745 0.96829 0.07767
vn -0.23745 0.96829 0.07767
vn -0.23745 0.96829 0.07767
vn -0.10835 0.96569 0.23602
vn -0.10835 0.96569 0.23602
vn -0.10835 0.96569 0.23602
vn -0.39706 0.86272 0.31314
vn -0.39706 0.86272 0.31314
vn -0.62037 0.7086 0.3362
vn -0.62037 0.7086 0.3362
vn -0.73357 0.66314 0.14876
vn -0.73357 0.66314 0.14876
vn -0.59755 0.70411 0.38361
vn -0.59755 0.70411 0.38361
vn -0.59755 0.70411 0.38361
vn -0.59332 0.75744 0.2725
vn -0.59332 0.75744 0.2725
vn -0.59332 0.75744 0.2725
vn -0.69171 0.70962 0.1341
vn -0.69171 0.70962 0.1341
vn 0.59565 0.55371 0.5819
vn 0.59565 0.55371 0.5819
vn 0.43365 0.83295 0.34372
vn 0.43365 0.83295 0.34372
vn 0.43365 0.83295 0.34372
vn 0.64819 0.51136 0.56423
vn 0.64819 0.51136 0.56423
vn 0.53893 0.74594 0.39132
vn 0.53893 0.74594 0.39132
vn 0.53893 0.74594 0.39132
vn 0.35639 0.77289 0.52499
vn 0.35639 0.77289 0.52499
vn 0.4777 0.64561 0.59582
vn 0.4777 0.64561 0.59582
vn 0.4777 0.64561 0.59582
vn 0.2768 0.66984 0.68898
vn 0.2768 0.66984 0.68898
vn 0.3839 0.6923 0.61102
vn 0.3839 0.6923 0.61102
vn 0.1073 0.70453 0.70151
vn 0.1073 0.70453 0.70151
vn 0.1073 0.70453 0.70151
vn -0.02959 0.6564 0.75383
vn -0.02959 0.6564 0.75383
vn 0.09445 0.62972 0.77106
vn 0.09445 0.62972 0.77106
vn 0.17411 0.63444 0.75311
vn 0.17411 0.63444 0.75311
vn 0.17411 0.63444 0.75311
vn -0.0763 0.80649 0.58631
vn -0.0763 0.80649 0.58631
vn -0.0763 0.80649 0.58631
vn 0.17123 0.63087 0.75676
vn 0.17319 0.60609 0.77631
vn 0.17319 0.60609 0.77631
vn 0.17319 0.60609 0.77631
vn -0.1921 0.78315 0.59142
vn -0.1921 0.78315 0.59142
vn -0.3301 0.58113 0.74386
vn -0.3301 0.58113 0.74386
vn 0.10956 0.57198 0.81292
vn 0.10956 0.57198 0.81292
vn 0.10956 0.57198 0.81292
vn -0.01222 0.56434 0.82545
vn -0.01222 0.56434 0.82545
vn -0.01222 0.56434 0.82545
vn -0.32649 0.62191 0.71179
vn -0.32649 0.62191 0.71179
vn 0.1323 0.64683 0.75107
vn 0.306 0.53914 0.78466
vn 0.03114 0.62316 0.78147
vn 0.03114 0.62316 0.78147
vn 0.06576 0.58622 0.80748
vn -0.24738 0.72226 0.64586
vn -0.24738 0.72226 0.64586
vn -0.24738 0.72226 0.64586
vn -0.28606 0.72192 0.63008
vn -0.67389 0.57328 0.46607
vn -0.67389 0.57328 0.46607
vn -0.50239 0.57898 0.64217
vn -0.50239 0.57898 0.64217
vn -0.50239 0.57898 0.64217
vn -0.56932 0.54269 0.61754
vn -0.56932 0.54269 0.61754
vn 0.63668 0.486 0.5987
vn 0.63668 0.486 0.5987
vn 0.52676 0.50706 0.68222
vn 0.01598 0.6797 0.73332
vn 0.01598 0.6797 0.73332
vn 0.01598 0.6797 0.73332
vn 0.27748 0.51348 0.812
vn 0.27748 0.51348 0.812
vn 0.27748 0.51348 0.812
vn -0.01785 0.59742 0.80173
vn -0.01785 0.59742 0.80173
vn -0.02586 0.59315 0.80468
vn -0.02586 0.59315 0.80468
vn -0.02586 0.59315 0.80468
vn 0.20124 0.58684 0.78429
vn 0.20124 0.58684 0.78429
vn 0.20124 0.58684 0.78429
vn -0.23448 0.558 0.79603
vn -0.23448 0.558 0.79603
vn -0.23448 0.558 0.79603
vn 0.04977 0.57255 0.81836
vn 0.04977 0.57255 0.81836
vn -0.49107 0.42075 0.76277
vn -0.49107 0.42075 0.76277
vn -0.49107 0.42075 0.76277
vn 0.35246 0.93517 -0.03491
vn 0.16341 0.98434 -0.06613
vt 0.32204 0.11386
usemtl mat0
f 1/1/1 2/1/2 3/1/3
f 4/1/4 5/1/5 6/1/6
f 6/1/7 5/1/7 7/1/7
f 8/1/8 9/1/9 10/1/10
f 11/1/11 12/1/12 13/1/13
f 14/1/14 6/1/14 15/1/15
f 6/1/16 16/1/16 15/1/16
f 17/1/17 18/1/18 19/1/19
f 18/1/20 20/1/21 19/1/22
f 21/1/23 22/1/24 23/1/24
f 24/1/25 13/1/26 25/1/26
f 26/1/27 14/1/28 27/1/29
f 28/1/30 29/1/31 30/1/30
f 30/1/32 29/1/33 31/1/33
f 32/1/34 33/1/35 34/1/35
f 24/1/36 35/1/37 36/1/36
f 37/1/38 27/1/39 38/1/40
f 39/1/41 40/1/42 41/1/43
f 42/1/44 43/1/44 44/1/45
f 45/1/46 46/1/47 47/1/46
f 48/1/48 49/1/48 50/1/48
f 51/1/49 52/1/50 36/1/49
f 53/1/51 54/1/51 55/1/52
f 55/1/53 54/1/54 56/1/53
f 54/1/55 57/1/56 56/1/57
f 56/1/58 57/1/59 58/1/60
f 58/1/61 57/1/62 59/1/63
f 60/1/64 61/1/65 62/1/64
f 63/1/66 48/1/67 64/1/68
f 65/1/69 66/1/70 67/1/71
f 68/1/72 66/1/73 69/1/72
f 62/1/74 61/1/75 70/1/76
f 71/1/77 72/1/77 73/1/78
f 74/1/79 75/1/80 76/1/81
f 48/1/82 50/1/83 77/1/84
f 78/1/85 79/1/86 80/1/87
f 81/1/88 65/1/89 82/1/90
f 83/1/91 84/1/92 85/1/93
f 70/1/94 71/1/95 84/1/96
f 84/1/97 71/1/98 86/1/97
f 64/1/99 48/1/100 87/1/101
f 82/1/102 65/1/103 88/1/104
f 84/1/105 86/1/106 89/1/107
f 89/1/108 86/1/109 90/1/110
f 91/1/111 92/1/112 93/1/113
f 94/1/114 95/1/114 96/1/115
f 82/1/116 88/1/116 96/1/117
f 97/1/118 98/1/119 88/1/120
f 99/1/121 100/1/121 101/1/122
f 93/1/123 92/1/124 102/1/124
f 103/1/125 104/1/126 105/1/127
f 106/1/128 107/1/128 108/1/129
f 109/1/130 110/1/130 111/1/130
f 111/1/131 110/1/131 112/1/131
f 113/1/132 114/1/132 115/1/133
f 116/1/134 117/1/135 118/1/134
f 98/1/136 119/1/137 120/1/138
f 120/1/139 119/1/139 121/1/140
f 122/1/141 123/1/142 124/1/143
f 111/1/144 112/1/144 125/1/144
f 126/1/145 127/1/146 128/1/147
f 129/1/148 130/1/149 131/1/150
f 132/1/151 133/1/152 130/1/152
f 134/1/153 106/1/154 135/1/155
f 106/1/156 108/1/156 136/1/156
f 137/1/157 138/1/158 139/1/159
f 125/1/160 140/1/161 141/1/161
f 131/1/162 142/1/163 143/1/163
f 144/1/164 145/1/165 146/1/165
f 147/1/166 148/1/167 146/1/167
f 146/1/168 148/1/168 149/1/169
f 148/1/170 150/1/171 149/1/170
f 151/1/172 152/1/172 153/1/173
f 153/1/174 152/1/174 154/1/174
f 155/1/175 156/1/176 157/1/177
f 149/1/178 158/1/178 159/1/179
f 153/1/180 154/1/181 160/1/182
f 160/1/183 154/1/184 161/1/185
f 137/1/186 139/1/186 162/1/186
f 162/1/187 139/1/187 163/1/188
f 164/1/189 165/1/190 166/1/190
f 167/1/191 168/1/192 169/1/193
f 160/1/194 161/1/194 170/1/195
f 161/1/196 171/1/197 172/1/198
f 173/1/199 174/1/200 175/1/201
f 176/1/202 177/1/203 178/1/204
f 162/1/205 163/1/206 179/1/207
f 180/1/208 181/1/209 182/1/210
f 183/1/211 184/1/211 185/1/212
f 186/1/213 187/1/214 188/1/215
f 189/1/216 190/1/217 191/1/216
f 192/1/218 193/1/219 194/1/220
f 185/1/221 188/1/221 195/1/221
f 196/1/222 179/1/223 197/1/224
f 198/1/225 199/1/226 200/1/225
f 201/1/227 202/1/228 203/1/229
f 204/1/230 205/1/230 206/1/231
f 207/1/232 208/1/233 209/1/232
f 196/1/234 197/1/234 210/1/235
f 211/1/236 212/1/236 213/1/237
f 214/1/238 215/1/239 216/1/240
f 217/1/241 218/1/242 219/1/243
f 216/1/244 220/1/245 221/1/245
f 217/1/246 222/1/247 223/1/248
f 216/1/249 221/1/249 214/1/250
f 221/1/251 224/1/252 214/1/253
f 225/1/254 226/1/255 227/1/256
f 228/1/257 229/1/258 226/1/259
f 226/1/260 229/1/261 230/1/262
f 229/1/263 228/1/264 219/1/263
f 217/1/265 231/1/266 218/1/267
f 231/1/268 217/1/269 223/1/270
f 222/1/271 232/1/272 223/1/271
f 220/1/273 232/1/274 222/1/274
f 220/1/275 233/1/275 232/1/276
f 216/1/277 233/1/278 220/1/277
f 233/1/279 216/1/280 215/1/281
f 224/1/282 234/1/283 214/1/284
f 224/1/285 235/1/286 234/1/287
f 236/1/288 210/1/289 225/1/288
f 209/1/290 236/1/290 227/1/290
f 227/1/291 236/1/292 225/1/293
f 209/1/294 227/1/294 237/1/295
f 237/1/296 227/1/297 226/1/298
f 226/1/299 230/1/300 237/1/301
f 237/1/302 230/1/303 238/1/304
f 238/1/305 230/1/306 206/1/307
f 229/1/308 239/1/309 230/1/309
f 230/1/310 239/1/311 206/1/312
f 219/1/313 240/1/314 229/1/313
f 229/1/315 240/1/316 241/1/317
f 218/1/318 240/1/319 219/1/320
f 231/1/321 242/1/322 218/1/323
f 231/1/324 223/1/325 242/1/326
f 223/1/327 213/1/327 212/1/327
f 232/1/328 213/1/329 223/1/330
f 233/1/331 243/1/331 232/1/331
f 232/1/332 243/1/332 213/1/333
f 233/1/334 215/1/335 243/1/335
f 214/1/336 203/1/337 215/1/338
f 215/1/339 203/1/340 244/1/339
f 234/1/341 203/1/342 214/1/343
f 235/1/344 200/1/344 234/1/345
f 234/1/346 200/1/347 245/1/348
f 236/1/349 246/1/350 210/1/351
f 210/1/352 246/1/353 196/1/354
f 236/1/355 208/1/356 246/1/356
f 209/1/357 208/1/357 236/1/358
f 237/1/359 238/1/360 209/1/359
f 209/1/361 238/1/361 207/1/362
f 238/1/363 206/1/364 205/1/364
f 239/1/365 204/1/366 206/1/367
f 229/1/368 241/1/369 239/1/370
f 239/1/371 241/1/371 204/1/371
f 247/1/372 241/1/373 240/1/372
f 218/1/374 247/1/375 240/1/374
f 218/1/376 248/1/377 247/1/378
f 242/1/379 248/1/379 218/1/379
f 249/1/380 248/1/381 242/1/382
f 223/1/383 212/1/384 242/1/383
f 242/1/385 212/1/386 249/1/387
f 249/1/388 212/1/388 250/1/388
f 211/1/389 251/1/390 212/1/391
f 251/1/392 211/1/393 194/1/394
f 192/1/395 211/1/396 213/1/397
f 243/1/398 252/1/399 213/1/400
f 213/1/401 252/1/402 192/1/401
f 252/1/403 243/1/404 253/1/404
f 253/1/405 243/1/406 244/1/406
f 244/1/407 243/1/408 215/1/409
f 244/1/410 203/1/411 202/1/412
f 234/1/413 201/1/414 203/1/415
f 245/1/416 201/1/417 234/1/418
f 198/1/419 200/1/420 235/1/421
f 196/1/422 246/1/423 254/1/422
f 208/1/424 255/1/425 246/1/426
f 246/1/427 255/1/428 254/1/429
f 207/1/430 255/1/431 208/1/432
f 238/1/433 256/1/434 207/1/433
f 205/1/435 256/1/436 238/1/437
f 257/1/438 205/1/439 204/1/440
f 204/1/441 258/1/442 257/1/441
f 241/1/443 259/1/444 204/1/445
f 204/1/446 259/1/447 258/1/448
f 247/1/449 259/1/450 241/1/451
f 247/1/452 260/1/453 259/1/452
f 259/1/454 260/1/455 261/1/456
f 262/1/457 260/1/458 248/1/459
f 248/1/460 260/1/461 247/1/462
f 248/1/463 263/1/464 262/1/465
f 249/1/466 250/1/467 248/1/468
f 248/1/469 250/1/470 263/1/471
f 212/1/472 195/1/473 250/1/474
f 250/1/475 195/1/475 188/1/475
f 251/1/476 195/1/477 212/1/477
f 251/1/478 264/1/479 195/1/479
f 195/1/480 264/1/481 185/1/482
f 194/1/483 264/1/484 251/1/485
f 264/1/486 194/1/486 193/1/487
f 192/1/488 194/1/489 211/1/488
f 252/1/490 265/1/491 192/1/490
f 253/1/492 266/1/493 252/1/494
f 252/1/495 266/1/495 265/1/496
f 244/1/497 267/1/498 253/1/498
f 253/1/499 267/1/500 266/1/501
f 244/1/502 202/1/502 267/1/503
f 267/1/504 202/1/504 180/1/504
f 268/1/505 202/1/506 201/1/507
f 245/1/508 269/1/509 201/1/510
f 201/1/511 269/1/511 268/1/512
f 269/1/513 245/1/514 270/1/515
f 270/1/516 245/1/517 200/1/518
f 200/1/519 199/1/520 270/1/521
f 197/1/522 179/1/522 163/1/523
f 162/1/524 179/1/525 196/1/525
f 196/1/526 254/1/527 162/1/528
f 254/1/529 255/1/530 178/1/531
f 178/1/532 255/1/533 271/1/534
f 271/1/535 255/1/536 207/1/537
f 207/1/538 256/1/539 271/1/540
f 271/1/541 256/1/542 272/1/543
f 205/1/544 257/1/545 256/1/546
f 256/1/547 257/1/548 272/1/549
f 272/1/550 257/1/551 273/1/551
f 273/1/552 257/1/552 274/1/553
f 274/1/554 257/1/555 275/1/554
f 275/1/556 257/1/556 258/1/556
f 259/1/557 275/1/558 258/1/558
f 276/1/559 275/1/560 261/1/561
f 261/1/562 275/1/562 259/1/563
f 277/1/564 276/1/565 261/1/564
f 260/1/566 262/1/567 261/1/568
f 261/1/569 262/1/570 277/1/569
f 277/1/571 262/1/572 173/1/573
f 173/1/574 262/1/575 278/1/576
f 263/1/577 191/1/578 262/1/579
f 262/1/580 191/1/581 278/1/582
f 278/1/583 191/1/583 190/1/583
f 250/1/584 187/1/585 263/1/585
f 263/1/586 187/1/586 191/1/587
f 191/1/588 187/1/588 189/1/589
f 188/1/590 187/1/590 250/1/591
f 186/1/592 188/1/592 185/1/592
f 279/1/593 185/1/594 184/1/595
f 183/1/596 185/1/596 264/1/596
f 264/1/597 193/1/598 183/1/598
f 280/1/599 193/1/600 192/1/599
f 265/1/601 280/1/601 192/1/602
f 281/1/603 280/1/604 265/1/605
f 182/1/606 281/1/607 266/1/606
f 266/1/608 281/1/609 265/1/609
f 267/1/610 182/1/611 266/1/611
f 180/1/612 182/1/613 267/1/614
f 180/1/615 282/1/616 181/1/617
f 282/1/618 202/1/619 268/1/619
f 282/1/620 268/1/620 283/1/620
f 269/1/621 270/1/622 268/1/623
f 268/1/624 270/1/625 283/1/625
f 283/1/626 270/1/626 284/1/627
f 284/1/628 270/1/629 285/1/630
f 199/1/631 285/1/632 270/1/631
f 254/1/633 178/1/633 162/1/633
f 162/1/634 178/1/635 177/1/636
f 176/1/637 178/1/638 271/1/639
f 272/1/640 176/1/641 271/1/641
f 272/1/642 273/1/643 176/1/644
f 176/1/645 273/1/646 172/1/647
f 172/1/648 273/1/648 274/1/648
f 286/1/649 274/1/650 275/1/650
f 276/1/651 175/1/652 275/1/651
f 275/1/653 175/1/654 286/1/655
f 277/1/656 175/1/657 276/1/658
f 173/1/659 175/1/660 277/1/659
f 174/1/661 173/1/662 287/1/661
f 287/1/663 173/1/664 278/1/665
f 278/1/666 190/1/667 287/1/667
f 287/1/668 190/1/669 169/1/669
f 288/1/670 190/1/671 189/1/670
f 288/1/672 189/1/672 289/1/672
f 289/1/673 189/1/674 186/1/675
f 186/1/676 189/1/677 187/1/678
f 279/1/679 186/1/680 185/1/680
f 193/1/681 280/1/682 183/1/683
f 183/1/684 280/1/685 166/1/686
f 281/1/687 290/1/687 280/1/688
f 280/1/689 290/1/690 166/1/691
f 182/1/692 291/1/693 281/1/694
f 281/1/695 291/1/695 290/1/696
f 181/1/697 292/1/698 182/1/699
f 182/1/700 292/1/701 291/1/702
f 293/1/703 292/1/703 181/1/704
f 282/1/705 294/1/706 181/1/707
f 181/1/708 294/1/709 293/1/710
f 293/1/711 294/1/712 295/1/711
f 282/1/713 295/1/714 294/1/715
f 283/1/716 284/1/716 295/1/717
f 296/1/718 284/1/719 285/1/718
f 199/1/720 297/1/720 285/1/721
f 285/1/722 297/1/722 296/1/722
f 298/1/723 297/1/723 199/1/724
f 198/1/725 298/1/726 199/1/727
f 177/1/728 299/1/729 162/1/728
f 176/1/730 172/1/731 177/1/732
f 177/1/733 172/1/734 299/1/735
f 299/1/736 172/1/737 171/1/736
f 274/1/738 161/1/739 172/1/740
f 170/1/741 161/1/742 286/1/741
f 286/1/743 161/1/744 274/1/743
f 175/1/745 170/1/746 286/1/747
f 175/1/748 174/1/749 170/1/749
f 287/1/750 169/1/751 174/1/752
f 174/1/753 169/1/754 168/1/754
f 190/1/755 300/1/756 169/1/757
f 169/1/758 300/1/759 167/1/759
f 288/1/760 300/1/761 190/1/761
f 300/1/762 288/1/763 301/1/763
f 288/1/764 289/1/765 301/1/766
f 301/1/767 289/1/768 302/1/769
f 302/1/770 289/1/771 279/1/772
f 279/1/773 289/1/774 186/1/775
f 184/1/776 303/1/777 279/1/778
f 279/1/779 303/1/780 302/1/781
f 183/1/782 303/1/783 184/1/783
f 183/1/784 166/1/784 303/1/784
f 303/1/785 166/1/786 165/1/787
f 290/1/788 304/1/789 166/1/790
f 166/1/791 304/1/792 164/1/793
f 291/1/794 304/1/794 290/1/794
f 304/1/795 291/1/796 305/1/796
f 292/1/797 305/1/798 291/1/799
f 306/1/800 305/1/801 293/1/802
f 293/1/803 305/1/804 292/1/803
f 295/1/805 307/1/806 293/1/807
f 293/1/808 307/1/809 306/1/810
f 307/1/811 295/1/812 308/1/813
f 308/1/814 295/1/815 284/1/814
f 296/1/816 309/1/817 284/1/818
f 284/1/819 309/1/819 308/1/819
f 308/1/820 309/1/821 310/1/822
f 310/1/823 309/1/824 311/1/825
f 311/1/826 309/1/827 297/1/828
f 297/1/829 309/1/829 296/1/830
f 297/1/831 298/1/832 311/1/833
f 311/1/834 298/1/834 312/1/835
f 137/1/836 162/1/837 136/1/838
f 162/1/839 299/1/839 136/1/840
f 136/1/841 299/1/842 135/1/841
f 299/1/843 171/1/844 135/1/843
f 171/1/845 161/1/846 154/1/847
f 170/1/848 158/1/849 160/1/850
f 160/1/851 158/1/852 153/1/853
f 159/1/854 158/1/855 170/1/856
f 174/1/857 159/1/858 170/1/858
f 168/1/859 159/1/860 174/1/859
f 159/1/861 168/1/861 146/1/861
f 168/1/862 167/1/862 146/1/863
f 146/1/864 167/1/865 157/1/865
f 300/1/866 157/1/867 167/1/866
f 155/1/868 157/1/869 301/1/870
f 301/1/871 157/1/872 300/1/873
f 302/1/874 155/1/875 301/1/876
f 313/1/877 303/1/877 165/1/877
f 165/1/878 164/1/879 313/1/880
f 164/1/881 304/1/882 314/1/883
f 305/1/884 315/1/885 304/1/886
f 315/1/887 305/1/888 316/1/889
f 316/1/890 305/1/890 317/1/891
f 317/1/892 305/1/893 306/1/894
f 307/1/895 318/1/896 306/1/897
f 306/1/898 318/1/899 317/1/900
f 307/1/901 308/1/901 318/1/902
f 318/1/903 308/1/904 319/1/903
f 319/1/905 308/1/906 310/1/907
f 311/1/908 320/1/909 310/1/908
f 320/1/910 311/1/911 141/1/912
f 125/1/913 311/1/914 312/1/915
f 137/1/916 136/1/917 108/1/917
f 171/1/918 152/1/919 135/1/920
f 135/1/921 152/1/922 134/1/923
f 154/1/924 152/1/925 171/1/926
f 158/1/927 150/1/927 153/1/927
f 153/1/928 150/1/929 151/1/930
f 149/1/931 150/1/932 158/1/933
f 146/1/934 149/1/935 159/1/936
f 147/1/937 146/1/938 145/1/937
f 157/1/939 144/1/940 146/1/939
f 156/1/941 321/1/942 157/1/943
f 157/1/944 321/1/945 144/1/946
f 144/1/947 321/1/948 322/1/949
f 155/1/950 323/1/951 156/1/952
f 156/1/953 323/1/954 321/1/955
f 323/1/956 155/1/956 302/1/956
f 303/1/957 142/1/958 302/1/959
f 302/1/960 142/1/961 323/1/962
f 143/1/963 142/1/964 313/1/965
f 313/1/966 142/1/967 303/1/968
f 164/1/969 143/1/969 313/1/969
f 131/1/970 143/1/971 324/1/971
f 324/1/972 143/1/973 314/1/973
f 314/1/974 143/1/975 164/1/975
f 304/1/976 325/1/977 314/1/978
f 314/1/979 325/1/980 324/1/981
f 326/1/982 325/1/983 315/1/984
f 315/1/985 325/1/986 304/1/987
f 315/1/988 316/1/989 326/1/989
f 316/1/990 317/1/991 128/1/992
f 128/1/993 317/1/994 327/1/994
f 318/1/995 328/1/996 317/1/995
f 317/1/997 328/1/997 327/1/997
f 327/1/998 328/1/999 329/1/999
f 329/1/1000 328/1/1001 319/1/1000
f 319/1/1002 328/1/1003 318/1/1002
f 310/1/1004 330/1/1005 319/1/1006
f 319/1/1007 330/1/1008 329/1/1009
f 320/1/1010 330/1/1011 310/1/1012
f 320/1/1013 141/1/1014 330/1/1013
f 330/1/1015 141/1/1016 331/1/1016
f 331/1/1017 141/1/1018 332/1/1018
f 332/1/1019 141/1/1020 140/1/1019
f 125/1/1021 141/1/1022 311/1/1023
f 137/1/1024 108/1/1025 138/1/1026
f 136/1/1027 135/1/1028 106/1/1029
f 134/1/1030 152/1/1031 151/1/1032
f 150/1/1033 333/1/1034 151/1/1035
f 148/1/1036 333/1/1037 150/1/1038
f 147/1/1039 145/1/1040 334/1/1041
f 334/1/1042 145/1/1042 144/1/1043
f 322/1/1044 335/1/1045 144/1/1044
f 144/1/1046 335/1/1047 334/1/1048
f 321/1/1049 336/1/1050 322/1/1050
f 322/1/1051 336/1/1052 335/1/1053
f 323/1/1054 337/1/1055 321/1/1056
f 321/1/1057 337/1/1058 336/1/1058
f 336/1/1059 337/1/1060 338/1/1061
f 338/1/1062 337/1/1063 339/1/1064
f 323/1/1065 133/1/1066 337/1/1067
f 337/1/1068 133/1/1069 339/1/1070
f 130/1/1071 133/1/1072 142/1/1071
f 142/1/1073 133/1/1074 323/1/1073
f 131/1/1075 130/1/1076 142/1/1076
f 131/1/1077 324/1/1077 129/1/1078
f 129/1/1079 324/1/1080 121/1/1081
f 121/1/1082 324/1/1083 325/1/1084
f 325/1/1085 326/1/1086 121/1/1087
f 121/1/1088 326/1/1089 120/1/1090
f 316/1/1091 128/1/1092 326/1/1092
f 326/1/1093 128/1/1094 120/1/1095
f 118/1/1096 128/1/1097 127/1/1098
f 126/1/1099 128/1/1100 327/1/1100
f 329/1/1101 340/1/1102 327/1/1103
f 327/1/1104 340/1/1105 126/1/1106
f 330/1/1107 331/1/1107 329/1/1107
f 329/1/1108 331/1/1109 340/1/1110
f 331/1/1111 332/1/1112 340/1/1113
f 340/1/1114 332/1/1115 341/1/1115
f 332/1/1116 140/1/1116 341/1/1117
f 342/1/1118 140/1/1119 125/1/1120
f 342/1/1121 125/1/1122 112/1/1121
f 111/1/1123 125/1/1123 312/1/1124
f 106/1/1125 134/1/1126 105/1/1127
f 134/1/1128 151/1/1129 105/1/1128
f 105/1/1130 151/1/1131 103/1/1131
f 333/1/1132 343/1/1132 151/1/1133
f 151/1/1134 343/1/1135 103/1/1136
f 102/1/1137 343/1/1138 148/1/1139
f 148/1/1140 343/1/1141 333/1/1141
f 147/1/1142 334/1/1143 148/1/1144
f 148/1/1145 334/1/1145 102/1/1146
f 344/1/1147 334/1/1148 335/1/1149
f 93/1/1150 344/1/1150 345/1/1151
f 345/1/1152 344/1/1153 336/1/1154
f 336/1/1155 344/1/1156 335/1/1157
f 336/1/1158 338/1/1159 345/1/1159
f 345/1/1160 338/1/1161 346/1/1161
f 339/1/1162 346/1/1163 338/1/1164
f 347/1/1165 346/1/1166 339/1/1166
f 133/1/1167 123/1/1168 339/1/1168
f 339/1/1169 123/1/1170 347/1/1169
f 347/1/1171 123/1/1172 348/1/1172
f 124/1/1173 123/1/1174 132/1/1173
f 132/1/1175 123/1/1176 133/1/1177
f 130/1/1178 124/1/1178 132/1/1179
f 122/1/1180 124/1/1181 119/1/1180
f 119/1/1182 124/1/1183 129/1/1184
f 129/1/1185 124/1/1186 130/1/1187
f 129/1/1188 121/1/1189 119/1/1190
f 98/1/1191 120/1/1192 117/1/1193
f 128/1/1194 118/1/1195 120/1/1195
f 120/1/1196 118/1/1197 117/1/1197
f 118/1/1198 127/1/1198 116/1/1199
f 116/1/1200 127/1/1201 115/1/1202
f 115/1/1203 127/1/1204 340/1/1203
f 340/1/1205 127/1/1206 126/1/1207
f 113/1/1208 115/1/1209 341/1/1210
f 341/1/1211 115/1/1211 340/1/1212
f 349/1/1213 113/1/1214 140/1/1213
f 140/1/1215 113/1/1216 341/1/1217
f 140/1/1218 342/1/1219 349/1/1220
f 349/1/1221 342/1/1222 350/1/1221
f 342/1/1223 112/1/1223 350/1/1224
f 138/1/1225 108/1/1225 87/1/1226
f 87/1/1227 108/1/1227 107/1/1228
f 106/1/1229 105/1/1230 107/1/1231
f 104/1/1232 103/1/1233 343/1/1232
f 93/1/1234 102/1/1235 344/1/1236
f 344/1/1237 102/1/1237 334/1/1238
f 345/1/1239 101/1/1240 93/1/1241
f 93/1/1242 101/1/1243 100/1/1244
f 99/1/1245 101/1/1246 345/1/1247
f 346/1/1248 99/1/1249 345/1/1248
f 347/1/1250 351/1/1250 346/1/1251
f 346/1/1252 351/1/1253 99/1/1253
f 99/1/1254 351/1/1255 89/1/1255
f 89/1/1256 351/1/1257 348/1/1256
f 348/1/1258 351/1/1259 347/1/1260
f 123/1/1261 352/1/1262 348/1/1262
f 348/1/1263 352/1/1264 89/1/1263
f 122/1/1265 352/1/1265 123/1/1266
f 352/1/1267 122/1/1268 353/1/1269
f 353/1/1270 122/1/1271 119/1/1272
f 119/1/1273 98/1/1273 353/1/1274
f 117/1/1275 88/1/1276 98/1/1277
f 96/1/1278 88/1/1278 117/1/1279
f 116/1/1280 96/1/1281 117/1/1281
f 94/1/1282 96/1/1283 116/1/1283
f 115/1/1284 94/1/1285 116/1/1286
f 114/1/1287 94/1/1288 115/1/1288
f 114/1/1289 354/1/1290 94/1/1291
f 94/1/1292 354/1/1293 355/1/1292
f 113/1/1294 354/1/1295 114/1/1296
f 113/1/1297 356/1/1298 354/1/1299
f 354/1/1300 356/1/1301 355/1/1302
f 349/1/1303 356/1/1304 113/1/1305
f 349/1/1306 350/1/1307 356/1/1308
f 356/1/1309 350/1/1310 357/1/1311
f 357/1/1312 350/1/1313 112/1/1312
f 112/1/1314 110/1/1315 357/1/1316
f 87/1/1317 107/1/1318 64/1/1319
f 105/1/1320 104/1/1321 107/1/1322
f 343/1/1323 358/1/1324 104/1/1325
f 102/1/1326 359/1/1327 343/1/1328
f 343/1/1329 359/1/1330 358/1/1331
f 92/1/1332 359/1/1333 102/1/1334
f 100/1/1335 91/1/1336 93/1/1336
f 100/1/1337 90/1/1338 91/1/1338
f 91/1/1339 90/1/1340 86/1/1340
f 99/1/1341 90/1/1342 100/1/1342
f 89/1/1343 90/1/1343 99/1/1344
f 84/1/1345 89/1/1346 352/1/1346
f 353/1/1347 85/1/1348 352/1/1349
f 360/1/1350 85/1/1350 98/1/1350
f 98/1/1351 85/1/1352 353/1/1353
f 98/1/1354 97/1/1355 360/1/1356
f 97/1/1357 88/1/1358 361/1/1358
f 361/1/1359 88/1/1360 65/1/1361
f 96/1/1362 95/1/1362 82/1/1363
f 80/1/1364 95/1/1365 362/1/1366
f 362/1/1367 95/1/1368 94/1/1369
f 355/1/1370 362/1/1371 94/1/1371
f 362/1/1372 355/1/1373 363/1/1373
f 356/1/1374 363/1/1374 355/1/1375
f 364/1/1376 363/1/1377 356/1/1376
f 356/1/1378 357/1/1378 364/1/1379
f 109/1/1380 365/1/1381 110/1/1382
f 109/1/1383 366/1/1384 365/1/1385
f 77/1/1386 87/1/1387 48/1/1388
f 64/1/1389 107/1/1390 367/1/1391
f 104/1/1392 367/1/1393 107/1/1394
f 104/1/1395 368/1/1396 369/1/1397
f 370/1/1398 368/1/1399 358/1/1400
f 358/1/1401 368/1/1402 104/1/1403
f 76/1/1404 370/1/1404 359/1/1405
f 359/1/1406 370/1/1407 358/1/1407
f 359/1/1408 371/1/1409 76/1/1410
f 92/1/1411 371/1/1412 359/1/1412
f 91/1/1413 371/1/1414 92/1/1415
f 371/1/1416 91/1/1417 372/1/1418
f 372/1/1419 91/1/1420 73/1/1421
f 86/1/1422 71/1/1423 91/1/1422
f 91/1/1424 71/1/1425 73/1/1426
f 85/1/1427 84/1/1428 352/1/1429
f 360/1/1430 83/1/1431 85/1/1430
f 373/1/1432 83/1/1433 360/1/1434
f 69/1/1435 373/1/1436 68/1/1437
f 68/1/1438 373/1/1439 97/1/1440
f 97/1/1441 373/1/1442 360/1/1443
f 97/1/1444 361/1/1445 68/1/1444
f 68/1/1446 361/1/1447 67/1/1448
f 361/1/1449 65/1/1450 67/1/1451
f 95/1/1452 374/1/1453 82/1/1454
f 82/1/1455 374/1/1456 81/1/1457
f 80/1/1458 374/1/1459 95/1/1460
f 374/1/1461 80/1/1461 79/1/1462
f 78/1/1463 80/1/1463 362/1/1464
f 79/1/1465 78/1/1466 375/1/1467
f 363/1/1468 78/1/1469 362/1/1470
f 375/1/1471 78/1/1472 376/1/1473
f 376/1/1474 78/1/1475 363/1/1476
f 363/1/1477 364/1/1478 376/1/1479
f 376/1/1480 364/1/1481 377/1/1482
f 377/1/1483 364/1/1484 357/1/1484
f 110/1/1485 377/1/1486 357/1/1485
f 378/1/1487 377/1/1488 365/1/1488
f 365/1/1489 377/1/1489 110/1/1490
f 104/1/1491 369/1/1492 367/1/1491
f 369/1/1493 368/1/1494 379/1/1495
f 379/1/1496 368/1/1496 370/1/1496
f 370/1/1497 76/1/1498 379/1/1499
f 379/1/1500 76/1/1501 75/1/1500
f 371/1/1502 74/1/1503 76/1/1504
f 380/1/1505 74/1/1506 371/1/1507
f 371/1/1508 372/1/1508 380/1/1509
f 372/1/1510 73/1/1511 41/1/1510
f 41/1/1512 73/1/1513 72/1/1514
f 71/1/1515 70/1/1516 72/1/1517
f 72/1/1518 70/1/1519 61/1/1520
f 84/1/1521 62/1/1521 70/1/1522
f 381/1/1523 62/1/1524 83/1/1525
f 83/1/1526 62/1/1527 84/1/1527
f 373/1/1528 69/1/1528 83/1/1529
f 83/1/1530 69/1/1531 381/1/1532
f 59/1/1533 69/1/1534 66/1/1534
f 68/1/1535 67/1/1536 66/1/1537
f 66/1/1538 65/1/1539 81/1/1540
f 374/1/1541 382/1/1542 81/1/1542
f 81/1/1543 382/1/1544 55/1/1545
f 79/1/1546 383/1/1547 374/1/1547
f 374/1/1548 383/1/1548 382/1/1549
f 384/1/1550 383/1/1551 79/1/1552
f 375/1/1553 384/1/1553 79/1/1554
f 385/1/1555 384/1/1556 375/1/1557
f 376/1/1558 386/1/1559 375/1/1560
f 375/1/1561 386/1/1561 385/1/1562
f 377/1/1563 387/1/1564 376/1/1565
f 376/1/1566 387/1/1567 386/1/1567
f 388/1/1568 387/1/1569 377/1/1568
f 377/1/1570 378/1/1571 388/1/1572
f 366/1/1573 389/1/1574 365/1/1575
f 365/1/1576 389/1/1577 378/1/1578
f 390/1/1579 389/1/1580 366/1/1581
f 367/1/1582 391/1/1582 64/1/1583
f 64/1/1584 391/1/1585 63/1/1584
f 369/1/1586 392/1/1587 367/1/1588
f 367/1/1589 392/1/1589 391/1/1589
f 379/1/1590 392/1/1590 369/1/1591
f 379/1/1592 75/1/1593 392/1/1594
f 75/1/1595 74/1/1596 47/1/1597
f 393/1/1598 394/1/1599 380/1/1599
f 380/1/1600 394/1/1601 74/1/1602
f 372/1/1603 395/1/1603 380/1/1604
f 380/1/1605 395/1/1606 393/1/1606
f 41/1/1607 395/1/1607 372/1/1607
f 395/1/1608 41/1/1609 44/1/1610
f 41/1/1611 72/1/1612 61/1/1613
f 62/1/1614 381/1/1614 60/1/1614
f 38/1/1615 381/1/1616 69/1/1615
f 69/1/1617 59/1/1618 38/1/1617
f 38/1/1619 59/1/1619 57/1/1620
f 58/1/1621 59/1/1622 66/1/1622
f 56/1/1623 58/1/1624 66/1/1623
f 81/1/1625 56/1/1626 66/1/1625
f 55/1/1627 56/1/1628 81/1/1629
f 53/1/1630 55/1/1630 36/1/1631
f 36/1/1632 55/1/1633 383/1/1634
f 383/1/1635 55/1/1636 382/1/1637
f 384/1/1638 36/1/1638 383/1/1639
f 51/1/1640 36/1/1640 384/1/1641
f 396/1/1642 51/1/1643 385/1/1643
f 385/1/1644 51/1/1645 384/1/1646
f 387/1/1647 34/1/1648 386/1/1648
f 386/1/1649 34/1/1650 385/1/1651
f 385/1/1652 34/1/1653 397/1/1654
f 32/1/1655 34/1/1656 388/1/1657
f 388/1/1658 34/1/1658 387/1/1659
f 378/1/1660 31/1/1661 388/1/1662
f 388/1/1663 31/1/1664 32/1/1665
f 30/1/1666 31/1/1667 389/1/1668
f 389/1/1669 31/1/1669 378/1/1670
f 389/1/1671 390/1/1672 30/1/1672
f 49/1/1673 48/1/1674 63/1/1675
f 392/1/1676 398/1/1677 391/1/1678
f 46/1/1679 398/1/1680 75/1/1679
f 75/1/1681 398/1/1682 392/1/1683
f 75/1/1684 47/1/1685 46/1/1686
f 45/1/1687 47/1/1687 394/1/1688
f 394/1/1689 47/1/1690 74/1/1689
f 394/1/1691 399/1/1692 45/1/1693
f 45/1/1694 399/1/1695 400/1/1696
f 400/1/1697 399/1/1698 401/1/1697
f 401/1/1699 399/1/1700 393/1/1700
f 393/1/1701 399/1/1701 394/1/1702
f 395/1/1703 43/1/1704 393/1/1705
f 393/1/1706 43/1/1707 401/1/1708
f 44/1/1709 43/1/1710 395/1/1711
f 44/1/1712 41/1/1713 40/1/1714
f 39/1/1715 41/1/1716 61/1/1717
f 40/1/1718 39/1/1719 60/1/1720
f 60/1/1721 39/1/1722 61/1/1723
f 402/1/1724 60/1/1725 38/1/1725
f 38/1/1726 60/1/1727 381/1/1726
f 57/1/1728 37/1/1728 38/1/1729
f 57/1/1730 403/1/1730 37/1/1731
f 37/1/1732 403/1/1733 26/1/1734
f 54/1/1735 403/1/1736 57/1/1737
f 54/1/1738 404/1/1739 403/1/1738
f 403/1/1740 404/1/1741 405/1/1742
f 53/1/1743 404/1/1744 54/1/1745
f 36/1/1746 35/1/1747 53/1/1748
f 53/1/1749 35/1/1750 404/1/1751
f 404/1/1752 35/1/1753 25/1/1754
f 36/1/1755 52/1/1756 24/1/1756
f 51/1/1757 396/1/1758 52/1/1759
f 385/1/1760 406/1/1761 396/1/1762
f 397/1/1763 406/1/1764 385/1/1765
f 397/1/1766 34/1/1767 33/1/1768
f 32/1/1769 31/1/1770 33/1/1771
f 33/1/1772 31/1/1772 29/1/1773
f 49/1/1774 63/1/1775 407/1/1776
f 391/1/1777 22/1/1778 63/1/1777
f 23/1/1779 22/1/1779 398/1/1780
f 398/1/1781 22/1/1782 391/1/1783
f 46/1/1784 408/1/1785 398/1/1784
f 398/1/1786 408/1/1786 23/1/1786
f 19/1/1787 408/1/1787 46/1/1788
f 46/1/1789 45/1/1790 19/1/1791
f 400/1/1792 401/1/1793 409/1/1793
f 43/1/1794 410/1/1795 401/1/1796
f 401/1/1797 410/1/1798 409/1/1797
f 42/1/1799 410/1/1800 43/1/1801
f 410/1/1802 42/1/1803 411/1/1804
f 44/1/1805 40/1/1805 42/1/1806
f 60/1/1807 402/1/1808 40/1/1809
f 38/1/1810 27/1/1811 402/1/1810
f 26/1/1812 27/1/1813 37/1/1814
f 403/1/1815 405/1/1815 26/1/1815
f 26/1/1816 405/1/1817 12/1/1818
f 405/1/1819 404/1/1820 12/1/1821
f 404/1/1822 25/1/1823 13/1/1824
f 24/1/1825 25/1/1826 35/1/1825
f 412/1/1827 24/1/1828 52/1/1827
f 396/1/1829 413/1/1830 52/1/1831
f 52/1/1832 413/1/1833 412/1/1834
f 396/1/1835 406/1/1836 413/1/1837
f 413/1/1838 406/1/1839 414/1/1840
f 414/1/1841 406/1/1842 397/1/1843
f 397/1/1844 33/1/1845 414/1/1846
f 407/1/1847 415/1/1847 49/1/1848
f 22/1/1849 407/1/1849 63/1/1850
f 408/1/1851 20/1/1852 23/1/1852
f 23/1/1853 20/1/1854 21/1/1853
f 19/1/1855 20/1/1856 408/1/1855
f 400/1/1857 19/1/1858 45/1/1858
f 17/1/1859 19/1/1860 409/1/1861
f 409/1/1862 19/1/1863 400/1/1864
f 10/1/1865 17/1/1865 410/1/1866
f 410/1/1867 17/1/1868 409/1/1868
f 410/1/1869 411/1/1869 10/1/1870
f 416/1/1871 411/1/1872 40/1/1872
f 40/1/1873 411/1/1873 42/1/1874
f 402/1/1875 416/1/1875 40/1/1876
f 27/1/1877 15/1/1878 402/1/1877
f 402/1/1879 15/1/1880 416/1/1881
f 416/1/1882 15/1/1883 16/1/1883
f 14/1/1884 15/1/1884 27/1/1885
f 26/1/1886 417/1/1887 14/1/1888
f 12/1/1889 417/1/1890 26/1/1891
f 13/1/1892 12/1/1892 404/1/1893
f 11/1/1894 13/1/1895 24/1/1896
f 412/1/1897 418/1/1898 24/1/1899
f 24/1/1900 418/1/1901 11/1/1902
f 413/1/1903 419/1/1904 412/1/1905
f 412/1/1906 419/1/1907 418/1/1908
f 420/1/1909 419/1/1910 413/1/1910
f 420/1/1911 413/1/1912 421/1/1911
f 33/1/1913 421/1/1914 414/1/1913
f 414/1/1915 421/1/1916 413/1/1917
f 29/1/1918 28/1/1919 33/1/1920
f 33/1/1921 28/1/1922 421/1/1922
f 407/1/1923 422/1/1923 415/1/1924
f 22/1/1925 3/1/1926 407/1/1927
f 407/1/1928 3/1/1929 422/1/1928
f 21/1/1930 3/1/1931 22/1/1932
f 3/1/1933 21/1/1933 1/1/1934
f 1/1/1935 21/1/1936 20/1/1937
f 9/1/1938 1/1/1939 18/1/1938
f 18/1/1940 1/1/1941 20/1/1941
f 17/1/1942 9/1/1943 18/1/1944
f 17/1/1945 10/1/1946 9/1/1945
f 411/1/1947 8/1/1947 10/1/1948
f 416/1/1949 8/1/1950 411/1/1951
f 16/1/1952 7/1/1953 416/1/1954
f 416/1/1955 7/1/1955 8/1/1955
f 8/1/1956 7/1/1957 423/1/1958
f 6/1/1959 7/1/1960 16/1/1960
f 14/1/1961 4/1/1961 6/1/1962
f 417/1/1963 4/1/1964 14/1/1965
f 424/1/1966 4/1/1967 417/1/1968
f 12/1/1969 424/1/1970 417/1/1970
f 12/1/1971 425/1/1971 424/1/1971
f 11/1/1972 425/1/1972 12/1/1972
f 418/1/1973 426/1/1974 11/1/1973
f 11/1/1975 426/1/1975 425/1/1975
f 418/1/1976 419/1/1977 426/1/1978
f 426/1/1979 419/1/1979 420/1/1979
f 426/1/1980 420/1/1981 427/1/1981
f 427/1/1982 420/1/1983 421/1/1984
f 427/1/1985 421/1/1986 28/1/1986
f 3/1/1987 428/1/1987 422/1/1988
f 428/1/1989 3/1/1989 2/1/1989
f 2/1/1990 1/1/1991 429/1/1992
f 429/1/1993 1/1/1994 9/1/1995
f 430/1/1996 429/1/1996 8/1/1997
f 8/1/1998 429/1/1999 9/1/2000
f 423/1/2001 430/1/2002 8/1/2003
f 5/1/2004 423/1/2005 7/1/2006
f 425/1/2007 426/1/2008 431/1/2008
f 426/1/2009 427/1/2010 431/1/2011
f 180/1/615 202/1/2012 282/1/616
f 283/1/2013 295/1/714 282/1/713
# Vertices: 431, normals: 2013, texture coordinates: 1, faces: 819

