g wushi
v -2.093624 -1.939011 0.3193146
v 1.34046E-08 -1.939011 -0.1571862
v 1.34046E-08 -1.228995 -0.1571862
v -2.093624 -0.5335551 0.3193146
v -0.5527369 -0.8948302 3.602593
v -0.7960342 0 3.421412
v 1.34046E-08 0 3.651706
v 1.34046E-08 -0.9056861 3.666046
v -0.7960342 0 3.421412
v 1.34046E-08 1.939011 3.008316
v 1.34046E-08 0 3.651706
v 1.34046E-08 -1.456267 0.7357001
v -2.093624 -1.939011 0.5308408
v 1.34046E-08 -1.456267 1.297689
v -0.4180306 -2.207728 2.727231
v -0.4283396 -1.939011 3.202726
v 1.34046E-08 -1.939011 3.390825
v 1.34046E-08 -2.81782 2.253866
v -1.471227 9.065354 -3.739002
v -1.313435 8.620793 -3.193971
v -2.666348 7.684672 -3.975826
v -2.093624 1.939011 0.9626123
v -1.505116 1.939011 2.130803
v -2.692392 0 3.202726
v -2.288807 -0.4299435 2.191983
v -2.192145 -0.4730514 3.202726
v -2.18575 -0.95985 2.332724
v -2.288807 -0.4299435 2.191983
v -2.692392 0 3.202726
v -1.544119 -1.565912 4.194283
v -2.459934 -0.3907738 3.696624
v -1.55172 -0.1470921 3.94633
v -0.8676092 -0.9065742 4.194283
v -0.4180306 -2.207728 2.727231
v -1.928408 -1.81301 1.90403
v -1.765108 -1.688471 2.292625
v -0.7796528 -1.942978 2.810909
v -0.4283396 -1.939011 3.202726
v -0.724437 -1.802362 3.167341
v -0.4283396 -1.939011 3.202726
v -0.724437 -1.802362 3.167341
v -1.567362 -1.586691 3.574699
v -0.7069975 -1.939011 3.696624
v -1.544119 -1.565912 4.194283
v -0.7960342 0 3.421412
v -0.5527369 -0.8948302 3.602593
v -0.8676092 -0.9065742 4.194283
v -1.55172 -0.1470921 3.94633
v -1.544119 -1.565912 4.194283
v -1.567362 -1.586691 3.574699
v -2.192145 -0.4730514 3.202726
v -2.459934 -0.3907738 3.696624
v -2.692392 0 3.202726
v -1.544119 -1.565912 4.194283
v -0.8676092 -0.9065742 4.194283
v -0.7069975 -1.939011 3.696624
v -0.7069975 -1.939011 3.696624
v -0.8676092 -0.9065742 4.194283
v -0.5527369 -0.8948302 3.602593
v -0.4283396 -1.939011 3.202726
v -2.18575 -0.95985 2.332724
v -2.1708 -0.8232734 1.998888
v -2.288807 -0.4299435 2.191983
v -2.192145 -0.4730514 3.202726
v -1.567362 -1.586691 3.574699
v -1.311644 -1.117875 2.79519
v -0.724437 -1.802362 3.167341
v -0.7796528 -1.942978 2.810909
v -1.765108 -1.688471 2.292625
v -2.18575 -0.95985 2.332724
v -0.4180306 -2.207728 2.727231
v 1.34046E-08 -2.81782 2.253866
v -1.895407 -2.094553 1.510876
v -1.928408 -1.81301 1.90403
v 1.34046E-08 -3.494744 1.502548
v -2.093624 -2.811928 0.9758996
v -2.093624 -2.811928 1.451962
v 1.34046E-08 -3.494744 2.253866
v -1.471227 9.065354 -3.739002
v -2.666348 7.684672 -3.975826
v 1.34046E-08 8.055606 -3.975826
v 1.34046E-08 9.486359 -3.48934
v 1.471227 9.065354 -3.739002
v 2.666348 7.684672 -3.975826
v -2.093624 0 0.5308408
v -2.093624 1.939011 0.9626123
v -2.288807 -0.4299435 2.191983
v -2.744699 -1.189661 1.939011
v -2.744699 -1.189661 1.345121
v -2.093624 0 0.5308408
v -2.288807 -0.4299435 2.191983
v 1.34046E-08 -2.81782 2.253866
v 1.34046E-08 -3.494744 2.253866
v -2.093624 -2.811928 1.451962
v -1.895407 -2.094553 1.510876
v -2.744699 -1.189661 1.939011
v -2.093624 -2.811928 1.451962
v -2.093624 -2.811928 0.9758996
v -2.744699 -1.189661 1.345121
v -2.093624 -1.939011 0.5308408
v -2.093624 -2.811928 0.9758996
v 1.34046E-08 -3.494744 1.502548
v 1.34046E-08 -1.456267 1.297689
v -1.928408 -1.81301 1.90403
v -1.895407 -2.094553 1.510876
v -2.744699 -1.189661 1.939011
v -2.1708 -0.8232734 1.998888
v -2.093624 0 0.5308408
v -2.744699 -1.189661 1.345121
v -2.093624 -1.939011 0.5308408
v -2.093624 -1.939011 0.5308408
v -2.744699 -1.189661 1.345121
v -2.093624 -2.811928 0.9758996
v -2.093624 -2.811928 1.451962
v -2.744699 -1.189661 1.939011
v -1.895407 -2.094553 1.510876
v -2.093624 -1.939011 0.5308408
v -2.093624 -1.939011 0.3193146
v -2.093624 -0.5335551 0.3193146
v -2.093624 0 0.5308408
v -2.093624 0 0.5308408
v -2.093624 -0.5335551 0.3193146
v 1.34046E-08 -1.228995 -0.1571862
v 1.34046E-08 -0.8144318 1.477922
v 1.34046E-08 -3.337968 0.007510044
v 1.34046E-08 -3.337968 -0.2040163
v -0.8716899 -3.079518 -0.2040163
v -0.8716899 -3.079518 0.007510044
v 1.34046E-08 -1.456267 0.7357001
v 1.34046E-08 -3.337968 0.007510044
v -0.8716899 -3.079518 0.007510044
v -2.093624 -1.939011 0.5308408
v -2.093624 -1.939011 0.5308408
v -0.8716899 -3.079518 0.007510044
v -0.8716899 -3.079518 -0.2040163
v -2.093624 -1.939011 0.3193146
v -2.093624 -1.939011 0.3193146
v -0.8716899 -3.079518 -0.2040163
v 1.34046E-08 -3.337968 -0.2040163
v 1.34046E-08 -1.939011 -0.1571862
v -2.093624 1.939011 0.9626123
v -2.093624 3.468574 -0.3115712
v -1.031313 4.646471 0.8663258
v -1.505116 1.939011 2.130803
v -1.505116 1.939011 2.130803
v -1.031313 4.646471 0.8663258
v 1.940398E-08 4.915105 1.13496
v 1.34046E-08 1.939011 3.008316
v 1.17233E-08 3.936958 -0.2099036
v 1.34046E-08 5.630016 -2.727608
v -2.093624 5.259083 -2.727608
v -2.093624 3.468574 -0.3115712
v -2.093624 3.468574 -0.3115712
v -2.093624 5.259083 -2.727608
v -1.031313 6.195202 -1.945753
v -1.031313 4.646471 0.8663258
v -1.031313 4.646471 0.8663258
v -1.031313 6.195202 -1.945753
v 1.34046E-08 6.413106 -1.634552
v 1.940398E-08 4.915105 1.13496
v 1.34046E-08 5.630016 -2.727608
v 1.34046E-08 8.055606 -3.975826
v -2.666348 7.684672 -3.975826
v -2.093624 5.259083 -2.727608
v -2.093624 5.259083 -2.727608
v -2.666348 7.684672 -3.975826
v -1.313435 8.620793 -3.193971
v -1.031313 6.195202 -1.945753
v -1.031313 6.195202 -1.945753
v -1.313435 8.620793 -3.193971
v 1.34046E-08 8.838697 -2.88277
v 1.34046E-08 6.413106 -1.634552
v -2.093624 1.939011 0.9626123
v 1.34046E-08 1.124579 1.533326
v 1.17233E-08 3.936958 -0.2099036
v -2.093624 3.468574 -0.3115712
v -2.093624 0 0.5308408
v 1.34046E-08 -0.8144318 1.477922
v 1.34046E-08 1.124579 1.533326
v -2.093624 1.939011 0.9626123
v -1.313435 8.620793 -3.193971
v -1.471227 9.065354 -3.739002
v 1.34046E-08 9.486359 -3.48934
v 1.34046E-08 8.838697 -2.88277
v 1.34046E-08 1.939011 3.008316
v -0.7960342 0 3.421412
v -2.692392 0 3.202726
v -1.505116 1.939011 2.130803
v -2.692392 0 3.202726
v -0.7960342 0 3.421412
v -1.55172 -0.1470921 3.94633
v -2.459934 -0.3907738 3.696624
v -0.5527369 -0.8948302 3.602593
v 1.34046E-08 -0.9056861 3.666046
v 1.34046E-08 -1.939011 3.390825
v -0.4283396 -1.939011 3.202726
v -0.6531052 -2.763606 2.925537
v -0.5286317 -2.380515 2.67659
v -0.2503004 -2.763606 2.67659
v -0.6531052 -2.763606 2.925537
v -0.9789812 -2.526843 2.67659
v -0.5286317 -2.380515 2.67659
v -0.6531052 -2.763606 2.925537
v -0.9789812 -3.000368 2.67659
v -0.9789812 -2.526843 2.67659
v -0.6531052 -2.763606 2.925537
v -0.5286316 -3.146696 2.67659
v -0.9789812 -3.000368 2.67659
v -0.6531052 -2.763606 2.925537
v -0.2503004 -2.763606 2.67659
v -0.5286316 -3.146696 2.67659
v -0.2503004 -2.763606 2.67659
v -0.3272293 -2.526843 2.273785
v -0.3272293 -3.000368 2.273785
v -0.5286317 -2.380515 2.67659
v -0.7775787 -2.380515 2.273785
v -0.3272293 -2.526843 2.273785
v -0.9789812 -2.526843 2.67659
v -1.05591 -2.763606 2.273785
v -0.7775787 -2.380515 2.273785
v -0.9789812 -3.000368 2.67659
v -0.7775785 -3.146696 2.273785
v -1.05591 -2.763606 2.273785
v -0.5286316 -3.146696 2.67659
v -0.3272293 -3.000368 2.273785
v -0.7775785 -3.146696 2.273785
v -0.3272293 -2.526843 2.273785
v -0.2503004 -2.763606 2.67659
v -0.5286317 -2.380515 2.67659
v -0.7775787 -2.380515 2.273785
v -0.5286317 -2.380515 2.67659
v -0.9789812 -2.526843 2.67659
v -1.05591 -2.763606 2.273785
v -0.9789812 -2.526843 2.67659
v -0.9789812 -3.000368 2.67659
v -0.7775785 -3.146696 2.273785
v -0.9789812 -3.000368 2.67659
v -0.5286316 -3.146696 2.67659
v -0.3272293 -3.000368 2.273785
v -0.5286316 -3.146696 2.67659
v -0.2503004 -2.763606 2.67659
v -0.6531052 -2.763606 2.024838
v -0.3272293 -2.526843 2.273785
v -0.7775787 -2.380515 2.273785
v -0.6531052 -2.763606 2.024838
v -0.7775787 -2.380515 2.273785
v -1.05591 -2.763606 2.273785
v -0.6531052 -2.763606 2.024838
v -1.05591 -2.763606 2.273785
v -0.7775785 -3.146696 2.273785
v -0.6531052 -2.763606 2.024838
v -0.7775785 -3.146696 2.273785
v -0.3272293 -3.000368 2.273785
v -0.6531052 -2.763606 2.024838
v -0.3272293 -3.000368 2.273785
v -0.3272293 -2.526843 2.273785
v -2.1708 -0.8232734 1.998888
v -2.744699 -1.189661 1.939011
v -2.288807 -0.4299435 2.191983
v -1.928408 -1.81301 1.90403
v -2.1708 -0.8232734 1.998888
v -2.18575 -0.95985 2.332724
v -1.765108 -1.688471 2.292625
v -0.3486626 -2.016967 3.117195
v -0.3668041 -2.116589 3.168075
v -0.2300761 -2.332197 2.794665
v -0.2119347 -2.232575 2.743785
v 0 -2.263472 2.758855
v -0.2119347 -2.232575 2.743785
v -0.2300761 -2.332197 2.794665
v 0 -2.365739 2.811024
v 0.2300761 -2.332197 2.794665
v 0.2119347 -2.232575 2.743785
v -0.3486626 -2.016967 3.117195
v 0 -1.951322 3.370047
v 0 -2.042423 3.426539
v -0.3668041 -2.116589 3.168075
v -0.3668041 -2.116589 3.168075
v 0 -2.042423 3.426539
v 0 -2.365739 2.811024
v -0.2300761 -2.332197 2.794665
v 2.093624 -1.939011 0.3193146
v 2.093624 -0.5335551 0.3193146
v 1.34046E-08 -1.228995 -0.1571862
v 1.34046E-08 -1.939011 -0.1571862
v 0.5527369 -0.8948302 3.602593
v 1.34046E-08 -0.9056861 3.666046
v 1.34046E-08 0 3.651706
v 0.7960342 0 3.421412
v 0.7960342 0 3.421412
v 1.34046E-08 0 3.651706
v 1.34046E-08 1.939011 3.008316
v 1.34046E-08 -1.456267 0.7357001
v 1.34046E-08 -1.456267 1.297689
v 2.093624 -1.939011 0.5308408
v 0.4180306 -2.207728 2.727231
v 1.34046E-08 -2.81782 2.253866
v 1.34046E-08 -1.939011 3.390825
v 0.4283396 -1.939011 3.202726
v 1.471227 9.065354 -3.739002
v 2.666348 7.684672 -3.975826
v 1.313435 8.620793 -3.193971
v 2.093624 1.939011 0.9626124
v 2.288807 -0.4299436 2.191983
v 2.692392 0 3.202726
v 1.505116 1.939011 2.130803
v 2.192145 -0.4730514 3.202726
v 2.692392 0 3.202726
v 2.288807 -0.4299436 2.191983
v 2.18575 -0.95985 2.332724
v 1.55172 -0.1470921 3.94633
v 2.459934 -0.3907738 3.696624
v 1.544119 -1.565912 4.194283
v 0.8676092 -0.9065742 4.194283
v 0.4180306 -2.207728 2.727231
v 0.7796528 -1.942978 2.810909
v 1.765108 -1.688471 2.292625
v 1.928408 -1.81301 1.90403
v 0.4283396 -1.939011 3.202726
v 0.724437 -1.802362 3.167341
v 1.567362 -1.586691 3.574699
v 0.724437 -1.802362 3.167341
v 0.4283396 -1.939011 3.202726
v 0.7069975 -1.939011 3.696624
v 1.544119 -1.565912 4.194283
v 0.8676092 -0.9065742 4.194283
v 0.5527369 -0.8948302 3.602593
v 0.7960342 0 3.421412
v 1.55172 -0.1470921 3.94633
v 2.192145 -0.4730514 3.202726
v 1.567362 -1.586691 3.574699
v 1.544119 -1.565912 4.194283
v 2.459934 -0.3907738 3.696624
v 2.692392 0 3.202726
v 1.544119 -1.565912 4.194283
v 0.7069975 -1.939011 3.696624
v 0.8676092 -0.9065742 4.194283
v 0.5527369 -0.8948302 3.602593
v 0.8676092 -0.9065742 4.194283
v 0.7069975 -1.939011 3.696624
v 0.4283396 -1.939011 3.202726
v 2.18575 -0.95985 2.332724
v 2.288807 -0.4299436 2.191983
v 2.1708 -0.8232734 1.998888
v 2.192145 -0.4730514 3.202726
v 1.311644 -1.117875 2.79519
v 1.567362 -1.586691 3.574699
v 0.724437 -1.802362 3.167341
v 0.7796528 -1.942978 2.810909
v 1.765108 -1.688471 2.292625
v 2.18575 -0.95985 2.332724
v 0.4180306 -2.207728 2.727231
v 1.928408 -1.81301 1.90403
v 1.895407 -2.094553 1.510876
v 1.34046E-08 -2.81782 2.253866
v 1.34046E-08 -3.494744 1.502548
v 1.34046E-08 -3.494744 2.253866
v 2.093624 -2.811928 1.451962
v 2.093624 -2.811928 0.9758996
v 2.093624 0 0.5308408
v 2.288807 -0.4299436 2.191983
v 2.093624 1.939011 0.9626124
v 2.093624 0 0.5308408
v 2.744699 -1.189661 1.345121
v 2.744699 -1.189661 1.939011
v 2.288807 -0.4299436 2.191983
v 1.34046E-08 -2.81782 2.253866
v 1.895407 -2.094553 1.510876
v 2.093624 -2.811928 1.451962
v 1.34046E-08 -3.494744 2.253866
v 2.744699 -1.189661 1.939011
v 2.744699 -1.189661 1.345121
v 2.093624 -2.811928 0.9758996
v 2.093624 -2.811928 1.451962
v 2.093624 -1.939011 0.5308408
v 1.34046E-08 -1.456267 1.297689
v 1.34046E-08 -3.494744 1.502548
v 2.093624 -2.811928 0.9758996
v 2.744699 -1.189661 1.939011
v 1.895407 -2.094553 1.510876
v 1.928408 -1.81301 1.90403
v 2.1708 -0.8232734 1.998888
v 2.093624 0 0.5308408
v 2.093624 -1.939011 0.5308408
v 2.744699 -1.189661 1.345121
v 2.093624 -1.939011 0.5308408
v 2.093624 -2.811928 0.9758996
v 2.744699 -1.189661 1.345121
v 2.093624 -2.811928 1.451962
v 1.895407 -2.094553 1.510876
v 2.744699 -1.189661 1.939011
v 2.093624 -1.939011 0.5308408
v 2.093624 0 0.5308408
v 2.093624 -0.5335551 0.3193146
v 2.093624 -1.939011 0.3193146
v 2.093624 0 0.5308408
v 1.34046E-08 -0.8144318 1.477922
v 1.34046E-08 -1.228995 -0.1571862
v 2.093624 -0.5335551 0.3193146
v 1.34046E-08 -3.337968 0.007510044
v 0.8716899 -3.079518 0.007510044
v 0.8716899 -3.079518 -0.2040163
v 1.34046E-08 -3.337968 -0.2040163
v 1.34046E-08 -1.456267 0.7357001
v 2.093624 -1.939011 0.5308408
v 0.8716899 -3.079518 0.007510044
v 1.34046E-08 -3.337968 0.007510044
v 2.093624 -1.939011 0.5308408
v 2.093624 -1.939011 0.3193146
v 0.8716899 -3.079518 -0.2040163
v 0.8716899 -3.079518 0.007510044
v 2.093624 -1.939011 0.3193146
v 1.34046E-08 -1.939011 -0.1571862
v 1.34046E-08 -3.337968 -0.2040163
v 0.8716899 -3.079518 -0.2040163
v 2.093624 1.939011 0.9626124
v 1.505116 1.939011 2.130803
v 1.031313 4.646471 0.8663258
v 2.093624 3.468574 -0.3115712
v 1.505116 1.939011 2.130803
v 1.34046E-08 1.939011 3.008316
v 1.940398E-08 4.915105 1.13496
v 1.031313 4.646471 0.8663258
v 1.17233E-08 3.936958 -0.2099036
v 2.093624 3.468574 -0.3115712
v 2.093624 5.259083 -2.727608
v 1.34046E-08 5.630016 -2.727608
v 2.093624 3.468574 -0.3115712
v 1.031313 4.646471 0.8663258
v 1.031313 6.195202 -1.945753
v 2.093624 5.259083 -2.727608
v 1.031313 4.646471 0.8663258
v 1.940398E-08 4.915105 1.13496
v 1.34046E-08 6.413106 -1.634552
v 1.031313 6.195202 -1.945753
v 1.34046E-08 5.630016 -2.727608
v 2.093624 5.259083 -2.727608
v 2.666348 7.684672 -3.975826
v 1.34046E-08 8.055606 -3.975826
v 2.093624 5.259083 -2.727608
v 1.031313 6.195202 -1.945753
v 1.313435 8.620793 -3.193971
v 2.666348 7.684672 -3.975826
v 1.031313 6.195202 -1.945753
v 1.34046E-08 6.413106 -1.634552
v 1.34046E-08 8.838697 -2.88277
v 1.313435 8.620793 -3.193971
v 1.17233E-08 3.936958 -0.2099036
v 1.34046E-08 1.124579 1.533326
v 2.093624 1.939011 0.9626124
v 2.093624 3.468574 -0.3115712
v 1.34046E-08 1.124579 1.533326
v 1.34046E-08 -0.8144318 1.477922
v 2.093624 0 0.5308408
v 2.093624 1.939011 0.9626124
v 1.313435 8.620793 -3.193971
v 1.34046E-08 8.838697 -2.88277
v 1.34046E-08 9.486359 -3.48934
v 1.471227 9.065354 -3.739002
v 1.34046E-08 1.939011 3.008316
v 1.505116 1.939011 2.130803
v 2.692392 0 3.202726
v 0.7960342 0 3.421412
v 1.55172 -0.1470921 3.94633
v 0.7960342 0 3.421412
v 2.692392 0 3.202726
v 2.459934 -0.3907738 3.696624
v 1.34046E-08 -1.939011 3.390825
v 1.34046E-08 -0.9056861 3.666046
v 0.5527369 -0.8948302 3.602593
v 0.4283396 -1.939011 3.202726
v 0.6531052 -2.763606 2.925537
v 0.2503004 -2.763606 2.67659
v 0.5286317 -2.380515 2.67659
v 0.6531052 -2.763606 2.925537
v 0.5286317 -2.380515 2.67659
v 0.9789812 -2.526843 2.67659
v 0.6531052 -2.763606 2.925537
v 0.9789812 -2.526843 2.67659
v 0.9789812 -3.000368 2.67659
v 0.6531052 -2.763606 2.925537
v 0.9789812 -3.000368 2.67659
v 0.5286316 -3.146696 2.67659
v 0.6531052 -2.763606 2.925537
v 0.5286316 -3.146696 2.67659
v 0.2503004 -2.763606 2.67659
v 0.2503004 -2.763606 2.67659
v 0.3272293 -3.000368 2.273785
v 0.3272293 -2.526843 2.273785
v 0.5286317 -2.380515 2.67659
v 0.3272293 -2.526843 2.273785
v 0.7775787 -2.380515 2.273785
v 0.9789812 -2.526843 2.67659
v 0.7775787 -2.380515 2.273785
v 1.05591 -2.763606 2.273785
v 0.9789812 -3.000368 2.67659
v 1.05591 -2.763606 2.273785
v 0.7775785 -3.146696 2.273785
v 0.5286316 -3.146696 2.67659
v 0.7775785 -3.146696 2.273785
v 0.3272293 -3.000368 2.273785
v 0.3272293 -2.526843 2.273785
v 0.5286317 -2.380515 2.67659
v 0.2503004 -2.763606 2.67659
v 0.7775787 -2.380515 2.273785
v 0.9789812 -2.526843 2.67659
v 0.5286317 -2.380515 2.67659
v 1.05591 -2.763606 2.273785
v 0.9789812 -3.000368 2.67659
v 0.9789812 -2.526843 2.67659
v 0.7775785 -3.146696 2.273785
v 0.5286316 -3.146696 2.67659
v 0.9789812 -3.000368 2.67659
v 0.3272293 -3.000368 2.273785
v 0.2503004 -2.763606 2.67659
v 0.5286316 -3.146696 2.67659
v 0.6531052 -2.763606 2.024838
v 0.7775787 -2.380515 2.273785
v 0.3272293 -2.526843 2.273785
v 0.6531052 -2.763606 2.024838
v 1.05591 -2.763606 2.273785
v 0.7775787 -2.380515 2.273785
v 0.6531052 -2.763606 2.024838
v 0.7775785 -3.146696 2.273785
v 1.05591 -2.763606 2.273785
v 0.6531052 -2.763606 2.024838
v 0.3272293 -3.000368 2.273785
v 0.7775785 -3.146696 2.273785
v 0.6531052 -2.763606 2.024838
v 0.3272293 -2.526843 2.273785
v 0.3272293 -3.000368 2.273785
v 2.1708 -0.8232734 1.998888
v 2.288807 -0.4299436 2.191983
v 2.744699 -1.189661 1.939011
v 2.18575 -0.95985 2.332724
v 2.1708 -0.8232734 1.998888
v 1.928408 -1.81301 1.90403
v 1.765108 -1.688471 2.292625
v 0.3486626 -2.016967 3.117195
v 0.2119347 -2.232575 2.743785
v 0.2300761 -2.332197 2.794665
v 0.3668041 -2.116589 3.168075
v 0 -2.042423 3.426539
v 0 -1.951322 3.370047
v 0.3486626 -2.016967 3.117195
v 0.3668041 -2.116589 3.168075
v 0 -2.365739 2.811024
v 0 -2.042423 3.426539
v 0.3668041 -2.116589 3.168075
v 0.2300761 -2.332197 2.794665
v -0.3064306 -0.638317 3.861542
v 0.06247573 -0.6175027 3.743498
v 0.2904723 -0.6719953 4.052541
v -0.3064306 -0.7056736 4.24354
v 0.06247568 -0.7264879 4.361584
v 0.2904723 -0.6719953 4.052541
v 0.2904723 -2.036029 3.812025
v 0.06247568 -2.090521 4.121068
v 0.06247568 -0.7264879 4.361584
v 0.06247568 -0.7264879 4.361584
v 0.06247568 -2.090521 4.121068
v -0.3064306 -2.069707 4.003024
v -0.3064306 -0.7056736 4.24354
v -0.3064306 -0.7056736 4.24354
v -0.3064306 -2.069707 4.003024
v -0.3064306 -2.00235 3.621026
v -0.3064306 -0.638317 3.861542
v -0.3064306 -0.638317 3.861542
v -0.3064306 -2.00235 3.621026
v 0.06247573 -1.981536 3.502982
v 0.06247573 -0.6175027 3.743498
v 0.06247573 -0.6175027 3.743498
v 0.06247573 -1.981536 3.502982
v 0.2904723 -2.036029 3.812025
v 0.2904723 -0.6719953 4.052541
v 0.2904723 -2.036029 3.812025
v 0.06247573 -1.981536 3.502982
v -0.3064306 -2.00235 3.621026
v -0.3064306 -2.069707 4.003024
v 0.06247568 -2.090521 4.121068
v -1.383925 0.07564116 -1.533398
v -1.383924 1.296434 -1.44203
v -1.248179 1.318197 -1.212142
v -1.248179 0.1491596 -1.076777
v -1.037325 0.4072092 -4.185737
v -0.2762962 0.1993283 -4.185737
v -0.276296 1.374332 -4.185737
v -1.037324 1.166452 -4.185737
v -0.3474641 -0.1584266 -4.185736
v -0.8705378 -0.2016325 -4.185736
v -0.9894813 0.07564116 0.675303
v 8.405386E-08 -0.283185 1.106746
v 1.681077E-07 -0.283185 -0.4290476
v -1.182737 0.0756412 -0.1578231
v -1.248179 0.1491596 -1.076777
v 2.521616E-07 -0.2096666 -1.212389
v 0.9894815 0.07564083 0.675303
v 1.182737 0.07564083 -0.157823
v 1.24818 0.1491592 -1.076777
v -0.9894808 1.296434 0.675303
v 4.202693E-07 1.65526 1.106746
v 8.405386E-08 -0.283185 1.106746
v -0.9894813 0.07564116 0.675303
v 0.9894815 1.296433 0.675303
v 0.9894815 0.07564083 0.675303
v -1.383924 1.296434 -1.44203
v 5.88377E-07 1.718316 -1.453957
v 5.043232E-07 1.663778 -1.139879
v -1.248179 1.318197 -1.212142
v 1.383925 1.296433 -1.44203
v 1.24818 1.318196 -1.212142
v 2.521616E-07 -0.283185 -1.533398
v -0.1916224 -0.0321986 -1.71443
v -1.121999 0.221941 -1.71443
v -1.383925 0.07564116 -1.533398
v -1.383925 0.07564116 -1.533398
v -1.121999 0.221941 -1.71443
v -1.121998 1.150134 -1.797035
v -1.383924 1.296434 -1.44203
v -1.383924 1.296434 -1.44203
v -1.121998 1.150134 -1.797035
v -0.1916222 1.46952 -1.764629
v 5.88377E-07 1.718316 -1.453957
v 5.88377E-07 1.718316 -1.453957
v -0.1916222 1.46952 -1.764629
v -0.1916224 -0.0321986 -1.71443
v 2.521616E-07 -0.283185 -1.533398
v -1.121999 0.221941 -1.71443
v -0.1916224 -0.0321986 -1.71443
v -0.1916224 -0.0321986 -2.766911
v -1.121999 0.221941 -2.766911
v -1.121998 1.150134 -1.797035
v -1.121999 0.221941 -1.71443
v -1.121999 0.221941 -2.766911
v -1.121998 1.150134 -2.766911
v -0.1916222 1.46952 -1.764629
v -1.121998 1.150134 -1.797035
v -1.121998 1.150134 -2.766911
v -0.1916222 1.404273 -2.766911
v -0.276296 1.374332 -3.819391
v -1.037324 1.166452 -3.819391
v -0.1916224 -0.0321986 -1.71443
v -0.1916222 1.46952 -1.764629
v -0.1916222 1.404273 -2.766911
v -0.1916224 -0.0321986 -2.766911
v -1.037325 0.4072092 -3.819391
v -1.121999 0.221941 -2.766911
v -0.1916224 -0.0321986 -2.766911
v -0.2762964 0.1993283 -3.819391
v -1.037324 1.166452 -3.819391
v -1.121998 1.150134 -2.766911
v -1.121999 0.221941 -2.766911
v -1.037325 0.4072092 -3.819391
v -0.2762964 0.1993283 -3.819391
v -0.1916224 -0.0321986 -2.766911
v -0.1916222 1.404273 -2.766911
v -0.276296 1.374332 -3.819391
v -0.3474641 -0.1584266 -3.94201
v -0.3474641 -0.1584266 -4.185736
v -0.8705378 -0.2016325 -4.185736
v -0.8705378 -0.2016325 -3.94201
v -1.037325 0.4072092 -3.819391
v -1.037325 0.4072092 -4.185737
v -1.037324 1.166452 -4.185737
v -1.037324 1.166452 -3.819391
v -1.037324 1.166452 -3.819391
v -1.037324 1.166452 -4.185737
v -0.276296 1.374332 -4.185737
v -0.276296 1.374332 -3.819391
v -0.276296 1.374332 -3.819391
v -0.276296 1.374332 -4.185737
v -0.2762962 0.1993283 -4.185737
v -0.2762964 0.1993283 -3.819391
v -0.2762964 0.1993283 -3.819391
v -0.3474641 -0.1584266 -3.94201
v -0.8705378 -0.2016325 -3.94201
v -1.037325 0.4072092 -3.819391
v -1.037325 0.4072092 -3.819391
v -0.8705378 -0.2016325 -3.94201
v -0.8705378 -0.2016325 -4.185736
v -1.037325 0.4072092 -4.185737
v -0.2762962 0.1993283 -4.185737
v -0.3474641 -0.1584266 -4.185736
v -0.3474641 -0.1584266 -3.94201
v -0.2762964 0.1993283 -3.819391
v -1.335203 -0.607911 1.644687
v -1.606933 -0.7744775 1.498918
v -1.851917 -0.5172904 1.529039
v -1.554179 -0.2958054 1.696249
v -0.9894808 1.296434 0.675303
v -1.182737 1.192923 -0.334148
v 5.043232E-07 1.448327 -0.6053723
v 4.202693E-07 1.65526 1.106746
v -1.248179 1.318197 -1.212142
v 5.043232E-07 1.663778 -1.139879
v 0.9894815 1.296433 0.675303
v 1.182738 1.192922 -0.3341478
v 1.24818 1.318196 -1.212142
v -0.9894813 0.07564116 0.675303
v -1.110131 -0.07311635 0.9273136
v -1.397931 0.6970015 0.8554456
v -0.9894808 1.296434 0.675303
v -0.9894808 1.296434 0.675303
v -1.397931 0.6970015 0.8554456
v -1.590403 0.6966495 0.2255758
v -1.182737 1.192923 -0.334148
v -1.182737 1.192923 -0.334148
v -1.590403 0.6966495 0.2255758
v -1.479034 0.1059576 0.2646737
v -1.182737 0.0756412 -0.1578231
v -1.182737 0.0756412 -0.1578231
v -1.479034 0.1059576 0.2646737
v -1.110131 -0.07311635 0.9273136
v -0.9894813 0.07564116 0.675303
v -1.110131 -0.07311635 0.9273136
v -1.335203 -0.607911 1.644687
v -1.554179 -0.2958054 1.696249
v -1.397931 0.6970015 0.8554456
v -1.397931 0.6970015 0.8554456
v -1.554179 -0.2958054 1.696249
v -1.851917 -0.5172904 1.529039
v -1.590403 0.6966495 0.2255758
v -1.590403 0.6966495 0.2255758
v -1.851917 -0.5172904 1.529039
v -1.606933 -0.7744775 1.498918
v -1.479034 0.1059576 0.2646737
v -1.479034 0.1059576 0.2646737
v -1.606933 -0.7744775 1.498918
v -1.335203 -0.607911 1.644687
v -1.110131 -0.07311635 0.9273136
v -1.248179 0.1491596 -1.076777
v -1.248179 1.318197 -1.212142
v -1.182737 1.192923 -0.334148
v -1.182737 0.0756412 -0.1578231
v -1.383925 0.07564116 -1.533398
v -1.248179 0.1491596 -1.076777
v 2.521616E-07 -0.2096666 -1.212389
v 2.521616E-07 -0.283185 -1.533398
v 1.383926 0.07564074 -1.533398
v 1.24818 0.1491592 -1.076777
v -1.383925 3.690294 -2.005033
v -1.383925 4.637903 -1.229971
v -1.24818 4.307177 -0.7948573
v -1.24818 3.384826 -1.525774
v -1.037325 4.350628 -4.185737
v -0.2762964 4.142748 -4.185737
v -0.2762962 5.317752 -4.185737
v -1.037324 5.109871 -4.185737
v -0.3474643 3.784993 -4.185736
v -0.870538 3.741787 -4.185736
v -0.9894821 2.093933 -0.3388518
v 5.043232E-07 1.535128 -0.2875039
v 6.724309E-07 2.621098 -1.373474
v -1.182738 2.683042 -0.9279609
v -1.24818 3.384826 -1.525774
v 8.405386E-07 3.226989 -1.875394
v 0.9894831 2.093932 -0.3388517
v 1.182739 2.683042 -0.9279608
v 1.248181 3.384825 -1.525774
v -0.9894809 2.957164 0.5243786
v 6.724309E-07 2.905816 1.083183
v 5.043232E-07 1.535128 -0.2875039
v -0.9894821 2.093933 -0.3388518
v 0.9894821 2.957163 0.5243787
v 0.9894831 2.093932 -0.3388517
v -1.383925 4.637903 -1.229971
v 1.0927E-06 4.990329 -0.9977592
v 9.245924E-07 4.500443 -0.4993967
v -1.24818 4.307177 -0.7948573
v 1.383927 4.637902 -1.229971
v 1.248182 4.307177 -0.7948573
v 8.405386E-07 3.396361 -2.210847
v -0.1916225 3.705793 -2.21518
v -1.121999 3.913972 -2.069412
v -1.383925 3.690294 -2.005033
v -1.383925 3.690294 -2.005033
v -1.121999 3.913972 -2.069412
v -1.121999 4.721683 -1.604688
v -1.383925 4.637903 -1.229971
v -1.383925 4.637903 -1.229971
v -1.121999 4.721683 -1.604688
v -0.1916224 4.964722 -1.39495
v 1.0927E-06 4.990329 -0.9977592
v 1.0927E-06 4.990329 -0.9977592
v -0.1916224 4.964722 -1.39495
v -0.1916225 3.705793 -2.21518
v 8.405386E-07 3.396361 -2.210847
v -1.121999 3.913972 -2.069412
v -0.1916225 3.705793 -2.21518
v -0.1916224 3.640659 -2.882064
v -1.121999 3.894798 -2.882064
v -1.121999 4.721683 -1.604688
v -1.121999 3.913972 -2.069412
v -1.121999 3.894798 -2.882064
v -1.121998 4.822991 -2.882064
v -0.1916224 4.964722 -1.39495
v -1.121999 4.721683 -1.604688
v -1.121998 4.822991 -2.882064
v -0.1916222 5.077131 -2.882064
v -0.1916225 3.705793 -2.21518
v -0.1916224 4.964722 -1.39495
v -0.1916222 5.077131 -2.882064
v -0.1916224 3.640659 -2.882064
v -1.037325 4.350628 -3.819391
v -1.121999 3.894798 -2.882064
v -0.1916224 3.640659 -2.882064
v -0.2762964 4.142748 -3.819391
v -1.037324 5.109871 -3.819391
v -1.121998 4.822991 -2.882064
v -1.121999 3.894798 -2.882064
v -1.037325 4.350628 -3.819391
v -0.2762962 5.317752 -3.819391
v -0.1916222 5.077131 -2.882064
v -1.121998 4.822991 -2.882064
v -1.037324 5.109871 -3.819391
v -0.2762964 4.142748 -3.819391
v -0.1916224 3.640659 -2.882064
v -0.1916222 5.077131 -2.882064
v -0.2762962 5.317752 -3.819391
v -0.3474643 3.784993 -3.94201
v -0.3474643 3.784993 -4.185736
v -0.870538 3.741787 -4.185736
v -0.870538 3.741787 -3.94201
v -1.037325 4.350628 -3.819391
v -1.037325 4.350628 -4.185737
v -1.037324 5.109871 -4.185737
v -1.037324 5.109871 -3.819391
v -1.037324 5.109871 -3.819391
v -1.037324 5.109871 -4.185737
v -0.2762962 5.317752 -4.185737
v -0.2762962 5.317752 -3.819391
v -0.2762962 5.317752 -3.819391
v -0.2762962 5.317752 -4.185737
v -0.2762964 4.142748 -4.185737
v -0.2762964 4.142748 -3.819391
v -0.2762964 4.142748 -3.819391
v -0.3474643 3.784993 -3.94201
v -0.870538 3.741787 -3.94201
v -1.037325 4.350628 -3.819391
v -1.037325 4.350628 -3.819391
v -0.870538 3.741787 -3.94201
v -0.870538 3.741787 -4.185736
v -1.037325 4.350628 -4.185737
v -0.2762964 4.142748 -4.185737
v -0.3474643 3.784993 -4.185736
v -0.3474643 3.784993 -3.94201
v -0.2762964 4.142748 -3.819391
v -1.115868 0.9631073 0.9522685
v -1.387598 0.8917401 0.7427455
v -1.632582 1.099411 0.8974246
v -1.334844 1.207617 1.152974
v -0.9894809 2.957164 0.5243786
v -1.182738 3.59776 -0.2626041
v 8.405386E-07 3.970143 -0.2737905
v 6.724309E-07 2.905816 1.083183
v -1.24818 4.307177 -0.7948573
v 9.245924E-07 4.500443 -0.4993967
v 0.9894821 2.957163 0.5243787
v 1.182739 3.597759 -0.262604
v 1.248182 4.307177 -0.7948573
v -0.9894821 2.093933 -0.3388518
v -1.128254 1.944063 -0.1271777
v -1.629185 2.47859 0.511812
v -0.9894809 2.957164 0.5243786
v -0.9894809 2.957164 0.5243786
v -1.629185 2.47859 0.511812
v -1.821658 2.79322 -0.0787119
v -1.182738 3.59776 -0.2626041
v -1.182738 3.59776 -0.2626041
v -1.821658 2.79322 -0.0787119
v -1.710289 2.262117 -0.3401982
v -1.182738 2.683042 -0.9279609
v -1.182738 2.683042 -0.9279609
v -1.710289 2.262117 -0.3401982
v -1.128254 1.944063 -0.1271777
v -0.9894821 2.093933 -0.3388518
v -1.128254 1.944063 -0.1271777
v -1.115868 0.9631073 0.9522685
v -1.334844 1.207617 1.152974
v -1.629185 2.47859 0.511812
v -1.629185 2.47859 0.511812
v -1.334844 1.207617 1.152974
v -1.632582 1.099411 0.8974246
v -1.821658 2.79322 -0.0787119
v -1.821658 2.79322 -0.0787119
v -1.632582 1.099411 0.8974246
v -1.387598 0.8917401 0.7427455
v -1.710289 2.262117 -0.3401982
v -1.710289 2.262117 -0.3401982
v -1.387598 0.8917401 0.7427455
v -1.115868 0.9631073 0.9522685
v -1.128254 1.944063 -0.1271777
v -1.24818 3.384826 -1.525774
v -1.24818 4.307177 -0.7948573
v -1.182738 3.59776 -0.2626041
v -1.182738 2.683042 -0.9279609
v -1.383925 3.690294 -2.005033
v -1.24818 3.384826 -1.525774
v 8.405386E-07 3.226989 -1.875394
v 8.405386E-07 3.396361 -2.210847
v 1.383927 3.690294 -2.005033
v 1.248181 3.384825 -1.525774
v 1.24818 1.318196 -1.212142
v 1.383925 1.296433 -1.44203
v 1.383926 0.07564074 -1.533398
v 1.24818 0.1491592 -1.076777
v 0.2762972 1.374332 -4.185737
v 0.2762971 0.1993282 -4.185737
v 1.037326 0.4072089 -4.185737
v 1.037325 1.166451 -4.185737
v 0.3474647 -0.1584267 -4.185736
v 0.8705385 -0.2016328 -4.185736
v 2.521616E-07 -0.283185 -1.533398
v 1.383926 0.07564074 -1.533398
v 1.121999 0.2219407 -1.71443
v 0.191623 -0.03219868 -1.71443
v 1.383926 0.07564074 -1.533398
v 1.383925 1.296433 -1.44203
v 1.121999 1.150134 -1.797035
v 1.121999 0.2219407 -1.71443
v 1.383925 1.296433 -1.44203
v 5.88377E-07 1.718316 -1.453957
v 0.1916232 1.46952 -1.764629
v 1.121999 1.150134 -1.797035
v 5.88377E-07 1.718316 -1.453957
v 2.521616E-07 -0.283185 -1.533398
v 0.191623 -0.03219868 -1.71443
v 0.1916232 1.46952 -1.764629
v 0.191623 -0.03219868 -2.766911
v 0.191623 -0.03219868 -1.71443
v 1.121999 0.2219407 -1.71443
v 1.121999 0.2219407 -2.766911
v 1.121999 0.2219407 -2.766911
v 1.121999 0.2219407 -1.71443
v 1.121999 1.150134 -1.797035
v 1.121999 1.150134 -2.766911
v 1.121999 1.150134 -2.766911
v 1.121999 1.150134 -1.797035
v 0.1916232 1.46952 -1.764629
v 0.1916233 1.404273 -2.766911
v 0.2762972 1.374332 -3.819391
v 1.037325 1.166451 -3.819391
v 0.1916233 1.404273 -2.766911
v 0.1916232 1.46952 -1.764629
v 0.191623 -0.03219868 -1.71443
v 0.191623 -0.03219868 -2.766911
v 0.191623 -0.03219868 -2.766911
v 1.121999 0.2219407 -2.766911
v 1.037326 0.4072089 -3.819391
v 0.2762971 0.1993282 -3.819391
v 1.121999 0.2219407 -2.766911
v 1.121999 1.150134 -2.766911
v 1.037325 1.166451 -3.819391
v 1.037326 0.4072089 -3.819391
v 0.1916233 1.404273 -2.766911
v 0.191623 -0.03219868 -2.766911
v 0.2762971 0.1993282 -3.819391
v 0.2762972 1.374332 -3.819391
v 0.3474647 -0.1584267 -3.94201
v 0.8705384 -0.2016328 -3.94201
v 0.8705385 -0.2016328 -4.185736
v 0.3474647 -0.1584267 -4.185736
v 1.037326 0.4072089 -3.819391
v 1.037325 1.166451 -3.819391
v 1.037325 1.166451 -4.185737
v 1.037326 0.4072089 -4.185737
v 1.037325 1.166451 -3.819391
v 0.2762972 1.374332 -3.819391
v 0.2762972 1.374332 -4.185737
v 1.037325 1.166451 -4.185737
v 0.2762972 1.374332 -3.819391
v 0.2762971 0.1993282 -3.819391
v 0.2762971 0.1993282 -4.185737
v 0.2762972 1.374332 -4.185737
v 0.2762971 0.1993282 -3.819391
v 1.037326 0.4072089 -3.819391
v 0.8705384 -0.2016328 -3.94201
v 0.3474647 -0.1584267 -3.94201
v 1.037326 0.4072089 -3.819391
v 1.037326 0.4072089 -4.185737
v 0.8705385 -0.2016328 -4.185736
v 0.8705384 -0.2016328 -3.94201
v 0.2762971 0.1993282 -4.185737
v 0.2762971 0.1993282 -3.819391
v 0.3474647 -0.1584267 -3.94201
v 0.3474647 -0.1584267 -4.185736
v 1.851917 -0.517291 1.529039
v 1.606933 -0.7744781 1.498918
v 1.335203 -0.6079114 1.644687
v 1.554179 -0.2958059 1.696249
v 0.9894815 0.07564083 0.675303
v 0.9894815 1.296433 0.675303
v 1.397932 0.697001 0.8554459
v 1.110131 -0.07311677 0.9273139
v 0.9894815 1.296433 0.675303
v 1.182738 1.192922 -0.3341478
v 1.590403 0.696649 0.225576
v 1.397932 0.697001 0.8554459
v 1.182738 1.192922 -0.3341478
v 1.182737 0.07564083 -0.157823
v 1.479035 0.1059571 0.2646737
v 1.590403 0.696649 0.225576
v 1.182737 0.07564083 -0.157823
v 0.9894815 0.07564083 0.675303
v 1.110131 -0.07311677 0.9273139
v 1.479035 0.1059571 0.2646737
v 1.110131 -0.07311677 0.9273139
v 1.397932 0.697001 0.8554459
v 1.554179 -0.2958059 1.696249
v 1.335203 -0.6079114 1.644687
v 1.397932 0.697001 0.8554459
v 1.590403 0.696649 0.225576
v 1.851917 -0.517291 1.529039
v 1.554179 -0.2958059 1.696249
v 1.590403 0.696649 0.225576
v 1.479035 0.1059571 0.2646737
v 1.606933 -0.7744781 1.498918
v 1.851917 -0.517291 1.529039
v 1.479035 0.1059571 0.2646737
v 1.110131 -0.07311677 0.9273139
v 1.335203 -0.6079114 1.644687
v 1.606933 -0.7744781 1.498918
v 1.24818 0.1491592 -1.076777
v 1.182737 0.07564083 -0.157823
v 1.182738 1.192922 -0.3341478
v 1.24818 1.318196 -1.212142
v 1.248182 4.307177 -0.7948573
v 1.383927 4.637902 -1.229971
v 1.383927 3.690294 -2.005033
v 1.248181 3.384825 -1.525774
v 0.2762986 5.317752 -4.185737
v 0.2762985 4.142748 -4.185737
v 1.037327 4.350628 -4.185737
v 1.037327 5.109871 -4.185737
v 0.3474661 3.784993 -4.185736
v 0.87054 3.741786 -4.185736
v 8.405386E-07 3.396361 -2.210847
v 1.383927 3.690294 -2.005033
v 1.122001 3.913972 -2.069412
v 0.1916243 3.705793 -2.21518
v 1.383927 3.690294 -2.005033
v 1.383927 4.637902 -1.229971
v 1.122001 4.721683 -1.604688
v 1.122001 3.913972 -2.069412
v 1.383927 4.637902 -1.229971
v 1.0927E-06 4.990329 -0.9977592
v 0.1916245 4.964722 -1.39495
v 1.122001 4.721683 -1.604688
v 1.0927E-06 4.990329 -0.9977592
v 8.405386E-07 3.396361 -2.210847
v 0.1916243 3.705793 -2.21518
v 0.1916245 4.964722 -1.39495
v 0.1916243 3.640659 -2.882064
v 0.1916243 3.705793 -2.21518
v 1.122001 3.913972 -2.069412
v 1.122 3.894798 -2.882064
v 1.122 3.894798 -2.882064
v 1.122001 3.913972 -2.069412
v 1.122001 4.721683 -1.604688
v 1.122001 4.822991 -2.882064
v 1.122001 4.822991 -2.882064
v 1.122001 4.721683 -1.604688
v 0.1916245 4.964722 -1.39495
v 0.1916246 5.077131 -2.882064
v 0.1916246 5.077131 -2.882064
v 0.1916245 4.964722 -1.39495
v 0.1916243 3.705793 -2.21518
v 0.1916243 3.640659 -2.882064
v 0.1916243 3.640659 -2.882064
v 1.122 3.894798 -2.882064
v 1.037327 4.350628 -3.819391
v 0.2762984 4.142748 -3.819391
v 1.122 3.894798 -2.882064
v 1.122001 4.822991 -2.882064
v 1.037327 5.109871 -3.819391
v 1.037327 4.350628 -3.819391
v 1.122001 4.822991 -2.882064
v 0.1916246 5.077131 -2.882064
v 0.2762986 5.317752 -3.819391
v 1.037327 5.109871 -3.819391
v 0.1916246 5.077131 -2.882064
v 0.1916243 3.640659 -2.882064
v 0.2762984 4.142748 -3.819391
v 0.2762986 5.317752 -3.819391
v 0.3474661 3.784993 -3.94201
v 0.87054 3.741786 -3.94201
v 0.87054 3.741786 -4.185736
v 0.3474661 3.784993 -4.185736
v 1.037327 4.350628 -3.819391
v 1.037327 5.109871 -3.819391
v 1.037327 5.109871 -4.185737
v 1.037327 4.350628 -4.185737
v 1.037327 5.109871 -3.819391
v 0.2762986 5.317752 -3.819391
v 0.2762986 5.317752 -4.185737
v 1.037327 5.109871 -4.185737
v 0.2762986 5.317752 -3.819391
v 0.2762984 4.142748 -3.819391
v 0.2762985 4.142748 -4.185737
v 0.2762986 5.317752 -4.185737
v 0.2762984 4.142748 -3.819391
v 1.037327 4.350628 -3.819391
v 0.87054 3.741786 -3.94201
v 0.3474661 3.784993 -3.94201
v 1.037327 4.350628 -3.819391
v 1.037327 4.350628 -4.185737
v 0.87054 3.741786 -4.185736
v 0.87054 3.741786 -3.94201
v 0.2762985 4.142748 -4.185737
v 0.2762984 4.142748 -3.819391
v 0.3474661 3.784993 -3.94201
v 0.3474661 3.784993 -4.185736
v 1.632583 1.09941 0.8974248
v 1.387598 0.8917397 0.7427455
v 1.115868 0.9631069 0.9522685
v 1.334845 1.207617 1.152975
v 0.9894831 2.093932 -0.3388517
v 0.9894821 2.957163 0.5243787
v 1.629187 2.47859 0.5118122
v 1.128255 1.944063 -0.1271777
v 0.9894821 2.957163 0.5243787
v 1.182739 3.597759 -0.262604
v 1.821659 2.79322 -0.07871173
v 1.629187 2.47859 0.5118122
v 1.182739 3.597759 -0.262604
v 1.182739 2.683042 -0.9279608
v 1.71029 2.262116 -0.340198
v 1.821659 2.79322 -0.07871173
v 1.182739 2.683042 -0.9279608
v 0.9894831 2.093932 -0.3388517
v 1.128255 1.944063 -0.1271777
v 1.71029 2.262116 -0.340198
v 1.128255 1.944063 -0.1271777
v 1.629187 2.47859 0.5118122
v 1.334845 1.207617 1.152975
v 1.115868 0.9631069 0.9522685
v 1.629187 2.47859 0.5118122
v 1.821659 2.79322 -0.07871173
v 1.632583 1.09941 0.8974248
v 1.334845 1.207617 1.152975
v 1.821659 2.79322 -0.07871173
v 1.71029 2.262116 -0.340198
v 1.387598 0.8917397 0.7427455
v 1.632583 1.09941 0.8974248
v 1.71029 2.262116 -0.340198
v 1.128255 1.944063 -0.1271777
v 1.115868 0.9631069 0.9522685
v 1.387598 0.8917397 0.7427455
v 1.248181 3.384825 -1.525774
v 1.182739 2.683042 -0.9279608
v 1.182739 3.597759 -0.262604
v 1.248182 4.307177 -0.7948573
vt 0.5053813 0.8794802
vt 0.5053813 0.8794802
vt 0.5053813 0.8794802
vt 0.5053813 0.8794802
vt 0.4922888 0.9115698
vt 0.4922888 0.9115698
vt 0.4922888 0.9115698
vt 0.4922888 0.9115698
vt 0.4922888 0.9115698
vt 0.4922888 0.9115698
vt 0.4922888 0.9115698
vt 0.4922888 0.9115698
vt 0.4922888 0.9115698
vt 0.4922888 0.9115698
vt 0.4922888 0.9115698
vt 0.4922888 0.9115698
vt 0.4922888 0.9115698
vt 0.4922888 0.9115698
vt 0.4922888 0.9115698
vt 0.4922888 0.9115698
vt 0.4922888 0.9115698
vt 0.4922888 0.9115698
vt 0.4922888 0.9115698
vt 0.4922888 0.9115698
vt 0.4922888 0.9115698
vt 0.5040978 0.8802503
vt 0.5040978 0.8802503
vt 0.5040978 0.8802503
vt 0.5040978 0.8802503
vt 0.5040978 0.8802503
vt 0.5040978 0.8802503
vt 0.5040978 0.8802503
vt 0.5040978 0.8802503
vt 0.5040978 0.8802503
vt 0.5040978 0.8802503
vt 0.5040978 0.8802503
vt 0.5040978 0.8802503
vt 0.5040978 0.8802503
vt 0.5040978 0.8802503
vt 0.5040978 0.8802503
vt 0.5040978 0.8802503
vt 0.5040978 0.8802503
vt 0.5040978 0.8802503
vt 0.5040978 0.8802503
vt 0.5040978 0.8802503
vt 0.5040978 0.8802503
vt 0.5040978 0.8802503
vt 0.5040978 0.8802503
vt 0.5040978 0.8802503
vt 0.5040978 0.8802503
vt 0.5040978 0.8802503
vt 0.5040978 0.8802503
vt 0.5040978 0.8802503
vt 0.5040978 0.8802503
vt 0.5040978 0.8802503
vt 0.5040978 0.8802503
vt 0.5065677 0.8805815
vt 0.5065677 0.8805815
vt 0.5065677 0.8805815
vt 0.5065677 0.8805815
vt 0.5040978 0.8802503
vt 0.5040978 0.8802503
vt 0.5040978 0.8802503
vt 0.5715377 0.9209989
vt 0.6102091 0.929116
vt 0.5955511 0.9018458
vt 0.6241652 0.9091887
vt 0.6241808 0.8938562
vt 0.5971702 0.8763459
vt 0.5731179 0.8855013
vt 0.4922888 0.9115698
vt 0.4922888 0.9115698
vt 0.4922888 0.9115698
vt 0.4922888 0.9115698
vt 0.5040978 0.8802503
vt 0.5040978 0.8802503
vt 0.5040978 0.8802503
vt 0.5040978 0.8802503
vt 0.5040978 0.8802503
vt 0.5040978 0.8802503
vt 0.5040978 0.8802503
vt 0.5040978 0.8802503
vt 0.5040978 0.8802503
vt 0.5040978 0.8802503
vt 0.4922888 0.9115698
vt 0.4922888 0.9115698
vt 0.4922888 0.9115698
vt 0.5040978 0.8802503
vt 0.5040978 0.8802503
vt 0.5040978 0.8802503
vt 0.5040978 0.8802503
vt 0.5040978 0.8802503
vt 0.5040978 0.8802503
vt 0.5040978 0.8802503
vt 0.5040978 0.8802503
vt 0.5040978 0.8802503
vt 0.5040978 0.8802503
vt 0.5040978 0.8802503
vt 0.5040978 0.8802503
vt 0.4922888 0.9115698
vt 0.4922888 0.9115698
vt 0.4922888 0.9115698
vt 0.4922888 0.9115698
vt 0.5329594 0.9213227
vt 0.5329594 0.9213227
vt 0.5329594 0.9213227
vt 0.5329594 0.9213227
vt 0.4922888 0.9115698
vt 0.4922888 0.9115698
vt 0.4922888 0.9115698
vt 0.4922888 0.9115698
vt 0.4922888 0.9115698
vt 0.4922888 0.9115698
vt 0.508509 0.8795478
vt 0.508509 0.8795478
vt 0.508509 0.8795478
vt 0.5053813 0.8794802
vt 0.5053813 0.8794802
vt 0.5053813 0.8794802
vt 0.5053813 0.8794802
vt 0.5040978 0.8802503
vt 0.5040978 0.8802503
vt 0.5040978 0.8802503
vt 0.5040978 0.8802503
vt 0.5053813 0.8794802
vt 0.5053813 0.8794802
vt 0.5053813 0.8794802
vt 0.5053813 0.8794802
vt 0.5309964 0.9350536
vt 0.5309964 0.8762875
vt 0.5023327 0.8798169
vt 0.5027823 0.9332082
vt 0.5053813 0.8794802
vt 0.5053813 0.8794802
vt 0.5053813 0.8794802
vt 0.5053813 0.8794802
vt 0.5053813 0.8794802
vt 0.5053813 0.8794802
vt 0.5053813 0.8794802
vt 0.5053813 0.8794802
vt 0.4922888 0.9115698
vt 0.4922888 0.9115698
vt 0.4922888 0.9115698
vt 0.4922888 0.9115698
vt 0.4922888 0.9115698
vt 0.4922888 0.9115698
vt 0.4922888 0.9115698
vt 0.4922888 0.9115698
vt 0.5040978 0.8802503
vt 0.5040978 0.8802503
vt 0.5040978 0.8802503
vt 0.5040978 0.8802503
vt 0.4922888 0.9115698
vt 0.4922888 0.9115698
vt 0.4922888 0.9115698
vt 0.4922888 0.9115698
vt 0.4922888 0.9115698
vt 0.4922888 0.9115698
vt 0.4922888 0.9115698
vt 0.4922888 0.9115698
vt 0.5040978 0.8802503
vt 0.5040978 0.8802503
vt 0.5040978 0.8802503
vt 0.5040978 0.8802503
vt 0.4922888 0.9115698
vt 0.4922888 0.9115698
vt 0.4922888 0.9115698
vt 0.4922888 0.9115698
vt 0.4922888 0.9115698
vt 0.4922888 0.9115698
vt 0.4922888 0.9115698
vt 0.4922888 0.9115698
vt 0.5040978 0.8802503
vt 0.5040978 0.8802503
vt 0.5040978 0.8802503
vt 0.5040978 0.8802503
vt 0.5040978 0.8802503
vt 0.5040978 0.8802503
vt 0.5040978 0.8802503
vt 0.5040978 0.8802503
vt 0.4922888 0.9115698
vt 0.4922888 0.9115698
vt 0.4922888 0.9115698
vt 0.4922888 0.9115698
vt 0.4922888 0.9115698
vt 0.4922888 0.9115698
vt 0.4922888 0.9115698
vt 0.4922888 0.9115698
vt 0.5040978 0.8802503
vt 0.5040978 0.8802503
vt 0.5040978 0.8802503
vt 0.5040978 0.8802503
vt 0.4922888 0.9115698
vt 0.4922888 0.9115698
vt 0.4922888 0.9115698
vt 0.4922888 0.9115698
vt 0.4729421 0.9273949
vt 0.4729421 0.9141552
vt 0.4729421 0.9141552
vt 0.4729421 0.9273949
vt 0.4729421 0.9141552
vt 0.4729421 0.9141552
vt 0.4729421 0.9273949
vt 0.4729421 0.9141552
vt 0.4729421 0.9141552
vt 0.4729421 0.9273949
vt 0.4729421 0.9141552
vt 0.4729421 0.9141552
vt 0.4729421 0.9273949
vt 0.4729421 0.9141552
vt 0.4729421 0.9141552
vt 0.4729421 0.9141552
vt 0.4729421 0.8927329
vt 0.4729421 0.8927329
vt 0.4729421 0.9141552
vt 0.4729421 0.8927329
vt 0.4729421 0.8927329
vt 0.4729421 0.9141552
vt 0.4729421 0.8927329
vt 0.4729421 0.8927329
vt 0.4729421 0.9141552
vt 0.4729421 0.8927329
vt 0.4729421 0.8927329
vt 0.4729421 0.9141552
vt 0.4729421 0.8927329
vt 0.4729421 0.8927329
vt 0.4729421 0.8927329
vt 0.4729421 0.9141552
vt 0.4729421 0.9141552
vt 0.4729421 0.8927329
vt 0.4729421 0.9141552
vt 0.4729421 0.9141552
vt 0.4729421 0.8927329
vt 0.4729421 0.9141552
vt 0.4729421 0.9141552
vt 0.4729421 0.8927329
vt 0.4729421 0.9141552
vt 0.4729421 0.9141552
vt 0.4729421 0.8927329
vt 0.4729421 0.9141552
vt 0.4729421 0.9141552
vt 0.4729421 0.8794931
vt 0.4729421 0.8927329
vt 0.4729421 0.8927329
vt 0.4729421 0.8794931
vt 0.4729421 0.8927329
vt 0.4729421 0.8927329
vt 0.4729421 0.8794931
vt 0.4729421 0.8927329
vt 0.4729421 0.8927329
vt 0.4729421 0.8794931
vt 0.4729421 0.8927329
vt 0.4729421 0.8927329
vt 0.4729421 0.8794931
vt 0.4729421 0.8927329
vt 0.4729421 0.8927329
vt 0.5329594 0.9213227
vt 0.5329594 0.9213227
vt 0.5329594 0.9213227
vt 0.5040978 0.8802503
vt 0.5040978 0.8802503
vt 0.5040978 0.8802503
vt 0.5040978 0.8802503
vt 0.4676408 0.887255
vt 0.4676408 0.887255
vt 0.4676408 0.887255
vt 0.4676408 0.887255
vt 0.4676408 0.887255
vt 0.4676408 0.887255
vt 0.4676408 0.887255
vt 0.4676408 0.887255
vt 0.4676408 0.887255
vt 0.4676408 0.887255
vt 0.4676408 0.887255
vt 0.4676408 0.887255
vt 0.4676408 0.8872551
vt 0.4676408 0.887255
vt 0.4676408 0.887255
vt 0.4676408 0.887255
vt 0.4676408 0.887255
vt 0.4676408 0.887255
vt 0.5053813 0.8794802
vt 0.5053813 0.8794802
vt 0.5053813 0.8794802
vt 0.5053813 0.8794802
vt 0.4922888 0.9115698
vt 0.4922888 0.9115698
vt 0.4922888 0.9115698
vt 0.4922888 0.9115698
vt 0.4922888 0.9115698
vt 0.4922888 0.9115698
vt 0.4922888 0.9115698
vt 0.4922888 0.9115698
vt 0.4922888 0.9115698
vt 0.4922888 0.9115698
vt 0.4922888 0.9115698
vt 0.4922888 0.9115698
vt 0.4922888 0.9115698
vt 0.4922888 0.9115698
vt 0.4922888 0.9115698
vt 0.4922888 0.9115698
vt 0.4922888 0.9115698
vt 0.4922888 0.9115698
vt 0.4922888 0.9115698
vt 0.4922888 0.9115698
vt 0.4922888 0.9115698
vt 0.5040978 0.8802503
vt 0.5040978 0.8802503
vt 0.5040978 0.8802503
vt 0.5040978 0.8802503
vt 0.5040978 0.8802503
vt 0.5040978 0.8802503
vt 0.5040978 0.8802503
vt 0.5040978 0.8802503
vt 0.5040978 0.8802503
vt 0.5040978 0.8802503
vt 0.5040978 0.8802503
vt 0.5040978 0.8802503
vt 0.5040978 0.8802503
vt 0.5040978 0.8802503
vt 0.5040978 0.8802503
vt 0.5040978 0.8802503
vt 0.5040978 0.8802503
vt 0.5040978 0.8802503
vt 0.5040978 0.8802503
vt 0.5040978 0.8802503
vt 0.5040978 0.8802503
vt 0.5040978 0.8802503
vt 0.5040978 0.8802503
vt 0.5040978 0.8802503
vt 0.5040978 0.8802503
vt 0.5040978 0.8802503
vt 0.5040978 0.8802503
vt 0.5040978 0.8802503
vt 0.5040978 0.8802503
vt 0.5040978 0.8802503
vt 0.5040978 0.8802503
vt 0.5065677 0.8805815
vt 0.5065677 0.8805815
vt 0.5065677 0.8805815
vt 0.5065677 0.8805815
vt 0.5040978 0.8802503
vt 0.5040978 0.8802503
vt 0.5040978 0.8802503
vt 0.5715377 0.9209989
vt 0.5955511 0.9018458
vt 0.6102091 0.929116
vt 0.6241652 0.9091887
vt 0.6241808 0.8938562
vt 0.5971702 0.8763459
vt 0.5731179 0.8855013
vt 0.4922888 0.9115698
vt 0.4922888 0.9115698
vt 0.4922888 0.9115698
vt 0.4922888 0.9115698
vt 0.5040978 0.8802503
vt 0.5040978 0.8802503
vt 0.5040978 0.8802503
vt 0.5040978 0.8802503
vt 0.4922888 0.9115698
vt 0.4922888 0.9115698
vt 0.4922888 0.9115698
vt 0.5040978 0.8802503
vt 0.5040978 0.8802503
vt 0.5040978 0.8802503
vt 0.5040978 0.8802503
vt 0.5040978 0.8802503
vt 0.5040978 0.8802503
vt 0.5040978 0.8802503
vt 0.5040978 0.8802503
vt 0.5040978 0.8802503
vt 0.5040978 0.8802503
vt 0.5040978 0.8802503
vt 0.5040978 0.8802503
vt 0.4922888 0.9115698
vt 0.4922888 0.9115698
vt 0.4922888 0.9115698
vt 0.4922888 0.9115698
vt 0.5329594 0.9213227
vt 0.5329594 0.9213227
vt 0.5329594 0.9213227
vt 0.5329594 0.9213227
vt 0.4922888 0.9115698
vt 0.4922888 0.9115698
vt 0.4922888 0.9115698
vt 0.4922888 0.9115698
vt 0.4922888 0.9115698
vt 0.4922888 0.9115698
vt 0.508509 0.8795478
vt 0.508509 0.8795478
vt 0.508509 0.8795478
vt 0.5053813 0.8794802
vt 0.5053813 0.8794802
vt 0.5053813 0.8794802
vt 0.5053813 0.8794802
vt 0.5040978 0.8802503
vt 0.5040978 0.8802503
vt 0.5040978 0.8802503
vt 0.5040978 0.8802503
vt 0.5053813 0.8794802
vt 0.5053813 0.8794802
vt 0.5053813 0.8794802
vt 0.5053813 0.8794802
vt 0.5309964 0.9350536
vt 0.5027823 0.9332082
vt 0.5023327 0.8798169
vt 0.5309964 0.8762875
vt 0.5053813 0.8794802
vt 0.5053813 0.8794802
vt 0.5053813 0.8794802
vt 0.5053813 0.8794802
vt 0.5053813 0.8794802
vt 0.5053813 0.8794802
vt 0.5053813 0.8794802
vt 0.5053813 0.8794802
vt 0.4922888 0.9115698
vt 0.4922888 0.9115698
vt 0.4922888 0.9115698
vt 0.4922888 0.9115698
vt 0.4922888 0.9115698
vt 0.4922888 0.9115698
vt 0.4922888 0.9115698
vt 0.4922888 0.9115698
vt 0.5040978 0.8802503
vt 0.5040978 0.8802503
vt 0.5040978 0.8802503
vt 0.5040978 0.8802503
vt 0.4922888 0.9115698
vt 0.4922888 0.9115698
vt 0.4922888 0.9115698
vt 0.4922888 0.9115698
vt 0.4922888 0.9115698
vt 0.4922888 0.9115698
vt 0.4922888 0.9115698
vt 0.4922888 0.9115698
vt 0.5040978 0.8802503
vt 0.5040978 0.8802503
vt 0.5040978 0.8802503
vt 0.5040978 0.8802503
vt 0.4922888 0.9115698
vt 0.4922888 0.9115698
vt 0.4922888 0.9115698
vt 0.4922888 0.9115698
vt 0.4922888 0.9115698
vt 0.4922888 0.9115698
vt 0.4922888 0.9115698
vt 0.4922888 0.9115698
vt 0.5040978 0.8802503
vt 0.5040978 0.8802503
vt 0.5040978 0.8802503
vt 0.5040978 0.8802503
vt 0.5040978 0.8802503
vt 0.5040978 0.8802503
vt 0.5040978 0.8802503
vt 0.5040978 0.8802503
vt 0.4922888 0.9115698
vt 0.4922888 0.9115698
vt 0.4922888 0.9115698
vt 0.4922888 0.9115698
vt 0.4922888 0.9115698
vt 0.4922888 0.9115698
vt 0.4922888 0.9115698
vt 0.4922888 0.9115698
vt 0.5040978 0.8802503
vt 0.5040978 0.8802503
vt 0.5040978 0.8802503
vt 0.5040978 0.8802503
vt 0.4922888 0.9115698
vt 0.4922888 0.9115698
vt 0.4922888 0.9115698
vt 0.4922888 0.9115698
vt 0.4729421 0.9273949
vt 0.4729421 0.9141552
vt 0.4729421 0.9141552
vt 0.4729421 0.9273949
vt 0.4729421 0.9141552
vt 0.4729421 0.9141552
vt 0.4729421 0.9273949
vt 0.4729421 0.9141552
vt 0.4729421 0.9141552
vt 0.4729421 0.9273949
vt 0.4729421 0.9141552
vt 0.4729421 0.9141552
vt 0.4729421 0.9273949
vt 0.4729421 0.9141552
vt 0.4729421 0.9141552
vt 0.4729421 0.9141552
vt 0.4729421 0.8927329
vt 0.4729421 0.8927329
vt 0.4729421 0.9141552
vt 0.4729421 0.8927329
vt 0.4729421 0.8927329
vt 0.4729421 0.9141552
vt 0.4729421 0.8927329
vt 0.4729421 0.8927329
vt 0.4729421 0.9141552
vt 0.4729421 0.8927329
vt 0.4729421 0.8927329
vt 0.4729421 0.9141552
vt 0.4729421 0.8927329
vt 0.4729421 0.8927329
vt 0.4729421 0.8927329
vt 0.4729421 0.9141552
vt 0.4729421 0.9141552
vt 0.4729421 0.8927329
vt 0.4729421 0.9141552
vt 0.4729421 0.9141552
vt 0.4729421 0.8927329
vt 0.4729421 0.9141552
vt 0.4729421 0.9141552
vt 0.4729421 0.8927329
vt 0.4729421 0.9141552
vt 0.4729421 0.9141552
vt 0.4729421 0.8927329
vt 0.4729421 0.9141552
vt 0.4729421 0.9141552
vt 0.4729421 0.8794931
vt 0.4729421 0.8927329
vt 0.4729421 0.8927329
vt 0.4729421 0.8794931
vt 0.4729421 0.8927329
vt 0.4729421 0.8927329
vt 0.4729421 0.8794931
vt 0.4729421 0.8927329
vt 0.4729421 0.8927329
vt 0.4729421 0.8794931
vt 0.4729421 0.8927329
vt 0.4729421 0.8927329
vt 0.4729421 0.8794931
vt 0.4729421 0.8927329
vt 0.4729421 0.8927329
vt 0.5329594 0.9213227
vt 0.5329594 0.9213227
vt 0.5329594 0.9213227
vt 0.5040978 0.8802503
vt 0.5040978 0.8802503
vt 0.5040978 0.8802503
vt 0.5040978 0.8802503
vt 0.4676408 0.887255
vt 0.4676408 0.887255
vt 0.4676408 0.887255
vt 0.4676408 0.887255
vt 0.4676408 0.8872551
vt 0.4676408 0.887255
vt 0.4676408 0.887255
vt 0.4676408 0.887255
vt 0.4676408 0.887255
vt 0.4676408 0.887255
vt 0.4676408 0.887255
vt 0.4676408 0.887255
vt 0.45 0.8780238
vt 0.45 0.8780238
vt 0.45 0.8780238
vt 0.45 0.8780238
vt 0.45 0.8780238
vt 0.45 0.8780238
vt 0.45 0.926534
vt 0.45 0.926534
vt 0.45 0.8780238
vt 0.45 0.8780238
vt 0.45 0.926534
vt 0.45 0.926534
vt 0.45 0.8780238
vt 0.45 0.8780238
vt 0.45 0.926534
vt 0.45 0.926534
vt 0.45 0.8780238
vt 0.45 0.8780238
vt 0.45 0.926534
vt 0.45 0.926534
vt 0.45 0.8780238
vt 0.45 0.8780238
vt 0.45 0.926534
vt 0.45 0.926534
vt 0.45 0.8780238
vt 0.45 0.926534
vt 0.45 0.926534
vt 0.45 0.926534
vt 0.45 0.926534
vt 0.45 0.926534
vt 0.5574517 0.881278
vt 0.5574517 0.881278
vt 0.5574517 0.881278
vt 0.5574517 0.881278
vt 0.9098474 0.9657705
vt 0.9098474 0.9657705
vt 0.9098474 0.9657705
vt 0.9098474 0.9657705
vt 0.9098474 0.9657705
vt 0.9098474 0.9657705
vt 0.5324556 0.9130298
vt 0.5324556 0.9130298
vt 0.5324556 0.9130298
vt 0.5324556 0.9130298
vt 0.5324556 0.9130298
vt 0.5324556 0.9130298
vt 0.5324556 0.9130298
vt 0.5324556 0.9130298
vt 0.5324556 0.9130298
vt 0.5324556 0.9130298
vt 0.5324556 0.9130298
vt 0.5324556 0.9130298
vt 0.5324556 0.9130298
vt 0.5324556 0.9130298
vt 0.5324556 0.9130298
vt 0.5574517 0.881278
vt 0.5574517 0.881278
vt 0.5574517 0.881278
vt 0.5574517 0.881278
vt 0.5574517 0.881278
vt 0.5574517 0.881278
vt 0.5574517 0.881278
vt 0.5574517 0.881278
vt 0.5574517 0.881278
vt 0.5574517 0.881278
vt 0.5574517 0.881278
vt 0.5574517 0.881278
vt 0.5574517 0.881278
vt 0.5574517 0.881278
vt 0.5574517 0.881278
vt 0.5574517 0.881278
vt 0.5574517 0.881278
vt 0.5574517 0.881278
vt 0.5574517 0.881278
vt 0.5574517 0.881278
vt 0.5574517 0.881278
vt 0.5574517 0.881278
vt 0.5324556 0.9130298
vt 0.5324556 0.9130298
vt 0.5324556 0.9130298
vt 0.5324556 0.9130298
vt 0.5324556 0.9130298
vt 0.5324556 0.9130298
vt 0.5324556 0.9130298
vt 0.5324556 0.9130298
vt 0.5324556 0.9130298
vt 0.5324556 0.9130298
vt 0.5324556 0.9130298
vt 0.5324556 0.9130298
vt 0.5324556 0.9130298
vt 0.5324556 0.9130298
vt 0.5324556 0.9130298
vt 0.5324556 0.9130298
vt 0.5324556 0.9130298
vt 0.5324556 0.9130298
vt 0.5324556 0.9130298
vt 0.5324556 0.9130298
vt 0.5324556 0.9130298
vt 0.5324556 0.9130298
vt 0.5324556 0.9130298
vt 0.5324556 0.9130298
vt 0.5324556 0.9130298
vt 0.5324556 0.9130298
vt 0.5324556 0.9130298
vt 0.5324556 0.9130298
vt 0.5324556 0.9130298
vt 0.5324556 0.9130298
vt 0.9098474 0.9657705
vt 0.9098474 0.9657705
vt 0.9098474 0.9657705
vt 0.9098474 0.9657705
vt 0.9098474 0.9657705
vt 0.9098474 0.9657705
vt 0.9098474 0.9657705
vt 0.9098474 0.9657705
vt 0.9098474 0.9657705
vt 0.9098474 0.9657705
vt 0.9098474 0.9657705
vt 0.9098474 0.9657705
vt 0.9098474 0.9657705
vt 0.9098474 0.9657705
vt 0.9098474 0.9657705
vt 0.9098474 0.9657705
vt 0.9098474 0.9657705
vt 0.9098474 0.9657705
vt 0.9098474 0.9657705
vt 0.9098474 0.9657705
vt 0.9098474 0.9657705
vt 0.9098474 0.9657705
vt 0.9098474 0.9657705
vt 0.9098474 0.9657705
vt 0.9098474 0.9657705
vt 0.9098474 0.9657705
vt 0.9098474 0.9657705
vt 0.9098474 0.9657705
vt 0.5324556 0.9130298
vt 0.5324556 0.9130298
vt 0.5324556 0.9130298
vt 0.5324556 0.9130298
vt 0.5324556 0.9130298
vt 0.5324556 0.9130298
vt 0.5324556 0.9130298
vt 0.5324556 0.9130298
vt 0.5324556 0.9130298
vt 0.5324556 0.9130298
vt 0.5324556 0.9130298
vt 0.5324556 0.9130298
vt 0.5324556 0.9130298
vt 0.5324556 0.9130298
vt 0.5324556 0.9130298
vt 0.5324556 0.9130298
vt 0.5324556 0.9130298
vt 0.5324556 0.9130298
vt 0.5324556 0.9130298
vt 0.5324556 0.9130298
vt 0.5324556 0.9130298
vt 0.5324556 0.9130298
vt 0.5324556 0.9130298
vt 0.5324556 0.9130298
vt 0.5324556 0.9130298
vt 0.5324556 0.9130298
vt 0.5324556 0.9130298
vt 0.5324556 0.9130298
vt 0.5324556 0.9130298
vt 0.5324556 0.9130298
vt 0.5324556 0.9130298
vt 0.5324556 0.9130298
vt 0.5324556 0.9130298
vt 0.5324556 0.9130298
vt 0.5324556 0.9130298
vt 0.5324556 0.9130298
vt 0.5324556 0.9130298
vt 0.5324556 0.9130298
vt 0.5324556 0.9130298
vt 0.5324556 0.9130298
vt 0.5324556 0.9130298
vt 0.5324556 0.9130298
vt 0.5324556 0.9130298
vt 0.5324556 0.9130298
vt 0.5324556 0.9130298
vt 0.5324556 0.9130298
vt 0.5324556 0.9130298
vt 0.5324556 0.9130298
vt 0.5324556 0.9130298
vt 0.5574517 0.881278
vt 0.5574517 0.881278
vt 0.5574517 0.881278
vt 0.5574517 0.881278
vt 0.5574517 0.881278
vt 0.5574517 0.881278
vt 0.5574517 0.881278
vt 0.5574517 0.881278
vt 0.5574517 0.881278
vt 0.5574517 0.881278
vt 0.9098474 0.9657705
vt 0.9098474 0.9657705
vt 0.9098474 0.9657705
vt 0.9098474 0.9657705
vt 0.9098474 0.9657705
vt 0.9098474 0.9657705
vt 0.5324556 0.9130298
vt 0.5324556 0.9130298
vt 0.5324556 0.9130298
vt 0.5324556 0.9130298
vt 0.5324556 0.9130298
vt 0.5324556 0.9130298
vt 0.5324556 0.9130298
vt 0.5324556 0.9130298
vt 0.5324556 0.9130298
vt 0.5324556 0.9130298
vt 0.5324556 0.9130298
vt 0.5324556 0.9130298
vt 0.5324556 0.9130298
vt 0.5324556 0.9130298
vt 0.5324556 0.9130298
vt 0.5574517 0.881278
vt 0.5574517 0.881278
vt 0.5574517 0.881278
vt 0.5574517 0.881278
vt 0.5574517 0.881278
vt 0.5574517 0.881278
vt 0.5574517 0.881278
vt 0.5574517 0.881278
vt 0.5574517 0.881278
vt 0.5574517 0.881278
vt 0.5574517 0.881278
vt 0.5574517 0.881278
vt 0.5574517 0.881278
vt 0.5574517 0.881278
vt 0.5574517 0.881278
vt 0.5574517 0.881278
vt 0.5574517 0.881278
vt 0.5574517 0.881278
vt 0.5574517 0.881278
vt 0.5574517 0.881278
vt 0.5574517 0.881278
vt 0.5574517 0.881278
vt 0.5324556 0.9130298
vt 0.5324556 0.9130298
vt 0.5324556 0.9130298
vt 0.5324556 0.9130298
vt 0.5324556 0.9130298
vt 0.5324556 0.9130298
vt 0.5324556 0.9130298
vt 0.5324556 0.9130298
vt 0.5324556 0.9130298
vt 0.5324556 0.9130298
vt 0.5324556 0.9130298
vt 0.5324556 0.9130298
vt 0.5324556 0.9130298
vt 0.5324556 0.9130298
vt 0.5324556 0.9130298
vt 0.5324556 0.9130298
vt 0.5324556 0.9130298
vt 0.5324556 0.9130298
vt 0.5324556 0.9130298
vt 0.5324556 0.9130298
vt 0.5324556 0.9130298
vt 0.5324556 0.9130298
vt 0.5324556 0.9130298
vt 0.5324556 0.9130298
vt 0.5324556 0.9130298
vt 0.5324556 0.9130298
vt 0.5324556 0.9130298
vt 0.5324556 0.9130298
vt 0.5324556 0.9130298
vt 0.5324556 0.9130298
vt 0.5324556 0.9130298
vt 0.5324556 0.9130298
vt 0.9098474 0.9657705
vt 0.9098474 0.9657705
vt 0.9098474 0.9657705
vt 0.9098474 0.9657705
vt 0.9098474 0.9657705
vt 0.9098474 0.9657705
vt 0.9098474 0.9657705
vt 0.9098474 0.9657705
vt 0.9098474 0.9657705
vt 0.9098474 0.9657705
vt 0.9098474 0.9657705
vt 0.9098474 0.9657705
vt 0.9098474 0.9657705
vt 0.9098474 0.9657705
vt 0.9098474 0.9657705
vt 0.9098474 0.9657705
vt 0.9098474 0.9657705
vt 0.9098474 0.9657705
vt 0.9098474 0.9657705
vt 0.9098474 0.9657705
vt 0.9098474 0.9657705
vt 0.9098474 0.9657705
vt 0.9098474 0.9657705
vt 0.9098474 0.9657705
vt 0.9098474 0.9657705
vt 0.9098474 0.9657705
vt 0.9098474 0.9657705
vt 0.9098474 0.9657705
vt 0.5324556 0.9130298
vt 0.5324556 0.9130298
vt 0.5324556 0.9130298
vt 0.5324556 0.9130298
vt 0.5324556 0.9130298
vt 0.5324556 0.9130298
vt 0.5324556 0.9130298
vt 0.5324556 0.9130298
vt 0.5324556 0.9130298
vt 0.5324556 0.9130298
vt 0.5324556 0.9130298
vt 0.5324556 0.9130298
vt 0.5324556 0.9130298
vt 0.5324556 0.9130298
vt 0.5324556 0.9130298
vt 0.5324556 0.9130298
vt 0.5324556 0.9130298
vt 0.5324556 0.9130298
vt 0.5324556 0.9130298
vt 0.5324556 0.9130298
vt 0.5324556 0.9130298
vt 0.5324556 0.9130298
vt 0.5324556 0.9130298
vt 0.5324556 0.9130298
vt 0.5324556 0.9130298
vt 0.5324556 0.9130298
vt 0.5324556 0.9130298
vt 0.5324556 0.9130298
vt 0.5324556 0.9130298
vt 0.5324556 0.9130298
vt 0.5324556 0.9130298
vt 0.5324556 0.9130298
vt 0.5324556 0.9130298
vt 0.5324556 0.9130298
vt 0.5324556 0.9130298
vt 0.5324556 0.9130298
vt 0.5324556 0.9130298
vt 0.5324556 0.9130298
vt 0.5324556 0.9130298
vt 0.5324556 0.9130298
vt 0.5324556 0.9130298
vt 0.5324556 0.9130298
vt 0.5324556 0.9130298
vt 0.5324556 0.9130298
vt 0.5324556 0.9130298
vt 0.5324556 0.9130298
vt 0.5324556 0.9130298
vt 0.5324556 0.9130298
vt 0.5324556 0.9130298
vt 0.5574517 0.881278
vt 0.5574517 0.881278
vt 0.5574517 0.881278
vt 0.5574517 0.881278
vt 0.5574517 0.881278
vt 0.5574517 0.881278
vt 0.5574517 0.881278
vt 0.5574517 0.881278
vt 0.5574517 0.881278
vt 0.5574517 0.881278
vt 0.9098474 0.9657705
vt 0.9098474 0.9657705
vt 0.9098474 0.9657705
vt 0.9098474 0.9657705
vt 0.9098474 0.9657705
vt 0.9098474 0.9657705
vt 0.5574517 0.881278
vt 0.5574517 0.881278
vt 0.5574517 0.881278
vt 0.5574517 0.881278
vt 0.5574517 0.881278
vt 0.5574517 0.881278
vt 0.5574517 0.881278
vt 0.5574517 0.881278
vt 0.5574517 0.881278
vt 0.5574517 0.881278
vt 0.5574517 0.881278
vt 0.5574517 0.881278
vt 0.5574517 0.881278
vt 0.5574517 0.881278
vt 0.5574517 0.881278
vt 0.5574517 0.881278
vt 0.5324556 0.9130298
vt 0.5324556 0.9130298
vt 0.5324556 0.9130298
vt 0.5324556 0.9130298
vt 0.5324556 0.9130298
vt 0.5324556 0.9130298
vt 0.5324556 0.9130298
vt 0.5324556 0.9130298
vt 0.5324556 0.9130298
vt 0.5324556 0.9130298
vt 0.5324556 0.9130298
vt 0.5324556 0.9130298
vt 0.5324556 0.9130298
vt 0.5324556 0.9130298
vt 0.5324556 0.9130298
vt 0.5324556 0.9130298
vt 0.5324556 0.9130298
vt 0.5324556 0.9130298
vt 0.5324556 0.9130298
vt 0.5324556 0.9130298
vt 0.5324556 0.9130298
vt 0.5324556 0.9130298
vt 0.5324556 0.9130298
vt 0.5324556 0.9130298
vt 0.5324556 0.9130298
vt 0.5324556 0.9130298
vt 0.5324556 0.9130298
vt 0.5324556 0.9130298
vt 0.5324556 0.9130298
vt 0.5324556 0.9130298
vt 0.9098474 0.9657705
vt 0.9098474 0.9657705
vt 0.9098474 0.9657705
vt 0.9098474 0.9657705
vt 0.9098474 0.9657705
vt 0.9098474 0.9657705
vt 0.9098474 0.9657705
vt 0.9098474 0.9657705
vt 0.9098474 0.9657705
vt 0.9098474 0.9657705
vt 0.9098474 0.9657705
vt 0.9098474 0.9657705
vt 0.9098474 0.9657705
vt 0.9098474 0.9657705
vt 0.9098474 0.9657705
vt 0.9098474 0.9657705
vt 0.9098474 0.9657705
vt 0.9098474 0.9657705
vt 0.9098474 0.9657705
vt 0.9098474 0.9657705
vt 0.9098474 0.9657705
vt 0.9098474 0.9657705
vt 0.9098474 0.9657705
vt 0.9098474 0.9657705
vt 0.9098474 0.9657705
vt 0.9098474 0.9657705
vt 0.9098474 0.9657705
vt 0.9098474 0.9657705
vt 0.5324556 0.9130298
vt 0.5324556 0.9130298
vt 0.5324556 0.9130298
vt 0.5324556 0.9130298
vt 0.5324556 0.9130298
vt 0.5324556 0.9130298
vt 0.5324556 0.9130298
vt 0.5324556 0.9130298
vt 0.5324556 0.9130298
vt 0.5324556 0.9130298
vt 0.5324556 0.9130298
vt 0.5324556 0.9130298
vt 0.5324556 0.9130298
vt 0.5324556 0.9130298
vt 0.5324556 0.9130298
vt 0.5324556 0.9130298
vt 0.5324556 0.9130298
vt 0.5324556 0.9130298
vt 0.5324556 0.9130298
vt 0.5324556 0.9130298
vt 0.5324556 0.9130298
vt 0.5324556 0.9130298
vt 0.5324556 0.9130298
vt 0.5324556 0.9130298
vt 0.5324556 0.9130298
vt 0.5324556 0.9130298
vt 0.5324556 0.9130298
vt 0.5324556 0.9130298
vt 0.5324556 0.9130298
vt 0.5324556 0.9130298
vt 0.5324556 0.9130298
vt 0.5324556 0.9130298
vt 0.5324556 0.9130298
vt 0.5324556 0.9130298
vt 0.5324556 0.9130298
vt 0.5324556 0.9130298
vt 0.5324556 0.9130298
vt 0.5324556 0.9130298
vt 0.5324556 0.9130298
vt 0.5324556 0.9130298
vt 0.5574517 0.881278
vt 0.5574517 0.881278
vt 0.5574517 0.881278
vt 0.5574517 0.881278
vt 0.9098474 0.9657705
vt 0.9098474 0.9657705
vt 0.9098474 0.9657705
vt 0.9098474 0.9657705
vt 0.9098474 0.9657705
vt 0.9098474 0.9657705
vt 0.5574517 0.881278
vt 0.5574517 0.881278
vt 0.5574517 0.881278
vt 0.5574517 0.881278
vt 0.5574517 0.881278
vt 0.5574517 0.881278
vt 0.5574517 0.881278
vt 0.5574517 0.881278
vt 0.5574517 0.881278
vt 0.5574517 0.881278
vt 0.5574517 0.881278
vt 0.5574517 0.881278
vt 0.5574517 0.881278
vt 0.5574517 0.881278
vt 0.5574517 0.881278
vt 0.5574517 0.881278
vt 0.5324556 0.9130298
vt 0.5324556 0.9130298
vt 0.5324556 0.9130298
vt 0.5324556 0.9130298
vt 0.5324556 0.9130298
vt 0.5324556 0.9130298
vt 0.5324556 0.9130298
vt 0.5324556 0.9130298
vt 0.5324556 0.9130298
vt 0.5324556 0.9130298
vt 0.5324556 0.9130298
vt 0.5324556 0.9130298
vt 0.5324556 0.9130298
vt 0.5324556 0.9130298
vt 0.5324556 0.9130298
vt 0.5324556 0.9130298
vt 0.5324556 0.9130298
vt 0.5324556 0.9130298
vt 0.5324556 0.9130298
vt 0.5324556 0.9130298
vt 0.5324556 0.9130298
vt 0.5324556 0.9130298
vt 0.5324556 0.9130298
vt 0.5324556 0.9130298
vt 0.5324556 0.9130298
vt 0.5324556 0.9130298
vt 0.5324556 0.9130298
vt 0.5324556 0.9130298
vt 0.5324556 0.9130298
vt 0.5324556 0.9130298
vt 0.5324556 0.9130298
vt 0.5324556 0.9130298
vt 0.9098474 0.9657705
vt 0.9098474 0.9657705
vt 0.9098474 0.9657705
vt 0.9098474 0.9657705
vt 0.9098474 0.9657705
vt 0.9098474 0.9657705
vt 0.9098474 0.9657705
vt 0.9098474 0.9657705
vt 0.9098474 0.9657705
vt 0.9098474 0.9657705
vt 0.9098474 0.9657705
vt 0.9098474 0.9657705
vt 0.9098474 0.9657705
vt 0.9098474 0.9657705
vt 0.9098474 0.9657705
vt 0.9098474 0.9657705
vt 0.9098474 0.9657705
vt 0.9098474 0.9657705
vt 0.9098474 0.9657705
vt 0.9098474 0.9657705
vt 0.9098474 0.9657705
vt 0.9098474 0.9657705
vt 0.9098474 0.9657705
vt 0.9098474 0.9657705
vt 0.9098474 0.9657705
vt 0.9098474 0.9657705
vt 0.9098474 0.9657705
vt 0.9098474 0.9657705
vt 0.5324556 0.9130298
vt 0.5324556 0.9130298
vt 0.5324556 0.9130298
vt 0.5324556 0.9130298
vt 0.5324556 0.9130298
vt 0.5324556 0.9130298
vt 0.5324556 0.9130298
vt 0.5324556 0.9130298
vt 0.5324556 0.9130298
vt 0.5324556 0.9130298
vt 0.5324556 0.9130298
vt 0.5324556 0.9130298
vt 0.5324556 0.9130298
vt 0.5324556 0.9130298
vt 0.5324556 0.9130298
vt 0.5324556 0.9130298
vt 0.5324556 0.9130298
vt 0.5324556 0.9130298
vt 0.5324556 0.9130298
vt 0.5324556 0.9130298
vt 0.5324556 0.9130298
vt 0.5324556 0.9130298
vt 0.5324556 0.9130298
vt 0.5324556 0.9130298
vt 0.5324556 0.9130298
vt 0.5324556 0.9130298
vt 0.5324556 0.9130298
vt 0.5324556 0.9130298
vt 0.5324556 0.9130298
vt 0.5324556 0.9130298
vt 0.5324556 0.9130298
vt 0.5324556 0.9130298
vt 0.5324556 0.9130298
vt 0.5324556 0.9130298
vt 0.5324556 0.9130298
vt 0.5324556 0.9130298
vt 0.5324556 0.9130298
vt 0.5324556 0.9130298
vt 0.5324556 0.9130298
vt 0.5324556 0.9130298
vn -0.221921 0 -0.9750646
vn -0.221921 0 -0.9750646
vn -0.221921 0 -0.9750646
vn -0.221921 0 -0.9750646
vn -0.2115715 0.07721285 0.9743078
vn -0.2115715 0.07721285 0.9743078
vn -0.2115715 0.07721286 0.9743078
vn -0.2115715 0.07721285 0.9743078
vn -0.264781 0.3036889 0.9152399
vn -0.2647809 0.3036889 0.9152399
vn -0.2647809 0.3036889 0.9152399
vn 0.2246825 -0.9744321 0
vn 0.2246825 -0.9744321 0
vn 0.2246825 -0.9744321 0
vn -0.3659968 -0.7593162 0.5380383
vn -0.3659968 -0.7593162 0.5380383
vn -0.3659968 -0.7593162 0.5380383
vn -0.3659968 -0.7593162 0.5380383
vn -0.662976 0.4745563 0.5790156
vn -0.662976 0.4745563 0.5790157
vn -0.662976 0.4745563 0.5790156
vn -0.9490923 0.3144541 0.01850085
vn -0.9490923 0.3144541 0.01850085
vn -0.9490923 0.3144541 0.01850085
vn -0.9490923 0.3144541 0.01850085
vn -0.8590735 -0.5082667 0.06047948
vn -0.8590735 -0.5082667 0.06047948
vn -0.8590734 -0.5082668 0.06047948
vn -0.8590735 -0.5082667 0.06047948
vn -0.2449095 0.1656349 0.9552928
vn -0.2449095 0.1656349 0.9552928
vn -0.2449095 0.1656349 0.9552928
vn -0.2449095 0.1656349 0.9552928
vn -0.444004 -0.7739514 0.4515083
vn -0.444004 -0.7739513 0.4515083
vn -0.444004 -0.7739514 0.4515083
vn -0.4440041 -0.7739513 0.4515083
vn -0.4520538 -0.7904488 0.4133257
vn -0.4520539 -0.7904487 0.4133256
vn -0.3711333 -0.9231799 -0.09999531
vn -0.3711333 -0.9231799 -0.09999532
vn -0.3711333 -0.9231799 -0.09999531
vn -0.3711333 -0.9231799 -0.09999531
vn -0.3711333 -0.9231799 -0.09999531
vn 0.5904002 0.4961214 0.6366249
vn 0.5904002 0.4961214 0.6366249
vn 0.5904002 0.4961214 0.6366249
vn 0.5904002 0.4961214 0.6366249
vn -0.7803144 -0.6086482 -0.1437243
vn -0.7803145 -0.6086482 -0.1437243
vn -0.7803144 -0.6086482 -0.1437243
vn -0.7803145 -0.6086482 -0.1437243
vn -0.7803144 -0.6086482 -0.1437243
vn 0.3521934 -0.3613663 0.8633506
vn 0.3521934 -0.3613663 0.8633506
vn 0.3521934 -0.3613663 0.8633506
vn 0.8745466 -0.08622606 0.4772141
vn 0.8745466 -0.08622605 0.4772141
vn 0.8745465 -0.08622606 0.4772142
vn 0.8745466 -0.08622606 0.4772141
vn -0.9653527 -0.2235122 -0.1346719
vn -0.9653527 -0.2235122 -0.1346719
vn -0.9653527 -0.2235123 -0.1346719
vn -0.6656137 -0.7335867 0.1371461
vn -0.6430847 -0.6346203 -0.4286013
vn -0.6857716 -0.6919556 0.225643
vn -0.6281989 -0.7108725 -0.3162697
vn -0.7144777 -0.6850767 0.1420974
vn -0.4814145 -0.4973742 0.7217056
vn -0.4487728 -0.6312966 0.6325089
vn -0.4694389 -0.7259389 0.502633
vn -0.4694389 -0.7259389 0.502633
vn -0.4694389 -0.7259389 0.5026329
vn -0.4694389 -0.7259389 0.502633
vn -0.3100671 -0.9507146 0
vn -0.3100671 -0.9507146 0
vn -0.3100671 -0.9507146 0
vn -0.3100671 -0.9507146 0
vn 0.01171317 0.2444703 -0.969586
vn 0.01171317 0.2444703 -0.969586
vn 0.01171317 0.2444703 -0.969586
vn 0.01171317 0.2444703 -0.969586
vn -0.01171317 0.2444703 -0.969586
vn -0.01171317 0.2444703 -0.969586
vn -0.9935851 0.02457985 -0.1103839
vn -0.9935851 0.02457985 -0.1103839
vn -0.9935851 0.02457985 -0.1103839
vn -0.8669321 0.4980281 0.01991693
vn -0.8669321 0.4980282 0.01991693
vn -0.8669321 0.4980281 0.01991693
vn -0.8669321 0.4980282 0.01991693
vn -0.3576312 0.01138591 0.9337934
vn -0.3576313 0.01138591 0.9337934
vn -0.3576313 0.01138591 0.9337934
vn -0.3576313 0.01138591 0.9337934
vn -0.9280483 -0.3724599 0
vn -0.9280483 -0.3724599 0
vn -0.9280483 -0.3724599 0
vn -0.9280483 -0.3724599 0
vn 0.279483 -0.2091881 -0.9370857
vn 0.279483 -0.2091881 -0.9370857
vn 0.279483 -0.2091881 -0.9370857
vn 0.279483 -0.2091881 -0.9370857
vn -0.2639017 -0.3949679 0.8799752
vn -0.2639017 -0.3949679 0.8799752
vn -0.2639017 -0.3949679 0.8799752
vn -0.2639017 -0.3949679 0.8799752
vn -0.7810318 0 -0.6244912
vn -0.7810318 0 -0.6244912
vn -0.7810318 0 -0.6244912
vn -0.8533706 -0.2367879 -0.4644244
vn -0.8533706 -0.2367879 -0.4644244
vn -0.8533706 -0.2367879 -0.4644244
vn 0.3023937 -0.1607127 0.9395368
vn 0.3023937 -0.1607127 0.9395369
vn 0.3023937 -0.1607127 0.9395369
vn -1 0 0
vn -1 0 0
vn -1 0 0
vn -1 0 0
vn 0.348747 0.8337454 -0.4280704
vn 0.3487471 0.8337454 -0.4280704
vn 0.3487471 0.8337454 -0.4280703
vn 0.3487471 0.8337454 -0.4280704
vn -0.2842618 -0.9587467 0
vn -0.2842618 -0.9587467 0
vn -0.2842618 -0.9587467 0
vn -0.2842618 -0.9587467 0
vn -0.03365583 -0.3939689 0.9185074
vn -0.03365583 -0.393969 0.9185074
vn -0.03365582 -0.3939689 0.9185074
vn -0.03365583 -0.3939689 0.9185074
vn -0.6823297 -0.7310447 0
vn -0.6823297 -0.7310446 0
vn -0.6823297 -0.7310447 0
vn -0.6823297 -0.7310446 0
vn -0.144073 0.1502762 -0.97809
vn -0.144073 0.1502762 -0.97809
vn -0.144073 0.1502762 -0.97809
vn -0.144073 0.1502762 -0.97809
vn -0.8403878 0.344615 0.4183165
vn -0.8403878 0.344615 0.4183165
vn -0.8403878 0.344615 0.4183165
vn -0.8403878 0.344615 0.4183165
vn -0.4046434 0.4676086 0.7858791
vn -0.4046434 0.4676086 0.7858791
vn -0.4046434 0.4676086 0.7858791
vn -0.4046434 0.4676086 0.7858791
vn 0.1750049 -0.8042888 -0.5678845
vn 0.1750049 -0.8042887 -0.5678846
vn 0.1750049 -0.8042888 -0.5678845
vn 0.1750049 -0.8042888 -0.5678845
vn -0.8003745 0.505238 0.3226998
vn -0.8003745 0.505238 0.3226998
vn -0.8003745 0.505238 0.3226998
vn -0.8003745 0.5052381 0.3226998
vn -0.3233735 0.830588 0.4533797
vn -0.3233735 0.830588 0.4533797
vn -0.3233735 0.830588 0.4533797
vn -0.3233735 0.830588 0.4533797
vn 0.07011761 -0.4498884 -0.890328
vn 0.07011762 -0.4498883 -0.890328
vn 0.07011761 -0.4498884 -0.890328
vn 0.07011761 -0.4498883 -0.890328
vn -0.6556211 0.2509547 0.7121676
vn -0.6556211 0.2509547 0.7121676
vn -0.6556211 0.2509547 0.7121676
vn -0.6556211 0.2509547 0.7121676
vn -0.305038 0.4216787 0.8538963
vn -0.305038 0.4216787 0.8538963
vn -0.305038 0.4216787 0.8538963
vn -0.3050379 0.4216787 0.8538963
vn 0.08439872 -0.5686373 -0.8182472
vn 0.08439872 -0.5686374 -0.8182471
vn 0.08439872 -0.5686374 -0.8182471
vn 0.08439872 -0.5686373 -0.8182472
vn 0.3778794 0.1154032 -0.9186345
vn 0.3778794 0.1154032 -0.9186345
vn 0.3778794 0.1154031 -0.9186345
vn 0.3778794 0.1154031 -0.9186345
vn -0.2913637 0.6738328 0.6790113
vn -0.2913637 0.6738329 0.6790113
vn -0.2913637 0.6738328 0.6790113
vn -0.2913637 0.6738328 0.6790113
vn -0.2719919 0.4622912 0.843983
vn -0.2719919 0.4622912 0.843983
vn -0.2719919 0.4622911 0.843983
vn -0.2719918 0.4622911 0.843983
vn -0.1457228 0.9038265 0.4023215
vn -0.1457228 0.9038265 0.4023215
vn -0.1457228 0.9038265 0.4023215
vn -0.1457228 0.9038265 0.4023215
vn -0.2391369 -0.3129995 0.9191544
vn -0.2391369 -0.3129996 0.9191544
vn -0.2391369 -0.3129995 0.9191544
vn -0.2391369 -0.3129995 0.9191544
vn 0.4911233 0.3568219 0.7946547
vn 0.4911233 0.3568219 0.7946547
vn 0.4911233 0.3568219 0.7946547
vn -0.1875924 0.57735 0.7946548
vn -0.1875924 0.5773499 0.7946548
vn -0.1875924 0.57735 0.7946548
vn -0.6070617 0 0.7946547
vn -0.6070617 0 0.7946547
vn -0.6070617 0 0.7946547
vn -0.1875924 -0.57735 0.7946547
vn -0.1875924 -0.57735 0.7946548
vn -0.1875924 -0.57735 0.7946548
vn 0.4911233 -0.3568218 0.7946547
vn 0.4911233 -0.3568218 0.7946547
vn 0.4911233 -0.3568218 0.7946547
vn 0.982247 0 -0.1875924
vn 0.982247 0 -0.1875923
vn 0.982247 0 -0.1875923
vn 0.3035312 0.9341723 -0.1875924
vn 0.3035312 0.9341723 -0.1875924
vn 0.3035312 0.9341723 -0.1875924
vn -0.7946546 0.5773501 -0.1875925
vn -0.7946546 0.5773501 -0.1875925
vn -0.7946546 0.5773501 -0.1875925
vn -0.7946544 -0.5773504 -0.1875926
vn -0.7946544 -0.5773503 -0.1875926
vn -0.7946544 -0.5773504 -0.1875926
vn 0.3035313 -0.9341723 -0.1875924
vn 0.3035313 -0.9341723 -0.1875924
vn 0.3035313 -0.9341723 -0.1875924
vn 0.7946546 0.5773501 0.1875924
vn 0.7946546 0.5773501 0.1875924
vn 0.7946546 0.5773501 0.1875924
vn -0.3035312 0.9341723 0.1875924
vn -0.3035312 0.9341723 0.1875924
vn -0.3035311 0.9341723 0.1875924
vn -0.982247 0 0.1875922
vn -0.982247 0 0.1875922
vn -0.982247 0 0.1875922
vn -0.3035311 -0.9341724 0.1875923
vn -0.3035311 -0.9341724 0.1875923
vn -0.3035311 -0.9341724 0.1875923
vn 0.7946547 -0.5773501 0.1875922
vn 0.7946547 -0.5773501 0.1875922
vn 0.7946547 -0.5773501 0.1875922
vn 0.1875925 0.5773499 -0.7946547
vn 0.1875925 0.57735 -0.7946547
vn 0.1875925 0.57735 -0.7946547
vn -0.4911233 0.3568219 -0.7946547
vn -0.4911233 0.3568219 -0.7946547
vn -0.4911233 0.3568219 -0.7946547
vn -0.4911233 -0.3568221 -0.7946547
vn -0.4911233 -0.3568221 -0.7946547
vn -0.4911233 -0.3568221 -0.7946547
vn 0.1875925 -0.5773498 -0.7946548
vn 0.1875925 -0.5773498 -0.7946548
vn 0.1875925 -0.5773498 -0.7946548
vn 0.6070619 0 -0.7946547
vn 0.6070619 0 -0.7946547
vn 0.6070619 0 -0.7946546
vn 0.1586777 -0.3963318 0.9042912
vn 0.1586776 -0.3963318 0.9042912
vn 0.1586776 -0.3963318 0.9042912
vn -0.9126305 -0.3663806 0.181303
vn -0.9126305 -0.3663806 0.181303
vn -0.9126305 -0.3663807 0.181303
vn -0.9126305 -0.3663806 0.181303
vn -0.9396858 -0.003559433 -0.3420205
vn -0.9396858 -0.003559434 -0.3420205
vn -0.9396858 -0.003559433 -0.3420205
vn -0.9396858 -0.003559433 -0.3420205
vn -0.00290845 -0.4544154 -0.8907852
vn -0.00290845 -0.4544154 -0.8907852
vn -0.00290845 -0.4544154 -0.8907852
vn -0.00290845 -0.4544154 -0.8907852
vn 0.002908448 -0.4544154 -0.8907852
vn 0.002908447 -0.4544154 -0.8907852
vn -0.5771956 0.4416034 0.6869001
vn -0.5771956 0.4416033 0.6869001
vn -0.5771956 0.4416033 0.6869001
vn -0.5771956 0.4416033 0.6869001
vn -0.1507095 -0.8766556 0.4569044
vn -0.1507095 -0.8766556 0.4569044
vn -0.1507095 -0.8766555 0.4569044
vn -0.1507095 -0.8766556 0.4569044
vn 0.2219209 0 -0.9750646
vn 0.221921 0 -0.9750646
vn 0.221921 0 -0.9750646
vn 0.2219209 0 -0.9750646
vn 0.2115715 0.07721285 0.9743078
vn 0.2115715 0.07721285 0.9743078
vn 0.2115715 0.07721286 0.9743078
vn 0.2115715 0.07721285 0.9743078
vn 0.264781 0.3036889 0.9152399
vn 0.2647809 0.3036889 0.9152399
vn 0.2647809 0.3036889 0.9152399
vn -0.2246825 -0.9744321 0
vn -0.2246825 -0.9744321 0
vn -0.2246825 -0.9744321 0
vn 0.3659968 -0.7593162 0.5380383
vn 0.3659968 -0.7593162 0.5380383
vn 0.3659968 -0.7593162 0.5380383
vn 0.3659968 -0.7593162 0.5380383
vn 0.662976 0.4745563 0.5790156
vn 0.662976 0.4745563 0.5790156
vn 0.662976 0.4745563 0.5790157
vn 0.9490924 0.3144541 0.01850084
vn 0.9490924 0.3144541 0.01850084
vn 0.9490924 0.314454 0.01850084
vn 0.9490924 0.3144541 0.01850084
vn 0.8590734 -0.5082668 0.06047951
vn 0.8590734 -0.5082668 0.06047951
vn 0.8590734 -0.5082668 0.06047951
vn 0.8590734 -0.5082668 0.06047951
vn 0.2449096 0.1656349 0.9552928
vn 0.2449096 0.1656349 0.9552928
vn 0.2449095 0.1656349 0.9552928
vn 0.2449095 0.1656349 0.9552928
vn 0.444004 -0.7739514 0.4515083
vn 0.4440041 -0.7739513 0.4515083
vn 0.444004 -0.7739514 0.4515083
vn 0.444004 -0.7739513 0.4515083
vn 0.4520538 -0.7904488 0.4133257
vn 0.4520539 -0.7904487 0.4133256
vn 0.3711333 -0.9231799 -0.09999532
vn 0.3711333 -0.9231799 -0.09999532
vn 0.3711333 -0.9231799 -0.09999532
vn 0.3711333 -0.9231799 -0.09999532
vn 0.3711333 -0.9231799 -0.09999532
vn -0.5904002 0.4961214 0.6366249
vn -0.5904002 0.4961214 0.6366249
vn -0.5904002 0.4961214 0.6366249
vn -0.5904002 0.4961214 0.6366249
vn 0.7803144 -0.6086482 -0.1437243
vn 0.7803145 -0.6086482 -0.1437243
vn 0.7803144 -0.6086482 -0.1437243
vn 0.7803145 -0.6086482 -0.1437243
vn 0.7803144 -0.6086482 -0.1437243
vn -0.3521934 -0.3613663 0.8633506
vn -0.3521934 -0.3613663 0.8633506
vn -0.3521934 -0.3613663 0.8633506
vn -0.8745465 -0.08622606 0.4772142
vn -0.8745466 -0.08622605 0.4772141
vn -0.8745466 -0.08622606 0.4772141
vn -0.8745466 -0.08622606 0.4772141
vn 0.9653527 -0.2235123 -0.1346719
vn 0.9653527 -0.2235123 -0.1346719
vn 0.9653527 -0.2235123 -0.1346719
vn 0.6656137 -0.7335867 0.1371461
vn 0.6857716 -0.6919556 0.225643
vn 0.6430847 -0.6346203 -0.4286013
vn 0.6281989 -0.7108725 -0.3162697
vn 0.7144777 -0.6850767 0.1420974
vn 0.4814145 -0.4973742 0.7217056
vn 0.4487728 -0.6312966 0.6325089
vn 0.4694389 -0.7259389 0.502633
vn 0.4694389 -0.7259389 0.5026329
vn 0.4694389 -0.7259389 0.5026329
vn 0.4694389 -0.7259389 0.502633
vn 0.3100671 -0.9507146 0
vn 0.3100671 -0.9507146 0
vn 0.3100671 -0.9507146 0
vn 0.3100671 -0.9507146 0
vn 0.9935851 0.02457985 -0.1103839
vn 0.9935851 0.02457986 -0.1103838
vn 0.9935851 0.02457985 -0.1103838
vn 0.8669321 0.4980283 0.01991696
vn 0.8669321 0.4980283 0.01991696
vn 0.8669321 0.4980282 0.01991696
vn 0.8669321 0.4980283 0.01991696
vn 0.3576312 0.01138591 0.9337934
vn 0.3576313 0.01138591 0.9337934
vn 0.3576313 0.01138591 0.9337934
vn 0.3576313 0.01138591 0.9337934
vn 0.9280483 -0.3724599 0
vn 0.9280483 -0.3724599 0
vn 0.9280483 -0.3724599 0
vn 0.9280483 -0.3724599 0
vn -0.279483 -0.2091881 -0.9370857
vn -0.279483 -0.2091881 -0.9370857
vn -0.279483 -0.2091881 -0.9370857
vn -0.279483 -0.2091881 -0.9370857
vn 0.2639017 -0.3949679 0.8799752
vn 0.2639017 -0.3949679 0.8799752
vn 0.2639017 -0.3949679 0.8799752
vn 0.2639017 -0.3949679 0.8799752
vn 0.7810318 0 -0.6244912
vn 0.7810318 0 -0.6244912
vn 0.7810318 0 -0.6244912
vn 0.8533706 -0.2367879 -0.4644244
vn 0.8533706 -0.2367879 -0.4644244
vn 0.8533706 -0.2367879 -0.4644244
vn -0.3023937 -0.1607127 0.9395368
vn -0.3023937 -0.1607127 0.9395369
vn -0.3023937 -0.1607127 0.9395369
vn 1 0 0
vn 1 0 0
vn 1 0 0
vn 1 0 0
vn -0.348747 0.8337454 -0.4280703
vn -0.348747 0.8337454 -0.4280703
vn -0.3487471 0.8337454 -0.4280703
vn -0.348747 0.8337454 -0.4280703
vn 0.2842618 -0.9587467 0
vn 0.2842618 -0.9587467 0
vn 0.2842618 -0.9587467 0
vn 0.2842618 -0.9587467 0
vn 0.03365583 -0.3939689 0.9185074
vn 0.03365583 -0.3939689 0.9185074
vn 0.03365582 -0.3939689 0.9185074
vn 0.03365583 -0.393969 0.9185074
vn 0.6823297 -0.7310447 0
vn 0.6823297 -0.7310446 0
vn 0.6823297 -0.7310447 0
vn 0.6823297 -0.7310446 0
vn 0.144073 0.1502762 -0.97809
vn 0.144073 0.1502762 -0.97809
vn 0.144073 0.1502762 -0.97809
vn 0.144073 0.1502762 -0.97809
vn 0.8403878 0.3446151 0.4183166
vn 0.8403878 0.3446151 0.4183166
vn 0.8403878 0.3446151 0.4183166
vn 0.8403878 0.3446151 0.4183166
vn 0.4046434 0.4676086 0.7858791
vn 0.4046434 0.4676086 0.7858791
vn 0.4046434 0.4676086 0.785879
vn 0.4046434 0.4676086 0.785879
vn -0.1750049 -0.8042888 -0.5678845
vn -0.1750049 -0.8042888 -0.5678844
vn -0.1750048 -0.8042888 -0.5678844
vn -0.1750049 -0.8042888 -0.5678844
vn 0.8003745 0.505238 0.3226998
vn 0.8003744 0.505238 0.3226999
vn 0.8003744 0.5052381 0.3226999
vn 0.8003744 0.5052381 0.3226999
vn 0.3233735 0.8305879 0.4533797
vn 0.3233735 0.8305879 0.4533797
vn 0.3233735 0.8305879 0.4533798
vn 0.3233736 0.830588 0.4533797
vn -0.07011759 -0.4498884 -0.890328
vn -0.07011759 -0.4498883 -0.890328
vn -0.07011759 -0.4498884 -0.890328
vn -0.0701176 -0.4498883 -0.890328
vn 0.6556212 0.2509547 0.7121675
vn 0.6556212 0.2509547 0.7121675
vn 0.6556212 0.2509547 0.7121675
vn 0.6556212 0.2509547 0.7121675
vn 0.305038 0.4216787 0.8538963
vn 0.3050379 0.4216787 0.8538963
vn 0.305038 0.4216787 0.8538963
vn 0.305038 0.4216787 0.8538963
vn -0.08439869 -0.5686374 -0.8182471
vn -0.08439869 -0.5686374 -0.8182471
vn -0.08439869 -0.5686373 -0.8182472
vn -0.08439869 -0.5686373 -0.8182472
vn -0.3778794 0.1154032 -0.9186345
vn -0.3778794 0.1154032 -0.9186345
vn -0.3778794 0.1154032 -0.9186345
vn -0.3778794 0.1154032 -0.9186345
vn 0.2913638 0.6738329 0.6790113
vn 0.2913637 0.6738329 0.6790113
vn 0.2913638 0.6738329 0.6790113
vn 0.2913638 0.6738329 0.6790113
vn 0.2719919 0.4622911 0.8439831
vn 0.2719919 0.4622911 0.8439831
vn 0.2719919 0.4622911 0.8439831
vn 0.2719919 0.4622911 0.843983
vn 0.1457228 0.9038265 0.4023215
vn 0.1457228 0.9038265 0.4023215
vn 0.1457228 0.9038265 0.4023214
vn 0.1457228 0.9038265 0.4023214
vn 0.2391369 -0.3129995 0.9191544
vn 0.2391369 -0.3129995 0.9191544
vn 0.2391369 -0.3129995 0.9191544
vn 0.2391369 -0.3129995 0.9191544
vn -0.4911233 0.3568219 0.7946547
vn -0.4911233 0.3568219 0.7946547
vn -0.4911233 0.3568219 0.7946547
vn 0.1875924 0.57735 0.7946548
vn 0.1875924 0.57735 0.7946548
vn 0.1875924 0.5773499 0.7946548
vn 0.6070617 0 0.7946547
vn 0.6070617 0 0.7946547
vn 0.6070617 0 0.7946547
vn 0.1875924 -0.57735 0.7946547
vn 0.1875924 -0.57735 0.7946548
vn 0.1875924 -0.57735 0.7946548
vn -0.4911233 -0.3568218 0.7946547
vn -0.4911233 -0.3568218 0.7946547
vn -0.4911233 -0.3568218 0.7946547
vn -0.982247 0 -0.1875924
vn -0.982247 0 -0.1875923
vn -0.982247 0 -0.1875923
vn -0.3035312 0.9341723 -0.1875924
vn -0.3035312 0.9341723 -0.1875924
vn -0.3035312 0.9341723 -0.1875924
vn 0.7946546 0.5773501 -0.1875925
vn 0.7946546 0.5773501 -0.1875925
vn 0.7946546 0.5773501 -0.1875925
vn 0.7946544 -0.5773504 -0.1875926
vn 0.7946544 -0.5773504 -0.1875926
vn 0.7946544 -0.5773503 -0.1875926
vn -0.3035313 -0.9341723 -0.1875924
vn -0.3035313 -0.9341723 -0.1875924
vn -0.3035313 -0.9341723 -0.1875924
vn -0.7946546 0.5773501 0.1875924
vn -0.7946546 0.5773501 0.1875924
vn -0.7946546 0.5773501 0.1875924
vn 0.3035312 0.9341723 0.1875924
vn 0.3035311 0.9341723 0.1875924
vn 0.3035312 0.9341723 0.1875924
vn 0.982247 0 0.1875922
vn 0.982247 0 0.1875922
vn 0.982247 0 0.1875922
vn 0.3035311 -0.9341724 0.1875923
vn 0.3035311 -0.9341724 0.1875923
vn 0.3035311 -0.9341724 0.1875923
vn -0.7946547 -0.5773501 0.1875922
vn -0.7946547 -0.5773501 0.1875922
vn -0.7946547 -0.5773501 0.1875922
vn -0.1875925 0.5773499 -0.7946547
vn -0.1875925 0.57735 -0.7946547
vn -0.1875925 0.57735 -0.7946547
vn 0.4911233 0.3568219 -0.7946547
vn 0.4911233 0.3568219 -0.7946547
vn 0.4911233 0.3568219 -0.7946547
vn 0.4911233 -0.3568221 -0.7946547
vn 0.4911233 -0.3568221 -0.7946547
vn 0.4911233 -0.3568221 -0.7946547
vn -0.1875925 -0.5773498 -0.7946548
vn -0.1875925 -0.5773498 -0.7946548
vn -0.1875925 -0.5773498 -0.7946548
vn -0.6070619 0 -0.7946547
vn -0.6070619 0 -0.7946546
vn -0.6070619 0 -0.7946547
vn -0.1586777 -0.3963319 0.9042912
vn -0.1586777 -0.3963319 0.9042912
vn -0.1586777 -0.3963319 0.9042911
vn 0.9126305 -0.3663806 0.181303
vn 0.9126305 -0.3663806 0.181303
vn 0.9126305 -0.3663806 0.181303
vn 0.9126305 -0.3663806 0.181303
vn 0.9396858 -0.003559433 -0.3420205
vn 0.9396858 -0.003559433 -0.3420205
vn 0.9396858 -0.003559433 -0.3420205
vn 0.9396858 -0.003559433 -0.3420205
vn 0.5771955 0.4416034 0.6869001
vn 0.5771956 0.4416034 0.6869001
vn 0.5771955 0.4416034 0.6869
vn 0.5771956 0.4416034 0.6869001
vn 0.1507095 -0.8766555 0.4569044
vn 0.1507095 -0.8766555 0.4569044
vn 0.1507095 -0.8766555 0.4569044
vn 0.1507095 -0.8766556 0.4569044
vn 0 0.9848077 0.1736482
vn 0 0.9848077 0.1736482
vn 0 0.9848077 0.1736482
vn 0 0.9848077 0.1736482
vn 0 0.9848077 0.1736482
vn 0.8090172 -0.1020676 0.5788552
vn 0.8090172 -0.1020676 0.5788552
vn 0.8090172 -0.1020676 0.5788552
vn 0.8090172 -0.1020676 0.5788552
vn -0.3090175 -0.1651489 0.9366077
vn -0.3090176 -0.1651489 0.9366077
vn -0.3090176 -0.165149 0.9366077
vn -0.3090176 -0.1651489 0.9366077
vn -1 0 0
vn -1 0 0
vn -1 0 0
vn -1 0 0
vn -0.3090169 0.1651493 -0.9366078
vn -0.3090169 0.1651493 -0.9366078
vn -0.3090169 0.1651493 -0.9366078
vn -0.3090169 0.1651493 -0.9366078
vn 0.8090169 0.1020678 -0.5788556
vn 0.8090169 0.1020678 -0.5788556
vn 0.8090169 0.1020678 -0.5788556
vn 0.8090169 0.1020678 -0.5788556
vn 0 -0.9848077 -0.1736483
vn 0 -0.9848077 -0.1736482
vn 0 -0.9848077 -0.1736482
vn 0 -0.9848077 -0.1736482
vn 0 -0.9848077 -0.1736482
vn -0.9302227 0.006755562 0.3669332
vn -0.9302227 0.006755562 0.3669332
vn -0.9715081 0.008342952 0.2368595
vn -0.9763122 0.00857629 0.2161967
vn 0 0 -1
vn 0 0 -1
vn 0 0 -1
vn 0 0 -1
vn 0 0 -1
vn 0 0 -1
vn -0.315307 -0.9486411 0.02572265
vn 0 -0.9996325 0.02710531
vn 0 -0.9995371 -0.03042169
vn -0.3051475 -0.9520794 -0.02073585
vn -0.271782 -0.9589285 0.081183
vn 0 -0.9959053 0.09040232
vn 0.3153067 -0.9486411 0.02572267
vn 0.3051472 -0.9520794 -0.02073582
vn 0.2717817 -0.9589286 0.08118306
vn -0.3996871 0 0.9166517
vn 0 0 1
vn 0 0 1
vn -0.3996871 0 0.9166517
vn 0.3996871 0 0.9166517
vn 0.3996871 0 0.9166517
vn -0.2803327 0.9514267 0.1272816
vn 0 0.9911699 0.1325985
vn 0 0.9820845 0.1884411
vn -0.2541235 0.9516028 0.1728391
vn 0.2803331 0.9514267 0.1272818
vn 0.2541239 0.9516027 0.1728392
vn -0.1713351 -0.6468894 -0.7430871
vn -0.1713351 -0.6468894 -0.7430871
vn -0.1713351 -0.6468894 -0.7430871
vn -0.1713351 -0.6468894 -0.743087
vn -0.7151856 0.002850468 -0.6989288
vn -0.7151856 0.002850468 -0.6989288
vn -0.7151856 0.002850468 -0.6989288
vn -0.7151856 0.002850468 -0.6989288
vn -0.2576908 0.8187085 -0.5131394
vn -0.2576908 0.8187084 -0.5131394
vn -0.2576907 0.8187084 -0.5131394
vn -0.2576907 0.8187084 -0.5131394
vn 0.7887237 0.005131293 -0.6147265
vn 0.7887237 0.005131293 -0.6147265
vn 0.7887236 0.005131293 -0.6147265
vn 0.7887237 0.005131293 -0.6147265
vn -0.263504 -0.9646583 0
vn -0.263504 -0.9646583 0
vn -0.263504 -0.9646583 0
vn -0.263504 -0.9646583 0
vn -1 0 0
vn -1 0 0
vn -1 0 0
vn -1 0 0
vn -0.2938988 0.9553139 -0.03160574
vn -0.2938988 0.9553139 -0.03160573
vn -0.2938988 0.9553139 -0.03160574
vn -0.2938988 0.9553139 -0.03160574
vn -0.2634986 0.9646395 -0.006243082
vn -0.2634986 0.9646395 -0.006243082
vn 1 0 0
vn 1 0 0
vn 1 0 0
vn 1 0 0
vn -0.2588248 -0.9475282 -0.1876164
vn -0.2588248 -0.9475282 -0.1876164
vn -0.2588248 -0.9475282 -0.1876164
vn -0.2588248 -0.9475282 -0.1876164
vn -0.9967794 0 -0.08019273
vn -0.9967794 0 -0.08019274
vn -0.9967794 0 -0.08019274
vn -0.9967794 0 -0.08019274
vn 0.9967794 0 -0.08019269
vn 0.9967794 0 -0.08019269
vn 0.9967794 0 -0.08019269
vn 0.9967794 0 -0.08019269
vn 0.08231962 -0.996606 0
vn 0.08231962 -0.996606 0
vn 0.08231962 -0.996606 0
vn 0.08231962 -0.996606 0
vn -1 0 0
vn -1 0 0
vn -1 0 0
vn -1 0 0
vn -0.2635038 0.9646583 0
vn -0.2635038 0.9646583 0
vn -0.2635038 0.9646583 0
vn -0.2635038 0.9646583 0
vn 1 0 0
vn 1 0 0
vn 1 0 0
vn 1 0 0
vn -0.0319012 -0.2487588 0.9680399
vn -0.03190119 -0.2487588 0.9680399
vn -0.03190119 -0.2487588 0.9680399
vn -0.0319012 -0.2487588 0.9680399
vn -0.9644659 -0.2642072 0
vn -0.9644659 -0.2642072 0
vn -0.9644659 -0.2642072 0
vn -0.9644659 -0.2642072 0
vn 0.9807822 -0.195106 0
vn 0.9807822 -0.195106 0
vn 0.9807822 -0.195106 0
vn 0.9807822 -0.195106 0
vn -0.2620443 -0.3429865 0.9020494
vn -0.2620443 -0.3429865 0.9020494
vn -0.2620443 -0.3429865 0.9020494
vn -0.2620443 -0.3429865 0.9020494
vn -0.2647749 0.9600345 -0.09070776
vn -0.2447161 0.9674643 0.06423969
vn 0 0.9947333 0.1024969
vn 0 0.9955661 -0.09406491
vn -0.2541235 0.9516028 0.1728391
vn 0 0.9820845 0.1884411
vn 0.2647753 0.9600344 -0.09070774
vn 0.2447165 0.9674643 0.0642397
vn 0.2541239 0.9516027 0.1728392
vn 0.5334129 0.1073952 0.8390095
vn 0.5334129 0.1073952 0.8390095
vn 0.5334129 0.1073952 0.8390095
vn 0.5334129 0.1073952 0.8390095
vn -0.7487746 0.6489164 0.135071
vn -0.7487746 0.6489163 0.135071
vn -0.7487746 0.6489164 0.135071
vn -0.7487746 0.6489164 0.135071
vn -0.7762056 -0.1284652 -0.6172532
vn -0.7762057 -0.1284652 -0.6172532
vn -0.7762056 -0.1284652 -0.6172532
vn -0.7762056 -0.1284652 -0.6172532
vn 0.0555786 -0.9886956 -0.1392556
vn 0.0555786 -0.9886956 -0.1392556
vn 0.0555786 -0.9886956 -0.1392556
vn 0.0555786 -0.9886956 -0.1392556
vn 0.7567627 0.3645532 0.5425966
vn 0.7567627 0.3645532 0.5425966
vn 0.7567628 0.3645532 0.5425966
vn 0.7567627 0.3645532 0.5425966
vn -0.795666 0.4928352 0.3521778
vn -0.795666 0.4928352 0.3521777
vn -0.795666 0.4928352 0.3521778
vn -0.7956659 0.4928352 0.3521777
vn -0.83452 -0.3551969 -0.4212025
vn -0.83452 -0.3551969 -0.4212024
vn -0.83452 -0.3551969 -0.4212025
vn -0.83452 -0.3551969 -0.4212024
vn 0.5312654 -0.7286225 -0.4322805
vn 0.5312654 -0.7286224 -0.4322805
vn 0.5312654 -0.7286224 -0.4322805
vn 0.5312654 -0.7286224 -0.4322804
vn -0.9763122 0.00857629 0.2161967
vn -0.9715081 0.008342952 0.2368595
vn -0.9972263 0.01005392 0.07374717
vn -0.9972263 0.01005392 0.07374717
vn -0.2458933 -0.9436826 0.2213585
vn -0.271782 -0.9589285 0.081183
vn 0 -0.9959053 0.09040232
vn 0 -0.9735743 0.2283702
vn 0.2458931 -0.9436827 0.2213586
vn 0.2717817 -0.9589286 0.08118306
vn -0.9714257 -0.1488698 0.1848508
vn -0.9714257 -0.1488698 0.1848508
vn -0.9866003 -0.1015858 0.1276724
vn -0.9880469 -0.09584852 0.1207328
vn 0 0 -1
vn 0 0 -1
vn 0 0 -1
vn 0 0 -1
vn 0 0 -1
vn 0 0 -1
vn -0.3153065 -0.6889792 -0.652602
vn 0 -0.7260133 -0.6876807
vn 0 -0.6852681 -0.7282909
vn -0.305147 -0.6585593 -0.6878843
vn -0.2723138 -0.7533994 -0.598527
vn 0 -0.7904465 -0.6125311
vn 0.3153064 -0.6889793 -0.652602
vn 0.3051468 -0.6585595 -0.6878843
vn 0.2723135 -0.7533994 -0.598527
vn -0.3996868 -0.6481705 0.6481709
vn 0 -0.7071066 0.7071069
vn 0 -0.7071066 0.707107
vn -0.3996868 -0.6481704 0.6481708
vn 0.3996866 -0.6481706 0.6481708
vn 0.3996866 -0.6481706 0.6481709
vn -0.2770703 0.7013099 0.6568078
vn 0 0.7298852 0.6835697
vn 0 0.6263494 0.7795425
vn -0.2520854 0.6193998 0.743503
vn 0.2770704 0.70131 0.6568076
vn 0.2520856 0.6193999 0.743503
vn -0.1713349 -0.103683 -0.9797419
vn -0.1713348 -0.103683 -0.9797419
vn -0.1713349 -0.103683 -0.9797419
vn -0.1713349 -0.103683 -0.9797419
vn -0.7151853 0.4032241 -0.5708942
vn -0.7151853 0.4032242 -0.5708943
vn -0.7151853 0.4032242 -0.5708942
vn -0.7151853 0.4032242 -0.5708942
vn -0.2576908 0.9649713 0.04925284
vn -0.2576908 0.9649713 0.04925283
vn -0.2576907 0.9649714 0.04925284
vn -0.2576907 0.9649714 0.04925285
vn 0.7887226 0.3567967 -0.5006125
vn 0.7887226 0.3567967 -0.5006124
vn 0.7887226 0.3567967 -0.5006124
vn 0.7887226 0.3567967 -0.5006124
vn -0.2366775 -0.9700148 0.05527398
vn -0.2366775 -0.9700147 0.05527398
vn -0.2366775 -0.9700147 0.05527398
vn -0.2366775 -0.9700147 0.05527398
vn -1 0 0
vn -1 0 0
vn -1 0 0
vn -1 0 0
vn -0.2652328 0.961316 0.07431749
vn -0.2652327 0.961316 0.07431749
vn -0.2652327 0.961316 0.07431749
vn -0.2652327 0.961316 0.07431749
vn 1 0 0
vn 1 0 0
vn 1 0 0
vn 1 0 0
vn -0.2363499 -0.8652514 -0.4421297
vn -0.2363499 -0.8652514 -0.4421297
vn -0.2363499 -0.8652514 -0.4421297
vn -0.2363499 -0.8652514 -0.4421297
vn -0.9959446 0 -0.08996893
vn -0.9959446 0 -0.08996893
vn -0.9959446 0 -0.08996893
vn -0.9959446 0 -0.08996893
vn -0.254302 0.9309708 0.2619616
vn -0.254302 0.9309708 0.2619616
vn -0.254302 0.9309708 0.2619616
vn -0.254302 0.9309708 0.2619616
vn 0.9959446 0 -0.08996925
vn 0.9959446 0 -0.08996925
vn 0.9959446 0 -0.08996925
vn 0.9959446 0 -0.08996925
vn 0.08232027 -0.9966059 0
vn 0.08232027 -0.9966059 0
vn 0.08232027 -0.9966059 0
vn 0.08232027 -0.9966059 0
vn -1 0 0
vn -1 0 0
vn -1 0 0
vn -1 0 0
vn -0.2635042 0.9646583 0
vn -0.2635042 0.9646583 0
vn -0.2635042 0.9646583 0
vn -0.2635042 0.9646583 0
vn 1 0 0
vn 1 0 0
vn 1 0 0
vn 1 0 0
vn -0.03190102 -0.2487588 0.9680399
vn -0.03190103 -0.2487588 0.9680399
vn -0.03190102 -0.2487588 0.9680399
vn -0.03190102 -0.2487588 0.9680399
vn -0.964466 -0.264207 0
vn -0.964466 -0.264207 0
vn -0.964466 -0.264207 0
vn -0.964466 -0.264207 0
vn 0.9807821 -0.1951063 0
vn 0.9807821 -0.1951063 0
vn 0.9807821 -0.1951063 0
vn 0.9807821 -0.1951063 0
vn -0.2620439 -0.7480594 0.609705
vn -0.2620438 -0.7480594 0.609705
vn -0.2620439 -0.7480593 0.609705
vn -0.2620439 -0.7480593 0.609705
vn -0.2647749 0.7429869 0.6147071
vn -0.2447161 0.6386762 0.7295249
vn 0 0.6309065 0.7758589
vn 0 0.7704853 0.6374578
vn -0.2520854 0.6193998 0.743503
vn 0 0.6263494 0.7795425
vn 0.2647752 0.7429867 0.614707
vn 0.2447163 0.6386761 0.729525
vn 0.2520856 0.6193999 0.743503
vn 0.5695192 -0.4983917 0.6536465
vn 0.5695192 -0.4983917 0.6536465
vn 0.5695192 -0.4983917 0.6536465
vn 0.5695192 -0.4983917 0.6536465
vn -0.5389 0.6140162 0.5766895
vn -0.5389 0.6140161 0.5766895
vn -0.5389 0.6140162 0.5766895
vn -0.5389 0.6140162 0.5766895
vn -0.7350235 0.3248931 -0.5951344
vn -0.7350235 0.3248931 -0.5951344
vn -0.7350235 0.3248931 -0.5951344
vn -0.7350235 0.3248931 -0.5951344
vn -0.1690974 -0.7300219 -0.6621739
vn -0.1690974 -0.7300219 -0.6621739
vn -0.1690974 -0.7300219 -0.6621738
vn -0.1690974 -0.7300219 -0.6621738
vn 0.8459467 0.3917049 0.3618584
vn 0.8459467 0.3917049 0.3618584
vn 0.8459467 0.3917049 0.3618584
vn 0.8459467 0.3917049 0.3618584
vn -0.8395943 0.1481875 0.5226105
vn -0.8395943 0.1481875 0.5226105
vn -0.8395943 0.1481875 0.5226105
vn -0.8395943 0.1481875 0.5226105
vn -0.9206582 -0.3116944 -0.2350215
vn -0.9206582 -0.3116945 -0.2350215
vn -0.9206582 -0.3116944 -0.2350215
vn -0.9206582 -0.3116944 -0.2350215
vn 0.1761547 -0.6526117 -0.7369311
vn 0.1761547 -0.6526117 -0.7369311
vn 0.1761547 -0.6526117 -0.7369311
vn 0.1761547 -0.6526117 -0.7369311
vn -0.9880469 -0.09584852 0.1207328
vn -0.9866003 -0.1015858 0.1276724
vn -0.9972263 -0.04503791 0.05925613
vn -0.9972263 -0.04503791 0.05925613
vn -0.2433756 -0.8550845 -0.4578196
vn -0.2723138 -0.7533994 -0.598527
vn 0 -0.7904465 -0.6125311
vn 0 -0.881592 -0.4720121
vn 0.2433753 -0.8550845 -0.4578199
vn 0.2723135 -0.7533994 -0.598527
vn 0.971508 0.008342664 0.2368597
vn 0.9302227 0.006755326 0.3669334
vn 0.9302227 0.006755325 0.3669334
vn 0.9763122 0.008575995 0.2161968
vn 0 0 -1
vn 0 0 -1
vn 0 0 -1
vn 0 0 -1
vn 0 0 -1
vn 0 0 -1
vn 0.171335 -0.6468893 -0.7430873
vn 0.171335 -0.6468893 -0.7430872
vn 0.171335 -0.6468893 -0.7430872
vn 0.171335 -0.6468893 -0.7430872
vn 0.7151853 0.002850272 -0.6989291
vn 0.7151853 0.002850272 -0.698929
vn 0.7151853 0.002850272 -0.6989291
vn 0.7151853 0.002850272 -0.6989291
vn 0.257691 0.8187082 -0.5131395
vn 0.257691 0.8187082 -0.5131395
vn 0.257691 0.8187082 -0.5131396
vn 0.2576911 0.8187082 -0.5131395
vn -0.7887238 0.005131537 -0.6147264
vn -0.7887238 0.005131538 -0.6147264
vn -0.7887238 0.005131538 -0.6147264
vn -0.7887238 0.005131538 -0.6147264
vn 0.2635037 -0.9646584 0
vn 0.2635037 -0.9646584 0
vn 0.2635037 -0.9646584 0
vn 0.2635037 -0.9646584 0
vn 1 0 0
vn 1 0 0
vn 1 0 0
vn 1 0 0
vn 0.2938991 0.9553137 -0.03160563
vn 0.2938991 0.9553137 -0.03160563
vn 0.2938991 0.9553137 -0.03160563
vn 0.2938991 0.9553137 -0.03160564
vn 0.2634989 0.9646395 -0.006243181
vn 0.263499 0.9646395 -0.006243182
vn -1 0 0
vn -1 0 0
vn -1 0 0
vn -1 0 0
vn 0.2588246 -0.9475283 -0.1876164
vn 0.2588246 -0.9475283 -0.1876164
vn 0.2588246 -0.9475283 -0.1876164
vn 0.2588246 -0.9475283 -0.1876164
vn 0.9967794 0 -0.08019264
vn 0.9967794 0 -0.08019263
vn 0.9967794 0 -0.08019264
vn 0.9967794 0 -0.08019263
vn -0.9967794 0 -0.08019271
vn -0.9967794 0 -0.08019271
vn -0.9967794 0 -0.08019271
vn -0.9967794 0 -0.08019271
vn -0.08231992 -0.9966059 0
vn -0.08231992 -0.9966059 0
vn -0.08231993 -0.9966059 0
vn -0.08231992 -0.9966059 0
vn 1 0 0
vn 1 0 0
vn 1 0 0
vn 1 0 0
vn 0.2635041 0.9646583 0
vn 0.2635041 0.9646583 0
vn 0.2635041 0.9646583 0
vn 0.2635041 0.9646583 0
vn -1 0 0
vn -1 0 0
vn -1 0 0
vn -1 0 0
vn 0.03190111 -0.2487588 0.9680399
vn 0.03190111 -0.2487588 0.9680399
vn 0.03190111 -0.2487588 0.9680399
vn 0.03190111 -0.2487588 0.9680399
vn 0.9644659 -0.2642075 0
vn 0.9644659 -0.2642075 0
vn 0.9644659 -0.2642075 0
vn 0.9644659 -0.2642075 0
vn -0.9807823 -0.1951055 0
vn -0.9807823 -0.1951055 0
vn -0.9807823 -0.1951055 0
vn -0.9807823 -0.1951055 0
vn 0.2620442 -0.3429866 0.9020494
vn 0.2620442 -0.3429866 0.9020494
vn 0.2620442 -0.3429866 0.9020494
vn 0.2620442 -0.3429866 0.9020494
vn -0.5334134 0.1073955 0.8390092
vn -0.5334134 0.1073955 0.8390092
vn -0.5334134 0.1073955 0.8390092
vn -0.5334134 0.1073955 0.8390092
vn 0.7487746 0.6489164 0.1350711
vn 0.7487746 0.6489163 0.1350711
vn 0.7487746 0.6489164 0.1350711
vn 0.7487746 0.6489164 0.1350711
vn 0.7762054 -0.1284655 -0.6172534
vn 0.7762054 -0.1284655 -0.6172534
vn 0.7762054 -0.1284655 -0.6172534
vn 0.7762054 -0.1284655 -0.6172534
vn -0.05557895 -0.9886955 -0.1392556
vn -0.05557894 -0.9886955 -0.1392556
vn -0.05557895 -0.9886955 -0.1392556
vn -0.05557895 -0.9886955 -0.1392556
vn -0.7567627 0.3645534 0.5425966
vn -0.7567627 0.3645534 0.5425966
vn -0.7567627 0.3645535 0.5425966
vn -0.7567627 0.3645534 0.5425966
vn 0.7956659 0.492835 0.3521781
vn 0.7956659 0.492835 0.3521781
vn 0.7956659 0.492835 0.352178
vn 0.795666 0.492835 0.352178
vn 0.8345198 -0.3551974 -0.4212024
vn 0.8345198 -0.3551973 -0.4212024
vn 0.8345198 -0.3551974 -0.4212025
vn 0.8345198 -0.3551973 -0.4212025
vn -0.5312658 -0.7286221 -0.4322805
vn -0.5312657 -0.7286221 -0.4322805
vn -0.5312658 -0.7286221 -0.4322806
vn -0.5312658 -0.7286221 -0.4322805
vn 0.9763122 0.008575995 0.2161968
vn 0.9972262 0.01005358 0.07374731
vn 0.9972262 0.01005358 0.07374731
vn 0.971508 0.008342664 0.2368597
vn 0.9866002 -0.1015861 0.1276724
vn 0.9714257 -0.1488701 0.1848507
vn 0.9714257 -0.1488701 0.1848507
vn 0.9880469 -0.09584885 0.1207328
vn 0 0 -1
vn 0 0 -1
vn 0 0 -1
vn 0 0 -1
vn 0 0 -1
vn 0 0 -1
vn 0.171335 -0.1036835 -0.9797418
vn 0.171335 -0.1036836 -0.9797418
vn 0.171335 -0.1036836 -0.9797418
vn 0.171335 -0.1036836 -0.9797418
vn 0.715186 0.4032236 -0.5708938
vn 0.7151859 0.4032237 -0.5708938
vn 0.7151859 0.4032237 -0.5708938
vn 0.7151859 0.4032237 -0.5708938
vn 0.257691 0.9649712 0.04925342
vn 0.257691 0.9649712 0.04925342
vn 0.257691 0.9649712 0.04925343
vn 0.257691 0.9649712 0.04925342
vn -0.7887224 0.356797 -0.5006126
vn -0.7887223 0.356797 -0.5006126
vn -0.7887223 0.356797 -0.5006126
vn -0.7887223 0.356797 -0.5006126
vn 0.2366775 -0.9700148 0.05527369
vn 0.2366775 -0.9700148 0.05527369
vn 0.2366775 -0.9700148 0.05527369
vn 0.2366775 -0.9700148 0.05527369
vn 1 0 0
vn 1 0 0
vn 1 0 0
vn 1 0 0
vn 0.265233 0.9613159 0.07431737
vn 0.265233 0.9613159 0.07431737
vn 0.265233 0.9613159 0.07431737
vn 0.265233 0.9613159 0.07431737
vn -1 0 0
vn -1 0 0
vn -1 0 0
vn -1 0 0
vn 0.2363496 -0.8652515 -0.4421296
vn 0.2363496 -0.8652515 -0.4421296
vn 0.2363496 -0.8652515 -0.4421297
vn 0.2363496 -0.8652515 -0.4421297
vn 0.9959446 0 -0.08996906
vn 0.9959446 0 -0.08996907
vn 0.9959446 0 -0.08996906
vn 0.9959446 0 -0.08996905
vn 0.2543023 0.9309707 0.2619618
vn 0.2543023 0.9309707 0.2619618
vn 0.2543023 0.9309707 0.2619618
vn 0.2543023 0.9309707 0.2619618
vn -0.9959446 0 -0.08996923
vn -0.9959446 0 -0.08996923
vn -0.9959446 0 -0.08996922
vn -0.9959446 0 -0.08996922
vn -0.08232069 -0.9966059 0
vn -0.08232069 -0.9966059 0
vn -0.08232069 -0.9966059 0
vn -0.08232069 -0.9966059 0
vn 1 0 0
vn 1 0 0
vn 1 0 0
vn 1 0 0
vn 0.2635043 0.9646583 0
vn 0.2635043 0.9646583 0
vn 0.2635043 0.9646583 0
vn 0.2635043 0.9646583 0
vn -1 0 0
vn -1 0 0
vn -1 0 0
vn -1 0 0
vn 0.03190088 -0.2487587 0.96804
vn 0.03190088 -0.2487587 0.96804
vn 0.03190088 -0.2487587 0.96804
vn 0.03190088 -0.2487587 0.96804
vn 0.964466 -0.264207 0
vn 0.964466 -0.264207 0
vn 0.964466 -0.264207 0
vn 0.964466 -0.264207 0
vn -0.9807823 -0.1951055 0
vn -0.9807823 -0.1951055 0
vn -0.9807823 -0.1951055 0
vn -0.9807823 -0.1951055 0
vn 0.2620432 -0.7480596 0.609705
vn 0.2620432 -0.7480596 0.609705
vn 0.2620432 -0.7480596 0.609705
vn 0.2620432 -0.7480596 0.609705
vn -0.569519 -0.4983918 0.6536463
vn -0.5695191 -0.4983918 0.6536463
vn -0.5695191 -0.4983919 0.6536463
vn -0.569519 -0.4983918 0.6536463
vn 0.5388998 0.6140161 0.5766898
vn 0.5388998 0.6140161 0.5766898
vn 0.5388998 0.6140161 0.5766898
vn 0.5388998 0.6140161 0.5766898
vn 0.7350236 0.3248928 -0.5951344
vn 0.7350236 0.3248929 -0.5951345
vn 0.7350236 0.3248928 -0.5951344
vn 0.7350236 0.3248928 -0.5951344
vn 0.1690972 -0.7300219 -0.6621739
vn 0.1690972 -0.7300218 -0.6621739
vn 0.1690972 -0.7300219 -0.6621739
vn 0.1690972 -0.7300219 -0.6621739
vn -0.8459464 0.3917054 0.3618584
vn -0.8459464 0.3917054 0.3618584
vn -0.8459464 0.3917054 0.3618584
vn -0.8459464 0.3917054 0.3618584
vn 0.8395943 0.1481872 0.5226107
vn 0.8395943 0.1481872 0.5226107
vn 0.8395943 0.1481872 0.5226107
vn 0.8395942 0.1481872 0.5226107
vn 0.9206581 -0.3116947 -0.2350213
vn 0.9206581 -0.3116947 -0.2350213
vn 0.9206581 -0.3116947 -0.2350213
vn 0.9206581 -0.3116947 -0.2350213
vn -0.176155 -0.6526116 -0.7369311
vn -0.176155 -0.6526116 -0.7369311
vn -0.176155 -0.6526116 -0.7369311
vn -0.176155 -0.6526116 -0.7369311
vn 0.9880469 -0.09584885 0.1207328
vn 0.9972262 -0.04503834 0.05925621
vn 0.9972262 -0.04503834 0.05925621
vn 0.9866002 -0.1015861 0.1276724
g wushi_0
f 3/3/3 2/2/2 1/1/1
f 4/4/4 3/3/3 1/1/1
f 7/7/7 6/6/6 5/5/5
f 8/8/8 7/7/7 5/5/5
f 11/11/11 10/10/10 9/9/9
f 14/14/14 13/13/13 12/12/12
f 17/17/17 16/16/16 15/15/15
f 18/18/18 17/17/17 15/15/15
f 21/21/21 20/20/20 19/19/19
f 24/24/24 23/23/23 22/22/22
f 25/25/25 24/24/24 22/22/22
f 28/28/28 27/27/27 26/26/26
f 29/29/29 28/28/28 26/26/26
f 32/32/32 31/31/31 30/30/30
f 33/33/33 32/32/32 30/30/30
f 36/36/36 35/35/35 34/34/34
f 37/37/37 36/36/36 34/34/34
f 37/37/37 34/34/34 38/38/38
f 39/39/39 37/37/37 38/38/38
f 42/42/42 41/41/41 40/40/40
f 40/40/40 43/43/43 42/42/42
f 43/43/43 44/44/44 42/42/42
f 47/47/47 46/46/46 45/45/45
f 48/48/48 47/47/47 45/45/45
f 51/51/51 50/50/50 49/49/49
f 49/49/49 52/52/52 51/51/51
f 52/52/52 53/53/53 51/51/51
f 56/56/56 55/55/55 54/54/54
f 59/59/59 58/58/58 57/57/57
f 60/60/60 59/59/59 57/57/57
f 63/63/63 62/62/62 61/61/61
f 66/66/66 65/65/65 64/64/64
f 67/67/67 65/65/65 66/66/66
f 68/68/68 67/67/67 66/66/66
f 66/66/66 69/69/69 68/68/68
f 70/70/70 69/69/69 66/66/66
f 64/64/64 70/70/70 66/66/66
f 73/73/73 72/72/72 71/71/71
f 74/74/74 73/73/73 71/71/71
f 77/77/77 76/76/76 75/75/75
f 78/78/78 77/77/77 75/75/75
f 81/81/81 80/80/80 79/79/79
f 82/82/82 81/81/81 79/79/79
f 82/82/82 83/83/83 81/81/81
f 83/83/83 84/84/84 81/81/81
f 87/87/87 86/86/86 85/85/85
f 90/90/90 89/89/89 88/88/88
f 91/91/91 90/90/90 88/88/88
f 94/94/94 93/93/93 92/92/92
f 95/95/95 94/94/94 92/92/92
f 98/98/98 97/97/97 96/96/96
f 99/99/99 98/98/98 96/96/96
f 102/102/102 101/101/101 100/100/100
f 103/103/103 102/102/102 100/100/100
f 106/106/106 105/105/105 104/104/104
f 107/107/107 106/106/106 104/104/104
f 110/110/110 109/109/109 108/108/108
f 113/113/113 112/112/112 111/111/111
f 116/116/116 115/115/115 114/114/114
f 119/119/119 118/118/118 117/117/117
f 120/120/120 119/119/119 117/117/117
f 123/123/123 122/122/122 121/121/121
f 124/124/124 123/123/123 121/121/121
f 127/127/127 126/126/126 125/125/125
f 128/128/128 127/127/127 125/125/125
f 131/131/131 130/130/130 129/129/129
f 132/132/132 131/131/131 129/129/129
f 135/135/135 134/134/134 133/133/133
f 136/136/136 135/135/135 133/133/133
f 139/139/139 138/138/138 137/137/137
f 140/140/140 139/139/139 137/137/137
f 143/143/143 142/142/142 141/141/141
f 144/144/144 143/143/143 141/141/141
f 147/147/147 146/146/146 145/145/145
f 148/148/148 147/147/147 145/145/145
f 151/151/151 150/150/150 149/149/149
f 152/152/152 151/151/151 149/149/149
f 155/155/155 154/154/154 153/153/153
f 156/156/156 155/155/155 153/153/153
f 159/159/159 158/158/158 157/157/157
f 160/160/160 159/159/159 157/157/157
f 163/163/163 162/162/162 161/161/161
f 164/164/164 163/163/163 161/161/161
f 167/167/167 166/166/166 165/165/165
f 168/168/168 167/167/167 165/165/165
f 171/171/171 170/170/170 169/169/169
f 172/172/172 171/171/171 169/169/169
f 175/175/175 174/174/174 173/173/173
f 176/176/176 175/175/175 173/173/173
f 179/179/179 178/178/178 177/177/177
f 180/180/180 179/179/179 177/177/177
f 183/183/183 182/182/182 181/181/181
f 184/184/184 183/183/183 181/181/181
f 187/187/187 186/186/186 185/185/185
f 188/188/188 187/187/187 185/185/185
f 191/191/191 190/190/190 189/189/189
f 192/192/192 191/191/191 189/189/189
f 195/195/195 194/194/194 193/193/193
f 196/196/196 195/195/195 193/193/193
f 199/199/199 198/198/198 197/197/197
f 202/202/202 201/201/201 200/200/200
f 205/205/205 204/204/204 203/203/203
f 208/208/208 207/207/207 206/206/206
f 211/211/211 210/210/210 209/209/209
f 214/214/214 213/213/213 212/212/212
f 217/217/217 216/216/216 215/215/215
f 220/220/220 219/219/219 218/218/218
f 223/223/223 222/222/222 221/221/221
f 226/226/226 225/225/225 224/224/224
f 229/229/229 228/228/228 227/227/227
f 232/232/232 231/231/231 230/230/230
f 235/235/235 234/234/234 233/233/233
f 238/238/238 237/237/237 236/236/236
f 241/241/241 240/240/240 239/239/239
f 244/244/244 243/243/243 242/242/242
f 247/247/247 246/246/246 245/245/245
f 250/250/250 249/249/249 248/248/248
f 253/253/253 252/252/252 251/251/251
f 256/256/256 255/255/255 254/254/254
f 259/259/259 258/258/258 257/257/257
f 262/262/262 261/261/261 260/260/260
f 263/263/263 262/262/262 260/260/260
f 266/266/266 265/265/265 264/264/264
f 267/267/267 266/266/266 264/264/264
f 270/270/270 269/269/269 268/268/268
f 271/271/271 270/270/270 268/268/268
f 271/271/271 268/268/268 272/272/272
f 268/268/268 273/273/273 272/272/272
f 276/276/276 275/275/275 274/274/274
f 277/277/277 276/276/276 274/274/274
f 280/280/280 279/279/279 278/278/278
f 281/281/281 280/280/280 278/278/278
f 284/284/284 283/283/283 282/282/282
f 285/285/285 284/284/284 282/282/282
f 288/288/288 287/287/287 286/286/286
f 289/289/289 288/288/288 286/286/286
f 292/292/292 291/291/291 290/290/290
f 295/295/295 294/294/294 293/293/293
f 298/298/298 297/297/297 296/296/296
f 299/299/299 298/298/298 296/296/296
f 302/302/302 301/301/301 300/300/300
f 305/305/305 304/304/304 303/303/303
f 306/306/306 305/305/305 303/303/303
f 309/309/309 308/308/308 307/307/307
f 310/310/310 309/309/309 307/307/307
f 313/313/313 312/312/312 311/311/311
f 314/314/314 313/313/313 311/311/311
f 317/317/317 316/316/316 315/315/315
f 318/318/318 317/317/317 315/315/315
f 315/315/315 316/316/316 319/319/319
f 316/316/316 320/320/320 319/319/319
f 323/323/323 322/322/322 321/321/321
f 321/321/321 324/324/324 323/323/323
f 321/321/321 325/325/325 324/324/324
f 328/328/328 327/327/327 326/326/326
f 329/329/329 328/328/328 326/326/326
f 332/332/332 331/331/331 330/330/330
f 330/330/330 333/333/333 332/332/332
f 330/330/330 334/334/334 333/333/333
f 337/337/337 336/336/336 335/335/335
f 340/340/340 339/339/339 338/338/338
f 341/341/341 340/340/340 338/338/338
f 344/344/344 343/343/343 342/342/342
f 347/347/347 346/346/346 345/345/345
f 346/346/346 347/347/347 348/348/348
f 349/349/349 346/346/346 348/348/348
f 350/350/350 346/346/346 349/349/349
f 346/346/346 350/350/350 351/351/351
f 345/345/345 346/346/346 351/351/351
f 354/354/354 353/353/353 352/352/352
f 355/355/355 354/354/354 352/352/352
f 358/358/358 357/357/357 356/356/356
f 359/359/359 358/358/358 356/356/356
f 362/362/362 361/361/361 360/360/360
f 365/365/365 364/364/364 363/363/363
f 366/366/366 365/365/365 363/363/363
f 369/369/369 368/368/368 367/367/367
f 370/370/370 369/369/369 367/367/367
f 373/373/373 372/372/372 371/371/371
f 374/374/374 373/373/373 371/371/371
f 377/377/377 376/376/376 375/375/375
f 378/378/378 377/377/377 375/375/375
f 381/381/381 380/380/380 379/379/379
f 382/382/382 381/381/381 379/379/379
f 385/385/385 384/384/384 383/383/383
f 388/388/388 387/387/387 386/386/386
f 391/391/391 390/390/390 389/389/389
f 394/394/394 393/393/393 392/392/392
f 395/395/395 394/394/394 392/392/392
f 398/398/398 397/397/397 396/396/396
f 399/399/399 398/398/398 396/396/396
f 402/402/402 401/401/401 400/400/400
f 403/403/403 402/402/402 400/400/400
f 406/406/406 405/405/405 404/404/404
f 407/407/407 406/406/406 404/404/404
f 410/410/410 409/409/409 408/408/408
f 411/411/411 410/410/410 408/408/408
f 414/414/414 413/413/413 412/412/412
f 415/415/415 414/414/414 412/412/412
f 418/418/418 417/417/417 416/416/416
f 419/419/419 418/418/418 416/416/416
f 422/422/422 421/421/421 420/420/420
f 423/423/423 422/422/422 420/420/420
f 426/426/426 425/425/425 424/424/424
f 427/427/427 426/426/426 424/424/424
f 430/430/430 429/429/429 428/428/428
f 431/431/431 430/430/430 428/428/428
f 434/434/434 433/433/433 432/432/432
f 435/435/435 434/434/434 432/432/432
f 438/438/438 437/437/437 436/436/436
f 439/439/439 438/438/438 436/436/436
f 442/442/442 441/441/441 440/440/440
f 443/443/443 442/442/442 440/440/440
f 446/446/446 445/445/445 444/444/444
f 447/447/447 446/446/446 444/444/444
f 450/450/450 449/449/449 448/448/448
f 451/451/451 450/450/450 448/448/448
f 454/454/454 453/453/453 452/452/452
f 455/455/455 454/454/454 452/452/452
f 458/458/458 457/457/457 456/456/456
f 459/459/459 458/458/458 456/456/456
f 462/462/462 461/461/461 460/460/460
f 463/463/463 462/462/462 460/460/460
f 466/466/466 465/465/465 464/464/464
f 467/467/467 466/466/466 464/464/464
f 470/470/470 469/469/469 468/468/468
f 471/471/471 470/470/470 468/468/468
f 474/474/474 473/473/473 472/472/472
f 477/477/477 476/476/476 475/475/475
f 480/480/480 479/479/479 478/478/478
f 483/483/483 482/482/482 481/481/481
f 486/486/486 485/485/485 484/484/484
f 489/489/489 488/488/488 487/487/487
f 492/492/492 491/491/491 490/490/490
f 495/495/495 494/494/494 493/493/493
f 498/498/498 497/497/497 496/496/496
f 501/501/501 500/500/500 499/499/499
f 504/504/504 503/503/503 502/502/502
f 507/507/507 506/506/506 505/505/505
f 510/510/510 509/509/509 508/508/508
f 513/513/513 512/512/512 511/511/511
f 516/516/516 515/515/515 514/514/514
f 519/519/519 518/518/518 517/517/517
f 522/522/522 521/521/521 520/520/520
f 525/525/525 524/524/524 523/523/523
f 528/528/528 527/527/527 526/526/526
f 531/531/531 530/530/530 529/529/529
f 534/534/534 533/533/533 532/532/532
f 537/537/537 536/536/536 535/535/535
f 538/538/538 537/537/537 535/535/535
f 541/541/541 540/540/540 539/539/539
f 542/542/542 541/541/541 539/539/539
f 545/545/545 544/544/544 543/543/543
f 546/546/546 545/545/545 543/543/543
f 549/549/549 548/548/548 547/547/547
f 550/550/550 549/549/549 547/547/547
f 553/553/553 552/552/552 551/551/551
f 551/551/551 554/554/554 553/553/553
f 554/554/554 555/555/555 553/553/553
f 558/558/558 557/557/557 556/556/556
f 559/559/559 558/558/558 556/556/556
f 562/562/562 561/561/561 560/560/560
f 563/563/563 562/562/562 560/560/560
f 566/566/566 565/565/565 564/564/564
f 567/567/567 566/566/566 564/564/564
f 570/570/570 569/569/569 568/568/568
f 571/571/571 570/570/570 568/568/568
f 574/574/574 573/573/573 572/572/572
f 575/575/575 574/574/574 572/572/572
f 578/578/578 577/577/577 576/576/576
f 576/576/576 579/579/579 578/578/578
f 576/576/576 580/580/580 579/579/579
f 583/583/583 582/582/582 581/581/581
f 584/584/584 583/583/583 581/581/581
f 587/587/587 586/586/586 585/585/585
f 588/588/588 587/587/587 585/585/585
f 586/586/586 589/589/589 585/585/585
f 589/589/589 590/590/590 585/585/585
f 593/593/593 592/592/592 591/591/591
f 594/594/594 593/593/593 591/591/591
f 593/593/593 594/594/594 595/595/595
f 596/596/596 593/593/593 595/595/595
f 597/597/597 592/592/592 593/593/593
f 598/598/598 597/597/597 593/593/593
f 599/599/599 598/598/598 593/593/593
f 596/596/596 599/599/599 593/593/593
f 602/602/602 601/601/601 600/600/600
f 603/603/603 602/602/602 600/600/600
f 604/604/604 601/601/601 602/602/602
f 605/605/605 604/604/604 602/602/602
f 608/608/608 607/607/607 606/606/606
f 609/609/609 608/608/608 606/606/606
f 610/610/610 607/607/607 608/608/608
f 611/611/611 610/610/610 608/608/608
f 614/614/614 613/613/613 612/612/612
f 615/615/615 614/614/614 612/612/612
f 618/618/618 617/617/617 616/616/616
f 619/619/619 618/618/618 616/616/616
f 622/622/622 621/621/621 620/620/620
f 623/623/623 622/622/622 620/620/620
f 626/626/626 625/625/625 624/624/624
f 627/627/627 626/626/626 624/624/624
f 630/630/630 629/629/629 628/628/628
f 631/631/631 630/630/630 628/628/628
f 634/634/634 633/633/633 632/632/632
f 635/635/635 634/634/634 632/632/632
f 638/638/638 637/637/637 636/636/636
f 639/639/639 638/638/638 636/636/636
f 638/638/638 639/639/639 640/640/640
f 641/641/641 638/638/638 640/640/640
f 644/644/644 643/643/643 642/642/642
f 645/645/645 644/644/644 642/642/642
f 648/648/648 647/647/647 646/646/646
f 649/649/649 648/648/648 646/646/646
f 652/652/652 651/651/651 650/650/650
f 653/653/653 652/652/652 650/650/650
f 656/656/656 655/655/655 654/654/654
f 657/657/657 656/656/656 654/654/654
f 660/660/660 659/659/659 658/658/658
f 661/661/661 660/660/660 658/658/658
f 664/664/664 663/663/663 662/662/662
f 665/665/665 664/664/664 662/662/662
f 668/668/668 667/667/667 666/666/666
f 669/669/669 668/668/668 666/666/666
f 672/672/672 671/671/671 670/670/670
f 673/673/673 672/672/672 670/670/670
f 676/676/676 675/675/675 674/674/674
f 677/677/677 676/676/676 674/674/674
f 680/680/680 679/679/679 678/678/678
f 681/681/681 680/680/680 678/678/678
f 684/684/684 683/683/683 682/682/682
f 685/685/685 684/684/684 682/682/682
f 688/688/688 687/687/687 686/686/686
f 689/689/689 688/688/688 686/686/686
f 692/692/692 691/691/691 690/690/690
f 693/693/693 692/692/692 690/690/690
f 691/691/691 692/692/692 694/694/694
f 692/692/692 695/695/695 694/694/694
f 693/693/693 696/696/696 692/692/692
f 696/696/696 697/697/697 692/692/692
f 692/692/692 697/697/697 698/698/698
f 695/695/695 692/692/692 698/698/698
f 701/701/701 700/700/700 699/699/699
f 702/702/702 701/701/701 699/699/699
f 705/705/705 704/704/704 703/703/703
f 706/706/706 705/705/705 703/703/703
f 709/709/709 708/708/708 707/707/707
f 710/710/710 709/709/709 707/707/707
f 713/713/713 712/712/712 711/711/711
f 714/714/714 713/713/713 711/711/711
f 717/717/717 716/716/716 715/715/715
f 718/718/718 717/717/717 715/715/715
f 721/721/721 720/720/720 719/719/719
f 722/722/722 721/721/721 719/719/719
f 725/725/725 724/724/724 723/723/723
f 726/726/726 725/725/725 723/723/723
f 729/729/729 728/728/728 727/727/727
f 730/730/730 729/729/729 727/727/727
f 733/733/733 732/732/732 731/731/731
f 734/734/734 733/733/733 731/731/731
f 737/737/737 736/736/736 735/735/735
f 738/738/738 737/737/737 735/735/735
f 738/738/738 739/739/739 737/737/737
f 739/739/739 740/740/740 737/737/737
f 743/743/743 742/742/742 741/741/741
f 744/744/744 743/743/743 741/741/741
f 747/747/747 746/746/746 745/745/745
f 748/748/748 747/747/747 745/745/745
f 746/746/746 749/749/749 745/745/745
f 749/749/749 750/750/750 745/745/745
f 753/753/753 752/752/752 751/751/751
f 754/754/754 753/753/753 751/751/751
f 753/753/753 754/754/754 755/755/755
f 756/756/756 753/753/753 755/755/755
f 757/757/757 752/752/752 753/753/753
f 758/758/758 757/757/757 753/753/753
f 759/759/759 758/758/758 753/753/753
f 756/756/756 759/759/759 753/753/753
f 762/762/762 761/761/761 760/760/760
f 763/763/763 762/762/762 760/760/760
f 764/764/764 761/761/761 762/762/762
f 765/765/765 764/764/764 762/762/762
f 768/768/768 767/767/767 766/766/766
f 769/769/769 768/768/768 766/766/766
f 770/770/770 767/767/767 768/768/768
f 771/771/771 770/770/770 768/768/768
f 774/774/774 773/773/773 772/772/772
f 775/775/775 774/774/774 772/772/772
f 778/778/778 777/777/777 776/776/776
f 779/779/779 778/778/778 776/776/776
f 782/782/782 781/781/781 780/780/780
f 783/783/783 782/782/782 780/780/780
f 786/786/786 785/785/785 784/784/784
f 787/787/787 786/786/786 784/784/784
f 790/790/790 789/789/789 788/788/788
f 791/791/791 790/790/790 788/788/788
f 794/794/794 793/793/793 792/792/792
f 795/795/795 794/794/794 792/792/792
f 798/798/798 797/797/797 796/796/796
f 799/799/799 798/798/798 796/796/796
f 802/802/802 801/801/801 800/800/800
f 803/803/803 802/802/802 800/800/800
f 806/806/806 805/805/805 804/804/804
f 807/807/807 806/806/806 804/804/804
f 810/810/810 809/809/809 808/808/808
f 811/811/811 810/810/810 808/808/808
f 814/814/814 813/813/813 812/812/812
f 815/815/815 814/814/814 812/812/812
f 818/818/818 817/817/817 816/816/816
f 819/819/819 818/818/818 816/816/816
f 822/822/822 821/821/821 820/820/820
f 823/823/823 822/822/822 820/820/820
f 826/826/826 825/825/825 824/824/824
f 827/827/827 826/826/826 824/824/824
f 830/830/830 829/829/829 828/828/828
f 831/831/831 830/830/830 828/828/828
f 834/834/834 833/833/833 832/832/832
f 835/835/835 834/834/834 832/832/832
f 838/838/838 837/837/837 836/836/836
f 839/839/839 838/838/838 836/836/836
f 842/842/842 841/841/841 840/840/840
f 843/843/843 842/842/842 840/840/840
f 846/846/846 845/845/845 844/844/844
f 847/847/847 846/846/846 844/844/844
f 850/850/850 849/849/849 848/848/848
f 851/851/851 850/850/850 848/848/848
f 854/854/854 853/853/853 852/852/852
f 855/855/855 854/854/854 852/852/852
f 853/853/853 854/854/854 856/856/856
f 854/854/854 857/857/857 856/856/856
f 855/855/855 858/858/858 854/854/854
f 858/858/858 859/859/859 854/854/854
f 854/854/854 859/859/859 860/860/860
f 857/857/857 854/854/854 860/860/860
f 863/863/863 862/862/862 861/861/861
f 864/864/864 863/863/863 861/861/861
f 867/867/867 866/866/866 865/865/865
f 868/868/868 867/867/867 865/865/865
f 871/871/871 870/870/870 869/869/869
f 872/872/872 871/871/871 869/869/869
f 875/875/875 874/874/874 873/873/873
f 876/876/876 875/875/875 873/873/873
f 879/879/879 878/878/878 877/877/877
f 880/880/880 879/879/879 877/877/877
f 883/883/883 882/882/882 881/881/881
f 884/884/884 883/883/883 881/881/881
f 887/887/887 886/886/886 885/885/885
f 888/888/888 887/887/887 885/885/885
f 891/891/891 890/890/890 889/889/889
f 892/892/892 891/891/891 889/889/889
f 895/895/895 894/894/894 893/893/893
f 896/896/896 895/895/895 893/893/893
f 899/899/899 898/898/898 897/897/897
f 900/900/900 899/899/899 897/897/897
f 900/900/900 901/901/901 899/899/899
f 901/901/901 902/902/902 899/899/899
f 905/905/905 904/904/904 903/903/903
f 906/906/906 905/905/905 903/903/903
f 909/909/909 908/908/908 907/907/907
f 910/910/910 909/909/909 907/907/907
f 911/911/911 908/908/908 909/909/909
f 912/912/912 911/911/911 909/909/909
f 915/915/915 914/914/914 913/913/913
f 916/916/916 915/915/915 913/913/913
f 919/919/919 918/918/918 917/917/917
f 920/920/920 919/919/919 917/917/917
f 923/923/923 922/922/922 921/921/921
f 924/924/924 923/923/923 921/921/921
f 927/927/927 926/926/926 925/925/925
f 928/928/928 927/927/927 925/925/925
f 931/931/931 930/930/930 929/929/929
f 932/932/932 931/931/931 929/929/929
f 935/935/935 934/934/934 933/933/933
f 936/936/936 935/935/935 933/933/933
f 939/939/939 938/938/938 937/937/937
f 940/940/940 939/939/939 937/937/937
f 941/941/941 940/940/940 937/937/937
f 942/942/942 941/941/941 937/937/937
f 945/945/945 944/944/944 943/943/943
f 946/946/946 945/945/945 943/943/943
f 949/949/949 948/948/948 947/947/947
f 950/950/950 949/949/949 947/947/947
f 953/953/953 952/952/952 951/951/951
f 954/954/954 953/953/953 951/951/951
f 957/957/957 956/956/956 955/955/955
f 958/958/958 957/957/957 955/955/955
f 961/961/961 960/960/960 959/959/959
f 962/962/962 961/961/961 959/959/959
f 965/965/965 964/964/964 963/963/963
f 966/966/966 965/965/965 963/963/963
f 969/969/969 968/968/968 967/967/967
f 970/970/970 969/969/969 967/967/967
f 973/973/973 972/972/972 971/971/971
f 974/974/974 973/973/973 971/971/971
f 977/977/977 976/976/976 975/975/975
f 978/978/978 977/977/977 975/975/975
f 981/981/981 980/980/980 979/979/979
f 982/982/982 981/981/981 979/979/979
f 985/985/985 984/984/984 983/983/983
f 986/986/986 985/985/985 983/983/983
f 989/989/989 988/988/988 987/987/987
f 990/990/990 989/989/989 987/987/987
f 993/993/993 992/992/992 991/991/991
f 994/994/994 993/993/993 991/991/991
f 997/997/997 996/996/996 995/995/995
f 998/998/998 997/997/997 995/995/995
f 1001/1001/1001 1000/1000/1000 999/999/999
f 1002/1002/1002 1001/1001/1001 999/999/999
f 1005/1005/1005 1004/1004/1004 1003/1003/1003
f 1006/1006/1006 1005/1005/1005 1003/1003/1003
f 1009/1009/1009 1008/1008/1008 1007/1007/1007
f 1010/1010/1010 1009/1009/1009 1007/1007/1007
f 1013/1013/1013 1012/1012/1012 1011/1011/1011
f 1014/1014/1014 1013/1013/1013 1011/1011/1011
f 1017/1017/1017 1016/1016/1016 1015/1015/1015
f 1018/1018/1018 1017/1017/1017 1015/1015/1015
f 1021/1021/1021 1020/1020/1020 1019/1019/1019
f 1022/1022/1022 1021/1021/1021 1019/1019/1019
f 1025/1025/1025 1024/1024/1024 1023/1023/1023
f 1026/1026/1026 1025/1025/1025 1023/1023/1023
f 1029/1029/1029 1028/1028/1028 1027/1027/1027
f 1030/1030/1030 1029/1029/1029 1027/1027/1027
f 1033/1033/1033 1032/1032/1032 1031/1031/1031
f 1034/1034/1034 1033/1033/1033 1031/1031/1031
f 1035/1035/1035 1032/1032/1032 1033/1033/1033
f 1036/1036/1036 1035/1035/1035 1033/1033/1033
f 1039/1039/1039 1038/1038/1038 1037/1037/1037
f 1040/1040/1040 1039/1039/1039 1037/1037/1037
f 1043/1043/1043 1042/1042/1042 1041/1041/1041
f 1044/1044/1044 1043/1043/1043 1041/1041/1041
f 1047/1047/1047 1046/1046/1046 1045/1045/1045
f 1048/1048/1048 1047/1047/1047 1045/1045/1045
f 1051/1051/1051 1050/1050/1050 1049/1049/1049
f 1052/1052/1052 1051/1051/1051 1049/1049/1049
f 1055/1055/1055 1054/1054/1054 1053/1053/1053
f 1056/1056/1056 1055/1055/1055 1053/1053/1053
f 1059/1059/1059 1058/1058/1058 1057/1057/1057
f 1060/1060/1060 1059/1059/1059 1057/1057/1057
f 1063/1063/1063 1062/1062/1062 1061/1061/1061
f 1064/1064/1064 1063/1063/1063 1061/1061/1061
f 1067/1067/1067 1066/1066/1066 1065/1065/1065
f 1068/1068/1068 1067/1067/1067 1065/1065/1065
f 1071/1071/1071 1070/1070/1070 1069/1069/1069
f 1072/1072/1072 1071/1071/1071 1069/1069/1069
f 1075/1075/1075 1074/1074/1074 1073/1073/1073
f 1076/1076/1076 1075/1075/1075 1073/1073/1073
f 1079/1079/1079 1078/1078/1078 1077/1077/1077
f 1080/1080/1080 1079/1079/1079 1077/1077/1077
f 1083/1083/1083 1082/1082/1082 1081/1081/1081
f 1084/1084/1084 1083/1083/1083 1081/1081/1081
f 1087/1087/1087 1086/1086/1086 1085/1085/1085
f 1088/1088/1088 1087/1087/1087 1085/1085/1085
f 1091/1091/1091 1090/1090/1090 1089/1089/1089
f 1092/1092/1092 1091/1091/1091 1089/1089/1089
f 1095/1095/1095 1094/1094/1094 1093/1093/1093
f 1096/1096/1096 1095/1095/1095 1093/1093/1093
f 1099/1099/1099 1098/1098/1098 1097/1097/1097
f 1100/1100/1100 1099/1099/1099 1097/1097/1097
f 1103/1103/1103 1102/1102/1102 1101/1101/1101
f 1104/1104/1104 1103/1103/1103 1101/1101/1101
f 1107/1107/1107 1106/1106/1106 1105/1105/1105
f 1108/1108/1108 1107/1107/1107 1105/1105/1105
f 1111/1111/1111 1110/1110/1110 1109/1109/1109
f 1112/1112/1112 1111/1111/1111 1109/1109/1109
f 1115/1115/1115 1114/1114/1114 1113/1113/1113
f 1116/1116/1116 1115/1115/1115 1113/1113/1113
f 1119/1119/1119 1118/1118/1118 1117/1117/1117
f 1120/1120/1120 1119/1119/1119 1117/1117/1117
f 1123/1123/1123 1122/1122/1122 1121/1121/1121
f 1124/1124/1124 1123/1123/1123 1121/1121/1121
f 1127/1127/1127 1126/1126/1126 1125/1125/1125
f 1128/1128/1128 1127/1127/1127 1125/1125/1125
f 1131/1131/1131 1130/1130/1130 1129/1129/1129
f 1132/1132/1132 1131/1131/1131 1129/1129/1129
f 1135/1135/1135 1134/1134/1134 1133/1133/1133
f 1136/1136/1136 1135/1135/1135 1133/1133/1133
f 1139/1139/1139 1138/1138/1138 1137/1137/1137
f 1140/1140/1140 1139/1139/1139 1137/1137/1137
f 1143/1143/1143 1142/1142/1142 1141/1141/1141
f 1144/1144/1144 1143/1143/1143 1141/1141/1141
f 1147/1147/1147 1146/1146/1146 1145/1145/1145
f 1148/1148/1148 1147/1147/1147 1145/1145/1145
f 1151/1151/1151 1150/1150/1150 1149/1149/1149
f 1152/1152/1152 1151/1151/1151 1149/1149/1149
