# Exported from Unity
# 9/27/2025 9:16:02 PM
mtllib bower_2_roundcolumns.mtl
v 6.035117 -1.270644 119.7292
v 5.315721 -1.270644 119.7587
v 5.121204 1.396609 119.5795
v 6.214316 1.396608 119.5347
v 6.06461 -1.270644 120.4486
v 6.035117 -1.270644 119.7292
v 6.214316 1.396608 119.5347
v 6.259129 1.396608 120.6278
v 5.345214 -1.270644 120.4781
v 6.06461 -1.270644 120.4486
v 6.259129 1.396608 120.6278
v 5.166018 1.396609 120.6726
v 5.315721 -1.270644 119.7587
v 5.345214 -1.270644 120.4781
v 5.166018 1.396609 120.6726
v 5.121204 1.396609 119.5795
v 6.035118 8.634439 119.7292
v 6.214316 1.396608 119.5347
v 5.121204 1.396609 119.5795
v 5.315722 8.634439 119.7587
v 6.06461 8.634439 120.4486
v 6.259129 1.396608 120.6278
v 6.214316 1.396608 119.5347
v 6.035118 8.634439 119.7292
v 5.345215 8.634439 120.4781
v 5.166018 1.396609 120.6726
v 6.259129 1.396608 120.6278
v 6.06461 8.634439 120.4486
v 5.315722 8.634439 119.7587
v 5.121204 1.396609 119.5795
v 5.166018 1.396609 120.6726
v 5.345215 8.634439 120.4781
v 10.74976 -1.270645 117.1168
v 10.41561 -1.270645 117.7545
v 10.16316 1.396608 117.8334
v 10.67091 1.396608 116.8643
v 11.38752 -1.270645 117.4509
v 10.74976 -1.270645 117.1168
v 10.67091 1.396608 116.8643
v 11.63997 1.396607 117.3721
v 11.05337 -1.270645 118.0887
v 11.38752 -1.270645 117.4509
v 11.63997 1.396607 117.3721
v 11.13223 1.396608 118.3411
v 10.41561 -1.270645 117.7545
v 11.05337 -1.270645 118.0887
v 11.13223 1.396608 118.3411
v 10.16316 1.396608 117.8334
v 10.74976 8.927163 117.1168
v 10.67091 1.396608 116.8643
v 10.16316 1.396608 117.8334
v 10.41561 8.927163 117.7545
v 11.38753 8.927163 117.4509
v 11.63997 1.396607 117.3721
v 10.67091 1.396608 116.8643
v 10.74976 8.927163 117.1168
v 11.05337 8.927163 118.0887
v 11.13223 1.396608 118.3411
v 11.63997 1.396607 117.3721
v 11.38753 8.927163 117.4509
v 10.41561 8.927163 117.7545
v 10.16316 1.396608 117.8334
v 11.13223 1.396608 118.3411
v 11.05337 8.927163 118.0887
v 1.510238 -1.270644 111.5632
v 1.844394 -1.270644 110.9255
v 2.096842 1.396609 110.8466
v 1.589097 1.396609 111.8157
v 0.8724763 -1.270643 111.2291
v 1.510238 -1.270644 111.5632
v 1.589097 1.396609 111.8157
v 0.6200274 1.396609 111.3079
v 1.206632 -1.270644 110.5913
v 0.8724763 -1.270643 111.2291
v 0.6200274 1.396609 111.3079
v 1.127773 1.396609 110.3389
v 1.844394 -1.270644 110.9255
v 1.206632 -1.270644 110.5913
v 1.127773 1.396609 110.3389
v 2.096842 1.396609 110.8466
v 1.510239 8.927165 111.5632
v 1.589097 1.396609 111.8157
v 2.096842 1.396609 110.8466
v 1.844395 8.927165 110.9255
v 0.8724785 8.927165 111.2291
v 0.6200274 1.396609 111.3079
v 1.589097 1.396609 111.8157
v 1.510239 8.927165 111.5632
v 1.206634 8.927165 110.5913
v 1.127773 1.396609 110.3389
v 0.6200274 1.396609 111.3079
v 0.8724785 8.927165 111.2291
v 1.844395 8.927165 110.9255
v 2.096842 1.396609 110.8466
v 1.127773 1.396609 110.3389
v 1.206634 8.927165 110.5913
v 10.84465 -1.270645 111.7276
v 11.22989 -1.270645 112.3358
v 11.17196 1.689332 112.5939
v 10.58659 1.689332 111.6696
v 11.45292 -1.270645 111.3423
v 10.84465 -1.270645 111.7276
v 10.58659 1.689332 111.6696
v 11.51085 1.689332 111.0843
v 11.83815 -1.270646 111.9506
v 11.45292 -1.270645 111.3423
v 11.51085 1.689332 111.0843
v 12.09621 1.689332 112.0085
v 11.22989 -1.270645 112.3358
v 11.83815 -1.270646 111.9506
v 12.09621 1.689332 112.0085
v 11.17196 1.689332 112.5939
v 10.84465 8.927163 111.7276
v 10.58659 1.689332 111.6696
v 11.17196 1.689332 112.5939
v 11.22989 8.927163 112.3358
v 11.45292 8.927163 111.3423
v 11.51085 1.689332 111.0843
v 10.58659 1.689332 111.6696
v 10.84465 8.927163 111.7276
v 11.83816 8.927163 111.9506
v 12.09621 1.689332 112.0085
v 11.51085 1.689332 111.0843
v 11.45292 8.927163 111.3423
v 11.22989 8.927163 112.3358
v 11.17196 1.689332 112.5939
v 12.09621 1.689332 112.0085
v 11.83816 8.927163 111.9506
v 6.224885 -1.270645 108.9508
v 6.94428 -1.270645 108.9213
v 7.138798 1.396608 109.1005
v 6.045687 1.396608 109.1453
v 6.195392 -1.270645 108.2314
v 6.224885 -1.270645 108.9508
v 6.045687 1.396608 109.1453
v 6.000873 1.396608 108.0522
v 6.914787 -1.270645 108.2019
v 6.195392 -1.270645 108.2314
v 6.000873 1.396608 108.0522
v 7.093984 1.396608 108.0074
v 6.94428 -1.270645 108.9213
v 6.914787 -1.270645 108.2019
v 7.093984 1.396608 108.0074
v 7.138798 1.396608 109.1005
v 6.224886 8.927164 108.9508
v 6.045687 1.396608 109.1453
v 7.138798 1.396608 109.1005
v 6.944281 8.927164 108.9213
v 6.195393 8.927164 108.2314
v 6.000873 1.396608 108.0522
v 6.045687 1.396608 109.1453
v 6.224886 8.927164 108.9508
v 6.914789 8.927164 108.2019
v 7.093984 1.396608 108.0074
v 6.000873 1.396608 108.0522
v 6.195393 8.927164 108.2314
v 6.944281 8.927164 108.9213
v 7.138798 1.396608 109.1005
v 7.093984 1.396608 108.0074
v 6.914789 8.927164 108.2019
v 1.415355 -1.270643 116.9524
v 1.030116 -1.270643 116.3442
v 1.088046 1.396609 116.0861
v 1.673413 1.396609 117.0104
v 0.8070865 -1.270643 117.3377
v 1.415355 -1.270643 116.9524
v 1.673413 1.396609 117.0104
v 0.749157 1.39661 117.5957
v 0.4218468 -1.270643 116.7294
v 0.8070865 -1.270643 117.3377
v 0.749157 1.39661 117.5957
v 0.1637905 1.39661 116.6715
v 1.030116 -1.270643 116.3442
v 0.4218468 -1.270643 116.7294
v 0.1637905 1.39661 116.6715
v 1.088046 1.396609 116.0861
v 1.415357 8.927165 116.9524
v 1.673413 1.396609 117.0104
v 1.088046 1.396609 116.0861
v 1.030118 8.927165 116.3442
v 0.8070889 8.927165 117.3377
v 0.749157 1.39661 117.5957
v 1.673413 1.396609 117.0104
v 1.415357 8.927165 116.9524
v 0.4218495 8.927165 116.7294
v 0.1637905 1.39661 116.6715
v 0.749157 1.39661 117.5957
v 0.8070889 8.927165 117.3377
v 1.030118 8.927165 116.3442
v 1.088046 1.396609 116.0861
v 0.1637905 1.39661 116.6715
v 0.4218495 8.927165 116.7294
v 2.145738 11.91339 116.9241
v 4.578765 14.10094 115.4559
v 4.327579 14.2993 115.3873
v 1.741253 12.2328 116.8135
v 1.741253 12.2328 116.8135
v 4.327579 14.2993 115.3873
v 4.165507 14.2993 115.0739
v 1.480265 12.23281 116.3088
v 1.480265 12.23281 116.3088
v 4.165507 14.2993 115.0739
v 4.254621 14.10094 114.8292
v 1.623764 11.91339 115.9148
v 1.623764 11.91339 115.9148
v 4.254621 14.10094 114.8292
v 4.505805 13.90259 114.8979
v 2.02825 11.59398 116.0254
v 2.289237 11.59398 116.5301
v 4.667877 13.90259 115.2113
v 4.578765 14.10094 115.4559
v 2.145738 11.91339 116.9241
v -6.420197 9.66425 119.7962
v -5.659411 9.020096 119.8074
v -5.081873 9.071038 120.688
v -5.26512 9.766134 121.5575
v -6.417854 10.4047 120.3649
v -5.840314 10.45564 121.2455
v -5.26512 9.766134 121.5575
v -3.006191 9.491663 120.1413
v -3.500394 10.04875 119.9756
v -5.840314 10.45564 121.2455
v -0.2660519 10.28088 118.2786
v 2.145738 11.91339 116.9241
v 1.741253 12.2328 116.8135
v -0.697921 10.62192 118.1605
v 5.84127 16.00311 114.7906
v 4.327579 14.2993 115.3873
v 4.578765 14.10094 115.4559
v 5.830104 15.75192 114.808
v -5.840314 10.45564 121.2455
v -3.500394 10.04875 119.9756
v -3.889308 10.06613 119.38
v -6.417854 10.4047 120.3649
v -0.697921 10.62192 118.1605
v 1.741253 12.2328 116.8135
v 1.480265 12.23281 116.3088
v -0.9765789 10.62192 117.6218
v 5.595431 16.00311 114.3152
v 4.165507 14.2993 115.0739
v 4.327579 14.2993 115.3873
v 5.84127 16.00311 114.7906
v -6.417854 10.4047 120.3649
v -3.889308 10.06613 119.38
v -3.785185 9.578379 119.0096
v -6.420197 9.66425 119.7962
v -0.9765789 10.62192 117.6218
v 1.480265 12.23281 116.3088
v 1.623764 11.91339 115.9148
v -0.8233612 10.28088 117.2011
v 5.574758 15.75192 114.3143
v 4.254621 14.10094 114.8292
v 4.165507 14.2993 115.0739
v 5.595431 16.00311 114.3152
v -5.659411 9.020096 119.8074
v -6.420197 9.66425 119.7962
v -3.785185 9.578379 119.0096
v -3.752594 9.255903 118.4525
v -0.8233612 10.28088 117.2011
v 1.623764 11.91339 115.9148
v 2.02825 11.59398 116.0254
v -0.391493 9.939839 117.3192
v 5.896185 15.50074 114.3292
v 4.505805 13.90259 114.8979
v 4.254621 14.10094 114.8292
v 5.574758 15.75192 114.3143
v -5.081873 9.071038 120.688
v -2.845561 9.326628 119.8864
v -3.006191 9.491663 120.1413
v -5.26512 9.766134 121.5575
v -0.1128374 9.939837 117.8579
v 2.289237 11.59398 116.5301
v 2.145738 11.91339 116.9241
v -0.2660519 10.28088 118.2786
v 5.830104 15.75192 114.808
v 4.578765 14.10094 115.4559
v 4.667877 13.90259 115.2113
v 6.003713 15.50074 114.5371
v 6.375747 11.91339 119.0825
v 6.320816 14.10094 116.2414
v 6.13574 14.2993 116.4246
v 6.077717 12.2328 119.3775
v 6.077717 12.2328 119.3775
v 6.13574 14.2993 116.4246
v 5.783318 14.2993 116.4082
v 5.510207 12.23281 119.3512
v 5.510207 12.23281 119.3512
v 5.783318 14.2993 116.4082
v 5.615972 14.10094 116.2087
v 5.240727 11.91339 119.0299
v 5.240727 11.91339 119.0299
v 5.615972 14.10094 116.2087
v 5.801048 13.90259 116.0255
v 5.538756 11.59398 118.7349
v 6.106266 11.59398 118.7612
v 6.153469 13.90259 116.0419
v 6.320816 14.10094 116.2414
v 6.375747 11.91339 119.0825
v 4.580165 9.664248 127.9369
v 4.970184 9.053847 127.2836
v 6.021613 9.104789 127.2238
v 6.683021 9.766131 127.8172
v 5.073763 10.4047 128.2192
v 6.125192 10.45564 128.1593
v 6.683021 9.766131 127.8172
v 6.586023 9.491661 125.1528
v 6.195397 10.04874 125.498
v 6.125192 10.45564 128.1593
v 6.342939 10.28088 121.8485
v 6.375747 11.91339 119.0825
v 6.077717 12.2328 119.3775
v 6.024733 10.62191 122.1634
v 6.375842 16.00311 114.8153
v 6.13574 14.2993 116.4246
v 6.320816 14.10094 116.2414
v 6.385349 15.75192 114.8337
v 6.125192 10.45564 128.1593
v 6.195397 10.04874 125.498
v 5.485084 10.06612 125.537
v 5.073763 10.4047 128.2192
v 6.024733 10.62191 122.1634
v 6.077717 12.2328 119.3775
v 5.510207 12.23281 119.3512
v 5.418802 10.62191 122.1354
v 5.84127 16.00311 114.7906
v 5.783318 14.2993 116.4082
v 6.13574 14.2993 116.4246
v 6.375842 16.00311 114.8153
v 5.073763 10.4047 128.2192
v 5.485084 10.06612 125.537
v 5.216446 9.578379 125.2616
v 4.580165 9.664248 127.9369
v 5.418802 10.62191 122.1354
v 5.510207 12.23281 119.3512
v 5.240727 11.91339 119.0299
v 5.131079 10.28088 121.7923
v 5.830104 15.75192 114.808
v 5.615972 14.10094 116.2087
v 5.783318 14.2993 116.4082
v 5.84127 16.00311 114.7906
v 4.970184 9.053847 127.2836
v 4.580165 9.664248 127.9369
v 5.216446 9.578379 125.2616
v 4.750222 9.255902 124.9548
v 5.131079 10.28088 121.7923
v 5.240727 11.91339 119.0299
v 5.538756 11.59398 118.7349
v 5.449284 9.939837 121.4774
v 6.003713 15.50074 114.5371
v 5.801048 13.90259 116.0255
v 5.615972 14.10094 116.2087
v 5.830104 15.75192 114.808
v 6.021613 9.104789 127.2238
v 6.445555 9.326626 124.8863
v 6.586023 9.491661 125.1528
v 6.683021 9.766131 127.8172
v 6.055214 9.939837 121.5054
v 6.106266 11.59398 118.7612
v 6.375747 11.91339 119.0825
v 6.342939 10.28088 121.8485
v 6.385349 15.75192 114.8337
v 6.320816 14.10094 116.2414
v 6.153469 13.90259 116.0419
v 6.237531 15.50074 114.5479
v 10.36001 11.91339 116.4984
v 7.872053 14.10094 115.1254
v 7.938162 14.2993 115.3773
v 10.46647 12.2328 116.904
v 10.46647 12.2328 116.904
v 7.938162 14.2993 115.3773
v 7.747812 14.2993 115.6744
v 10.15994 12.2328 117.3824
v 10.15994 12.2328 117.3824
v 7.747812 14.2993 115.6744
v 7.491354 14.10094 115.7195
v 9.746963 11.91339 117.4551
v 9.746963 11.91339 117.4551
v 7.491354 14.10094 115.7195
v 7.425244 13.90259 115.4677
v 9.640507 11.59398 117.0495
v 9.947029 11.59398 116.5712
v 7.615594 13.90259 115.1706
v 7.872053 14.10094 115.1254
v 10.36001 11.91339 116.4984
v 17.62161 10.40469 122.1943
v 17.13036 9.664246 122.4807
v 16.75959 9.020092 121.8162
v 17.23348 9.053258 120.8758
v 18.0955 10.45564 121.2538
v 18.07814 9.766129 120.5997
v 18.07814 9.766129 120.5997
v 15.72221 9.491659 119.3515
v 15.82579 10.04874 119.8624
v 18.0955 10.45564 121.2538
v 12.73899 10.28088 117.9098
v 10.36001 11.91339 116.4984
v 10.46647 12.2328 116.904
v 12.85265 10.62191 118.3429
v 6.664575 16.00311 114.3648
v 7.938162 14.2993 115.3773
v 7.872053 14.10094 115.1254
v 6.685248 15.75192 114.3657
v 18.0955 10.45564 121.2538
v 15.82579 10.04874 119.8624
v 15.50439 10.06612 120.497
v 17.62161 10.40469 122.1943
v 12.85265 10.62191 118.3429
v 10.46647 12.2328 116.904
v 10.15994 12.2328 117.3824
v 12.52538 10.62191 118.8536
v 6.375842 16.00311 114.8153
v 7.747812 14.2993 115.6744
v 7.938162 14.2993 115.3773
v 6.664575 16.00311 114.3648
v 17.62161 10.40469 122.1943
v 15.50439 10.06612 120.497
v 15.13163 9.578375 120.592
v 17.13036 9.664246 122.4807
v 12.52538 10.62191 118.8536
v 10.15994 12.2328 117.3824
v 9.746963 11.91339 117.4551
v 12.08444 10.28087 118.9313
v 6.385349 15.75192 114.8337
v 7.491354 14.10094 115.7195
v 7.747812 14.2993 115.6744
v 6.375842 16.00311 114.8153
v 16.75959 9.020092 121.8162
v 17.13036 9.664246 122.4807
v 15.13163 9.578375 120.592
v 14.63281 9.2559 120.8423
v 12.08444 10.28087 118.9313
v 9.746963 11.91339 117.4551
v 9.640507 11.59398 117.0495
v 11.97078 9.939837 118.4982
v 6.237531 15.50074 114.5479
v 7.425244 13.90259 115.4677
v 7.491354 14.10094 115.7195
v 6.385349 15.75192 114.8337
v 17.23348 9.053258 120.8758
v 15.42111 9.326624 119.3399
v 15.72221 9.491659 119.3515
v 18.07814 9.766129 120.5997
v 12.29805 9.939836 117.9875
v 9.947029 11.59398 116.5712
v 10.36001 11.91339 116.4984
v 12.73899 10.28088 117.9098
v 6.685248 15.75192 114.3657
v 7.872053 14.10094 115.1254
v 7.615594 13.90259 115.1706
v 6.363821 15.50074 114.3508
v 10.11427 11.91339 111.7559
v 7.681241 14.10094 113.2241
v 7.932426 14.2993 113.2927
v 10.51875 12.2328 111.8665
v 10.51875 12.2328 111.8665
v 7.932426 14.2993 113.2927
v 8.094498 14.2993 113.6061
v 10.77974 12.2328 112.3711
v 10.77974 12.2328 112.3711
v 8.094498 14.2993 113.6061
v 8.005384 14.10094 113.8508
v 10.63624 11.91339 112.7652
v 10.63624 11.91339 112.7652
v 8.005384 14.10094 113.8508
v 7.7542 13.90259 113.7821
v 10.23175 11.59398 112.6546
v 9.970768 11.59398 112.1499
v 7.592128 13.90259 113.4687
v 7.681241 14.10094 113.2241
v 10.11427 11.91339 111.7559
v 18.6802 9.664245 108.8837
v 17.91941 9.020092 108.8726
v 17.34188 9.071034 107.992
v 17.52512 9.766129 107.1225
v 18.67786 10.40469 108.3151
v 18.10032 10.45564 107.4345
v 17.52512 9.766129 107.1225
v 15.26619 9.491659 108.5387
v 15.7604 10.04874 108.7044
v 18.10032 10.45564 107.4345
v 12.52606 10.28088 110.4014
v 10.11427 11.91339 111.7559
v 10.51875 12.2328 111.8665
v 12.95792 10.62191 110.5195
v 6.418736 16.00311 113.8894
v 7.932426 14.2993 113.2927
v 7.681241 14.10094 113.2241
v 6.429902 15.75192 113.872
v 18.10032 10.45564 107.4345
v 15.7604 10.04874 108.7044
v 16.14931 10.06612 109.3
v 18.67786 10.40469 108.3151
v 12.95792 10.62191 110.5195
v 10.51875 12.2328 111.8665
v 10.77974 12.2328 112.3711
v 13.23658 10.62191 111.0582
v 6.664575 16.00311 114.3648
v 8.094498 14.2993 113.6061
v 7.932426 14.2993 113.2927
v 6.418736 16.00311 113.8894
v 18.67786 10.40469 108.3151
v 16.14931 10.06612 109.3
v 16.04519 9.578375 109.6703
v 18.6802 9.664245 108.8837
v 13.23658 10.62191 111.0582
v 10.77974 12.2328 112.3711
v 10.63624 11.91339 112.7652
v 13.08336 10.28087 111.4789
v 6.685248 15.75192 114.3657
v 8.005384 14.10094 113.8508
v 8.094498 14.2993 113.6061
v 6.664575 16.00311 114.3648
v 17.91941 9.020092 108.8726
v 18.6802 9.664245 108.8837
v 16.04519 9.578375 109.6703
v 16.01259 9.255899 110.2275
v 13.08336 10.28087 111.4789
v 10.63624 11.91339 112.7652
v 10.23175 11.59398 112.6546
v 12.6515 9.939837 111.3608
v 6.363821 15.50074 114.3508
v 7.7542 13.90259 113.7821
v 8.005384 14.10094 113.8508
v 6.685248 15.75192 114.3657
v 17.34188 9.071034 107.992
v 15.10556 9.326624 108.7936
v 15.26619 9.491659 108.5387
v 17.52512 9.766129 107.1225
v 12.37284 9.939836 110.8221
v 9.970768 11.59398 112.1499
v 10.11427 11.91339 111.7559
v 12.52606 10.28088 110.4014
v 6.429902 15.75192 113.872
v 7.681241 14.10094 113.2241
v 7.592128 13.90259 113.4687
v 6.256293 15.50074 114.1429
v 5.884261 11.91339 109.5975
v 5.939191 14.10094 112.4386
v 6.124267 14.2993 112.2554
v 6.182291 12.2328 109.3025
v 6.182291 12.2328 109.3025
v 6.124267 14.2993 112.2554
v 6.476689 14.2993 112.2718
v 6.749801 12.2328 109.3288
v 6.749801 12.2328 109.3288
v 6.476689 14.2993 112.2718
v 6.644035 14.10094 112.4713
v 7.01928 11.91339 109.6501
v 7.01928 11.91339 109.6501
v 6.644035 14.10094 112.4713
v 6.458959 13.90259 112.6545
v 6.721251 11.59398 109.9451
v 6.153741 11.59398 109.9188
v 6.106538 13.90259 112.6381
v 5.939191 14.10094 112.4386
v 5.884261 11.91339 109.5975
v 7.679846 9.664248 100.7431
v 7.289825 9.020094 101.3964
v 6.238399 9.071036 101.4562
v 5.57699 9.766131 100.8628
v 7.186249 10.4047 100.4608
v 6.134818 10.45564 100.5206
v 5.57699 9.766131 100.8628
v 5.673987 9.491661 103.5271
v 6.064613 10.04874 103.182
v 6.134818 10.45564 100.5206
v 5.917069 10.28088 106.8315
v 5.884261 11.91339 109.5975
v 6.182291 12.2328 109.3025
v 6.235276 10.62191 106.5166
v 5.884164 16.00311 113.8647
v 6.124267 14.2993 112.2554
v 5.939191 14.10094 112.4386
v 5.874657 15.75192 113.8463
v 6.134818 10.45564 100.5206
v 6.064613 10.04874 103.182
v 6.774928 10.06612 103.143
v 7.186249 10.4047 100.4608
v 6.235276 10.62191 106.5166
v 6.182291 12.2328 109.3025
v 6.749801 12.2328 109.3288
v 6.841208 10.62191 106.5446
v 6.418736 16.00311 113.8894
v 6.476689 14.2993 112.2718
v 6.124267 14.2993 112.2554
v 5.884164 16.00311 113.8647
v 7.186249 10.4047 100.4608
v 6.774928 10.06612 103.143
v 7.043564 9.578377 103.4184
v 7.679846 9.664248 100.7431
v 6.841208 10.62191 106.5446
v 6.749801 12.2328 109.3288
v 7.01928 11.91339 109.6501
v 7.12893 10.28088 106.8877
v 6.429902 15.75192 113.872
v 6.644035 14.10094 112.4713
v 6.476689 14.2993 112.2718
v 6.418736 16.00311 113.8894
v 7.289825 9.020094 101.3964
v 7.679846 9.664248 100.7431
v 7.043564 9.578377 103.4184
v 7.509789 9.255901 103.7252
v 7.12893 10.28088 106.8877
v 7.01928 11.91339 109.6501
v 6.721251 11.59398 109.9451
v 6.810725 9.939837 107.2026
v 6.256293 15.50074 114.1429
v 6.458959 13.90259 112.6545
v 6.644035 14.10094 112.4713
v 6.429902 15.75192 113.872
v 6.238399 9.071036 101.4562
v 5.814455 9.326626 103.7937
v 5.673987 9.491661 103.5271
v 5.57699 9.766131 100.8628
v 6.204794 9.939837 107.1746
v 6.153741 11.59398 109.9188
v 5.884261 11.91339 109.5975
v 5.917069 10.28088 106.8315
v 5.874657 15.75192 113.8463
v 5.939191 14.10094 112.4386
v 6.106538 13.90259 112.6381
v 6.022475 15.50074 114.1321
v 1.899997 11.91339 112.1816
v 4.387953 14.10094 113.5546
v 4.321844 14.2993 113.3027
v 1.793541 12.2328 111.776
v 1.793541 12.2328 111.776
v 4.321844 14.2993 113.3027
v 4.512194 14.2993 113.0056
v 2.100064 12.23281 111.2976
v 2.100064 12.23281 111.2976
v 4.512194 14.2993 113.0056
v 4.768652 14.10094 112.9605
v 2.513042 11.91339 111.2249
v 2.513042 11.91339 111.2249
v 4.768652 14.10094 112.9605
v 4.834762 13.90259 113.2123
v 2.619498 11.59398 111.6305
v 2.312976 11.59398 112.1088
v 4.644412 13.90259 113.5094
v 4.387953 14.10094 113.5546
v 1.899997 11.91339 112.1816
v -4.973475 9.071038 107.8042
v -5.818132 9.766133 108.0803
v -5.835497 10.45564 107.4261
v -5.361608 10.4047 106.4857
v -4.499588 9.020096 106.8637
v -4.870353 9.664249 106.1993
v -5.818132 9.766133 108.0803
v -3.462208 9.491663 109.3285
v -3.565782 10.04875 108.8176
v -5.835497 10.45564 107.4261
v -0.4789844 10.28088 110.7702
v 1.899997 11.91339 112.1816
v 1.793541 12.2328 111.776
v -0.592648 10.62191 110.3371
v 5.595431 16.00311 114.3152
v 4.321844 14.2993 113.3027
v 4.387953 14.10094 113.5546
v 5.574758 15.75192 114.3143
v -5.835497 10.45564 107.4261
v -3.565782 10.04875 108.8176
v -3.244384 10.06613 108.183
v -5.361608 10.4047 106.4857
v -0.592648 10.62191 110.3371
v 1.793541 12.2328 111.776
v 2.100064 12.23281 111.2976
v -0.2653742 10.62191 109.8264
v 5.884164 16.00311 113.8647
v 4.512194 14.2993 113.0056
v 4.321844 14.2993 113.3027
v 5.595431 16.00311 114.3152
v -5.361608 10.4047 106.4857
v -3.244384 10.06613 108.183
v -2.871624 9.578379 108.088
v -4.870353 9.664249 106.1993
v -0.2653742 10.62191 109.8264
v 2.100064 12.23281 111.2976
v 2.513042 11.91339 111.2249
v 0.1755659 10.28088 109.7487
v 5.874657 15.75192 113.8463
v 4.768652 14.10094 112.9605
v 4.512194 14.2993 113.0056
v 5.884164 16.00311 113.8647
v -4.499588 9.020096 106.8637
v -4.870353 9.664249 106.1993
v -2.871624 9.578379 108.088
v -2.372807 9.255903 107.8377
v 0.1755659 10.28088 109.7487
v 2.513042 11.91339 111.2249
v 2.619498 11.59398 111.6305
v 0.2892298 9.939838 110.1818
v 6.022475 15.50074 114.1321
v 4.834762 13.90259 113.2123
v 4.768652 14.10094 112.9605
v 5.874657 15.75192 113.8463
v -4.973475 9.071038 107.8042
v -3.161107 9.326628 109.3401
v -3.462208 9.491663 109.3285
v -5.818132 9.766133 108.0803
v -0.03804629 9.939837 110.6925
v 2.312976 11.59398 112.1088
v 1.899997 11.91339 112.1816
v -0.4789844 10.28088 110.7702
v 5.574758 15.75192 114.3143
v 4.387953 14.10094 113.5546
v 4.644412 13.90259 113.5094
v 5.896185 15.50074 114.3292
v 5.595431 16.00311 114.3152
v 5.84127 16.00311 114.7906
v 6.418736 16.00311 113.8894
v 5.884164 16.00311 113.8647
v 6.664575 16.00311 114.3648
v 6.375842 16.00311 114.8153
v -0.697921 10.62192 118.1605
v -3.500394 10.04875 119.9756
v -3.006191 9.491663 120.1413
v -0.2660519 10.28088 118.2786
v -0.9765789 10.62192 117.6218
v -3.889308 10.06613 119.38
v -3.500394 10.04875 119.9756
v -0.697921 10.62192 118.1605
v -3.785185 9.578379 119.0096
v -3.889308 10.06613 119.38
v -0.9765789 10.62192 117.6218
v -0.8233612 10.28088 117.2011
v -3.752594 9.255903 118.4525
v -3.785185 9.578379 119.0096
v -0.8233612 10.28088 117.2011
v -0.391493 9.939839 117.3192
v -0.2660519 10.28088 118.2786
v -3.006191 9.491663 120.1413
v -2.845561 9.326628 119.8864
v -0.1128374 9.939837 117.8579
v 6.024733 10.62191 122.1634
v 6.195397 10.04874 125.498
v 6.586023 9.491661 125.1528
v 6.342939 10.28088 121.8485
v 5.418802 10.62191 122.1354
v 5.485084 10.06612 125.537
v 6.195397 10.04874 125.498
v 6.024733 10.62191 122.1634
v 5.216446 9.578379 125.2616
v 5.485084 10.06612 125.537
v 5.418802 10.62191 122.1354
v 5.131079 10.28088 121.7923
v 4.750222 9.255902 124.9548
v 5.216446 9.578379 125.2616
v 5.131079 10.28088 121.7923
v 5.449284 9.939837 121.4774
v 6.342939 10.28088 121.8485
v 6.586023 9.491661 125.1528
v 6.445555 9.326626 124.8863
v 6.055214 9.939837 121.5054
v 12.85265 10.62191 118.3429
v 15.82579 10.04874 119.8624
v 15.72221 9.491659 119.3515
v 12.73899 10.28088 117.9098
v 12.52538 10.62191 118.8536
v 15.50439 10.06612 120.497
v 15.82579 10.04874 119.8624
v 12.85265 10.62191 118.3429
v 15.13163 9.578375 120.592
v 15.50439 10.06612 120.497
v 12.52538 10.62191 118.8536
v 12.08444 10.28087 118.9313
v 14.63281 9.2559 120.8423
v 15.13163 9.578375 120.592
v 12.08444 10.28087 118.9313
v 11.97078 9.939837 118.4982
v 12.73899 10.28088 117.9098
v 15.72221 9.491659 119.3515
v 15.42111 9.326624 119.3399
v 12.29805 9.939836 117.9875
v 12.95792 10.62191 110.5195
v 15.7604 10.04874 108.7044
v 15.26619 9.491659 108.5387
v 12.52606 10.28088 110.4014
v 13.23658 10.62191 111.0582
v 16.14931 10.06612 109.3
v 15.7604 10.04874 108.7044
v 12.95792 10.62191 110.5195
v 16.04519 9.578375 109.6703
v 16.14931 10.06612 109.3
v 13.23658 10.62191 111.0582
v 13.08336 10.28087 111.4789
v 16.01259 9.255899 110.2275
v 16.04519 9.578375 109.6703
v 13.08336 10.28087 111.4789
v 12.6515 9.939837 111.3608
v 12.52606 10.28088 110.4014
v 15.26619 9.491659 108.5387
v 15.10556 9.326624 108.7936
v 12.37284 9.939836 110.8221
v 6.235276 10.62191 106.5166
v 6.064613 10.04874 103.182
v 5.673987 9.491661 103.5271
v 5.917069 10.28088 106.8315
v 6.841208 10.62191 106.5446
v 6.774928 10.06612 103.143
v 6.064613 10.04874 103.182
v 6.235276 10.62191 106.5166
v 7.043564 9.578377 103.4184
v 6.774928 10.06612 103.143
v 6.841208 10.62191 106.5446
v 7.12893 10.28088 106.8877
v 7.509789 9.255901 103.7252
v 7.043564 9.578377 103.4184
v 7.12893 10.28088 106.8877
v 6.810725 9.939837 107.2026
v 5.917069 10.28088 106.8315
v 5.673987 9.491661 103.5271
v 5.814455 9.326626 103.7937
v 6.204794 9.939837 107.1746
v -0.592648 10.62191 110.3371
v -3.565782 10.04875 108.8176
v -3.462208 9.491663 109.3285
v -0.4789844 10.28088 110.7702
v -0.2653742 10.62191 109.8264
v -3.244384 10.06613 108.183
v -3.565782 10.04875 108.8176
v -0.592648 10.62191 110.3371
v -2.871624 9.578379 108.088
v -3.244384 10.06613 108.183
v -0.2653742 10.62191 109.8264
v 0.1755659 10.28088 109.7487
v -2.372807 9.255903 107.8377
v -2.871624 9.578379 108.088
v 0.1755659 10.28088 109.7487
v 0.2892298 9.939838 110.1818
v -0.4789844 10.28088 110.7702
v -3.462208 9.491663 109.3285
v -3.161107 9.326628 109.3401
v -0.03804629 9.939837 110.6925
v 14.25923 7.359795 116.3083
v 14.4064 7.359795 113.1316
v 14.20747 8.33687 113.03
v 14.05176 8.33687 116.3911
v 17.0829 9.315825 108.6753
v 12.39971 10.31687 111.0974
v 11.87043 9.628649 113.409
v 14.20747 8.33687 113.03
v 16.51226 9.315825 120.9931
v 14.25923 7.359795 116.3083
v 14.05176 8.33687 116.3911
v 17.0829 9.315825 108.6753
v 14.20747 8.33687 113.03
v 14.4064 7.359795 113.1316
v 14.05176 8.33687 116.3911
v 11.75977 9.628649 115.7977
v 12.07306 10.31687 118.1484
v 16.51226 9.315825 120.9931
v 6.130003 15.96636 114.34
v 8.421991 12.84328 114.9334
v 8.467042 12.84328 113.961
v 8.489971 7.359796 122.3643
v 11.31466 7.359796 120.9034
v 11.3032 8.336871 120.6803
v 8.314534 8.336872 122.226
v 11.3032 8.336871 120.6803
v 16.51226 9.315825 120.9931
v 12.07306 10.31687 118.1484
v 9.806445 9.628649 118.8459
v 5.559365 9.315826 126.6579
v 8.489971 7.359796 122.3643
v 8.314534 8.336872 122.226
v 16.51226 9.315825 120.9931
v 11.3032 8.336871 120.6803
v 11.31466 7.359796 120.9034
v 8.314534 8.336872 122.226
v 7.682487 9.62865 119.9444
v 5.803356 10.31687 121.391
v 5.559365 9.315826 126.6579
v 6.130003 15.96636 114.34
v 6.76205 12.84328 116.6216
v 7.626755 12.84328 116.1744
v -1.999228 7.359798 112.3716
v -2.146393 7.359798 115.5483
v -1.947461 8.336874 115.65
v -1.791753 8.336873 112.2888
v -4.822891 9.315828 120.0047
v -0.1397083 10.31687 117.5826
v 0.3895786 9.628651 115.271
v -1.947461 8.336874 115.65
v -4.252254 9.315828 107.6869
v -1.999228 7.359798 112.3716
v -1.791753 8.336873 112.2888
v -4.822891 9.315828 120.0047
v -1.947461 8.336874 115.65
v -2.146393 7.359798 115.5483
v -1.791753 8.336873 112.2888
v 0.5002364 9.628651 112.8823
v 0.18694 10.31687 110.5316
v -4.252254 9.315828 107.6869
v 6.130003 15.96636 114.34
v 3.838013 12.84328 113.7465
v 3.792963 12.84328 114.719
v 0.3607406 7.359797 120.3959
v 3.038266 7.359797 122.1117
v 3.225735 8.336873 121.9903
v 0.3927789 8.336873 120.1749
v 3.225735 8.336873 121.9903
v 5.559365 9.315826 126.6579
v 5.803356 10.31687 121.391
v 4.066022 9.628651 119.7768
v -4.822891 9.315828 120.0047
v 0.3607406 7.359797 120.3959
v 0.3927789 8.336873 120.1749
v 5.559365 9.315826 126.6579
v 3.225735 8.336873 121.9903
v 3.038266 7.359797 122.1117
v 0.3927789 8.336873 120.1749
v 2.052721 9.628651 118.4867
v -0.1397083 10.31687 117.5826
v -4.822891 9.315828 120.0047
v 6.130003 15.96636 114.34
v 4.470061 12.84328 116.0282
v 5.289715 12.84328 116.5534
v 3.770033 7.359797 106.3157
v 0.9453436 7.359797 107.7766
v 0.956807 8.336873 107.9997
v 3.94547 8.336872 106.454
v 0.956807 8.336873 107.9997
v -4.252254 9.315828 107.6869
v 0.18694 10.31687 110.5316
v 2.45356 9.628651 109.8341
v 6.70064 9.315826 102.0221
v 3.770033 7.359797 106.3157
v 3.94547 8.336872 106.454
v -4.252254 9.315828 107.6869
v 0.956807 8.336873 107.9997
v 0.9453436 7.359797 107.7766
v 3.94547 8.336872 106.454
v 4.577517 9.62865 108.7356
v 6.45665 10.31687 107.2889
v 6.70064 9.315826 102.0221
v 6.130003 15.96636 114.34
v 5.497955 12.84328 112.0583
v 4.63325 12.84328 112.5056
v 11.89926 7.359795 108.2841
v 9.221739 7.359796 106.5683
v 9.03427 8.336871 106.6897
v 11.86722 8.336871 108.5051
v 9.03427 8.336871 106.6897
v 6.70064 9.315826 102.0221
v 6.45665 10.31687 107.2889
v 8.193982 9.62865 108.9032
v 17.0829 9.315825 108.6753
v 11.89926 7.359795 108.2841
v 11.86722 8.336871 108.5051
v 6.70064 9.315826 102.0221
v 9.03427 8.336871 106.6897
v 9.221739 7.359796 106.5683
v 11.86722 8.336871 108.5051
v 10.20728 9.628649 110.1933
v 12.39971 10.31687 111.0974
v 17.0829 9.315825 108.6753
v 6.130003 15.96636 114.34
v 7.789945 12.84328 112.6518
v 6.97029 12.84328 112.1266
v 8.467042 12.84328 113.961
v 8.819531 13.02002 112.949
v 6.130003 15.96636 114.34
v 8.679409 13.02002 115.9737
v 8.421991 12.84328 114.9334
v 6.130003 15.96636 114.34
v 11.87043 9.628649 113.409
v 11.75977 9.628649 115.7977
v 14.05176 8.33687 116.3911
v 14.20747 8.33687 113.03
v 7.626755 12.84328 116.1744
v 8.679409 13.02002 115.9737
v 6.130003 15.96636 114.34
v 5.989881 13.02002 117.3647
v 6.76205 12.84328 116.6216
v 6.130003 15.96636 114.34
v 9.806445 9.628649 118.8459
v 7.682487 9.62865 119.9444
v 8.314534 8.336872 122.226
v 11.3032 8.336871 120.6803
v 3.792963 12.84328 114.719
v 3.440474 13.02002 115.731
v 6.130003 15.96636 114.34
v 3.580596 13.02002 112.7063
v 3.838013 12.84328 113.7465
v 6.130003 15.96636 114.34
v 0.3895786 9.628651 115.271
v 0.5002364 9.628651 112.8823
v -1.791753 8.336873 112.2888
v -1.947461 8.336874 115.65
v 5.289715 12.84328 116.5534
v 5.989881 13.02002 117.3647
v 6.130003 15.96636 114.34
v 3.440474 13.02002 115.731
v 4.470061 12.84328 116.0282
v 6.130003 15.96636 114.34
v 4.066022 9.628651 119.7768
v 2.052721 9.628651 118.4867
v 0.3927789 8.336873 120.1749
v 3.225735 8.336873 121.9903
v 4.63325 12.84328 112.5056
v 3.580596 13.02002 112.7063
v 6.130003 15.96636 114.34
v 6.270125 13.02002 111.3153
v 5.497955 12.84328 112.0583
v 6.130003 15.96636 114.34
v 2.45356 9.628651 109.8341
v 4.577517 9.62865 108.7356
v 3.94547 8.336872 106.454
v 0.956807 8.336873 107.9997
v 6.97029 12.84328 112.1266
v 6.270125 13.02002 111.3153
v 6.130003 15.96636 114.34
v 8.819531 13.02002 112.949
v 7.789945 12.84328 112.6518
v 6.130003 15.96636 114.34
v 8.193982 9.62865 108.9032
v 10.20728 9.628649 110.1933
v 11.86722 8.336871 108.5051
v 9.03427 8.336871 106.6897
v 11.87043 9.628649 113.409
v 12.39971 10.31687 111.0974
v 8.819531 13.02002 112.949
v 8.467042 12.84328 113.961
v 12.07306 10.31687 118.1484
v 11.75977 9.628649 115.7977
v 8.421991 12.84328 114.9334
v 8.679409 13.02002 115.9737
v 8.467042 12.84328 113.961
v 8.421991 12.84328 114.9334
v 11.75977 9.628649 115.7977
v 11.87043 9.628649 113.409
v 9.806445 9.628649 118.8459
v 12.07306 10.31687 118.1484
v 8.679409 13.02002 115.9737
v 7.626755 12.84328 116.1744
v 5.803356 10.31687 121.391
v 7.682487 9.62865 119.9444
v 6.76205 12.84328 116.6216
v 5.989881 13.02002 117.3647
v 7.626755 12.84328 116.1744
v 6.76205 12.84328 116.6216
v 7.682487 9.62865 119.9444
v 9.806445 9.628649 118.8459
v 0.3895786 9.628651 115.271
v -0.1397083 10.31687 117.5826
v 3.440474 13.02002 115.731
v 3.792963 12.84328 114.719
v 0.18694 10.31687 110.5316
v 0.5002364 9.628651 112.8823
v 3.838013 12.84328 113.7465
v 3.580596 13.02002 112.7063
v 3.792963 12.84328 114.719
v 3.838013 12.84328 113.7465
v 0.5002364 9.628651 112.8823
v 0.3895786 9.628651 115.271
v 4.066022 9.628651 119.7768
v 5.803356 10.31687 121.391
v 5.989881 13.02002 117.3647
v 5.289715 12.84328 116.5534
v -0.1397083 10.31687 117.5826
v 2.052721 9.628651 118.4867
v 4.470061 12.84328 116.0282
v 3.440474 13.02002 115.731
v 5.289715 12.84328 116.5534
v 4.470061 12.84328 116.0282
v 2.052721 9.628651 118.4867
v 4.066022 9.628651 119.7768
v 2.45356 9.628651 109.8341
v 0.18694 10.31687 110.5316
v 3.580596 13.02002 112.7063
v 4.63325 12.84328 112.5056
v 6.45665 10.31687 107.2889
v 4.577517 9.62865 108.7356
v 5.497955 12.84328 112.0583
v 6.270125 13.02002 111.3153
v 4.63325 12.84328 112.5056
v 5.497955 12.84328 112.0583
v 4.577517 9.62865 108.7356
v 2.45356 9.628651 109.8341
v 8.193982 9.62865 108.9032
v 6.45665 10.31687 107.2889
v 6.270125 13.02002 111.3153
v 6.97029 12.84328 112.1266
v 12.39971 10.31687 111.0974
v 10.20728 9.628649 110.1933
v 7.789945 12.84328 112.6518
v 8.819531 13.02002 112.949
v 6.97029 12.84328 112.1266
v 7.789945 12.84328 112.6518
v 10.20728 9.628649 110.1933
v 8.193982 9.62865 108.9032
v 14.25923 7.359795 116.3083
v 13.88413 7.021587 116.2175
v 14.0245 7.021586 113.1874
v 14.4064 7.359795 113.1316
v 16.51226 9.315825 120.9931
v 16.21766 8.630381 120.8043
v 13.88413 7.021587 116.2175
v 14.25923 7.359795 116.3083
v 14.4064 7.359795 113.1316
v 14.0245 7.021586 113.1874
v 16.7721 8.630381 108.836
v 17.0829 9.315825 108.6753
v 8.489971 7.359796 122.3643
v 8.381076 7.021588 121.994
v 11.07543 7.021587 120.6005
v 11.31466 7.359796 120.9034
v 5.559365 9.315826 126.6579
v 5.575556 8.630383 126.3083
v 8.381076 7.021588 121.994
v 8.489971 7.359796 122.3643
v 11.31466 7.359796 120.9034
v 11.07543 7.021587 120.6005
v 16.21766 8.630381 120.8043
v 16.51226 9.315825 120.9931
v -1.999228 7.359798 112.3716
v -1.624123 7.02159 112.4625
v -1.764496 7.02159 115.4926
v -2.146393 7.359798 115.5483
v -4.252254 9.315828 107.6869
v -3.95765 8.630384 107.8757
v -1.624123 7.02159 112.4625
v -1.999228 7.359798 112.3716
v -2.146393 7.359798 115.5483
v -1.764496 7.02159 115.4926
v -4.512097 8.630384 119.844
v -4.822891 9.315828 120.0047
v 0.3607406 7.359797 120.3959
v 0.6269496 7.021589 120.1165
v 3.180928 7.021589 121.7531
v 3.038266 7.359797 122.1117
v -4.822891 9.315828 120.0047
v -4.512097 8.630384 119.844
v 0.6269496 7.021589 120.1165
v 0.3607406 7.359797 120.3959
v 3.038266 7.359797 122.1117
v 3.180928 7.021589 121.7531
v 5.575556 8.630383 126.3083
v 5.559365 9.315826 126.6579
v 3.770033 7.359797 106.3157
v 3.878929 7.021588 106.686
v 1.184578 7.021589 108.0795
v 0.9453436 7.359797 107.7766
v 6.70064 9.315826 102.0221
v 6.68445 8.630383 102.3717
v 3.878929 7.021588 106.686
v 3.770033 7.359797 106.3157
v 0.9453436 7.359797 107.7766
v 1.184578 7.021589 108.0795
v -3.95765 8.630384 107.8757
v -4.252254 9.315828 107.6869
v 11.89926 7.359795 108.2841
v 11.63305 7.021587 108.5635
v 9.079078 7.021587 106.9269
v 9.221739 7.359796 106.5683
v 17.0829 9.315825 108.6753
v 16.7721 8.630381 108.836
v 11.63305 7.021587 108.5635
v 11.89926 7.359795 108.2841
v 9.221739 7.359796 106.5683
v 9.079078 7.021587 106.9269
v 6.68445 8.630383 102.3717
v 6.70064 9.315826 102.0221
vt 0.09753418 0.1947021
vt 0.09124756 0.1947021
vt 0.09124756 0.1987305
vt 0.09753418 0.1987305
vt 0.09753418 0.1947021
vt 0.09124756 0.1947021
vt 0.09124756 0.1987305
vt 0.09753418 0.1987305
vt 0.09753418 0.1947021
vt 0.09124756 0.1947021
vt 0.09124756 0.1987305
vt 0.09753418 0.1987305
vt 0.09753418 0.1947021
vt 0.09124756 0.1947021
vt 0.09124756 0.1987305
vt 0.09753418 0.1987305
vt 0.09753418 0.2027588
vt 0.09753418 0.1987305
vt 0.09124756 0.1987305
vt 0.09124756 0.2027588
vt 0.09753418 0.2027588
vt 0.09753418 0.1987305
vt 0.09124756 0.1987305
vt 0.09124756 0.2027588
vt 0.09753418 0.2027588
vt 0.09753418 0.1987305
vt 0.09124756 0.1987305
vt 0.09124756 0.2027588
vt 0.09753418 0.2027588
vt 0.09753418 0.1987305
vt 0.09124756 0.1987305
vt 0.09124756 0.2027588
vt 0.09753418 0.1947021
vt 0.09124756 0.1947021
vt 0.09124756 0.1987305
vt 0.09753418 0.1987305
vt 0.09753418 0.1947021
vt 0.09124756 0.1947021
vt 0.09124756 0.1987305
vt 0.09753418 0.1987305
vt 0.09753418 0.1947021
vt 0.09124756 0.1947021
vt 0.09124756 0.1987305
vt 0.09753418 0.1987305
vt 0.09753418 0.1947021
vt 0.09124756 0.1947021
vt 0.09124756 0.1987305
vt 0.09753418 0.1987305
vt 0.09753418 0.2027588
vt 0.09753418 0.1987305
vt 0.09124756 0.1987305
vt 0.09124756 0.2027588
vt 0.09753418 0.2027588
vt 0.09753418 0.1987305
vt 0.09124756 0.1987305
vt 0.09124756 0.2027588
vt 0.09753418 0.2027588
vt 0.09753418 0.1987305
vt 0.09124756 0.1987305
vt 0.09124756 0.2027588
vt 0.09753418 0.2027588
vt 0.09753418 0.1987305
vt 0.09124756 0.1987305
vt 0.09124756 0.2027588
vt 0.09753418 0.1947021
vt 0.09124756 0.1947021
vt 0.09124756 0.1987305
vt 0.09753418 0.1987305
vt 0.09753418 0.1947021
vt 0.09124756 0.1947021
vt 0.09124756 0.1987305
vt 0.09753418 0.1987305
vt 0.09753418 0.1947021
vt 0.09124756 0.1947021
vt 0.09124756 0.1987305
vt 0.09753418 0.1987305
vt 0.09753418 0.1947021
vt 0.09124756 0.1947021
vt 0.09124756 0.1987305
vt 0.09753418 0.1987305
vt 0.09753418 0.2027588
vt 0.09753418 0.1987305
vt 0.09124756 0.1987305
vt 0.09124756 0.2027588
vt 0.09753418 0.2027588
vt 0.09753418 0.1987305
vt 0.09124756 0.1987305
vt 0.09124756 0.2027588
vt 0.09753418 0.2027588
vt 0.09753418 0.1987305
vt 0.09124756 0.1987305
vt 0.09124756 0.2027588
vt 0.09753418 0.2027588
vt 0.09753418 0.1987305
vt 0.09124756 0.1987305
vt 0.09124756 0.2027588
vt 0.09753418 0.1947021
vt 0.09124756 0.1947021
vt 0.09124756 0.1987305
vt 0.09753418 0.1987305
vt 0.09753418 0.1947021
vt 0.09124756 0.1947021
vt 0.09124756 0.1987305
vt 0.09753418 0.1987305
vt 0.09753418 0.1947021
vt 0.09124756 0.1947021
vt 0.09124756 0.1987305
vt 0.09753418 0.1987305
vt 0.09753418 0.1947021
vt 0.09124756 0.1947021
vt 0.09124756 0.1987305
vt 0.09753418 0.1987305
vt 0.09753418 0.2027588
vt 0.09753418 0.1987305
vt 0.09124756 0.1987305
vt 0.09124756 0.2027588
vt 0.09753418 0.2027588
vt 0.09753418 0.1987305
vt 0.09124756 0.1987305
vt 0.09124756 0.2027588
vt 0.09753418 0.2027588
vt 0.09753418 0.1987305
vt 0.09124756 0.1987305
vt 0.09124756 0.2027588
vt 0.09753418 0.2027588
vt 0.09753418 0.1987305
vt 0.09124756 0.1987305
vt 0.09124756 0.2027588
vt 0.09753418 0.1947021
vt 0.09124756 0.1947021
vt 0.09124756 0.1987305
vt 0.09753418 0.1987305
vt 0.09753418 0.1947021
vt 0.09124756 0.1947021
vt 0.09124756 0.1987305
vt 0.09753418 0.1987305
vt 0.09753418 0.1947021
vt 0.09124756 0.1947021
vt 0.09124756 0.1987305
vt 0.09753418 0.1987305
vt 0.09753418 0.1947021
vt 0.09124756 0.1947021
vt 0.09124756 0.1987305
vt 0.09753418 0.1987305
vt 0.09753418 0.2027588
vt 0.09753418 0.1987305
vt 0.09124756 0.1987305
vt 0.09124756 0.2027588
vt 0.09753418 0.2027588
vt 0.09753418 0.1987305
vt 0.09124756 0.1987305
vt 0.09124756 0.2027588
vt 0.09753418 0.2027588
vt 0.09753418 0.1987305
vt 0.09124756 0.1987305
vt 0.09124756 0.2027588
vt 0.09753418 0.2027588
vt 0.09753418 0.1987305
vt 0.09124756 0.1987305
vt 0.09124756 0.2027588
vt 0.09753418 0.1947021
vt 0.09124756 0.1947021
vt 0.09124756 0.1987305
vt 0.09753418 0.1987305
vt 0.09753418 0.1947021
vt 0.09124756 0.1947021
vt 0.09124756 0.1987305
vt 0.09753418 0.1987305
vt 0.09753418 0.1947021
vt 0.09124756 0.1947021
vt 0.09124756 0.1987305
vt 0.09753418 0.1987305
vt 0.09753418 0.1947021
vt 0.09124756 0.1947021
vt 0.09124756 0.1987305
vt 0.09753418 0.1987305
vt 0.09753418 0.2027588
vt 0.09753418 0.1987305
vt 0.09124756 0.1987305
vt 0.09124756 0.2027588
vt 0.09753418 0.2027588
vt 0.09753418 0.1987305
vt 0.09124756 0.1987305
vt 0.09124756 0.2027588
vt 0.09753418 0.2027588
vt 0.09753418 0.1987305
vt 0.09124756 0.1987305
vt 0.09124756 0.2027588
vt 0.09753418 0.2027588
vt 0.09753418 0.1987305
vt 0.09124756 0.1987305
vt 0.09124756 0.2027588
vt 0.1015015 0.1655273
vt 0.0960083 0.1791992
vt 0.09771729 0.1785889
vt 0.1036377 0.1646729
vt 0.1036377 0.1646729
vt 0.09771729 0.1785889
vt 0.09973145 0.1800537
vt 0.1062012 0.166626
vt 0.1062012 0.166626
vt 0.09973145 0.1800537
vt 0.1001587 0.182251
vt 0.1066895 0.1693115
vt 0.1066895 0.1693115
vt 0.1001587 0.182251
vt 0.09844971 0.1829834
vt 0.1046143 0.170166
vt 0.1019897 0.1682129
vt 0.09637451 0.1813965
vt 0.0960083 0.1791992
vt 0.1015015 0.1655273
vt 0.125 0.1298828
vt 0.1221313 0.1322021
vt 0.1178589 0.1297607
vt 0.1164551 0.125
vt 0.1235962 0.1271973
vt 0.1193848 0.1247559
vt 0.1164551 0.125
vt 0.1138306 0.1333008
vt 0.1165771 0.1325684
vt 0.1193848 0.1247559
vt 0.111145 0.1414795
vt 0.1015015 0.1655273
vt 0.1036377 0.1646729
vt 0.1137695 0.1405029
vt 0.09124756 0.19104
vt 0.09771729 0.1785889
vt 0.0960083 0.1791992
vt 0.09124756 0.190918
vt 0.1193848 0.1247559
vt 0.1165771 0.1325684
vt 0.1203003 0.1350098
vt 0.1235962 0.1271973
vt 0.1137695 0.1405029
vt 0.1036377 0.1646729
vt 0.1062012 0.166626
vt 0.1169434 0.1428223
vt 0.09368896 0.1928711
vt 0.09973145 0.1800537
vt 0.09771729 0.1785889
vt 0.09124756 0.19104
vt 0.1235962 0.1271973
vt 0.1203003 0.1350098
vt 0.1212769 0.1380615
vt 0.125 0.1298828
vt 0.1169434 0.1428223
vt 0.1062012 0.166626
vt 0.1066895 0.1693115
vt 0.1175537 0.1462402
vt 0.09381104 0.1928711
vt 0.1001587 0.182251
vt 0.09973145 0.1800537
vt 0.09368896 0.1928711
vt 0.1221313 0.1322021
vt 0.125 0.1298828
vt 0.1212769 0.1380615
vt 0.1185303 0.1397705
vt 0.1175537 0.1462402
vt 0.1066895 0.1693115
vt 0.1046143 0.170166
vt 0.1149292 0.1473389
vt 0.09234619 0.1938477
vt 0.09844971 0.1829834
vt 0.1001587 0.182251
vt 0.09381104 0.1928711
vt 0.1178589 0.1297607
vt 0.1148071 0.1373291
vt 0.1138306 0.1333008
vt 0.1164551 0.125
vt 0.1117554 0.1450195
vt 0.1019897 0.1682129
vt 0.1015015 0.1655273
vt 0.111145 0.1414795
vt 0.09124756 0.190918
vt 0.0960083 0.1791992
vt 0.09637451 0.1813965
vt 0.09124756 0.1931152
vt 0.07678223 0.1687012
vt 0.08325195 0.1816406
vt 0.08361816 0.1794434
vt 0.07727051 0.1658936
vt 0.07727051 0.1658936
vt 0.08361816 0.1794434
vt 0.08569336 0.1778564
vt 0.07983398 0.1639404
vt 0.07983398 0.1639404
vt 0.08569336 0.1778564
vt 0.08740234 0.1785889
vt 0.08190918 0.1647949
vt 0.08190918 0.1647949
vt 0.08740234 0.1785889
vt 0.0869751 0.1807861
vt 0.08148193 0.1676025
vt 0.07885742 0.1694336
vt 0.0848999 0.182373
vt 0.08325195 0.1816406
vt 0.07678223 0.1687012
vt 0.0645752 0.1246948
vt 0.06469727 0.1290283
vt 0.0609436 0.1325684
vt 0.05706787 0.1317139
vt 0.06210327 0.1248779
vt 0.05831909 0.128418
vt 0.05706787 0.1317139
vt 0.0612793 0.1387939
vt 0.06219482 0.135376
vt 0.05831909 0.128418
vt 0.06549072 0.145874
vt 0.07678223 0.1687012
vt 0.07727051 0.1658936
vt 0.06604004 0.1424561
vt 0.08880615 0.1928711
vt 0.08361816 0.1794434
vt 0.08325195 0.1816406
vt 0.08874512 0.1928711
vt 0.05831909 0.128418
vt 0.06219482 0.135376
vt 0.06567383 0.1324463
vt 0.06210327 0.1248779
vt 0.06604004 0.1424561
vt 0.07727051 0.1658936
vt 0.07983398 0.1639404
vt 0.0692749 0.1401367
vt 0.09124756 0.19104
vt 0.08569336 0.1778564
vt 0.08361816 0.1794434
vt 0.08880615 0.1928711
vt 0.06210327 0.1248779
vt 0.06567383 0.1324463
vt 0.0682373 0.1329346
vt 0.0645752 0.1246948
vt 0.0692749 0.1401367
vt 0.07983398 0.1639404
vt 0.08190918 0.1647949
vt 0.07189941 0.1411133
vt 0.09124756 0.190918
vt 0.08740234 0.1785889
vt 0.08569336 0.1778564
vt 0.09124756 0.19104
vt 0.06469727 0.1290283
vt 0.0645752 0.1246948
vt 0.0682373 0.1329346
vt 0.06799316 0.1368408
vt 0.07189941 0.1411133
vt 0.08190918 0.1647949
vt 0.08148193 0.1676025
vt 0.07128906 0.1446533
vt 0.09124756 0.1931152
vt 0.0869751 0.1807861
vt 0.08740234 0.1785889
vt 0.09124756 0.190918
vt 0.0609436 0.1325684
vt 0.06451416 0.1397705
vt 0.0612793 0.1387939
vt 0.05706787 0.1317139
vt 0.0680542 0.1469727
vt 0.07885742 0.1694336
vt 0.07678223 0.1687012
vt 0.06549072 0.145874
vt 0.08874512 0.1928711
vt 0.08325195 0.1816406
vt 0.0848999 0.182373
vt 0.09020996 0.1938477
vt 0.06652832 0.197876
vt 0.07849121 0.1971436
vt 0.07720947 0.1955566
vt 0.06488037 0.1959229
vt 0.06488037 0.1959229
vt 0.07720947 0.1955566
vt 0.07720947 0.1925049
vt 0.06488037 0.1920166
vt 0.06488037 0.1920166
vt 0.07720947 0.1925049
vt 0.07849121 0.190918
vt 0.06652832 0.1901855
vt 0.06652832 0.1901855
vt 0.07849121 0.190918
vt 0.07977295 0.1925049
vt 0.06811523 0.1920166
vt 0.06811523 0.1959229
vt 0.07977295 0.1955566
vt 0.07849121 0.1971436
vt 0.06652832 0.197876
vt 0.02973938 0.1923828
vt 0.03088379 0.1894531
vt 0.03384399 0.1915283
vt 0.03433228 0.1975098
vt 0.03022766 0.1983643
vt 0.03182983 0.201416
vt 0.03182983 0.201416
vt 0.03872681 0.2001953
vt 0.03689575 0.1975098
vt 0.03022766 0.1983643
vt 0.04559326 0.1990967
vt 0.06652832 0.197876
vt 0.06488037 0.1959229
vt 0.04360962 0.1966553
vt 0.08880615 0.1965332
vt 0.07720947 0.1955566
vt 0.07849121 0.1971436
vt 0.08874512 0.1965332
vt 0.03022766 0.1983643
vt 0.03689575 0.1975098
vt 0.03665161 0.1921387
vt 0.02973938 0.1923828
vt 0.04360962 0.1966553
vt 0.06488037 0.1959229
vt 0.06488037 0.1920166
vt 0.04360962 0.1918945
vt 0.08880615 0.1928711
vt 0.07720947 0.1925049
vt 0.07720947 0.1955566
vt 0.08880615 0.1965332
vt 0.02973938 0.1923828
vt 0.03665161 0.1921387
vt 0.03823853 0.1894531
vt 0.03088379 0.1894531
vt 0.04360962 0.1918945
vt 0.06488037 0.1920166
vt 0.06652832 0.1901855
vt 0.04559326 0.1895752
vt 0.08874512 0.1928711
vt 0.07849121 0.190918
vt 0.07720947 0.1925049
vt 0.08880615 0.1928711
vt 0.03384399 0.1915283
vt 0.03088379 0.1894531
vt 0.03823853 0.1894531
vt 0.04074097 0.1917725
vt 0.04559326 0.1895752
vt 0.06652832 0.1901855
vt 0.06811523 0.1920166
vt 0.04760742 0.1918945
vt 0.09020996 0.1938477
vt 0.07977295 0.1925049
vt 0.07849121 0.190918
vt 0.08874512 0.1928711
vt 0.03433228 0.1975098
vt 0.04098511 0.1971436
vt 0.03872681 0.2001953
vt 0.03182983 0.201416
vt 0.04760742 0.1966553
vt 0.06811523 0.1959229
vt 0.06652832 0.197876
vt 0.04559326 0.1990967
vt 0.08874512 0.1965332
vt 0.07849121 0.1971436
vt 0.07977295 0.1955566
vt 0.09020996 0.1954346
vt 0.08099365 0.223877
vt 0.08648682 0.2102051
vt 0.08483887 0.2108154
vt 0.07891846 0.2247314
vt 0.07891846 0.2247314
vt 0.08483887 0.2108154
vt 0.08276367 0.2093506
vt 0.07635498 0.2227783
vt 0.07635498 0.2227783
vt 0.08276367 0.2093506
vt 0.08239746 0.2070313
vt 0.0758667 0.2200928
vt 0.0758667 0.2200928
vt 0.08239746 0.2070313
vt 0.08404541 0.2064209
vt 0.07794189 0.2192383
vt 0.08050537 0.2210693
vt 0.08612061 0.2078857
vt 0.08648682 0.2102051
vt 0.08099365 0.223877
vt 0.05755615 0.2592773
vt 0.0604248 0.2570801
vt 0.06463623 0.2595215
vt 0.06604004 0.2644043
vt 0.05892944 0.262207
vt 0.06317139 0.2646484
vt 0.06604004 0.2644043
vt 0.06872559 0.2561035
vt 0.065979 0.2565918
vt 0.06317139 0.2646484
vt 0.07141113 0.2478027
vt 0.08099365 0.223877
vt 0.07891846 0.2247314
vt 0.06878662 0.2489014
vt 0.09124756 0.1982422
vt 0.08483887 0.2108154
vt 0.08648682 0.2102051
vt 0.09124756 0.1984863
vt 0.06317139 0.2646484
vt 0.065979 0.2565918
vt 0.06225586 0.2543945
vt 0.05892944 0.262207
vt 0.06878662 0.2489014
vt 0.07891846 0.2247314
vt 0.07635498 0.2227783
vt 0.06555176 0.24646
vt 0.08880615 0.1965332
vt 0.08276367 0.2093506
vt 0.08483887 0.2108154
vt 0.09124756 0.1982422
vt 0.05892944 0.262207
vt 0.06225586 0.2543945
vt 0.0612793 0.2512207
vt 0.05755615 0.2592773
vt 0.06555176 0.24646
vt 0.07635498 0.2227783
vt 0.0758667 0.2200928
vt 0.06500244 0.243042
vt 0.08874512 0.1965332
vt 0.08239746 0.2070313
vt 0.08276367 0.2093506
vt 0.08880615 0.1965332
vt 0.0604248 0.2570801
vt 0.05755615 0.2592773
vt 0.0612793 0.2512207
vt 0.06396484 0.2496338
vt 0.06500244 0.243042
vt 0.0758667 0.2200928
vt 0.07794189 0.2192383
vt 0.06756592 0.2420654
vt 0.09020996 0.1954346
vt 0.08404541 0.2064209
vt 0.08239746 0.2070313
vt 0.08874512 0.1965332
vt 0.06463623 0.2595215
vt 0.06774902 0.2519531
vt 0.06872559 0.2561035
vt 0.06604004 0.2644043
vt 0.07080078 0.2443848
vt 0.08050537 0.2210693
vt 0.08099365 0.223877
vt 0.07141113 0.2478027
vt 0.09124756 0.1984863
vt 0.08648682 0.2102051
vt 0.08612061 0.2078857
vt 0.09124756 0.1962891
vt 0.1057739 0.2207031
vt 0.0993042 0.2077637
vt 0.09887695 0.2099609
vt 0.1052856 0.2235107
vt 0.1052856 0.2235107
vt 0.09887695 0.2099609
vt 0.09680176 0.2114258
vt 0.1026611 0.2254639
vt 0.1026611 0.2254639
vt 0.09680176 0.2114258
vt 0.09515381 0.2108154
vt 0.1005859 0.2246094
vt 0.1005859 0.2246094
vt 0.09515381 0.2108154
vt 0.09552002 0.2086182
vt 0.1010742 0.2218018
vt 0.1036377 0.2198486
vt 0.09759521 0.2070313
vt 0.0993042 0.2077637
vt 0.1057739 0.2207031
vt 0.1179199 0.2646484
vt 0.1178589 0.2602539
vt 0.121582 0.2568359
vt 0.1254883 0.2575684
vt 0.1204224 0.2644043
vt 0.1242065 0.2609863
vt 0.1254883 0.2575684
vt 0.1212769 0.2504883
vt 0.1203613 0.2539063
vt 0.1242065 0.2609863
vt 0.1170654 0.2434082
vt 0.1057739 0.2207031
vt 0.1052856 0.2235107
vt 0.1164551 0.2468262
vt 0.09368896 0.1965332
vt 0.09887695 0.2099609
vt 0.0993042 0.2077637
vt 0.09381104 0.1965332
vt 0.1242065 0.2609863
vt 0.1203613 0.2539063
vt 0.1168823 0.2568359
vt 0.1204224 0.2644043
vt 0.1164551 0.2468262
vt 0.1052856 0.2235107
vt 0.1026611 0.2254639
vt 0.1132813 0.2492676
vt 0.09124756 0.1982422
vt 0.09680176 0.2114258
vt 0.09887695 0.2099609
vt 0.09368896 0.1965332
vt 0.1204224 0.2644043
vt 0.1168823 0.2568359
vt 0.1143188 0.2563477
vt 0.1179199 0.2646484
vt 0.1132813 0.2492676
vt 0.1026611 0.2254639
vt 0.1005859 0.2246094
vt 0.1106567 0.2481689
vt 0.09124756 0.1984863
vt 0.09515381 0.2108154
vt 0.09680176 0.2114258
vt 0.09124756 0.1982422
vt 0.1178589 0.2602539
vt 0.1179199 0.2646484
vt 0.1143188 0.2563477
vt 0.114563 0.2524414
vt 0.1106567 0.2481689
vt 0.1005859 0.2246094
vt 0.1010742 0.2218018
vt 0.1112671 0.244751
vt 0.09124756 0.1962891
vt 0.09552002 0.2086182
vt 0.09515381 0.2108154
vt 0.09124756 0.1984863
vt 0.121582 0.2568359
vt 0.118042 0.2496338
vt 0.1212769 0.2504883
vt 0.1254883 0.2575684
vt 0.1144409 0.2424316
vt 0.1036377 0.2198486
vt 0.1057739 0.2207031
vt 0.1170654 0.2434082
vt 0.09381104 0.1965332
vt 0.0993042 0.2077637
vt 0.09759521 0.2070313
vt 0.09234619 0.1954346
vt 0.1160278 0.1915283
vt 0.1040649 0.1922607
vt 0.1053467 0.1938477
vt 0.1176147 0.1934814
vt 0.1176147 0.1934814
vt 0.1053467 0.1938477
vt 0.1053467 0.1968994
vt 0.1176147 0.1972656
vt 0.1176147 0.1972656
vt 0.1053467 0.1968994
vt 0.1040649 0.1983643
vt 0.1160278 0.1992188
vt 0.1160278 0.1992188
vt 0.1040649 0.1983643
vt 0.1027222 0.1968994
vt 0.1143799 0.1972656
vt 0.1143799 0.1934814
vt 0.1027222 0.1938477
vt 0.1040649 0.1922607
vt 0.1160278 0.1915283
vt 0.1481934 0.1918945
vt 0.1506348 0.1879883
vt 0.1523438 0.19104
vt 0.152832 0.1970215
vt 0.1486816 0.197876
vt 0.1516113 0.1999512
vt 0.1506348 0.1879883
vt 0.1437988 0.1890869
vt 0.1456299 0.1918945
vt 0.1523438 0.19104
vt 0.1369629 0.1903076
vt 0.1160278 0.1915283
vt 0.1176147 0.1934814
vt 0.138916 0.192627
vt 0.09368896 0.1928711
vt 0.1053467 0.1938477
vt 0.1040649 0.1922607
vt 0.09381104 0.1928711
vt 0.1523438 0.19104
vt 0.1456299 0.1918945
vt 0.145874 0.1972656
vt 0.152832 0.1970215
vt 0.138916 0.192627
vt 0.1176147 0.1934814
vt 0.1176147 0.1972656
vt 0.138916 0.1973877
vt 0.09368896 0.1965332
vt 0.1053467 0.1968994
vt 0.1053467 0.1938477
vt 0.09368896 0.1928711
vt 0.152832 0.1970215
vt 0.145874 0.1972656
vt 0.1442871 0.1998291
vt 0.1516113 0.1999512
vt 0.138916 0.1973877
vt 0.1176147 0.1972656
vt 0.1160278 0.1992188
vt 0.1369629 0.1998291
vt 0.09381104 0.1965332
vt 0.1040649 0.1983643
vt 0.1053467 0.1968994
vt 0.09368896 0.1965332
vt 0.1486816 0.197876
vt 0.1516113 0.1999512
vt 0.1442871 0.1998291
vt 0.1417236 0.1976318
vt 0.1369629 0.1998291
vt 0.1160278 0.1992188
vt 0.1143799 0.1972656
vt 0.1348877 0.1973877
vt 0.09234619 0.1954346
vt 0.1027222 0.1968994
vt 0.1040649 0.1983643
vt 0.09381104 0.1965332
vt 0.1481934 0.1918945
vt 0.1414795 0.1922607
vt 0.1437988 0.1890869
vt 0.1506348 0.1879883
vt 0.1348877 0.192627
vt 0.1143799 0.1934814
vt 0.1160278 0.1915283
vt 0.1369629 0.1903076
vt 0.09381104 0.1928711
vt 0.1040649 0.1922607
vt 0.1027222 0.1938477
vt 0.09234619 0.1938477
vt 0.09368896 0.1928711
vt 0.09124756 0.19104
vt 0.09124756 0.1982422
vt 0.09368896 0.1965332
vt 0.08880615 0.1965332
vt 0.08880615 0.1928711
vt 0.1137695 0.1405029
vt 0.1165771 0.1325684
vt 0.1138306 0.1333008
vt 0.111145 0.1414795
vt 0.1169434 0.1428223
vt 0.1203003 0.1350098
vt 0.1165771 0.1325684
vt 0.1137695 0.1405029
vt 0.1212769 0.1380615
vt 0.1203003 0.1350098
vt 0.1169434 0.1428223
vt 0.1175537 0.1462402
vt 0.1185303 0.1397705
vt 0.1212769 0.1380615
vt 0.1175537 0.1462402
vt 0.1149292 0.1473389
vt 0.111145 0.1414795
vt 0.1138306 0.1333008
vt 0.1148071 0.1373291
vt 0.1117554 0.1450195
vt 0.06604004 0.1424561
vt 0.06219482 0.135376
vt 0.0612793 0.1387939
vt 0.06549072 0.145874
vt 0.0692749 0.1401367
vt 0.06567383 0.1324463
vt 0.06219482 0.135376
vt 0.06604004 0.1424561
vt 0.0682373 0.1329346
vt 0.06567383 0.1324463
vt 0.0692749 0.1401367
vt 0.07189941 0.1411133
vt 0.06799316 0.1368408
vt 0.0682373 0.1329346
vt 0.07189941 0.1411133
vt 0.07128906 0.1446533
vt 0.06549072 0.145874
vt 0.0612793 0.1387939
vt 0.06451416 0.1397705
vt 0.0680542 0.1469727
vt 0.04360962 0.1966553
vt 0.03689575 0.1975098
vt 0.03872681 0.2001953
vt 0.04559326 0.1990967
vt 0.04360962 0.1918945
vt 0.03665161 0.1921387
vt 0.03689575 0.1975098
vt 0.04360962 0.1966553
vt 0.03823853 0.1894531
vt 0.03665161 0.1921387
vt 0.04360962 0.1918945
vt 0.04559326 0.1895752
vt 0.04074097 0.1917725
vt 0.03823853 0.1894531
vt 0.04559326 0.1895752
vt 0.04760742 0.1918945
vt 0.04559326 0.1990967
vt 0.03872681 0.2001953
vt 0.04098511 0.1971436
vt 0.04760742 0.1966553
vt 0.06878662 0.2489014
vt 0.065979 0.2565918
vt 0.06872559 0.2561035
vt 0.07141113 0.2478027
vt 0.06555176 0.24646
vt 0.06225586 0.2543945
vt 0.065979 0.2565918
vt 0.06878662 0.2489014
vt 0.0612793 0.2512207
vt 0.06225586 0.2543945
vt 0.06555176 0.24646
vt 0.06500244 0.243042
vt 0.06396484 0.2496338
vt 0.0612793 0.2512207
vt 0.06500244 0.243042
vt 0.06756592 0.2420654
vt 0.07141113 0.2478027
vt 0.06872559 0.2561035
vt 0.06774902 0.2519531
vt 0.07080078 0.2443848
vt 0.1164551 0.2468262
vt 0.1203613 0.2539063
vt 0.1212769 0.2504883
vt 0.1170654 0.2434082
vt 0.1132813 0.2492676
vt 0.1168823 0.2568359
vt 0.1203613 0.2539063
vt 0.1164551 0.2468262
vt 0.1143188 0.2563477
vt 0.1168823 0.2568359
vt 0.1132813 0.2492676
vt 0.1106567 0.2481689
vt 0.114563 0.2524414
vt 0.1143188 0.2563477
vt 0.1106567 0.2481689
vt 0.1112671 0.244751
vt 0.1170654 0.2434082
vt 0.1212769 0.2504883
vt 0.118042 0.2496338
vt 0.1144409 0.2424316
vt 0.138916 0.192627
vt 0.1456299 0.1918945
vt 0.1437988 0.1890869
vt 0.1369629 0.1903076
vt 0.138916 0.1973877
vt 0.145874 0.1972656
vt 0.1456299 0.1918945
vt 0.138916 0.192627
vt 0.1442871 0.1998291
vt 0.145874 0.1972656
vt 0.138916 0.1973877
vt 0.1369629 0.1998291
vt 0.1417236 0.1976318
vt 0.1442871 0.1998291
vt 0.1369629 0.1998291
vt 0.1348877 0.1973877
vt 0.1369629 0.1903076
vt 0.1437988 0.1890869
vt 0.1414795 0.1922607
vt 0.1348877 0.192627
vt 0.6538086 0.1901855
vt 0.6650391 0.1901855
vt 0.6650391 0.2714844
vt 0.6538086 0.2714844
vt 0.6762695 0.2714844
vt 0.6762695 0.2714844
vt 0.668457 0.2714844
vt 0.6650391 0.2714844
vt 0.6425781 0.1901855
vt 0.6538086 0.1901855
vt 0.6538086 0.2714844
vt 0.6762695 0.2714844
vt 0.6650391 0.2714844
vt 0.6650391 0.1901855
vt 0.6538086 0.2714844
vt 0.6601563 0.2714844
vt 0.652832 0.2714844
vt 0.6425781 0.1901855
vt 0.6762695 0.2714844
vt 0.6699219 0.2714844
vt 0.6728516 0.2714844
vt 0.6538086 0.1901855
vt 0.6650391 0.1901855
vt 0.6650391 0.2714844
vt 0.6538086 0.2714844
vt 0.6650391 0.2714844
vt 0.6762695 0.1901855
vt 0.6762695 0.2714844
vt 0.668457 0.2714844
vt 0.6425781 0.1901855
vt 0.6538086 0.1901855
vt 0.6538086 0.2714844
vt 0.6762695 0.1901855
vt 0.6650391 0.2714844
vt 0.6650391 0.1901855
vt 0.6538086 0.2714844
vt 0.6601563 0.2714844
vt 0.652832 0.2714844
vt 0.6425781 0.1901855
vt 0.6762695 0.2714844
vt 0.6699219 0.2714844
vt 0.6728516 0.2714844
vt 0.6538086 0.1901855
vt 0.6650391 0.1901855
vt 0.6650391 0.2714844
vt 0.6538086 0.2714844
vt 0.6762695 0.2714844
vt 0.6762695 0.2714844
vt 0.668457 0.2714844
vt 0.6650391 0.2714844
vt 0.6425781 0.1901855
vt 0.6538086 0.1901855
vt 0.6538086 0.2714844
vt 0.6762695 0.2714844
vt 0.6650391 0.2714844
vt 0.6650391 0.1901855
vt 0.6538086 0.2714844
vt 0.6601563 0.2714844
vt 0.652832 0.2714844
vt 0.6425781 0.1901855
vt 0.6762695 0.2714844
vt 0.6699219 0.2714844
vt 0.6728516 0.2714844
vt 0.6538086 0.1901855
vt 0.6650391 0.1901855
vt 0.6650391 0.2714844
vt 0.6538086 0.2714844
vt 0.6650391 0.2714844
vt 0.6762695 0.1901855
vt 0.6762695 0.2714844
vt 0.668457 0.2714844
vt 0.6425781 0.2714844
vt 0.6538086 0.1901855
vt 0.6538086 0.2714844
vt 0.6762695 0.1901855
vt 0.6650391 0.2714844
vt 0.6650391 0.1901855
vt 0.6538086 0.2714844
vt 0.6601563 0.2714844
vt 0.652832 0.2714844
vt 0.6425781 0.2714844
vt 0.6762695 0.2714844
vt 0.6699219 0.2714844
vt 0.6728516 0.2714844
vt 0.6538086 0.1901855
vt 0.6650391 0.1901855
vt 0.6650391 0.2714844
vt 0.6538086 0.2714844
vt 0.6650391 0.2714844
vt 0.6762695 0.1901855
vt 0.6762695 0.2714844
vt 0.668457 0.2714844
vt 0.6425781 0.1901855
vt 0.6538086 0.1901855
vt 0.6538086 0.2714844
vt 0.6762695 0.1901855
vt 0.6650391 0.2714844
vt 0.6650391 0.1901855
vt 0.6538086 0.2714844
vt 0.6601563 0.2714844
vt 0.652832 0.2714844
vt 0.6425781 0.1901855
vt 0.6762695 0.2714844
vt 0.6699219 0.2714844
vt 0.6728516 0.2714844
vt 0.6538086 0.1901855
vt 0.6650391 0.1901855
vt 0.6650391 0.2714844
vt 0.6538086 0.2714844
vt 0.6650391 0.2714844
vt 0.6762695 0.1901855
vt 0.6762695 0.2714844
vt 0.668457 0.2714844
vt 0.6425781 0.2714844
vt 0.6538086 0.1901855
vt 0.6538086 0.2714844
vt 0.6762695 0.1901855
vt 0.6650391 0.2714844
vt 0.6650391 0.1901855
vt 0.6538086 0.2714844
vt 0.6601563 0.2714844
vt 0.652832 0.2714844
vt 0.6425781 0.2714844
vt 0.6762695 0.2714844
vt 0.6699219 0.2714844
vt 0.6728516 0.2714844
vt 0.6728516 0.2714844
vt 0.6762695 0.2714844
vt 0.6762695 0.2714844
vt 0.6660156 0.2714844
vt 0.6699219 0.2714844
vt 0.6762695 0.2714844
vt 0.668457 0.2714844
vt 0.6601563 0.2714844
vt 0.6538086 0.2714844
vt 0.6650391 0.2714844
vt 0.6728516 0.2714844
vt 0.6762695 0.2714844
vt 0.6762695 0.2714844
vt 0.6660156 0.2714844
vt 0.6699219 0.2714844
vt 0.6762695 0.2714844
vt 0.668457 0.2714844
vt 0.6601563 0.2714844
vt 0.6538086 0.2714844
vt 0.6650391 0.2714844
vt 0.6728516 0.2714844
vt 0.6762695 0.2714844
vt 0.6762695 0.2714844
vt 0.6660156 0.2714844
vt 0.6699219 0.2714844
vt 0.6762695 0.2714844
vt 0.668457 0.2714844
vt 0.6601563 0.2714844
vt 0.6538086 0.2714844
vt 0.6650391 0.2714844
vt 0.6728516 0.2714844
vt 0.6762695 0.2714844
vt 0.6762695 0.2714844
vt 0.6660156 0.2714844
vt 0.6699219 0.2714844
vt 0.6762695 0.2714844
vt 0.668457 0.2714844
vt 0.6601563 0.2714844
vt 0.6538086 0.2714844
vt 0.6650391 0.2714844
vt 0.6728516 0.2714844
vt 0.6762695 0.2714844
vt 0.6762695 0.2714844
vt 0.6660156 0.2714844
vt 0.6699219 0.2714844
vt 0.6762695 0.2714844
vt 0.668457 0.2714844
vt 0.6601563 0.2714844
vt 0.6538086 0.2714844
vt 0.6650391 0.2714844
vt 0.6728516 0.2714844
vt 0.6762695 0.2714844
vt 0.6762695 0.2714844
vt 0.6660156 0.2714844
vt 0.6699219 0.2714844
vt 0.6762695 0.2714844
vt 0.668457 0.2714844
vt 0.6601563 0.2714844
vt 0.6538086 0.2714844
vt 0.6650391 0.2714844
vt 0.668457 0.2714844
vt 0.6762695 0.2714844
vt 0.6762695 0.2714844
vt 0.6728516 0.2714844
vt 0.652832 0.2714844
vt 0.6601563 0.2714844
vt 0.6699219 0.2714844
vt 0.6660156 0.2714844
vt 0.6728516 0.2714844
vt 0.6699219 0.2714844
vt 0.6601563 0.2714844
vt 0.668457 0.2714844
vt 0.668457 0.2714844
vt 0.6762695 0.2714844
vt 0.6762695 0.2714844
vt 0.6728516 0.2714844
vt 0.652832 0.2714844
vt 0.6601563 0.2714844
vt 0.6699219 0.2714844
vt 0.6660156 0.2714844
vt 0.6728516 0.2714844
vt 0.6699219 0.2714844
vt 0.6601563 0.2714844
vt 0.668457 0.2714844
vt 0.668457 0.2714844
vt 0.6762695 0.2714844
vt 0.6762695 0.2714844
vt 0.6728516 0.2714844
vt 0.652832 0.2714844
vt 0.6601563 0.2714844
vt 0.6699219 0.2714844
vt 0.6660156 0.2714844
vt 0.6728516 0.2714844
vt 0.6699219 0.2714844
vt 0.6601563 0.2714844
vt 0.668457 0.2714844
vt 0.668457 0.2714844
vt 0.6762695 0.2714844
vt 0.6762695 0.2714844
vt 0.6728516 0.2714844
vt 0.652832 0.2714844
vt 0.6601563 0.2714844
vt 0.6699219 0.2714844
vt 0.6660156 0.2714844
vt 0.6728516 0.2714844
vt 0.6699219 0.2714844
vt 0.6601563 0.2714844
vt 0.668457 0.2714844
vt 0.668457 0.2714844
vt 0.6762695 0.2714844
vt 0.6762695 0.2714844
vt 0.6728516 0.2714844
vt 0.652832 0.2714844
vt 0.6601563 0.2714844
vt 0.6699219 0.2714844
vt 0.6660156 0.2714844
vt 0.6728516 0.2714844
vt 0.6699219 0.2714844
vt 0.6601563 0.2714844
vt 0.668457 0.2714844
vt 0.668457 0.2714844
vt 0.6762695 0.2714844
vt 0.6762695 0.2714844
vt 0.6728516 0.2714844
vt 0.652832 0.2714844
vt 0.6601563 0.2714844
vt 0.6699219 0.2714844
vt 0.6660156 0.2714844
vt 0.6728516 0.2714844
vt 0.6699219 0.2714844
vt 0.6601563 0.2714844
vt 0.668457 0.2714844
vt 0.09246826 0.1947021
vt 0.09246826 0.1947021
vt 0.09216309 0.1947021
vt 0.09216309 0.1947021
vt 0.09283447 0.1947021
vt 0.09283447 0.1947021
vt 0.09246826 0.1947021
vt 0.09246826 0.1947021
vt 0.09216309 0.1947021
vt 0.09216309 0.1947021
vt 0.09179688 0.1947021
vt 0.09179688 0.2027588
vt 0.09246826 0.1947021
vt 0.09246826 0.1947021
vt 0.09216309 0.1947021
vt 0.09216309 0.1947021
vt 0.09283447 0.1947021
vt 0.09283447 0.1947021
vt 0.09246826 0.1947021
vt 0.09246826 0.1947021
vt 0.09216309 0.1947021
vt 0.09216309 0.1947021
vt 0.09179688 0.1947021
vt 0.09179688 0.1947021
vt 0.09246826 0.1947021
vt 0.09246826 0.1947021
vt 0.09216309 0.1947021
vt 0.09216309 0.1947021
vt 0.09283447 0.1947021
vt 0.09283447 0.1947021
vt 0.09246826 0.1947021
vt 0.09246826 0.1947021
vt 0.09216309 0.1947021
vt 0.09216309 0.1947021
vt 0.09179688 0.1947021
vt 0.09179688 0.2027588
vt 0.09246826 0.1947021
vt 0.09246826 0.1947021
vt 0.09216309 0.1947021
vt 0.09216309 0.1947021
vt 0.09283447 0.2027588
vt 0.09283447 0.1947021
vt 0.09246826 0.1947021
vt 0.09246826 0.1947021
vt 0.09216309 0.1947021
vt 0.09216309 0.1947021
vt 0.09179688 0.1947021
vt 0.09179688 0.1947021
vt 0.09246826 0.1947021
vt 0.09246826 0.1947021
vt 0.09216309 0.1947021
vt 0.09216309 0.1947021
vt 0.09283447 0.1947021
vt 0.09283447 0.1947021
vt 0.09246826 0.1947021
vt 0.09246826 0.1947021
vt 0.09216309 0.1947021
vt 0.09216309 0.1947021
vt 0.09179688 0.1947021
vt 0.09179688 0.1947021
vt 0.09246826 0.1947021
vt 0.09246826 0.1947021
vt 0.09216309 0.1947021
vt 0.09216309 0.1947021
vt 0.09283447 0.2027588
vt 0.09283447 0.1947021
vt 0.09246826 0.1947021
vt 0.09246826 0.1947021
vt 0.09216309 0.1947021
vt 0.09216309 0.1947021
vt 0.09179688 0.1947021
vt 0.09179688 0.1947021
vn -0.04085498 -0.0486488 -0.99798
vn -0.04085498 -0.0486488 -0.99798
vn -0.04085498 -0.0486488 -0.99798
vn -0.04085498 -0.0486488 -0.99798
vn 0.99798 -0.04864898 -0.04085503
vn 0.99798 -0.04864898 -0.04085503
vn 0.99798 -0.04864898 -0.04085503
vn 0.99798 -0.04864898 -0.04085503
vn 0.04085497 -0.04864877 0.99798
vn 0.04085497 -0.04864877 0.99798
vn 0.04085497 -0.04864877 0.99798
vn 0.04085497 -0.04864877 0.99798
vn -0.99798 -0.0486486 0.04085503
vn -0.99798 -0.0486486 0.04085503
vn -0.99798 -0.0486486 0.04085503
vn -0.99798 -0.0486486 0.04085503
vn -0.0408567 0.01793409 -0.999004
vn -0.0408567 0.01793409 -0.999004
vn -0.0408567 0.01793409 -0.999004
vn -0.0408567 0.01793409 -0.999004
vn 0.999004 0.01793391 -0.04085676
vn 0.999004 0.01793391 -0.04085676
vn 0.999004 0.01793391 -0.04085676
vn 0.999004 0.01793391 -0.04085676
vn 0.04085671 0.01793412 0.999004
vn 0.04085671 0.01793412 0.999004
vn 0.04085671 0.01793412 0.999004
vn 0.04085671 0.01793412 0.999004
vn -0.999004 0.01793429 0.04085676
vn -0.999004 0.01793429 0.04085676
vn -0.999004 0.01793429 0.04085676
vn -0.999004 0.01793429 0.04085676
vn -0.8847308 -0.04864186 -0.4635573
vn -0.8847308 -0.04864186 -0.4635573
vn -0.8847308 -0.04864186 -0.4635573
vn -0.8847308 -0.04864186 -0.4635573
vn 0.4635572 -0.04864212 -0.8847309
vn 0.4635572 -0.04864212 -0.8847309
vn 0.4635572 -0.04864212 -0.8847309
vn 0.4635572 -0.04864212 -0.8847309
vn 0.8847308 -0.04864218 0.4635573
vn 0.8847308 -0.04864218 0.4635573
vn 0.8847308 -0.04864218 0.4635573
vn 0.8847308 -0.04864218 0.4635573
vn -0.4635572 -0.04864191 0.8847309
vn -0.4635572 -0.04864191 0.8847309
vn -0.4635572 -0.04864191 0.8847309
vn -0.4635572 -0.04864191 0.8847309
vn -0.885645 0.01723752 -0.4640431
vn -0.885645 0.01723752 -0.4640431
vn -0.885645 0.01723752 -0.4640431
vn -0.885645 0.01723752 -0.4640431
vn 0.4640431 0.01723726 -0.885645
vn 0.4640431 0.01723726 -0.885645
vn 0.4640431 0.01723726 -0.885645
vn 0.4640431 0.01723726 -0.885645
vn 0.885645 0.01723721 0.4640431
vn 0.885645 0.01723721 0.4640431
vn 0.885645 0.01723721 0.4640431
vn 0.885645 0.01723721 0.4640431
vn -0.4640431 0.01723747 0.885645
vn -0.4640431 0.01723747 0.885645
vn -0.4640431 0.01723747 0.885645
vn -0.4640431 0.01723747 0.885645
vn 0.8847308 -0.04864218 0.4635573
vn 0.8847308 -0.04864218 0.4635573
vn 0.8847308 -0.04864218 0.4635573
vn 0.8847308 -0.04864218 0.4635573
vn -0.4635572 -0.04864191 0.8847309
vn -0.4635572 -0.04864191 0.8847309
vn -0.4635572 -0.04864191 0.8847309
vn -0.4635572 -0.04864191 0.8847309
vn -0.8847308 -0.04864186 -0.4635573
vn -0.8847308 -0.04864186 -0.4635573
vn -0.8847308 -0.04864186 -0.4635573
vn -0.8847308 -0.04864186 -0.4635573
vn 0.4635572 -0.04864212 -0.8847309
vn 0.4635572 -0.04864212 -0.8847309
vn 0.4635572 -0.04864212 -0.8847309
vn 0.4635572 -0.04864212 -0.8847309
vn 0.885645 0.01723721 0.4640431
vn 0.885645 0.01723721 0.4640431
vn 0.885645 0.01723721 0.4640431
vn 0.885645 0.01723721 0.4640431
vn -0.4640431 0.01723747 0.885645
vn -0.4640431 0.01723747 0.885645
vn -0.4640431 0.01723747 0.885645
vn -0.4640431 0.01723747 0.885645
vn -0.885645 0.01723752 -0.4640431
vn -0.885645 0.01723752 -0.4640431
vn -0.885645 0.01723752 -0.4640431
vn -0.885645 0.01723752 -0.4640431
vn 0.4640431 0.01723726 -0.885645
vn 0.4640431 0.01723726 -0.885645
vn 0.4640431 0.01723726 -0.885645
vn 0.4640431 0.01723726 -0.885645
vn -0.8439894 -0.04382473 0.5345663
vn -0.8439894 -0.04382473 0.5345663
vn -0.8439894 -0.04382473 0.5345663
vn -0.8439894 -0.04382473 0.5345663
vn -0.5345663 -0.04382481 -0.8439896
vn -0.5345663 -0.04382481 -0.8439896
vn -0.5345663 -0.04382481 -0.8439896
vn -0.5345663 -0.04382481 -0.8439896
vn 0.8439894 -0.04382507 -0.5345663
vn 0.8439894 -0.04382507 -0.5345663
vn 0.8439894 -0.04382507 -0.5345663
vn 0.8439894 -0.04382507 -0.5345663
vn 0.5345663 -0.04382498 0.8439896
vn 0.5345663 -0.04382498 0.8439896
vn 0.5345663 -0.04382498 0.8439896
vn 0.5345663 -0.04382498 0.8439896
vn -0.8446813 0.01793717 0.5349691
vn -0.8446813 0.01793717 0.5349691
vn -0.8446813 0.01793717 0.5349691
vn -0.8446813 0.01793717 0.5349691
vn -0.534969 0.01793709 -0.8446813
vn -0.534969 0.01793709 -0.8446813
vn -0.534969 0.01793709 -0.8446813
vn -0.534969 0.01793709 -0.8446813
vn 0.8446813 0.01793683 -0.5349691
vn 0.8446813 0.01793683 -0.5349691
vn 0.8446813 0.01793683 -0.5349691
vn 0.8446813 0.01793683 -0.5349691
vn 0.534969 0.01793692 0.8446813
vn 0.534969 0.01793692 0.8446813
vn 0.534969 0.01793692 0.8446813
vn 0.534969 0.01793692 0.8446813
vn 0.04085497 -0.04864877 0.99798
vn 0.04085497 -0.04864877 0.99798
vn 0.04085497 -0.04864877 0.99798
vn 0.04085497 -0.04864877 0.99798
vn -0.99798 -0.0486486 0.04085503
vn -0.99798 -0.0486486 0.04085503
vn -0.99798 -0.0486486 0.04085503
vn -0.99798 -0.0486486 0.04085503
vn -0.04085498 -0.0486488 -0.99798
vn -0.04085498 -0.0486488 -0.99798
vn -0.04085498 -0.0486488 -0.99798
vn -0.04085498 -0.0486488 -0.99798
vn 0.99798 -0.04864898 -0.04085503
vn 0.99798 -0.04864898 -0.04085503
vn 0.99798 -0.04864898 -0.04085503
vn 0.99798 -0.04864898 -0.04085503
vn 0.04085721 0.01723477 0.9990163
vn 0.04085721 0.01723477 0.9990163
vn 0.04085721 0.01723477 0.9990163
vn 0.04085721 0.01723477 0.9990163
vn -0.9990163 0.01723495 0.04085727
vn -0.9990163 0.01723495 0.04085727
vn -0.9990163 0.01723495 0.04085727
vn -0.9990163 0.01723495 0.04085727
vn -0.04085721 0.01723475 -0.9990163
vn -0.04085721 0.01723475 -0.9990163
vn -0.04085721 0.01723475 -0.9990163
vn -0.04085721 0.01723475 -0.9990163
vn 0.9990163 0.01723457 -0.04085727
vn 0.9990163 0.01723457 -0.04085727
vn 0.9990163 0.01723457 -0.04085727
vn 0.9990163 0.01723457 -0.04085727
vn 0.8439115 -0.04864582 -0.5342725
vn 0.8439115 -0.04864582 -0.5342725
vn 0.8439115 -0.04864582 -0.5342725
vn 0.8439115 -0.04864582 -0.5342725
vn 0.5342723 -0.04864573 0.8439115
vn 0.5342723 -0.04864573 0.8439115
vn 0.5342723 -0.04864573 0.8439115
vn 0.5342723 -0.04864573 0.8439115
vn -0.8439115 -0.04864548 0.5342725
vn -0.8439115 -0.04864548 0.5342725
vn -0.8439115 -0.04864548 0.5342725
vn -0.8439115 -0.04864548 0.5342725
vn -0.5342724 -0.04864557 -0.8439116
vn -0.5342724 -0.04864557 -0.8439116
vn -0.5342724 -0.04864557 -0.8439116
vn -0.5342724 -0.04864557 -0.8439116
vn 0.8446916 0.01723737 -0.5349756
vn 0.8446916 0.01723737 -0.5349756
vn 0.8446916 0.01723737 -0.5349756
vn 0.8446916 0.01723737 -0.5349756
vn 0.5349756 0.01723746 0.8446916
vn 0.5349756 0.01723746 0.8446916
vn 0.5349756 0.01723746 0.8446916
vn 0.5349756 0.01723746 0.8446916
vn -0.8446916 0.01723772 0.5349756
vn -0.8446916 0.01723772 0.5349756
vn -0.8446916 0.01723772 0.5349756
vn -0.8446916 0.01723772 0.5349756
vn -0.5349756 0.01723763 -0.8446916
vn -0.5349756 0.01723763 -0.8446916
vn -0.5349756 0.01723763 -0.8446916
vn -0.5349756 0.01723763 -0.8446916
vn 0.1274323 0.3364322 0.9330457
vn 0.1274323 0.3364322 0.9330457
vn 0.1274323 0.3364322 0.9330457
vn 0.1274323 0.3364322 0.9330457
vn -0.6305006 0.7044461 0.3259212
vn -0.6305006 0.7044461 0.3259212
vn -0.6305006 0.7044461 0.3259212
vn -0.6305006 0.7044461 0.3259212
vn -0.6791595 0.3437676 -0.6485106
vn -0.6791595 0.3437676 -0.6485106
vn -0.6791595 0.3437676 -0.6485106
vn -0.6791595 0.3437676 -0.6485106
vn -0.05787459 -0.2815875 -0.9577886
vn -0.05787459 -0.2815875 -0.9577886
vn -0.05787459 -0.2815875 -0.9577886
vn -0.05787459 -0.2815875 -0.9577886
vn 0.7403728 -0.288852 0.60697
vn 0.7403728 -0.288852 0.60697
vn 0.7403728 -0.288852 0.60697
vn 0.7403728 -0.288852 0.60697
vn -0.7394281 -0.4269162 0.5205657
vn -0.7394281 -0.4269162 0.5205657
vn -0.7394281 -0.4269162 0.5205657
vn -0.7394281 -0.4269162 0.5205657
vn -0.7394281 -0.4269162 0.5205657
vn -0.7394281 -0.4269162 0.5205657
vn 0.5149829 0.4932709 0.7010539
vn 0.5149829 0.4932709 0.7010539
vn 0.5149829 0.4932709 0.7010539
vn 0.5149829 0.4932709 0.7010539
vn 0.1615932 0.3630681 0.9176432
vn 0.1615932 0.3630681 0.9176432
vn 0.1615932 0.3630681 0.9176432
vn 0.1615932 0.3630681 0.9176432
vn 0.1288519 0.1775523 0.9756394
vn 0.1288519 0.1775523 0.9756394
vn 0.1288519 0.1775523 0.9756394
vn 0.1288519 0.1775523 0.9756394
vn 0.1542756 0.9790267 -0.1330629
vn 0.1542756 0.9790267 -0.1330629
vn 0.1542756 0.9790267 -0.1330629
vn 0.1542756 0.9790267 -0.1330629
vn -0.5683739 0.7684246 0.2940659
vn -0.5683739 0.7684246 0.2940659
vn -0.5683739 0.7684246 0.2940659
vn -0.5683739 0.7684246 0.2940659
vn -0.741358 0.550788 0.3834329
vn -0.741358 0.550788 0.3834329
vn -0.741358 0.550788 0.3834329
vn -0.741358 0.550788 0.3834329
vn -0.2433416 0.4439035 -0.8624005
vn -0.2433416 0.4439035 -0.8624005
vn -0.2433416 0.4439035 -0.8624005
vn -0.2433416 0.4439035 -0.8624005
vn -0.6752728 0.3468872 -0.6509039
vn -0.6752728 0.3468872 -0.6509039
vn -0.6752728 0.3468872 -0.6509039
vn -0.6752728 0.3468872 -0.6509039
vn -0.6761304 0.1978611 -0.7097173
vn -0.6761304 0.1978611 -0.7097173
vn -0.6761304 0.1978611 -0.7097173
vn -0.6761304 0.1978611 -0.7097173
vn -0.4281962 0.1079224 -0.8972184
vn -0.4281962 0.1079224 -0.8972184
vn -0.4281962 0.1079224 -0.8972184
vn -0.4281962 0.1079224 -0.8972184
vn -0.1475114 -0.3521025 -0.9242641
vn -0.1475114 -0.3521025 -0.9242641
vn -0.1475114 -0.3521025 -0.9242641
vn -0.1475114 -0.3521025 -0.9242641
vn -0.06841227 -0.1872725 -0.9799228
vn -0.06841227 -0.1872725 -0.9799228
vn -0.06841227 -0.1872725 -0.9799228
vn -0.06841227 -0.1872725 -0.9799228
vn 0.360626 -0.5701268 0.7381763
vn 0.360626 -0.5701268 0.7381763
vn 0.360626 -0.5701268 0.7381763
vn 0.360626 -0.5701268 0.7381763
vn 0.6884141 -0.3359668 0.6428159
vn 0.6884141 -0.3359668 0.6428159
vn 0.6884141 -0.3359668 0.6428159
vn 0.6884141 -0.3359668 0.6428159
vn 0.7292497 -0.2200759 0.64789
vn 0.7292497 -0.2200759 0.64789
vn 0.7292497 -0.2200759 0.64789
vn 0.7292497 -0.2200759 0.64789
vn 0.8717623 0.3363007 0.3562757
vn 0.8717623 0.3363007 0.3562757
vn 0.8717623 0.3363007 0.3562757
vn 0.8717623 0.3363007 0.3562757
vn -0.03269507 0.704446 0.7090041
vn -0.03269507 0.704446 0.7090041
vn -0.03269507 0.704446 0.7090041
vn -0.03269507 0.704446 0.7090041
vn -0.9011506 0.3438465 0.2640019
vn -0.9011506 0.3438465 0.2640019
vn -0.9011506 0.3438465 0.2640019
vn -0.9011506 0.3438465 0.2640019
vn -0.8585666 -0.2815771 -0.4284596
vn -0.8585666 -0.2815771 -0.4284596
vn -0.8585666 -0.2815771 -0.4284596
vn -0.8585666 -0.2815771 -0.4284596
vn 0.8957607 -0.2888396 -0.3379119
vn 0.8957607 -0.2888396 -0.3379119
vn 0.8957607 -0.2888396 -0.3379119
vn 0.8957607 -0.2888396 -0.3379119
vn 0.08140291 -0.4355989 0.8964525
vn 0.08140291 -0.4355989 0.8964525
vn 0.08140291 -0.4355989 0.8964525
vn 0.08140291 -0.4355989 0.8964525
vn 0.08140291 -0.4355989 0.8964525
vn 0.08140291 -0.4355989 0.8964525
vn 0.8645391 0.4934084 -0.09550012
vn 0.8645391 0.4934084 -0.09550012
vn 0.8645391 0.4934084 -0.09550012
vn 0.8645391 0.4934084 -0.09550012
vn 0.8755655 0.3629349 0.3188468
vn 0.8755655 0.3629349 0.3188468
vn 0.8755655 0.3629349 0.3188468
vn 0.8755655 0.3629349 0.3188468
vn 0.9093407 0.1775234 0.376278
vn 0.9093407 0.1775234 0.376278
vn 0.9093407 0.1775234 0.376278
vn 0.9093407 0.1775234 0.376278
vn -0.03812093 0.9790245 -0.2001446
vn -0.03812093 0.9790245 -0.2001446
vn -0.03812093 0.9790245 -0.2001446
vn -0.03812093 0.9790245 -0.2001446
vn -0.02970916 0.7684245 0.6392505
vn -0.02970916 0.7684245 0.6392505
vn -0.02970916 0.7684245 0.6392505
vn -0.02970916 0.7684245 0.6392505
vn -0.03863156 0.5507879 0.8337507
vn -0.03863156 0.5507879 0.8337507
vn -0.03863156 0.5507879 0.8337507
vn -0.03863156 0.5507879 0.8337507
vn -0.8685285 0.4438231 -0.2206338
vn -0.8685285 0.4438231 -0.2206338
vn -0.8685285 0.4438231 -0.2206338
vn -0.8685285 0.4438231 -0.2206338
vn -0.9013457 0.3468649 0.2593468
vn -0.9013457 0.3468649 0.2593468
vn -0.9013457 0.3468649 0.2593468
vn -0.9013457 0.3468649 0.2593468
vn -0.9527129 0.1978258 0.2306582
vn -0.9527129 0.1978258 0.2306582
vn -0.9527129 0.1978258 0.2306582
vn -0.9527129 0.1978258 0.2306582
vn -0.9905583 0.1123651 -0.07853887
vn -0.9905583 0.1123651 -0.07853887
vn -0.9905583 0.1123651 -0.07853887
vn -0.9905583 0.1123651 -0.07853887
vn -0.8742117 -0.3521579 -0.3342733
vn -0.8742117 -0.3521579 -0.3342733
vn -0.8742117 -0.3521579 -0.3342733
vn -0.8742117 -0.3521579 -0.3342733
vn -0.8829392 -0.1872683 -0.4305219
vn -0.8829392 -0.1872683 -0.4305219
vn -0.8829392 -0.1872683 -0.4305219
vn -0.8829392 -0.1872683 -0.4305219
vn 0.8065286 -0.5879635 0.06172988
vn 0.8065286 -0.5879635 0.06172988
vn 0.8065286 -0.5879635 0.06172988
vn 0.8065286 -0.5879635 0.06172988
vn 0.9008254 -0.3359238 -0.2750796
vn 0.9008254 -0.3359238 -0.2750796
vn 0.9008254 -0.3359238 -0.2750796
vn 0.9008254 -0.3359238 -0.2750796
vn 0.9257884 -0.220098 -0.3073642
vn 0.9257884 -0.220098 -0.3073642
vn 0.9257884 -0.220098 -0.3073642
vn 0.9257884 -0.220098 -0.3073642
vn 0.7444049 0.3363463 -0.5768297
vn 0.7444049 0.3363463 -0.5768297
vn 0.7444049 0.3363463 -0.5768297
vn 0.7444049 0.3363463 -0.5768297
vn 0.5976956 0.7043163 0.3830124
vn 0.5976956 0.7043163 0.3830124
vn 0.5976956 0.7043163 0.3830124
vn 0.5976956 0.7043163 0.3830124
vn -0.2221056 0.3437289 0.9124251
vn -0.2221056 0.3437289 0.9124251
vn -0.2221056 0.3437289 0.9124251
vn -0.2221056 0.3437289 0.9124251
vn -0.8003627 -0.2815576 0.5292871
vn -0.8003627 -0.2815576 0.5292871
vn -0.8003627 -0.2815576 0.5292871
vn -0.8003627 -0.2815576 0.5292871
vn 0.1555424 -0.2888656 -0.9446498
vn 0.1555424 -0.2888656 -0.9446498
vn 0.1555424 -0.2888656 -0.9446498
vn 0.1555424 -0.2888656 -0.9446498
vn 0.8205007 -0.4244471 0.3829141
vn 0.8205007 -0.4244471 0.3829141
vn 0.8205007 -0.4244471 0.3829141
vn 0.8205007 -0.4244471 0.3829141
vn 0.8205007 -0.4244471 0.3829141
vn 0.8205007 -0.4244471 0.3829141
vn 0.3498084 0.4933563 -0.7963879
vn 0.3498084 0.4933563 -0.7963879
vn 0.3498084 0.4933563 -0.7963879
vn 0.3498084 0.4933563 -0.7963879
vn 0.7138091 0.363037 -0.5988996
vn 0.7138091 0.363037 -0.5988996
vn 0.7138091 0.363037 -0.5988996
vn 0.7138091 0.363037 -0.5988996
vn 0.7804174 0.1775193 -0.5995294
vn 0.7804174 0.1775193 -0.5995294
vn 0.7804174 0.1775193 -0.5995294
vn 0.7804174 0.1775193 -0.5995294
vn -0.1923762 0.9790236 -0.0671126
vn -0.1923762 0.9790236 -0.0671126
vn -0.1923762 0.9790236 -0.0671126
vn -0.1923762 0.9790236 -0.0671126
vn 0.5387218 0.7685058 0.3452211
vn 0.5387218 0.7685058 0.3452211
vn 0.5387218 0.7685058 0.3452211
vn 0.5387218 0.7685058 0.3452211
vn 0.7027344 0.5507939 0.4503228
vn 0.7027344 0.5507939 0.4503228
vn 0.7027344 0.5507939 0.4503228
vn 0.7027344 0.5507939 0.4503228
vn -0.6251817 0.4438427 0.6419902
vn -0.6251817 0.4438427 0.6419902
vn -0.6251817 0.4438427 0.6419902
vn -0.6251817 0.4438427 0.6419902
vn -0.2262099 0.3468008 0.9102518
vn -0.2262099 0.3468008 0.9102518
vn -0.2262099 0.3468008 0.9102518
vn -0.2262099 0.3468008 0.9102518
vn -0.2764407 0.1978812 0.940438
vn -0.2764407 0.1978812 0.940438
vn -0.2764407 0.1978812 0.940438
vn -0.2764407 0.1978812 0.940438
vn -0.5629395 0.1079431 0.819419
vn -0.5629395 0.1079431 0.819419
vn -0.5629395 0.1079431 0.819419
vn -0.5629395 0.1079431 0.819419
vn -0.7265683 -0.352138 0.5899976
vn -0.7265683 -0.352138 0.5899976
vn -0.7265683 -0.352138 0.5899976
vn -0.7265683 -0.352138 0.5899976
vn -0.8143282 -0.1871842 0.5493921
vn -0.8143282 -0.1871842 0.5493921
vn -0.8143282 -0.1871842 0.5493921
vn -0.8143282 -0.1871842 0.5493921
vn 0.4600135 -0.56081 -0.6883892
vn 0.4600135 -0.56081 -0.6883892
vn 0.4600135 -0.56081 -0.6883892
vn 0.4600135 -0.56081 -0.6883892
vn 0.2124153 -0.3358968 -0.9176345
vn 0.2124153 -0.3358968 -0.9176345
vn 0.2124153 -0.3358968 -0.9176345
vn 0.2124153 -0.3358968 -0.9176345
vn 0.1966753 -0.2200346 -0.9554599
vn 0.1966753 -0.2200346 -0.9554599
vn 0.1966753 -0.2200346 -0.9554599
vn 0.1966753 -0.2200346 -0.9554599
vn -0.1274322 0.3364322 -0.9330457
vn -0.1274322 0.3364322 -0.9330457
vn -0.1274322 0.3364322 -0.9330457
vn -0.1274322 0.3364322 -0.9330457
vn 0.6305009 0.704446 -0.3259213
vn 0.6305009 0.704446 -0.3259213
vn 0.6305009 0.704446 -0.3259213
vn 0.6305009 0.704446 -0.3259213
vn 0.6791597 0.3437675 0.6485107
vn 0.6791597 0.3437675 0.6485107
vn 0.6791597 0.3437675 0.6485107
vn 0.6791597 0.3437675 0.6485107
vn 0.05787451 -0.2815875 0.9577886
vn 0.05787451 -0.2815875 0.9577886
vn 0.05787451 -0.2815875 0.9577886
vn 0.05787451 -0.2815875 0.9577886
vn -0.740373 -0.2888518 -0.60697
vn -0.740373 -0.2888518 -0.60697
vn -0.740373 -0.2888518 -0.60697
vn -0.740373 -0.2888518 -0.60697
vn 0.7394279 -0.4269165 -0.5205657
vn 0.7394279 -0.4269165 -0.5205657
vn 0.7394279 -0.4269165 -0.5205657
vn 0.7394279 -0.4269165 -0.5205657
vn 0.7394279 -0.4269165 -0.5205657
vn 0.7394279 -0.4269165 -0.5205657
vn -0.5149827 0.4932711 -0.7010539
vn -0.5149827 0.4932711 -0.7010539
vn -0.5149827 0.4932711 -0.7010539
vn -0.5149827 0.4932711 -0.7010539
vn -0.1615932 0.3630682 -0.9176433
vn -0.1615932 0.3630682 -0.9176433
vn -0.1615932 0.3630682 -0.9176433
vn -0.1615932 0.3630682 -0.9176433
vn -0.1288518 0.1775523 -0.9756394
vn -0.1288518 0.1775523 -0.9756394
vn -0.1288518 0.1775523 -0.9756394
vn -0.1288518 0.1775523 -0.9756394
vn -0.1542753 0.9790267 0.1330629
vn -0.1542753 0.9790267 0.1330629
vn -0.1542753 0.9790267 0.1330629
vn -0.1542753 0.9790267 0.1330629
vn 0.5683741 0.7684244 -0.2940659
vn 0.5683741 0.7684244 -0.2940659
vn 0.5683741 0.7684244 -0.2940659
vn 0.5683741 0.7684244 -0.2940659
vn 0.7413583 0.5507877 -0.383433
vn 0.7413583 0.5507877 -0.383433
vn 0.7413583 0.5507877 -0.383433
vn 0.7413583 0.5507877 -0.383433
vn 0.2433417 0.4439034 0.8624005
vn 0.2433417 0.4439034 0.8624005
vn 0.2433417 0.4439034 0.8624005
vn 0.2433417 0.4439034 0.8624005
vn 0.6752729 0.346887 0.6509039
vn 0.6752729 0.346887 0.6509039
vn 0.6752729 0.346887 0.6509039
vn 0.6752729 0.346887 0.6509039
vn 0.6761305 0.1978609 0.7097173
vn 0.6761305 0.1978609 0.7097173
vn 0.6761305 0.1978609 0.7097173
vn 0.6761305 0.1978609 0.7097173
vn 0.4281962 0.1079223 0.8972183
vn 0.4281962 0.1079223 0.8972183
vn 0.4281962 0.1079223 0.8972183
vn 0.4281962 0.1079223 0.8972183
vn 0.1475113 -0.3521025 0.9242641
vn 0.1475113 -0.3521025 0.9242641
vn 0.1475113 -0.3521025 0.9242641
vn 0.1475113 -0.3521025 0.9242641
vn 0.06841221 -0.1872725 0.9799228
vn 0.06841221 -0.1872725 0.9799228
vn 0.06841221 -0.1872725 0.9799228
vn 0.06841221 -0.1872725 0.9799228
vn -0.3606262 -0.5701267 -0.7381763
vn -0.3606262 -0.5701267 -0.7381763
vn -0.3606262 -0.5701267 -0.7381763
vn -0.3606262 -0.5701267 -0.7381763
vn -0.6884142 -0.3359666 -0.6428159
vn -0.6884142 -0.3359666 -0.6428159
vn -0.6884142 -0.3359666 -0.6428159
vn -0.6884142 -0.3359666 -0.6428159
vn -0.7292498 -0.2200757 -0.64789
vn -0.7292498 -0.2200757 -0.64789
vn -0.7292498 -0.2200757 -0.64789
vn -0.7292498 -0.2200757 -0.64789
vn -0.8717622 0.336301 -0.3562757
vn -0.8717622 0.336301 -0.3562757
vn -0.8717622 0.336301 -0.3562757
vn -0.8717622 0.336301 -0.3562757
vn 0.03269528 0.704446 -0.7090041
vn 0.03269528 0.704446 -0.7090041
vn 0.03269528 0.704446 -0.7090041
vn 0.03269528 0.704446 -0.7090041
vn 0.9011508 0.3438462 -0.2640019
vn 0.9011508 0.3438462 -0.2640019
vn 0.9011508 0.3438462 -0.2640019
vn 0.9011508 0.3438462 -0.2640019
vn 0.8585665 -0.2815773 0.4284596
vn 0.8585665 -0.2815773 0.4284596
vn 0.8585665 -0.2815773 0.4284596
vn 0.8585665 -0.2815773 0.4284596
vn -0.8957608 -0.2888393 0.3379119
vn -0.8957608 -0.2888393 0.3379119
vn -0.8957608 -0.2888393 0.3379119
vn -0.8957608 -0.2888393 0.3379119
vn -0.08107907 -0.4267624 -0.900722
vn -0.08107907 -0.4267624 -0.900722
vn -0.08107907 -0.4267624 -0.900722
vn -0.08107907 -0.4267624 -0.900722
vn -0.08107907 -0.4267624 -0.900722
vn -0.08107907 -0.4267624 -0.900722
vn -0.8645389 0.4934087 0.09550012
vn -0.8645389 0.4934087 0.09550012
vn -0.8645389 0.4934087 0.09550012
vn -0.8645389 0.4934087 0.09550012
vn -0.8755654 0.3629353 -0.3188468
vn -0.8755654 0.3629353 -0.3188468
vn -0.8755654 0.3629353 -0.3188468
vn -0.8755654 0.3629353 -0.3188468
vn -0.9093406 0.1775237 -0.3762779
vn -0.9093406 0.1775237 -0.3762779
vn -0.9093406 0.1775237 -0.3762779
vn -0.9093406 0.1775237 -0.3762779
vn 0.03812122 0.9790245 0.2001446
vn 0.03812122 0.9790245 0.2001446
vn 0.03812122 0.9790245 0.2001446
vn 0.03812122 0.9790245 0.2001446
vn 0.02970939 0.7684245 -0.6392505
vn 0.02970939 0.7684245 -0.6392505
vn 0.02970939 0.7684245 -0.6392505
vn 0.02970939 0.7684245 -0.6392505
vn 0.03863173 0.5507879 -0.8337507
vn 0.03863173 0.5507879 -0.8337507
vn 0.03863173 0.5507879 -0.8337507
vn 0.03863173 0.5507879 -0.8337507
vn 0.8685287 0.4438227 0.2206338
vn 0.8685287 0.4438227 0.2206338
vn 0.8685287 0.4438227 0.2206338
vn 0.8685287 0.4438227 0.2206338
vn 0.9013458 0.3468646 -0.2593468
vn 0.9013458 0.3468646 -0.2593468
vn 0.9013458 0.3468646 -0.2593468
vn 0.9013458 0.3468646 -0.2593468
vn 0.9527129 0.1978254 -0.2306582
vn 0.9527129 0.1978254 -0.2306582
vn 0.9527129 0.1978254 -0.2306582
vn 0.9527129 0.1978254 -0.2306582
vn 0.9911161 0.1079201 0.07773161
vn 0.9911161 0.1079201 0.07773161
vn 0.9911161 0.1079201 0.07773161
vn 0.9911161 0.1079201 0.07773161
vn 0.8742117 -0.3521582 0.3342733
vn 0.8742117 -0.3521582 0.3342733
vn 0.8742117 -0.3521582 0.3342733
vn 0.8742117 -0.3521582 0.3342733
vn 0.8829391 -0.1872686 0.4305219
vn 0.8829391 -0.1872686 0.4305219
vn 0.8829391 -0.1872686 0.4305219
vn 0.8829391 -0.1872686 0.4305219
vn -0.819631 -0.5700848 -0.05664228
vn -0.819631 -0.5700848 -0.05664228
vn -0.819631 -0.5700848 -0.05664228
vn -0.819631 -0.5700848 -0.05664228
vn -0.9008256 -0.3359234 0.2750796
vn -0.9008256 -0.3359234 0.2750796
vn -0.9008256 -0.3359234 0.2750796
vn -0.9008256 -0.3359234 0.2750796
vn -0.9257885 -0.2200977 0.3073642
vn -0.9257885 -0.2200977 0.3073642
vn -0.9257885 -0.2200977 0.3073642
vn -0.9257885 -0.2200977 0.3073642
vn -0.7444049 0.3363466 0.5768297
vn -0.7444049 0.3363466 0.5768297
vn -0.7444049 0.3363466 0.5768297
vn -0.7444049 0.3363466 0.5768297
vn -0.5976954 0.7043165 -0.3830124
vn -0.5976954 0.7043165 -0.3830124
vn -0.5976954 0.7043165 -0.3830124
vn -0.5976954 0.7043165 -0.3830124
vn 0.2221057 0.3437288 -0.9124251
vn 0.2221057 0.3437288 -0.9124251
vn 0.2221057 0.3437288 -0.9124251
vn 0.2221057 0.3437288 -0.9124251
vn 0.8003626 -0.2815579 -0.5292871
vn 0.8003626 -0.2815579 -0.5292871
vn 0.8003626 -0.2815579 -0.5292871
vn 0.8003626 -0.2815579 -0.5292871
vn -0.1555425 -0.2888655 0.9446498
vn -0.1555425 -0.2888655 0.9446498
vn -0.1555425 -0.2888655 0.9446498
vn -0.1555425 -0.2888655 0.9446498
vn -0.8205513 -0.4268349 -0.3801415
vn -0.8205513 -0.4268349 -0.3801415
vn -0.8205513 -0.4268349 -0.3801415
vn -0.8205513 -0.4268349 -0.3801415
vn -0.8205513 -0.4268349 -0.3801415
vn -0.8205513 -0.4268349 -0.3801415
vn -0.3498082 0.4933564 0.7963879
vn -0.3498082 0.4933564 0.7963879
vn -0.3498082 0.4933564 0.7963879
vn -0.3498082 0.4933564 0.7963879
vn -0.713809 0.3630373 0.5988996
vn -0.713809 0.3630373 0.5988996
vn -0.713809 0.3630373 0.5988996
vn -0.713809 0.3630373 0.5988996
vn -0.7804173 0.1775196 0.5995294
vn -0.7804173 0.1775196 0.5995294
vn -0.7804173 0.1775196 0.5995294
vn -0.7804173 0.1775196 0.5995294
vn 0.1923765 0.9790236 0.06711261
vn 0.1923765 0.9790236 0.06711261
vn 0.1923765 0.9790236 0.06711261
vn 0.1923765 0.9790236 0.06711261
vn -0.5387216 0.7685059 -0.3452211
vn -0.5387216 0.7685059 -0.3452211
vn -0.5387216 0.7685059 -0.3452211
vn -0.5387216 0.7685059 -0.3452211
vn -0.7027341 0.5507941 -0.4503228
vn -0.7027341 0.5507941 -0.4503228
vn -0.7027341 0.5507941 -0.4503228
vn -0.7027341 0.5507941 -0.4503228
vn 0.6251819 0.4438424 -0.6419903
vn 0.6251819 0.4438424 -0.6419903
vn 0.6251819 0.4438424 -0.6419903
vn 0.6251819 0.4438424 -0.6419903
vn 0.22621 0.3468007 -0.9102518
vn 0.22621 0.3468007 -0.9102518
vn 0.22621 0.3468007 -0.9102518
vn 0.22621 0.3468007 -0.9102518
vn 0.2764407 0.1978811 -0.940438
vn 0.2764407 0.1978811 -0.940438
vn 0.2764407 0.1978811 -0.940438
vn 0.2764407 0.1978811 -0.940438
vn 0.5629395 0.1079428 -0.819419
vn 0.5629395 0.1079428 -0.819419
vn 0.5629395 0.1079428 -0.819419
vn 0.5629395 0.1079428 -0.819419
vn 0.7265683 -0.3521383 -0.5899976
vn 0.7265683 -0.3521383 -0.5899976
vn 0.7265683 -0.3521383 -0.5899976
vn 0.7265683 -0.3521383 -0.5899976
vn 0.8143281 -0.1871845 -0.5493921
vn 0.8143281 -0.1871845 -0.5493921
vn 0.8143281 -0.1871845 -0.5493921
vn 0.8143281 -0.1871845 -0.5493921
vn -0.4589083 -0.5700515 0.6815016
vn -0.4589083 -0.5700515 0.6815016
vn -0.4589083 -0.5700515 0.6815016
vn -0.4589083 -0.5700515 0.6815016
vn -0.2124154 -0.3358967 0.9176345
vn -0.2124154 -0.3358967 0.9176345
vn -0.2124154 -0.3358967 0.9176345
vn -0.2124154 -0.3358967 0.9176345
vn -0.1966754 -0.2200345 0.9554599
vn -0.1966754 -0.2200345 0.9554599
vn -0.1966754 -0.2200345 0.9554599
vn -0.1966754 -0.2200345 0.9554599
vn 1.490116E-07 1 0
vn 1.490116E-07 1 0
vn 1.490116E-07 1 0
vn 1.490116E-07 1 0
vn 1.490116E-07 1 0
vn 1.490116E-07 1 0
vn 0.3783421 0.4485657 0.8097198
vn 0.3783421 0.4485657 0.8097198
vn 0.3783421 0.4485657 0.8097198
vn 0.3783421 0.4485657 0.8097198
vn -0.1922992 0.9720619 0.1345979
vn -0.1922992 0.9720619 0.1345979
vn -0.1922992 0.9720619 0.1345979
vn -0.1922992 0.9720619 0.1345979
vn -0.5628496 0.3689715 -0.7396353
vn -0.5628496 0.3689715 -0.7396353
vn -0.5628496 0.3689715 -0.7396353
vn -0.5628496 0.3689715 -0.7396353
vn -0.460451 0.1760045 -0.8700617
vn -0.460451 0.1760045 -0.8700617
vn -0.460451 0.1760045 -0.8700617
vn -0.460451 0.1760045 -0.8700617
vn 0.6251488 -0.3685377 0.6880181
vn 0.6251488 -0.3685377 0.6880181
vn 0.6251488 -0.3685377 0.6880181
vn 0.6251488 -0.3685377 0.6880181
vn 0.8904939 0.4484167 0.07709116
vn 0.8904939 0.4484167 0.07709116
vn 0.8904939 0.4484167 0.07709116
vn 0.8904939 0.4484167 0.07709116
vn 0.02047901 0.9720582 0.2338451
vn 0.02047901 0.9720582 0.2338451
vn 0.02047901 0.9720582 0.2338451
vn 0.02047901 0.9720582 0.2338451
vn -0.9220157 0.3689234 0.1173996
vn -0.9220157 0.3689234 0.1173996
vn -0.9220157 0.3689234 0.1173996
vn -0.9220157 0.3689234 0.1173996
vn -0.9837152 0.1760221 -0.03634119
vn -0.9837152 0.1760221 -0.03634119
vn -0.9837152 0.1760221 -0.03634119
vn -0.9837152 0.1760221 -0.03634119
vn 0.9083883 -0.3685993 -0.1973958
vn 0.9083883 -0.3685993 -0.1973958
vn 0.9083883 -0.3685993 -0.1973958
vn 0.9083883 -0.3685993 -0.1973958
vn 0.5119784 0.4485571 -0.7325808
vn 0.5119784 0.4485571 -0.7325808
vn 0.5119784 0.4485571 -0.7325808
vn 0.5119784 0.4485571 -0.7325808
vn 0.2127081 0.9720647 0.09922446
vn 0.2127081 0.9720647 0.09922446
vn 0.2127081 0.9720647 0.09922446
vn 0.2127081 0.9720647 0.09922446
vn -0.3591561 0.3689157 0.8572679
vn -0.3591561 0.3689157 0.8572679
vn -0.3591561 0.3689157 0.8572679
vn -0.3591561 0.3689157 0.8572679
vn -0.5233152 0.1759818 0.8337695
vn -0.5233152 0.1759818 0.8337695
vn -0.5233152 0.1759818 0.8337695
vn -0.5233152 0.1759818 0.8337695
vn 0.2833298 -0.36845 -0.8854202
vn 0.2833298 -0.36845 -0.8854202
vn 0.2833298 -0.36845 -0.8854202
vn 0.2833298 -0.36845 -0.8854202
vn -0.378342 0.4485658 -0.8097198
vn -0.378342 0.4485658 -0.8097198
vn -0.378342 0.4485658 -0.8097198
vn -0.378342 0.4485658 -0.8097198
vn 0.1922995 0.9720618 -0.1345979
vn 0.1922995 0.9720618 -0.1345979
vn 0.1922995 0.9720618 -0.1345979
vn 0.1922995 0.9720618 -0.1345979
vn 0.5628497 0.3689713 0.7396353
vn 0.5628497 0.3689713 0.7396353
vn 0.5628497 0.3689713 0.7396353
vn 0.5628497 0.3689713 0.7396353
vn 0.4604511 0.1760043 0.8700617
vn 0.4604511 0.1760043 0.8700617
vn 0.4604511 0.1760043 0.8700617
vn 0.4604511 0.1760043 0.8700617
vn -0.625149 -0.3685375 -0.6880181
vn -0.625149 -0.3685375 -0.6880181
vn -0.625149 -0.3685375 -0.6880181
vn -0.625149 -0.3685375 -0.6880181
vn -0.8904938 0.448417 -0.07709116
vn -0.8904938 0.448417 -0.07709116
vn -0.8904938 0.448417 -0.07709116
vn -0.8904938 0.448417 -0.07709116
vn -0.02047872 0.9720582 -0.2338451
vn -0.02047872 0.9720582 -0.2338451
vn -0.02047872 0.9720582 -0.2338451
vn -0.02047872 0.9720582 -0.2338451
vn 0.9220158 0.368923 -0.1173996
vn 0.9220158 0.368923 -0.1173996
vn 0.9220158 0.368923 -0.1173996
vn 0.9220158 0.368923 -0.1173996
vn 0.9837152 0.1760218 0.03634119
vn 0.9837152 0.1760218 0.03634119
vn 0.9837152 0.1760218 0.03634119
vn 0.9837152 0.1760218 0.03634119
vn -0.9083886 -0.368599 0.1973959
vn -0.9083886 -0.368599 0.1973959
vn -0.9083886 -0.368599 0.1973959
vn -0.9083886 -0.368599 0.1973959
vn -0.5119783 0.4485573 0.7325807
vn -0.5119783 0.4485573 0.7325807
vn -0.5119783 0.4485573 0.7325807
vn -0.5119783 0.4485573 0.7325807
vn -0.2127078 0.9720647 -0.09922444
vn -0.2127078 0.9720647 -0.09922444
vn -0.2127078 0.9720647 -0.09922444
vn -0.2127078 0.9720647 -0.09922444
vn 0.3591562 0.3689155 -0.8572679
vn 0.3591562 0.3689155 -0.8572679
vn 0.3591562 0.3689155 -0.8572679
vn 0.3591562 0.3689155 -0.8572679
vn 0.5233153 0.1759815 -0.8337695
vn 0.5233153 0.1759815 -0.8337695
vn 0.5233153 0.1759815 -0.8337695
vn 0.5233153 0.1759815 -0.8337695
vn -0.2833299 -0.3684499 0.8854202
vn -0.2833299 -0.3684499 0.8854202
vn -0.2833299 -0.3684499 0.8854202
vn -0.2833299 -0.3684499 0.8854202
vn 0.9886451 0.1431018 0.04585526
vn 0.9886451 0.1431018 0.04585526
vn 0.9886451 0.1431018 0.04585526
vn 0.9886451 0.1431018 0.04585526
vn 0.5242776 0.6800135 0.5125569
vn 0.5242776 0.6800135 0.5125569
vn 0.5242776 0.6800135 0.5125569
vn 0.5242776 0.6800135 0.5125569
vn 0.8507523 0.1549736 -0.502199
vn 0.8507523 0.1549736 -0.502199
vn 0.8507523 0.1549736 -0.502199
vn 0.8005965 0.1549635 0.578819
vn 0.8005965 0.1549635 0.578819
vn 0.8005965 0.1549635 0.578819
vn 0.5694298 0.6800643 -0.4618033
vn 0.5694298 0.6800643 -0.4618033
vn 0.5694298 0.6800643 -0.4618033
vn 0.5694298 0.6800643 -0.4618033
vn 0.8880864 0.4578259 0.04120496
vn 0.8880864 0.4578259 0.04120496
vn 0.8880864 0.4578259 0.04120496
vn 0.4547095 0.1431019 0.8790683
vn 0.4547095 0.1431019 0.8790683
vn 0.4547095 0.1431019 0.8790683
vn 0.4547095 0.1431019 0.8790683
vn -0.1816647 0.6800644 0.7102889
vn -0.1816647 0.6800644 0.7102889
vn -0.1816647 0.6800644 0.7102889
vn -0.1816647 0.6800644 0.7102889
vn 0.8603647 0.1549634 0.4855501
vn 0.8603647 0.1549634 0.4855501
vn 0.8603647 0.1549634 0.4855501
vn -0.1008317 0.1549738 0.9827595
vn -0.1008317 0.1549738 0.9827595
vn -0.1008317 0.1549738 0.9827595
vn 0.6847189 0.6800135 0.2621864
vn 0.6847189 0.6800135 0.2621864
vn 0.6847189 0.6800135 0.2621864
vn 0.6847189 0.6800135 0.2621864
vn 0.4084719 0.457826 0.7896493
vn 0.4084719 0.457826 0.7896493
vn 0.4084719 0.457826 0.7896493
vn -0.9886451 0.1431022 -0.04585526
vn -0.9886451 0.1431022 -0.04585526
vn -0.9886451 0.1431022 -0.04585526
vn -0.9886451 0.1431022 -0.04585526
vn -0.5242774 0.6800137 -0.5125569
vn -0.5242774 0.6800137 -0.5125569
vn -0.5242774 0.6800137 -0.5125569
vn -0.5242774 0.6800137 -0.5125569
vn -0.8507522 0.1549739 0.502199
vn -0.8507522 0.1549739 0.502199
vn -0.8507522 0.1549739 0.502199
vn -0.8005965 0.1549637 -0.578819
vn -0.8005965 0.1549637 -0.578819
vn -0.8005965 0.1549637 -0.578819
vn -0.5694295 0.6800645 0.4618033
vn -0.5694295 0.6800645 0.4618033
vn -0.5694295 0.6800645 0.4618033
vn -0.5694295 0.6800645 0.4618033
vn -0.8880864 0.4578262 -0.04120496
vn -0.8880864 0.4578262 -0.04120496
vn -0.8880864 0.4578262 -0.04120496
vn -0.5339864 0.1431158 0.8332925
vn -0.5339864 0.1431158 0.8332925
vn -0.5339864 0.1431158 0.8332925
vn -0.5339864 0.1431158 0.8332925
vn -0.706096 0.6799271 0.1978071
vn -0.706096 0.6799271 0.1978071
vn -0.706096 0.6799271 0.1978071
vn -0.706096 0.6799271 0.1978071
vn 0.009719989 0.1549994 0.9878668
vn 0.009719989 0.1549994 0.9878668
vn 0.009719989 0.1549994 0.9878668
vn -0.90158 0.1549996 0.4038919
vn -0.90158 0.1549996 0.4038919
vn -0.90158 0.1549996 0.4038919
vn 0.1152852 0.6799269 0.7241607
vn 0.1152852 0.6799269 0.7241607
vn 0.1152852 0.6799269 0.7241607
vn 0.1152852 0.6799269 0.7241607
vn -0.4796615 0.4578711 0.7485178
vn -0.4796615 0.4578711 0.7485178
vn -0.4796615 0.4578711 0.7485178
vn -0.4547095 0.1431021 -0.8790683
vn -0.4547095 0.1431021 -0.8790683
vn -0.4547095 0.1431021 -0.8790683
vn -0.4547095 0.1431021 -0.8790683
vn 0.1816649 0.6800643 -0.7102889
vn 0.1816649 0.6800643 -0.7102889
vn 0.1816649 0.6800643 -0.7102889
vn 0.1816649 0.6800643 -0.7102889
vn -0.8603495 0.154964 -0.4855768
vn -0.8603495 0.154964 -0.4855768
vn -0.8603495 0.154964 -0.4855768
vn 0.1008317 0.1549737 -0.9827595
vn 0.1008317 0.1549737 -0.9827595
vn 0.1008317 0.1549737 -0.9827595
vn -0.6847186 0.6800137 -0.2621863
vn -0.6847186 0.6800137 -0.2621863
vn -0.6847186 0.6800137 -0.2621863
vn -0.6847186 0.6800137 -0.2621863
vn -0.4084718 0.4578261 -0.7896493
vn -0.4084718 0.4578261 -0.7896493
vn -0.4084718 0.4578261 -0.7896493
vn 0.5339865 0.1431155 -0.8332925
vn 0.5339865 0.1431155 -0.8332925
vn 0.5339865 0.1431155 -0.8332925
vn 0.5339865 0.1431155 -0.8332925
vn 0.7060962 0.6799268 -0.1978071
vn 0.7060962 0.6799268 -0.1978071
vn 0.7060962 0.6799268 -0.1978071
vn 0.7060962 0.6799268 -0.1978071
vn -0.009719942 0.1549994 -0.9878668
vn -0.009719942 0.1549994 -0.9878668
vn -0.009719942 0.1549994 -0.9878668
vn 0.90158 0.1549992 -0.4038919
vn 0.90158 0.1549992 -0.4038919
vn 0.90158 0.1549992 -0.4038919
vn -0.115285 0.679927 -0.7241607
vn -0.115285 0.679927 -0.7241607
vn -0.115285 0.679927 -0.7241607
vn -0.115285 0.679927 -0.7241607
vn 0.4796616 0.4578709 -0.7485178
vn 0.4796616 0.4578709 -0.7485178
vn 0.4796616 0.4578709 -0.7485178
vn 0.8302914 0.3986274 0.3895028
vn 0.8302914 0.3986274 0.3895028
vn 0.8302914 0.3986274 0.3895028
vn 0.8626038 0.398721 -0.3113459
vn 0.8626038 0.398721 -0.3113459
vn 0.8626038 0.398721 -0.3113459
vn 0.6252699 0.7798662 0.02909345
vn 0.6252699 0.7798662 0.02909345
vn 0.6252699 0.7798662 0.02909345
vn 0.6252699 0.7798662 0.02909345
vn 0.077518 0.3987212 0.9137901
vn 0.077518 0.3987212 0.9137901
vn 0.077518 0.3987212 0.9137901
vn 0.7007691 0.3986274 0.591624
vn 0.7007691 0.3986274 0.591624
vn 0.7007691 0.3986274 0.591624
vn 0.2876655 0.7798661 0.5559292
vn 0.2876655 0.7798661 0.5559292
vn 0.2876655 0.7798661 0.5559292
vn 0.2876655 0.7798661 0.5559292
vn -0.8302913 0.3986277 -0.3895028
vn -0.8302913 0.3986277 -0.3895028
vn -0.8302913 0.3986277 -0.3895028
vn -0.8626036 0.3987213 0.3113459
vn -0.8626036 0.3987213 0.3113459
vn -0.8626036 0.3987213 0.3113459
vn -0.6252696 0.7798663 -0.02909344
vn -0.6252696 0.7798663 -0.02909344
vn -0.6252696 0.7798663 -0.02909344
vn -0.6252696 0.7798663 -0.02909344
vn -0.7524359 0.3987549 0.5242468
vn -0.7524359 0.3987549 0.5242468
vn -0.7524359 0.3987549 0.5242468
vn -0.1619387 0.3987548 0.9026464
vn -0.1619387 0.3987548 0.9026464
vn -0.1619387 0.3987548 0.9026464
vn -0.3376509 0.7799739 0.5269085
vn -0.3376509 0.7799739 0.5269085
vn -0.3376509 0.7799739 0.5269085
vn -0.3376509 0.7799739 0.5269085
vn -0.07751788 0.3987212 -0.9137901
vn -0.07751788 0.3987212 -0.9137901
vn -0.07751788 0.3987212 -0.9137901
vn -0.7007689 0.3986277 -0.591624
vn -0.7007689 0.3986277 -0.591624
vn -0.7007689 0.3986277 -0.591624
vn -0.2876653 0.7798663 -0.5559293
vn -0.2876653 0.7798663 -0.5559293
vn -0.2876653 0.7798663 -0.5559293
vn -0.2876653 0.7798663 -0.5559293
vn 0.752436 0.3987546 -0.5242468
vn 0.752436 0.3987546 -0.5242468
vn 0.752436 0.3987546 -0.5242468
vn 0.1619389 0.3987547 -0.9026464
vn 0.1619389 0.3987547 -0.9026464
vn 0.1619389 0.3987547 -0.9026464
vn 0.3376511 0.7799737 -0.5269085
vn 0.3376511 0.7799737 -0.5269085
vn 0.3376511 0.7799737 -0.5269085
vn 0.3376511 0.7799737 -0.5269085
vn 0.7620791 0.5134183 0.3945086
vn 0.7620791 0.5134183 0.3945086
vn 0.7620791 0.5134183 0.3945086
vn 0.7620791 0.5134183 0.3945086
vn 0.7953748 0.5132883 -0.3223569
vn 0.7953748 0.5132883 -0.3223569
vn 0.7953748 0.5132883 -0.3223569
vn 0.7953748 0.5132883 -0.3223569
vn 0.8071407 0.5891829 0.03724815
vn 0.8071407 0.5891829 0.03724815
vn 0.8071407 0.5891829 0.03724815
vn 0.8071407 0.5891829 0.03724815
vn 0.03942636 0.5132884 0.8573101
vn 0.03942636 0.5132884 0.8573101
vn 0.03942636 0.5132884 0.8573101
vn 0.03942636 0.5132884 0.8573101
vn 0.6768185 0.5134183 0.5275589
vn 0.6768185 0.5134183 0.5275589
vn 0.6768185 0.5134183 0.5275589
vn 0.6768185 0.5134183 0.5275589
vn 0.3710585 0.589183 0.7177597
vn 0.3710585 0.589183 0.7177597
vn 0.3710585 0.589183 0.7177597
vn 0.3710585 0.589183 0.7177597
vn -0.762079 0.5134185 -0.3945086
vn -0.762079 0.5134185 -0.3945086
vn -0.762079 0.5134185 -0.3945086
vn -0.762079 0.5134185 -0.3945086
vn -0.7953748 0.5132886 0.3223569
vn -0.7953748 0.5132886 0.3223569
vn -0.7953748 0.5132886 0.3223569
vn -0.7953748 0.5132886 0.3223569
vn -0.8071405 0.5891832 -0.03724815
vn -0.8071405 0.5891832 -0.03724815
vn -0.8071405 0.5891832 -0.03724815
vn -0.8071405 0.5891832 -0.03724815
vn -0.7227233 0.5133462 0.4627598
vn -0.7227233 0.5133462 0.4627598
vn -0.7227233 0.5133462 0.4627598
vn -0.7227233 0.5133462 0.4627598
vn -0.1184889 0.5133461 0.8499625
vn -0.1184889 0.5133461 0.8499625
vn -0.1184889 0.5133461 0.8499625
vn -0.1184889 0.5133461 0.8499625
vn -0.4359948 0.5890653 0.6803754
vn -0.4359948 0.5890653 0.6803754
vn -0.4359948 0.5890653 0.6803754
vn -0.4359948 0.5890653 0.6803754
vn -0.03942621 0.5132884 -0.8573101
vn -0.03942621 0.5132884 -0.8573101
vn -0.03942621 0.5132884 -0.8573101
vn -0.03942621 0.5132884 -0.8573101
vn -0.6768183 0.5134184 -0.5275589
vn -0.6768183 0.5134184 -0.5275589
vn -0.6768183 0.5134184 -0.5275589
vn -0.6768183 0.5134184 -0.5275589
vn -0.3710583 0.5891831 -0.7177597
vn -0.3710583 0.5891831 -0.7177597
vn -0.3710583 0.5891831 -0.7177597
vn -0.3710583 0.5891831 -0.7177597
vn 0.7227235 0.5133459 -0.4627599
vn 0.7227235 0.5133459 -0.4627599
vn 0.7227235 0.5133459 -0.4627599
vn 0.7227235 0.5133459 -0.4627599
vn 0.118489 0.513346 -0.8499625
vn 0.118489 0.513346 -0.8499625
vn 0.118489 0.513346 -0.8499625
vn 0.118489 0.513346 -0.8499625
vn 0.435995 0.5890651 -0.6803754
vn 0.435995 0.5890651 -0.6803754
vn 0.435995 0.5890651 -0.6803754
vn 0.435995 0.5890651 -0.6803754
vn 0.7884185 -0.6140473 0.03663642
vn 0.7884185 -0.6140473 0.03663642
vn 0.7884185 -0.6140473 0.03663642
vn 0.7884185 -0.6140473 0.03663642
vn 0.8994251 -0.3622772 -0.2445193
vn 0.8994251 -0.3622772 -0.2445193
vn 0.8994251 -0.3622772 -0.2445193
vn 0.8994251 -0.3622772 -0.2445193
vn 0.8730181 -0.3622916 0.3264723
vn 0.8730181 -0.3622916 0.3264723
vn 0.8730181 -0.3622916 0.3264723
vn 0.8730181 -0.3622916 0.3264723
vn 0.3626806 -0.6140472 0.7010055
vn 0.3626806 -0.6140472 0.7010055
vn 0.3626806 -0.6140472 0.7010055
vn 0.3626806 -0.6140472 0.7010055
vn 0.661354 -0.3622915 0.6567768
vn 0.661354 -0.3622915 0.6567768
vn 0.661354 -0.3622915 0.6567768
vn 0.661354 -0.3622915 0.6567768
vn 0.1536164 -0.3622771 0.9193244
vn 0.1536164 -0.3622771 0.9193244
vn 0.1536164 -0.3622771 0.9193244
vn 0.1536164 -0.3622771 0.9193244
vn -0.7884186 -0.6140471 -0.03663642
vn -0.7884186 -0.6140471 -0.03663642
vn -0.7884186 -0.6140471 -0.03663642
vn -0.7884186 -0.6140471 -0.03663642
vn -0.8994252 -0.3622769 0.2445193
vn -0.8994252 -0.3622769 0.2445193
vn -0.8994252 -0.3622769 0.2445193
vn -0.8994252 -0.3622769 0.2445193
vn -0.8730182 -0.3622913 -0.3264723
vn -0.8730182 -0.3622913 -0.3264723
vn -0.8730182 -0.3622913 -0.3264723
vn -0.8730182 -0.3622913 -0.3264723
vn -0.4258032 -0.6141414 0.6644711
vn -0.4258032 -0.6141414 0.6644711
vn -0.4258032 -0.6141414 0.6644711
vn -0.4258032 -0.6141414 0.6644711
vn -0.2382171 -0.3623434 0.9010882
vn -0.2382171 -0.3623434 0.9010882
vn -0.2382171 -0.3623434 0.9010882
vn -0.2382171 -0.3623434 0.9010882
vn -0.7191519 -0.3623433 0.5928978
vn -0.7191519 -0.3623433 0.5928978
vn -0.7191519 -0.3623433 0.5928978
vn -0.7191519 -0.3623433 0.5928978
vn -0.3626808 -0.6140471 -0.7010055
vn -0.3626808 -0.6140471 -0.7010055
vn -0.3626808 -0.6140471 -0.7010055
vn -0.3626808 -0.6140471 -0.7010055
vn -0.6613541 -0.3622913 -0.6567768
vn -0.6613541 -0.3622913 -0.6567768
vn -0.6613541 -0.3622913 -0.6567768
vn -0.6613541 -0.3622913 -0.6567768
vn -0.1536165 -0.362277 -0.9193244
vn -0.1536165 -0.362277 -0.9193244
vn -0.1536165 -0.362277 -0.9193244
vn -0.1536165 -0.362277 -0.9193244
vn 0.4258031 -0.6141416 -0.6644711
vn 0.4258031 -0.6141416 -0.6644711
vn 0.4258031 -0.6141416 -0.6644711
vn 0.4258031 -0.6141416 -0.6644711
vn 0.238217 -0.3623435 -0.9010881
vn 0.238217 -0.3623435 -0.9010881
vn 0.238217 -0.3623435 -0.9010881
vn 0.238217 -0.3623435 -0.9010881
vn 0.7191518 -0.3623436 -0.5928978
vn 0.7191518 -0.3623436 -0.5928978
vn 0.7191518 -0.3623436 -0.5928978
vn 0.7191518 -0.3623436 -0.5928978
f 1/1/1 2/2/2 3/3/3
f 1/1/1 3/3/3 4/4/4
f 5/5/5 6/6/6 7/7/7
f 5/5/5 7/7/7 8/8/8
f 9/9/9 10/10/10 11/11/11
f 9/9/9 11/11/11 12/12/12
f 13/13/13 14/14/14 15/15/15
f 13/13/13 15/15/15 16/16/16
f 17/17/17 18/18/18 19/19/19
f 17/17/17 19/19/19 20/20/20
f 21/21/21 22/22/22 23/23/23
f 21/21/21 23/23/23 24/24/24
f 25/25/25 26/26/26 27/27/27
f 25/25/25 27/27/27 28/28/28
f 29/29/29 30/30/30 31/31/31
f 29/29/29 31/31/31 32/32/32
f 33/33/33 34/34/34 35/35/35
f 33/33/33 35/35/35 36/36/36
f 37/37/37 38/38/38 39/39/39
f 37/37/37 39/39/39 40/40/40
f 41/41/41 42/42/42 43/43/43
f 41/41/41 43/43/43 44/44/44
f 45/45/45 46/46/46 47/47/47
f 45/45/45 47/47/47 48/48/48
f 49/49/49 50/50/50 51/51/51
f 49/49/49 51/51/51 52/52/52
f 53/53/53 54/54/54 55/55/55
f 53/53/53 55/55/55 56/56/56
f 57/57/57 58/58/58 59/59/59
f 57/57/57 59/59/59 60/60/60
f 61/61/61 62/62/62 63/63/63
f 61/61/61 63/63/63 64/64/64
f 65/65/65 66/66/66 67/67/67
f 65/65/65 67/67/67 68/68/68
f 69/69/69 70/70/70 71/71/71
f 69/69/69 71/71/71 72/72/72
f 73/73/73 74/74/74 75/75/75
f 73/73/73 75/75/75 76/76/76
f 77/77/77 78/78/78 79/79/79
f 77/77/77 79/79/79 80/80/80
f 81/81/81 82/82/82 83/83/83
f 81/81/81 83/83/83 84/84/84
f 85/85/85 86/86/86 87/87/87
f 85/85/85 87/87/87 88/88/88
f 89/89/89 90/90/90 91/91/91
f 89/89/89 91/91/91 92/92/92
f 93/93/93 94/94/94 95/95/95
f 93/93/93 95/95/95 96/96/96
f 97/97/97 98/98/98 99/99/99
f 97/97/97 99/99/99 100/100/100
f 101/101/101 102/102/102 103/103/103
f 101/101/101 103/103/103 104/104/104
f 105/105/105 106/106/106 107/107/107
f 105/105/105 107/107/107 108/108/108
f 109/109/109 110/110/110 111/111/111
f 109/109/109 111/111/111 112/112/112
f 113/113/113 114/114/114 115/115/115
f 113/113/113 115/115/115 116/116/116
f 117/117/117 118/118/118 119/119/119
f 117/117/117 119/119/119 120/120/120
f 121/121/121 122/122/122 123/123/123
f 121/121/121 123/123/123 124/124/124
f 125/125/125 126/126/126 127/127/127
f 125/125/125 127/127/127 128/128/128
f 129/129/129 130/130/130 131/131/131
f 129/129/129 131/131/131 132/132/132
f 133/133/133 134/134/134 135/135/135
f 133/133/133 135/135/135 136/136/136
f 137/137/137 138/138/138 139/139/139
f 137/137/137 139/139/139 140/140/140
f 141/141/141 142/142/142 143/143/143
f 141/141/141 143/143/143 144/144/144
f 145/145/145 146/146/146 147/147/147
f 145/145/145 147/147/147 148/148/148
f 149/149/149 150/150/150 151/151/151
f 149/149/149 151/151/151 152/152/152
f 153/153/153 154/154/154 155/155/155
f 153/153/153 155/155/155 156/156/156
f 157/157/157 158/158/158 159/159/159
f 157/157/157 159/159/159 160/160/160
f 161/161/161 162/162/162 163/163/163
f 161/161/161 163/163/163 164/164/164
f 165/165/165 166/166/166 167/167/167
f 165/165/165 167/167/167 168/168/168
f 169/169/169 170/170/170 171/171/171
f 169/169/169 171/171/171 172/172/172
f 173/173/173 174/174/174 175/175/175
f 173/173/173 175/175/175 176/176/176
f 177/177/177 178/178/178 179/179/179
f 177/177/177 179/179/179 180/180/180
f 181/181/181 182/182/182 183/183/183
f 181/181/181 183/183/183 184/184/184
f 185/185/185 186/186/186 187/187/187
f 185/185/185 187/187/187 188/188/188
f 189/189/189 190/190/190 191/191/191
f 189/189/189 191/191/191 192/192/192
f 193/193/193 194/194/194 195/195/195
f 193/193/193 195/195/195 196/196/196
f 197/197/197 198/198/198 199/199/199
f 197/197/197 199/199/199 200/200/200
f 201/201/201 202/202/202 203/203/203
f 201/201/201 203/203/203 204/204/204
f 205/205/205 206/206/206 207/207/207
f 205/205/205 207/207/207 208/208/208
f 209/209/209 210/210/210 211/211/211
f 209/209/209 211/211/211 212/212/212
f 213/213/213 214/214/214 215/215/215
f 215/215/215 216/216/216 213/213/213
f 216/216/216 217/217/217 213/213/213
f 216/216/216 218/218/218 217/217/217
f 219/219/219 220/220/220 221/221/221
f 219/219/219 221/221/221 222/222/222
f 223/223/223 224/224/224 225/225/225
f 223/223/223 225/225/225 226/226/226
f 227/227/227 228/228/228 229/229/229
f 227/227/227 229/229/229 230/230/230
f 231/231/231 232/232/232 233/233/233
f 231/231/231 233/233/233 234/234/234
f 235/235/235 236/236/236 237/237/237
f 235/235/235 237/237/237 238/238/238
f 239/239/239 240/240/240 241/241/241
f 239/239/239 241/241/241 242/242/242
f 243/243/243 244/244/244 245/245/245
f 243/243/243 245/245/245 246/246/246
f 247/247/247 248/248/248 249/249/249
f 247/247/247 249/249/249 250/250/250
f 251/251/251 252/252/252 253/253/253
f 251/251/251 253/253/253 254/254/254
f 255/255/255 256/256/256 257/257/257
f 255/255/255 257/257/257 258/258/258
f 259/259/259 260/260/260 261/261/261
f 259/259/259 261/261/261 262/262/262
f 263/263/263 264/264/264 265/265/265
f 263/263/263 265/265/265 266/266/266
f 267/267/267 268/268/268 269/269/269
f 267/267/267 269/269/269 270/270/270
f 271/271/271 272/272/272 273/273/273
f 271/271/271 273/273/273 274/274/274
f 275/275/275 276/276/276 277/277/277
f 275/275/275 277/277/277 278/278/278
f 279/279/279 280/280/280 281/281/281
f 279/279/279 281/281/281 282/282/282
f 283/283/283 284/284/284 285/285/285
f 283/283/283 285/285/285 286/286/286
f 287/287/287 288/288/288 289/289/289
f 287/287/287 289/289/289 290/290/290
f 291/291/291 292/292/292 293/293/293
f 291/291/291 293/293/293 294/294/294
f 295/295/295 296/296/296 297/297/297
f 295/295/295 297/297/297 298/298/298
f 299/299/299 300/300/300 301/301/301
f 301/301/301 302/302/302 299/299/299
f 302/302/302 303/303/303 299/299/299
f 302/302/302 304/304/304 303/303/303
f 305/305/305 306/306/306 307/307/307
f 305/305/305 307/307/307 308/308/308
f 309/309/309 310/310/310 311/311/311
f 309/309/309 311/311/311 312/312/312
f 313/313/313 314/314/314 315/315/315
f 313/313/313 315/315/315 316/316/316
f 317/317/317 318/318/318 319/319/319
f 317/317/317 319/319/319 320/320/320
f 321/321/321 322/322/322 323/323/323
f 321/321/321 323/323/323 324/324/324
f 325/325/325 326/326/326 327/327/327
f 325/325/325 327/327/327 328/328/328
f 329/329/329 330/330/330 331/331/331
f 329/329/329 331/331/331 332/332/332
f 333/333/333 334/334/334 335/335/335
f 333/333/333 335/335/335 336/336/336
f 337/337/337 338/338/338 339/339/339
f 337/337/337 339/339/339 340/340/340
f 341/341/341 342/342/342 343/343/343
f 341/341/341 343/343/343 344/344/344
f 345/345/345 346/346/346 347/347/347
f 345/345/345 347/347/347 348/348/348
f 349/349/349 350/350/350 351/351/351
f 349/349/349 351/351/351 352/352/352
f 353/353/353 354/354/354 355/355/355
f 353/353/353 355/355/355 356/356/356
f 357/357/357 358/358/358 359/359/359
f 357/357/357 359/359/359 360/360/360
f 361/361/361 362/362/362 363/363/363
f 361/361/361 363/363/363 364/364/364
f 365/365/365 366/366/366 367/367/367
f 365/365/365 367/367/367 368/368/368
f 369/369/369 370/370/370 371/371/371
f 369/369/369 371/371/371 372/372/372
f 373/373/373 374/374/374 375/375/375
f 373/373/373 375/375/375 376/376/376
f 377/377/377 378/378/378 379/379/379
f 377/377/377 379/379/379 380/380/380
f 381/381/381 382/382/382 383/383/383
f 381/381/381 383/383/383 384/384/384
f 385/385/385 386/386/386 387/387/387
f 387/387/387 388/388/388 385/385/385
f 388/388/388 389/389/389 385/385/385
f 388/388/388 390/390/390 389/389/389
f 391/391/391 392/392/392 393/393/393
f 391/391/391 393/393/393 394/394/394
f 395/395/395 396/396/396 397/397/397
f 395/395/395 397/397/397 398/398/398
f 399/399/399 400/400/400 401/401/401
f 399/399/399 401/401/401 402/402/402
f 403/403/403 404/404/404 405/405/405
f 403/403/403 405/405/405 406/406/406
f 407/407/407 408/408/408 409/409/409
f 407/407/407 409/409/409 410/410/410
f 411/411/411 412/412/412 413/413/413
f 411/411/411 413/413/413 414/414/414
f 415/415/415 416/416/416 417/417/417
f 415/415/415 417/417/417 418/418/418
f 419/419/419 420/420/420 421/421/421
f 419/419/419 421/421/421 422/422/422
f 423/423/423 424/424/424 425/425/425
f 423/423/423 425/425/425 426/426/426
f 427/427/427 428/428/428 429/429/429
f 427/427/427 429/429/429 430/430/430
f 431/431/431 432/432/432 433/433/433
f 431/431/431 433/433/433 434/434/434
f 435/435/435 436/436/436 437/437/437
f 435/435/435 437/437/437 438/438/438
f 439/439/439 440/440/440 441/441/441
f 439/439/439 441/441/441 442/442/442
f 443/443/443 444/444/444 445/445/445
f 443/443/443 445/445/445 446/446/446
f 447/447/447 448/448/448 449/449/449
f 447/447/447 449/449/449 450/450/450
f 451/451/451 452/452/452 453/453/453
f 451/451/451 453/453/453 454/454/454
f 455/455/455 456/456/456 457/457/457
f 455/455/455 457/457/457 458/458/458
f 459/459/459 460/460/460 461/461/461
f 459/459/459 461/461/461 462/462/462
f 463/463/463 464/464/464 465/465/465
f 463/463/463 465/465/465 466/466/466
f 467/467/467 468/468/468 469/469/469
f 467/467/467 469/469/469 470/470/470
f 471/471/471 472/472/472 473/473/473
f 473/473/473 474/474/474 471/471/471
f 474/474/474 475/475/475 471/471/471
f 474/474/474 476/476/476 475/475/475
f 477/477/477 478/478/478 479/479/479
f 477/477/477 479/479/479 480/480/480
f 481/481/481 482/482/482 483/483/483
f 481/481/481 483/483/483 484/484/484
f 485/485/485 486/486/486 487/487/487
f 485/485/485 487/487/487 488/488/488
f 489/489/489 490/490/490 491/491/491
f 489/489/489 491/491/491 492/492/492
f 493/493/493 494/494/494 495/495/495
f 493/493/493 495/495/495 496/496/496
f 497/497/497 498/498/498 499/499/499
f 497/497/497 499/499/499 500/500/500
f 501/501/501 502/502/502 503/503/503
f 501/501/501 503/503/503 504/504/504
f 505/505/505 506/506/506 507/507/507
f 505/505/505 507/507/507 508/508/508
f 509/509/509 510/510/510 511/511/511
f 509/509/509 511/511/511 512/512/512
f 513/513/513 514/514/514 515/515/515
f 513/513/513 515/515/515 516/516/516
f 517/517/517 518/518/518 519/519/519
f 517/517/517 519/519/519 520/520/520
f 521/521/521 522/522/522 523/523/523
f 521/521/521 523/523/523 524/524/524
f 525/525/525 526/526/526 527/527/527
f 525/525/525 527/527/527 528/528/528
f 529/529/529 530/530/530 531/531/531
f 529/529/529 531/531/531 532/532/532
f 533/533/533 534/534/534 535/535/535
f 533/533/533 535/535/535 536/536/536
f 537/537/537 538/538/538 539/539/539
f 537/537/537 539/539/539 540/540/540
f 541/541/541 542/542/542 543/543/543
f 541/541/541 543/543/543 544/544/544
f 545/545/545 546/546/546 547/547/547
f 545/545/545 547/547/547 548/548/548
f 549/549/549 550/550/550 551/551/551
f 549/549/549 551/551/551 552/552/552
f 553/553/553 554/554/554 555/555/555
f 553/553/553 555/555/555 556/556/556
f 557/557/557 558/558/558 559/559/559
f 559/559/559 560/560/560 557/557/557
f 560/560/560 561/561/561 557/557/557
f 560/560/560 562/562/562 561/561/561
f 563/563/563 564/564/564 565/565/565
f 563/563/563 565/565/565 566/566/566
f 567/567/567 568/568/568 569/569/569
f 567/567/567 569/569/569 570/570/570
f 571/571/571 572/572/572 573/573/573
f 571/571/571 573/573/573 574/574/574
f 575/575/575 576/576/576 577/577/577
f 575/575/575 577/577/577 578/578/578
f 579/579/579 580/580/580 581/581/581
f 579/579/579 581/581/581 582/582/582
f 583/583/583 584/584/584 585/585/585
f 583/583/583 585/585/585 586/586/586
f 587/587/587 588/588/588 589/589/589
f 587/587/587 589/589/589 590/590/590
f 591/591/591 592/592/592 593/593/593
f 591/591/591 593/593/593 594/594/594
f 595/595/595 596/596/596 597/597/597
f 595/595/595 597/597/597 598/598/598
f 599/599/599 600/600/600 601/601/601
f 599/599/599 601/601/601 602/602/602
f 603/603/603 604/604/604 605/605/605
f 603/603/603 605/605/605 606/606/606
f 607/607/607 608/608/608 609/609/609
f 607/607/607 609/609/609 610/610/610
f 611/611/611 612/612/612 613/613/613
f 611/611/611 613/613/613 614/614/614
f 615/615/615 616/616/616 617/617/617
f 615/615/615 617/617/617 618/618/618
f 619/619/619 620/620/620 621/621/621
f 619/619/619 621/621/621 622/622/622
f 623/623/623 624/624/624 625/625/625
f 623/623/623 625/625/625 626/626/626
f 627/627/627 628/628/628 629/629/629
f 627/627/627 629/629/629 630/630/630
f 631/631/631 632/632/632 633/633/633
f 631/631/631 633/633/633 634/634/634
f 635/635/635 636/636/636 637/637/637
f 635/635/635 637/637/637 638/638/638
f 639/639/639 640/640/640 641/641/641
f 639/639/639 641/641/641 642/642/642
f 643/643/643 644/644/644 645/645/645
f 645/645/645 646/646/646 643/643/643
f 646/646/646 647/647/647 643/643/643
f 646/646/646 648/648/648 647/647/647
f 649/649/649 650/650/650 651/651/651
f 649/649/649 651/651/651 652/652/652
f 653/653/653 654/654/654 655/655/655
f 653/653/653 655/655/655 656/656/656
f 657/657/657 658/658/658 659/659/659
f 657/657/657 659/659/659 660/660/660
f 661/661/661 662/662/662 663/663/663
f 661/661/661 663/663/663 664/664/664
f 665/665/665 666/666/666 667/667/667
f 665/665/665 667/667/667 668/668/668
f 669/669/669 670/670/670 671/671/671
f 669/669/669 671/671/671 672/672/672
f 673/673/673 674/674/674 675/675/675
f 673/673/673 675/675/675 676/676/676
f 677/677/677 678/678/678 679/679/679
f 677/677/677 679/679/679 680/680/680
f 681/681/681 682/682/682 683/683/683
f 681/681/681 683/683/683 684/684/684
f 685/685/685 686/686/686 687/687/687
f 685/685/685 687/687/687 688/688/688
f 689/689/689 690/690/690 691/691/691
f 689/689/689 691/691/691 692/692/692
f 693/693/693 694/694/694 695/695/695
f 693/693/693 695/695/695 696/696/696
f 697/697/697 698/698/698 699/699/699
f 697/697/697 699/699/699 700/700/700
f 701/701/701 702/702/702 703/703/703
f 701/701/701 703/703/703 704/704/704
f 705/705/705 706/706/706 707/707/707
f 705/705/705 707/707/707 708/708/708
f 709/709/709 710/710/710 711/711/711
f 709/709/709 711/711/711 712/712/712
f 711/711/711 710/710/710 713/713/713
f 713/713/713 710/710/710 714/714/714
f 715/715/715 716/716/716 717/717/717
f 715/715/715 717/717/717 718/718/718
f 719/719/719 720/720/720 721/721/721
f 719/719/719 721/721/721 722/722/722
f 723/723/723 724/724/724 725/725/725
f 723/723/723 725/725/725 726/726/726
f 727/727/727 728/728/728 729/729/729
f 727/727/727 729/729/729 730/730/730
f 731/731/731 732/732/732 733/733/733
f 731/731/731 733/733/733 734/734/734
f 735/735/735 736/736/736 737/737/737
f 735/735/735 737/737/737 738/738/738
f 739/739/739 740/740/740 741/741/741
f 739/739/739 741/741/741 742/742/742
f 743/743/743 744/744/744 745/745/745
f 743/743/743 745/745/745 746/746/746
f 747/747/747 748/748/748 749/749/749
f 747/747/747 749/749/749 750/750/750
f 751/751/751 752/752/752 753/753/753
f 751/751/751 753/753/753 754/754/754
f 755/755/755 756/756/756 757/757/757
f 755/755/755 757/757/757 758/758/758
f 759/759/759 760/760/760 761/761/761
f 759/759/759 761/761/761 762/762/762
f 763/763/763 764/764/764 765/765/765
f 763/763/763 765/765/765 766/766/766
f 767/767/767 768/768/768 769/769/769
f 767/767/767 769/769/769 770/770/770
f 771/771/771 772/772/772 773/773/773
f 771/771/771 773/773/773 774/774/774
f 775/775/775 776/776/776 777/777/777
f 775/775/775 777/777/777 778/778/778
f 779/779/779 780/780/780 781/781/781
f 779/779/779 781/781/781 782/782/782
f 783/783/783 784/784/784 785/785/785
f 783/783/783 785/785/785 786/786/786
f 787/787/787 788/788/788 789/789/789
f 787/787/787 789/789/789 790/790/790
f 791/791/791 792/792/792 793/793/793
f 791/791/791 793/793/793 794/794/794
f 795/795/795 796/796/796 797/797/797
f 795/795/795 797/797/797 798/798/798
f 799/799/799 800/800/800 801/801/801
f 799/799/799 801/801/801 802/802/802
f 803/803/803 804/804/804 805/805/805
f 803/803/803 805/805/805 806/806/806
f 807/807/807 808/808/808 809/809/809
f 807/807/807 809/809/809 810/810/810
f 811/811/811 812/812/812 813/813/813
f 811/811/811 813/813/813 814/814/814
f 815/815/815 816/816/816 817/817/817
f 815/815/815 817/817/817 818/818/818
f 819/819/819 820/820/820 821/821/821
f 819/819/819 821/821/821 822/822/822
f 823/823/823 824/824/824 825/825/825
f 823/823/823 825/825/825 826/826/826
f 827/827/827 828/828/828 829/829/829
f 827/827/827 829/829/829 830/830/830
f 831/831/831 832/832/832 833/833/833
f 831/831/831 833/833/833 834/834/834
f 835/835/835 836/836/836 837/837/837
f 835/835/835 837/837/837 838/838/838
f 839/839/839 840/840/840 841/841/841
f 839/839/839 841/841/841 842/842/842
f 843/843/843 844/844/844 845/845/845
f 846/846/846 847/847/847 848/848/848
f 849/849/849 850/850/850 851/851/851
f 849/849/849 851/851/851 852/852/852
f 853/853/853 854/854/854 855/855/855
f 856/856/856 857/857/857 858/858/858
f 856/856/856 858/858/858 859/859/859
f 860/860/860 861/861/861 862/862/862
f 860/860/860 862/862/862 863/863/863
f 864/864/864 865/865/865 866/866/866
f 867/867/867 868/868/868 869/869/869
f 870/870/870 871/871/871 872/872/872
f 870/870/870 872/872/872 873/873/873
f 874/874/874 875/875/875 876/876/876
f 877/877/877 878/878/878 879/879/879
f 877/877/877 879/879/879 880/880/880
f 881/881/881 882/882/882 883/883/883
f 881/881/881 883/883/883 884/884/884
f 885/885/885 886/886/886 887/887/887
f 888/888/888 889/889/889 890/890/890
f 891/891/891 892/892/892 893/893/893
f 891/891/891 893/893/893 894/894/894
f 895/895/895 896/896/896 897/897/897
f 898/898/898 899/899/899 900/900/900
f 898/898/898 900/900/900 901/901/901
f 902/902/902 903/903/903 904/904/904
f 902/902/902 904/904/904 905/905/905
f 906/906/906 907/907/907 908/908/908
f 909/909/909 910/910/910 911/911/911
f 912/912/912 913/913/913 914/914/914
f 912/912/912 914/914/914 915/915/915
f 916/916/916 917/917/917 918/918/918
f 919/919/919 920/920/920 921/921/921
f 919/919/919 921/921/921 922/922/922
f 923/923/923 924/924/924 925/925/925
f 923/923/923 925/925/925 926/926/926
f 927/927/927 928/928/928 929/929/929
f 930/930/930 931/931/931 932/932/932
f 933/933/933 934/934/934 935/935/935
f 933/933/933 935/935/935 936/936/936
f 937/937/937 938/938/938 939/939/939
f 940/940/940 941/941/941 942/942/942
f 940/940/940 942/942/942 943/943/943
f 944/944/944 945/945/945 946/946/946
f 944/944/944 946/946/946 947/947/947
f 948/948/948 949/949/949 950/950/950
f 951/951/951 952/952/952 953/953/953
f 954/954/954 955/955/955 956/956/956
f 954/954/954 956/956/956 957/957/957
f 958/958/958 959/959/959 960/960/960
f 961/961/961 962/962/962 963/963/963
f 964/964/964 965/965/965 966/966/966
f 967/967/967 968/968/968 969/969/969
f 967/967/967 969/969/969 970/970/970
f 971/971/971 972/972/972 973/973/973
f 974/974/974 975/975/975 976/976/976
f 977/977/977 978/978/978 979/979/979
f 977/977/977 979/979/979 980/980/980
f 981/981/981 982/982/982 983/983/983
f 984/984/984 985/985/985 986/986/986
f 987/987/987 988/988/988 989/989/989
f 987/987/987 989/989/989 990/990/990
f 991/991/991 992/992/992 993/993/993
f 994/994/994 995/995/995 996/996/996
f 997/997/997 998/998/998 999/999/999
f 997/997/997 999/999/999 1000/1000/1000
f 1001/1001/1001 1002/1002/1002 1003/1003/1003
f 1004/1004/1004 1005/1005/1005 1006/1006/1006
f 1007/1007/1007 1008/1008/1008 1009/1009/1009
f 1007/1007/1007 1009/1009/1009 1010/1010/1010
f 1011/1011/1011 1012/1012/1012 1013/1013/1013
f 1014/1014/1014 1015/1015/1015 1016/1016/1016
f 1017/1017/1017 1018/1018/1018 1019/1019/1019
f 1017/1017/1017 1019/1019/1019 1020/1020/1020
f 1021/1021/1021 1022/1022/1022 1023/1023/1023
f 1021/1021/1021 1023/1023/1023 1024/1024/1024
f 1025/1025/1025 1026/1026/1026 1027/1027/1027
f 1025/1025/1025 1027/1027/1027 1028/1028/1028
f 1029/1029/1029 1030/1030/1030 1031/1031/1031
f 1029/1029/1029 1031/1031/1031 1032/1032/1032
f 1033/1033/1033 1034/1034/1034 1035/1035/1035
f 1033/1033/1033 1035/1035/1035 1036/1036/1036
f 1037/1037/1037 1038/1038/1038 1039/1039/1039
f 1037/1037/1037 1039/1039/1039 1040/1040/1040
f 1041/1041/1041 1042/1042/1042 1043/1043/1043
f 1041/1041/1041 1043/1043/1043 1044/1044/1044
f 1045/1045/1045 1046/1046/1046 1047/1047/1047
f 1045/1045/1045 1047/1047/1047 1048/1048/1048
f 1049/1049/1049 1050/1050/1050 1051/1051/1051
f 1049/1049/1049 1051/1051/1051 1052/1052/1052
f 1053/1053/1053 1054/1054/1054 1055/1055/1055
f 1053/1053/1053 1055/1055/1055 1056/1056/1056
f 1057/1057/1057 1058/1058/1058 1059/1059/1059
f 1057/1057/1057 1059/1059/1059 1060/1060/1060
f 1061/1061/1061 1062/1062/1062 1063/1063/1063
f 1061/1061/1061 1063/1063/1063 1064/1064/1064
f 1065/1065/1065 1066/1066/1066 1067/1067/1067
f 1065/1065/1065 1067/1067/1067 1068/1068/1068
f 1069/1069/1069 1070/1070/1070 1071/1071/1071
f 1069/1069/1069 1071/1071/1071 1072/1072/1072
f 1073/1073/1073 1074/1074/1074 1075/1075/1075
f 1073/1073/1073 1075/1075/1075 1076/1076/1076
f 1077/1077/1077 1078/1078/1078 1079/1079/1079
f 1077/1077/1077 1079/1079/1079 1080/1080/1080
f 1081/1081/1081 1082/1082/1082 1083/1083/1083
f 1081/1081/1081 1083/1083/1083 1084/1084/1084
f 1085/1085/1085 1086/1086/1086 1087/1087/1087
f 1085/1085/1085 1087/1087/1087 1088/1088/1088
f 1089/1089/1089 1090/1090/1090 1091/1091/1091
f 1089/1089/1089 1091/1091/1091 1092/1092/1092
f 1093/1093/1093 1094/1094/1094 1095/1095/1095
f 1093/1093/1093 1095/1095/1095 1096/1096/1096
f 1097/1097/1097 1098/1098/1098 1099/1099/1099
f 1097/1097/1097 1099/1099/1099 1100/1100/1100
f 1101/1101/1101 1102/1102/1102 1103/1103/1103
f 1101/1101/1101 1103/1103/1103 1104/1104/1104
f 1105/1105/1105 1106/1106/1106 1107/1107/1107
f 1105/1105/1105 1107/1107/1107 1108/1108/1108
f 1109/1109/1109 1110/1110/1110 1111/1111/1111
f 1109/1109/1109 1111/1111/1111 1112/1112/1112
f 1113/1113/1113 1114/1114/1114 1115/1115/1115
f 1113/1113/1113 1115/1115/1115 1116/1116/1116
f 1117/1117/1117 1118/1118/1118 1119/1119/1119
f 1117/1117/1117 1119/1119/1119 1120/1120/1120
f 1121/1121/1121 1122/1122/1122 1123/1123/1123
f 1121/1121/1121 1123/1123/1123 1124/1124/1124
f 1125/1125/1125 1126/1126/1126 1127/1127/1127
f 1125/1125/1125 1127/1127/1127 1128/1128/1128
f 1129/1129/1129 1130/1130/1130 1131/1131/1131
f 1129/1129/1129 1131/1131/1131 1132/1132/1132
f 1133/1133/1133 1134/1134/1134 1135/1135/1135
f 1133/1133/1133 1135/1135/1135 1136/1136/1136
f 1137/1137/1137 1138/1138/1138 1139/1139/1139
f 1137/1137/1137 1139/1139/1139 1140/1140/1140
f 1141/1141/1141 1142/1142/1142 1143/1143/1143
f 1141/1141/1141 1143/1143/1143 1144/1144/1144
f 1145/1145/1145 1146/1146/1146 1147/1147/1147
f 1145/1145/1145 1147/1147/1147 1148/1148/1148
f 1149/1149/1149 1150/1150/1150 1151/1151/1151
f 1149/1149/1149 1151/1151/1151 1152/1152/1152
f 1153/1153/1153 1154/1154/1154 1155/1155/1155
f 1153/1153/1153 1155/1155/1155 1156/1156/1156
f 1157/1157/1157 1158/1158/1158 1159/1159/1159
f 1157/1157/1157 1159/1159/1159 1160/1160/1160
f 1161/1161/1161 1162/1162/1162 1163/1163/1163
f 1161/1161/1161 1163/1163/1163 1164/1164/1164
v 0.5189161 1.493289 110.9242
v 0.5853921 7.180336 111.103
v 1.343084 7.192445 110.2669
v 1.276608 1.505398 110.0881
vt 0 0
vt 0 1
vt 1 1
vt 1 0
vn -0.7410601 0.02067216 -0.6711203
vn -0.7410601 0.02067216 -0.6711203
vn -0.7410601 0.02067216 -0.6711203
vn -0.7410601 0.02067216 -0.6711203
f 1165/1165/1165 1166/1166/1166 1167/1167/1167
f 1165/1165/1165 1167/1167/1167 1168/1168/1168
v 1.269179 6.86378 110.3673
v 1.139145 1.821569 110.2884
v 0.5785512 1.825333 110.8663
v 0.7085852 6.867544 110.9451
vt 0 0
vt 0 1
vt 1 1
vt 1 0
vn -0.7174834 0.02041161 -0.6962765
vn -0.7174834 0.02041161 -0.6962765
vn -0.7174834 0.02041161 -0.6962765
vn -0.7174834 0.02041161 -0.6962765
f 1169/1169/1169 1170/1170/1170 1171/1171/1171
f 1169/1169/1169 1171/1171/1171 1172/1172/1172
v 5.571222 1.4506 108.3954
v 5.625243 7.139911 108.402
v 6.479667 7.134874 107.6649
v 6.425646 1.445564 107.6582
vt 0 0
vt 0 1
vt 1 1
vt 1 0
vn -0.6531878 0.004920598 -0.75718
vn -0.6531878 0.004920598 -0.75718
vn -0.6531878 0.004920598 -0.75718
vn -0.6531878 0.004920598 -0.75718
f 1173/1173/1173 1174/1174/1174 1175/1175/1175
f 1173/1173/1173 1175/1175/1175 1176/1176/1176
v 6.380605 6.856399 107.8064
v 6.290929 1.813448 107.7278
v 5.760243 1.813449 108.3332
v 5.849919 6.8564 108.4118
vt 0 0
vt 0 1
vt 1 1
vt 1 0
vn -0.7519045 0.0164191 -0.6590674
vn -0.7519045 0.0164191 -0.6590674
vn -0.7519045 0.0164191 -0.6590674
vn -0.7519045 0.0164191 -0.6590674
f 1177/1177/1177 1178/1178/1178 1179/1179/1179
f 1177/1177/1177 1179/1179/1179 1180/1180/1180
